ISO-10303-21;
HEADER;
FILE_DESCRIPTION(('CAx-IF Rec.Pracs.---Model Styling and Organization---1.5---2016-08-15','CAx-IF Rec.Pracs.---Geometric and Assembly Validation Properties---4.4---2016-08-17','CAx-IF Rec.Pracs.---User Defined Attributes---1.5---2016-08-15','CAx-IF Rec.Pracs.---External References---2.1---2005-01-19'),'2;1');
FILE_NAME('LTST-B32JEGBK-AT.stp','2025-12-22T15:36:02',('Unspecified'),('Unspecified'),'CAD Exchanger 3.11.0 (cadexchanger.com)','Unspecified','');
FILE_SCHEMA(('AUTOMOTIVE_DESIGN { 1 0 10303 214 1 1 1 1 }'));
ENDSEC;
DATA;
#1=APPLICATION_CONTEXT('core data for automotive mechanical design processes');
#2=APPLICATION_PROTOCOL_DEFINITION('international standard','automotive_design',2000,#1);
#3=PRODUCT_CONTEXT('',#1,'mechanical');
#4=PRODUCT('PCBModel','PCBModel',$,(#3));
#5=PRODUCT_DEFINITION_FORMATION('',$,#4);
#6=PRODUCT_DEFINITION_CONTEXT('part definition',#1,'design');
#7=PRODUCT_DEFINITION('design',$,#5,#6);
#8=PRODUCT_DEFINITION_SHAPE('',$,#7);
#9=AXIS2_PLACEMENT_3D('',#10,#11,#12);
#10=CARTESIAN_POINT('',(0.0,0.0,0.0));
#11=DIRECTION('',(0.0,0.0,1.0));
#12=DIRECTION('',(1.0,0.0,0.0));
#13=AXIS2_PLACEMENT_3D('',#14,#15,#16);
#14=CARTESIAN_POINT('',(0.0,0.0,1.6000508));
#15=DIRECTION('',(0.0,0.0,1.0));
#16=DIRECTION('',(1.0,0.0,0.0));
#17=(GEOMETRIC_REPRESENTATION_CONTEXT(3)GLOBAL_UNIT_ASSIGNED_CONTEXT((#18,#19,#20))REPRESENTATION_CONTEXT('',''));
#18=(LENGTH_UNIT()NAMED_UNIT(*)SI_UNIT(.MILLI.,.METRE.));
#19=(NAMED_UNIT(*)PLANE_ANGLE_UNIT()SI_UNIT($,.RADIAN.));
#20=(NAMED_UNIT(*)SI_UNIT($,.STERADIAN.)SOLID_ANGLE_UNIT());
#21=SHAPE_REPRESENTATION('',(#9,#13),#17);
#22=SHAPE_DEFINITION_REPRESENTATION(#8,#21);
#23=PRODUCT_RELATED_PRODUCT_CATEGORY('assembly',$,(#4));
#24=(GEOMETRIC_REPRESENTATION_CONTEXT(3)GLOBAL_UNIT_ASSIGNED_CONTEXT((#18,#19,#20))REPRESENTATION_CONTEXT('',''));
#25=SHAPE_REPRESENTATION('',(#9),#24);
#26=(REPRESENTATION_RELATIONSHIP('',$,#25,#21)REPRESENTATION_RELATIONSHIP_WITH_TRANSFORMATION(#27)SHAPE_REPRESENTATION_RELATIONSHIP());
#27=ITEM_DEFINED_TRANSFORMATION('',$,#9,#13);
#28=PRODUCT('aUSq-LED1','aUSq-LED1',$,(#3));
#29=PRODUCT_DEFINITION_FORMATION('',$,#28);
#30=PRODUCT_DEFINITION('design',$,#29,#6);
#31=NEXT_ASSEMBLY_USAGE_OCCURRENCE('instance_1','','',#7,#30,$);
#32=PRODUCT_DEFINITION_SHAPE('',$,#31);
#33=CONTEXT_DEPENDENT_SHAPE_REPRESENTATION(#26,#32);
#34=PRODUCT_DEFINITION_SHAPE('',$,#30);
#35=SHAPE_DEFINITION_REPRESENTATION(#34,#25);
#36=PRODUCT_RELATED_PRODUCT_CATEGORY('assembly',$,(#28));
#37=(GEOMETRIC_REPRESENTATION_CONTEXT(3)GLOBAL_UNIT_ASSIGNED_CONTEXT((#18,#19,#20))REPRESENTATION_CONTEXT('',''));
#38=SHAPE_REPRESENTATION('',(#9),#37);
#39=(REPRESENTATION_RELATIONSHIP('',$,#38,#25)REPRESENTATION_RELATIONSHIP_WITH_TRANSFORMATION(#40)SHAPE_REPRESENTATION_RELATIONSHIP());
#40=ITEM_DEFINED_TRANSFORMATION('',$,#9,#9);
#41=PRODUCT('LED-SMD_4P-L1.0-W1.0-P0.85-TL','LED-SMD_4P-L1.0-W1.0-P0.85-TL',$,(#3));
#42=PRODUCT_DEFINITION_FORMATION('',$,#41);
#43=PRODUCT_DEFINITION('design',$,#42,#6);
#44=NEXT_ASSEMBLY_USAGE_OCCURRENCE('instance_2','','',#30,#43,$);
#45=PRODUCT_DEFINITION_SHAPE('',$,#44);
#46=CONTEXT_DEPENDENT_SHAPE_REPRESENTATION(#39,#45);
#47=PRODUCT_DEFINITION_SHAPE('',$,#43);
#48=SHAPE_DEFINITION_REPRESENTATION(#47,#38);
#49=PRODUCT_RELATED_PRODUCT_CATEGORY('assembly',$,(#41));
#50=MANIFOLD_SOLID_BREP('',#51);
#51=CLOSED_SHELL('',(#52,#86,#145,#1659,#1717,#1764,#1812,#1860,#1891,#1922,#1953,#1984,#2008,#2032,#2063,#2094,#2790,#2864,#2878,#2965,#2978,#2998,#3016,#3030,#3041,#3079,#3117,#3146,#3158,#3183,#3207,#3231,#3255,#3279,#3297,#3320,#3345,#3369,#3393,#3417,#3441,#3459,#3482,#3507,#3531,#3555,#3579,#3603,#3621,#3638,#3663,#3687,#3711,#3735,#3759,#3777,#3800,#3817,#3831,#3849,#3860,#3878,#3892,#3909,#3923,#3954,#3978,#4002,#4026,#4050,#4067,#4081,#4117,#4141,#4170,#4199,#4228,#4257,#4286,#4315,#4339,#4368,#4397,#4426,#4455,#4477,#4499,#4530,#4554,#4578,#4602,#4626,#4650,#4674,#4698,#4722,#4746,#4770,#4787,#4807,#4937,#4959,#4980,#5001,#5022,#5043,#5060,#5072,#5103,#5127,#5151,#5180,#5209,#5238,#5260,#5275,#5399,#5421,#5438,#5455,#5472,#5489,#5506,#5523,#5535,#5566,#5590,#5619,#5643,#5672,#5689,#5703,#5734,#5758,#5782,#5806,#5830,#5854,#5878,#5902,#5926,#5950,#5974,#5991,#6011,#6211,#6237,#6254,#6275,#6296,#6313,#6334,#6355,#6376,#6397,#6414,#6431,#6448,#6465,#6481,#6517,#6546,#6575,#6604,#6633,#6662,#6686,#6703,#6719,#6755,#6779,#6808,#6837,#6866,#6895,#6924,#6953,#6982,#7011,#7040,#7069,#7093,#7122,#7151,#7180,#7209,#7238,#7267,#7296,#7318,#7347,#7378,#7402,#7431,#7455,#7479,#7503,#7527,#7551,#7575,#7604,#7633,#7657,#7686,#7715,#7732,#7755,#7786,#7810,#7834,#7858,#7882,#7906,#7930,#7954,#7978,#8002,#8026,#8043,#8063,#8193,#8215,#8236,#8257,#8278,#8299,#8316,#8328,#8359,#8383,#8407,#8436,#8465,#8494,#8516,#8531,#8655,#8677,#8694,#8711,#8728,#8745,#8762,#8779,#8791,#8822,#8846,#8875,#8899,#8928,#8945,#8959,#9284,#9310,#9331,#9352,#9373,#9394,#9415,#9436,#9457,#9478,#9499,#9520,#9541,#9558,#9575,#9592,#9609,#9630,#9651,#9672,#9693,#9714,#9735,#9756,#9773,#9794,#9815,#9832,#9853,#9874,#9895,#9912,#9933,#9949,#9994,#10022));
#52=ADVANCED_FACE('',(#53),#81,.F.);
#53=FACE_BOUND('',#54,.T.);
#54=EDGE_LOOP('',(#55,#66,#74));
#55=ORIENTED_EDGE('',*,*,#56,.T.);
#56=EDGE_CURVE('',#57,#59,#61,.F.);
#57=VERTEX_POINT('',#58);
#58=CARTESIAN_POINT('',(-0.423325608,0.5000508,0.119999997));
#59=VERTEX_POINT('',#60);
#60=CARTESIAN_POINT('',(-0.423305294,0.498305294,0.019999997));
#61=(BOUNDED_CURVE()B_SPLINE_CURVE(3,(#62,#63,#64,#65),.UNSPECIFIED.,.F.,.U.)B_SPLINE_CURVE_WITH_KNOTS((4,4),(4.71238898,4.735664502),.PIECEWISE_BEZIER_KNOTS.)CURVE()GEOMETRIC_REPRESENTATION_ITEM()RATIONAL_B_SPLINE_CURVE((1.0,0.999954855,0.999954855,1.0))REPRESENTATION_ITEM(''));
#62=CARTESIAN_POINT('',(-0.423305294,0.498305294,0.019999997));
#63=CARTESIAN_POINT('',(-0.423305294,0.498887195,0.053337093));
#64=CARTESIAN_POINT('',(-0.423312065,0.499469057,0.086671931));
#65=CARTESIAN_POINT('',(-0.423325608,0.5000508,0.119999997));
#66=ORIENTED_EDGE('',*,*,#67,.T.);
#67=EDGE_CURVE('',#59,#68,#70,.T.);
#68=VERTEX_POINT('',#69);
#69=CARTESIAN_POINT('',(-0.423305294,0.498305294,0.119999997));
#70=LINE('',#71,#72);
#71=CARTESIAN_POINT('',(-0.423305294,0.498305294,-0.080000003));
#72=VECTOR('',#73,1.0);
#73=DIRECTION('',(0.0,0.0,1.0));
#74=ORIENTED_EDGE('',*,*,#75,.T.);
#75=EDGE_CURVE('',#68,#57,#76,.F.);
#76=CIRCLE('',#77,0.075);
#77=AXIS2_PLACEMENT_3D('',#78,#79,#80);
#78=CARTESIAN_POINT('',(-0.498305294,0.498305294,0.119999997));
#79=DIRECTION('',(0.0,0.0,-1.0));
#80=DIRECTION('',(1.0,0.0,0.0));
#81=CYLINDRICAL_SURFACE('',#82,0.075);
#82=AXIS2_PLACEMENT_3D('',#83,#84,#85);
#83=CARTESIAN_POINT('',(-0.498305294,0.498305294,-0.080000003));
#84=DIRECTION('',(0.0,0.0,1.0));
#85=DIRECTION('',(1.0,0.0,0.0));
#86=ADVANCED_FACE('',(#87),#140,.F.);
#87=FACE_BOUND('',#88,.T.);
#88=EDGE_LOOP('',(#89,#99,#107,#116,#125,#133));
#89=ORIENTED_EDGE('',*,*,#90,.T.);
#90=EDGE_CURVE('',#91,#93,#95,.T.);
#91=VERTEX_POINT('',#92);
#92=CARTESIAN_POINT('',(-0.423305294,-0.498203693,-2.682209024E-09));
#93=VERTEX_POINT('',#94);
#94=CARTESIAN_POINT('',(-0.423305294,-0.498203693,0.019999997));
#95=LINE('',#96,#97);
#96=CARTESIAN_POINT('',(-0.423305294,-0.498203693,-0.080000003));
#97=VECTOR('',#98,1.0);
#98=DIRECTION('',(0.0,0.0,1.0));
#99=ORIENTED_EDGE('',*,*,#100,.T.);
#100=EDGE_CURVE('',#93,#101,#103,.T.);
#101=VERTEX_POINT('',#102);
#102=CARTESIAN_POINT('',(-0.423305294,-0.498203693,0.119999997));
#103=LINE('',#104,#105);
#104=CARTESIAN_POINT('',(-0.423305294,-0.498203693,-0.080000003));
#105=VECTOR('',#106,1.0);
#106=DIRECTION('',(0.0,0.0,1.0));
#107=ORIENTED_EDGE('',*,*,#108,.T.);
#108=EDGE_CURVE('',#101,#109,#111,.F.);
#109=VERTEX_POINT('',#110);
#110=CARTESIAN_POINT('',(-0.5000508,-0.423224008,0.119999997));
#111=CIRCLE('',#112,0.075);
#112=AXIS2_PLACEMENT_3D('',#113,#114,#115);
#113=CARTESIAN_POINT('',(-0.498305294,-0.498203693,0.119999997));
#114=DIRECTION('',(0.0,0.0,-1.0));
#115=DIRECTION('',(-1.0,0.0,0.0));
#116=ORIENTED_EDGE('',*,*,#117,.T.);
#117=EDGE_CURVE('',#109,#118,#120,.F.);
#118=VERTEX_POINT('',#119);
#119=CARTESIAN_POINT('',(-0.498305294,-0.423203693,0.019999997));
#120=(BOUNDED_CURVE()B_SPLINE_CURVE(3,(#121,#122,#123,#124),.UNSPECIFIED.,.F.,.U.)B_SPLINE_CURVE_WITH_KNOTS((4,4),(4.71238898,4.735664502),.PIECEWISE_BEZIER_KNOTS.)CURVE()GEOMETRIC_REPRESENTATION_ITEM()RATIONAL_B_SPLINE_CURVE((1.0,0.999954855,0.999954855,1.0))REPRESENTATION_ITEM(''));
#121=CARTESIAN_POINT('',(-0.498305294,-0.423203693,0.019999997));
#122=CARTESIAN_POINT('',(-0.498887195,-0.423203693,0.053337093));
#123=CARTESIAN_POINT('',(-0.499469057,-0.423210465,0.086671931));
#124=CARTESIAN_POINT('',(-0.5000508,-0.423224008,0.119999997));
#125=ORIENTED_EDGE('',*,*,#126,.T.);
#126=EDGE_CURVE('',#118,#127,#129,.T.);
#127=VERTEX_POINT('',#128);
#128=CARTESIAN_POINT('',(-0.498305294,-0.423203693,-2.682209024E-09));
#129=LINE('',#130,#131);
#130=CARTESIAN_POINT('',(-0.498305294,-0.423203693,-0.080000003));
#131=VECTOR('',#132,1.0);
#132=DIRECTION('',(0.0,0.0,-1.0));
#133=ORIENTED_EDGE('',*,*,#134,.T.);
#134=EDGE_CURVE('',#127,#91,#135,.F.);
#135=CIRCLE('',#136,0.075);
#136=AXIS2_PLACEMENT_3D('',#137,#138,#139);
#137=CARTESIAN_POINT('',(-0.498305294,-0.498203693,-2.682209024E-09));
#138=DIRECTION('',(0.0,0.0,1.0));
#139=DIRECTION('',(-1.0,0.0,0.0));
#140=CYLINDRICAL_SURFACE('',#141,0.075);
#141=AXIS2_PLACEMENT_3D('',#142,#143,#144);
#142=CARTESIAN_POINT('',(-0.498305294,-0.498203693,-0.080000003));
#143=DIRECTION('',(0.0,0.0,1.0));
#144=DIRECTION('',(1.0,0.0,0.0));
#145=ADVANCED_FACE('',(#146,#440,#567,#756,#878,#944,#1006,#1104,#1230,#1280,#1330,#1428,#1526,#1588),#1654,.T.);
#146=FACE_BOUND('',#147,.T.);
#147=EDGE_LOOP('',(#148,#159,#168,#177,#186,#194,#203,#212,#221,#229,#238,#247,#256,#265,#274,#283,#292,#301,#310,#319,#327,#335,#343,#352,#361,#370,#379,#388,#397,#406,#415,#424,#433));
#148=ORIENTED_EDGE('',*,*,#149,.T.);
#149=EDGE_CURVE('',#150,#152,#154,.F.);
#150=VERTEX_POINT('',#151);
#151=CARTESIAN_POINT('',(-0.043249996,-0.498390014,0.209325687));
#152=VERTEX_POINT('',#153);
#153=CARTESIAN_POINT('',(-0.035441663,-0.498589378,0.197904128));
#154=B_SPLINE_CURVE_WITH_KNOTS('',3,(#155,#156,#157,#158),.UNSPECIFIED.,.F.,.U.,(4,4),(0.0,1.0),.PIECEWISE_BEZIER_KNOTS.);
#155=CARTESIAN_POINT('',(-0.035441663,-0.498589378,0.197904128));
#156=CARTESIAN_POINT('',(-0.037032247,-0.49851367,0.202241429));
#157=CARTESIAN_POINT('',(-0.039779624,-0.498445533,0.206145));
#158=CARTESIAN_POINT('',(-0.043249996,-0.498390014,0.209325687));
#159=ORIENTED_EDGE('',*,*,#160,.T.);
#160=EDGE_CURVE('',#152,#161,#163,.F.);
#161=VERTEX_POINT('',#162);
#162=CARTESIAN_POINT('',(-0.021126393,-0.498919969,0.178964586));
#163=B_SPLINE_CURVE_WITH_KNOTS('',3,(#164,#165,#166,#167),.UNSPECIFIED.,.F.,.U.,(4,4),(35.0,36.0),.PIECEWISE_BEZIER_KNOTS.);
#164=CARTESIAN_POINT('',(-0.021126393,-0.498919969,0.178964586));
#165=CARTESIAN_POINT('',(-0.02127099,-0.498768554,0.187639182));
#166=CARTESIAN_POINT('',(-0.02719954,-0.498634803,0.195301749));
#167=CARTESIAN_POINT('',(-0.035441663,-0.498589378,0.197904128));
#168=ORIENTED_EDGE('',*,*,#169,.T.);
#169=EDGE_CURVE('',#161,#170,#172,.F.);
#170=VERTEX_POINT('',#171);
#171=CARTESIAN_POINT('',(-0.026476547,-0.499159711,0.1652298));
#172=B_SPLINE_CURVE_WITH_KNOTS('',3,(#173,#174,#175,#176),.UNSPECIFIED.,.F.,.U.,(4,4),(34.0,35.0),.PIECEWISE_BEZIER_KNOTS.);
#173=CARTESIAN_POINT('',(-0.026476547,-0.499159711,0.1652298));
#174=CARTESIAN_POINT('',(-0.023006175,-0.499094097,0.168988792));
#175=CARTESIAN_POINT('',(-0.021126393,-0.499008295,0.173904402));
#176=CARTESIAN_POINT('',(-0.021126393,-0.498919969,0.178964586));
#177=ORIENTED_EDGE('',*,*,#178,.T.);
#178=EDGE_CURVE('',#170,#179,#181,.F.);
#179=VERTEX_POINT('',#180);
#180=CARTESIAN_POINT('',(-0.039635028,-0.499273273,0.158723849));
#181=B_SPLINE_CURVE_WITH_KNOTS('',3,(#182,#183,#184,#185),.UNSPECIFIED.,.F.,.U.,(4,4),(33.0,34.0),.PIECEWISE_BEZIER_KNOTS.);
#182=CARTESIAN_POINT('',(-0.039635028,-0.499273273,0.158723849));
#183=CARTESIAN_POINT('',(-0.034574073,-0.499265702,0.159157578));
#184=CARTESIAN_POINT('',(-0.029946913,-0.499225324,0.161470809));
#185=CARTESIAN_POINT('',(-0.026476547,-0.499159711,0.1652298));
#186=ORIENTED_EDGE('',*,*,#187,.T.);
#187=EDGE_CURVE('',#179,#188,#190,.F.);
#188=VERTEX_POINT('',#189);
#189=CARTESIAN_POINT('',(-0.048166349,-0.499273273,0.158723849));
#190=LINE('',#191,#192);
#191=CARTESIAN_POINT('',(-0.040068823,-0.499273273,0.158723849));
#192=VECTOR('',#193,1.0);
#193=DIRECTION('',(1.0,0.0,0.0));
#194=ORIENTED_EDGE('',*,*,#195,.T.);
#195=EDGE_CURVE('',#188,#196,#198,.F.);
#196=VERTEX_POINT('',#197);
#197=CARTESIAN_POINT('',(-0.052359714,-0.499195041,0.163205725));
#198=B_SPLINE_CURVE_WITH_KNOTS('',3,(#199,#200,#201,#202),.UNSPECIFIED.,.F.,.U.,(4,4),(28.0,29.0),.PIECEWISE_BEZIER_KNOTS.);
#199=CARTESIAN_POINT('',(-0.052359714,-0.499195041,0.163205725));
#200=CARTESIAN_POINT('',(-0.052359714,-0.499235419,0.1608925));
#201=CARTESIAN_POINT('',(-0.050479932,-0.499270749,0.158868424));
#202=CARTESIAN_POINT('',(-0.048166349,-0.499273273,0.158723849));
#203=ORIENTED_EDGE('',*,*,#204,.T.);
#204=EDGE_CURVE('',#196,#205,#207,.F.);
#205=VERTEX_POINT('',#206);
#206=CARTESIAN_POINT('',(-0.047877156,-0.49911681,0.1676876));
#207=B_SPLINE_CURVE_WITH_KNOTS('',3,(#208,#209,#210,#211),.UNSPECIFIED.,.F.,.U.,(4,4),(27.0,28.0),.PIECEWISE_BEZIER_KNOTS.);
#208=CARTESIAN_POINT('',(-0.047877156,-0.49911681,0.1676876));
#209=CARTESIAN_POINT('',(-0.050335335,-0.49911681,0.1676876));
#210=CARTESIAN_POINT('',(-0.052359714,-0.49915214,0.165663524));
#211=CARTESIAN_POINT('',(-0.052359714,-0.499195041,0.163205725));
#212=ORIENTED_EDGE('',*,*,#213,.T.);
#213=EDGE_CURVE('',#205,#214,#216,.F.);
#214=VERTEX_POINT('',#215);
#215=CARTESIAN_POINT('',(-0.047009566,-0.499119333,0.167543025));
#216=B_SPLINE_CURVE_WITH_KNOTS('',3,(#217,#218,#219,#220),.UNSPECIFIED.,.F.,.U.,(4,4),(26.0,27.0),.PIECEWISE_BEZIER_KNOTS.);
#217=CARTESIAN_POINT('',(-0.047009566,-0.499119333,0.167543025));
#218=CARTESIAN_POINT('',(-0.047298764,-0.499119333,0.167543025));
#219=CARTESIAN_POINT('',(-0.047587963,-0.49911681,0.1676876));
#220=CARTESIAN_POINT('',(-0.047877156,-0.49911681,0.1676876));
#221=ORIENTED_EDGE('',*,*,#222,.T.);
#222=EDGE_CURVE('',#214,#223,#225,.F.);
#223=VERTEX_POINT('',#224);
#224=CARTESIAN_POINT('',(-0.040502623,-0.499119333,0.167543025));
#225=LINE('',#226,#227);
#226=CARTESIAN_POINT('',(-0.040502623,-0.499119333,0.167543025));
#227=VECTOR('',#228,1.0);
#228=DIRECTION('',(-1.0,0.0,0.0));
#229=ORIENTED_EDGE('',*,*,#230,.T.);
#230=EDGE_CURVE('',#223,#231,#233,.F.);
#231=VERTEX_POINT('',#232);
#232=CARTESIAN_POINT('',(-0.030091515,-0.498922493,0.178820006));
#233=B_SPLINE_CURVE_WITH_KNOTS('',3,(#234,#235,#236,#237),.UNSPECIFIED.,.F.,.U.,(4,4),(24.0,25.0),.PIECEWISE_BEZIER_KNOTS.);
#234=CARTESIAN_POINT('',(-0.030091515,-0.498922493,0.178820006));
#235=CARTESIAN_POINT('',(-0.030091515,-0.49902596,0.172892361));
#236=CARTESIAN_POINT('',(-0.034574073,-0.499111762,0.167976754));
#237=CARTESIAN_POINT('',(-0.040502623,-0.499119333,0.167543025));
#238=ORIENTED_EDGE('',*,*,#239,.T.);
#239=EDGE_CURVE('',#231,#240,#242,.F.);
#240=VERTEX_POINT('',#241);
#241=CARTESIAN_POINT('',(-0.041370214,-0.498725652,0.190096987));
#242=B_SPLINE_CURVE_WITH_KNOTS('',3,(#243,#244,#245,#246),.UNSPECIFIED.,.F.,.U.,(4,4),(23.0,24.0),.PIECEWISE_BEZIER_KNOTS.);
#243=CARTESIAN_POINT('',(-0.041370214,-0.498725652,0.190096987));
#244=CARTESIAN_POINT('',(-0.03515247,-0.498725652,0.190096987));
#245=CARTESIAN_POINT('',(-0.030091515,-0.498813978,0.185036803));
#246=CARTESIAN_POINT('',(-0.030091515,-0.498922493,0.178820006));
#247=ORIENTED_EDGE('',*,*,#248,.T.);
#248=EDGE_CURVE('',#240,#249,#251,.F.);
#249=VERTEX_POINT('',#250);
#250=CARTESIAN_POINT('',(-0.042527002,-0.498725652,0.190096987));
#251=B_SPLINE_CURVE_WITH_KNOTS('',3,(#252,#253,#254,#255),.UNSPECIFIED.,.F.,.U.,(4,4),(22.0,23.0),.PIECEWISE_BEZIER_KNOTS.);
#252=CARTESIAN_POINT('',(-0.042527002,-0.498725652,0.190096987));
#253=CARTESIAN_POINT('',(-0.042093207,-0.498725652,0.190096987));
#254=CARTESIAN_POINT('',(-0.041804009,-0.498725652,0.190096987));
#255=CARTESIAN_POINT('',(-0.041370214,-0.498725652,0.190096987));
#256=ORIENTED_EDGE('',*,*,#257,.T.);
#257=EDGE_CURVE('',#249,#258,#260,.F.);
#258=VERTEX_POINT('',#259);
#259=CARTESIAN_POINT('',(-0.062770823,-0.498410203,0.208169074));
#260=B_SPLINE_CURVE_WITH_KNOTS('',3,(#261,#262,#263,#264),.UNSPECIFIED.,.F.,.U.,(4,4),(21.0,22.0),.PIECEWISE_BEZIER_KNOTS.);
#261=CARTESIAN_POINT('',(-0.062770823,-0.498410203,0.208169074));
#262=CARTESIAN_POINT('',(-0.052359714,-0.498410203,0.208169074));
#263=CARTESIAN_POINT('',(-0.043683791,-0.498549001,0.200217356));
#264=CARTESIAN_POINT('',(-0.042527002,-0.498725652,0.190096987));
#265=ORIENTED_EDGE('',*,*,#266,.T.);
#266=EDGE_CURVE('',#258,#267,#269,.F.);
#267=VERTEX_POINT('',#268);
#268=CARTESIAN_POINT('',(-0.082147047,-0.498652468,0.194289719));
#269=B_SPLINE_CURVE_WITH_KNOTS('',3,(#270,#271,#272,#273),.UNSPECIFIED.,.F.,.U.,(4,4),(20.0,21.0),.PIECEWISE_BEZIER_KNOTS.);
#270=CARTESIAN_POINT('',(-0.082147047,-0.498652468,0.194289719));
#271=CARTESIAN_POINT('',(-0.079399675,-0.498511147,0.202386006));
#272=CARTESIAN_POINT('',(-0.071880541,-0.498410203,0.208169074));
#273=CARTESIAN_POINT('',(-0.062770823,-0.498410203,0.208169074));
#274=ORIENTED_EDGE('',*,*,#275,.T.);
#275=EDGE_CURVE('',#267,#276,#278,.F.);
#276=VERTEX_POINT('',#277);
#277=CARTESIAN_POINT('',(-0.089810778,-0.498614614,0.19645837));
#278=B_SPLINE_CURVE_WITH_KNOTS('',3,(#279,#280,#281,#282),.UNSPECIFIED.,.F.,.U.,(4,4),(19.0,20.0),.PIECEWISE_BEZIER_KNOTS.);
#279=CARTESIAN_POINT('',(-0.089810778,-0.498614614,0.19645837));
#280=CARTESIAN_POINT('',(-0.087063403,-0.498614614,0.19645837));
#281=CARTESIAN_POINT('',(-0.084316028,-0.498629756,0.195590909));
#282=CARTESIAN_POINT('',(-0.082147047,-0.498652468,0.194289719));
#283=ORIENTED_EDGE('',*,*,#284,.T.);
#284=EDGE_CURVE('',#276,#285,#287,.F.);
#285=VERTEX_POINT('',#286);
#286=CARTESIAN_POINT('',(-0.10427065,-0.498866974,0.1820007));
#287=B_SPLINE_CURVE_WITH_KNOTS('',3,(#288,#289,#290,#291),.UNSPECIFIED.,.F.,.U.,(4,4),(18.0,19.0),.PIECEWISE_BEZIER_KNOTS.);
#288=CARTESIAN_POINT('',(-0.10427065,-0.498866974,0.1820007));
#289=CARTESIAN_POINT('',(-0.10427065,-0.498728176,0.189952418));
#290=CARTESIAN_POINT('',(-0.097763708,-0.498614614,0.19645837));
#291=CARTESIAN_POINT('',(-0.089810778,-0.498614614,0.19645837));
#292=ORIENTED_EDGE('',*,*,#293,.T.);
#293=EDGE_CURVE('',#285,#294,#296,.F.);
#294=VERTEX_POINT('',#295);
#295=CARTESIAN_POINT('',(-0.095594727,-0.499099144,0.168699643));
#296=B_SPLINE_CURVE_WITH_KNOTS('',3,(#297,#298,#299,#300),.UNSPECIFIED.,.F.,.U.,(4,4),(17.0,18.0),.PIECEWISE_BEZIER_KNOTS.);
#297=CARTESIAN_POINT('',(-0.095594727,-0.499099144,0.168699643));
#298=CARTESIAN_POINT('',(-0.100655682,-0.499058767,0.171012871));
#299=CARTESIAN_POINT('',(-0.10427065,-0.498970441,0.176073055));
#300=CARTESIAN_POINT('',(-0.10427065,-0.498866974,0.1820007));
#301=ORIENTED_EDGE('',*,*,#302,.T.);
#302=EDGE_CURVE('',#294,#303,#305,.F.);
#303=VERTEX_POINT('',#304);
#304=CARTESIAN_POINT('',(-0.082002448,-0.498932587,0.178241706));
#305=B_SPLINE_CURVE_WITH_KNOTS('',3,(#306,#307,#308,#309),.UNSPECIFIED.,.F.,.U.,(4,4),(16.0,17.0),.PIECEWISE_BEZIER_KNOTS.);
#306=CARTESIAN_POINT('',(-0.082002448,-0.498932587,0.178241706));
#307=CARTESIAN_POINT('',(-0.088220195,-0.498932587,0.178241706));
#308=CARTESIAN_POINT('',(-0.093570345,-0.499003248,0.174193559));
#309=CARTESIAN_POINT('',(-0.095594727,-0.499099144,0.168699643));
#310=ORIENTED_EDGE('',*,*,#311,.T.);
#311=EDGE_CURVE('',#303,#312,#314,.F.);
#312=VERTEX_POINT('',#313);
#313=CARTESIAN_POINT('',(-0.071157544,-0.499018389,0.173326099));
#314=B_SPLINE_CURVE_WITH_KNOTS('',3,(#315,#316,#317,#318),.UNSPECIFIED.,.F.,.U.,(4,4),(15.0,16.0),.PIECEWISE_BEZIER_KNOTS.);
#315=CARTESIAN_POINT('',(-0.071157544,-0.499018389,0.173326099));
#316=CARTESIAN_POINT('',(-0.07376032,-0.498965394,0.17636221));
#317=CARTESIAN_POINT('',(-0.077664487,-0.498932587,0.178241706));
#318=CARTESIAN_POINT('',(-0.082002448,-0.498932587,0.178241706));
#319=ORIENTED_EDGE('',*,*,#320,.T.);
#320=EDGE_CURVE('',#312,#321,#323,.F.);
#321=VERTEX_POINT('',#322);
#322=CARTESIAN_POINT('',(-0.051781317,-0.498841738,0.183446467));
#323=LINE('',#324,#325);
#324=CARTESIAN_POINT('',(-0.051781317,-0.498841738,0.183446467));
#325=VECTOR('',#326,1.0);
#326=DIRECTION('',(-0.886348843,-0.008080779,-0.462947545));
#327=ORIENTED_EDGE('',*,*,#328,.T.);
#328=EDGE_CURVE('',#321,#329,#331,.F.);
#329=VERTEX_POINT('',#330);
#330=CARTESIAN_POINT('',(-0.047298759,-0.498975488,0.175783901));
#331=LINE('',#332,#333);
#332=CARTESIAN_POINT('',(-0.047298759,-0.498975488,0.175783901));
#333=VECTOR('',#334,1.0);
#334=DIRECTION('',(-0.504883049,0.015064704,0.863056291));
#335=ORIENTED_EDGE('',*,*,#336,.T.);
#336=EDGE_CURVE('',#329,#337,#339,.F.);
#337=VERTEX_POINT('',#338);
#338=CARTESIAN_POINT('',(-0.067542579,-0.499162234,0.165085226));
#339=LINE('',#340,#341);
#340=CARTESIAN_POINT('',(-0.067542579,-0.499162234,0.165085226));
#341=VECTOR('',#342,1.0);
#342=DIRECTION('',(0.88409495,0.008155637,0.467236134));
#343=ORIENTED_EDGE('',*,*,#344,.T.);
#344=EDGE_CURVE('',#337,#345,#347,.F.);
#345=VERTEX_POINT('',#346);
#346=CARTESIAN_POINT('',(-0.067542579,-0.49918747,0.163639459));
#347=B_SPLINE_CURVE_WITH_KNOTS('',3,(#348,#349,#350,#351),.UNSPECIFIED.,.F.,.U.,(4,4),(11.0,12.0),.PIECEWISE_BEZIER_KNOTS.);
#348=CARTESIAN_POINT('',(-0.067542579,-0.49918747,0.163639459));
#349=CARTESIAN_POINT('',(-0.067542579,-0.499179899,0.164073188));
#350=CARTESIAN_POINT('',(-0.067542579,-0.499172329,0.164506917));
#351=CARTESIAN_POINT('',(-0.067542579,-0.499162234,0.165085226));
#352=ORIENTED_EDGE('',*,*,#353,.T.);
#353=EDGE_CURVE('',#345,#354,#356,.F.);
#354=VERTEX_POINT('',#355);
#355=CARTESIAN_POINT('',(-0.082002451,-0.49943983,0.14918179));
#356=B_SPLINE_CURVE_WITH_KNOTS('',3,(#357,#358,#359,#360),.UNSPECIFIED.,.F.,.U.,(4,4),(10.0,11.0),.PIECEWISE_BEZIER_KNOTS.);
#357=CARTESIAN_POINT('',(-0.082002451,-0.49943983,0.14918179));
#358=CARTESIAN_POINT('',(-0.074049521,-0.49943983,0.14918179));
#359=CARTESIAN_POINT('',(-0.067542579,-0.499326268,0.155687741));
#360=CARTESIAN_POINT('',(-0.067542579,-0.49918747,0.163639459));
#361=ORIENTED_EDGE('',*,*,#362,.T.);
#362=EDGE_CURVE('',#354,#363,#365,.F.);
#363=VERTEX_POINT('',#364);
#364=CARTESIAN_POINT('',(-0.09573933,-0.499268225,0.159013004));
#365=B_SPLINE_CURVE_WITH_KNOTS('',3,(#366,#367,#368,#369),.UNSPECIFIED.,.F.,.U.,(4,4),(9.0,10.0),.PIECEWISE_BEZIER_KNOTS.);
#366=CARTESIAN_POINT('',(-0.09573933,-0.499268225,0.159013004));
#367=CARTESIAN_POINT('',(-0.093859547,-0.499369169,0.153229936));
#368=CARTESIAN_POINT('',(-0.088364797,-0.49943983,0.14918179));
#369=CARTESIAN_POINT('',(-0.082002451,-0.49943983,0.14918179));
#370=ORIENTED_EDGE('',*,*,#371,.T.);
#371=EDGE_CURVE('',#363,#372,#374,.F.);
#372=VERTEX_POINT('',#373);
#373=CARTESIAN_POINT('',(-0.107307228,-0.499147093,0.165952684));
#374=B_SPLINE_CURVE_WITH_KNOTS('',3,(#375,#376,#377,#378),.UNSPECIFIED.,.F.,.U.,(4,4),(8.0,9.0),.PIECEWISE_BEZIER_KNOTS.);
#375=CARTESIAN_POINT('',(-0.107307228,-0.499147093,0.165952684));
#376=CARTESIAN_POINT('',(-0.104126056,-0.499207659,0.162482841));
#377=CARTESIAN_POINT('',(-0.10022189,-0.499248037,0.160169616));
#378=CARTESIAN_POINT('',(-0.09573933,-0.499268225,0.159013004));
#379=ORIENTED_EDGE('',*,*,#380,.T.);
#380=EDGE_CURVE('',#372,#381,#383,.F.);
#381=VERTEX_POINT('',#382);
#382=CARTESIAN_POINT('',(-0.113380374,-0.498872021,0.18171154));
#383=B_SPLINE_CURVE_WITH_KNOTS('',3,(#384,#385,#386,#387),.UNSPECIFIED.,.F.,.U.,(4,4),(7.0,8.0),.PIECEWISE_BEZIER_KNOTS.);
#384=CARTESIAN_POINT('',(-0.113380374,-0.498872021,0.18171154));
#385=CARTESIAN_POINT('',(-0.113380374,-0.498972965,0.175928472));
#386=CARTESIAN_POINT('',(-0.111211393,-0.499071385,0.170289979));
#387=CARTESIAN_POINT('',(-0.107307228,-0.499147093,0.165952684));
#388=ORIENTED_EDGE('',*,*,#389,.T.);
#389=EDGE_CURVE('',#381,#390,#392,.F.);
#390=VERTEX_POINT('',#391);
#391=CARTESIAN_POINT('',(-0.10658423,-0.498584331,0.198193281));
#392=B_SPLINE_CURVE_WITH_KNOTS('',3,(#393,#394,#395,#396),.UNSPECIFIED.,.F.,.U.,(4,4),(6.0,7.0),.PIECEWISE_BEZIER_KNOTS.);
#393=CARTESIAN_POINT('',(-0.10658423,-0.498584331,0.198193281));
#394=CARTESIAN_POINT('',(-0.110922195,-0.498660039,0.193855982));
#395=CARTESIAN_POINT('',(-0.113380374,-0.498763506,0.187928337));
#396=CARTESIAN_POINT('',(-0.113380374,-0.498872021,0.18171154));
#397=ORIENTED_EDGE('',*,*,#398,.T.);
#398=EDGE_CURVE('',#390,#399,#401,.F.);
#399=VERTEX_POINT('',#400);
#400=CARTESIAN_POINT('',(-0.089955378,-0.498463198,0.205132963));
#401=B_SPLINE_CURVE_WITH_KNOTS('',3,(#402,#403,#404,#405),.UNSPECIFIED.,.F.,.U.,(4,4),(5.0,6.0),.PIECEWISE_BEZIER_KNOTS.);
#402=CARTESIAN_POINT('',(-0.089955378,-0.498463198,0.205132963));
#403=CARTESIAN_POINT('',(-0.096173123,-0.498463198,0.205132963));
#404=CARTESIAN_POINT('',(-0.102101669,-0.4985061,0.20267516));
#405=CARTESIAN_POINT('',(-0.10658423,-0.498584331,0.198193281));
#406=ORIENTED_EDGE('',*,*,#407,.T.);
#407=EDGE_CURVE('',#399,#408,#410,.F.);
#408=VERTEX_POINT('',#409);
#409=CARTESIAN_POINT('',(-0.086629608,-0.498468246,0.20484381));
#410=B_SPLINE_CURVE_WITH_KNOTS('',3,(#411,#412,#413,#414),.UNSPECIFIED.,.F.,.U.,(4,4),(4.0,5.0),.PIECEWISE_BEZIER_KNOTS.);
#411=CARTESIAN_POINT('',(-0.086629608,-0.498468246,0.20484381));
#412=CARTESIAN_POINT('',(-0.087786397,-0.498465722,0.204988387));
#413=CARTESIAN_POINT('',(-0.088798589,-0.498463198,0.205132963));
#414=CARTESIAN_POINT('',(-0.089955378,-0.498463198,0.205132963));
#415=ORIENTED_EDGE('',*,*,#416,.T.);
#416=EDGE_CURVE('',#408,#417,#419,.F.);
#417=VERTEX_POINT('',#418);
#418=CARTESIAN_POINT('',(-0.080267265,-0.498357207,0.211205185));
#419=B_SPLINE_CURVE_WITH_KNOTS('',3,(#420,#421,#422,#423),.UNSPECIFIED.,.F.,.U.,(4,4),(3.0,4.0),.PIECEWISE_BEZIER_KNOTS.);
#420=CARTESIAN_POINT('',(-0.080267265,-0.498357207,0.211205185));
#421=CARTESIAN_POINT('',(-0.082725444,-0.498387491,0.209470264));
#422=CARTESIAN_POINT('',(-0.084749826,-0.498425345,0.207301613));
#423=CARTESIAN_POINT('',(-0.086629608,-0.498468246,0.20484381));
#424=ORIENTED_EDGE('',*,*,#425,.T.);
#425=EDGE_CURVE('',#417,#426,#428,.F.);
#426=VERTEX_POINT('',#427);
#427=CARTESIAN_POINT('',(-0.062915419,-0.498258787,0.216843676));
#428=B_SPLINE_CURVE_WITH_KNOTS('',3,(#429,#430,#431,#432),.UNSPECIFIED.,.F.,.U.,(4,4),(2.0,3.0),.PIECEWISE_BEZIER_KNOTS.);
#429=CARTESIAN_POINT('',(-0.062915419,-0.498258787,0.216843676));
#430=CARTESIAN_POINT('',(-0.069277762,-0.498258787,0.216843676));
#431=CARTESIAN_POINT('',(-0.07520631,-0.498294118,0.214819602));
#432=CARTESIAN_POINT('',(-0.080267265,-0.498357207,0.211205185));
#433=ORIENTED_EDGE('',*,*,#434,.T.);
#434=EDGE_CURVE('',#426,#150,#435,.F.);
#435=B_SPLINE_CURVE_WITH_KNOTS('',3,(#436,#437,#438,#439),.UNSPECIFIED.,.F.,.U.,(4,4),(1.0,2.0),.PIECEWISE_BEZIER_KNOTS.);
#436=CARTESIAN_POINT('',(-0.043249996,-0.498390014,0.209325687));
#437=CARTESIAN_POINT('',(-0.048744746,-0.498306736,0.214096719));
#438=CARTESIAN_POINT('',(-0.055685483,-0.498258787,0.216843676));
#439=CARTESIAN_POINT('',(-0.062915419,-0.498258787,0.216843676));
#440=FACE_BOUND('',#441,.T.);
#441=EDGE_LOOP('',(#442,#452,#460,#469,#478,#486,#495,#504,#512,#520,#528,#536,#544,#552,#561));
#442=ORIENTED_EDGE('',*,*,#443,.T.);
#443=EDGE_CURVE('',#444,#446,#448,.F.);
#444=VERTEX_POINT('',#445);
#445=CARTESIAN_POINT('',(0.0464675,-0.499018538,0.173317579));
#446=VERTEX_POINT('',#447);
#447=CARTESIAN_POINT('',(0.049108485,-0.499018538,0.173317579));
#448=LINE('',#449,#450);
#449=CARTESIAN_POINT('',(0.0464675,-0.499018538,0.173317579));
#450=VECTOR('',#451,1.0);
#451=DIRECTION('',(-1.0,0.0,0.0));
#452=ORIENTED_EDGE('',*,*,#453,.T.);
#453=EDGE_CURVE('',#446,#454,#456,.F.);
#454=VERTEX_POINT('',#455);
#455=CARTESIAN_POINT('',(0.04251642,-0.49931033,0.156600818));
#456=LINE('',#457,#458);
#457=CARTESIAN_POINT('',(0.049108485,-0.499018538,0.173317579));
#458=VECTOR('',#459,1.0);
#459=DIRECTION('',(0.366797679,0.016235987,0.930159048));
#460=ORIENTED_EDGE('',*,*,#461,.T.);
#461=EDGE_CURVE('',#454,#462,#464,.F.);
#462=VERTEX_POINT('',#463);
#463=CARTESIAN_POINT('',(0.037333227,-0.499391444,0.151953808));
#464=B_SPLINE_CURVE_WITH_KNOTS('',3,(#465,#466,#467,#468),.UNSPECIFIED.,.F.,.U.,(4,4),(1.0,2.0),.PIECEWISE_BEZIER_KNOTS.);
#465=CARTESIAN_POINT('',(0.037333227,-0.499391444,0.151953808));
#466=CARTESIAN_POINT('',(0.039563508,-0.499391444,0.151953808));
#467=CARTESIAN_POINT('',(0.041289506,-0.499364406,0.153502811));
#468=CARTESIAN_POINT('',(0.04251642,-0.49931033,0.156600818));
#469=ORIENTED_EDGE('',*,*,#470,.T.);
#470=EDGE_CURVE('',#462,#471,#473,.F.);
#471=VERTEX_POINT('',#472);
#472=CARTESIAN_POINT('',(0.035690409,-0.499387815,0.152161728));
#473=B_SPLINE_CURVE_WITH_KNOTS('',3,(#474,#475,#476,#477),.UNSPECIFIED.,.F.,.U.,(4,4),(2.0,3.0),.PIECEWISE_BEZIER_KNOTS.);
#474=CARTESIAN_POINT('',(0.035690409,-0.499387815,0.152161728));
#475=CARTESIAN_POINT('',(0.036142704,-0.499390174,0.15202658));
#476=CARTESIAN_POINT('',(0.036693776,-0.499391444,0.151953808));
#477=CARTESIAN_POINT('',(0.037333227,-0.499391444,0.151953808));
#478=ORIENTED_EDGE('',*,*,#479,.T.);
#479=EDGE_CURVE('',#471,#480,#482,.F.);
#480=VERTEX_POINT('',#481);
#481=CARTESIAN_POINT('',(0.035690409,-0.499348256,0.154428055));
#482=LINE('',#483,#484);
#483=CARTESIAN_POINT('',(0.035690409,-0.499387815,0.152161728));
#484=VECTOR('',#485,1.0);
#485=DIRECTION('',(0.0,-0.017452406,-0.999847695));
#486=ORIENTED_EDGE('',*,*,#487,.T.);
#487=EDGE_CURVE('',#480,#488,#490,.F.);
#488=VERTEX_POINT('',#489);
#489=CARTESIAN_POINT('',(0.037135673,-0.499353337,0.154136967));
#490=B_SPLINE_CURVE_WITH_KNOTS('',3,(#491,#492,#493,#494),.UNSPECIFIED.,.F.,.U.,(4,4),(4.0,5.0),.PIECEWISE_BEZIER_KNOTS.);
#491=CARTESIAN_POINT('',(0.037135673,-0.499353337,0.154136967));
#492=CARTESIAN_POINT('',(0.036667782,-0.499353337,0.154136967));
#493=CARTESIAN_POINT('',(0.036189493,-0.499351704,0.154230531));
#494=CARTESIAN_POINT('',(0.035690409,-0.499348256,0.154428055));
#495=ORIENTED_EDGE('',*,*,#496,.T.);
#496=EDGE_CURVE('',#488,#497,#499,.F.);
#497=VERTEX_POINT('',#498);
#498=CARTESIAN_POINT('',(0.039745465,-0.499317589,0.156184978));
#499=B_SPLINE_CURVE_WITH_KNOTS('',3,(#500,#501,#502,#503),.UNSPECIFIED.,.F.,.U.,(4,4),(5.0,6.0),.PIECEWISE_BEZIER_KNOTS.);
#500=CARTESIAN_POINT('',(0.039745465,-0.499317589,0.156184978));
#501=CARTESIAN_POINT('',(0.0391684,-0.499341542,0.154812707));
#502=CARTESIAN_POINT('',(0.038300202,-0.499353337,0.154136967));
#503=CARTESIAN_POINT('',(0.037135673,-0.499353337,0.154136967));
#504=ORIENTED_EDGE('',*,*,#505,.T.);
#505=EDGE_CURVE('',#497,#506,#508,.F.);
#506=VERTEX_POINT('',#507);
#507=CARTESIAN_POINT('',(0.040863205,-0.499271497,0.158825561));
#508=LINE('',#509,#510);
#509=CARTESIAN_POINT('',(0.039745465,-0.499317589,0.156184978));
#510=VECTOR('',#511,1.0);
#511=DIRECTION('',(-0.389758265,-0.016072221,-0.920776943));
#512=ORIENTED_EDGE('',*,*,#513,.T.);
#513=EDGE_CURVE('',#506,#514,#516,.F.);
#514=VERTEX_POINT('',#515);
#515=CARTESIAN_POINT('',(0.035165332,-0.499018538,0.173317579));
#516=LINE('',#517,#518);
#517=CARTESIAN_POINT('',(0.040863205,-0.499271497,0.158825561));
#518=VECTOR('',#519,1.0);
#519=DIRECTION('',(0.365858922,-0.016242437,-0.930528577));
#520=ORIENTED_EDGE('',*,*,#521,.T.);
#521=EDGE_CURVE('',#514,#522,#524,.F.);
#522=VERTEX_POINT('',#523);
#523=CARTESIAN_POINT('',(0.038014268,-0.499018538,0.173317579));
#524=LINE('',#525,#526);
#525=CARTESIAN_POINT('',(0.035165332,-0.499018538,0.173317579));
#526=VECTOR('',#527,1.0);
#527=DIRECTION('',(-1.0,0.0,0.0));
#528=ORIENTED_EDGE('',*,*,#529,.T.);
#529=EDGE_CURVE('',#522,#530,#532,.F.);
#530=VERTEX_POINT('',#531);
#531=CARTESIAN_POINT('',(0.041809385,-0.499209074,0.162401783));
#532=LINE('',#533,#534);
#533=CARTESIAN_POINT('',(0.038014268,-0.499018538,0.173317579));
#534=VECTOR('',#535,1.0);
#535=DIRECTION('',(-0.328346165,0.016484801,0.9444136));
#536=ORIENTED_EDGE('',*,*,#537,.T.);
#537=EDGE_CURVE('',#530,#538,#540,.F.);
#538=VERTEX_POINT('',#539);
#539=CARTESIAN_POINT('',(0.042121312,-0.499229942,0.161206244));
#540=LINE('',#541,#542);
#541=CARTESIAN_POINT('',(0.041809385,-0.499209074,0.162401783));
#542=VECTOR('',#543,1.0);
#543=DIRECTION('',(-0.252421897,0.01688725,0.9674699));
#544=ORIENTED_EDGE('',*,*,#545,.T.);
#545=EDGE_CURVE('',#538,#546,#548,.F.);
#546=VERTEX_POINT('',#547);
#547=CARTESIAN_POINT('',(0.042188896,-0.499229942,0.161206244));
#548=LINE('',#549,#550);
#549=CARTESIAN_POINT('',(0.042121312,-0.499229942,0.161206244));
#550=VECTOR('',#551,1.0);
#551=DIRECTION('',(-1.0,0.0,0.0));
#552=ORIENTED_EDGE('',*,*,#553,.T.);
#553=EDGE_CURVE('',#546,#554,#556,.F.);
#554=VERTEX_POINT('',#555);
#555=CARTESIAN_POINT('',(0.042500824,-0.499209437,0.162380991));
#556=B_SPLINE_CURVE_WITH_KNOTS('',3,(#557,#558,#559,#560),.UNSPECIFIED.,.F.,.U.,(4,4),(12.0,13.0),.PIECEWISE_BEZIER_KNOTS.);
#557=CARTESIAN_POINT('',(0.042500824,-0.499209437,0.162380991));
#558=CARTESIAN_POINT('',(0.04234486,-0.499218329,0.161871588));
#559=CARTESIAN_POINT('',(0.042240884,-0.499225224,0.16147654));
#560=CARTESIAN_POINT('',(0.042188896,-0.499229942,0.161206244));
#561=ORIENTED_EDGE('',*,*,#562,.T.);
#562=EDGE_CURVE('',#554,#444,#563,.F.);
#563=LINE('',#564,#565);
#564=CARTESIAN_POINT('',(0.042500824,-0.499209437,0.162380991));
#565=VECTOR('',#566,1.0);
#566=DIRECTION('',(-0.340917796,-0.016406887,-0.93994993));
#567=FACE_BOUND('',#568,.T.);
#568=EDGE_LOOP('',(#569,#579,#588,#597,#606,#615,#624,#633,#642,#651,#660,#668,#677,#686,#695,#704,#713,#722,#731,#740,#749));
#569=ORIENTED_EDGE('',*,*,#570,.T.);
#570=EDGE_CURVE('',#571,#573,#575,.F.);
#571=VERTEX_POINT('',#572);
#572=CARTESIAN_POINT('',(0.024029524,-0.49926315,0.159303777));
#573=VERTEX_POINT('',#574);
#574=CARTESIAN_POINT('',(0.024029524,-0.49921724,0.161933963));
#575=LINE('',#576,#577);
#576=CARTESIAN_POINT('',(0.024029524,-0.49926315,0.159303777));
#577=VECTOR('',#578,1.0);
#578=DIRECTION('',(0.0,-0.017452406,-0.999847695));
#579=ORIENTED_EDGE('',*,*,#580,.T.);
#580=EDGE_CURVE('',#573,#581,#583,.F.);
#581=VERTEX_POINT('',#582);
#582=CARTESIAN_POINT('',(0.028219749,-0.499241737,0.160530504));
#583=B_SPLINE_CURVE_WITH_KNOTS('',3,(#584,#585,#586,#587),.UNSPECIFIED.,.F.,.U.,(4,4),(0.0,1.0),.PIECEWISE_BEZIER_KNOTS.);
#584=CARTESIAN_POINT('',(0.028219749,-0.499241737,0.160530504));
#585=CARTESIAN_POINT('',(0.026722497,-0.499241737,0.160530504));
#586=CARTESIAN_POINT('',(0.025329222,-0.499233571,0.160998324));
#587=CARTESIAN_POINT('',(0.024029524,-0.49921724,0.161933963));
#588=ORIENTED_EDGE('',*,*,#589,.T.);
#589=EDGE_CURVE('',#581,#590,#592,.F.);
#590=VERTEX_POINT('',#591);
#591=CARTESIAN_POINT('',(0.031224649,-0.499207441,0.162495347));
#592=B_SPLINE_CURVE_WITH_KNOTS('',3,(#593,#594,#595,#596),.UNSPECIFIED.,.F.,.U.,(4,4),(1.0,2.0),.PIECEWISE_BEZIER_KNOTS.);
#593=CARTESIAN_POINT('',(0.031224649,-0.499207441,0.162495347));
#594=CARTESIAN_POINT('',(0.031224649,-0.499230305,0.161185452));
#595=CARTESIAN_POINT('',(0.030221283,-0.499241737,0.160530504));
#596=CARTESIAN_POINT('',(0.028219749,-0.499241737,0.160530504));
#597=ORIENTED_EDGE('',*,*,#598,.T.);
#598=EDGE_CURVE('',#590,#599,#601,.F.);
#599=VERTEX_POINT('',#600);
#600=CARTESIAN_POINT('',(0.030569602,-0.499183306,0.163878015));
#601=B_SPLINE_CURVE_WITH_KNOTS('',3,(#602,#603,#604,#605),.UNSPECIFIED.,.F.,.U.,(4,4),(2.0,3.0),.PIECEWISE_BEZIER_KNOTS.);
#602=CARTESIAN_POINT('',(0.030569602,-0.499183306,0.163878015));
#603=CARTESIAN_POINT('',(0.0310063,-0.499189657,0.163514155));
#604=CARTESIAN_POINT('',(0.031224649,-0.499197642,0.163056731));
#605=CARTESIAN_POINT('',(0.031224649,-0.499207441,0.162495347));
#606=ORIENTED_EDGE('',*,*,#607,.T.);
#607=EDGE_CURVE('',#599,#608,#610,.F.);
#608=VERTEX_POINT('',#609);
#609=CARTESIAN_POINT('',(0.027902623,-0.499160623,0.165177514));
#610=B_SPLINE_CURVE_WITH_KNOTS('',3,(#611,#612,#613,#614),.UNSPECIFIED.,.F.,.U.,(4,4),(3.0,4.0),.PIECEWISE_BEZIER_KNOTS.);
#611=CARTESIAN_POINT('',(0.027902623,-0.499160623,0.165177514));
#612=CARTESIAN_POINT('',(0.02924391,-0.499169334,0.164678506));
#613=CARTESIAN_POINT('',(0.030132903,-0.499176955,0.164241874));
#614=CARTESIAN_POINT('',(0.030569602,-0.499183306,0.163878015));
#615=ORIENTED_EDGE('',*,*,#616,.T.);
#616=EDGE_CURVE('',#608,#617,#619,.F.);
#617=VERTEX_POINT('',#618);
#618=CARTESIAN_POINT('',(0.024767752,-0.499127053,0.167100773));
#619=B_SPLINE_CURVE_WITH_KNOTS('',3,(#620,#621,#622,#623),.UNSPECIFIED.,.F.,.U.,(4,4),(4.0,5.0),.PIECEWISE_BEZIER_KNOTS.);
#620=CARTESIAN_POINT('',(0.024767752,-0.499127053,0.167100773));
#621=CARTESIAN_POINT('',(0.025246041,-0.499138122,0.166466618));
#622=CARTESIAN_POINT('',(0.026296197,-0.499149373,0.165822066));
#623=CARTESIAN_POINT('',(0.027902623,-0.499160623,0.165177514));
#624=ORIENTED_EDGE('',*,*,#625,.T.);
#625=EDGE_CURVE('',#617,#626,#628,.F.);
#626=VERTEX_POINT('',#627);
#627=CARTESIAN_POINT('',(0.024045121,-0.49908695,0.169398288));
#628=B_SPLINE_CURVE_WITH_KNOTS('',3,(#629,#630,#631,#632),.UNSPECIFIED.,.F.,.U.,(4,4),(5.0,6.0),.PIECEWISE_BEZIER_KNOTS.);
#629=CARTESIAN_POINT('',(0.024045121,-0.49908695,0.169398288));
#630=CARTESIAN_POINT('',(0.024045121,-0.499102555,0.168504233));
#631=CARTESIAN_POINT('',(0.024284265,-0.499115984,0.167734929));
#632=CARTESIAN_POINT('',(0.024767752,-0.499127053,0.167100773));
#633=ORIENTED_EDGE('',*,*,#634,.T.);
#634=EDGE_CURVE('',#626,#635,#637,.F.);
#635=VERTEX_POINT('',#636);
#636=CARTESIAN_POINT('',(0.025677541,-0.499032874,0.172496295));
#637=B_SPLINE_CURVE_WITH_KNOTS('',3,(#638,#639,#640,#641),.UNSPECIFIED.,.F.,.U.,(4,4),(6.0,7.0),.PIECEWISE_BEZIER_KNOTS.);
#638=CARTESIAN_POINT('',(0.025677541,-0.499032874,0.172496295));
#639=CARTESIAN_POINT('',(0.024590994,-0.499046483,0.171716595));
#640=CARTESIAN_POINT('',(0.024045121,-0.499064448,0.170687392));
#641=CARTESIAN_POINT('',(0.024045121,-0.49908695,0.169398288));
#642=ORIENTED_EDGE('',*,*,#643,.T.);
#643=EDGE_CURVE('',#635,#644,#646,.F.);
#644=VERTEX_POINT('',#645);
#645=CARTESIAN_POINT('',(0.029701404,-0.499012731,0.17365025));
#646=B_SPLINE_CURVE_WITH_KNOTS('',3,(#647,#648,#649,#650),.UNSPECIFIED.,.F.,.U.,(4,4),(7.0,8.0),.PIECEWISE_BEZIER_KNOTS.);
#647=CARTESIAN_POINT('',(0.029701404,-0.499012731,0.17365025));
#648=CARTESIAN_POINT('',(0.028110574,-0.499012731,0.17365025));
#649=CARTESIAN_POINT('',(0.026769286,-0.499019445,0.173265599));
#650=CARTESIAN_POINT('',(0.025677541,-0.499032874,0.172496295));
#651=ORIENTED_EDGE('',*,*,#652,.T.);
#652=EDGE_CURVE('',#644,#653,#655,.F.);
#653=VERTEX_POINT('',#654);
#654=CARTESIAN_POINT('',(0.033143002,-0.499023982,0.173005699));
#655=B_SPLINE_CURVE_WITH_KNOTS('',3,(#656,#657,#658,#659),.UNSPECIFIED.,.F.,.U.,(4,4),(8.0,9.0),.PIECEWISE_BEZIER_KNOTS.);
#656=CARTESIAN_POINT('',(0.033143002,-0.499023982,0.173005699));
#657=CARTESIAN_POINT('',(0.032082449,-0.499016361,0.173442331));
#658=CARTESIAN_POINT('',(0.030938716,-0.499012731,0.17365025));
#659=CARTESIAN_POINT('',(0.029701404,-0.499012731,0.17365025));
#660=ORIENTED_EDGE('',*,*,#661,.T.);
#661=EDGE_CURVE('',#653,#662,#664,.F.);
#662=VERTEX_POINT('',#663);
#663=CARTESIAN_POINT('',(0.033143002,-0.49906717,0.170531452));
#664=LINE('',#665,#666);
#665=CARTESIAN_POINT('',(0.033143002,-0.499023982,0.173005699));
#666=VECTOR('',#667,1.0);
#667=DIRECTION('',(0.0,0.017452406,0.999847695));
#668=ORIENTED_EDGE('',*,*,#669,.T.);
#669=EDGE_CURVE('',#662,#670,#672,.F.);
#670=VERTEX_POINT('',#671);
#671=CARTESIAN_POINT('',(0.029451862,-0.499048842,0.171581447));
#672=B_SPLINE_CURVE_WITH_KNOTS('',3,(#673,#674,#675,#676),.UNSPECIFIED.,.F.,.U.,(4,4),(10.0,11.0),.PIECEWISE_BEZIER_KNOTS.);
#673=CARTESIAN_POINT('',(0.029451862,-0.499048842,0.171581447));
#674=CARTESIAN_POINT('',(0.030829541,-0.499048842,0.171581447));
#675=CARTESIAN_POINT('',(0.032056455,-0.499055012,0.171227984));
#676=CARTESIAN_POINT('',(0.033143002,-0.49906717,0.170531452));
#677=ORIENTED_EDGE('',*,*,#678,.T.);
#678=EDGE_CURVE('',#670,#679,#681,.F.);
#679=VERTEX_POINT('',#680);
#680=CARTESIAN_POINT('',(0.027445129,-0.499058278,0.171040856));
#681=B_SPLINE_CURVE_WITH_KNOTS('',3,(#682,#683,#684,#685),.UNSPECIFIED.,.F.,.U.,(4,4),(11.0,12.0),.PIECEWISE_BEZIER_KNOTS.);
#682=CARTESIAN_POINT('',(0.027445129,-0.499058278,0.171040856));
#683=CARTESIAN_POINT('',(0.027959809,-0.499051927,0.171404715));
#684=CARTESIAN_POINT('',(0.028630453,-0.499048842,0.171581447));
#685=CARTESIAN_POINT('',(0.029451862,-0.499048842,0.171581447));
#686=ORIENTED_EDGE('',*,*,#687,.T.);
#687=EDGE_CURVE('',#679,#688,#690,.F.);
#688=VERTEX_POINT('',#689);
#689=CARTESIAN_POINT('',(0.026670509,-0.499082957,0.169627));
#690=B_SPLINE_CURVE_WITH_KNOTS('',3,(#691,#692,#693,#694),.UNSPECIFIED.,.F.,.U.,(4,4),(12.0,13.0),.PIECEWISE_BEZIER_KNOTS.);
#691=CARTESIAN_POINT('',(0.026670509,-0.499082957,0.169627));
#692=CARTESIAN_POINT('',(0.026670509,-0.499072795,0.170209176));
#693=CARTESIAN_POINT('',(0.026930449,-0.499064448,0.170687392));
#694=CARTESIAN_POINT('',(0.027445129,-0.499058278,0.171040856));
#695=ORIENTED_EDGE('',*,*,#696,.T.);
#696=EDGE_CURVE('',#688,#697,#699,.F.);
#697=VERTEX_POINT('',#698);
#698=CARTESIAN_POINT('',(0.02722678,-0.499106548,0.168275521));
#699=B_SPLINE_CURVE_WITH_KNOTS('',3,(#700,#701,#702,#703),.UNSPECIFIED.,.F.,.U.,(4,4),(13.0,14.0),.PIECEWISE_BEZIER_KNOTS.);
#700=CARTESIAN_POINT('',(0.02722678,-0.499106548,0.168275521));
#701=CARTESIAN_POINT('',(0.026857666,-0.499100922,0.168597797));
#702=CARTESIAN_POINT('',(0.026670509,-0.499093119,0.169044824));
#703=CARTESIAN_POINT('',(0.026670509,-0.499082957,0.169627));
#704=ORIENTED_EDGE('',*,*,#705,.T.);
#705=EDGE_CURVE('',#697,#706,#708,.F.);
#706=VERTEX_POINT('',#707);
#707=CARTESIAN_POINT('',(0.029701404,-0.499128323,0.167028001));
#708=B_SPLINE_CURVE_WITH_KNOTS('',3,(#709,#710,#711,#712),.UNSPECIFIED.,.F.,.U.,(4,4),(14.0,15.0),.PIECEWISE_BEZIER_KNOTS.);
#709=CARTESIAN_POINT('',(0.029701404,-0.499128323,0.167028001));
#710=CARTESIAN_POINT('',(0.028422502,-0.499119613,0.167527009));
#711=CARTESIAN_POINT('',(0.027601093,-0.499112354,0.167942849));
#712=CARTESIAN_POINT('',(0.02722678,-0.499106548,0.168275521));
#713=ORIENTED_EDGE('',*,*,#714,.T.);
#714=EDGE_CURVE('',#706,#715,#717,.F.);
#715=VERTEX_POINT('',#716);
#716=CARTESIAN_POINT('',(0.032987039,-0.499161168,0.165146326));
#717=B_SPLINE_CURVE_WITH_KNOTS('',3,(#718,#719,#720,#721),.UNSPECIFIED.,.F.,.U.,(4,4),(15.0,16.0),.PIECEWISE_BEZIER_KNOTS.);
#718=CARTESIAN_POINT('',(0.032987039,-0.499161168,0.165146326));
#719=CARTESIAN_POINT('',(0.032415172,-0.499149917,0.165790878));
#720=CARTESIAN_POINT('',(0.031323426,-0.499138848,0.166425034));
#721=CARTESIAN_POINT('',(0.029701404,-0.499128323,0.167028001));
#722=ORIENTED_EDGE('',*,*,#723,.T.);
#723=EDGE_CURVE('',#715,#724,#726,.F.);
#724=VERTEX_POINT('',#725);
#725=CARTESIAN_POINT('',(0.03383964,-0.499203086,0.162744851));
#726=B_SPLINE_CURVE_WITH_KNOTS('',3,(#727,#728,#729,#730),.UNSPECIFIED.,.F.,.U.,(4,4),(16.0,17.0),.PIECEWISE_BEZIER_KNOTS.);
#727=CARTESIAN_POINT('',(0.03383964,-0.499203086,0.162744851));
#728=CARTESIAN_POINT('',(0.03383964,-0.499186391,0.163701283));
#729=CARTESIAN_POINT('',(0.033553707,-0.499172418,0.164501774));
#730=CARTESIAN_POINT('',(0.032987039,-0.499161168,0.165146326));
#731=ORIENTED_EDGE('',*,*,#732,.T.);
#732=EDGE_CURVE('',#724,#733,#735,.F.);
#733=VERTEX_POINT('',#734);
#734=CARTESIAN_POINT('',(0.032202022,-0.499257887,0.15960526));
#735=B_SPLINE_CURVE_WITH_KNOTS('',3,(#736,#737,#738,#739),.UNSPECIFIED.,.F.,.U.,(4,4),(17.0,18.0),.PIECEWISE_BEZIER_KNOTS.);
#736=CARTESIAN_POINT('',(0.032202022,-0.499257887,0.15960526));
#737=CARTESIAN_POINT('',(0.033293767,-0.499244641,0.160364168));
#738=CARTESIAN_POINT('',(0.03383964,-0.499226313,0.161414164));
#739=CARTESIAN_POINT('',(0.03383964,-0.499203086,0.162744851));
#740=ORIENTED_EDGE('',*,*,#741,.T.);
#741=EDGE_CURVE('',#733,#742,#744,.F.);
#742=VERTEX_POINT('',#743);
#743=CARTESIAN_POINT('',(0.027970207,-0.49927803,0.158451305));
#744=B_SPLINE_CURVE_WITH_KNOTS('',3,(#745,#746,#747,#748),.UNSPECIFIED.,.F.,.U.,(4,4),(18.0,19.0),.PIECEWISE_BEZIER_KNOTS.);
#745=CARTESIAN_POINT('',(0.027970207,-0.49927803,0.158451305));
#746=CARTESIAN_POINT('',(0.029701404,-0.49927803,0.158451305));
#747=CARTESIAN_POINT('',(0.031115475,-0.499271316,0.158835957));
#748=CARTESIAN_POINT('',(0.032202022,-0.499257887,0.15960526));
#749=ORIENTED_EDGE('',*,*,#750,.T.);
#750=EDGE_CURVE('',#742,#571,#751,.F.);
#751=B_SPLINE_CURVE_WITH_KNOTS('',3,(#752,#753,#754,#755),.UNSPECIFIED.,.F.,.U.,(4,4),(19.0,20.0),.PIECEWISE_BEZIER_KNOTS.);
#752=CARTESIAN_POINT('',(0.024029524,-0.49926315,0.159303777));
#753=CARTESIAN_POINT('',(0.025152463,-0.499272949,0.158742393));
#754=CARTESIAN_POINT('',(0.026462558,-0.49927803,0.158451305));
#755=CARTESIAN_POINT('',(0.027970207,-0.49927803,0.158451305));
#756=FACE_BOUND('',#757,.T.);
#757=EDGE_LOOP('',(#758,#768,#777,#786,#794,#802,#810,#818,#827,#836,#845,#854,#862,#871));
#758=ORIENTED_EDGE('',*,*,#759,.T.);
#759=EDGE_CURVE('',#760,#762,#764,.F.);
#760=VERTEX_POINT('',#761);
#761=CARTESIAN_POINT('',(0.010325515,-0.49907951,0.169824524));
#762=VERTEX_POINT('',#763);
#763=CARTESIAN_POINT('',(0.010325515,-0.499036321,0.172298771));
#764=LINE('',#765,#766);
#765=CARTESIAN_POINT('',(0.010325515,-0.49907951,0.169824524));
#766=VECTOR('',#767,1.0);
#767=DIRECTION('',(0.0,-0.017452406,-0.999847695));
#768=ORIENTED_EDGE('',*,*,#769,.T.);
#769=EDGE_CURVE('',#762,#770,#772,.F.);
#770=VERTEX_POINT('',#771);
#771=CARTESIAN_POINT('',(0.015326751,-0.499012731,0.17365025));
#772=B_SPLINE_CURVE_WITH_KNOTS('',3,(#773,#774,#775,#776),.UNSPECIFIED.,.F.,.U.,(4,4),(0.0,1.0),.PIECEWISE_BEZIER_KNOTS.);
#773=CARTESIAN_POINT('',(0.015326751,-0.499012731,0.17365025));
#774=CARTESIAN_POINT('',(0.013434391,-0.499012731,0.17365025));
#775=CARTESIAN_POINT('',(0.01176558,-0.499020534,0.173203223));
#776=CARTESIAN_POINT('',(0.010325515,-0.499036321,0.172298771));
#777=ORIENTED_EDGE('',*,*,#778,.T.);
#778=EDGE_CURVE('',#770,#779,#781,.F.);
#779=VERTEX_POINT('',#780);
#780=CARTESIAN_POINT('',(0.020577528,-0.499108907,0.168140373));
#781=B_SPLINE_CURVE_WITH_KNOTS('',3,(#782,#783,#784,#785),.UNSPECIFIED.,.F.,.U.,(4,4),(1.0,2.0),.PIECEWISE_BEZIER_KNOTS.);
#782=CARTESIAN_POINT('',(0.020577528,-0.499108907,0.168140373));
#783=CARTESIAN_POINT('',(0.020577528,-0.499044669,0.171820555));
#784=CARTESIAN_POINT('',(0.018825536,-0.499012731,0.17365025));
#785=CARTESIAN_POINT('',(0.015326751,-0.499012731,0.17365025));
#786=ORIENTED_EDGE('',*,*,#787,.T.);
#787=EDGE_CURVE('',#779,#788,#790,.F.);
#788=VERTEX_POINT('',#789);
#789=CARTESIAN_POINT('',(0.020577528,-0.499272042,0.158794373));
#790=LINE('',#791,#792);
#791=CARTESIAN_POINT('',(0.020577528,-0.499108907,0.168140373));
#792=VECTOR('',#793,1.0);
#793=DIRECTION('',(0.0,0.017452406,0.999847695));
#794=ORIENTED_EDGE('',*,*,#795,.T.);
#795=EDGE_CURVE('',#788,#796,#798,.F.);
#796=VERTEX_POINT('',#797);
#797=CARTESIAN_POINT('',(0.018030121,-0.499272042,0.158794373));
#798=LINE('',#799,#800);
#799=CARTESIAN_POINT('',(0.020577528,-0.499272042,0.158794373));
#800=VECTOR('',#801,1.0);
#801=DIRECTION('',(1.0,0.0,0.0));
#802=ORIENTED_EDGE('',*,*,#803,.T.);
#803=EDGE_CURVE('',#796,#804,#806,.F.);
#804=VERTEX_POINT('',#805);
#805=CARTESIAN_POINT('',(0.018030121,-0.499232846,0.161039908));
#806=LINE('',#807,#808);
#807=CARTESIAN_POINT('',(0.018030121,-0.499272042,0.158794373));
#808=VECTOR('',#809,1.0);
#809=DIRECTION('',(0.0,-0.017452406,-0.999847695));
#810=ORIENTED_EDGE('',*,*,#811,.T.);
#811=EDGE_CURVE('',#804,#812,#814,.F.);
#812=VERTEX_POINT('',#813);
#813=CARTESIAN_POINT('',(0.017962537,-0.499232846,0.161039908));
#814=LINE('',#815,#816);
#815=CARTESIAN_POINT('',(0.018030121,-0.499232846,0.161039908));
#816=VECTOR('',#817,1.0);
#817=DIRECTION('',(1.0,0.0,0.0));
#818=ORIENTED_EDGE('',*,*,#819,.T.);
#819=EDGE_CURVE('',#812,#820,#822,.F.);
#820=VERTEX_POINT('',#821);
#821=CARTESIAN_POINT('',(0.013512373,-0.49927803,0.158451305));
#822=B_SPLINE_CURVE_WITH_KNOTS('',3,(#823,#824,#825,#826),.UNSPECIFIED.,.F.,.U.,(4,4),(6.0,7.0),.PIECEWISE_BEZIER_KNOTS.);
#823=CARTESIAN_POINT('',(0.013512373,-0.49927803,0.158451305));
#824=CARTESIAN_POINT('',(0.015472317,-0.49927803,0.158451305));
#825=CARTESIAN_POINT('',(0.016959171,-0.499262968,0.159314173));
#826=CARTESIAN_POINT('',(0.017962537,-0.499232846,0.161039908));
#827=ORIENTED_EDGE('',*,*,#828,.T.);
#828=EDGE_CURVE('',#820,#829,#831,.F.);
#829=VERTEX_POINT('',#830);
#830=CARTESIAN_POINT('',(0.010153955,-0.499258069,0.159594864));
#831=B_SPLINE_CURVE_WITH_KNOTS('',3,(#832,#833,#834,#835),.UNSPECIFIED.,.F.,.U.,(4,4),(7.0,8.0),.PIECEWISE_BEZIER_KNOTS.);
#832=CARTESIAN_POINT('',(0.010153955,-0.499258069,0.159594864));
#833=CARTESIAN_POINT('',(0.010985761,-0.499271316,0.158835957));
#834=CARTESIAN_POINT('',(0.012103501,-0.49927803,0.158451305));
#835=CARTESIAN_POINT('',(0.013512373,-0.49927803,0.158451305));
#836=ORIENTED_EDGE('',*,*,#837,.T.);
#837=EDGE_CURVE('',#829,#838,#840,.F.);
#838=VERTEX_POINT('',#839);
#839=CARTESIAN_POINT('',(0.008906245,-0.499204174,0.162682475));
#840=B_SPLINE_CURVE_WITH_KNOTS('',3,(#841,#842,#843,#844),.UNSPECIFIED.,.F.,.U.,(4,4),(8.0,9.0),.PIECEWISE_BEZIER_KNOTS.);
#841=CARTESIAN_POINT('',(0.008906245,-0.499204174,0.162682475));
#842=CARTESIAN_POINT('',(0.008906245,-0.499226857,0.161382976));
#843=CARTESIAN_POINT('',(0.009322149,-0.499244822,0.160353772));
#844=CARTESIAN_POINT('',(0.010153955,-0.499258069,0.159594864));
#845=ORIENTED_EDGE('',*,*,#846,.T.);
#846=EDGE_CURVE('',#838,#847,#849,.F.);
#847=VERTEX_POINT('',#848);
#848=CARTESIAN_POINT('',(0.013725523,-0.499121427,0.167423049));
#849=B_SPLINE_CURVE_WITH_KNOTS('',3,(#850,#851,#852,#853),.UNSPECIFIED.,.F.,.U.,(4,4),(9.0,10.0),.PIECEWISE_BEZIER_KNOTS.);
#850=CARTESIAN_POINT('',(0.013725523,-0.499121427,0.167423049));
#851=CARTESIAN_POINT('',(0.010512671,-0.49912923,0.166976021));
#852=CARTESIAN_POINT('',(0.008906245,-0.499156813,0.16539583));
#853=CARTESIAN_POINT('',(0.008906245,-0.499204174,0.162682475));
#854=ORIENTED_EDGE('',*,*,#855,.T.);
#855=EDGE_CURVE('',#847,#856,#858,.F.);
#856=VERTEX_POINT('',#857);
#857=CARTESIAN_POINT('',(0.018030121,-0.499110903,0.168026017));
#858=LINE('',#859,#860);
#859=CARTESIAN_POINT('',(0.013725523,-0.499121427,0.167423049));
#860=VECTOR('',#861,1.0);
#861=DIRECTION('',(-0.990328604,-0.002421376,-0.138720557));
#862=ORIENTED_EDGE('',*,*,#863,.T.);
#863=EDGE_CURVE('',#856,#864,#866,.F.);
#864=VERTEX_POINT('',#865);
#865=CARTESIAN_POINT('',(0.015087606,-0.499048842,0.171581447));
#866=B_SPLINE_CURVE_WITH_KNOTS('',3,(#867,#868,#869,#870),.UNSPECIFIED.,.F.,.U.,(4,4),(11.0,12.0),.PIECEWISE_BEZIER_KNOTS.);
#867=CARTESIAN_POINT('',(0.015087606,-0.499048842,0.171581447));
#868=CARTESIAN_POINT('',(0.01704755,-0.499048842,0.171581447));
#869=CARTESIAN_POINT('',(0.018030121,-0.499069529,0.170396304));
#870=CARTESIAN_POINT('',(0.018030121,-0.499110903,0.168026017));
#871=ORIENTED_EDGE('',*,*,#872,.T.);
#872=EDGE_CURVE('',#864,#760,#873,.F.);
#873=B_SPLINE_CURVE_WITH_KNOTS('',3,(#874,#875,#876,#877),.UNSPECIFIED.,.F.,.U.,(4,4),(12.0,13.0),.PIECEWISE_BEZIER_KNOTS.);
#874=CARTESIAN_POINT('',(0.010325515,-0.49907951,0.169824524));
#875=CARTESIAN_POINT('',(0.011760381,-0.499059186,0.170988876));
#876=CARTESIAN_POINT('',(0.013346012,-0.499048842,0.171581447));
#877=CARTESIAN_POINT('',(0.015087606,-0.499048842,0.171581447));
#878=FACE_BOUND('',#879,.T.);
#879=EDGE_LOOP('',(#880,#890,#898,#906,#914,#922,#930,#938));
#880=ORIENTED_EDGE('',*,*,#881,.T.);
#881=EDGE_CURVE('',#882,#884,#886,.F.);
#882=VERTEX_POINT('',#883);
#883=CARTESIAN_POINT('',(0.06940456,-0.498354021,0.211387714));
#884=VERTEX_POINT('',#885);
#885=CARTESIAN_POINT('',(0.077150756,-0.498708963,0.191053147));
#886=LINE('',#887,#888);
#887=CARTESIAN_POINT('',(0.06940456,-0.498354021,0.211387714));
#888=VECTOR('',#889,1.0);
#889=DIRECTION('',(-0.355935724,0.016309456,0.934368108));
#890=ORIENTED_EDGE('',*,*,#891,.T.);
#891=EDGE_CURVE('',#884,#892,#894,.F.);
#892=VERTEX_POINT('',#893);
#893=CARTESIAN_POINT('',(0.074249832,-0.498708963,0.191053147));
#894=LINE('',#895,#896);
#895=CARTESIAN_POINT('',(0.077150756,-0.498708963,0.191053147));
#896=VECTOR('',#897,1.0);
#897=DIRECTION('',(1.0,0.0,0.0));
#898=ORIENTED_EDGE('',*,*,#899,.T.);
#899=EDGE_CURVE('',#892,#900,#902,.F.);
#900=VERTEX_POINT('',#901);
#901=CARTESIAN_POINT('',(0.072175515,-0.49861188,0.196615005));
#902=LINE('',#903,#904);
#903=CARTESIAN_POINT('',(0.074249832,-0.498708963,0.191053147));
#904=VECTOR('',#905,1.0);
#905=DIRECTION('',(0.349395479,-0.016352475,-0.93683264));
#906=ORIENTED_EDGE('',*,*,#907,.T.);
#907=EDGE_CURVE('',#900,#908,#910,.F.);
#908=VERTEX_POINT('',#909);
#909=CARTESIAN_POINT('',(0.063706686,-0.49861188,0.196615005));
#910=LINE('',#911,#912);
#911=CARTESIAN_POINT('',(0.072175515,-0.49861188,0.196615005));
#912=VECTOR('',#913,1.0);
#913=DIRECTION('',(1.0,0.0,0.0));
#914=ORIENTED_EDGE('',*,*,#915,.T.);
#915=EDGE_CURVE('',#908,#916,#918,.F.);
#916=VERTEX_POINT('',#917);
#917=CARTESIAN_POINT('',(0.061751942,-0.498708963,0.191053147));
#918=LINE('',#919,#920);
#919=CARTESIAN_POINT('',(0.063706686,-0.49861188,0.196615005));
#920=VECTOR('',#921,1.0);
#921=DIRECTION('',(0.331528418,0.01646539,0.943301542));
#922=ORIENTED_EDGE('',*,*,#923,.T.);
#923=EDGE_CURVE('',#916,#924,#926,.F.);
#924=VERTEX_POINT('',#925);
#925=CARTESIAN_POINT('',(0.058851017,-0.498708963,0.191053147));
#926=LINE('',#927,#928);
#927=CARTESIAN_POINT('',(0.061751942,-0.498708963,0.191053147));
#928=VECTOR('',#929,1.0);
#929=DIRECTION('',(1.0,0.0,0.0));
#930=ORIENTED_EDGE('',*,*,#931,.T.);
#931=EDGE_CURVE('',#924,#932,#934,.F.);
#932=VERTEX_POINT('',#933);
#933=CARTESIAN_POINT('',(0.066597213,-0.498354021,0.211387714));
#934=LINE('',#935,#936);
#935=CARTESIAN_POINT('',(0.058851017,-0.498708963,0.191053147));
#936=VECTOR('',#937,1.0);
#937=DIRECTION('',(-0.355935724,-0.016309456,-0.934368108));
#938=ORIENTED_EDGE('',*,*,#939,.T.);
#939=EDGE_CURVE('',#932,#882,#940,.F.);
#940=LINE('',#941,#942);
#941=CARTESIAN_POINT('',(0.066597213,-0.498354021,0.211387714));
#942=VECTOR('',#943,1.0);
#943=DIRECTION('',(-1.0,0.0,0.0));
#944=FACE_BOUND('',#945,.T.);
#945=EDGE_LOOP('',(#946,#956,#964,#972,#981,#990,#999));
#946=ORIENTED_EDGE('',*,*,#947,.T.);
#947=EDGE_CURVE('',#948,#950,#952,.F.);
#948=VERTEX_POINT('',#949);
#949=CARTESIAN_POINT('',(0.046758632,-0.498708963,0.191053147));
#950=VERTEX_POINT('',#951);
#951=CARTESIAN_POINT('',(0.041164735,-0.498708963,0.191053147));
#952=LINE('',#953,#954);
#953=CARTESIAN_POINT('',(0.046758632,-0.498708963,0.191053147));
#954=VECTOR('',#955,1.0);
#955=DIRECTION('',(1.0,0.0,0.0));
#956=ORIENTED_EDGE('',*,*,#957,.T.);
#957=EDGE_CURVE('',#950,#958,#960,.F.);
#958=VERTEX_POINT('',#959);
#959=CARTESIAN_POINT('',(0.041164735,-0.498354021,0.211387714));
#960=LINE('',#961,#962);
#961=CARTESIAN_POINT('',(0.041164735,-0.498708963,0.191053147));
#962=VECTOR('',#963,1.0);
#963=DIRECTION('',(0.0,-0.017452406,-0.999847695));
#964=ORIENTED_EDGE('',*,*,#965,.T.);
#965=EDGE_CURVE('',#958,#966,#968,.F.);
#966=VERTEX_POINT('',#967);
#967=CARTESIAN_POINT('',(0.046966584,-0.498354021,0.211387714));
#968=LINE('',#969,#970);
#969=CARTESIAN_POINT('',(0.041164735,-0.498354021,0.211387714));
#970=VECTOR('',#971,1.0);
#971=DIRECTION('',(-1.0,0.0,0.0));
#972=ORIENTED_EDGE('',*,*,#973,.T.);
#973=EDGE_CURVE('',#966,#974,#976,.F.);
#974=VERTEX_POINT('',#975);
#975=CARTESIAN_POINT('',(0.054655594,-0.49840102,0.208695152));
#976=B_SPLINE_CURVE_WITH_KNOTS('',3,(#977,#978,#979,#980),.UNSPECIFIED.,.F.,.U.,(4,4),(2.0,3.0),.PIECEWISE_BEZIER_KNOTS.);
#977=CARTESIAN_POINT('',(0.054655594,-0.49840102,0.208695152));
#978=CARTESIAN_POINT('',(0.052612469,-0.498369627,0.210493659));
#979=CARTESIAN_POINT('',(0.050049466,-0.498354021,0.211387714));
#980=CARTESIAN_POINT('',(0.046966584,-0.498354021,0.211387714));
#981=ORIENTED_EDGE('',*,*,#982,.T.);
#982=EDGE_CURVE('',#974,#983,#985,.F.);
#983=VERTEX_POINT('',#984);
#984=CARTESIAN_POINT('',(0.05772288,-0.498526955,0.201480331));
#985=B_SPLINE_CURVE_WITH_KNOTS('',3,(#986,#987,#988,#989),.UNSPECIFIED.,.F.,.U.,(4,4),(3.0,4.0),.PIECEWISE_BEZIER_KNOTS.);
#986=CARTESIAN_POINT('',(0.05772288,-0.498526955,0.201480331));
#987=CARTESIAN_POINT('',(0.05772288,-0.498474331,0.204495169));
#988=CARTESIAN_POINT('',(0.056698718,-0.498432413,0.206896644));
#989=CARTESIAN_POINT('',(0.054655594,-0.49840102,0.208695152));
#990=ORIENTED_EDGE('',*,*,#991,.T.);
#991=EDGE_CURVE('',#983,#992,#994,.F.);
#992=VERTEX_POINT('',#993);
#993=CARTESIAN_POINT('',(0.054655594,-0.498659242,0.19390165));
#994=B_SPLINE_CURVE_WITH_KNOTS('',3,(#995,#996,#997,#998),.UNSPECIFIED.,.F.,.U.,(4,4),(4.0,5.0),.PIECEWISE_BEZIER_KNOTS.);
#995=CARTESIAN_POINT('',(0.054655594,-0.498659242,0.19390165));
#996=CARTESIAN_POINT('',(0.056698718,-0.498626034,0.195804117));
#997=CARTESIAN_POINT('',(0.05772288,-0.498581939,0.198330344));
#998=CARTESIAN_POINT('',(0.05772288,-0.498526955,0.201480331));
#999=ORIENTED_EDGE('',*,*,#1000,.T.);
#1000=EDGE_CURVE('',#992,#948,#1001,.F.);
#1001=B_SPLINE_CURVE_WITH_KNOTS('',3,(#1002,#1003,#1004,#1005),.UNSPECIFIED.,.F.,.U.,(4,4),(5.0,6.0),.PIECEWISE_BEZIER_KNOTS.);
#1002=CARTESIAN_POINT('',(0.046758632,-0.498708963,0.191053147));
#1003=CARTESIAN_POINT('',(0.049976683,-0.498708963,0.191053147));
#1004=CARTESIAN_POINT('',(0.052612469,-0.498692449,0.191999183));
#1005=CARTESIAN_POINT('',(0.054655594,-0.498659242,0.19390165));
#1006=FACE_BOUND('',#1007,.T.);
#1007=EDGE_LOOP('',(#1008,#1018,#1026,#1034,#1042,#1050,#1058,#1066,#1074,#1082,#1090,#1098));
#1008=ORIENTED_EDGE('',*,*,#1009,.T.);
#1009=EDGE_CURVE('',#1010,#1012,#1014,.F.);
#1010=VERTEX_POINT('',#1011);
#1011=CARTESIAN_POINT('',(0.037322829,-0.498668496,0.193371454));
#1012=VERTEX_POINT('',#1013);
#1013=CARTESIAN_POINT('',(0.037322829,-0.498708963,0.191053147));
#1014=LINE('',#1015,#1016);
#1015=CARTESIAN_POINT('',(0.037322829,-0.498668496,0.193371454));
#1016=VECTOR('',#1017,1.0);
#1017=DIRECTION('',(0.0,0.017452406,0.999847695));
#1018=ORIENTED_EDGE('',*,*,#1019,.T.);
#1019=EDGE_CURVE('',#1012,#1020,#1022,.F.);
#1020=VERTEX_POINT('',#1021);
#1021=CARTESIAN_POINT('',(0.026384576,-0.498708963,0.191053147));
#1022=LINE('',#1023,#1024);
#1023=CARTESIAN_POINT('',(0.037322829,-0.498708963,0.191053147));
#1024=VECTOR('',#1025,1.0);
#1025=DIRECTION('',(1.0,0.0,0.0));
#1026=ORIENTED_EDGE('',*,*,#1027,.T.);
#1027=EDGE_CURVE('',#1020,#1028,#1030,.F.);
#1028=VERTEX_POINT('',#1029);
#1029=CARTESIAN_POINT('',(0.026384576,-0.498354021,0.211387714));
#1030=LINE('',#1031,#1032);
#1031=CARTESIAN_POINT('',(0.026384576,-0.498708963,0.191053147));
#1032=VECTOR('',#1033,1.0);
#1033=DIRECTION('',(0.0,-0.017452406,-0.999847695));
#1034=ORIENTED_EDGE('',*,*,#1035,.T.);
#1035=EDGE_CURVE('',#1028,#1036,#1038,.F.);
#1036=VERTEX_POINT('',#1037);
#1037=CARTESIAN_POINT('',(0.036860137,-0.498354021,0.211387714));
#1038=LINE('',#1039,#1040);
#1039=CARTESIAN_POINT('',(0.026384576,-0.498354021,0.211387714));
#1040=VECTOR('',#1041,1.0);
#1041=DIRECTION('',(-1.0,0.0,0.0));
#1042=ORIENTED_EDGE('',*,*,#1043,.T.);
#1043=EDGE_CURVE('',#1036,#1044,#1046,.F.);
#1044=VERTEX_POINT('',#1045);
#1045=CARTESIAN_POINT('',(0.036860137,-0.49839485,0.209048615));
#1046=LINE('',#1047,#1048);
#1047=CARTESIAN_POINT('',(0.036860137,-0.498354021,0.211387714));
#1048=VECTOR('',#1049,1.0);
#1049=DIRECTION('',(0.0,0.017452406,0.999847695));
#1050=ORIENTED_EDGE('',*,*,#1051,.T.);
#1051=EDGE_CURVE('',#1044,#1052,#1054,.F.);
#1052=VERTEX_POINT('',#1053);
#1053=CARTESIAN_POINT('',(0.029009965,-0.49839485,0.209048615));
#1054=LINE('',#1055,#1056);
#1055=CARTESIAN_POINT('',(0.036860137,-0.49839485,0.209048615));
#1056=VECTOR('',#1057,1.0);
#1057=DIRECTION('',(1.0,0.0,0.0));
#1058=ORIENTED_EDGE('',*,*,#1059,.T.);
#1059=EDGE_CURVE('',#1052,#1060,#1062,.F.);
#1060=VERTEX_POINT('',#1061);
#1061=CARTESIAN_POINT('',(0.029009965,-0.498508446,0.202540722));
#1062=LINE('',#1063,#1064);
#1063=CARTESIAN_POINT('',(0.029009965,-0.49839485,0.209048615));
#1064=VECTOR('',#1065,1.0);
#1065=DIRECTION('',(0.0,0.017452406,0.999847695));
#1066=ORIENTED_EDGE('',*,*,#1067,.T.);
#1067=EDGE_CURVE('',#1060,#1068,#1070,.F.);
#1068=VERTEX_POINT('',#1069);
#1069=CARTESIAN_POINT('',(0.036283071,-0.498508446,0.202540722));
#1070=LINE('',#1071,#1072);
#1071=CARTESIAN_POINT('',(0.029009965,-0.498508446,0.202540722));
#1072=VECTOR('',#1073,1.0);
#1073=DIRECTION('',(-1.0,0.0,0.0));
#1074=ORIENTED_EDGE('',*,*,#1075,.T.);
#1075=EDGE_CURVE('',#1068,#1076,#1078,.F.);
#1076=VERTEX_POINT('',#1077);
#1077=CARTESIAN_POINT('',(0.036283071,-0.498549094,0.200212019));
#1078=LINE('',#1079,#1080);
#1079=CARTESIAN_POINT('',(0.036283071,-0.498508446,0.202540722));
#1080=VECTOR('',#1081,1.0);
#1081=DIRECTION('',(0.0,0.017452406,0.999847695));
#1082=ORIENTED_EDGE('',*,*,#1083,.T.);
#1083=EDGE_CURVE('',#1076,#1084,#1086,.F.);
#1084=VERTEX_POINT('',#1085);
#1085=CARTESIAN_POINT('',(0.029009965,-0.498549094,0.200212019));
#1086=LINE('',#1087,#1088);
#1087=CARTESIAN_POINT('',(0.036283071,-0.498549094,0.200212019));
#1088=VECTOR('',#1089,1.0);
#1089=DIRECTION('',(1.0,0.0,0.0));
#1090=ORIENTED_EDGE('',*,*,#1091,.T.);
#1091=EDGE_CURVE('',#1084,#1092,#1094,.F.);
#1092=VERTEX_POINT('',#1093);
#1093=CARTESIAN_POINT('',(0.029009965,-0.498668496,0.193371454));
#1094=LINE('',#1095,#1096);
#1095=CARTESIAN_POINT('',(0.029009965,-0.498549094,0.200212019));
#1096=VECTOR('',#1097,1.0);
#1097=DIRECTION('',(0.0,0.017452406,0.999847695));
#1098=ORIENTED_EDGE('',*,*,#1099,.T.);
#1099=EDGE_CURVE('',#1092,#1010,#1100,.F.);
#1100=LINE('',#1101,#1102);
#1101=CARTESIAN_POINT('',(0.029009965,-0.498668496,0.193371454));
#1102=VECTOR('',#1103,1.0);
#1103=DIRECTION('',(-1.0,0.0,0.0));
#1104=FACE_BOUND('',#1105,.T.);
#1105=EDGE_LOOP('',(#1106,#1116,#1125,#1134,#1143,#1152,#1161,#1170,#1178,#1187,#1196,#1205,#1214,#1223));
#1106=ORIENTED_EDGE('',*,*,#1107,.T.);
#1107=EDGE_CURVE('',#1108,#1110,#1112,.F.);
#1108=VERTEX_POINT('',#1109);
#1109=CARTESIAN_POINT('',(0.022313924,-0.49865035,0.194411054));
#1110=VERTEX_POINT('',#1111);
#1111=CARTESIAN_POINT('',(0.022313924,-0.498694264,0.191895223));
#1112=LINE('',#1113,#1114);
#1113=CARTESIAN_POINT('',(0.022313924,-0.49865035,0.194411054));
#1114=VECTOR('',#1115,1.0);
#1115=DIRECTION('',(0.0,0.017452406,0.999847695));
#1116=ORIENTED_EDGE('',*,*,#1117,.T.);
#1117=EDGE_CURVE('',#1110,#1118,#1120,.F.);
#1118=VERTEX_POINT('',#1119);
#1119=CARTESIAN_POINT('',(0.016683635,-0.498714951,0.190710079));
#1120=B_SPLINE_CURVE_WITH_KNOTS('',3,(#1121,#1122,#1123,#1124),.UNSPECIFIED.,.F.,.U.,(4,4),(0.0,1.0),.PIECEWISE_BEZIER_KNOTS.);
#1121=CARTESIAN_POINT('',(0.016683635,-0.498714951,0.190710079));
#1122=CARTESIAN_POINT('',(0.018939909,-0.498714951,0.190710079));
#1123=CARTESIAN_POINT('',(0.020816672,-0.498708055,0.191105127));
#1124=CARTESIAN_POINT('',(0.022313924,-0.498694264,0.191895223));
#1125=ORIENTED_EDGE('',*,*,#1126,.T.);
#1126=EDGE_CURVE('',#1118,#1127,#1129,.F.);
#1127=VERTEX_POINT('',#1128);
#1128=CARTESIAN_POINT('',(0.009696461,-0.4986665,0.19348581));
#1129=B_SPLINE_CURVE_WITH_KNOTS('',3,(#1130,#1131,#1132,#1133),.UNSPECIFIED.,.F.,.U.,(4,4),(1.0,2.0),.PIECEWISE_BEZIER_KNOTS.);
#1130=CARTESIAN_POINT('',(0.009696461,-0.4986665,0.19348581));
#1131=CARTESIAN_POINT('',(0.011438056,-0.498698801,0.191635323));
#1132=CARTESIAN_POINT('',(0.013767114,-0.498714951,0.190710079));
#1133=CARTESIAN_POINT('',(0.016683635,-0.498714951,0.190710079));
#1134=ORIENTED_EDGE('',*,*,#1135,.T.);
#1135=EDGE_CURVE('',#1127,#1136,#1138,.F.);
#1136=VERTEX_POINT('',#1137);
#1137=CARTESIAN_POINT('',(0.007086669,-0.498538206,0.200835779));
#1138=B_SPLINE_CURVE_WITH_KNOTS('',3,(#1139,#1140,#1141,#1142),.UNSPECIFIED.,.F.,.U.,(4,4),(2.0,3.0),.PIECEWISE_BEZIER_KNOTS.);
#1139=CARTESIAN_POINT('',(0.007086669,-0.498538206,0.200835779));
#1140=CARTESIAN_POINT('',(0.007086669,-0.498591375,0.197789752));
#1141=CARTESIAN_POINT('',(0.007954867,-0.4986342,0.195336297));
#1142=CARTESIAN_POINT('',(0.009696461,-0.4986665,0.19348581));
#1143=ORIENTED_EDGE('',*,*,#1144,.T.);
#1144=EDGE_CURVE('',#1136,#1145,#1147,.F.);
#1145=VERTEX_POINT('',#1146);
#1146=CARTESIAN_POINT('',(0.010023985,-0.498400294,0.208736735));
#1147=B_SPLINE_CURVE_WITH_KNOTS('',3,(#1148,#1149,#1150,#1151),.UNSPECIFIED.,.F.,.U.,(4,4),(3.0,4.0),.PIECEWISE_BEZIER_KNOTS.);
#1148=CARTESIAN_POINT('',(0.010023985,-0.498400294,0.208736735));
#1149=CARTESIAN_POINT('',(0.008064042,-0.498435135,0.206740704));
#1150=CARTESIAN_POINT('',(0.007086669,-0.498481045,0.204110517));
#1151=CARTESIAN_POINT('',(0.007086669,-0.498538206,0.200835779));
#1152=ORIENTED_EDGE('',*,*,#1153,.T.);
#1153=EDGE_CURVE('',#1145,#1154,#1156,.F.);
#1154=VERTEX_POINT('',#1155);
#1155=CARTESIAN_POINT('',(0.017494646,-0.498348033,0.211730782));
#1156=B_SPLINE_CURVE_WITH_KNOTS('',3,(#1157,#1158,#1159,#1160),.UNSPECIFIED.,.F.,.U.,(4,4),(4.0,5.0),.PIECEWISE_BEZIER_KNOTS.);
#1157=CARTESIAN_POINT('',(0.017494646,-0.498348033,0.211730782));
#1158=CARTESIAN_POINT('',(0.014474149,-0.498348033,0.211730782));
#1159=CARTESIAN_POINT('',(0.011983929,-0.498365454,0.210732767));
#1160=CARTESIAN_POINT('',(0.010023985,-0.498400294,0.208736735));
#1161=ORIENTED_EDGE('',*,*,#1162,.T.);
#1162=EDGE_CURVE('',#1154,#1163,#1165,.F.);
#1163=VERTEX_POINT('',#1164);
#1164=CARTESIAN_POINT('',(0.022313924,-0.49836255,0.210899103));
#1165=B_SPLINE_CURVE_WITH_KNOTS('',3,(#1166,#1167,#1168,#1169),.UNSPECIFIED.,.F.,.U.,(4,4),(5.0,6.0),.PIECEWISE_BEZIER_KNOTS.);
#1166=CARTESIAN_POINT('',(0.022313924,-0.49836255,0.210899103));
#1167=CARTESIAN_POINT('',(0.021045419,-0.498352933,0.21145009));
#1168=CARTESIAN_POINT('',(0.019438993,-0.498348033,0.211730782));
#1169=CARTESIAN_POINT('',(0.017494646,-0.498348033,0.211730782));
#1170=ORIENTED_EDGE('',*,*,#1171,.T.);
#1171=EDGE_CURVE('',#1163,#1172,#1174,.F.);
#1172=VERTEX_POINT('',#1173);
#1173=CARTESIAN_POINT('',(0.022313924,-0.498410456,0.20815456));
#1174=LINE('',#1175,#1176);
#1175=CARTESIAN_POINT('',(0.022313924,-0.49836255,0.210899103));
#1176=VECTOR('',#1177,1.0);
#1177=DIRECTION('',(0.0,0.017452406,0.999847695));
#1178=ORIENTED_EDGE('',*,*,#1179,.T.);
#1179=EDGE_CURVE('',#1172,#1180,#1182,.F.);
#1180=VERTEX_POINT('',#1181);
#1181=CARTESIAN_POINT('',(0.01752064,-0.498389407,0.209360495));
#1182=B_SPLINE_CURVE_WITH_KNOTS('',3,(#1183,#1184,#1185,#1186),.UNSPECIFIED.,.F.,.U.,(4,4),(7.0,8.0),.PIECEWISE_BEZIER_KNOTS.);
#1183=CARTESIAN_POINT('',(0.01752064,-0.498389407,0.209360495));
#1184=CARTESIAN_POINT('',(0.019262234,-0.498389407,0.209360495));
#1185=CARTESIAN_POINT('',(0.020858263,-0.498396302,0.208965447));
#1186=CARTESIAN_POINT('',(0.022313924,-0.498410456,0.20815456));
#1187=ORIENTED_EDGE('',*,*,#1188,.T.);
#1188=EDGE_CURVE('',#1180,#1189,#1191,.F.);
#1189=VERTEX_POINT('',#1190);
#1190=CARTESIAN_POINT('',(0.01197873,-0.498428784,0.207104564));
#1191=B_SPLINE_CURVE_WITH_KNOTS('',3,(#1192,#1193,#1194,#1195),.UNSPECIFIED.,.F.,.U.,(4,4),(8.0,9.0),.PIECEWISE_BEZIER_KNOTS.);
#1192=CARTESIAN_POINT('',(0.01197873,-0.498428784,0.207104564));
#1193=CARTESIAN_POINT('',(0.013408397,-0.498402472,0.208611984));
#1194=CARTESIAN_POINT('',(0.015253968,-0.498389407,0.209360495));
#1195=CARTESIAN_POINT('',(0.01752064,-0.498389407,0.209360495));
#1196=ORIENTED_EDGE('',*,*,#1197,.T.);
#1197=EDGE_CURVE('',#1189,#1198,#1200,.F.);
#1198=VERTEX_POINT('',#1199);
#1199=CARTESIAN_POINT('',(0.009842028,-0.498535484,0.200991719));
#1200=B_SPLINE_CURVE_WITH_KNOTS('',3,(#1201,#1202,#1203,#1204),.UNSPECIFIED.,.F.,.U.,(4,4),(9.0,10.0),.PIECEWISE_BEZIER_KNOTS.);
#1201=CARTESIAN_POINT('',(0.009842028,-0.498535484,0.200991719));
#1202=CARTESIAN_POINT('',(0.009842028,-0.498490844,0.203549134));
#1203=CARTESIAN_POINT('',(0.010554262,-0.498455278,0.205586749));
#1204=CARTESIAN_POINT('',(0.01197873,-0.498428784,0.207104564));
#1205=ORIENTED_EDGE('',*,*,#1206,.T.);
#1206=EDGE_CURVE('',#1198,#1207,#1209,.F.);
#1207=VERTEX_POINT('',#1208);
#1208=CARTESIAN_POINT('',(0.011838363,-0.49863674,0.195190753));
#1209=B_SPLINE_CURVE_WITH_KNOTS('',3,(#1210,#1211,#1212,#1213),.UNSPECIFIED.,.F.,.U.,(4,4),(10.0,11.0),.PIECEWISE_BEZIER_KNOTS.);
#1210=CARTESIAN_POINT('',(0.011838363,-0.49863674,0.195190753));
#1211=CARTESIAN_POINT('',(0.010507473,-0.498611699,0.196625401));
#1212=CARTESIAN_POINT('',(0.009842028,-0.498577946,0.198559056));
#1213=CARTESIAN_POINT('',(0.009842028,-0.498535484,0.200991719));
#1214=ORIENTED_EDGE('',*,*,#1215,.T.);
#1215=EDGE_CURVE('',#1207,#1216,#1218,.F.);
#1216=VERTEX_POINT('',#1217);
#1217=CARTESIAN_POINT('',(0.017063146,-0.498674122,0.193049178));
#1218=B_SPLINE_CURVE_WITH_KNOTS('',3,(#1219,#1220,#1221,#1222),.UNSPECIFIED.,.F.,.U.,(4,4),(11.0,12.0),.PIECEWISE_BEZIER_KNOTS.);
#1219=CARTESIAN_POINT('',(0.017063146,-0.498674122,0.193049178));
#1220=CARTESIAN_POINT('',(0.014910847,-0.498674122,0.193049178));
#1221=CARTESIAN_POINT('',(0.013169253,-0.498661601,0.193766502));
#1222=CARTESIAN_POINT('',(0.011838363,-0.49863674,0.195190753));
#1223=ORIENTED_EDGE('',*,*,#1224,.T.);
#1224=EDGE_CURVE('',#1216,#1108,#1225,.F.);
#1225=B_SPLINE_CURVE_WITH_KNOTS('',3,(#1226,#1227,#1228,#1229),.UNSPECIFIED.,.F.,.U.,(4,4),(12.0,13.0),.PIECEWISE_BEZIER_KNOTS.);
#1226=CARTESIAN_POINT('',(0.022313924,-0.49865035,0.194411054));
#1227=CARTESIAN_POINT('',(0.02082707,-0.498666137,0.193506602));
#1228=CARTESIAN_POINT('',(0.019075078,-0.498674122,0.193049178));
#1229=CARTESIAN_POINT('',(0.017063146,-0.498674122,0.193049178));
#1230=FACE_BOUND('',#1231,.T.);
#1231=EDGE_LOOP('',(#1232,#1242,#1250,#1258,#1266,#1274));
#1232=ORIENTED_EDGE('',*,*,#1233,.T.);
#1233=EDGE_CURVE('',#1234,#1236,#1238,.T.);
#1234=VERTEX_POINT('',#1235);
#1235=CARTESIAN_POINT('',(-0.5000508,-0.4999492,0.119999997));
#1236=VERTEX_POINT('',#1237);
#1237=CARTESIAN_POINT('',(-0.423325608,-0.4999492,0.119999997));
#1238=LINE('',#1239,#1240);
#1239=CARTESIAN_POINT('',(-0.5000508,-0.4999492,0.119999997));
#1240=VECTOR('',#1241,1.0);
#1241=DIRECTION('',(1.0,0.0,0.0));
#1242=ORIENTED_EDGE('',*,*,#1243,.T.);
#1243=EDGE_CURVE('',#1236,#1244,#1246,.T.);
#1244=VERTEX_POINT('',#1245);
#1245=CARTESIAN_POINT('',(0.423224008,-0.4999492,0.119999997));
#1246=LINE('',#1247,#1248);
#1247=CARTESIAN_POINT('',(-0.5000508,-0.4999492,0.119999997));
#1248=VECTOR('',#1249,1.0);
#1249=DIRECTION('',(1.0,0.0,0.0));
#1250=ORIENTED_EDGE('',*,*,#1251,.T.);
#1251=EDGE_CURVE('',#1244,#1252,#1254,.T.);
#1252=VERTEX_POINT('',#1253);
#1253=CARTESIAN_POINT('',(0.4999492,-0.4999492,0.119999997));
#1254=LINE('',#1255,#1256);
#1255=CARTESIAN_POINT('',(-0.5000508,-0.4999492,0.119999997));
#1256=VECTOR('',#1257,1.0);
#1257=DIRECTION('',(1.0,0.0,0.0));
#1258=ORIENTED_EDGE('',*,*,#1259,.T.);
#1259=EDGE_CURVE('',#1252,#1260,#1262,.F.);
#1260=VERTEX_POINT('',#1261);
#1261=CARTESIAN_POINT('',(0.497680041,-0.497680041,0.249999997));
#1262=LINE('',#1263,#1264);
#1263=CARTESIAN_POINT('',(0.4999492,-0.4999492,0.119999997));
#1264=VECTOR('',#1265,1.0);
#1265=DIRECTION('',(0.017449749,-0.017449749,-0.99969546));
#1266=ORIENTED_EDGE('',*,*,#1267,.T.);
#1267=EDGE_CURVE('',#1260,#1268,#1270,.F.);
#1268=VERTEX_POINT('',#1269);
#1269=CARTESIAN_POINT('',(-0.497781642,-0.497680041,0.249999997));
#1270=LINE('',#1271,#1272);
#1271=CARTESIAN_POINT('',(-0.5000508,-0.497680041,0.249999997));
#1272=VECTOR('',#1273,1.0);
#1273=DIRECTION('',(1.0,0.0,0.0));
#1274=ORIENTED_EDGE('',*,*,#1275,.T.);
#1275=EDGE_CURVE('',#1268,#1234,#1276,.T.);
#1276=LINE('',#1277,#1278);
#1277=CARTESIAN_POINT('',(-0.5000508,-0.4999492,0.119999997));
#1278=VECTOR('',#1279,1.0);
#1279=DIRECTION('',(-0.017449749,-0.017449749,-0.99969546));
#1280=FACE_BOUND('',#1281,.T.);
#1281=EDGE_LOOP('',(#1282,#1292,#1300,#1308,#1316,#1324));
#1282=ORIENTED_EDGE('',*,*,#1283,.T.);
#1283=EDGE_CURVE('',#1284,#1286,#1288,.F.);
#1284=VERTEX_POINT('',#1285);
#1285=CARTESIAN_POINT('',(0.006254863,-0.498668496,0.193371454));
#1286=VERTEX_POINT('',#1287);
#1287=CARTESIAN_POINT('',(0.006254863,-0.498708963,0.191053147));
#1288=LINE('',#1289,#1290);
#1289=CARTESIAN_POINT('',(0.006254863,-0.498668496,0.193371454));
#1290=VECTOR('',#1291,1.0);
#1291=DIRECTION('',(0.0,0.017452406,0.999847695));
#1292=ORIENTED_EDGE('',*,*,#1293,.T.);
#1293=EDGE_CURVE('',#1286,#1294,#1296,.F.);
#1294=VERTEX_POINT('',#1295);
#1295=CARTESIAN_POINT('',(-0.00447024,-0.498708963,0.191053147));
#1296=LINE('',#1297,#1298);
#1297=CARTESIAN_POINT('',(0.006254863,-0.498708963,0.191053147));
#1298=VECTOR('',#1299,1.0);
#1299=DIRECTION('',(1.0,0.0,0.0));
#1300=ORIENTED_EDGE('',*,*,#1301,.T.);
#1301=EDGE_CURVE('',#1294,#1302,#1304,.F.);
#1302=VERTEX_POINT('',#1303);
#1303=CARTESIAN_POINT('',(-0.00447024,-0.498354021,0.211387714));
#1304=LINE('',#1305,#1306);
#1305=CARTESIAN_POINT('',(-0.00447024,-0.498708963,0.191053147));
#1306=VECTOR('',#1307,1.0);
#1307=DIRECTION('',(0.0,-0.017452406,-0.999847695));
#1308=ORIENTED_EDGE('',*,*,#1309,.T.);
#1309=EDGE_CURVE('',#1302,#1310,#1312,.F.);
#1310=VERTEX_POINT('',#1311);
#1311=CARTESIAN_POINT('',(-0.001844851,-0.498354021,0.211387714));
#1312=LINE('',#1313,#1314);
#1313=CARTESIAN_POINT('',(-0.00447024,-0.498354021,0.211387714));
#1314=VECTOR('',#1315,1.0);
#1315=DIRECTION('',(-1.0,0.0,0.0));
#1316=ORIENTED_EDGE('',*,*,#1317,.T.);
#1317=EDGE_CURVE('',#1310,#1318,#1320,.F.);
#1318=VERTEX_POINT('',#1319);
#1319=CARTESIAN_POINT('',(-0.001844851,-0.498668496,0.193371454));
#1320=LINE('',#1321,#1322);
#1321=CARTESIAN_POINT('',(-0.001844851,-0.498354021,0.211387714));
#1322=VECTOR('',#1323,1.0);
#1323=DIRECTION('',(0.0,0.017452406,0.999847695));
#1324=ORIENTED_EDGE('',*,*,#1325,.T.);
#1325=EDGE_CURVE('',#1318,#1284,#1326,.F.);
#1326=LINE('',#1327,#1328);
#1327=CARTESIAN_POINT('',(-0.001844851,-0.498668496,0.193371454));
#1328=VECTOR('',#1329,1.0);
#1329=DIRECTION('',(-1.0,0.0,0.0));
#1330=FACE_BOUND('',#1331,.T.);
#1331=EDGE_LOOP('',(#1332,#1342,#1350,#1358,#1366,#1374,#1382,#1390,#1398,#1406,#1414,#1422));
#1332=ORIENTED_EDGE('',*,*,#1333,.T.);
#1333=EDGE_CURVE('',#1334,#1336,#1338,.F.);
#1334=VERTEX_POINT('',#1335);
#1335=CARTESIAN_POINT('',(0.006468013,-0.499231575,0.16111268));
#1336=VERTEX_POINT('',#1337);
#1337=CARTESIAN_POINT('',(0.006468013,-0.499272042,0.158794373));
#1338=LINE('',#1339,#1340);
#1339=CARTESIAN_POINT('',(0.006468013,-0.499231575,0.16111268));
#1340=VECTOR('',#1341,1.0);
#1341=DIRECTION('',(0.0,0.017452406,0.999847695));
#1342=ORIENTED_EDGE('',*,*,#1343,.T.);
#1343=EDGE_CURVE('',#1336,#1344,#1346,.F.);
#1344=VERTEX_POINT('',#1345);
#1345=CARTESIAN_POINT('',(-0.00447024,-0.499272042,0.158794373));
#1346=LINE('',#1347,#1348);
#1347=CARTESIAN_POINT('',(0.006468013,-0.499272042,0.158794373));
#1348=VECTOR('',#1349,1.0);
#1349=DIRECTION('',(1.0,0.0,0.0));
#1350=ORIENTED_EDGE('',*,*,#1351,.T.);
#1351=EDGE_CURVE('',#1344,#1352,#1354,.F.);
#1352=VERTEX_POINT('',#1353);
#1353=CARTESIAN_POINT('',(-0.00447024,-0.4989171,0.17912894));
#1354=LINE('',#1355,#1356);
#1355=CARTESIAN_POINT('',(-0.00447024,-0.499272042,0.158794373));
#1356=VECTOR('',#1357,1.0);
#1357=DIRECTION('',(0.0,-0.017452406,-0.999847695));
#1358=ORIENTED_EDGE('',*,*,#1359,.T.);
#1359=EDGE_CURVE('',#1352,#1360,#1362,.F.);
#1360=VERTEX_POINT('',#1361);
#1361=CARTESIAN_POINT('',(0.006005321,-0.4989171,0.17912894));
#1362=LINE('',#1363,#1364);
#1363=CARTESIAN_POINT('',(-0.00447024,-0.4989171,0.17912894));
#1364=VECTOR('',#1365,1.0);
#1365=DIRECTION('',(-1.0,0.0,0.0));
#1366=ORIENTED_EDGE('',*,*,#1367,.T.);
#1367=EDGE_CURVE('',#1360,#1368,#1370,.F.);
#1368=VERTEX_POINT('',#1369);
#1369=CARTESIAN_POINT('',(0.006005321,-0.498957929,0.176789841));
#1370=LINE('',#1371,#1372);
#1371=CARTESIAN_POINT('',(0.006005321,-0.4989171,0.17912894));
#1372=VECTOR('',#1373,1.0);
#1373=DIRECTION('',(0.0,0.017452406,0.999847695));
#1374=ORIENTED_EDGE('',*,*,#1375,.T.);
#1375=EDGE_CURVE('',#1368,#1376,#1378,.F.);
#1376=VERTEX_POINT('',#1377);
#1377=CARTESIAN_POINT('',(-0.001844851,-0.498957929,0.176789841));
#1378=LINE('',#1379,#1380);
#1379=CARTESIAN_POINT('',(0.006005321,-0.498957929,0.176789841));
#1380=VECTOR('',#1381,1.0);
#1381=DIRECTION('',(1.0,0.0,0.0));
#1382=ORIENTED_EDGE('',*,*,#1383,.T.);
#1383=EDGE_CURVE('',#1376,#1384,#1386,.F.);
#1384=VERTEX_POINT('',#1385);
#1385=CARTESIAN_POINT('',(-0.001844851,-0.499071525,0.170281948));
#1386=LINE('',#1387,#1388);
#1387=CARTESIAN_POINT('',(-0.001844851,-0.498957929,0.176789841));
#1388=VECTOR('',#1389,1.0);
#1389=DIRECTION('',(0.0,0.017452406,0.999847695));
#1390=ORIENTED_EDGE('',*,*,#1391,.T.);
#1391=EDGE_CURVE('',#1384,#1392,#1394,.F.);
#1392=VERTEX_POINT('',#1393);
#1393=CARTESIAN_POINT('',(0.005428255,-0.499071525,0.170281948));
#1394=LINE('',#1395,#1396);
#1395=CARTESIAN_POINT('',(-0.001844851,-0.499071525,0.170281948));
#1396=VECTOR('',#1397,1.0);
#1397=DIRECTION('',(-1.0,0.0,0.0));
#1398=ORIENTED_EDGE('',*,*,#1399,.T.);
#1399=EDGE_CURVE('',#1392,#1400,#1402,.F.);
#1400=VERTEX_POINT('',#1401);
#1401=CARTESIAN_POINT('',(0.005428255,-0.499112173,0.167953245));
#1402=LINE('',#1403,#1404);
#1403=CARTESIAN_POINT('',(0.005428255,-0.499071525,0.170281948));
#1404=VECTOR('',#1405,1.0);
#1405=DIRECTION('',(0.0,0.017452406,0.999847695));
#1406=ORIENTED_EDGE('',*,*,#1407,.T.);
#1407=EDGE_CURVE('',#1400,#1408,#1410,.F.);
#1408=VERTEX_POINT('',#1409);
#1409=CARTESIAN_POINT('',(-0.001844851,-0.499112173,0.167953245));
#1410=LINE('',#1411,#1412);
#1411=CARTESIAN_POINT('',(0.005428255,-0.499112173,0.167953245));
#1412=VECTOR('',#1413,1.0);
#1413=DIRECTION('',(1.0,0.0,0.0));
#1414=ORIENTED_EDGE('',*,*,#1415,.T.);
#1415=EDGE_CURVE('',#1408,#1416,#1418,.F.);
#1416=VERTEX_POINT('',#1417);
#1417=CARTESIAN_POINT('',(-0.001844851,-0.499231575,0.16111268));
#1418=LINE('',#1419,#1420);
#1419=CARTESIAN_POINT('',(-0.001844851,-0.499112173,0.167953245));
#1420=VECTOR('',#1421,1.0);
#1421=DIRECTION('',(0.0,0.017452406,0.999847695));
#1422=ORIENTED_EDGE('',*,*,#1423,.T.);
#1423=EDGE_CURVE('',#1416,#1334,#1424,.F.);
#1424=LINE('',#1425,#1426);
#1425=CARTESIAN_POINT('',(-0.001844851,-0.499231575,0.16111268));
#1426=VECTOR('',#1427,1.0);
#1427=DIRECTION('',(-1.0,0.0,0.0));
#1428=FACE_BOUND('',#1429,.T.);
#1429=EDGE_LOOP('',(#1430,#1440,#1448,#1456,#1464,#1472,#1480,#1488,#1496,#1504,#1512,#1520));
#1430=ORIENTED_EDGE('',*,*,#1431,.T.);
#1431=EDGE_CURVE('',#1432,#1434,#1436,.F.);
#1432=VERTEX_POINT('',#1433);
#1433=CARTESIAN_POINT('',(0.062791699,-0.499231575,0.16111268));
#1434=VERTEX_POINT('',#1435);
#1435=CARTESIAN_POINT('',(0.062791699,-0.499272042,0.158794373));
#1436=LINE('',#1437,#1438);
#1437=CARTESIAN_POINT('',(0.062791699,-0.499231575,0.16111268));
#1438=VECTOR('',#1439,1.0);
#1439=DIRECTION('',(0.0,0.017452406,0.999847695));
#1440=ORIENTED_EDGE('',*,*,#1441,.T.);
#1441=EDGE_CURVE('',#1434,#1442,#1444,.F.);
#1442=VERTEX_POINT('',#1443);
#1443=CARTESIAN_POINT('',(0.051853446,-0.499272042,0.158794373));
#1444=LINE('',#1445,#1446);
#1445=CARTESIAN_POINT('',(0.062791699,-0.499272042,0.158794373));
#1446=VECTOR('',#1447,1.0);
#1447=DIRECTION('',(1.0,0.0,0.0));
#1448=ORIENTED_EDGE('',*,*,#1449,.T.);
#1449=EDGE_CURVE('',#1442,#1450,#1452,.F.);
#1450=VERTEX_POINT('',#1451);
#1451=CARTESIAN_POINT('',(0.051853446,-0.4989171,0.17912894));
#1452=LINE('',#1453,#1454);
#1453=CARTESIAN_POINT('',(0.051853446,-0.499272042,0.158794373));
#1454=VECTOR('',#1455,1.0);
#1455=DIRECTION('',(0.0,-0.017452406,-0.999847695));
#1456=ORIENTED_EDGE('',*,*,#1457,.T.);
#1457=EDGE_CURVE('',#1450,#1458,#1460,.F.);
#1458=VERTEX_POINT('',#1459);
#1459=CARTESIAN_POINT('',(0.062329007,-0.4989171,0.17912894));
#1460=LINE('',#1461,#1462);
#1461=CARTESIAN_POINT('',(0.051853446,-0.4989171,0.17912894));
#1462=VECTOR('',#1463,1.0);
#1463=DIRECTION('',(-1.0,0.0,0.0));
#1464=ORIENTED_EDGE('',*,*,#1465,.T.);
#1465=EDGE_CURVE('',#1458,#1466,#1468,.F.);
#1466=VERTEX_POINT('',#1467);
#1467=CARTESIAN_POINT('',(0.062329007,-0.498957929,0.176789841));
#1468=LINE('',#1469,#1470);
#1469=CARTESIAN_POINT('',(0.062329007,-0.4989171,0.17912894));
#1470=VECTOR('',#1471,1.0);
#1471=DIRECTION('',(0.0,0.017452406,0.999847695));
#1472=ORIENTED_EDGE('',*,*,#1473,.T.);
#1473=EDGE_CURVE('',#1466,#1474,#1476,.F.);
#1474=VERTEX_POINT('',#1475);
#1475=CARTESIAN_POINT('',(0.054478835,-0.498957929,0.176789841));
#1476=LINE('',#1477,#1478);
#1477=CARTESIAN_POINT('',(0.062329007,-0.498957929,0.176789841));
#1478=VECTOR('',#1479,1.0);
#1479=DIRECTION('',(1.0,0.0,0.0));
#1480=ORIENTED_EDGE('',*,*,#1481,.T.);
#1481=EDGE_CURVE('',#1474,#1482,#1484,.F.);
#1482=VERTEX_POINT('',#1483);
#1483=CARTESIAN_POINT('',(0.054478835,-0.499071525,0.170281948));
#1484=LINE('',#1485,#1486);
#1485=CARTESIAN_POINT('',(0.054478835,-0.498957929,0.176789841));
#1486=VECTOR('',#1487,1.0);
#1487=DIRECTION('',(0.0,0.017452406,0.999847695));
#1488=ORIENTED_EDGE('',*,*,#1489,.T.);
#1489=EDGE_CURVE('',#1482,#1490,#1492,.F.);
#1490=VERTEX_POINT('',#1491);
#1491=CARTESIAN_POINT('',(0.061751942,-0.499071525,0.170281948));
#1492=LINE('',#1493,#1494);
#1493=CARTESIAN_POINT('',(0.054478835,-0.499071525,0.170281948));
#1494=VECTOR('',#1495,1.0);
#1495=DIRECTION('',(-1.0,0.0,0.0));
#1496=ORIENTED_EDGE('',*,*,#1497,.T.);
#1497=EDGE_CURVE('',#1490,#1498,#1500,.F.);
#1498=VERTEX_POINT('',#1499);
#1499=CARTESIAN_POINT('',(0.061751942,-0.499112173,0.167953245));
#1500=LINE('',#1501,#1502);
#1501=CARTESIAN_POINT('',(0.061751942,-0.499071525,0.170281948));
#1502=VECTOR('',#1503,1.0);
#1503=DIRECTION('',(0.0,0.017452406,0.999847695));
#1504=ORIENTED_EDGE('',*,*,#1505,.T.);
#1505=EDGE_CURVE('',#1498,#1506,#1508,.F.);
#1506=VERTEX_POINT('',#1507);
#1507=CARTESIAN_POINT('',(0.054478835,-0.499112173,0.167953245));
#1508=LINE('',#1509,#1510);
#1509=CARTESIAN_POINT('',(0.061751942,-0.499112173,0.167953245));
#1510=VECTOR('',#1511,1.0);
#1511=DIRECTION('',(1.0,0.0,0.0));
#1512=ORIENTED_EDGE('',*,*,#1513,.T.);
#1513=EDGE_CURVE('',#1506,#1514,#1516,.F.);
#1514=VERTEX_POINT('',#1515);
#1515=CARTESIAN_POINT('',(0.054478835,-0.499231575,0.16111268));
#1516=LINE('',#1517,#1518);
#1517=CARTESIAN_POINT('',(0.054478835,-0.499112173,0.167953245));
#1518=VECTOR('',#1519,1.0);
#1519=DIRECTION('',(0.0,0.017452406,0.999847695));
#1520=ORIENTED_EDGE('',*,*,#1521,.T.);
#1521=EDGE_CURVE('',#1514,#1432,#1522,.F.);
#1522=LINE('',#1523,#1524);
#1523=CARTESIAN_POINT('',(0.054478835,-0.499231575,0.16111268));
#1524=VECTOR('',#1525,1.0);
#1525=DIRECTION('',(-1.0,0.0,0.0));
#1526=FACE_BOUND('',#1527,.T.);
#1527=EDGE_LOOP('',(#1528,#1538,#1546,#1554,#1563,#1572,#1581));
#1528=ORIENTED_EDGE('',*,*,#1529,.T.);
#1529=EDGE_CURVE('',#1530,#1532,#1534,.F.);
#1530=VERTEX_POINT('',#1531);
#1531=CARTESIAN_POINT('',(0.072227503,-0.499272042,0.158794373));
#1532=VERTEX_POINT('',#1533);
#1533=CARTESIAN_POINT('',(0.066633605,-0.499272042,0.158794373));
#1534=LINE('',#1535,#1536);
#1535=CARTESIAN_POINT('',(0.072227503,-0.499272042,0.158794373));
#1536=VECTOR('',#1537,1.0);
#1537=DIRECTION('',(1.0,0.0,0.0));
#1538=ORIENTED_EDGE('',*,*,#1539,.T.);
#1539=EDGE_CURVE('',#1532,#1540,#1542,.F.);
#1540=VERTEX_POINT('',#1541);
#1541=CARTESIAN_POINT('',(0.066633605,-0.4989171,0.17912894));
#1542=LINE('',#1543,#1544);
#1543=CARTESIAN_POINT('',(0.066633605,-0.499272042,0.158794373));
#1544=VECTOR('',#1545,1.0);
#1545=DIRECTION('',(0.0,-0.017452406,-0.999847695));
#1546=ORIENTED_EDGE('',*,*,#1547,.T.);
#1547=EDGE_CURVE('',#1540,#1548,#1550,.F.);
#1548=VERTEX_POINT('',#1549);
#1549=CARTESIAN_POINT('',(0.072435454,-0.4989171,0.17912894));
#1550=LINE('',#1551,#1552);
#1551=CARTESIAN_POINT('',(0.066633605,-0.4989171,0.17912894));
#1552=VECTOR('',#1553,1.0);
#1553=DIRECTION('',(-1.0,0.0,0.0));
#1554=ORIENTED_EDGE('',*,*,#1555,.T.);
#1555=EDGE_CURVE('',#1548,#1556,#1558,.F.);
#1556=VERTEX_POINT('',#1557);
#1557=CARTESIAN_POINT('',(0.080124464,-0.498964099,0.176436377));
#1558=B_SPLINE_CURVE_WITH_KNOTS('',3,(#1559,#1560,#1561,#1562),.UNSPECIFIED.,.F.,.U.,(4,4),(2.0,3.0),.PIECEWISE_BEZIER_KNOTS.);
#1559=CARTESIAN_POINT('',(0.080124464,-0.498964099,0.176436377));
#1560=CARTESIAN_POINT('',(0.07808134,-0.498932706,0.178234885));
#1561=CARTESIAN_POINT('',(0.075518336,-0.4989171,0.17912894));
#1562=CARTESIAN_POINT('',(0.072435454,-0.4989171,0.17912894));
#1563=ORIENTED_EDGE('',*,*,#1564,.T.);
#1564=EDGE_CURVE('',#1556,#1565,#1567,.F.);
#1565=VERTEX_POINT('',#1566);
#1566=CARTESIAN_POINT('',(0.08319175,-0.499090034,0.169221556));
#1567=B_SPLINE_CURVE_WITH_KNOTS('',3,(#1568,#1569,#1570,#1571),.UNSPECIFIED.,.F.,.U.,(4,4),(3.0,4.0),.PIECEWISE_BEZIER_KNOTS.);
#1568=CARTESIAN_POINT('',(0.08319175,-0.499090034,0.169221556));
#1569=CARTESIAN_POINT('',(0.08319175,-0.49903741,0.172236395));
#1570=CARTESIAN_POINT('',(0.082167588,-0.498995492,0.17463787));
#1571=CARTESIAN_POINT('',(0.080124464,-0.498964099,0.176436377));
#1572=ORIENTED_EDGE('',*,*,#1573,.T.);
#1573=EDGE_CURVE('',#1565,#1574,#1576,.F.);
#1574=VERTEX_POINT('',#1575);
#1575=CARTESIAN_POINT('',(0.080124464,-0.499222321,0.161642876));
#1576=B_SPLINE_CURVE_WITH_KNOTS('',3,(#1577,#1578,#1579,#1580),.UNSPECIFIED.,.F.,.U.,(4,4),(4.0,5.0),.PIECEWISE_BEZIER_KNOTS.);
#1577=CARTESIAN_POINT('',(0.080124464,-0.499222321,0.161642876));
#1578=CARTESIAN_POINT('',(0.082167588,-0.499189113,0.163545343));
#1579=CARTESIAN_POINT('',(0.08319175,-0.499145018,0.16607157));
#1580=CARTESIAN_POINT('',(0.08319175,-0.499090034,0.169221556));
#1581=ORIENTED_EDGE('',*,*,#1582,.T.);
#1582=EDGE_CURVE('',#1574,#1530,#1583,.F.);
#1583=B_SPLINE_CURVE_WITH_KNOTS('',3,(#1584,#1585,#1586,#1587),.UNSPECIFIED.,.F.,.U.,(4,4),(5.0,6.0),.PIECEWISE_BEZIER_KNOTS.);
#1584=CARTESIAN_POINT('',(0.072227503,-0.499272042,0.158794373));
#1585=CARTESIAN_POINT('',(0.075445553,-0.499272042,0.158794373));
#1586=CARTESIAN_POINT('',(0.07808134,-0.499255528,0.159740408));
#1587=CARTESIAN_POINT('',(0.080124464,-0.499222321,0.161642876));
#1588=FACE_BOUND('',#1589,.T.);
#1589=EDGE_LOOP('',(#1590,#1600,#1608,#1616,#1624,#1632,#1640,#1648));
#1590=ORIENTED_EDGE('',*,*,#1591,.T.);
#1591=EDGE_CURVE('',#1592,#1594,#1596,.F.);
#1592=VERTEX_POINT('',#1593);
#1593=CARTESIAN_POINT('',(0.09487343,-0.4989171,0.17912894));
#1594=VERTEX_POINT('',#1595);
#1595=CARTESIAN_POINT('',(0.102619626,-0.499272042,0.158794373));
#1596=LINE('',#1597,#1598);
#1597=CARTESIAN_POINT('',(0.09487343,-0.4989171,0.17912894));
#1598=VECTOR('',#1599,1.0);
#1599=DIRECTION('',(-0.355935724,0.016309456,0.934368108));
#1600=ORIENTED_EDGE('',*,*,#1601,.T.);
#1601=EDGE_CURVE('',#1594,#1602,#1604,.F.);
#1602=VERTEX_POINT('',#1603);
#1603=CARTESIAN_POINT('',(0.099718702,-0.499272042,0.158794373));
#1604=LINE('',#1605,#1606);
#1605=CARTESIAN_POINT('',(0.102619626,-0.499272042,0.158794373));
#1606=VECTOR('',#1607,1.0);
#1607=DIRECTION('',(1.0,0.0,0.0));
#1608=ORIENTED_EDGE('',*,*,#1609,.T.);
#1609=EDGE_CURVE('',#1602,#1610,#1612,.F.);
#1610=VERTEX_POINT('',#1611);
#1611=CARTESIAN_POINT('',(0.097644385,-0.499174959,0.16435623));
#1612=LINE('',#1613,#1614);
#1613=CARTESIAN_POINT('',(0.099718702,-0.499272042,0.158794373));
#1614=VECTOR('',#1615,1.0);
#1615=DIRECTION('',(0.349395479,-0.016352475,-0.93683264));
#1616=ORIENTED_EDGE('',*,*,#1617,.T.);
#1617=EDGE_CURVE('',#1610,#1618,#1620,.F.);
#1618=VERTEX_POINT('',#1619);
#1619=CARTESIAN_POINT('',(0.089175557,-0.499174959,0.16435623));
#1620=LINE('',#1621,#1622);
#1621=CARTESIAN_POINT('',(0.097644385,-0.499174959,0.16435623));
#1622=VECTOR('',#1623,1.0);
#1623=DIRECTION('',(1.0,0.0,0.0));
#1624=ORIENTED_EDGE('',*,*,#1625,.T.);
#1625=EDGE_CURVE('',#1618,#1626,#1628,.F.);
#1626=VERTEX_POINT('',#1627);
#1627=CARTESIAN_POINT('',(0.087220812,-0.499272042,0.158794373));
#1628=LINE('',#1629,#1630);
#1629=CARTESIAN_POINT('',(0.089175557,-0.499174959,0.16435623));
#1630=VECTOR('',#1631,1.0);
#1631=DIRECTION('',(0.331528418,0.01646539,0.943301542));
#1632=ORIENTED_EDGE('',*,*,#1633,.T.);
#1633=EDGE_CURVE('',#1626,#1634,#1636,.F.);
#1634=VERTEX_POINT('',#1635);
#1635=CARTESIAN_POINT('',(0.084319887,-0.499272042,0.158794373));
#1636=LINE('',#1637,#1638);
#1637=CARTESIAN_POINT('',(0.087220812,-0.499272042,0.158794373));
#1638=VECTOR('',#1639,1.0);
#1639=DIRECTION('',(1.0,0.0,0.0));
#1640=ORIENTED_EDGE('',*,*,#1641,.T.);
#1641=EDGE_CURVE('',#1634,#1642,#1644,.F.);
#1642=VERTEX_POINT('',#1643);
#1643=CARTESIAN_POINT('',(0.092066084,-0.4989171,0.17912894));
#1644=LINE('',#1645,#1646);
#1645=CARTESIAN_POINT('',(0.084319887,-0.499272042,0.158794373));
#1646=VECTOR('',#1647,1.0);
#1647=DIRECTION('',(-0.355935724,-0.016309456,-0.934368108));
#1648=ORIENTED_EDGE('',*,*,#1649,.T.);
#1649=EDGE_CURVE('',#1642,#1592,#1650,.F.);
#1650=LINE('',#1651,#1652);
#1651=CARTESIAN_POINT('',(0.092066084,-0.4989171,0.17912894));
#1652=VECTOR('',#1653,1.0);
#1653=DIRECTION('',(-1.0,0.0,0.0));
#1654=PLANE('',#1655);
#1655=AXIS2_PLACEMENT_3D('',#1656,#1657,#1658);
#1656=CARTESIAN_POINT('',(-0.5000508,-0.4999492,0.119999997));
#1657=DIRECTION('',(0.0,-0.999847695,0.017452406));
#1658=DIRECTION('',(0.0,-0.017452406,-0.999847695));
#1659=ADVANCED_FACE('',(#1660),#1712,.T.);
#1660=FACE_BOUND('',#1661,.T.);
#1661=EDGE_LOOP('',(#1662,#1672,#1681,#1689,#1697,#1705));
#1662=ORIENTED_EDGE('',*,*,#1663,.T.);
#1663=EDGE_CURVE('',#1664,#1666,#1668,.F.);
#1664=VERTEX_POINT('',#1665);
#1665=CARTESIAN_POINT('',(0.4999492,0.423325608,0.119999997));
#1666=VERTEX_POINT('',#1667);
#1667=CARTESIAN_POINT('',(0.4999492,-0.423224008,0.119999997));
#1668=LINE('',#1669,#1670);
#1669=CARTESIAN_POINT('',(0.4999492,0.5000508,0.119999997));
#1670=VECTOR('',#1671,1.0);
#1671=DIRECTION('',(-2.168404345E-16,1.0,0.0));
#1672=ORIENTED_EDGE('',*,*,#1673,.T.);
#1673=EDGE_CURVE('',#1666,#1674,#1676,.T.);
#1674=VERTEX_POINT('',#1675);
#1675=CARTESIAN_POINT('',(0.498203693,-0.423203693,0.019999997));
#1676=(BOUNDED_CURVE()B_SPLINE_CURVE(3,(#1677,#1678,#1679,#1680),.UNSPECIFIED.,.F.,.U.)B_SPLINE_CURVE_WITH_KNOTS((4,4),(1.547520805,1.570796327),.PIECEWISE_BEZIER_KNOTS.)CURVE()GEOMETRIC_REPRESENTATION_ITEM()RATIONAL_B_SPLINE_CURVE((1.0,0.999954855,0.999954855,1.0))REPRESENTATION_ITEM(''));
#1677=CARTESIAN_POINT('',(0.4999492,-0.423224008,0.119999997));
#1678=CARTESIAN_POINT('',(0.499367456,-0.423210465,0.086671931));
#1679=CARTESIAN_POINT('',(0.498785595,-0.423203693,0.053337093));
#1680=CARTESIAN_POINT('',(0.498203693,-0.423203693,0.019999997));
#1681=ORIENTED_EDGE('',*,*,#1682,.T.);
#1682=EDGE_CURVE('',#1674,#1683,#1685,.T.);
#1683=VERTEX_POINT('',#1684);
#1684=CARTESIAN_POINT('',(0.498203693,-0.348203693,0.019999997));
#1685=LINE('',#1686,#1687);
#1686=CARTESIAN_POINT('',(0.498203693,5.08001016E-05,0.019999997));
#1687=VECTOR('',#1688,1.0);
#1688=DIRECTION('',(-2.168404345E-16,1.0,0.0));
#1689=ORIENTED_EDGE('',*,*,#1690,.T.);
#1690=EDGE_CURVE('',#1683,#1691,#1693,.T.);
#1691=VERTEX_POINT('',#1692);
#1692=CARTESIAN_POINT('',(0.498203693,0.348305294,0.019999997));
#1693=LINE('',#1694,#1695);
#1694=CARTESIAN_POINT('',(0.498203693,5.08001016E-05,0.019999997));
#1695=VECTOR('',#1696,1.0);
#1696=DIRECTION('',(-2.168404345E-16,1.0,0.0));
#1697=ORIENTED_EDGE('',*,*,#1698,.T.);
#1698=EDGE_CURVE('',#1691,#1699,#1701,.F.);
#1699=VERTEX_POINT('',#1700);
#1700=CARTESIAN_POINT('',(0.498203693,0.423305294,0.019999997));
#1701=LINE('',#1702,#1703);
#1702=CARTESIAN_POINT('',(0.498203693,0.498305294,0.019999997));
#1703=VECTOR('',#1704,1.0);
#1704=DIRECTION('',(0.0,-1.0,0.0));
#1705=ORIENTED_EDGE('',*,*,#1706,.T.);
#1706=EDGE_CURVE('',#1699,#1664,#1707,.T.);
#1707=(BOUNDED_CURVE()B_SPLINE_CURVE(3,(#1708,#1709,#1710,#1711),.UNSPECIFIED.,.F.,.U.)B_SPLINE_CURVE_WITH_KNOTS((4,4),(4.71238898,4.735664502),.PIECEWISE_BEZIER_KNOTS.)CURVE()GEOMETRIC_REPRESENTATION_ITEM()RATIONAL_B_SPLINE_CURVE((1.0,0.999954855,0.999954855,1.0))REPRESENTATION_ITEM(''));
#1708=CARTESIAN_POINT('',(0.498203693,0.423305294,0.019999997));
#1709=CARTESIAN_POINT('',(0.498785595,0.423305294,0.053337093));
#1710=CARTESIAN_POINT('',(0.499367456,0.423312065,0.086671931));
#1711=CARTESIAN_POINT('',(0.4999492,0.423325608,0.119999997));
#1712=PLANE('',#1713);
#1713=AXIS2_PLACEMENT_3D('',#1714,#1715,#1716);
#1714=CARTESIAN_POINT('',(0.4999492,0.5000508,0.119999997));
#1715=DIRECTION('',(0.999847695,2.168074086E-16,-0.017452406));
#1716=DIRECTION('',(-0.017452406,-1.540743956E-33,-0.999847695));
#1717=ADVANCED_FACE('',(#1718),#1759,.T.);
#1718=FACE_BOUND('',#1719,.T.);
#1719=EDGE_LOOP('',(#1720,#1730,#1737,#1738,#1745,#1753));
#1720=ORIENTED_EDGE('',*,*,#1721,.T.);
#1721=EDGE_CURVE('',#1722,#1724,#1726,.F.);
#1722=VERTEX_POINT('',#1723);
#1723=CARTESIAN_POINT('',(0.348203693,-0.498203693,0.019999997));
#1724=VERTEX_POINT('',#1725);
#1725=CARTESIAN_POINT('',(0.423203693,-0.498203693,0.019999997));
#1726=LINE('',#1727,#1728);
#1727=CARTESIAN_POINT('',(0.498203693,-0.498203693,0.019999997));
#1728=VECTOR('',#1729,1.0);
#1729=DIRECTION('',(-1.0,-1.011922028E-14,0.0));
#1730=ORIENTED_EDGE('',*,*,#1731,.T.);
#1731=EDGE_CURVE('',#1724,#1244,#1732,.T.);
#1732=(BOUNDED_CURVE()B_SPLINE_CURVE(3,(#1733,#1734,#1735,#1736),.UNSPECIFIED.,.F.,.U.)B_SPLINE_CURVE_WITH_KNOTS((4,4),(4.71238898,4.735664502),.PIECEWISE_BEZIER_KNOTS.)CURVE()GEOMETRIC_REPRESENTATION_ITEM()RATIONAL_B_SPLINE_CURVE((1.0,0.999954855,0.999954855,1.0))REPRESENTATION_ITEM(''));
#1733=CARTESIAN_POINT('',(0.423203693,-0.498203693,0.019999997));
#1734=CARTESIAN_POINT('',(0.423203693,-0.498785595,0.053337093));
#1735=CARTESIAN_POINT('',(0.423210465,-0.499367456,0.086671931));
#1736=CARTESIAN_POINT('',(0.423224008,-0.4999492,0.119999997));
#1737=ORIENTED_EDGE('',*,*,#1243,.F.);
#1738=ORIENTED_EDGE('',*,*,#1739,.T.);
#1739=EDGE_CURVE('',#1236,#93,#1740,.T.);
#1740=(BOUNDED_CURVE()B_SPLINE_CURVE(3,(#1741,#1742,#1743,#1744),.UNSPECIFIED.,.F.,.U.)B_SPLINE_CURVE_WITH_KNOTS((4,4),(1.547520805,1.570796327),.PIECEWISE_BEZIER_KNOTS.)CURVE()GEOMETRIC_REPRESENTATION_ITEM()RATIONAL_B_SPLINE_CURVE((1.0,0.999954855,0.999954855,1.0))REPRESENTATION_ITEM(''));
#1741=CARTESIAN_POINT('',(-0.423325608,-0.4999492,0.119999997));
#1742=CARTESIAN_POINT('',(-0.423312065,-0.499367456,0.086671931));
#1743=CARTESIAN_POINT('',(-0.423305294,-0.498785595,0.053337093));
#1744=CARTESIAN_POINT('',(-0.423305294,-0.498203693,0.019999997));
#1745=ORIENTED_EDGE('',*,*,#1746,.T.);
#1746=EDGE_CURVE('',#93,#1747,#1749,.T.);
#1747=VERTEX_POINT('',#1748);
#1748=CARTESIAN_POINT('',(-0.348305294,-0.498203693,0.019999997));
#1749=LINE('',#1750,#1751);
#1750=CARTESIAN_POINT('',(-5.08001016E-05,-0.498203693,0.019999997));
#1751=VECTOR('',#1752,1.0);
#1752=DIRECTION('',(1.0,0.0,0.0));
#1753=ORIENTED_EDGE('',*,*,#1754,.T.);
#1754=EDGE_CURVE('',#1747,#1722,#1755,.T.);
#1755=LINE('',#1756,#1757);
#1756=CARTESIAN_POINT('',(-5.08001016E-05,-0.498203693,0.019999997));
#1757=VECTOR('',#1758,1.0);
#1758=DIRECTION('',(1.0,0.0,0.0));
#1759=PLANE('',#1760);
#1760=AXIS2_PLACEMENT_3D('',#1761,#1762,#1763);
#1761=CARTESIAN_POINT('',(-0.5000508,-0.4999492,0.119999997));
#1762=DIRECTION('',(0.0,-0.999847695,-0.017452406));
#1763=DIRECTION('',(0.0,0.017452406,-0.999847695));
#1764=ADVANCED_FACE('',(#1765),#1807,.T.);
#1765=FACE_BOUND('',#1766,.T.);
#1766=EDGE_LOOP('',(#1767,#1775,#1776,#1784,#1793,#1801));
#1767=ORIENTED_EDGE('',*,*,#1768,.T.);
#1768=EDGE_CURVE('',#1769,#118,#1771,.F.);
#1769=VERTEX_POINT('',#1770);
#1770=CARTESIAN_POINT('',(-0.498305294,-0.348203693,0.019999997));
#1771=LINE('',#1772,#1773);
#1772=CARTESIAN_POINT('',(-0.498305294,-0.498203693,0.019999997));
#1773=VECTOR('',#1774,1.0);
#1774=DIRECTION('',(-7.228014483E-15,1.0,0.0));
#1775=ORIENTED_EDGE('',*,*,#117,.F.);
#1776=ORIENTED_EDGE('',*,*,#1777,.T.);
#1777=EDGE_CURVE('',#109,#1778,#1780,.F.);
#1778=VERTEX_POINT('',#1779);
#1779=CARTESIAN_POINT('',(-0.5000508,0.423325608,0.119999997));
#1780=LINE('',#1781,#1782);
#1781=CARTESIAN_POINT('',(-0.5000508,0.5000508,0.119999997));
#1782=VECTOR('',#1783,1.0);
#1783=DIRECTION('',(2.168404345E-16,-1.0,0.0));
#1784=ORIENTED_EDGE('',*,*,#1785,.T.);
#1785=EDGE_CURVE('',#1778,#1786,#1788,.T.);
#1786=VERTEX_POINT('',#1787);
#1787=CARTESIAN_POINT('',(-0.498305294,0.423305294,0.019999997));
#1788=(BOUNDED_CURVE()B_SPLINE_CURVE(3,(#1789,#1790,#1791,#1792),.UNSPECIFIED.,.F.,.U.)B_SPLINE_CURVE_WITH_KNOTS((4,4),(1.547520805,1.570796327),.PIECEWISE_BEZIER_KNOTS.)CURVE()GEOMETRIC_REPRESENTATION_ITEM()RATIONAL_B_SPLINE_CURVE((1.0,0.999954855,0.999954855,1.0))REPRESENTATION_ITEM(''));
#1789=CARTESIAN_POINT('',(-0.5000508,0.423325608,0.119999997));
#1790=CARTESIAN_POINT('',(-0.499469057,0.423312065,0.086671931));
#1791=CARTESIAN_POINT('',(-0.498887195,0.423305294,0.053337093));
#1792=CARTESIAN_POINT('',(-0.498305294,0.423305294,0.019999997));
#1793=ORIENTED_EDGE('',*,*,#1794,.T.);
#1794=EDGE_CURVE('',#1786,#1795,#1797,.T.);
#1795=VERTEX_POINT('',#1796);
#1796=CARTESIAN_POINT('',(-0.498305294,0.348305294,0.019999997));
#1797=LINE('',#1798,#1799);
#1798=CARTESIAN_POINT('',(-0.498305294,5.08001016E-05,0.019999997));
#1799=VECTOR('',#1800,1.0);
#1800=DIRECTION('',(2.168404345E-16,-1.0,0.0));
#1801=ORIENTED_EDGE('',*,*,#1802,.T.);
#1802=EDGE_CURVE('',#1795,#1769,#1803,.T.);
#1803=LINE('',#1804,#1805);
#1804=CARTESIAN_POINT('',(-0.498305294,5.08001016E-05,0.019999997));
#1805=VECTOR('',#1806,1.0);
#1806=DIRECTION('',(2.168404345E-16,-1.0,0.0));
#1807=PLANE('',#1808);
#1808=AXIS2_PLACEMENT_3D('',#1809,#1810,#1811);
#1809=CARTESIAN_POINT('',(-0.5000508,0.5000508,0.119999997));
#1810=DIRECTION('',(-0.999847695,-2.168074086E-16,-0.017452406));
#1811=DIRECTION('',(-0.017452406,-1.540743956E-33,0.999847695));
#1812=ADVANCED_FACE('',(#1813),#1855,.T.);
#1813=FACE_BOUND('',#1814,.T.);
#1814=EDGE_LOOP('',(#1815,#1823,#1824,#1832,#1841,#1849));
#1815=ORIENTED_EDGE('',*,*,#1816,.T.);
#1816=EDGE_CURVE('',#1817,#59,#1819,.F.);
#1817=VERTEX_POINT('',#1818);
#1818=CARTESIAN_POINT('',(-0.348305294,0.498305294,0.019999997));
#1819=LINE('',#1820,#1821);
#1820=CARTESIAN_POINT('',(-0.498305294,0.498305294,0.019999997));
#1821=VECTOR('',#1822,1.0);
#1822=DIRECTION('',(1.0,3.614007242E-15,0.0));
#1823=ORIENTED_EDGE('',*,*,#56,.F.);
#1824=ORIENTED_EDGE('',*,*,#1825,.T.);
#1825=EDGE_CURVE('',#57,#1826,#1828,.F.);
#1826=VERTEX_POINT('',#1827);
#1827=CARTESIAN_POINT('',(0.423224008,0.5000508,0.119999997));
#1828=LINE('',#1829,#1830);
#1829=CARTESIAN_POINT('',(-0.5000508,0.5000508,0.119999997));
#1830=VECTOR('',#1831,1.0);
#1831=DIRECTION('',(-1.0,0.0,0.0));
#1832=ORIENTED_EDGE('',*,*,#1833,.T.);
#1833=EDGE_CURVE('',#1826,#1834,#1836,.T.);
#1834=VERTEX_POINT('',#1835);
#1835=CARTESIAN_POINT('',(0.423203693,0.498305294,0.019999997));
#1836=(BOUNDED_CURVE()B_SPLINE_CURVE(3,(#1837,#1838,#1839,#1840),.UNSPECIFIED.,.F.,.U.)B_SPLINE_CURVE_WITH_KNOTS((4,4),(1.547520805,1.570796327),.PIECEWISE_BEZIER_KNOTS.)CURVE()GEOMETRIC_REPRESENTATION_ITEM()RATIONAL_B_SPLINE_CURVE((1.0,0.999954855,0.999954855,1.0))REPRESENTATION_ITEM(''));
#1837=CARTESIAN_POINT('',(0.423224008,0.5000508,0.119999997));
#1838=CARTESIAN_POINT('',(0.423210465,0.499469057,0.086671931));
#1839=CARTESIAN_POINT('',(0.423203693,0.498887195,0.053337093));
#1840=CARTESIAN_POINT('',(0.423203693,0.498305294,0.019999997));
#1841=ORIENTED_EDGE('',*,*,#1842,.T.);
#1842=EDGE_CURVE('',#1834,#1843,#1845,.T.);
#1843=VERTEX_POINT('',#1844);
#1844=CARTESIAN_POINT('',(0.348203693,0.498305294,0.019999997));
#1845=LINE('',#1846,#1847);
#1846=CARTESIAN_POINT('',(-5.08001016E-05,0.498305294,0.019999997));
#1847=VECTOR('',#1848,1.0);
#1848=DIRECTION('',(-1.0,0.0,0.0));
#1849=ORIENTED_EDGE('',*,*,#1850,.T.);
#1850=EDGE_CURVE('',#1843,#1817,#1851,.T.);
#1851=LINE('',#1852,#1853);
#1852=CARTESIAN_POINT('',(-5.08001016E-05,0.498305294,0.019999997));
#1853=VECTOR('',#1854,1.0);
#1854=DIRECTION('',(-1.0,0.0,0.0));
#1855=PLANE('',#1856);
#1856=AXIS2_PLACEMENT_3D('',#1857,#1858,#1859);
#1857=CARTESIAN_POINT('',(-0.5000508,0.5000508,0.119999997));
#1858=DIRECTION('',(0.0,0.999847695,-0.017452406));
#1859=DIRECTION('',(0.0,0.017452406,0.999847695));
#1860=ADVANCED_FACE('',(#1861),#1886,.F.);
#1861=FACE_BOUND('',#1862,.T.);
#1862=EDGE_LOOP('',(#1863,#1871,#1872,#1880));
#1863=ORIENTED_EDGE('',*,*,#1864,.T.);
#1864=EDGE_CURVE('',#1865,#1699,#1867,.F.);
#1865=VERTEX_POINT('',#1866);
#1866=CARTESIAN_POINT('',(0.498203693,0.423305294,-2.682209024E-09));
#1867=LINE('',#1868,#1869);
#1868=CARTESIAN_POINT('',(0.498203693,0.423305294,-0.080000003));
#1869=VECTOR('',#1870,1.0);
#1870=DIRECTION('',(0.0,0.0,-1.0));
#1871=ORIENTED_EDGE('',*,*,#1698,.F.);
#1872=ORIENTED_EDGE('',*,*,#1873,.T.);
#1873=EDGE_CURVE('',#1691,#1874,#1876,.F.);
#1874=VERTEX_POINT('',#1875);
#1875=CARTESIAN_POINT('',(0.498203693,0.348305294,-2.682209024E-09));
#1876=LINE('',#1877,#1878);
#1877=CARTESIAN_POINT('',(0.498203693,0.348305294,-2.682209024E-09));
#1878=VECTOR('',#1879,1.0);
#1879=DIRECTION('',(0.0,0.0,1.0));
#1880=ORIENTED_EDGE('',*,*,#1881,.T.);
#1881=EDGE_CURVE('',#1874,#1865,#1882,.F.);
#1882=LINE('',#1883,#1884);
#1883=CARTESIAN_POINT('',(0.498203693,0.498305294,-2.682209024E-09));
#1884=VECTOR('',#1885,1.0);
#1885=DIRECTION('',(0.0,-1.0,0.0));
#1886=PLANE('',#1887);
#1887=AXIS2_PLACEMENT_3D('',#1888,#1889,#1890);
#1888=CARTESIAN_POINT('',(0.498203693,0.498305294,-2.682209024E-09));
#1889=DIRECTION('',(-1.0,0.0,0.0));
#1890=DIRECTION('',(0.0,0.0,1.0));
#1891=ADVANCED_FACE('',(#1892),#1917,.F.);
#1892=FACE_BOUND('',#1893,.T.);
#1893=EDGE_LOOP('',(#1894,#1902,#1910,#1916));
#1894=ORIENTED_EDGE('',*,*,#1895,.T.);
#1895=EDGE_CURVE('',#1834,#1896,#1898,.F.);
#1896=VERTEX_POINT('',#1897);
#1897=CARTESIAN_POINT('',(0.423203693,0.498305294,-2.682209024E-09));
#1898=LINE('',#1899,#1900);
#1899=CARTESIAN_POINT('',(0.423203693,0.498305294,-0.080000003));
#1900=VECTOR('',#1901,1.0);
#1901=DIRECTION('',(0.0,0.0,1.0));
#1902=ORIENTED_EDGE('',*,*,#1903,.T.);
#1903=EDGE_CURVE('',#1896,#1904,#1906,.F.);
#1904=VERTEX_POINT('',#1905);
#1905=CARTESIAN_POINT('',(0.348203693,0.498305294,-2.682209024E-09));
#1906=LINE('',#1907,#1908);
#1907=CARTESIAN_POINT('',(0.348203693,0.498305294,-2.682209024E-09));
#1908=VECTOR('',#1909,1.0);
#1909=DIRECTION('',(1.0,0.0,0.0));
#1910=ORIENTED_EDGE('',*,*,#1911,.T.);
#1911=EDGE_CURVE('',#1904,#1843,#1912,.T.);
#1912=LINE('',#1913,#1914);
#1913=CARTESIAN_POINT('',(0.348203693,0.498305294,-2.682209024E-09));
#1914=VECTOR('',#1915,1.0);
#1915=DIRECTION('',(0.0,0.0,1.0));
#1916=ORIENTED_EDGE('',*,*,#1842,.F.);
#1917=PLANE('',#1918);
#1918=AXIS2_PLACEMENT_3D('',#1919,#1920,#1921);
#1919=CARTESIAN_POINT('',(0.348203693,0.498305294,-2.682209024E-09));
#1920=DIRECTION('',(0.0,-1.0,0.0));
#1921=DIRECTION('',(0.0,0.0,-1.0));
#1922=ADVANCED_FACE('',(#1923),#1948,.F.);
#1923=FACE_BOUND('',#1924,.T.);
#1924=EDGE_LOOP('',(#1925,#1933,#1941,#1947));
#1925=ORIENTED_EDGE('',*,*,#1926,.T.);
#1926=EDGE_CURVE('',#1786,#1927,#1929,.F.);
#1927=VERTEX_POINT('',#1928);
#1928=CARTESIAN_POINT('',(-0.498305294,0.423305294,-2.682209024E-09));
#1929=LINE('',#1930,#1931);
#1930=CARTESIAN_POINT('',(-0.498305294,0.423305294,-0.080000003));
#1931=VECTOR('',#1932,1.0);
#1932=DIRECTION('',(0.0,0.0,1.0));
#1933=ORIENTED_EDGE('',*,*,#1934,.T.);
#1934=EDGE_CURVE('',#1927,#1935,#1937,.F.);
#1935=VERTEX_POINT('',#1936);
#1936=CARTESIAN_POINT('',(-0.498305294,0.348305294,-2.682209024E-09));
#1937=LINE('',#1938,#1939);
#1938=CARTESIAN_POINT('',(-0.498305294,0.348305294,-2.682209024E-09));
#1939=VECTOR('',#1940,1.0);
#1940=DIRECTION('',(-3.614007242E-15,1.0,0.0));
#1941=ORIENTED_EDGE('',*,*,#1942,.T.);
#1942=EDGE_CURVE('',#1935,#1795,#1943,.T.);
#1943=LINE('',#1944,#1945);
#1944=CARTESIAN_POINT('',(-0.498305294,0.348305294,-2.682209024E-09));
#1945=VECTOR('',#1946,1.0);
#1946=DIRECTION('',(0.0,0.0,1.0));
#1947=ORIENTED_EDGE('',*,*,#1794,.F.);
#1948=PLANE('',#1949);
#1949=AXIS2_PLACEMENT_3D('',#1950,#1951,#1952);
#1950=CARTESIAN_POINT('',(-0.498305294,0.348305294,-2.682209024E-09));
#1951=DIRECTION('',(1.0,3.614007242E-15,0.0));
#1952=DIRECTION('',(-3.614007242E-15,1.0,0.0));
#1953=ADVANCED_FACE('',(#1954),#1979,.F.);
#1954=FACE_BOUND('',#1955,.T.);
#1955=EDGE_LOOP('',(#1956,#1964,#1965,#1973));
#1956=ORIENTED_EDGE('',*,*,#1957,.T.);
#1957=EDGE_CURVE('',#1958,#59,#1960,.F.);
#1958=VERTEX_POINT('',#1959);
#1959=CARTESIAN_POINT('',(-0.423305294,0.498305294,-2.682209024E-09));
#1960=LINE('',#1961,#1962);
#1961=CARTESIAN_POINT('',(-0.423305294,0.498305294,-0.080000003));
#1962=VECTOR('',#1963,1.0);
#1963=DIRECTION('',(0.0,0.0,-1.0));
#1964=ORIENTED_EDGE('',*,*,#1816,.F.);
#1965=ORIENTED_EDGE('',*,*,#1966,.T.);
#1966=EDGE_CURVE('',#1817,#1967,#1969,.F.);
#1967=VERTEX_POINT('',#1968);
#1968=CARTESIAN_POINT('',(-0.348305294,0.498305294,-2.682209024E-09));
#1969=LINE('',#1970,#1971);
#1970=CARTESIAN_POINT('',(-0.348305294,0.498305294,-2.682209024E-09));
#1971=VECTOR('',#1972,1.0);
#1972=DIRECTION('',(0.0,0.0,1.0));
#1973=ORIENTED_EDGE('',*,*,#1974,.T.);
#1974=EDGE_CURVE('',#1967,#1958,#1975,.F.);
#1975=LINE('',#1976,#1977);
#1976=CARTESIAN_POINT('',(-0.498305294,0.498305294,-2.682209024E-09));
#1977=VECTOR('',#1978,1.0);
#1978=DIRECTION('',(1.0,3.614007242E-15,0.0));
#1979=PLANE('',#1980);
#1980=AXIS2_PLACEMENT_3D('',#1981,#1982,#1983);
#1981=CARTESIAN_POINT('',(-0.498305294,0.498305294,-2.682209024E-09));
#1982=DIRECTION('',(3.614007242E-15,-1.0,0.0));
#1983=DIRECTION('',(1.0,3.614007242E-15,0.0));
#1984=ADVANCED_FACE('',(#1985),#2003,.F.);
#1985=FACE_BOUND('',#1986,.T.);
#1986=EDGE_LOOP('',(#1987,#1988,#1996,#2002));
#1987=ORIENTED_EDGE('',*,*,#90,.F.);
#1988=ORIENTED_EDGE('',*,*,#1989,.T.);
#1989=EDGE_CURVE('',#91,#1990,#1992,.F.);
#1990=VERTEX_POINT('',#1991);
#1991=CARTESIAN_POINT('',(-0.348305294,-0.498203693,-2.682209024E-09));
#1992=LINE('',#1993,#1994);
#1993=CARTESIAN_POINT('',(-0.348305294,-0.498203693,-2.682209024E-09));
#1994=VECTOR('',#1995,1.0);
#1995=DIRECTION('',(-1.0,-7.228014483E-15,0.0));
#1996=ORIENTED_EDGE('',*,*,#1997,.T.);
#1997=EDGE_CURVE('',#1990,#1747,#1998,.T.);
#1998=LINE('',#1999,#2000);
#1999=CARTESIAN_POINT('',(-0.348305294,-0.498203693,-2.682209024E-09));
#2000=VECTOR('',#2001,1.0);
#2001=DIRECTION('',(0.0,0.0,1.0));
#2002=ORIENTED_EDGE('',*,*,#1746,.F.);
#2003=PLANE('',#2004);
#2004=AXIS2_PLACEMENT_3D('',#2005,#2006,#2007);
#2005=CARTESIAN_POINT('',(-0.348305294,-0.498203693,-2.682209024E-09));
#2006=DIRECTION('',(-7.228014483E-15,1.0,0.0));
#2007=DIRECTION('',(-1.0,-7.228014483E-15,0.0));
#2008=ADVANCED_FACE('',(#2009),#2027,.F.);
#2009=FACE_BOUND('',#2010,.T.);
#2010=EDGE_LOOP('',(#2011,#2012,#2013,#2021));
#2011=ORIENTED_EDGE('',*,*,#126,.F.);
#2012=ORIENTED_EDGE('',*,*,#1768,.F.);
#2013=ORIENTED_EDGE('',*,*,#2014,.T.);
#2014=EDGE_CURVE('',#1769,#2015,#2017,.F.);
#2015=VERTEX_POINT('',#2016);
#2016=CARTESIAN_POINT('',(-0.498305294,-0.348203693,-2.682209024E-09));
#2017=LINE('',#2018,#2019);
#2018=CARTESIAN_POINT('',(-0.498305294,-0.348203693,-2.682209024E-09));
#2019=VECTOR('',#2020,1.0);
#2020=DIRECTION('',(0.0,0.0,1.0));
#2021=ORIENTED_EDGE('',*,*,#2022,.T.);
#2022=EDGE_CURVE('',#2015,#127,#2023,.F.);
#2023=LINE('',#2024,#2025);
#2024=CARTESIAN_POINT('',(-0.498305294,-0.498203693,-2.682209024E-09));
#2025=VECTOR('',#2026,1.0);
#2026=DIRECTION('',(-7.228014483E-15,1.0,0.0));
#2027=PLANE('',#2028);
#2028=AXIS2_PLACEMENT_3D('',#2029,#2030,#2031);
#2029=CARTESIAN_POINT('',(-0.498305294,-0.498203693,-2.682209024E-09));
#2030=DIRECTION('',(1.0,7.228014483E-15,0.0));
#2031=DIRECTION('',(-7.228014483E-15,1.0,0.0));
#2032=ADVANCED_FACE('',(#2033),#2058,.F.);
#2033=FACE_BOUND('',#2034,.T.);
#2034=EDGE_LOOP('',(#2035,#2043,#2051,#2057));
#2035=ORIENTED_EDGE('',*,*,#2036,.T.);
#2036=EDGE_CURVE('',#1674,#2037,#2039,.F.);
#2037=VERTEX_POINT('',#2038);
#2038=CARTESIAN_POINT('',(0.498203693,-0.423203693,-2.682209024E-09));
#2039=LINE('',#2040,#2041);
#2040=CARTESIAN_POINT('',(0.498203693,-0.423203693,-0.080000003));
#2041=VECTOR('',#2042,1.0);
#2042=DIRECTION('',(0.0,0.0,1.0));
#2043=ORIENTED_EDGE('',*,*,#2044,.T.);
#2044=EDGE_CURVE('',#2037,#2045,#2047,.F.);
#2045=VERTEX_POINT('',#2046);
#2046=CARTESIAN_POINT('',(0.498203693,-0.348203693,-2.682209024E-09));
#2047=LINE('',#2048,#2049);
#2048=CARTESIAN_POINT('',(0.498203693,-0.348203693,-2.682209024E-09));
#2049=VECTOR('',#2050,1.0);
#2050=DIRECTION('',(1.011922028E-14,-1.0,0.0));
#2051=ORIENTED_EDGE('',*,*,#2052,.T.);
#2052=EDGE_CURVE('',#2045,#1683,#2053,.T.);
#2053=LINE('',#2054,#2055);
#2054=CARTESIAN_POINT('',(0.498203693,-0.348203693,-2.682209024E-09));
#2055=VECTOR('',#2056,1.0);
#2056=DIRECTION('',(0.0,0.0,1.0));
#2057=ORIENTED_EDGE('',*,*,#1682,.F.);
#2058=PLANE('',#2059);
#2059=AXIS2_PLACEMENT_3D('',#2060,#2061,#2062);
#2060=CARTESIAN_POINT('',(0.498203693,-0.348203693,-2.682209024E-09));
#2061=DIRECTION('',(-1.0,-1.011922028E-14,0.0));
#2062=DIRECTION('',(1.011922028E-14,-1.0,0.0));
#2063=ADVANCED_FACE('',(#2064),#2089,.F.);
#2064=FACE_BOUND('',#2065,.T.);
#2065=EDGE_LOOP('',(#2066,#2074,#2075,#2083));
#2066=ORIENTED_EDGE('',*,*,#2067,.T.);
#2067=EDGE_CURVE('',#2068,#1724,#2070,.F.);
#2068=VERTEX_POINT('',#2069);
#2069=CARTESIAN_POINT('',(0.423203693,-0.498203693,-2.682209024E-09));
#2070=LINE('',#2071,#2072);
#2071=CARTESIAN_POINT('',(0.423203693,-0.498203693,-0.080000003));
#2072=VECTOR('',#2073,1.0);
#2073=DIRECTION('',(0.0,0.0,-1.0));
#2074=ORIENTED_EDGE('',*,*,#1721,.F.);
#2075=ORIENTED_EDGE('',*,*,#2076,.T.);
#2076=EDGE_CURVE('',#1722,#2077,#2079,.F.);
#2077=VERTEX_POINT('',#2078);
#2078=CARTESIAN_POINT('',(0.348203693,-0.498203693,-2.682209024E-09));
#2079=LINE('',#2080,#2081);
#2080=CARTESIAN_POINT('',(0.348203693,-0.498203693,-2.682209024E-09));
#2081=VECTOR('',#2082,1.0);
#2082=DIRECTION('',(0.0,0.0,1.0));
#2083=ORIENTED_EDGE('',*,*,#2084,.T.);
#2084=EDGE_CURVE('',#2077,#2068,#2085,.F.);
#2085=LINE('',#2086,#2087);
#2086=CARTESIAN_POINT('',(0.498203693,-0.498203693,-2.682209024E-09));
#2087=VECTOR('',#2088,1.0);
#2088=DIRECTION('',(-1.0,-1.011922028E-14,0.0));
#2089=PLANE('',#2090);
#2090=AXIS2_PLACEMENT_3D('',#2091,#2092,#2093);
#2091=CARTESIAN_POINT('',(0.498203693,-0.498203693,-2.682209024E-09));
#2092=DIRECTION('',(-1.011922028E-14,1.0,0.0));
#2093=DIRECTION('',(-1.0,-1.011922028E-14,0.0));
#2094=ADVANCED_FACE('',(#2095,#2293,#2343,#2521,#2619,#2693,#2759),#2785,.F.);
#2095=FACE_BOUND('',#2096,.T.);
#2096=EDGE_LOOP('',(#2097,#2106,#2107,#2116,#2124,#2132,#2140,#2148,#2155,#2156,#2165,#2173,#2181,#2189,#2197,#2204,#2205,#2214,#2222,#2230,#2238,#2246,#2253,#2254,#2263,#2271,#2279,#2287));
#2097=ORIENTED_EDGE('',*,*,#2098,.T.);
#2098=EDGE_CURVE('',#2099,#1722,#2101,.F.);
#2099=VERTEX_POINT('',#2100);
#2100=CARTESIAN_POINT('',(0.356177274,-0.4499492,0.019999997));
#2101=CIRCLE('',#2102,0.15);
#2102=AXIS2_PLACEMENT_3D('',#2103,#2104,#2105);
#2103=CARTESIAN_POINT('',(0.498203693,-0.498203693,0.019999997));
#2104=DIRECTION('',(0.0,0.0,-1.0));
#2105=DIRECTION('',(-1.0,0.0,0.0));
#2106=ORIENTED_EDGE('',*,*,#1754,.F.);
#2107=ORIENTED_EDGE('',*,*,#2108,.T.);
#2108=EDGE_CURVE('',#1747,#2109,#2111,.F.);
#2109=VERTEX_POINT('',#2110);
#2110=CARTESIAN_POINT('',(-0.356278874,-0.4499492,0.019999997));
#2111=CIRCLE('',#2112,0.15);
#2112=AXIS2_PLACEMENT_3D('',#2113,#2114,#2115);
#2113=CARTESIAN_POINT('',(-0.498305294,-0.498203693,0.019999997));
#2114=DIRECTION('',(0.0,0.0,-1.0));
#2115=DIRECTION('',(-1.0,0.0,0.0));
#2116=ORIENTED_EDGE('',*,*,#2117,.T.);
#2117=EDGE_CURVE('',#2109,#2118,#2120,.F.);
#2118=VERTEX_POINT('',#2119);
#2119=CARTESIAN_POINT('',(-0.2000508,-0.4499492,0.019999997));
#2120=LINE('',#2121,#2122);
#2121=CARTESIAN_POINT('',(-0.2000508,-0.4499492,0.019999997));
#2122=VECTOR('',#2123,1.0);
#2123=DIRECTION('',(-1.0,-6.245880978E-15,0.0));
#2124=ORIENTED_EDGE('',*,*,#2125,.T.);
#2125=EDGE_CURVE('',#2118,#2126,#2128,.F.);
#2126=VERTEX_POINT('',#2127);
#2127=CARTESIAN_POINT('',(-0.2000508,-0.1999492,0.019999997));
#2128=LINE('',#2129,#2130);
#2129=CARTESIAN_POINT('',(-0.2000508,-0.1999492,0.019999997));
#2130=VECTOR('',#2131,1.0);
#2131=DIRECTION('',(6.938893904E-15,-1.0,0.0));
#2132=ORIENTED_EDGE('',*,*,#2133,.T.);
#2133=EDGE_CURVE('',#2126,#2134,#2136,.F.);
#2134=VERTEX_POINT('',#2135);
#2135=CARTESIAN_POINT('',(-0.4500508,-0.1999492,0.019999997));
#2136=LINE('',#2137,#2138);
#2137=CARTESIAN_POINT('',(-0.2000508,-0.1999492,0.019999997));
#2138=VECTOR('',#2139,1.0);
#2139=DIRECTION('',(1.0,6.938893904E-15,0.0));
#2140=ORIENTED_EDGE('',*,*,#2141,.T.);
#2141=EDGE_CURVE('',#2134,#2142,#2144,.F.);
#2142=VERTEX_POINT('',#2143);
#2143=CARTESIAN_POINT('',(-0.4500508,-0.356177274,0.019999997));
#2144=LINE('',#2145,#2146);
#2145=CARTESIAN_POINT('',(-0.4500508,-0.1999492,0.019999997));
#2146=VECTOR('',#2147,1.0);
#2147=DIRECTION('',(-6.939867753E-15,1.0,0.0));
#2148=ORIENTED_EDGE('',*,*,#2149,.T.);
#2149=EDGE_CURVE('',#2142,#1769,#2150,.F.);
#2150=CIRCLE('',#2151,0.15);
#2151=AXIS2_PLACEMENT_3D('',#2152,#2153,#2154);
#2152=CARTESIAN_POINT('',(-0.498305294,-0.498203693,0.019999997));
#2153=DIRECTION('',(0.0,0.0,-1.0));
#2154=DIRECTION('',(-1.0,0.0,0.0));
#2155=ORIENTED_EDGE('',*,*,#1802,.F.);
#2156=ORIENTED_EDGE('',*,*,#2157,.T.);
#2157=EDGE_CURVE('',#1795,#2158,#2160,.F.);
#2158=VERTEX_POINT('',#2159);
#2159=CARTESIAN_POINT('',(-0.4500508,0.356278874,0.019999997));
#2160=CIRCLE('',#2161,0.15);
#2161=AXIS2_PLACEMENT_3D('',#2162,#2163,#2164);
#2162=CARTESIAN_POINT('',(-0.498305294,0.498305294,0.019999997));
#2163=DIRECTION('',(0.0,0.0,-1.0));
#2164=DIRECTION('',(-1.0,0.0,0.0));
#2165=ORIENTED_EDGE('',*,*,#2166,.T.);
#2166=EDGE_CURVE('',#2158,#2167,#2169,.F.);
#2167=VERTEX_POINT('',#2168);
#2168=CARTESIAN_POINT('',(-0.4500508,0.2000508,0.019999997));
#2169=LINE('',#2170,#2171);
#2170=CARTESIAN_POINT('',(-0.4500508,0.2000508,0.019999997));
#2171=VECTOR('',#2172,1.0);
#2172=DIRECTION('',(-2.775947101E-15,1.0,0.0));
#2173=ORIENTED_EDGE('',*,*,#2174,.T.);
#2174=EDGE_CURVE('',#2167,#2175,#2177,.F.);
#2175=VERTEX_POINT('',#2176);
#2176=CARTESIAN_POINT('',(-0.2000508,0.2000508,0.019999997));
#2177=LINE('',#2178,#2179);
#2178=CARTESIAN_POINT('',(-0.2000508,0.2000508,0.019999997));
#2179=VECTOR('',#2180,1.0);
#2180=DIRECTION('',(-1.0,-3.469446952E-15,0.0));
#2181=ORIENTED_EDGE('',*,*,#2182,.T.);
#2182=EDGE_CURVE('',#2175,#2183,#2185,.F.);
#2183=VERTEX_POINT('',#2184);
#2184=CARTESIAN_POINT('',(-0.2000508,0.4500508,0.019999997));
#2185=LINE('',#2186,#2187);
#2186=CARTESIAN_POINT('',(-0.2000508,0.2000508,0.019999997));
#2187=VECTOR('',#2188,1.0);
#2188=DIRECTION('',(3.469446952E-15,-1.0,0.0));
#2189=ORIENTED_EDGE('',*,*,#2190,.T.);
#2190=EDGE_CURVE('',#2183,#2191,#2193,.F.);
#2191=VERTEX_POINT('',#2192);
#2192=CARTESIAN_POINT('',(-0.356278874,0.4500508,0.019999997));
#2193=LINE('',#2194,#2195);
#2194=CARTESIAN_POINT('',(-0.2000508,0.4500508,0.019999997));
#2195=VECTOR('',#2196,1.0);
#2196=DIRECTION('',(1.0,3.469933877E-15,0.0));
#2197=ORIENTED_EDGE('',*,*,#2198,.T.);
#2198=EDGE_CURVE('',#2191,#1817,#2199,.F.);
#2199=CIRCLE('',#2200,0.15);
#2200=AXIS2_PLACEMENT_3D('',#2201,#2202,#2203);
#2201=CARTESIAN_POINT('',(-0.498305294,0.498305294,0.019999997));
#2202=DIRECTION('',(0.0,0.0,-1.0));
#2203=DIRECTION('',(-1.0,0.0,0.0));
#2204=ORIENTED_EDGE('',*,*,#1850,.F.);
#2205=ORIENTED_EDGE('',*,*,#2206,.T.);
#2206=EDGE_CURVE('',#1843,#2207,#2209,.F.);
#2207=VERTEX_POINT('',#2208);
#2208=CARTESIAN_POINT('',(0.356177274,0.4500508,0.019999997));
#2209=CIRCLE('',#2210,0.15);
#2210=AXIS2_PLACEMENT_3D('',#2211,#2212,#2213);
#2211=CARTESIAN_POINT('',(0.498203693,0.498305294,0.019999997));
#2212=DIRECTION('',(0.0,0.0,-1.0));
#2213=DIRECTION('',(-1.0,0.0,0.0));
#2214=ORIENTED_EDGE('',*,*,#2215,.T.);
#2215=EDGE_CURVE('',#2207,#2216,#2218,.F.);
#2216=VERTEX_POINT('',#2217);
#2217=CARTESIAN_POINT('',(0.1999492,0.4500508,0.019999997));
#2218=LINE('',#2219,#2220);
#2219=CARTESIAN_POINT('',(0.1999492,0.4500508,0.019999997));
#2220=VECTOR('',#2221,1.0);
#2221=DIRECTION('',(1.0,-6.939867753E-16,0.0));
#2222=ORIENTED_EDGE('',*,*,#2223,.T.);
#2223=EDGE_CURVE('',#2216,#2224,#2226,.F.);
#2224=VERTEX_POINT('',#2225);
#2225=CARTESIAN_POINT('',(0.1999492,0.2000508,0.019999997));
#2226=LINE('',#2227,#2228);
#2227=CARTESIAN_POINT('',(0.1999492,0.2000508,0.019999997));
#2228=VECTOR('',#2229,1.0);
#2229=DIRECTION('',(0.0,1.0,0.0));
#2230=ORIENTED_EDGE('',*,*,#2231,.T.);
#2231=EDGE_CURVE('',#2224,#2232,#2234,.F.);
#2232=VERTEX_POINT('',#2233);
#2233=CARTESIAN_POINT('',(0.4499492,0.2000508,0.019999997));
#2234=LINE('',#2235,#2236);
#2235=CARTESIAN_POINT('',(0.1999492,0.2000508,0.019999997));
#2236=VECTOR('',#2237,1.0);
#2237=DIRECTION('',(-1.0,0.0,0.0));
#2238=ORIENTED_EDGE('',*,*,#2239,.T.);
#2239=EDGE_CURVE('',#2232,#2240,#2242,.F.);
#2240=VERTEX_POINT('',#2241);
#2241=CARTESIAN_POINT('',(0.4499492,0.356278874,0.019999997));
#2242=LINE('',#2243,#2244);
#2243=CARTESIAN_POINT('',(0.4499492,0.2000508,0.019999997));
#2244=VECTOR('',#2245,1.0);
#2245=DIRECTION('',(0.0,-1.0,0.0));
#2246=ORIENTED_EDGE('',*,*,#2247,.T.);
#2247=EDGE_CURVE('',#2240,#1691,#2248,.F.);
#2248=CIRCLE('',#2249,0.15);
#2249=AXIS2_PLACEMENT_3D('',#2250,#2251,#2252);
#2250=CARTESIAN_POINT('',(0.498203693,0.498305294,0.019999997));
#2251=DIRECTION('',(0.0,0.0,-1.0));
#2252=DIRECTION('',(-1.0,0.0,0.0));
#2253=ORIENTED_EDGE('',*,*,#1690,.F.);
#2254=ORIENTED_EDGE('',*,*,#2255,.T.);
#2255=EDGE_CURVE('',#1683,#2256,#2258,.F.);
#2256=VERTEX_POINT('',#2257);
#2257=CARTESIAN_POINT('',(0.4499492,-0.356177274,0.019999997));
#2258=CIRCLE('',#2259,0.15);
#2259=AXIS2_PLACEMENT_3D('',#2260,#2261,#2262);
#2260=CARTESIAN_POINT('',(0.498203693,-0.498203693,0.019999997));
#2261=DIRECTION('',(0.0,0.0,-1.0));
#2262=DIRECTION('',(-1.0,0.0,0.0));
#2263=ORIENTED_EDGE('',*,*,#2264,.T.);
#2264=EDGE_CURVE('',#2256,#2265,#2267,.F.);
#2265=VERTEX_POINT('',#2266);
#2266=CARTESIAN_POINT('',(0.4499492,-0.1999492,0.019999997));
#2267=LINE('',#2268,#2269);
#2268=CARTESIAN_POINT('',(0.4499492,-0.1999492,0.019999997));
#2269=VECTOR('',#2270,1.0);
#2270=DIRECTION('',(9.715814855E-15,-1.0,0.0));
#2271=ORIENTED_EDGE('',*,*,#2272,.T.);
#2272=EDGE_CURVE('',#2265,#2273,#2275,.F.);
#2273=VERTEX_POINT('',#2274);
#2274=CARTESIAN_POINT('',(0.1999492,-0.1999492,0.019999997));
#2275=LINE('',#2276,#2277);
#2276=CARTESIAN_POINT('',(0.1999492,-0.1999492,0.019999997));
#2277=VECTOR('',#2278,1.0);
#2278=DIRECTION('',(1.0,1.051676107E-14,0.0));
#2279=ORIENTED_EDGE('',*,*,#2280,.T.);
#2280=EDGE_CURVE('',#2273,#2281,#2283,.F.);
#2281=VERTEX_POINT('',#2282);
#2282=CARTESIAN_POINT('',(0.1999492,-0.4499492,0.019999997));
#2283=LINE('',#2284,#2285);
#2284=CARTESIAN_POINT('',(0.1999492,-0.1999492,0.019999997));
#2285=VECTOR('',#2286,1.0);
#2286=DIRECTION('',(-1.051676107E-14,1.0,0.0));
#2287=ORIENTED_EDGE('',*,*,#2288,.T.);
#2288=EDGE_CURVE('',#2281,#2099,#2289,.F.);
#2289=LINE('',#2290,#2291);
#2290=CARTESIAN_POINT('',(0.1999492,-0.4499492,0.019999997));
#2291=VECTOR('',#2292,1.0);
#2292=DIRECTION('',(-1.0,-1.040980163E-14,0.0));
#2293=FACE_BOUND('',#2294,.T.);
#2294=EDGE_LOOP('',(#2295,#2305,#2313,#2321,#2329,#2337));
#2295=ORIENTED_EDGE('',*,*,#2296,.T.);
#2296=EDGE_CURVE('',#2297,#2299,#2301,.T.);
#2297=VERTEX_POINT('',#2298);
#2298=CARTESIAN_POINT('',(0.441985686,-0.133791453,0.019999997));
#2299=VERTEX_POINT('',#2300);
#2300=CARTESIAN_POINT('',(0.404180808,-0.133791453,0.019999997));
#2301=LINE('',#2302,#2303);
#2302=CARTESIAN_POINT('',(-5.08001016E-05,-0.133791453,0.019999997));
#2303=VECTOR('',#2304,1.0);
#2304=DIRECTION('',(-1.0,0.0,0.0));
#2305=ORIENTED_EDGE('',*,*,#2306,.T.);
#2306=EDGE_CURVE('',#2299,#2307,#2309,.T.);
#2307=VERTEX_POINT('',#2308);
#2308=CARTESIAN_POINT('',(0.404180808,-0.144767063,0.019999997));
#2309=LINE('',#2310,#2311);
#2310=CARTESIAN_POINT('',(0.404180808,5.08001016E-05,0.019999997));
#2311=VECTOR('',#2312,1.0);
#2312=DIRECTION('',(0.0,-1.0,0.0));
#2313=ORIENTED_EDGE('',*,*,#2314,.T.);
#2314=EDGE_CURVE('',#2307,#2315,#2317,.T.);
#2315=VERTEX_POINT('',#2316);
#2316=CARTESIAN_POINT('',(0.45540032,-0.144767063,0.019999997));
#2317=LINE('',#2318,#2319);
#2318=CARTESIAN_POINT('',(-5.08001016E-05,-0.144767063,0.019999997));
#2319=VECTOR('',#2320,1.0);
#2320=DIRECTION('',(1.0,0.0,0.0));
#2321=ORIENTED_EDGE('',*,*,#2322,.T.);
#2322=EDGE_CURVE('',#2315,#2323,#2325,.T.);
#2323=VERTEX_POINT('',#2324);
#2324=CARTESIAN_POINT('',(0.45540032,-0.044767063,0.019999997));
#2325=LINE('',#2326,#2327);
#2326=CARTESIAN_POINT('',(0.45540032,5.08001016E-05,0.019999997));
#2327=VECTOR('',#2328,1.0);
#2328=DIRECTION('',(0.0,1.0,0.0));
#2329=ORIENTED_EDGE('',*,*,#2330,.T.);
#2330=EDGE_CURVE('',#2323,#2331,#2333,.T.);
#2331=VERTEX_POINT('',#2332);
#2332=CARTESIAN_POINT('',(0.441985686,-0.044767063,0.019999997));
#2333=LINE('',#2334,#2335);
#2334=CARTESIAN_POINT('',(-5.08001016E-05,-0.044767063,0.019999997));
#2335=VECTOR('',#2336,1.0);
#2336=DIRECTION('',(-1.0,0.0,0.0));
#2337=ORIENTED_EDGE('',*,*,#2338,.T.);
#2338=EDGE_CURVE('',#2331,#2297,#2339,.T.);
#2339=LINE('',#2340,#2341);
#2340=CARTESIAN_POINT('',(0.441985686,5.08001016E-05,0.019999997));
#2341=VECTOR('',#2342,1.0);
#2342=DIRECTION('',(0.0,-1.0,0.0));
#2343=FACE_BOUND('',#2344,.T.);
#2344=EDGE_LOOP('',(#2345,#2363,#2371,#2387,#2411,#2435,#2451,#2459,#2475,#2499));
#2345=ORIENTED_EDGE('',*,*,#2346,.T.);
#2346=EDGE_CURVE('',#2347,#2349,#2351,.T.);
#2347=VERTEX_POINT('',#2348);
#2348=CARTESIAN_POINT('',(0.3469209,-0.135010965,0.019999997));
#2349=VERTEX_POINT('',#2350);
#2350=CARTESIAN_POINT('',(0.321253979,-0.128608526,0.019999997));
#2351=B_SPLINE_CURVE_WITH_KNOTS('',3,(#2352,#2353,#2354,#2355,#2356,#2357,#2358,#2359,#2360,#2361,#2362),.UNSPECIFIED.,.F.,.U.,(4,1,1,1,1,1,1,1,4),(0.0,0.135294605,0.266765658,0.394816019,0.520051654,0.642175703,0.762651821,0.881834004,1.0),.UNSPECIFIED.);
#2352=CARTESIAN_POINT('',(0.3469209,-0.135010965,0.019999997));
#2353=CARTESIAN_POINT('',(0.345713358,-0.134995111,0.019999997));
#2354=CARTESIAN_POINT('',(0.3433324,-0.134963851,0.019999997));
#2355=CARTESIAN_POINT('',(0.339821212,-0.134643054,0.019999997));
#2356=CARTESIAN_POINT('',(0.336420189,-0.134160232,0.019999997));
#2357=CARTESIAN_POINT('',(0.333144114,-0.13344956,0.019999997));
#2358=CARTESIAN_POINT('',(0.329981754,-0.13255996,0.019999997));
#2359=CARTESIAN_POINT('',(0.326951039,-0.131442554,0.019999997));
#2360=CARTESIAN_POINT('',(0.324019583,-0.130166245,0.019999997));
#2361=CARTESIAN_POINT('',(0.322173212,-0.129126282,0.019999997));
#2362=CARTESIAN_POINT('',(0.321253979,-0.128608526,0.019999997));
#2363=ORIENTED_EDGE('',*,*,#2364,.T.);
#2364=EDGE_CURVE('',#2349,#2365,#2367,.T.);
#2365=VERTEX_POINT('',#2366);
#2366=CARTESIAN_POINT('',(0.321253979,-0.139584136,0.019999997));
#2367=LINE('',#2368,#2369);
#2368=CARTESIAN_POINT('',(0.321253979,5.08001016E-05,0.019999997));
#2369=VECTOR('',#2370,1.0);
#2370=DIRECTION('',(0.0,-1.0,0.0));
#2371=ORIENTED_EDGE('',*,*,#2372,.T.);
#2372=EDGE_CURVE('',#2365,#2373,#2375,.T.);
#2373=VERTEX_POINT('',#2374);
#2374=CARTESIAN_POINT('',(0.348769223,-0.145986575,0.019999997));
#2375=B_SPLINE_CURVE_WITH_KNOTS('',3,(#2376,#2377,#2378,#2379,#2380,#2381,#2382,#2383,#2384,#2385,#2386),.UNSPECIFIED.,.F.,.U.,(4,1,1,1,1,1,1,1,4),(0.0,0.11244839,0.226527675,0.344401949,0.465864972,0.591659449,0.722168487,0.858606388,1.0),.UNSPECIFIED.);
#2376=CARTESIAN_POINT('',(0.321253979,-0.139584136,0.019999997));
#2377=CARTESIAN_POINT('',(0.322192318,-0.140102061,0.019999997));
#2378=CARTESIAN_POINT('',(0.324082605,-0.141145423,0.019999997));
#2379=CARTESIAN_POINT('',(0.327105572,-0.142432832,0.019999997));
#2380=CARTESIAN_POINT('',(0.330286465,-0.143543283,0.019999997));
#2381=CARTESIAN_POINT('',(0.333653126,-0.144428768,0.019999997));
#2382=CARTESIAN_POINT('',(0.337183175,-0.145140409,0.019999997));
#2383=CARTESIAN_POINT('',(0.340895316,-0.145622429,0.019999997));
#2384=CARTESIAN_POINT('',(0.344774843,-0.145939728,0.019999997));
#2385=CARTESIAN_POINT('',(0.347422023,-0.145970775,0.019999997));
#2386=CARTESIAN_POINT('',(0.348769223,-0.145986575,0.019999997));
#2387=ORIENTED_EDGE('',*,*,#2388,.T.);
#2388=EDGE_CURVE('',#2373,#2389,#2391,.T.);
#2389=VERTEX_POINT('',#2390);
#2390=CARTESIAN_POINT('',(0.395644223,-0.096653496,0.019999997));
#2391=B_SPLINE_CURVE_WITH_KNOTS('',3,(#2392,#2393,#2394,#2395,#2396,#2397,#2398,#2399,#2400,#2401,#2402,#2403,#2404,#2405,#2406,#2407,#2408,#2409,#2410),.UNSPECIFIED.,.F.,.U.,(4,1,1,1,1,1,1,1,1,1,1,1,1,1,1,1,4),(0.0,0.067833248,0.132655537,0.195050884,0.255582933,0.314799834,0.373600473,0.432545595,0.492430629,0.552671256,0.612513044,0.67261025,0.733838369,0.796594239,0.861449799,0.929198942,1.0),.UNSPECIFIED.);
#2392=CARTESIAN_POINT('',(0.348769223,-0.145986575,0.019999997));
#2393=CARTESIAN_POINT('',(0.350505129,-0.145947859,0.019999997));
#2394=CARTESIAN_POINT('',(0.353899888,-0.145872147,0.019999997));
#2395=CARTESIAN_POINT('',(0.358859135,-0.145235291,0.019999997));
#2396=CARTESIAN_POINT('',(0.363550762,-0.14417204,0.019999997));
#2397=CARTESIAN_POINT('',(0.367973142,-0.142678132,0.019999997));
#2398=CARTESIAN_POINT('',(0.372141745,-0.140790425,0.019999997));
#2399=CARTESIAN_POINT('',(0.376034978,-0.138457032,0.019999997));
#2400=CARTESIAN_POINT('',(0.379627077,-0.135659577,0.019999997));
#2401=CARTESIAN_POINT('',(0.382965575,-0.132510828,0.019999997));
#2402=CARTESIAN_POINT('',(0.38594441,-0.128987817,0.019999997));
#2403=CARTESIAN_POINT('',(0.388551818,-0.125177149,0.019999997));
#2404=CARTESIAN_POINT('',(0.390757673,-0.121090675,0.019999997));
#2405=CARTESIAN_POINT('',(0.392547575,-0.116726152,0.019999997));
#2406=CARTESIAN_POINT('',(0.393942438,-0.112092441,0.019999997));
#2407=CARTESIAN_POINT('',(0.394917892,-0.107185369,0.019999997));
#2408=CARTESIAN_POINT('',(0.395551805,-0.102011822,0.019999997));
#2409=CARTESIAN_POINT('',(0.395612968,-0.098465642,0.019999997));
#2410=CARTESIAN_POINT('',(0.395644223,-0.096653496,0.019999997));
#2411=ORIENTED_EDGE('',*,*,#2412,.T.);
#2412=EDGE_CURVE('',#2389,#2413,#2415,.T.);
#2413=VERTEX_POINT('',#2414);
#2414=CARTESIAN_POINT('',(0.344786753,-0.043547551,0.019999997));
#2415=B_SPLINE_CURVE_WITH_KNOTS('',3,(#2416,#2417,#2418,#2419,#2420,#2421,#2422,#2423,#2424,#2425,#2426,#2427,#2428,#2429,#2430,#2431,#2432,#2433,#2434),.UNSPECIFIED.,.F.,.U.,(4,1,1,1,1,1,1,1,1,1,1,1,1,1,1,1,4),(0.0,0.070643719,0.138256716,0.203364124,0.266324094,0.327904762,0.388737715,0.449423528,0.510861011,0.572079396,0.631734429,0.691117211,0.750360029,0.810032901,0.871362451,0.934427141,1.0),.UNSPECIFIED.);
#2416=CARTESIAN_POINT('',(0.395644223,-0.096653496,0.019999997));
#2417=CARTESIAN_POINT('',(0.39560067,-0.094707945,0.019999997));
#2418=CARTESIAN_POINT('',(0.395515434,-0.09090031,0.019999997));
#2419=CARTESIAN_POINT('',(0.394837923,-0.085332614,0.019999997));
#2420=CARTESIAN_POINT('',(0.393726237,-0.080053214,0.019999997));
#2421=CARTESIAN_POINT('',(0.392135268,-0.075070125,0.019999997));
#2422=CARTESIAN_POINT('',(0.390109299,-0.070376611,0.019999997));
#2423=CARTESIAN_POINT('',(0.387646608,-0.065966427,0.019999997));
#2424=CARTESIAN_POINT('',(0.384707178,-0.061862296,0.019999997));
#2425=CARTESIAN_POINT('',(0.38133782,-0.058092114,0.019999997));
#2426=CARTESIAN_POINT('',(0.377650025,-0.054674763,0.019999997));
#2427=CARTESIAN_POINT('',(0.373670909,-0.051692721,0.019999997));
#2428=CARTESIAN_POINT('',(0.369448471,-0.049172646,0.019999997));
#2429=CARTESIAN_POINT('',(0.364988687,-0.04709792,0.019999997));
#2430=CARTESIAN_POINT('',(0.360275163,-0.045514194,0.019999997));
#2431=CARTESIAN_POINT('',(0.355329952,-0.044376804,0.019999997));
#2432=CARTESIAN_POINT('',(0.350136022,-0.043672011,0.019999997));
#2433=CARTESIAN_POINT('',(0.346592871,-0.043589573,0.019999997));
#2434=CARTESIAN_POINT('',(0.344786753,-0.043547551,0.019999997));
#2435=ORIENTED_EDGE('',*,*,#2436,.T.);
#2436=EDGE_CURVE('',#2413,#2437,#2439,.T.);
#2437=VERTEX_POINT('',#2438);
#2438=CARTESIAN_POINT('',(0.321253979,-0.047510965,0.019999997));
#2439=B_SPLINE_CURVE_WITH_KNOTS('',3,(#2440,#2441,#2442,#2443,#2444,#2445,#2446,#2447,#2448,#2449,#2450),.UNSPECIFIED.,.F.,.U.,(4,1,1,1,1,1,1,1,4),(0.0,0.145186866,0.283442611,0.416524366,0.543181124,0.665153083,0.781360206,0.892756656,1.0),.UNSPECIFIED.);
#2440=CARTESIAN_POINT('',(0.344786753,-0.043547551,0.019999997));
#2441=CARTESIAN_POINT('',(0.343624067,-0.043555885,0.019999997));
#2442=CARTESIAN_POINT('',(0.341354201,-0.043572156,0.019999997));
#2443=CARTESIAN_POINT('',(0.338024276,-0.043776196,0.019999997));
#2444=CARTESIAN_POINT('',(0.334849549,-0.044064567,0.019999997));
#2445=CARTESIAN_POINT('',(0.331825424,-0.044514229,0.019999997));
#2446=CARTESIAN_POINT('',(0.328952057,-0.045049505,0.019999997));
#2447=CARTESIAN_POINT('',(0.326240212,-0.045747263,0.019999997));
#2448=CARTESIAN_POINT('',(0.323672842,-0.046529095,0.019999997));
#2449=CARTESIAN_POINT('',(0.322049991,-0.047187846,0.019999997));
#2450=CARTESIAN_POINT('',(0.321253979,-0.047510965,0.019999997));
#2451=ORIENTED_EDGE('',*,*,#2452,.T.);
#2452=EDGE_CURVE('',#2437,#2453,#2455,.T.);
#2453=VERTEX_POINT('',#2454);
#2454=CARTESIAN_POINT('',(0.321253979,-0.0609256,0.019999997));
#2455=LINE('',#2456,#2457);
#2456=CARTESIAN_POINT('',(0.321253979,5.08001016E-05,0.019999997));
#2457=VECTOR('',#2458,1.0);
#2458=DIRECTION('',(0.0,-1.0,0.0));
#2459=ORIENTED_EDGE('',*,*,#2460,.T.);
#2460=EDGE_CURVE('',#2453,#2461,#2463,.T.);
#2461=VERTEX_POINT('',#2462);
#2462=CARTESIAN_POINT('',(0.344672424,-0.05452316,0.019999997));
#2463=B_SPLINE_CURVE_WITH_KNOTS('',3,(#2464,#2465,#2466,#2467,#2468,#2469,#2470,#2471,#2472,#2473,#2474),.UNSPECIFIED.,.F.,.U.,(4,1,1,1,1,1,1,1,4),(0.0,0.125279697,0.249419971,0.373356799,0.496681279,0.620202916,0.74508632,0.871269195,1.0),.UNSPECIFIED.);
#2464=CARTESIAN_POINT('',(0.321253979,-0.0609256,0.019999997));
#2465=CARTESIAN_POINT('',(0.322142017,-0.060409582,0.019999997));
#2466=CARTESIAN_POINT('',(0.323910018,-0.059382241,0.019999997));
#2467=CARTESIAN_POINT('',(0.326690761,-0.058097862,0.019999997));
#2468=CARTESIAN_POINT('',(0.329525085,-0.056983848,0.019999997));
#2469=CARTESIAN_POINT('',(0.332432832,-0.056094548,0.019999997));
#2470=CARTESIAN_POINT('',(0.335395702,-0.055376431,0.019999997));
#2471=CARTESIAN_POINT('',(0.33842923,-0.05489477,0.019999997));
#2472=CARTESIAN_POINT('',(0.341527671,-0.054570707,0.019999997));
#2473=CARTESIAN_POINT('',(0.343617211,-0.054539115,0.019999997));
#2474=CARTESIAN_POINT('',(0.344672424,-0.05452316,0.019999997));
#2475=ORIENTED_EDGE('',*,*,#2476,.T.);
#2476=EDGE_CURVE('',#2461,#2477,#2479,.T.);
#2477=VERTEX_POINT('',#2478);
#2478=CARTESIAN_POINT('',(0.382229589,-0.095834136,0.019999997));
#2479=B_SPLINE_CURVE_WITH_KNOTS('',3,(#2480,#2481,#2482,#2483,#2484,#2485,#2486,#2487,#2488,#2489,#2490,#2491,#2492,#2493,#2494,#2495,#2496,#2497,#2498),.UNSPECIFIED.,.F.,.U.,(4,1,1,1,1,1,1,1,1,1,1,1,1,1,1,1,4),(0.0,0.06460397,0.126702414,0.186756814,0.245505687,0.303652024,0.361503074,0.420240223,0.480033341,0.540678135,0.601191806,0.662333502,0.72473951,0.789467736,0.85650486,0.926312096,1.0),.UNSPECIFIED.);
#2480=CARTESIAN_POINT('',(0.344672424,-0.05452316,0.019999997));
#2481=CARTESIAN_POINT('',(0.34602736,-0.054552294,0.019999997));
#2482=CARTESIAN_POINT('',(0.348684684,-0.054609431,0.019999997));
#2483=CARTESIAN_POINT('',(0.352566832,-0.055170414,0.019999997));
#2484=CARTESIAN_POINT('',(0.356269571,-0.056009708,0.019999997));
#2485=CARTESIAN_POINT('',(0.359778054,-0.05723808,0.019999997));
#2486=CARTESIAN_POINT('',(0.363088298,-0.058823483,0.019999997));
#2487=CARTESIAN_POINT('',(0.36619743,-0.060771864,0.019999997));
#2488=CARTESIAN_POINT('',(0.369124546,-0.063041449,0.019999997));
#2489=CARTESIAN_POINT('',(0.371824994,-0.065660553,0.019999997));
#2490=CARTESIAN_POINT('',(0.374285853,-0.068556863,0.019999997));
#2491=CARTESIAN_POINT('',(0.376398136,-0.071749534,0.019999997));
#2492=CARTESIAN_POINT('',(0.378229806,-0.075152152,0.019999997));
#2493=CARTESIAN_POINT('',(0.379696604,-0.078824415,0.019999997));
#2494=CARTESIAN_POINT('',(0.380832553,-0.082738148,0.019999997));
#2495=CARTESIAN_POINT('',(0.38165247,-0.086888009,0.019999997));
#2496=CARTESIAN_POINT('',(0.382127518,-0.091281653,0.019999997));
#2497=CARTESIAN_POINT('',(0.382194957,-0.094289527,0.019999997));
#2498=CARTESIAN_POINT('',(0.382229589,-0.095834136,0.019999997));
#2499=ORIENTED_EDGE('',*,*,#2500,.T.);
#2500=EDGE_CURVE('',#2477,#2347,#2501,.T.);
#2501=B_SPLINE_CURVE_WITH_KNOTS('',3,(#2502,#2503,#2504,#2505,#2506,#2507,#2508,#2509,#2510,#2511,#2512,#2513,#2514,#2515,#2516,#2517,#2518,#2519,#2520),.UNSPECIFIED.,.F.,.U.,(4,1,1,1,1,1,1,1,1,1,1,1,1,1,1,1,4),(0.0,0.073774119,0.144079115,0.211348518,0.276076886,0.338520916,0.399885117,0.460254067,0.520588964,0.580207685,0.638632909,0.696364549,0.754001775,0.812805681,0.872754426,0.935181997,1.0),.UNSPECIFIED.);
#2502=CARTESIAN_POINT('',(0.382229589,-0.095834136,0.019999997));
#2503=CARTESIAN_POINT('',(0.382201807,-0.097296257,0.019999997));
#2504=CARTESIAN_POINT('',(0.382147549,-0.100151744,0.019999997));
#2505=CARTESIAN_POINT('',(0.38168139,-0.104319511,0.019999997));
#2506=CARTESIAN_POINT('',(0.380926266,-0.108260184,0.019999997));
#2507=CARTESIAN_POINT('',(0.379865032,-0.111970287,0.019999997));
#2508=CARTESIAN_POINT('',(0.378481221,-0.115446387,0.019999997));
#2509=CARTESIAN_POINT('',(0.376809627,-0.118697721,0.019999997));
#2510=CARTESIAN_POINT('',(0.374811025,-0.121709607,0.019999997));
#2511=CARTESIAN_POINT('',(0.372529535,-0.124467943,0.019999997));
#2512=CARTESIAN_POINT('',(0.36999648,-0.126941508,0.019999997));
#2513=CARTESIAN_POINT('',(0.367264904,-0.129113854,0.019999997));
#2514=CARTESIAN_POINT('',(0.364328856,-0.130927086,0.019999997));
#2515=CARTESIAN_POINT('',(0.361215714,-0.132430677,0.019999997));
#2516=CARTESIAN_POINT('',(0.357911412,-0.133593159,0.019999997));
#2517=CARTESIAN_POINT('',(0.354409765,-0.1344081,0.019999997));
#2518=CARTESIAN_POINT('',(0.350727525,-0.134912857,0.019999997));
#2519=CARTESIAN_POINT('',(0.348205567,-0.134977856,0.019999997));
#2520=CARTESIAN_POINT('',(0.3469209,-0.135010965,0.019999997));
#2521=FACE_BOUND('',#2522,.T.);
#2522=EDGE_LOOP('',(#2523,#2533,#2541,#2549,#2557,#2565,#2573,#2581,#2589,#2597,#2605,#2613));
#2523=ORIENTED_EDGE('',*,*,#2524,.T.);
#2524=EDGE_CURVE('',#2525,#2527,#2529,.T.);
#2525=VERTEX_POINT('',#2526);
#2526=CARTESIAN_POINT('',(0.28832715,-0.133791453,0.019999997));
#2527=VERTEX_POINT('',#2528);
#2528=CARTESIAN_POINT('',(0.248083247,-0.133791453,0.019999997));
#2529=LINE('',#2530,#2531);
#2530=CARTESIAN_POINT('',(-5.08001016E-05,-0.133791453,0.019999997));
#2531=VECTOR('',#2532,1.0);
#2532=DIRECTION('',(-1.0,0.0,0.0));
#2533=ORIENTED_EDGE('',*,*,#2534,.T.);
#2534=EDGE_CURVE('',#2527,#2535,#2537,.T.);
#2535=VERTEX_POINT('',#2536);
#2536=CARTESIAN_POINT('',(0.248083247,-0.144767063,0.019999997));
#2537=LINE('',#2538,#2539);
#2538=CARTESIAN_POINT('',(0.248083247,5.08001016E-05,0.019999997));
#2539=VECTOR('',#2540,1.0);
#2540=DIRECTION('',(0.0,-1.0,0.0));
#2541=ORIENTED_EDGE('',*,*,#2542,.T.);
#2542=EDGE_CURVE('',#2535,#2543,#2545,.T.);
#2543=VERTEX_POINT('',#2544);
#2544=CARTESIAN_POINT('',(0.301741784,-0.144767063,0.019999997));
#2545=LINE('',#2546,#2547);
#2546=CARTESIAN_POINT('',(-5.08001016E-05,-0.144767063,0.019999997));
#2547=VECTOR('',#2548,1.0);
#2548=DIRECTION('',(1.0,0.0,0.0));
#2549=ORIENTED_EDGE('',*,*,#2550,.T.);
#2550=EDGE_CURVE('',#2543,#2551,#2553,.T.);
#2551=VERTEX_POINT('',#2552);
#2552=CARTESIAN_POINT('',(0.301741784,-0.044767063,0.019999997));
#2553=LINE('',#2554,#2555);
#2554=CARTESIAN_POINT('',(0.301741784,5.08001016E-05,0.019999997));
#2555=VECTOR('',#2556,1.0);
#2556=DIRECTION('',(0.0,1.0,0.0));
#2557=ORIENTED_EDGE('',*,*,#2558,.T.);
#2558=EDGE_CURVE('',#2551,#2559,#2561,.T.);
#2559=VERTEX_POINT('',#2560);
#2560=CARTESIAN_POINT('',(0.250522272,-0.044767063,0.019999997));
#2561=LINE('',#2562,#2563);
#2562=CARTESIAN_POINT('',(-5.08001016E-05,-0.044767063,0.019999997));
#2563=VECTOR('',#2564,1.0);
#2564=DIRECTION('',(-1.0,0.0,0.0));
#2565=ORIENTED_EDGE('',*,*,#2566,.T.);
#2566=EDGE_CURVE('',#2559,#2567,#2569,.T.);
#2567=VERTEX_POINT('',#2568);
#2568=CARTESIAN_POINT('',(0.250522272,-0.055742673,0.019999997));
#2569=LINE('',#2570,#2571);
#2570=CARTESIAN_POINT('',(0.250522272,5.08001016E-05,0.019999997));
#2571=VECTOR('',#2572,1.0);
#2572=DIRECTION('',(0.0,-1.0,0.0));
#2573=ORIENTED_EDGE('',*,*,#2574,.T.);
#2574=EDGE_CURVE('',#2567,#2575,#2577,.T.);
#2575=VERTEX_POINT('',#2576);
#2576=CARTESIAN_POINT('',(0.28832715,-0.055742673,0.019999997));
#2577=LINE('',#2578,#2579);
#2578=CARTESIAN_POINT('',(-5.08001016E-05,-0.055742673,0.019999997));
#2579=VECTOR('',#2580,1.0);
#2580=DIRECTION('',(1.0,0.0,0.0));
#2581=ORIENTED_EDGE('',*,*,#2582,.T.);
#2582=EDGE_CURVE('',#2575,#2583,#2585,.T.);
#2583=VERTEX_POINT('',#2584);
#2584=CARTESIAN_POINT('',(0.28832715,-0.088669502,0.019999997));
#2585=LINE('',#2586,#2587);
#2586=CARTESIAN_POINT('',(0.28832715,5.08001016E-05,0.019999997));
#2587=VECTOR('',#2588,1.0);
#2588=DIRECTION('',(0.0,-1.0,0.0));
#2589=ORIENTED_EDGE('',*,*,#2590,.T.);
#2590=EDGE_CURVE('',#2583,#2591,#2593,.T.);
#2591=VERTEX_POINT('',#2592);
#2592=CARTESIAN_POINT('',(0.252961296,-0.088669502,0.019999997));
#2593=LINE('',#2594,#2595);
#2594=CARTESIAN_POINT('',(-5.08001016E-05,-0.088669502,0.019999997));
#2595=VECTOR('',#2596,1.0);
#2596=DIRECTION('',(-1.0,0.0,0.0));
#2597=ORIENTED_EDGE('',*,*,#2598,.T.);
#2598=EDGE_CURVE('',#2591,#2599,#2601,.T.);
#2599=VERTEX_POINT('',#2600);
#2600=CARTESIAN_POINT('',(0.252961296,-0.099645112,0.019999997));
#2601=LINE('',#2602,#2603);
#2602=CARTESIAN_POINT('',(0.252961296,5.08001016E-05,0.019999997));
#2603=VECTOR('',#2604,1.0);
#2604=DIRECTION('',(0.0,-1.0,0.0));
#2605=ORIENTED_EDGE('',*,*,#2606,.T.);
#2606=EDGE_CURVE('',#2599,#2607,#2609,.T.);
#2607=VERTEX_POINT('',#2608);
#2608=CARTESIAN_POINT('',(0.28832715,-0.099645112,0.019999997));
#2609=LINE('',#2610,#2611);
#2610=CARTESIAN_POINT('',(-5.08001016E-05,-0.099645112,0.019999997));
#2611=VECTOR('',#2612,1.0);
#2612=DIRECTION('',(1.0,0.0,0.0));
#2613=ORIENTED_EDGE('',*,*,#2614,.T.);
#2614=EDGE_CURVE('',#2607,#2525,#2615,.T.);
#2615=LINE('',#2616,#2617);
#2616=CARTESIAN_POINT('',(0.28832715,5.08001016E-05,0.019999997));
#2617=VECTOR('',#2618,1.0);
#2618=DIRECTION('',(0.0,-1.0,0.0));
#2619=FACE_BOUND('',#2620,.T.);
#2620=EDGE_LOOP('',(#2621,#2647,#2655,#2663,#2671));
#2621=ORIENTED_EDGE('',*,*,#2622,.T.);
#2622=EDGE_CURVE('',#2623,#2625,#2627,.T.);
#2623=VERTEX_POINT('',#2624);
#2624=CARTESIAN_POINT('',(0.148083247,-0.093509441,0.019999997));
#2625=VERTEX_POINT('',#2626);
#2626=CARTESIAN_POINT('',(0.201379741,-0.144767063,0.019999997));
#2627=B_SPLINE_CURVE_WITH_KNOTS('',3,(#2628,#2629,#2630,#2631,#2632,#2633,#2634,#2635,#2636,#2637,#2638,#2639,#2640,#2641,#2642,#2643,#2644,#2645,#2646),.UNSPECIFIED.,.F.,.U.,(4,1,1,1,1,1,1,1,1,1,1,1,1,1,1,1,4),(0.0,0.068068696,0.133427433,0.196146034,0.257048592,0.316882663,0.376187209,0.435960335,0.496535237,0.557465343,0.617686863,0.677943641,0.738805285,0.800949337,0.864814667,0.931024781,1.0),.UNSPECIFIED.);
#2628=CARTESIAN_POINT('',(0.148083247,-0.093509441,0.019999997));
#2629=CARTESIAN_POINT('',(0.148123634,-0.095398199,0.019999997));
#2630=CARTESIAN_POINT('',(0.148202799,-0.099100521,0.019999997));
#2631=CARTESIAN_POINT('',(0.148926377,-0.10450374,0.019999997));
#2632=CARTESIAN_POINT('',(0.150081447,-0.109623444,0.019999997));
#2633=CARTESIAN_POINT('',(0.151702823,-0.114456722,0.019999997));
#2634=CARTESIAN_POINT('',(0.153802032,-0.11900009,0.019999997));
#2635=CARTESIAN_POINT('',(0.156404738,-0.123236947,0.019999997));
#2636=CARTESIAN_POINT('',(0.159440793,-0.1271996,0.019999997));
#2637=CARTESIAN_POINT('',(0.162930998,-0.130833756,0.019999997));
#2638=CARTESIAN_POINT('',(0.166790913,-0.134086312,0.019999997));
#2639=CARTESIAN_POINT('',(0.170918396,-0.136978993,0.019999997));
#2640=CARTESIAN_POINT('',(0.175348914,-0.139382426,0.019999997));
#2641=CARTESIAN_POINT('',(0.180044625,-0.141346145,0.019999997));
#2642=CARTESIAN_POINT('',(0.184997316,-0.14290522,0.019999997));
#2643=CARTESIAN_POINT('',(0.190228452,-0.143966718,0.019999997));
#2644=CARTESIAN_POINT('',(0.195714258,-0.14466456,0.019999997));
#2645=CARTESIAN_POINT('',(0.199465669,-0.144732432,0.019999997));
#2646=CARTESIAN_POINT('',(0.201379741,-0.144767063,0.019999997));
#2647=ORIENTED_EDGE('',*,*,#2648,.T.);
#2648=EDGE_CURVE('',#2625,#2649,#2651,.T.);
#2649=VERTEX_POINT('',#2650);
#2650=CARTESIAN_POINT('',(0.228571052,-0.144767063,0.019999997));
#2651=LINE('',#2652,#2653);
#2652=CARTESIAN_POINT('',(-5.08001016E-05,-0.144767063,0.019999997));
#2653=VECTOR('',#2654,1.0);
#2654=DIRECTION('',(1.0,0.0,0.0));
#2655=ORIENTED_EDGE('',*,*,#2656,.T.);
#2656=EDGE_CURVE('',#2649,#2657,#2659,.T.);
#2657=VERTEX_POINT('',#2658);
#2658=CARTESIAN_POINT('',(0.228571052,-0.044767063,0.019999997));
#2659=LINE('',#2660,#2661);
#2660=CARTESIAN_POINT('',(0.228571052,5.08001016E-05,0.019999997));
#2661=VECTOR('',#2662,1.0);
#2662=DIRECTION('',(0.0,1.0,0.0));
#2663=ORIENTED_EDGE('',*,*,#2664,.T.);
#2664=EDGE_CURVE('',#2657,#2665,#2667,.T.);
#2665=VERTEX_POINT('',#2666);
#2666=CARTESIAN_POINT('',(0.200350778,-0.044767063,0.019999997));
#2667=LINE('',#2668,#2669);
#2668=CARTESIAN_POINT('',(-5.08001016E-05,-0.044767063,0.019999997));
#2669=VECTOR('',#2670,1.0);
#2670=DIRECTION('',(-1.0,0.0,0.0));
#2671=ORIENTED_EDGE('',*,*,#2672,.T.);
#2672=EDGE_CURVE('',#2665,#2623,#2673,.T.);
#2673=B_SPLINE_CURVE_WITH_KNOTS('',3,(#2674,#2675,#2676,#2677,#2678,#2679,#2680,#2681,#2682,#2683,#2684,#2685,#2686,#2687,#2688,#2689,#2690,#2691,#2692),.UNSPECIFIED.,.F.,.U.,(4,1,1,1,1,1,1,1,1,1,1,1,1,1,1,1,4),(0.0,0.068631179,0.134566466,0.198328154,0.260789767,0.321999151,0.382721747,0.443537474,0.505133429,0.566213875,0.626105865,0.685349322,0.74499587,0.805415842,0.867636266,0.932307782,1.0),.UNSPECIFIED.);
#2674=CARTESIAN_POINT('',(0.200350778,-0.044767063,0.019999997));
#2675=CARTESIAN_POINT('',(0.198513591,-0.044808012,0.019999997));
#2676=CARTESIAN_POINT('',(0.194911385,-0.044888302,0.019999997));
#2677=CARTESIAN_POINT('',(0.18962897,-0.045498198,0.019999997));
#2678=CARTESIAN_POINT('',(0.184589386,-0.046556565,0.019999997));
#2679=CARTESIAN_POINT('',(0.179778773,-0.048000414,0.019999997));
#2680=CARTESIAN_POINT('',(0.17519156,-0.049844917,0.019999997));
#2681=CARTESIAN_POINT('',(0.170870961,-0.052155586,0.019999997));
#2682=CARTESIAN_POINT('',(0.166769571,-0.054852115,0.019999997));
#2683=CARTESIAN_POINT('',(0.162940759,-0.057940352,0.019999997));
#2684=CARTESIAN_POINT('',(0.159450932,-0.061374167,0.019999997));
#2685=CARTESIAN_POINT('',(0.15640872,-0.065129635,0.019999997));
#2686=CARTESIAN_POINT('',(0.153804114,-0.069156525,0.019999997));
#2687=CARTESIAN_POINT('',(0.151708091,-0.073486679,0.019999997));
#2688=CARTESIAN_POINT('',(0.150080592,-0.078096765,0.019999997));
#2689=CARTESIAN_POINT('',(0.148928111,-0.082983441,0.019999997));
#2690=CARTESIAN_POINT('',(0.148201216,-0.088152241,0.019999997));
#2691=CARTESIAN_POINT('',(0.148123164,-0.091696744,0.019999997));
#2692=CARTESIAN_POINT('',(0.148083247,-0.093509441,0.019999997));
#2693=FACE_BOUND('',#2694,.T.);
#2694=EDGE_LOOP('',(#2695,#2705,#2713,#2721,#2729,#2737,#2745,#2753));
#2695=ORIENTED_EDGE('',*,*,#2696,.T.);
#2696=EDGE_CURVE('',#2697,#2699,#2701,.T.);
#2697=VERTEX_POINT('',#2698);
#2698=CARTESIAN_POINT('',(0.102961296,-0.044767063,0.019999997));
#2699=VERTEX_POINT('',#2700);
#2700=CARTESIAN_POINT('',(0.089546662,-0.044767063,0.019999997));
#2701=LINE('',#2702,#2703);
#2702=CARTESIAN_POINT('',(-5.08001016E-05,-0.044767063,0.019999997));
#2703=VECTOR('',#2704,1.0);
#2704=DIRECTION('',(-1.0,0.0,0.0));
#2705=ORIENTED_EDGE('',*,*,#2706,.T.);
#2706=EDGE_CURVE('',#2699,#2707,#2709,.T.);
#2707=VERTEX_POINT('',#2708);
#2708=CARTESIAN_POINT('',(0.050522272,-0.144767063,0.019999997));
#2709=LINE('',#2710,#2711);
#2710=CARTESIAN_POINT('',(0.092883558,-0.036216266,0.019999997));
#2711=VECTOR('',#2712,1.0);
#2712=DIRECTION('',(-0.363542486,-0.931577619,0.0));
#2713=ORIENTED_EDGE('',*,*,#2714,.T.);
#2714=EDGE_CURVE('',#2707,#2715,#2717,.T.);
#2715=VERTEX_POINT('',#2716);
#2716=CARTESIAN_POINT('',(0.065156418,-0.144767063,0.019999997));
#2717=LINE('',#2718,#2719);
#2718=CARTESIAN_POINT('',(-5.08001016E-05,-0.144767063,0.019999997));
#2719=VECTOR('',#2720,1.0);
#2720=DIRECTION('',(1.0,0.0,0.0));
#2721=ORIENTED_EDGE('',*,*,#2722,.T.);
#2722=EDGE_CURVE('',#2715,#2723,#2725,.T.);
#2723=VERTEX_POINT('',#2724);
#2724=CARTESIAN_POINT('',(0.075274558,-0.116718282,0.019999997));
#2725=LINE('',#2726,#2727);
#2726=CARTESIAN_POINT('',(0.10387355,-0.037438215,0.019999997));
#2727=VECTOR('',#2728,1.0);
#2728=DIRECTION('',(0.339330377,0.940667261,0.0));
#2729=ORIENTED_EDGE('',*,*,#2730,.T.);
#2730=EDGE_CURVE('',#2723,#2731,#2733,.T.);
#2731=VERTEX_POINT('',#2732);
#2732=CARTESIAN_POINT('',(0.116585534,-0.116718282,0.019999997));
#2733=LINE('',#2734,#2735);
#2734=CARTESIAN_POINT('',(-5.08001016E-05,-0.116718282,0.019999997));
#2735=VECTOR('',#2736,1.0);
#2736=DIRECTION('',(1.0,0.0,0.0));
#2737=ORIENTED_EDGE('',*,*,#2738,.T.);
#2738=EDGE_CURVE('',#2731,#2739,#2741,.T.);
#2739=VERTEX_POINT('',#2740);
#2740=CARTESIAN_POINT('',(0.126132028,-0.144767063,0.019999997));
#2741=LINE('',#2742,#2743);
#2742=CARTESIAN_POINT('',(0.06886013,0.02350486,0.019999997));
#2743=VECTOR('',#2744,1.0);
#2744=DIRECTION('',(0.322202486,-0.946670776,0.0));
#2745=ORIENTED_EDGE('',*,*,#2746,.T.);
#2746=EDGE_CURVE('',#2739,#2747,#2749,.T.);
#2747=VERTEX_POINT('',#2748);
#2748=CARTESIAN_POINT('',(0.140766174,-0.144767063,0.019999997));
#2749=LINE('',#2750,#2751);
#2750=CARTESIAN_POINT('',(-5.08001016E-05,-0.144767063,0.019999997));
#2751=VECTOR('',#2752,1.0);
#2752=DIRECTION('',(1.0,0.0,0.0));
#2753=ORIENTED_EDGE('',*,*,#2754,.T.);
#2754=EDGE_CURVE('',#2747,#2697,#2755,.T.);
#2755=LINE('',#2756,#2757);
#2756=CARTESIAN_POINT('',(0.075255163,0.028520128,0.019999997));
#2757=VECTOR('',#2758,1.0);
#2758=DIRECTION('',(-0.353622392,0.935388264,0.0));
#2759=FACE_BOUND('',#2760,.T.);
#2760=EDGE_LOOP('',(#2761,#2771,#2779));
#2761=ORIENTED_EDGE('',*,*,#2762,.T.);
#2762=EDGE_CURVE('',#2763,#2765,#2767,.F.);
#2763=VERTEX_POINT('',#2764);
#2764=CARTESIAN_POINT('',(0.091805065,0.091906665,0.019999997));
#2765=VERTEX_POINT('',#2766);
#2766=CARTESIAN_POINT('',(-0.053083809,0.053083809,0.019999997));
#2767=LINE('',#2768,#2769);
#2768=CARTESIAN_POINT('',(-0.01686159,0.062789523,0.019999997));
#2769=VECTOR('',#2770,1.0);
#2770=DIRECTION('',(0.965925826,0.258819045,0.0));
#2771=ORIENTED_EDGE('',*,*,#2772,.T.);
#2772=EDGE_CURVE('',#2765,#2773,#2775,.F.);
#2773=VERTEX_POINT('',#2774);
#2774=CARTESIAN_POINT('',(0.052982208,-0.052982208,0.019999997));
#2775=LINE('',#2776,#2777);
#2776=CARTESIAN_POINT('',(-5.08001016E-05,5.08001016E-05,0.019999997));
#2777=VECTOR('',#2778,1.0);
#2778=DIRECTION('',(-0.707106781,0.707106781,0.0));
#2779=ORIENTED_EDGE('',*,*,#2780,.T.);
#2780=EDGE_CURVE('',#2773,#2763,#2781,.F.);
#2781=LINE('',#2782,#2783);
#2782=CARTESIAN_POINT('',(0.062687923,-0.01675999,0.019999997));
#2783=VECTOR('',#2784,1.0);
#2784=DIRECTION('',(-0.258819045,-0.965925826,0.0));
#2785=PLANE('',#2786);
#2786=AXIS2_PLACEMENT_3D('',#2787,#2788,#2789);
#2787=CARTESIAN_POINT('',(-5.08001016E-05,5.08001016E-05,0.019999997));
#2788=DIRECTION('',(0.0,0.0,1.0));
#2789=DIRECTION('',(1.0,0.0,0.0));
#2790=ADVANCED_FACE('',(#2791,#2801),#2859,.F.);
#2791=FACE_BOUND('',#2792,.T.);
#2792=EDGE_LOOP('',(#2793,#2794,#2795,#2796,#2797,#2798,#2799,#2800));
#2793=ORIENTED_EDGE('',*,*,#2706,.F.);
#2794=ORIENTED_EDGE('',*,*,#2696,.F.);
#2795=ORIENTED_EDGE('',*,*,#2754,.F.);
#2796=ORIENTED_EDGE('',*,*,#2746,.F.);
#2797=ORIENTED_EDGE('',*,*,#2738,.F.);
#2798=ORIENTED_EDGE('',*,*,#2730,.F.);
#2799=ORIENTED_EDGE('',*,*,#2722,.F.);
#2800=ORIENTED_EDGE('',*,*,#2714,.F.);
#2801=FACE_BOUND('',#2802,.T.);
#2802=EDGE_LOOP('',(#2803,#2813,#2821,#2833,#2841,#2853));
#2803=ORIENTED_EDGE('',*,*,#2804,.T.);
#2804=EDGE_CURVE('',#2805,#2807,#2809,.F.);
#2805=VERTEX_POINT('',#2806);
#2806=CARTESIAN_POINT('',(0.079771509,-0.105742673,0.019999997));
#2807=VERTEX_POINT('',#2808);
#2808=CARTESIAN_POINT('',(0.11321282,-0.105742673,0.019999997));
#2809=LINE('',#2810,#2811);
#2810=CARTESIAN_POINT('',(-5.08001016E-05,-0.105742673,0.019999997));
#2811=VECTOR('',#2812,1.0);
#2812=DIRECTION('',(-1.0,0.0,0.0));
#2813=ORIENTED_EDGE('',*,*,#2814,.T.);
#2814=EDGE_CURVE('',#2807,#2815,#2817,.F.);
#2815=VERTEX_POINT('',#2816);
#2816=CARTESIAN_POINT('',(0.098292851,-0.06397438,0.019999997));
#2817=LINE('',#2818,#2819);
#2818=CARTESIAN_POINT('',(0.06688207,0.023959759,0.019999997));
#2819=VECTOR('',#2820,1.0);
#2820=DIRECTION('',(0.336390828,-0.94172247,0.0));
#2821=ORIENTED_EDGE('',*,*,#2822,.T.);
#2822=EDGE_CURVE('',#2815,#2823,#2825,.F.);
#2823=VERTEX_POINT('',#2824);
#2824=CARTESIAN_POINT('',(0.096692241,-0.056962185,0.019999997));
#2825=B_SPLINE_CURVE_WITH_KNOTS('',3,(#2826,#2827,#2828,#2829,#2830,#2831,#2832),.UNSPECIFIED.,.F.,.U.,(4,1,1,1,4),(0.0,0.300541113,0.567747146,0.800033614,1.0),.UNSPECIFIED.);
#2826=CARTESIAN_POINT('',(0.096692241,-0.056962185,0.019999997));
#2827=CARTESIAN_POINT('',(0.096808849,-0.057674274,0.019999997));
#2828=CARTESIAN_POINT('',(0.097029132,-0.05901947,0.019999997));
#2829=CARTESIAN_POINT('',(0.097400981,-0.060904368,0.019999997));
#2830=CARTESIAN_POINT('',(0.097814995,-0.062533349,0.019999997));
#2831=CARTESIAN_POINT('',(0.098141708,-0.063518592,0.019999997));
#2832=CARTESIAN_POINT('',(0.098292851,-0.06397438,0.019999997));
#2833=ORIENTED_EDGE('',*,*,#2834,.T.);
#2834=EDGE_CURVE('',#2823,#2835,#2837,.F.);
#2835=VERTEX_POINT('',#2836);
#2836=CARTESIAN_POINT('',(0.096368308,-0.056962185,0.019999997));
#2837=LINE('',#2838,#2839);
#2838=CARTESIAN_POINT('',(-5.08001016E-05,-0.056962185,0.019999997));
#2839=VECTOR('',#2840,1.0);
#2840=DIRECTION('',(1.0,0.0,0.0));
#2841=ORIENTED_EDGE('',*,*,#2842,.T.);
#2842=EDGE_CURVE('',#2835,#2843,#2845,.F.);
#2843=VERTEX_POINT('',#2844);
#2844=CARTESIAN_POINT('',(0.094824863,-0.06397438,0.019999997));
#2845=B_SPLINE_CURVE_WITH_KNOTS('',3,(#2846,#2847,#2848,#2849,#2850,#2851,#2852),.UNSPECIFIED.,.F.,.U.,(4,1,1,1,4),(0.0,0.174481715,0.398285759,0.673897847,1.0),.UNSPECIFIED.);
#2846=CARTESIAN_POINT('',(0.094824863,-0.06397438,0.019999997));
#2847=CARTESIAN_POINT('',(0.094949654,-0.063575397,0.019999997));
#2848=CARTESIAN_POINT('',(0.09523451,-0.062664645,0.019999997));
#2849=CARTESIAN_POINT('',(0.095607791,-0.061092739,0.019999997));
#2850=CARTESIAN_POINT('',(0.095973769,-0.059149374,0.019999997));
#2851=CARTESIAN_POINT('',(0.096229639,-0.057730922,0.019999997));
#2852=CARTESIAN_POINT('',(0.096368308,-0.056962185,0.019999997));
#2853=ORIENTED_EDGE('',*,*,#2854,.T.);
#2854=EDGE_CURVE('',#2843,#2805,#2855,.F.);
#2855=LINE('',#2856,#2857);
#2856=CARTESIAN_POINT('',(0.104340347,-0.037571922,0.019999997));
#2857=VECTOR('',#2858,1.0);
#2858=DIRECTION('',(0.339053795,0.940766987,0.0));
#2859=PLANE('',#2860);
#2860=AXIS2_PLACEMENT_3D('',#2861,#2862,#2863);
#2861=CARTESIAN_POINT('',(-5.08001016E-05,5.08001016E-05,0.019999997));
#2862=DIRECTION('',(0.0,0.0,1.0));
#2863=DIRECTION('',(1.0,0.0,0.0));
#2864=ADVANCED_FACE('',(#2865),#2873,.F.);
#2865=FACE_BOUND('',#2866,.T.);
#2866=EDGE_LOOP('',(#2867,#2868,#2869,#2870,#2871,#2872));
#2867=ORIENTED_EDGE('',*,*,#2814,.F.);
#2868=ORIENTED_EDGE('',*,*,#2804,.F.);
#2869=ORIENTED_EDGE('',*,*,#2854,.F.);
#2870=ORIENTED_EDGE('',*,*,#2842,.F.);
#2871=ORIENTED_EDGE('',*,*,#2834,.F.);
#2872=ORIENTED_EDGE('',*,*,#2822,.F.);
#2873=PLANE('',#2874);
#2874=AXIS2_PLACEMENT_3D('',#2875,#2876,#2877);
#2875=CARTESIAN_POINT('',(-5.08001016E-05,5.08001016E-05,0.019999997));
#2876=DIRECTION('',(0.0,0.0,1.0));
#2877=DIRECTION('',(1.0,0.0,0.0));
#2878=ADVANCED_FACE('',(#2879,#2886),#2960,.F.);
#2879=FACE_BOUND('',#2880,.T.);
#2880=EDGE_LOOP('',(#2881,#2882,#2883,#2884,#2885));
#2881=ORIENTED_EDGE('',*,*,#2648,.F.);
#2882=ORIENTED_EDGE('',*,*,#2622,.F.);
#2883=ORIENTED_EDGE('',*,*,#2672,.F.);
#2884=ORIENTED_EDGE('',*,*,#2664,.F.);
#2885=ORIENTED_EDGE('',*,*,#2656,.F.);
#2886=FACE_BOUND('',#2887,.T.);
#2887=EDGE_LOOP('',(#2888,#2898,#2922,#2946,#2954));
#2888=ORIENTED_EDGE('',*,*,#2889,.T.);
#2889=EDGE_CURVE('',#2890,#2892,#2894,.F.);
#2890=VERTEX_POINT('',#2891);
#2891=CARTESIAN_POINT('',(0.215156418,-0.055742673,0.019999997));
#2892=VERTEX_POINT('',#2893);
#2893=CARTESIAN_POINT('',(0.200407942,-0.055742673,0.019999997));
#2894=LINE('',#2895,#2896);
#2895=CARTESIAN_POINT('',(-5.08001016E-05,-0.055742673,0.019999997));
#2896=VECTOR('',#2897,1.0);
#2897=DIRECTION('',(1.0,0.0,0.0));
#2898=ORIENTED_EDGE('',*,*,#2899,.T.);
#2899=EDGE_CURVE('',#2892,#2900,#2902,.F.);
#2900=VERTEX_POINT('',#2901);
#2901=CARTESIAN_POINT('',(0.161497881,-0.093795264,0.019999997));
#2902=B_SPLINE_CURVE_WITH_KNOTS('',3,(#2903,#2904,#2905,#2906,#2907,#2908,#2909,#2910,#2911,#2912,#2913,#2914,#2915,#2916,#2917,#2918,#2919,#2920,#2921),.UNSPECIFIED.,.F.,.U.,(4,1,1,1,1,1,1,1,1,1,1,1,1,1,1,1,4),(0.0,0.074303796,0.14439361,0.210499496,0.273542607,0.333824745,0.392529672,0.450087455,0.507820612,0.565464913,0.623148722,0.681297193,0.740913498,0.801855752,0.865241238,0.930941657,1.0),.UNSPECIFIED.);
#2903=CARTESIAN_POINT('',(0.161497881,-0.093795264,0.019999997));
#2904=CARTESIAN_POINT('',(0.161530659,-0.092263176,0.019999997));
#2905=CARTESIAN_POINT('',(0.161594357,-0.089285888,0.019999997));
#2906=CARTESIAN_POINT('',(0.162089978,-0.084967787,0.019999997));
#2907=CARTESIAN_POINT('',(0.162920576,-0.080939089,0.019999997));
#2908=CARTESIAN_POINT('',(0.164101458,-0.077209215,0.019999997));
#2909=CARTESIAN_POINT('',(0.165608711,-0.073763781,0.019999997));
#2910=CARTESIAN_POINT('',(0.167464694,-0.070622528,0.019999997));
#2911=CARTESIAN_POINT('',(0.16965502,-0.067770056,0.019999997));
#2912=CARTESIAN_POINT('',(0.172179375,-0.065239099,0.019999997));
#2913=CARTESIAN_POINT('',(0.174975778,-0.063014022,0.019999997));
#2914=CARTESIAN_POINT('',(0.177975477,-0.061055845,0.019999997));
#2915=CARTESIAN_POINT('',(0.181204495,-0.059411681,0.019999997));
#2916=CARTESIAN_POINT('',(0.184637538,-0.058060589,0.019999997));
#2917=CARTESIAN_POINT('',(0.188286226,-0.057006333,0.019999997));
#2918=CARTESIAN_POINT('',(0.192139363,-0.056274573,0.019999997));
#2919=CARTESIAN_POINT('',(0.196205397,-0.055829146,0.019999997));
#2920=CARTESIAN_POINT('',(0.198984015,-0.055771972,0.019999997));
#2921=CARTESIAN_POINT('',(0.200407942,-0.055742673,0.019999997));
#2922=ORIENTED_EDGE('',*,*,#2923,.T.);
#2923=EDGE_CURVE('',#2900,#2924,#2926,.F.);
#2924=VERTEX_POINT('',#2925);
#2925=CARTESIAN_POINT('',(0.200960534,-0.133791453,0.019999997));
#2926=B_SPLINE_CURVE_WITH_KNOTS('',3,(#2927,#2928,#2929,#2930,#2931,#2932,#2933,#2934,#2935,#2936,#2937,#2938,#2939,#2940,#2941,#2942,#2943,#2944,#2945),.UNSPECIFIED.,.F.,.U.,(4,1,1,1,1,1,1,1,1,1,1,1,1,1,1,1,4),(0.0,0.070826573,0.138169033,0.202475332,0.263973754,0.323380321,0.381797623,0.439390075,0.496902725,0.55466217,0.612741878,0.671538836,0.731655722,0.794297812,0.859482205,0.927681325,1.0),.UNSPECIFIED.);
#2927=CARTESIAN_POINT('',(0.200960534,-0.133791453,0.019999997));
#2928=CARTESIAN_POINT('',(0.199453777,-0.133758882,0.019999997));
#2929=CARTESIAN_POINT('',(0.196514384,-0.133695343,0.019999997));
#2930=CARTESIAN_POINT('',(0.192230728,-0.133190763,0.019999997));
#2931=CARTESIAN_POINT('',(0.188199042,-0.132380503,0.019999997));
#2932=CARTESIAN_POINT('',(0.18441879,-0.131245454,0.019999997));
#2933=CARTESIAN_POINT('',(0.180906352,-0.129740892,0.019999997));
#2934=CARTESIAN_POINT('',(0.17763339,-0.127935332,0.019999997));
#2935=CARTESIAN_POINT('',(0.174622387,-0.12578675,0.019999997));
#2936=CARTESIAN_POINT('',(0.171885548,-0.123319244,0.019999997));
#2937=CARTESIAN_POINT('',(0.169446073,-0.120545101,0.019999997));
#2938=CARTESIAN_POINT('',(0.167293837,-0.117507716,0.019999997));
#2939=CARTESIAN_POINT('',(0.165505686,-0.114185787,0.019999997));
#2940=CARTESIAN_POINT('',(0.164024937,-0.110612258,0.019999997));
#2941=CARTESIAN_POINT('',(0.162893435,-0.106771382,0.019999997));
#2942=CARTESIAN_POINT('',(0.162073207,-0.102678546,0.019999997));
#2943=CARTESIAN_POINT('',(0.16159945,-0.098322402,0.019999997));
#2944=CARTESIAN_POINT('',(0.161532393,-0.095333518,0.019999997));
#2945=CARTESIAN_POINT('',(0.161497881,-0.093795264,0.019999997));
#2946=ORIENTED_EDGE('',*,*,#2947,.T.);
#2947=EDGE_CURVE('',#2924,#2948,#2950,.F.);
#2948=VERTEX_POINT('',#2949);
#2949=CARTESIAN_POINT('',(0.215156418,-0.133791453,0.019999997));
#2950=LINE('',#2951,#2952);
#2951=CARTESIAN_POINT('',(-5.08001016E-05,-0.133791453,0.019999997));
#2952=VECTOR('',#2953,1.0);
#2953=DIRECTION('',(-1.0,0.0,0.0));
#2954=ORIENTED_EDGE('',*,*,#2955,.T.);
#2955=EDGE_CURVE('',#2948,#2890,#2956,.F.);
#2956=LINE('',#2957,#2958);
#2957=CARTESIAN_POINT('',(0.215156418,5.08001016E-05,0.019999997));
#2958=VECTOR('',#2959,1.0);
#2959=DIRECTION('',(0.0,-1.0,0.0));
#2960=PLANE('',#2961);
#2961=AXIS2_PLACEMENT_3D('',#2962,#2963,#2964);
#2962=CARTESIAN_POINT('',(-5.08001016E-05,5.08001016E-05,0.019999997));
#2963=DIRECTION('',(0.0,0.0,1.0));
#2964=DIRECTION('',(1.0,0.0,0.0));
#2965=ADVANCED_FACE('',(#2966),#2973,.F.);
#2966=FACE_BOUND('',#2967,.T.);
#2967=EDGE_LOOP('',(#2968,#2969,#2970,#2971,#2972));
#2968=ORIENTED_EDGE('',*,*,#2899,.F.);
#2969=ORIENTED_EDGE('',*,*,#2889,.F.);
#2970=ORIENTED_EDGE('',*,*,#2955,.F.);
#2971=ORIENTED_EDGE('',*,*,#2947,.F.);
#2972=ORIENTED_EDGE('',*,*,#2923,.F.);
#2973=PLANE('',#2974);
#2974=AXIS2_PLACEMENT_3D('',#2975,#2976,#2977);
#2975=CARTESIAN_POINT('',(-5.08001016E-05,5.08001016E-05,0.019999997));
#2976=DIRECTION('',(0.0,0.0,1.0));
#2977=DIRECTION('',(1.0,0.0,0.0));
#2978=ADVANCED_FACE('',(#2979),#2993,.F.);
#2979=FACE_BOUND('',#2980,.T.);
#2980=EDGE_LOOP('',(#2981,#2982,#2983,#2984,#2985,#2986,#2987,#2988,#2989,#2990,#2991,#2992));
#2981=ORIENTED_EDGE('',*,*,#2534,.F.);
#2982=ORIENTED_EDGE('',*,*,#2524,.F.);
#2983=ORIENTED_EDGE('',*,*,#2614,.F.);
#2984=ORIENTED_EDGE('',*,*,#2606,.F.);
#2985=ORIENTED_EDGE('',*,*,#2598,.F.);
#2986=ORIENTED_EDGE('',*,*,#2590,.F.);
#2987=ORIENTED_EDGE('',*,*,#2582,.F.);
#2988=ORIENTED_EDGE('',*,*,#2574,.F.);
#2989=ORIENTED_EDGE('',*,*,#2566,.F.);
#2990=ORIENTED_EDGE('',*,*,#2558,.F.);
#2991=ORIENTED_EDGE('',*,*,#2550,.F.);
#2992=ORIENTED_EDGE('',*,*,#2542,.F.);
#2993=PLANE('',#2994);
#2994=AXIS2_PLACEMENT_3D('',#2995,#2996,#2997);
#2995=CARTESIAN_POINT('',(-5.08001016E-05,5.08001016E-05,0.019999997));
#2996=DIRECTION('',(0.0,0.0,1.0));
#2997=DIRECTION('',(1.0,0.0,0.0));
#2998=ADVANCED_FACE('',(#2999),#3011,.F.);
#2999=FACE_BOUND('',#3000,.T.);
#3000=EDGE_LOOP('',(#3001,#3002,#3003,#3004,#3005,#3006,#3007,#3008,#3009,#3010));
#3001=ORIENTED_EDGE('',*,*,#2364,.F.);
#3002=ORIENTED_EDGE('',*,*,#2346,.F.);
#3003=ORIENTED_EDGE('',*,*,#2500,.F.);
#3004=ORIENTED_EDGE('',*,*,#2476,.F.);
#3005=ORIENTED_EDGE('',*,*,#2460,.F.);
#3006=ORIENTED_EDGE('',*,*,#2452,.F.);
#3007=ORIENTED_EDGE('',*,*,#2436,.F.);
#3008=ORIENTED_EDGE('',*,*,#2412,.F.);
#3009=ORIENTED_EDGE('',*,*,#2388,.F.);
#3010=ORIENTED_EDGE('',*,*,#2372,.F.);
#3011=PLANE('',#3012);
#3012=AXIS2_PLACEMENT_3D('',#3013,#3014,#3015);
#3013=CARTESIAN_POINT('',(-5.08001016E-05,5.08001016E-05,0.019999997));
#3014=DIRECTION('',(0.0,0.0,1.0));
#3015=DIRECTION('',(1.0,0.0,0.0));
#3016=ADVANCED_FACE('',(#3017),#3025,.F.);
#3017=FACE_BOUND('',#3018,.T.);
#3018=EDGE_LOOP('',(#3019,#3020,#3021,#3022,#3023,#3024));
#3019=ORIENTED_EDGE('',*,*,#2306,.F.);
#3020=ORIENTED_EDGE('',*,*,#2296,.F.);
#3021=ORIENTED_EDGE('',*,*,#2338,.F.);
#3022=ORIENTED_EDGE('',*,*,#2330,.F.);
#3023=ORIENTED_EDGE('',*,*,#2322,.F.);
#3024=ORIENTED_EDGE('',*,*,#2314,.F.);
#3025=PLANE('',#3026);
#3026=AXIS2_PLACEMENT_3D('',#3027,#3028,#3029);
#3027=CARTESIAN_POINT('',(-5.08001016E-05,5.08001016E-05,0.019999997));
#3028=DIRECTION('',(0.0,0.0,1.0));
#3029=DIRECTION('',(1.0,0.0,0.0));
#3030=ADVANCED_FACE('',(#3031),#3036,.F.);
#3031=FACE_BOUND('',#3032,.T.);
#3032=EDGE_LOOP('',(#3033,#3034,#3035));
#3033=ORIENTED_EDGE('',*,*,#2772,.F.);
#3034=ORIENTED_EDGE('',*,*,#2762,.F.);
#3035=ORIENTED_EDGE('',*,*,#2780,.F.);
#3036=PLANE('',#3037);
#3037=AXIS2_PLACEMENT_3D('',#3038,#3039,#3040);
#3038=CARTESIAN_POINT('',(-5.08001016E-05,5.08001016E-05,0.019999997));
#3039=DIRECTION('',(0.0,0.0,1.0));
#3040=DIRECTION('',(1.0,0.0,0.0));
#3041=ADVANCED_FACE('',(#3042),#3074,.T.);
#3042=FACE_BOUND('',#3043,.T.);
#3043=EDGE_LOOP('',(#3044,#3050,#3051,#3059,#3067,#3073));
#3044=ORIENTED_EDGE('',*,*,#3045,.T.);
#3045=EDGE_CURVE('',#1252,#1666,#3046,.T.);
#3046=LINE('',#3047,#3048);
#3047=CARTESIAN_POINT('',(0.4999492,0.5000508,0.119999997));
#3048=VECTOR('',#3049,1.0);
#3049=DIRECTION('',(-2.168404345E-16,1.0,0.0));
#3050=ORIENTED_EDGE('',*,*,#1663,.F.);
#3051=ORIENTED_EDGE('',*,*,#3052,.T.);
#3052=EDGE_CURVE('',#1664,#3053,#3055,.F.);
#3053=VERTEX_POINT('',#3054);
#3054=CARTESIAN_POINT('',(0.4999492,0.5000508,0.119999997));
#3055=LINE('',#3056,#3057);
#3056=CARTESIAN_POINT('',(0.4999492,-0.4999492,0.119999997));
#3057=VECTOR('',#3058,1.0);
#3058=DIRECTION('',(2.168404345E-16,-1.0,0.0));
#3059=ORIENTED_EDGE('',*,*,#3060,.T.);
#3060=EDGE_CURVE('',#3053,#3061,#3063,.F.);
#3061=VERTEX_POINT('',#3062);
#3062=CARTESIAN_POINT('',(0.497680041,0.497781642,0.249999997));
#3063=LINE('',#3064,#3065);
#3064=CARTESIAN_POINT('',(0.4999492,0.5000508,0.119999997));
#3065=VECTOR('',#3066,1.0);
#3066=DIRECTION('',(0.017449749,0.017449749,-0.99969546));
#3067=ORIENTED_EDGE('',*,*,#3068,.T.);
#3068=EDGE_CURVE('',#3061,#1260,#3069,.F.);
#3069=LINE('',#3070,#3071);
#3070=CARTESIAN_POINT('',(0.497680041,-0.4999492,0.249999997));
#3071=VECTOR('',#3072,1.0);
#3072=DIRECTION('',(-2.168404345E-16,1.0,0.0));
#3073=ORIENTED_EDGE('',*,*,#1259,.F.);
#3074=PLANE('',#3075);
#3075=AXIS2_PLACEMENT_3D('',#3076,#3077,#3078);
#3076=CARTESIAN_POINT('',(0.4999492,-0.4999492,0.119999997));
#3077=DIRECTION('',(0.999847695,2.168074086E-16,0.017452406));
#3078=DIRECTION('',(0.017452406,1.540743956E-33,-0.999847695));
#3079=ADVANCED_FACE('',(#3080),#3112,.T.);
#3080=FACE_BOUND('',#3081,.T.);
#3081=EDGE_LOOP('',(#3082,#3088,#3089,#3097,#3105,#3111));
#3082=ORIENTED_EDGE('',*,*,#3083,.T.);
#3083=EDGE_CURVE('',#3053,#1826,#3084,.T.);
#3084=LINE('',#3085,#3086);
#3085=CARTESIAN_POINT('',(-0.5000508,0.5000508,0.119999997));
#3086=VECTOR('',#3087,1.0);
#3087=DIRECTION('',(-1.0,0.0,0.0));
#3088=ORIENTED_EDGE('',*,*,#1825,.F.);
#3089=ORIENTED_EDGE('',*,*,#3090,.T.);
#3090=EDGE_CURVE('',#57,#3091,#3093,.T.);
#3091=VERTEX_POINT('',#3092);
#3092=CARTESIAN_POINT('',(-0.5000508,0.5000508,0.119999997));
#3093=LINE('',#3094,#3095);
#3094=CARTESIAN_POINT('',(0.4999492,0.5000508,0.119999997));
#3095=VECTOR('',#3096,1.0);
#3096=DIRECTION('',(-1.0,0.0,0.0));
#3097=ORIENTED_EDGE('',*,*,#3098,.T.);
#3098=EDGE_CURVE('',#3091,#3099,#3101,.F.);
#3099=VERTEX_POINT('',#3100);
#3100=CARTESIAN_POINT('',(-0.497781642,0.497781642,0.249999997));
#3101=LINE('',#3102,#3103);
#3102=CARTESIAN_POINT('',(-0.5000508,0.5000508,0.119999997));
#3103=VECTOR('',#3104,1.0);
#3104=DIRECTION('',(-0.017449749,0.017449749,-0.99969546));
#3105=ORIENTED_EDGE('',*,*,#3106,.T.);
#3106=EDGE_CURVE('',#3099,#3061,#3107,.F.);
#3107=LINE('',#3108,#3109);
#3108=CARTESIAN_POINT('',(0.4999492,0.497781642,0.249999997));
#3109=VECTOR('',#3110,1.0);
#3110=DIRECTION('',(-1.0,0.0,0.0));
#3111=ORIENTED_EDGE('',*,*,#3060,.F.);
#3112=PLANE('',#3113);
#3113=AXIS2_PLACEMENT_3D('',#3114,#3115,#3116);
#3114=CARTESIAN_POINT('',(0.4999492,0.5000508,0.119999997));
#3115=DIRECTION('',(0.0,0.999847695,0.017452406));
#3116=DIRECTION('',(0.0,-0.017452406,0.999847695));
#3117=ADVANCED_FACE('',(#3118),#3141,.T.);
#3118=FACE_BOUND('',#3119,.T.);
#3119=EDGE_LOOP('',(#3120,#3126,#3127,#3133,#3134,#3140));
#3120=ORIENTED_EDGE('',*,*,#3121,.T.);
#3121=EDGE_CURVE('',#3091,#1778,#3122,.T.);
#3122=LINE('',#3123,#3124);
#3123=CARTESIAN_POINT('',(-0.5000508,0.5000508,0.119999997));
#3124=VECTOR('',#3125,1.0);
#3125=DIRECTION('',(2.168404345E-16,-1.0,0.0));
#3126=ORIENTED_EDGE('',*,*,#1777,.F.);
#3127=ORIENTED_EDGE('',*,*,#3128,.T.);
#3128=EDGE_CURVE('',#109,#1234,#3129,.T.);
#3129=LINE('',#3130,#3131);
#3130=CARTESIAN_POINT('',(-0.5000508,0.5000508,0.119999997));
#3131=VECTOR('',#3132,1.0);
#3132=DIRECTION('',(2.168404345E-16,-1.0,0.0));
#3133=ORIENTED_EDGE('',*,*,#1275,.F.);
#3134=ORIENTED_EDGE('',*,*,#3135,.T.);
#3135=EDGE_CURVE('',#1268,#3099,#3136,.F.);
#3136=LINE('',#3137,#3138);
#3137=CARTESIAN_POINT('',(-0.497781642,0.5000508,0.249999997));
#3138=VECTOR('',#3139,1.0);
#3139=DIRECTION('',(2.168404345E-16,-1.0,0.0));
#3140=ORIENTED_EDGE('',*,*,#3098,.F.);
#3141=PLANE('',#3142);
#3142=AXIS2_PLACEMENT_3D('',#3143,#3144,#3145);
#3143=CARTESIAN_POINT('',(-0.5000508,0.5000508,0.119999997));
#3144=DIRECTION('',(-0.999847695,-2.168074086E-16,0.017452406));
#3145=DIRECTION('',(0.017452406,1.540743956E-33,0.999847695));
#3146=ADVANCED_FACE('',(#3147),#3153,.T.);
#3147=FACE_BOUND('',#3148,.T.);
#3148=EDGE_LOOP('',(#3149,#3150,#3151,#3152));
#3149=ORIENTED_EDGE('',*,*,#1267,.F.);
#3150=ORIENTED_EDGE('',*,*,#3068,.F.);
#3151=ORIENTED_EDGE('',*,*,#3106,.F.);
#3152=ORIENTED_EDGE('',*,*,#3135,.F.);
#3153=PLANE('',#3154);
#3154=AXIS2_PLACEMENT_3D('',#3155,#3156,#3157);
#3155=CARTESIAN_POINT('',(-5.08001016E-05,5.08001016E-05,0.249999997));
#3156=DIRECTION('',(0.0,0.0,1.0));
#3157=DIRECTION('',(1.0,0.0,0.0));
#3158=ADVANCED_FACE('',(#3159),#3178,.T.);
#3159=FACE_BOUND('',#3160,.T.);
#3160=EDGE_LOOP('',(#3161,#3162,#3170,#3177));
#3161=ORIENTED_EDGE('',*,*,#2247,.F.);
#3162=ORIENTED_EDGE('',*,*,#3163,.T.);
#3163=EDGE_CURVE('',#2240,#3164,#3166,.F.);
#3164=VERTEX_POINT('',#3165);
#3165=CARTESIAN_POINT('',(0.4499492,0.356278874,-2.682209024E-09));
#3166=LINE('',#3167,#3168);
#3167=CARTESIAN_POINT('',(0.4499492,0.356278874,-2.682209024E-09));
#3168=VECTOR('',#3169,1.0);
#3169=DIRECTION('',(0.0,0.0,1.0));
#3170=ORIENTED_EDGE('',*,*,#3171,.T.);
#3171=EDGE_CURVE('',#3164,#1874,#3172,.F.);
#3172=CIRCLE('',#3173,0.15);
#3173=AXIS2_PLACEMENT_3D('',#3174,#3175,#3176);
#3174=CARTESIAN_POINT('',(0.498203693,0.498305294,-2.682209024E-09));
#3175=DIRECTION('',(0.0,0.0,-1.0));
#3176=DIRECTION('',(-1.0,0.0,0.0));
#3177=ORIENTED_EDGE('',*,*,#1873,.F.);
#3178=CYLINDRICAL_SURFACE('',#3179,0.15);
#3179=AXIS2_PLACEMENT_3D('',#3180,#3181,#3182);
#3180=CARTESIAN_POINT('',(0.498203693,0.498305294,-2.682209024E-09));
#3181=DIRECTION('',(0.0,0.0,1.0));
#3182=DIRECTION('',(1.0,0.0,0.0));
#3183=ADVANCED_FACE('',(#3184),#3202,.F.);
#3184=FACE_BOUND('',#3185,.T.);
#3185=EDGE_LOOP('',(#3186,#3187,#3195,#3201));
#3186=ORIENTED_EDGE('',*,*,#2239,.F.);
#3187=ORIENTED_EDGE('',*,*,#3188,.T.);
#3188=EDGE_CURVE('',#2232,#3189,#3191,.F.);
#3189=VERTEX_POINT('',#3190);
#3190=CARTESIAN_POINT('',(0.4499492,0.2000508,-2.682209024E-09));
#3191=LINE('',#3192,#3193);
#3192=CARTESIAN_POINT('',(0.4499492,0.2000508,-2.682209024E-09));
#3193=VECTOR('',#3194,1.0);
#3194=DIRECTION('',(0.0,0.0,1.0));
#3195=ORIENTED_EDGE('',*,*,#3196,.T.);
#3196=EDGE_CURVE('',#3189,#3164,#3197,.F.);
#3197=LINE('',#3198,#3199);
#3198=CARTESIAN_POINT('',(0.4499492,0.2000508,-2.682209024E-09));
#3199=VECTOR('',#3200,1.0);
#3200=DIRECTION('',(0.0,-1.0,0.0));
#3201=ORIENTED_EDGE('',*,*,#3163,.F.);
#3202=PLANE('',#3203);
#3203=AXIS2_PLACEMENT_3D('',#3204,#3205,#3206);
#3204=CARTESIAN_POINT('',(0.4499492,0.2000508,-2.682209024E-09));
#3205=DIRECTION('',(-1.0,0.0,0.0));
#3206=DIRECTION('',(0.0,0.0,1.0));
#3207=ADVANCED_FACE('',(#3208),#3226,.F.);
#3208=FACE_BOUND('',#3209,.T.);
#3209=EDGE_LOOP('',(#3210,#3211,#3219,#3225));
#3210=ORIENTED_EDGE('',*,*,#2231,.F.);
#3211=ORIENTED_EDGE('',*,*,#3212,.T.);
#3212=EDGE_CURVE('',#2224,#3213,#3215,.F.);
#3213=VERTEX_POINT('',#3214);
#3214=CARTESIAN_POINT('',(0.1999492,0.2000508,-2.682209024E-09));
#3215=LINE('',#3216,#3217);
#3216=CARTESIAN_POINT('',(0.1999492,0.2000508,-2.682209024E-09));
#3217=VECTOR('',#3218,1.0);
#3218=DIRECTION('',(0.0,0.0,1.0));
#3219=ORIENTED_EDGE('',*,*,#3220,.T.);
#3220=EDGE_CURVE('',#3213,#3189,#3221,.F.);
#3221=LINE('',#3222,#3223);
#3222=CARTESIAN_POINT('',(0.1999492,0.2000508,-2.682209024E-09));
#3223=VECTOR('',#3224,1.0);
#3224=DIRECTION('',(-1.0,0.0,0.0));
#3225=ORIENTED_EDGE('',*,*,#3188,.F.);
#3226=PLANE('',#3227);
#3227=AXIS2_PLACEMENT_3D('',#3228,#3229,#3230);
#3228=CARTESIAN_POINT('',(0.1999492,0.2000508,-2.682209024E-09));
#3229=DIRECTION('',(0.0,1.0,0.0));
#3230=DIRECTION('',(0.0,0.0,1.0));
#3231=ADVANCED_FACE('',(#3232),#3250,.F.);
#3232=FACE_BOUND('',#3233,.T.);
#3233=EDGE_LOOP('',(#3234,#3235,#3243,#3249));
#3234=ORIENTED_EDGE('',*,*,#2223,.F.);
#3235=ORIENTED_EDGE('',*,*,#3236,.T.);
#3236=EDGE_CURVE('',#2216,#3237,#3239,.F.);
#3237=VERTEX_POINT('',#3238);
#3238=CARTESIAN_POINT('',(0.1999492,0.4500508,-2.682209024E-09));
#3239=LINE('',#3240,#3241);
#3240=CARTESIAN_POINT('',(0.1999492,0.4500508,-2.682209024E-09));
#3241=VECTOR('',#3242,1.0);
#3242=DIRECTION('',(0.0,0.0,1.0));
#3243=ORIENTED_EDGE('',*,*,#3244,.T.);
#3244=EDGE_CURVE('',#3237,#3213,#3245,.F.);
#3245=LINE('',#3246,#3247);
#3246=CARTESIAN_POINT('',(0.1999492,0.2000508,-2.682209024E-09));
#3247=VECTOR('',#3248,1.0);
#3248=DIRECTION('',(0.0,1.0,0.0));
#3249=ORIENTED_EDGE('',*,*,#3212,.F.);
#3250=PLANE('',#3251);
#3251=AXIS2_PLACEMENT_3D('',#3252,#3253,#3254);
#3252=CARTESIAN_POINT('',(0.1999492,0.2000508,-2.682209024E-09));
#3253=DIRECTION('',(1.0,0.0,0.0));
#3254=DIRECTION('',(0.0,0.0,-1.0));
#3255=ADVANCED_FACE('',(#3256),#3274,.F.);
#3256=FACE_BOUND('',#3257,.T.);
#3257=EDGE_LOOP('',(#3258,#3259,#3267,#3273));
#3258=ORIENTED_EDGE('',*,*,#2215,.F.);
#3259=ORIENTED_EDGE('',*,*,#3260,.T.);
#3260=EDGE_CURVE('',#2207,#3261,#3263,.F.);
#3261=VERTEX_POINT('',#3262);
#3262=CARTESIAN_POINT('',(0.356177274,0.4500508,-2.682209024E-09));
#3263=LINE('',#3264,#3265);
#3264=CARTESIAN_POINT('',(0.356177274,0.4500508,-2.682209024E-09));
#3265=VECTOR('',#3266,1.0);
#3266=DIRECTION('',(0.0,0.0,1.0));
#3267=ORIENTED_EDGE('',*,*,#3268,.T.);
#3268=EDGE_CURVE('',#3261,#3237,#3269,.F.);
#3269=LINE('',#3270,#3271);
#3270=CARTESIAN_POINT('',(0.1999492,0.4500508,-2.682209024E-09));
#3271=VECTOR('',#3272,1.0);
#3272=DIRECTION('',(1.0,-6.939867753E-16,0.0));
#3273=ORIENTED_EDGE('',*,*,#3236,.F.);
#3274=PLANE('',#3275);
#3275=AXIS2_PLACEMENT_3D('',#3276,#3277,#3278);
#3276=CARTESIAN_POINT('',(0.1999492,0.4500508,-2.682209024E-09));
#3277=DIRECTION('',(-6.939867753E-16,-1.0,0.0));
#3278=DIRECTION('',(1.0,-6.939867753E-16,0.0));
#3279=ADVANCED_FACE('',(#3280),#3292,.T.);
#3280=FACE_BOUND('',#3281,.T.);
#3281=EDGE_LOOP('',(#3282,#3283,#3284,#3291));
#3282=ORIENTED_EDGE('',*,*,#2206,.F.);
#3283=ORIENTED_EDGE('',*,*,#1911,.F.);
#3284=ORIENTED_EDGE('',*,*,#3285,.T.);
#3285=EDGE_CURVE('',#1904,#3261,#3286,.F.);
#3286=CIRCLE('',#3287,0.15);
#3287=AXIS2_PLACEMENT_3D('',#3288,#3289,#3290);
#3288=CARTESIAN_POINT('',(0.498203693,0.498305294,-2.682209024E-09));
#3289=DIRECTION('',(0.0,0.0,-1.0));
#3290=DIRECTION('',(-1.0,0.0,0.0));
#3291=ORIENTED_EDGE('',*,*,#3260,.F.);
#3292=CYLINDRICAL_SURFACE('',#3293,0.15);
#3293=AXIS2_PLACEMENT_3D('',#3294,#3295,#3296);
#3294=CARTESIAN_POINT('',(0.498203693,0.498305294,-2.682209024E-09));
#3295=DIRECTION('',(0.0,0.0,1.0));
#3296=DIRECTION('',(1.0,0.0,0.0));
#3297=ADVANCED_FACE('',(#3298),#3315,.T.);
#3298=FACE_BOUND('',#3299,.T.);
#3299=EDGE_LOOP('',(#3300,#3301,#3308,#3309,#3310,#3311,#3312,#3313,#3314));
#3300=ORIENTED_EDGE('',*,*,#1903,.F.);
#3301=ORIENTED_EDGE('',*,*,#3302,.T.);
#3302=EDGE_CURVE('',#1896,#1865,#3303,.T.);
#3303=CIRCLE('',#3304,0.075);
#3304=AXIS2_PLACEMENT_3D('',#3305,#3306,#3307);
#3305=CARTESIAN_POINT('',(0.498203693,0.498305294,-2.682209024E-09));
#3306=DIRECTION('',(0.0,0.0,1.0));
#3307=DIRECTION('',(-1.0,0.0,0.0));
#3308=ORIENTED_EDGE('',*,*,#1881,.F.);
#3309=ORIENTED_EDGE('',*,*,#3171,.F.);
#3310=ORIENTED_EDGE('',*,*,#3196,.F.);
#3311=ORIENTED_EDGE('',*,*,#3220,.F.);
#3312=ORIENTED_EDGE('',*,*,#3244,.F.);
#3313=ORIENTED_EDGE('',*,*,#3268,.F.);
#3314=ORIENTED_EDGE('',*,*,#3285,.F.);
#3315=PLANE('',#3316);
#3316=AXIS2_PLACEMENT_3D('',#3317,#3318,#3319);
#3317=CARTESIAN_POINT('',(0.498203693,0.498305294,-2.682209024E-09));
#3318=DIRECTION('',(0.0,0.0,-1.0));
#3319=DIRECTION('',(-1.0,0.0,0.0));
#3320=ADVANCED_FACE('',(#3321),#3340,.T.);
#3321=FACE_BOUND('',#3322,.T.);
#3322=EDGE_LOOP('',(#3323,#3324,#3332,#3339));
#3323=ORIENTED_EDGE('',*,*,#2198,.F.);
#3324=ORIENTED_EDGE('',*,*,#3325,.T.);
#3325=EDGE_CURVE('',#2191,#3326,#3328,.F.);
#3326=VERTEX_POINT('',#3327);
#3327=CARTESIAN_POINT('',(-0.356278874,0.4500508,-2.682209024E-09));
#3328=LINE('',#3329,#3330);
#3329=CARTESIAN_POINT('',(-0.356278874,0.4500508,-2.682209024E-09));
#3330=VECTOR('',#3331,1.0);
#3331=DIRECTION('',(0.0,0.0,1.0));
#3332=ORIENTED_EDGE('',*,*,#3333,.T.);
#3333=EDGE_CURVE('',#3326,#1967,#3334,.F.);
#3334=CIRCLE('',#3335,0.15);
#3335=AXIS2_PLACEMENT_3D('',#3336,#3337,#3338);
#3336=CARTESIAN_POINT('',(-0.498305294,0.498305294,-2.682209024E-09));
#3337=DIRECTION('',(0.0,0.0,-1.0));
#3338=DIRECTION('',(-1.0,0.0,0.0));
#3339=ORIENTED_EDGE('',*,*,#1966,.F.);
#3340=CYLINDRICAL_SURFACE('',#3341,0.15);
#3341=AXIS2_PLACEMENT_3D('',#3342,#3343,#3344);
#3342=CARTESIAN_POINT('',(-0.498305294,0.498305294,-2.682209024E-09));
#3343=DIRECTION('',(0.0,0.0,1.0));
#3344=DIRECTION('',(1.0,0.0,0.0));
#3345=ADVANCED_FACE('',(#3346),#3364,.F.);
#3346=FACE_BOUND('',#3347,.T.);
#3347=EDGE_LOOP('',(#3348,#3349,#3357,#3363));
#3348=ORIENTED_EDGE('',*,*,#2190,.F.);
#3349=ORIENTED_EDGE('',*,*,#3350,.T.);
#3350=EDGE_CURVE('',#2183,#3351,#3353,.F.);
#3351=VERTEX_POINT('',#3352);
#3352=CARTESIAN_POINT('',(-0.2000508,0.4500508,-2.682209024E-09));
#3353=LINE('',#3354,#3355);
#3354=CARTESIAN_POINT('',(-0.2000508,0.4500508,-2.682209024E-09));
#3355=VECTOR('',#3356,1.0);
#3356=DIRECTION('',(0.0,0.0,1.0));
#3357=ORIENTED_EDGE('',*,*,#3358,.T.);
#3358=EDGE_CURVE('',#3351,#3326,#3359,.F.);
#3359=LINE('',#3360,#3361);
#3360=CARTESIAN_POINT('',(-0.2000508,0.4500508,-2.682209024E-09));
#3361=VECTOR('',#3362,1.0);
#3362=DIRECTION('',(1.0,3.469933877E-15,0.0));
#3363=ORIENTED_EDGE('',*,*,#3325,.F.);
#3364=PLANE('',#3365);
#3365=AXIS2_PLACEMENT_3D('',#3366,#3367,#3368);
#3366=CARTESIAN_POINT('',(-0.2000508,0.4500508,-2.682209024E-09));
#3367=DIRECTION('',(3.469933877E-15,-1.0,0.0));
#3368=DIRECTION('',(1.0,3.469933877E-15,0.0));
#3369=ADVANCED_FACE('',(#3370),#3388,.F.);
#3370=FACE_BOUND('',#3371,.T.);
#3371=EDGE_LOOP('',(#3372,#3373,#3381,#3387));
#3372=ORIENTED_EDGE('',*,*,#2182,.F.);
#3373=ORIENTED_EDGE('',*,*,#3374,.T.);
#3374=EDGE_CURVE('',#2175,#3375,#3377,.F.);
#3375=VERTEX_POINT('',#3376);
#3376=CARTESIAN_POINT('',(-0.2000508,0.2000508,-2.682209024E-09));
#3377=LINE('',#3378,#3379);
#3378=CARTESIAN_POINT('',(-0.2000508,0.2000508,-2.682209024E-09));
#3379=VECTOR('',#3380,1.0);
#3380=DIRECTION('',(0.0,0.0,1.0));
#3381=ORIENTED_EDGE('',*,*,#3382,.T.);
#3382=EDGE_CURVE('',#3375,#3351,#3383,.F.);
#3383=LINE('',#3384,#3385);
#3384=CARTESIAN_POINT('',(-0.2000508,0.2000508,-2.682209024E-09));
#3385=VECTOR('',#3386,1.0);
#3386=DIRECTION('',(3.469446952E-15,-1.0,0.0));
#3387=ORIENTED_EDGE('',*,*,#3350,.F.);
#3388=PLANE('',#3389);
#3389=AXIS2_PLACEMENT_3D('',#3390,#3391,#3392);
#3390=CARTESIAN_POINT('',(-0.2000508,0.2000508,-2.682209024E-09));
#3391=DIRECTION('',(-1.0,-3.469446952E-15,0.0));
#3392=DIRECTION('',(3.469446952E-15,-1.0,0.0));
#3393=ADVANCED_FACE('',(#3394),#3412,.F.);
#3394=FACE_BOUND('',#3395,.T.);
#3395=EDGE_LOOP('',(#3396,#3397,#3405,#3411));
#3396=ORIENTED_EDGE('',*,*,#2174,.F.);
#3397=ORIENTED_EDGE('',*,*,#3398,.T.);
#3398=EDGE_CURVE('',#2167,#3399,#3401,.F.);
#3399=VERTEX_POINT('',#3400);
#3400=CARTESIAN_POINT('',(-0.4500508,0.2000508,-2.682209024E-09));
#3401=LINE('',#3402,#3403);
#3402=CARTESIAN_POINT('',(-0.4500508,0.2000508,-2.682209024E-09));
#3403=VECTOR('',#3404,1.0);
#3404=DIRECTION('',(0.0,0.0,1.0));
#3405=ORIENTED_EDGE('',*,*,#3406,.T.);
#3406=EDGE_CURVE('',#3399,#3375,#3407,.F.);
#3407=LINE('',#3408,#3409);
#3408=CARTESIAN_POINT('',(-0.2000508,0.2000508,-2.682209024E-09));
#3409=VECTOR('',#3410,1.0);
#3410=DIRECTION('',(-1.0,-3.469446952E-15,0.0));
#3411=ORIENTED_EDGE('',*,*,#3374,.F.);
#3412=PLANE('',#3413);
#3413=AXIS2_PLACEMENT_3D('',#3414,#3415,#3416);
#3414=CARTESIAN_POINT('',(-0.2000508,0.2000508,-2.682209024E-09));
#3415=DIRECTION('',(-3.469446952E-15,1.0,0.0));
#3416=DIRECTION('',(-1.0,-3.469446952E-15,0.0));
#3417=ADVANCED_FACE('',(#3418),#3436,.F.);
#3418=FACE_BOUND('',#3419,.T.);
#3419=EDGE_LOOP('',(#3420,#3421,#3429,#3435));
#3420=ORIENTED_EDGE('',*,*,#2166,.F.);
#3421=ORIENTED_EDGE('',*,*,#3422,.T.);
#3422=EDGE_CURVE('',#2158,#3423,#3425,.F.);
#3423=VERTEX_POINT('',#3424);
#3424=CARTESIAN_POINT('',(-0.4500508,0.356278874,-2.682209024E-09));
#3425=LINE('',#3426,#3427);
#3426=CARTESIAN_POINT('',(-0.4500508,0.356278874,-2.682209024E-09));
#3427=VECTOR('',#3428,1.0);
#3428=DIRECTION('',(0.0,0.0,1.0));
#3429=ORIENTED_EDGE('',*,*,#3430,.T.);
#3430=EDGE_CURVE('',#3423,#3399,#3431,.F.);
#3431=LINE('',#3432,#3433);
#3432=CARTESIAN_POINT('',(-0.4500508,0.2000508,-2.682209024E-09));
#3433=VECTOR('',#3434,1.0);
#3434=DIRECTION('',(-2.775947101E-15,1.0,0.0));
#3435=ORIENTED_EDGE('',*,*,#3398,.F.);
#3436=PLANE('',#3437);
#3437=AXIS2_PLACEMENT_3D('',#3438,#3439,#3440);
#3438=CARTESIAN_POINT('',(-0.4500508,0.2000508,-2.682209024E-09));
#3439=DIRECTION('',(1.0,2.775947101E-15,0.0));
#3440=DIRECTION('',(-2.775947101E-15,1.0,0.0));
#3441=ADVANCED_FACE('',(#3442),#3454,.T.);
#3442=FACE_BOUND('',#3443,.T.);
#3443=EDGE_LOOP('',(#3444,#3445,#3446,#3453));
#3444=ORIENTED_EDGE('',*,*,#2157,.F.);
#3445=ORIENTED_EDGE('',*,*,#1942,.F.);
#3446=ORIENTED_EDGE('',*,*,#3447,.T.);
#3447=EDGE_CURVE('',#1935,#3423,#3448,.F.);
#3448=CIRCLE('',#3449,0.15);
#3449=AXIS2_PLACEMENT_3D('',#3450,#3451,#3452);
#3450=CARTESIAN_POINT('',(-0.498305294,0.498305294,-2.682209024E-09));
#3451=DIRECTION('',(0.0,0.0,-1.0));
#3452=DIRECTION('',(-1.0,0.0,0.0));
#3453=ORIENTED_EDGE('',*,*,#3422,.F.);
#3454=CYLINDRICAL_SURFACE('',#3455,0.15);
#3455=AXIS2_PLACEMENT_3D('',#3456,#3457,#3458);
#3456=CARTESIAN_POINT('',(-0.498305294,0.498305294,-2.682209024E-09));
#3457=DIRECTION('',(0.0,0.0,1.0));
#3458=DIRECTION('',(1.0,0.0,0.0));
#3459=ADVANCED_FACE('',(#3460),#3477,.T.);
#3460=FACE_BOUND('',#3461,.T.);
#3461=EDGE_LOOP('',(#3462,#3463,#3470,#3471,#3472,#3473,#3474,#3475,#3476));
#3462=ORIENTED_EDGE('',*,*,#1934,.F.);
#3463=ORIENTED_EDGE('',*,*,#3464,.T.);
#3464=EDGE_CURVE('',#1927,#1958,#3465,.T.);
#3465=CIRCLE('',#3466,0.075);
#3466=AXIS2_PLACEMENT_3D('',#3467,#3468,#3469);
#3467=CARTESIAN_POINT('',(-0.498305294,0.498305294,-2.682209024E-09));
#3468=DIRECTION('',(0.0,0.0,1.0));
#3469=DIRECTION('',(-1.0,0.0,0.0));
#3470=ORIENTED_EDGE('',*,*,#1974,.F.);
#3471=ORIENTED_EDGE('',*,*,#3333,.F.);
#3472=ORIENTED_EDGE('',*,*,#3358,.F.);
#3473=ORIENTED_EDGE('',*,*,#3382,.F.);
#3474=ORIENTED_EDGE('',*,*,#3406,.F.);
#3475=ORIENTED_EDGE('',*,*,#3430,.F.);
#3476=ORIENTED_EDGE('',*,*,#3447,.F.);
#3477=PLANE('',#3478);
#3478=AXIS2_PLACEMENT_3D('',#3479,#3480,#3481);
#3479=CARTESIAN_POINT('',(-0.498305294,0.498305294,-2.682209024E-09));
#3480=DIRECTION('',(0.0,0.0,-1.0));
#3481=DIRECTION('',(-1.0,0.0,0.0));
#3482=ADVANCED_FACE('',(#3483),#3502,.T.);
#3483=FACE_BOUND('',#3484,.T.);
#3484=EDGE_LOOP('',(#3485,#3486,#3494,#3501));
#3485=ORIENTED_EDGE('',*,*,#2149,.F.);
#3486=ORIENTED_EDGE('',*,*,#3487,.T.);
#3487=EDGE_CURVE('',#2142,#3488,#3490,.F.);
#3488=VERTEX_POINT('',#3489);
#3489=CARTESIAN_POINT('',(-0.4500508,-0.356177274,-2.682209024E-09));
#3490=LINE('',#3491,#3492);
#3491=CARTESIAN_POINT('',(-0.4500508,-0.356177274,-2.682209024E-09));
#3492=VECTOR('',#3493,1.0);
#3493=DIRECTION('',(0.0,0.0,1.0));
#3494=ORIENTED_EDGE('',*,*,#3495,.T.);
#3495=EDGE_CURVE('',#3488,#2015,#3496,.F.);
#3496=CIRCLE('',#3497,0.15);
#3497=AXIS2_PLACEMENT_3D('',#3498,#3499,#3500);
#3498=CARTESIAN_POINT('',(-0.498305294,-0.498203693,-2.682209024E-09));
#3499=DIRECTION('',(0.0,0.0,-1.0));
#3500=DIRECTION('',(-1.0,0.0,0.0));
#3501=ORIENTED_EDGE('',*,*,#2014,.F.);
#3502=CYLINDRICAL_SURFACE('',#3503,0.15);
#3503=AXIS2_PLACEMENT_3D('',#3504,#3505,#3506);
#3504=CARTESIAN_POINT('',(-0.498305294,-0.498203693,-2.682209024E-09));
#3505=DIRECTION('',(0.0,0.0,1.0));
#3506=DIRECTION('',(1.0,0.0,0.0));
#3507=ADVANCED_FACE('',(#3508),#3526,.F.);
#3508=FACE_BOUND('',#3509,.T.);
#3509=EDGE_LOOP('',(#3510,#3511,#3519,#3525));
#3510=ORIENTED_EDGE('',*,*,#2141,.F.);
#3511=ORIENTED_EDGE('',*,*,#3512,.T.);
#3512=EDGE_CURVE('',#2134,#3513,#3515,.F.);
#3513=VERTEX_POINT('',#3514);
#3514=CARTESIAN_POINT('',(-0.4500508,-0.1999492,-2.682209024E-09));
#3515=LINE('',#3516,#3517);
#3516=CARTESIAN_POINT('',(-0.4500508,-0.1999492,-2.682209024E-09));
#3517=VECTOR('',#3518,1.0);
#3518=DIRECTION('',(0.0,0.0,1.0));
#3519=ORIENTED_EDGE('',*,*,#3520,.T.);
#3520=EDGE_CURVE('',#3513,#3488,#3521,.F.);
#3521=LINE('',#3522,#3523);
#3522=CARTESIAN_POINT('',(-0.4500508,-0.1999492,-2.682209024E-09));
#3523=VECTOR('',#3524,1.0);
#3524=DIRECTION('',(-6.939867753E-15,1.0,0.0));
#3525=ORIENTED_EDGE('',*,*,#3487,.F.);
#3526=PLANE('',#3527);
#3527=AXIS2_PLACEMENT_3D('',#3528,#3529,#3530);
#3528=CARTESIAN_POINT('',(-0.4500508,-0.1999492,-2.682209024E-09));
#3529=DIRECTION('',(1.0,6.939867753E-15,0.0));
#3530=DIRECTION('',(-6.939867753E-15,1.0,0.0));
#3531=ADVANCED_FACE('',(#3532),#3550,.F.);
#3532=FACE_BOUND('',#3533,.T.);
#3533=EDGE_LOOP('',(#3534,#3535,#3543,#3549));
#3534=ORIENTED_EDGE('',*,*,#2133,.F.);
#3535=ORIENTED_EDGE('',*,*,#3536,.T.);
#3536=EDGE_CURVE('',#2126,#3537,#3539,.F.);
#3537=VERTEX_POINT('',#3538);
#3538=CARTESIAN_POINT('',(-0.2000508,-0.1999492,-2.682209024E-09));
#3539=LINE('',#3540,#3541);
#3540=CARTESIAN_POINT('',(-0.2000508,-0.1999492,-2.682209024E-09));
#3541=VECTOR('',#3542,1.0);
#3542=DIRECTION('',(0.0,0.0,1.0));
#3543=ORIENTED_EDGE('',*,*,#3544,.T.);
#3544=EDGE_CURVE('',#3537,#3513,#3545,.F.);
#3545=LINE('',#3546,#3547);
#3546=CARTESIAN_POINT('',(-0.2000508,-0.1999492,-2.682209024E-09));
#3547=VECTOR('',#3548,1.0);
#3548=DIRECTION('',(1.0,6.938893904E-15,0.0));
#3549=ORIENTED_EDGE('',*,*,#3512,.F.);
#3550=PLANE('',#3551);
#3551=AXIS2_PLACEMENT_3D('',#3552,#3553,#3554);
#3552=CARTESIAN_POINT('',(-0.2000508,-0.1999492,-2.682209024E-09));
#3553=DIRECTION('',(6.938893904E-15,-1.0,0.0));
#3554=DIRECTION('',(1.0,6.938893904E-15,0.0));
#3555=ADVANCED_FACE('',(#3556),#3574,.F.);
#3556=FACE_BOUND('',#3557,.T.);
#3557=EDGE_LOOP('',(#3558,#3559,#3567,#3573));
#3558=ORIENTED_EDGE('',*,*,#2125,.F.);
#3559=ORIENTED_EDGE('',*,*,#3560,.T.);
#3560=EDGE_CURVE('',#2118,#3561,#3563,.F.);
#3561=VERTEX_POINT('',#3562);
#3562=CARTESIAN_POINT('',(-0.2000508,-0.4499492,-2.682209024E-09));
#3563=LINE('',#3564,#3565);
#3564=CARTESIAN_POINT('',(-0.2000508,-0.4499492,-2.682209024E-09));
#3565=VECTOR('',#3566,1.0);
#3566=DIRECTION('',(0.0,0.0,1.0));
#3567=ORIENTED_EDGE('',*,*,#3568,.T.);
#3568=EDGE_CURVE('',#3561,#3537,#3569,.F.);
#3569=LINE('',#3570,#3571);
#3570=CARTESIAN_POINT('',(-0.2000508,-0.1999492,-2.682209024E-09));
#3571=VECTOR('',#3572,1.0);
#3572=DIRECTION('',(6.938893904E-15,-1.0,0.0));
#3573=ORIENTED_EDGE('',*,*,#3536,.F.);
#3574=PLANE('',#3575);
#3575=AXIS2_PLACEMENT_3D('',#3576,#3577,#3578);
#3576=CARTESIAN_POINT('',(-0.2000508,-0.1999492,-2.682209024E-09));
#3577=DIRECTION('',(-1.0,-6.938893904E-15,0.0));
#3578=DIRECTION('',(6.938893904E-15,-1.0,0.0));
#3579=ADVANCED_FACE('',(#3580),#3598,.F.);
#3580=FACE_BOUND('',#3581,.T.);
#3581=EDGE_LOOP('',(#3582,#3583,#3591,#3597));
#3582=ORIENTED_EDGE('',*,*,#2117,.F.);
#3583=ORIENTED_EDGE('',*,*,#3584,.T.);
#3584=EDGE_CURVE('',#2109,#3585,#3587,.F.);
#3585=VERTEX_POINT('',#3586);
#3586=CARTESIAN_POINT('',(-0.356278874,-0.4499492,-2.682209024E-09));
#3587=LINE('',#3588,#3589);
#3588=CARTESIAN_POINT('',(-0.356278874,-0.4499492,-2.682209024E-09));
#3589=VECTOR('',#3590,1.0);
#3590=DIRECTION('',(0.0,0.0,1.0));
#3591=ORIENTED_EDGE('',*,*,#3592,.T.);
#3592=EDGE_CURVE('',#3585,#3561,#3593,.F.);
#3593=LINE('',#3594,#3595);
#3594=CARTESIAN_POINT('',(-0.2000508,-0.4499492,-2.682209024E-09));
#3595=VECTOR('',#3596,1.0);
#3596=DIRECTION('',(-1.0,-6.245880978E-15,0.0));
#3597=ORIENTED_EDGE('',*,*,#3560,.F.);
#3598=PLANE('',#3599);
#3599=AXIS2_PLACEMENT_3D('',#3600,#3601,#3602);
#3600=CARTESIAN_POINT('',(-0.2000508,-0.4499492,-2.682209024E-09));
#3601=DIRECTION('',(-6.245880978E-15,1.0,0.0));
#3602=DIRECTION('',(-1.0,-6.245880978E-15,0.0));
#3603=ADVANCED_FACE('',(#3604),#3616,.T.);
#3604=FACE_BOUND('',#3605,.T.);
#3605=EDGE_LOOP('',(#3606,#3607,#3608,#3615));
#3606=ORIENTED_EDGE('',*,*,#2108,.F.);
#3607=ORIENTED_EDGE('',*,*,#1997,.F.);
#3608=ORIENTED_EDGE('',*,*,#3609,.T.);
#3609=EDGE_CURVE('',#1990,#3585,#3610,.F.);
#3610=CIRCLE('',#3611,0.15);
#3611=AXIS2_PLACEMENT_3D('',#3612,#3613,#3614);
#3612=CARTESIAN_POINT('',(-0.498305294,-0.498203693,-2.682209024E-09));
#3613=DIRECTION('',(0.0,0.0,-1.0));
#3614=DIRECTION('',(-1.0,0.0,0.0));
#3615=ORIENTED_EDGE('',*,*,#3584,.F.);
#3616=CYLINDRICAL_SURFACE('',#3617,0.15);
#3617=AXIS2_PLACEMENT_3D('',#3618,#3619,#3620);
#3618=CARTESIAN_POINT('',(-0.498305294,-0.498203693,-2.682209024E-09));
#3619=DIRECTION('',(0.0,0.0,1.0));
#3620=DIRECTION('',(1.0,0.0,0.0));
#3621=ADVANCED_FACE('',(#3622),#3633,.T.);
#3622=FACE_BOUND('',#3623,.T.);
#3623=EDGE_LOOP('',(#3624,#3625,#3626,#3627,#3628,#3629,#3630,#3631,#3632));
#3624=ORIENTED_EDGE('',*,*,#1989,.F.);
#3625=ORIENTED_EDGE('',*,*,#134,.F.);
#3626=ORIENTED_EDGE('',*,*,#2022,.F.);
#3627=ORIENTED_EDGE('',*,*,#3495,.F.);
#3628=ORIENTED_EDGE('',*,*,#3520,.F.);
#3629=ORIENTED_EDGE('',*,*,#3544,.F.);
#3630=ORIENTED_EDGE('',*,*,#3568,.F.);
#3631=ORIENTED_EDGE('',*,*,#3592,.F.);
#3632=ORIENTED_EDGE('',*,*,#3609,.F.);
#3633=PLANE('',#3634);
#3634=AXIS2_PLACEMENT_3D('',#3635,#3636,#3637);
#3635=CARTESIAN_POINT('',(-0.498305294,-0.498203693,-2.682209024E-09));
#3636=DIRECTION('',(0.0,0.0,-1.0));
#3637=DIRECTION('',(-1.0,0.0,0.0));
#3638=ADVANCED_FACE('',(#3639),#3658,.T.);
#3639=FACE_BOUND('',#3640,.T.);
#3640=EDGE_LOOP('',(#3641,#3642,#3650,#3657));
#3641=ORIENTED_EDGE('',*,*,#2098,.F.);
#3642=ORIENTED_EDGE('',*,*,#3643,.T.);
#3643=EDGE_CURVE('',#2099,#3644,#3646,.F.);
#3644=VERTEX_POINT('',#3645);
#3645=CARTESIAN_POINT('',(0.356177274,-0.4499492,-2.682209024E-09));
#3646=LINE('',#3647,#3648);
#3647=CARTESIAN_POINT('',(0.356177274,-0.4499492,-2.682209024E-09));
#3648=VECTOR('',#3649,1.0);
#3649=DIRECTION('',(0.0,0.0,1.0));
#3650=ORIENTED_EDGE('',*,*,#3651,.T.);
#3651=EDGE_CURVE('',#3644,#2077,#3652,.F.);
#3652=CIRCLE('',#3653,0.15);
#3653=AXIS2_PLACEMENT_3D('',#3654,#3655,#3656);
#3654=CARTESIAN_POINT('',(0.498203693,-0.498203693,-2.682209024E-09));
#3655=DIRECTION('',(0.0,0.0,-1.0));
#3656=DIRECTION('',(-1.0,0.0,0.0));
#3657=ORIENTED_EDGE('',*,*,#2076,.F.);
#3658=CYLINDRICAL_SURFACE('',#3659,0.15);
#3659=AXIS2_PLACEMENT_3D('',#3660,#3661,#3662);
#3660=CARTESIAN_POINT('',(0.498203693,-0.498203693,-2.682209024E-09));
#3661=DIRECTION('',(0.0,0.0,1.0));
#3662=DIRECTION('',(1.0,0.0,0.0));
#3663=ADVANCED_FACE('',(#3664),#3682,.F.);
#3664=FACE_BOUND('',#3665,.T.);
#3665=EDGE_LOOP('',(#3666,#3667,#3675,#3681));
#3666=ORIENTED_EDGE('',*,*,#2288,.F.);
#3667=ORIENTED_EDGE('',*,*,#3668,.T.);
#3668=EDGE_CURVE('',#2281,#3669,#3671,.F.);
#3669=VERTEX_POINT('',#3670);
#3670=CARTESIAN_POINT('',(0.1999492,-0.4499492,-2.682209024E-09));
#3671=LINE('',#3672,#3673);
#3672=CARTESIAN_POINT('',(0.1999492,-0.4499492,-2.682209024E-09));
#3673=VECTOR('',#3674,1.0);
#3674=DIRECTION('',(0.0,0.0,1.0));
#3675=ORIENTED_EDGE('',*,*,#3676,.T.);
#3676=EDGE_CURVE('',#3669,#3644,#3677,.F.);
#3677=LINE('',#3678,#3679);
#3678=CARTESIAN_POINT('',(0.1999492,-0.4499492,-2.682209024E-09));
#3679=VECTOR('',#3680,1.0);
#3680=DIRECTION('',(-1.0,-1.040980163E-14,0.0));
#3681=ORIENTED_EDGE('',*,*,#3643,.F.);
#3682=PLANE('',#3683);
#3683=AXIS2_PLACEMENT_3D('',#3684,#3685,#3686);
#3684=CARTESIAN_POINT('',(0.1999492,-0.4499492,-2.682209024E-09));
#3685=DIRECTION('',(-1.040980163E-14,1.0,0.0));
#3686=DIRECTION('',(-1.0,-1.040980163E-14,0.0));
#3687=ADVANCED_FACE('',(#3688),#3706,.F.);
#3688=FACE_BOUND('',#3689,.T.);
#3689=EDGE_LOOP('',(#3690,#3691,#3699,#3705));
#3690=ORIENTED_EDGE('',*,*,#2280,.F.);
#3691=ORIENTED_EDGE('',*,*,#3692,.T.);
#3692=EDGE_CURVE('',#2273,#3693,#3695,.F.);
#3693=VERTEX_POINT('',#3694);
#3694=CARTESIAN_POINT('',(0.1999492,-0.1999492,-2.682209024E-09));
#3695=LINE('',#3696,#3697);
#3696=CARTESIAN_POINT('',(0.1999492,-0.1999492,-2.682209024E-09));
#3697=VECTOR('',#3698,1.0);
#3698=DIRECTION('',(0.0,0.0,1.0));
#3699=ORIENTED_EDGE('',*,*,#3700,.T.);
#3700=EDGE_CURVE('',#3693,#3669,#3701,.F.);
#3701=LINE('',#3702,#3703);
#3702=CARTESIAN_POINT('',(0.1999492,-0.1999492,-2.682209024E-09));
#3703=VECTOR('',#3704,1.0);
#3704=DIRECTION('',(-1.051676107E-14,1.0,0.0));
#3705=ORIENTED_EDGE('',*,*,#3668,.F.);
#3706=PLANE('',#3707);
#3707=AXIS2_PLACEMENT_3D('',#3708,#3709,#3710);
#3708=CARTESIAN_POINT('',(0.1999492,-0.1999492,-2.682209024E-09));
#3709=DIRECTION('',(1.0,1.051676107E-14,0.0));
#3710=DIRECTION('',(-1.051676107E-14,1.0,0.0));
#3711=ADVANCED_FACE('',(#3712),#3730,.F.);
#3712=FACE_BOUND('',#3713,.T.);
#3713=EDGE_LOOP('',(#3714,#3715,#3723,#3729));
#3714=ORIENTED_EDGE('',*,*,#2272,.F.);
#3715=ORIENTED_EDGE('',*,*,#3716,.T.);
#3716=EDGE_CURVE('',#2265,#3717,#3719,.F.);
#3717=VERTEX_POINT('',#3718);
#3718=CARTESIAN_POINT('',(0.4499492,-0.1999492,-2.682209024E-09));
#3719=LINE('',#3720,#3721);
#3720=CARTESIAN_POINT('',(0.4499492,-0.1999492,-2.682209024E-09));
#3721=VECTOR('',#3722,1.0);
#3722=DIRECTION('',(0.0,0.0,1.0));
#3723=ORIENTED_EDGE('',*,*,#3724,.T.);
#3724=EDGE_CURVE('',#3717,#3693,#3725,.F.);
#3725=LINE('',#3726,#3727);
#3726=CARTESIAN_POINT('',(0.1999492,-0.1999492,-2.682209024E-09));
#3727=VECTOR('',#3728,1.0);
#3728=DIRECTION('',(1.0,1.051676107E-14,0.0));
#3729=ORIENTED_EDGE('',*,*,#3692,.F.);
#3730=PLANE('',#3731);
#3731=AXIS2_PLACEMENT_3D('',#3732,#3733,#3734);
#3732=CARTESIAN_POINT('',(0.1999492,-0.1999492,-2.682209024E-09));
#3733=DIRECTION('',(1.051676107E-14,-1.0,0.0));
#3734=DIRECTION('',(1.0,1.051676107E-14,0.0));
#3735=ADVANCED_FACE('',(#3736),#3754,.F.);
#3736=FACE_BOUND('',#3737,.T.);
#3737=EDGE_LOOP('',(#3738,#3739,#3747,#3753));
#3738=ORIENTED_EDGE('',*,*,#2264,.F.);
#3739=ORIENTED_EDGE('',*,*,#3740,.T.);
#3740=EDGE_CURVE('',#2256,#3741,#3743,.F.);
#3741=VERTEX_POINT('',#3742);
#3742=CARTESIAN_POINT('',(0.4499492,-0.356177274,-2.682209024E-09));
#3743=LINE('',#3744,#3745);
#3744=CARTESIAN_POINT('',(0.4499492,-0.356177274,-2.682209024E-09));
#3745=VECTOR('',#3746,1.0);
#3746=DIRECTION('',(0.0,0.0,1.0));
#3747=ORIENTED_EDGE('',*,*,#3748,.T.);
#3748=EDGE_CURVE('',#3741,#3717,#3749,.F.);
#3749=LINE('',#3750,#3751);
#3750=CARTESIAN_POINT('',(0.4499492,-0.1999492,-2.682209024E-09));
#3751=VECTOR('',#3752,1.0);
#3752=DIRECTION('',(9.715814855E-15,-1.0,0.0));
#3753=ORIENTED_EDGE('',*,*,#3716,.F.);
#3754=PLANE('',#3755);
#3755=AXIS2_PLACEMENT_3D('',#3756,#3757,#3758);
#3756=CARTESIAN_POINT('',(0.4499492,-0.1999492,-2.682209024E-09));
#3757=DIRECTION('',(-1.0,-9.715814855E-15,0.0));
#3758=DIRECTION('',(9.715814855E-15,-1.0,0.0));
#3759=ADVANCED_FACE('',(#3760),#3772,.T.);
#3760=FACE_BOUND('',#3761,.T.);
#3761=EDGE_LOOP('',(#3762,#3763,#3764,#3771));
#3762=ORIENTED_EDGE('',*,*,#2255,.F.);
#3763=ORIENTED_EDGE('',*,*,#2052,.F.);
#3764=ORIENTED_EDGE('',*,*,#3765,.T.);
#3765=EDGE_CURVE('',#2045,#3741,#3766,.F.);
#3766=CIRCLE('',#3767,0.15);
#3767=AXIS2_PLACEMENT_3D('',#3768,#3769,#3770);
#3768=CARTESIAN_POINT('',(0.498203693,-0.498203693,-2.682209024E-09));
#3769=DIRECTION('',(0.0,0.0,-1.0));
#3770=DIRECTION('',(-1.0,0.0,0.0));
#3771=ORIENTED_EDGE('',*,*,#3740,.F.);
#3772=CYLINDRICAL_SURFACE('',#3773,0.15);
#3773=AXIS2_PLACEMENT_3D('',#3774,#3775,#3776);
#3774=CARTESIAN_POINT('',(0.498203693,-0.498203693,-2.682209024E-09));
#3775=DIRECTION('',(0.0,0.0,1.0));
#3776=DIRECTION('',(1.0,0.0,0.0));
#3777=ADVANCED_FACE('',(#3778),#3795,.T.);
#3778=FACE_BOUND('',#3779,.T.);
#3779=EDGE_LOOP('',(#3780,#3781,#3788,#3789,#3790,#3791,#3792,#3793,#3794));
#3780=ORIENTED_EDGE('',*,*,#2044,.F.);
#3781=ORIENTED_EDGE('',*,*,#3782,.T.);
#3782=EDGE_CURVE('',#2037,#2068,#3783,.T.);
#3783=CIRCLE('',#3784,0.075);
#3784=AXIS2_PLACEMENT_3D('',#3785,#3786,#3787);
#3785=CARTESIAN_POINT('',(0.498203693,-0.498203693,-2.682209024E-09));
#3786=DIRECTION('',(0.0,0.0,1.0));
#3787=DIRECTION('',(-1.0,-1.864827737E-13,0.0));
#3788=ORIENTED_EDGE('',*,*,#2084,.F.);
#3789=ORIENTED_EDGE('',*,*,#3651,.F.);
#3790=ORIENTED_EDGE('',*,*,#3676,.F.);
#3791=ORIENTED_EDGE('',*,*,#3700,.F.);
#3792=ORIENTED_EDGE('',*,*,#3724,.F.);
#3793=ORIENTED_EDGE('',*,*,#3748,.F.);
#3794=ORIENTED_EDGE('',*,*,#3765,.F.);
#3795=PLANE('',#3796);
#3796=AXIS2_PLACEMENT_3D('',#3797,#3798,#3799);
#3797=CARTESIAN_POINT('',(0.498203693,-0.498203693,-2.682209024E-09));
#3798=DIRECTION('',(0.0,0.0,-1.0));
#3799=DIRECTION('',(-1.0,0.0,0.0));
#3800=ADVANCED_FACE('',(#3801),#3812,.F.);
#3801=FACE_BOUND('',#3802,.T.);
#3802=EDGE_LOOP('',(#3803,#3810,#3811));
#3803=ORIENTED_EDGE('',*,*,#3804,.T.);
#3804=EDGE_CURVE('',#1244,#1666,#3805,.T.);
#3805=CIRCLE('',#3806,0.075);
#3806=AXIS2_PLACEMENT_3D('',#3807,#3808,#3809);
#3807=CARTESIAN_POINT('',(0.498203693,-0.498203693,0.119999997));
#3808=DIRECTION('',(0.0,0.0,-1.0));
#3809=DIRECTION('',(1.0,0.0,0.0));
#3810=ORIENTED_EDGE('',*,*,#3045,.F.);
#3811=ORIENTED_EDGE('',*,*,#1251,.F.);
#3812=PLANE('',#3813);
#3813=AXIS2_PLACEMENT_3D('',#3814,#3815,#3816);
#3814=CARTESIAN_POINT('',(0.498203693,-0.498203693,0.119999997));
#3815=DIRECTION('',(0.0,0.0,1.0));
#3816=DIRECTION('',(1.0,0.0,0.0));
#3817=ADVANCED_FACE('',(#3818),#3826,.F.);
#3818=FACE_BOUND('',#3819,.T.);
#3819=EDGE_LOOP('',(#3820,#3821,#3822,#3823,#3824,#3825));
#3820=ORIENTED_EDGE('',*,*,#3804,.F.);
#3821=ORIENTED_EDGE('',*,*,#1731,.F.);
#3822=ORIENTED_EDGE('',*,*,#2067,.F.);
#3823=ORIENTED_EDGE('',*,*,#3782,.F.);
#3824=ORIENTED_EDGE('',*,*,#2036,.F.);
#3825=ORIENTED_EDGE('',*,*,#1673,.F.);
#3826=CYLINDRICAL_SURFACE('',#3827,0.075);
#3827=AXIS2_PLACEMENT_3D('',#3828,#3829,#3830);
#3828=CARTESIAN_POINT('',(0.498203693,-0.498203693,-0.080000003));
#3829=DIRECTION('',(0.0,0.0,1.0));
#3830=DIRECTION('',(1.0,0.0,0.0));
#3831=ADVANCED_FACE('',(#3832),#3844,.T.);
#3832=FACE_BOUND('',#3833,.T.);
#3833=EDGE_LOOP('',(#3834,#3835,#3836,#3837));
#3834=ORIENTED_EDGE('',*,*,#1233,.F.);
#3835=ORIENTED_EDGE('',*,*,#3128,.F.);
#3836=ORIENTED_EDGE('',*,*,#108,.F.);
#3837=ORIENTED_EDGE('',*,*,#3838,.T.);
#3838=EDGE_CURVE('',#101,#1236,#3839,.T.);
#3839=CIRCLE('',#3840,0.075);
#3840=AXIS2_PLACEMENT_3D('',#3841,#3842,#3843);
#3841=CARTESIAN_POINT('',(-0.498305294,-0.498203693,0.119999997));
#3842=DIRECTION('',(0.0,0.0,-1.0));
#3843=DIRECTION('',(-1.0,0.0,0.0));
#3844=PLANE('',#3845);
#3845=AXIS2_PLACEMENT_3D('',#3846,#3847,#3848);
#3846=CARTESIAN_POINT('',(-0.498305294,-0.498203693,0.119999997));
#3847=DIRECTION('',(0.0,0.0,-1.0));
#3848=DIRECTION('',(-1.0,0.0,0.0));
#3849=ADVANCED_FACE('',(#3850),#3855,.F.);
#3850=FACE_BOUND('',#3851,.T.);
#3851=EDGE_LOOP('',(#3852,#3853,#3854));
#3852=ORIENTED_EDGE('',*,*,#100,.F.);
#3853=ORIENTED_EDGE('',*,*,#1739,.F.);
#3854=ORIENTED_EDGE('',*,*,#3838,.F.);
#3855=CYLINDRICAL_SURFACE('',#3856,0.075);
#3856=AXIS2_PLACEMENT_3D('',#3857,#3858,#3859);
#3857=CARTESIAN_POINT('',(-0.498305294,-0.498203693,-0.080000003));
#3858=DIRECTION('',(0.0,0.0,1.0));
#3859=DIRECTION('',(1.0,0.0,0.0));
#3860=ADVANCED_FACE('',(#3861),#3873,.F.);
#3861=FACE_BOUND('',#3862,.T.);
#3862=EDGE_LOOP('',(#3863,#3864,#3871,#3872));
#3863=ORIENTED_EDGE('',*,*,#75,.F.);
#3864=ORIENTED_EDGE('',*,*,#3865,.T.);
#3865=EDGE_CURVE('',#68,#1778,#3866,.T.);
#3866=CIRCLE('',#3867,0.075);
#3867=AXIS2_PLACEMENT_3D('',#3868,#3869,#3870);
#3868=CARTESIAN_POINT('',(-0.498305294,0.498305294,0.119999997));
#3869=DIRECTION('',(0.0,0.0,-1.0));
#3870=DIRECTION('',(1.0,0.0,0.0));
#3871=ORIENTED_EDGE('',*,*,#3121,.F.);
#3872=ORIENTED_EDGE('',*,*,#3090,.F.);
#3873=PLANE('',#3874);
#3874=AXIS2_PLACEMENT_3D('',#3875,#3876,#3877);
#3875=CARTESIAN_POINT('',(-0.498305294,0.498305294,0.119999997));
#3876=DIRECTION('',(0.0,0.0,1.0));
#3877=DIRECTION('',(1.0,0.0,0.0));
#3878=ADVANCED_FACE('',(#3879),#3887,.F.);
#3879=FACE_BOUND('',#3880,.T.);
#3880=EDGE_LOOP('',(#3881,#3882,#3883,#3884,#3885,#3886));
#3881=ORIENTED_EDGE('',*,*,#67,.F.);
#3882=ORIENTED_EDGE('',*,*,#1957,.F.);
#3883=ORIENTED_EDGE('',*,*,#3464,.F.);
#3884=ORIENTED_EDGE('',*,*,#1926,.F.);
#3885=ORIENTED_EDGE('',*,*,#1785,.F.);
#3886=ORIENTED_EDGE('',*,*,#3865,.F.);
#3887=CYLINDRICAL_SURFACE('',#3888,0.075);
#3888=AXIS2_PLACEMENT_3D('',#3889,#3890,#3891);
#3889=CARTESIAN_POINT('',(-0.498305294,0.498305294,-0.080000003));
#3890=DIRECTION('',(0.0,0.0,1.0));
#3891=DIRECTION('',(1.0,0.0,0.0));
#3892=ADVANCED_FACE('',(#3893),#3904,.T.);
#3893=FACE_BOUND('',#3894,.T.);
#3894=EDGE_LOOP('',(#3895,#3896,#3903));
#3895=ORIENTED_EDGE('',*,*,#3052,.F.);
#3896=ORIENTED_EDGE('',*,*,#3897,.T.);
#3897=EDGE_CURVE('',#1664,#1826,#3898,.T.);
#3898=CIRCLE('',#3899,0.075);
#3899=AXIS2_PLACEMENT_3D('',#3900,#3901,#3902);
#3900=CARTESIAN_POINT('',(0.498203693,0.498305294,0.119999997));
#3901=DIRECTION('',(0.0,0.0,-1.0));
#3902=DIRECTION('',(-1.0,0.0,0.0));
#3903=ORIENTED_EDGE('',*,*,#3083,.F.);
#3904=PLANE('',#3905);
#3905=AXIS2_PLACEMENT_3D('',#3906,#3907,#3908);
#3906=CARTESIAN_POINT('',(0.498203693,0.498305294,0.119999997));
#3907=DIRECTION('',(0.0,0.0,-1.0));
#3908=DIRECTION('',(-1.0,0.0,0.0));
#3909=ADVANCED_FACE('',(#3910),#3918,.F.);
#3910=FACE_BOUND('',#3911,.T.);
#3911=EDGE_LOOP('',(#3912,#3913,#3914,#3915,#3916,#3917));
#3912=ORIENTED_EDGE('',*,*,#1864,.F.);
#3913=ORIENTED_EDGE('',*,*,#3302,.F.);
#3914=ORIENTED_EDGE('',*,*,#1895,.F.);
#3915=ORIENTED_EDGE('',*,*,#1833,.F.);
#3916=ORIENTED_EDGE('',*,*,#3897,.F.);
#3917=ORIENTED_EDGE('',*,*,#1706,.F.);
#3918=CYLINDRICAL_SURFACE('',#3919,0.075);
#3919=AXIS2_PLACEMENT_3D('',#3920,#3921,#3922);
#3920=CARTESIAN_POINT('',(0.498203693,0.498305294,-0.080000003));
#3921=DIRECTION('',(0.0,0.0,1.0));
#3922=DIRECTION('',(1.0,0.0,0.0));
#3923=ADVANCED_FACE('',(#3924),#3949,.F.);
#3924=FACE_BOUND('',#3925,.T.);
#3925=EDGE_LOOP('',(#3926,#3927,#3935,#3943));
#3926=ORIENTED_EDGE('',*,*,#1283,.F.);
#3927=ORIENTED_EDGE('',*,*,#3928,.T.);
#3928=EDGE_CURVE('',#1284,#3929,#3931,.F.);
#3929=VERTEX_POINT('',#3930);
#3930=CARTESIAN_POINT('',(0.006254863,-0.508666973,0.193545978));
#3931=LINE('',#3932,#3933);
#3932=CARTESIAN_POINT('',(0.006254863,-0.508666973,0.193545978));
#3933=VECTOR('',#3934,1.0);
#3934=DIRECTION('',(0.0,0.999847695,-0.017452406));
#3935=ORIENTED_EDGE('',*,*,#3936,.T.);
#3936=EDGE_CURVE('',#3929,#3937,#3939,.F.);
#3937=VERTEX_POINT('',#3938);
#3938=CARTESIAN_POINT('',(0.006254863,-0.50870744,0.191227671));
#3939=LINE('',#3940,#3941);
#3940=CARTESIAN_POINT('',(0.006254863,-0.508666973,0.193545978));
#3941=VECTOR('',#3942,1.0);
#3942=DIRECTION('',(0.0,0.017452406,0.999847695));
#3943=ORIENTED_EDGE('',*,*,#3944,.T.);
#3944=EDGE_CURVE('',#3937,#1286,#3945,.T.);
#3945=LINE('',#3946,#3947);
#3946=CARTESIAN_POINT('',(0.006254863,-0.50870744,0.191227671));
#3947=VECTOR('',#3948,1.0);
#3948=DIRECTION('',(0.0,0.999847695,-0.017452406));
#3949=PLANE('',#3950);
#3950=AXIS2_PLACEMENT_3D('',#3951,#3952,#3953);
#3951=CARTESIAN_POINT('',(0.006254863,-0.508666973,0.193545978));
#3952=DIRECTION('',(-1.0,0.0,0.0));
#3953=DIRECTION('',(0.0,0.0,1.0));
#3954=ADVANCED_FACE('',(#3955),#3973,.F.);
#3955=FACE_BOUND('',#3956,.T.);
#3956=EDGE_LOOP('',(#3957,#3958,#3966,#3972));
#3957=ORIENTED_EDGE('',*,*,#1325,.F.);
#3958=ORIENTED_EDGE('',*,*,#3959,.T.);
#3959=EDGE_CURVE('',#1318,#3960,#3962,.F.);
#3960=VERTEX_POINT('',#3961);
#3961=CARTESIAN_POINT('',(-0.001844851,-0.508666973,0.193545978));
#3962=LINE('',#3963,#3964);
#3963=CARTESIAN_POINT('',(-0.001844851,-0.508666973,0.193545978));
#3964=VECTOR('',#3965,1.0);
#3965=DIRECTION('',(0.0,0.999847695,-0.017452406));
#3966=ORIENTED_EDGE('',*,*,#3967,.T.);
#3967=EDGE_CURVE('',#3960,#3929,#3968,.F.);
#3968=LINE('',#3969,#3970);
#3969=CARTESIAN_POINT('',(-0.001844851,-0.508666973,0.193545978));
#3970=VECTOR('',#3971,1.0);
#3971=DIRECTION('',(-1.0,0.0,0.0));
#3972=ORIENTED_EDGE('',*,*,#3928,.F.);
#3973=PLANE('',#3974);
#3974=AXIS2_PLACEMENT_3D('',#3975,#3976,#3977);
#3975=CARTESIAN_POINT('',(-0.001844851,-0.508666973,0.193545978));
#3976=DIRECTION('',(0.0,-0.017452406,-0.999847695));
#3977=DIRECTION('',(0.0,0.999847695,-0.017452406));
#3978=ADVANCED_FACE('',(#3979),#3997,.F.);
#3979=FACE_BOUND('',#3980,.T.);
#3980=EDGE_LOOP('',(#3981,#3982,#3990,#3996));
#3981=ORIENTED_EDGE('',*,*,#1317,.F.);
#3982=ORIENTED_EDGE('',*,*,#3983,.T.);
#3983=EDGE_CURVE('',#1310,#3984,#3986,.F.);
#3984=VERTEX_POINT('',#3985);
#3985=CARTESIAN_POINT('',(-0.001844851,-0.508352498,0.211562238));
#3986=LINE('',#3987,#3988);
#3987=CARTESIAN_POINT('',(-0.001844851,-0.508352498,0.211562238));
#3988=VECTOR('',#3989,1.0);
#3989=DIRECTION('',(0.0,0.999847695,-0.017452406));
#3990=ORIENTED_EDGE('',*,*,#3991,.T.);
#3991=EDGE_CURVE('',#3984,#3960,#3992,.F.);
#3992=LINE('',#3993,#3994);
#3993=CARTESIAN_POINT('',(-0.001844851,-0.508352498,0.211562238));
#3994=VECTOR('',#3995,1.0);
#3995=DIRECTION('',(0.0,0.017452406,0.999847695));
#3996=ORIENTED_EDGE('',*,*,#3959,.F.);
#3997=PLANE('',#3998);
#3998=AXIS2_PLACEMENT_3D('',#3999,#4000,#4001);
#3999=CARTESIAN_POINT('',(-0.001844851,-0.508352498,0.211562238));
#4000=DIRECTION('',(-1.0,0.0,0.0));
#4001=DIRECTION('',(0.0,0.0,1.0));
#4002=ADVANCED_FACE('',(#4003),#4021,.F.);
#4003=FACE_BOUND('',#4004,.T.);
#4004=EDGE_LOOP('',(#4005,#4006,#4014,#4020));
#4005=ORIENTED_EDGE('',*,*,#1309,.F.);
#4006=ORIENTED_EDGE('',*,*,#4007,.T.);
#4007=EDGE_CURVE('',#1302,#4008,#4010,.F.);
#4008=VERTEX_POINT('',#4009);
#4009=CARTESIAN_POINT('',(-0.00447024,-0.508352498,0.211562238));
#4010=LINE('',#4011,#4012);
#4011=CARTESIAN_POINT('',(-0.00447024,-0.508352498,0.211562238));
#4012=VECTOR('',#4013,1.0);
#4013=DIRECTION('',(0.0,0.999847695,-0.017452406));
#4014=ORIENTED_EDGE('',*,*,#4015,.T.);
#4015=EDGE_CURVE('',#4008,#3984,#4016,.F.);
#4016=LINE('',#4017,#4018);
#4017=CARTESIAN_POINT('',(-0.00447024,-0.508352498,0.211562238));
#4018=VECTOR('',#4019,1.0);
#4019=DIRECTION('',(-1.0,0.0,0.0));
#4020=ORIENTED_EDGE('',*,*,#3983,.F.);
#4021=PLANE('',#4022);
#4022=AXIS2_PLACEMENT_3D('',#4023,#4024,#4025);
#4023=CARTESIAN_POINT('',(-0.00447024,-0.508352498,0.211562238));
#4024=DIRECTION('',(0.0,-0.017452406,-0.999847695));
#4025=DIRECTION('',(0.0,0.999847695,-0.017452406));
#4026=ADVANCED_FACE('',(#4027),#4045,.F.);
#4027=FACE_BOUND('',#4028,.T.);
#4028=EDGE_LOOP('',(#4029,#4030,#4038,#4044));
#4029=ORIENTED_EDGE('',*,*,#1301,.F.);
#4030=ORIENTED_EDGE('',*,*,#4031,.T.);
#4031=EDGE_CURVE('',#1294,#4032,#4034,.F.);
#4032=VERTEX_POINT('',#4033);
#4033=CARTESIAN_POINT('',(-0.00447024,-0.50870744,0.191227671));
#4034=LINE('',#4035,#4036);
#4035=CARTESIAN_POINT('',(-0.00447024,-0.50870744,0.191227671));
#4036=VECTOR('',#4037,1.0);
#4037=DIRECTION('',(0.0,0.999847695,-0.017452406));
#4038=ORIENTED_EDGE('',*,*,#4039,.T.);
#4039=EDGE_CURVE('',#4032,#4008,#4040,.F.);
#4040=LINE('',#4041,#4042);
#4041=CARTESIAN_POINT('',(-0.00447024,-0.50870744,0.191227671));
#4042=VECTOR('',#4043,1.0);
#4043=DIRECTION('',(0.0,-0.017452406,-0.999847695));
#4044=ORIENTED_EDGE('',*,*,#4007,.F.);
#4045=PLANE('',#4046);
#4046=AXIS2_PLACEMENT_3D('',#4047,#4048,#4049);
#4047=CARTESIAN_POINT('',(-0.00447024,-0.50870744,0.191227671));
#4048=DIRECTION('',(1.0,0.0,0.0));
#4049=DIRECTION('',(0.0,0.0,-1.0));
#4050=ADVANCED_FACE('',(#4051),#4062,.F.);
#4051=FACE_BOUND('',#4052,.T.);
#4052=EDGE_LOOP('',(#4053,#4054,#4055,#4061));
#4053=ORIENTED_EDGE('',*,*,#1293,.F.);
#4054=ORIENTED_EDGE('',*,*,#3944,.F.);
#4055=ORIENTED_EDGE('',*,*,#4056,.T.);
#4056=EDGE_CURVE('',#3937,#4032,#4057,.F.);
#4057=LINE('',#4058,#4059);
#4058=CARTESIAN_POINT('',(0.006254863,-0.50870744,0.191227671));
#4059=VECTOR('',#4060,1.0);
#4060=DIRECTION('',(1.0,0.0,0.0));
#4061=ORIENTED_EDGE('',*,*,#4031,.F.);
#4062=PLANE('',#4063);
#4063=AXIS2_PLACEMENT_3D('',#4064,#4065,#4066);
#4064=CARTESIAN_POINT('',(0.006254863,-0.50870744,0.191227671));
#4065=DIRECTION('',(0.0,0.017452406,0.999847695));
#4066=DIRECTION('',(0.0,-0.999847695,0.017452406));
#4067=ADVANCED_FACE('',(#4068),#4076,.F.);
#4068=FACE_BOUND('',#4069,.T.);
#4069=EDGE_LOOP('',(#4070,#4071,#4072,#4073,#4074,#4075));
#4070=ORIENTED_EDGE('',*,*,#3936,.F.);
#4071=ORIENTED_EDGE('',*,*,#3967,.F.);
#4072=ORIENTED_EDGE('',*,*,#3991,.F.);
#4073=ORIENTED_EDGE('',*,*,#4015,.F.);
#4074=ORIENTED_EDGE('',*,*,#4039,.F.);
#4075=ORIENTED_EDGE('',*,*,#4056,.F.);
#4076=PLANE('',#4077);
#4077=AXIS2_PLACEMENT_3D('',#4078,#4079,#4080);
#4078=CARTESIAN_POINT('',(-5.08001016E-05,-0.509795384,0.128899396));
#4079=DIRECTION('',(0.0,0.999847695,-0.017452406));
#4080=DIRECTION('',(0.0,0.017452406,0.999847695));
#4081=ADVANCED_FACE('',(#4082),#4108,.F.);
#4082=FACE_BOUND('',#4083,.T.);
#4083=EDGE_LOOP('',(#4084,#4085,#4093,#4102));
#4084=ORIENTED_EDGE('',*,*,#1117,.F.);
#4085=ORIENTED_EDGE('',*,*,#4086,.T.);
#4086=EDGE_CURVE('',#1110,#4087,#4089,.F.);
#4087=VERTEX_POINT('',#4088);
#4088=CARTESIAN_POINT('',(0.022313924,-0.508692741,0.192069747));
#4089=LINE('',#4090,#4091);
#4090=CARTESIAN_POINT('',(0.022313924,-0.508692741,0.192069747));
#4091=VECTOR('',#4092,1.0);
#4092=DIRECTION('',(0.0,0.999847695,-0.017452406));
#4093=ORIENTED_EDGE('',*,*,#4094,.T.);
#4094=EDGE_CURVE('',#4087,#4095,#4097,.F.);
#4095=VERTEX_POINT('',#4096);
#4096=CARTESIAN_POINT('',(0.016683635,-0.508713428,0.190884603));
#4097=B_SPLINE_CURVE_WITH_KNOTS('',3,(#4098,#4099,#4100,#4101),.UNSPECIFIED.,.F.,.U.,(4,4),(0.0,1.0),.PIECEWISE_BEZIER_KNOTS.);
#4098=CARTESIAN_POINT('',(0.016683635,-0.508713428,0.190884603));
#4099=CARTESIAN_POINT('',(0.018939909,-0.508713428,0.190884603));
#4100=CARTESIAN_POINT('',(0.020816672,-0.508706532,0.191279651));
#4101=CARTESIAN_POINT('',(0.022313924,-0.508692741,0.192069747));
#4102=ORIENTED_EDGE('',*,*,#4103,.T.);
#4103=EDGE_CURVE('',#4095,#1118,#4104,.T.);
#4104=LINE('',#4105,#4106);
#4105=CARTESIAN_POINT('',(0.016683635,-0.508713428,0.190884603));
#4106=VECTOR('',#4107,1.0);
#4107=DIRECTION('',(0.0,0.999847695,-0.017452406));
#4108=B_SPLINE_SURFACE_WITH_KNOTS('',3,1,((#4109,#4110),(#4111,#4112),(#4113,#4114),(#4115,#4116)),.UNSPECIFIED.,.F.,.F.,.U.,(4,4),(2,2),(0.0,1.0),(0.0,1.0),.PIECEWISE_BEZIER_KNOTS.);
#4109=CARTESIAN_POINT('',(0.016683635,-0.508713428,0.190884603));
#4110=CARTESIAN_POINT('',(0.016683635,-0.498714951,0.190710079));
#4111=CARTESIAN_POINT('',(0.018939909,-0.508713428,0.190884603));
#4112=CARTESIAN_POINT('',(0.018939909,-0.498714951,0.190710079));
#4113=CARTESIAN_POINT('',(0.020816672,-0.508706532,0.191279651));
#4114=CARTESIAN_POINT('',(0.020816672,-0.498708055,0.191105127));
#4115=CARTESIAN_POINT('',(0.022313924,-0.508692741,0.192069747));
#4116=CARTESIAN_POINT('',(0.022313924,-0.498694264,0.191895223));
#4117=ADVANCED_FACE('',(#4118),#4136,.F.);
#4118=FACE_BOUND('',#4119,.T.);
#4119=EDGE_LOOP('',(#4120,#4121,#4129,#4135));
#4120=ORIENTED_EDGE('',*,*,#1107,.F.);
#4121=ORIENTED_EDGE('',*,*,#4122,.T.);
#4122=EDGE_CURVE('',#1108,#4123,#4125,.F.);
#4123=VERTEX_POINT('',#4124);
#4124=CARTESIAN_POINT('',(0.022313924,-0.508648827,0.194585578));
#4125=LINE('',#4126,#4127);
#4126=CARTESIAN_POINT('',(0.022313924,-0.508648827,0.194585578));
#4127=VECTOR('',#4128,1.0);
#4128=DIRECTION('',(0.0,0.999847695,-0.017452406));
#4129=ORIENTED_EDGE('',*,*,#4130,.T.);
#4130=EDGE_CURVE('',#4123,#4087,#4131,.F.);
#4131=LINE('',#4132,#4133);
#4132=CARTESIAN_POINT('',(0.022313924,-0.508648827,0.194585578));
#4133=VECTOR('',#4134,1.0);
#4134=DIRECTION('',(0.0,0.017452406,0.999847695));
#4135=ORIENTED_EDGE('',*,*,#4086,.F.);
#4136=PLANE('',#4137);
#4137=AXIS2_PLACEMENT_3D('',#4138,#4139,#4140);
#4138=CARTESIAN_POINT('',(0.022313924,-0.508648827,0.194585578));
#4139=DIRECTION('',(-1.0,0.0,0.0));
#4140=DIRECTION('',(0.0,0.0,1.0));
#4141=ADVANCED_FACE('',(#4142),#4161,.F.);
#4142=FACE_BOUND('',#4143,.T.);
#4143=EDGE_LOOP('',(#4144,#4145,#4153,#4160));
#4144=ORIENTED_EDGE('',*,*,#1224,.F.);
#4145=ORIENTED_EDGE('',*,*,#4146,.T.);
#4146=EDGE_CURVE('',#1216,#4147,#4149,.F.);
#4147=VERTEX_POINT('',#4148);
#4148=CARTESIAN_POINT('',(0.017063146,-0.508672599,0.193223702));
#4149=LINE('',#4150,#4151);
#4150=CARTESIAN_POINT('',(0.017063146,-0.508672599,0.193223702));
#4151=VECTOR('',#4152,1.0);
#4152=DIRECTION('',(0.0,0.999847695,-0.017452406));
#4153=ORIENTED_EDGE('',*,*,#4154,.T.);
#4154=EDGE_CURVE('',#4147,#4123,#4155,.F.);
#4155=B_SPLINE_CURVE_WITH_KNOTS('',3,(#4156,#4157,#4158,#4159),.UNSPECIFIED.,.F.,.U.,(4,4),(12.0,13.0),.PIECEWISE_BEZIER_KNOTS.);
#4156=CARTESIAN_POINT('',(0.022313924,-0.508648827,0.194585578));
#4157=CARTESIAN_POINT('',(0.02082707,-0.508664614,0.193681126));
#4158=CARTESIAN_POINT('',(0.019075078,-0.508672599,0.193223702));
#4159=CARTESIAN_POINT('',(0.017063146,-0.508672599,0.193223702));
#4160=ORIENTED_EDGE('',*,*,#4122,.F.);
#4161=B_SPLINE_SURFACE_WITH_KNOTS('',3,1,((#4162,#4163),(#4164,#4165),(#4166,#4167),(#4168,#4169)),.UNSPECIFIED.,.F.,.F.,.U.,(4,4),(2,2),(12.0,13.0),(0.0,1.0),.PIECEWISE_BEZIER_KNOTS.);
#4162=CARTESIAN_POINT('',(0.022313924,-0.508648827,0.194585578));
#4163=CARTESIAN_POINT('',(0.022313924,-0.49865035,0.194411054));
#4164=CARTESIAN_POINT('',(0.02082707,-0.508664614,0.193681126));
#4165=CARTESIAN_POINT('',(0.02082707,-0.498666137,0.193506602));
#4166=CARTESIAN_POINT('',(0.019075078,-0.508672599,0.193223702));
#4167=CARTESIAN_POINT('',(0.019075078,-0.498674122,0.193049178));
#4168=CARTESIAN_POINT('',(0.017063146,-0.508672599,0.193223702));
#4169=CARTESIAN_POINT('',(0.017063146,-0.498674122,0.193049178));
#4170=ADVANCED_FACE('',(#4171),#4190,.F.);
#4171=FACE_BOUND('',#4172,.T.);
#4172=EDGE_LOOP('',(#4173,#4174,#4182,#4189));
#4173=ORIENTED_EDGE('',*,*,#1215,.F.);
#4174=ORIENTED_EDGE('',*,*,#4175,.T.);
#4175=EDGE_CURVE('',#1207,#4176,#4178,.F.);
#4176=VERTEX_POINT('',#4177);
#4177=CARTESIAN_POINT('',(0.011838363,-0.508635217,0.195365277));
#4178=LINE('',#4179,#4180);
#4179=CARTESIAN_POINT('',(0.011838363,-0.508635217,0.195365277));
#4180=VECTOR('',#4181,1.0);
#4181=DIRECTION('',(0.0,0.999847695,-0.017452406));
#4182=ORIENTED_EDGE('',*,*,#4183,.T.);
#4183=EDGE_CURVE('',#4176,#4147,#4184,.F.);
#4184=B_SPLINE_CURVE_WITH_KNOTS('',3,(#4185,#4186,#4187,#4188),.UNSPECIFIED.,.F.,.U.,(4,4),(11.0,12.0),.PIECEWISE_BEZIER_KNOTS.);
#4185=CARTESIAN_POINT('',(0.017063146,-0.508672599,0.193223702));
#4186=CARTESIAN_POINT('',(0.014910847,-0.508672599,0.193223702));
#4187=CARTESIAN_POINT('',(0.013169253,-0.508660078,0.193941026));
#4188=CARTESIAN_POINT('',(0.011838363,-0.508635217,0.195365277));
#4189=ORIENTED_EDGE('',*,*,#4146,.F.);
#4190=B_SPLINE_SURFACE_WITH_KNOTS('',3,1,((#4191,#4192),(#4193,#4194),(#4195,#4196),(#4197,#4198)),.UNSPECIFIED.,.F.,.F.,.U.,(4,4),(2,2),(11.0,12.0),(0.0,1.0),.PIECEWISE_BEZIER_KNOTS.);
#4191=CARTESIAN_POINT('',(0.017063146,-0.508672599,0.193223702));
#4192=CARTESIAN_POINT('',(0.017063146,-0.498674122,0.193049178));
#4193=CARTESIAN_POINT('',(0.014910847,-0.508672599,0.193223702));
#4194=CARTESIAN_POINT('',(0.014910847,-0.498674122,0.193049178));
#4195=CARTESIAN_POINT('',(0.013169253,-0.508660078,0.193941026));
#4196=CARTESIAN_POINT('',(0.013169253,-0.498661601,0.193766502));
#4197=CARTESIAN_POINT('',(0.011838363,-0.508635217,0.195365277));
#4198=CARTESIAN_POINT('',(0.011838363,-0.49863674,0.195190753));
#4199=ADVANCED_FACE('',(#4200),#4219,.F.);
#4200=FACE_BOUND('',#4201,.T.);
#4201=EDGE_LOOP('',(#4202,#4203,#4211,#4218));
#4202=ORIENTED_EDGE('',*,*,#1206,.F.);
#4203=ORIENTED_EDGE('',*,*,#4204,.T.);
#4204=EDGE_CURVE('',#1198,#4205,#4207,.F.);
#4205=VERTEX_POINT('',#4206);
#4206=CARTESIAN_POINT('',(0.009842028,-0.508533961,0.201166243));
#4207=LINE('',#4208,#4209);
#4208=CARTESIAN_POINT('',(0.009842028,-0.508533961,0.201166243));
#4209=VECTOR('',#4210,1.0);
#4210=DIRECTION('',(0.0,0.999847695,-0.017452406));
#4211=ORIENTED_EDGE('',*,*,#4212,.T.);
#4212=EDGE_CURVE('',#4205,#4176,#4213,.F.);
#4213=B_SPLINE_CURVE_WITH_KNOTS('',3,(#4214,#4215,#4216,#4217),.UNSPECIFIED.,.F.,.U.,(4,4),(10.0,11.0),.PIECEWISE_BEZIER_KNOTS.);
#4214=CARTESIAN_POINT('',(0.011838363,-0.508635217,0.195365277));
#4215=CARTESIAN_POINT('',(0.010507473,-0.508610175,0.196799925));
#4216=CARTESIAN_POINT('',(0.009842028,-0.508576423,0.19873358));
#4217=CARTESIAN_POINT('',(0.009842028,-0.508533961,0.201166243));
#4218=ORIENTED_EDGE('',*,*,#4175,.F.);
#4219=B_SPLINE_SURFACE_WITH_KNOTS('',3,1,((#4220,#4221),(#4222,#4223),(#4224,#4225),(#4226,#4227)),.UNSPECIFIED.,.F.,.F.,.U.,(4,4),(2,2),(10.0,11.0),(0.0,1.0),.PIECEWISE_BEZIER_KNOTS.);
#4220=CARTESIAN_POINT('',(0.011838363,-0.508635217,0.195365277));
#4221=CARTESIAN_POINT('',(0.011838363,-0.49863674,0.195190753));
#4222=CARTESIAN_POINT('',(0.010507473,-0.508610175,0.196799925));
#4223=CARTESIAN_POINT('',(0.010507473,-0.498611699,0.196625401));
#4224=CARTESIAN_POINT('',(0.009842028,-0.508576423,0.19873358));
#4225=CARTESIAN_POINT('',(0.009842028,-0.498577946,0.198559056));
#4226=CARTESIAN_POINT('',(0.009842028,-0.508533961,0.201166243));
#4227=CARTESIAN_POINT('',(0.009842028,-0.498535484,0.200991719));
#4228=ADVANCED_FACE('',(#4229),#4248,.F.);
#4229=FACE_BOUND('',#4230,.T.);
#4230=EDGE_LOOP('',(#4231,#4232,#4240,#4247));
#4231=ORIENTED_EDGE('',*,*,#1197,.F.);
#4232=ORIENTED_EDGE('',*,*,#4233,.T.);
#4233=EDGE_CURVE('',#1189,#4234,#4236,.F.);
#4234=VERTEX_POINT('',#4235);
#4235=CARTESIAN_POINT('',(0.01197873,-0.508427261,0.207279088));
#4236=LINE('',#4237,#4238);
#4237=CARTESIAN_POINT('',(0.01197873,-0.508427261,0.207279088));
#4238=VECTOR('',#4239,1.0);
#4239=DIRECTION('',(0.0,0.999847695,-0.017452406));
#4240=ORIENTED_EDGE('',*,*,#4241,.T.);
#4241=EDGE_CURVE('',#4234,#4205,#4242,.F.);
#4242=B_SPLINE_CURVE_WITH_KNOTS('',3,(#4243,#4244,#4245,#4246),.UNSPECIFIED.,.F.,.U.,(4,4),(9.0,10.0),.PIECEWISE_BEZIER_KNOTS.);
#4243=CARTESIAN_POINT('',(0.009842028,-0.508533961,0.201166243));
#4244=CARTESIAN_POINT('',(0.009842028,-0.508489321,0.203723658));
#4245=CARTESIAN_POINT('',(0.010554262,-0.508453755,0.205761273));
#4246=CARTESIAN_POINT('',(0.01197873,-0.508427261,0.207279088));
#4247=ORIENTED_EDGE('',*,*,#4204,.F.);
#4248=B_SPLINE_SURFACE_WITH_KNOTS('',3,1,((#4249,#4250),(#4251,#4252),(#4253,#4254),(#4255,#4256)),.UNSPECIFIED.,.F.,.F.,.U.,(4,4),(2,2),(9.0,10.0),(0.0,1.0),.PIECEWISE_BEZIER_KNOTS.);
#4249=CARTESIAN_POINT('',(0.009842028,-0.508533961,0.201166243));
#4250=CARTESIAN_POINT('',(0.009842028,-0.498535484,0.200991719));
#4251=CARTESIAN_POINT('',(0.009842028,-0.508489321,0.203723658));
#4252=CARTESIAN_POINT('',(0.009842028,-0.498490844,0.203549134));
#4253=CARTESIAN_POINT('',(0.010554262,-0.508453755,0.205761273));
#4254=CARTESIAN_POINT('',(0.010554262,-0.498455278,0.205586749));
#4255=CARTESIAN_POINT('',(0.01197873,-0.508427261,0.207279088));
#4256=CARTESIAN_POINT('',(0.01197873,-0.498428784,0.207104564));
#4257=ADVANCED_FACE('',(#4258),#4277,.F.);
#4258=FACE_BOUND('',#4259,.T.);
#4259=EDGE_LOOP('',(#4260,#4261,#4269,#4276));
#4260=ORIENTED_EDGE('',*,*,#1188,.F.);
#4261=ORIENTED_EDGE('',*,*,#4262,.T.);
#4262=EDGE_CURVE('',#1180,#4263,#4265,.F.);
#4263=VERTEX_POINT('',#4264);
#4264=CARTESIAN_POINT('',(0.01752064,-0.508387884,0.209535019));
#4265=LINE('',#4266,#4267);
#4266=CARTESIAN_POINT('',(0.01752064,-0.508387884,0.209535019));
#4267=VECTOR('',#4268,1.0);
#4268=DIRECTION('',(0.0,0.999847695,-0.017452406));
#4269=ORIENTED_EDGE('',*,*,#4270,.T.);
#4270=EDGE_CURVE('',#4263,#4234,#4271,.F.);
#4271=B_SPLINE_CURVE_WITH_KNOTS('',3,(#4272,#4273,#4274,#4275),.UNSPECIFIED.,.F.,.U.,(4,4),(8.0,9.0),.PIECEWISE_BEZIER_KNOTS.);
#4272=CARTESIAN_POINT('',(0.01197873,-0.508427261,0.207279088));
#4273=CARTESIAN_POINT('',(0.013408397,-0.508400949,0.208786508));
#4274=CARTESIAN_POINT('',(0.015253968,-0.508387884,0.209535019));
#4275=CARTESIAN_POINT('',(0.01752064,-0.508387884,0.209535019));
#4276=ORIENTED_EDGE('',*,*,#4233,.F.);
#4277=B_SPLINE_SURFACE_WITH_KNOTS('',3,1,((#4278,#4279),(#4280,#4281),(#4282,#4283),(#4284,#4285)),.UNSPECIFIED.,.F.,.F.,.U.,(4,4),(2,2),(8.0,9.0),(0.0,1.0),.PIECEWISE_BEZIER_KNOTS.);
#4278=CARTESIAN_POINT('',(0.01197873,-0.508427261,0.207279088));
#4279=CARTESIAN_POINT('',(0.01197873,-0.498428784,0.207104564));
#4280=CARTESIAN_POINT('',(0.013408397,-0.508400949,0.208786508));
#4281=CARTESIAN_POINT('',(0.013408397,-0.498402472,0.208611984));
#4282=CARTESIAN_POINT('',(0.015253968,-0.508387884,0.209535019));
#4283=CARTESIAN_POINT('',(0.015253968,-0.498389407,0.209360495));
#4284=CARTESIAN_POINT('',(0.01752064,-0.508387884,0.209535019));
#4285=CARTESIAN_POINT('',(0.01752064,-0.498389407,0.209360495));
#4286=ADVANCED_FACE('',(#4287),#4306,.F.);
#4287=FACE_BOUND('',#4288,.T.);
#4288=EDGE_LOOP('',(#4289,#4290,#4298,#4305));
#4289=ORIENTED_EDGE('',*,*,#1179,.F.);
#4290=ORIENTED_EDGE('',*,*,#4291,.T.);
#4291=EDGE_CURVE('',#1172,#4292,#4294,.F.);
#4292=VERTEX_POINT('',#4293);
#4293=CARTESIAN_POINT('',(0.022313924,-0.508408933,0.208329084));
#4294=LINE('',#4295,#4296);
#4295=CARTESIAN_POINT('',(0.022313924,-0.508408933,0.208329084));
#4296=VECTOR('',#4297,1.0);
#4297=DIRECTION('',(0.0,0.999847695,-0.017452406));
#4298=ORIENTED_EDGE('',*,*,#4299,.T.);
#4299=EDGE_CURVE('',#4292,#4263,#4300,.F.);
#4300=B_SPLINE_CURVE_WITH_KNOTS('',3,(#4301,#4302,#4303,#4304),.UNSPECIFIED.,.F.,.U.,(4,4),(7.0,8.0),.PIECEWISE_BEZIER_KNOTS.);
#4301=CARTESIAN_POINT('',(0.01752064,-0.508387884,0.209535019));
#4302=CARTESIAN_POINT('',(0.019262234,-0.508387884,0.209535019));
#4303=CARTESIAN_POINT('',(0.020858263,-0.508394779,0.209139971));
#4304=CARTESIAN_POINT('',(0.022313924,-0.508408933,0.208329084));
#4305=ORIENTED_EDGE('',*,*,#4262,.F.);
#4306=B_SPLINE_SURFACE_WITH_KNOTS('',3,1,((#4307,#4308),(#4309,#4310),(#4311,#4312),(#4313,#4314)),.UNSPECIFIED.,.F.,.F.,.U.,(4,4),(2,2),(7.0,8.0),(0.0,1.0),.PIECEWISE_BEZIER_KNOTS.);
#4307=CARTESIAN_POINT('',(0.01752064,-0.508387884,0.209535019));
#4308=CARTESIAN_POINT('',(0.01752064,-0.498389407,0.209360495));
#4309=CARTESIAN_POINT('',(0.019262234,-0.508387884,0.209535019));
#4310=CARTESIAN_POINT('',(0.019262234,-0.498389407,0.209360495));
#4311=CARTESIAN_POINT('',(0.020858263,-0.508394779,0.209139971));
#4312=CARTESIAN_POINT('',(0.020858263,-0.498396302,0.208965447));
#4313=CARTESIAN_POINT('',(0.022313924,-0.508408933,0.208329084));
#4314=CARTESIAN_POINT('',(0.022313924,-0.498410456,0.20815456));
#4315=ADVANCED_FACE('',(#4316),#4334,.F.);
#4316=FACE_BOUND('',#4317,.T.);
#4317=EDGE_LOOP('',(#4318,#4319,#4327,#4333));
#4318=ORIENTED_EDGE('',*,*,#1171,.F.);
#4319=ORIENTED_EDGE('',*,*,#4320,.T.);
#4320=EDGE_CURVE('',#1163,#4321,#4323,.F.);
#4321=VERTEX_POINT('',#4322);
#4322=CARTESIAN_POINT('',(0.022313924,-0.508361027,0.211073627));
#4323=LINE('',#4324,#4325);
#4324=CARTESIAN_POINT('',(0.022313924,-0.508361027,0.211073627));
#4325=VECTOR('',#4326,1.0);
#4326=DIRECTION('',(0.0,0.999847695,-0.017452406));
#4327=ORIENTED_EDGE('',*,*,#4328,.T.);
#4328=EDGE_CURVE('',#4321,#4292,#4329,.F.);
#4329=LINE('',#4330,#4331);
#4330=CARTESIAN_POINT('',(0.022313924,-0.508361027,0.211073627));
#4331=VECTOR('',#4332,1.0);
#4332=DIRECTION('',(0.0,0.017452406,0.999847695));
#4333=ORIENTED_EDGE('',*,*,#4291,.F.);
#4334=PLANE('',#4335);
#4335=AXIS2_PLACEMENT_3D('',#4336,#4337,#4338);
#4336=CARTESIAN_POINT('',(0.022313924,-0.508361027,0.211073627));
#4337=DIRECTION('',(-1.0,0.0,0.0));
#4338=DIRECTION('',(0.0,0.0,1.0));
#4339=ADVANCED_FACE('',(#4340),#4359,.F.);
#4340=FACE_BOUND('',#4341,.T.);
#4341=EDGE_LOOP('',(#4342,#4343,#4351,#4358));
#4342=ORIENTED_EDGE('',*,*,#1162,.F.);
#4343=ORIENTED_EDGE('',*,*,#4344,.T.);
#4344=EDGE_CURVE('',#1154,#4345,#4347,.F.);
#4345=VERTEX_POINT('',#4346);
#4346=CARTESIAN_POINT('',(0.017494646,-0.50834651,0.211905306));
#4347=LINE('',#4348,#4349);
#4348=CARTESIAN_POINT('',(0.017494646,-0.50834651,0.211905306));
#4349=VECTOR('',#4350,1.0);
#4350=DIRECTION('',(0.0,0.999847695,-0.017452406));
#4351=ORIENTED_EDGE('',*,*,#4352,.T.);
#4352=EDGE_CURVE('',#4345,#4321,#4353,.F.);
#4353=B_SPLINE_CURVE_WITH_KNOTS('',3,(#4354,#4355,#4356,#4357),.UNSPECIFIED.,.F.,.U.,(4,4),(5.0,6.0),.PIECEWISE_BEZIER_KNOTS.);
#4354=CARTESIAN_POINT('',(0.022313924,-0.508361027,0.211073627));
#4355=CARTESIAN_POINT('',(0.021045419,-0.50835141,0.211624614));
#4356=CARTESIAN_POINT('',(0.019438993,-0.50834651,0.211905306));
#4357=CARTESIAN_POINT('',(0.017494646,-0.50834651,0.211905306));
#4358=ORIENTED_EDGE('',*,*,#4320,.F.);
#4359=B_SPLINE_SURFACE_WITH_KNOTS('',3,1,((#4360,#4361),(#4362,#4363),(#4364,#4365),(#4366,#4367)),.UNSPECIFIED.,.F.,.F.,.U.,(4,4),(2,2),(5.0,6.0),(0.0,1.0),.PIECEWISE_BEZIER_KNOTS.);
#4360=CARTESIAN_POINT('',(0.022313924,-0.508361027,0.211073627));
#4361=CARTESIAN_POINT('',(0.022313924,-0.49836255,0.210899103));
#4362=CARTESIAN_POINT('',(0.021045419,-0.50835141,0.211624614));
#4363=CARTESIAN_POINT('',(0.021045419,-0.498352933,0.21145009));
#4364=CARTESIAN_POINT('',(0.019438993,-0.50834651,0.211905306));
#4365=CARTESIAN_POINT('',(0.019438993,-0.498348033,0.211730782));
#4366=CARTESIAN_POINT('',(0.017494646,-0.50834651,0.211905306));
#4367=CARTESIAN_POINT('',(0.017494646,-0.498348033,0.211730782));
#4368=ADVANCED_FACE('',(#4369),#4388,.F.);
#4369=FACE_BOUND('',#4370,.T.);
#4370=EDGE_LOOP('',(#4371,#4372,#4380,#4387));
#4371=ORIENTED_EDGE('',*,*,#1153,.F.);
#4372=ORIENTED_EDGE('',*,*,#4373,.T.);
#4373=EDGE_CURVE('',#1145,#4374,#4376,.F.);
#4374=VERTEX_POINT('',#4375);
#4375=CARTESIAN_POINT('',(0.010023985,-0.508398771,0.20891126));
#4376=LINE('',#4377,#4378);
#4377=CARTESIAN_POINT('',(0.010023985,-0.508398771,0.20891126));
#4378=VECTOR('',#4379,1.0);
#4379=DIRECTION('',(0.0,0.999847695,-0.017452406));
#4380=ORIENTED_EDGE('',*,*,#4381,.T.);
#4381=EDGE_CURVE('',#4374,#4345,#4382,.F.);
#4382=B_SPLINE_CURVE_WITH_KNOTS('',3,(#4383,#4384,#4385,#4386),.UNSPECIFIED.,.F.,.U.,(4,4),(4.0,5.0),.PIECEWISE_BEZIER_KNOTS.);
#4383=CARTESIAN_POINT('',(0.017494646,-0.50834651,0.211905306));
#4384=CARTESIAN_POINT('',(0.014474149,-0.50834651,0.211905306));
#4385=CARTESIAN_POINT('',(0.011983929,-0.50836393,0.210907291));
#4386=CARTESIAN_POINT('',(0.010023985,-0.508398771,0.20891126));
#4387=ORIENTED_EDGE('',*,*,#4344,.F.);
#4388=B_SPLINE_SURFACE_WITH_KNOTS('',3,1,((#4389,#4390),(#4391,#4392),(#4393,#4394),(#4395,#4396)),.UNSPECIFIED.,.F.,.F.,.U.,(4,4),(2,2),(4.0,5.0),(0.0,1.0),.PIECEWISE_BEZIER_KNOTS.);
#4389=CARTESIAN_POINT('',(0.017494646,-0.50834651,0.211905306));
#4390=CARTESIAN_POINT('',(0.017494646,-0.498348033,0.211730782));
#4391=CARTESIAN_POINT('',(0.014474149,-0.50834651,0.211905306));
#4392=CARTESIAN_POINT('',(0.014474149,-0.498348033,0.211730782));
#4393=CARTESIAN_POINT('',(0.011983929,-0.50836393,0.210907291));
#4394=CARTESIAN_POINT('',(0.011983929,-0.498365454,0.210732767));
#4395=CARTESIAN_POINT('',(0.010023985,-0.508398771,0.20891126));
#4396=CARTESIAN_POINT('',(0.010023985,-0.498400294,0.208736735));
#4397=ADVANCED_FACE('',(#4398),#4417,.F.);
#4398=FACE_BOUND('',#4399,.T.);
#4399=EDGE_LOOP('',(#4400,#4401,#4409,#4416));
#4400=ORIENTED_EDGE('',*,*,#1144,.F.);
#4401=ORIENTED_EDGE('',*,*,#4402,.T.);
#4402=EDGE_CURVE('',#1136,#4403,#4405,.F.);
#4403=VERTEX_POINT('',#4404);
#4404=CARTESIAN_POINT('',(0.007086669,-0.508536683,0.201010303));
#4405=LINE('',#4406,#4407);
#4406=CARTESIAN_POINT('',(0.007086669,-0.508536683,0.201010303));
#4407=VECTOR('',#4408,1.0);
#4408=DIRECTION('',(0.0,0.999847695,-0.017452406));
#4409=ORIENTED_EDGE('',*,*,#4410,.T.);
#4410=EDGE_CURVE('',#4403,#4374,#4411,.F.);
#4411=B_SPLINE_CURVE_WITH_KNOTS('',3,(#4412,#4413,#4414,#4415),.UNSPECIFIED.,.F.,.U.,(4,4),(3.0,4.0),.PIECEWISE_BEZIER_KNOTS.);
#4412=CARTESIAN_POINT('',(0.010023985,-0.508398771,0.20891126));
#4413=CARTESIAN_POINT('',(0.008064042,-0.508433612,0.206915228));
#4414=CARTESIAN_POINT('',(0.007086669,-0.508479522,0.204285042));
#4415=CARTESIAN_POINT('',(0.007086669,-0.508536683,0.201010303));
#4416=ORIENTED_EDGE('',*,*,#4373,.F.);
#4417=B_SPLINE_SURFACE_WITH_KNOTS('',3,1,((#4418,#4419),(#4420,#4421),(#4422,#4423),(#4424,#4425)),.UNSPECIFIED.,.F.,.F.,.U.,(4,4),(2,2),(3.0,4.0),(0.0,1.0),.PIECEWISE_BEZIER_KNOTS.);
#4418=CARTESIAN_POINT('',(0.010023985,-0.508398771,0.20891126));
#4419=CARTESIAN_POINT('',(0.010023985,-0.498400294,0.208736735));
#4420=CARTESIAN_POINT('',(0.008064042,-0.508433612,0.206915228));
#4421=CARTESIAN_POINT('',(0.008064042,-0.498435135,0.206740704));
#4422=CARTESIAN_POINT('',(0.007086669,-0.508479522,0.204285042));
#4423=CARTESIAN_POINT('',(0.007086669,-0.498481045,0.204110517));
#4424=CARTESIAN_POINT('',(0.007086669,-0.508536683,0.201010303));
#4425=CARTESIAN_POINT('',(0.007086669,-0.498538206,0.200835779));
#4426=ADVANCED_FACE('',(#4427),#4446,.F.);
#4427=FACE_BOUND('',#4428,.T.);
#4428=EDGE_LOOP('',(#4429,#4430,#4438,#4445));
#4429=ORIENTED_EDGE('',*,*,#1135,.F.);
#4430=ORIENTED_EDGE('',*,*,#4431,.T.);
#4431=EDGE_CURVE('',#1127,#4432,#4434,.F.);
#4432=VERTEX_POINT('',#4433);
#4433=CARTESIAN_POINT('',(0.009696461,-0.508664977,0.193660334));
#4434=LINE('',#4435,#4436);
#4435=CARTESIAN_POINT('',(0.009696461,-0.508664977,0.193660334));
#4436=VECTOR('',#4437,1.0);
#4437=DIRECTION('',(0.0,0.999847695,-0.017452406));
#4438=ORIENTED_EDGE('',*,*,#4439,.T.);
#4439=EDGE_CURVE('',#4432,#4403,#4440,.F.);
#4440=B_SPLINE_CURVE_WITH_KNOTS('',3,(#4441,#4442,#4443,#4444),.UNSPECIFIED.,.F.,.U.,(4,4),(2.0,3.0),.PIECEWISE_BEZIER_KNOTS.);
#4441=CARTESIAN_POINT('',(0.007086669,-0.508536683,0.201010303));
#4442=CARTESIAN_POINT('',(0.007086669,-0.508589852,0.197964276));
#4443=CARTESIAN_POINT('',(0.007954867,-0.508632677,0.195510821));
#4444=CARTESIAN_POINT('',(0.009696461,-0.508664977,0.193660334));
#4445=ORIENTED_EDGE('',*,*,#4402,.F.);
#4446=B_SPLINE_SURFACE_WITH_KNOTS('',3,1,((#4447,#4448),(#4449,#4450),(#4451,#4452),(#4453,#4454)),.UNSPECIFIED.,.F.,.F.,.U.,(4,4),(2,2),(2.0,3.0),(0.0,1.0),.PIECEWISE_BEZIER_KNOTS.);
#4447=CARTESIAN_POINT('',(0.007086669,-0.508536683,0.201010303));
#4448=CARTESIAN_POINT('',(0.007086669,-0.498538206,0.200835779));
#4449=CARTESIAN_POINT('',(0.007086669,-0.508589852,0.197964276));
#4450=CARTESIAN_POINT('',(0.007086669,-0.498591375,0.197789752));
#4451=CARTESIAN_POINT('',(0.007954867,-0.508632677,0.195510821));
#4452=CARTESIAN_POINT('',(0.007954867,-0.4986342,0.195336297));
#4453=CARTESIAN_POINT('',(0.009696461,-0.508664977,0.193660334));
#4454=CARTESIAN_POINT('',(0.009696461,-0.4986665,0.19348581));
#4455=ADVANCED_FACE('',(#4456),#4468,.F.);
#4456=FACE_BOUND('',#4457,.T.);
#4457=EDGE_LOOP('',(#4458,#4459,#4460,#4467));
#4458=ORIENTED_EDGE('',*,*,#1126,.F.);
#4459=ORIENTED_EDGE('',*,*,#4103,.F.);
#4460=ORIENTED_EDGE('',*,*,#4461,.T.);
#4461=EDGE_CURVE('',#4095,#4432,#4462,.F.);
#4462=B_SPLINE_CURVE_WITH_KNOTS('',3,(#4463,#4464,#4465,#4466),.UNSPECIFIED.,.F.,.U.,(4,4),(1.0,2.0),.PIECEWISE_BEZIER_KNOTS.);
#4463=CARTESIAN_POINT('',(0.009696461,-0.508664977,0.193660334));
#4464=CARTESIAN_POINT('',(0.011438056,-0.508697278,0.191809847));
#4465=CARTESIAN_POINT('',(0.013767114,-0.508713428,0.190884603));
#4466=CARTESIAN_POINT('',(0.016683635,-0.508713428,0.190884603));
#4467=ORIENTED_EDGE('',*,*,#4431,.F.);
#4468=B_SPLINE_SURFACE_WITH_KNOTS('',3,1,((#4469,#4470),(#4471,#4472),(#4473,#4474),(#4475,#4476)),.UNSPECIFIED.,.F.,.F.,.U.,(4,4),(2,2),(1.0,2.0),(0.0,1.0),.PIECEWISE_BEZIER_KNOTS.);
#4469=CARTESIAN_POINT('',(0.009696461,-0.508664977,0.193660334));
#4470=CARTESIAN_POINT('',(0.009696461,-0.4986665,0.19348581));
#4471=CARTESIAN_POINT('',(0.011438056,-0.508697278,0.191809847));
#4472=CARTESIAN_POINT('',(0.011438056,-0.498698801,0.191635323));
#4473=CARTESIAN_POINT('',(0.013767114,-0.508713428,0.190884603));
#4474=CARTESIAN_POINT('',(0.013767114,-0.498714951,0.190710079));
#4475=CARTESIAN_POINT('',(0.016683635,-0.508713428,0.190884603));
#4476=CARTESIAN_POINT('',(0.016683635,-0.498714951,0.190710079));
#4477=ADVANCED_FACE('',(#4478),#4494,.T.);
#4478=FACE_BOUND('',#4479,.T.);
#4479=EDGE_LOOP('',(#4480,#4481,#4482,#4483,#4484,#4485,#4486,#4487,#4488,#4489,#4490,#4491,#4492,#4493));
#4480=ORIENTED_EDGE('',*,*,#4094,.F.);
#4481=ORIENTED_EDGE('',*,*,#4130,.F.);
#4482=ORIENTED_EDGE('',*,*,#4154,.F.);
#4483=ORIENTED_EDGE('',*,*,#4183,.F.);
#4484=ORIENTED_EDGE('',*,*,#4212,.F.);
#4485=ORIENTED_EDGE('',*,*,#4241,.F.);
#4486=ORIENTED_EDGE('',*,*,#4270,.F.);
#4487=ORIENTED_EDGE('',*,*,#4299,.F.);
#4488=ORIENTED_EDGE('',*,*,#4328,.F.);
#4489=ORIENTED_EDGE('',*,*,#4352,.F.);
#4490=ORIENTED_EDGE('',*,*,#4381,.F.);
#4491=ORIENTED_EDGE('',*,*,#4410,.F.);
#4492=ORIENTED_EDGE('',*,*,#4439,.F.);
#4493=ORIENTED_EDGE('',*,*,#4461,.F.);
#4494=PLANE('',#4495);
#4495=AXIS2_PLACEMENT_3D('',#4496,#4497,#4498);
#4496=CARTESIAN_POINT('',(0.019783413,-0.508708256,0.191180889));
#4497=DIRECTION('',(1.509311985E-14,-0.999847695,0.017452406));
#4498=DIRECTION('',(-9.860761315E-32,-0.017452406,-0.999847695));
#4499=ADVANCED_FACE('',(#4500),#4525,.F.);
#4500=FACE_BOUND('',#4501,.T.);
#4501=EDGE_LOOP('',(#4502,#4503,#4511,#4519));
#4502=ORIENTED_EDGE('',*,*,#1009,.F.);
#4503=ORIENTED_EDGE('',*,*,#4504,.T.);
#4504=EDGE_CURVE('',#1010,#4505,#4507,.F.);
#4505=VERTEX_POINT('',#4506);
#4506=CARTESIAN_POINT('',(0.037322829,-0.508666973,0.193545978));
#4507=LINE('',#4508,#4509);
#4508=CARTESIAN_POINT('',(0.037322829,-0.508666973,0.193545978));
#4509=VECTOR('',#4510,1.0);
#4510=DIRECTION('',(0.0,0.999847695,-0.017452406));
#4511=ORIENTED_EDGE('',*,*,#4512,.T.);
#4512=EDGE_CURVE('',#4505,#4513,#4515,.F.);
#4513=VERTEX_POINT('',#4514);
#4514=CARTESIAN_POINT('',(0.037322829,-0.50870744,0.191227671));
#4515=LINE('',#4516,#4517);
#4516=CARTESIAN_POINT('',(0.037322829,-0.508666973,0.193545978));
#4517=VECTOR('',#4518,1.0);
#4518=DIRECTION('',(0.0,0.017452406,0.999847695));
#4519=ORIENTED_EDGE('',*,*,#4520,.T.);
#4520=EDGE_CURVE('',#4513,#1012,#4521,.T.);
#4521=LINE('',#4522,#4523);
#4522=CARTESIAN_POINT('',(0.037322829,-0.50870744,0.191227671));
#4523=VECTOR('',#4524,1.0);
#4524=DIRECTION('',(0.0,0.999847695,-0.017452406));
#4525=PLANE('',#4526);
#4526=AXIS2_PLACEMENT_3D('',#4527,#4528,#4529);
#4527=CARTESIAN_POINT('',(0.037322829,-0.508666973,0.193545978));
#4528=DIRECTION('',(-1.0,0.0,0.0));
#4529=DIRECTION('',(0.0,0.0,1.0));
#4530=ADVANCED_FACE('',(#4531),#4549,.F.);
#4531=FACE_BOUND('',#4532,.T.);
#4532=EDGE_LOOP('',(#4533,#4534,#4542,#4548));
#4533=ORIENTED_EDGE('',*,*,#1099,.F.);
#4534=ORIENTED_EDGE('',*,*,#4535,.T.);
#4535=EDGE_CURVE('',#1092,#4536,#4538,.F.);
#4536=VERTEX_POINT('',#4537);
#4537=CARTESIAN_POINT('',(0.029009965,-0.508666973,0.193545978));
#4538=LINE('',#4539,#4540);
#4539=CARTESIAN_POINT('',(0.029009965,-0.508666973,0.193545978));
#4540=VECTOR('',#4541,1.0);
#4541=DIRECTION('',(0.0,0.999847695,-0.017452406));
#4542=ORIENTED_EDGE('',*,*,#4543,.T.);
#4543=EDGE_CURVE('',#4536,#4505,#4544,.F.);
#4544=LINE('',#4545,#4546);
#4545=CARTESIAN_POINT('',(0.029009965,-0.508666973,0.193545978));
#4546=VECTOR('',#4547,1.0);
#4547=DIRECTION('',(-1.0,0.0,0.0));
#4548=ORIENTED_EDGE('',*,*,#4504,.F.);
#4549=PLANE('',#4550);
#4550=AXIS2_PLACEMENT_3D('',#4551,#4552,#4553);
#4551=CARTESIAN_POINT('',(0.029009965,-0.508666973,0.193545978));
#4552=DIRECTION('',(0.0,-0.017452406,-0.999847695));
#4553=DIRECTION('',(0.0,0.999847695,-0.017452406));
#4554=ADVANCED_FACE('',(#4555),#4573,.F.);
#4555=FACE_BOUND('',#4556,.T.);
#4556=EDGE_LOOP('',(#4557,#4558,#4566,#4572));
#4557=ORIENTED_EDGE('',*,*,#1091,.F.);
#4558=ORIENTED_EDGE('',*,*,#4559,.T.);
#4559=EDGE_CURVE('',#1084,#4560,#4562,.F.);
#4560=VERTEX_POINT('',#4561);
#4561=CARTESIAN_POINT('',(0.029009965,-0.508547571,0.200386543));
#4562=LINE('',#4563,#4564);
#4563=CARTESIAN_POINT('',(0.029009965,-0.508547571,0.200386543));
#4564=VECTOR('',#4565,1.0);
#4565=DIRECTION('',(0.0,0.999847695,-0.017452406));
#4566=ORIENTED_EDGE('',*,*,#4567,.T.);
#4567=EDGE_CURVE('',#4560,#4536,#4568,.F.);
#4568=LINE('',#4569,#4570);
#4569=CARTESIAN_POINT('',(0.029009965,-0.508547571,0.200386543));
#4570=VECTOR('',#4571,1.0);
#4571=DIRECTION('',(0.0,0.017452406,0.999847695));
#4572=ORIENTED_EDGE('',*,*,#4535,.F.);
#4573=PLANE('',#4574);
#4574=AXIS2_PLACEMENT_3D('',#4575,#4576,#4577);
#4575=CARTESIAN_POINT('',(0.029009965,-0.508547571,0.200386543));
#4576=DIRECTION('',(-1.0,0.0,0.0));
#4577=DIRECTION('',(0.0,0.0,1.0));
#4578=ADVANCED_FACE('',(#4579),#4597,.F.);
#4579=FACE_BOUND('',#4580,.T.);
#4580=EDGE_LOOP('',(#4581,#4582,#4590,#4596));
#4581=ORIENTED_EDGE('',*,*,#1083,.F.);
#4582=ORIENTED_EDGE('',*,*,#4583,.T.);
#4583=EDGE_CURVE('',#1076,#4584,#4586,.F.);
#4584=VERTEX_POINT('',#4585);
#4585=CARTESIAN_POINT('',(0.036283071,-0.508547571,0.200386543));
#4586=LINE('',#4587,#4588);
#4587=CARTESIAN_POINT('',(0.036283071,-0.508547571,0.200386543));
#4588=VECTOR('',#4589,1.0);
#4589=DIRECTION('',(0.0,0.999847695,-0.017452406));
#4590=ORIENTED_EDGE('',*,*,#4591,.T.);
#4591=EDGE_CURVE('',#4584,#4560,#4592,.F.);
#4592=LINE('',#4593,#4594);
#4593=CARTESIAN_POINT('',(0.036283071,-0.508547571,0.200386543));
#4594=VECTOR('',#4595,1.0);
#4595=DIRECTION('',(1.0,0.0,0.0));
#4596=ORIENTED_EDGE('',*,*,#4559,.F.);
#4597=PLANE('',#4598);
#4598=AXIS2_PLACEMENT_3D('',#4599,#4600,#4601);
#4599=CARTESIAN_POINT('',(0.036283071,-0.508547571,0.200386543));
#4600=DIRECTION('',(0.0,0.017452406,0.999847695));
#4601=DIRECTION('',(0.0,-0.999847695,0.017452406));
#4602=ADVANCED_FACE('',(#4603),#4621,.F.);
#4603=FACE_BOUND('',#4604,.T.);
#4604=EDGE_LOOP('',(#4605,#4606,#4614,#4620));
#4605=ORIENTED_EDGE('',*,*,#1075,.F.);
#4606=ORIENTED_EDGE('',*,*,#4607,.T.);
#4607=EDGE_CURVE('',#1068,#4608,#4610,.F.);
#4608=VERTEX_POINT('',#4609);
#4609=CARTESIAN_POINT('',(0.036283071,-0.508506923,0.202715246));
#4610=LINE('',#4611,#4612);
#4611=CARTESIAN_POINT('',(0.036283071,-0.508506923,0.202715246));
#4612=VECTOR('',#4613,1.0);
#4613=DIRECTION('',(0.0,0.999847695,-0.017452406));
#4614=ORIENTED_EDGE('',*,*,#4615,.T.);
#4615=EDGE_CURVE('',#4608,#4584,#4616,.F.);
#4616=LINE('',#4617,#4618);
#4617=CARTESIAN_POINT('',(0.036283071,-0.508506923,0.202715246));
#4618=VECTOR('',#4619,1.0);
#4619=DIRECTION('',(0.0,0.017452406,0.999847695));
#4620=ORIENTED_EDGE('',*,*,#4583,.F.);
#4621=PLANE('',#4622);
#4622=AXIS2_PLACEMENT_3D('',#4623,#4624,#4625);
#4623=CARTESIAN_POINT('',(0.036283071,-0.508506923,0.202715246));
#4624=DIRECTION('',(-1.0,0.0,0.0));
#4625=DIRECTION('',(0.0,0.0,1.0));
#4626=ADVANCED_FACE('',(#4627),#4645,.F.);
#4627=FACE_BOUND('',#4628,.T.);
#4628=EDGE_LOOP('',(#4629,#4630,#4638,#4644));
#4629=ORIENTED_EDGE('',*,*,#1067,.F.);
#4630=ORIENTED_EDGE('',*,*,#4631,.T.);
#4631=EDGE_CURVE('',#1060,#4632,#4634,.F.);
#4632=VERTEX_POINT('',#4633);
#4633=CARTESIAN_POINT('',(0.029009965,-0.508506923,0.202715246));
#4634=LINE('',#4635,#4636);
#4635=CARTESIAN_POINT('',(0.029009965,-0.508506923,0.202715246));
#4636=VECTOR('',#4637,1.0);
#4637=DIRECTION('',(0.0,0.999847695,-0.017452406));
#4638=ORIENTED_EDGE('',*,*,#4639,.T.);
#4639=EDGE_CURVE('',#4632,#4608,#4640,.F.);
#4640=LINE('',#4641,#4642);
#4641=CARTESIAN_POINT('',(0.029009965,-0.508506923,0.202715246));
#4642=VECTOR('',#4643,1.0);
#4643=DIRECTION('',(-1.0,0.0,0.0));
#4644=ORIENTED_EDGE('',*,*,#4607,.F.);
#4645=PLANE('',#4646);
#4646=AXIS2_PLACEMENT_3D('',#4647,#4648,#4649);
#4647=CARTESIAN_POINT('',(0.029009965,-0.508506923,0.202715246));
#4648=DIRECTION('',(0.0,-0.017452406,-0.999847695));
#4649=DIRECTION('',(0.0,0.999847695,-0.017452406));
#4650=ADVANCED_FACE('',(#4651),#4669,.F.);
#4651=FACE_BOUND('',#4652,.T.);
#4652=EDGE_LOOP('',(#4653,#4654,#4662,#4668));
#4653=ORIENTED_EDGE('',*,*,#1059,.F.);
#4654=ORIENTED_EDGE('',*,*,#4655,.T.);
#4655=EDGE_CURVE('',#1052,#4656,#4658,.F.);
#4656=VERTEX_POINT('',#4657);
#4657=CARTESIAN_POINT('',(0.029009965,-0.508393327,0.209223139));
#4658=LINE('',#4659,#4660);
#4659=CARTESIAN_POINT('',(0.029009965,-0.508393327,0.209223139));
#4660=VECTOR('',#4661,1.0);
#4661=DIRECTION('',(0.0,0.999847695,-0.017452406));
#4662=ORIENTED_EDGE('',*,*,#4663,.T.);
#4663=EDGE_CURVE('',#4656,#4632,#4664,.F.);
#4664=LINE('',#4665,#4666);
#4665=CARTESIAN_POINT('',(0.029009965,-0.508393327,0.209223139));
#4666=VECTOR('',#4667,1.0);
#4667=DIRECTION('',(0.0,0.017452406,0.999847695));
#4668=ORIENTED_EDGE('',*,*,#4631,.F.);
#4669=PLANE('',#4670);
#4670=AXIS2_PLACEMENT_3D('',#4671,#4672,#4673);
#4671=CARTESIAN_POINT('',(0.029009965,-0.508393327,0.209223139));
#4672=DIRECTION('',(-1.0,0.0,0.0));
#4673=DIRECTION('',(0.0,0.0,1.0));
#4674=ADVANCED_FACE('',(#4675),#4693,.F.);
#4675=FACE_BOUND('',#4676,.T.);
#4676=EDGE_LOOP('',(#4677,#4678,#4686,#4692));
#4677=ORIENTED_EDGE('',*,*,#1051,.F.);
#4678=ORIENTED_EDGE('',*,*,#4679,.T.);
#4679=EDGE_CURVE('',#1044,#4680,#4682,.F.);
#4680=VERTEX_POINT('',#4681);
#4681=CARTESIAN_POINT('',(0.036860137,-0.508393327,0.209223139));
#4682=LINE('',#4683,#4684);
#4683=CARTESIAN_POINT('',(0.036860137,-0.508393327,0.209223139));
#4684=VECTOR('',#4685,1.0);
#4685=DIRECTION('',(0.0,0.999847695,-0.017452406));
#4686=ORIENTED_EDGE('',*,*,#4687,.T.);
#4687=EDGE_CURVE('',#4680,#4656,#4688,.F.);
#4688=LINE('',#4689,#4690);
#4689=CARTESIAN_POINT('',(0.036860137,-0.508393327,0.209223139));
#4690=VECTOR('',#4691,1.0);
#4691=DIRECTION('',(1.0,0.0,0.0));
#4692=ORIENTED_EDGE('',*,*,#4655,.F.);
#4693=PLANE('',#4694);
#4694=AXIS2_PLACEMENT_3D('',#4695,#4696,#4697);
#4695=CARTESIAN_POINT('',(0.036860137,-0.508393327,0.209223139));
#4696=DIRECTION('',(0.0,0.017452406,0.999847695));
#4697=DIRECTION('',(0.0,-0.999847695,0.017452406));
#4698=ADVANCED_FACE('',(#4699),#4717,.F.);
#4699=FACE_BOUND('',#4700,.T.);
#4700=EDGE_LOOP('',(#4701,#4702,#4710,#4716));
#4701=ORIENTED_EDGE('',*,*,#1043,.F.);
#4702=ORIENTED_EDGE('',*,*,#4703,.T.);
#4703=EDGE_CURVE('',#1036,#4704,#4706,.F.);
#4704=VERTEX_POINT('',#4705);
#4705=CARTESIAN_POINT('',(0.036860137,-0.508352498,0.211562238));
#4706=LINE('',#4707,#4708);
#4707=CARTESIAN_POINT('',(0.036860137,-0.508352498,0.211562238));
#4708=VECTOR('',#4709,1.0);
#4709=DIRECTION('',(0.0,0.999847695,-0.017452406));
#4710=ORIENTED_EDGE('',*,*,#4711,.T.);
#4711=EDGE_CURVE('',#4704,#4680,#4712,.F.);
#4712=LINE('',#4713,#4714);
#4713=CARTESIAN_POINT('',(0.036860137,-0.508352498,0.211562238));
#4714=VECTOR('',#4715,1.0);
#4715=DIRECTION('',(0.0,0.017452406,0.999847695));
#4716=ORIENTED_EDGE('',*,*,#4679,.F.);
#4717=PLANE('',#4718);
#4718=AXIS2_PLACEMENT_3D('',#4719,#4720,#4721);
#4719=CARTESIAN_POINT('',(0.036860137,-0.508352498,0.211562238));
#4720=DIRECTION('',(-1.0,0.0,0.0));
#4721=DIRECTION('',(0.0,0.0,1.0));
#4722=ADVANCED_FACE('',(#4723),#4741,.F.);
#4723=FACE_BOUND('',#4724,.T.);
#4724=EDGE_LOOP('',(#4725,#4726,#4734,#4740));
#4725=ORIENTED_EDGE('',*,*,#1035,.F.);
#4726=ORIENTED_EDGE('',*,*,#4727,.T.);
#4727=EDGE_CURVE('',#1028,#4728,#4730,.F.);
#4728=VERTEX_POINT('',#4729);
#4729=CARTESIAN_POINT('',(0.026384576,-0.508352498,0.211562238));
#4730=LINE('',#4731,#4732);
#4731=CARTESIAN_POINT('',(0.026384576,-0.508352498,0.211562238));
#4732=VECTOR('',#4733,1.0);
#4733=DIRECTION('',(0.0,0.999847695,-0.017452406));
#4734=ORIENTED_EDGE('',*,*,#4735,.T.);
#4735=EDGE_CURVE('',#4728,#4704,#4736,.F.);
#4736=LINE('',#4737,#4738);
#4737=CARTESIAN_POINT('',(0.026384576,-0.508352498,0.211562238));
#4738=VECTOR('',#4739,1.0);
#4739=DIRECTION('',(-1.0,0.0,0.0));
#4740=ORIENTED_EDGE('',*,*,#4703,.F.);
#4741=PLANE('',#4742);
#4742=AXIS2_PLACEMENT_3D('',#4743,#4744,#4745);
#4743=CARTESIAN_POINT('',(0.026384576,-0.508352498,0.211562238));
#4744=DIRECTION('',(0.0,-0.017452406,-0.999847695));
#4745=DIRECTION('',(0.0,0.999847695,-0.017452406));
#4746=ADVANCED_FACE('',(#4747),#4765,.F.);
#4747=FACE_BOUND('',#4748,.T.);
#4748=EDGE_LOOP('',(#4749,#4750,#4758,#4764));
#4749=ORIENTED_EDGE('',*,*,#1027,.F.);
#4750=ORIENTED_EDGE('',*,*,#4751,.T.);
#4751=EDGE_CURVE('',#1020,#4752,#4754,.F.);
#4752=VERTEX_POINT('',#4753);
#4753=CARTESIAN_POINT('',(0.026384576,-0.50870744,0.191227671));
#4754=LINE('',#4755,#4756);
#4755=CARTESIAN_POINT('',(0.026384576,-0.50870744,0.191227671));
#4756=VECTOR('',#4757,1.0);
#4757=DIRECTION('',(0.0,0.999847695,-0.017452406));
#4758=ORIENTED_EDGE('',*,*,#4759,.T.);
#4759=EDGE_CURVE('',#4752,#4728,#4760,.F.);
#4760=LINE('',#4761,#4762);
#4761=CARTESIAN_POINT('',(0.026384576,-0.50870744,0.191227671));
#4762=VECTOR('',#4763,1.0);
#4763=DIRECTION('',(0.0,-0.017452406,-0.999847695));
#4764=ORIENTED_EDGE('',*,*,#4727,.F.);
#4765=PLANE('',#4766);
#4766=AXIS2_PLACEMENT_3D('',#4767,#4768,#4769);
#4767=CARTESIAN_POINT('',(0.026384576,-0.50870744,0.191227671));
#4768=DIRECTION('',(1.0,0.0,0.0));
#4769=DIRECTION('',(0.0,0.0,-1.0));
#4770=ADVANCED_FACE('',(#4771),#4782,.F.);
#4771=FACE_BOUND('',#4772,.T.);
#4772=EDGE_LOOP('',(#4773,#4774,#4775,#4781));
#4773=ORIENTED_EDGE('',*,*,#1019,.F.);
#4774=ORIENTED_EDGE('',*,*,#4520,.F.);
#4775=ORIENTED_EDGE('',*,*,#4776,.T.);
#4776=EDGE_CURVE('',#4513,#4752,#4777,.F.);
#4777=LINE('',#4778,#4779);
#4778=CARTESIAN_POINT('',(0.037322829,-0.50870744,0.191227671));
#4779=VECTOR('',#4780,1.0);
#4780=DIRECTION('',(1.0,0.0,0.0));
#4781=ORIENTED_EDGE('',*,*,#4751,.F.);
#4782=PLANE('',#4783);
#4783=AXIS2_PLACEMENT_3D('',#4784,#4785,#4786);
#4784=CARTESIAN_POINT('',(0.037322829,-0.50870744,0.191227671));
#4785=DIRECTION('',(0.0,0.017452406,0.999847695));
#4786=DIRECTION('',(0.0,-0.999847695,0.017452406));
#4787=ADVANCED_FACE('',(#4788),#4802,.F.);
#4788=FACE_BOUND('',#4789,.T.);
#4789=EDGE_LOOP('',(#4790,#4791,#4792,#4793,#4794,#4795,#4796,#4797,#4798,#4799,#4800,#4801));
#4790=ORIENTED_EDGE('',*,*,#4512,.F.);
#4791=ORIENTED_EDGE('',*,*,#4543,.F.);
#4792=ORIENTED_EDGE('',*,*,#4567,.F.);
#4793=ORIENTED_EDGE('',*,*,#4591,.F.);
#4794=ORIENTED_EDGE('',*,*,#4615,.F.);
#4795=ORIENTED_EDGE('',*,*,#4639,.F.);
#4796=ORIENTED_EDGE('',*,*,#4663,.F.);
#4797=ORIENTED_EDGE('',*,*,#4687,.F.);
#4798=ORIENTED_EDGE('',*,*,#4711,.F.);
#4799=ORIENTED_EDGE('',*,*,#4735,.F.);
#4800=ORIENTED_EDGE('',*,*,#4759,.F.);
#4801=ORIENTED_EDGE('',*,*,#4776,.F.);
#4802=PLANE('',#4803);
#4803=AXIS2_PLACEMENT_3D('',#4804,#4805,#4806);
#4804=CARTESIAN_POINT('',(-5.08001016E-05,-0.509795384,0.128899396));
#4805=DIRECTION('',(0.0,0.999847695,-0.017452406));
#4806=DIRECTION('',(0.0,0.017452406,0.999847695));
#4807=ADVANCED_FACE('',(#4808,#4870),#4932,.T.);
#4808=FACE_BOUND('',#4809,.T.);
#4809=EDGE_LOOP('',(#4810,#4820,#4829,#4838,#4847,#4856,#4864));
#4810=ORIENTED_EDGE('',*,*,#4811,.T.);
#4811=EDGE_CURVE('',#4812,#4814,#4816,.T.);
#4812=VERTEX_POINT('',#4813);
#4813=CARTESIAN_POINT('',(0.041164735,-0.50870744,0.191227671));
#4814=VERTEX_POINT('',#4815);
#4815=CARTESIAN_POINT('',(0.046758632,-0.50870744,0.191227671));
#4816=LINE('',#4817,#4818);
#4817=CARTESIAN_POINT('',(0.046758632,-0.50870744,0.191227671));
#4818=VECTOR('',#4819,1.0);
#4819=DIRECTION('',(1.0,0.0,0.0));
#4820=ORIENTED_EDGE('',*,*,#4821,.T.);
#4821=EDGE_CURVE('',#4814,#4822,#4824,.T.);
#4822=VERTEX_POINT('',#4823);
#4823=CARTESIAN_POINT('',(0.054655594,-0.508657719,0.194076174));
#4824=B_SPLINE_CURVE_WITH_KNOTS('',3,(#4825,#4826,#4827,#4828),.UNSPECIFIED.,.F.,.U.,(4,4),(5.0,6.0),.PIECEWISE_BEZIER_KNOTS.);
#4825=CARTESIAN_POINT('',(0.046758632,-0.50870744,0.191227671));
#4826=CARTESIAN_POINT('',(0.049976683,-0.50870744,0.191227671));
#4827=CARTESIAN_POINT('',(0.052612469,-0.508690926,0.192173707));
#4828=CARTESIAN_POINT('',(0.054655594,-0.508657719,0.194076174));
#4829=ORIENTED_EDGE('',*,*,#4830,.T.);
#4830=EDGE_CURVE('',#4822,#4831,#4833,.T.);
#4831=VERTEX_POINT('',#4832);
#4832=CARTESIAN_POINT('',(0.05772288,-0.508525432,0.201654855));
#4833=B_SPLINE_CURVE_WITH_KNOTS('',3,(#4834,#4835,#4836,#4837),.UNSPECIFIED.,.F.,.U.,(4,4),(4.0,5.0),.PIECEWISE_BEZIER_KNOTS.);
#4834=CARTESIAN_POINT('',(0.054655594,-0.508657719,0.194076174));
#4835=CARTESIAN_POINT('',(0.056698718,-0.508624511,0.195978641));
#4836=CARTESIAN_POINT('',(0.05772288,-0.508580416,0.198504868));
#4837=CARTESIAN_POINT('',(0.05772288,-0.508525432,0.201654855));
#4838=ORIENTED_EDGE('',*,*,#4839,.T.);
#4839=EDGE_CURVE('',#4831,#4840,#4842,.T.);
#4840=VERTEX_POINT('',#4841);
#4841=CARTESIAN_POINT('',(0.054655594,-0.508399497,0.208869676));
#4842=B_SPLINE_CURVE_WITH_KNOTS('',3,(#4843,#4844,#4845,#4846),.UNSPECIFIED.,.F.,.U.,(4,4),(3.0,4.0),.PIECEWISE_BEZIER_KNOTS.);
#4843=CARTESIAN_POINT('',(0.05772288,-0.508525432,0.201654855));
#4844=CARTESIAN_POINT('',(0.05772288,-0.508472808,0.204669693));
#4845=CARTESIAN_POINT('',(0.056698718,-0.50843089,0.207071168));
#4846=CARTESIAN_POINT('',(0.054655594,-0.508399497,0.208869676));
#4847=ORIENTED_EDGE('',*,*,#4848,.T.);
#4848=EDGE_CURVE('',#4840,#4849,#4851,.T.);
#4849=VERTEX_POINT('',#4850);
#4850=CARTESIAN_POINT('',(0.046966584,-0.508352498,0.211562238));
#4851=B_SPLINE_CURVE_WITH_KNOTS('',3,(#4852,#4853,#4854,#4855),.UNSPECIFIED.,.F.,.U.,(4,4),(2.0,3.0),.PIECEWISE_BEZIER_KNOTS.);
#4852=CARTESIAN_POINT('',(0.054655594,-0.508399497,0.208869676));
#4853=CARTESIAN_POINT('',(0.052612469,-0.508368104,0.210668183));
#4854=CARTESIAN_POINT('',(0.050049466,-0.508352498,0.211562238));
#4855=CARTESIAN_POINT('',(0.046966584,-0.508352498,0.211562238));
#4856=ORIENTED_EDGE('',*,*,#4857,.T.);
#4857=EDGE_CURVE('',#4849,#4858,#4860,.T.);
#4858=VERTEX_POINT('',#4859);
#4859=CARTESIAN_POINT('',(0.041164735,-0.508352498,0.211562238));
#4860=LINE('',#4861,#4862);
#4861=CARTESIAN_POINT('',(0.041164735,-0.508352498,0.211562238));
#4862=VECTOR('',#4863,1.0);
#4863=DIRECTION('',(-1.0,0.0,0.0));
#4864=ORIENTED_EDGE('',*,*,#4865,.T.);
#4865=EDGE_CURVE('',#4858,#4812,#4866,.T.);
#4866=LINE('',#4867,#4868);
#4867=CARTESIAN_POINT('',(0.041164735,-0.50870744,0.191227671));
#4868=VECTOR('',#4869,1.0);
#4869=DIRECTION('',(0.0,-0.017452406,-0.999847695));
#4870=FACE_BOUND('',#4871,.T.);
#4871=EDGE_LOOP('',(#4872,#4882,#4890,#4899,#4908,#4917,#4926));
#4872=ORIENTED_EDGE('',*,*,#4873,.T.);
#4873=EDGE_CURVE('',#4874,#4876,#4878,.F.);
#4874=VERTEX_POINT('',#4875);
#4875=CARTESIAN_POINT('',(0.043790124,-0.508666973,0.193545978));
#4876=VERTEX_POINT('',#4877);
#4877=CARTESIAN_POINT('',(0.043790124,-0.508393327,0.209223139));
#4878=LINE('',#4879,#4880);
#4879=CARTESIAN_POINT('',(0.043790124,-0.508393327,0.209223139));
#4880=VECTOR('',#4881,1.0);
#4881=DIRECTION('',(0.0,-0.017452406,-0.999847695));
#4882=ORIENTED_EDGE('',*,*,#4883,.T.);
#4883=EDGE_CURVE('',#4876,#4884,#4886,.F.);
#4884=VERTEX_POINT('',#4885);
#4885=CARTESIAN_POINT('',(0.046862608,-0.508393327,0.209223139));
#4886=LINE('',#4887,#4888);
#4887=CARTESIAN_POINT('',(0.046862608,-0.508393327,0.209223139));
#4888=VECTOR('',#4889,1.0);
#4889=DIRECTION('',(-1.0,0.0,0.0));
#4890=ORIENTED_EDGE('',*,*,#4891,.T.);
#4891=EDGE_CURVE('',#4884,#4892,#4894,.F.);
#4892=VERTEX_POINT('',#4893);
#4893=CARTESIAN_POINT('',(0.052732042,-0.508426717,0.207310276));
#4894=B_SPLINE_CURVE_WITH_KNOTS('',3,(#4895,#4896,#4897,#4898),.UNSPECIFIED.,.F.,.U.,(4,4),(5.0,6.0),.PIECEWISE_BEZIER_KNOTS.);
#4895=CARTESIAN_POINT('',(0.052732042,-0.508426717,0.207310276));
#4896=CARTESIAN_POINT('',(0.051245188,-0.508404397,0.208588984));
#4897=CARTESIAN_POINT('',(0.049285244,-0.508393327,0.209223139));
#4898=CARTESIAN_POINT('',(0.046862608,-0.508393327,0.209223139));
#4899=ORIENTED_EDGE('',*,*,#4900,.T.);
#4900=EDGE_CURVE('',#4892,#4901,#4903,.F.);
#4901=VERTEX_POINT('',#4902);
#4902=CARTESIAN_POINT('',(0.054962322,-0.508526703,0.201582083));
#4903=B_SPLINE_CURVE_WITH_KNOTS('',3,(#4904,#4905,#4906,#4907),.UNSPECIFIED.,.F.,.U.,(4,4),(4.0,5.0),.PIECEWISE_BEZIER_KNOTS.);
#4904=CARTESIAN_POINT('',(0.054962322,-0.508526703,0.201582083));
#4905=CARTESIAN_POINT('',(0.054962322,-0.508482426,0.204118706));
#4906=CARTESIAN_POINT('',(0.054218895,-0.508449037,0.206031569));
#4907=CARTESIAN_POINT('',(0.052732042,-0.508426717,0.207310276));
#4908=ORIENTED_EDGE('',*,*,#4909,.T.);
#4909=EDGE_CURVE('',#4901,#4910,#4912,.F.);
#4910=VERTEX_POINT('',#4911);
#4911=CARTESIAN_POINT('',(0.052789228,-0.508629955,0.195666761));
#4912=B_SPLINE_CURVE_WITH_KNOTS('',3,(#4913,#4914,#4915,#4916),.UNSPECIFIED.,.F.,.U.,(4,4),(3.0,4.0),.PIECEWISE_BEZIER_KNOTS.);
#4913=CARTESIAN_POINT('',(0.052789228,-0.508629955,0.195666761));
#4914=CARTESIAN_POINT('',(0.054239691,-0.508605457,0.197070221));
#4915=CARTESIAN_POINT('',(0.054962322,-0.508570979,0.19904546));
#4916=CARTESIAN_POINT('',(0.054962322,-0.508526703,0.201582083));
#4917=ORIENTED_EDGE('',*,*,#4918,.T.);
#4918=EDGE_CURVE('',#4910,#4919,#4921,.F.);
#4919=VERTEX_POINT('',#4920);
#4920=CARTESIAN_POINT('',(0.046743036,-0.508666973,0.193545978));
#4921=B_SPLINE_CURVE_WITH_KNOTS('',3,(#4922,#4923,#4924,#4925),.UNSPECIFIED.,.F.,.U.,(4,4),(2.0,3.0),.PIECEWISE_BEZIER_KNOTS.);
#4922=CARTESIAN_POINT('',(0.046743036,-0.508666973,0.193545978));
#4923=CARTESIAN_POINT('',(0.049326834,-0.508666973,0.193545978));
#4924=CARTESIAN_POINT('',(0.051343965,-0.508654634,0.194252906));
#4925=CARTESIAN_POINT('',(0.052789228,-0.508629955,0.195666761));
#4926=ORIENTED_EDGE('',*,*,#4927,.T.);
#4927=EDGE_CURVE('',#4919,#4874,#4928,.F.);
#4928=LINE('',#4929,#4930);
#4929=CARTESIAN_POINT('',(0.043790124,-0.508666973,0.193545978));
#4930=VECTOR('',#4931,1.0);
#4931=DIRECTION('',(1.0,0.0,0.0));
#4932=PLANE('',#4933);
#4933=AXIS2_PLACEMENT_3D('',#4934,#4935,#4936);
#4934=CARTESIAN_POINT('',(0.051200998,-0.508364225,0.210890397));
#4935=DIRECTION('',(0.0,-0.999847695,0.017452406));
#4936=DIRECTION('',(0.0,-0.017452406,-0.999847695));
#4937=ADVANCED_FACE('',(#4938),#4954,.F.);
#4938=FACE_BOUND('',#4939,.T.);
#4939=EDGE_LOOP('',(#4940,#4941,#4947,#4948));
#4940=ORIENTED_EDGE('',*,*,#947,.F.);
#4941=ORIENTED_EDGE('',*,*,#4942,.T.);
#4942=EDGE_CURVE('',#948,#4814,#4943,.F.);
#4943=LINE('',#4944,#4945);
#4944=CARTESIAN_POINT('',(0.046758632,-0.50870744,0.191227671));
#4945=VECTOR('',#4946,1.0);
#4946=DIRECTION('',(0.0,0.999847695,-0.017452406));
#4947=ORIENTED_EDGE('',*,*,#4811,.F.);
#4948=ORIENTED_EDGE('',*,*,#4949,.T.);
#4949=EDGE_CURVE('',#4812,#950,#4950,.T.);
#4950=LINE('',#4951,#4952);
#4951=CARTESIAN_POINT('',(0.041164735,-0.50870744,0.191227671));
#4952=VECTOR('',#4953,1.0);
#4953=DIRECTION('',(0.0,0.999847695,-0.017452406));
#4954=PLANE('',#4955);
#4955=AXIS2_PLACEMENT_3D('',#4956,#4957,#4958);
#4956=CARTESIAN_POINT('',(0.046758632,-0.50870744,0.191227671));
#4957=DIRECTION('',(0.0,0.017452406,0.999847695));
#4958=DIRECTION('',(0.0,-0.999847695,0.017452406));
#4959=ADVANCED_FACE('',(#4960),#4971,.F.);
#4960=FACE_BOUND('',#4961,.T.);
#4961=EDGE_LOOP('',(#4962,#4963,#4969,#4970));
#4962=ORIENTED_EDGE('',*,*,#1000,.F.);
#4963=ORIENTED_EDGE('',*,*,#4964,.T.);
#4964=EDGE_CURVE('',#992,#4822,#4965,.F.);
#4965=LINE('',#4966,#4967);
#4966=CARTESIAN_POINT('',(0.054655594,-0.508657719,0.194076174));
#4967=VECTOR('',#4968,1.0);
#4968=DIRECTION('',(0.0,0.999847695,-0.017452406));
#4969=ORIENTED_EDGE('',*,*,#4821,.F.);
#4970=ORIENTED_EDGE('',*,*,#4942,.F.);
#4971=B_SPLINE_SURFACE_WITH_KNOTS('',3,1,((#4972,#4973),(#4974,#4975),(#4976,#4977),(#4978,#4979)),.UNSPECIFIED.,.F.,.F.,.U.,(4,4),(2,2),(5.0,6.0),(0.0,1.0),.PIECEWISE_BEZIER_KNOTS.);
#4972=CARTESIAN_POINT('',(0.046758632,-0.50870744,0.191227671));
#4973=CARTESIAN_POINT('',(0.046758632,-0.498708963,0.191053147));
#4974=CARTESIAN_POINT('',(0.049976683,-0.50870744,0.191227671));
#4975=CARTESIAN_POINT('',(0.049976683,-0.498708963,0.191053147));
#4976=CARTESIAN_POINT('',(0.052612469,-0.508690926,0.192173707));
#4977=CARTESIAN_POINT('',(0.052612469,-0.498692449,0.191999183));
#4978=CARTESIAN_POINT('',(0.054655594,-0.508657719,0.194076174));
#4979=CARTESIAN_POINT('',(0.054655594,-0.498659242,0.19390165));
#4980=ADVANCED_FACE('',(#4981),#4992,.F.);
#4981=FACE_BOUND('',#4982,.T.);
#4982=EDGE_LOOP('',(#4983,#4984,#4990,#4991));
#4983=ORIENTED_EDGE('',*,*,#991,.F.);
#4984=ORIENTED_EDGE('',*,*,#4985,.T.);
#4985=EDGE_CURVE('',#983,#4831,#4986,.F.);
#4986=LINE('',#4987,#4988);
#4987=CARTESIAN_POINT('',(0.05772288,-0.508525432,0.201654855));
#4988=VECTOR('',#4989,1.0);
#4989=DIRECTION('',(0.0,0.999847695,-0.017452406));
#4990=ORIENTED_EDGE('',*,*,#4830,.F.);
#4991=ORIENTED_EDGE('',*,*,#4964,.F.);
#4992=B_SPLINE_SURFACE_WITH_KNOTS('',3,1,((#4993,#4994),(#4995,#4996),(#4997,#4998),(#4999,#5000)),.UNSPECIFIED.,.F.,.F.,.U.,(4,4),(2,2),(4.0,5.0),(0.0,1.0),.PIECEWISE_BEZIER_KNOTS.);
#4993=CARTESIAN_POINT('',(0.054655594,-0.508657719,0.194076174));
#4994=CARTESIAN_POINT('',(0.054655594,-0.498659242,0.19390165));
#4995=CARTESIAN_POINT('',(0.056698718,-0.508624511,0.195978641));
#4996=CARTESIAN_POINT('',(0.056698718,-0.498626034,0.195804117));
#4997=CARTESIAN_POINT('',(0.05772288,-0.508580416,0.198504868));
#4998=CARTESIAN_POINT('',(0.05772288,-0.498581939,0.198330344));
#4999=CARTESIAN_POINT('',(0.05772288,-0.508525432,0.201654855));
#5000=CARTESIAN_POINT('',(0.05772288,-0.498526955,0.201480331));
#5001=ADVANCED_FACE('',(#5002),#5013,.F.);
#5002=FACE_BOUND('',#5003,.T.);
#5003=EDGE_LOOP('',(#5004,#5005,#5011,#5012));
#5004=ORIENTED_EDGE('',*,*,#982,.F.);
#5005=ORIENTED_EDGE('',*,*,#5006,.T.);
#5006=EDGE_CURVE('',#974,#4840,#5007,.F.);
#5007=LINE('',#5008,#5009);
#5008=CARTESIAN_POINT('',(0.054655594,-0.508399497,0.208869676));
#5009=VECTOR('',#5010,1.0);
#5010=DIRECTION('',(0.0,0.999847695,-0.017452406));
#5011=ORIENTED_EDGE('',*,*,#4839,.F.);
#5012=ORIENTED_EDGE('',*,*,#4985,.F.);
#5013=B_SPLINE_SURFACE_WITH_KNOTS('',3,1,((#5014,#5015),(#5016,#5017),(#5018,#5019),(#5020,#5021)),.UNSPECIFIED.,.F.,.F.,.U.,(4,4),(2,2),(3.0,4.0),(0.0,1.0),.PIECEWISE_BEZIER_KNOTS.);
#5014=CARTESIAN_POINT('',(0.05772288,-0.508525432,0.201654855));
#5015=CARTESIAN_POINT('',(0.05772288,-0.498526955,0.201480331));
#5016=CARTESIAN_POINT('',(0.05772288,-0.508472808,0.204669693));
#5017=CARTESIAN_POINT('',(0.05772288,-0.498474331,0.204495169));
#5018=CARTESIAN_POINT('',(0.056698718,-0.50843089,0.207071168));
#5019=CARTESIAN_POINT('',(0.056698718,-0.498432413,0.206896644));
#5020=CARTESIAN_POINT('',(0.054655594,-0.508399497,0.208869676));
#5021=CARTESIAN_POINT('',(0.054655594,-0.49840102,0.208695152));
#5022=ADVANCED_FACE('',(#5023),#5034,.F.);
#5023=FACE_BOUND('',#5024,.T.);
#5024=EDGE_LOOP('',(#5025,#5026,#5032,#5033));
#5025=ORIENTED_EDGE('',*,*,#973,.F.);
#5026=ORIENTED_EDGE('',*,*,#5027,.T.);
#5027=EDGE_CURVE('',#966,#4849,#5028,.F.);
#5028=LINE('',#5029,#5030);
#5029=CARTESIAN_POINT('',(0.046966584,-0.508352498,0.211562238));
#5030=VECTOR('',#5031,1.0);
#5031=DIRECTION('',(0.0,0.999847695,-0.017452406));
#5032=ORIENTED_EDGE('',*,*,#4848,.F.);
#5033=ORIENTED_EDGE('',*,*,#5006,.F.);
#5034=B_SPLINE_SURFACE_WITH_KNOTS('',3,1,((#5035,#5036),(#5037,#5038),(#5039,#5040),(#5041,#5042)),.UNSPECIFIED.,.F.,.F.,.U.,(4,4),(2,2),(2.0,3.0),(0.0,1.0),.PIECEWISE_BEZIER_KNOTS.);
#5035=CARTESIAN_POINT('',(0.054655594,-0.508399497,0.208869676));
#5036=CARTESIAN_POINT('',(0.054655594,-0.49840102,0.208695152));
#5037=CARTESIAN_POINT('',(0.052612469,-0.508368104,0.210668183));
#5038=CARTESIAN_POINT('',(0.052612469,-0.498369627,0.210493659));
#5039=CARTESIAN_POINT('',(0.050049466,-0.508352498,0.211562238));
#5040=CARTESIAN_POINT('',(0.050049466,-0.498354021,0.211387714));
#5041=CARTESIAN_POINT('',(0.046966584,-0.508352498,0.211562238));
#5042=CARTESIAN_POINT('',(0.046966584,-0.498354021,0.211387714));
#5043=ADVANCED_FACE('',(#5044),#5055,.F.);
#5044=FACE_BOUND('',#5045,.T.);
#5045=EDGE_LOOP('',(#5046,#5047,#5053,#5054));
#5046=ORIENTED_EDGE('',*,*,#965,.F.);
#5047=ORIENTED_EDGE('',*,*,#5048,.T.);
#5048=EDGE_CURVE('',#958,#4858,#5049,.F.);
#5049=LINE('',#5050,#5051);
#5050=CARTESIAN_POINT('',(0.041164735,-0.508352498,0.211562238));
#5051=VECTOR('',#5052,1.0);
#5052=DIRECTION('',(0.0,0.999847695,-0.017452406));
#5053=ORIENTED_EDGE('',*,*,#4857,.F.);
#5054=ORIENTED_EDGE('',*,*,#5027,.F.);
#5055=PLANE('',#5056);
#5056=AXIS2_PLACEMENT_3D('',#5057,#5058,#5059);
#5057=CARTESIAN_POINT('',(0.041164735,-0.508352498,0.211562238));
#5058=DIRECTION('',(0.0,-0.017452406,-0.999847695));
#5059=DIRECTION('',(0.0,0.999847695,-0.017452406));
#5060=ADVANCED_FACE('',(#5061),#5067,.F.);
#5061=FACE_BOUND('',#5062,.T.);
#5062=EDGE_LOOP('',(#5063,#5064,#5065,#5066));
#5063=ORIENTED_EDGE('',*,*,#957,.F.);
#5064=ORIENTED_EDGE('',*,*,#4949,.F.);
#5065=ORIENTED_EDGE('',*,*,#4865,.F.);
#5066=ORIENTED_EDGE('',*,*,#5048,.F.);
#5067=PLANE('',#5068);
#5068=AXIS2_PLACEMENT_3D('',#5069,#5070,#5071);
#5069=CARTESIAN_POINT('',(0.041164735,-0.50870744,0.191227671));
#5070=DIRECTION('',(1.0,0.0,0.0));
#5071=DIRECTION('',(0.0,0.0,-1.0));
#5072=ADVANCED_FACE('',(#5073),#5098,.T.);
#5073=FACE_BOUND('',#5074,.T.);
#5074=EDGE_LOOP('',(#5075,#5085,#5091,#5092));
#5075=ORIENTED_EDGE('',*,*,#5076,.T.);
#5076=EDGE_CURVE('',#5077,#5079,#5081,.F.);
#5077=VERTEX_POINT('',#5078);
#5078=CARTESIAN_POINT('',(0.043790124,-0.49839485,0.209048615));
#5079=VERTEX_POINT('',#5080);
#5080=CARTESIAN_POINT('',(0.046862608,-0.49839485,0.209048615));
#5081=LINE('',#5082,#5083);
#5082=CARTESIAN_POINT('',(0.046862608,-0.49839485,0.209048615));
#5083=VECTOR('',#5084,1.0);
#5084=DIRECTION('',(-1.0,0.0,0.0));
#5085=ORIENTED_EDGE('',*,*,#5086,.T.);
#5086=EDGE_CURVE('',#5079,#4884,#5087,.F.);
#5087=LINE('',#5088,#5089);
#5088=CARTESIAN_POINT('',(0.046862608,-0.508393327,0.209223139));
#5089=VECTOR('',#5090,1.0);
#5090=DIRECTION('',(0.0,0.999847695,-0.017452406));
#5091=ORIENTED_EDGE('',*,*,#4883,.F.);
#5092=ORIENTED_EDGE('',*,*,#5093,.T.);
#5093=EDGE_CURVE('',#4876,#5077,#5094,.T.);
#5094=LINE('',#5095,#5096);
#5095=CARTESIAN_POINT('',(0.043790124,-0.508393327,0.209223139));
#5096=VECTOR('',#5097,1.0);
#5097=DIRECTION('',(0.0,0.999847695,-0.017452406));
#5098=PLANE('',#5099);
#5099=AXIS2_PLACEMENT_3D('',#5100,#5101,#5102);
#5100=CARTESIAN_POINT('',(0.046862608,-0.508393327,0.209223139));
#5101=DIRECTION('',(0.0,-0.017452406,-0.999847695));
#5102=DIRECTION('',(0.0,0.999847695,-0.017452406));
#5103=ADVANCED_FACE('',(#5104),#5122,.T.);
#5104=FACE_BOUND('',#5105,.T.);
#5105=EDGE_LOOP('',(#5106,#5114,#5115,#5116));
#5106=ORIENTED_EDGE('',*,*,#5107,.T.);
#5107=EDGE_CURVE('',#5108,#5077,#5110,.F.);
#5108=VERTEX_POINT('',#5109);
#5109=CARTESIAN_POINT('',(0.043790124,-0.498668496,0.193371454));
#5110=LINE('',#5111,#5112);
#5111=CARTESIAN_POINT('',(0.043790124,-0.49839485,0.209048615));
#5112=VECTOR('',#5113,1.0);
#5113=DIRECTION('',(0.0,-0.017452406,-0.999847695));
#5114=ORIENTED_EDGE('',*,*,#5093,.F.);
#5115=ORIENTED_EDGE('',*,*,#4873,.F.);
#5116=ORIENTED_EDGE('',*,*,#5117,.T.);
#5117=EDGE_CURVE('',#4874,#5108,#5118,.T.);
#5118=LINE('',#5119,#5120);
#5119=CARTESIAN_POINT('',(0.043790124,-0.508666973,0.193545978));
#5120=VECTOR('',#5121,1.0);
#5121=DIRECTION('',(0.0,0.999847695,-0.017452406));
#5122=PLANE('',#5123);
#5123=AXIS2_PLACEMENT_3D('',#5124,#5125,#5126);
#5124=CARTESIAN_POINT('',(0.043790124,-0.508393327,0.209223139));
#5125=DIRECTION('',(1.0,0.0,0.0));
#5126=DIRECTION('',(0.0,0.0,-1.0));
#5127=ADVANCED_FACE('',(#5128),#5146,.T.);
#5128=FACE_BOUND('',#5129,.T.);
#5129=EDGE_LOOP('',(#5130,#5138,#5139,#5140));
#5130=ORIENTED_EDGE('',*,*,#5131,.T.);
#5131=EDGE_CURVE('',#5132,#5108,#5134,.F.);
#5132=VERTEX_POINT('',#5133);
#5133=CARTESIAN_POINT('',(0.046743036,-0.498668496,0.193371454));
#5134=LINE('',#5135,#5136);
#5135=CARTESIAN_POINT('',(0.043790124,-0.498668496,0.193371454));
#5136=VECTOR('',#5137,1.0);
#5137=DIRECTION('',(1.0,0.0,0.0));
#5138=ORIENTED_EDGE('',*,*,#5117,.F.);
#5139=ORIENTED_EDGE('',*,*,#4927,.F.);
#5140=ORIENTED_EDGE('',*,*,#5141,.T.);
#5141=EDGE_CURVE('',#4919,#5132,#5142,.T.);
#5142=LINE('',#5143,#5144);
#5143=CARTESIAN_POINT('',(0.046743036,-0.508666973,0.193545978));
#5144=VECTOR('',#5145,1.0);
#5145=DIRECTION('',(0.0,0.999847695,-0.017452406));
#5146=PLANE('',#5147);
#5147=AXIS2_PLACEMENT_3D('',#5148,#5149,#5150);
#5148=CARTESIAN_POINT('',(0.043790124,-0.508666973,0.193545978));
#5149=DIRECTION('',(0.0,0.017452406,0.999847695));
#5150=DIRECTION('',(0.0,-0.999847695,0.017452406));
#5151=ADVANCED_FACE('',(#5152),#5171,.T.);
#5152=FACE_BOUND('',#5153,.T.);
#5153=EDGE_LOOP('',(#5154,#5163,#5164,#5165));
#5154=ORIENTED_EDGE('',*,*,#5155,.T.);
#5155=EDGE_CURVE('',#5156,#5132,#5158,.F.);
#5156=VERTEX_POINT('',#5157);
#5157=CARTESIAN_POINT('',(0.052789228,-0.498631478,0.195492237));
#5158=B_SPLINE_CURVE_WITH_KNOTS('',3,(#5159,#5160,#5161,#5162),.UNSPECIFIED.,.F.,.U.,(4,4),(2.0,3.0),.PIECEWISE_BEZIER_KNOTS.);
#5159=CARTESIAN_POINT('',(0.046743036,-0.498668496,0.193371454));
#5160=CARTESIAN_POINT('',(0.049326834,-0.498668496,0.193371454));
#5161=CARTESIAN_POINT('',(0.051343965,-0.498656157,0.194078382));
#5162=CARTESIAN_POINT('',(0.052789228,-0.498631478,0.195492237));
#5163=ORIENTED_EDGE('',*,*,#5141,.F.);
#5164=ORIENTED_EDGE('',*,*,#4918,.F.);
#5165=ORIENTED_EDGE('',*,*,#5166,.T.);
#5166=EDGE_CURVE('',#4910,#5156,#5167,.T.);
#5167=LINE('',#5168,#5169);
#5168=CARTESIAN_POINT('',(0.052789228,-0.508629955,0.195666761));
#5169=VECTOR('',#5170,1.0);
#5170=DIRECTION('',(0.0,0.999847695,-0.017452406));
#5171=B_SPLINE_SURFACE_WITH_KNOTS('',3,1,((#5172,#5173),(#5174,#5175),(#5176,#5177),(#5178,#5179)),.UNSPECIFIED.,.F.,.F.,.U.,(4,4),(2,2),(2.0,3.0),(0.0,1.0),.PIECEWISE_BEZIER_KNOTS.);
#5172=CARTESIAN_POINT('',(0.046743036,-0.508666973,0.193545978));
#5173=CARTESIAN_POINT('',(0.046743036,-0.498668496,0.193371454));
#5174=CARTESIAN_POINT('',(0.049326834,-0.508666973,0.193545978));
#5175=CARTESIAN_POINT('',(0.049326834,-0.498668496,0.193371454));
#5176=CARTESIAN_POINT('',(0.051343965,-0.508654634,0.194252906));
#5177=CARTESIAN_POINT('',(0.051343965,-0.498656157,0.194078382));
#5178=CARTESIAN_POINT('',(0.052789228,-0.508629955,0.195666761));
#5179=CARTESIAN_POINT('',(0.052789228,-0.498631478,0.195492237));
#5180=ADVANCED_FACE('',(#5181),#5200,.T.);
#5181=FACE_BOUND('',#5182,.T.);
#5182=EDGE_LOOP('',(#5183,#5192,#5193,#5194));
#5183=ORIENTED_EDGE('',*,*,#5184,.T.);
#5184=EDGE_CURVE('',#5185,#5156,#5187,.F.);
#5185=VERTEX_POINT('',#5186);
#5186=CARTESIAN_POINT('',(0.054962322,-0.498528226,0.201407559));
#5187=B_SPLINE_CURVE_WITH_KNOTS('',3,(#5188,#5189,#5190,#5191),.UNSPECIFIED.,.F.,.U.,(4,4),(3.0,4.0),.PIECEWISE_BEZIER_KNOTS.);
#5188=CARTESIAN_POINT('',(0.052789228,-0.498631478,0.195492237));
#5189=CARTESIAN_POINT('',(0.054239691,-0.49860698,0.196895697));
#5190=CARTESIAN_POINT('',(0.054962322,-0.498572503,0.198870936));
#5191=CARTESIAN_POINT('',(0.054962322,-0.498528226,0.201407559));
#5192=ORIENTED_EDGE('',*,*,#5166,.F.);
#5193=ORIENTED_EDGE('',*,*,#4909,.F.);
#5194=ORIENTED_EDGE('',*,*,#5195,.T.);
#5195=EDGE_CURVE('',#4901,#5185,#5196,.T.);
#5196=LINE('',#5197,#5198);
#5197=CARTESIAN_POINT('',(0.054962322,-0.508526703,0.201582083));
#5198=VECTOR('',#5199,1.0);
#5199=DIRECTION('',(0.0,0.999847695,-0.017452406));
#5200=B_SPLINE_SURFACE_WITH_KNOTS('',3,1,((#5201,#5202),(#5203,#5204),(#5205,#5206),(#5207,#5208)),.UNSPECIFIED.,.F.,.F.,.U.,(4,4),(2,2),(3.0,4.0),(0.0,1.0),.PIECEWISE_BEZIER_KNOTS.);
#5201=CARTESIAN_POINT('',(0.052789228,-0.508629955,0.195666761));
#5202=CARTESIAN_POINT('',(0.052789228,-0.498631478,0.195492237));
#5203=CARTESIAN_POINT('',(0.054239691,-0.508605457,0.197070221));
#5204=CARTESIAN_POINT('',(0.054239691,-0.49860698,0.196895697));
#5205=CARTESIAN_POINT('',(0.054962322,-0.508570979,0.19904546));
#5206=CARTESIAN_POINT('',(0.054962322,-0.498572503,0.198870936));
#5207=CARTESIAN_POINT('',(0.054962322,-0.508526703,0.201582083));
#5208=CARTESIAN_POINT('',(0.054962322,-0.498528226,0.201407559));
#5209=ADVANCED_FACE('',(#5210),#5229,.T.);
#5210=FACE_BOUND('',#5211,.T.);
#5211=EDGE_LOOP('',(#5212,#5221,#5222,#5223));
#5212=ORIENTED_EDGE('',*,*,#5213,.T.);
#5213=EDGE_CURVE('',#5214,#5185,#5216,.F.);
#5214=VERTEX_POINT('',#5215);
#5215=CARTESIAN_POINT('',(0.052732042,-0.49842824,0.207135752));
#5216=B_SPLINE_CURVE_WITH_KNOTS('',3,(#5217,#5218,#5219,#5220),.UNSPECIFIED.,.F.,.U.,(4,4),(4.0,5.0),.PIECEWISE_BEZIER_KNOTS.);
#5217=CARTESIAN_POINT('',(0.054962322,-0.498528226,0.201407559));
#5218=CARTESIAN_POINT('',(0.054962322,-0.498483949,0.203944182));
#5219=CARTESIAN_POINT('',(0.054218895,-0.49845056,0.205857045));
#5220=CARTESIAN_POINT('',(0.052732042,-0.49842824,0.207135752));
#5221=ORIENTED_EDGE('',*,*,#5195,.F.);
#5222=ORIENTED_EDGE('',*,*,#4900,.F.);
#5223=ORIENTED_EDGE('',*,*,#5224,.T.);
#5224=EDGE_CURVE('',#4892,#5214,#5225,.T.);
#5225=LINE('',#5226,#5227);
#5226=CARTESIAN_POINT('',(0.052732042,-0.508426717,0.207310276));
#5227=VECTOR('',#5228,1.0);
#5228=DIRECTION('',(0.0,0.999847695,-0.017452406));
#5229=B_SPLINE_SURFACE_WITH_KNOTS('',3,1,((#5230,#5231),(#5232,#5233),(#5234,#5235),(#5236,#5237)),.UNSPECIFIED.,.F.,.F.,.U.,(4,4),(2,2),(4.0,5.0),(0.0,1.0),.PIECEWISE_BEZIER_KNOTS.);
#5230=CARTESIAN_POINT('',(0.054962322,-0.508526703,0.201582083));
#5231=CARTESIAN_POINT('',(0.054962322,-0.498528226,0.201407559));
#5232=CARTESIAN_POINT('',(0.054962322,-0.508482426,0.204118706));
#5233=CARTESIAN_POINT('',(0.054962322,-0.498483949,0.203944182));
#5234=CARTESIAN_POINT('',(0.054218895,-0.508449037,0.206031569));
#5235=CARTESIAN_POINT('',(0.054218895,-0.49845056,0.205857045));
#5236=CARTESIAN_POINT('',(0.052732042,-0.508426717,0.207310276));
#5237=CARTESIAN_POINT('',(0.052732042,-0.49842824,0.207135752));
#5238=ADVANCED_FACE('',(#5239),#5251,.T.);
#5239=FACE_BOUND('',#5240,.T.);
#5240=EDGE_LOOP('',(#5241,#5248,#5249,#5250));
#5241=ORIENTED_EDGE('',*,*,#5242,.T.);
#5242=EDGE_CURVE('',#5079,#5214,#5243,.F.);
#5243=B_SPLINE_CURVE_WITH_KNOTS('',3,(#5244,#5245,#5246,#5247),.UNSPECIFIED.,.F.,.U.,(4,4),(5.0,6.0),.PIECEWISE_BEZIER_KNOTS.);
#5244=CARTESIAN_POINT('',(0.052732042,-0.49842824,0.207135752));
#5245=CARTESIAN_POINT('',(0.051245188,-0.49840592,0.20841446));
#5246=CARTESIAN_POINT('',(0.049285244,-0.49839485,0.209048615));
#5247=CARTESIAN_POINT('',(0.046862608,-0.49839485,0.209048615));
#5248=ORIENTED_EDGE('',*,*,#5224,.F.);
#5249=ORIENTED_EDGE('',*,*,#4891,.F.);
#5250=ORIENTED_EDGE('',*,*,#5086,.F.);
#5251=B_SPLINE_SURFACE_WITH_KNOTS('',3,1,((#5252,#5253),(#5254,#5255),(#5256,#5257),(#5258,#5259)),.UNSPECIFIED.,.F.,.F.,.U.,(4,4),(2,2),(5.0,6.0),(0.0,1.0),.PIECEWISE_BEZIER_KNOTS.);
#5252=CARTESIAN_POINT('',(0.052732042,-0.508426717,0.207310276));
#5253=CARTESIAN_POINT('',(0.052732042,-0.49842824,0.207135752));
#5254=CARTESIAN_POINT('',(0.051245188,-0.508404397,0.208588984));
#5255=CARTESIAN_POINT('',(0.051245188,-0.49840592,0.20841446));
#5256=CARTESIAN_POINT('',(0.049285244,-0.508393327,0.209223139));
#5257=CARTESIAN_POINT('',(0.049285244,-0.49839485,0.209048615));
#5258=CARTESIAN_POINT('',(0.046862608,-0.508393327,0.209223139));
#5259=CARTESIAN_POINT('',(0.046862608,-0.49839485,0.209048615));
#5260=ADVANCED_FACE('',(#5261),#5270,.T.);
#5261=FACE_BOUND('',#5262,.T.);
#5262=EDGE_LOOP('',(#5263,#5264,#5265,#5266,#5267,#5268,#5269));
#5263=ORIENTED_EDGE('',*,*,#5242,.F.);
#5264=ORIENTED_EDGE('',*,*,#5076,.F.);
#5265=ORIENTED_EDGE('',*,*,#5107,.F.);
#5266=ORIENTED_EDGE('',*,*,#5131,.F.);
#5267=ORIENTED_EDGE('',*,*,#5155,.F.);
#5268=ORIENTED_EDGE('',*,*,#5184,.F.);
#5269=ORIENTED_EDGE('',*,*,#5213,.F.);
#5270=PLANE('',#5271);
#5271=AXIS2_PLACEMENT_3D('',#5272,#5273,#5274);
#5272=CARTESIAN_POINT('',(-0.5000508,-0.4999492,0.119999997));
#5273=DIRECTION('',(0.0,-0.999847695,0.017452406));
#5274=DIRECTION('',(0.0,-0.017452406,-0.999847695));
#5275=ADVANCED_FACE('',(#5276,#5342),#5394,.F.);
#5276=FACE_BOUND('',#5277,.T.);
#5277=EDGE_LOOP('',(#5278,#5288,#5296,#5304,#5312,#5320,#5328,#5336));
#5278=ORIENTED_EDGE('',*,*,#5279,.T.);
#5279=EDGE_CURVE('',#5280,#5282,#5284,.T.);
#5280=VERTEX_POINT('',#5281);
#5281=CARTESIAN_POINT('',(0.077150756,-0.50870744,0.191227671));
#5282=VERTEX_POINT('',#5283);
#5283=CARTESIAN_POINT('',(0.06940456,-0.508352498,0.211562238));
#5284=LINE('',#5285,#5286);
#5285=CARTESIAN_POINT('',(0.06940456,-0.508352498,0.211562238));
#5286=VECTOR('',#5287,1.0);
#5287=DIRECTION('',(-0.355935724,0.016309456,0.934368108));
#5288=ORIENTED_EDGE('',*,*,#5289,.T.);
#5289=EDGE_CURVE('',#5282,#5290,#5292,.T.);
#5290=VERTEX_POINT('',#5291);
#5291=CARTESIAN_POINT('',(0.066597213,-0.508352498,0.211562238));
#5292=LINE('',#5293,#5294);
#5293=CARTESIAN_POINT('',(0.066597213,-0.508352498,0.211562238));
#5294=VECTOR('',#5295,1.0);
#5295=DIRECTION('',(-1.0,0.0,0.0));
#5296=ORIENTED_EDGE('',*,*,#5297,.T.);
#5297=EDGE_CURVE('',#5290,#5298,#5300,.T.);
#5298=VERTEX_POINT('',#5299);
#5299=CARTESIAN_POINT('',(0.058851017,-0.50870744,0.191227671));
#5300=LINE('',#5301,#5302);
#5301=CARTESIAN_POINT('',(0.058851017,-0.50870744,0.191227671));
#5302=VECTOR('',#5303,1.0);
#5303=DIRECTION('',(-0.355935724,-0.016309456,-0.934368108));
#5304=ORIENTED_EDGE('',*,*,#5305,.T.);
#5305=EDGE_CURVE('',#5298,#5306,#5308,.T.);
#5306=VERTEX_POINT('',#5307);
#5307=CARTESIAN_POINT('',(0.061751942,-0.50870744,0.191227671));
#5308=LINE('',#5309,#5310);
#5309=CARTESIAN_POINT('',(0.061751942,-0.50870744,0.191227671));
#5310=VECTOR('',#5311,1.0);
#5311=DIRECTION('',(1.0,0.0,0.0));
#5312=ORIENTED_EDGE('',*,*,#5313,.T.);
#5313=EDGE_CURVE('',#5306,#5314,#5316,.T.);
#5314=VERTEX_POINT('',#5315);
#5315=CARTESIAN_POINT('',(0.063706686,-0.508610357,0.196789529));
#5316=LINE('',#5317,#5318);
#5317=CARTESIAN_POINT('',(0.063706686,-0.508610357,0.196789529));
#5318=VECTOR('',#5319,1.0);
#5319=DIRECTION('',(0.331528418,0.01646539,0.943301542));
#5320=ORIENTED_EDGE('',*,*,#5321,.T.);
#5321=EDGE_CURVE('',#5314,#5322,#5324,.T.);
#5322=VERTEX_POINT('',#5323);
#5323=CARTESIAN_POINT('',(0.072175515,-0.508610357,0.196789529));
#5324=LINE('',#5325,#5326);
#5325=CARTESIAN_POINT('',(0.072175515,-0.508610357,0.196789529));
#5326=VECTOR('',#5327,1.0);
#5327=DIRECTION('',(1.0,0.0,0.0));
#5328=ORIENTED_EDGE('',*,*,#5329,.T.);
#5329=EDGE_CURVE('',#5322,#5330,#5332,.T.);
#5330=VERTEX_POINT('',#5331);
#5331=CARTESIAN_POINT('',(0.074249832,-0.50870744,0.191227671));
#5332=LINE('',#5333,#5334);
#5333=CARTESIAN_POINT('',(0.074249832,-0.50870744,0.191227671));
#5334=VECTOR('',#5335,1.0);
#5335=DIRECTION('',(0.349395479,-0.016352475,-0.93683264));
#5336=ORIENTED_EDGE('',*,*,#5337,.T.);
#5337=EDGE_CURVE('',#5330,#5280,#5338,.T.);
#5338=LINE('',#5339,#5340);
#5339=CARTESIAN_POINT('',(0.077150756,-0.50870744,0.191227671));
#5340=VECTOR('',#5341,1.0);
#5341=DIRECTION('',(1.0,0.0,0.0));
#5342=FACE_BOUND('',#5343,.T.);
#5343=EDGE_LOOP('',(#5344,#5354,#5362,#5371,#5379,#5388));
#5344=ORIENTED_EDGE('',*,*,#5345,.T.);
#5345=EDGE_CURVE('',#5346,#5348,#5350,.F.);
#5346=VERTEX_POINT('',#5347);
#5347=CARTESIAN_POINT('',(0.071364503,-0.508570254,0.199087044));
#5348=VERTEX_POINT('',#5349);
#5349=CARTESIAN_POINT('',(0.064538493,-0.508570254,0.199087044));
#5350=LINE('',#5351,#5352);
#5351=CARTESIAN_POINT('',(0.064538493,-0.508570254,0.199087044));
#5352=VECTOR('',#5353,1.0);
#5353=DIRECTION('',(1.0,0.0,0.0));
#5354=ORIENTED_EDGE('',*,*,#5355,.T.);
#5355=EDGE_CURVE('',#5348,#5356,#5358,.F.);
#5356=VERTEX_POINT('',#5357);
#5357=CARTESIAN_POINT('',(0.067579785,-0.508422724,0.207538988));
#5358=LINE('',#5359,#5360);
#5359=CARTESIAN_POINT('',(0.067579785,-0.508422724,0.207538988));
#5360=VECTOR('',#5361,1.0);
#5361=DIRECTION('',(-0.338535034,-0.016421908,-0.940810476));
#5362=ORIENTED_EDGE('',*,*,#5363,.T.);
#5363=EDGE_CURVE('',#5356,#5364,#5366,.F.);
#5364=VERTEX_POINT('',#5365);
#5365=CARTESIAN_POINT('',(0.067912507,-0.508397864,0.20896324));
#5366=B_SPLINE_CURVE_WITH_KNOTS('',3,(#5367,#5368,#5369,#5370),.UNSPECIFIED.,.F.,.U.,(4,4),(3.0,4.0),.PIECEWISE_BEZIER_KNOTS.);
#5367=CARTESIAN_POINT('',(0.067912507,-0.508397864,0.20896324));
#5368=CARTESIAN_POINT('',(0.06781373,-0.50840857,0.208349876));
#5369=CARTESIAN_POINT('',(0.067704556,-0.508416918,0.20787166));
#5370=CARTESIAN_POINT('',(0.067579785,-0.508422724,0.207538988));
#5371=ORIENTED_EDGE('',*,*,#5372,.T.);
#5372=EDGE_CURVE('',#5364,#5373,#5375,.F.);
#5373=VERTEX_POINT('',#5374);
#5374=CARTESIAN_POINT('',(0.067974893,-0.508397864,0.20896324));
#5375=LINE('',#5376,#5377);
#5376=CARTESIAN_POINT('',(0.067974893,-0.508397864,0.20896324));
#5377=VECTOR('',#5378,1.0);
#5378=DIRECTION('',(-1.0,0.0,0.0));
#5379=ORIENTED_EDGE('',*,*,#5380,.T.);
#5380=EDGE_CURVE('',#5373,#5381,#5383,.F.);
#5381=VERTEX_POINT('',#5382);
#5382=CARTESIAN_POINT('',(0.068292019,-0.508422724,0.207538988));
#5383=B_SPLINE_CURVE_WITH_KNOTS('',3,(#5384,#5385,#5386,#5387),.UNSPECIFIED.,.F.,.U.,(4,4),(1.0,2.0),.PIECEWISE_BEZIER_KNOTS.);
#5384=CARTESIAN_POINT('',(0.068292019,-0.508422724,0.207538988));
#5385=CARTESIAN_POINT('',(0.068193242,-0.508417825,0.20781968));
#5386=CARTESIAN_POINT('',(0.068089266,-0.508409659,0.2082875));
#5387=CARTESIAN_POINT('',(0.067974893,-0.508397864,0.20896324));
#5388=ORIENTED_EDGE('',*,*,#5389,.T.);
#5389=EDGE_CURVE('',#5381,#5346,#5390,.F.);
#5390=LINE('',#5391,#5392);
#5391=CARTESIAN_POINT('',(0.071364503,-0.508570254,0.199087044));
#5392=VECTOR('',#5393,1.0);
#5393=DIRECTION('',(-0.341603831,0.01640254,0.939700899));
#5394=PLANE('',#5395);
#5395=AXIS2_PLACEMENT_3D('',#5396,#5397,#5398);
#5396=CARTESIAN_POINT('',(-5.08001016E-05,-0.509795384,0.128899396));
#5397=DIRECTION('',(0.0,0.999847695,-0.017452406));
#5398=DIRECTION('',(0.0,0.017452406,0.999847695));
#5399=ADVANCED_FACE('',(#5400),#5416,.F.);
#5400=FACE_BOUND('',#5401,.T.);
#5401=EDGE_LOOP('',(#5402,#5403,#5409,#5410));
#5402=ORIENTED_EDGE('',*,*,#881,.F.);
#5403=ORIENTED_EDGE('',*,*,#5404,.T.);
#5404=EDGE_CURVE('',#882,#5282,#5405,.F.);
#5405=LINE('',#5406,#5407);
#5406=CARTESIAN_POINT('',(0.06940456,-0.508352498,0.211562238));
#5407=VECTOR('',#5408,1.0);
#5408=DIRECTION('',(0.0,0.999847695,-0.017452406));
#5409=ORIENTED_EDGE('',*,*,#5279,.F.);
#5410=ORIENTED_EDGE('',*,*,#5411,.T.);
#5411=EDGE_CURVE('',#5280,#884,#5412,.T.);
#5412=LINE('',#5413,#5414);
#5413=CARTESIAN_POINT('',(0.077150756,-0.50870744,0.191227671));
#5414=VECTOR('',#5415,1.0);
#5415=DIRECTION('',(0.0,0.999847695,-0.017452406));
#5416=PLANE('',#5417);
#5417=AXIS2_PLACEMENT_3D('',#5418,#5419,#5420);
#5418=CARTESIAN_POINT('',(0.06940456,-0.508352498,0.211562238));
#5419=DIRECTION('',(-0.934510439,-0.006211935,-0.355881514));
#5420=DIRECTION('',(-0.35588838,2.610758831E-15,0.93452847));
#5421=ADVANCED_FACE('',(#5422),#5433,.F.);
#5422=FACE_BOUND('',#5423,.T.);
#5423=EDGE_LOOP('',(#5424,#5425,#5431,#5432));
#5424=ORIENTED_EDGE('',*,*,#939,.F.);
#5425=ORIENTED_EDGE('',*,*,#5426,.T.);
#5426=EDGE_CURVE('',#932,#5290,#5427,.F.);
#5427=LINE('',#5428,#5429);
#5428=CARTESIAN_POINT('',(0.066597213,-0.508352498,0.211562238));
#5429=VECTOR('',#5430,1.0);
#5430=DIRECTION('',(0.0,0.999847695,-0.017452406));
#5431=ORIENTED_EDGE('',*,*,#5289,.F.);
#5432=ORIENTED_EDGE('',*,*,#5404,.F.);
#5433=PLANE('',#5434);
#5434=AXIS2_PLACEMENT_3D('',#5435,#5436,#5437);
#5435=CARTESIAN_POINT('',(0.066597213,-0.508352498,0.211562238));
#5436=DIRECTION('',(0.0,-0.017452406,-0.999847695));
#5437=DIRECTION('',(0.0,0.999847695,-0.017452406));
#5438=ADVANCED_FACE('',(#5439),#5450,.F.);
#5439=FACE_BOUND('',#5440,.T.);
#5440=EDGE_LOOP('',(#5441,#5442,#5448,#5449));
#5441=ORIENTED_EDGE('',*,*,#931,.F.);
#5442=ORIENTED_EDGE('',*,*,#5443,.T.);
#5443=EDGE_CURVE('',#924,#5298,#5444,.F.);
#5444=LINE('',#5445,#5446);
#5445=CARTESIAN_POINT('',(0.058851017,-0.50870744,0.191227671));
#5446=VECTOR('',#5447,1.0);
#5447=DIRECTION('',(0.0,0.999847695,-0.017452406));
#5448=ORIENTED_EDGE('',*,*,#5297,.F.);
#5449=ORIENTED_EDGE('',*,*,#5426,.F.);
#5450=PLANE('',#5451);
#5451=AXIS2_PLACEMENT_3D('',#5452,#5453,#5454);
#5452=CARTESIAN_POINT('',(0.058851017,-0.50870744,0.191227671));
#5453=DIRECTION('',(0.934510439,-0.006211935,-0.355881514));
#5454=DIRECTION('',(-0.35588838,-2.611626193E-15,-0.93452847));
#5455=ADVANCED_FACE('',(#5456),#5467,.F.);
#5456=FACE_BOUND('',#5457,.T.);
#5457=EDGE_LOOP('',(#5458,#5459,#5465,#5466));
#5458=ORIENTED_EDGE('',*,*,#923,.F.);
#5459=ORIENTED_EDGE('',*,*,#5460,.T.);
#5460=EDGE_CURVE('',#916,#5306,#5461,.F.);
#5461=LINE('',#5462,#5463);
#5462=CARTESIAN_POINT('',(0.061751942,-0.50870744,0.191227671));
#5463=VECTOR('',#5464,1.0);
#5464=DIRECTION('',(0.0,0.999847695,-0.017452406));
#5465=ORIENTED_EDGE('',*,*,#5305,.F.);
#5466=ORIENTED_EDGE('',*,*,#5443,.F.);
#5467=PLANE('',#5468);
#5468=AXIS2_PLACEMENT_3D('',#5469,#5470,#5471);
#5469=CARTESIAN_POINT('',(0.061751942,-0.50870744,0.191227671));
#5470=DIRECTION('',(0.0,0.017452406,0.999847695));
#5471=DIRECTION('',(0.0,-0.999847695,0.017452406));
#5472=ADVANCED_FACE('',(#5473),#5484,.F.);
#5473=FACE_BOUND('',#5474,.T.);
#5474=EDGE_LOOP('',(#5475,#5476,#5482,#5483));
#5475=ORIENTED_EDGE('',*,*,#915,.F.);
#5476=ORIENTED_EDGE('',*,*,#5477,.T.);
#5477=EDGE_CURVE('',#908,#5314,#5478,.F.);
#5478=LINE('',#5479,#5480);
#5479=CARTESIAN_POINT('',(0.063706686,-0.508610357,0.196789529));
#5480=VECTOR('',#5481,1.0);
#5481=DIRECTION('',(0.0,0.999847695,-0.017452406));
#5482=ORIENTED_EDGE('',*,*,#5313,.F.);
#5483=ORIENTED_EDGE('',*,*,#5460,.F.);
#5484=PLANE('',#5485);
#5485=AXIS2_PLACEMENT_3D('',#5486,#5487,#5488);
#5486=CARTESIAN_POINT('',(0.063706686,-0.508610357,0.196789529));
#5487=DIRECTION('',(-0.943445233,0.005785969,0.331477925));
#5488=DIRECTION('',(0.331483474,1.38235777E-15,0.943461026));
#5489=ADVANCED_FACE('',(#5490),#5501,.F.);
#5490=FACE_BOUND('',#5491,.T.);
#5491=EDGE_LOOP('',(#5492,#5493,#5499,#5500));
#5492=ORIENTED_EDGE('',*,*,#907,.F.);
#5493=ORIENTED_EDGE('',*,*,#5494,.T.);
#5494=EDGE_CURVE('',#900,#5322,#5495,.F.);
#5495=LINE('',#5496,#5497);
#5496=CARTESIAN_POINT('',(0.072175515,-0.508610357,0.196789529));
#5497=VECTOR('',#5498,1.0);
#5498=DIRECTION('',(0.0,0.999847695,-0.017452406));
#5499=ORIENTED_EDGE('',*,*,#5321,.F.);
#5500=ORIENTED_EDGE('',*,*,#5477,.F.);
#5501=PLANE('',#5502);
#5502=AXIS2_PLACEMENT_3D('',#5503,#5504,#5505);
#5503=CARTESIAN_POINT('',(0.072175515,-0.508610357,0.196789529));
#5504=DIRECTION('',(0.0,0.017452406,0.999847695));
#5505=DIRECTION('',(0.0,-0.999847695,0.017452406));
#5506=ADVANCED_FACE('',(#5507),#5518,.F.);
#5507=FACE_BOUND('',#5508,.T.);
#5508=EDGE_LOOP('',(#5509,#5510,#5516,#5517));
#5509=ORIENTED_EDGE('',*,*,#899,.F.);
#5510=ORIENTED_EDGE('',*,*,#5511,.T.);
#5511=EDGE_CURVE('',#892,#5330,#5512,.F.);
#5512=LINE('',#5513,#5514);
#5513=CARTESIAN_POINT('',(0.074249832,-0.50870744,0.191227671));
#5514=VECTOR('',#5515,1.0);
#5515=DIRECTION('',(0.0,0.999847695,-0.017452406));
#5516=ORIENTED_EDGE('',*,*,#5329,.F.);
#5517=ORIENTED_EDGE('',*,*,#5494,.F.);
#5518=PLANE('',#5519);
#5519=AXIS2_PLACEMENT_3D('',#5520,#5521,#5522);
#5520=CARTESIAN_POINT('',(0.074249832,-0.50870744,0.191227671));
#5521=DIRECTION('',(0.936975346,0.006097792,0.349342265));
#5522=DIRECTION('',(0.34934876,-3.305081903E-15,-0.936992766));
#5523=ADVANCED_FACE('',(#5524),#5530,.F.);
#5524=FACE_BOUND('',#5525,.T.);
#5525=EDGE_LOOP('',(#5526,#5527,#5528,#5529));
#5526=ORIENTED_EDGE('',*,*,#891,.F.);
#5527=ORIENTED_EDGE('',*,*,#5411,.F.);
#5528=ORIENTED_EDGE('',*,*,#5337,.F.);
#5529=ORIENTED_EDGE('',*,*,#5511,.F.);
#5530=PLANE('',#5531);
#5531=AXIS2_PLACEMENT_3D('',#5532,#5533,#5534);
#5532=CARTESIAN_POINT('',(0.077150756,-0.50870744,0.191227671));
#5533=DIRECTION('',(0.0,0.017452406,0.999847695));
#5534=DIRECTION('',(0.0,-0.999847695,0.017452406));
#5535=ADVANCED_FACE('',(#5536),#5561,.T.);
#5536=FACE_BOUND('',#5537,.T.);
#5537=EDGE_LOOP('',(#5538,#5548,#5554,#5555));
#5538=ORIENTED_EDGE('',*,*,#5539,.T.);
#5539=EDGE_CURVE('',#5540,#5542,#5544,.F.);
#5540=VERTEX_POINT('',#5541);
#5541=CARTESIAN_POINT('',(0.071364503,-0.498571777,0.19891252));
#5542=VERTEX_POINT('',#5543);
#5543=CARTESIAN_POINT('',(0.064538493,-0.498571777,0.19891252));
#5544=LINE('',#5545,#5546);
#5545=CARTESIAN_POINT('',(0.064538493,-0.498571777,0.19891252));
#5546=VECTOR('',#5547,1.0);
#5547=DIRECTION('',(1.0,0.0,0.0));
#5548=ORIENTED_EDGE('',*,*,#5549,.T.);
#5549=EDGE_CURVE('',#5542,#5348,#5550,.F.);
#5550=LINE('',#5551,#5552);
#5551=CARTESIAN_POINT('',(0.064538493,-0.508570254,0.199087044));
#5552=VECTOR('',#5553,1.0);
#5553=DIRECTION('',(0.0,0.999847695,-0.017452406));
#5554=ORIENTED_EDGE('',*,*,#5345,.F.);
#5555=ORIENTED_EDGE('',*,*,#5556,.T.);
#5556=EDGE_CURVE('',#5346,#5540,#5557,.T.);
#5557=LINE('',#5558,#5559);
#5558=CARTESIAN_POINT('',(0.071364503,-0.508570254,0.199087044));
#5559=VECTOR('',#5560,1.0);
#5560=DIRECTION('',(0.0,0.999847695,-0.017452406));
#5561=PLANE('',#5562);
#5562=AXIS2_PLACEMENT_3D('',#5563,#5564,#5565);
#5563=CARTESIAN_POINT('',(0.064538493,-0.508570254,0.199087044));
#5564=DIRECTION('',(0.0,0.017452406,0.999847695));
#5565=DIRECTION('',(0.0,-0.999847695,0.017452406));
#5566=ADVANCED_FACE('',(#5567),#5585,.T.);
#5567=FACE_BOUND('',#5568,.T.);
#5568=EDGE_LOOP('',(#5569,#5577,#5578,#5579));
#5569=ORIENTED_EDGE('',*,*,#5570,.T.);
#5570=EDGE_CURVE('',#5571,#5540,#5573,.F.);
#5571=VERTEX_POINT('',#5572);
#5572=CARTESIAN_POINT('',(0.068292019,-0.498424247,0.207364464));
#5573=LINE('',#5574,#5575);
#5574=CARTESIAN_POINT('',(0.071364503,-0.498571777,0.19891252));
#5575=VECTOR('',#5576,1.0);
#5576=DIRECTION('',(-0.341603831,0.01640254,0.939700899));
#5577=ORIENTED_EDGE('',*,*,#5556,.F.);
#5578=ORIENTED_EDGE('',*,*,#5389,.F.);
#5579=ORIENTED_EDGE('',*,*,#5580,.T.);
#5580=EDGE_CURVE('',#5381,#5571,#5581,.T.);
#5581=LINE('',#5582,#5583);
#5582=CARTESIAN_POINT('',(0.068292019,-0.508422724,0.207538988));
#5583=VECTOR('',#5584,1.0);
#5584=DIRECTION('',(0.0,0.999847695,-0.017452406));
#5585=PLANE('',#5586);
#5586=AXIS2_PLACEMENT_3D('',#5587,#5588,#5589);
#5587=CARTESIAN_POINT('',(0.071364503,-0.508570254,0.199087044));
#5588=DIRECTION('',(-0.939844042,-0.005961809,-0.341551803));
#5589=DIRECTION('',(-0.341557873,-4.408799714E-15,0.939860745));
#5590=ADVANCED_FACE('',(#5591),#5610,.T.);
#5591=FACE_BOUND('',#5592,.T.);
#5592=EDGE_LOOP('',(#5593,#5602,#5603,#5604));
#5593=ORIENTED_EDGE('',*,*,#5594,.T.);
#5594=EDGE_CURVE('',#5595,#5571,#5597,.F.);
#5595=VERTEX_POINT('',#5596);
#5596=CARTESIAN_POINT('',(0.067974893,-0.498399387,0.208788715));
#5597=B_SPLINE_CURVE_WITH_KNOTS('',3,(#5598,#5599,#5600,#5601),.UNSPECIFIED.,.F.,.U.,(4,4),(1.0,2.0),.PIECEWISE_BEZIER_KNOTS.);
#5598=CARTESIAN_POINT('',(0.068292019,-0.498424247,0.207364464));
#5599=CARTESIAN_POINT('',(0.068193242,-0.498419348,0.207645156));
#5600=CARTESIAN_POINT('',(0.068089266,-0.498411182,0.208112976));
#5601=CARTESIAN_POINT('',(0.067974893,-0.498399387,0.208788715));
#5602=ORIENTED_EDGE('',*,*,#5580,.F.);
#5603=ORIENTED_EDGE('',*,*,#5380,.F.);
#5604=ORIENTED_EDGE('',*,*,#5605,.T.);
#5605=EDGE_CURVE('',#5373,#5595,#5606,.T.);
#5606=LINE('',#5607,#5608);
#5607=CARTESIAN_POINT('',(0.067974893,-0.508397864,0.20896324));
#5608=VECTOR('',#5609,1.0);
#5609=DIRECTION('',(0.0,0.999847695,-0.017452406));
#5610=B_SPLINE_SURFACE_WITH_KNOTS('',3,1,((#5611,#5612),(#5613,#5614),(#5615,#5616),(#5617,#5618)),.UNSPECIFIED.,.F.,.F.,.U.,(4,4),(2,2),(1.0,2.0),(0.0,1.0),.PIECEWISE_BEZIER_KNOTS.);
#5611=CARTESIAN_POINT('',(0.068292019,-0.508422724,0.207538988));
#5612=CARTESIAN_POINT('',(0.068292019,-0.498424247,0.207364464));
#5613=CARTESIAN_POINT('',(0.068193242,-0.508417825,0.20781968));
#5614=CARTESIAN_POINT('',(0.068193242,-0.498419348,0.207645156));
#5615=CARTESIAN_POINT('',(0.068089266,-0.508409659,0.2082875));
#5616=CARTESIAN_POINT('',(0.068089266,-0.498411182,0.208112976));
#5617=CARTESIAN_POINT('',(0.067974893,-0.508397864,0.20896324));
#5618=CARTESIAN_POINT('',(0.067974893,-0.498399387,0.208788715));
#5619=ADVANCED_FACE('',(#5620),#5638,.T.);
#5620=FACE_BOUND('',#5621,.T.);
#5621=EDGE_LOOP('',(#5622,#5630,#5631,#5632));
#5622=ORIENTED_EDGE('',*,*,#5623,.T.);
#5623=EDGE_CURVE('',#5624,#5595,#5626,.F.);
#5624=VERTEX_POINT('',#5625);
#5625=CARTESIAN_POINT('',(0.067912507,-0.498399387,0.208788715));
#5626=LINE('',#5627,#5628);
#5627=CARTESIAN_POINT('',(0.067974893,-0.498399387,0.208788715));
#5628=VECTOR('',#5629,1.0);
#5629=DIRECTION('',(-1.0,0.0,0.0));
#5630=ORIENTED_EDGE('',*,*,#5605,.F.);
#5631=ORIENTED_EDGE('',*,*,#5372,.F.);
#5632=ORIENTED_EDGE('',*,*,#5633,.T.);
#5633=EDGE_CURVE('',#5364,#5624,#5634,.T.);
#5634=LINE('',#5635,#5636);
#5635=CARTESIAN_POINT('',(0.067912507,-0.508397864,0.20896324));
#5636=VECTOR('',#5637,1.0);
#5637=DIRECTION('',(0.0,0.999847695,-0.017452406));
#5638=PLANE('',#5639);
#5639=AXIS2_PLACEMENT_3D('',#5640,#5641,#5642);
#5640=CARTESIAN_POINT('',(0.067974893,-0.508397864,0.20896324));
#5641=DIRECTION('',(0.0,-0.017452406,-0.999847695));
#5642=DIRECTION('',(0.0,0.999847695,-0.017452406));
#5643=ADVANCED_FACE('',(#5644),#5663,.T.);
#5644=FACE_BOUND('',#5645,.T.);
#5645=EDGE_LOOP('',(#5646,#5655,#5656,#5657));
#5646=ORIENTED_EDGE('',*,*,#5647,.T.);
#5647=EDGE_CURVE('',#5648,#5624,#5650,.F.);
#5648=VERTEX_POINT('',#5649);
#5649=CARTESIAN_POINT('',(0.067579785,-0.498424247,0.207364464));
#5650=B_SPLINE_CURVE_WITH_KNOTS('',3,(#5651,#5652,#5653,#5654),.UNSPECIFIED.,.F.,.U.,(4,4),(3.0,4.0),.PIECEWISE_BEZIER_KNOTS.);
#5651=CARTESIAN_POINT('',(0.067912507,-0.498399387,0.208788715));
#5652=CARTESIAN_POINT('',(0.06781373,-0.498410093,0.208175352));
#5653=CARTESIAN_POINT('',(0.067704556,-0.498418441,0.207697136));
#5654=CARTESIAN_POINT('',(0.067579785,-0.498424247,0.207364464));
#5655=ORIENTED_EDGE('',*,*,#5633,.F.);
#5656=ORIENTED_EDGE('',*,*,#5363,.F.);
#5657=ORIENTED_EDGE('',*,*,#5658,.T.);
#5658=EDGE_CURVE('',#5356,#5648,#5659,.T.);
#5659=LINE('',#5660,#5661);
#5660=CARTESIAN_POINT('',(0.067579785,-0.508422724,0.207538988));
#5661=VECTOR('',#5662,1.0);
#5662=DIRECTION('',(0.0,0.999847695,-0.017452406));
#5663=B_SPLINE_SURFACE_WITH_KNOTS('',3,1,((#5664,#5665),(#5666,#5667),(#5668,#5669),(#5670,#5671)),.UNSPECIFIED.,.F.,.F.,.U.,(4,4),(2,2),(3.0,4.0),(0.0,1.0),.PIECEWISE_BEZIER_KNOTS.);
#5664=CARTESIAN_POINT('',(0.067912507,-0.508397864,0.20896324));
#5665=CARTESIAN_POINT('',(0.067912507,-0.498399387,0.208788715));
#5666=CARTESIAN_POINT('',(0.06781373,-0.50840857,0.208349876));
#5667=CARTESIAN_POINT('',(0.06781373,-0.498410093,0.208175352));
#5668=CARTESIAN_POINT('',(0.067704556,-0.508416918,0.20787166));
#5669=CARTESIAN_POINT('',(0.067704556,-0.498418441,0.207697136));
#5670=CARTESIAN_POINT('',(0.067579785,-0.508422724,0.207538988));
#5671=CARTESIAN_POINT('',(0.067579785,-0.498424247,0.207364464));
#5672=ADVANCED_FACE('',(#5673),#5684,.T.);
#5673=FACE_BOUND('',#5674,.T.);
#5674=EDGE_LOOP('',(#5675,#5681,#5682,#5683));
#5675=ORIENTED_EDGE('',*,*,#5676,.T.);
#5676=EDGE_CURVE('',#5542,#5648,#5677,.F.);
#5677=LINE('',#5678,#5679);
#5678=CARTESIAN_POINT('',(0.067579785,-0.498424247,0.207364464));
#5679=VECTOR('',#5680,1.0);
#5680=DIRECTION('',(-0.338535034,-0.016421908,-0.940810476));
#5681=ORIENTED_EDGE('',*,*,#5658,.F.);
#5682=ORIENTED_EDGE('',*,*,#5355,.F.);
#5683=ORIENTED_EDGE('',*,*,#5549,.F.);
#5684=PLANE('',#5685);
#5685=AXIS2_PLACEMENT_3D('',#5686,#5687,#5688);
#5686=CARTESIAN_POINT('',(0.067579785,-0.508422724,0.207538988));
#5687=DIRECTION('',(0.940953788,-0.005908251,-0.338483474));
#5688=DIRECTION('',(-0.338489382,3.776709848E-15,-0.940970211));
#5689=ADVANCED_FACE('',(#5690),#5698,.T.);
#5690=FACE_BOUND('',#5691,.T.);
#5691=EDGE_LOOP('',(#5692,#5693,#5694,#5695,#5696,#5697));
#5692=ORIENTED_EDGE('',*,*,#5676,.F.);
#5693=ORIENTED_EDGE('',*,*,#5539,.F.);
#5694=ORIENTED_EDGE('',*,*,#5570,.F.);
#5695=ORIENTED_EDGE('',*,*,#5594,.F.);
#5696=ORIENTED_EDGE('',*,*,#5623,.F.);
#5697=ORIENTED_EDGE('',*,*,#5647,.F.);
#5698=PLANE('',#5699);
#5699=AXIS2_PLACEMENT_3D('',#5700,#5701,#5702);
#5700=CARTESIAN_POINT('',(-0.5000508,-0.4999492,0.119999997));
#5701=DIRECTION('',(0.0,-0.999847695,0.017452406));
#5702=DIRECTION('',(0.0,-0.017452406,-0.999847695));
#5703=ADVANCED_FACE('',(#5704),#5729,.F.);
#5704=FACE_BOUND('',#5705,.T.);
#5705=EDGE_LOOP('',(#5706,#5707,#5715,#5723));
#5706=ORIENTED_EDGE('',*,*,#1333,.F.);
#5707=ORIENTED_EDGE('',*,*,#5708,.T.);
#5708=EDGE_CURVE('',#1334,#5709,#5711,.F.);
#5709=VERTEX_POINT('',#5710);
#5710=CARTESIAN_POINT('',(0.006468013,-0.509230052,0.161287204));
#5711=LINE('',#5712,#5713);
#5712=CARTESIAN_POINT('',(0.006468013,-0.509230052,0.161287204));
#5713=VECTOR('',#5714,1.0);
#5714=DIRECTION('',(0.0,0.999847695,-0.017452406));
#5715=ORIENTED_EDGE('',*,*,#5716,.T.);
#5716=EDGE_CURVE('',#5709,#5717,#5719,.F.);
#5717=VERTEX_POINT('',#5718);
#5718=CARTESIAN_POINT('',(0.006468013,-0.509270519,0.158968897));
#5719=LINE('',#5720,#5721);
#5720=CARTESIAN_POINT('',(0.006468013,-0.509230052,0.161287204));
#5721=VECTOR('',#5722,1.0);
#5722=DIRECTION('',(0.0,0.017452406,0.999847695));
#5723=ORIENTED_EDGE('',*,*,#5724,.T.);
#5724=EDGE_CURVE('',#5717,#1336,#5725,.T.);
#5725=LINE('',#5726,#5727);
#5726=CARTESIAN_POINT('',(0.006468013,-0.509270519,0.158968897));
#5727=VECTOR('',#5728,1.0);
#5728=DIRECTION('',(0.0,0.999847695,-0.017452406));
#5729=PLANE('',#5730);
#5730=AXIS2_PLACEMENT_3D('',#5731,#5732,#5733);
#5731=CARTESIAN_POINT('',(0.006468013,-0.509230052,0.161287204));
#5732=DIRECTION('',(-1.0,0.0,0.0));
#5733=DIRECTION('',(0.0,0.0,1.0));
#5734=ADVANCED_FACE('',(#5735),#5753,.F.);
#5735=FACE_BOUND('',#5736,.T.);
#5736=EDGE_LOOP('',(#5737,#5738,#5746,#5752));
#5737=ORIENTED_EDGE('',*,*,#1423,.F.);
#5738=ORIENTED_EDGE('',*,*,#5739,.T.);
#5739=EDGE_CURVE('',#1416,#5740,#5742,.F.);
#5740=VERTEX_POINT('',#5741);
#5741=CARTESIAN_POINT('',(-0.001844851,-0.509230052,0.161287204));
#5742=LINE('',#5743,#5744);
#5743=CARTESIAN_POINT('',(-0.001844851,-0.509230052,0.161287204));
#5744=VECTOR('',#5745,1.0);
#5745=DIRECTION('',(0.0,0.999847695,-0.017452406));
#5746=ORIENTED_EDGE('',*,*,#5747,.T.);
#5747=EDGE_CURVE('',#5740,#5709,#5748,.F.);
#5748=LINE('',#5749,#5750);
#5749=CARTESIAN_POINT('',(-0.001844851,-0.509230052,0.161287204));
#5750=VECTOR('',#5751,1.0);
#5751=DIRECTION('',(-1.0,0.0,0.0));
#5752=ORIENTED_EDGE('',*,*,#5708,.F.);
#5753=PLANE('',#5754);
#5754=AXIS2_PLACEMENT_3D('',#5755,#5756,#5757);
#5755=CARTESIAN_POINT('',(-0.001844851,-0.509230052,0.161287204));
#5756=DIRECTION('',(0.0,-0.017452406,-0.999847695));
#5757=DIRECTION('',(0.0,0.999847695,-0.017452406));
#5758=ADVANCED_FACE('',(#5759),#5777,.F.);
#5759=FACE_BOUND('',#5760,.T.);
#5760=EDGE_LOOP('',(#5761,#5762,#5770,#5776));
#5761=ORIENTED_EDGE('',*,*,#1415,.F.);
#5762=ORIENTED_EDGE('',*,*,#5763,.T.);
#5763=EDGE_CURVE('',#1408,#5764,#5766,.F.);
#5764=VERTEX_POINT('',#5765);
#5765=CARTESIAN_POINT('',(-0.001844851,-0.50911065,0.168127769));
#5766=LINE('',#5767,#5768);
#5767=CARTESIAN_POINT('',(-0.001844851,-0.50911065,0.168127769));
#5768=VECTOR('',#5769,1.0);
#5769=DIRECTION('',(0.0,0.999847695,-0.017452406));
#5770=ORIENTED_EDGE('',*,*,#5771,.T.);
#5771=EDGE_CURVE('',#5764,#5740,#5772,.F.);
#5772=LINE('',#5773,#5774);
#5773=CARTESIAN_POINT('',(-0.001844851,-0.50911065,0.168127769));
#5774=VECTOR('',#5775,1.0);
#5775=DIRECTION('',(0.0,0.017452406,0.999847695));
#5776=ORIENTED_EDGE('',*,*,#5739,.F.);
#5777=PLANE('',#5778);
#5778=AXIS2_PLACEMENT_3D('',#5779,#5780,#5781);
#5779=CARTESIAN_POINT('',(-0.001844851,-0.50911065,0.168127769));
#5780=DIRECTION('',(-1.0,0.0,0.0));
#5781=DIRECTION('',(0.0,0.0,1.0));
#5782=ADVANCED_FACE('',(#5783),#5801,.F.);
#5783=FACE_BOUND('',#5784,.T.);
#5784=EDGE_LOOP('',(#5785,#5786,#5794,#5800));
#5785=ORIENTED_EDGE('',*,*,#1407,.F.);
#5786=ORIENTED_EDGE('',*,*,#5787,.T.);
#5787=EDGE_CURVE('',#1400,#5788,#5790,.F.);
#5788=VERTEX_POINT('',#5789);
#5789=CARTESIAN_POINT('',(0.005428255,-0.50911065,0.168127769));
#5790=LINE('',#5791,#5792);
#5791=CARTESIAN_POINT('',(0.005428255,-0.50911065,0.168127769));
#5792=VECTOR('',#5793,1.0);
#5793=DIRECTION('',(0.0,0.999847695,-0.017452406));
#5794=ORIENTED_EDGE('',*,*,#5795,.T.);
#5795=EDGE_CURVE('',#5788,#5764,#5796,.F.);
#5796=LINE('',#5797,#5798);
#5797=CARTESIAN_POINT('',(0.005428255,-0.50911065,0.168127769));
#5798=VECTOR('',#5799,1.0);
#5799=DIRECTION('',(1.0,0.0,0.0));
#5800=ORIENTED_EDGE('',*,*,#5763,.F.);
#5801=PLANE('',#5802);
#5802=AXIS2_PLACEMENT_3D('',#5803,#5804,#5805);
#5803=CARTESIAN_POINT('',(0.005428255,-0.50911065,0.168127769));
#5804=DIRECTION('',(0.0,0.017452406,0.999847695));
#5805=DIRECTION('',(0.0,-0.999847695,0.017452406));
#5806=ADVANCED_FACE('',(#5807),#5825,.F.);
#5807=FACE_BOUND('',#5808,.T.);
#5808=EDGE_LOOP('',(#5809,#5810,#5818,#5824));
#5809=ORIENTED_EDGE('',*,*,#1399,.F.);
#5810=ORIENTED_EDGE('',*,*,#5811,.T.);
#5811=EDGE_CURVE('',#1392,#5812,#5814,.F.);
#5812=VERTEX_POINT('',#5813);
#5813=CARTESIAN_POINT('',(0.005428255,-0.509070002,0.170456472));
#5814=LINE('',#5815,#5816);
#5815=CARTESIAN_POINT('',(0.005428255,-0.509070002,0.170456472));
#5816=VECTOR('',#5817,1.0);
#5817=DIRECTION('',(0.0,0.999847695,-0.017452406));
#5818=ORIENTED_EDGE('',*,*,#5819,.T.);
#5819=EDGE_CURVE('',#5812,#5788,#5820,.F.);
#5820=LINE('',#5821,#5822);
#5821=CARTESIAN_POINT('',(0.005428255,-0.509070002,0.170456472));
#5822=VECTOR('',#5823,1.0);
#5823=DIRECTION('',(0.0,0.017452406,0.999847695));
#5824=ORIENTED_EDGE('',*,*,#5787,.F.);
#5825=PLANE('',#5826);
#5826=AXIS2_PLACEMENT_3D('',#5827,#5828,#5829);
#5827=CARTESIAN_POINT('',(0.005428255,-0.509070002,0.170456472));
#5828=DIRECTION('',(-1.0,0.0,0.0));
#5829=DIRECTION('',(0.0,0.0,1.0));
#5830=ADVANCED_FACE('',(#5831),#5849,.F.);
#5831=FACE_BOUND('',#5832,.T.);
#5832=EDGE_LOOP('',(#5833,#5834,#5842,#5848));
#5833=ORIENTED_EDGE('',*,*,#1391,.F.);
#5834=ORIENTED_EDGE('',*,*,#5835,.T.);
#5835=EDGE_CURVE('',#1384,#5836,#5838,.F.);
#5836=VERTEX_POINT('',#5837);
#5837=CARTESIAN_POINT('',(-0.001844851,-0.509070002,0.170456472));
#5838=LINE('',#5839,#5840);
#5839=CARTESIAN_POINT('',(-0.001844851,-0.509070002,0.170456472));
#5840=VECTOR('',#5841,1.0);
#5841=DIRECTION('',(0.0,0.999847695,-0.017452406));
#5842=ORIENTED_EDGE('',*,*,#5843,.T.);
#5843=EDGE_CURVE('',#5836,#5812,#5844,.F.);
#5844=LINE('',#5845,#5846);
#5845=CARTESIAN_POINT('',(-0.001844851,-0.509070002,0.170456472));
#5846=VECTOR('',#5847,1.0);
#5847=DIRECTION('',(-1.0,0.0,0.0));
#5848=ORIENTED_EDGE('',*,*,#5811,.F.);
#5849=PLANE('',#5850);
#5850=AXIS2_PLACEMENT_3D('',#5851,#5852,#5853);
#5851=CARTESIAN_POINT('',(-0.001844851,-0.509070002,0.170456472));
#5852=DIRECTION('',(0.0,-0.017452406,-0.999847695));
#5853=DIRECTION('',(0.0,0.999847695,-0.017452406));
#5854=ADVANCED_FACE('',(#5855),#5873,.F.);
#5855=FACE_BOUND('',#5856,.T.);
#5856=EDGE_LOOP('',(#5857,#5858,#5866,#5872));
#5857=ORIENTED_EDGE('',*,*,#1383,.F.);
#5858=ORIENTED_EDGE('',*,*,#5859,.T.);
#5859=EDGE_CURVE('',#1376,#5860,#5862,.F.);
#5860=VERTEX_POINT('',#5861);
#5861=CARTESIAN_POINT('',(-0.001844851,-0.508956406,0.176964365));
#5862=LINE('',#5863,#5864);
#5863=CARTESIAN_POINT('',(-0.001844851,-0.508956406,0.176964365));
#5864=VECTOR('',#5865,1.0);
#5865=DIRECTION('',(0.0,0.999847695,-0.017452406));
#5866=ORIENTED_EDGE('',*,*,#5867,.T.);
#5867=EDGE_CURVE('',#5860,#5836,#5868,.F.);
#5868=LINE('',#5869,#5870);
#5869=CARTESIAN_POINT('',(-0.001844851,-0.508956406,0.176964365));
#5870=VECTOR('',#5871,1.0);
#5871=DIRECTION('',(0.0,0.017452406,0.999847695));
#5872=ORIENTED_EDGE('',*,*,#5835,.F.);
#5873=PLANE('',#5874);
#5874=AXIS2_PLACEMENT_3D('',#5875,#5876,#5877);
#5875=CARTESIAN_POINT('',(-0.001844851,-0.508956406,0.176964365));
#5876=DIRECTION('',(-1.0,0.0,0.0));
#5877=DIRECTION('',(0.0,0.0,1.0));
#5878=ADVANCED_FACE('',(#5879),#5897,.F.);
#5879=FACE_BOUND('',#5880,.T.);
#5880=EDGE_LOOP('',(#5881,#5882,#5890,#5896));
#5881=ORIENTED_EDGE('',*,*,#1375,.F.);
#5882=ORIENTED_EDGE('',*,*,#5883,.T.);
#5883=EDGE_CURVE('',#1368,#5884,#5886,.F.);
#5884=VERTEX_POINT('',#5885);
#5885=CARTESIAN_POINT('',(0.006005321,-0.508956406,0.176964365));
#5886=LINE('',#5887,#5888);
#5887=CARTESIAN_POINT('',(0.006005321,-0.508956406,0.176964365));
#5888=VECTOR('',#5889,1.0);
#5889=DIRECTION('',(0.0,0.999847695,-0.017452406));
#5890=ORIENTED_EDGE('',*,*,#5891,.T.);
#5891=EDGE_CURVE('',#5884,#5860,#5892,.F.);
#5892=LINE('',#5893,#5894);
#5893=CARTESIAN_POINT('',(0.006005321,-0.508956406,0.176964365));
#5894=VECTOR('',#5895,1.0);
#5895=DIRECTION('',(1.0,0.0,0.0));
#5896=ORIENTED_EDGE('',*,*,#5859,.F.);
#5897=PLANE('',#5898);
#5898=AXIS2_PLACEMENT_3D('',#5899,#5900,#5901);
#5899=CARTESIAN_POINT('',(0.006005321,-0.508956406,0.176964365));
#5900=DIRECTION('',(0.0,0.017452406,0.999847695));
#5901=DIRECTION('',(0.0,-0.999847695,0.017452406));
#5902=ADVANCED_FACE('',(#5903),#5921,.F.);
#5903=FACE_BOUND('',#5904,.T.);
#5904=EDGE_LOOP('',(#5905,#5906,#5914,#5920));
#5905=ORIENTED_EDGE('',*,*,#1367,.F.);
#5906=ORIENTED_EDGE('',*,*,#5907,.T.);
#5907=EDGE_CURVE('',#1360,#5908,#5910,.F.);
#5908=VERTEX_POINT('',#5909);
#5909=CARTESIAN_POINT('',(0.006005321,-0.508915577,0.179303464));
#5910=LINE('',#5911,#5912);
#5911=CARTESIAN_POINT('',(0.006005321,-0.508915577,0.179303464));
#5912=VECTOR('',#5913,1.0);
#5913=DIRECTION('',(0.0,0.999847695,-0.017452406));
#5914=ORIENTED_EDGE('',*,*,#5915,.T.);
#5915=EDGE_CURVE('',#5908,#5884,#5916,.F.);
#5916=LINE('',#5917,#5918);
#5917=CARTESIAN_POINT('',(0.006005321,-0.508915577,0.179303464));
#5918=VECTOR('',#5919,1.0);
#5919=DIRECTION('',(0.0,0.017452406,0.999847695));
#5920=ORIENTED_EDGE('',*,*,#5883,.F.);
#5921=PLANE('',#5922);
#5922=AXIS2_PLACEMENT_3D('',#5923,#5924,#5925);
#5923=CARTESIAN_POINT('',(0.006005321,-0.508915577,0.179303464));
#5924=DIRECTION('',(-1.0,0.0,0.0));
#5925=DIRECTION('',(0.0,0.0,1.0));
#5926=ADVANCED_FACE('',(#5927),#5945,.F.);
#5927=FACE_BOUND('',#5928,.T.);
#5928=EDGE_LOOP('',(#5929,#5930,#5938,#5944));
#5929=ORIENTED_EDGE('',*,*,#1359,.F.);
#5930=ORIENTED_EDGE('',*,*,#5931,.T.);
#5931=EDGE_CURVE('',#1352,#5932,#5934,.F.);
#5932=VERTEX_POINT('',#5933);
#5933=CARTESIAN_POINT('',(-0.00447024,-0.508915577,0.179303464));
#5934=LINE('',#5935,#5936);
#5935=CARTESIAN_POINT('',(-0.00447024,-0.508915577,0.179303464));
#5936=VECTOR('',#5937,1.0);
#5937=DIRECTION('',(0.0,0.999847695,-0.017452406));
#5938=ORIENTED_EDGE('',*,*,#5939,.T.);
#5939=EDGE_CURVE('',#5932,#5908,#5940,.F.);
#5940=LINE('',#5941,#5942);
#5941=CARTESIAN_POINT('',(-0.00447024,-0.508915577,0.179303464));
#5942=VECTOR('',#5943,1.0);
#5943=DIRECTION('',(-1.0,0.0,0.0));
#5944=ORIENTED_EDGE('',*,*,#5907,.F.);
#5945=PLANE('',#5946);
#5946=AXIS2_PLACEMENT_3D('',#5947,#5948,#5949);
#5947=CARTESIAN_POINT('',(-0.00447024,-0.508915577,0.179303464));
#5948=DIRECTION('',(0.0,-0.017452406,-0.999847695));
#5949=DIRECTION('',(0.0,0.999847695,-0.017452406));
#5950=ADVANCED_FACE('',(#5951),#5969,.F.);
#5951=FACE_BOUND('',#5952,.T.);
#5952=EDGE_LOOP('',(#5953,#5954,#5962,#5968));
#5953=ORIENTED_EDGE('',*,*,#1351,.F.);
#5954=ORIENTED_EDGE('',*,*,#5955,.T.);
#5955=EDGE_CURVE('',#1344,#5956,#5958,.F.);
#5956=VERTEX_POINT('',#5957);
#5957=CARTESIAN_POINT('',(-0.00447024,-0.509270519,0.158968897));
#5958=LINE('',#5959,#5960);
#5959=CARTESIAN_POINT('',(-0.00447024,-0.509270519,0.158968897));
#5960=VECTOR('',#5961,1.0);
#5961=DIRECTION('',(0.0,0.999847695,-0.017452406));
#5962=ORIENTED_EDGE('',*,*,#5963,.T.);
#5963=EDGE_CURVE('',#5956,#5932,#5964,.F.);
#5964=LINE('',#5965,#5966);
#5965=CARTESIAN_POINT('',(-0.00447024,-0.509270519,0.158968897));
#5966=VECTOR('',#5967,1.0);
#5967=DIRECTION('',(0.0,-0.017452406,-0.999847695));
#5968=ORIENTED_EDGE('',*,*,#5931,.F.);
#5969=PLANE('',#5970);
#5970=AXIS2_PLACEMENT_3D('',#5971,#5972,#5973);
#5971=CARTESIAN_POINT('',(-0.00447024,-0.509270519,0.158968897));
#5972=DIRECTION('',(1.0,0.0,0.0));
#5973=DIRECTION('',(0.0,0.0,-1.0));
#5974=ADVANCED_FACE('',(#5975),#5986,.F.);
#5975=FACE_BOUND('',#5976,.T.);
#5976=EDGE_LOOP('',(#5977,#5978,#5979,#5985));
#5977=ORIENTED_EDGE('',*,*,#1343,.F.);
#5978=ORIENTED_EDGE('',*,*,#5724,.F.);
#5979=ORIENTED_EDGE('',*,*,#5980,.T.);
#5980=EDGE_CURVE('',#5717,#5956,#5981,.F.);
#5981=LINE('',#5982,#5983);
#5982=CARTESIAN_POINT('',(0.006468013,-0.509270519,0.158968897));
#5983=VECTOR('',#5984,1.0);
#5984=DIRECTION('',(1.0,0.0,0.0));
#5985=ORIENTED_EDGE('',*,*,#5955,.F.);
#5986=PLANE('',#5987);
#5987=AXIS2_PLACEMENT_3D('',#5988,#5989,#5990);
#5988=CARTESIAN_POINT('',(0.006468013,-0.509270519,0.158968897));
#5989=DIRECTION('',(0.0,0.017452406,0.999847695));
#5990=DIRECTION('',(0.0,-0.999847695,0.017452406));
#5991=ADVANCED_FACE('',(#5992),#6006,.F.);
#5992=FACE_BOUND('',#5993,.T.);
#5993=EDGE_LOOP('',(#5994,#5995,#5996,#5997,#5998,#5999,#6000,#6001,#6002,#6003,#6004,#6005));
#5994=ORIENTED_EDGE('',*,*,#5716,.F.);
#5995=ORIENTED_EDGE('',*,*,#5747,.F.);
#5996=ORIENTED_EDGE('',*,*,#5771,.F.);
#5997=ORIENTED_EDGE('',*,*,#5795,.F.);
#5998=ORIENTED_EDGE('',*,*,#5819,.F.);
#5999=ORIENTED_EDGE('',*,*,#5843,.F.);
#6000=ORIENTED_EDGE('',*,*,#5867,.F.);
#6001=ORIENTED_EDGE('',*,*,#5891,.F.);
#6002=ORIENTED_EDGE('',*,*,#5915,.F.);
#6003=ORIENTED_EDGE('',*,*,#5939,.F.);
#6004=ORIENTED_EDGE('',*,*,#5963,.F.);
#6005=ORIENTED_EDGE('',*,*,#5980,.F.);
#6006=PLANE('',#6007);
#6007=AXIS2_PLACEMENT_3D('',#6008,#6009,#6010);
#6008=CARTESIAN_POINT('',(-5.08001016E-05,-0.509795384,0.128899396));
#6009=DIRECTION('',(0.0,0.999847695,-0.017452406));
#6010=DIRECTION('',(0.0,0.017452406,0.999847695));
#6011=ADVANCED_FACE('',(#6012,#6134),#6206,.T.);
#6012=FACE_BOUND('',#6013,.T.);
#6013=EDGE_LOOP('',(#6014,#6025,#6033,#6042,#6051,#6059,#6068,#6077,#6086,#6095,#6103,#6111,#6119,#6127));
#6014=ORIENTED_EDGE('',*,*,#6015,.T.);
#6015=EDGE_CURVE('',#6016,#6018,#6020,.T.);
#6016=VERTEX_POINT('',#6017);
#6017=CARTESIAN_POINT('',(0.015326751,-0.509011208,0.173824775));
#6018=VERTEX_POINT('',#6019);
#6019=CARTESIAN_POINT('',(0.010325515,-0.509034798,0.172473295));
#6020=B_SPLINE_CURVE_WITH_KNOTS('',3,(#6021,#6022,#6023,#6024),.UNSPECIFIED.,.F.,.U.,(4,4),(0.0,1.0),.PIECEWISE_BEZIER_KNOTS.);
#6021=CARTESIAN_POINT('',(0.015326751,-0.509011208,0.173824775));
#6022=CARTESIAN_POINT('',(0.013434391,-0.509011208,0.173824775));
#6023=CARTESIAN_POINT('',(0.01176558,-0.509019011,0.173377747));
#6024=CARTESIAN_POINT('',(0.010325515,-0.509034798,0.172473295));
#6025=ORIENTED_EDGE('',*,*,#6026,.T.);
#6026=EDGE_CURVE('',#6018,#6027,#6029,.T.);
#6027=VERTEX_POINT('',#6028);
#6028=CARTESIAN_POINT('',(0.010325515,-0.509077987,0.169999048));
#6029=LINE('',#6030,#6031);
#6030=CARTESIAN_POINT('',(0.010325515,-0.509077987,0.169999048));
#6031=VECTOR('',#6032,1.0);
#6032=DIRECTION('',(0.0,-0.017452406,-0.999847695));
#6033=ORIENTED_EDGE('',*,*,#6034,.T.);
#6034=EDGE_CURVE('',#6027,#6035,#6037,.T.);
#6035=VERTEX_POINT('',#6036);
#6036=CARTESIAN_POINT('',(0.015087606,-0.509047319,0.171755971));
#6037=B_SPLINE_CURVE_WITH_KNOTS('',3,(#6038,#6039,#6040,#6041),.UNSPECIFIED.,.F.,.U.,(4,4),(12.0,13.0),.PIECEWISE_BEZIER_KNOTS.);
#6038=CARTESIAN_POINT('',(0.010325515,-0.509077987,0.169999048));
#6039=CARTESIAN_POINT('',(0.011760381,-0.509057663,0.1711634));
#6040=CARTESIAN_POINT('',(0.013346012,-0.509047319,0.171755971));
#6041=CARTESIAN_POINT('',(0.015087606,-0.509047319,0.171755971));
#6042=ORIENTED_EDGE('',*,*,#6043,.T.);
#6043=EDGE_CURVE('',#6035,#6044,#6046,.T.);
#6044=VERTEX_POINT('',#6045);
#6045=CARTESIAN_POINT('',(0.018030121,-0.50910938,0.168200541));
#6046=B_SPLINE_CURVE_WITH_KNOTS('',3,(#6047,#6048,#6049,#6050),.UNSPECIFIED.,.F.,.U.,(4,4),(11.0,12.0),.PIECEWISE_BEZIER_KNOTS.);
#6047=CARTESIAN_POINT('',(0.015087606,-0.509047319,0.171755971));
#6048=CARTESIAN_POINT('',(0.01704755,-0.509047319,0.171755971));
#6049=CARTESIAN_POINT('',(0.018030121,-0.509068006,0.170570828));
#6050=CARTESIAN_POINT('',(0.018030121,-0.50910938,0.168200541));
#6051=ORIENTED_EDGE('',*,*,#6052,.T.);
#6052=EDGE_CURVE('',#6044,#6053,#6055,.T.);
#6053=VERTEX_POINT('',#6054);
#6054=CARTESIAN_POINT('',(0.013725523,-0.509119904,0.167597573));
#6055=LINE('',#6056,#6057);
#6056=CARTESIAN_POINT('',(0.013725523,-0.509119904,0.167597573));
#6057=VECTOR('',#6058,1.0);
#6058=DIRECTION('',(-0.990328604,-0.002421376,-0.138720557));
#6059=ORIENTED_EDGE('',*,*,#6060,.T.);
#6060=EDGE_CURVE('',#6053,#6061,#6063,.T.);
#6061=VERTEX_POINT('',#6062);
#6062=CARTESIAN_POINT('',(0.008906245,-0.509202651,0.162856999));
#6063=B_SPLINE_CURVE_WITH_KNOTS('',3,(#6064,#6065,#6066,#6067),.UNSPECIFIED.,.F.,.U.,(4,4),(9.0,10.0),.PIECEWISE_BEZIER_KNOTS.);
#6064=CARTESIAN_POINT('',(0.013725523,-0.509119904,0.167597573));
#6065=CARTESIAN_POINT('',(0.010512671,-0.509127707,0.167150545));
#6066=CARTESIAN_POINT('',(0.008906245,-0.50915529,0.165570354));
#6067=CARTESIAN_POINT('',(0.008906245,-0.509202651,0.162856999));
#6068=ORIENTED_EDGE('',*,*,#6069,.T.);
#6069=EDGE_CURVE('',#6061,#6070,#6072,.T.);
#6070=VERTEX_POINT('',#6071);
#6071=CARTESIAN_POINT('',(0.010153955,-0.509256546,0.159769389));
#6072=B_SPLINE_CURVE_WITH_KNOTS('',3,(#6073,#6074,#6075,#6076),.UNSPECIFIED.,.F.,.U.,(4,4),(8.0,9.0),.PIECEWISE_BEZIER_KNOTS.);
#6073=CARTESIAN_POINT('',(0.008906245,-0.509202651,0.162856999));
#6074=CARTESIAN_POINT('',(0.008906245,-0.509225334,0.1615575));
#6075=CARTESIAN_POINT('',(0.009322149,-0.509243299,0.160528296));
#6076=CARTESIAN_POINT('',(0.010153955,-0.509256546,0.159769389));
#6077=ORIENTED_EDGE('',*,*,#6078,.T.);
#6078=EDGE_CURVE('',#6070,#6079,#6081,.T.);
#6079=VERTEX_POINT('',#6080);
#6080=CARTESIAN_POINT('',(0.013512373,-0.509276507,0.158625829));
#6081=B_SPLINE_CURVE_WITH_KNOTS('',3,(#6082,#6083,#6084,#6085),.UNSPECIFIED.,.F.,.U.,(4,4),(7.0,8.0),.PIECEWISE_BEZIER_KNOTS.);
#6082=CARTESIAN_POINT('',(0.010153955,-0.509256546,0.159769389));
#6083=CARTESIAN_POINT('',(0.010985761,-0.509269793,0.159010481));
#6084=CARTESIAN_POINT('',(0.012103501,-0.509276507,0.158625829));
#6085=CARTESIAN_POINT('',(0.013512373,-0.509276507,0.158625829));
#6086=ORIENTED_EDGE('',*,*,#6087,.T.);
#6087=EDGE_CURVE('',#6079,#6088,#6090,.T.);
#6088=VERTEX_POINT('',#6089);
#6089=CARTESIAN_POINT('',(0.017962537,-0.509231323,0.161214432));
#6090=B_SPLINE_CURVE_WITH_KNOTS('',3,(#6091,#6092,#6093,#6094),.UNSPECIFIED.,.F.,.U.,(4,4),(6.0,7.0),.PIECEWISE_BEZIER_KNOTS.);
#6091=CARTESIAN_POINT('',(0.013512373,-0.509276507,0.158625829));
#6092=CARTESIAN_POINT('',(0.015472317,-0.509276507,0.158625829));
#6093=CARTESIAN_POINT('',(0.016959171,-0.509261445,0.159488697));
#6094=CARTESIAN_POINT('',(0.017962537,-0.509231323,0.161214432));
#6095=ORIENTED_EDGE('',*,*,#6096,.T.);
#6096=EDGE_CURVE('',#6088,#6097,#6099,.T.);
#6097=VERTEX_POINT('',#6098);
#6098=CARTESIAN_POINT('',(0.018030121,-0.509231323,0.161214432));
#6099=LINE('',#6100,#6101);
#6100=CARTESIAN_POINT('',(0.018030121,-0.509231323,0.161214432));
#6101=VECTOR('',#6102,1.0);
#6102=DIRECTION('',(1.0,0.0,0.0));
#6103=ORIENTED_EDGE('',*,*,#6104,.T.);
#6104=EDGE_CURVE('',#6097,#6105,#6107,.T.);
#6105=VERTEX_POINT('',#6106);
#6106=CARTESIAN_POINT('',(0.018030121,-0.509270519,0.158968897));
#6107=LINE('',#6108,#6109);
#6108=CARTESIAN_POINT('',(0.018030121,-0.509270519,0.158968897));
#6109=VECTOR('',#6110,1.0);
#6110=DIRECTION('',(0.0,-0.017452406,-0.999847695));
#6111=ORIENTED_EDGE('',*,*,#6112,.T.);
#6112=EDGE_CURVE('',#6105,#6113,#6115,.T.);
#6113=VERTEX_POINT('',#6114);
#6114=CARTESIAN_POINT('',(0.020577528,-0.509270519,0.158968897));
#6115=LINE('',#6116,#6117);
#6116=CARTESIAN_POINT('',(0.020577528,-0.509270519,0.158968897));
#6117=VECTOR('',#6118,1.0);
#6118=DIRECTION('',(1.0,0.0,0.0));
#6119=ORIENTED_EDGE('',*,*,#6120,.T.);
#6120=EDGE_CURVE('',#6113,#6121,#6123,.T.);
#6121=VERTEX_POINT('',#6122);
#6122=CARTESIAN_POINT('',(0.020577528,-0.509107383,0.168314897));
#6123=LINE('',#6124,#6125);
#6124=CARTESIAN_POINT('',(0.020577528,-0.509107383,0.168314897));
#6125=VECTOR('',#6126,1.0);
#6126=DIRECTION('',(0.0,0.017452406,0.999847695));
#6127=ORIENTED_EDGE('',*,*,#6128,.T.);
#6128=EDGE_CURVE('',#6121,#6016,#6129,.T.);
#6129=B_SPLINE_CURVE_WITH_KNOTS('',3,(#6130,#6131,#6132,#6133),.UNSPECIFIED.,.F.,.U.,(4,4),(1.0,2.0),.PIECEWISE_BEZIER_KNOTS.);
#6130=CARTESIAN_POINT('',(0.020577528,-0.509107383,0.168314897));
#6131=CARTESIAN_POINT('',(0.020577528,-0.509043146,0.171995079));
#6132=CARTESIAN_POINT('',(0.018825536,-0.509011208,0.173824775));
#6133=CARTESIAN_POINT('',(0.015326751,-0.509011208,0.173824775));
#6134=FACE_BOUND('',#6135,.T.);
#6135=EDGE_LOOP('',(#6136,#6147,#6156,#6164,#6172,#6181,#6190,#6199));
#6136=ORIENTED_EDGE('',*,*,#6137,.T.);
#6137=EDGE_CURVE('',#6138,#6140,#6142,.F.);
#6138=VERTEX_POINT('',#6139);
#6139=CARTESIAN_POINT('',(0.011490044,-0.509199022,0.163064919));
#6140=VERTEX_POINT('',#6141);
#6141=CARTESIAN_POINT('',(0.012165887,-0.509166903,0.16490501));
#6142=B_SPLINE_CURVE_WITH_KNOTS('',3,(#6143,#6144,#6145,#6146),.UNSPECIFIED.,.F.,.U.,(4,4),(1.0,2.0),.PIECEWISE_BEZIER_KNOTS.);
#6143=CARTESIAN_POINT('',(0.012165887,-0.509166903,0.16490501));
#6144=CARTESIAN_POINT('',(0.011718791,-0.509174525,0.164468379));
#6145=CARTESIAN_POINT('',(0.011490044,-0.509185231,0.163855015));
#6146=CARTESIAN_POINT('',(0.011490044,-0.509199022,0.163064919));
#6147=ORIENTED_EDGE('',*,*,#6148,.T.);
#6148=EDGE_CURVE('',#6140,#6149,#6151,.F.);
#6149=VERTEX_POINT('',#6150);
#6150=CARTESIAN_POINT('',(0.014630113,-0.509151297,0.165799066));
#6151=B_SPLINE_CURVE_WITH_KNOTS('',3,(#6152,#6153,#6154,#6155),.UNSPECIFIED.,.F.,.U.,(4,4),(0.0,1.0),.PIECEWISE_BEZIER_KNOTS.);
#6152=CARTESIAN_POINT('',(0.014630113,-0.509151297,0.165799066));
#6153=CARTESIAN_POINT('',(0.01343959,-0.509154201,0.16563273));
#6154=CARTESIAN_POINT('',(0.012618181,-0.509159282,0.165341642));
#6155=CARTESIAN_POINT('',(0.012165887,-0.509166903,0.16490501));
#6156=ORIENTED_EDGE('',*,*,#6157,.T.);
#6157=EDGE_CURVE('',#6149,#6158,#6160,.F.);
#6158=VERTEX_POINT('',#6159);
#6159=CARTESIAN_POINT('',(0.018030121,-0.509143313,0.16625649));
#6160=LINE('',#6161,#6162);
#6161=CARTESIAN_POINT('',(0.018030121,-0.509143313,0.16625649));
#6162=VECTOR('',#6163,1.0);
#6163=DIRECTION('',(-0.991068366,-0.002327362,-0.133334454));
#6164=ORIENTED_EDGE('',*,*,#6165,.T.);
#6165=EDGE_CURVE('',#6158,#6166,#6168,.F.);
#6166=VERTEX_POINT('',#6167);
#6167=CARTESIAN_POINT('',(0.018030121,-0.509167629,0.164863426));
#6168=LINE('',#6169,#6170);
#6169=CARTESIAN_POINT('',(0.018030121,-0.509167629,0.164863426));
#6170=VECTOR('',#6171,1.0);
#6171=DIRECTION('',(0.0,0.017452406,0.999847695));
#6172=ORIENTED_EDGE('',*,*,#6173,.T.);
#6173=EDGE_CURVE('',#6166,#6174,#6176,.F.);
#6174=VERTEX_POINT('',#6175);
#6175=CARTESIAN_POINT('',(0.016938375,-0.509219346,0.161900568));
#6176=B_SPLINE_CURVE_WITH_KNOTS('',3,(#6177,#6178,#6179,#6180),.UNSPECIFIED.,.F.,.U.,(4,4),(5.0,6.0),.PIECEWISE_BEZIER_KNOTS.);
#6177=CARTESIAN_POINT('',(0.016938375,-0.509219346,0.161900568));
#6178=CARTESIAN_POINT('',(0.017666206,-0.509205736,0.162680267));
#6179=CARTESIAN_POINT('',(0.018030121,-0.509188497,0.163667887));
#6180=CARTESIAN_POINT('',(0.018030121,-0.509167629,0.164863426));
#6181=ORIENTED_EDGE('',*,*,#6182,.T.);
#6182=EDGE_CURVE('',#6174,#6183,#6185,.F.);
#6183=VERTEX_POINT('',#6184);
#6184=CARTESIAN_POINT('',(0.014172619,-0.509240033,0.160715424));
#6185=B_SPLINE_CURVE_WITH_KNOTS('',3,(#6186,#6187,#6188,#6189),.UNSPECIFIED.,.F.,.U.,(4,4),(4.0,5.0),.PIECEWISE_BEZIER_KNOTS.);
#6186=CARTESIAN_POINT('',(0.014172619,-0.509240033,0.160715424));
#6187=CARTESIAN_POINT('',(0.015290359,-0.509240033,0.160715424));
#6188=CARTESIAN_POINT('',(0.016215744,-0.509233137,0.161110472));
#6189=CARTESIAN_POINT('',(0.016938375,-0.509219346,0.161900568));
#6190=ORIENTED_EDGE('',*,*,#6191,.T.);
#6191=EDGE_CURVE('',#6183,#6192,#6194,.F.);
#6192=VERTEX_POINT('',#6193);
#6193=CARTESIAN_POINT('',(0.012228272,-0.509228601,0.161370372));
#6194=B_SPLINE_CURVE_WITH_KNOTS('',3,(#6195,#6196,#6197,#6198),.UNSPECIFIED.,.F.,.U.,(4,4),(3.0,4.0),.PIECEWISE_BEZIER_KNOTS.);
#6195=CARTESIAN_POINT('',(0.012228272,-0.509228601,0.161370372));
#6196=CARTESIAN_POINT('',(0.012716958,-0.509236222,0.16093374));
#6197=CARTESIAN_POINT('',(0.013366807,-0.509240033,0.160715424));
#6198=CARTESIAN_POINT('',(0.014172619,-0.509240033,0.160715424));
#6199=ORIENTED_EDGE('',*,*,#6200,.T.);
#6200=EDGE_CURVE('',#6192,#6138,#6201,.F.);
#6201=B_SPLINE_CURVE_WITH_KNOTS('',3,(#6202,#6203,#6204,#6205),.UNSPECIFIED.,.F.,.U.,(4,4),(2.0,3.0),.PIECEWISE_BEZIER_KNOTS.);
#6202=CARTESIAN_POINT('',(0.011490044,-0.509199022,0.163064919));
#6203=CARTESIAN_POINT('',(0.011490044,-0.50921118,0.162368387));
#6204=CARTESIAN_POINT('',(0.011734387,-0.509220979,0.161807004));
#6205=CARTESIAN_POINT('',(0.012228272,-0.509228601,0.161370372));
#6206=PLANE('',#6207);
#6207=AXIS2_PLACEMENT_3D('',#6208,#6209,#6210);
#6208=CARTESIAN_POINT('',(0.012656522,-0.509017083,0.173488204));
#6209=DIRECTION('',(-2.882502565E-14,-0.999847695,0.017452406));
#6210=DIRECTION('',(-9.860761315E-32,-0.017452406,-0.999847695));
#6211=ADVANCED_FACE('',(#6212),#6228,.F.);
#6212=FACE_BOUND('',#6213,.T.);
#6213=EDGE_LOOP('',(#6214,#6215,#6221,#6222));
#6214=ORIENTED_EDGE('',*,*,#769,.F.);
#6215=ORIENTED_EDGE('',*,*,#6216,.T.);
#6216=EDGE_CURVE('',#762,#6018,#6217,.F.);
#6217=LINE('',#6218,#6219);
#6218=CARTESIAN_POINT('',(0.010325515,-0.509034798,0.172473295));
#6219=VECTOR('',#6220,1.0);
#6220=DIRECTION('',(0.0,0.999847695,-0.017452406));
#6221=ORIENTED_EDGE('',*,*,#6015,.F.);
#6222=ORIENTED_EDGE('',*,*,#6223,.T.);
#6223=EDGE_CURVE('',#6016,#770,#6224,.T.);
#6224=LINE('',#6225,#6226);
#6225=CARTESIAN_POINT('',(0.015326751,-0.509011208,0.173824775));
#6226=VECTOR('',#6227,1.0);
#6227=DIRECTION('',(0.0,0.999847695,-0.017452406));
#6228=B_SPLINE_SURFACE_WITH_KNOTS('',3,1,((#6229,#6230),(#6231,#6232),(#6233,#6234),(#6235,#6236)),.UNSPECIFIED.,.F.,.F.,.U.,(4,4),(2,2),(0.0,1.0),(0.0,1.0),.PIECEWISE_BEZIER_KNOTS.);
#6229=CARTESIAN_POINT('',(0.015326751,-0.509011208,0.173824775));
#6230=CARTESIAN_POINT('',(0.015326751,-0.499012731,0.17365025));
#6231=CARTESIAN_POINT('',(0.013434391,-0.509011208,0.173824775));
#6232=CARTESIAN_POINT('',(0.013434391,-0.499012731,0.17365025));
#6233=CARTESIAN_POINT('',(0.01176558,-0.509019011,0.173377747));
#6234=CARTESIAN_POINT('',(0.01176558,-0.499020534,0.173203223));
#6235=CARTESIAN_POINT('',(0.010325515,-0.509034798,0.172473295));
#6236=CARTESIAN_POINT('',(0.010325515,-0.499036321,0.172298771));
#6237=ADVANCED_FACE('',(#6238),#6249,.F.);
#6238=FACE_BOUND('',#6239,.T.);
#6239=EDGE_LOOP('',(#6240,#6241,#6247,#6248));
#6240=ORIENTED_EDGE('',*,*,#759,.F.);
#6241=ORIENTED_EDGE('',*,*,#6242,.T.);
#6242=EDGE_CURVE('',#760,#6027,#6243,.F.);
#6243=LINE('',#6244,#6245);
#6244=CARTESIAN_POINT('',(0.010325515,-0.509077987,0.169999048));
#6245=VECTOR('',#6246,1.0);
#6246=DIRECTION('',(0.0,0.999847695,-0.017452406));
#6247=ORIENTED_EDGE('',*,*,#6026,.F.);
#6248=ORIENTED_EDGE('',*,*,#6216,.F.);
#6249=PLANE('',#6250);
#6250=AXIS2_PLACEMENT_3D('',#6251,#6252,#6253);
#6251=CARTESIAN_POINT('',(0.010325515,-0.509077987,0.169999048));
#6252=DIRECTION('',(1.0,0.0,0.0));
#6253=DIRECTION('',(0.0,0.0,-1.0));
#6254=ADVANCED_FACE('',(#6255),#6266,.F.);
#6255=FACE_BOUND('',#6256,.T.);
#6256=EDGE_LOOP('',(#6257,#6258,#6264,#6265));
#6257=ORIENTED_EDGE('',*,*,#872,.F.);
#6258=ORIENTED_EDGE('',*,*,#6259,.T.);
#6259=EDGE_CURVE('',#864,#6035,#6260,.F.);
#6260=LINE('',#6261,#6262);
#6261=CARTESIAN_POINT('',(0.015087606,-0.509047319,0.171755971));
#6262=VECTOR('',#6263,1.0);
#6263=DIRECTION('',(0.0,0.999847695,-0.017452406));
#6264=ORIENTED_EDGE('',*,*,#6034,.F.);
#6265=ORIENTED_EDGE('',*,*,#6242,.F.);
#6266=B_SPLINE_SURFACE_WITH_KNOTS('',3,1,((#6267,#6268),(#6269,#6270),(#6271,#6272),(#6273,#6274)),.UNSPECIFIED.,.F.,.F.,.U.,(4,4),(2,2),(12.0,13.0),(0.0,1.0),.PIECEWISE_BEZIER_KNOTS.);
#6267=CARTESIAN_POINT('',(0.010325515,-0.509077987,0.169999048));
#6268=CARTESIAN_POINT('',(0.010325515,-0.49907951,0.169824524));
#6269=CARTESIAN_POINT('',(0.011760381,-0.509057663,0.1711634));
#6270=CARTESIAN_POINT('',(0.011760381,-0.499059186,0.170988876));
#6271=CARTESIAN_POINT('',(0.013346012,-0.509047319,0.171755971));
#6272=CARTESIAN_POINT('',(0.013346012,-0.499048842,0.171581447));
#6273=CARTESIAN_POINT('',(0.015087606,-0.509047319,0.171755971));
#6274=CARTESIAN_POINT('',(0.015087606,-0.499048842,0.171581447));
#6275=ADVANCED_FACE('',(#6276),#6287,.F.);
#6276=FACE_BOUND('',#6277,.T.);
#6277=EDGE_LOOP('',(#6278,#6279,#6285,#6286));
#6278=ORIENTED_EDGE('',*,*,#863,.F.);
#6279=ORIENTED_EDGE('',*,*,#6280,.T.);
#6280=EDGE_CURVE('',#856,#6044,#6281,.F.);
#6281=LINE('',#6282,#6283);
#6282=CARTESIAN_POINT('',(0.018030121,-0.50910938,0.168200541));
#6283=VECTOR('',#6284,1.0);
#6284=DIRECTION('',(0.0,0.999847695,-0.017452406));
#6285=ORIENTED_EDGE('',*,*,#6043,.F.);
#6286=ORIENTED_EDGE('',*,*,#6259,.F.);
#6287=B_SPLINE_SURFACE_WITH_KNOTS('',3,1,((#6288,#6289),(#6290,#6291),(#6292,#6293),(#6294,#6295)),.UNSPECIFIED.,.F.,.F.,.U.,(4,4),(2,2),(11.0,12.0),(0.0,1.0),.PIECEWISE_BEZIER_KNOTS.);
#6288=CARTESIAN_POINT('',(0.015087606,-0.509047319,0.171755971));
#6289=CARTESIAN_POINT('',(0.015087606,-0.499048842,0.171581447));
#6290=CARTESIAN_POINT('',(0.01704755,-0.509047319,0.171755971));
#6291=CARTESIAN_POINT('',(0.01704755,-0.499048842,0.171581447));
#6292=CARTESIAN_POINT('',(0.018030121,-0.509068006,0.170570828));
#6293=CARTESIAN_POINT('',(0.018030121,-0.499069529,0.170396304));
#6294=CARTESIAN_POINT('',(0.018030121,-0.50910938,0.168200541));
#6295=CARTESIAN_POINT('',(0.018030121,-0.499110903,0.168026017));
#6296=ADVANCED_FACE('',(#6297),#6308,.F.);
#6297=FACE_BOUND('',#6298,.T.);
#6298=EDGE_LOOP('',(#6299,#6300,#6306,#6307));
#6299=ORIENTED_EDGE('',*,*,#855,.F.);
#6300=ORIENTED_EDGE('',*,*,#6301,.T.);
#6301=EDGE_CURVE('',#847,#6053,#6302,.F.);
#6302=LINE('',#6303,#6304);
#6303=CARTESIAN_POINT('',(0.013725523,-0.509119904,0.167597573));
#6304=VECTOR('',#6305,1.0);
#6305=DIRECTION('',(0.0,0.999847695,-0.017452406));
#6306=ORIENTED_EDGE('',*,*,#6052,.F.);
#6307=ORIENTED_EDGE('',*,*,#6280,.F.);
#6308=PLANE('',#6309);
#6309=AXIS2_PLACEMENT_3D('',#6310,#6311,#6312);
#6310=CARTESIAN_POINT('',(0.013725523,-0.509119904,0.167597573));
#6311=DIRECTION('',(0.138741688,-0.017283617,-0.990177772));
#6312=DIRECTION('',(-0.9903257,1.207150699E-14,-0.138762416));
#6313=ADVANCED_FACE('',(#6314),#6325,.F.);
#6314=FACE_BOUND('',#6315,.T.);
#6315=EDGE_LOOP('',(#6316,#6317,#6323,#6324));
#6316=ORIENTED_EDGE('',*,*,#846,.F.);
#6317=ORIENTED_EDGE('',*,*,#6318,.T.);
#6318=EDGE_CURVE('',#838,#6061,#6319,.F.);
#6319=LINE('',#6320,#6321);
#6320=CARTESIAN_POINT('',(0.008906245,-0.509202651,0.162856999));
#6321=VECTOR('',#6322,1.0);
#6322=DIRECTION('',(0.0,0.999847695,-0.017452406));
#6323=ORIENTED_EDGE('',*,*,#6060,.F.);
#6324=ORIENTED_EDGE('',*,*,#6301,.F.);
#6325=B_SPLINE_SURFACE_WITH_KNOTS('',3,1,((#6326,#6327),(#6328,#6329),(#6330,#6331),(#6332,#6333)),.UNSPECIFIED.,.F.,.F.,.U.,(4,4),(2,2),(9.0,10.0),(0.0,1.0),.PIECEWISE_BEZIER_KNOTS.);
#6326=CARTESIAN_POINT('',(0.013725523,-0.509119904,0.167597573));
#6327=CARTESIAN_POINT('',(0.013725523,-0.499121427,0.167423049));
#6328=CARTESIAN_POINT('',(0.010512671,-0.509127707,0.167150545));
#6329=CARTESIAN_POINT('',(0.010512671,-0.49912923,0.166976021));
#6330=CARTESIAN_POINT('',(0.008906245,-0.50915529,0.165570354));
#6331=CARTESIAN_POINT('',(0.008906245,-0.499156813,0.16539583));
#6332=CARTESIAN_POINT('',(0.008906245,-0.509202651,0.162856999));
#6333=CARTESIAN_POINT('',(0.008906245,-0.499204174,0.162682475));
#6334=ADVANCED_FACE('',(#6335),#6346,.F.);
#6335=FACE_BOUND('',#6336,.T.);
#6336=EDGE_LOOP('',(#6337,#6338,#6344,#6345));
#6337=ORIENTED_EDGE('',*,*,#837,.F.);
#6338=ORIENTED_EDGE('',*,*,#6339,.T.);
#6339=EDGE_CURVE('',#829,#6070,#6340,.F.);
#6340=LINE('',#6341,#6342);
#6341=CARTESIAN_POINT('',(0.010153955,-0.509256546,0.159769389));
#6342=VECTOR('',#6343,1.0);
#6343=DIRECTION('',(0.0,0.999847695,-0.017452406));
#6344=ORIENTED_EDGE('',*,*,#6069,.F.);
#6345=ORIENTED_EDGE('',*,*,#6318,.F.);
#6346=B_SPLINE_SURFACE_WITH_KNOTS('',3,1,((#6347,#6348),(#6349,#6350),(#6351,#6352),(#6353,#6354)),.UNSPECIFIED.,.F.,.F.,.U.,(4,4),(2,2),(8.0,9.0),(0.0,1.0),.PIECEWISE_BEZIER_KNOTS.);
#6347=CARTESIAN_POINT('',(0.008906245,-0.509202651,0.162856999));
#6348=CARTESIAN_POINT('',(0.008906245,-0.499204174,0.162682475));
#6349=CARTESIAN_POINT('',(0.008906245,-0.509225334,0.1615575));
#6350=CARTESIAN_POINT('',(0.008906245,-0.499226857,0.161382976));
#6351=CARTESIAN_POINT('',(0.009322149,-0.509243299,0.160528296));
#6352=CARTESIAN_POINT('',(0.009322149,-0.499244822,0.160353772));
#6353=CARTESIAN_POINT('',(0.010153955,-0.509256546,0.159769389));
#6354=CARTESIAN_POINT('',(0.010153955,-0.499258069,0.159594864));
#6355=ADVANCED_FACE('',(#6356),#6367,.F.);
#6356=FACE_BOUND('',#6357,.T.);
#6357=EDGE_LOOP('',(#6358,#6359,#6365,#6366));
#6358=ORIENTED_EDGE('',*,*,#828,.F.);
#6359=ORIENTED_EDGE('',*,*,#6360,.T.);
#6360=EDGE_CURVE('',#820,#6079,#6361,.F.);
#6361=LINE('',#6362,#6363);
#6362=CARTESIAN_POINT('',(0.013512373,-0.509276507,0.158625829));
#6363=VECTOR('',#6364,1.0);
#6364=DIRECTION('',(0.0,0.999847695,-0.017452406));
#6365=ORIENTED_EDGE('',*,*,#6078,.F.);
#6366=ORIENTED_EDGE('',*,*,#6339,.F.);
#6367=B_SPLINE_SURFACE_WITH_KNOTS('',3,1,((#6368,#6369),(#6370,#6371),(#6372,#6373),(#6374,#6375)),.UNSPECIFIED.,.F.,.F.,.U.,(4,4),(2,2),(7.0,8.0),(0.0,1.0),.PIECEWISE_BEZIER_KNOTS.);
#6368=CARTESIAN_POINT('',(0.010153955,-0.509256546,0.159769389));
#6369=CARTESIAN_POINT('',(0.010153955,-0.499258069,0.159594864));
#6370=CARTESIAN_POINT('',(0.010985761,-0.509269793,0.159010481));
#6371=CARTESIAN_POINT('',(0.010985761,-0.499271316,0.158835957));
#6372=CARTESIAN_POINT('',(0.012103501,-0.509276507,0.158625829));
#6373=CARTESIAN_POINT('',(0.012103501,-0.49927803,0.158451305));
#6374=CARTESIAN_POINT('',(0.013512373,-0.509276507,0.158625829));
#6375=CARTESIAN_POINT('',(0.013512373,-0.49927803,0.158451305));
#6376=ADVANCED_FACE('',(#6377),#6388,.F.);
#6377=FACE_BOUND('',#6378,.T.);
#6378=EDGE_LOOP('',(#6379,#6380,#6386,#6387));
#6379=ORIENTED_EDGE('',*,*,#819,.F.);
#6380=ORIENTED_EDGE('',*,*,#6381,.T.);
#6381=EDGE_CURVE('',#812,#6088,#6382,.F.);
#6382=LINE('',#6383,#6384);
#6383=CARTESIAN_POINT('',(0.017962537,-0.509231323,0.161214432));
#6384=VECTOR('',#6385,1.0);
#6385=DIRECTION('',(0.0,0.999847695,-0.017452406));
#6386=ORIENTED_EDGE('',*,*,#6087,.F.);
#6387=ORIENTED_EDGE('',*,*,#6360,.F.);
#6388=B_SPLINE_SURFACE_WITH_KNOTS('',3,1,((#6389,#6390),(#6391,#6392),(#6393,#6394),(#6395,#6396)),.UNSPECIFIED.,.F.,.F.,.U.,(4,4),(2,2),(6.0,7.0),(0.0,1.0),.PIECEWISE_BEZIER_KNOTS.);
#6389=CARTESIAN_POINT('',(0.013512373,-0.509276507,0.158625829));
#6390=CARTESIAN_POINT('',(0.013512373,-0.49927803,0.158451305));
#6391=CARTESIAN_POINT('',(0.015472317,-0.509276507,0.158625829));
#6392=CARTESIAN_POINT('',(0.015472317,-0.49927803,0.158451305));
#6393=CARTESIAN_POINT('',(0.016959171,-0.509261445,0.159488697));
#6394=CARTESIAN_POINT('',(0.016959171,-0.499262968,0.159314173));
#6395=CARTESIAN_POINT('',(0.017962537,-0.509231323,0.161214432));
#6396=CARTESIAN_POINT('',(0.017962537,-0.499232846,0.161039908));
#6397=ADVANCED_FACE('',(#6398),#6409,.F.);
#6398=FACE_BOUND('',#6399,.T.);
#6399=EDGE_LOOP('',(#6400,#6401,#6407,#6408));
#6400=ORIENTED_EDGE('',*,*,#811,.F.);
#6401=ORIENTED_EDGE('',*,*,#6402,.T.);
#6402=EDGE_CURVE('',#804,#6097,#6403,.F.);
#6403=LINE('',#6404,#6405);
#6404=CARTESIAN_POINT('',(0.018030121,-0.509231323,0.161214432));
#6405=VECTOR('',#6406,1.0);
#6406=DIRECTION('',(0.0,0.999847695,-0.017452406));
#6407=ORIENTED_EDGE('',*,*,#6096,.F.);
#6408=ORIENTED_EDGE('',*,*,#6381,.F.);
#6409=PLANE('',#6410);
#6410=AXIS2_PLACEMENT_3D('',#6411,#6412,#6413);
#6411=CARTESIAN_POINT('',(0.018030121,-0.509231323,0.161214432));
#6412=DIRECTION('',(0.0,0.017452406,0.999847695));
#6413=DIRECTION('',(0.0,-0.999847695,0.017452406));
#6414=ADVANCED_FACE('',(#6415),#6426,.F.);
#6415=FACE_BOUND('',#6416,.T.);
#6416=EDGE_LOOP('',(#6417,#6418,#6424,#6425));
#6417=ORIENTED_EDGE('',*,*,#803,.F.);
#6418=ORIENTED_EDGE('',*,*,#6419,.T.);
#6419=EDGE_CURVE('',#796,#6105,#6420,.F.);
#6420=LINE('',#6421,#6422);
#6421=CARTESIAN_POINT('',(0.018030121,-0.509270519,0.158968897));
#6422=VECTOR('',#6423,1.0);
#6423=DIRECTION('',(0.0,0.999847695,-0.017452406));
#6424=ORIENTED_EDGE('',*,*,#6104,.F.);
#6425=ORIENTED_EDGE('',*,*,#6402,.F.);
#6426=PLANE('',#6427);
#6427=AXIS2_PLACEMENT_3D('',#6428,#6429,#6430);
#6428=CARTESIAN_POINT('',(0.018030121,-0.509270519,0.158968897));
#6429=DIRECTION('',(1.0,0.0,0.0));
#6430=DIRECTION('',(0.0,0.0,-1.0));
#6431=ADVANCED_FACE('',(#6432),#6443,.F.);
#6432=FACE_BOUND('',#6433,.T.);
#6433=EDGE_LOOP('',(#6434,#6435,#6441,#6442));
#6434=ORIENTED_EDGE('',*,*,#795,.F.);
#6435=ORIENTED_EDGE('',*,*,#6436,.T.);
#6436=EDGE_CURVE('',#788,#6113,#6437,.F.);
#6437=LINE('',#6438,#6439);
#6438=CARTESIAN_POINT('',(0.020577528,-0.509270519,0.158968897));
#6439=VECTOR('',#6440,1.0);
#6440=DIRECTION('',(0.0,0.999847695,-0.017452406));
#6441=ORIENTED_EDGE('',*,*,#6112,.F.);
#6442=ORIENTED_EDGE('',*,*,#6419,.F.);
#6443=PLANE('',#6444);
#6444=AXIS2_PLACEMENT_3D('',#6445,#6446,#6447);
#6445=CARTESIAN_POINT('',(0.020577528,-0.509270519,0.158968897));
#6446=DIRECTION('',(0.0,0.017452406,0.999847695));
#6447=DIRECTION('',(0.0,-0.999847695,0.017452406));
#6448=ADVANCED_FACE('',(#6449),#6460,.F.);
#6449=FACE_BOUND('',#6450,.T.);
#6450=EDGE_LOOP('',(#6451,#6452,#6458,#6459));
#6451=ORIENTED_EDGE('',*,*,#787,.F.);
#6452=ORIENTED_EDGE('',*,*,#6453,.T.);
#6453=EDGE_CURVE('',#779,#6121,#6454,.F.);
#6454=LINE('',#6455,#6456);
#6455=CARTESIAN_POINT('',(0.020577528,-0.509107383,0.168314897));
#6456=VECTOR('',#6457,1.0);
#6457=DIRECTION('',(0.0,0.999847695,-0.017452406));
#6458=ORIENTED_EDGE('',*,*,#6120,.F.);
#6459=ORIENTED_EDGE('',*,*,#6436,.F.);
#6460=PLANE('',#6461);
#6461=AXIS2_PLACEMENT_3D('',#6462,#6463,#6464);
#6462=CARTESIAN_POINT('',(0.020577528,-0.509107383,0.168314897));
#6463=DIRECTION('',(-1.0,0.0,0.0));
#6464=DIRECTION('',(0.0,0.0,1.0));
#6465=ADVANCED_FACE('',(#6466),#6472,.F.);
#6466=FACE_BOUND('',#6467,.T.);
#6467=EDGE_LOOP('',(#6468,#6469,#6470,#6471));
#6468=ORIENTED_EDGE('',*,*,#778,.F.);
#6469=ORIENTED_EDGE('',*,*,#6223,.F.);
#6470=ORIENTED_EDGE('',*,*,#6128,.F.);
#6471=ORIENTED_EDGE('',*,*,#6453,.F.);
#6472=B_SPLINE_SURFACE_WITH_KNOTS('',3,1,((#6473,#6474),(#6475,#6476),(#6477,#6478),(#6479,#6480)),.UNSPECIFIED.,.F.,.F.,.U.,(4,4),(2,2),(1.0,2.0),(0.0,1.0),.PIECEWISE_BEZIER_KNOTS.);
#6473=CARTESIAN_POINT('',(0.020577528,-0.509107383,0.168314897));
#6474=CARTESIAN_POINT('',(0.020577528,-0.499108907,0.168140373));
#6475=CARTESIAN_POINT('',(0.020577528,-0.509043146,0.171995079));
#6476=CARTESIAN_POINT('',(0.020577528,-0.499044669,0.171820555));
#6477=CARTESIAN_POINT('',(0.018825536,-0.509011208,0.173824775));
#6478=CARTESIAN_POINT('',(0.018825536,-0.499012731,0.17365025));
#6479=CARTESIAN_POINT('',(0.015326751,-0.509011208,0.173824775));
#6480=CARTESIAN_POINT('',(0.015326751,-0.499012731,0.17365025));
#6481=ADVANCED_FACE('',(#6482),#6508,.T.);
#6482=FACE_BOUND('',#6483,.T.);
#6483=EDGE_LOOP('',(#6484,#6495,#6501,#6502));
#6484=ORIENTED_EDGE('',*,*,#6485,.T.);
#6485=EDGE_CURVE('',#6486,#6488,#6490,.F.);
#6486=VERTEX_POINT('',#6487);
#6487=CARTESIAN_POINT('',(0.012165887,-0.499168426,0.164730486));
#6488=VERTEX_POINT('',#6489);
#6489=CARTESIAN_POINT('',(0.014630113,-0.499152821,0.165624542));
#6490=B_SPLINE_CURVE_WITH_KNOTS('',3,(#6491,#6492,#6493,#6494),.UNSPECIFIED.,.F.,.U.,(4,4),(0.0,1.0),.PIECEWISE_BEZIER_KNOTS.);
#6491=CARTESIAN_POINT('',(0.014630113,-0.499152821,0.165624542));
#6492=CARTESIAN_POINT('',(0.01343959,-0.499155724,0.165458206));
#6493=CARTESIAN_POINT('',(0.012618181,-0.499160805,0.165167118));
#6494=CARTESIAN_POINT('',(0.012165887,-0.499168426,0.164730486));
#6495=ORIENTED_EDGE('',*,*,#6496,.T.);
#6496=EDGE_CURVE('',#6488,#6149,#6497,.F.);
#6497=LINE('',#6498,#6499);
#6498=CARTESIAN_POINT('',(0.014630113,-0.509151297,0.165799066));
#6499=VECTOR('',#6500,1.0);
#6500=DIRECTION('',(0.0,0.999847695,-0.017452406));
#6501=ORIENTED_EDGE('',*,*,#6148,.F.);
#6502=ORIENTED_EDGE('',*,*,#6503,.T.);
#6503=EDGE_CURVE('',#6140,#6486,#6504,.T.);
#6504=LINE('',#6505,#6506);
#6505=CARTESIAN_POINT('',(0.012165887,-0.509166903,0.16490501));
#6506=VECTOR('',#6507,1.0);
#6507=DIRECTION('',(0.0,0.999847695,-0.017452406));
#6508=B_SPLINE_SURFACE_WITH_KNOTS('',3,1,((#6509,#6510),(#6511,#6512),(#6513,#6514),(#6515,#6516)),.UNSPECIFIED.,.F.,.F.,.U.,(4,4),(2,2),(0.0,1.0),(0.0,1.0),.PIECEWISE_BEZIER_KNOTS.);
#6509=CARTESIAN_POINT('',(0.014630113,-0.509151297,0.165799066));
#6510=CARTESIAN_POINT('',(0.014630113,-0.499152821,0.165624542));
#6511=CARTESIAN_POINT('',(0.01343959,-0.509154201,0.16563273));
#6512=CARTESIAN_POINT('',(0.01343959,-0.499155724,0.165458206));
#6513=CARTESIAN_POINT('',(0.012618181,-0.509159282,0.165341642));
#6514=CARTESIAN_POINT('',(0.012618181,-0.499160805,0.165167118));
#6515=CARTESIAN_POINT('',(0.012165887,-0.509166903,0.16490501));
#6516=CARTESIAN_POINT('',(0.012165887,-0.499168426,0.164730486));
#6517=ADVANCED_FACE('',(#6518),#6537,.T.);
#6518=FACE_BOUND('',#6519,.T.);
#6519=EDGE_LOOP('',(#6520,#6529,#6530,#6531));
#6520=ORIENTED_EDGE('',*,*,#6521,.T.);
#6521=EDGE_CURVE('',#6522,#6486,#6524,.F.);
#6522=VERTEX_POINT('',#6523);
#6523=CARTESIAN_POINT('',(0.011490044,-0.499200545,0.162890395));
#6524=B_SPLINE_CURVE_WITH_KNOTS('',3,(#6525,#6526,#6527,#6528),.UNSPECIFIED.,.F.,.U.,(4,4),(1.0,2.0),.PIECEWISE_BEZIER_KNOTS.);
#6525=CARTESIAN_POINT('',(0.012165887,-0.499168426,0.164730486));
#6526=CARTESIAN_POINT('',(0.011718791,-0.499176048,0.164293854));
#6527=CARTESIAN_POINT('',(0.011490044,-0.499186754,0.163680491));
#6528=CARTESIAN_POINT('',(0.011490044,-0.499200545,0.162890395));
#6529=ORIENTED_EDGE('',*,*,#6503,.F.);
#6530=ORIENTED_EDGE('',*,*,#6137,.F.);
#6531=ORIENTED_EDGE('',*,*,#6532,.T.);
#6532=EDGE_CURVE('',#6138,#6522,#6533,.T.);
#6533=LINE('',#6534,#6535);
#6534=CARTESIAN_POINT('',(0.011490044,-0.509199022,0.163064919));
#6535=VECTOR('',#6536,1.0);
#6536=DIRECTION('',(0.0,0.999847695,-0.017452406));
#6537=B_SPLINE_SURFACE_WITH_KNOTS('',3,1,((#6538,#6539),(#6540,#6541),(#6542,#6543),(#6544,#6545)),.UNSPECIFIED.,.F.,.F.,.U.,(4,4),(2,2),(1.0,2.0),(0.0,1.0),.PIECEWISE_BEZIER_KNOTS.);
#6538=CARTESIAN_POINT('',(0.012165887,-0.509166903,0.16490501));
#6539=CARTESIAN_POINT('',(0.012165887,-0.499168426,0.164730486));
#6540=CARTESIAN_POINT('',(0.011718791,-0.509174525,0.164468379));
#6541=CARTESIAN_POINT('',(0.011718791,-0.499176048,0.164293854));
#6542=CARTESIAN_POINT('',(0.011490044,-0.509185231,0.163855015));
#6543=CARTESIAN_POINT('',(0.011490044,-0.499186754,0.163680491));
#6544=CARTESIAN_POINT('',(0.011490044,-0.509199022,0.163064919));
#6545=CARTESIAN_POINT('',(0.011490044,-0.499200545,0.162890395));
#6546=ADVANCED_FACE('',(#6547),#6566,.T.);
#6547=FACE_BOUND('',#6548,.T.);
#6548=EDGE_LOOP('',(#6549,#6558,#6559,#6560));
#6549=ORIENTED_EDGE('',*,*,#6550,.T.);
#6550=EDGE_CURVE('',#6551,#6522,#6553,.F.);
#6551=VERTEX_POINT('',#6552);
#6552=CARTESIAN_POINT('',(0.012228272,-0.499230124,0.161195848));
#6553=B_SPLINE_CURVE_WITH_KNOTS('',3,(#6554,#6555,#6556,#6557),.UNSPECIFIED.,.F.,.U.,(4,4),(2.0,3.0),.PIECEWISE_BEZIER_KNOTS.);
#6554=CARTESIAN_POINT('',(0.011490044,-0.499200545,0.162890395));
#6555=CARTESIAN_POINT('',(0.011490044,-0.499212703,0.162193863));
#6556=CARTESIAN_POINT('',(0.011734387,-0.499222502,0.16163248));
#6557=CARTESIAN_POINT('',(0.012228272,-0.499230124,0.161195848));
#6558=ORIENTED_EDGE('',*,*,#6532,.F.);
#6559=ORIENTED_EDGE('',*,*,#6200,.F.);
#6560=ORIENTED_EDGE('',*,*,#6561,.T.);
#6561=EDGE_CURVE('',#6192,#6551,#6562,.T.);
#6562=LINE('',#6563,#6564);
#6563=CARTESIAN_POINT('',(0.012228272,-0.509228601,0.161370372));
#6564=VECTOR('',#6565,1.0);
#6565=DIRECTION('',(0.0,0.999847695,-0.017452406));
#6566=B_SPLINE_SURFACE_WITH_KNOTS('',3,1,((#6567,#6568),(#6569,#6570),(#6571,#6572),(#6573,#6574)),.UNSPECIFIED.,.F.,.F.,.U.,(4,4),(2,2),(2.0,3.0),(0.0,1.0),.PIECEWISE_BEZIER_KNOTS.);
#6567=CARTESIAN_POINT('',(0.011490044,-0.509199022,0.163064919));
#6568=CARTESIAN_POINT('',(0.011490044,-0.499200545,0.162890395));
#6569=CARTESIAN_POINT('',(0.011490044,-0.50921118,0.162368387));
#6570=CARTESIAN_POINT('',(0.011490044,-0.499212703,0.162193863));
#6571=CARTESIAN_POINT('',(0.011734387,-0.509220979,0.161807004));
#6572=CARTESIAN_POINT('',(0.011734387,-0.499222502,0.16163248));
#6573=CARTESIAN_POINT('',(0.012228272,-0.509228601,0.161370372));
#6574=CARTESIAN_POINT('',(0.012228272,-0.499230124,0.161195848));
#6575=ADVANCED_FACE('',(#6576),#6595,.T.);
#6576=FACE_BOUND('',#6577,.T.);
#6577=EDGE_LOOP('',(#6578,#6587,#6588,#6589));
#6578=ORIENTED_EDGE('',*,*,#6579,.T.);
#6579=EDGE_CURVE('',#6580,#6551,#6582,.F.);
#6580=VERTEX_POINT('',#6581);
#6581=CARTESIAN_POINT('',(0.014172619,-0.499241556,0.1605409));
#6582=B_SPLINE_CURVE_WITH_KNOTS('',3,(#6583,#6584,#6585,#6586),.UNSPECIFIED.,.F.,.U.,(4,4),(3.0,4.0),.PIECEWISE_BEZIER_KNOTS.);
#6583=CARTESIAN_POINT('',(0.012228272,-0.499230124,0.161195848));
#6584=CARTESIAN_POINT('',(0.012716958,-0.499237745,0.160759216));
#6585=CARTESIAN_POINT('',(0.013366807,-0.499241556,0.1605409));
#6586=CARTESIAN_POINT('',(0.014172619,-0.499241556,0.1605409));
#6587=ORIENTED_EDGE('',*,*,#6561,.F.);
#6588=ORIENTED_EDGE('',*,*,#6191,.F.);
#6589=ORIENTED_EDGE('',*,*,#6590,.T.);
#6590=EDGE_CURVE('',#6183,#6580,#6591,.T.);
#6591=LINE('',#6592,#6593);
#6592=CARTESIAN_POINT('',(0.014172619,-0.509240033,0.160715424));
#6593=VECTOR('',#6594,1.0);
#6594=DIRECTION('',(0.0,0.999847695,-0.017452406));
#6595=B_SPLINE_SURFACE_WITH_KNOTS('',3,1,((#6596,#6597),(#6598,#6599),(#6600,#6601),(#6602,#6603)),.UNSPECIFIED.,.F.,.F.,.U.,(4,4),(2,2),(3.0,4.0),(0.0,1.0),.PIECEWISE_BEZIER_KNOTS.);
#6596=CARTESIAN_POINT('',(0.012228272,-0.509228601,0.161370372));
#6597=CARTESIAN_POINT('',(0.012228272,-0.499230124,0.161195848));
#6598=CARTESIAN_POINT('',(0.012716958,-0.509236222,0.16093374));
#6599=CARTESIAN_POINT('',(0.012716958,-0.499237745,0.160759216));
#6600=CARTESIAN_POINT('',(0.013366807,-0.509240033,0.160715424));
#6601=CARTESIAN_POINT('',(0.013366807,-0.499241556,0.1605409));
#6602=CARTESIAN_POINT('',(0.014172619,-0.509240033,0.160715424));
#6603=CARTESIAN_POINT('',(0.014172619,-0.499241556,0.1605409));
#6604=ADVANCED_FACE('',(#6605),#6624,.T.);
#6605=FACE_BOUND('',#6606,.T.);
#6606=EDGE_LOOP('',(#6607,#6616,#6617,#6618));
#6607=ORIENTED_EDGE('',*,*,#6608,.T.);
#6608=EDGE_CURVE('',#6609,#6580,#6611,.F.);
#6609=VERTEX_POINT('',#6610);
#6610=CARTESIAN_POINT('',(0.016938375,-0.499220869,0.161726044));
#6611=B_SPLINE_CURVE_WITH_KNOTS('',3,(#6612,#6613,#6614,#6615),.UNSPECIFIED.,.F.,.U.,(4,4),(4.0,5.0),.PIECEWISE_BEZIER_KNOTS.);
#6612=CARTESIAN_POINT('',(0.014172619,-0.499241556,0.1605409));
#6613=CARTESIAN_POINT('',(0.015290359,-0.499241556,0.1605409));
#6614=CARTESIAN_POINT('',(0.016215744,-0.49923466,0.160935948));
#6615=CARTESIAN_POINT('',(0.016938375,-0.499220869,0.161726044));
#6616=ORIENTED_EDGE('',*,*,#6590,.F.);
#6617=ORIENTED_EDGE('',*,*,#6182,.F.);
#6618=ORIENTED_EDGE('',*,*,#6619,.T.);
#6619=EDGE_CURVE('',#6174,#6609,#6620,.T.);
#6620=LINE('',#6621,#6622);
#6621=CARTESIAN_POINT('',(0.016938375,-0.509219346,0.161900568));
#6622=VECTOR('',#6623,1.0);
#6623=DIRECTION('',(0.0,0.999847695,-0.017452406));
#6624=B_SPLINE_SURFACE_WITH_KNOTS('',3,1,((#6625,#6626),(#6627,#6628),(#6629,#6630),(#6631,#6632)),.UNSPECIFIED.,.F.,.F.,.U.,(4,4),(2,2),(4.0,5.0),(0.0,1.0),.PIECEWISE_BEZIER_KNOTS.);
#6625=CARTESIAN_POINT('',(0.014172619,-0.509240033,0.160715424));
#6626=CARTESIAN_POINT('',(0.014172619,-0.499241556,0.1605409));
#6627=CARTESIAN_POINT('',(0.015290359,-0.509240033,0.160715424));
#6628=CARTESIAN_POINT('',(0.015290359,-0.499241556,0.1605409));
#6629=CARTESIAN_POINT('',(0.016215744,-0.509233137,0.161110472));
#6630=CARTESIAN_POINT('',(0.016215744,-0.49923466,0.160935948));
#6631=CARTESIAN_POINT('',(0.016938375,-0.509219346,0.161900568));
#6632=CARTESIAN_POINT('',(0.016938375,-0.499220869,0.161726044));
#6633=ADVANCED_FACE('',(#6634),#6653,.T.);
#6634=FACE_BOUND('',#6635,.T.);
#6635=EDGE_LOOP('',(#6636,#6645,#6646,#6647));
#6636=ORIENTED_EDGE('',*,*,#6637,.T.);
#6637=EDGE_CURVE('',#6638,#6609,#6640,.F.);
#6638=VERTEX_POINT('',#6639);
#6639=CARTESIAN_POINT('',(0.018030121,-0.499169152,0.164688902));
#6640=B_SPLINE_CURVE_WITH_KNOTS('',3,(#6641,#6642,#6643,#6644),.UNSPECIFIED.,.F.,.U.,(4,4),(5.0,6.0),.PIECEWISE_BEZIER_KNOTS.);
#6641=CARTESIAN_POINT('',(0.016938375,-0.499220869,0.161726044));
#6642=CARTESIAN_POINT('',(0.017666206,-0.499207259,0.162505743));
#6643=CARTESIAN_POINT('',(0.018030121,-0.49919002,0.163493363));
#6644=CARTESIAN_POINT('',(0.018030121,-0.499169152,0.164688902));
#6645=ORIENTED_EDGE('',*,*,#6619,.F.);
#6646=ORIENTED_EDGE('',*,*,#6173,.F.);
#6647=ORIENTED_EDGE('',*,*,#6648,.T.);
#6648=EDGE_CURVE('',#6166,#6638,#6649,.T.);
#6649=LINE('',#6650,#6651);
#6650=CARTESIAN_POINT('',(0.018030121,-0.509167629,0.164863426));
#6651=VECTOR('',#6652,1.0);
#6652=DIRECTION('',(0.0,0.999847695,-0.017452406));
#6653=B_SPLINE_SURFACE_WITH_KNOTS('',3,1,((#6654,#6655),(#6656,#6657),(#6658,#6659),(#6660,#6661)),.UNSPECIFIED.,.F.,.F.,.U.,(4,4),(2,2),(5.0,6.0),(0.0,1.0),.PIECEWISE_BEZIER_KNOTS.);
#6654=CARTESIAN_POINT('',(0.016938375,-0.509219346,0.161900568));
#6655=CARTESIAN_POINT('',(0.016938375,-0.499220869,0.161726044));
#6656=CARTESIAN_POINT('',(0.017666206,-0.509205736,0.162680267));
#6657=CARTESIAN_POINT('',(0.017666206,-0.499207259,0.162505743));
#6658=CARTESIAN_POINT('',(0.018030121,-0.509188497,0.163667887));
#6659=CARTESIAN_POINT('',(0.018030121,-0.49919002,0.163493363));
#6660=CARTESIAN_POINT('',(0.018030121,-0.509167629,0.164863426));
#6661=CARTESIAN_POINT('',(0.018030121,-0.499169152,0.164688902));
#6662=ADVANCED_FACE('',(#6663),#6681,.T.);
#6663=FACE_BOUND('',#6664,.T.);
#6664=EDGE_LOOP('',(#6665,#6673,#6674,#6675));
#6665=ORIENTED_EDGE('',*,*,#6666,.T.);
#6666=EDGE_CURVE('',#6667,#6638,#6669,.F.);
#6667=VERTEX_POINT('',#6668);
#6668=CARTESIAN_POINT('',(0.018030121,-0.499144836,0.166081966));
#6669=LINE('',#6670,#6671);
#6670=CARTESIAN_POINT('',(0.018030121,-0.499169152,0.164688902));
#6671=VECTOR('',#6672,1.0);
#6672=DIRECTION('',(0.0,0.017452406,0.999847695));
#6673=ORIENTED_EDGE('',*,*,#6648,.F.);
#6674=ORIENTED_EDGE('',*,*,#6165,.F.);
#6675=ORIENTED_EDGE('',*,*,#6676,.T.);
#6676=EDGE_CURVE('',#6158,#6667,#6677,.T.);
#6677=LINE('',#6678,#6679);
#6678=CARTESIAN_POINT('',(0.018030121,-0.509143313,0.16625649));
#6679=VECTOR('',#6680,1.0);
#6680=DIRECTION('',(0.0,0.999847695,-0.017452406));
#6681=PLANE('',#6682);
#6682=AXIS2_PLACEMENT_3D('',#6683,#6684,#6685);
#6683=CARTESIAN_POINT('',(0.018030121,-0.509167629,0.164863426));
#6684=DIRECTION('',(-1.0,0.0,0.0));
#6685=DIRECTION('',(0.0,0.0,1.0));
#6686=ADVANCED_FACE('',(#6687),#6698,.T.);
#6687=FACE_BOUND('',#6688,.T.);
#6688=EDGE_LOOP('',(#6689,#6695,#6696,#6697));
#6689=ORIENTED_EDGE('',*,*,#6690,.T.);
#6690=EDGE_CURVE('',#6488,#6667,#6691,.F.);
#6691=LINE('',#6692,#6693);
#6692=CARTESIAN_POINT('',(0.018030121,-0.499144836,0.166081966));
#6693=VECTOR('',#6694,1.0);
#6694=DIRECTION('',(-0.991068366,-0.002327362,-0.133334454));
#6695=ORIENTED_EDGE('',*,*,#6676,.F.);
#6696=ORIENTED_EDGE('',*,*,#6157,.F.);
#6697=ORIENTED_EDGE('',*,*,#6496,.F.);
#6698=PLANE('',#6699);
#6699=AXIS2_PLACEMENT_3D('',#6700,#6701,#6702);
#6700=CARTESIAN_POINT('',(0.018030121,-0.509143313,0.16625649));
#6701=DIRECTION('',(0.133354765,-0.017296528,-0.990917422));
#6702=DIRECTION('',(-0.991065681,-8.051285333E-15,-0.133374717));
#6703=ADVANCED_FACE('',(#6704),#6714,.T.);
#6704=FACE_BOUND('',#6705,.T.);
#6705=EDGE_LOOP('',(#6706,#6707,#6708,#6709,#6710,#6711,#6712,#6713));
#6706=ORIENTED_EDGE('',*,*,#6485,.F.);
#6707=ORIENTED_EDGE('',*,*,#6521,.F.);
#6708=ORIENTED_EDGE('',*,*,#6550,.F.);
#6709=ORIENTED_EDGE('',*,*,#6579,.F.);
#6710=ORIENTED_EDGE('',*,*,#6608,.F.);
#6711=ORIENTED_EDGE('',*,*,#6637,.F.);
#6712=ORIENTED_EDGE('',*,*,#6666,.F.);
#6713=ORIENTED_EDGE('',*,*,#6690,.F.);
#6714=PLANE('',#6715);
#6715=AXIS2_PLACEMENT_3D('',#6716,#6717,#6718);
#6716=CARTESIAN_POINT('',(-0.5000508,-0.4999492,0.119999997));
#6717=DIRECTION('',(0.0,-0.999847695,0.017452406));
#6718=DIRECTION('',(0.0,-0.017452406,-0.999847695));
#6719=ADVANCED_FACE('',(#6720),#6746,.F.);
#6720=FACE_BOUND('',#6721,.T.);
#6721=EDGE_LOOP('',(#6722,#6723,#6731,#6740));
#6722=ORIENTED_EDGE('',*,*,#580,.F.);
#6723=ORIENTED_EDGE('',*,*,#6724,.T.);
#6724=EDGE_CURVE('',#573,#6725,#6727,.F.);
#6725=VERTEX_POINT('',#6726);
#6726=CARTESIAN_POINT('',(0.024029524,-0.509215717,0.162108488));
#6727=LINE('',#6728,#6729);
#6728=CARTESIAN_POINT('',(0.024029524,-0.509215717,0.162108488));
#6729=VECTOR('',#6730,1.0);
#6730=DIRECTION('',(0.0,0.999847695,-0.017452406));
#6731=ORIENTED_EDGE('',*,*,#6732,.T.);
#6732=EDGE_CURVE('',#6725,#6733,#6735,.F.);
#6733=VERTEX_POINT('',#6734);
#6734=CARTESIAN_POINT('',(0.028219749,-0.509240214,0.160705028));
#6735=B_SPLINE_CURVE_WITH_KNOTS('',3,(#6736,#6737,#6738,#6739),.UNSPECIFIED.,.F.,.U.,(4,4),(0.0,1.0),.PIECEWISE_BEZIER_KNOTS.);
#6736=CARTESIAN_POINT('',(0.028219749,-0.509240214,0.160705028));
#6737=CARTESIAN_POINT('',(0.026722497,-0.509240214,0.160705028));
#6738=CARTESIAN_POINT('',(0.025329222,-0.509232048,0.161172848));
#6739=CARTESIAN_POINT('',(0.024029524,-0.509215717,0.162108488));
#6740=ORIENTED_EDGE('',*,*,#6741,.T.);
#6741=EDGE_CURVE('',#6733,#581,#6742,.T.);
#6742=LINE('',#6743,#6744);
#6743=CARTESIAN_POINT('',(0.028219749,-0.509240214,0.160705028));
#6744=VECTOR('',#6745,1.0);
#6745=DIRECTION('',(0.0,0.999847695,-0.017452406));
#6746=B_SPLINE_SURFACE_WITH_KNOTS('',3,1,((#6747,#6748),(#6749,#6750),(#6751,#6752),(#6753,#6754)),.UNSPECIFIED.,.F.,.F.,.U.,(4,4),(2,2),(0.0,1.0),(0.0,1.0),.PIECEWISE_BEZIER_KNOTS.);
#6747=CARTESIAN_POINT('',(0.028219749,-0.509240214,0.160705028));
#6748=CARTESIAN_POINT('',(0.028219749,-0.499241737,0.160530504));
#6749=CARTESIAN_POINT('',(0.026722497,-0.509240214,0.160705028));
#6750=CARTESIAN_POINT('',(0.026722497,-0.499241737,0.160530504));
#6751=CARTESIAN_POINT('',(0.025329222,-0.509232048,0.161172848));
#6752=CARTESIAN_POINT('',(0.025329222,-0.499233571,0.160998324));
#6753=CARTESIAN_POINT('',(0.024029524,-0.509215717,0.162108488));
#6754=CARTESIAN_POINT('',(0.024029524,-0.49921724,0.161933963));
#6755=ADVANCED_FACE('',(#6756),#6774,.F.);
#6756=FACE_BOUND('',#6757,.T.);
#6757=EDGE_LOOP('',(#6758,#6759,#6767,#6773));
#6758=ORIENTED_EDGE('',*,*,#570,.F.);
#6759=ORIENTED_EDGE('',*,*,#6760,.T.);
#6760=EDGE_CURVE('',#571,#6761,#6763,.F.);
#6761=VERTEX_POINT('',#6762);
#6762=CARTESIAN_POINT('',(0.024029524,-0.509261627,0.159478301));
#6763=LINE('',#6764,#6765);
#6764=CARTESIAN_POINT('',(0.024029524,-0.509261627,0.159478301));
#6765=VECTOR('',#6766,1.0);
#6766=DIRECTION('',(0.0,0.999847695,-0.017452406));
#6767=ORIENTED_EDGE('',*,*,#6768,.T.);
#6768=EDGE_CURVE('',#6761,#6725,#6769,.F.);
#6769=LINE('',#6770,#6771);
#6770=CARTESIAN_POINT('',(0.024029524,-0.509261627,0.159478301));
#6771=VECTOR('',#6772,1.0);
#6772=DIRECTION('',(0.0,-0.017452406,-0.999847695));
#6773=ORIENTED_EDGE('',*,*,#6724,.F.);
#6774=PLANE('',#6775);
#6775=AXIS2_PLACEMENT_3D('',#6776,#6777,#6778);
#6776=CARTESIAN_POINT('',(0.024029524,-0.509261627,0.159478301));
#6777=DIRECTION('',(1.0,0.0,0.0));
#6778=DIRECTION('',(0.0,0.0,-1.0));
#6779=ADVANCED_FACE('',(#6780),#6799,.F.);
#6780=FACE_BOUND('',#6781,.T.);
#6781=EDGE_LOOP('',(#6782,#6783,#6791,#6798));
#6782=ORIENTED_EDGE('',*,*,#750,.F.);
#6783=ORIENTED_EDGE('',*,*,#6784,.T.);
#6784=EDGE_CURVE('',#742,#6785,#6787,.F.);
#6785=VERTEX_POINT('',#6786);
#6786=CARTESIAN_POINT('',(0.027970207,-0.509276507,0.158625829));
#6787=LINE('',#6788,#6789);
#6788=CARTESIAN_POINT('',(0.027970207,-0.509276507,0.158625829));
#6789=VECTOR('',#6790,1.0);
#6790=DIRECTION('',(0.0,0.999847695,-0.017452406));
#6791=ORIENTED_EDGE('',*,*,#6792,.T.);
#6792=EDGE_CURVE('',#6785,#6761,#6793,.F.);
#6793=B_SPLINE_CURVE_WITH_KNOTS('',3,(#6794,#6795,#6796,#6797),.UNSPECIFIED.,.F.,.U.,(4,4),(19.0,20.0),.PIECEWISE_BEZIER_KNOTS.);
#6794=CARTESIAN_POINT('',(0.024029524,-0.509261627,0.159478301));
#6795=CARTESIAN_POINT('',(0.025152463,-0.509271426,0.158916917));
#6796=CARTESIAN_POINT('',(0.026462558,-0.509276507,0.158625829));
#6797=CARTESIAN_POINT('',(0.027970207,-0.509276507,0.158625829));
#6798=ORIENTED_EDGE('',*,*,#6760,.F.);
#6799=B_SPLINE_SURFACE_WITH_KNOTS('',3,1,((#6800,#6801),(#6802,#6803),(#6804,#6805),(#6806,#6807)),.UNSPECIFIED.,.F.,.F.,.U.,(4,4),(2,2),(19.0,20.0),(0.0,1.0),.PIECEWISE_BEZIER_KNOTS.);
#6800=CARTESIAN_POINT('',(0.024029524,-0.509261627,0.159478301));
#6801=CARTESIAN_POINT('',(0.024029524,-0.49926315,0.159303777));
#6802=CARTESIAN_POINT('',(0.025152463,-0.509271426,0.158916917));
#6803=CARTESIAN_POINT('',(0.025152463,-0.499272949,0.158742393));
#6804=CARTESIAN_POINT('',(0.026462558,-0.509276507,0.158625829));
#6805=CARTESIAN_POINT('',(0.026462558,-0.49927803,0.158451305));
#6806=CARTESIAN_POINT('',(0.027970207,-0.509276507,0.158625829));
#6807=CARTESIAN_POINT('',(0.027970207,-0.49927803,0.158451305));
#6808=ADVANCED_FACE('',(#6809),#6828,.F.);
#6809=FACE_BOUND('',#6810,.T.);
#6810=EDGE_LOOP('',(#6811,#6812,#6820,#6827));
#6811=ORIENTED_EDGE('',*,*,#741,.F.);
#6812=ORIENTED_EDGE('',*,*,#6813,.T.);
#6813=EDGE_CURVE('',#733,#6814,#6816,.F.);
#6814=VERTEX_POINT('',#6815);
#6815=CARTESIAN_POINT('',(0.032202022,-0.509256364,0.159779785));
#6816=LINE('',#6817,#6818);
#6817=CARTESIAN_POINT('',(0.032202022,-0.509256364,0.159779785));
#6818=VECTOR('',#6819,1.0);
#6819=DIRECTION('',(0.0,0.999847695,-0.017452406));
#6820=ORIENTED_EDGE('',*,*,#6821,.T.);
#6821=EDGE_CURVE('',#6814,#6785,#6822,.F.);
#6822=B_SPLINE_CURVE_WITH_KNOTS('',3,(#6823,#6824,#6825,#6826),.UNSPECIFIED.,.F.,.U.,(4,4),(18.0,19.0),.PIECEWISE_BEZIER_KNOTS.);
#6823=CARTESIAN_POINT('',(0.027970207,-0.509276507,0.158625829));
#6824=CARTESIAN_POINT('',(0.029701404,-0.509276507,0.158625829));
#6825=CARTESIAN_POINT('',(0.031115475,-0.509269793,0.159010481));
#6826=CARTESIAN_POINT('',(0.032202022,-0.509256364,0.159779785));
#6827=ORIENTED_EDGE('',*,*,#6784,.F.);
#6828=B_SPLINE_SURFACE_WITH_KNOTS('',3,1,((#6829,#6830),(#6831,#6832),(#6833,#6834),(#6835,#6836)),.UNSPECIFIED.,.F.,.F.,.U.,(4,4),(2,2),(18.0,19.0),(0.0,1.0),.PIECEWISE_BEZIER_KNOTS.);
#6829=CARTESIAN_POINT('',(0.027970207,-0.509276507,0.158625829));
#6830=CARTESIAN_POINT('',(0.027970207,-0.49927803,0.158451305));
#6831=CARTESIAN_POINT('',(0.029701404,-0.509276507,0.158625829));
#6832=CARTESIAN_POINT('',(0.029701404,-0.49927803,0.158451305));
#6833=CARTESIAN_POINT('',(0.031115475,-0.509269793,0.159010481));
#6834=CARTESIAN_POINT('',(0.031115475,-0.499271316,0.158835957));
#6835=CARTESIAN_POINT('',(0.032202022,-0.509256364,0.159779785));
#6836=CARTESIAN_POINT('',(0.032202022,-0.499257887,0.15960526));
#6837=ADVANCED_FACE('',(#6838),#6857,.F.);
#6838=FACE_BOUND('',#6839,.T.);
#6839=EDGE_LOOP('',(#6840,#6841,#6849,#6856));
#6840=ORIENTED_EDGE('',*,*,#732,.F.);
#6841=ORIENTED_EDGE('',*,*,#6842,.T.);
#6842=EDGE_CURVE('',#724,#6843,#6845,.F.);
#6843=VERTEX_POINT('',#6844);
#6844=CARTESIAN_POINT('',(0.03383964,-0.509201563,0.162919375));
#6845=LINE('',#6846,#6847);
#6846=CARTESIAN_POINT('',(0.03383964,-0.509201563,0.162919375));
#6847=VECTOR('',#6848,1.0);
#6848=DIRECTION('',(0.0,0.999847695,-0.017452406));
#6849=ORIENTED_EDGE('',*,*,#6850,.T.);
#6850=EDGE_CURVE('',#6843,#6814,#6851,.F.);
#6851=B_SPLINE_CURVE_WITH_KNOTS('',3,(#6852,#6853,#6854,#6855),.UNSPECIFIED.,.F.,.U.,(4,4),(17.0,18.0),.PIECEWISE_BEZIER_KNOTS.);
#6852=CARTESIAN_POINT('',(0.032202022,-0.509256364,0.159779785));
#6853=CARTESIAN_POINT('',(0.033293767,-0.509243118,0.160538692));
#6854=CARTESIAN_POINT('',(0.03383964,-0.50922479,0.161588688));
#6855=CARTESIAN_POINT('',(0.03383964,-0.509201563,0.162919375));
#6856=ORIENTED_EDGE('',*,*,#6813,.F.);
#6857=B_SPLINE_SURFACE_WITH_KNOTS('',3,1,((#6858,#6859),(#6860,#6861),(#6862,#6863),(#6864,#6865)),.UNSPECIFIED.,.F.,.F.,.U.,(4,4),(2,2),(17.0,18.0),(0.0,1.0),.PIECEWISE_BEZIER_KNOTS.);
#6858=CARTESIAN_POINT('',(0.032202022,-0.509256364,0.159779785));
#6859=CARTESIAN_POINT('',(0.032202022,-0.499257887,0.15960526));
#6860=CARTESIAN_POINT('',(0.033293767,-0.509243118,0.160538692));
#6861=CARTESIAN_POINT('',(0.033293767,-0.499244641,0.160364168));
#6862=CARTESIAN_POINT('',(0.03383964,-0.50922479,0.161588688));
#6863=CARTESIAN_POINT('',(0.03383964,-0.499226313,0.161414164));
#6864=CARTESIAN_POINT('',(0.03383964,-0.509201563,0.162919375));
#6865=CARTESIAN_POINT('',(0.03383964,-0.499203086,0.162744851));
#6866=ADVANCED_FACE('',(#6867),#6886,.F.);
#6867=FACE_BOUND('',#6868,.T.);
#6868=EDGE_LOOP('',(#6869,#6870,#6878,#6885));
#6869=ORIENTED_EDGE('',*,*,#723,.F.);
#6870=ORIENTED_EDGE('',*,*,#6871,.T.);
#6871=EDGE_CURVE('',#715,#6872,#6874,.F.);
#6872=VERTEX_POINT('',#6873);
#6873=CARTESIAN_POINT('',(0.032987039,-0.509159645,0.16532085));
#6874=LINE('',#6875,#6876);
#6875=CARTESIAN_POINT('',(0.032987039,-0.509159645,0.16532085));
#6876=VECTOR('',#6877,1.0);
#6877=DIRECTION('',(0.0,0.999847695,-0.017452406));
#6878=ORIENTED_EDGE('',*,*,#6879,.T.);
#6879=EDGE_CURVE('',#6872,#6843,#6880,.F.);
#6880=B_SPLINE_CURVE_WITH_KNOTS('',3,(#6881,#6882,#6883,#6884),.UNSPECIFIED.,.F.,.U.,(4,4),(16.0,17.0),.PIECEWISE_BEZIER_KNOTS.);
#6881=CARTESIAN_POINT('',(0.03383964,-0.509201563,0.162919375));
#6882=CARTESIAN_POINT('',(0.03383964,-0.509184868,0.163875807));
#6883=CARTESIAN_POINT('',(0.033553707,-0.509170895,0.164676298));
#6884=CARTESIAN_POINT('',(0.032987039,-0.509159645,0.16532085));
#6885=ORIENTED_EDGE('',*,*,#6842,.F.);
#6886=B_SPLINE_SURFACE_WITH_KNOTS('',3,1,((#6887,#6888),(#6889,#6890),(#6891,#6892),(#6893,#6894)),.UNSPECIFIED.,.F.,.F.,.U.,(4,4),(2,2),(16.0,17.0),(0.0,1.0),.PIECEWISE_BEZIER_KNOTS.);
#6887=CARTESIAN_POINT('',(0.03383964,-0.509201563,0.162919375));
#6888=CARTESIAN_POINT('',(0.03383964,-0.499203086,0.162744851));
#6889=CARTESIAN_POINT('',(0.03383964,-0.509184868,0.163875807));
#6890=CARTESIAN_POINT('',(0.03383964,-0.499186391,0.163701283));
#6891=CARTESIAN_POINT('',(0.033553707,-0.509170895,0.164676298));
#6892=CARTESIAN_POINT('',(0.033553707,-0.499172418,0.164501774));
#6893=CARTESIAN_POINT('',(0.032987039,-0.509159645,0.16532085));
#6894=CARTESIAN_POINT('',(0.032987039,-0.499161168,0.165146326));
#6895=ADVANCED_FACE('',(#6896),#6915,.F.);
#6896=FACE_BOUND('',#6897,.T.);
#6897=EDGE_LOOP('',(#6898,#6899,#6907,#6914));
#6898=ORIENTED_EDGE('',*,*,#714,.F.);
#6899=ORIENTED_EDGE('',*,*,#6900,.T.);
#6900=EDGE_CURVE('',#706,#6901,#6903,.F.);
#6901=VERTEX_POINT('',#6902);
#6902=CARTESIAN_POINT('',(0.029701404,-0.5091268,0.167202525));
#6903=LINE('',#6904,#6905);
#6904=CARTESIAN_POINT('',(0.029701404,-0.5091268,0.167202525));
#6905=VECTOR('',#6906,1.0);
#6906=DIRECTION('',(0.0,0.999847695,-0.017452406));
#6907=ORIENTED_EDGE('',*,*,#6908,.T.);
#6908=EDGE_CURVE('',#6901,#6872,#6909,.F.);
#6909=B_SPLINE_CURVE_WITH_KNOTS('',3,(#6910,#6911,#6912,#6913),.UNSPECIFIED.,.F.,.U.,(4,4),(15.0,16.0),.PIECEWISE_BEZIER_KNOTS.);
#6910=CARTESIAN_POINT('',(0.032987039,-0.509159645,0.16532085));
#6911=CARTESIAN_POINT('',(0.032415172,-0.509148394,0.165965402));
#6912=CARTESIAN_POINT('',(0.031323426,-0.509137325,0.166599558));
#6913=CARTESIAN_POINT('',(0.029701404,-0.5091268,0.167202525));
#6914=ORIENTED_EDGE('',*,*,#6871,.F.);
#6915=B_SPLINE_SURFACE_WITH_KNOTS('',3,1,((#6916,#6917),(#6918,#6919),(#6920,#6921),(#6922,#6923)),.UNSPECIFIED.,.F.,.F.,.U.,(4,4),(2,2),(15.0,16.0),(0.0,1.0),.PIECEWISE_BEZIER_KNOTS.);
#6916=CARTESIAN_POINT('',(0.032987039,-0.509159645,0.16532085));
#6917=CARTESIAN_POINT('',(0.032987039,-0.499161168,0.165146326));
#6918=CARTESIAN_POINT('',(0.032415172,-0.509148394,0.165965402));
#6919=CARTESIAN_POINT('',(0.032415172,-0.499149917,0.165790878));
#6920=CARTESIAN_POINT('',(0.031323426,-0.509137325,0.166599558));
#6921=CARTESIAN_POINT('',(0.031323426,-0.499138848,0.166425034));
#6922=CARTESIAN_POINT('',(0.029701404,-0.5091268,0.167202525));
#6923=CARTESIAN_POINT('',(0.029701404,-0.499128323,0.167028001));
#6924=ADVANCED_FACE('',(#6925),#6944,.F.);
#6925=FACE_BOUND('',#6926,.T.);
#6926=EDGE_LOOP('',(#6927,#6928,#6936,#6943));
#6927=ORIENTED_EDGE('',*,*,#705,.F.);
#6928=ORIENTED_EDGE('',*,*,#6929,.T.);
#6929=EDGE_CURVE('',#697,#6930,#6932,.F.);
#6930=VERTEX_POINT('',#6931);
#6931=CARTESIAN_POINT('',(0.02722678,-0.509105024,0.168450045));
#6932=LINE('',#6933,#6934);
#6933=CARTESIAN_POINT('',(0.02722678,-0.509105024,0.168450045));
#6934=VECTOR('',#6935,1.0);
#6935=DIRECTION('',(0.0,0.999847695,-0.017452406));
#6936=ORIENTED_EDGE('',*,*,#6937,.T.);
#6937=EDGE_CURVE('',#6930,#6901,#6938,.F.);
#6938=B_SPLINE_CURVE_WITH_KNOTS('',3,(#6939,#6940,#6941,#6942),.UNSPECIFIED.,.F.,.U.,(4,4),(14.0,15.0),.PIECEWISE_BEZIER_KNOTS.);
#6939=CARTESIAN_POINT('',(0.029701404,-0.5091268,0.167202525));
#6940=CARTESIAN_POINT('',(0.028422502,-0.50911809,0.167701533));
#6941=CARTESIAN_POINT('',(0.027601093,-0.509110831,0.168117373));
#6942=CARTESIAN_POINT('',(0.02722678,-0.509105024,0.168450045));
#6943=ORIENTED_EDGE('',*,*,#6900,.F.);
#6944=B_SPLINE_SURFACE_WITH_KNOTS('',3,1,((#6945,#6946),(#6947,#6948),(#6949,#6950),(#6951,#6952)),.UNSPECIFIED.,.F.,.F.,.U.,(4,4),(2,2),(14.0,15.0),(0.0,1.0),.PIECEWISE_BEZIER_KNOTS.);
#6945=CARTESIAN_POINT('',(0.029701404,-0.5091268,0.167202525));
#6946=CARTESIAN_POINT('',(0.029701404,-0.499128323,0.167028001));
#6947=CARTESIAN_POINT('',(0.028422502,-0.50911809,0.167701533));
#6948=CARTESIAN_POINT('',(0.028422502,-0.499119613,0.167527009));
#6949=CARTESIAN_POINT('',(0.027601093,-0.509110831,0.168117373));
#6950=CARTESIAN_POINT('',(0.027601093,-0.499112354,0.167942849));
#6951=CARTESIAN_POINT('',(0.02722678,-0.509105024,0.168450045));
#6952=CARTESIAN_POINT('',(0.02722678,-0.499106548,0.168275521));
#6953=ADVANCED_FACE('',(#6954),#6973,.F.);
#6954=FACE_BOUND('',#6955,.T.);
#6955=EDGE_LOOP('',(#6956,#6957,#6965,#6972));
#6956=ORIENTED_EDGE('',*,*,#696,.F.);
#6957=ORIENTED_EDGE('',*,*,#6958,.T.);
#6958=EDGE_CURVE('',#688,#6959,#6961,.F.);
#6959=VERTEX_POINT('',#6960);
#6960=CARTESIAN_POINT('',(0.026670509,-0.509081434,0.169801524));
#6961=LINE('',#6962,#6963);
#6962=CARTESIAN_POINT('',(0.026670509,-0.509081434,0.169801524));
#6963=VECTOR('',#6964,1.0);
#6964=DIRECTION('',(0.0,0.999847695,-0.017452406));
#6965=ORIENTED_EDGE('',*,*,#6966,.T.);
#6966=EDGE_CURVE('',#6959,#6930,#6967,.F.);
#6967=B_SPLINE_CURVE_WITH_KNOTS('',3,(#6968,#6969,#6970,#6971),.UNSPECIFIED.,.F.,.U.,(4,4),(13.0,14.0),.PIECEWISE_BEZIER_KNOTS.);
#6968=CARTESIAN_POINT('',(0.02722678,-0.509105024,0.168450045));
#6969=CARTESIAN_POINT('',(0.026857666,-0.509099399,0.168772321));
#6970=CARTESIAN_POINT('',(0.026670509,-0.509091596,0.169219349));
#6971=CARTESIAN_POINT('',(0.026670509,-0.509081434,0.169801524));
#6972=ORIENTED_EDGE('',*,*,#6929,.F.);
#6973=B_SPLINE_SURFACE_WITH_KNOTS('',3,1,((#6974,#6975),(#6976,#6977),(#6978,#6979),(#6980,#6981)),.UNSPECIFIED.,.F.,.F.,.U.,(4,4),(2,2),(13.0,14.0),(0.0,1.0),.PIECEWISE_BEZIER_KNOTS.);
#6974=CARTESIAN_POINT('',(0.02722678,-0.509105024,0.168450045));
#6975=CARTESIAN_POINT('',(0.02722678,-0.499106548,0.168275521));
#6976=CARTESIAN_POINT('',(0.026857666,-0.509099399,0.168772321));
#6977=CARTESIAN_POINT('',(0.026857666,-0.499100922,0.168597797));
#6978=CARTESIAN_POINT('',(0.026670509,-0.509091596,0.169219349));
#6979=CARTESIAN_POINT('',(0.026670509,-0.499093119,0.169044824));
#6980=CARTESIAN_POINT('',(0.026670509,-0.509081434,0.169801524));
#6981=CARTESIAN_POINT('',(0.026670509,-0.499082957,0.169627));
#6982=ADVANCED_FACE('',(#6983),#7002,.F.);
#6983=FACE_BOUND('',#6984,.T.);
#6984=EDGE_LOOP('',(#6985,#6986,#6994,#7001));
#6985=ORIENTED_EDGE('',*,*,#687,.F.);
#6986=ORIENTED_EDGE('',*,*,#6987,.T.);
#6987=EDGE_CURVE('',#679,#6988,#6990,.F.);
#6988=VERTEX_POINT('',#6989);
#6989=CARTESIAN_POINT('',(0.027445129,-0.509056755,0.17121538));
#6990=LINE('',#6991,#6992);
#6991=CARTESIAN_POINT('',(0.027445129,-0.509056755,0.17121538));
#6992=VECTOR('',#6993,1.0);
#6993=DIRECTION('',(0.0,0.999847695,-0.017452406));
#6994=ORIENTED_EDGE('',*,*,#6995,.T.);
#6995=EDGE_CURVE('',#6988,#6959,#6996,.F.);
#6996=B_SPLINE_CURVE_WITH_KNOTS('',3,(#6997,#6998,#6999,#7000),.UNSPECIFIED.,.F.,.U.,(4,4),(12.0,13.0),.PIECEWISE_BEZIER_KNOTS.);
#6997=CARTESIAN_POINT('',(0.026670509,-0.509081434,0.169801524));
#6998=CARTESIAN_POINT('',(0.026670509,-0.509071272,0.1703837));
#6999=CARTESIAN_POINT('',(0.026930449,-0.509062925,0.170861916));
#7000=CARTESIAN_POINT('',(0.027445129,-0.509056755,0.17121538));
#7001=ORIENTED_EDGE('',*,*,#6958,.F.);
#7002=B_SPLINE_SURFACE_WITH_KNOTS('',3,1,((#7003,#7004),(#7005,#7006),(#7007,#7008),(#7009,#7010)),.UNSPECIFIED.,.F.,.F.,.U.,(4,4),(2,2),(12.0,13.0),(0.0,1.0),.PIECEWISE_BEZIER_KNOTS.);
#7003=CARTESIAN_POINT('',(0.026670509,-0.509081434,0.169801524));
#7004=CARTESIAN_POINT('',(0.026670509,-0.499082957,0.169627));
#7005=CARTESIAN_POINT('',(0.026670509,-0.509071272,0.1703837));
#7006=CARTESIAN_POINT('',(0.026670509,-0.499072795,0.170209176));
#7007=CARTESIAN_POINT('',(0.026930449,-0.509062925,0.170861916));
#7008=CARTESIAN_POINT('',(0.026930449,-0.499064448,0.170687392));
#7009=CARTESIAN_POINT('',(0.027445129,-0.509056755,0.17121538));
#7010=CARTESIAN_POINT('',(0.027445129,-0.499058278,0.171040856));
#7011=ADVANCED_FACE('',(#7012),#7031,.F.);
#7012=FACE_BOUND('',#7013,.T.);
#7013=EDGE_LOOP('',(#7014,#7015,#7023,#7030));
#7014=ORIENTED_EDGE('',*,*,#678,.F.);
#7015=ORIENTED_EDGE('',*,*,#7016,.T.);
#7016=EDGE_CURVE('',#670,#7017,#7019,.F.);
#7017=VERTEX_POINT('',#7018);
#7018=CARTESIAN_POINT('',(0.029451862,-0.509047319,0.171755971));
#7019=LINE('',#7020,#7021);
#7020=CARTESIAN_POINT('',(0.029451862,-0.509047319,0.171755971));
#7021=VECTOR('',#7022,1.0);
#7022=DIRECTION('',(0.0,0.999847695,-0.017452406));
#7023=ORIENTED_EDGE('',*,*,#7024,.T.);
#7024=EDGE_CURVE('',#7017,#6988,#7025,.F.);
#7025=B_SPLINE_CURVE_WITH_KNOTS('',3,(#7026,#7027,#7028,#7029),.UNSPECIFIED.,.F.,.U.,(4,4),(11.0,12.0),.PIECEWISE_BEZIER_KNOTS.);
#7026=CARTESIAN_POINT('',(0.027445129,-0.509056755,0.17121538));
#7027=CARTESIAN_POINT('',(0.027959809,-0.509050404,0.17157924));
#7028=CARTESIAN_POINT('',(0.028630453,-0.509047319,0.171755971));
#7029=CARTESIAN_POINT('',(0.029451862,-0.509047319,0.171755971));
#7030=ORIENTED_EDGE('',*,*,#6987,.F.);
#7031=B_SPLINE_SURFACE_WITH_KNOTS('',3,1,((#7032,#7033),(#7034,#7035),(#7036,#7037),(#7038,#7039)),.UNSPECIFIED.,.F.,.F.,.U.,(4,4),(2,2),(11.0,12.0),(0.0,1.0),.PIECEWISE_BEZIER_KNOTS.);
#7032=CARTESIAN_POINT('',(0.027445129,-0.509056755,0.17121538));
#7033=CARTESIAN_POINT('',(0.027445129,-0.499058278,0.171040856));
#7034=CARTESIAN_POINT('',(0.027959809,-0.509050404,0.17157924));
#7035=CARTESIAN_POINT('',(0.027959809,-0.499051927,0.171404715));
#7036=CARTESIAN_POINT('',(0.028630453,-0.509047319,0.171755971));
#7037=CARTESIAN_POINT('',(0.028630453,-0.499048842,0.171581447));
#7038=CARTESIAN_POINT('',(0.029451862,-0.509047319,0.171755971));
#7039=CARTESIAN_POINT('',(0.029451862,-0.499048842,0.171581447));
#7040=ADVANCED_FACE('',(#7041),#7060,.F.);
#7041=FACE_BOUND('',#7042,.T.);
#7042=EDGE_LOOP('',(#7043,#7044,#7052,#7059));
#7043=ORIENTED_EDGE('',*,*,#669,.F.);
#7044=ORIENTED_EDGE('',*,*,#7045,.T.);
#7045=EDGE_CURVE('',#662,#7046,#7048,.F.);
#7046=VERTEX_POINT('',#7047);
#7047=CARTESIAN_POINT('',(0.033143002,-0.509065647,0.170705976));
#7048=LINE('',#7049,#7050);
#7049=CARTESIAN_POINT('',(0.033143002,-0.509065647,0.170705976));
#7050=VECTOR('',#7051,1.0);
#7051=DIRECTION('',(0.0,0.999847695,-0.017452406));
#7052=ORIENTED_EDGE('',*,*,#7053,.T.);
#7053=EDGE_CURVE('',#7046,#7017,#7054,.F.);
#7054=B_SPLINE_CURVE_WITH_KNOTS('',3,(#7055,#7056,#7057,#7058),.UNSPECIFIED.,.F.,.U.,(4,4),(10.0,11.0),.PIECEWISE_BEZIER_KNOTS.);
#7055=CARTESIAN_POINT('',(0.029451862,-0.509047319,0.171755971));
#7056=CARTESIAN_POINT('',(0.030829541,-0.509047319,0.171755971));
#7057=CARTESIAN_POINT('',(0.032056455,-0.509053489,0.171402508));
#7058=CARTESIAN_POINT('',(0.033143002,-0.509065647,0.170705976));
#7059=ORIENTED_EDGE('',*,*,#7016,.F.);
#7060=B_SPLINE_SURFACE_WITH_KNOTS('',3,1,((#7061,#7062),(#7063,#7064),(#7065,#7066),(#7067,#7068)),.UNSPECIFIED.,.F.,.F.,.U.,(4,4),(2,2),(10.0,11.0),(0.0,1.0),.PIECEWISE_BEZIER_KNOTS.);
#7061=CARTESIAN_POINT('',(0.029451862,-0.509047319,0.171755971));
#7062=CARTESIAN_POINT('',(0.029451862,-0.499048842,0.171581447));
#7063=CARTESIAN_POINT('',(0.030829541,-0.509047319,0.171755971));
#7064=CARTESIAN_POINT('',(0.030829541,-0.499048842,0.171581447));
#7065=CARTESIAN_POINT('',(0.032056455,-0.509053489,0.171402508));
#7066=CARTESIAN_POINT('',(0.032056455,-0.499055012,0.171227984));
#7067=CARTESIAN_POINT('',(0.033143002,-0.509065647,0.170705976));
#7068=CARTESIAN_POINT('',(0.033143002,-0.49906717,0.170531452));
#7069=ADVANCED_FACE('',(#7070),#7088,.F.);
#7070=FACE_BOUND('',#7071,.T.);
#7071=EDGE_LOOP('',(#7072,#7073,#7081,#7087));
#7072=ORIENTED_EDGE('',*,*,#661,.F.);
#7073=ORIENTED_EDGE('',*,*,#7074,.T.);
#7074=EDGE_CURVE('',#653,#7075,#7077,.F.);
#7075=VERTEX_POINT('',#7076);
#7076=CARTESIAN_POINT('',(0.033143002,-0.509022459,0.173180223));
#7077=LINE('',#7078,#7079);
#7078=CARTESIAN_POINT('',(0.033143002,-0.509022459,0.173180223));
#7079=VECTOR('',#7080,1.0);
#7080=DIRECTION('',(0.0,0.999847695,-0.017452406));
#7081=ORIENTED_EDGE('',*,*,#7082,.T.);
#7082=EDGE_CURVE('',#7075,#7046,#7083,.F.);
#7083=LINE('',#7084,#7085);
#7084=CARTESIAN_POINT('',(0.033143002,-0.509022459,0.173180223));
#7085=VECTOR('',#7086,1.0);
#7086=DIRECTION('',(0.0,0.017452406,0.999847695));
#7087=ORIENTED_EDGE('',*,*,#7045,.F.);
#7088=PLANE('',#7089);
#7089=AXIS2_PLACEMENT_3D('',#7090,#7091,#7092);
#7090=CARTESIAN_POINT('',(0.033143002,-0.509022459,0.173180223));
#7091=DIRECTION('',(-1.0,0.0,0.0));
#7092=DIRECTION('',(0.0,0.0,1.0));
#7093=ADVANCED_FACE('',(#7094),#7113,.F.);
#7094=FACE_BOUND('',#7095,.T.);
#7095=EDGE_LOOP('',(#7096,#7097,#7105,#7112));
#7096=ORIENTED_EDGE('',*,*,#652,.F.);
#7097=ORIENTED_EDGE('',*,*,#7098,.T.);
#7098=EDGE_CURVE('',#644,#7099,#7101,.F.);
#7099=VERTEX_POINT('',#7100);
#7100=CARTESIAN_POINT('',(0.029701404,-0.509011208,0.173824775));
#7101=LINE('',#7102,#7103);
#7102=CARTESIAN_POINT('',(0.029701404,-0.509011208,0.173824775));
#7103=VECTOR('',#7104,1.0);
#7104=DIRECTION('',(0.0,0.999847695,-0.017452406));
#7105=ORIENTED_EDGE('',*,*,#7106,.T.);
#7106=EDGE_CURVE('',#7099,#7075,#7107,.F.);
#7107=B_SPLINE_CURVE_WITH_KNOTS('',3,(#7108,#7109,#7110,#7111),.UNSPECIFIED.,.F.,.U.,(4,4),(8.0,9.0),.PIECEWISE_BEZIER_KNOTS.);
#7108=CARTESIAN_POINT('',(0.033143002,-0.509022459,0.173180223));
#7109=CARTESIAN_POINT('',(0.032082449,-0.509014837,0.173616855));
#7110=CARTESIAN_POINT('',(0.030938716,-0.509011208,0.173824775));
#7111=CARTESIAN_POINT('',(0.029701404,-0.509011208,0.173824775));
#7112=ORIENTED_EDGE('',*,*,#7074,.F.);
#7113=B_SPLINE_SURFACE_WITH_KNOTS('',3,1,((#7114,#7115),(#7116,#7117),(#7118,#7119),(#7120,#7121)),.UNSPECIFIED.,.F.,.F.,.U.,(4,4),(2,2),(8.0,9.0),(0.0,1.0),.PIECEWISE_BEZIER_KNOTS.);
#7114=CARTESIAN_POINT('',(0.033143002,-0.509022459,0.173180223));
#7115=CARTESIAN_POINT('',(0.033143002,-0.499023982,0.173005699));
#7116=CARTESIAN_POINT('',(0.032082449,-0.509014837,0.173616855));
#7117=CARTESIAN_POINT('',(0.032082449,-0.499016361,0.173442331));
#7118=CARTESIAN_POINT('',(0.030938716,-0.509011208,0.173824775));
#7119=CARTESIAN_POINT('',(0.030938716,-0.499012731,0.17365025));
#7120=CARTESIAN_POINT('',(0.029701404,-0.509011208,0.173824775));
#7121=CARTESIAN_POINT('',(0.029701404,-0.499012731,0.17365025));
#7122=ADVANCED_FACE('',(#7123),#7142,.F.);
#7123=FACE_BOUND('',#7124,.T.);
#7124=EDGE_LOOP('',(#7125,#7126,#7134,#7141));
#7125=ORIENTED_EDGE('',*,*,#643,.F.);
#7126=ORIENTED_EDGE('',*,*,#7127,.T.);
#7127=EDGE_CURVE('',#635,#7128,#7130,.F.);
#7128=VERTEX_POINT('',#7129);
#7129=CARTESIAN_POINT('',(0.025677541,-0.509031351,0.172670819));
#7130=LINE('',#7131,#7132);
#7131=CARTESIAN_POINT('',(0.025677541,-0.509031351,0.172670819));
#7132=VECTOR('',#7133,1.0);
#7133=DIRECTION('',(0.0,0.999847695,-0.017452406));
#7134=ORIENTED_EDGE('',*,*,#7135,.T.);
#7135=EDGE_CURVE('',#7128,#7099,#7136,.F.);
#7136=B_SPLINE_CURVE_WITH_KNOTS('',3,(#7137,#7138,#7139,#7140),.UNSPECIFIED.,.F.,.U.,(4,4),(7.0,8.0),.PIECEWISE_BEZIER_KNOTS.);
#7137=CARTESIAN_POINT('',(0.029701404,-0.509011208,0.173824775));
#7138=CARTESIAN_POINT('',(0.028110574,-0.509011208,0.173824775));
#7139=CARTESIAN_POINT('',(0.026769286,-0.509017922,0.173440123));
#7140=CARTESIAN_POINT('',(0.025677541,-0.509031351,0.172670819));
#7141=ORIENTED_EDGE('',*,*,#7098,.F.);
#7142=B_SPLINE_SURFACE_WITH_KNOTS('',3,1,((#7143,#7144),(#7145,#7146),(#7147,#7148),(#7149,#7150)),.UNSPECIFIED.,.F.,.F.,.U.,(4,4),(2,2),(7.0,8.0),(0.0,1.0),.PIECEWISE_BEZIER_KNOTS.);
#7143=CARTESIAN_POINT('',(0.029701404,-0.509011208,0.173824775));
#7144=CARTESIAN_POINT('',(0.029701404,-0.499012731,0.17365025));
#7145=CARTESIAN_POINT('',(0.028110574,-0.509011208,0.173824775));
#7146=CARTESIAN_POINT('',(0.028110574,-0.499012731,0.17365025));
#7147=CARTESIAN_POINT('',(0.026769286,-0.509017922,0.173440123));
#7148=CARTESIAN_POINT('',(0.026769286,-0.499019445,0.173265599));
#7149=CARTESIAN_POINT('',(0.025677541,-0.509031351,0.172670819));
#7150=CARTESIAN_POINT('',(0.025677541,-0.499032874,0.172496295));
#7151=ADVANCED_FACE('',(#7152),#7171,.F.);
#7152=FACE_BOUND('',#7153,.T.);
#7153=EDGE_LOOP('',(#7154,#7155,#7163,#7170));
#7154=ORIENTED_EDGE('',*,*,#634,.F.);
#7155=ORIENTED_EDGE('',*,*,#7156,.T.);
#7156=EDGE_CURVE('',#626,#7157,#7159,.F.);
#7157=VERTEX_POINT('',#7158);
#7158=CARTESIAN_POINT('',(0.024045121,-0.509085426,0.169572812));
#7159=LINE('',#7160,#7161);
#7160=CARTESIAN_POINT('',(0.024045121,-0.509085426,0.169572812));
#7161=VECTOR('',#7162,1.0);
#7162=DIRECTION('',(0.0,0.999847695,-0.017452406));
#7163=ORIENTED_EDGE('',*,*,#7164,.T.);
#7164=EDGE_CURVE('',#7157,#7128,#7165,.F.);
#7165=B_SPLINE_CURVE_WITH_KNOTS('',3,(#7166,#7167,#7168,#7169),.UNSPECIFIED.,.F.,.U.,(4,4),(6.0,7.0),.PIECEWISE_BEZIER_KNOTS.);
#7166=CARTESIAN_POINT('',(0.025677541,-0.509031351,0.172670819));
#7167=CARTESIAN_POINT('',(0.024590994,-0.50904496,0.171891119));
#7168=CARTESIAN_POINT('',(0.024045121,-0.509062925,0.170861916));
#7169=CARTESIAN_POINT('',(0.024045121,-0.509085426,0.169572812));
#7170=ORIENTED_EDGE('',*,*,#7127,.F.);
#7171=B_SPLINE_SURFACE_WITH_KNOTS('',3,1,((#7172,#7173),(#7174,#7175),(#7176,#7177),(#7178,#7179)),.UNSPECIFIED.,.F.,.F.,.U.,(4,4),(2,2),(6.0,7.0),(0.0,1.0),.PIECEWISE_BEZIER_KNOTS.);
#7172=CARTESIAN_POINT('',(0.025677541,-0.509031351,0.172670819));
#7173=CARTESIAN_POINT('',(0.025677541,-0.499032874,0.172496295));
#7174=CARTESIAN_POINT('',(0.024590994,-0.50904496,0.171891119));
#7175=CARTESIAN_POINT('',(0.024590994,-0.499046483,0.171716595));
#7176=CARTESIAN_POINT('',(0.024045121,-0.509062925,0.170861916));
#7177=CARTESIAN_POINT('',(0.024045121,-0.499064448,0.170687392));
#7178=CARTESIAN_POINT('',(0.024045121,-0.509085426,0.169572812));
#7179=CARTESIAN_POINT('',(0.024045121,-0.49908695,0.169398288));
#7180=ADVANCED_FACE('',(#7181),#7200,.F.);
#7181=FACE_BOUND('',#7182,.T.);
#7182=EDGE_LOOP('',(#7183,#7184,#7192,#7199));
#7183=ORIENTED_EDGE('',*,*,#625,.F.);
#7184=ORIENTED_EDGE('',*,*,#7185,.T.);
#7185=EDGE_CURVE('',#617,#7186,#7188,.F.);
#7186=VERTEX_POINT('',#7187);
#7187=CARTESIAN_POINT('',(0.024767752,-0.50912553,0.167275297));
#7188=LINE('',#7189,#7190);
#7189=CARTESIAN_POINT('',(0.024767752,-0.50912553,0.167275297));
#7190=VECTOR('',#7191,1.0);
#7191=DIRECTION('',(0.0,0.999847695,-0.017452406));
#7192=ORIENTED_EDGE('',*,*,#7193,.T.);
#7193=EDGE_CURVE('',#7186,#7157,#7194,.F.);
#7194=B_SPLINE_CURVE_WITH_KNOTS('',3,(#7195,#7196,#7197,#7198),.UNSPECIFIED.,.F.,.U.,(4,4),(5.0,6.0),.PIECEWISE_BEZIER_KNOTS.);
#7195=CARTESIAN_POINT('',(0.024045121,-0.509085426,0.169572812));
#7196=CARTESIAN_POINT('',(0.024045121,-0.509101032,0.168678757));
#7197=CARTESIAN_POINT('',(0.024284265,-0.509114461,0.167909453));
#7198=CARTESIAN_POINT('',(0.024767752,-0.50912553,0.167275297));
#7199=ORIENTED_EDGE('',*,*,#7156,.F.);
#7200=B_SPLINE_SURFACE_WITH_KNOTS('',3,1,((#7201,#7202),(#7203,#7204),(#7205,#7206),(#7207,#7208)),.UNSPECIFIED.,.F.,.F.,.U.,(4,4),(2,2),(5.0,6.0),(0.0,1.0),.PIECEWISE_BEZIER_KNOTS.);
#7201=CARTESIAN_POINT('',(0.024045121,-0.509085426,0.169572812));
#7202=CARTESIAN_POINT('',(0.024045121,-0.49908695,0.169398288));
#7203=CARTESIAN_POINT('',(0.024045121,-0.509101032,0.168678757));
#7204=CARTESIAN_POINT('',(0.024045121,-0.499102555,0.168504233));
#7205=CARTESIAN_POINT('',(0.024284265,-0.509114461,0.167909453));
#7206=CARTESIAN_POINT('',(0.024284265,-0.499115984,0.167734929));
#7207=CARTESIAN_POINT('',(0.024767752,-0.50912553,0.167275297));
#7208=CARTESIAN_POINT('',(0.024767752,-0.499127053,0.167100773));
#7209=ADVANCED_FACE('',(#7210),#7229,.F.);
#7210=FACE_BOUND('',#7211,.T.);
#7211=EDGE_LOOP('',(#7212,#7213,#7221,#7228));
#7212=ORIENTED_EDGE('',*,*,#616,.F.);
#7213=ORIENTED_EDGE('',*,*,#7214,.T.);
#7214=EDGE_CURVE('',#608,#7215,#7217,.F.);
#7215=VERTEX_POINT('',#7216);
#7216=CARTESIAN_POINT('',(0.027902623,-0.5091591,0.165352038));
#7217=LINE('',#7218,#7219);
#7218=CARTESIAN_POINT('',(0.027902623,-0.5091591,0.165352038));
#7219=VECTOR('',#7220,1.0);
#7220=DIRECTION('',(0.0,0.999847695,-0.017452406));
#7221=ORIENTED_EDGE('',*,*,#7222,.T.);
#7222=EDGE_CURVE('',#7215,#7186,#7223,.F.);
#7223=B_SPLINE_CURVE_WITH_KNOTS('',3,(#7224,#7225,#7226,#7227),.UNSPECIFIED.,.F.,.U.,(4,4),(4.0,5.0),.PIECEWISE_BEZIER_KNOTS.);
#7224=CARTESIAN_POINT('',(0.024767752,-0.50912553,0.167275297));
#7225=CARTESIAN_POINT('',(0.025246041,-0.509136599,0.166641142));
#7226=CARTESIAN_POINT('',(0.026296197,-0.50914785,0.16599659));
#7227=CARTESIAN_POINT('',(0.027902623,-0.5091591,0.165352038));
#7228=ORIENTED_EDGE('',*,*,#7185,.F.);
#7229=B_SPLINE_SURFACE_WITH_KNOTS('',3,1,((#7230,#7231),(#7232,#7233),(#7234,#7235),(#7236,#7237)),.UNSPECIFIED.,.F.,.F.,.U.,(4,4),(2,2),(4.0,5.0),(0.0,1.0),.PIECEWISE_BEZIER_KNOTS.);
#7230=CARTESIAN_POINT('',(0.024767752,-0.50912553,0.167275297));
#7231=CARTESIAN_POINT('',(0.024767752,-0.499127053,0.167100773));
#7232=CARTESIAN_POINT('',(0.025246041,-0.509136599,0.166641142));
#7233=CARTESIAN_POINT('',(0.025246041,-0.499138122,0.166466618));
#7234=CARTESIAN_POINT('',(0.026296197,-0.50914785,0.16599659));
#7235=CARTESIAN_POINT('',(0.026296197,-0.499149373,0.165822066));
#7236=CARTESIAN_POINT('',(0.027902623,-0.5091591,0.165352038));
#7237=CARTESIAN_POINT('',(0.027902623,-0.499160623,0.165177514));
#7238=ADVANCED_FACE('',(#7239),#7258,.F.);
#7239=FACE_BOUND('',#7240,.T.);
#7240=EDGE_LOOP('',(#7241,#7242,#7250,#7257));
#7241=ORIENTED_EDGE('',*,*,#607,.F.);
#7242=ORIENTED_EDGE('',*,*,#7243,.T.);
#7243=EDGE_CURVE('',#599,#7244,#7246,.F.);
#7244=VERTEX_POINT('',#7245);
#7245=CARTESIAN_POINT('',(0.030569602,-0.509181783,0.164052539));
#7246=LINE('',#7247,#7248);
#7247=CARTESIAN_POINT('',(0.030569602,-0.509181783,0.164052539));
#7248=VECTOR('',#7249,1.0);
#7249=DIRECTION('',(0.0,0.999847695,-0.017452406));
#7250=ORIENTED_EDGE('',*,*,#7251,.T.);
#7251=EDGE_CURVE('',#7244,#7215,#7252,.F.);
#7252=B_SPLINE_CURVE_WITH_KNOTS('',3,(#7253,#7254,#7255,#7256),.UNSPECIFIED.,.F.,.U.,(4,4),(3.0,4.0),.PIECEWISE_BEZIER_KNOTS.);
#7253=CARTESIAN_POINT('',(0.027902623,-0.5091591,0.165352038));
#7254=CARTESIAN_POINT('',(0.02924391,-0.509167811,0.16485303));
#7255=CARTESIAN_POINT('',(0.030132903,-0.509175432,0.164416399));
#7256=CARTESIAN_POINT('',(0.030569602,-0.509181783,0.164052539));
#7257=ORIENTED_EDGE('',*,*,#7214,.F.);
#7258=B_SPLINE_SURFACE_WITH_KNOTS('',3,1,((#7259,#7260),(#7261,#7262),(#7263,#7264),(#7265,#7266)),.UNSPECIFIED.,.F.,.F.,.U.,(4,4),(2,2),(3.0,4.0),(0.0,1.0),.PIECEWISE_BEZIER_KNOTS.);
#7259=CARTESIAN_POINT('',(0.027902623,-0.5091591,0.165352038));
#7260=CARTESIAN_POINT('',(0.027902623,-0.499160623,0.165177514));
#7261=CARTESIAN_POINT('',(0.02924391,-0.509167811,0.16485303));
#7262=CARTESIAN_POINT('',(0.02924391,-0.499169334,0.164678506));
#7263=CARTESIAN_POINT('',(0.030132903,-0.509175432,0.164416399));
#7264=CARTESIAN_POINT('',(0.030132903,-0.499176955,0.164241874));
#7265=CARTESIAN_POINT('',(0.030569602,-0.509181783,0.164052539));
#7266=CARTESIAN_POINT('',(0.030569602,-0.499183306,0.163878015));
#7267=ADVANCED_FACE('',(#7268),#7287,.F.);
#7268=FACE_BOUND('',#7269,.T.);
#7269=EDGE_LOOP('',(#7270,#7271,#7279,#7286));
#7270=ORIENTED_EDGE('',*,*,#598,.F.);
#7271=ORIENTED_EDGE('',*,*,#7272,.T.);
#7272=EDGE_CURVE('',#590,#7273,#7275,.F.);
#7273=VERTEX_POINT('',#7274);
#7274=CARTESIAN_POINT('',(0.031224649,-0.509205918,0.162669871));
#7275=LINE('',#7276,#7277);
#7276=CARTESIAN_POINT('',(0.031224649,-0.509205918,0.162669871));
#7277=VECTOR('',#7278,1.0);
#7278=DIRECTION('',(0.0,0.999847695,-0.017452406));
#7279=ORIENTED_EDGE('',*,*,#7280,.T.);
#7280=EDGE_CURVE('',#7273,#7244,#7281,.F.);
#7281=B_SPLINE_CURVE_WITH_KNOTS('',3,(#7282,#7283,#7284,#7285),.UNSPECIFIED.,.F.,.U.,(4,4),(2.0,3.0),.PIECEWISE_BEZIER_KNOTS.);
#7282=CARTESIAN_POINT('',(0.030569602,-0.509181783,0.164052539));
#7283=CARTESIAN_POINT('',(0.0310063,-0.509188134,0.163688679));
#7284=CARTESIAN_POINT('',(0.031224649,-0.509196119,0.163231255));
#7285=CARTESIAN_POINT('',(0.031224649,-0.509205918,0.162669871));
#7286=ORIENTED_EDGE('',*,*,#7243,.F.);
#7287=B_SPLINE_SURFACE_WITH_KNOTS('',3,1,((#7288,#7289),(#7290,#7291),(#7292,#7293),(#7294,#7295)),.UNSPECIFIED.,.F.,.F.,.U.,(4,4),(2,2),(2.0,3.0),(0.0,1.0),.PIECEWISE_BEZIER_KNOTS.);
#7288=CARTESIAN_POINT('',(0.030569602,-0.509181783,0.164052539));
#7289=CARTESIAN_POINT('',(0.030569602,-0.499183306,0.163878015));
#7290=CARTESIAN_POINT('',(0.0310063,-0.509188134,0.163688679));
#7291=CARTESIAN_POINT('',(0.0310063,-0.499189657,0.163514155));
#7292=CARTESIAN_POINT('',(0.031224649,-0.509196119,0.163231255));
#7293=CARTESIAN_POINT('',(0.031224649,-0.499197642,0.163056731));
#7294=CARTESIAN_POINT('',(0.031224649,-0.509205918,0.162669871));
#7295=CARTESIAN_POINT('',(0.031224649,-0.499207441,0.162495347));
#7296=ADVANCED_FACE('',(#7297),#7309,.F.);
#7297=FACE_BOUND('',#7298,.T.);
#7298=EDGE_LOOP('',(#7299,#7300,#7301,#7308));
#7299=ORIENTED_EDGE('',*,*,#589,.F.);
#7300=ORIENTED_EDGE('',*,*,#6741,.F.);
#7301=ORIENTED_EDGE('',*,*,#7302,.T.);
#7302=EDGE_CURVE('',#6733,#7273,#7303,.F.);
#7303=B_SPLINE_CURVE_WITH_KNOTS('',3,(#7304,#7305,#7306,#7307),.UNSPECIFIED.,.F.,.U.,(4,4),(1.0,2.0),.PIECEWISE_BEZIER_KNOTS.);
#7304=CARTESIAN_POINT('',(0.031224649,-0.509205918,0.162669871));
#7305=CARTESIAN_POINT('',(0.031224649,-0.509228782,0.161359976));
#7306=CARTESIAN_POINT('',(0.030221283,-0.509240214,0.160705028));
#7307=CARTESIAN_POINT('',(0.028219749,-0.509240214,0.160705028));
#7308=ORIENTED_EDGE('',*,*,#7272,.F.);
#7309=B_SPLINE_SURFACE_WITH_KNOTS('',3,1,((#7310,#7311),(#7312,#7313),(#7314,#7315),(#7316,#7317)),.UNSPECIFIED.,.F.,.F.,.U.,(4,4),(2,2),(1.0,2.0),(0.0,1.0),.PIECEWISE_BEZIER_KNOTS.);
#7310=CARTESIAN_POINT('',(0.031224649,-0.509205918,0.162669871));
#7311=CARTESIAN_POINT('',(0.031224649,-0.499207441,0.162495347));
#7312=CARTESIAN_POINT('',(0.031224649,-0.509228782,0.161359976));
#7313=CARTESIAN_POINT('',(0.031224649,-0.499230305,0.161185452));
#7314=CARTESIAN_POINT('',(0.030221283,-0.509240214,0.160705028));
#7315=CARTESIAN_POINT('',(0.030221283,-0.499241737,0.160530504));
#7316=CARTESIAN_POINT('',(0.028219749,-0.509240214,0.160705028));
#7317=CARTESIAN_POINT('',(0.028219749,-0.499241737,0.160530504));
#7318=ADVANCED_FACE('',(#7319),#7342,.F.);
#7319=FACE_BOUND('',#7320,.T.);
#7320=EDGE_LOOP('',(#7321,#7322,#7323,#7324,#7325,#7326,#7327,#7328,#7329,#7330,#7331,#7332,#7333,#7334,#7335,#7336,#7337,#7338,#7339,#7340,#7341));
#7321=ORIENTED_EDGE('',*,*,#6732,.F.);
#7322=ORIENTED_EDGE('',*,*,#6768,.F.);
#7323=ORIENTED_EDGE('',*,*,#6792,.F.);
#7324=ORIENTED_EDGE('',*,*,#6821,.F.);
#7325=ORIENTED_EDGE('',*,*,#6850,.F.);
#7326=ORIENTED_EDGE('',*,*,#6879,.F.);
#7327=ORIENTED_EDGE('',*,*,#6908,.F.);
#7328=ORIENTED_EDGE('',*,*,#6937,.F.);
#7329=ORIENTED_EDGE('',*,*,#6966,.F.);
#7330=ORIENTED_EDGE('',*,*,#6995,.F.);
#7331=ORIENTED_EDGE('',*,*,#7024,.F.);
#7332=ORIENTED_EDGE('',*,*,#7053,.F.);
#7333=ORIENTED_EDGE('',*,*,#7082,.F.);
#7334=ORIENTED_EDGE('',*,*,#7106,.F.);
#7335=ORIENTED_EDGE('',*,*,#7135,.F.);
#7336=ORIENTED_EDGE('',*,*,#7164,.F.);
#7337=ORIENTED_EDGE('',*,*,#7193,.F.);
#7338=ORIENTED_EDGE('',*,*,#7222,.F.);
#7339=ORIENTED_EDGE('',*,*,#7251,.F.);
#7340=ORIENTED_EDGE('',*,*,#7280,.F.);
#7341=ORIENTED_EDGE('',*,*,#7302,.F.);
#7342=PLANE('',#7343);
#7343=AXIS2_PLACEMENT_3D('',#7344,#7345,#7346);
#7344=CARTESIAN_POINT('',(0.026050554,-0.50923409,0.161055893));
#7345=DIRECTION('',(2.055212818E-13,0.999847695,-0.017452406));
#7346=DIRECTION('',(-1.57772181E-30,0.017452406,0.999847695));
#7347=ADVANCED_FACE('',(#7348),#7373,.F.);
#7348=FACE_BOUND('',#7349,.T.);
#7349=EDGE_LOOP('',(#7350,#7351,#7359,#7367));
#7350=ORIENTED_EDGE('',*,*,#443,.F.);
#7351=ORIENTED_EDGE('',*,*,#7352,.T.);
#7352=EDGE_CURVE('',#444,#7353,#7355,.F.);
#7353=VERTEX_POINT('',#7354);
#7354=CARTESIAN_POINT('',(0.0464675,-0.509017015,0.173492103));
#7355=LINE('',#7356,#7357);
#7356=CARTESIAN_POINT('',(0.0464675,-0.509017015,0.173492103));
#7357=VECTOR('',#7358,1.0);
#7358=DIRECTION('',(0.0,0.999847695,-0.017452406));
#7359=ORIENTED_EDGE('',*,*,#7360,.T.);
#7360=EDGE_CURVE('',#7353,#7361,#7363,.F.);
#7361=VERTEX_POINT('',#7362);
#7362=CARTESIAN_POINT('',(0.049108485,-0.509017015,0.173492103));
#7363=LINE('',#7364,#7365);
#7364=CARTESIAN_POINT('',(0.0464675,-0.509017015,0.173492103));
#7365=VECTOR('',#7366,1.0);
#7366=DIRECTION('',(-1.0,0.0,0.0));
#7367=ORIENTED_EDGE('',*,*,#7368,.T.);
#7368=EDGE_CURVE('',#7361,#446,#7369,.T.);
#7369=LINE('',#7370,#7371);
#7370=CARTESIAN_POINT('',(0.049108485,-0.509017015,0.173492103));
#7371=VECTOR('',#7372,1.0);
#7372=DIRECTION('',(0.0,0.999847695,-0.017452406));
#7373=PLANE('',#7374);
#7374=AXIS2_PLACEMENT_3D('',#7375,#7376,#7377);
#7375=CARTESIAN_POINT('',(0.0464675,-0.509017015,0.173492103));
#7376=DIRECTION('',(0.0,-0.017452406,-0.999847695));
#7377=DIRECTION('',(0.0,0.999847695,-0.017452406));
#7378=ADVANCED_FACE('',(#7379),#7397,.F.);
#7379=FACE_BOUND('',#7380,.T.);
#7380=EDGE_LOOP('',(#7381,#7382,#7390,#7396));
#7381=ORIENTED_EDGE('',*,*,#562,.F.);
#7382=ORIENTED_EDGE('',*,*,#7383,.T.);
#7383=EDGE_CURVE('',#554,#7384,#7386,.F.);
#7384=VERTEX_POINT('',#7385);
#7385=CARTESIAN_POINT('',(0.042500824,-0.509207914,0.162555515));
#7386=LINE('',#7387,#7388);
#7387=CARTESIAN_POINT('',(0.042500824,-0.509207914,0.162555515));
#7388=VECTOR('',#7389,1.0);
#7389=DIRECTION('',(0.0,0.999847695,-0.017452406));
#7390=ORIENTED_EDGE('',*,*,#7391,.T.);
#7391=EDGE_CURVE('',#7384,#7353,#7392,.F.);
#7392=LINE('',#7393,#7394);
#7393=CARTESIAN_POINT('',(0.042500824,-0.509207914,0.162555515));
#7394=VECTOR('',#7395,1.0);
#7395=DIRECTION('',(-0.340917796,-0.016406887,-0.93994993));
#7396=ORIENTED_EDGE('',*,*,#7352,.F.);
#7397=PLANE('',#7398);
#7398=AXIS2_PLACEMENT_3D('',#7399,#7400,#7401);
#7399=CARTESIAN_POINT('',(0.042500824,-0.509207914,0.162555515));
#7400=DIRECTION('',(0.94009311,-0.005949836,-0.340865873));
#7401=DIRECTION('',(-0.340871906,-3.482891059E-15,-0.940109751));
#7402=ADVANCED_FACE('',(#7403),#7422,.F.);
#7403=FACE_BOUND('',#7404,.T.);
#7404=EDGE_LOOP('',(#7405,#7406,#7414,#7421));
#7405=ORIENTED_EDGE('',*,*,#553,.F.);
#7406=ORIENTED_EDGE('',*,*,#7407,.T.);
#7407=EDGE_CURVE('',#546,#7408,#7410,.F.);
#7408=VERTEX_POINT('',#7409);
#7409=CARTESIAN_POINT('',(0.042188896,-0.509228419,0.161380768));
#7410=LINE('',#7411,#7412);
#7411=CARTESIAN_POINT('',(0.042188896,-0.509228419,0.161380768));
#7412=VECTOR('',#7413,1.0);
#7413=DIRECTION('',(0.0,0.999847695,-0.017452406));
#7414=ORIENTED_EDGE('',*,*,#7415,.T.);
#7415=EDGE_CURVE('',#7408,#7384,#7416,.F.);
#7416=B_SPLINE_CURVE_WITH_KNOTS('',3,(#7417,#7418,#7419,#7420),.UNSPECIFIED.,.F.,.U.,(4,4),(12.0,13.0),.PIECEWISE_BEZIER_KNOTS.);
#7417=CARTESIAN_POINT('',(0.042500824,-0.509207914,0.162555515));
#7418=CARTESIAN_POINT('',(0.04234486,-0.509216806,0.162046112));
#7419=CARTESIAN_POINT('',(0.042240884,-0.509223701,0.161651064));
#7420=CARTESIAN_POINT('',(0.042188896,-0.509228419,0.161380768));
#7421=ORIENTED_EDGE('',*,*,#7383,.F.);
#7422=B_SPLINE_SURFACE_WITH_KNOTS('',3,1,((#7423,#7424),(#7425,#7426),(#7427,#7428),(#7429,#7430)),.UNSPECIFIED.,.F.,.F.,.U.,(4,4),(2,2),(12.0,13.0),(0.0,1.0),.PIECEWISE_BEZIER_KNOTS.);
#7423=CARTESIAN_POINT('',(0.042500824,-0.509207914,0.162555515));
#7424=CARTESIAN_POINT('',(0.042500824,-0.499209437,0.162380991));
#7425=CARTESIAN_POINT('',(0.04234486,-0.509216806,0.162046112));
#7426=CARTESIAN_POINT('',(0.04234486,-0.499218329,0.161871588));
#7427=CARTESIAN_POINT('',(0.042240884,-0.509223701,0.161651064));
#7428=CARTESIAN_POINT('',(0.042240884,-0.499225224,0.16147654));
#7429=CARTESIAN_POINT('',(0.042188896,-0.509228419,0.161380768));
#7430=CARTESIAN_POINT('',(0.042188896,-0.499229942,0.161206244));
#7431=ADVANCED_FACE('',(#7432),#7450,.F.);
#7432=FACE_BOUND('',#7433,.T.);
#7433=EDGE_LOOP('',(#7434,#7435,#7443,#7449));
#7434=ORIENTED_EDGE('',*,*,#545,.F.);
#7435=ORIENTED_EDGE('',*,*,#7436,.T.);
#7436=EDGE_CURVE('',#538,#7437,#7439,.F.);
#7437=VERTEX_POINT('',#7438);
#7438=CARTESIAN_POINT('',(0.042121312,-0.509228419,0.161380768));
#7439=LINE('',#7440,#7441);
#7440=CARTESIAN_POINT('',(0.042121312,-0.509228419,0.161380768));
#7441=VECTOR('',#7442,1.0);
#7442=DIRECTION('',(0.0,0.999847695,-0.017452406));
#7443=ORIENTED_EDGE('',*,*,#7444,.T.);
#7444=EDGE_CURVE('',#7437,#7408,#7445,.F.);
#7445=LINE('',#7446,#7447);
#7446=CARTESIAN_POINT('',(0.042121312,-0.509228419,0.161380768));
#7447=VECTOR('',#7448,1.0);
#7448=DIRECTION('',(-1.0,0.0,0.0));
#7449=ORIENTED_EDGE('',*,*,#7407,.F.);
#7450=PLANE('',#7451);
#7451=AXIS2_PLACEMENT_3D('',#7452,#7453,#7454);
#7452=CARTESIAN_POINT('',(0.042121312,-0.509228419,0.161380768));
#7453=DIRECTION('',(0.0,-0.017452406,-0.999847695));
#7454=DIRECTION('',(0.0,0.999847695,-0.017452406));
#7455=ADVANCED_FACE('',(#7456),#7474,.F.);
#7456=FACE_BOUND('',#7457,.T.);
#7457=EDGE_LOOP('',(#7458,#7459,#7467,#7473));
#7458=ORIENTED_EDGE('',*,*,#537,.F.);
#7459=ORIENTED_EDGE('',*,*,#7460,.T.);
#7460=EDGE_CURVE('',#530,#7461,#7463,.F.);
#7461=VERTEX_POINT('',#7462);
#7462=CARTESIAN_POINT('',(0.041809385,-0.509207551,0.162576307));
#7463=LINE('',#7464,#7465);
#7464=CARTESIAN_POINT('',(0.041809385,-0.509207551,0.162576307));
#7465=VECTOR('',#7466,1.0);
#7466=DIRECTION('',(0.0,0.999847695,-0.017452406));
#7467=ORIENTED_EDGE('',*,*,#7468,.T.);
#7468=EDGE_CURVE('',#7461,#7437,#7469,.F.);
#7469=LINE('',#7470,#7471);
#7470=CARTESIAN_POINT('',(0.041809385,-0.509207551,0.162576307));
#7471=VECTOR('',#7472,1.0);
#7472=DIRECTION('',(-0.252421897,0.01688725,0.9674699));
#7473=ORIENTED_EDGE('',*,*,#7436,.F.);
#7474=PLANE('',#7475);
#7475=AXIS2_PLACEMENT_3D('',#7476,#7477,#7478);
#7476=CARTESIAN_POINT('',(0.041809385,-0.509207551,0.162576307));
#7477=DIRECTION('',(-0.967617272,-0.00440537,-0.252383452));
#7478=DIRECTION('',(-0.252385901,8.001412033E-17,0.967626662));
#7479=ADVANCED_FACE('',(#7480),#7498,.F.);
#7480=FACE_BOUND('',#7481,.T.);
#7481=EDGE_LOOP('',(#7482,#7483,#7491,#7497));
#7482=ORIENTED_EDGE('',*,*,#529,.F.);
#7483=ORIENTED_EDGE('',*,*,#7484,.T.);
#7484=EDGE_CURVE('',#522,#7485,#7487,.F.);
#7485=VERTEX_POINT('',#7486);
#7486=CARTESIAN_POINT('',(0.038014268,-0.509017015,0.173492103));
#7487=LINE('',#7488,#7489);
#7488=CARTESIAN_POINT('',(0.038014268,-0.509017015,0.173492103));
#7489=VECTOR('',#7490,1.0);
#7490=DIRECTION('',(0.0,0.999847695,-0.017452406));
#7491=ORIENTED_EDGE('',*,*,#7492,.T.);
#7492=EDGE_CURVE('',#7485,#7461,#7493,.F.);
#7493=LINE('',#7494,#7495);
#7494=CARTESIAN_POINT('',(0.038014268,-0.509017015,0.173492103));
#7495=VECTOR('',#7496,1.0);
#7496=DIRECTION('',(-0.328346165,0.016484801,0.9444136));
#7497=ORIENTED_EDGE('',*,*,#7460,.F.);
#7498=PLANE('',#7499);
#7499=AXIS2_PLACEMENT_3D('',#7500,#7501,#7502);
#7500=CARTESIAN_POINT('',(0.038014268,-0.509017015,0.173492103));
#7501=DIRECTION('',(-0.94455746,-0.005730431,-0.328296156));
#7502=DIRECTION('',(-0.328301547,2.08600498E-15,0.944572969));
#7503=ADVANCED_FACE('',(#7504),#7522,.F.);
#7504=FACE_BOUND('',#7505,.T.);
#7505=EDGE_LOOP('',(#7506,#7507,#7515,#7521));
#7506=ORIENTED_EDGE('',*,*,#521,.F.);
#7507=ORIENTED_EDGE('',*,*,#7508,.T.);
#7508=EDGE_CURVE('',#514,#7509,#7511,.F.);
#7509=VERTEX_POINT('',#7510);
#7510=CARTESIAN_POINT('',(0.035165332,-0.509017015,0.173492103));
#7511=LINE('',#7512,#7513);
#7512=CARTESIAN_POINT('',(0.035165332,-0.509017015,0.173492103));
#7513=VECTOR('',#7514,1.0);
#7514=DIRECTION('',(0.0,0.999847695,-0.017452406));
#7515=ORIENTED_EDGE('',*,*,#7516,.T.);
#7516=EDGE_CURVE('',#7509,#7485,#7517,.F.);
#7517=LINE('',#7518,#7519);
#7518=CARTESIAN_POINT('',(0.035165332,-0.509017015,0.173492103));
#7519=VECTOR('',#7520,1.0);
#7520=DIRECTION('',(-1.0,0.0,0.0));
#7521=ORIENTED_EDGE('',*,*,#7484,.F.);
#7522=PLANE('',#7523);
#7523=AXIS2_PLACEMENT_3D('',#7524,#7525,#7526);
#7524=CARTESIAN_POINT('',(0.035165332,-0.509017015,0.173492103));
#7525=DIRECTION('',(0.0,-0.017452406,-0.999847695));
#7526=DIRECTION('',(0.0,0.999847695,-0.017452406));
#7527=ADVANCED_FACE('',(#7528),#7546,.F.);
#7528=FACE_BOUND('',#7529,.T.);
#7529=EDGE_LOOP('',(#7530,#7531,#7539,#7545));
#7530=ORIENTED_EDGE('',*,*,#513,.F.);
#7531=ORIENTED_EDGE('',*,*,#7532,.T.);
#7532=EDGE_CURVE('',#506,#7533,#7535,.F.);
#7533=VERTEX_POINT('',#7534);
#7534=CARTESIAN_POINT('',(0.040863205,-0.509269974,0.159000085));
#7535=LINE('',#7536,#7537);
#7536=CARTESIAN_POINT('',(0.040863205,-0.509269974,0.159000085));
#7537=VECTOR('',#7538,1.0);
#7538=DIRECTION('',(0.0,0.999847695,-0.017452406));
#7539=ORIENTED_EDGE('',*,*,#7540,.T.);
#7540=EDGE_CURVE('',#7533,#7509,#7541,.F.);
#7541=LINE('',#7542,#7543);
#7542=CARTESIAN_POINT('',(0.040863205,-0.509269974,0.159000085));
#7543=VECTOR('',#7544,1.0);
#7544=DIRECTION('',(0.365858922,-0.016242437,-0.930528577));
#7545=ORIENTED_EDGE('',*,*,#7508,.F.);
#7546=PLANE('',#7547);
#7547=AXIS2_PLACEMENT_3D('',#7548,#7549,#7550);
#7548=CARTESIAN_POINT('',(0.040863205,-0.509269974,0.159000085));
#7549=DIRECTION('',(0.930670323,0.006385119,0.3658032));
#7550=DIRECTION('',(0.365810657,2.542237254E-15,-0.930689295));
#7551=ADVANCED_FACE('',(#7552),#7570,.F.);
#7552=FACE_BOUND('',#7553,.T.);
#7553=EDGE_LOOP('',(#7554,#7555,#7563,#7569));
#7554=ORIENTED_EDGE('',*,*,#505,.F.);
#7555=ORIENTED_EDGE('',*,*,#7556,.T.);
#7556=EDGE_CURVE('',#497,#7557,#7559,.F.);
#7557=VERTEX_POINT('',#7558);
#7558=CARTESIAN_POINT('',(0.039745465,-0.509316066,0.156359502));
#7559=LINE('',#7560,#7561);
#7560=CARTESIAN_POINT('',(0.039745465,-0.509316066,0.156359502));
#7561=VECTOR('',#7562,1.0);
#7562=DIRECTION('',(0.0,0.999847695,-0.017452406));
#7563=ORIENTED_EDGE('',*,*,#7564,.T.);
#7564=EDGE_CURVE('',#7557,#7533,#7565,.F.);
#7565=LINE('',#7566,#7567);
#7566=CARTESIAN_POINT('',(0.039745465,-0.509316066,0.156359502));
#7567=VECTOR('',#7568,1.0);
#7568=DIRECTION('',(-0.389758265,-0.016072221,-0.920776943));
#7569=ORIENTED_EDGE('',*,*,#7532,.F.);
#7570=PLANE('',#7571);
#7571=AXIS2_PLACEMENT_3D('',#7572,#7573,#7574);
#7572=CARTESIAN_POINT('',(0.039745465,-0.509316066,0.156359502));
#7573=DIRECTION('',(0.920917203,-0.00680222,-0.389698903));
#7574=DIRECTION('',(-0.389707919,4.4816581E-15,-0.920938509));
#7575=ADVANCED_FACE('',(#7576),#7595,.F.);
#7576=FACE_BOUND('',#7577,.T.);
#7577=EDGE_LOOP('',(#7578,#7579,#7587,#7594));
#7578=ORIENTED_EDGE('',*,*,#496,.F.);
#7579=ORIENTED_EDGE('',*,*,#7580,.T.);
#7580=EDGE_CURVE('',#488,#7581,#7583,.F.);
#7581=VERTEX_POINT('',#7582);
#7582=CARTESIAN_POINT('',(0.037135673,-0.509351814,0.154311491));
#7583=LINE('',#7584,#7585);
#7584=CARTESIAN_POINT('',(0.037135673,-0.509351814,0.154311491));
#7585=VECTOR('',#7586,1.0);
#7586=DIRECTION('',(0.0,0.999847695,-0.017452406));
#7587=ORIENTED_EDGE('',*,*,#7588,.T.);
#7588=EDGE_CURVE('',#7581,#7557,#7589,.F.);
#7589=B_SPLINE_CURVE_WITH_KNOTS('',3,(#7590,#7591,#7592,#7593),.UNSPECIFIED.,.F.,.U.,(4,4),(5.0,6.0),.PIECEWISE_BEZIER_KNOTS.);
#7590=CARTESIAN_POINT('',(0.039745465,-0.509316066,0.156359502));
#7591=CARTESIAN_POINT('',(0.0391684,-0.509340019,0.154987231));
#7592=CARTESIAN_POINT('',(0.038300202,-0.509351814,0.154311491));
#7593=CARTESIAN_POINT('',(0.037135673,-0.509351814,0.154311491));
#7594=ORIENTED_EDGE('',*,*,#7556,.F.);
#7595=B_SPLINE_SURFACE_WITH_KNOTS('',3,1,((#7596,#7597),(#7598,#7599),(#7600,#7601),(#7602,#7603)),.UNSPECIFIED.,.F.,.F.,.U.,(4,4),(2,2),(5.0,6.0),(0.0,1.0),.PIECEWISE_BEZIER_KNOTS.);
#7596=CARTESIAN_POINT('',(0.039745465,-0.509316066,0.156359502));
#7597=CARTESIAN_POINT('',(0.039745465,-0.499317589,0.156184978));
#7598=CARTESIAN_POINT('',(0.0391684,-0.509340019,0.154987231));
#7599=CARTESIAN_POINT('',(0.0391684,-0.499341542,0.154812707));
#7600=CARTESIAN_POINT('',(0.038300202,-0.509351814,0.154311491));
#7601=CARTESIAN_POINT('',(0.038300202,-0.499353337,0.154136967));
#7602=CARTESIAN_POINT('',(0.037135673,-0.509351814,0.154311491));
#7603=CARTESIAN_POINT('',(0.037135673,-0.499353337,0.154136967));
#7604=ADVANCED_FACE('',(#7605),#7624,.F.);
#7605=FACE_BOUND('',#7606,.T.);
#7606=EDGE_LOOP('',(#7607,#7608,#7616,#7623));
#7607=ORIENTED_EDGE('',*,*,#487,.F.);
#7608=ORIENTED_EDGE('',*,*,#7609,.T.);
#7609=EDGE_CURVE('',#480,#7610,#7612,.F.);
#7610=VERTEX_POINT('',#7611);
#7611=CARTESIAN_POINT('',(0.035690409,-0.509346733,0.154602579));
#7612=LINE('',#7613,#7614);
#7613=CARTESIAN_POINT('',(0.035690409,-0.509346733,0.154602579));
#7614=VECTOR('',#7615,1.0);
#7615=DIRECTION('',(0.0,0.999847695,-0.017452406));
#7616=ORIENTED_EDGE('',*,*,#7617,.T.);
#7617=EDGE_CURVE('',#7610,#7581,#7618,.F.);
#7618=B_SPLINE_CURVE_WITH_KNOTS('',3,(#7619,#7620,#7621,#7622),.UNSPECIFIED.,.F.,.U.,(4,4),(4.0,5.0),.PIECEWISE_BEZIER_KNOTS.);
#7619=CARTESIAN_POINT('',(0.037135673,-0.509351814,0.154311491));
#7620=CARTESIAN_POINT('',(0.036667782,-0.509351814,0.154311491));
#7621=CARTESIAN_POINT('',(0.036189493,-0.509350181,0.154405055));
#7622=CARTESIAN_POINT('',(0.035690409,-0.509346733,0.154602579));
#7623=ORIENTED_EDGE('',*,*,#7580,.F.);
#7624=B_SPLINE_SURFACE_WITH_KNOTS('',3,1,((#7625,#7626),(#7627,#7628),(#7629,#7630),(#7631,#7632)),.UNSPECIFIED.,.F.,.F.,.U.,(4,4),(2,2),(4.0,5.0),(0.0,1.0),.PIECEWISE_BEZIER_KNOTS.);
#7625=CARTESIAN_POINT('',(0.037135673,-0.509351814,0.154311491));
#7626=CARTESIAN_POINT('',(0.037135673,-0.499353337,0.154136967));
#7627=CARTESIAN_POINT('',(0.036667782,-0.509351814,0.154311491));
#7628=CARTESIAN_POINT('',(0.036667782,-0.499353337,0.154136967));
#7629=CARTESIAN_POINT('',(0.036189493,-0.509350181,0.154405055));
#7630=CARTESIAN_POINT('',(0.036189493,-0.499351704,0.154230531));
#7631=CARTESIAN_POINT('',(0.035690409,-0.509346733,0.154602579));
#7632=CARTESIAN_POINT('',(0.035690409,-0.499348256,0.154428055));
#7633=ADVANCED_FACE('',(#7634),#7652,.F.);
#7634=FACE_BOUND('',#7635,.T.);
#7635=EDGE_LOOP('',(#7636,#7637,#7645,#7651));
#7636=ORIENTED_EDGE('',*,*,#479,.F.);
#7637=ORIENTED_EDGE('',*,*,#7638,.T.);
#7638=EDGE_CURVE('',#471,#7639,#7641,.F.);
#7639=VERTEX_POINT('',#7640);
#7640=CARTESIAN_POINT('',(0.035690409,-0.509386292,0.152336252));
#7641=LINE('',#7642,#7643);
#7642=CARTESIAN_POINT('',(0.035690409,-0.509386292,0.152336252));
#7643=VECTOR('',#7644,1.0);
#7644=DIRECTION('',(0.0,0.999847695,-0.017452406));
#7645=ORIENTED_EDGE('',*,*,#7646,.T.);
#7646=EDGE_CURVE('',#7639,#7610,#7647,.F.);
#7647=LINE('',#7648,#7649);
#7648=CARTESIAN_POINT('',(0.035690409,-0.509386292,0.152336252));
#7649=VECTOR('',#7650,1.0);
#7650=DIRECTION('',(0.0,-0.017452406,-0.999847695));
#7651=ORIENTED_EDGE('',*,*,#7609,.F.);
#7652=PLANE('',#7653);
#7653=AXIS2_PLACEMENT_3D('',#7654,#7655,#7656);
#7654=CARTESIAN_POINT('',(0.035690409,-0.509386292,0.152336252));
#7655=DIRECTION('',(1.0,0.0,0.0));
#7656=DIRECTION('',(0.0,0.0,-1.0));
#7657=ADVANCED_FACE('',(#7658),#7677,.F.);
#7658=FACE_BOUND('',#7659,.T.);
#7659=EDGE_LOOP('',(#7660,#7661,#7669,#7676));
#7660=ORIENTED_EDGE('',*,*,#470,.F.);
#7661=ORIENTED_EDGE('',*,*,#7662,.T.);
#7662=EDGE_CURVE('',#462,#7663,#7665,.F.);
#7663=VERTEX_POINT('',#7664);
#7664=CARTESIAN_POINT('',(0.037333227,-0.509389921,0.152128332));
#7665=LINE('',#7666,#7667);
#7666=CARTESIAN_POINT('',(0.037333227,-0.509389921,0.152128332));
#7667=VECTOR('',#7668,1.0);
#7668=DIRECTION('',(0.0,0.999847695,-0.017452406));
#7669=ORIENTED_EDGE('',*,*,#7670,.T.);
#7670=EDGE_CURVE('',#7663,#7639,#7671,.F.);
#7671=B_SPLINE_CURVE_WITH_KNOTS('',3,(#7672,#7673,#7674,#7675),.UNSPECIFIED.,.F.,.U.,(4,4),(2.0,3.0),.PIECEWISE_BEZIER_KNOTS.);
#7672=CARTESIAN_POINT('',(0.035690409,-0.509386292,0.152336252));
#7673=CARTESIAN_POINT('',(0.036142704,-0.509388651,0.152201104));
#7674=CARTESIAN_POINT('',(0.036693776,-0.509389921,0.152128332));
#7675=CARTESIAN_POINT('',(0.037333227,-0.509389921,0.152128332));
#7676=ORIENTED_EDGE('',*,*,#7638,.F.);
#7677=B_SPLINE_SURFACE_WITH_KNOTS('',3,1,((#7678,#7679),(#7680,#7681),(#7682,#7683),(#7684,#7685)),.UNSPECIFIED.,.F.,.F.,.U.,(4,4),(2,2),(2.0,3.0),(0.0,1.0),.PIECEWISE_BEZIER_KNOTS.);
#7678=CARTESIAN_POINT('',(0.035690409,-0.509386292,0.152336252));
#7679=CARTESIAN_POINT('',(0.035690409,-0.499387815,0.152161728));
#7680=CARTESIAN_POINT('',(0.036142704,-0.509388651,0.152201104));
#7681=CARTESIAN_POINT('',(0.036142704,-0.499390174,0.15202658));
#7682=CARTESIAN_POINT('',(0.036693776,-0.509389921,0.152128332));
#7683=CARTESIAN_POINT('',(0.036693776,-0.499391444,0.151953808));
#7684=CARTESIAN_POINT('',(0.037333227,-0.509389921,0.152128332));
#7685=CARTESIAN_POINT('',(0.037333227,-0.499391444,0.151953808));
#7686=ADVANCED_FACE('',(#7687),#7706,.F.);
#7687=FACE_BOUND('',#7688,.T.);
#7688=EDGE_LOOP('',(#7689,#7690,#7698,#7705));
#7689=ORIENTED_EDGE('',*,*,#461,.F.);
#7690=ORIENTED_EDGE('',*,*,#7691,.T.);
#7691=EDGE_CURVE('',#454,#7692,#7694,.F.);
#7692=VERTEX_POINT('',#7693);
#7693=CARTESIAN_POINT('',(0.04251642,-0.509308807,0.156775342));
#7694=LINE('',#7695,#7696);
#7695=CARTESIAN_POINT('',(0.04251642,-0.509308807,0.156775342));
#7696=VECTOR('',#7697,1.0);
#7697=DIRECTION('',(0.0,0.999847695,-0.017452406));
#7698=ORIENTED_EDGE('',*,*,#7699,.T.);
#7699=EDGE_CURVE('',#7692,#7663,#7700,.F.);
#7700=B_SPLINE_CURVE_WITH_KNOTS('',3,(#7701,#7702,#7703,#7704),.UNSPECIFIED.,.F.,.U.,(4,4),(1.0,2.0),.PIECEWISE_BEZIER_KNOTS.);
#7701=CARTESIAN_POINT('',(0.037333227,-0.509389921,0.152128332));
#7702=CARTESIAN_POINT('',(0.039563508,-0.509389921,0.152128332));
#7703=CARTESIAN_POINT('',(0.041289506,-0.509362883,0.153677335));
#7704=CARTESIAN_POINT('',(0.04251642,-0.509308807,0.156775342));
#7705=ORIENTED_EDGE('',*,*,#7662,.F.);
#7706=B_SPLINE_SURFACE_WITH_KNOTS('',3,1,((#7707,#7708),(#7709,#7710),(#7711,#7712),(#7713,#7714)),.UNSPECIFIED.,.F.,.F.,.U.,(4,4),(2,2),(1.0,2.0),(0.0,1.0),.PIECEWISE_BEZIER_KNOTS.);
#7707=CARTESIAN_POINT('',(0.037333227,-0.509389921,0.152128332));
#7708=CARTESIAN_POINT('',(0.037333227,-0.499391444,0.151953808));
#7709=CARTESIAN_POINT('',(0.039563508,-0.509389921,0.152128332));
#7710=CARTESIAN_POINT('',(0.039563508,-0.499391444,0.151953808));
#7711=CARTESIAN_POINT('',(0.041289506,-0.509362883,0.153677335));
#7712=CARTESIAN_POINT('',(0.041289506,-0.499364406,0.153502811));
#7713=CARTESIAN_POINT('',(0.04251642,-0.509308807,0.156775342));
#7714=CARTESIAN_POINT('',(0.04251642,-0.49931033,0.156600818));
#7715=ADVANCED_FACE('',(#7716),#7727,.F.);
#7716=FACE_BOUND('',#7717,.T.);
#7717=EDGE_LOOP('',(#7718,#7719,#7720,#7726));
#7718=ORIENTED_EDGE('',*,*,#453,.F.);
#7719=ORIENTED_EDGE('',*,*,#7368,.F.);
#7720=ORIENTED_EDGE('',*,*,#7721,.T.);
#7721=EDGE_CURVE('',#7361,#7692,#7722,.F.);
#7722=LINE('',#7723,#7724);
#7723=CARTESIAN_POINT('',(0.049108485,-0.509017015,0.173492103));
#7724=VECTOR('',#7725,1.0);
#7725=DIRECTION('',(0.366797679,0.016235987,0.930159048));
#7726=ORIENTED_EDGE('',*,*,#7691,.F.);
#7727=PLANE('',#7728);
#7728=AXIS2_PLACEMENT_3D('',#7729,#7730,#7731);
#7729=CARTESIAN_POINT('',(0.049108485,-0.509017015,0.173492103));
#7730=DIRECTION('',(-0.930300738,0.006401502,0.366741814));
#7731=DIRECTION('',(0.366749329,-3.586540787E-15,0.9303198));
#7732=ADVANCED_FACE('',(#7733),#7750,.T.);
#7733=FACE_BOUND('',#7734,.T.);
#7734=EDGE_LOOP('',(#7735,#7736,#7737,#7738,#7739,#7740,#7741,#7742,#7743,#7744,#7745,#7746,#7747,#7748,#7749));
#7735=ORIENTED_EDGE('',*,*,#7360,.F.);
#7736=ORIENTED_EDGE('',*,*,#7391,.F.);
#7737=ORIENTED_EDGE('',*,*,#7415,.F.);
#7738=ORIENTED_EDGE('',*,*,#7444,.F.);
#7739=ORIENTED_EDGE('',*,*,#7468,.F.);
#7740=ORIENTED_EDGE('',*,*,#7492,.F.);
#7741=ORIENTED_EDGE('',*,*,#7516,.F.);
#7742=ORIENTED_EDGE('',*,*,#7540,.F.);
#7743=ORIENTED_EDGE('',*,*,#7564,.F.);
#7744=ORIENTED_EDGE('',*,*,#7588,.F.);
#7745=ORIENTED_EDGE('',*,*,#7617,.F.);
#7746=ORIENTED_EDGE('',*,*,#7646,.F.);
#7747=ORIENTED_EDGE('',*,*,#7670,.F.);
#7748=ORIENTED_EDGE('',*,*,#7699,.F.);
#7749=ORIENTED_EDGE('',*,*,#7721,.F.);
#7750=PLANE('',#7751);
#7751=AXIS2_PLACEMENT_3D('',#7752,#7753,#7754);
#7752=CARTESIAN_POINT('',(0.040301086,-0.509369643,0.153290084));
#7753=DIRECTION('',(-4.97332693E-14,-0.999847695,0.017452406));
#7754=DIRECTION('',(2.958228395E-31,-0.017452406,-0.999847695));
#7755=ADVANCED_FACE('',(#7756),#7781,.F.);
#7756=FACE_BOUND('',#7757,.T.);
#7757=EDGE_LOOP('',(#7758,#7759,#7767,#7775));
#7758=ORIENTED_EDGE('',*,*,#1431,.F.);
#7759=ORIENTED_EDGE('',*,*,#7760,.T.);
#7760=EDGE_CURVE('',#1432,#7761,#7763,.F.);
#7761=VERTEX_POINT('',#7762);
#7762=CARTESIAN_POINT('',(0.062791699,-0.509230052,0.161287204));
#7763=LINE('',#7764,#7765);
#7764=CARTESIAN_POINT('',(0.062791699,-0.509230052,0.161287204));
#7765=VECTOR('',#7766,1.0);
#7766=DIRECTION('',(0.0,0.999847695,-0.017452406));
#7767=ORIENTED_EDGE('',*,*,#7768,.T.);
#7768=EDGE_CURVE('',#7761,#7769,#7771,.F.);
#7769=VERTEX_POINT('',#7770);
#7770=CARTESIAN_POINT('',(0.062791699,-0.509270519,0.158968897));
#7771=LINE('',#7772,#7773);
#7772=CARTESIAN_POINT('',(0.062791699,-0.509230052,0.161287204));
#7773=VECTOR('',#7774,1.0);
#7774=DIRECTION('',(0.0,0.017452406,0.999847695));
#7775=ORIENTED_EDGE('',*,*,#7776,.T.);
#7776=EDGE_CURVE('',#7769,#1434,#7777,.T.);
#7777=LINE('',#7778,#7779);
#7778=CARTESIAN_POINT('',(0.062791699,-0.509270519,0.158968897));
#7779=VECTOR('',#7780,1.0);
#7780=DIRECTION('',(0.0,0.999847695,-0.017452406));
#7781=PLANE('',#7782);
#7782=AXIS2_PLACEMENT_3D('',#7783,#7784,#7785);
#7783=CARTESIAN_POINT('',(0.062791699,-0.509230052,0.161287204));
#7784=DIRECTION('',(-1.0,0.0,0.0));
#7785=DIRECTION('',(0.0,0.0,1.0));
#7786=ADVANCED_FACE('',(#7787),#7805,.F.);
#7787=FACE_BOUND('',#7788,.T.);
#7788=EDGE_LOOP('',(#7789,#7790,#7798,#7804));
#7789=ORIENTED_EDGE('',*,*,#1521,.F.);
#7790=ORIENTED_EDGE('',*,*,#7791,.T.);
#7791=EDGE_CURVE('',#1514,#7792,#7794,.F.);
#7792=VERTEX_POINT('',#7793);
#7793=CARTESIAN_POINT('',(0.054478835,-0.509230052,0.161287204));
#7794=LINE('',#7795,#7796);
#7795=CARTESIAN_POINT('',(0.054478835,-0.509230052,0.161287204));
#7796=VECTOR('',#7797,1.0);
#7797=DIRECTION('',(0.0,0.999847695,-0.017452406));
#7798=ORIENTED_EDGE('',*,*,#7799,.T.);
#7799=EDGE_CURVE('',#7792,#7761,#7800,.F.);
#7800=LINE('',#7801,#7802);
#7801=CARTESIAN_POINT('',(0.054478835,-0.509230052,0.161287204));
#7802=VECTOR('',#7803,1.0);
#7803=DIRECTION('',(-1.0,0.0,0.0));
#7804=ORIENTED_EDGE('',*,*,#7760,.F.);
#7805=PLANE('',#7806);
#7806=AXIS2_PLACEMENT_3D('',#7807,#7808,#7809);
#7807=CARTESIAN_POINT('',(0.054478835,-0.509230052,0.161287204));
#7808=DIRECTION('',(0.0,-0.017452406,-0.999847695));
#7809=DIRECTION('',(0.0,0.999847695,-0.017452406));
#7810=ADVANCED_FACE('',(#7811),#7829,.F.);
#7811=FACE_BOUND('',#7812,.T.);
#7812=EDGE_LOOP('',(#7813,#7814,#7822,#7828));
#7813=ORIENTED_EDGE('',*,*,#1513,.F.);
#7814=ORIENTED_EDGE('',*,*,#7815,.T.);
#7815=EDGE_CURVE('',#1506,#7816,#7818,.F.);
#7816=VERTEX_POINT('',#7817);
#7817=CARTESIAN_POINT('',(0.054478835,-0.50911065,0.168127769));
#7818=LINE('',#7819,#7820);
#7819=CARTESIAN_POINT('',(0.054478835,-0.50911065,0.168127769));
#7820=VECTOR('',#7821,1.0);
#7821=DIRECTION('',(0.0,0.999847695,-0.017452406));
#7822=ORIENTED_EDGE('',*,*,#7823,.T.);
#7823=EDGE_CURVE('',#7816,#7792,#7824,.F.);
#7824=LINE('',#7825,#7826);
#7825=CARTESIAN_POINT('',(0.054478835,-0.50911065,0.168127769));
#7826=VECTOR('',#7827,1.0);
#7827=DIRECTION('',(0.0,0.017452406,0.999847695));
#7828=ORIENTED_EDGE('',*,*,#7791,.F.);
#7829=PLANE('',#7830);
#7830=AXIS2_PLACEMENT_3D('',#7831,#7832,#7833);
#7831=CARTESIAN_POINT('',(0.054478835,-0.50911065,0.168127769));
#7832=DIRECTION('',(-1.0,0.0,0.0));
#7833=DIRECTION('',(0.0,0.0,1.0));
#7834=ADVANCED_FACE('',(#7835),#7853,.F.);
#7835=FACE_BOUND('',#7836,.T.);
#7836=EDGE_LOOP('',(#7837,#7838,#7846,#7852));
#7837=ORIENTED_EDGE('',*,*,#1505,.F.);
#7838=ORIENTED_EDGE('',*,*,#7839,.T.);
#7839=EDGE_CURVE('',#1498,#7840,#7842,.F.);
#7840=VERTEX_POINT('',#7841);
#7841=CARTESIAN_POINT('',(0.061751942,-0.50911065,0.168127769));
#7842=LINE('',#7843,#7844);
#7843=CARTESIAN_POINT('',(0.061751942,-0.50911065,0.168127769));
#7844=VECTOR('',#7845,1.0);
#7845=DIRECTION('',(0.0,0.999847695,-0.017452406));
#7846=ORIENTED_EDGE('',*,*,#7847,.T.);
#7847=EDGE_CURVE('',#7840,#7816,#7848,.F.);
#7848=LINE('',#7849,#7850);
#7849=CARTESIAN_POINT('',(0.061751942,-0.50911065,0.168127769));
#7850=VECTOR('',#7851,1.0);
#7851=DIRECTION('',(1.0,0.0,0.0));
#7852=ORIENTED_EDGE('',*,*,#7815,.F.);
#7853=PLANE('',#7854);
#7854=AXIS2_PLACEMENT_3D('',#7855,#7856,#7857);
#7855=CARTESIAN_POINT('',(0.061751942,-0.50911065,0.168127769));
#7856=DIRECTION('',(0.0,0.017452406,0.999847695));
#7857=DIRECTION('',(0.0,-0.999847695,0.017452406));
#7858=ADVANCED_FACE('',(#7859),#7877,.F.);
#7859=FACE_BOUND('',#7860,.T.);
#7860=EDGE_LOOP('',(#7861,#7862,#7870,#7876));
#7861=ORIENTED_EDGE('',*,*,#1497,.F.);
#7862=ORIENTED_EDGE('',*,*,#7863,.T.);
#7863=EDGE_CURVE('',#1490,#7864,#7866,.F.);
#7864=VERTEX_POINT('',#7865);
#7865=CARTESIAN_POINT('',(0.061751942,-0.509070002,0.170456472));
#7866=LINE('',#7867,#7868);
#7867=CARTESIAN_POINT('',(0.061751942,-0.509070002,0.170456472));
#7868=VECTOR('',#7869,1.0);
#7869=DIRECTION('',(0.0,0.999847695,-0.017452406));
#7870=ORIENTED_EDGE('',*,*,#7871,.T.);
#7871=EDGE_CURVE('',#7864,#7840,#7872,.F.);
#7872=LINE('',#7873,#7874);
#7873=CARTESIAN_POINT('',(0.061751942,-0.509070002,0.170456472));
#7874=VECTOR('',#7875,1.0);
#7875=DIRECTION('',(0.0,0.017452406,0.999847695));
#7876=ORIENTED_EDGE('',*,*,#7839,.F.);
#7877=PLANE('',#7878);
#7878=AXIS2_PLACEMENT_3D('',#7879,#7880,#7881);
#7879=CARTESIAN_POINT('',(0.061751942,-0.509070002,0.170456472));
#7880=DIRECTION('',(-1.0,0.0,0.0));
#7881=DIRECTION('',(0.0,0.0,1.0));
#7882=ADVANCED_FACE('',(#7883),#7901,.F.);
#7883=FACE_BOUND('',#7884,.T.);
#7884=EDGE_LOOP('',(#7885,#7886,#7894,#7900));
#7885=ORIENTED_EDGE('',*,*,#1489,.F.);
#7886=ORIENTED_EDGE('',*,*,#7887,.T.);
#7887=EDGE_CURVE('',#1482,#7888,#7890,.F.);
#7888=VERTEX_POINT('',#7889);
#7889=CARTESIAN_POINT('',(0.054478835,-0.509070002,0.170456472));
#7890=LINE('',#7891,#7892);
#7891=CARTESIAN_POINT('',(0.054478835,-0.509070002,0.170456472));
#7892=VECTOR('',#7893,1.0);
#7893=DIRECTION('',(0.0,0.999847695,-0.017452406));
#7894=ORIENTED_EDGE('',*,*,#7895,.T.);
#7895=EDGE_CURVE('',#7888,#7864,#7896,.F.);
#7896=LINE('',#7897,#7898);
#7897=CARTESIAN_POINT('',(0.054478835,-0.509070002,0.170456472));
#7898=VECTOR('',#7899,1.0);
#7899=DIRECTION('',(-1.0,0.0,0.0));
#7900=ORIENTED_EDGE('',*,*,#7863,.F.);
#7901=PLANE('',#7902);
#7902=AXIS2_PLACEMENT_3D('',#7903,#7904,#7905);
#7903=CARTESIAN_POINT('',(0.054478835,-0.509070002,0.170456472));
#7904=DIRECTION('',(0.0,-0.017452406,-0.999847695));
#7905=DIRECTION('',(0.0,0.999847695,-0.017452406));
#7906=ADVANCED_FACE('',(#7907),#7925,.F.);
#7907=FACE_BOUND('',#7908,.T.);
#7908=EDGE_LOOP('',(#7909,#7910,#7918,#7924));
#7909=ORIENTED_EDGE('',*,*,#1481,.F.);
#7910=ORIENTED_EDGE('',*,*,#7911,.T.);
#7911=EDGE_CURVE('',#1474,#7912,#7914,.F.);
#7912=VERTEX_POINT('',#7913);
#7913=CARTESIAN_POINT('',(0.054478835,-0.508956406,0.176964365));
#7914=LINE('',#7915,#7916);
#7915=CARTESIAN_POINT('',(0.054478835,-0.508956406,0.176964365));
#7916=VECTOR('',#7917,1.0);
#7917=DIRECTION('',(0.0,0.999847695,-0.017452406));
#7918=ORIENTED_EDGE('',*,*,#7919,.T.);
#7919=EDGE_CURVE('',#7912,#7888,#7920,.F.);
#7920=LINE('',#7921,#7922);
#7921=CARTESIAN_POINT('',(0.054478835,-0.508956406,0.176964365));
#7922=VECTOR('',#7923,1.0);
#7923=DIRECTION('',(0.0,0.017452406,0.999847695));
#7924=ORIENTED_EDGE('',*,*,#7887,.F.);
#7925=PLANE('',#7926);
#7926=AXIS2_PLACEMENT_3D('',#7927,#7928,#7929);
#7927=CARTESIAN_POINT('',(0.054478835,-0.508956406,0.176964365));
#7928=DIRECTION('',(-1.0,0.0,0.0));
#7929=DIRECTION('',(0.0,0.0,1.0));
#7930=ADVANCED_FACE('',(#7931),#7949,.F.);
#7931=FACE_BOUND('',#7932,.T.);
#7932=EDGE_LOOP('',(#7933,#7934,#7942,#7948));
#7933=ORIENTED_EDGE('',*,*,#1473,.F.);
#7934=ORIENTED_EDGE('',*,*,#7935,.T.);
#7935=EDGE_CURVE('',#1466,#7936,#7938,.F.);
#7936=VERTEX_POINT('',#7937);
#7937=CARTESIAN_POINT('',(0.062329007,-0.508956406,0.176964365));
#7938=LINE('',#7939,#7940);
#7939=CARTESIAN_POINT('',(0.062329007,-0.508956406,0.176964365));
#7940=VECTOR('',#7941,1.0);
#7941=DIRECTION('',(0.0,0.999847695,-0.017452406));
#7942=ORIENTED_EDGE('',*,*,#7943,.T.);
#7943=EDGE_CURVE('',#7936,#7912,#7944,.F.);
#7944=LINE('',#7945,#7946);
#7945=CARTESIAN_POINT('',(0.062329007,-0.508956406,0.176964365));
#7946=VECTOR('',#7947,1.0);
#7947=DIRECTION('',(1.0,0.0,0.0));
#7948=ORIENTED_EDGE('',*,*,#7911,.F.);
#7949=PLANE('',#7950);
#7950=AXIS2_PLACEMENT_3D('',#7951,#7952,#7953);
#7951=CARTESIAN_POINT('',(0.062329007,-0.508956406,0.176964365));
#7952=DIRECTION('',(0.0,0.017452406,0.999847695));
#7953=DIRECTION('',(0.0,-0.999847695,0.017452406));
#7954=ADVANCED_FACE('',(#7955),#7973,.F.);
#7955=FACE_BOUND('',#7956,.T.);
#7956=EDGE_LOOP('',(#7957,#7958,#7966,#7972));
#7957=ORIENTED_EDGE('',*,*,#1465,.F.);
#7958=ORIENTED_EDGE('',*,*,#7959,.T.);
#7959=EDGE_CURVE('',#1458,#7960,#7962,.F.);
#7960=VERTEX_POINT('',#7961);
#7961=CARTESIAN_POINT('',(0.062329007,-0.508915577,0.179303464));
#7962=LINE('',#7963,#7964);
#7963=CARTESIAN_POINT('',(0.062329007,-0.508915577,0.179303464));
#7964=VECTOR('',#7965,1.0);
#7965=DIRECTION('',(0.0,0.999847695,-0.017452406));
#7966=ORIENTED_EDGE('',*,*,#7967,.T.);
#7967=EDGE_CURVE('',#7960,#7936,#7968,.F.);
#7968=LINE('',#7969,#7970);
#7969=CARTESIAN_POINT('',(0.062329007,-0.508915577,0.179303464));
#7970=VECTOR('',#7971,1.0);
#7971=DIRECTION('',(0.0,0.017452406,0.999847695));
#7972=ORIENTED_EDGE('',*,*,#7935,.F.);
#7973=PLANE('',#7974);
#7974=AXIS2_PLACEMENT_3D('',#7975,#7976,#7977);
#7975=CARTESIAN_POINT('',(0.062329007,-0.508915577,0.179303464));
#7976=DIRECTION('',(-1.0,0.0,0.0));
#7977=DIRECTION('',(0.0,0.0,1.0));
#7978=ADVANCED_FACE('',(#7979),#7997,.F.);
#7979=FACE_BOUND('',#7980,.T.);
#7980=EDGE_LOOP('',(#7981,#7982,#7990,#7996));
#7981=ORIENTED_EDGE('',*,*,#1457,.F.);
#7982=ORIENTED_EDGE('',*,*,#7983,.T.);
#7983=EDGE_CURVE('',#1450,#7984,#7986,.F.);
#7984=VERTEX_POINT('',#7985);
#7985=CARTESIAN_POINT('',(0.051853446,-0.508915577,0.179303464));
#7986=LINE('',#7987,#7988);
#7987=CARTESIAN_POINT('',(0.051853446,-0.508915577,0.179303464));
#7988=VECTOR('',#7989,1.0);
#7989=DIRECTION('',(0.0,0.999847695,-0.017452406));
#7990=ORIENTED_EDGE('',*,*,#7991,.T.);
#7991=EDGE_CURVE('',#7984,#7960,#7992,.F.);
#7992=LINE('',#7993,#7994);
#7993=CARTESIAN_POINT('',(0.051853446,-0.508915577,0.179303464));
#7994=VECTOR('',#7995,1.0);
#7995=DIRECTION('',(-1.0,0.0,0.0));
#7996=ORIENTED_EDGE('',*,*,#7959,.F.);
#7997=PLANE('',#7998);
#7998=AXIS2_PLACEMENT_3D('',#7999,#8000,#8001);
#7999=CARTESIAN_POINT('',(0.051853446,-0.508915577,0.179303464));
#8000=DIRECTION('',(0.0,-0.017452406,-0.999847695));
#8001=DIRECTION('',(0.0,0.999847695,-0.017452406));
#8002=ADVANCED_FACE('',(#8003),#8021,.F.);
#8003=FACE_BOUND('',#8004,.T.);
#8004=EDGE_LOOP('',(#8005,#8006,#8014,#8020));
#8005=ORIENTED_EDGE('',*,*,#1449,.F.);
#8006=ORIENTED_EDGE('',*,*,#8007,.T.);
#8007=EDGE_CURVE('',#1442,#8008,#8010,.F.);
#8008=VERTEX_POINT('',#8009);
#8009=CARTESIAN_POINT('',(0.051853446,-0.509270519,0.158968897));
#8010=LINE('',#8011,#8012);
#8011=CARTESIAN_POINT('',(0.051853446,-0.509270519,0.158968897));
#8012=VECTOR('',#8013,1.0);
#8013=DIRECTION('',(0.0,0.999847695,-0.017452406));
#8014=ORIENTED_EDGE('',*,*,#8015,.T.);
#8015=EDGE_CURVE('',#8008,#7984,#8016,.F.);
#8016=LINE('',#8017,#8018);
#8017=CARTESIAN_POINT('',(0.051853446,-0.509270519,0.158968897));
#8018=VECTOR('',#8019,1.0);
#8019=DIRECTION('',(0.0,-0.017452406,-0.999847695));
#8020=ORIENTED_EDGE('',*,*,#7983,.F.);
#8021=PLANE('',#8022);
#8022=AXIS2_PLACEMENT_3D('',#8023,#8024,#8025);
#8023=CARTESIAN_POINT('',(0.051853446,-0.509270519,0.158968897));
#8024=DIRECTION('',(1.0,0.0,0.0));
#8025=DIRECTION('',(0.0,0.0,-1.0));
#8026=ADVANCED_FACE('',(#8027),#8038,.F.);
#8027=FACE_BOUND('',#8028,.T.);
#8028=EDGE_LOOP('',(#8029,#8030,#8031,#8037));
#8029=ORIENTED_EDGE('',*,*,#1441,.F.);
#8030=ORIENTED_EDGE('',*,*,#7776,.F.);
#8031=ORIENTED_EDGE('',*,*,#8032,.T.);
#8032=EDGE_CURVE('',#7769,#8008,#8033,.F.);
#8033=LINE('',#8034,#8035);
#8034=CARTESIAN_POINT('',(0.062791699,-0.509270519,0.158968897));
#8035=VECTOR('',#8036,1.0);
#8036=DIRECTION('',(1.0,0.0,0.0));
#8037=ORIENTED_EDGE('',*,*,#8007,.F.);
#8038=PLANE('',#8039);
#8039=AXIS2_PLACEMENT_3D('',#8040,#8041,#8042);
#8040=CARTESIAN_POINT('',(0.062791699,-0.509270519,0.158968897));
#8041=DIRECTION('',(0.0,0.017452406,0.999847695));
#8042=DIRECTION('',(0.0,-0.999847695,0.017452406));
#8043=ADVANCED_FACE('',(#8044),#8058,.F.);
#8044=FACE_BOUND('',#8045,.T.);
#8045=EDGE_LOOP('',(#8046,#8047,#8048,#8049,#8050,#8051,#8052,#8053,#8054,#8055,#8056,#8057));
#8046=ORIENTED_EDGE('',*,*,#7768,.F.);
#8047=ORIENTED_EDGE('',*,*,#7799,.F.);
#8048=ORIENTED_EDGE('',*,*,#7823,.F.);
#8049=ORIENTED_EDGE('',*,*,#7847,.F.);
#8050=ORIENTED_EDGE('',*,*,#7871,.F.);
#8051=ORIENTED_EDGE('',*,*,#7895,.F.);
#8052=ORIENTED_EDGE('',*,*,#7919,.F.);
#8053=ORIENTED_EDGE('',*,*,#7943,.F.);
#8054=ORIENTED_EDGE('',*,*,#7967,.F.);
#8055=ORIENTED_EDGE('',*,*,#7991,.F.);
#8056=ORIENTED_EDGE('',*,*,#8015,.F.);
#8057=ORIENTED_EDGE('',*,*,#8032,.F.);
#8058=PLANE('',#8059);
#8059=AXIS2_PLACEMENT_3D('',#8060,#8061,#8062);
#8060=CARTESIAN_POINT('',(-5.08001016E-05,-0.509795384,0.128899396));
#8061=DIRECTION('',(0.0,0.999847695,-0.017452406));
#8062=DIRECTION('',(0.0,0.017452406,0.999847695));
#8063=ADVANCED_FACE('',(#8064,#8126),#8188,.T.);
#8064=FACE_BOUND('',#8065,.T.);
#8065=EDGE_LOOP('',(#8066,#8076,#8085,#8094,#8103,#8112,#8120));
#8066=ORIENTED_EDGE('',*,*,#8067,.T.);
#8067=EDGE_CURVE('',#8068,#8070,#8072,.T.);
#8068=VERTEX_POINT('',#8069);
#8069=CARTESIAN_POINT('',(0.066633605,-0.509270519,0.158968897));
#8070=VERTEX_POINT('',#8071);
#8071=CARTESIAN_POINT('',(0.072227503,-0.509270519,0.158968897));
#8072=LINE('',#8073,#8074);
#8073=CARTESIAN_POINT('',(0.072227503,-0.509270519,0.158968897));
#8074=VECTOR('',#8075,1.0);
#8075=DIRECTION('',(1.0,0.0,0.0));
#8076=ORIENTED_EDGE('',*,*,#8077,.T.);
#8077=EDGE_CURVE('',#8070,#8078,#8080,.T.);
#8078=VERTEX_POINT('',#8079);
#8079=CARTESIAN_POINT('',(0.080124464,-0.509220798,0.1618174));
#8080=B_SPLINE_CURVE_WITH_KNOTS('',3,(#8081,#8082,#8083,#8084),.UNSPECIFIED.,.F.,.U.,(4,4),(5.0,6.0),.PIECEWISE_BEZIER_KNOTS.);
#8081=CARTESIAN_POINT('',(0.072227503,-0.509270519,0.158968897));
#8082=CARTESIAN_POINT('',(0.075445553,-0.509270519,0.158968897));
#8083=CARTESIAN_POINT('',(0.07808134,-0.509254005,0.159914932));
#8084=CARTESIAN_POINT('',(0.080124464,-0.509220798,0.1618174));
#8085=ORIENTED_EDGE('',*,*,#8086,.T.);
#8086=EDGE_CURVE('',#8078,#8087,#8089,.T.);
#8087=VERTEX_POINT('',#8088);
#8088=CARTESIAN_POINT('',(0.08319175,-0.509088511,0.16939608));
#8089=B_SPLINE_CURVE_WITH_KNOTS('',3,(#8090,#8091,#8092,#8093),.UNSPECIFIED.,.F.,.U.,(4,4),(4.0,5.0),.PIECEWISE_BEZIER_KNOTS.);
#8090=CARTESIAN_POINT('',(0.080124464,-0.509220798,0.1618174));
#8091=CARTESIAN_POINT('',(0.082167588,-0.50918759,0.163719867));
#8092=CARTESIAN_POINT('',(0.08319175,-0.509143495,0.166246094));
#8093=CARTESIAN_POINT('',(0.08319175,-0.509088511,0.16939608));
#8094=ORIENTED_EDGE('',*,*,#8095,.T.);
#8095=EDGE_CURVE('',#8087,#8096,#8098,.T.);
#8096=VERTEX_POINT('',#8097);
#8097=CARTESIAN_POINT('',(0.080124464,-0.508962576,0.176610901));
#8098=B_SPLINE_CURVE_WITH_KNOTS('',3,(#8099,#8100,#8101,#8102),.UNSPECIFIED.,.F.,.U.,(4,4),(3.0,4.0),.PIECEWISE_BEZIER_KNOTS.);
#8099=CARTESIAN_POINT('',(0.08319175,-0.509088511,0.16939608));
#8100=CARTESIAN_POINT('',(0.08319175,-0.509035887,0.172410919));
#8101=CARTESIAN_POINT('',(0.082167588,-0.508993969,0.174812394));
#8102=CARTESIAN_POINT('',(0.080124464,-0.508962576,0.176610901));
#8103=ORIENTED_EDGE('',*,*,#8104,.T.);
#8104=EDGE_CURVE('',#8096,#8105,#8107,.T.);
#8105=VERTEX_POINT('',#8106);
#8106=CARTESIAN_POINT('',(0.072435454,-0.508915577,0.179303464));
#8107=B_SPLINE_CURVE_WITH_KNOTS('',3,(#8108,#8109,#8110,#8111),.UNSPECIFIED.,.F.,.U.,(4,4),(2.0,3.0),.PIECEWISE_BEZIER_KNOTS.);
#8108=CARTESIAN_POINT('',(0.080124464,-0.508962576,0.176610901));
#8109=CARTESIAN_POINT('',(0.07808134,-0.508931183,0.178409409));
#8110=CARTESIAN_POINT('',(0.075518336,-0.508915577,0.179303464));
#8111=CARTESIAN_POINT('',(0.072435454,-0.508915577,0.179303464));
#8112=ORIENTED_EDGE('',*,*,#8113,.T.);
#8113=EDGE_CURVE('',#8105,#8114,#8116,.T.);
#8114=VERTEX_POINT('',#8115);
#8115=CARTESIAN_POINT('',(0.066633605,-0.508915577,0.179303464));
#8116=LINE('',#8117,#8118);
#8117=CARTESIAN_POINT('',(0.066633605,-0.508915577,0.179303464));
#8118=VECTOR('',#8119,1.0);
#8119=DIRECTION('',(-1.0,0.0,0.0));
#8120=ORIENTED_EDGE('',*,*,#8121,.T.);
#8121=EDGE_CURVE('',#8114,#8068,#8122,.T.);
#8122=LINE('',#8123,#8124);
#8123=CARTESIAN_POINT('',(0.066633605,-0.509270519,0.158968897));
#8124=VECTOR('',#8125,1.0);
#8125=DIRECTION('',(0.0,-0.017452406,-0.999847695));
#8126=FACE_BOUND('',#8127,.T.);
#8127=EDGE_LOOP('',(#8128,#8138,#8146,#8155,#8164,#8173,#8182));
#8128=ORIENTED_EDGE('',*,*,#8129,.T.);
#8129=EDGE_CURVE('',#8130,#8132,#8134,.F.);
#8130=VERTEX_POINT('',#8131);
#8131=CARTESIAN_POINT('',(0.069258994,-0.509230052,0.161287204));
#8132=VERTEX_POINT('',#8133);
#8133=CARTESIAN_POINT('',(0.069258994,-0.508956406,0.176964365));
#8134=LINE('',#8135,#8136);
#8135=CARTESIAN_POINT('',(0.069258994,-0.508956406,0.176964365));
#8136=VECTOR('',#8137,1.0);
#8137=DIRECTION('',(0.0,-0.017452406,-0.999847695));
#8138=ORIENTED_EDGE('',*,*,#8139,.T.);
#8139=EDGE_CURVE('',#8132,#8140,#8142,.F.);
#8140=VERTEX_POINT('',#8141);
#8141=CARTESIAN_POINT('',(0.072331478,-0.508956406,0.176964365));
#8142=LINE('',#8143,#8144);
#8143=CARTESIAN_POINT('',(0.072331478,-0.508956406,0.176964365));
#8144=VECTOR('',#8145,1.0);
#8145=DIRECTION('',(-1.0,0.0,0.0));
#8146=ORIENTED_EDGE('',*,*,#8147,.T.);
#8147=EDGE_CURVE('',#8140,#8148,#8150,.F.);
#8148=VERTEX_POINT('',#8149);
#8149=CARTESIAN_POINT('',(0.078200912,-0.508989796,0.175051502));
#8150=B_SPLINE_CURVE_WITH_KNOTS('',3,(#8151,#8152,#8153,#8154),.UNSPECIFIED.,.F.,.U.,(4,4),(5.0,6.0),.PIECEWISE_BEZIER_KNOTS.);
#8151=CARTESIAN_POINT('',(0.078200912,-0.508989796,0.175051502));
#8152=CARTESIAN_POINT('',(0.076714058,-0.508967476,0.176330209));
#8153=CARTESIAN_POINT('',(0.074754114,-0.508956406,0.176964365));
#8154=CARTESIAN_POINT('',(0.072331478,-0.508956406,0.176964365));
#8155=ORIENTED_EDGE('',*,*,#8156,.T.);
#8156=EDGE_CURVE('',#8148,#8157,#8159,.F.);
#8157=VERTEX_POINT('',#8158);
#8158=CARTESIAN_POINT('',(0.080431193,-0.509089782,0.169323308));
#8159=B_SPLINE_CURVE_WITH_KNOTS('',3,(#8160,#8161,#8162,#8163),.UNSPECIFIED.,.F.,.U.,(4,4),(4.0,5.0),.PIECEWISE_BEZIER_KNOTS.);
#8160=CARTESIAN_POINT('',(0.080431193,-0.509089782,0.169323308));
#8161=CARTESIAN_POINT('',(0.080431193,-0.509045505,0.171859931));
#8162=CARTESIAN_POINT('',(0.079687766,-0.509012116,0.173772795));
#8163=CARTESIAN_POINT('',(0.078200912,-0.508989796,0.175051502));
#8164=ORIENTED_EDGE('',*,*,#8165,.T.);
#8165=EDGE_CURVE('',#8157,#8166,#8168,.F.);
#8166=VERTEX_POINT('',#8167);
#8167=CARTESIAN_POINT('',(0.078258098,-0.509193034,0.163407987));
#8168=B_SPLINE_CURVE_WITH_KNOTS('',3,(#8169,#8170,#8171,#8172),.UNSPECIFIED.,.F.,.U.,(4,4),(3.0,4.0),.PIECEWISE_BEZIER_KNOTS.);
#8169=CARTESIAN_POINT('',(0.078258098,-0.509193034,0.163407987));
#8170=CARTESIAN_POINT('',(0.079708561,-0.509168536,0.164811446));
#8171=CARTESIAN_POINT('',(0.080431193,-0.509134058,0.166786686));
#8172=CARTESIAN_POINT('',(0.080431193,-0.509089782,0.169323308));
#8173=ORIENTED_EDGE('',*,*,#8174,.T.);
#8174=EDGE_CURVE('',#8166,#8175,#8177,.F.);
#8175=VERTEX_POINT('',#8176);
#8176=CARTESIAN_POINT('',(0.072211906,-0.509230052,0.161287204));
#8177=B_SPLINE_CURVE_WITH_KNOTS('',3,(#8178,#8179,#8180,#8181),.UNSPECIFIED.,.F.,.U.,(4,4),(2.0,3.0),.PIECEWISE_BEZIER_KNOTS.);
#8178=CARTESIAN_POINT('',(0.072211906,-0.509230052,0.161287204));
#8179=CARTESIAN_POINT('',(0.074795705,-0.509230052,0.161287204));
#8180=CARTESIAN_POINT('',(0.076812835,-0.509217713,0.161994132));
#8181=CARTESIAN_POINT('',(0.078258098,-0.509193034,0.163407987));
#8182=ORIENTED_EDGE('',*,*,#8183,.T.);
#8183=EDGE_CURVE('',#8175,#8130,#8184,.F.);
#8184=LINE('',#8185,#8186);
#8185=CARTESIAN_POINT('',(0.069258994,-0.509230052,0.161287204));
#8186=VECTOR('',#8187,1.0);
#8187=DIRECTION('',(1.0,0.0,0.0));
#8188=PLANE('',#8189);
#8189=AXIS2_PLACEMENT_3D('',#8190,#8191,#8192);
#8190=CARTESIAN_POINT('',(0.076669868,-0.508927304,0.178631623));
#8191=DIRECTION('',(0.0,-0.999847695,0.017452406));
#8192=DIRECTION('',(0.0,-0.017452406,-0.999847695));
#8193=ADVANCED_FACE('',(#8194),#8210,.F.);
#8194=FACE_BOUND('',#8195,.T.);
#8195=EDGE_LOOP('',(#8196,#8197,#8203,#8204));
#8196=ORIENTED_EDGE('',*,*,#1529,.F.);
#8197=ORIENTED_EDGE('',*,*,#8198,.T.);
#8198=EDGE_CURVE('',#1530,#8070,#8199,.F.);
#8199=LINE('',#8200,#8201);
#8200=CARTESIAN_POINT('',(0.072227503,-0.509270519,0.158968897));
#8201=VECTOR('',#8202,1.0);
#8202=DIRECTION('',(0.0,0.999847695,-0.017452406));
#8203=ORIENTED_EDGE('',*,*,#8067,.F.);
#8204=ORIENTED_EDGE('',*,*,#8205,.T.);
#8205=EDGE_CURVE('',#8068,#1532,#8206,.T.);
#8206=LINE('',#8207,#8208);
#8207=CARTESIAN_POINT('',(0.066633605,-0.509270519,0.158968897));
#8208=VECTOR('',#8209,1.0);
#8209=DIRECTION('',(0.0,0.999847695,-0.017452406));
#8210=PLANE('',#8211);
#8211=AXIS2_PLACEMENT_3D('',#8212,#8213,#8214);
#8212=CARTESIAN_POINT('',(0.072227503,-0.509270519,0.158968897));
#8213=DIRECTION('',(0.0,0.017452406,0.999847695));
#8214=DIRECTION('',(0.0,-0.999847695,0.017452406));
#8215=ADVANCED_FACE('',(#8216),#8227,.F.);
#8216=FACE_BOUND('',#8217,.T.);
#8217=EDGE_LOOP('',(#8218,#8219,#8225,#8226));
#8218=ORIENTED_EDGE('',*,*,#1582,.F.);
#8219=ORIENTED_EDGE('',*,*,#8220,.T.);
#8220=EDGE_CURVE('',#1574,#8078,#8221,.F.);
#8221=LINE('',#8222,#8223);
#8222=CARTESIAN_POINT('',(0.080124464,-0.509220798,0.1618174));
#8223=VECTOR('',#8224,1.0);
#8224=DIRECTION('',(0.0,0.999847695,-0.017452406));
#8225=ORIENTED_EDGE('',*,*,#8077,.F.);
#8226=ORIENTED_EDGE('',*,*,#8198,.F.);
#8227=B_SPLINE_SURFACE_WITH_KNOTS('',3,1,((#8228,#8229),(#8230,#8231),(#8232,#8233),(#8234,#8235)),.UNSPECIFIED.,.F.,.F.,.U.,(4,4),(2,2),(5.0,6.0),(0.0,1.0),.PIECEWISE_BEZIER_KNOTS.);
#8228=CARTESIAN_POINT('',(0.072227503,-0.509270519,0.158968897));
#8229=CARTESIAN_POINT('',(0.072227503,-0.499272042,0.158794373));
#8230=CARTESIAN_POINT('',(0.075445553,-0.509270519,0.158968897));
#8231=CARTESIAN_POINT('',(0.075445553,-0.499272042,0.158794373));
#8232=CARTESIAN_POINT('',(0.07808134,-0.509254005,0.159914932));
#8233=CARTESIAN_POINT('',(0.07808134,-0.499255528,0.159740408));
#8234=CARTESIAN_POINT('',(0.080124464,-0.509220798,0.1618174));
#8235=CARTESIAN_POINT('',(0.080124464,-0.499222321,0.161642876));
#8236=ADVANCED_FACE('',(#8237),#8248,.F.);
#8237=FACE_BOUND('',#8238,.T.);
#8238=EDGE_LOOP('',(#8239,#8240,#8246,#8247));
#8239=ORIENTED_EDGE('',*,*,#1573,.F.);
#8240=ORIENTED_EDGE('',*,*,#8241,.T.);
#8241=EDGE_CURVE('',#1565,#8087,#8242,.F.);
#8242=LINE('',#8243,#8244);
#8243=CARTESIAN_POINT('',(0.08319175,-0.509088511,0.16939608));
#8244=VECTOR('',#8245,1.0);
#8245=DIRECTION('',(0.0,0.999847695,-0.017452406));
#8246=ORIENTED_EDGE('',*,*,#8086,.F.);
#8247=ORIENTED_EDGE('',*,*,#8220,.F.);
#8248=B_SPLINE_SURFACE_WITH_KNOTS('',3,1,((#8249,#8250),(#8251,#8252),(#8253,#8254),(#8255,#8256)),.UNSPECIFIED.,.F.,.F.,.U.,(4,4),(2,2),(4.0,5.0),(0.0,1.0),.PIECEWISE_BEZIER_KNOTS.);
#8249=CARTESIAN_POINT('',(0.080124464,-0.509220798,0.1618174));
#8250=CARTESIAN_POINT('',(0.080124464,-0.499222321,0.161642876));
#8251=CARTESIAN_POINT('',(0.082167588,-0.50918759,0.163719867));
#8252=CARTESIAN_POINT('',(0.082167588,-0.499189113,0.163545343));
#8253=CARTESIAN_POINT('',(0.08319175,-0.509143495,0.166246094));
#8254=CARTESIAN_POINT('',(0.08319175,-0.499145018,0.16607157));
#8255=CARTESIAN_POINT('',(0.08319175,-0.509088511,0.16939608));
#8256=CARTESIAN_POINT('',(0.08319175,-0.499090034,0.169221556));
#8257=ADVANCED_FACE('',(#8258),#8269,.F.);
#8258=FACE_BOUND('',#8259,.T.);
#8259=EDGE_LOOP('',(#8260,#8261,#8267,#8268));
#8260=ORIENTED_EDGE('',*,*,#1564,.F.);
#8261=ORIENTED_EDGE('',*,*,#8262,.T.);
#8262=EDGE_CURVE('',#1556,#8096,#8263,.F.);
#8263=LINE('',#8264,#8265);
#8264=CARTESIAN_POINT('',(0.080124464,-0.508962576,0.176610901));
#8265=VECTOR('',#8266,1.0);
#8266=DIRECTION('',(0.0,0.999847695,-0.017452406));
#8267=ORIENTED_EDGE('',*,*,#8095,.F.);
#8268=ORIENTED_EDGE('',*,*,#8241,.F.);
#8269=B_SPLINE_SURFACE_WITH_KNOTS('',3,1,((#8270,#8271),(#8272,#8273),(#8274,#8275),(#8276,#8277)),.UNSPECIFIED.,.F.,.F.,.U.,(4,4),(2,2),(3.0,4.0),(0.0,1.0),.PIECEWISE_BEZIER_KNOTS.);
#8270=CARTESIAN_POINT('',(0.08319175,-0.509088511,0.16939608));
#8271=CARTESIAN_POINT('',(0.08319175,-0.499090034,0.169221556));
#8272=CARTESIAN_POINT('',(0.08319175,-0.509035887,0.172410919));
#8273=CARTESIAN_POINT('',(0.08319175,-0.49903741,0.172236395));
#8274=CARTESIAN_POINT('',(0.082167588,-0.508993969,0.174812394));
#8275=CARTESIAN_POINT('',(0.082167588,-0.498995492,0.17463787));
#8276=CARTESIAN_POINT('',(0.080124464,-0.508962576,0.176610901));
#8277=CARTESIAN_POINT('',(0.080124464,-0.498964099,0.176436377));
#8278=ADVANCED_FACE('',(#8279),#8290,.F.);
#8279=FACE_BOUND('',#8280,.T.);
#8280=EDGE_LOOP('',(#8281,#8282,#8288,#8289));
#8281=ORIENTED_EDGE('',*,*,#1555,.F.);
#8282=ORIENTED_EDGE('',*,*,#8283,.T.);
#8283=EDGE_CURVE('',#1548,#8105,#8284,.F.);
#8284=LINE('',#8285,#8286);
#8285=CARTESIAN_POINT('',(0.072435454,-0.508915577,0.179303464));
#8286=VECTOR('',#8287,1.0);
#8287=DIRECTION('',(0.0,0.999847695,-0.017452406));
#8288=ORIENTED_EDGE('',*,*,#8104,.F.);
#8289=ORIENTED_EDGE('',*,*,#8262,.F.);
#8290=B_SPLINE_SURFACE_WITH_KNOTS('',3,1,((#8291,#8292),(#8293,#8294),(#8295,#8296),(#8297,#8298)),.UNSPECIFIED.,.F.,.F.,.U.,(4,4),(2,2),(2.0,3.0),(0.0,1.0),.PIECEWISE_BEZIER_KNOTS.);
#8291=CARTESIAN_POINT('',(0.080124464,-0.508962576,0.176610901));
#8292=CARTESIAN_POINT('',(0.080124464,-0.498964099,0.176436377));
#8293=CARTESIAN_POINT('',(0.07808134,-0.508931183,0.178409409));
#8294=CARTESIAN_POINT('',(0.07808134,-0.498932706,0.178234885));
#8295=CARTESIAN_POINT('',(0.075518336,-0.508915577,0.179303464));
#8296=CARTESIAN_POINT('',(0.075518336,-0.4989171,0.17912894));
#8297=CARTESIAN_POINT('',(0.072435454,-0.508915577,0.179303464));
#8298=CARTESIAN_POINT('',(0.072435454,-0.4989171,0.17912894));
#8299=ADVANCED_FACE('',(#8300),#8311,.F.);
#8300=FACE_BOUND('',#8301,.T.);
#8301=EDGE_LOOP('',(#8302,#8303,#8309,#8310));
#8302=ORIENTED_EDGE('',*,*,#1547,.F.);
#8303=ORIENTED_EDGE('',*,*,#8304,.T.);
#8304=EDGE_CURVE('',#1540,#8114,#8305,.F.);
#8305=LINE('',#8306,#8307);
#8306=CARTESIAN_POINT('',(0.066633605,-0.508915577,0.179303464));
#8307=VECTOR('',#8308,1.0);
#8308=DIRECTION('',(0.0,0.999847695,-0.017452406));
#8309=ORIENTED_EDGE('',*,*,#8113,.F.);
#8310=ORIENTED_EDGE('',*,*,#8283,.F.);
#8311=PLANE('',#8312);
#8312=AXIS2_PLACEMENT_3D('',#8313,#8314,#8315);
#8313=CARTESIAN_POINT('',(0.066633605,-0.508915577,0.179303464));
#8314=DIRECTION('',(0.0,-0.017452406,-0.999847695));
#8315=DIRECTION('',(0.0,0.999847695,-0.017452406));
#8316=ADVANCED_FACE('',(#8317),#8323,.F.);
#8317=FACE_BOUND('',#8318,.T.);
#8318=EDGE_LOOP('',(#8319,#8320,#8321,#8322));
#8319=ORIENTED_EDGE('',*,*,#1539,.F.);
#8320=ORIENTED_EDGE('',*,*,#8205,.F.);
#8321=ORIENTED_EDGE('',*,*,#8121,.F.);
#8322=ORIENTED_EDGE('',*,*,#8304,.F.);
#8323=PLANE('',#8324);
#8324=AXIS2_PLACEMENT_3D('',#8325,#8326,#8327);
#8325=CARTESIAN_POINT('',(0.066633605,-0.509270519,0.158968897));
#8326=DIRECTION('',(1.0,0.0,0.0));
#8327=DIRECTION('',(0.0,0.0,-1.0));
#8328=ADVANCED_FACE('',(#8329),#8354,.T.);
#8329=FACE_BOUND('',#8330,.T.);
#8330=EDGE_LOOP('',(#8331,#8341,#8347,#8348));
#8331=ORIENTED_EDGE('',*,*,#8332,.T.);
#8332=EDGE_CURVE('',#8333,#8335,#8337,.F.);
#8333=VERTEX_POINT('',#8334);
#8334=CARTESIAN_POINT('',(0.069258994,-0.498957929,0.176789841));
#8335=VERTEX_POINT('',#8336);
#8336=CARTESIAN_POINT('',(0.072331478,-0.498957929,0.176789841));
#8337=LINE('',#8338,#8339);
#8338=CARTESIAN_POINT('',(0.072331478,-0.498957929,0.176789841));
#8339=VECTOR('',#8340,1.0);
#8340=DIRECTION('',(-1.0,0.0,0.0));
#8341=ORIENTED_EDGE('',*,*,#8342,.T.);
#8342=EDGE_CURVE('',#8335,#8140,#8343,.F.);
#8343=LINE('',#8344,#8345);
#8344=CARTESIAN_POINT('',(0.072331478,-0.508956406,0.176964365));
#8345=VECTOR('',#8346,1.0);
#8346=DIRECTION('',(0.0,0.999847695,-0.017452406));
#8347=ORIENTED_EDGE('',*,*,#8139,.F.);
#8348=ORIENTED_EDGE('',*,*,#8349,.T.);
#8349=EDGE_CURVE('',#8132,#8333,#8350,.T.);
#8350=LINE('',#8351,#8352);
#8351=CARTESIAN_POINT('',(0.069258994,-0.508956406,0.176964365));
#8352=VECTOR('',#8353,1.0);
#8353=DIRECTION('',(0.0,0.999847695,-0.017452406));
#8354=PLANE('',#8355);
#8355=AXIS2_PLACEMENT_3D('',#8356,#8357,#8358);
#8356=CARTESIAN_POINT('',(0.072331478,-0.508956406,0.176964365));
#8357=DIRECTION('',(0.0,-0.017452406,-0.999847695));
#8358=DIRECTION('',(0.0,0.999847695,-0.017452406));
#8359=ADVANCED_FACE('',(#8360),#8378,.T.);
#8360=FACE_BOUND('',#8361,.T.);
#8361=EDGE_LOOP('',(#8362,#8370,#8371,#8372));
#8362=ORIENTED_EDGE('',*,*,#8363,.T.);
#8363=EDGE_CURVE('',#8364,#8333,#8366,.F.);
#8364=VERTEX_POINT('',#8365);
#8365=CARTESIAN_POINT('',(0.069258994,-0.499231575,0.16111268));
#8366=LINE('',#8367,#8368);
#8367=CARTESIAN_POINT('',(0.069258994,-0.498957929,0.176789841));
#8368=VECTOR('',#8369,1.0);
#8369=DIRECTION('',(0.0,-0.017452406,-0.999847695));
#8370=ORIENTED_EDGE('',*,*,#8349,.F.);
#8371=ORIENTED_EDGE('',*,*,#8129,.F.);
#8372=ORIENTED_EDGE('',*,*,#8373,.T.);
#8373=EDGE_CURVE('',#8130,#8364,#8374,.T.);
#8374=LINE('',#8375,#8376);
#8375=CARTESIAN_POINT('',(0.069258994,-0.509230052,0.161287204));
#8376=VECTOR('',#8377,1.0);
#8377=DIRECTION('',(0.0,0.999847695,-0.017452406));
#8378=PLANE('',#8379);
#8379=AXIS2_PLACEMENT_3D('',#8380,#8381,#8382);
#8380=CARTESIAN_POINT('',(0.069258994,-0.508956406,0.176964365));
#8381=DIRECTION('',(1.0,0.0,0.0));
#8382=DIRECTION('',(0.0,0.0,-1.0));
#8383=ADVANCED_FACE('',(#8384),#8402,.T.);
#8384=FACE_BOUND('',#8385,.T.);
#8385=EDGE_LOOP('',(#8386,#8394,#8395,#8396));
#8386=ORIENTED_EDGE('',*,*,#8387,.T.);
#8387=EDGE_CURVE('',#8388,#8364,#8390,.F.);
#8388=VERTEX_POINT('',#8389);
#8389=CARTESIAN_POINT('',(0.072211906,-0.499231575,0.16111268));
#8390=LINE('',#8391,#8392);
#8391=CARTESIAN_POINT('',(0.069258994,-0.499231575,0.16111268));
#8392=VECTOR('',#8393,1.0);
#8393=DIRECTION('',(1.0,0.0,0.0));
#8394=ORIENTED_EDGE('',*,*,#8373,.F.);
#8395=ORIENTED_EDGE('',*,*,#8183,.F.);
#8396=ORIENTED_EDGE('',*,*,#8397,.T.);
#8397=EDGE_CURVE('',#8175,#8388,#8398,.T.);
#8398=LINE('',#8399,#8400);
#8399=CARTESIAN_POINT('',(0.072211906,-0.509230052,0.161287204));
#8400=VECTOR('',#8401,1.0);
#8401=DIRECTION('',(0.0,0.999847695,-0.017452406));
#8402=PLANE('',#8403);
#8403=AXIS2_PLACEMENT_3D('',#8404,#8405,#8406);
#8404=CARTESIAN_POINT('',(0.069258994,-0.509230052,0.161287204));
#8405=DIRECTION('',(0.0,0.017452406,0.999847695));
#8406=DIRECTION('',(0.0,-0.999847695,0.017452406));
#8407=ADVANCED_FACE('',(#8408),#8427,.T.);
#8408=FACE_BOUND('',#8409,.T.);
#8409=EDGE_LOOP('',(#8410,#8419,#8420,#8421));
#8410=ORIENTED_EDGE('',*,*,#8411,.T.);
#8411=EDGE_CURVE('',#8412,#8388,#8414,.F.);
#8412=VERTEX_POINT('',#8413);
#8413=CARTESIAN_POINT('',(0.078258098,-0.499194557,0.163233463));
#8414=B_SPLINE_CURVE_WITH_KNOTS('',3,(#8415,#8416,#8417,#8418),.UNSPECIFIED.,.F.,.U.,(4,4),(2.0,3.0),.PIECEWISE_BEZIER_KNOTS.);
#8415=CARTESIAN_POINT('',(0.072211906,-0.499231575,0.16111268));
#8416=CARTESIAN_POINT('',(0.074795705,-0.499231575,0.16111268));
#8417=CARTESIAN_POINT('',(0.076812835,-0.499219236,0.161819608));
#8418=CARTESIAN_POINT('',(0.078258098,-0.499194557,0.163233463));
#8419=ORIENTED_EDGE('',*,*,#8397,.F.);
#8420=ORIENTED_EDGE('',*,*,#8174,.F.);
#8421=ORIENTED_EDGE('',*,*,#8422,.T.);
#8422=EDGE_CURVE('',#8166,#8412,#8423,.T.);
#8423=LINE('',#8424,#8425);
#8424=CARTESIAN_POINT('',(0.078258098,-0.509193034,0.163407987));
#8425=VECTOR('',#8426,1.0);
#8426=DIRECTION('',(0.0,0.999847695,-0.017452406));
#8427=B_SPLINE_SURFACE_WITH_KNOTS('',3,1,((#8428,#8429),(#8430,#8431),(#8432,#8433),(#8434,#8435)),.UNSPECIFIED.,.F.,.F.,.U.,(4,4),(2,2),(2.0,3.0),(0.0,1.0),.PIECEWISE_BEZIER_KNOTS.);
#8428=CARTESIAN_POINT('',(0.072211906,-0.509230052,0.161287204));
#8429=CARTESIAN_POINT('',(0.072211906,-0.499231575,0.16111268));
#8430=CARTESIAN_POINT('',(0.074795705,-0.509230052,0.161287204));
#8431=CARTESIAN_POINT('',(0.074795705,-0.499231575,0.16111268));
#8432=CARTESIAN_POINT('',(0.076812835,-0.509217713,0.161994132));
#8433=CARTESIAN_POINT('',(0.076812835,-0.499219236,0.161819608));
#8434=CARTESIAN_POINT('',(0.078258098,-0.509193034,0.163407987));
#8435=CARTESIAN_POINT('',(0.078258098,-0.499194557,0.163233463));
#8436=ADVANCED_FACE('',(#8437),#8456,.T.);
#8437=FACE_BOUND('',#8438,.T.);
#8438=EDGE_LOOP('',(#8439,#8448,#8449,#8450));
#8439=ORIENTED_EDGE('',*,*,#8440,.T.);
#8440=EDGE_CURVE('',#8441,#8412,#8443,.F.);
#8441=VERTEX_POINT('',#8442);
#8442=CARTESIAN_POINT('',(0.080431193,-0.499091305,0.169148784));
#8443=B_SPLINE_CURVE_WITH_KNOTS('',3,(#8444,#8445,#8446,#8447),.UNSPECIFIED.,.F.,.U.,(4,4),(3.0,4.0),.PIECEWISE_BEZIER_KNOTS.);
#8444=CARTESIAN_POINT('',(0.078258098,-0.499194557,0.163233463));
#8445=CARTESIAN_POINT('',(0.079708561,-0.499170059,0.164636922));
#8446=CARTESIAN_POINT('',(0.080431193,-0.499135582,0.166612161));
#8447=CARTESIAN_POINT('',(0.080431193,-0.499091305,0.169148784));
#8448=ORIENTED_EDGE('',*,*,#8422,.F.);
#8449=ORIENTED_EDGE('',*,*,#8165,.F.);
#8450=ORIENTED_EDGE('',*,*,#8451,.T.);
#8451=EDGE_CURVE('',#8157,#8441,#8452,.T.);
#8452=LINE('',#8453,#8454);
#8453=CARTESIAN_POINT('',(0.080431193,-0.509089782,0.169323308));
#8454=VECTOR('',#8455,1.0);
#8455=DIRECTION('',(0.0,0.999847695,-0.017452406));
#8456=B_SPLINE_SURFACE_WITH_KNOTS('',3,1,((#8457,#8458),(#8459,#8460),(#8461,#8462),(#8463,#8464)),.UNSPECIFIED.,.F.,.F.,.U.,(4,4),(2,2),(3.0,4.0),(0.0,1.0),.PIECEWISE_BEZIER_KNOTS.);
#8457=CARTESIAN_POINT('',(0.078258098,-0.509193034,0.163407987));
#8458=CARTESIAN_POINT('',(0.078258098,-0.499194557,0.163233463));
#8459=CARTESIAN_POINT('',(0.079708561,-0.509168536,0.164811446));
#8460=CARTESIAN_POINT('',(0.079708561,-0.499170059,0.164636922));
#8461=CARTESIAN_POINT('',(0.080431193,-0.509134058,0.166786686));
#8462=CARTESIAN_POINT('',(0.080431193,-0.499135582,0.166612161));
#8463=CARTESIAN_POINT('',(0.080431193,-0.509089782,0.169323308));
#8464=CARTESIAN_POINT('',(0.080431193,-0.499091305,0.169148784));
#8465=ADVANCED_FACE('',(#8466),#8485,.T.);
#8466=FACE_BOUND('',#8467,.T.);
#8467=EDGE_LOOP('',(#8468,#8477,#8478,#8479));
#8468=ORIENTED_EDGE('',*,*,#8469,.T.);
#8469=EDGE_CURVE('',#8470,#8441,#8472,.F.);
#8470=VERTEX_POINT('',#8471);
#8471=CARTESIAN_POINT('',(0.078200912,-0.498991319,0.174876978));
#8472=B_SPLINE_CURVE_WITH_KNOTS('',3,(#8473,#8474,#8475,#8476),.UNSPECIFIED.,.F.,.U.,(4,4),(4.0,5.0),.PIECEWISE_BEZIER_KNOTS.);
#8473=CARTESIAN_POINT('',(0.080431193,-0.499091305,0.169148784));
#8474=CARTESIAN_POINT('',(0.080431193,-0.499047028,0.171685407));
#8475=CARTESIAN_POINT('',(0.079687766,-0.499013639,0.173598271));
#8476=CARTESIAN_POINT('',(0.078200912,-0.498991319,0.174876978));
#8477=ORIENTED_EDGE('',*,*,#8451,.F.);
#8478=ORIENTED_EDGE('',*,*,#8156,.F.);
#8479=ORIENTED_EDGE('',*,*,#8480,.T.);
#8480=EDGE_CURVE('',#8148,#8470,#8481,.T.);
#8481=LINE('',#8482,#8483);
#8482=CARTESIAN_POINT('',(0.078200912,-0.508989796,0.175051502));
#8483=VECTOR('',#8484,1.0);
#8484=DIRECTION('',(0.0,0.999847695,-0.017452406));
#8485=B_SPLINE_SURFACE_WITH_KNOTS('',3,1,((#8486,#8487),(#8488,#8489),(#8490,#8491),(#8492,#8493)),.UNSPECIFIED.,.F.,.F.,.U.,(4,4),(2,2),(4.0,5.0),(0.0,1.0),.PIECEWISE_BEZIER_KNOTS.);
#8486=CARTESIAN_POINT('',(0.080431193,-0.509089782,0.169323308));
#8487=CARTESIAN_POINT('',(0.080431193,-0.499091305,0.169148784));
#8488=CARTESIAN_POINT('',(0.080431193,-0.509045505,0.171859931));
#8489=CARTESIAN_POINT('',(0.080431193,-0.499047028,0.171685407));
#8490=CARTESIAN_POINT('',(0.079687766,-0.509012116,0.173772795));
#8491=CARTESIAN_POINT('',(0.079687766,-0.499013639,0.173598271));
#8492=CARTESIAN_POINT('',(0.078200912,-0.508989796,0.175051502));
#8493=CARTESIAN_POINT('',(0.078200912,-0.498991319,0.174876978));
#8494=ADVANCED_FACE('',(#8495),#8507,.T.);
#8495=FACE_BOUND('',#8496,.T.);
#8496=EDGE_LOOP('',(#8497,#8504,#8505,#8506));
#8497=ORIENTED_EDGE('',*,*,#8498,.T.);
#8498=EDGE_CURVE('',#8335,#8470,#8499,.F.);
#8499=B_SPLINE_CURVE_WITH_KNOTS('',3,(#8500,#8501,#8502,#8503),.UNSPECIFIED.,.F.,.U.,(4,4),(5.0,6.0),.PIECEWISE_BEZIER_KNOTS.);
#8500=CARTESIAN_POINT('',(0.078200912,-0.498991319,0.174876978));
#8501=CARTESIAN_POINT('',(0.076714058,-0.498968999,0.176155685));
#8502=CARTESIAN_POINT('',(0.074754114,-0.498957929,0.176789841));
#8503=CARTESIAN_POINT('',(0.072331478,-0.498957929,0.176789841));
#8504=ORIENTED_EDGE('',*,*,#8480,.F.);
#8505=ORIENTED_EDGE('',*,*,#8147,.F.);
#8506=ORIENTED_EDGE('',*,*,#8342,.F.);
#8507=B_SPLINE_SURFACE_WITH_KNOTS('',3,1,((#8508,#8509),(#8510,#8511),(#8512,#8513),(#8514,#8515)),.UNSPECIFIED.,.F.,.F.,.U.,(4,4),(2,2),(5.0,6.0),(0.0,1.0),.PIECEWISE_BEZIER_KNOTS.);
#8508=CARTESIAN_POINT('',(0.078200912,-0.508989796,0.175051502));
#8509=CARTESIAN_POINT('',(0.078200912,-0.498991319,0.174876978));
#8510=CARTESIAN_POINT('',(0.076714058,-0.508967476,0.176330209));
#8511=CARTESIAN_POINT('',(0.076714058,-0.498968999,0.176155685));
#8512=CARTESIAN_POINT('',(0.074754114,-0.508956406,0.176964365));
#8513=CARTESIAN_POINT('',(0.074754114,-0.498957929,0.176789841));
#8514=CARTESIAN_POINT('',(0.072331478,-0.508956406,0.176964365));
#8515=CARTESIAN_POINT('',(0.072331478,-0.498957929,0.176789841));
#8516=ADVANCED_FACE('',(#8517),#8526,.T.);
#8517=FACE_BOUND('',#8518,.T.);
#8518=EDGE_LOOP('',(#8519,#8520,#8521,#8522,#8523,#8524,#8525));
#8519=ORIENTED_EDGE('',*,*,#8498,.F.);
#8520=ORIENTED_EDGE('',*,*,#8332,.F.);
#8521=ORIENTED_EDGE('',*,*,#8363,.F.);
#8522=ORIENTED_EDGE('',*,*,#8387,.F.);
#8523=ORIENTED_EDGE('',*,*,#8411,.F.);
#8524=ORIENTED_EDGE('',*,*,#8440,.F.);
#8525=ORIENTED_EDGE('',*,*,#8469,.F.);
#8526=PLANE('',#8527);
#8527=AXIS2_PLACEMENT_3D('',#8528,#8529,#8530);
#8528=CARTESIAN_POINT('',(-0.5000508,-0.4999492,0.119999997));
#8529=DIRECTION('',(0.0,-0.999847695,0.017452406));
#8530=DIRECTION('',(0.0,-0.017452406,-0.999847695));
#8531=ADVANCED_FACE('',(#8532,#8598),#8650,.F.);
#8532=FACE_BOUND('',#8533,.T.);
#8533=EDGE_LOOP('',(#8534,#8544,#8552,#8560,#8568,#8576,#8584,#8592));
#8534=ORIENTED_EDGE('',*,*,#8535,.T.);
#8535=EDGE_CURVE('',#8536,#8538,#8540,.T.);
#8536=VERTEX_POINT('',#8537);
#8537=CARTESIAN_POINT('',(0.102619626,-0.509270519,0.158968897));
#8538=VERTEX_POINT('',#8539);
#8539=CARTESIAN_POINT('',(0.09487343,-0.508915577,0.179303464));
#8540=LINE('',#8541,#8542);
#8541=CARTESIAN_POINT('',(0.09487343,-0.508915577,0.179303464));
#8542=VECTOR('',#8543,1.0);
#8543=DIRECTION('',(-0.355935724,0.016309456,0.934368108));
#8544=ORIENTED_EDGE('',*,*,#8545,.T.);
#8545=EDGE_CURVE('',#8538,#8546,#8548,.T.);
#8546=VERTEX_POINT('',#8547);
#8547=CARTESIAN_POINT('',(0.092066084,-0.508915577,0.179303464));
#8548=LINE('',#8549,#8550);
#8549=CARTESIAN_POINT('',(0.092066084,-0.508915577,0.179303464));
#8550=VECTOR('',#8551,1.0);
#8551=DIRECTION('',(-1.0,0.0,0.0));
#8552=ORIENTED_EDGE('',*,*,#8553,.T.);
#8553=EDGE_CURVE('',#8546,#8554,#8556,.T.);
#8554=VERTEX_POINT('',#8555);
#8555=CARTESIAN_POINT('',(0.084319887,-0.509270519,0.158968897));
#8556=LINE('',#8557,#8558);
#8557=CARTESIAN_POINT('',(0.084319887,-0.509270519,0.158968897));
#8558=VECTOR('',#8559,1.0);
#8559=DIRECTION('',(-0.355935724,-0.016309456,-0.934368108));
#8560=ORIENTED_EDGE('',*,*,#8561,.T.);
#8561=EDGE_CURVE('',#8554,#8562,#8564,.T.);
#8562=VERTEX_POINT('',#8563);
#8563=CARTESIAN_POINT('',(0.087220812,-0.509270519,0.158968897));
#8564=LINE('',#8565,#8566);
#8565=CARTESIAN_POINT('',(0.087220812,-0.509270519,0.158968897));
#8566=VECTOR('',#8567,1.0);
#8567=DIRECTION('',(1.0,0.0,0.0));
#8568=ORIENTED_EDGE('',*,*,#8569,.T.);
#8569=EDGE_CURVE('',#8562,#8570,#8572,.T.);
#8570=VERTEX_POINT('',#8571);
#8571=CARTESIAN_POINT('',(0.089175557,-0.509173436,0.164530755));
#8572=LINE('',#8573,#8574);
#8573=CARTESIAN_POINT('',(0.089175557,-0.509173436,0.164530755));
#8574=VECTOR('',#8575,1.0);
#8575=DIRECTION('',(0.331528418,0.01646539,0.943301542));
#8576=ORIENTED_EDGE('',*,*,#8577,.T.);
#8577=EDGE_CURVE('',#8570,#8578,#8580,.T.);
#8578=VERTEX_POINT('',#8579);
#8579=CARTESIAN_POINT('',(0.097644385,-0.509173436,0.164530755));
#8580=LINE('',#8581,#8582);
#8581=CARTESIAN_POINT('',(0.097644385,-0.509173436,0.164530755));
#8582=VECTOR('',#8583,1.0);
#8583=DIRECTION('',(1.0,0.0,0.0));
#8584=ORIENTED_EDGE('',*,*,#8585,.T.);
#8585=EDGE_CURVE('',#8578,#8586,#8588,.T.);
#8586=VERTEX_POINT('',#8587);
#8587=CARTESIAN_POINT('',(0.099718702,-0.509270519,0.158968897));
#8588=LINE('',#8589,#8590);
#8589=CARTESIAN_POINT('',(0.099718702,-0.509270519,0.158968897));
#8590=VECTOR('',#8591,1.0);
#8591=DIRECTION('',(0.349395479,-0.016352475,-0.93683264));
#8592=ORIENTED_EDGE('',*,*,#8593,.T.);
#8593=EDGE_CURVE('',#8586,#8536,#8594,.T.);
#8594=LINE('',#8595,#8596);
#8595=CARTESIAN_POINT('',(0.102619626,-0.509270519,0.158968897));
#8596=VECTOR('',#8597,1.0);
#8597=DIRECTION('',(1.0,0.0,0.0));
#8598=FACE_BOUND('',#8599,.T.);
#8599=EDGE_LOOP('',(#8600,#8610,#8618,#8627,#8635,#8644));
#8600=ORIENTED_EDGE('',*,*,#8601,.T.);
#8601=EDGE_CURVE('',#8602,#8604,#8606,.F.);
#8602=VERTEX_POINT('',#8603);
#8603=CARTESIAN_POINT('',(0.096833374,-0.509133333,0.16682827));
#8604=VERTEX_POINT('',#8605);
#8605=CARTESIAN_POINT('',(0.090007363,-0.509133333,0.16682827));
#8606=LINE('',#8607,#8608);
#8607=CARTESIAN_POINT('',(0.090007363,-0.509133333,0.16682827));
#8608=VECTOR('',#8609,1.0);
#8609=DIRECTION('',(1.0,0.0,0.0));
#8610=ORIENTED_EDGE('',*,*,#8611,.T.);
#8611=EDGE_CURVE('',#8604,#8612,#8614,.F.);
#8612=VERTEX_POINT('',#8613);
#8613=CARTESIAN_POINT('',(0.093048655,-0.508985803,0.175280214));
#8614=LINE('',#8615,#8616);
#8615=CARTESIAN_POINT('',(0.093048655,-0.508985803,0.175280214));
#8616=VECTOR('',#8617,1.0);
#8617=DIRECTION('',(-0.338535034,-0.016421908,-0.940810476));
#8618=ORIENTED_EDGE('',*,*,#8619,.T.);
#8619=EDGE_CURVE('',#8612,#8620,#8622,.F.);
#8620=VERTEX_POINT('',#8621);
#8621=CARTESIAN_POINT('',(0.093381377,-0.508960943,0.176704465));
#8622=B_SPLINE_CURVE_WITH_KNOTS('',3,(#8623,#8624,#8625,#8626),.UNSPECIFIED.,.F.,.U.,(4,4),(3.0,4.0),.PIECEWISE_BEZIER_KNOTS.);
#8623=CARTESIAN_POINT('',(0.093381377,-0.508960943,0.176704465));
#8624=CARTESIAN_POINT('',(0.0932826,-0.508971649,0.176091102));
#8625=CARTESIAN_POINT('',(0.093173426,-0.508979997,0.175612886));
#8626=CARTESIAN_POINT('',(0.093048655,-0.508985803,0.175280214));
#8627=ORIENTED_EDGE('',*,*,#8628,.T.);
#8628=EDGE_CURVE('',#8620,#8629,#8631,.F.);
#8629=VERTEX_POINT('',#8630);
#8630=CARTESIAN_POINT('',(0.093443763,-0.508960943,0.176704465));
#8631=LINE('',#8632,#8633);
#8632=CARTESIAN_POINT('',(0.093443763,-0.508960943,0.176704465));
#8633=VECTOR('',#8634,1.0);
#8634=DIRECTION('',(-1.0,0.0,0.0));
#8635=ORIENTED_EDGE('',*,*,#8636,.T.);
#8636=EDGE_CURVE('',#8629,#8637,#8639,.F.);
#8637=VERTEX_POINT('',#8638);
#8638=CARTESIAN_POINT('',(0.093760889,-0.508985803,0.175280214));
#8639=B_SPLINE_CURVE_WITH_KNOTS('',3,(#8640,#8641,#8642,#8643),.UNSPECIFIED.,.F.,.U.,(4,4),(1.0,2.0),.PIECEWISE_BEZIER_KNOTS.);
#8640=CARTESIAN_POINT('',(0.093760889,-0.508985803,0.175280214));
#8641=CARTESIAN_POINT('',(0.093662112,-0.508980904,0.175560906));
#8642=CARTESIAN_POINT('',(0.093558136,-0.508972738,0.176028726));
#8643=CARTESIAN_POINT('',(0.093443763,-0.508960943,0.176704465));
#8644=ORIENTED_EDGE('',*,*,#8645,.T.);
#8645=EDGE_CURVE('',#8637,#8602,#8646,.F.);
#8646=LINE('',#8647,#8648);
#8647=CARTESIAN_POINT('',(0.096833374,-0.509133333,0.16682827));
#8648=VECTOR('',#8649,1.0);
#8649=DIRECTION('',(-0.341603831,0.01640254,0.939700899));
#8650=PLANE('',#8651);
#8651=AXIS2_PLACEMENT_3D('',#8652,#8653,#8654);
#8652=CARTESIAN_POINT('',(-5.08001016E-05,-0.509795384,0.128899396));
#8653=DIRECTION('',(0.0,0.999847695,-0.017452406));
#8654=DIRECTION('',(0.0,0.017452406,0.999847695));
#8655=ADVANCED_FACE('',(#8656),#8672,.F.);
#8656=FACE_BOUND('',#8657,.T.);
#8657=EDGE_LOOP('',(#8658,#8659,#8665,#8666));
#8658=ORIENTED_EDGE('',*,*,#1591,.F.);
#8659=ORIENTED_EDGE('',*,*,#8660,.T.);
#8660=EDGE_CURVE('',#1592,#8538,#8661,.F.);
#8661=LINE('',#8662,#8663);
#8662=CARTESIAN_POINT('',(0.09487343,-0.508915577,0.179303464));
#8663=VECTOR('',#8664,1.0);
#8664=DIRECTION('',(0.0,0.999847695,-0.017452406));
#8665=ORIENTED_EDGE('',*,*,#8535,.F.);
#8666=ORIENTED_EDGE('',*,*,#8667,.T.);
#8667=EDGE_CURVE('',#8536,#1594,#8668,.T.);
#8668=LINE('',#8669,#8670);
#8669=CARTESIAN_POINT('',(0.102619626,-0.509270519,0.158968897));
#8670=VECTOR('',#8671,1.0);
#8671=DIRECTION('',(0.0,0.999847695,-0.017452406));
#8672=PLANE('',#8673);
#8673=AXIS2_PLACEMENT_3D('',#8674,#8675,#8676);
#8674=CARTESIAN_POINT('',(0.09487343,-0.508915577,0.179303464));
#8675=DIRECTION('',(-0.934510439,-0.006211935,-0.355881514));
#8676=DIRECTION('',(-0.35588838,2.611192512E-15,0.93452847));
#8677=ADVANCED_FACE('',(#8678),#8689,.F.);
#8678=FACE_BOUND('',#8679,.T.);
#8679=EDGE_LOOP('',(#8680,#8681,#8687,#8688));
#8680=ORIENTED_EDGE('',*,*,#1649,.F.);
#8681=ORIENTED_EDGE('',*,*,#8682,.T.);
#8682=EDGE_CURVE('',#1642,#8546,#8683,.F.);
#8683=LINE('',#8684,#8685);
#8684=CARTESIAN_POINT('',(0.092066084,-0.508915577,0.179303464));
#8685=VECTOR('',#8686,1.0);
#8686=DIRECTION('',(0.0,0.999847695,-0.017452406));
#8687=ORIENTED_EDGE('',*,*,#8545,.F.);
#8688=ORIENTED_EDGE('',*,*,#8660,.F.);
#8689=PLANE('',#8690);
#8690=AXIS2_PLACEMENT_3D('',#8691,#8692,#8693);
#8691=CARTESIAN_POINT('',(0.092066084,-0.508915577,0.179303464));
#8692=DIRECTION('',(0.0,-0.017452406,-0.999847695));
#8693=DIRECTION('',(0.0,0.999847695,-0.017452406));
#8694=ADVANCED_FACE('',(#8695),#8706,.F.);
#8695=FACE_BOUND('',#8696,.T.);
#8696=EDGE_LOOP('',(#8697,#8698,#8704,#8705));
#8697=ORIENTED_EDGE('',*,*,#1641,.F.);
#8698=ORIENTED_EDGE('',*,*,#8699,.T.);
#8699=EDGE_CURVE('',#1634,#8554,#8700,.F.);
#8700=LINE('',#8701,#8702);
#8701=CARTESIAN_POINT('',(0.084319887,-0.509270519,0.158968897));
#8702=VECTOR('',#8703,1.0);
#8703=DIRECTION('',(0.0,0.999847695,-0.017452406));
#8704=ORIENTED_EDGE('',*,*,#8553,.F.);
#8705=ORIENTED_EDGE('',*,*,#8682,.F.);
#8706=PLANE('',#8707);
#8707=AXIS2_PLACEMENT_3D('',#8708,#8709,#8710);
#8708=CARTESIAN_POINT('',(0.084319887,-0.509270519,0.158968897));
#8709=DIRECTION('',(0.934510439,-0.006211935,-0.355881514));
#8710=DIRECTION('',(-0.35588838,-2.610758831E-15,-0.93452847));
#8711=ADVANCED_FACE('',(#8712),#8723,.F.);
#8712=FACE_BOUND('',#8713,.T.);
#8713=EDGE_LOOP('',(#8714,#8715,#8721,#8722));
#8714=ORIENTED_EDGE('',*,*,#1633,.F.);
#8715=ORIENTED_EDGE('',*,*,#8716,.T.);
#8716=EDGE_CURVE('',#1626,#8562,#8717,.F.);
#8717=LINE('',#8718,#8719);
#8718=CARTESIAN_POINT('',(0.087220812,-0.509270519,0.158968897));
#8719=VECTOR('',#8720,1.0);
#8720=DIRECTION('',(0.0,0.999847695,-0.017452406));
#8721=ORIENTED_EDGE('',*,*,#8561,.F.);
#8722=ORIENTED_EDGE('',*,*,#8699,.F.);
#8723=PLANE('',#8724);
#8724=AXIS2_PLACEMENT_3D('',#8725,#8726,#8727);
#8725=CARTESIAN_POINT('',(0.087220812,-0.509270519,0.158968897));
#8726=DIRECTION('',(0.0,0.017452406,0.999847695));
#8727=DIRECTION('',(0.0,-0.999847695,0.017452406));
#8728=ADVANCED_FACE('',(#8729),#8740,.F.);
#8729=FACE_BOUND('',#8730,.T.);
#8730=EDGE_LOOP('',(#8731,#8732,#8738,#8739));
#8731=ORIENTED_EDGE('',*,*,#1625,.F.);
#8732=ORIENTED_EDGE('',*,*,#8733,.T.);
#8733=EDGE_CURVE('',#1618,#8570,#8734,.F.);
#8734=LINE('',#8735,#8736);
#8735=CARTESIAN_POINT('',(0.089175557,-0.509173436,0.164530755));
#8736=VECTOR('',#8737,1.0);
#8737=DIRECTION('',(0.0,0.999847695,-0.017452406));
#8738=ORIENTED_EDGE('',*,*,#8569,.F.);
#8739=ORIENTED_EDGE('',*,*,#8716,.F.);
#8740=PLANE('',#8741);
#8741=AXIS2_PLACEMENT_3D('',#8742,#8743,#8744);
#8742=CARTESIAN_POINT('',(0.089175557,-0.509173436,0.164530755));
#8743=DIRECTION('',(-0.943445233,0.005785969,0.331477925));
#8744=DIRECTION('',(0.331483474,-2.159730728E-15,0.943461026));
#8745=ADVANCED_FACE('',(#8746),#8757,.F.);
#8746=FACE_BOUND('',#8747,.T.);
#8747=EDGE_LOOP('',(#8748,#8749,#8755,#8756));
#8748=ORIENTED_EDGE('',*,*,#1617,.F.);
#8749=ORIENTED_EDGE('',*,*,#8750,.T.);
#8750=EDGE_CURVE('',#1610,#8578,#8751,.F.);
#8751=LINE('',#8752,#8753);
#8752=CARTESIAN_POINT('',(0.097644385,-0.509173436,0.164530755));
#8753=VECTOR('',#8754,1.0);
#8754=DIRECTION('',(0.0,0.999847695,-0.017452406));
#8755=ORIENTED_EDGE('',*,*,#8577,.F.);
#8756=ORIENTED_EDGE('',*,*,#8733,.F.);
#8757=PLANE('',#8758);
#8758=AXIS2_PLACEMENT_3D('',#8759,#8760,#8761);
#8759=CARTESIAN_POINT('',(0.097644385,-0.509173436,0.164530755));
#8760=DIRECTION('',(0.0,0.017452406,0.999847695));
#8761=DIRECTION('',(0.0,-0.999847695,0.017452406));
#8762=ADVANCED_FACE('',(#8763),#8774,.F.);
#8763=FACE_BOUND('',#8764,.T.);
#8764=EDGE_LOOP('',(#8765,#8766,#8772,#8773));
#8765=ORIENTED_EDGE('',*,*,#1609,.F.);
#8766=ORIENTED_EDGE('',*,*,#8767,.T.);
#8767=EDGE_CURVE('',#1602,#8586,#8768,.F.);
#8768=LINE('',#8769,#8770);
#8769=CARTESIAN_POINT('',(0.099718702,-0.509270519,0.158968897));
#8770=VECTOR('',#8771,1.0);
#8771=DIRECTION('',(0.0,0.999847695,-0.017452406));
#8772=ORIENTED_EDGE('',*,*,#8585,.F.);
#8773=ORIENTED_EDGE('',*,*,#8750,.F.);
#8774=PLANE('',#8775);
#8775=AXIS2_PLACEMENT_3D('',#8776,#8777,#8778);
#8776=CARTESIAN_POINT('',(0.099718702,-0.509270519,0.158968897));
#8777=DIRECTION('',(0.936975346,0.006097792,0.349342265));
#8778=DIRECTION('',(0.34934876,-3.302913498E-15,-0.936992766));
#8779=ADVANCED_FACE('',(#8780),#8786,.F.);
#8780=FACE_BOUND('',#8781,.T.);
#8781=EDGE_LOOP('',(#8782,#8783,#8784,#8785));
#8782=ORIENTED_EDGE('',*,*,#1601,.F.);
#8783=ORIENTED_EDGE('',*,*,#8667,.F.);
#8784=ORIENTED_EDGE('',*,*,#8593,.F.);
#8785=ORIENTED_EDGE('',*,*,#8767,.F.);
#8786=PLANE('',#8787);
#8787=AXIS2_PLACEMENT_3D('',#8788,#8789,#8790);
#8788=CARTESIAN_POINT('',(0.102619626,-0.509270519,0.158968897));
#8789=DIRECTION('',(0.0,0.017452406,0.999847695));
#8790=DIRECTION('',(0.0,-0.999847695,0.017452406));
#8791=ADVANCED_FACE('',(#8792),#8817,.T.);
#8792=FACE_BOUND('',#8793,.T.);
#8793=EDGE_LOOP('',(#8794,#8804,#8810,#8811));
#8794=ORIENTED_EDGE('',*,*,#8795,.T.);
#8795=EDGE_CURVE('',#8796,#8798,#8800,.F.);
#8796=VERTEX_POINT('',#8797);
#8797=CARTESIAN_POINT('',(0.096833374,-0.499134856,0.166653745));
#8798=VERTEX_POINT('',#8799);
#8799=CARTESIAN_POINT('',(0.090007363,-0.499134856,0.166653745));
#8800=LINE('',#8801,#8802);
#8801=CARTESIAN_POINT('',(0.090007363,-0.499134856,0.166653745));
#8802=VECTOR('',#8803,1.0);
#8803=DIRECTION('',(1.0,0.0,0.0));
#8804=ORIENTED_EDGE('',*,*,#8805,.T.);
#8805=EDGE_CURVE('',#8798,#8604,#8806,.F.);
#8806=LINE('',#8807,#8808);
#8807=CARTESIAN_POINT('',(0.090007363,-0.509133333,0.16682827));
#8808=VECTOR('',#8809,1.0);
#8809=DIRECTION('',(0.0,0.999847695,-0.017452406));
#8810=ORIENTED_EDGE('',*,*,#8601,.F.);
#8811=ORIENTED_EDGE('',*,*,#8812,.T.);
#8812=EDGE_CURVE('',#8602,#8796,#8813,.T.);
#8813=LINE('',#8814,#8815);
#8814=CARTESIAN_POINT('',(0.096833374,-0.509133333,0.16682827));
#8815=VECTOR('',#8816,1.0);
#8816=DIRECTION('',(0.0,0.999847695,-0.017452406));
#8817=PLANE('',#8818);
#8818=AXIS2_PLACEMENT_3D('',#8819,#8820,#8821);
#8819=CARTESIAN_POINT('',(0.090007363,-0.509133333,0.16682827));
#8820=DIRECTION('',(0.0,0.017452406,0.999847695));
#8821=DIRECTION('',(0.0,-0.999847695,0.017452406));
#8822=ADVANCED_FACE('',(#8823),#8841,.T.);
#8823=FACE_BOUND('',#8824,.T.);
#8824=EDGE_LOOP('',(#8825,#8833,#8834,#8835));
#8825=ORIENTED_EDGE('',*,*,#8826,.T.);
#8826=EDGE_CURVE('',#8827,#8796,#8829,.F.);
#8827=VERTEX_POINT('',#8828);
#8828=CARTESIAN_POINT('',(0.093760889,-0.498987326,0.17510569));
#8829=LINE('',#8830,#8831);
#8830=CARTESIAN_POINT('',(0.096833374,-0.499134856,0.166653745));
#8831=VECTOR('',#8832,1.0);
#8832=DIRECTION('',(-0.341603831,0.01640254,0.939700899));
#8833=ORIENTED_EDGE('',*,*,#8812,.F.);
#8834=ORIENTED_EDGE('',*,*,#8645,.F.);
#8835=ORIENTED_EDGE('',*,*,#8836,.T.);
#8836=EDGE_CURVE('',#8637,#8827,#8837,.T.);
#8837=LINE('',#8838,#8839);
#8838=CARTESIAN_POINT('',(0.093760889,-0.508985803,0.175280214));
#8839=VECTOR('',#8840,1.0);
#8840=DIRECTION('',(0.0,0.999847695,-0.017452406));
#8841=PLANE('',#8842);
#8842=AXIS2_PLACEMENT_3D('',#8843,#8844,#8845);
#8843=CARTESIAN_POINT('',(0.096833374,-0.509133333,0.16682827));
#8844=DIRECTION('',(-0.939844042,-0.005961809,-0.341551803));
#8845=DIRECTION('',(-0.341557873,1.194140273E-15,0.939860745));
#8846=ADVANCED_FACE('',(#8847),#8866,.T.);
#8847=FACE_BOUND('',#8848,.T.);
#8848=EDGE_LOOP('',(#8849,#8858,#8859,#8860));
#8849=ORIENTED_EDGE('',*,*,#8850,.T.);
#8850=EDGE_CURVE('',#8851,#8827,#8853,.F.);
#8851=VERTEX_POINT('',#8852);
#8852=CARTESIAN_POINT('',(0.093443763,-0.498962466,0.176529941));
#8853=B_SPLINE_CURVE_WITH_KNOTS('',3,(#8854,#8855,#8856,#8857),.UNSPECIFIED.,.F.,.U.,(4,4),(1.0,2.0),.PIECEWISE_BEZIER_KNOTS.);
#8854=CARTESIAN_POINT('',(0.093760889,-0.498987326,0.17510569));
#8855=CARTESIAN_POINT('',(0.093662112,-0.498982427,0.175386382));
#8856=CARTESIAN_POINT('',(0.093558136,-0.498974261,0.175854202));
#8857=CARTESIAN_POINT('',(0.093443763,-0.498962466,0.176529941));
#8858=ORIENTED_EDGE('',*,*,#8836,.F.);
#8859=ORIENTED_EDGE('',*,*,#8636,.F.);
#8860=ORIENTED_EDGE('',*,*,#8861,.T.);
#8861=EDGE_CURVE('',#8629,#8851,#8862,.T.);
#8862=LINE('',#8863,#8864);
#8863=CARTESIAN_POINT('',(0.093443763,-0.508960943,0.176704465));
#8864=VECTOR('',#8865,1.0);
#8865=DIRECTION('',(0.0,0.999847695,-0.017452406));
#8866=B_SPLINE_SURFACE_WITH_KNOTS('',3,1,((#8867,#8868),(#8869,#8870),(#8871,#8872),(#8873,#8874)),.UNSPECIFIED.,.F.,.F.,.U.,(4,4),(2,2),(1.0,2.0),(0.0,1.0),.PIECEWISE_BEZIER_KNOTS.);
#8867=CARTESIAN_POINT('',(0.093760889,-0.508985803,0.175280214));
#8868=CARTESIAN_POINT('',(0.093760889,-0.498987326,0.17510569));
#8869=CARTESIAN_POINT('',(0.093662112,-0.508980904,0.175560906));
#8870=CARTESIAN_POINT('',(0.093662112,-0.498982427,0.175386382));
#8871=CARTESIAN_POINT('',(0.093558136,-0.508972738,0.176028726));
#8872=CARTESIAN_POINT('',(0.093558136,-0.498974261,0.175854202));
#8873=CARTESIAN_POINT('',(0.093443763,-0.508960943,0.176704465));
#8874=CARTESIAN_POINT('',(0.093443763,-0.498962466,0.176529941));
#8875=ADVANCED_FACE('',(#8876),#8894,.T.);
#8876=FACE_BOUND('',#8877,.T.);
#8877=EDGE_LOOP('',(#8878,#8886,#8887,#8888));
#8878=ORIENTED_EDGE('',*,*,#8879,.T.);
#8879=EDGE_CURVE('',#8880,#8851,#8882,.F.);
#8880=VERTEX_POINT('',#8881);
#8881=CARTESIAN_POINT('',(0.093381377,-0.498962466,0.176529941));
#8882=LINE('',#8883,#8884);
#8883=CARTESIAN_POINT('',(0.093443763,-0.498962466,0.176529941));
#8884=VECTOR('',#8885,1.0);
#8885=DIRECTION('',(-1.0,0.0,0.0));
#8886=ORIENTED_EDGE('',*,*,#8861,.F.);
#8887=ORIENTED_EDGE('',*,*,#8628,.F.);
#8888=ORIENTED_EDGE('',*,*,#8889,.T.);
#8889=EDGE_CURVE('',#8620,#8880,#8890,.T.);
#8890=LINE('',#8891,#8892);
#8891=CARTESIAN_POINT('',(0.093381377,-0.508960943,0.176704465));
#8892=VECTOR('',#8893,1.0);
#8893=DIRECTION('',(0.0,0.999847695,-0.017452406));
#8894=PLANE('',#8895);
#8895=AXIS2_PLACEMENT_3D('',#8896,#8897,#8898);
#8896=CARTESIAN_POINT('',(0.093443763,-0.508960943,0.176704465));
#8897=DIRECTION('',(0.0,-0.017452406,-0.999847695));
#8898=DIRECTION('',(0.0,0.999847695,-0.017452406));
#8899=ADVANCED_FACE('',(#8900),#8919,.T.);
#8900=FACE_BOUND('',#8901,.T.);
#8901=EDGE_LOOP('',(#8902,#8911,#8912,#8913));
#8902=ORIENTED_EDGE('',*,*,#8903,.T.);
#8903=EDGE_CURVE('',#8904,#8880,#8906,.F.);
#8904=VERTEX_POINT('',#8905);
#8905=CARTESIAN_POINT('',(0.093048655,-0.498987326,0.17510569));
#8906=B_SPLINE_CURVE_WITH_KNOTS('',3,(#8907,#8908,#8909,#8910),.UNSPECIFIED.,.F.,.U.,(4,4),(3.0,4.0),.PIECEWISE_BEZIER_KNOTS.);
#8907=CARTESIAN_POINT('',(0.093381377,-0.498962466,0.176529941));
#8908=CARTESIAN_POINT('',(0.0932826,-0.498973172,0.175916578));
#8909=CARTESIAN_POINT('',(0.093173426,-0.49898152,0.175438362));
#8910=CARTESIAN_POINT('',(0.093048655,-0.498987326,0.17510569));
#8911=ORIENTED_EDGE('',*,*,#8889,.F.);
#8912=ORIENTED_EDGE('',*,*,#8619,.F.);
#8913=ORIENTED_EDGE('',*,*,#8914,.T.);
#8914=EDGE_CURVE('',#8612,#8904,#8915,.T.);
#8915=LINE('',#8916,#8917);
#8916=CARTESIAN_POINT('',(0.093048655,-0.508985803,0.175280214));
#8917=VECTOR('',#8918,1.0);
#8918=DIRECTION('',(0.0,0.999847695,-0.017452406));
#8919=B_SPLINE_SURFACE_WITH_KNOTS('',3,1,((#8920,#8921),(#8922,#8923),(#8924,#8925),(#8926,#8927)),.UNSPECIFIED.,.F.,.F.,.U.,(4,4),(2,2),(3.0,4.0),(0.0,1.0),.PIECEWISE_BEZIER_KNOTS.);
#8920=CARTESIAN_POINT('',(0.093381377,-0.508960943,0.176704465));
#8921=CARTESIAN_POINT('',(0.093381377,-0.498962466,0.176529941));
#8922=CARTESIAN_POINT('',(0.0932826,-0.508971649,0.176091102));
#8923=CARTESIAN_POINT('',(0.0932826,-0.498973172,0.175916578));
#8924=CARTESIAN_POINT('',(0.093173426,-0.508979997,0.175612886));
#8925=CARTESIAN_POINT('',(0.093173426,-0.49898152,0.175438362));
#8926=CARTESIAN_POINT('',(0.093048655,-0.508985803,0.175280214));
#8927=CARTESIAN_POINT('',(0.093048655,-0.498987326,0.17510569));
#8928=ADVANCED_FACE('',(#8929),#8940,.T.);
#8929=FACE_BOUND('',#8930,.T.);
#8930=EDGE_LOOP('',(#8931,#8937,#8938,#8939));
#8931=ORIENTED_EDGE('',*,*,#8932,.T.);
#8932=EDGE_CURVE('',#8798,#8904,#8933,.F.);
#8933=LINE('',#8934,#8935);
#8934=CARTESIAN_POINT('',(0.093048655,-0.498987326,0.17510569));
#8935=VECTOR('',#8936,1.0);
#8936=DIRECTION('',(-0.338535034,-0.016421908,-0.940810476));
#8937=ORIENTED_EDGE('',*,*,#8914,.F.);
#8938=ORIENTED_EDGE('',*,*,#8611,.F.);
#8939=ORIENTED_EDGE('',*,*,#8805,.F.);
#8940=PLANE('',#8941);
#8941=AXIS2_PLACEMENT_3D('',#8942,#8943,#8944);
#8942=CARTESIAN_POINT('',(0.093048655,-0.508985803,0.175280214));
#8943=DIRECTION('',(0.940953788,-0.005908251,-0.338483474));
#8944=DIRECTION('',(-0.338489382,-1.785680978E-15,-0.940970211));
#8945=ADVANCED_FACE('',(#8946),#8954,.T.);
#8946=FACE_BOUND('',#8947,.T.);
#8947=EDGE_LOOP('',(#8948,#8949,#8950,#8951,#8952,#8953));
#8948=ORIENTED_EDGE('',*,*,#8932,.F.);
#8949=ORIENTED_EDGE('',*,*,#8795,.F.);
#8950=ORIENTED_EDGE('',*,*,#8826,.F.);
#8951=ORIENTED_EDGE('',*,*,#8850,.F.);
#8952=ORIENTED_EDGE('',*,*,#8879,.F.);
#8953=ORIENTED_EDGE('',*,*,#8903,.F.);
#8954=PLANE('',#8955);
#8955=AXIS2_PLACEMENT_3D('',#8956,#8957,#8958);
#8956=CARTESIAN_POINT('',(-0.5000508,-0.4999492,0.119999997));
#8957=DIRECTION('',(0.0,-0.999847695,0.017452406));
#8958=DIRECTION('',(0.0,-0.017452406,-0.999847695));
#8959=ADVANCED_FACE('',(#8960,#9254),#9279,.F.);
#8960=FACE_BOUND('',#8961,.T.);
#8961=EDGE_LOOP('',(#8962,#8973,#8982,#8991,#9000,#9009,#9018,#9027,#9036,#9045,#9054,#9063,#9072,#9081,#9089,#9097,#9105,#9114,#9123,#9132,#9141,#9150,#9159,#9168,#9177,#9186,#9195,#9203,#9212,#9221,#9230,#9238,#9247));
#8962=ORIENTED_EDGE('',*,*,#8963,.T.);
#8963=EDGE_CURVE('',#8964,#8966,#8968,.T.);
#8964=VERTEX_POINT('',#8965);
#8965=CARTESIAN_POINT('',(-0.021126393,-0.508918446,0.17913911));
#8966=VERTEX_POINT('',#8967);
#8967=CARTESIAN_POINT('',(-0.035441663,-0.508587855,0.198078652));
#8968=B_SPLINE_CURVE_WITH_KNOTS('',3,(#8969,#8970,#8971,#8972),.UNSPECIFIED.,.F.,.U.,(4,4),(35.0,36.0),.PIECEWISE_BEZIER_KNOTS.);
#8969=CARTESIAN_POINT('',(-0.021126393,-0.508918446,0.17913911));
#8970=CARTESIAN_POINT('',(-0.02127099,-0.50876703,0.187813707));
#8971=CARTESIAN_POINT('',(-0.02719954,-0.50863328,0.195476273));
#8972=CARTESIAN_POINT('',(-0.035441663,-0.508587855,0.198078652));
#8973=ORIENTED_EDGE('',*,*,#8974,.T.);
#8974=EDGE_CURVE('',#8966,#8975,#8977,.T.);
#8975=VERTEX_POINT('',#8976);
#8976=CARTESIAN_POINT('',(-0.043249996,-0.508388491,0.209500211));
#8977=B_SPLINE_CURVE_WITH_KNOTS('',3,(#8978,#8979,#8980,#8981),.UNSPECIFIED.,.F.,.U.,(4,4),(0.0,1.0),.PIECEWISE_BEZIER_KNOTS.);
#8978=CARTESIAN_POINT('',(-0.035441663,-0.508587855,0.198078652));
#8979=CARTESIAN_POINT('',(-0.037032247,-0.508512147,0.202415953));
#8980=CARTESIAN_POINT('',(-0.039779624,-0.50844401,0.206319524));
#8981=CARTESIAN_POINT('',(-0.043249996,-0.508388491,0.209500211));
#8982=ORIENTED_EDGE('',*,*,#8983,.T.);
#8983=EDGE_CURVE('',#8975,#8984,#8986,.T.);
#8984=VERTEX_POINT('',#8985);
#8985=CARTESIAN_POINT('',(-0.062915419,-0.508257264,0.2170182));
#8986=B_SPLINE_CURVE_WITH_KNOTS('',3,(#8987,#8988,#8989,#8990),.UNSPECIFIED.,.F.,.U.,(4,4),(1.0,2.0),.PIECEWISE_BEZIER_KNOTS.);
#8987=CARTESIAN_POINT('',(-0.043249996,-0.508388491,0.209500211));
#8988=CARTESIAN_POINT('',(-0.048744746,-0.508305212,0.214271243));
#8989=CARTESIAN_POINT('',(-0.055685483,-0.508257264,0.2170182));
#8990=CARTESIAN_POINT('',(-0.062915419,-0.508257264,0.2170182));
#8991=ORIENTED_EDGE('',*,*,#8992,.T.);
#8992=EDGE_CURVE('',#8984,#8993,#8995,.T.);
#8993=VERTEX_POINT('',#8994);
#8994=CARTESIAN_POINT('',(-0.080267265,-0.508355684,0.211379709));
#8995=B_SPLINE_CURVE_WITH_KNOTS('',3,(#8996,#8997,#8998,#8999),.UNSPECIFIED.,.F.,.U.,(4,4),(2.0,3.0),.PIECEWISE_BEZIER_KNOTS.);
#8996=CARTESIAN_POINT('',(-0.062915419,-0.508257264,0.2170182));
#8997=CARTESIAN_POINT('',(-0.069277762,-0.508257264,0.2170182));
#8998=CARTESIAN_POINT('',(-0.07520631,-0.508292594,0.214994126));
#8999=CARTESIAN_POINT('',(-0.080267265,-0.508355684,0.211379709));
#9000=ORIENTED_EDGE('',*,*,#9001,.T.);
#9001=EDGE_CURVE('',#8993,#9002,#9004,.T.);
#9002=VERTEX_POINT('',#9003);
#9003=CARTESIAN_POINT('',(-0.086629608,-0.508466723,0.205018334));
#9004=B_SPLINE_CURVE_WITH_KNOTS('',3,(#9005,#9006,#9007,#9008),.UNSPECIFIED.,.F.,.U.,(4,4),(3.0,4.0),.PIECEWISE_BEZIER_KNOTS.);
#9005=CARTESIAN_POINT('',(-0.080267265,-0.508355684,0.211379709));
#9006=CARTESIAN_POINT('',(-0.082725444,-0.508385968,0.209644788));
#9007=CARTESIAN_POINT('',(-0.084749826,-0.508423821,0.207476137));
#9008=CARTESIAN_POINT('',(-0.086629608,-0.508466723,0.205018334));
#9009=ORIENTED_EDGE('',*,*,#9010,.T.);
#9010=EDGE_CURVE('',#9002,#9011,#9013,.T.);
#9011=VERTEX_POINT('',#9012);
#9012=CARTESIAN_POINT('',(-0.089955378,-0.508461675,0.205307487));
#9013=B_SPLINE_CURVE_WITH_KNOTS('',3,(#9014,#9015,#9016,#9017),.UNSPECIFIED.,.F.,.U.,(4,4),(4.0,5.0),.PIECEWISE_BEZIER_KNOTS.);
#9014=CARTESIAN_POINT('',(-0.086629608,-0.508466723,0.205018334));
#9015=CARTESIAN_POINT('',(-0.087786397,-0.508464199,0.205162911));
#9016=CARTESIAN_POINT('',(-0.088798589,-0.508461675,0.205307487));
#9017=CARTESIAN_POINT('',(-0.089955378,-0.508461675,0.205307487));
#9018=ORIENTED_EDGE('',*,*,#9019,.T.);
#9019=EDGE_CURVE('',#9011,#9020,#9022,.T.);
#9020=VERTEX_POINT('',#9021);
#9021=CARTESIAN_POINT('',(-0.10658423,-0.508582808,0.198367805));
#9022=B_SPLINE_CURVE_WITH_KNOTS('',3,(#9023,#9024,#9025,#9026),.UNSPECIFIED.,.F.,.U.,(4,4),(5.0,6.0),.PIECEWISE_BEZIER_KNOTS.);
#9023=CARTESIAN_POINT('',(-0.089955378,-0.508461675,0.205307487));
#9024=CARTESIAN_POINT('',(-0.096173123,-0.508461675,0.205307487));
#9025=CARTESIAN_POINT('',(-0.102101669,-0.508504577,0.202849684));
#9026=CARTESIAN_POINT('',(-0.10658423,-0.508582808,0.198367805));
#9027=ORIENTED_EDGE('',*,*,#9028,.T.);
#9028=EDGE_CURVE('',#9020,#9029,#9031,.T.);
#9029=VERTEX_POINT('',#9030);
#9030=CARTESIAN_POINT('',(-0.113380374,-0.508870498,0.181886064));
#9031=B_SPLINE_CURVE_WITH_KNOTS('',3,(#9032,#9033,#9034,#9035),.UNSPECIFIED.,.F.,.U.,(4,4),(6.0,7.0),.PIECEWISE_BEZIER_KNOTS.);
#9032=CARTESIAN_POINT('',(-0.10658423,-0.508582808,0.198367805));
#9033=CARTESIAN_POINT('',(-0.110922195,-0.508658516,0.194030506));
#9034=CARTESIAN_POINT('',(-0.113380374,-0.508761983,0.188102861));
#9035=CARTESIAN_POINT('',(-0.113380374,-0.508870498,0.181886064));
#9036=ORIENTED_EDGE('',*,*,#9037,.T.);
#9037=EDGE_CURVE('',#9029,#9038,#9040,.T.);
#9038=VERTEX_POINT('',#9039);
#9039=CARTESIAN_POINT('',(-0.107307228,-0.50914557,0.166127208));
#9040=B_SPLINE_CURVE_WITH_KNOTS('',3,(#9041,#9042,#9043,#9044),.UNSPECIFIED.,.F.,.U.,(4,4),(7.0,8.0),.PIECEWISE_BEZIER_KNOTS.);
#9041=CARTESIAN_POINT('',(-0.113380374,-0.508870498,0.181886064));
#9042=CARTESIAN_POINT('',(-0.113380374,-0.508971442,0.176102997));
#9043=CARTESIAN_POINT('',(-0.111211393,-0.509069862,0.170464503));
#9044=CARTESIAN_POINT('',(-0.107307228,-0.50914557,0.166127208));
#9045=ORIENTED_EDGE('',*,*,#9046,.T.);
#9046=EDGE_CURVE('',#9038,#9047,#9049,.T.);
#9047=VERTEX_POINT('',#9048);
#9048=CARTESIAN_POINT('',(-0.09573933,-0.509266702,0.159187528));
#9049=B_SPLINE_CURVE_WITH_KNOTS('',3,(#9050,#9051,#9052,#9053),.UNSPECIFIED.,.F.,.U.,(4,4),(8.0,9.0),.PIECEWISE_BEZIER_KNOTS.);
#9050=CARTESIAN_POINT('',(-0.107307228,-0.50914557,0.166127208));
#9051=CARTESIAN_POINT('',(-0.104126056,-0.509206136,0.162657365));
#9052=CARTESIAN_POINT('',(-0.10022189,-0.509246514,0.16034414));
#9053=CARTESIAN_POINT('',(-0.09573933,-0.509266702,0.159187528));
#9054=ORIENTED_EDGE('',*,*,#9055,.T.);
#9055=EDGE_CURVE('',#9047,#9056,#9058,.T.);
#9056=VERTEX_POINT('',#9057);
#9057=CARTESIAN_POINT('',(-0.082002451,-0.509438307,0.149356314));
#9058=B_SPLINE_CURVE_WITH_KNOTS('',3,(#9059,#9060,#9061,#9062),.UNSPECIFIED.,.F.,.U.,(4,4),(9.0,10.0),.PIECEWISE_BEZIER_KNOTS.);
#9059=CARTESIAN_POINT('',(-0.09573933,-0.509266702,0.159187528));
#9060=CARTESIAN_POINT('',(-0.093859547,-0.509367646,0.15340446));
#9061=CARTESIAN_POINT('',(-0.088364797,-0.509438307,0.149356314));
#9062=CARTESIAN_POINT('',(-0.082002451,-0.509438307,0.149356314));
#9063=ORIENTED_EDGE('',*,*,#9064,.T.);
#9064=EDGE_CURVE('',#9056,#9065,#9067,.T.);
#9065=VERTEX_POINT('',#9066);
#9066=CARTESIAN_POINT('',(-0.067542579,-0.509185947,0.163813983));
#9067=B_SPLINE_CURVE_WITH_KNOTS('',3,(#9068,#9069,#9070,#9071),.UNSPECIFIED.,.F.,.U.,(4,4),(10.0,11.0),.PIECEWISE_BEZIER_KNOTS.);
#9068=CARTESIAN_POINT('',(-0.082002451,-0.509438307,0.149356314));
#9069=CARTESIAN_POINT('',(-0.074049521,-0.509438307,0.149356314));
#9070=CARTESIAN_POINT('',(-0.067542579,-0.509324745,0.155862265));
#9071=CARTESIAN_POINT('',(-0.067542579,-0.509185947,0.163813983));
#9072=ORIENTED_EDGE('',*,*,#9073,.T.);
#9073=EDGE_CURVE('',#9065,#9074,#9076,.T.);
#9074=VERTEX_POINT('',#9075);
#9075=CARTESIAN_POINT('',(-0.067542579,-0.509160711,0.16525975));
#9076=B_SPLINE_CURVE_WITH_KNOTS('',3,(#9077,#9078,#9079,#9080),.UNSPECIFIED.,.F.,.U.,(4,4),(11.0,12.0),.PIECEWISE_BEZIER_KNOTS.);
#9077=CARTESIAN_POINT('',(-0.067542579,-0.509185947,0.163813983));
#9078=CARTESIAN_POINT('',(-0.067542579,-0.509178376,0.164247712));
#9079=CARTESIAN_POINT('',(-0.067542579,-0.509170806,0.164681441));
#9080=CARTESIAN_POINT('',(-0.067542579,-0.509160711,0.16525975));
#9081=ORIENTED_EDGE('',*,*,#9082,.T.);
#9082=EDGE_CURVE('',#9074,#9083,#9085,.T.);
#9083=VERTEX_POINT('',#9084);
#9084=CARTESIAN_POINT('',(-0.047298759,-0.508973965,0.175958425));
#9085=LINE('',#9086,#9087);
#9086=CARTESIAN_POINT('',(-0.067542579,-0.509160711,0.16525975));
#9087=VECTOR('',#9088,1.0);
#9088=DIRECTION('',(0.88409495,0.008155637,0.467236134));
#9089=ORIENTED_EDGE('',*,*,#9090,.T.);
#9090=EDGE_CURVE('',#9083,#9091,#9093,.T.);
#9091=VERTEX_POINT('',#9092);
#9092=CARTESIAN_POINT('',(-0.051781317,-0.508840215,0.183620991));
#9093=LINE('',#9094,#9095);
#9094=CARTESIAN_POINT('',(-0.047298759,-0.508973965,0.175958425));
#9095=VECTOR('',#9096,1.0);
#9096=DIRECTION('',(-0.504883049,0.015064704,0.863056291));
#9097=ORIENTED_EDGE('',*,*,#9098,.T.);
#9098=EDGE_CURVE('',#9091,#9099,#9101,.T.);
#9099=VERTEX_POINT('',#9100);
#9100=CARTESIAN_POINT('',(-0.071157544,-0.509016866,0.173500623));
#9101=LINE('',#9102,#9103);
#9102=CARTESIAN_POINT('',(-0.051781317,-0.508840215,0.183620991));
#9103=VECTOR('',#9104,1.0);
#9104=DIRECTION('',(-0.886348843,-0.008080779,-0.462947545));
#9105=ORIENTED_EDGE('',*,*,#9106,.T.);
#9106=EDGE_CURVE('',#9099,#9107,#9109,.T.);
#9107=VERTEX_POINT('',#9108);
#9108=CARTESIAN_POINT('',(-0.082002448,-0.508931064,0.17841623));
#9109=B_SPLINE_CURVE_WITH_KNOTS('',3,(#9110,#9111,#9112,#9113),.UNSPECIFIED.,.F.,.U.,(4,4),(15.0,16.0),.PIECEWISE_BEZIER_KNOTS.);
#9110=CARTESIAN_POINT('',(-0.071157544,-0.509016866,0.173500623));
#9111=CARTESIAN_POINT('',(-0.07376032,-0.508963871,0.176536734));
#9112=CARTESIAN_POINT('',(-0.077664487,-0.508931064,0.17841623));
#9113=CARTESIAN_POINT('',(-0.082002448,-0.508931064,0.17841623));
#9114=ORIENTED_EDGE('',*,*,#9115,.T.);
#9115=EDGE_CURVE('',#9107,#9116,#9118,.T.);
#9116=VERTEX_POINT('',#9117);
#9117=CARTESIAN_POINT('',(-0.095594727,-0.509097621,0.168874167));
#9118=B_SPLINE_CURVE_WITH_KNOTS('',3,(#9119,#9120,#9121,#9122),.UNSPECIFIED.,.F.,.U.,(4,4),(16.0,17.0),.PIECEWISE_BEZIER_KNOTS.);
#9119=CARTESIAN_POINT('',(-0.082002448,-0.508931064,0.17841623));
#9120=CARTESIAN_POINT('',(-0.088220195,-0.508931064,0.17841623));
#9121=CARTESIAN_POINT('',(-0.093570345,-0.509001725,0.174368083));
#9122=CARTESIAN_POINT('',(-0.095594727,-0.509097621,0.168874167));
#9123=ORIENTED_EDGE('',*,*,#9124,.T.);
#9124=EDGE_CURVE('',#9116,#9125,#9127,.T.);
#9125=VERTEX_POINT('',#9126);
#9126=CARTESIAN_POINT('',(-0.10427065,-0.508865451,0.182175224));
#9127=B_SPLINE_CURVE_WITH_KNOTS('',3,(#9128,#9129,#9130,#9131),.UNSPECIFIED.,.F.,.U.,(4,4),(17.0,18.0),.PIECEWISE_BEZIER_KNOTS.);
#9128=CARTESIAN_POINT('',(-0.095594727,-0.509097621,0.168874167));
#9129=CARTESIAN_POINT('',(-0.100655682,-0.509057244,0.171187395));
#9130=CARTESIAN_POINT('',(-0.10427065,-0.508968918,0.176247579));
#9131=CARTESIAN_POINT('',(-0.10427065,-0.508865451,0.182175224));
#9132=ORIENTED_EDGE('',*,*,#9133,.T.);
#9133=EDGE_CURVE('',#9125,#9134,#9136,.T.);
#9134=VERTEX_POINT('',#9135);
#9135=CARTESIAN_POINT('',(-0.089810778,-0.508613091,0.196632894));
#9136=B_SPLINE_CURVE_WITH_KNOTS('',3,(#9137,#9138,#9139,#9140),.UNSPECIFIED.,.F.,.U.,(4,4),(18.0,19.0),.PIECEWISE_BEZIER_KNOTS.);
#9137=CARTESIAN_POINT('',(-0.10427065,-0.508865451,0.182175224));
#9138=CARTESIAN_POINT('',(-0.10427065,-0.508726653,0.190126942));
#9139=CARTESIAN_POINT('',(-0.097763708,-0.508613091,0.196632894));
#9140=CARTESIAN_POINT('',(-0.089810778,-0.508613091,0.196632894));
#9141=ORIENTED_EDGE('',*,*,#9142,.T.);
#9142=EDGE_CURVE('',#9134,#9143,#9145,.T.);
#9143=VERTEX_POINT('',#9144);
#9144=CARTESIAN_POINT('',(-0.082147047,-0.508650945,0.194464243));
#9145=B_SPLINE_CURVE_WITH_KNOTS('',3,(#9146,#9147,#9148,#9149),.UNSPECIFIED.,.F.,.U.,(4,4),(19.0,20.0),.PIECEWISE_BEZIER_KNOTS.);
#9146=CARTESIAN_POINT('',(-0.089810778,-0.508613091,0.196632894));
#9147=CARTESIAN_POINT('',(-0.087063403,-0.508613091,0.196632894));
#9148=CARTESIAN_POINT('',(-0.084316028,-0.508628233,0.195765433));
#9149=CARTESIAN_POINT('',(-0.082147047,-0.508650945,0.194464243));
#9150=ORIENTED_EDGE('',*,*,#9151,.T.);
#9151=EDGE_CURVE('',#9143,#9152,#9154,.T.);
#9152=VERTEX_POINT('',#9153);
#9153=CARTESIAN_POINT('',(-0.062770823,-0.50840868,0.208343598));
#9154=B_SPLINE_CURVE_WITH_KNOTS('',3,(#9155,#9156,#9157,#9158),.UNSPECIFIED.,.F.,.U.,(4,4),(20.0,21.0),.PIECEWISE_BEZIER_KNOTS.);
#9155=CARTESIAN_POINT('',(-0.082147047,-0.508650945,0.194464243));
#9156=CARTESIAN_POINT('',(-0.079399675,-0.508509624,0.20256053));
#9157=CARTESIAN_POINT('',(-0.071880541,-0.50840868,0.208343598));
#9158=CARTESIAN_POINT('',(-0.062770823,-0.50840868,0.208343598));
#9159=ORIENTED_EDGE('',*,*,#9160,.T.);
#9160=EDGE_CURVE('',#9152,#9161,#9163,.T.);
#9161=VERTEX_POINT('',#9162);
#9162=CARTESIAN_POINT('',(-0.042527002,-0.508724129,0.190271511));
#9163=B_SPLINE_CURVE_WITH_KNOTS('',3,(#9164,#9165,#9166,#9167),.UNSPECIFIED.,.F.,.U.,(4,4),(21.0,22.0),.PIECEWISE_BEZIER_KNOTS.);
#9164=CARTESIAN_POINT('',(-0.062770823,-0.50840868,0.208343598));
#9165=CARTESIAN_POINT('',(-0.052359714,-0.50840868,0.208343598));
#9166=CARTESIAN_POINT('',(-0.043683791,-0.508547478,0.20039188));
#9167=CARTESIAN_POINT('',(-0.042527002,-0.508724129,0.190271511));
#9168=ORIENTED_EDGE('',*,*,#9169,.T.);
#9169=EDGE_CURVE('',#9161,#9170,#9172,.T.);
#9170=VERTEX_POINT('',#9171);
#9171=CARTESIAN_POINT('',(-0.041370214,-0.508724129,0.190271511));
#9172=B_SPLINE_CURVE_WITH_KNOTS('',3,(#9173,#9174,#9175,#9176),.UNSPECIFIED.,.F.,.U.,(4,4),(22.0,23.0),.PIECEWISE_BEZIER_KNOTS.);
#9173=CARTESIAN_POINT('',(-0.042527002,-0.508724129,0.190271511));
#9174=CARTESIAN_POINT('',(-0.042093207,-0.508724129,0.190271511));
#9175=CARTESIAN_POINT('',(-0.041804009,-0.508724129,0.190271511));
#9176=CARTESIAN_POINT('',(-0.041370214,-0.508724129,0.190271511));
#9177=ORIENTED_EDGE('',*,*,#9178,.T.);
#9178=EDGE_CURVE('',#9170,#9179,#9181,.T.);
#9179=VERTEX_POINT('',#9180);
#9180=CARTESIAN_POINT('',(-0.030091515,-0.50892097,0.17899453));
#9181=B_SPLINE_CURVE_WITH_KNOTS('',3,(#9182,#9183,#9184,#9185),.UNSPECIFIED.,.F.,.U.,(4,4),(23.0,24.0),.PIECEWISE_BEZIER_KNOTS.);
#9182=CARTESIAN_POINT('',(-0.041370214,-0.508724129,0.190271511));
#9183=CARTESIAN_POINT('',(-0.03515247,-0.508724129,0.190271511));
#9184=CARTESIAN_POINT('',(-0.030091515,-0.508812455,0.185211327));
#9185=CARTESIAN_POINT('',(-0.030091515,-0.50892097,0.17899453));
#9186=ORIENTED_EDGE('',*,*,#9187,.T.);
#9187=EDGE_CURVE('',#9179,#9188,#9190,.T.);
#9188=VERTEX_POINT('',#9189);
#9189=CARTESIAN_POINT('',(-0.040502623,-0.50911781,0.167717549));
#9190=B_SPLINE_CURVE_WITH_KNOTS('',3,(#9191,#9192,#9193,#9194),.UNSPECIFIED.,.F.,.U.,(4,4),(24.0,25.0),.PIECEWISE_BEZIER_KNOTS.);
#9191=CARTESIAN_POINT('',(-0.030091515,-0.50892097,0.17899453));
#9192=CARTESIAN_POINT('',(-0.030091515,-0.509024437,0.173066885));
#9193=CARTESIAN_POINT('',(-0.034574073,-0.509110239,0.168151278));
#9194=CARTESIAN_POINT('',(-0.040502623,-0.50911781,0.167717549));
#9195=ORIENTED_EDGE('',*,*,#9196,.T.);
#9196=EDGE_CURVE('',#9188,#9197,#9199,.T.);
#9197=VERTEX_POINT('',#9198);
#9198=CARTESIAN_POINT('',(-0.047009566,-0.50911781,0.167717549));
#9199=LINE('',#9200,#9201);
#9200=CARTESIAN_POINT('',(-0.040502623,-0.50911781,0.167717549));
#9201=VECTOR('',#9202,1.0);
#9202=DIRECTION('',(-1.0,0.0,0.0));
#9203=ORIENTED_EDGE('',*,*,#9204,.T.);
#9204=EDGE_CURVE('',#9197,#9205,#9207,.T.);
#9205=VERTEX_POINT('',#9206);
#9206=CARTESIAN_POINT('',(-0.047877156,-0.509115287,0.167862124));
#9207=B_SPLINE_CURVE_WITH_KNOTS('',3,(#9208,#9209,#9210,#9211),.UNSPECIFIED.,.F.,.U.,(4,4),(26.0,27.0),.PIECEWISE_BEZIER_KNOTS.);
#9208=CARTESIAN_POINT('',(-0.047009566,-0.50911781,0.167717549));
#9209=CARTESIAN_POINT('',(-0.047298764,-0.50911781,0.167717549));
#9210=CARTESIAN_POINT('',(-0.047587963,-0.509115287,0.167862124));
#9211=CARTESIAN_POINT('',(-0.047877156,-0.509115287,0.167862124));
#9212=ORIENTED_EDGE('',*,*,#9213,.T.);
#9213=EDGE_CURVE('',#9205,#9214,#9216,.T.);
#9214=VERTEX_POINT('',#9215);
#9215=CARTESIAN_POINT('',(-0.052359714,-0.509193518,0.163380249));
#9216=B_SPLINE_CURVE_WITH_KNOTS('',3,(#9217,#9218,#9219,#9220),.UNSPECIFIED.,.F.,.U.,(4,4),(27.0,28.0),.PIECEWISE_BEZIER_KNOTS.);
#9217=CARTESIAN_POINT('',(-0.047877156,-0.509115287,0.167862124));
#9218=CARTESIAN_POINT('',(-0.050335335,-0.509115287,0.167862124));
#9219=CARTESIAN_POINT('',(-0.052359714,-0.509150617,0.165838048));
#9220=CARTESIAN_POINT('',(-0.052359714,-0.509193518,0.163380249));
#9221=ORIENTED_EDGE('',*,*,#9222,.T.);
#9222=EDGE_CURVE('',#9214,#9223,#9225,.T.);
#9223=VERTEX_POINT('',#9224);
#9224=CARTESIAN_POINT('',(-0.048166349,-0.50927175,0.158898373));
#9225=B_SPLINE_CURVE_WITH_KNOTS('',3,(#9226,#9227,#9228,#9229),.UNSPECIFIED.,.F.,.U.,(4,4),(28.0,29.0),.PIECEWISE_BEZIER_KNOTS.);
#9226=CARTESIAN_POINT('',(-0.052359714,-0.509193518,0.163380249));
#9227=CARTESIAN_POINT('',(-0.052359714,-0.509233896,0.161067024));
#9228=CARTESIAN_POINT('',(-0.050479932,-0.509269226,0.159042948));
#9229=CARTESIAN_POINT('',(-0.048166349,-0.50927175,0.158898373));
#9230=ORIENTED_EDGE('',*,*,#9231,.T.);
#9231=EDGE_CURVE('',#9223,#9232,#9234,.T.);
#9232=VERTEX_POINT('',#9233);
#9233=CARTESIAN_POINT('',(-0.039635028,-0.50927175,0.158898373));
#9234=LINE('',#9235,#9236);
#9235=CARTESIAN_POINT('',(-0.048166349,-0.50927175,0.158898373));
#9236=VECTOR('',#9237,1.0);
#9237=DIRECTION('',(1.0,0.0,0.0));
#9238=ORIENTED_EDGE('',*,*,#9239,.T.);
#9239=EDGE_CURVE('',#9232,#9240,#9242,.T.);
#9240=VERTEX_POINT('',#9241);
#9241=CARTESIAN_POINT('',(-0.026476547,-0.509158188,0.165404325));
#9242=B_SPLINE_CURVE_WITH_KNOTS('',3,(#9243,#9244,#9245,#9246),.UNSPECIFIED.,.F.,.U.,(4,4),(33.0,34.0),.PIECEWISE_BEZIER_KNOTS.);
#9243=CARTESIAN_POINT('',(-0.039635028,-0.50927175,0.158898373));
#9244=CARTESIAN_POINT('',(-0.034574073,-0.509264179,0.159332102));
#9245=CARTESIAN_POINT('',(-0.029946913,-0.509223801,0.161645333));
#9246=CARTESIAN_POINT('',(-0.026476547,-0.509158188,0.165404325));
#9247=ORIENTED_EDGE('',*,*,#9248,.T.);
#9248=EDGE_CURVE('',#9240,#8964,#9249,.T.);
#9249=B_SPLINE_CURVE_WITH_KNOTS('',3,(#9250,#9251,#9252,#9253),.UNSPECIFIED.,.F.,.U.,(4,4),(34.0,35.0),.PIECEWISE_BEZIER_KNOTS.);
#9250=CARTESIAN_POINT('',(-0.026476547,-0.509158188,0.165404325));
#9251=CARTESIAN_POINT('',(-0.023006175,-0.509092574,0.169163316));
#9252=CARTESIAN_POINT('',(-0.021126393,-0.509006772,0.174078926));
#9253=CARTESIAN_POINT('',(-0.021126393,-0.508918446,0.17913911));
#9254=FACE_BOUND('',#9255,.T.);
#9255=EDGE_LOOP('',(#9256,#9270));
#9256=ORIENTED_EDGE('',*,*,#9257,.T.);
#9257=EDGE_CURVE('',#9258,#9260,#9262,.F.);
#9258=VERTEX_POINT('',#9259);
#9259=CARTESIAN_POINT('',(-0.08214705,-0.509090051,0.169307891));
#9260=VERTEX_POINT('',#9261);
#9261=CARTESIAN_POINT('',(-0.08214705,-0.509286891,0.158030904));
#9262=B_SPLINE_CURVE_WITH_KNOTS('',3,(#9263,#9264,#9265,#9266,#9267,#9268,#9269),.UNSPECIFIED.,.F.,.U.,(4,3,4),(0.0,1.0,2.0),.PIECEWISE_BEZIER_KNOTS.);
#9263=CARTESIAN_POINT('',(-0.08214705,-0.509286891,0.158030904));
#9264=CARTESIAN_POINT('',(-0.07896588,-0.509286891,0.158030904));
#9265=CARTESIAN_POINT('',(-0.076507701,-0.509241466,0.160633289));
#9266=CARTESIAN_POINT('',(-0.076507701,-0.509188471,0.163669398));
#9267=CARTESIAN_POINT('',(-0.076507701,-0.509132952,0.166850086));
#9268=CARTESIAN_POINT('',(-0.079110476,-0.509090051,0.169307891));
#9269=CARTESIAN_POINT('',(-0.08214705,-0.509090051,0.169307891));
#9270=ORIENTED_EDGE('',*,*,#9271,.T.);
#9271=EDGE_CURVE('',#9260,#9258,#9272,.F.);
#9272=B_SPLINE_CURVE_WITH_KNOTS('',3,(#9273,#9274,#9275,#9276,#9277,#9278),.UNSPECIFIED.,.F.,.U.,(4,2,4),(2.0,3.0,4.0),.UNSPECIFIED.);
#9273=CARTESIAN_POINT('',(-0.08214705,-0.509090051,0.169307891));
#9274=CARTESIAN_POINT('',(-0.085183624,-0.509090051,0.169307891));
#9275=CARTESIAN_POINT('',(-0.0877864,-0.509132952,0.166850086));
#9276=CARTESIAN_POINT('',(-0.0877864,-0.50924399,0.160488709));
#9277=CARTESIAN_POINT('',(-0.085183624,-0.509286891,0.158030904));
#9278=CARTESIAN_POINT('',(-0.08214705,-0.509286891,0.158030904));
#9279=PLANE('',#9280);
#9280=AXIS2_PLACEMENT_3D('',#9281,#9282,#9283);
#9281=CARTESIAN_POINT('',(-0.025247456,-0.508713404,0.190885963));
#9282=DIRECTION('',(-1.282411159E-14,0.999847695,-0.017452406));
#9283=DIRECTION('',(9.860761315E-32,0.017452406,0.999847695));
#9284=ADVANCED_FACE('',(#9285),#9301,.F.);
#9285=FACE_BOUND('',#9286,.T.);
#9286=EDGE_LOOP('',(#9287,#9288,#9294,#9295));
#9287=ORIENTED_EDGE('',*,*,#160,.F.);
#9288=ORIENTED_EDGE('',*,*,#9289,.T.);
#9289=EDGE_CURVE('',#152,#8966,#9290,.F.);
#9290=LINE('',#9291,#9292);
#9291=CARTESIAN_POINT('',(-0.035441663,-0.508587855,0.198078652));
#9292=VECTOR('',#9293,1.0);
#9293=DIRECTION('',(0.0,0.999847695,-0.017452406));
#9294=ORIENTED_EDGE('',*,*,#8963,.F.);
#9295=ORIENTED_EDGE('',*,*,#9296,.T.);
#9296=EDGE_CURVE('',#8964,#161,#9297,.T.);
#9297=LINE('',#9298,#9299);
#9298=CARTESIAN_POINT('',(-0.021126393,-0.508918446,0.17913911));
#9299=VECTOR('',#9300,1.0);
#9300=DIRECTION('',(0.0,0.999847695,-0.017452406));
#9301=B_SPLINE_SURFACE_WITH_KNOTS('',3,1,((#9302,#9303),(#9304,#9305),(#9306,#9307),(#9308,#9309)),.UNSPECIFIED.,.F.,.F.,.U.,(4,4),(2,2),(35.0,36.0),(0.0,1.0),.PIECEWISE_BEZIER_KNOTS.);
#9302=CARTESIAN_POINT('',(-0.021126393,-0.508918446,0.17913911));
#9303=CARTESIAN_POINT('',(-0.021126393,-0.498919969,0.178964586));
#9304=CARTESIAN_POINT('',(-0.02127099,-0.50876703,0.187813707));
#9305=CARTESIAN_POINT('',(-0.02127099,-0.498768554,0.187639182));
#9306=CARTESIAN_POINT('',(-0.02719954,-0.50863328,0.195476273));
#9307=CARTESIAN_POINT('',(-0.02719954,-0.498634803,0.195301749));
#9308=CARTESIAN_POINT('',(-0.035441663,-0.508587855,0.198078652));
#9309=CARTESIAN_POINT('',(-0.035441663,-0.498589378,0.197904128));
#9310=ADVANCED_FACE('',(#9311),#9322,.F.);
#9311=FACE_BOUND('',#9312,.T.);
#9312=EDGE_LOOP('',(#9313,#9314,#9320,#9321));
#9313=ORIENTED_EDGE('',*,*,#149,.F.);
#9314=ORIENTED_EDGE('',*,*,#9315,.T.);
#9315=EDGE_CURVE('',#150,#8975,#9316,.F.);
#9316=LINE('',#9317,#9318);
#9317=CARTESIAN_POINT('',(-0.043249996,-0.508388491,0.209500211));
#9318=VECTOR('',#9319,1.0);
#9319=DIRECTION('',(0.0,0.999847695,-0.017452406));
#9320=ORIENTED_EDGE('',*,*,#8974,.F.);
#9321=ORIENTED_EDGE('',*,*,#9289,.F.);
#9322=B_SPLINE_SURFACE_WITH_KNOTS('',3,1,((#9323,#9324),(#9325,#9326),(#9327,#9328),(#9329,#9330)),.UNSPECIFIED.,.F.,.F.,.U.,(4,4),(2,2),(0.0,1.0),(0.0,1.0),.PIECEWISE_BEZIER_KNOTS.);
#9323=CARTESIAN_POINT('',(-0.035441663,-0.508587855,0.198078652));
#9324=CARTESIAN_POINT('',(-0.035441663,-0.498589378,0.197904128));
#9325=CARTESIAN_POINT('',(-0.037032247,-0.508512147,0.202415953));
#9326=CARTESIAN_POINT('',(-0.037032247,-0.49851367,0.202241429));
#9327=CARTESIAN_POINT('',(-0.039779624,-0.50844401,0.206319524));
#9328=CARTESIAN_POINT('',(-0.039779624,-0.498445533,0.206145));
#9329=CARTESIAN_POINT('',(-0.043249996,-0.508388491,0.209500211));
#9330=CARTESIAN_POINT('',(-0.043249996,-0.498390014,0.209325687));
#9331=ADVANCED_FACE('',(#9332),#9343,.F.);
#9332=FACE_BOUND('',#9333,.T.);
#9333=EDGE_LOOP('',(#9334,#9335,#9341,#9342));
#9334=ORIENTED_EDGE('',*,*,#434,.F.);
#9335=ORIENTED_EDGE('',*,*,#9336,.T.);
#9336=EDGE_CURVE('',#426,#8984,#9337,.F.);
#9337=LINE('',#9338,#9339);
#9338=CARTESIAN_POINT('',(-0.062915419,-0.508257264,0.2170182));
#9339=VECTOR('',#9340,1.0);
#9340=DIRECTION('',(0.0,0.999847695,-0.017452406));
#9341=ORIENTED_EDGE('',*,*,#8983,.F.);
#9342=ORIENTED_EDGE('',*,*,#9315,.F.);
#9343=B_SPLINE_SURFACE_WITH_KNOTS('',3,1,((#9344,#9345),(#9346,#9347),(#9348,#9349),(#9350,#9351)),.UNSPECIFIED.,.F.,.F.,.U.,(4,4),(2,2),(1.0,2.0),(0.0,1.0),.PIECEWISE_BEZIER_KNOTS.);
#9344=CARTESIAN_POINT('',(-0.043249996,-0.508388491,0.209500211));
#9345=CARTESIAN_POINT('',(-0.043249996,-0.498390014,0.209325687));
#9346=CARTESIAN_POINT('',(-0.048744746,-0.508305212,0.214271243));
#9347=CARTESIAN_POINT('',(-0.048744746,-0.498306736,0.214096719));
#9348=CARTESIAN_POINT('',(-0.055685483,-0.508257264,0.2170182));
#9349=CARTESIAN_POINT('',(-0.055685483,-0.498258787,0.216843676));
#9350=CARTESIAN_POINT('',(-0.062915419,-0.508257264,0.2170182));
#9351=CARTESIAN_POINT('',(-0.062915419,-0.498258787,0.216843676));
#9352=ADVANCED_FACE('',(#9353),#9364,.F.);
#9353=FACE_BOUND('',#9354,.T.);
#9354=EDGE_LOOP('',(#9355,#9356,#9362,#9363));
#9355=ORIENTED_EDGE('',*,*,#425,.F.);
#9356=ORIENTED_EDGE('',*,*,#9357,.T.);
#9357=EDGE_CURVE('',#417,#8993,#9358,.F.);
#9358=LINE('',#9359,#9360);
#9359=CARTESIAN_POINT('',(-0.080267265,-0.508355684,0.211379709));
#9360=VECTOR('',#9361,1.0);
#9361=DIRECTION('',(0.0,0.999847695,-0.017452406));
#9362=ORIENTED_EDGE('',*,*,#8992,.F.);
#9363=ORIENTED_EDGE('',*,*,#9336,.F.);
#9364=B_SPLINE_SURFACE_WITH_KNOTS('',3,1,((#9365,#9366),(#9367,#9368),(#9369,#9370),(#9371,#9372)),.UNSPECIFIED.,.F.,.F.,.U.,(4,4),(2,2),(2.0,3.0),(0.0,1.0),.PIECEWISE_BEZIER_KNOTS.);
#9365=CARTESIAN_POINT('',(-0.062915419,-0.508257264,0.2170182));
#9366=CARTESIAN_POINT('',(-0.062915419,-0.498258787,0.216843676));
#9367=CARTESIAN_POINT('',(-0.069277762,-0.508257264,0.2170182));
#9368=CARTESIAN_POINT('',(-0.069277762,-0.498258787,0.216843676));
#9369=CARTESIAN_POINT('',(-0.07520631,-0.508292594,0.214994126));
#9370=CARTESIAN_POINT('',(-0.07520631,-0.498294118,0.214819602));
#9371=CARTESIAN_POINT('',(-0.080267265,-0.508355684,0.211379709));
#9372=CARTESIAN_POINT('',(-0.080267265,-0.498357207,0.211205185));
#9373=ADVANCED_FACE('',(#9374),#9385,.F.);
#9374=FACE_BOUND('',#9375,.T.);
#9375=EDGE_LOOP('',(#9376,#9377,#9383,#9384));
#9376=ORIENTED_EDGE('',*,*,#416,.F.);
#9377=ORIENTED_EDGE('',*,*,#9378,.T.);
#9378=EDGE_CURVE('',#408,#9002,#9379,.F.);
#9379=LINE('',#9380,#9381);
#9380=CARTESIAN_POINT('',(-0.086629608,-0.508466723,0.205018334));
#9381=VECTOR('',#9382,1.0);
#9382=DIRECTION('',(0.0,0.999847695,-0.017452406));
#9383=ORIENTED_EDGE('',*,*,#9001,.F.);
#9384=ORIENTED_EDGE('',*,*,#9357,.F.);
#9385=B_SPLINE_SURFACE_WITH_KNOTS('',3,1,((#9386,#9387),(#9388,#9389),(#9390,#9391),(#9392,#9393)),.UNSPECIFIED.,.F.,.F.,.U.,(4,4),(2,2),(3.0,4.0),(0.0,1.0),.PIECEWISE_BEZIER_KNOTS.);
#9386=CARTESIAN_POINT('',(-0.080267265,-0.508355684,0.211379709));
#9387=CARTESIAN_POINT('',(-0.080267265,-0.498357207,0.211205185));
#9388=CARTESIAN_POINT('',(-0.082725444,-0.508385968,0.209644788));
#9389=CARTESIAN_POINT('',(-0.082725444,-0.498387491,0.209470264));
#9390=CARTESIAN_POINT('',(-0.084749826,-0.508423821,0.207476137));
#9391=CARTESIAN_POINT('',(-0.084749826,-0.498425345,0.207301613));
#9392=CARTESIAN_POINT('',(-0.086629608,-0.508466723,0.205018334));
#9393=CARTESIAN_POINT('',(-0.086629608,-0.498468246,0.20484381));
#9394=ADVANCED_FACE('',(#9395),#9406,.F.);
#9395=FACE_BOUND('',#9396,.T.);
#9396=EDGE_LOOP('',(#9397,#9398,#9404,#9405));
#9397=ORIENTED_EDGE('',*,*,#407,.F.);
#9398=ORIENTED_EDGE('',*,*,#9399,.T.);
#9399=EDGE_CURVE('',#399,#9011,#9400,.F.);
#9400=LINE('',#9401,#9402);
#9401=CARTESIAN_POINT('',(-0.089955378,-0.508461675,0.205307487));
#9402=VECTOR('',#9403,1.0);
#9403=DIRECTION('',(0.0,0.999847695,-0.017452406));
#9404=ORIENTED_EDGE('',*,*,#9010,.F.);
#9405=ORIENTED_EDGE('',*,*,#9378,.F.);
#9406=B_SPLINE_SURFACE_WITH_KNOTS('',3,1,((#9407,#9408),(#9409,#9410),(#9411,#9412),(#9413,#9414)),.UNSPECIFIED.,.F.,.F.,.U.,(4,4),(2,2),(4.0,5.0),(0.0,1.0),.PIECEWISE_BEZIER_KNOTS.);
#9407=CARTESIAN_POINT('',(-0.086629608,-0.508466723,0.205018334));
#9408=CARTESIAN_POINT('',(-0.086629608,-0.498468246,0.20484381));
#9409=CARTESIAN_POINT('',(-0.087786397,-0.508464199,0.205162911));
#9410=CARTESIAN_POINT('',(-0.087786397,-0.498465722,0.204988387));
#9411=CARTESIAN_POINT('',(-0.088798589,-0.508461675,0.205307487));
#9412=CARTESIAN_POINT('',(-0.088798589,-0.498463198,0.205132963));
#9413=CARTESIAN_POINT('',(-0.089955378,-0.508461675,0.205307487));
#9414=CARTESIAN_POINT('',(-0.089955378,-0.498463198,0.205132963));
#9415=ADVANCED_FACE('',(#9416),#9427,.F.);
#9416=FACE_BOUND('',#9417,.T.);
#9417=EDGE_LOOP('',(#9418,#9419,#9425,#9426));
#9418=ORIENTED_EDGE('',*,*,#398,.F.);
#9419=ORIENTED_EDGE('',*,*,#9420,.T.);
#9420=EDGE_CURVE('',#390,#9020,#9421,.F.);
#9421=LINE('',#9422,#9423);
#9422=CARTESIAN_POINT('',(-0.10658423,-0.508582808,0.198367805));
#9423=VECTOR('',#9424,1.0);
#9424=DIRECTION('',(0.0,0.999847695,-0.017452406));
#9425=ORIENTED_EDGE('',*,*,#9019,.F.);
#9426=ORIENTED_EDGE('',*,*,#9399,.F.);
#9427=B_SPLINE_SURFACE_WITH_KNOTS('',3,1,((#9428,#9429),(#9430,#9431),(#9432,#9433),(#9434,#9435)),.UNSPECIFIED.,.F.,.F.,.U.,(4,4),(2,2),(5.0,6.0),(0.0,1.0),.PIECEWISE_BEZIER_KNOTS.);
#9428=CARTESIAN_POINT('',(-0.089955378,-0.508461675,0.205307487));
#9429=CARTESIAN_POINT('',(-0.089955378,-0.498463198,0.205132963));
#9430=CARTESIAN_POINT('',(-0.096173123,-0.508461675,0.205307487));
#9431=CARTESIAN_POINT('',(-0.096173123,-0.498463198,0.205132963));
#9432=CARTESIAN_POINT('',(-0.102101669,-0.508504577,0.202849684));
#9433=CARTESIAN_POINT('',(-0.102101669,-0.4985061,0.20267516));
#9434=CARTESIAN_POINT('',(-0.10658423,-0.508582808,0.198367805));
#9435=CARTESIAN_POINT('',(-0.10658423,-0.498584331,0.198193281));
#9436=ADVANCED_FACE('',(#9437),#9448,.F.);
#9437=FACE_BOUND('',#9438,.T.);
#9438=EDGE_LOOP('',(#9439,#9440,#9446,#9447));
#9439=ORIENTED_EDGE('',*,*,#389,.F.);
#9440=ORIENTED_EDGE('',*,*,#9441,.T.);
#9441=EDGE_CURVE('',#381,#9029,#9442,.F.);
#9442=LINE('',#9443,#9444);
#9443=CARTESIAN_POINT('',(-0.113380374,-0.508870498,0.181886064));
#9444=VECTOR('',#9445,1.0);
#9445=DIRECTION('',(0.0,0.999847695,-0.017452406));
#9446=ORIENTED_EDGE('',*,*,#9028,.F.);
#9447=ORIENTED_EDGE('',*,*,#9420,.F.);
#9448=B_SPLINE_SURFACE_WITH_KNOTS('',3,1,((#9449,#9450),(#9451,#9452),(#9453,#9454),(#9455,#9456)),.UNSPECIFIED.,.F.,.F.,.U.,(4,4),(2,2),(6.0,7.0),(0.0,1.0),.PIECEWISE_BEZIER_KNOTS.);
#9449=CARTESIAN_POINT('',(-0.10658423,-0.508582808,0.198367805));
#9450=CARTESIAN_POINT('',(-0.10658423,-0.498584331,0.198193281));
#9451=CARTESIAN_POINT('',(-0.110922195,-0.508658516,0.194030506));
#9452=CARTESIAN_POINT('',(-0.110922195,-0.498660039,0.193855982));
#9453=CARTESIAN_POINT('',(-0.113380374,-0.508761983,0.188102861));
#9454=CARTESIAN_POINT('',(-0.113380374,-0.498763506,0.187928337));
#9455=CARTESIAN_POINT('',(-0.113380374,-0.508870498,0.181886064));
#9456=CARTESIAN_POINT('',(-0.113380374,-0.498872021,0.18171154));
#9457=ADVANCED_FACE('',(#9458),#9469,.F.);
#9458=FACE_BOUND('',#9459,.T.);
#9459=EDGE_LOOP('',(#9460,#9461,#9467,#9468));
#9460=ORIENTED_EDGE('',*,*,#380,.F.);
#9461=ORIENTED_EDGE('',*,*,#9462,.T.);
#9462=EDGE_CURVE('',#372,#9038,#9463,.F.);
#9463=LINE('',#9464,#9465);
#9464=CARTESIAN_POINT('',(-0.107307228,-0.50914557,0.166127208));
#9465=VECTOR('',#9466,1.0);
#9466=DIRECTION('',(0.0,0.999847695,-0.017452406));
#9467=ORIENTED_EDGE('',*,*,#9037,.F.);
#9468=ORIENTED_EDGE('',*,*,#9441,.F.);
#9469=B_SPLINE_SURFACE_WITH_KNOTS('',3,1,((#9470,#9471),(#9472,#9473),(#9474,#9475),(#9476,#9477)),.UNSPECIFIED.,.F.,.F.,.U.,(4,4),(2,2),(7.0,8.0),(0.0,1.0),.PIECEWISE_BEZIER_KNOTS.);
#9470=CARTESIAN_POINT('',(-0.113380374,-0.508870498,0.181886064));
#9471=CARTESIAN_POINT('',(-0.113380374,-0.498872021,0.18171154));
#9472=CARTESIAN_POINT('',(-0.113380374,-0.508971442,0.176102997));
#9473=CARTESIAN_POINT('',(-0.113380374,-0.498972965,0.175928472));
#9474=CARTESIAN_POINT('',(-0.111211393,-0.509069862,0.170464503));
#9475=CARTESIAN_POINT('',(-0.111211393,-0.499071385,0.170289979));
#9476=CARTESIAN_POINT('',(-0.107307228,-0.50914557,0.166127208));
#9477=CARTESIAN_POINT('',(-0.107307228,-0.499147093,0.165952684));
#9478=ADVANCED_FACE('',(#9479),#9490,.F.);
#9479=FACE_BOUND('',#9480,.T.);
#9480=EDGE_LOOP('',(#9481,#9482,#9488,#9489));
#9481=ORIENTED_EDGE('',*,*,#371,.F.);
#9482=ORIENTED_EDGE('',*,*,#9483,.T.);
#9483=EDGE_CURVE('',#363,#9047,#9484,.F.);
#9484=LINE('',#9485,#9486);
#9485=CARTESIAN_POINT('',(-0.09573933,-0.509266702,0.159187528));
#9486=VECTOR('',#9487,1.0);
#9487=DIRECTION('',(0.0,0.999847695,-0.017452406));
#9488=ORIENTED_EDGE('',*,*,#9046,.F.);
#9489=ORIENTED_EDGE('',*,*,#9462,.F.);
#9490=B_SPLINE_SURFACE_WITH_KNOTS('',3,1,((#9491,#9492),(#9493,#9494),(#9495,#9496),(#9497,#9498)),.UNSPECIFIED.,.F.,.F.,.U.,(4,4),(2,2),(8.0,9.0),(0.0,1.0),.PIECEWISE_BEZIER_KNOTS.);
#9491=CARTESIAN_POINT('',(-0.107307228,-0.50914557,0.166127208));
#9492=CARTESIAN_POINT('',(-0.107307228,-0.499147093,0.165952684));
#9493=CARTESIAN_POINT('',(-0.104126056,-0.509206136,0.162657365));
#9494=CARTESIAN_POINT('',(-0.104126056,-0.499207659,0.162482841));
#9495=CARTESIAN_POINT('',(-0.10022189,-0.509246514,0.16034414));
#9496=CARTESIAN_POINT('',(-0.10022189,-0.499248037,0.160169616));
#9497=CARTESIAN_POINT('',(-0.09573933,-0.509266702,0.159187528));
#9498=CARTESIAN_POINT('',(-0.09573933,-0.499268225,0.159013004));
#9499=ADVANCED_FACE('',(#9500),#9511,.F.);
#9500=FACE_BOUND('',#9501,.T.);
#9501=EDGE_LOOP('',(#9502,#9503,#9509,#9510));
#9502=ORIENTED_EDGE('',*,*,#362,.F.);
#9503=ORIENTED_EDGE('',*,*,#9504,.T.);
#9504=EDGE_CURVE('',#354,#9056,#9505,.F.);
#9505=LINE('',#9506,#9507);
#9506=CARTESIAN_POINT('',(-0.082002451,-0.509438307,0.149356314));
#9507=VECTOR('',#9508,1.0);
#9508=DIRECTION('',(0.0,0.999847695,-0.017452406));
#9509=ORIENTED_EDGE('',*,*,#9055,.F.);
#9510=ORIENTED_EDGE('',*,*,#9483,.F.);
#9511=B_SPLINE_SURFACE_WITH_KNOTS('',3,1,((#9512,#9513),(#9514,#9515),(#9516,#9517),(#9518,#9519)),.UNSPECIFIED.,.F.,.F.,.U.,(4,4),(2,2),(9.0,10.0),(0.0,1.0),.PIECEWISE_BEZIER_KNOTS.);
#9512=CARTESIAN_POINT('',(-0.09573933,-0.509266702,0.159187528));
#9513=CARTESIAN_POINT('',(-0.09573933,-0.499268225,0.159013004));
#9514=CARTESIAN_POINT('',(-0.093859547,-0.509367646,0.15340446));
#9515=CARTESIAN_POINT('',(-0.093859547,-0.499369169,0.153229936));
#9516=CARTESIAN_POINT('',(-0.088364797,-0.509438307,0.149356314));
#9517=CARTESIAN_POINT('',(-0.088364797,-0.49943983,0.14918179));
#9518=CARTESIAN_POINT('',(-0.082002451,-0.509438307,0.149356314));
#9519=CARTESIAN_POINT('',(-0.082002451,-0.49943983,0.14918179));
#9520=ADVANCED_FACE('',(#9521),#9532,.F.);
#9521=FACE_BOUND('',#9522,.T.);
#9522=EDGE_LOOP('',(#9523,#9524,#9530,#9531));
#9523=ORIENTED_EDGE('',*,*,#353,.F.);
#9524=ORIENTED_EDGE('',*,*,#9525,.T.);
#9525=EDGE_CURVE('',#345,#9065,#9526,.F.);
#9526=LINE('',#9527,#9528);
#9527=CARTESIAN_POINT('',(-0.067542579,-0.509185947,0.163813983));
#9528=VECTOR('',#9529,1.0);
#9529=DIRECTION('',(0.0,0.999847695,-0.017452406));
#9530=ORIENTED_EDGE('',*,*,#9064,.F.);
#9531=ORIENTED_EDGE('',*,*,#9504,.F.);
#9532=B_SPLINE_SURFACE_WITH_KNOTS('',3,1,((#9533,#9534),(#9535,#9536),(#9537,#9538),(#9539,#9540)),.UNSPECIFIED.,.F.,.F.,.U.,(4,4),(2,2),(10.0,11.0),(0.0,1.0),.PIECEWISE_BEZIER_KNOTS.);
#9533=CARTESIAN_POINT('',(-0.082002451,-0.509438307,0.149356314));
#9534=CARTESIAN_POINT('',(-0.082002451,-0.49943983,0.14918179));
#9535=CARTESIAN_POINT('',(-0.074049521,-0.509438307,0.149356314));
#9536=CARTESIAN_POINT('',(-0.074049521,-0.49943983,0.14918179));
#9537=CARTESIAN_POINT('',(-0.067542579,-0.509324745,0.155862265));
#9538=CARTESIAN_POINT('',(-0.067542579,-0.499326268,0.155687741));
#9539=CARTESIAN_POINT('',(-0.067542579,-0.509185947,0.163813983));
#9540=CARTESIAN_POINT('',(-0.067542579,-0.49918747,0.163639459));
#9541=ADVANCED_FACE('',(#9542),#9553,.F.);
#9542=FACE_BOUND('',#9543,.T.);
#9543=EDGE_LOOP('',(#9544,#9545,#9551,#9552));
#9544=ORIENTED_EDGE('',*,*,#344,.F.);
#9545=ORIENTED_EDGE('',*,*,#9546,.T.);
#9546=EDGE_CURVE('',#337,#9074,#9547,.F.);
#9547=LINE('',#9548,#9549);
#9548=CARTESIAN_POINT('',(-0.067542579,-0.509160711,0.16525975));
#9549=VECTOR('',#9550,1.0);
#9550=DIRECTION('',(0.0,0.999847695,-0.017452406));
#9551=ORIENTED_EDGE('',*,*,#9073,.F.);
#9552=ORIENTED_EDGE('',*,*,#9525,.F.);
#9553=PLANE('',#9554);
#9554=AXIS2_PLACEMENT_3D('',#9555,#9556,#9557);
#9555=CARTESIAN_POINT('',(-0.067542579,-0.509185947,0.163813983));
#9556=DIRECTION('',(-1.0,0.0,0.0));
#9557=DIRECTION('',(0.0,0.0,1.0));
#9558=ADVANCED_FACE('',(#9559),#9570,.F.);
#9559=FACE_BOUND('',#9560,.T.);
#9560=EDGE_LOOP('',(#9561,#9562,#9568,#9569));
#9561=ORIENTED_EDGE('',*,*,#336,.F.);
#9562=ORIENTED_EDGE('',*,*,#9563,.T.);
#9563=EDGE_CURVE('',#329,#9083,#9564,.F.);
#9564=LINE('',#9565,#9566);
#9565=CARTESIAN_POINT('',(-0.047298759,-0.508973965,0.175958425));
#9566=VECTOR('',#9567,1.0);
#9567=DIRECTION('',(0.0,0.999847695,-0.017452406));
#9568=ORIENTED_EDGE('',*,*,#9082,.F.);
#9569=ORIENTED_EDGE('',*,*,#9546,.F.);
#9570=PLANE('',#9571);
#9571=AXIS2_PLACEMENT_3D('',#9572,#9573,#9574);
#9572=CARTESIAN_POINT('',(-0.067542579,-0.509160711,0.16525975));
#9573=DIRECTION('',(-0.467307307,0.015429584,0.883960298));
#9574=DIRECTION('',(0.88406554,5.491267163E-15,0.467362943));
#9575=ADVANCED_FACE('',(#9576),#9587,.F.);
#9576=FACE_BOUND('',#9577,.T.);
#9577=EDGE_LOOP('',(#9578,#9579,#9585,#9586));
#9578=ORIENTED_EDGE('',*,*,#328,.F.);
#9579=ORIENTED_EDGE('',*,*,#9580,.T.);
#9580=EDGE_CURVE('',#321,#9091,#9581,.F.);
#9581=LINE('',#9582,#9583);
#9582=CARTESIAN_POINT('',(-0.051781317,-0.508840215,0.183620991));
#9583=VECTOR('',#9584,1.0);
#9584=DIRECTION('',(0.0,0.999847695,-0.017452406));
#9585=ORIENTED_EDGE('',*,*,#9090,.F.);
#9586=ORIENTED_EDGE('',*,*,#9563,.F.);
#9587=PLANE('',#9588);
#9588=AXIS2_PLACEMENT_3D('',#9589,#9590,#9591);
#9589=CARTESIAN_POINT('',(-0.047298759,-0.508973965,0.175958425));
#9590=DIRECTION('',(-0.863187759,-0.008811424,-0.504806153));
#9591=DIRECTION('',(-0.504825751,-2.149322387E-15,0.86322127));
#9592=ADVANCED_FACE('',(#9593),#9604,.F.);
#9593=FACE_BOUND('',#9594,.T.);
#9594=EDGE_LOOP('',(#9595,#9596,#9602,#9603));
#9595=ORIENTED_EDGE('',*,*,#320,.F.);
#9596=ORIENTED_EDGE('',*,*,#9597,.T.);
#9597=EDGE_CURVE('',#312,#9099,#9598,.F.);
#9598=LINE('',#9599,#9600);
#9599=CARTESIAN_POINT('',(-0.071157544,-0.509016866,0.173500623));
#9600=VECTOR('',#9601,1.0);
#9601=DIRECTION('',(0.0,0.999847695,-0.017452406));
#9602=ORIENTED_EDGE('',*,*,#9098,.F.);
#9603=ORIENTED_EDGE('',*,*,#9580,.F.);
#9604=PLANE('',#9605);
#9605=AXIS2_PLACEMENT_3D('',#9606,#9607,#9608);
#9606=CARTESIAN_POINT('',(-0.051781317,-0.508840215,0.183620991));
#9607=DIRECTION('',(0.463018065,-0.01546892,-0.886213848));
#9608=DIRECTION('',(-0.886319897,-2.831936075E-15,-0.463073473));
#9609=ADVANCED_FACE('',(#9610),#9621,.F.);
#9610=FACE_BOUND('',#9611,.T.);
#9611=EDGE_LOOP('',(#9612,#9613,#9619,#9620));
#9612=ORIENTED_EDGE('',*,*,#311,.F.);
#9613=ORIENTED_EDGE('',*,*,#9614,.T.);
#9614=EDGE_CURVE('',#303,#9107,#9615,.F.);
#9615=LINE('',#9616,#9617);
#9616=CARTESIAN_POINT('',(-0.082002448,-0.508931064,0.17841623));
#9617=VECTOR('',#9618,1.0);
#9618=DIRECTION('',(0.0,0.999847695,-0.017452406));
#9619=ORIENTED_EDGE('',*,*,#9106,.F.);
#9620=ORIENTED_EDGE('',*,*,#9597,.F.);
#9621=B_SPLINE_SURFACE_WITH_KNOTS('',3,1,((#9622,#9623),(#9624,#9625),(#9626,#9627),(#9628,#9629)),.UNSPECIFIED.,.F.,.F.,.U.,(4,4),(2,2),(15.0,16.0),(0.0,1.0),.PIECEWISE_BEZIER_KNOTS.);
#9622=CARTESIAN_POINT('',(-0.071157544,-0.509016866,0.173500623));
#9623=CARTESIAN_POINT('',(-0.071157544,-0.499018389,0.173326099));
#9624=CARTESIAN_POINT('',(-0.07376032,-0.508963871,0.176536734));
#9625=CARTESIAN_POINT('',(-0.07376032,-0.498965394,0.17636221));
#9626=CARTESIAN_POINT('',(-0.077664487,-0.508931064,0.17841623));
#9627=CARTESIAN_POINT('',(-0.077664487,-0.498932587,0.178241706));
#9628=CARTESIAN_POINT('',(-0.082002448,-0.508931064,0.17841623));
#9629=CARTESIAN_POINT('',(-0.082002448,-0.498932587,0.178241706));
#9630=ADVANCED_FACE('',(#9631),#9642,.F.);
#9631=FACE_BOUND('',#9632,.T.);
#9632=EDGE_LOOP('',(#9633,#9634,#9640,#9641));
#9633=ORIENTED_EDGE('',*,*,#302,.F.);
#9634=ORIENTED_EDGE('',*,*,#9635,.T.);
#9635=EDGE_CURVE('',#294,#9116,#9636,.F.);
#9636=LINE('',#9637,#9638);
#9637=CARTESIAN_POINT('',(-0.095594727,-0.509097621,0.168874167));
#9638=VECTOR('',#9639,1.0);
#9639=DIRECTION('',(0.0,0.999847695,-0.017452406));
#9640=ORIENTED_EDGE('',*,*,#9115,.F.);
#9641=ORIENTED_EDGE('',*,*,#9614,.F.);
#9642=B_SPLINE_SURFACE_WITH_KNOTS('',3,1,((#9643,#9644),(#9645,#9646),(#9647,#9648),(#9649,#9650)),.UNSPECIFIED.,.F.,.F.,.U.,(4,4),(2,2),(16.0,17.0),(0.0,1.0),.PIECEWISE_BEZIER_KNOTS.);
#9643=CARTESIAN_POINT('',(-0.082002448,-0.508931064,0.17841623));
#9644=CARTESIAN_POINT('',(-0.082002448,-0.498932587,0.178241706));
#9645=CARTESIAN_POINT('',(-0.088220195,-0.508931064,0.17841623));
#9646=CARTESIAN_POINT('',(-0.088220195,-0.498932587,0.178241706));
#9647=CARTESIAN_POINT('',(-0.093570345,-0.509001725,0.174368083));
#9648=CARTESIAN_POINT('',(-0.093570345,-0.499003248,0.174193559));
#9649=CARTESIAN_POINT('',(-0.095594727,-0.509097621,0.168874167));
#9650=CARTESIAN_POINT('',(-0.095594727,-0.499099144,0.168699643));
#9651=ADVANCED_FACE('',(#9652),#9663,.F.);
#9652=FACE_BOUND('',#9653,.T.);
#9653=EDGE_LOOP('',(#9654,#9655,#9661,#9662));
#9654=ORIENTED_EDGE('',*,*,#293,.F.);
#9655=ORIENTED_EDGE('',*,*,#9656,.T.);
#9656=EDGE_CURVE('',#285,#9125,#9657,.F.);
#9657=LINE('',#9658,#9659);
#9658=CARTESIAN_POINT('',(-0.10427065,-0.508865451,0.182175224));
#9659=VECTOR('',#9660,1.0);
#9660=DIRECTION('',(0.0,0.999847695,-0.017452406));
#9661=ORIENTED_EDGE('',*,*,#9124,.F.);
#9662=ORIENTED_EDGE('',*,*,#9635,.F.);
#9663=B_SPLINE_SURFACE_WITH_KNOTS('',3,1,((#9664,#9665),(#9666,#9667),(#9668,#9669),(#9670,#9671)),.UNSPECIFIED.,.F.,.F.,.U.,(4,4),(2,2),(17.0,18.0),(0.0,1.0),.PIECEWISE_BEZIER_KNOTS.);
#9664=CARTESIAN_POINT('',(-0.095594727,-0.509097621,0.168874167));
#9665=CARTESIAN_POINT('',(-0.095594727,-0.499099144,0.168699643));
#9666=CARTESIAN_POINT('',(-0.100655682,-0.509057244,0.171187395));
#9667=CARTESIAN_POINT('',(-0.100655682,-0.499058767,0.171012871));
#9668=CARTESIAN_POINT('',(-0.10427065,-0.508968918,0.176247579));
#9669=CARTESIAN_POINT('',(-0.10427065,-0.498970441,0.176073055));
#9670=CARTESIAN_POINT('',(-0.10427065,-0.508865451,0.182175224));
#9671=CARTESIAN_POINT('',(-0.10427065,-0.498866974,0.1820007));
#9672=ADVANCED_FACE('',(#9673),#9684,.F.);
#9673=FACE_BOUND('',#9674,.T.);
#9674=EDGE_LOOP('',(#9675,#9676,#9682,#9683));
#9675=ORIENTED_EDGE('',*,*,#284,.F.);
#9676=ORIENTED_EDGE('',*,*,#9677,.T.);
#9677=EDGE_CURVE('',#276,#9134,#9678,.F.);
#9678=LINE('',#9679,#9680);
#9679=CARTESIAN_POINT('',(-0.089810778,-0.508613091,0.196632894));
#9680=VECTOR('',#9681,1.0);
#9681=DIRECTION('',(0.0,0.999847695,-0.017452406));
#9682=ORIENTED_EDGE('',*,*,#9133,.F.);
#9683=ORIENTED_EDGE('',*,*,#9656,.F.);
#9684=B_SPLINE_SURFACE_WITH_KNOTS('',3,1,((#9685,#9686),(#9687,#9688),(#9689,#9690),(#9691,#9692)),.UNSPECIFIED.,.F.,.F.,.U.,(4,4),(2,2),(18.0,19.0),(0.0,1.0),.PIECEWISE_BEZIER_KNOTS.);
#9685=CARTESIAN_POINT('',(-0.10427065,-0.508865451,0.182175224));
#9686=CARTESIAN_POINT('',(-0.10427065,-0.498866974,0.1820007));
#9687=CARTESIAN_POINT('',(-0.10427065,-0.508726653,0.190126942));
#9688=CARTESIAN_POINT('',(-0.10427065,-0.498728176,0.189952418));
#9689=CARTESIAN_POINT('',(-0.097763708,-0.508613091,0.196632894));
#9690=CARTESIAN_POINT('',(-0.097763708,-0.498614614,0.19645837));
#9691=CARTESIAN_POINT('',(-0.089810778,-0.508613091,0.196632894));
#9692=CARTESIAN_POINT('',(-0.089810778,-0.498614614,0.19645837));
#9693=ADVANCED_FACE('',(#9694),#9705,.F.);
#9694=FACE_BOUND('',#9695,.T.);
#9695=EDGE_LOOP('',(#9696,#9697,#9703,#9704));
#9696=ORIENTED_EDGE('',*,*,#275,.F.);
#9697=ORIENTED_EDGE('',*,*,#9698,.T.);
#9698=EDGE_CURVE('',#267,#9143,#9699,.F.);
#9699=LINE('',#9700,#9701);
#9700=CARTESIAN_POINT('',(-0.082147047,-0.508650945,0.194464243));
#9701=VECTOR('',#9702,1.0);
#9702=DIRECTION('',(0.0,0.999847695,-0.017452406));
#9703=ORIENTED_EDGE('',*,*,#9142,.F.);
#9704=ORIENTED_EDGE('',*,*,#9677,.F.);
#9705=B_SPLINE_SURFACE_WITH_KNOTS('',3,1,((#9706,#9707),(#9708,#9709),(#9710,#9711),(#9712,#9713)),.UNSPECIFIED.,.F.,.F.,.U.,(4,4),(2,2),(19.0,20.0),(0.0,1.0),.PIECEWISE_BEZIER_KNOTS.);
#9706=CARTESIAN_POINT('',(-0.089810778,-0.508613091,0.196632894));
#9707=CARTESIAN_POINT('',(-0.089810778,-0.498614614,0.19645837));
#9708=CARTESIAN_POINT('',(-0.087063403,-0.508613091,0.196632894));
#9709=CARTESIAN_POINT('',(-0.087063403,-0.498614614,0.19645837));
#9710=CARTESIAN_POINT('',(-0.084316028,-0.508628233,0.195765433));
#9711=CARTESIAN_POINT('',(-0.084316028,-0.498629756,0.195590909));
#9712=CARTESIAN_POINT('',(-0.082147047,-0.508650945,0.194464243));
#9713=CARTESIAN_POINT('',(-0.082147047,-0.498652468,0.194289719));
#9714=ADVANCED_FACE('',(#9715),#9726,.F.);
#9715=FACE_BOUND('',#9716,.T.);
#9716=EDGE_LOOP('',(#9717,#9718,#9724,#9725));
#9717=ORIENTED_EDGE('',*,*,#266,.F.);
#9718=ORIENTED_EDGE('',*,*,#9719,.T.);
#9719=EDGE_CURVE('',#258,#9152,#9720,.F.);
#9720=LINE('',#9721,#9722);
#9721=CARTESIAN_POINT('',(-0.062770823,-0.50840868,0.208343598));
#9722=VECTOR('',#9723,1.0);
#9723=DIRECTION('',(0.0,0.999847695,-0.017452406));
#9724=ORIENTED_EDGE('',*,*,#9151,.F.);
#9725=ORIENTED_EDGE('',*,*,#9698,.F.);
#9726=B_SPLINE_SURFACE_WITH_KNOTS('',3,1,((#9727,#9728),(#9729,#9730),(#9731,#9732),(#9733,#9734)),.UNSPECIFIED.,.F.,.F.,.U.,(4,4),(2,2),(20.0,21.0),(0.0,1.0),.PIECEWISE_BEZIER_KNOTS.);
#9727=CARTESIAN_POINT('',(-0.082147047,-0.508650945,0.194464243));
#9728=CARTESIAN_POINT('',(-0.082147047,-0.498652468,0.194289719));
#9729=CARTESIAN_POINT('',(-0.079399675,-0.508509624,0.20256053));
#9730=CARTESIAN_POINT('',(-0.079399675,-0.498511147,0.202386006));
#9731=CARTESIAN_POINT('',(-0.071880541,-0.50840868,0.208343598));
#9732=CARTESIAN_POINT('',(-0.071880541,-0.498410203,0.208169074));
#9733=CARTESIAN_POINT('',(-0.062770823,-0.50840868,0.208343598));
#9734=CARTESIAN_POINT('',(-0.062770823,-0.498410203,0.208169074));
#9735=ADVANCED_FACE('',(#9736),#9747,.F.);
#9736=FACE_BOUND('',#9737,.T.);
#9737=EDGE_LOOP('',(#9738,#9739,#9745,#9746));
#9738=ORIENTED_EDGE('',*,*,#257,.F.);
#9739=ORIENTED_EDGE('',*,*,#9740,.T.);
#9740=EDGE_CURVE('',#249,#9161,#9741,.F.);
#9741=LINE('',#9742,#9743);
#9742=CARTESIAN_POINT('',(-0.042527002,-0.508724129,0.190271511));
#9743=VECTOR('',#9744,1.0);
#9744=DIRECTION('',(0.0,0.999847695,-0.017452406));
#9745=ORIENTED_EDGE('',*,*,#9160,.F.);
#9746=ORIENTED_EDGE('',*,*,#9719,.F.);
#9747=B_SPLINE_SURFACE_WITH_KNOTS('',3,1,((#9748,#9749),(#9750,#9751),(#9752,#9753),(#9754,#9755)),.UNSPECIFIED.,.F.,.F.,.U.,(4,4),(2,2),(21.0,22.0),(0.0,1.0),.PIECEWISE_BEZIER_KNOTS.);
#9748=CARTESIAN_POINT('',(-0.062770823,-0.50840868,0.208343598));
#9749=CARTESIAN_POINT('',(-0.062770823,-0.498410203,0.208169074));
#9750=CARTESIAN_POINT('',(-0.052359714,-0.50840868,0.208343598));
#9751=CARTESIAN_POINT('',(-0.052359714,-0.498410203,0.208169074));
#9752=CARTESIAN_POINT('',(-0.043683791,-0.508547478,0.20039188));
#9753=CARTESIAN_POINT('',(-0.043683791,-0.498549001,0.200217356));
#9754=CARTESIAN_POINT('',(-0.042527002,-0.508724129,0.190271511));
#9755=CARTESIAN_POINT('',(-0.042527002,-0.498725652,0.190096987));
#9756=ADVANCED_FACE('',(#9757),#9768,.F.);
#9757=FACE_BOUND('',#9758,.T.);
#9758=EDGE_LOOP('',(#9759,#9760,#9766,#9767));
#9759=ORIENTED_EDGE('',*,*,#248,.F.);
#9760=ORIENTED_EDGE('',*,*,#9761,.T.);
#9761=EDGE_CURVE('',#240,#9170,#9762,.F.);
#9762=LINE('',#9763,#9764);
#9763=CARTESIAN_POINT('',(-0.041370214,-0.508724129,0.190271511));
#9764=VECTOR('',#9765,1.0);
#9765=DIRECTION('',(0.0,0.999847695,-0.017452406));
#9766=ORIENTED_EDGE('',*,*,#9169,.F.);
#9767=ORIENTED_EDGE('',*,*,#9740,.F.);
#9768=PLANE('',#9769);
#9769=AXIS2_PLACEMENT_3D('',#9770,#9771,#9772);
#9770=CARTESIAN_POINT('',(-0.042527002,-0.508724129,0.190271511));
#9771=DIRECTION('',(0.0,0.017452406,0.999847695));
#9772=DIRECTION('',(0.0,-0.999847695,0.017452406));
#9773=ADVANCED_FACE('',(#9774),#9785,.F.);
#9774=FACE_BOUND('',#9775,.T.);
#9775=EDGE_LOOP('',(#9776,#9777,#9783,#9784));
#9776=ORIENTED_EDGE('',*,*,#239,.F.);
#9777=ORIENTED_EDGE('',*,*,#9778,.T.);
#9778=EDGE_CURVE('',#231,#9179,#9779,.F.);
#9779=LINE('',#9780,#9781);
#9780=CARTESIAN_POINT('',(-0.030091515,-0.50892097,0.17899453));
#9781=VECTOR('',#9782,1.0);
#9782=DIRECTION('',(0.0,0.999847695,-0.017452406));
#9783=ORIENTED_EDGE('',*,*,#9178,.F.);
#9784=ORIENTED_EDGE('',*,*,#9761,.F.);
#9785=B_SPLINE_SURFACE_WITH_KNOTS('',3,1,((#9786,#9787),(#9788,#9789),(#9790,#9791),(#9792,#9793)),.UNSPECIFIED.,.F.,.F.,.U.,(4,4),(2,2),(23.0,24.0),(0.0,1.0),.PIECEWISE_BEZIER_KNOTS.);
#9786=CARTESIAN_POINT('',(-0.041370214,-0.508724129,0.190271511));
#9787=CARTESIAN_POINT('',(-0.041370214,-0.498725652,0.190096987));
#9788=CARTESIAN_POINT('',(-0.03515247,-0.508724129,0.190271511));
#9789=CARTESIAN_POINT('',(-0.03515247,-0.498725652,0.190096987));
#9790=CARTESIAN_POINT('',(-0.030091515,-0.508812455,0.185211327));
#9791=CARTESIAN_POINT('',(-0.030091515,-0.498813978,0.185036803));
#9792=CARTESIAN_POINT('',(-0.030091515,-0.50892097,0.17899453));
#9793=CARTESIAN_POINT('',(-0.030091515,-0.498922493,0.178820006));
#9794=ADVANCED_FACE('',(#9795),#9806,.F.);
#9795=FACE_BOUND('',#9796,.T.);
#9796=EDGE_LOOP('',(#9797,#9798,#9804,#9805));
#9797=ORIENTED_EDGE('',*,*,#230,.F.);
#9798=ORIENTED_EDGE('',*,*,#9799,.T.);
#9799=EDGE_CURVE('',#223,#9188,#9800,.F.);
#9800=LINE('',#9801,#9802);
#9801=CARTESIAN_POINT('',(-0.040502623,-0.50911781,0.167717549));
#9802=VECTOR('',#9803,1.0);
#9803=DIRECTION('',(0.0,0.999847695,-0.017452406));
#9804=ORIENTED_EDGE('',*,*,#9187,.F.);
#9805=ORIENTED_EDGE('',*,*,#9778,.F.);
#9806=B_SPLINE_SURFACE_WITH_KNOTS('',3,1,((#9807,#9808),(#9809,#9810),(#9811,#9812),(#9813,#9814)),.UNSPECIFIED.,.F.,.F.,.U.,(4,4),(2,2),(24.0,25.0),(0.0,1.0),.PIECEWISE_BEZIER_KNOTS.);
#9807=CARTESIAN_POINT('',(-0.030091515,-0.50892097,0.17899453));
#9808=CARTESIAN_POINT('',(-0.030091515,-0.498922493,0.178820006));
#9809=CARTESIAN_POINT('',(-0.030091515,-0.509024437,0.173066885));
#9810=CARTESIAN_POINT('',(-0.030091515,-0.49902596,0.172892361));
#9811=CARTESIAN_POINT('',(-0.034574073,-0.509110239,0.168151278));
#9812=CARTESIAN_POINT('',(-0.034574073,-0.499111762,0.167976754));
#9813=CARTESIAN_POINT('',(-0.040502623,-0.50911781,0.167717549));
#9814=CARTESIAN_POINT('',(-0.040502623,-0.499119333,0.167543025));
#9815=ADVANCED_FACE('',(#9816),#9827,.F.);
#9816=FACE_BOUND('',#9817,.T.);
#9817=EDGE_LOOP('',(#9818,#9819,#9825,#9826));
#9818=ORIENTED_EDGE('',*,*,#222,.F.);
#9819=ORIENTED_EDGE('',*,*,#9820,.T.);
#9820=EDGE_CURVE('',#214,#9197,#9821,.F.);
#9821=LINE('',#9822,#9823);
#9822=CARTESIAN_POINT('',(-0.047009566,-0.50911781,0.167717549));
#9823=VECTOR('',#9824,1.0);
#9824=DIRECTION('',(0.0,0.999847695,-0.017452406));
#9825=ORIENTED_EDGE('',*,*,#9196,.F.);
#9826=ORIENTED_EDGE('',*,*,#9799,.F.);
#9827=PLANE('',#9828);
#9828=AXIS2_PLACEMENT_3D('',#9829,#9830,#9831);
#9829=CARTESIAN_POINT('',(-0.040502623,-0.50911781,0.167717549));
#9830=DIRECTION('',(0.0,-0.017452406,-0.999847695));
#9831=DIRECTION('',(0.0,0.999847695,-0.017452406));
#9832=ADVANCED_FACE('',(#9833),#9844,.F.);
#9833=FACE_BOUND('',#9834,.T.);
#9834=EDGE_LOOP('',(#9835,#9836,#9842,#9843));
#9835=ORIENTED_EDGE('',*,*,#213,.F.);
#9836=ORIENTED_EDGE('',*,*,#9837,.T.);
#9837=EDGE_CURVE('',#205,#9205,#9838,.F.);
#9838=LINE('',#9839,#9840);
#9839=CARTESIAN_POINT('',(-0.047877156,-0.509115287,0.167862124));
#9840=VECTOR('',#9841,1.0);
#9841=DIRECTION('',(0.0,0.999847695,-0.017452406));
#9842=ORIENTED_EDGE('',*,*,#9204,.F.);
#9843=ORIENTED_EDGE('',*,*,#9820,.F.);
#9844=B_SPLINE_SURFACE_WITH_KNOTS('',3,1,((#9845,#9846),(#9847,#9848),(#9849,#9850),(#9851,#9852)),.UNSPECIFIED.,.F.,.F.,.U.,(4,4),(2,2),(26.0,27.0),(0.0,1.0),.PIECEWISE_BEZIER_KNOTS.);
#9845=CARTESIAN_POINT('',(-0.047009566,-0.50911781,0.167717549));
#9846=CARTESIAN_POINT('',(-0.047009566,-0.499119333,0.167543025));
#9847=CARTESIAN_POINT('',(-0.047298764,-0.50911781,0.167717549));
#9848=CARTESIAN_POINT('',(-0.047298764,-0.499119333,0.167543025));
#9849=CARTESIAN_POINT('',(-0.047587963,-0.509115287,0.167862124));
#9850=CARTESIAN_POINT('',(-0.047587963,-0.49911681,0.1676876));
#9851=CARTESIAN_POINT('',(-0.047877156,-0.509115287,0.167862124));
#9852=CARTESIAN_POINT('',(-0.047877156,-0.49911681,0.1676876));
#9853=ADVANCED_FACE('',(#9854),#9865,.F.);
#9854=FACE_BOUND('',#9855,.T.);
#9855=EDGE_LOOP('',(#9856,#9857,#9863,#9864));
#9856=ORIENTED_EDGE('',*,*,#204,.F.);
#9857=ORIENTED_EDGE('',*,*,#9858,.T.);
#9858=EDGE_CURVE('',#196,#9214,#9859,.F.);
#9859=LINE('',#9860,#9861);
#9860=CARTESIAN_POINT('',(-0.052359714,-0.509193518,0.163380249));
#9861=VECTOR('',#9862,1.0);
#9862=DIRECTION('',(0.0,0.999847695,-0.017452406));
#9863=ORIENTED_EDGE('',*,*,#9213,.F.);
#9864=ORIENTED_EDGE('',*,*,#9837,.F.);
#9865=B_SPLINE_SURFACE_WITH_KNOTS('',3,1,((#9866,#9867),(#9868,#9869),(#9870,#9871),(#9872,#9873)),.UNSPECIFIED.,.F.,.F.,.U.,(4,4),(2,2),(27.0,28.0),(0.0,1.0),.PIECEWISE_BEZIER_KNOTS.);
#9866=CARTESIAN_POINT('',(-0.047877156,-0.509115287,0.167862124));
#9867=CARTESIAN_POINT('',(-0.047877156,-0.49911681,0.1676876));
#9868=CARTESIAN_POINT('',(-0.050335335,-0.509115287,0.167862124));
#9869=CARTESIAN_POINT('',(-0.050335335,-0.49911681,0.1676876));
#9870=CARTESIAN_POINT('',(-0.052359714,-0.509150617,0.165838048));
#9871=CARTESIAN_POINT('',(-0.052359714,-0.49915214,0.165663524));
#9872=CARTESIAN_POINT('',(-0.052359714,-0.509193518,0.163380249));
#9873=CARTESIAN_POINT('',(-0.052359714,-0.499195041,0.163205725));
#9874=ADVANCED_FACE('',(#9875),#9886,.F.);
#9875=FACE_BOUND('',#9876,.T.);
#9876=EDGE_LOOP('',(#9877,#9878,#9884,#9885));
#9877=ORIENTED_EDGE('',*,*,#195,.F.);
#9878=ORIENTED_EDGE('',*,*,#9879,.T.);
#9879=EDGE_CURVE('',#188,#9223,#9880,.F.);
#9880=LINE('',#9881,#9882);
#9881=CARTESIAN_POINT('',(-0.048166349,-0.50927175,0.158898373));
#9882=VECTOR('',#9883,1.0);
#9883=DIRECTION('',(0.0,0.999847695,-0.017452406));
#9884=ORIENTED_EDGE('',*,*,#9222,.F.);
#9885=ORIENTED_EDGE('',*,*,#9858,.F.);
#9886=B_SPLINE_SURFACE_WITH_KNOTS('',3,1,((#9887,#9888),(#9889,#9890),(#9891,#9892),(#9893,#9894)),.UNSPECIFIED.,.F.,.F.,.U.,(4,4),(2,2),(28.0,29.0),(0.0,1.0),.PIECEWISE_BEZIER_KNOTS.);
#9887=CARTESIAN_POINT('',(-0.052359714,-0.509193518,0.163380249));
#9888=CARTESIAN_POINT('',(-0.052359714,-0.499195041,0.163205725));
#9889=CARTESIAN_POINT('',(-0.052359714,-0.509233896,0.161067024));
#9890=CARTESIAN_POINT('',(-0.052359714,-0.499235419,0.1608925));
#9891=CARTESIAN_POINT('',(-0.050479932,-0.509269226,0.159042948));
#9892=CARTESIAN_POINT('',(-0.050479932,-0.499270749,0.158868424));
#9893=CARTESIAN_POINT('',(-0.048166349,-0.50927175,0.158898373));
#9894=CARTESIAN_POINT('',(-0.048166349,-0.499273273,0.158723849));
#9895=ADVANCED_FACE('',(#9896),#9907,.F.);
#9896=FACE_BOUND('',#9897,.T.);
#9897=EDGE_LOOP('',(#9898,#9899,#9905,#9906));
#9898=ORIENTED_EDGE('',*,*,#187,.F.);
#9899=ORIENTED_EDGE('',*,*,#9900,.T.);
#9900=EDGE_CURVE('',#179,#9232,#9901,.F.);
#9901=LINE('',#9902,#9903);
#9902=CARTESIAN_POINT('',(-0.039635028,-0.50927175,0.158898373));
#9903=VECTOR('',#9904,1.0);
#9904=DIRECTION('',(0.0,0.999847695,-0.017452406));
#9905=ORIENTED_EDGE('',*,*,#9231,.F.);
#9906=ORIENTED_EDGE('',*,*,#9879,.F.);
#9907=PLANE('',#9908);
#9908=AXIS2_PLACEMENT_3D('',#9909,#9910,#9911);
#9909=CARTESIAN_POINT('',(-0.040068823,-0.50927175,0.158898373));
#9910=DIRECTION('',(0.0,0.017452406,0.999847695));
#9911=DIRECTION('',(0.0,-0.999847695,0.017452406));
#9912=ADVANCED_FACE('',(#9913),#9924,.F.);
#9913=FACE_BOUND('',#9914,.T.);
#9914=EDGE_LOOP('',(#9915,#9916,#9922,#9923));
#9915=ORIENTED_EDGE('',*,*,#178,.F.);
#9916=ORIENTED_EDGE('',*,*,#9917,.T.);
#9917=EDGE_CURVE('',#170,#9240,#9918,.F.);
#9918=LINE('',#9919,#9920);
#9919=CARTESIAN_POINT('',(-0.026476547,-0.509158188,0.165404325));
#9920=VECTOR('',#9921,1.0);
#9921=DIRECTION('',(0.0,0.999847695,-0.017452406));
#9922=ORIENTED_EDGE('',*,*,#9239,.F.);
#9923=ORIENTED_EDGE('',*,*,#9900,.F.);
#9924=B_SPLINE_SURFACE_WITH_KNOTS('',3,1,((#9925,#9926),(#9927,#9928),(#9929,#9930),(#9931,#9932)),.UNSPECIFIED.,.F.,.F.,.U.,(4,4),(2,2),(33.0,34.0),(0.0,1.0),.PIECEWISE_BEZIER_KNOTS.);
#9925=CARTESIAN_POINT('',(-0.039635028,-0.50927175,0.158898373));
#9926=CARTESIAN_POINT('',(-0.039635028,-0.499273273,0.158723849));
#9927=CARTESIAN_POINT('',(-0.034574073,-0.509264179,0.159332102));
#9928=CARTESIAN_POINT('',(-0.034574073,-0.499265702,0.159157578));
#9929=CARTESIAN_POINT('',(-0.029946913,-0.509223801,0.161645333));
#9930=CARTESIAN_POINT('',(-0.029946913,-0.499225324,0.161470809));
#9931=CARTESIAN_POINT('',(-0.026476547,-0.509158188,0.165404325));
#9932=CARTESIAN_POINT('',(-0.026476547,-0.499159711,0.1652298));
#9933=ADVANCED_FACE('',(#9934),#9940,.F.);
#9934=FACE_BOUND('',#9935,.T.);
#9935=EDGE_LOOP('',(#9936,#9937,#9938,#9939));
#9936=ORIENTED_EDGE('',*,*,#169,.F.);
#9937=ORIENTED_EDGE('',*,*,#9296,.F.);
#9938=ORIENTED_EDGE('',*,*,#9248,.F.);
#9939=ORIENTED_EDGE('',*,*,#9917,.F.);
#9940=B_SPLINE_SURFACE_WITH_KNOTS('',3,1,((#9941,#9942),(#9943,#9944),(#9945,#9946),(#9947,#9948)),.UNSPECIFIED.,.F.,.F.,.U.,(4,4),(2,2),(34.0,35.0),(0.0,1.0),.PIECEWISE_BEZIER_KNOTS.);
#9941=CARTESIAN_POINT('',(-0.026476547,-0.509158188,0.165404325));
#9942=CARTESIAN_POINT('',(-0.026476547,-0.499159711,0.1652298));
#9943=CARTESIAN_POINT('',(-0.023006175,-0.509092574,0.169163316));
#9944=CARTESIAN_POINT('',(-0.023006175,-0.499094097,0.168988792));
#9945=CARTESIAN_POINT('',(-0.021126393,-0.509006772,0.174078926));
#9946=CARTESIAN_POINT('',(-0.021126393,-0.499008295,0.173904402));
#9947=CARTESIAN_POINT('',(-0.021126393,-0.508918446,0.17913911));
#9948=CARTESIAN_POINT('',(-0.021126393,-0.498919969,0.178964586));
#9949=ADVANCED_FACE('',(#9950),#9979,.T.);
#9950=FACE_BOUND('',#9951,.T.);
#9951=EDGE_LOOP('',(#9952,#9966,#9972,#9973));
#9952=ORIENTED_EDGE('',*,*,#9953,.T.);
#9953=EDGE_CURVE('',#9954,#9956,#9958,.F.);
#9954=VERTEX_POINT('',#9955);
#9955=CARTESIAN_POINT('',(-0.08214705,-0.499091574,0.169133367));
#9956=VERTEX_POINT('',#9957);
#9957=CARTESIAN_POINT('',(-0.08214705,-0.499288414,0.15785638));
#9958=B_SPLINE_CURVE_WITH_KNOTS('',3,(#9959,#9960,#9961,#9962,#9963,#9964,#9965),.UNSPECIFIED.,.F.,.U.,(4,3,4),(0.0,1.0,2.0),.PIECEWISE_BEZIER_KNOTS.);
#9959=CARTESIAN_POINT('',(-0.08214705,-0.499288414,0.15785638));
#9960=CARTESIAN_POINT('',(-0.07896588,-0.499288414,0.15785638));
#9961=CARTESIAN_POINT('',(-0.076507701,-0.499242989,0.160458765));
#9962=CARTESIAN_POINT('',(-0.076507701,-0.499189994,0.163494874));
#9963=CARTESIAN_POINT('',(-0.076507701,-0.499134475,0.166675562));
#9964=CARTESIAN_POINT('',(-0.079110476,-0.499091574,0.169133367));
#9965=CARTESIAN_POINT('',(-0.08214705,-0.499091574,0.169133367));
#9966=ORIENTED_EDGE('',*,*,#9967,.T.);
#9967=EDGE_CURVE('',#9956,#9260,#9968,.F.);
#9968=LINE('',#9969,#9970);
#9969=CARTESIAN_POINT('',(-0.08214705,-0.509286891,0.158030904));
#9970=VECTOR('',#9971,1.0);
#9971=DIRECTION('',(0.0,0.999847695,-0.017452406));
#9972=ORIENTED_EDGE('',*,*,#9257,.F.);
#9973=ORIENTED_EDGE('',*,*,#9974,.T.);
#9974=EDGE_CURVE('',#9258,#9954,#9975,.T.);
#9975=LINE('',#9976,#9977);
#9976=CARTESIAN_POINT('',(-0.08214705,-0.509090051,0.169307891));
#9977=VECTOR('',#9978,1.0);
#9978=DIRECTION('',(0.0,0.999847695,-0.017452406));
#9979=B_SPLINE_SURFACE_WITH_KNOTS('',3,1,((#9980,#9981),(#9982,#9983),(#9984,#9985),(#9986,#9987),(#9988,#9989),(#9990,#9991),(#9992,#9993)),.UNSPECIFIED.,.F.,.F.,.U.,(4,3,4),(2,2),(0.0,1.0,2.0),(0.0,1.0),.PIECEWISE_BEZIER_KNOTS.);
#9980=CARTESIAN_POINT('',(-0.08214705,-0.509286891,0.158030904));
#9981=CARTESIAN_POINT('',(-0.08214705,-0.499288414,0.15785638));
#9982=CARTESIAN_POINT('',(-0.07896588,-0.509286891,0.158030904));
#9983=CARTESIAN_POINT('',(-0.07896588,-0.499288414,0.15785638));
#9984=CARTESIAN_POINT('',(-0.076507701,-0.509241466,0.160633289));
#9985=CARTESIAN_POINT('',(-0.076507701,-0.499242989,0.160458765));
#9986=CARTESIAN_POINT('',(-0.076507701,-0.509188471,0.163669398));
#9987=CARTESIAN_POINT('',(-0.076507701,-0.499189994,0.163494874));
#9988=CARTESIAN_POINT('',(-0.076507701,-0.509132952,0.166850086));
#9989=CARTESIAN_POINT('',(-0.076507701,-0.499134475,0.166675562));
#9990=CARTESIAN_POINT('',(-0.079110476,-0.509090051,0.169307891));
#9991=CARTESIAN_POINT('',(-0.079110476,-0.499091574,0.169133367));
#9992=CARTESIAN_POINT('',(-0.08214705,-0.509090051,0.169307891));
#9993=CARTESIAN_POINT('',(-0.08214705,-0.499091574,0.169133367));
#9994=ADVANCED_FACE('',(#9995),#10009,.T.);
#9995=FACE_BOUND('',#9996,.T.);
#9996=EDGE_LOOP('',(#9997,#10006,#10007,#10008));
#9997=ORIENTED_EDGE('',*,*,#9998,.T.);
#9998=EDGE_CURVE('',#9956,#9954,#9999,.F.);
#9999=B_SPLINE_CURVE_WITH_KNOTS('',3,(#10000,#10001,#10002,#10003,#10004,#10005),.UNSPECIFIED.,.F.,.U.,(4,2,4),(2.0,3.0,4.0),.UNSPECIFIED.);
#10000=CARTESIAN_POINT('',(-0.08214705,-0.499091574,0.169133367));
#10001=CARTESIAN_POINT('',(-0.085183624,-0.499091574,0.169133367));
#10002=CARTESIAN_POINT('',(-0.0877864,-0.499134475,0.166675562));
#10003=CARTESIAN_POINT('',(-0.0877864,-0.499245513,0.160314185));
#10004=CARTESIAN_POINT('',(-0.085183624,-0.499288414,0.15785638));
#10005=CARTESIAN_POINT('',(-0.08214705,-0.499288414,0.15785638));
#10006=ORIENTED_EDGE('',*,*,#9974,.F.);
#10007=ORIENTED_EDGE('',*,*,#9271,.F.);
#10008=ORIENTED_EDGE('',*,*,#9967,.F.);
#10009=B_SPLINE_SURFACE_WITH_KNOTS('',3,1,((#10010,#10011),(#10012,#10013),(#10014,#10015),(#10016,#10017),(#10018,#10019),(#10020,#10021)),.UNSPECIFIED.,.F.,.F.,.U.,(4,2,4),(2,2),(2.0,3.0,4.0),(0.0,1.0),.UNSPECIFIED.);
#10010=CARTESIAN_POINT('',(-0.08214705,-0.509090051,0.169307891));
#10011=CARTESIAN_POINT('',(-0.08214705,-0.499091574,0.169133367));
#10012=CARTESIAN_POINT('',(-0.085183624,-0.509090051,0.169307891));
#10013=CARTESIAN_POINT('',(-0.085183624,-0.499091574,0.169133367));
#10014=CARTESIAN_POINT('',(-0.0877864,-0.509132952,0.166850086));
#10015=CARTESIAN_POINT('',(-0.0877864,-0.499134475,0.166675562));
#10016=CARTESIAN_POINT('',(-0.0877864,-0.50924399,0.160488709));
#10017=CARTESIAN_POINT('',(-0.0877864,-0.499245513,0.160314185));
#10018=CARTESIAN_POINT('',(-0.085183624,-0.509286891,0.158030904));
#10019=CARTESIAN_POINT('',(-0.085183624,-0.499288414,0.15785638));
#10020=CARTESIAN_POINT('',(-0.08214705,-0.509286891,0.158030904));
#10021=CARTESIAN_POINT('',(-0.08214705,-0.499288414,0.15785638));
#10022=ADVANCED_FACE('',(#10023),#10027,.T.);
#10023=FACE_BOUND('',#10024,.T.);
#10024=EDGE_LOOP('',(#10025,#10026));
#10025=ORIENTED_EDGE('',*,*,#9953,.F.);
#10026=ORIENTED_EDGE('',*,*,#9998,.F.);
#10027=PLANE('',#10028);
#10028=AXIS2_PLACEMENT_3D('',#10029,#10030,#10031);
#10029=CARTESIAN_POINT('',(-0.5000508,-0.4999492,0.119999997));
#10030=DIRECTION('',(0.0,-0.999847695,0.017452406));
#10031=DIRECTION('',(0.0,-0.017452406,-0.999847695));
#10032=(GEOMETRIC_REPRESENTATION_CONTEXT(3)GLOBAL_UNCERTAINTY_ASSIGNED_CONTEXT((#10033))GLOBAL_UNIT_ASSIGNED_CONTEXT((#18,#19,#20))REPRESENTATION_CONTEXT('',''));
#10033=UNCERTAINTY_MEASURE_WITH_UNIT(LENGTH_MEASURE(1.0E-07),#18,'','maximum tolerance');
#10034=ADVANCED_BREP_SHAPE_REPRESENTATION('',(#50,#9),#10032);
#10035=(REPRESENTATION_RELATIONSHIP('',$,#10034,#38)REPRESENTATION_RELATIONSHIP_WITH_TRANSFORMATION(#10036)SHAPE_REPRESENTATION_RELATIONSHIP());
#10036=ITEM_DEFINED_TRANSFORMATION('',$,#9,#9);
#10037=PRODUCT('SOLID','SOLID',$,(#3));
#10038=PRODUCT_DEFINITION_FORMATION('',$,#10037);
#10039=PRODUCT_DEFINITION('design',$,#10038,#6);
#10040=NEXT_ASSEMBLY_USAGE_OCCURRENCE('instance_3','','',#43,#10039,$);
#10041=PRODUCT_DEFINITION_SHAPE('',$,#10040);
#10042=CONTEXT_DEPENDENT_SHAPE_REPRESENTATION(#10035,#10041);
#10043=PRODUCT_DEFINITION_SHAPE('',$,#10039);
#10044=SHAPE_DEFINITION_REPRESENTATION(#10043,#10034);
#10045=PRODUCT_RELATED_PRODUCT_CATEGORY('part',$,(#10037));
#10046=STYLED_ITEM('',(#10047),#50);
#10047=PRESENTATION_STYLE_ASSIGNMENT((#10048));
#10048=SURFACE_STYLE_USAGE(.BOTH.,#10049);
#10049=SURFACE_SIDE_STYLE('',(#10050));
#10050=SURFACE_STYLE_FILL_AREA(#10051);
#10051=FILL_AREA_STYLE('',(#10053));
#10052=DRAUGHTING_PRE_DEFINED_COLOUR('white');
#10053=FILL_AREA_STYLE_COLOUR('',#10052);
#10054=OVER_RIDING_STYLED_ITEM('',(#10055),#52,#10046);
#10055=PRESENTATION_STYLE_ASSIGNMENT((#10056));
#10056=SURFACE_STYLE_USAGE(.BOTH.,#10057);
#10057=SURFACE_SIDE_STYLE('',(#10058));
#10058=SURFACE_STYLE_FILL_AREA(#10059);
#10059=FILL_AREA_STYLE('',(#10061));
#10060=COLOUR_RGB('',0.647058845,0.517647088,0.0);
#10061=FILL_AREA_STYLE_COLOUR('',#10060);
#10062=OVER_RIDING_STYLED_ITEM('',(#10063),#86,#10046);
#10063=PRESENTATION_STYLE_ASSIGNMENT((#10064));
#10064=SURFACE_STYLE_USAGE(.BOTH.,#10065);
#10065=SURFACE_SIDE_STYLE('',(#10066));
#10066=SURFACE_STYLE_FILL_AREA(#10067);
#10067=FILL_AREA_STYLE('',(#10069));
#10068=COLOUR_RGB('',0.647058845,0.517647088,0.0);
#10069=FILL_AREA_STYLE_COLOUR('',#10068);
#10070=OVER_RIDING_STYLED_ITEM('',(#10071),#145,#10046);
#10071=PRESENTATION_STYLE_ASSIGNMENT((#10072));
#10072=SURFACE_STYLE_USAGE(.BOTH.,#10073);
#10073=SURFACE_SIDE_STYLE('',(#10074));
#10074=SURFACE_STYLE_FILL_AREA(#10075);
#10075=FILL_AREA_STYLE('',(#10076));
#10076=FILL_AREA_STYLE_COLOUR('',#10052);
#10077=OVER_RIDING_STYLED_ITEM('',(#10078),#1659,#10046);
#10078=PRESENTATION_STYLE_ASSIGNMENT((#10079));
#10079=SURFACE_STYLE_USAGE(.BOTH.,#10080);
#10080=SURFACE_SIDE_STYLE('',(#10081));
#10081=SURFACE_STYLE_FILL_AREA(#10082);
#10082=FILL_AREA_STYLE('',(#10083));
#10083=FILL_AREA_STYLE_COLOUR('',#10052);
#10084=OVER_RIDING_STYLED_ITEM('',(#10085),#1717,#10046);
#10085=PRESENTATION_STYLE_ASSIGNMENT((#10086));
#10086=SURFACE_STYLE_USAGE(.BOTH.,#10087);
#10087=SURFACE_SIDE_STYLE('',(#10088));
#10088=SURFACE_STYLE_FILL_AREA(#10089);
#10089=FILL_AREA_STYLE('',(#10090));
#10090=FILL_AREA_STYLE_COLOUR('',#10052);
#10091=OVER_RIDING_STYLED_ITEM('',(#10092),#1764,#10046);
#10092=PRESENTATION_STYLE_ASSIGNMENT((#10093));
#10093=SURFACE_STYLE_USAGE(.BOTH.,#10094);
#10094=SURFACE_SIDE_STYLE('',(#10095));
#10095=SURFACE_STYLE_FILL_AREA(#10096);
#10096=FILL_AREA_STYLE('',(#10097));
#10097=FILL_AREA_STYLE_COLOUR('',#10052);
#10098=OVER_RIDING_STYLED_ITEM('',(#10099),#1812,#10046);
#10099=PRESENTATION_STYLE_ASSIGNMENT((#10100));
#10100=SURFACE_STYLE_USAGE(.BOTH.,#10101);
#10101=SURFACE_SIDE_STYLE('',(#10102));
#10102=SURFACE_STYLE_FILL_AREA(#10103);
#10103=FILL_AREA_STYLE('',(#10104));
#10104=FILL_AREA_STYLE_COLOUR('',#10052);
#10105=OVER_RIDING_STYLED_ITEM('',(#10106),#1860,#10046);
#10106=PRESENTATION_STYLE_ASSIGNMENT((#10107));
#10107=SURFACE_STYLE_USAGE(.BOTH.,#10108);
#10108=SURFACE_SIDE_STYLE('',(#10109));
#10109=SURFACE_STYLE_FILL_AREA(#10110);
#10110=FILL_AREA_STYLE('',(#10112));
#10111=COLOUR_RGB('',0.831372559,0.831372559,0.819607854);
#10112=FILL_AREA_STYLE_COLOUR('',#10111);
#10113=OVER_RIDING_STYLED_ITEM('',(#10114),#1891,#10046);
#10114=PRESENTATION_STYLE_ASSIGNMENT((#10115));
#10115=SURFACE_STYLE_USAGE(.BOTH.,#10116);
#10116=SURFACE_SIDE_STYLE('',(#10117));
#10117=SURFACE_STYLE_FILL_AREA(#10118);
#10118=FILL_AREA_STYLE('',(#10120));
#10119=COLOUR_RGB('',0.831372559,0.831372559,0.819607854);
#10120=FILL_AREA_STYLE_COLOUR('',#10119);
#10121=OVER_RIDING_STYLED_ITEM('',(#10122),#1922,#10046);
#10122=PRESENTATION_STYLE_ASSIGNMENT((#10123));
#10123=SURFACE_STYLE_USAGE(.BOTH.,#10124);
#10124=SURFACE_SIDE_STYLE('',(#10125));
#10125=SURFACE_STYLE_FILL_AREA(#10126);
#10126=FILL_AREA_STYLE('',(#10128));
#10127=COLOUR_RGB('',0.831372559,0.831372559,0.819607854);
#10128=FILL_AREA_STYLE_COLOUR('',#10127);
#10129=OVER_RIDING_STYLED_ITEM('',(#10130),#1953,#10046);
#10130=PRESENTATION_STYLE_ASSIGNMENT((#10131));
#10131=SURFACE_STYLE_USAGE(.BOTH.,#10132);
#10132=SURFACE_SIDE_STYLE('',(#10133));
#10133=SURFACE_STYLE_FILL_AREA(#10134);
#10134=FILL_AREA_STYLE('',(#10136));
#10135=COLOUR_RGB('',0.831372559,0.831372559,0.819607854);
#10136=FILL_AREA_STYLE_COLOUR('',#10135);
#10137=OVER_RIDING_STYLED_ITEM('',(#10138),#1984,#10046);
#10138=PRESENTATION_STYLE_ASSIGNMENT((#10139));
#10139=SURFACE_STYLE_USAGE(.BOTH.,#10140);
#10140=SURFACE_SIDE_STYLE('',(#10141));
#10141=SURFACE_STYLE_FILL_AREA(#10142);
#10142=FILL_AREA_STYLE('',(#10144));
#10143=COLOUR_RGB('',0.831372559,0.831372559,0.819607854);
#10144=FILL_AREA_STYLE_COLOUR('',#10143);
#10145=OVER_RIDING_STYLED_ITEM('',(#10146),#2008,#10046);
#10146=PRESENTATION_STYLE_ASSIGNMENT((#10147));
#10147=SURFACE_STYLE_USAGE(.BOTH.,#10148);
#10148=SURFACE_SIDE_STYLE('',(#10149));
#10149=SURFACE_STYLE_FILL_AREA(#10150);
#10150=FILL_AREA_STYLE('',(#10152));
#10151=COLOUR_RGB('',0.831372559,0.831372559,0.819607854);
#10152=FILL_AREA_STYLE_COLOUR('',#10151);
#10153=OVER_RIDING_STYLED_ITEM('',(#10154),#2032,#10046);
#10154=PRESENTATION_STYLE_ASSIGNMENT((#10155));
#10155=SURFACE_STYLE_USAGE(.BOTH.,#10156);
#10156=SURFACE_SIDE_STYLE('',(#10157));
#10157=SURFACE_STYLE_FILL_AREA(#10158);
#10158=FILL_AREA_STYLE('',(#10160));
#10159=COLOUR_RGB('',0.831372559,0.831372559,0.819607854);
#10160=FILL_AREA_STYLE_COLOUR('',#10159);
#10161=OVER_RIDING_STYLED_ITEM('',(#10162),#2063,#10046);
#10162=PRESENTATION_STYLE_ASSIGNMENT((#10163));
#10163=SURFACE_STYLE_USAGE(.BOTH.,#10164);
#10164=SURFACE_SIDE_STYLE('',(#10165));
#10165=SURFACE_STYLE_FILL_AREA(#10166);
#10166=FILL_AREA_STYLE('',(#10168));
#10167=COLOUR_RGB('',0.831372559,0.831372559,0.819607854);
#10168=FILL_AREA_STYLE_COLOUR('',#10167);
#10169=OVER_RIDING_STYLED_ITEM('',(#10170),#2094,#10046);
#10170=PRESENTATION_STYLE_ASSIGNMENT((#10171));
#10171=SURFACE_STYLE_USAGE(.BOTH.,#10172);
#10172=SURFACE_SIDE_STYLE('',(#10173));
#10173=SURFACE_STYLE_FILL_AREA(#10174);
#10174=FILL_AREA_STYLE('',(#10175));
#10175=FILL_AREA_STYLE_COLOUR('',#10052);
#10176=OVER_RIDING_STYLED_ITEM('',(#10177),#2790,#10046);
#10177=PRESENTATION_STYLE_ASSIGNMENT((#10178));
#10178=SURFACE_STYLE_USAGE(.BOTH.,#10179);
#10179=SURFACE_SIDE_STYLE('',(#10180));
#10180=SURFACE_STYLE_FILL_AREA(#10181);
#10181=FILL_AREA_STYLE('',(#10183));
#10182=COLOUR_RGB('',0.298039228,0.298039228,0.298039228);
#10183=FILL_AREA_STYLE_COLOUR('',#10182);
#10184=OVER_RIDING_STYLED_ITEM('',(#10185),#2864,#10046);
#10185=PRESENTATION_STYLE_ASSIGNMENT((#10186));
#10186=SURFACE_STYLE_USAGE(.BOTH.,#10187);
#10187=SURFACE_SIDE_STYLE('',(#10188));
#10188=SURFACE_STYLE_FILL_AREA(#10189);
#10189=FILL_AREA_STYLE('',(#10190));
#10190=FILL_AREA_STYLE_COLOUR('',#10052);
#10191=OVER_RIDING_STYLED_ITEM('',(#10192),#2878,#10046);
#10192=PRESENTATION_STYLE_ASSIGNMENT((#10193));
#10193=SURFACE_STYLE_USAGE(.BOTH.,#10194);
#10194=SURFACE_SIDE_STYLE('',(#10195));
#10195=SURFACE_STYLE_FILL_AREA(#10196);
#10196=FILL_AREA_STYLE('',(#10198));
#10197=COLOUR_RGB('',0.298039228,0.298039228,0.298039228);
#10198=FILL_AREA_STYLE_COLOUR('',#10197);
#10199=OVER_RIDING_STYLED_ITEM('',(#10200),#2965,#10046);
#10200=PRESENTATION_STYLE_ASSIGNMENT((#10201));
#10201=SURFACE_STYLE_USAGE(.BOTH.,#10202);
#10202=SURFACE_SIDE_STYLE('',(#10203));
#10203=SURFACE_STYLE_FILL_AREA(#10204);
#10204=FILL_AREA_STYLE('',(#10205));
#10205=FILL_AREA_STYLE_COLOUR('',#10052);
#10206=OVER_RIDING_STYLED_ITEM('',(#10207),#2978,#10046);
#10207=PRESENTATION_STYLE_ASSIGNMENT((#10208));
#10208=SURFACE_STYLE_USAGE(.BOTH.,#10209);
#10209=SURFACE_SIDE_STYLE('',(#10210));
#10210=SURFACE_STYLE_FILL_AREA(#10211);
#10211=FILL_AREA_STYLE('',(#10213));
#10212=COLOUR_RGB('',0.298039228,0.298039228,0.298039228);
#10213=FILL_AREA_STYLE_COLOUR('',#10212);
#10214=OVER_RIDING_STYLED_ITEM('',(#10215),#2998,#10046);
#10215=PRESENTATION_STYLE_ASSIGNMENT((#10216));
#10216=SURFACE_STYLE_USAGE(.BOTH.,#10217);
#10217=SURFACE_SIDE_STYLE('',(#10218));
#10218=SURFACE_STYLE_FILL_AREA(#10219);
#10219=FILL_AREA_STYLE('',(#10221));
#10220=COLOUR_RGB('',0.298039228,0.298039228,0.298039228);
#10221=FILL_AREA_STYLE_COLOUR('',#10220);
#10222=OVER_RIDING_STYLED_ITEM('',(#10223),#3016,#10046);
#10223=PRESENTATION_STYLE_ASSIGNMENT((#10224));
#10224=SURFACE_STYLE_USAGE(.BOTH.,#10225);
#10225=SURFACE_SIDE_STYLE('',(#10226));
#10226=SURFACE_STYLE_FILL_AREA(#10227);
#10227=FILL_AREA_STYLE('',(#10229));
#10228=COLOUR_RGB('',0.298039228,0.298039228,0.298039228);
#10229=FILL_AREA_STYLE_COLOUR('',#10228);
#10230=OVER_RIDING_STYLED_ITEM('',(#10231),#3030,#10046);
#10231=PRESENTATION_STYLE_ASSIGNMENT((#10232));
#10232=SURFACE_STYLE_USAGE(.BOTH.,#10233);
#10233=SURFACE_SIDE_STYLE('',(#10234));
#10234=SURFACE_STYLE_FILL_AREA(#10235);
#10235=FILL_AREA_STYLE('',(#10237));
#10236=COLOUR_RGB('',0.298039228,0.298039228,0.298039228);
#10237=FILL_AREA_STYLE_COLOUR('',#10236);
#10238=OVER_RIDING_STYLED_ITEM('',(#10239),#3041,#10046);
#10239=PRESENTATION_STYLE_ASSIGNMENT((#10240));
#10240=SURFACE_STYLE_USAGE(.BOTH.,#10241);
#10241=SURFACE_SIDE_STYLE('',(#10242));
#10242=SURFACE_STYLE_FILL_AREA(#10243);
#10243=FILL_AREA_STYLE('',(#10244));
#10244=FILL_AREA_STYLE_COLOUR('',#10052);
#10245=OVER_RIDING_STYLED_ITEM('',(#10246),#3079,#10046);
#10246=PRESENTATION_STYLE_ASSIGNMENT((#10247));
#10247=SURFACE_STYLE_USAGE(.BOTH.,#10248);
#10248=SURFACE_SIDE_STYLE('',(#10249));
#10249=SURFACE_STYLE_FILL_AREA(#10250);
#10250=FILL_AREA_STYLE('',(#10251));
#10251=FILL_AREA_STYLE_COLOUR('',#10052);
#10252=OVER_RIDING_STYLED_ITEM('',(#10253),#3117,#10046);
#10253=PRESENTATION_STYLE_ASSIGNMENT((#10254));
#10254=SURFACE_STYLE_USAGE(.BOTH.,#10255);
#10255=SURFACE_SIDE_STYLE('',(#10256));
#10256=SURFACE_STYLE_FILL_AREA(#10257);
#10257=FILL_AREA_STYLE('',(#10258));
#10258=FILL_AREA_STYLE_COLOUR('',#10052);
#10259=OVER_RIDING_STYLED_ITEM('',(#10260),#3146,#10046);
#10260=PRESENTATION_STYLE_ASSIGNMENT((#10261));
#10261=SURFACE_STYLE_USAGE(.BOTH.,#10262);
#10262=SURFACE_SIDE_STYLE('',(#10263));
#10263=SURFACE_STYLE_FILL_AREA(#10264);
#10264=FILL_AREA_STYLE('',(#10265));
#10265=FILL_AREA_STYLE_COLOUR('',#10052);
#10266=OVER_RIDING_STYLED_ITEM('',(#10267),#3158,#10046);
#10267=PRESENTATION_STYLE_ASSIGNMENT((#10268));
#10268=SURFACE_STYLE_USAGE(.BOTH.,#10269);
#10269=SURFACE_SIDE_STYLE('',(#10270));
#10270=SURFACE_STYLE_FILL_AREA(#10271);
#10271=FILL_AREA_STYLE('',(#10273));
#10272=COLOUR_RGB('',0.831372559,0.831372559,0.819607854);
#10273=FILL_AREA_STYLE_COLOUR('',#10272);
#10274=OVER_RIDING_STYLED_ITEM('',(#10275),#3183,#10046);
#10275=PRESENTATION_STYLE_ASSIGNMENT((#10276));
#10276=SURFACE_STYLE_USAGE(.BOTH.,#10277);
#10277=SURFACE_SIDE_STYLE('',(#10278));
#10278=SURFACE_STYLE_FILL_AREA(#10279);
#10279=FILL_AREA_STYLE('',(#10281));
#10280=COLOUR_RGB('',0.831372559,0.831372559,0.819607854);
#10281=FILL_AREA_STYLE_COLOUR('',#10280);
#10282=OVER_RIDING_STYLED_ITEM('',(#10283),#3207,#10046);
#10283=PRESENTATION_STYLE_ASSIGNMENT((#10284));
#10284=SURFACE_STYLE_USAGE(.BOTH.,#10285);
#10285=SURFACE_SIDE_STYLE('',(#10286));
#10286=SURFACE_STYLE_FILL_AREA(#10287);
#10287=FILL_AREA_STYLE('',(#10289));
#10288=COLOUR_RGB('',0.831372559,0.831372559,0.819607854);
#10289=FILL_AREA_STYLE_COLOUR('',#10288);
#10290=OVER_RIDING_STYLED_ITEM('',(#10291),#3231,#10046);
#10291=PRESENTATION_STYLE_ASSIGNMENT((#10292));
#10292=SURFACE_STYLE_USAGE(.BOTH.,#10293);
#10293=SURFACE_SIDE_STYLE('',(#10294));
#10294=SURFACE_STYLE_FILL_AREA(#10295);
#10295=FILL_AREA_STYLE('',(#10297));
#10296=COLOUR_RGB('',0.831372559,0.831372559,0.819607854);
#10297=FILL_AREA_STYLE_COLOUR('',#10296);
#10298=OVER_RIDING_STYLED_ITEM('',(#10299),#3255,#10046);
#10299=PRESENTATION_STYLE_ASSIGNMENT((#10300));
#10300=SURFACE_STYLE_USAGE(.BOTH.,#10301);
#10301=SURFACE_SIDE_STYLE('',(#10302));
#10302=SURFACE_STYLE_FILL_AREA(#10303);
#10303=FILL_AREA_STYLE('',(#10305));
#10304=COLOUR_RGB('',0.831372559,0.831372559,0.819607854);
#10305=FILL_AREA_STYLE_COLOUR('',#10304);
#10306=OVER_RIDING_STYLED_ITEM('',(#10307),#3279,#10046);
#10307=PRESENTATION_STYLE_ASSIGNMENT((#10308));
#10308=SURFACE_STYLE_USAGE(.BOTH.,#10309);
#10309=SURFACE_SIDE_STYLE('',(#10310));
#10310=SURFACE_STYLE_FILL_AREA(#10311);
#10311=FILL_AREA_STYLE('',(#10313));
#10312=COLOUR_RGB('',0.831372559,0.831372559,0.819607854);
#10313=FILL_AREA_STYLE_COLOUR('',#10312);
#10314=OVER_RIDING_STYLED_ITEM('',(#10315),#3297,#10046);
#10315=PRESENTATION_STYLE_ASSIGNMENT((#10316));
#10316=SURFACE_STYLE_USAGE(.BOTH.,#10317);
#10317=SURFACE_SIDE_STYLE('',(#10318));
#10318=SURFACE_STYLE_FILL_AREA(#10319);
#10319=FILL_AREA_STYLE('',(#10321));
#10320=COLOUR_RGB('',0.831372559,0.831372559,0.819607854);
#10321=FILL_AREA_STYLE_COLOUR('',#10320);
#10322=OVER_RIDING_STYLED_ITEM('',(#10323),#3320,#10046);
#10323=PRESENTATION_STYLE_ASSIGNMENT((#10324));
#10324=SURFACE_STYLE_USAGE(.BOTH.,#10325);
#10325=SURFACE_SIDE_STYLE('',(#10326));
#10326=SURFACE_STYLE_FILL_AREA(#10327);
#10327=FILL_AREA_STYLE('',(#10329));
#10328=COLOUR_RGB('',0.831372559,0.831372559,0.819607854);
#10329=FILL_AREA_STYLE_COLOUR('',#10328);
#10330=OVER_RIDING_STYLED_ITEM('',(#10331),#3345,#10046);
#10331=PRESENTATION_STYLE_ASSIGNMENT((#10332));
#10332=SURFACE_STYLE_USAGE(.BOTH.,#10333);
#10333=SURFACE_SIDE_STYLE('',(#10334));
#10334=SURFACE_STYLE_FILL_AREA(#10335);
#10335=FILL_AREA_STYLE('',(#10337));
#10336=COLOUR_RGB('',0.831372559,0.831372559,0.819607854);
#10337=FILL_AREA_STYLE_COLOUR('',#10336);
#10338=OVER_RIDING_STYLED_ITEM('',(#10339),#3369,#10046);
#10339=PRESENTATION_STYLE_ASSIGNMENT((#10340));
#10340=SURFACE_STYLE_USAGE(.BOTH.,#10341);
#10341=SURFACE_SIDE_STYLE('',(#10342));
#10342=SURFACE_STYLE_FILL_AREA(#10343);
#10343=FILL_AREA_STYLE('',(#10345));
#10344=COLOUR_RGB('',0.831372559,0.831372559,0.819607854);
#10345=FILL_AREA_STYLE_COLOUR('',#10344);
#10346=OVER_RIDING_STYLED_ITEM('',(#10347),#3393,#10046);
#10347=PRESENTATION_STYLE_ASSIGNMENT((#10348));
#10348=SURFACE_STYLE_USAGE(.BOTH.,#10349);
#10349=SURFACE_SIDE_STYLE('',(#10350));
#10350=SURFACE_STYLE_FILL_AREA(#10351);
#10351=FILL_AREA_STYLE('',(#10353));
#10352=COLOUR_RGB('',0.831372559,0.831372559,0.819607854);
#10353=FILL_AREA_STYLE_COLOUR('',#10352);
#10354=OVER_RIDING_STYLED_ITEM('',(#10355),#3417,#10046);
#10355=PRESENTATION_STYLE_ASSIGNMENT((#10356));
#10356=SURFACE_STYLE_USAGE(.BOTH.,#10357);
#10357=SURFACE_SIDE_STYLE('',(#10358));
#10358=SURFACE_STYLE_FILL_AREA(#10359);
#10359=FILL_AREA_STYLE('',(#10361));
#10360=COLOUR_RGB('',0.831372559,0.831372559,0.819607854);
#10361=FILL_AREA_STYLE_COLOUR('',#10360);
#10362=OVER_RIDING_STYLED_ITEM('',(#10363),#3441,#10046);
#10363=PRESENTATION_STYLE_ASSIGNMENT((#10364));
#10364=SURFACE_STYLE_USAGE(.BOTH.,#10365);
#10365=SURFACE_SIDE_STYLE('',(#10366));
#10366=SURFACE_STYLE_FILL_AREA(#10367);
#10367=FILL_AREA_STYLE('',(#10369));
#10368=COLOUR_RGB('',0.831372559,0.831372559,0.819607854);
#10369=FILL_AREA_STYLE_COLOUR('',#10368);
#10370=OVER_RIDING_STYLED_ITEM('',(#10371),#3459,#10046);
#10371=PRESENTATION_STYLE_ASSIGNMENT((#10372));
#10372=SURFACE_STYLE_USAGE(.BOTH.,#10373);
#10373=SURFACE_SIDE_STYLE('',(#10374));
#10374=SURFACE_STYLE_FILL_AREA(#10375);
#10375=FILL_AREA_STYLE('',(#10377));
#10376=COLOUR_RGB('',0.831372559,0.831372559,0.819607854);
#10377=FILL_AREA_STYLE_COLOUR('',#10376);
#10378=OVER_RIDING_STYLED_ITEM('',(#10379),#3482,#10046);
#10379=PRESENTATION_STYLE_ASSIGNMENT((#10380));
#10380=SURFACE_STYLE_USAGE(.BOTH.,#10381);
#10381=SURFACE_SIDE_STYLE('',(#10382));
#10382=SURFACE_STYLE_FILL_AREA(#10383);
#10383=FILL_AREA_STYLE('',(#10385));
#10384=COLOUR_RGB('',0.831372559,0.831372559,0.819607854);
#10385=FILL_AREA_STYLE_COLOUR('',#10384);
#10386=OVER_RIDING_STYLED_ITEM('',(#10387),#3507,#10046);
#10387=PRESENTATION_STYLE_ASSIGNMENT((#10388));
#10388=SURFACE_STYLE_USAGE(.BOTH.,#10389);
#10389=SURFACE_SIDE_STYLE('',(#10390));
#10390=SURFACE_STYLE_FILL_AREA(#10391);
#10391=FILL_AREA_STYLE('',(#10393));
#10392=COLOUR_RGB('',0.831372559,0.831372559,0.819607854);
#10393=FILL_AREA_STYLE_COLOUR('',#10392);
#10394=OVER_RIDING_STYLED_ITEM('',(#10395),#3531,#10046);
#10395=PRESENTATION_STYLE_ASSIGNMENT((#10396));
#10396=SURFACE_STYLE_USAGE(.BOTH.,#10397);
#10397=SURFACE_SIDE_STYLE('',(#10398));
#10398=SURFACE_STYLE_FILL_AREA(#10399);
#10399=FILL_AREA_STYLE('',(#10401));
#10400=COLOUR_RGB('',0.831372559,0.831372559,0.819607854);
#10401=FILL_AREA_STYLE_COLOUR('',#10400);
#10402=OVER_RIDING_STYLED_ITEM('',(#10403),#3555,#10046);
#10403=PRESENTATION_STYLE_ASSIGNMENT((#10404));
#10404=SURFACE_STYLE_USAGE(.BOTH.,#10405);
#10405=SURFACE_SIDE_STYLE('',(#10406));
#10406=SURFACE_STYLE_FILL_AREA(#10407);
#10407=FILL_AREA_STYLE('',(#10409));
#10408=COLOUR_RGB('',0.831372559,0.831372559,0.819607854);
#10409=FILL_AREA_STYLE_COLOUR('',#10408);
#10410=OVER_RIDING_STYLED_ITEM('',(#10411),#3579,#10046);
#10411=PRESENTATION_STYLE_ASSIGNMENT((#10412));
#10412=SURFACE_STYLE_USAGE(.BOTH.,#10413);
#10413=SURFACE_SIDE_STYLE('',(#10414));
#10414=SURFACE_STYLE_FILL_AREA(#10415);
#10415=FILL_AREA_STYLE('',(#10417));
#10416=COLOUR_RGB('',0.831372559,0.831372559,0.819607854);
#10417=FILL_AREA_STYLE_COLOUR('',#10416);
#10418=OVER_RIDING_STYLED_ITEM('',(#10419),#3603,#10046);
#10419=PRESENTATION_STYLE_ASSIGNMENT((#10420));
#10420=SURFACE_STYLE_USAGE(.BOTH.,#10421);
#10421=SURFACE_SIDE_STYLE('',(#10422));
#10422=SURFACE_STYLE_FILL_AREA(#10423);
#10423=FILL_AREA_STYLE('',(#10425));
#10424=COLOUR_RGB('',0.831372559,0.831372559,0.819607854);
#10425=FILL_AREA_STYLE_COLOUR('',#10424);
#10426=OVER_RIDING_STYLED_ITEM('',(#10427),#3621,#10046);
#10427=PRESENTATION_STYLE_ASSIGNMENT((#10428));
#10428=SURFACE_STYLE_USAGE(.BOTH.,#10429);
#10429=SURFACE_SIDE_STYLE('',(#10430));
#10430=SURFACE_STYLE_FILL_AREA(#10431);
#10431=FILL_AREA_STYLE('',(#10433));
#10432=COLOUR_RGB('',0.831372559,0.831372559,0.819607854);
#10433=FILL_AREA_STYLE_COLOUR('',#10432);
#10434=OVER_RIDING_STYLED_ITEM('',(#10435),#3638,#10046);
#10435=PRESENTATION_STYLE_ASSIGNMENT((#10436));
#10436=SURFACE_STYLE_USAGE(.BOTH.,#10437);
#10437=SURFACE_SIDE_STYLE('',(#10438));
#10438=SURFACE_STYLE_FILL_AREA(#10439);
#10439=FILL_AREA_STYLE('',(#10441));
#10440=COLOUR_RGB('',0.831372559,0.831372559,0.819607854);
#10441=FILL_AREA_STYLE_COLOUR('',#10440);
#10442=OVER_RIDING_STYLED_ITEM('',(#10443),#3663,#10046);
#10443=PRESENTATION_STYLE_ASSIGNMENT((#10444));
#10444=SURFACE_STYLE_USAGE(.BOTH.,#10445);
#10445=SURFACE_SIDE_STYLE('',(#10446));
#10446=SURFACE_STYLE_FILL_AREA(#10447);
#10447=FILL_AREA_STYLE('',(#10449));
#10448=COLOUR_RGB('',0.831372559,0.831372559,0.819607854);
#10449=FILL_AREA_STYLE_COLOUR('',#10448);
#10450=OVER_RIDING_STYLED_ITEM('',(#10451),#3687,#10046);
#10451=PRESENTATION_STYLE_ASSIGNMENT((#10452));
#10452=SURFACE_STYLE_USAGE(.BOTH.,#10453);
#10453=SURFACE_SIDE_STYLE('',(#10454));
#10454=SURFACE_STYLE_FILL_AREA(#10455);
#10455=FILL_AREA_STYLE('',(#10457));
#10456=COLOUR_RGB('',0.831372559,0.831372559,0.819607854);
#10457=FILL_AREA_STYLE_COLOUR('',#10456);
#10458=OVER_RIDING_STYLED_ITEM('',(#10459),#3711,#10046);
#10459=PRESENTATION_STYLE_ASSIGNMENT((#10460));
#10460=SURFACE_STYLE_USAGE(.BOTH.,#10461);
#10461=SURFACE_SIDE_STYLE('',(#10462));
#10462=SURFACE_STYLE_FILL_AREA(#10463);
#10463=FILL_AREA_STYLE('',(#10465));
#10464=COLOUR_RGB('',0.831372559,0.831372559,0.819607854);
#10465=FILL_AREA_STYLE_COLOUR('',#10464);
#10466=OVER_RIDING_STYLED_ITEM('',(#10467),#3735,#10046);
#10467=PRESENTATION_STYLE_ASSIGNMENT((#10468));
#10468=SURFACE_STYLE_USAGE(.BOTH.,#10469);
#10469=SURFACE_SIDE_STYLE('',(#10470));
#10470=SURFACE_STYLE_FILL_AREA(#10471);
#10471=FILL_AREA_STYLE('',(#10473));
#10472=COLOUR_RGB('',0.831372559,0.831372559,0.819607854);
#10473=FILL_AREA_STYLE_COLOUR('',#10472);
#10474=OVER_RIDING_STYLED_ITEM('',(#10475),#3759,#10046);
#10475=PRESENTATION_STYLE_ASSIGNMENT((#10476));
#10476=SURFACE_STYLE_USAGE(.BOTH.,#10477);
#10477=SURFACE_SIDE_STYLE('',(#10478));
#10478=SURFACE_STYLE_FILL_AREA(#10479);
#10479=FILL_AREA_STYLE('',(#10481));
#10480=COLOUR_RGB('',0.831372559,0.831372559,0.819607854);
#10481=FILL_AREA_STYLE_COLOUR('',#10480);
#10482=OVER_RIDING_STYLED_ITEM('',(#10483),#3777,#10046);
#10483=PRESENTATION_STYLE_ASSIGNMENT((#10484));
#10484=SURFACE_STYLE_USAGE(.BOTH.,#10485);
#10485=SURFACE_SIDE_STYLE('',(#10486));
#10486=SURFACE_STYLE_FILL_AREA(#10487);
#10487=FILL_AREA_STYLE('',(#10489));
#10488=COLOUR_RGB('',0.831372559,0.831372559,0.819607854);
#10489=FILL_AREA_STYLE_COLOUR('',#10488);
#10490=OVER_RIDING_STYLED_ITEM('',(#10491),#3800,#10046);
#10491=PRESENTATION_STYLE_ASSIGNMENT((#10492));
#10492=SURFACE_STYLE_USAGE(.BOTH.,#10493);
#10493=SURFACE_SIDE_STYLE('',(#10494));
#10494=SURFACE_STYLE_FILL_AREA(#10495);
#10495=FILL_AREA_STYLE('',(#10497));
#10496=COLOUR_RGB('',0.647058845,0.517647088,0.0);
#10497=FILL_AREA_STYLE_COLOUR('',#10496);
#10498=OVER_RIDING_STYLED_ITEM('',(#10499),#3817,#10046);
#10499=PRESENTATION_STYLE_ASSIGNMENT((#10500));
#10500=SURFACE_STYLE_USAGE(.BOTH.,#10501);
#10501=SURFACE_SIDE_STYLE('',(#10502));
#10502=SURFACE_STYLE_FILL_AREA(#10503);
#10503=FILL_AREA_STYLE('',(#10505));
#10504=COLOUR_RGB('',0.647058845,0.517647088,0.0);
#10505=FILL_AREA_STYLE_COLOUR('',#10504);
#10506=OVER_RIDING_STYLED_ITEM('',(#10507),#3831,#10046);
#10507=PRESENTATION_STYLE_ASSIGNMENT((#10508));
#10508=SURFACE_STYLE_USAGE(.BOTH.,#10509);
#10509=SURFACE_SIDE_STYLE('',(#10510));
#10510=SURFACE_STYLE_FILL_AREA(#10511);
#10511=FILL_AREA_STYLE('',(#10513));
#10512=COLOUR_RGB('',0.647058845,0.517647088,0.0);
#10513=FILL_AREA_STYLE_COLOUR('',#10512);
#10514=OVER_RIDING_STYLED_ITEM('',(#10515),#3849,#10046);
#10515=PRESENTATION_STYLE_ASSIGNMENT((#10516));
#10516=SURFACE_STYLE_USAGE(.BOTH.,#10517);
#10517=SURFACE_SIDE_STYLE('',(#10518));
#10518=SURFACE_STYLE_FILL_AREA(#10519);
#10519=FILL_AREA_STYLE('',(#10521));
#10520=COLOUR_RGB('',0.647058845,0.517647088,0.0);
#10521=FILL_AREA_STYLE_COLOUR('',#10520);
#10522=OVER_RIDING_STYLED_ITEM('',(#10523),#3860,#10046);
#10523=PRESENTATION_STYLE_ASSIGNMENT((#10524));
#10524=SURFACE_STYLE_USAGE(.BOTH.,#10525);
#10525=SURFACE_SIDE_STYLE('',(#10526));
#10526=SURFACE_STYLE_FILL_AREA(#10527);
#10527=FILL_AREA_STYLE('',(#10529));
#10528=COLOUR_RGB('',0.647058845,0.517647088,0.0);
#10529=FILL_AREA_STYLE_COLOUR('',#10528);
#10530=OVER_RIDING_STYLED_ITEM('',(#10531),#3878,#10046);
#10531=PRESENTATION_STYLE_ASSIGNMENT((#10532));
#10532=SURFACE_STYLE_USAGE(.BOTH.,#10533);
#10533=SURFACE_SIDE_STYLE('',(#10534));
#10534=SURFACE_STYLE_FILL_AREA(#10535);
#10535=FILL_AREA_STYLE('',(#10537));
#10536=COLOUR_RGB('',0.647058845,0.517647088,0.0);
#10537=FILL_AREA_STYLE_COLOUR('',#10536);
#10538=OVER_RIDING_STYLED_ITEM('',(#10539),#3892,#10046);
#10539=PRESENTATION_STYLE_ASSIGNMENT((#10540));
#10540=SURFACE_STYLE_USAGE(.BOTH.,#10541);
#10541=SURFACE_SIDE_STYLE('',(#10542));
#10542=SURFACE_STYLE_FILL_AREA(#10543);
#10543=FILL_AREA_STYLE('',(#10545));
#10544=COLOUR_RGB('',0.647058845,0.517647088,0.0);
#10545=FILL_AREA_STYLE_COLOUR('',#10544);
#10546=OVER_RIDING_STYLED_ITEM('',(#10547),#3909,#10046);
#10547=PRESENTATION_STYLE_ASSIGNMENT((#10548));
#10548=SURFACE_STYLE_USAGE(.BOTH.,#10549);
#10549=SURFACE_SIDE_STYLE('',(#10550));
#10550=SURFACE_STYLE_FILL_AREA(#10551);
#10551=FILL_AREA_STYLE('',(#10553));
#10552=COLOUR_RGB('',0.647058845,0.517647088,0.0);
#10553=FILL_AREA_STYLE_COLOUR('',#10552);
#10554=OVER_RIDING_STYLED_ITEM('',(#10555),#3923,#10046);
#10555=PRESENTATION_STYLE_ASSIGNMENT((#10556));
#10556=SURFACE_STYLE_USAGE(.BOTH.,#10557);
#10557=SURFACE_SIDE_STYLE('',(#10558));
#10558=SURFACE_STYLE_FILL_AREA(#10559);
#10559=FILL_AREA_STYLE('',(#10561));
#10560=COLOUR_RGB('',0.223529413,0.223529413,0.223529413);
#10561=FILL_AREA_STYLE_COLOUR('',#10560);
#10562=OVER_RIDING_STYLED_ITEM('',(#10563),#3954,#10046);
#10563=PRESENTATION_STYLE_ASSIGNMENT((#10564));
#10564=SURFACE_STYLE_USAGE(.BOTH.,#10565);
#10565=SURFACE_SIDE_STYLE('',(#10566));
#10566=SURFACE_STYLE_FILL_AREA(#10567);
#10567=FILL_AREA_STYLE('',(#10569));
#10568=COLOUR_RGB('',0.223529413,0.223529413,0.223529413);
#10569=FILL_AREA_STYLE_COLOUR('',#10568);
#10570=OVER_RIDING_STYLED_ITEM('',(#10571),#3978,#10046);
#10571=PRESENTATION_STYLE_ASSIGNMENT((#10572));
#10572=SURFACE_STYLE_USAGE(.BOTH.,#10573);
#10573=SURFACE_SIDE_STYLE('',(#10574));
#10574=SURFACE_STYLE_FILL_AREA(#10575);
#10575=FILL_AREA_STYLE('',(#10577));
#10576=COLOUR_RGB('',0.223529413,0.223529413,0.223529413);
#10577=FILL_AREA_STYLE_COLOUR('',#10576);
#10578=OVER_RIDING_STYLED_ITEM('',(#10579),#4002,#10046);
#10579=PRESENTATION_STYLE_ASSIGNMENT((#10580));
#10580=SURFACE_STYLE_USAGE(.BOTH.,#10581);
#10581=SURFACE_SIDE_STYLE('',(#10582));
#10582=SURFACE_STYLE_FILL_AREA(#10583);
#10583=FILL_AREA_STYLE('',(#10585));
#10584=COLOUR_RGB('',0.223529413,0.223529413,0.223529413);
#10585=FILL_AREA_STYLE_COLOUR('',#10584);
#10586=OVER_RIDING_STYLED_ITEM('',(#10587),#4026,#10046);
#10587=PRESENTATION_STYLE_ASSIGNMENT((#10588));
#10588=SURFACE_STYLE_USAGE(.BOTH.,#10589);
#10589=SURFACE_SIDE_STYLE('',(#10590));
#10590=SURFACE_STYLE_FILL_AREA(#10591);
#10591=FILL_AREA_STYLE('',(#10593));
#10592=COLOUR_RGB('',0.223529413,0.223529413,0.223529413);
#10593=FILL_AREA_STYLE_COLOUR('',#10592);
#10594=OVER_RIDING_STYLED_ITEM('',(#10595),#4050,#10046);
#10595=PRESENTATION_STYLE_ASSIGNMENT((#10596));
#10596=SURFACE_STYLE_USAGE(.BOTH.,#10597);
#10597=SURFACE_SIDE_STYLE('',(#10598));
#10598=SURFACE_STYLE_FILL_AREA(#10599);
#10599=FILL_AREA_STYLE('',(#10601));
#10600=COLOUR_RGB('',0.223529413,0.223529413,0.223529413);
#10601=FILL_AREA_STYLE_COLOUR('',#10600);
#10602=OVER_RIDING_STYLED_ITEM('',(#10603),#4067,#10046);
#10603=PRESENTATION_STYLE_ASSIGNMENT((#10604));
#10604=SURFACE_STYLE_USAGE(.BOTH.,#10605);
#10605=SURFACE_SIDE_STYLE('',(#10606));
#10606=SURFACE_STYLE_FILL_AREA(#10607);
#10607=FILL_AREA_STYLE('',(#10609));
#10608=COLOUR_RGB('',0.223529413,0.223529413,0.223529413);
#10609=FILL_AREA_STYLE_COLOUR('',#10608);
#10610=OVER_RIDING_STYLED_ITEM('',(#10611),#4081,#10046);
#10611=PRESENTATION_STYLE_ASSIGNMENT((#10612));
#10612=SURFACE_STYLE_USAGE(.BOTH.,#10613);
#10613=SURFACE_SIDE_STYLE('',(#10614));
#10614=SURFACE_STYLE_FILL_AREA(#10615);
#10615=FILL_AREA_STYLE('',(#10617));
#10616=COLOUR_RGB('',0.223529413,0.223529413,0.223529413);
#10617=FILL_AREA_STYLE_COLOUR('',#10616);
#10618=OVER_RIDING_STYLED_ITEM('',(#10619),#4117,#10046);
#10619=PRESENTATION_STYLE_ASSIGNMENT((#10620));
#10620=SURFACE_STYLE_USAGE(.BOTH.,#10621);
#10621=SURFACE_SIDE_STYLE('',(#10622));
#10622=SURFACE_STYLE_FILL_AREA(#10623);
#10623=FILL_AREA_STYLE('',(#10625));
#10624=COLOUR_RGB('',0.223529413,0.223529413,0.223529413);
#10625=FILL_AREA_STYLE_COLOUR('',#10624);
#10626=OVER_RIDING_STYLED_ITEM('',(#10627),#4141,#10046);
#10627=PRESENTATION_STYLE_ASSIGNMENT((#10628));
#10628=SURFACE_STYLE_USAGE(.BOTH.,#10629);
#10629=SURFACE_SIDE_STYLE('',(#10630));
#10630=SURFACE_STYLE_FILL_AREA(#10631);
#10631=FILL_AREA_STYLE('',(#10633));
#10632=COLOUR_RGB('',0.223529413,0.223529413,0.223529413);
#10633=FILL_AREA_STYLE_COLOUR('',#10632);
#10634=OVER_RIDING_STYLED_ITEM('',(#10635),#4170,#10046);
#10635=PRESENTATION_STYLE_ASSIGNMENT((#10636));
#10636=SURFACE_STYLE_USAGE(.BOTH.,#10637);
#10637=SURFACE_SIDE_STYLE('',(#10638));
#10638=SURFACE_STYLE_FILL_AREA(#10639);
#10639=FILL_AREA_STYLE('',(#10641));
#10640=COLOUR_RGB('',0.223529413,0.223529413,0.223529413);
#10641=FILL_AREA_STYLE_COLOUR('',#10640);
#10642=OVER_RIDING_STYLED_ITEM('',(#10643),#4199,#10046);
#10643=PRESENTATION_STYLE_ASSIGNMENT((#10644));
#10644=SURFACE_STYLE_USAGE(.BOTH.,#10645);
#10645=SURFACE_SIDE_STYLE('',(#10646));
#10646=SURFACE_STYLE_FILL_AREA(#10647);
#10647=FILL_AREA_STYLE('',(#10649));
#10648=COLOUR_RGB('',0.223529413,0.223529413,0.223529413);
#10649=FILL_AREA_STYLE_COLOUR('',#10648);
#10650=OVER_RIDING_STYLED_ITEM('',(#10651),#4228,#10046);
#10651=PRESENTATION_STYLE_ASSIGNMENT((#10652));
#10652=SURFACE_STYLE_USAGE(.BOTH.,#10653);
#10653=SURFACE_SIDE_STYLE('',(#10654));
#10654=SURFACE_STYLE_FILL_AREA(#10655);
#10655=FILL_AREA_STYLE('',(#10657));
#10656=COLOUR_RGB('',0.223529413,0.223529413,0.223529413);
#10657=FILL_AREA_STYLE_COLOUR('',#10656);
#10658=OVER_RIDING_STYLED_ITEM('',(#10659),#4257,#10046);
#10659=PRESENTATION_STYLE_ASSIGNMENT((#10660));
#10660=SURFACE_STYLE_USAGE(.BOTH.,#10661);
#10661=SURFACE_SIDE_STYLE('',(#10662));
#10662=SURFACE_STYLE_FILL_AREA(#10663);
#10663=FILL_AREA_STYLE('',(#10665));
#10664=COLOUR_RGB('',0.223529413,0.223529413,0.223529413);
#10665=FILL_AREA_STYLE_COLOUR('',#10664);
#10666=OVER_RIDING_STYLED_ITEM('',(#10667),#4286,#10046);
#10667=PRESENTATION_STYLE_ASSIGNMENT((#10668));
#10668=SURFACE_STYLE_USAGE(.BOTH.,#10669);
#10669=SURFACE_SIDE_STYLE('',(#10670));
#10670=SURFACE_STYLE_FILL_AREA(#10671);
#10671=FILL_AREA_STYLE('',(#10673));
#10672=COLOUR_RGB('',0.223529413,0.223529413,0.223529413);
#10673=FILL_AREA_STYLE_COLOUR('',#10672);
#10674=OVER_RIDING_STYLED_ITEM('',(#10675),#4315,#10046);
#10675=PRESENTATION_STYLE_ASSIGNMENT((#10676));
#10676=SURFACE_STYLE_USAGE(.BOTH.,#10677);
#10677=SURFACE_SIDE_STYLE('',(#10678));
#10678=SURFACE_STYLE_FILL_AREA(#10679);
#10679=FILL_AREA_STYLE('',(#10681));
#10680=COLOUR_RGB('',0.223529413,0.223529413,0.223529413);
#10681=FILL_AREA_STYLE_COLOUR('',#10680);
#10682=OVER_RIDING_STYLED_ITEM('',(#10683),#4339,#10046);
#10683=PRESENTATION_STYLE_ASSIGNMENT((#10684));
#10684=SURFACE_STYLE_USAGE(.BOTH.,#10685);
#10685=SURFACE_SIDE_STYLE('',(#10686));
#10686=SURFACE_STYLE_FILL_AREA(#10687);
#10687=FILL_AREA_STYLE('',(#10689));
#10688=COLOUR_RGB('',0.223529413,0.223529413,0.223529413);
#10689=FILL_AREA_STYLE_COLOUR('',#10688);
#10690=OVER_RIDING_STYLED_ITEM('',(#10691),#4368,#10046);
#10691=PRESENTATION_STYLE_ASSIGNMENT((#10692));
#10692=SURFACE_STYLE_USAGE(.BOTH.,#10693);
#10693=SURFACE_SIDE_STYLE('',(#10694));
#10694=SURFACE_STYLE_FILL_AREA(#10695);
#10695=FILL_AREA_STYLE('',(#10697));
#10696=COLOUR_RGB('',0.223529413,0.223529413,0.223529413);
#10697=FILL_AREA_STYLE_COLOUR('',#10696);
#10698=OVER_RIDING_STYLED_ITEM('',(#10699),#4397,#10046);
#10699=PRESENTATION_STYLE_ASSIGNMENT((#10700));
#10700=SURFACE_STYLE_USAGE(.BOTH.,#10701);
#10701=SURFACE_SIDE_STYLE('',(#10702));
#10702=SURFACE_STYLE_FILL_AREA(#10703);
#10703=FILL_AREA_STYLE('',(#10705));
#10704=COLOUR_RGB('',0.223529413,0.223529413,0.223529413);
#10705=FILL_AREA_STYLE_COLOUR('',#10704);
#10706=OVER_RIDING_STYLED_ITEM('',(#10707),#4426,#10046);
#10707=PRESENTATION_STYLE_ASSIGNMENT((#10708));
#10708=SURFACE_STYLE_USAGE(.BOTH.,#10709);
#10709=SURFACE_SIDE_STYLE('',(#10710));
#10710=SURFACE_STYLE_FILL_AREA(#10711);
#10711=FILL_AREA_STYLE('',(#10713));
#10712=COLOUR_RGB('',0.223529413,0.223529413,0.223529413);
#10713=FILL_AREA_STYLE_COLOUR('',#10712);
#10714=OVER_RIDING_STYLED_ITEM('',(#10715),#4455,#10046);
#10715=PRESENTATION_STYLE_ASSIGNMENT((#10716));
#10716=SURFACE_STYLE_USAGE(.BOTH.,#10717);
#10717=SURFACE_SIDE_STYLE('',(#10718));
#10718=SURFACE_STYLE_FILL_AREA(#10719);
#10719=FILL_AREA_STYLE('',(#10721));
#10720=COLOUR_RGB('',0.223529413,0.223529413,0.223529413);
#10721=FILL_AREA_STYLE_COLOUR('',#10720);
#10722=OVER_RIDING_STYLED_ITEM('',(#10723),#4477,#10046);
#10723=PRESENTATION_STYLE_ASSIGNMENT((#10724));
#10724=SURFACE_STYLE_USAGE(.BOTH.,#10725);
#10725=SURFACE_SIDE_STYLE('',(#10726));
#10726=SURFACE_STYLE_FILL_AREA(#10727);
#10727=FILL_AREA_STYLE('',(#10729));
#10728=COLOUR_RGB('',0.223529413,0.223529413,0.223529413);
#10729=FILL_AREA_STYLE_COLOUR('',#10728);
#10730=OVER_RIDING_STYLED_ITEM('',(#10731),#4499,#10046);
#10731=PRESENTATION_STYLE_ASSIGNMENT((#10732));
#10732=SURFACE_STYLE_USAGE(.BOTH.,#10733);
#10733=SURFACE_SIDE_STYLE('',(#10734));
#10734=SURFACE_STYLE_FILL_AREA(#10735);
#10735=FILL_AREA_STYLE('',(#10737));
#10736=COLOUR_RGB('',0.223529413,0.223529413,0.223529413);
#10737=FILL_AREA_STYLE_COLOUR('',#10736);
#10738=OVER_RIDING_STYLED_ITEM('',(#10739),#4530,#10046);
#10739=PRESENTATION_STYLE_ASSIGNMENT((#10740));
#10740=SURFACE_STYLE_USAGE(.BOTH.,#10741);
#10741=SURFACE_SIDE_STYLE('',(#10742));
#10742=SURFACE_STYLE_FILL_AREA(#10743);
#10743=FILL_AREA_STYLE('',(#10745));
#10744=COLOUR_RGB('',0.223529413,0.223529413,0.223529413);
#10745=FILL_AREA_STYLE_COLOUR('',#10744);
#10746=OVER_RIDING_STYLED_ITEM('',(#10747),#4554,#10046);
#10747=PRESENTATION_STYLE_ASSIGNMENT((#10748));
#10748=SURFACE_STYLE_USAGE(.BOTH.,#10749);
#10749=SURFACE_SIDE_STYLE('',(#10750));
#10750=SURFACE_STYLE_FILL_AREA(#10751);
#10751=FILL_AREA_STYLE('',(#10753));
#10752=COLOUR_RGB('',0.223529413,0.223529413,0.223529413);
#10753=FILL_AREA_STYLE_COLOUR('',#10752);
#10754=OVER_RIDING_STYLED_ITEM('',(#10755),#4578,#10046);
#10755=PRESENTATION_STYLE_ASSIGNMENT((#10756));
#10756=SURFACE_STYLE_USAGE(.BOTH.,#10757);
#10757=SURFACE_SIDE_STYLE('',(#10758));
#10758=SURFACE_STYLE_FILL_AREA(#10759);
#10759=FILL_AREA_STYLE('',(#10761));
#10760=COLOUR_RGB('',0.223529413,0.223529413,0.223529413);
#10761=FILL_AREA_STYLE_COLOUR('',#10760);
#10762=OVER_RIDING_STYLED_ITEM('',(#10763),#4602,#10046);
#10763=PRESENTATION_STYLE_ASSIGNMENT((#10764));
#10764=SURFACE_STYLE_USAGE(.BOTH.,#10765);
#10765=SURFACE_SIDE_STYLE('',(#10766));
#10766=SURFACE_STYLE_FILL_AREA(#10767);
#10767=FILL_AREA_STYLE('',(#10769));
#10768=COLOUR_RGB('',0.223529413,0.223529413,0.223529413);
#10769=FILL_AREA_STYLE_COLOUR('',#10768);
#10770=OVER_RIDING_STYLED_ITEM('',(#10771),#4626,#10046);
#10771=PRESENTATION_STYLE_ASSIGNMENT((#10772));
#10772=SURFACE_STYLE_USAGE(.BOTH.,#10773);
#10773=SURFACE_SIDE_STYLE('',(#10774));
#10774=SURFACE_STYLE_FILL_AREA(#10775);
#10775=FILL_AREA_STYLE('',(#10777));
#10776=COLOUR_RGB('',0.223529413,0.223529413,0.223529413);
#10777=FILL_AREA_STYLE_COLOUR('',#10776);
#10778=OVER_RIDING_STYLED_ITEM('',(#10779),#4650,#10046);
#10779=PRESENTATION_STYLE_ASSIGNMENT((#10780));
#10780=SURFACE_STYLE_USAGE(.BOTH.,#10781);
#10781=SURFACE_SIDE_STYLE('',(#10782));
#10782=SURFACE_STYLE_FILL_AREA(#10783);
#10783=FILL_AREA_STYLE('',(#10785));
#10784=COLOUR_RGB('',0.223529413,0.223529413,0.223529413);
#10785=FILL_AREA_STYLE_COLOUR('',#10784);
#10786=OVER_RIDING_STYLED_ITEM('',(#10787),#4674,#10046);
#10787=PRESENTATION_STYLE_ASSIGNMENT((#10788));
#10788=SURFACE_STYLE_USAGE(.BOTH.,#10789);
#10789=SURFACE_SIDE_STYLE('',(#10790));
#10790=SURFACE_STYLE_FILL_AREA(#10791);
#10791=FILL_AREA_STYLE('',(#10793));
#10792=COLOUR_RGB('',0.223529413,0.223529413,0.223529413);
#10793=FILL_AREA_STYLE_COLOUR('',#10792);
#10794=OVER_RIDING_STYLED_ITEM('',(#10795),#4698,#10046);
#10795=PRESENTATION_STYLE_ASSIGNMENT((#10796));
#10796=SURFACE_STYLE_USAGE(.BOTH.,#10797);
#10797=SURFACE_SIDE_STYLE('',(#10798));
#10798=SURFACE_STYLE_FILL_AREA(#10799);
#10799=FILL_AREA_STYLE('',(#10801));
#10800=COLOUR_RGB('',0.223529413,0.223529413,0.223529413);
#10801=FILL_AREA_STYLE_COLOUR('',#10800);
#10802=OVER_RIDING_STYLED_ITEM('',(#10803),#4722,#10046);
#10803=PRESENTATION_STYLE_ASSIGNMENT((#10804));
#10804=SURFACE_STYLE_USAGE(.BOTH.,#10805);
#10805=SURFACE_SIDE_STYLE('',(#10806));
#10806=SURFACE_STYLE_FILL_AREA(#10807);
#10807=FILL_AREA_STYLE('',(#10809));
#10808=COLOUR_RGB('',0.223529413,0.223529413,0.223529413);
#10809=FILL_AREA_STYLE_COLOUR('',#10808);
#10810=OVER_RIDING_STYLED_ITEM('',(#10811),#4746,#10046);
#10811=PRESENTATION_STYLE_ASSIGNMENT((#10812));
#10812=SURFACE_STYLE_USAGE(.BOTH.,#10813);
#10813=SURFACE_SIDE_STYLE('',(#10814));
#10814=SURFACE_STYLE_FILL_AREA(#10815);
#10815=FILL_AREA_STYLE('',(#10817));
#10816=COLOUR_RGB('',0.223529413,0.223529413,0.223529413);
#10817=FILL_AREA_STYLE_COLOUR('',#10816);
#10818=OVER_RIDING_STYLED_ITEM('',(#10819),#4770,#10046);
#10819=PRESENTATION_STYLE_ASSIGNMENT((#10820));
#10820=SURFACE_STYLE_USAGE(.BOTH.,#10821);
#10821=SURFACE_SIDE_STYLE('',(#10822));
#10822=SURFACE_STYLE_FILL_AREA(#10823);
#10823=FILL_AREA_STYLE('',(#10825));
#10824=COLOUR_RGB('',0.223529413,0.223529413,0.223529413);
#10825=FILL_AREA_STYLE_COLOUR('',#10824);
#10826=OVER_RIDING_STYLED_ITEM('',(#10827),#4787,#10046);
#10827=PRESENTATION_STYLE_ASSIGNMENT((#10828));
#10828=SURFACE_STYLE_USAGE(.BOTH.,#10829);
#10829=SURFACE_SIDE_STYLE('',(#10830));
#10830=SURFACE_STYLE_FILL_AREA(#10831);
#10831=FILL_AREA_STYLE('',(#10833));
#10832=COLOUR_RGB('',0.223529413,0.223529413,0.223529413);
#10833=FILL_AREA_STYLE_COLOUR('',#10832);
#10834=OVER_RIDING_STYLED_ITEM('',(#10835),#4807,#10046);
#10835=PRESENTATION_STYLE_ASSIGNMENT((#10836));
#10836=SURFACE_STYLE_USAGE(.BOTH.,#10837);
#10837=SURFACE_SIDE_STYLE('',(#10838));
#10838=SURFACE_STYLE_FILL_AREA(#10839);
#10839=FILL_AREA_STYLE('',(#10841));
#10840=COLOUR_RGB('',0.223529413,0.223529413,0.223529413);
#10841=FILL_AREA_STYLE_COLOUR('',#10840);
#10842=OVER_RIDING_STYLED_ITEM('',(#10843),#4937,#10046);
#10843=PRESENTATION_STYLE_ASSIGNMENT((#10844));
#10844=SURFACE_STYLE_USAGE(.BOTH.,#10845);
#10845=SURFACE_SIDE_STYLE('',(#10846));
#10846=SURFACE_STYLE_FILL_AREA(#10847);
#10847=FILL_AREA_STYLE('',(#10849));
#10848=COLOUR_RGB('',0.223529413,0.223529413,0.223529413);
#10849=FILL_AREA_STYLE_COLOUR('',#10848);
#10850=OVER_RIDING_STYLED_ITEM('',(#10851),#4959,#10046);
#10851=PRESENTATION_STYLE_ASSIGNMENT((#10852));
#10852=SURFACE_STYLE_USAGE(.BOTH.,#10853);
#10853=SURFACE_SIDE_STYLE('',(#10854));
#10854=SURFACE_STYLE_FILL_AREA(#10855);
#10855=FILL_AREA_STYLE('',(#10857));
#10856=COLOUR_RGB('',0.223529413,0.223529413,0.223529413);
#10857=FILL_AREA_STYLE_COLOUR('',#10856);
#10858=OVER_RIDING_STYLED_ITEM('',(#10859),#4980,#10046);
#10859=PRESENTATION_STYLE_ASSIGNMENT((#10860));
#10860=SURFACE_STYLE_USAGE(.BOTH.,#10861);
#10861=SURFACE_SIDE_STYLE('',(#10862));
#10862=SURFACE_STYLE_FILL_AREA(#10863);
#10863=FILL_AREA_STYLE('',(#10865));
#10864=COLOUR_RGB('',0.223529413,0.223529413,0.223529413);
#10865=FILL_AREA_STYLE_COLOUR('',#10864);
#10866=OVER_RIDING_STYLED_ITEM('',(#10867),#5001,#10046);
#10867=PRESENTATION_STYLE_ASSIGNMENT((#10868));
#10868=SURFACE_STYLE_USAGE(.BOTH.,#10869);
#10869=SURFACE_SIDE_STYLE('',(#10870));
#10870=SURFACE_STYLE_FILL_AREA(#10871);
#10871=FILL_AREA_STYLE('',(#10873));
#10872=COLOUR_RGB('',0.223529413,0.223529413,0.223529413);
#10873=FILL_AREA_STYLE_COLOUR('',#10872);
#10874=OVER_RIDING_STYLED_ITEM('',(#10875),#5022,#10046);
#10875=PRESENTATION_STYLE_ASSIGNMENT((#10876));
#10876=SURFACE_STYLE_USAGE(.BOTH.,#10877);
#10877=SURFACE_SIDE_STYLE('',(#10878));
#10878=SURFACE_STYLE_FILL_AREA(#10879);
#10879=FILL_AREA_STYLE('',(#10881));
#10880=COLOUR_RGB('',0.223529413,0.223529413,0.223529413);
#10881=FILL_AREA_STYLE_COLOUR('',#10880);
#10882=OVER_RIDING_STYLED_ITEM('',(#10883),#5043,#10046);
#10883=PRESENTATION_STYLE_ASSIGNMENT((#10884));
#10884=SURFACE_STYLE_USAGE(.BOTH.,#10885);
#10885=SURFACE_SIDE_STYLE('',(#10886));
#10886=SURFACE_STYLE_FILL_AREA(#10887);
#10887=FILL_AREA_STYLE('',(#10889));
#10888=COLOUR_RGB('',0.223529413,0.223529413,0.223529413);
#10889=FILL_AREA_STYLE_COLOUR('',#10888);
#10890=OVER_RIDING_STYLED_ITEM('',(#10891),#5060,#10046);
#10891=PRESENTATION_STYLE_ASSIGNMENT((#10892));
#10892=SURFACE_STYLE_USAGE(.BOTH.,#10893);
#10893=SURFACE_SIDE_STYLE('',(#10894));
#10894=SURFACE_STYLE_FILL_AREA(#10895);
#10895=FILL_AREA_STYLE('',(#10897));
#10896=COLOUR_RGB('',0.223529413,0.223529413,0.223529413);
#10897=FILL_AREA_STYLE_COLOUR('',#10896);
#10898=OVER_RIDING_STYLED_ITEM('',(#10899),#5072,#10046);
#10899=PRESENTATION_STYLE_ASSIGNMENT((#10900));
#10900=SURFACE_STYLE_USAGE(.BOTH.,#10901);
#10901=SURFACE_SIDE_STYLE('',(#10902));
#10902=SURFACE_STYLE_FILL_AREA(#10903);
#10903=FILL_AREA_STYLE('',(#10905));
#10904=COLOUR_RGB('',0.223529413,0.223529413,0.223529413);
#10905=FILL_AREA_STYLE_COLOUR('',#10904);
#10906=OVER_RIDING_STYLED_ITEM('',(#10907),#5103,#10046);
#10907=PRESENTATION_STYLE_ASSIGNMENT((#10908));
#10908=SURFACE_STYLE_USAGE(.BOTH.,#10909);
#10909=SURFACE_SIDE_STYLE('',(#10910));
#10910=SURFACE_STYLE_FILL_AREA(#10911);
#10911=FILL_AREA_STYLE('',(#10913));
#10912=COLOUR_RGB('',0.223529413,0.223529413,0.223529413);
#10913=FILL_AREA_STYLE_COLOUR('',#10912);
#10914=OVER_RIDING_STYLED_ITEM('',(#10915),#5127,#10046);
#10915=PRESENTATION_STYLE_ASSIGNMENT((#10916));
#10916=SURFACE_STYLE_USAGE(.BOTH.,#10917);
#10917=SURFACE_SIDE_STYLE('',(#10918));
#10918=SURFACE_STYLE_FILL_AREA(#10919);
#10919=FILL_AREA_STYLE('',(#10921));
#10920=COLOUR_RGB('',0.223529413,0.223529413,0.223529413);
#10921=FILL_AREA_STYLE_COLOUR('',#10920);
#10922=OVER_RIDING_STYLED_ITEM('',(#10923),#5151,#10046);
#10923=PRESENTATION_STYLE_ASSIGNMENT((#10924));
#10924=SURFACE_STYLE_USAGE(.BOTH.,#10925);
#10925=SURFACE_SIDE_STYLE('',(#10926));
#10926=SURFACE_STYLE_FILL_AREA(#10927);
#10927=FILL_AREA_STYLE('',(#10929));
#10928=COLOUR_RGB('',0.223529413,0.223529413,0.223529413);
#10929=FILL_AREA_STYLE_COLOUR('',#10928);
#10930=OVER_RIDING_STYLED_ITEM('',(#10931),#5180,#10046);
#10931=PRESENTATION_STYLE_ASSIGNMENT((#10932));
#10932=SURFACE_STYLE_USAGE(.BOTH.,#10933);
#10933=SURFACE_SIDE_STYLE('',(#10934));
#10934=SURFACE_STYLE_FILL_AREA(#10935);
#10935=FILL_AREA_STYLE('',(#10937));
#10936=COLOUR_RGB('',0.223529413,0.223529413,0.223529413);
#10937=FILL_AREA_STYLE_COLOUR('',#10936);
#10938=OVER_RIDING_STYLED_ITEM('',(#10939),#5209,#10046);
#10939=PRESENTATION_STYLE_ASSIGNMENT((#10940));
#10940=SURFACE_STYLE_USAGE(.BOTH.,#10941);
#10941=SURFACE_SIDE_STYLE('',(#10942));
#10942=SURFACE_STYLE_FILL_AREA(#10943);
#10943=FILL_AREA_STYLE('',(#10945));
#10944=COLOUR_RGB('',0.223529413,0.223529413,0.223529413);
#10945=FILL_AREA_STYLE_COLOUR('',#10944);
#10946=OVER_RIDING_STYLED_ITEM('',(#10947),#5238,#10046);
#10947=PRESENTATION_STYLE_ASSIGNMENT((#10948));
#10948=SURFACE_STYLE_USAGE(.BOTH.,#10949);
#10949=SURFACE_SIDE_STYLE('',(#10950));
#10950=SURFACE_STYLE_FILL_AREA(#10951);
#10951=FILL_AREA_STYLE('',(#10953));
#10952=COLOUR_RGB('',0.223529413,0.223529413,0.223529413);
#10953=FILL_AREA_STYLE_COLOUR('',#10952);
#10954=OVER_RIDING_STYLED_ITEM('',(#10955),#5260,#10046);
#10955=PRESENTATION_STYLE_ASSIGNMENT((#10956));
#10956=SURFACE_STYLE_USAGE(.BOTH.,#10957);
#10957=SURFACE_SIDE_STYLE('',(#10958));
#10958=SURFACE_STYLE_FILL_AREA(#10959);
#10959=FILL_AREA_STYLE('',(#10960));
#10960=FILL_AREA_STYLE_COLOUR('',#10052);
#10961=OVER_RIDING_STYLED_ITEM('',(#10962),#5275,#10046);
#10962=PRESENTATION_STYLE_ASSIGNMENT((#10963));
#10963=SURFACE_STYLE_USAGE(.BOTH.,#10964);
#10964=SURFACE_SIDE_STYLE('',(#10965));
#10965=SURFACE_STYLE_FILL_AREA(#10966);
#10966=FILL_AREA_STYLE('',(#10968));
#10967=COLOUR_RGB('',0.223529413,0.223529413,0.223529413);
#10968=FILL_AREA_STYLE_COLOUR('',#10967);
#10969=OVER_RIDING_STYLED_ITEM('',(#10970),#5399,#10046);
#10970=PRESENTATION_STYLE_ASSIGNMENT((#10971));
#10971=SURFACE_STYLE_USAGE(.BOTH.,#10972);
#10972=SURFACE_SIDE_STYLE('',(#10973));
#10973=SURFACE_STYLE_FILL_AREA(#10974);
#10974=FILL_AREA_STYLE('',(#10976));
#10975=COLOUR_RGB('',0.223529413,0.223529413,0.223529413);
#10976=FILL_AREA_STYLE_COLOUR('',#10975);
#10977=OVER_RIDING_STYLED_ITEM('',(#10978),#5421,#10046);
#10978=PRESENTATION_STYLE_ASSIGNMENT((#10979));
#10979=SURFACE_STYLE_USAGE(.BOTH.,#10980);
#10980=SURFACE_SIDE_STYLE('',(#10981));
#10981=SURFACE_STYLE_FILL_AREA(#10982);
#10982=FILL_AREA_STYLE('',(#10984));
#10983=COLOUR_RGB('',0.223529413,0.223529413,0.223529413);
#10984=FILL_AREA_STYLE_COLOUR('',#10983);
#10985=OVER_RIDING_STYLED_ITEM('',(#10986),#5438,#10046);
#10986=PRESENTATION_STYLE_ASSIGNMENT((#10987));
#10987=SURFACE_STYLE_USAGE(.BOTH.,#10988);
#10988=SURFACE_SIDE_STYLE('',(#10989));
#10989=SURFACE_STYLE_FILL_AREA(#10990);
#10990=FILL_AREA_STYLE('',(#10992));
#10991=COLOUR_RGB('',0.223529413,0.223529413,0.223529413);
#10992=FILL_AREA_STYLE_COLOUR('',#10991);
#10993=OVER_RIDING_STYLED_ITEM('',(#10994),#5455,#10046);
#10994=PRESENTATION_STYLE_ASSIGNMENT((#10995));
#10995=SURFACE_STYLE_USAGE(.BOTH.,#10996);
#10996=SURFACE_SIDE_STYLE('',(#10997));
#10997=SURFACE_STYLE_FILL_AREA(#10998);
#10998=FILL_AREA_STYLE('',(#11000));
#10999=COLOUR_RGB('',0.223529413,0.223529413,0.223529413);
#11000=FILL_AREA_STYLE_COLOUR('',#10999);
#11001=OVER_RIDING_STYLED_ITEM('',(#11002),#5472,#10046);
#11002=PRESENTATION_STYLE_ASSIGNMENT((#11003));
#11003=SURFACE_STYLE_USAGE(.BOTH.,#11004);
#11004=SURFACE_SIDE_STYLE('',(#11005));
#11005=SURFACE_STYLE_FILL_AREA(#11006);
#11006=FILL_AREA_STYLE('',(#11008));
#11007=COLOUR_RGB('',0.223529413,0.223529413,0.223529413);
#11008=FILL_AREA_STYLE_COLOUR('',#11007);
#11009=OVER_RIDING_STYLED_ITEM('',(#11010),#5489,#10046);
#11010=PRESENTATION_STYLE_ASSIGNMENT((#11011));
#11011=SURFACE_STYLE_USAGE(.BOTH.,#11012);
#11012=SURFACE_SIDE_STYLE('',(#11013));
#11013=SURFACE_STYLE_FILL_AREA(#11014);
#11014=FILL_AREA_STYLE('',(#11016));
#11015=COLOUR_RGB('',0.223529413,0.223529413,0.223529413);
#11016=FILL_AREA_STYLE_COLOUR('',#11015);
#11017=OVER_RIDING_STYLED_ITEM('',(#11018),#5506,#10046);
#11018=PRESENTATION_STYLE_ASSIGNMENT((#11019));
#11019=SURFACE_STYLE_USAGE(.BOTH.,#11020);
#11020=SURFACE_SIDE_STYLE('',(#11021));
#11021=SURFACE_STYLE_FILL_AREA(#11022);
#11022=FILL_AREA_STYLE('',(#11024));
#11023=COLOUR_RGB('',0.223529413,0.223529413,0.223529413);
#11024=FILL_AREA_STYLE_COLOUR('',#11023);
#11025=OVER_RIDING_STYLED_ITEM('',(#11026),#5523,#10046);
#11026=PRESENTATION_STYLE_ASSIGNMENT((#11027));
#11027=SURFACE_STYLE_USAGE(.BOTH.,#11028);
#11028=SURFACE_SIDE_STYLE('',(#11029));
#11029=SURFACE_STYLE_FILL_AREA(#11030);
#11030=FILL_AREA_STYLE('',(#11032));
#11031=COLOUR_RGB('',0.223529413,0.223529413,0.223529413);
#11032=FILL_AREA_STYLE_COLOUR('',#11031);
#11033=OVER_RIDING_STYLED_ITEM('',(#11034),#5535,#10046);
#11034=PRESENTATION_STYLE_ASSIGNMENT((#11035));
#11035=SURFACE_STYLE_USAGE(.BOTH.,#11036);
#11036=SURFACE_SIDE_STYLE('',(#11037));
#11037=SURFACE_STYLE_FILL_AREA(#11038);
#11038=FILL_AREA_STYLE('',(#11040));
#11039=COLOUR_RGB('',0.223529413,0.223529413,0.223529413);
#11040=FILL_AREA_STYLE_COLOUR('',#11039);
#11041=OVER_RIDING_STYLED_ITEM('',(#11042),#5566,#10046);
#11042=PRESENTATION_STYLE_ASSIGNMENT((#11043));
#11043=SURFACE_STYLE_USAGE(.BOTH.,#11044);
#11044=SURFACE_SIDE_STYLE('',(#11045));
#11045=SURFACE_STYLE_FILL_AREA(#11046);
#11046=FILL_AREA_STYLE('',(#11048));
#11047=COLOUR_RGB('',0.223529413,0.223529413,0.223529413);
#11048=FILL_AREA_STYLE_COLOUR('',#11047);
#11049=OVER_RIDING_STYLED_ITEM('',(#11050),#5590,#10046);
#11050=PRESENTATION_STYLE_ASSIGNMENT((#11051));
#11051=SURFACE_STYLE_USAGE(.BOTH.,#11052);
#11052=SURFACE_SIDE_STYLE('',(#11053));
#11053=SURFACE_STYLE_FILL_AREA(#11054);
#11054=FILL_AREA_STYLE('',(#11056));
#11055=COLOUR_RGB('',0.223529413,0.223529413,0.223529413);
#11056=FILL_AREA_STYLE_COLOUR('',#11055);
#11057=OVER_RIDING_STYLED_ITEM('',(#11058),#5619,#10046);
#11058=PRESENTATION_STYLE_ASSIGNMENT((#11059));
#11059=SURFACE_STYLE_USAGE(.BOTH.,#11060);
#11060=SURFACE_SIDE_STYLE('',(#11061));
#11061=SURFACE_STYLE_FILL_AREA(#11062);
#11062=FILL_AREA_STYLE('',(#11064));
#11063=COLOUR_RGB('',0.223529413,0.223529413,0.223529413);
#11064=FILL_AREA_STYLE_COLOUR('',#11063);
#11065=OVER_RIDING_STYLED_ITEM('',(#11066),#5643,#10046);
#11066=PRESENTATION_STYLE_ASSIGNMENT((#11067));
#11067=SURFACE_STYLE_USAGE(.BOTH.,#11068);
#11068=SURFACE_SIDE_STYLE('',(#11069));
#11069=SURFACE_STYLE_FILL_AREA(#11070);
#11070=FILL_AREA_STYLE('',(#11072));
#11071=COLOUR_RGB('',0.223529413,0.223529413,0.223529413);
#11072=FILL_AREA_STYLE_COLOUR('',#11071);
#11073=OVER_RIDING_STYLED_ITEM('',(#11074),#5672,#10046);
#11074=PRESENTATION_STYLE_ASSIGNMENT((#11075));
#11075=SURFACE_STYLE_USAGE(.BOTH.,#11076);
#11076=SURFACE_SIDE_STYLE('',(#11077));
#11077=SURFACE_STYLE_FILL_AREA(#11078);
#11078=FILL_AREA_STYLE('',(#11080));
#11079=COLOUR_RGB('',0.223529413,0.223529413,0.223529413);
#11080=FILL_AREA_STYLE_COLOUR('',#11079);
#11081=OVER_RIDING_STYLED_ITEM('',(#11082),#5689,#10046);
#11082=PRESENTATION_STYLE_ASSIGNMENT((#11083));
#11083=SURFACE_STYLE_USAGE(.BOTH.,#11084);
#11084=SURFACE_SIDE_STYLE('',(#11085));
#11085=SURFACE_STYLE_FILL_AREA(#11086);
#11086=FILL_AREA_STYLE('',(#11087));
#11087=FILL_AREA_STYLE_COLOUR('',#10052);
#11088=OVER_RIDING_STYLED_ITEM('',(#11089),#5703,#10046);
#11089=PRESENTATION_STYLE_ASSIGNMENT((#11090));
#11090=SURFACE_STYLE_USAGE(.BOTH.,#11091);
#11091=SURFACE_SIDE_STYLE('',(#11092));
#11092=SURFACE_STYLE_FILL_AREA(#11093);
#11093=FILL_AREA_STYLE('',(#11095));
#11094=COLOUR_RGB('',0.223529413,0.223529413,0.223529413);
#11095=FILL_AREA_STYLE_COLOUR('',#11094);
#11096=OVER_RIDING_STYLED_ITEM('',(#11097),#5734,#10046);
#11097=PRESENTATION_STYLE_ASSIGNMENT((#11098));
#11098=SURFACE_STYLE_USAGE(.BOTH.,#11099);
#11099=SURFACE_SIDE_STYLE('',(#11100));
#11100=SURFACE_STYLE_FILL_AREA(#11101);
#11101=FILL_AREA_STYLE('',(#11103));
#11102=COLOUR_RGB('',0.223529413,0.223529413,0.223529413);
#11103=FILL_AREA_STYLE_COLOUR('',#11102);
#11104=OVER_RIDING_STYLED_ITEM('',(#11105),#5758,#10046);
#11105=PRESENTATION_STYLE_ASSIGNMENT((#11106));
#11106=SURFACE_STYLE_USAGE(.BOTH.,#11107);
#11107=SURFACE_SIDE_STYLE('',(#11108));
#11108=SURFACE_STYLE_FILL_AREA(#11109);
#11109=FILL_AREA_STYLE('',(#11111));
#11110=COLOUR_RGB('',0.223529413,0.223529413,0.223529413);
#11111=FILL_AREA_STYLE_COLOUR('',#11110);
#11112=OVER_RIDING_STYLED_ITEM('',(#11113),#5782,#10046);
#11113=PRESENTATION_STYLE_ASSIGNMENT((#11114));
#11114=SURFACE_STYLE_USAGE(.BOTH.,#11115);
#11115=SURFACE_SIDE_STYLE('',(#11116));
#11116=SURFACE_STYLE_FILL_AREA(#11117);
#11117=FILL_AREA_STYLE('',(#11119));
#11118=COLOUR_RGB('',0.223529413,0.223529413,0.223529413);
#11119=FILL_AREA_STYLE_COLOUR('',#11118);
#11120=OVER_RIDING_STYLED_ITEM('',(#11121),#5806,#10046);
#11121=PRESENTATION_STYLE_ASSIGNMENT((#11122));
#11122=SURFACE_STYLE_USAGE(.BOTH.,#11123);
#11123=SURFACE_SIDE_STYLE('',(#11124));
#11124=SURFACE_STYLE_FILL_AREA(#11125);
#11125=FILL_AREA_STYLE('',(#11127));
#11126=COLOUR_RGB('',0.223529413,0.223529413,0.223529413);
#11127=FILL_AREA_STYLE_COLOUR('',#11126);
#11128=OVER_RIDING_STYLED_ITEM('',(#11129),#5830,#10046);
#11129=PRESENTATION_STYLE_ASSIGNMENT((#11130));
#11130=SURFACE_STYLE_USAGE(.BOTH.,#11131);
#11131=SURFACE_SIDE_STYLE('',(#11132));
#11132=SURFACE_STYLE_FILL_AREA(#11133);
#11133=FILL_AREA_STYLE('',(#11135));
#11134=COLOUR_RGB('',0.223529413,0.223529413,0.223529413);
#11135=FILL_AREA_STYLE_COLOUR('',#11134);
#11136=OVER_RIDING_STYLED_ITEM('',(#11137),#5854,#10046);
#11137=PRESENTATION_STYLE_ASSIGNMENT((#11138));
#11138=SURFACE_STYLE_USAGE(.BOTH.,#11139);
#11139=SURFACE_SIDE_STYLE('',(#11140));
#11140=SURFACE_STYLE_FILL_AREA(#11141);
#11141=FILL_AREA_STYLE('',(#11143));
#11142=COLOUR_RGB('',0.223529413,0.223529413,0.223529413);
#11143=FILL_AREA_STYLE_COLOUR('',#11142);
#11144=OVER_RIDING_STYLED_ITEM('',(#11145),#5878,#10046);
#11145=PRESENTATION_STYLE_ASSIGNMENT((#11146));
#11146=SURFACE_STYLE_USAGE(.BOTH.,#11147);
#11147=SURFACE_SIDE_STYLE('',(#11148));
#11148=SURFACE_STYLE_FILL_AREA(#11149);
#11149=FILL_AREA_STYLE('',(#11151));
#11150=COLOUR_RGB('',0.223529413,0.223529413,0.223529413);
#11151=FILL_AREA_STYLE_COLOUR('',#11150);
#11152=OVER_RIDING_STYLED_ITEM('',(#11153),#5902,#10046);
#11153=PRESENTATION_STYLE_ASSIGNMENT((#11154));
#11154=SURFACE_STYLE_USAGE(.BOTH.,#11155);
#11155=SURFACE_SIDE_STYLE('',(#11156));
#11156=SURFACE_STYLE_FILL_AREA(#11157);
#11157=FILL_AREA_STYLE('',(#11159));
#11158=COLOUR_RGB('',0.223529413,0.223529413,0.223529413);
#11159=FILL_AREA_STYLE_COLOUR('',#11158);
#11160=OVER_RIDING_STYLED_ITEM('',(#11161),#5926,#10046);
#11161=PRESENTATION_STYLE_ASSIGNMENT((#11162));
#11162=SURFACE_STYLE_USAGE(.BOTH.,#11163);
#11163=SURFACE_SIDE_STYLE('',(#11164));
#11164=SURFACE_STYLE_FILL_AREA(#11165);
#11165=FILL_AREA_STYLE('',(#11167));
#11166=COLOUR_RGB('',0.223529413,0.223529413,0.223529413);
#11167=FILL_AREA_STYLE_COLOUR('',#11166);
#11168=OVER_RIDING_STYLED_ITEM('',(#11169),#5950,#10046);
#11169=PRESENTATION_STYLE_ASSIGNMENT((#11170));
#11170=SURFACE_STYLE_USAGE(.BOTH.,#11171);
#11171=SURFACE_SIDE_STYLE('',(#11172));
#11172=SURFACE_STYLE_FILL_AREA(#11173);
#11173=FILL_AREA_STYLE('',(#11175));
#11174=COLOUR_RGB('',0.223529413,0.223529413,0.223529413);
#11175=FILL_AREA_STYLE_COLOUR('',#11174);
#11176=OVER_RIDING_STYLED_ITEM('',(#11177),#5974,#10046);
#11177=PRESENTATION_STYLE_ASSIGNMENT((#11178));
#11178=SURFACE_STYLE_USAGE(.BOTH.,#11179);
#11179=SURFACE_SIDE_STYLE('',(#11180));
#11180=SURFACE_STYLE_FILL_AREA(#11181);
#11181=FILL_AREA_STYLE('',(#11183));
#11182=COLOUR_RGB('',0.223529413,0.223529413,0.223529413);
#11183=FILL_AREA_STYLE_COLOUR('',#11182);
#11184=OVER_RIDING_STYLED_ITEM('',(#11185),#5991,#10046);
#11185=PRESENTATION_STYLE_ASSIGNMENT((#11186));
#11186=SURFACE_STYLE_USAGE(.BOTH.,#11187);
#11187=SURFACE_SIDE_STYLE('',(#11188));
#11188=SURFACE_STYLE_FILL_AREA(#11189);
#11189=FILL_AREA_STYLE('',(#11191));
#11190=COLOUR_RGB('',0.223529413,0.223529413,0.223529413);
#11191=FILL_AREA_STYLE_COLOUR('',#11190);
#11192=OVER_RIDING_STYLED_ITEM('',(#11193),#6011,#10046);
#11193=PRESENTATION_STYLE_ASSIGNMENT((#11194));
#11194=SURFACE_STYLE_USAGE(.BOTH.,#11195);
#11195=SURFACE_SIDE_STYLE('',(#11196));
#11196=SURFACE_STYLE_FILL_AREA(#11197);
#11197=FILL_AREA_STYLE('',(#11199));
#11198=COLOUR_RGB('',0.223529413,0.223529413,0.223529413);
#11199=FILL_AREA_STYLE_COLOUR('',#11198);
#11200=OVER_RIDING_STYLED_ITEM('',(#11201),#6211,#10046);
#11201=PRESENTATION_STYLE_ASSIGNMENT((#11202));
#11202=SURFACE_STYLE_USAGE(.BOTH.,#11203);
#11203=SURFACE_SIDE_STYLE('',(#11204));
#11204=SURFACE_STYLE_FILL_AREA(#11205);
#11205=FILL_AREA_STYLE('',(#11207));
#11206=COLOUR_RGB('',0.223529413,0.223529413,0.223529413);
#11207=FILL_AREA_STYLE_COLOUR('',#11206);
#11208=OVER_RIDING_STYLED_ITEM('',(#11209),#6237,#10046);
#11209=PRESENTATION_STYLE_ASSIGNMENT((#11210));
#11210=SURFACE_STYLE_USAGE(.BOTH.,#11211);
#11211=SURFACE_SIDE_STYLE('',(#11212));
#11212=SURFACE_STYLE_FILL_AREA(#11213);
#11213=FILL_AREA_STYLE('',(#11215));
#11214=COLOUR_RGB('',0.223529413,0.223529413,0.223529413);
#11215=FILL_AREA_STYLE_COLOUR('',#11214);
#11216=OVER_RIDING_STYLED_ITEM('',(#11217),#6254,#10046);
#11217=PRESENTATION_STYLE_ASSIGNMENT((#11218));
#11218=SURFACE_STYLE_USAGE(.BOTH.,#11219);
#11219=SURFACE_SIDE_STYLE('',(#11220));
#11220=SURFACE_STYLE_FILL_AREA(#11221);
#11221=FILL_AREA_STYLE('',(#11223));
#11222=COLOUR_RGB('',0.223529413,0.223529413,0.223529413);
#11223=FILL_AREA_STYLE_COLOUR('',#11222);
#11224=OVER_RIDING_STYLED_ITEM('',(#11225),#6275,#10046);
#11225=PRESENTATION_STYLE_ASSIGNMENT((#11226));
#11226=SURFACE_STYLE_USAGE(.BOTH.,#11227);
#11227=SURFACE_SIDE_STYLE('',(#11228));
#11228=SURFACE_STYLE_FILL_AREA(#11229);
#11229=FILL_AREA_STYLE('',(#11231));
#11230=COLOUR_RGB('',0.223529413,0.223529413,0.223529413);
#11231=FILL_AREA_STYLE_COLOUR('',#11230);
#11232=OVER_RIDING_STYLED_ITEM('',(#11233),#6296,#10046);
#11233=PRESENTATION_STYLE_ASSIGNMENT((#11234));
#11234=SURFACE_STYLE_USAGE(.BOTH.,#11235);
#11235=SURFACE_SIDE_STYLE('',(#11236));
#11236=SURFACE_STYLE_FILL_AREA(#11237);
#11237=FILL_AREA_STYLE('',(#11239));
#11238=COLOUR_RGB('',0.223529413,0.223529413,0.223529413);
#11239=FILL_AREA_STYLE_COLOUR('',#11238);
#11240=OVER_RIDING_STYLED_ITEM('',(#11241),#6313,#10046);
#11241=PRESENTATION_STYLE_ASSIGNMENT((#11242));
#11242=SURFACE_STYLE_USAGE(.BOTH.,#11243);
#11243=SURFACE_SIDE_STYLE('',(#11244));
#11244=SURFACE_STYLE_FILL_AREA(#11245);
#11245=FILL_AREA_STYLE('',(#11247));
#11246=COLOUR_RGB('',0.223529413,0.223529413,0.223529413);
#11247=FILL_AREA_STYLE_COLOUR('',#11246);
#11248=OVER_RIDING_STYLED_ITEM('',(#11249),#6334,#10046);
#11249=PRESENTATION_STYLE_ASSIGNMENT((#11250));
#11250=SURFACE_STYLE_USAGE(.BOTH.,#11251);
#11251=SURFACE_SIDE_STYLE('',(#11252));
#11252=SURFACE_STYLE_FILL_AREA(#11253);
#11253=FILL_AREA_STYLE('',(#11255));
#11254=COLOUR_RGB('',0.223529413,0.223529413,0.223529413);
#11255=FILL_AREA_STYLE_COLOUR('',#11254);
#11256=OVER_RIDING_STYLED_ITEM('',(#11257),#6355,#10046);
#11257=PRESENTATION_STYLE_ASSIGNMENT((#11258));
#11258=SURFACE_STYLE_USAGE(.BOTH.,#11259);
#11259=SURFACE_SIDE_STYLE('',(#11260));
#11260=SURFACE_STYLE_FILL_AREA(#11261);
#11261=FILL_AREA_STYLE('',(#11263));
#11262=COLOUR_RGB('',0.223529413,0.223529413,0.223529413);
#11263=FILL_AREA_STYLE_COLOUR('',#11262);
#11264=OVER_RIDING_STYLED_ITEM('',(#11265),#6376,#10046);
#11265=PRESENTATION_STYLE_ASSIGNMENT((#11266));
#11266=SURFACE_STYLE_USAGE(.BOTH.,#11267);
#11267=SURFACE_SIDE_STYLE('',(#11268));
#11268=SURFACE_STYLE_FILL_AREA(#11269);
#11269=FILL_AREA_STYLE('',(#11271));
#11270=COLOUR_RGB('',0.223529413,0.223529413,0.223529413);
#11271=FILL_AREA_STYLE_COLOUR('',#11270);
#11272=OVER_RIDING_STYLED_ITEM('',(#11273),#6397,#10046);
#11273=PRESENTATION_STYLE_ASSIGNMENT((#11274));
#11274=SURFACE_STYLE_USAGE(.BOTH.,#11275);
#11275=SURFACE_SIDE_STYLE('',(#11276));
#11276=SURFACE_STYLE_FILL_AREA(#11277);
#11277=FILL_AREA_STYLE('',(#11279));
#11278=COLOUR_RGB('',0.223529413,0.223529413,0.223529413);
#11279=FILL_AREA_STYLE_COLOUR('',#11278);
#11280=OVER_RIDING_STYLED_ITEM('',(#11281),#6414,#10046);
#11281=PRESENTATION_STYLE_ASSIGNMENT((#11282));
#11282=SURFACE_STYLE_USAGE(.BOTH.,#11283);
#11283=SURFACE_SIDE_STYLE('',(#11284));
#11284=SURFACE_STYLE_FILL_AREA(#11285);
#11285=FILL_AREA_STYLE('',(#11287));
#11286=COLOUR_RGB('',0.223529413,0.223529413,0.223529413);
#11287=FILL_AREA_STYLE_COLOUR('',#11286);
#11288=OVER_RIDING_STYLED_ITEM('',(#11289),#6431,#10046);
#11289=PRESENTATION_STYLE_ASSIGNMENT((#11290));
#11290=SURFACE_STYLE_USAGE(.BOTH.,#11291);
#11291=SURFACE_SIDE_STYLE('',(#11292));
#11292=SURFACE_STYLE_FILL_AREA(#11293);
#11293=FILL_AREA_STYLE('',(#11295));
#11294=COLOUR_RGB('',0.223529413,0.223529413,0.223529413);
#11295=FILL_AREA_STYLE_COLOUR('',#11294);
#11296=OVER_RIDING_STYLED_ITEM('',(#11297),#6448,#10046);
#11297=PRESENTATION_STYLE_ASSIGNMENT((#11298));
#11298=SURFACE_STYLE_USAGE(.BOTH.,#11299);
#11299=SURFACE_SIDE_STYLE('',(#11300));
#11300=SURFACE_STYLE_FILL_AREA(#11301);
#11301=FILL_AREA_STYLE('',(#11303));
#11302=COLOUR_RGB('',0.223529413,0.223529413,0.223529413);
#11303=FILL_AREA_STYLE_COLOUR('',#11302);
#11304=OVER_RIDING_STYLED_ITEM('',(#11305),#6465,#10046);
#11305=PRESENTATION_STYLE_ASSIGNMENT((#11306));
#11306=SURFACE_STYLE_USAGE(.BOTH.,#11307);
#11307=SURFACE_SIDE_STYLE('',(#11308));
#11308=SURFACE_STYLE_FILL_AREA(#11309);
#11309=FILL_AREA_STYLE('',(#11311));
#11310=COLOUR_RGB('',0.223529413,0.223529413,0.223529413);
#11311=FILL_AREA_STYLE_COLOUR('',#11310);
#11312=OVER_RIDING_STYLED_ITEM('',(#11313),#6481,#10046);
#11313=PRESENTATION_STYLE_ASSIGNMENT((#11314));
#11314=SURFACE_STYLE_USAGE(.BOTH.,#11315);
#11315=SURFACE_SIDE_STYLE('',(#11316));
#11316=SURFACE_STYLE_FILL_AREA(#11317);
#11317=FILL_AREA_STYLE('',(#11319));
#11318=COLOUR_RGB('',0.223529413,0.223529413,0.223529413);
#11319=FILL_AREA_STYLE_COLOUR('',#11318);
#11320=OVER_RIDING_STYLED_ITEM('',(#11321),#6517,#10046);
#11321=PRESENTATION_STYLE_ASSIGNMENT((#11322));
#11322=SURFACE_STYLE_USAGE(.BOTH.,#11323);
#11323=SURFACE_SIDE_STYLE('',(#11324));
#11324=SURFACE_STYLE_FILL_AREA(#11325);
#11325=FILL_AREA_STYLE('',(#11327));
#11326=COLOUR_RGB('',0.223529413,0.223529413,0.223529413);
#11327=FILL_AREA_STYLE_COLOUR('',#11326);
#11328=OVER_RIDING_STYLED_ITEM('',(#11329),#6546,#10046);
#11329=PRESENTATION_STYLE_ASSIGNMENT((#11330));
#11330=SURFACE_STYLE_USAGE(.BOTH.,#11331);
#11331=SURFACE_SIDE_STYLE('',(#11332));
#11332=SURFACE_STYLE_FILL_AREA(#11333);
#11333=FILL_AREA_STYLE('',(#11335));
#11334=COLOUR_RGB('',0.223529413,0.223529413,0.223529413);
#11335=FILL_AREA_STYLE_COLOUR('',#11334);
#11336=OVER_RIDING_STYLED_ITEM('',(#11337),#6575,#10046);
#11337=PRESENTATION_STYLE_ASSIGNMENT((#11338));
#11338=SURFACE_STYLE_USAGE(.BOTH.,#11339);
#11339=SURFACE_SIDE_STYLE('',(#11340));
#11340=SURFACE_STYLE_FILL_AREA(#11341);
#11341=FILL_AREA_STYLE('',(#11343));
#11342=COLOUR_RGB('',0.223529413,0.223529413,0.223529413);
#11343=FILL_AREA_STYLE_COLOUR('',#11342);
#11344=OVER_RIDING_STYLED_ITEM('',(#11345),#6604,#10046);
#11345=PRESENTATION_STYLE_ASSIGNMENT((#11346));
#11346=SURFACE_STYLE_USAGE(.BOTH.,#11347);
#11347=SURFACE_SIDE_STYLE('',(#11348));
#11348=SURFACE_STYLE_FILL_AREA(#11349);
#11349=FILL_AREA_STYLE('',(#11351));
#11350=COLOUR_RGB('',0.223529413,0.223529413,0.223529413);
#11351=FILL_AREA_STYLE_COLOUR('',#11350);
#11352=OVER_RIDING_STYLED_ITEM('',(#11353),#6633,#10046);
#11353=PRESENTATION_STYLE_ASSIGNMENT((#11354));
#11354=SURFACE_STYLE_USAGE(.BOTH.,#11355);
#11355=SURFACE_SIDE_STYLE('',(#11356));
#11356=SURFACE_STYLE_FILL_AREA(#11357);
#11357=FILL_AREA_STYLE('',(#11359));
#11358=COLOUR_RGB('',0.223529413,0.223529413,0.223529413);
#11359=FILL_AREA_STYLE_COLOUR('',#11358);
#11360=OVER_RIDING_STYLED_ITEM('',(#11361),#6662,#10046);
#11361=PRESENTATION_STYLE_ASSIGNMENT((#11362));
#11362=SURFACE_STYLE_USAGE(.BOTH.,#11363);
#11363=SURFACE_SIDE_STYLE('',(#11364));
#11364=SURFACE_STYLE_FILL_AREA(#11365);
#11365=FILL_AREA_STYLE('',(#11367));
#11366=COLOUR_RGB('',0.223529413,0.223529413,0.223529413);
#11367=FILL_AREA_STYLE_COLOUR('',#11366);
#11368=OVER_RIDING_STYLED_ITEM('',(#11369),#6686,#10046);
#11369=PRESENTATION_STYLE_ASSIGNMENT((#11370));
#11370=SURFACE_STYLE_USAGE(.BOTH.,#11371);
#11371=SURFACE_SIDE_STYLE('',(#11372));
#11372=SURFACE_STYLE_FILL_AREA(#11373);
#11373=FILL_AREA_STYLE('',(#11375));
#11374=COLOUR_RGB('',0.223529413,0.223529413,0.223529413);
#11375=FILL_AREA_STYLE_COLOUR('',#11374);
#11376=OVER_RIDING_STYLED_ITEM('',(#11377),#6703,#10046);
#11377=PRESENTATION_STYLE_ASSIGNMENT((#11378));
#11378=SURFACE_STYLE_USAGE(.BOTH.,#11379);
#11379=SURFACE_SIDE_STYLE('',(#11380));
#11380=SURFACE_STYLE_FILL_AREA(#11381);
#11381=FILL_AREA_STYLE('',(#11382));
#11382=FILL_AREA_STYLE_COLOUR('',#10052);
#11383=OVER_RIDING_STYLED_ITEM('',(#11384),#6719,#10046);
#11384=PRESENTATION_STYLE_ASSIGNMENT((#11385));
#11385=SURFACE_STYLE_USAGE(.BOTH.,#11386);
#11386=SURFACE_SIDE_STYLE('',(#11387));
#11387=SURFACE_STYLE_FILL_AREA(#11388);
#11388=FILL_AREA_STYLE('',(#11390));
#11389=COLOUR_RGB('',0.223529413,0.223529413,0.223529413);
#11390=FILL_AREA_STYLE_COLOUR('',#11389);
#11391=OVER_RIDING_STYLED_ITEM('',(#11392),#6755,#10046);
#11392=PRESENTATION_STYLE_ASSIGNMENT((#11393));
#11393=SURFACE_STYLE_USAGE(.BOTH.,#11394);
#11394=SURFACE_SIDE_STYLE('',(#11395));
#11395=SURFACE_STYLE_FILL_AREA(#11396);
#11396=FILL_AREA_STYLE('',(#11398));
#11397=COLOUR_RGB('',0.223529413,0.223529413,0.223529413);
#11398=FILL_AREA_STYLE_COLOUR('',#11397);
#11399=OVER_RIDING_STYLED_ITEM('',(#11400),#6779,#10046);
#11400=PRESENTATION_STYLE_ASSIGNMENT((#11401));
#11401=SURFACE_STYLE_USAGE(.BOTH.,#11402);
#11402=SURFACE_SIDE_STYLE('',(#11403));
#11403=SURFACE_STYLE_FILL_AREA(#11404);
#11404=FILL_AREA_STYLE('',(#11406));
#11405=COLOUR_RGB('',0.223529413,0.223529413,0.223529413);
#11406=FILL_AREA_STYLE_COLOUR('',#11405);
#11407=OVER_RIDING_STYLED_ITEM('',(#11408),#6808,#10046);
#11408=PRESENTATION_STYLE_ASSIGNMENT((#11409));
#11409=SURFACE_STYLE_USAGE(.BOTH.,#11410);
#11410=SURFACE_SIDE_STYLE('',(#11411));
#11411=SURFACE_STYLE_FILL_AREA(#11412);
#11412=FILL_AREA_STYLE('',(#11414));
#11413=COLOUR_RGB('',0.223529413,0.223529413,0.223529413);
#11414=FILL_AREA_STYLE_COLOUR('',#11413);
#11415=OVER_RIDING_STYLED_ITEM('',(#11416),#6837,#10046);
#11416=PRESENTATION_STYLE_ASSIGNMENT((#11417));
#11417=SURFACE_STYLE_USAGE(.BOTH.,#11418);
#11418=SURFACE_SIDE_STYLE('',(#11419));
#11419=SURFACE_STYLE_FILL_AREA(#11420);
#11420=FILL_AREA_STYLE('',(#11422));
#11421=COLOUR_RGB('',0.223529413,0.223529413,0.223529413);
#11422=FILL_AREA_STYLE_COLOUR('',#11421);
#11423=OVER_RIDING_STYLED_ITEM('',(#11424),#6866,#10046);
#11424=PRESENTATION_STYLE_ASSIGNMENT((#11425));
#11425=SURFACE_STYLE_USAGE(.BOTH.,#11426);
#11426=SURFACE_SIDE_STYLE('',(#11427));
#11427=SURFACE_STYLE_FILL_AREA(#11428);
#11428=FILL_AREA_STYLE('',(#11430));
#11429=COLOUR_RGB('',0.223529413,0.223529413,0.223529413);
#11430=FILL_AREA_STYLE_COLOUR('',#11429);
#11431=OVER_RIDING_STYLED_ITEM('',(#11432),#6895,#10046);
#11432=PRESENTATION_STYLE_ASSIGNMENT((#11433));
#11433=SURFACE_STYLE_USAGE(.BOTH.,#11434);
#11434=SURFACE_SIDE_STYLE('',(#11435));
#11435=SURFACE_STYLE_FILL_AREA(#11436);
#11436=FILL_AREA_STYLE('',(#11438));
#11437=COLOUR_RGB('',0.223529413,0.223529413,0.223529413);
#11438=FILL_AREA_STYLE_COLOUR('',#11437);
#11439=OVER_RIDING_STYLED_ITEM('',(#11440),#6924,#10046);
#11440=PRESENTATION_STYLE_ASSIGNMENT((#11441));
#11441=SURFACE_STYLE_USAGE(.BOTH.,#11442);
#11442=SURFACE_SIDE_STYLE('',(#11443));
#11443=SURFACE_STYLE_FILL_AREA(#11444);
#11444=FILL_AREA_STYLE('',(#11446));
#11445=COLOUR_RGB('',0.223529413,0.223529413,0.223529413);
#11446=FILL_AREA_STYLE_COLOUR('',#11445);
#11447=OVER_RIDING_STYLED_ITEM('',(#11448),#6953,#10046);
#11448=PRESENTATION_STYLE_ASSIGNMENT((#11449));
#11449=SURFACE_STYLE_USAGE(.BOTH.,#11450);
#11450=SURFACE_SIDE_STYLE('',(#11451));
#11451=SURFACE_STYLE_FILL_AREA(#11452);
#11452=FILL_AREA_STYLE('',(#11454));
#11453=COLOUR_RGB('',0.223529413,0.223529413,0.223529413);
#11454=FILL_AREA_STYLE_COLOUR('',#11453);
#11455=OVER_RIDING_STYLED_ITEM('',(#11456),#6982,#10046);
#11456=PRESENTATION_STYLE_ASSIGNMENT((#11457));
#11457=SURFACE_STYLE_USAGE(.BOTH.,#11458);
#11458=SURFACE_SIDE_STYLE('',(#11459));
#11459=SURFACE_STYLE_FILL_AREA(#11460);
#11460=FILL_AREA_STYLE('',(#11462));
#11461=COLOUR_RGB('',0.223529413,0.223529413,0.223529413);
#11462=FILL_AREA_STYLE_COLOUR('',#11461);
#11463=OVER_RIDING_STYLED_ITEM('',(#11464),#7011,#10046);
#11464=PRESENTATION_STYLE_ASSIGNMENT((#11465));
#11465=SURFACE_STYLE_USAGE(.BOTH.,#11466);
#11466=SURFACE_SIDE_STYLE('',(#11467));
#11467=SURFACE_STYLE_FILL_AREA(#11468);
#11468=FILL_AREA_STYLE('',(#11470));
#11469=COLOUR_RGB('',0.223529413,0.223529413,0.223529413);
#11470=FILL_AREA_STYLE_COLOUR('',#11469);
#11471=OVER_RIDING_STYLED_ITEM('',(#11472),#7040,#10046);
#11472=PRESENTATION_STYLE_ASSIGNMENT((#11473));
#11473=SURFACE_STYLE_USAGE(.BOTH.,#11474);
#11474=SURFACE_SIDE_STYLE('',(#11475));
#11475=SURFACE_STYLE_FILL_AREA(#11476);
#11476=FILL_AREA_STYLE('',(#11478));
#11477=COLOUR_RGB('',0.223529413,0.223529413,0.223529413);
#11478=FILL_AREA_STYLE_COLOUR('',#11477);
#11479=OVER_RIDING_STYLED_ITEM('',(#11480),#7069,#10046);
#11480=PRESENTATION_STYLE_ASSIGNMENT((#11481));
#11481=SURFACE_STYLE_USAGE(.BOTH.,#11482);
#11482=SURFACE_SIDE_STYLE('',(#11483));
#11483=SURFACE_STYLE_FILL_AREA(#11484);
#11484=FILL_AREA_STYLE('',(#11486));
#11485=COLOUR_RGB('',0.223529413,0.223529413,0.223529413);
#11486=FILL_AREA_STYLE_COLOUR('',#11485);
#11487=OVER_RIDING_STYLED_ITEM('',(#11488),#7093,#10046);
#11488=PRESENTATION_STYLE_ASSIGNMENT((#11489));
#11489=SURFACE_STYLE_USAGE(.BOTH.,#11490);
#11490=SURFACE_SIDE_STYLE('',(#11491));
#11491=SURFACE_STYLE_FILL_AREA(#11492);
#11492=FILL_AREA_STYLE('',(#11494));
#11493=COLOUR_RGB('',0.223529413,0.223529413,0.223529413);
#11494=FILL_AREA_STYLE_COLOUR('',#11493);
#11495=OVER_RIDING_STYLED_ITEM('',(#11496),#7122,#10046);
#11496=PRESENTATION_STYLE_ASSIGNMENT((#11497));
#11497=SURFACE_STYLE_USAGE(.BOTH.,#11498);
#11498=SURFACE_SIDE_STYLE('',(#11499));
#11499=SURFACE_STYLE_FILL_AREA(#11500);
#11500=FILL_AREA_STYLE('',(#11502));
#11501=COLOUR_RGB('',0.223529413,0.223529413,0.223529413);
#11502=FILL_AREA_STYLE_COLOUR('',#11501);
#11503=OVER_RIDING_STYLED_ITEM('',(#11504),#7151,#10046);
#11504=PRESENTATION_STYLE_ASSIGNMENT((#11505));
#11505=SURFACE_STYLE_USAGE(.BOTH.,#11506);
#11506=SURFACE_SIDE_STYLE('',(#11507));
#11507=SURFACE_STYLE_FILL_AREA(#11508);
#11508=FILL_AREA_STYLE('',(#11510));
#11509=COLOUR_RGB('',0.223529413,0.223529413,0.223529413);
#11510=FILL_AREA_STYLE_COLOUR('',#11509);
#11511=OVER_RIDING_STYLED_ITEM('',(#11512),#7180,#10046);
#11512=PRESENTATION_STYLE_ASSIGNMENT((#11513));
#11513=SURFACE_STYLE_USAGE(.BOTH.,#11514);
#11514=SURFACE_SIDE_STYLE('',(#11515));
#11515=SURFACE_STYLE_FILL_AREA(#11516);
#11516=FILL_AREA_STYLE('',(#11518));
#11517=COLOUR_RGB('',0.223529413,0.223529413,0.223529413);
#11518=FILL_AREA_STYLE_COLOUR('',#11517);
#11519=OVER_RIDING_STYLED_ITEM('',(#11520),#7209,#10046);
#11520=PRESENTATION_STYLE_ASSIGNMENT((#11521));
#11521=SURFACE_STYLE_USAGE(.BOTH.,#11522);
#11522=SURFACE_SIDE_STYLE('',(#11523));
#11523=SURFACE_STYLE_FILL_AREA(#11524);
#11524=FILL_AREA_STYLE('',(#11526));
#11525=COLOUR_RGB('',0.223529413,0.223529413,0.223529413);
#11526=FILL_AREA_STYLE_COLOUR('',#11525);
#11527=OVER_RIDING_STYLED_ITEM('',(#11528),#7238,#10046);
#11528=PRESENTATION_STYLE_ASSIGNMENT((#11529));
#11529=SURFACE_STYLE_USAGE(.BOTH.,#11530);
#11530=SURFACE_SIDE_STYLE('',(#11531));
#11531=SURFACE_STYLE_FILL_AREA(#11532);
#11532=FILL_AREA_STYLE('',(#11534));
#11533=COLOUR_RGB('',0.223529413,0.223529413,0.223529413);
#11534=FILL_AREA_STYLE_COLOUR('',#11533);
#11535=OVER_RIDING_STYLED_ITEM('',(#11536),#7267,#10046);
#11536=PRESENTATION_STYLE_ASSIGNMENT((#11537));
#11537=SURFACE_STYLE_USAGE(.BOTH.,#11538);
#11538=SURFACE_SIDE_STYLE('',(#11539));
#11539=SURFACE_STYLE_FILL_AREA(#11540);
#11540=FILL_AREA_STYLE('',(#11542));
#11541=COLOUR_RGB('',0.223529413,0.223529413,0.223529413);
#11542=FILL_AREA_STYLE_COLOUR('',#11541);
#11543=OVER_RIDING_STYLED_ITEM('',(#11544),#7296,#10046);
#11544=PRESENTATION_STYLE_ASSIGNMENT((#11545));
#11545=SURFACE_STYLE_USAGE(.BOTH.,#11546);
#11546=SURFACE_SIDE_STYLE('',(#11547));
#11547=SURFACE_STYLE_FILL_AREA(#11548);
#11548=FILL_AREA_STYLE('',(#11550));
#11549=COLOUR_RGB('',0.223529413,0.223529413,0.223529413);
#11550=FILL_AREA_STYLE_COLOUR('',#11549);
#11551=OVER_RIDING_STYLED_ITEM('',(#11552),#7318,#10046);
#11552=PRESENTATION_STYLE_ASSIGNMENT((#11553));
#11553=SURFACE_STYLE_USAGE(.BOTH.,#11554);
#11554=SURFACE_SIDE_STYLE('',(#11555));
#11555=SURFACE_STYLE_FILL_AREA(#11556);
#11556=FILL_AREA_STYLE('',(#11558));
#11557=COLOUR_RGB('',0.223529413,0.223529413,0.223529413);
#11558=FILL_AREA_STYLE_COLOUR('',#11557);
#11559=OVER_RIDING_STYLED_ITEM('',(#11560),#7347,#10046);
#11560=PRESENTATION_STYLE_ASSIGNMENT((#11561));
#11561=SURFACE_STYLE_USAGE(.BOTH.,#11562);
#11562=SURFACE_SIDE_STYLE('',(#11563));
#11563=SURFACE_STYLE_FILL_AREA(#11564);
#11564=FILL_AREA_STYLE('',(#11566));
#11565=COLOUR_RGB('',0.223529413,0.223529413,0.223529413);
#11566=FILL_AREA_STYLE_COLOUR('',#11565);
#11567=OVER_RIDING_STYLED_ITEM('',(#11568),#7378,#10046);
#11568=PRESENTATION_STYLE_ASSIGNMENT((#11569));
#11569=SURFACE_STYLE_USAGE(.BOTH.,#11570);
#11570=SURFACE_SIDE_STYLE('',(#11571));
#11571=SURFACE_STYLE_FILL_AREA(#11572);
#11572=FILL_AREA_STYLE('',(#11574));
#11573=COLOUR_RGB('',0.223529413,0.223529413,0.223529413);
#11574=FILL_AREA_STYLE_COLOUR('',#11573);
#11575=OVER_RIDING_STYLED_ITEM('',(#11576),#7402,#10046);
#11576=PRESENTATION_STYLE_ASSIGNMENT((#11577));
#11577=SURFACE_STYLE_USAGE(.BOTH.,#11578);
#11578=SURFACE_SIDE_STYLE('',(#11579));
#11579=SURFACE_STYLE_FILL_AREA(#11580);
#11580=FILL_AREA_STYLE('',(#11582));
#11581=COLOUR_RGB('',0.223529413,0.223529413,0.223529413);
#11582=FILL_AREA_STYLE_COLOUR('',#11581);
#11583=OVER_RIDING_STYLED_ITEM('',(#11584),#7431,#10046);
#11584=PRESENTATION_STYLE_ASSIGNMENT((#11585));
#11585=SURFACE_STYLE_USAGE(.BOTH.,#11586);
#11586=SURFACE_SIDE_STYLE('',(#11587));
#11587=SURFACE_STYLE_FILL_AREA(#11588);
#11588=FILL_AREA_STYLE('',(#11590));
#11589=COLOUR_RGB('',0.223529413,0.223529413,0.223529413);
#11590=FILL_AREA_STYLE_COLOUR('',#11589);
#11591=OVER_RIDING_STYLED_ITEM('',(#11592),#7455,#10046);
#11592=PRESENTATION_STYLE_ASSIGNMENT((#11593));
#11593=SURFACE_STYLE_USAGE(.BOTH.,#11594);
#11594=SURFACE_SIDE_STYLE('',(#11595));
#11595=SURFACE_STYLE_FILL_AREA(#11596);
#11596=FILL_AREA_STYLE('',(#11598));
#11597=COLOUR_RGB('',0.223529413,0.223529413,0.223529413);
#11598=FILL_AREA_STYLE_COLOUR('',#11597);
#11599=OVER_RIDING_STYLED_ITEM('',(#11600),#7479,#10046);
#11600=PRESENTATION_STYLE_ASSIGNMENT((#11601));
#11601=SURFACE_STYLE_USAGE(.BOTH.,#11602);
#11602=SURFACE_SIDE_STYLE('',(#11603));
#11603=SURFACE_STYLE_FILL_AREA(#11604);
#11604=FILL_AREA_STYLE('',(#11606));
#11605=COLOUR_RGB('',0.223529413,0.223529413,0.223529413);
#11606=FILL_AREA_STYLE_COLOUR('',#11605);
#11607=OVER_RIDING_STYLED_ITEM('',(#11608),#7503,#10046);
#11608=PRESENTATION_STYLE_ASSIGNMENT((#11609));
#11609=SURFACE_STYLE_USAGE(.BOTH.,#11610);
#11610=SURFACE_SIDE_STYLE('',(#11611));
#11611=SURFACE_STYLE_FILL_AREA(#11612);
#11612=FILL_AREA_STYLE('',(#11614));
#11613=COLOUR_RGB('',0.223529413,0.223529413,0.223529413);
#11614=FILL_AREA_STYLE_COLOUR('',#11613);
#11615=OVER_RIDING_STYLED_ITEM('',(#11616),#7527,#10046);
#11616=PRESENTATION_STYLE_ASSIGNMENT((#11617));
#11617=SURFACE_STYLE_USAGE(.BOTH.,#11618);
#11618=SURFACE_SIDE_STYLE('',(#11619));
#11619=SURFACE_STYLE_FILL_AREA(#11620);
#11620=FILL_AREA_STYLE('',(#11622));
#11621=COLOUR_RGB('',0.223529413,0.223529413,0.223529413);
#11622=FILL_AREA_STYLE_COLOUR('',#11621);
#11623=OVER_RIDING_STYLED_ITEM('',(#11624),#7551,#10046);
#11624=PRESENTATION_STYLE_ASSIGNMENT((#11625));
#11625=SURFACE_STYLE_USAGE(.BOTH.,#11626);
#11626=SURFACE_SIDE_STYLE('',(#11627));
#11627=SURFACE_STYLE_FILL_AREA(#11628);
#11628=FILL_AREA_STYLE('',(#11630));
#11629=COLOUR_RGB('',0.223529413,0.223529413,0.223529413);
#11630=FILL_AREA_STYLE_COLOUR('',#11629);
#11631=OVER_RIDING_STYLED_ITEM('',(#11632),#7575,#10046);
#11632=PRESENTATION_STYLE_ASSIGNMENT((#11633));
#11633=SURFACE_STYLE_USAGE(.BOTH.,#11634);
#11634=SURFACE_SIDE_STYLE('',(#11635));
#11635=SURFACE_STYLE_FILL_AREA(#11636);
#11636=FILL_AREA_STYLE('',(#11638));
#11637=COLOUR_RGB('',0.223529413,0.223529413,0.223529413);
#11638=FILL_AREA_STYLE_COLOUR('',#11637);
#11639=OVER_RIDING_STYLED_ITEM('',(#11640),#7604,#10046);
#11640=PRESENTATION_STYLE_ASSIGNMENT((#11641));
#11641=SURFACE_STYLE_USAGE(.BOTH.,#11642);
#11642=SURFACE_SIDE_STYLE('',(#11643));
#11643=SURFACE_STYLE_FILL_AREA(#11644);
#11644=FILL_AREA_STYLE('',(#11646));
#11645=COLOUR_RGB('',0.223529413,0.223529413,0.223529413);
#11646=FILL_AREA_STYLE_COLOUR('',#11645);
#11647=OVER_RIDING_STYLED_ITEM('',(#11648),#7633,#10046);
#11648=PRESENTATION_STYLE_ASSIGNMENT((#11649));
#11649=SURFACE_STYLE_USAGE(.BOTH.,#11650);
#11650=SURFACE_SIDE_STYLE('',(#11651));
#11651=SURFACE_STYLE_FILL_AREA(#11652);
#11652=FILL_AREA_STYLE('',(#11654));
#11653=COLOUR_RGB('',0.223529413,0.223529413,0.223529413);
#11654=FILL_AREA_STYLE_COLOUR('',#11653);
#11655=OVER_RIDING_STYLED_ITEM('',(#11656),#7657,#10046);
#11656=PRESENTATION_STYLE_ASSIGNMENT((#11657));
#11657=SURFACE_STYLE_USAGE(.BOTH.,#11658);
#11658=SURFACE_SIDE_STYLE('',(#11659));
#11659=SURFACE_STYLE_FILL_AREA(#11660);
#11660=FILL_AREA_STYLE('',(#11662));
#11661=COLOUR_RGB('',0.223529413,0.223529413,0.223529413);
#11662=FILL_AREA_STYLE_COLOUR('',#11661);
#11663=OVER_RIDING_STYLED_ITEM('',(#11664),#7686,#10046);
#11664=PRESENTATION_STYLE_ASSIGNMENT((#11665));
#11665=SURFACE_STYLE_USAGE(.BOTH.,#11666);
#11666=SURFACE_SIDE_STYLE('',(#11667));
#11667=SURFACE_STYLE_FILL_AREA(#11668);
#11668=FILL_AREA_STYLE('',(#11670));
#11669=COLOUR_RGB('',0.223529413,0.223529413,0.223529413);
#11670=FILL_AREA_STYLE_COLOUR('',#11669);
#11671=OVER_RIDING_STYLED_ITEM('',(#11672),#7715,#10046);
#11672=PRESENTATION_STYLE_ASSIGNMENT((#11673));
#11673=SURFACE_STYLE_USAGE(.BOTH.,#11674);
#11674=SURFACE_SIDE_STYLE('',(#11675));
#11675=SURFACE_STYLE_FILL_AREA(#11676);
#11676=FILL_AREA_STYLE('',(#11678));
#11677=COLOUR_RGB('',0.223529413,0.223529413,0.223529413);
#11678=FILL_AREA_STYLE_COLOUR('',#11677);
#11679=OVER_RIDING_STYLED_ITEM('',(#11680),#7732,#10046);
#11680=PRESENTATION_STYLE_ASSIGNMENT((#11681));
#11681=SURFACE_STYLE_USAGE(.BOTH.,#11682);
#11682=SURFACE_SIDE_STYLE('',(#11683));
#11683=SURFACE_STYLE_FILL_AREA(#11684);
#11684=FILL_AREA_STYLE('',(#11686));
#11685=COLOUR_RGB('',0.223529413,0.223529413,0.223529413);
#11686=FILL_AREA_STYLE_COLOUR('',#11685);
#11687=OVER_RIDING_STYLED_ITEM('',(#11688),#7755,#10046);
#11688=PRESENTATION_STYLE_ASSIGNMENT((#11689));
#11689=SURFACE_STYLE_USAGE(.BOTH.,#11690);
#11690=SURFACE_SIDE_STYLE('',(#11691));
#11691=SURFACE_STYLE_FILL_AREA(#11692);
#11692=FILL_AREA_STYLE('',(#11694));
#11693=COLOUR_RGB('',0.223529413,0.223529413,0.223529413);
#11694=FILL_AREA_STYLE_COLOUR('',#11693);
#11695=OVER_RIDING_STYLED_ITEM('',(#11696),#7786,#10046);
#11696=PRESENTATION_STYLE_ASSIGNMENT((#11697));
#11697=SURFACE_STYLE_USAGE(.BOTH.,#11698);
#11698=SURFACE_SIDE_STYLE('',(#11699));
#11699=SURFACE_STYLE_FILL_AREA(#11700);
#11700=FILL_AREA_STYLE('',(#11702));
#11701=COLOUR_RGB('',0.223529413,0.223529413,0.223529413);
#11702=FILL_AREA_STYLE_COLOUR('',#11701);
#11703=OVER_RIDING_STYLED_ITEM('',(#11704),#7810,#10046);
#11704=PRESENTATION_STYLE_ASSIGNMENT((#11705));
#11705=SURFACE_STYLE_USAGE(.BOTH.,#11706);
#11706=SURFACE_SIDE_STYLE('',(#11707));
#11707=SURFACE_STYLE_FILL_AREA(#11708);
#11708=FILL_AREA_STYLE('',(#11710));
#11709=COLOUR_RGB('',0.223529413,0.223529413,0.223529413);
#11710=FILL_AREA_STYLE_COLOUR('',#11709);
#11711=OVER_RIDING_STYLED_ITEM('',(#11712),#7834,#10046);
#11712=PRESENTATION_STYLE_ASSIGNMENT((#11713));
#11713=SURFACE_STYLE_USAGE(.BOTH.,#11714);
#11714=SURFACE_SIDE_STYLE('',(#11715));
#11715=SURFACE_STYLE_FILL_AREA(#11716);
#11716=FILL_AREA_STYLE('',(#11718));
#11717=COLOUR_RGB('',0.223529413,0.223529413,0.223529413);
#11718=FILL_AREA_STYLE_COLOUR('',#11717);
#11719=OVER_RIDING_STYLED_ITEM('',(#11720),#7858,#10046);
#11720=PRESENTATION_STYLE_ASSIGNMENT((#11721));
#11721=SURFACE_STYLE_USAGE(.BOTH.,#11722);
#11722=SURFACE_SIDE_STYLE('',(#11723));
#11723=SURFACE_STYLE_FILL_AREA(#11724);
#11724=FILL_AREA_STYLE('',(#11726));
#11725=COLOUR_RGB('',0.223529413,0.223529413,0.223529413);
#11726=FILL_AREA_STYLE_COLOUR('',#11725);
#11727=OVER_RIDING_STYLED_ITEM('',(#11728),#7882,#10046);
#11728=PRESENTATION_STYLE_ASSIGNMENT((#11729));
#11729=SURFACE_STYLE_USAGE(.BOTH.,#11730);
#11730=SURFACE_SIDE_STYLE('',(#11731));
#11731=SURFACE_STYLE_FILL_AREA(#11732);
#11732=FILL_AREA_STYLE('',(#11734));
#11733=COLOUR_RGB('',0.223529413,0.223529413,0.223529413);
#11734=FILL_AREA_STYLE_COLOUR('',#11733);
#11735=OVER_RIDING_STYLED_ITEM('',(#11736),#7906,#10046);
#11736=PRESENTATION_STYLE_ASSIGNMENT((#11737));
#11737=SURFACE_STYLE_USAGE(.BOTH.,#11738);
#11738=SURFACE_SIDE_STYLE('',(#11739));
#11739=SURFACE_STYLE_FILL_AREA(#11740);
#11740=FILL_AREA_STYLE('',(#11742));
#11741=COLOUR_RGB('',0.223529413,0.223529413,0.223529413);
#11742=FILL_AREA_STYLE_COLOUR('',#11741);
#11743=OVER_RIDING_STYLED_ITEM('',(#11744),#7930,#10046);
#11744=PRESENTATION_STYLE_ASSIGNMENT((#11745));
#11745=SURFACE_STYLE_USAGE(.BOTH.,#11746);
#11746=SURFACE_SIDE_STYLE('',(#11747));
#11747=SURFACE_STYLE_FILL_AREA(#11748);
#11748=FILL_AREA_STYLE('',(#11750));
#11749=COLOUR_RGB('',0.223529413,0.223529413,0.223529413);
#11750=FILL_AREA_STYLE_COLOUR('',#11749);
#11751=OVER_RIDING_STYLED_ITEM('',(#11752),#7954,#10046);
#11752=PRESENTATION_STYLE_ASSIGNMENT((#11753));
#11753=SURFACE_STYLE_USAGE(.BOTH.,#11754);
#11754=SURFACE_SIDE_STYLE('',(#11755));
#11755=SURFACE_STYLE_FILL_AREA(#11756);
#11756=FILL_AREA_STYLE('',(#11758));
#11757=COLOUR_RGB('',0.223529413,0.223529413,0.223529413);
#11758=FILL_AREA_STYLE_COLOUR('',#11757);
#11759=OVER_RIDING_STYLED_ITEM('',(#11760),#7978,#10046);
#11760=PRESENTATION_STYLE_ASSIGNMENT((#11761));
#11761=SURFACE_STYLE_USAGE(.BOTH.,#11762);
#11762=SURFACE_SIDE_STYLE('',(#11763));
#11763=SURFACE_STYLE_FILL_AREA(#11764);
#11764=FILL_AREA_STYLE('',(#11766));
#11765=COLOUR_RGB('',0.223529413,0.223529413,0.223529413);
#11766=FILL_AREA_STYLE_COLOUR('',#11765);
#11767=OVER_RIDING_STYLED_ITEM('',(#11768),#8002,#10046);
#11768=PRESENTATION_STYLE_ASSIGNMENT((#11769));
#11769=SURFACE_STYLE_USAGE(.BOTH.,#11770);
#11770=SURFACE_SIDE_STYLE('',(#11771));
#11771=SURFACE_STYLE_FILL_AREA(#11772);
#11772=FILL_AREA_STYLE('',(#11774));
#11773=COLOUR_RGB('',0.223529413,0.223529413,0.223529413);
#11774=FILL_AREA_STYLE_COLOUR('',#11773);
#11775=OVER_RIDING_STYLED_ITEM('',(#11776),#8026,#10046);
#11776=PRESENTATION_STYLE_ASSIGNMENT((#11777));
#11777=SURFACE_STYLE_USAGE(.BOTH.,#11778);
#11778=SURFACE_SIDE_STYLE('',(#11779));
#11779=SURFACE_STYLE_FILL_AREA(#11780);
#11780=FILL_AREA_STYLE('',(#11782));
#11781=COLOUR_RGB('',0.223529413,0.223529413,0.223529413);
#11782=FILL_AREA_STYLE_COLOUR('',#11781);
#11783=OVER_RIDING_STYLED_ITEM('',(#11784),#8043,#10046);
#11784=PRESENTATION_STYLE_ASSIGNMENT((#11785));
#11785=SURFACE_STYLE_USAGE(.BOTH.,#11786);
#11786=SURFACE_SIDE_STYLE('',(#11787));
#11787=SURFACE_STYLE_FILL_AREA(#11788);
#11788=FILL_AREA_STYLE('',(#11790));
#11789=COLOUR_RGB('',0.223529413,0.223529413,0.223529413);
#11790=FILL_AREA_STYLE_COLOUR('',#11789);
#11791=OVER_RIDING_STYLED_ITEM('',(#11792),#8063,#10046);
#11792=PRESENTATION_STYLE_ASSIGNMENT((#11793));
#11793=SURFACE_STYLE_USAGE(.BOTH.,#11794);
#11794=SURFACE_SIDE_STYLE('',(#11795));
#11795=SURFACE_STYLE_FILL_AREA(#11796);
#11796=FILL_AREA_STYLE('',(#11798));
#11797=COLOUR_RGB('',0.223529413,0.223529413,0.223529413);
#11798=FILL_AREA_STYLE_COLOUR('',#11797);
#11799=OVER_RIDING_STYLED_ITEM('',(#11800),#8193,#10046);
#11800=PRESENTATION_STYLE_ASSIGNMENT((#11801));
#11801=SURFACE_STYLE_USAGE(.BOTH.,#11802);
#11802=SURFACE_SIDE_STYLE('',(#11803));
#11803=SURFACE_STYLE_FILL_AREA(#11804);
#11804=FILL_AREA_STYLE('',(#11806));
#11805=COLOUR_RGB('',0.223529413,0.223529413,0.223529413);
#11806=FILL_AREA_STYLE_COLOUR('',#11805);
#11807=OVER_RIDING_STYLED_ITEM('',(#11808),#8215,#10046);
#11808=PRESENTATION_STYLE_ASSIGNMENT((#11809));
#11809=SURFACE_STYLE_USAGE(.BOTH.,#11810);
#11810=SURFACE_SIDE_STYLE('',(#11811));
#11811=SURFACE_STYLE_FILL_AREA(#11812);
#11812=FILL_AREA_STYLE('',(#11814));
#11813=COLOUR_RGB('',0.223529413,0.223529413,0.223529413);
#11814=FILL_AREA_STYLE_COLOUR('',#11813);
#11815=OVER_RIDING_STYLED_ITEM('',(#11816),#8236,#10046);
#11816=PRESENTATION_STYLE_ASSIGNMENT((#11817));
#11817=SURFACE_STYLE_USAGE(.BOTH.,#11818);
#11818=SURFACE_SIDE_STYLE('',(#11819));
#11819=SURFACE_STYLE_FILL_AREA(#11820);
#11820=FILL_AREA_STYLE('',(#11822));
#11821=COLOUR_RGB('',0.223529413,0.223529413,0.223529413);
#11822=FILL_AREA_STYLE_COLOUR('',#11821);
#11823=OVER_RIDING_STYLED_ITEM('',(#11824),#8257,#10046);
#11824=PRESENTATION_STYLE_ASSIGNMENT((#11825));
#11825=SURFACE_STYLE_USAGE(.BOTH.,#11826);
#11826=SURFACE_SIDE_STYLE('',(#11827));
#11827=SURFACE_STYLE_FILL_AREA(#11828);
#11828=FILL_AREA_STYLE('',(#11830));
#11829=COLOUR_RGB('',0.223529413,0.223529413,0.223529413);
#11830=FILL_AREA_STYLE_COLOUR('',#11829);
#11831=OVER_RIDING_STYLED_ITEM('',(#11832),#8278,#10046);
#11832=PRESENTATION_STYLE_ASSIGNMENT((#11833));
#11833=SURFACE_STYLE_USAGE(.BOTH.,#11834);
#11834=SURFACE_SIDE_STYLE('',(#11835));
#11835=SURFACE_STYLE_FILL_AREA(#11836);
#11836=FILL_AREA_STYLE('',(#11838));
#11837=COLOUR_RGB('',0.223529413,0.223529413,0.223529413);
#11838=FILL_AREA_STYLE_COLOUR('',#11837);
#11839=OVER_RIDING_STYLED_ITEM('',(#11840),#8299,#10046);
#11840=PRESENTATION_STYLE_ASSIGNMENT((#11841));
#11841=SURFACE_STYLE_USAGE(.BOTH.,#11842);
#11842=SURFACE_SIDE_STYLE('',(#11843));
#11843=SURFACE_STYLE_FILL_AREA(#11844);
#11844=FILL_AREA_STYLE('',(#11846));
#11845=COLOUR_RGB('',0.223529413,0.223529413,0.223529413);
#11846=FILL_AREA_STYLE_COLOUR('',#11845);
#11847=OVER_RIDING_STYLED_ITEM('',(#11848),#8316,#10046);
#11848=PRESENTATION_STYLE_ASSIGNMENT((#11849));
#11849=SURFACE_STYLE_USAGE(.BOTH.,#11850);
#11850=SURFACE_SIDE_STYLE('',(#11851));
#11851=SURFACE_STYLE_FILL_AREA(#11852);
#11852=FILL_AREA_STYLE('',(#11854));
#11853=COLOUR_RGB('',0.223529413,0.223529413,0.223529413);
#11854=FILL_AREA_STYLE_COLOUR('',#11853);
#11855=OVER_RIDING_STYLED_ITEM('',(#11856),#8328,#10046);
#11856=PRESENTATION_STYLE_ASSIGNMENT((#11857));
#11857=SURFACE_STYLE_USAGE(.BOTH.,#11858);
#11858=SURFACE_SIDE_STYLE('',(#11859));
#11859=SURFACE_STYLE_FILL_AREA(#11860);
#11860=FILL_AREA_STYLE('',(#11862));
#11861=COLOUR_RGB('',0.223529413,0.223529413,0.223529413);
#11862=FILL_AREA_STYLE_COLOUR('',#11861);
#11863=OVER_RIDING_STYLED_ITEM('',(#11864),#8359,#10046);
#11864=PRESENTATION_STYLE_ASSIGNMENT((#11865));
#11865=SURFACE_STYLE_USAGE(.BOTH.,#11866);
#11866=SURFACE_SIDE_STYLE('',(#11867));
#11867=SURFACE_STYLE_FILL_AREA(#11868);
#11868=FILL_AREA_STYLE('',(#11870));
#11869=COLOUR_RGB('',0.223529413,0.223529413,0.223529413);
#11870=FILL_AREA_STYLE_COLOUR('',#11869);
#11871=OVER_RIDING_STYLED_ITEM('',(#11872),#8383,#10046);
#11872=PRESENTATION_STYLE_ASSIGNMENT((#11873));
#11873=SURFACE_STYLE_USAGE(.BOTH.,#11874);
#11874=SURFACE_SIDE_STYLE('',(#11875));
#11875=SURFACE_STYLE_FILL_AREA(#11876);
#11876=FILL_AREA_STYLE('',(#11878));
#11877=COLOUR_RGB('',0.223529413,0.223529413,0.223529413);
#11878=FILL_AREA_STYLE_COLOUR('',#11877);
#11879=OVER_RIDING_STYLED_ITEM('',(#11880),#8407,#10046);
#11880=PRESENTATION_STYLE_ASSIGNMENT((#11881));
#11881=SURFACE_STYLE_USAGE(.BOTH.,#11882);
#11882=SURFACE_SIDE_STYLE('',(#11883));
#11883=SURFACE_STYLE_FILL_AREA(#11884);
#11884=FILL_AREA_STYLE('',(#11886));
#11885=COLOUR_RGB('',0.223529413,0.223529413,0.223529413);
#11886=FILL_AREA_STYLE_COLOUR('',#11885);
#11887=OVER_RIDING_STYLED_ITEM('',(#11888),#8436,#10046);
#11888=PRESENTATION_STYLE_ASSIGNMENT((#11889));
#11889=SURFACE_STYLE_USAGE(.BOTH.,#11890);
#11890=SURFACE_SIDE_STYLE('',(#11891));
#11891=SURFACE_STYLE_FILL_AREA(#11892);
#11892=FILL_AREA_STYLE('',(#11894));
#11893=COLOUR_RGB('',0.223529413,0.223529413,0.223529413);
#11894=FILL_AREA_STYLE_COLOUR('',#11893);
#11895=OVER_RIDING_STYLED_ITEM('',(#11896),#8465,#10046);
#11896=PRESENTATION_STYLE_ASSIGNMENT((#11897));
#11897=SURFACE_STYLE_USAGE(.BOTH.,#11898);
#11898=SURFACE_SIDE_STYLE('',(#11899));
#11899=SURFACE_STYLE_FILL_AREA(#11900);
#11900=FILL_AREA_STYLE('',(#11902));
#11901=COLOUR_RGB('',0.223529413,0.223529413,0.223529413);
#11902=FILL_AREA_STYLE_COLOUR('',#11901);
#11903=OVER_RIDING_STYLED_ITEM('',(#11904),#8494,#10046);
#11904=PRESENTATION_STYLE_ASSIGNMENT((#11905));
#11905=SURFACE_STYLE_USAGE(.BOTH.,#11906);
#11906=SURFACE_SIDE_STYLE('',(#11907));
#11907=SURFACE_STYLE_FILL_AREA(#11908);
#11908=FILL_AREA_STYLE('',(#11910));
#11909=COLOUR_RGB('',0.223529413,0.223529413,0.223529413);
#11910=FILL_AREA_STYLE_COLOUR('',#11909);
#11911=OVER_RIDING_STYLED_ITEM('',(#11912),#8516,#10046);
#11912=PRESENTATION_STYLE_ASSIGNMENT((#11913));
#11913=SURFACE_STYLE_USAGE(.BOTH.,#11914);
#11914=SURFACE_SIDE_STYLE('',(#11915));
#11915=SURFACE_STYLE_FILL_AREA(#11916);
#11916=FILL_AREA_STYLE('',(#11917));
#11917=FILL_AREA_STYLE_COLOUR('',#10052);
#11918=OVER_RIDING_STYLED_ITEM('',(#11919),#8531,#10046);
#11919=PRESENTATION_STYLE_ASSIGNMENT((#11920));
#11920=SURFACE_STYLE_USAGE(.BOTH.,#11921);
#11921=SURFACE_SIDE_STYLE('',(#11922));
#11922=SURFACE_STYLE_FILL_AREA(#11923);
#11923=FILL_AREA_STYLE('',(#11925));
#11924=COLOUR_RGB('',0.223529413,0.223529413,0.223529413);
#11925=FILL_AREA_STYLE_COLOUR('',#11924);
#11926=OVER_RIDING_STYLED_ITEM('',(#11927),#8655,#10046);
#11927=PRESENTATION_STYLE_ASSIGNMENT((#11928));
#11928=SURFACE_STYLE_USAGE(.BOTH.,#11929);
#11929=SURFACE_SIDE_STYLE('',(#11930));
#11930=SURFACE_STYLE_FILL_AREA(#11931);
#11931=FILL_AREA_STYLE('',(#11933));
#11932=COLOUR_RGB('',0.223529413,0.223529413,0.223529413);
#11933=FILL_AREA_STYLE_COLOUR('',#11932);
#11934=OVER_RIDING_STYLED_ITEM('',(#11935),#8677,#10046);
#11935=PRESENTATION_STYLE_ASSIGNMENT((#11936));
#11936=SURFACE_STYLE_USAGE(.BOTH.,#11937);
#11937=SURFACE_SIDE_STYLE('',(#11938));
#11938=SURFACE_STYLE_FILL_AREA(#11939);
#11939=FILL_AREA_STYLE('',(#11941));
#11940=COLOUR_RGB('',0.223529413,0.223529413,0.223529413);
#11941=FILL_AREA_STYLE_COLOUR('',#11940);
#11942=OVER_RIDING_STYLED_ITEM('',(#11943),#8694,#10046);
#11943=PRESENTATION_STYLE_ASSIGNMENT((#11944));
#11944=SURFACE_STYLE_USAGE(.BOTH.,#11945);
#11945=SURFACE_SIDE_STYLE('',(#11946));
#11946=SURFACE_STYLE_FILL_AREA(#11947);
#11947=FILL_AREA_STYLE('',(#11949));
#11948=COLOUR_RGB('',0.223529413,0.223529413,0.223529413);
#11949=FILL_AREA_STYLE_COLOUR('',#11948);
#11950=OVER_RIDING_STYLED_ITEM('',(#11951),#8711,#10046);
#11951=PRESENTATION_STYLE_ASSIGNMENT((#11952));
#11952=SURFACE_STYLE_USAGE(.BOTH.,#11953);
#11953=SURFACE_SIDE_STYLE('',(#11954));
#11954=SURFACE_STYLE_FILL_AREA(#11955);
#11955=FILL_AREA_STYLE('',(#11957));
#11956=COLOUR_RGB('',0.223529413,0.223529413,0.223529413);
#11957=FILL_AREA_STYLE_COLOUR('',#11956);
#11958=OVER_RIDING_STYLED_ITEM('',(#11959),#8728,#10046);
#11959=PRESENTATION_STYLE_ASSIGNMENT((#11960));
#11960=SURFACE_STYLE_USAGE(.BOTH.,#11961);
#11961=SURFACE_SIDE_STYLE('',(#11962));
#11962=SURFACE_STYLE_FILL_AREA(#11963);
#11963=FILL_AREA_STYLE('',(#11965));
#11964=COLOUR_RGB('',0.223529413,0.223529413,0.223529413);
#11965=FILL_AREA_STYLE_COLOUR('',#11964);
#11966=OVER_RIDING_STYLED_ITEM('',(#11967),#8745,#10046);
#11967=PRESENTATION_STYLE_ASSIGNMENT((#11968));
#11968=SURFACE_STYLE_USAGE(.BOTH.,#11969);
#11969=SURFACE_SIDE_STYLE('',(#11970));
#11970=SURFACE_STYLE_FILL_AREA(#11971);
#11971=FILL_AREA_STYLE('',(#11973));
#11972=COLOUR_RGB('',0.223529413,0.223529413,0.223529413);
#11973=FILL_AREA_STYLE_COLOUR('',#11972);
#11974=OVER_RIDING_STYLED_ITEM('',(#11975),#8762,#10046);
#11975=PRESENTATION_STYLE_ASSIGNMENT((#11976));
#11976=SURFACE_STYLE_USAGE(.BOTH.,#11977);
#11977=SURFACE_SIDE_STYLE('',(#11978));
#11978=SURFACE_STYLE_FILL_AREA(#11979);
#11979=FILL_AREA_STYLE('',(#11981));
#11980=COLOUR_RGB('',0.223529413,0.223529413,0.223529413);
#11981=FILL_AREA_STYLE_COLOUR('',#11980);
#11982=OVER_RIDING_STYLED_ITEM('',(#11983),#8779,#10046);
#11983=PRESENTATION_STYLE_ASSIGNMENT((#11984));
#11984=SURFACE_STYLE_USAGE(.BOTH.,#11985);
#11985=SURFACE_SIDE_STYLE('',(#11986));
#11986=SURFACE_STYLE_FILL_AREA(#11987);
#11987=FILL_AREA_STYLE('',(#11989));
#11988=COLOUR_RGB('',0.223529413,0.223529413,0.223529413);
#11989=FILL_AREA_STYLE_COLOUR('',#11988);
#11990=OVER_RIDING_STYLED_ITEM('',(#11991),#8791,#10046);
#11991=PRESENTATION_STYLE_ASSIGNMENT((#11992));
#11992=SURFACE_STYLE_USAGE(.BOTH.,#11993);
#11993=SURFACE_SIDE_STYLE('',(#11994));
#11994=SURFACE_STYLE_FILL_AREA(#11995);
#11995=FILL_AREA_STYLE('',(#11997));
#11996=COLOUR_RGB('',0.223529413,0.223529413,0.223529413);
#11997=FILL_AREA_STYLE_COLOUR('',#11996);
#11998=OVER_RIDING_STYLED_ITEM('',(#11999),#8822,#10046);
#11999=PRESENTATION_STYLE_ASSIGNMENT((#12000));
#12000=SURFACE_STYLE_USAGE(.BOTH.,#12001);
#12001=SURFACE_SIDE_STYLE('',(#12002));
#12002=SURFACE_STYLE_FILL_AREA(#12003);
#12003=FILL_AREA_STYLE('',(#12005));
#12004=COLOUR_RGB('',0.223529413,0.223529413,0.223529413);
#12005=FILL_AREA_STYLE_COLOUR('',#12004);
#12006=OVER_RIDING_STYLED_ITEM('',(#12007),#8846,#10046);
#12007=PRESENTATION_STYLE_ASSIGNMENT((#12008));
#12008=SURFACE_STYLE_USAGE(.BOTH.,#12009);
#12009=SURFACE_SIDE_STYLE('',(#12010));
#12010=SURFACE_STYLE_FILL_AREA(#12011);
#12011=FILL_AREA_STYLE('',(#12013));
#12012=COLOUR_RGB('',0.223529413,0.223529413,0.223529413);
#12013=FILL_AREA_STYLE_COLOUR('',#12012);
#12014=OVER_RIDING_STYLED_ITEM('',(#12015),#8875,#10046);
#12015=PRESENTATION_STYLE_ASSIGNMENT((#12016));
#12016=SURFACE_STYLE_USAGE(.BOTH.,#12017);
#12017=SURFACE_SIDE_STYLE('',(#12018));
#12018=SURFACE_STYLE_FILL_AREA(#12019);
#12019=FILL_AREA_STYLE('',(#12021));
#12020=COLOUR_RGB('',0.223529413,0.223529413,0.223529413);
#12021=FILL_AREA_STYLE_COLOUR('',#12020);
#12022=OVER_RIDING_STYLED_ITEM('',(#12023),#8899,#10046);
#12023=PRESENTATION_STYLE_ASSIGNMENT((#12024));
#12024=SURFACE_STYLE_USAGE(.BOTH.,#12025);
#12025=SURFACE_SIDE_STYLE('',(#12026));
#12026=SURFACE_STYLE_FILL_AREA(#12027);
#12027=FILL_AREA_STYLE('',(#12029));
#12028=COLOUR_RGB('',0.223529413,0.223529413,0.223529413);
#12029=FILL_AREA_STYLE_COLOUR('',#12028);
#12030=OVER_RIDING_STYLED_ITEM('',(#12031),#8928,#10046);
#12031=PRESENTATION_STYLE_ASSIGNMENT((#12032));
#12032=SURFACE_STYLE_USAGE(.BOTH.,#12033);
#12033=SURFACE_SIDE_STYLE('',(#12034));
#12034=SURFACE_STYLE_FILL_AREA(#12035);
#12035=FILL_AREA_STYLE('',(#12037));
#12036=COLOUR_RGB('',0.223529413,0.223529413,0.223529413);
#12037=FILL_AREA_STYLE_COLOUR('',#12036);
#12038=OVER_RIDING_STYLED_ITEM('',(#12039),#8945,#10046);
#12039=PRESENTATION_STYLE_ASSIGNMENT((#12040));
#12040=SURFACE_STYLE_USAGE(.BOTH.,#12041);
#12041=SURFACE_SIDE_STYLE('',(#12042));
#12042=SURFACE_STYLE_FILL_AREA(#12043);
#12043=FILL_AREA_STYLE('',(#12044));
#12044=FILL_AREA_STYLE_COLOUR('',#10052);
#12045=OVER_RIDING_STYLED_ITEM('',(#12046),#8959,#10046);
#12046=PRESENTATION_STYLE_ASSIGNMENT((#12047));
#12047=SURFACE_STYLE_USAGE(.BOTH.,#12048);
#12048=SURFACE_SIDE_STYLE('',(#12049));
#12049=SURFACE_STYLE_FILL_AREA(#12050);
#12050=FILL_AREA_STYLE('',(#12052));
#12051=COLOUR_RGB('',0.223529413,0.223529413,0.223529413);
#12052=FILL_AREA_STYLE_COLOUR('',#12051);
#12053=OVER_RIDING_STYLED_ITEM('',(#12054),#9284,#10046);
#12054=PRESENTATION_STYLE_ASSIGNMENT((#12055));
#12055=SURFACE_STYLE_USAGE(.BOTH.,#12056);
#12056=SURFACE_SIDE_STYLE('',(#12057));
#12057=SURFACE_STYLE_FILL_AREA(#12058);
#12058=FILL_AREA_STYLE('',(#12060));
#12059=COLOUR_RGB('',0.223529413,0.223529413,0.223529413);
#12060=FILL_AREA_STYLE_COLOUR('',#12059);
#12061=OVER_RIDING_STYLED_ITEM('',(#12062),#9310,#10046);
#12062=PRESENTATION_STYLE_ASSIGNMENT((#12063));
#12063=SURFACE_STYLE_USAGE(.BOTH.,#12064);
#12064=SURFACE_SIDE_STYLE('',(#12065));
#12065=SURFACE_STYLE_FILL_AREA(#12066);
#12066=FILL_AREA_STYLE('',(#12068));
#12067=COLOUR_RGB('',0.223529413,0.223529413,0.223529413);
#12068=FILL_AREA_STYLE_COLOUR('',#12067);
#12069=OVER_RIDING_STYLED_ITEM('',(#12070),#9331,#10046);
#12070=PRESENTATION_STYLE_ASSIGNMENT((#12071));
#12071=SURFACE_STYLE_USAGE(.BOTH.,#12072);
#12072=SURFACE_SIDE_STYLE('',(#12073));
#12073=SURFACE_STYLE_FILL_AREA(#12074);
#12074=FILL_AREA_STYLE('',(#12076));
#12075=COLOUR_RGB('',0.223529413,0.223529413,0.223529413);
#12076=FILL_AREA_STYLE_COLOUR('',#12075);
#12077=OVER_RIDING_STYLED_ITEM('',(#12078),#9352,#10046);
#12078=PRESENTATION_STYLE_ASSIGNMENT((#12079));
#12079=SURFACE_STYLE_USAGE(.BOTH.,#12080);
#12080=SURFACE_SIDE_STYLE('',(#12081));
#12081=SURFACE_STYLE_FILL_AREA(#12082);
#12082=FILL_AREA_STYLE('',(#12084));
#12083=COLOUR_RGB('',0.223529413,0.223529413,0.223529413);
#12084=FILL_AREA_STYLE_COLOUR('',#12083);
#12085=OVER_RIDING_STYLED_ITEM('',(#12086),#9373,#10046);
#12086=PRESENTATION_STYLE_ASSIGNMENT((#12087));
#12087=SURFACE_STYLE_USAGE(.BOTH.,#12088);
#12088=SURFACE_SIDE_STYLE('',(#12089));
#12089=SURFACE_STYLE_FILL_AREA(#12090);
#12090=FILL_AREA_STYLE('',(#12092));
#12091=COLOUR_RGB('',0.223529413,0.223529413,0.223529413);
#12092=FILL_AREA_STYLE_COLOUR('',#12091);
#12093=OVER_RIDING_STYLED_ITEM('',(#12094),#9394,#10046);
#12094=PRESENTATION_STYLE_ASSIGNMENT((#12095));
#12095=SURFACE_STYLE_USAGE(.BOTH.,#12096);
#12096=SURFACE_SIDE_STYLE('',(#12097));
#12097=SURFACE_STYLE_FILL_AREA(#12098);
#12098=FILL_AREA_STYLE('',(#12100));
#12099=COLOUR_RGB('',0.223529413,0.223529413,0.223529413);
#12100=FILL_AREA_STYLE_COLOUR('',#12099);
#12101=OVER_RIDING_STYLED_ITEM('',(#12102),#9415,#10046);
#12102=PRESENTATION_STYLE_ASSIGNMENT((#12103));
#12103=SURFACE_STYLE_USAGE(.BOTH.,#12104);
#12104=SURFACE_SIDE_STYLE('',(#12105));
#12105=SURFACE_STYLE_FILL_AREA(#12106);
#12106=FILL_AREA_STYLE('',(#12108));
#12107=COLOUR_RGB('',0.223529413,0.223529413,0.223529413);
#12108=FILL_AREA_STYLE_COLOUR('',#12107);
#12109=OVER_RIDING_STYLED_ITEM('',(#12110),#9436,#10046);
#12110=PRESENTATION_STYLE_ASSIGNMENT((#12111));
#12111=SURFACE_STYLE_USAGE(.BOTH.,#12112);
#12112=SURFACE_SIDE_STYLE('',(#12113));
#12113=SURFACE_STYLE_FILL_AREA(#12114);
#12114=FILL_AREA_STYLE('',(#12116));
#12115=COLOUR_RGB('',0.223529413,0.223529413,0.223529413);
#12116=FILL_AREA_STYLE_COLOUR('',#12115);
#12117=OVER_RIDING_STYLED_ITEM('',(#12118),#9457,#10046);
#12118=PRESENTATION_STYLE_ASSIGNMENT((#12119));
#12119=SURFACE_STYLE_USAGE(.BOTH.,#12120);
#12120=SURFACE_SIDE_STYLE('',(#12121));
#12121=SURFACE_STYLE_FILL_AREA(#12122);
#12122=FILL_AREA_STYLE('',(#12124));
#12123=COLOUR_RGB('',0.223529413,0.223529413,0.223529413);
#12124=FILL_AREA_STYLE_COLOUR('',#12123);
#12125=OVER_RIDING_STYLED_ITEM('',(#12126),#9478,#10046);
#12126=PRESENTATION_STYLE_ASSIGNMENT((#12127));
#12127=SURFACE_STYLE_USAGE(.BOTH.,#12128);
#12128=SURFACE_SIDE_STYLE('',(#12129));
#12129=SURFACE_STYLE_FILL_AREA(#12130);
#12130=FILL_AREA_STYLE('',(#12132));
#12131=COLOUR_RGB('',0.223529413,0.223529413,0.223529413);
#12132=FILL_AREA_STYLE_COLOUR('',#12131);
#12133=OVER_RIDING_STYLED_ITEM('',(#12134),#9499,#10046);
#12134=PRESENTATION_STYLE_ASSIGNMENT((#12135));
#12135=SURFACE_STYLE_USAGE(.BOTH.,#12136);
#12136=SURFACE_SIDE_STYLE('',(#12137));
#12137=SURFACE_STYLE_FILL_AREA(#12138);
#12138=FILL_AREA_STYLE('',(#12140));
#12139=COLOUR_RGB('',0.223529413,0.223529413,0.223529413);
#12140=FILL_AREA_STYLE_COLOUR('',#12139);
#12141=OVER_RIDING_STYLED_ITEM('',(#12142),#9520,#10046);
#12142=PRESENTATION_STYLE_ASSIGNMENT((#12143));
#12143=SURFACE_STYLE_USAGE(.BOTH.,#12144);
#12144=SURFACE_SIDE_STYLE('',(#12145));
#12145=SURFACE_STYLE_FILL_AREA(#12146);
#12146=FILL_AREA_STYLE('',(#12148));
#12147=COLOUR_RGB('',0.223529413,0.223529413,0.223529413);
#12148=FILL_AREA_STYLE_COLOUR('',#12147);
#12149=OVER_RIDING_STYLED_ITEM('',(#12150),#9541,#10046);
#12150=PRESENTATION_STYLE_ASSIGNMENT((#12151));
#12151=SURFACE_STYLE_USAGE(.BOTH.,#12152);
#12152=SURFACE_SIDE_STYLE('',(#12153));
#12153=SURFACE_STYLE_FILL_AREA(#12154);
#12154=FILL_AREA_STYLE('',(#12156));
#12155=COLOUR_RGB('',0.223529413,0.223529413,0.223529413);
#12156=FILL_AREA_STYLE_COLOUR('',#12155);
#12157=OVER_RIDING_STYLED_ITEM('',(#12158),#9558,#10046);
#12158=PRESENTATION_STYLE_ASSIGNMENT((#12159));
#12159=SURFACE_STYLE_USAGE(.BOTH.,#12160);
#12160=SURFACE_SIDE_STYLE('',(#12161));
#12161=SURFACE_STYLE_FILL_AREA(#12162);
#12162=FILL_AREA_STYLE('',(#12164));
#12163=COLOUR_RGB('',0.223529413,0.223529413,0.223529413);
#12164=FILL_AREA_STYLE_COLOUR('',#12163);
#12165=OVER_RIDING_STYLED_ITEM('',(#12166),#9575,#10046);
#12166=PRESENTATION_STYLE_ASSIGNMENT((#12167));
#12167=SURFACE_STYLE_USAGE(.BOTH.,#12168);
#12168=SURFACE_SIDE_STYLE('',(#12169));
#12169=SURFACE_STYLE_FILL_AREA(#12170);
#12170=FILL_AREA_STYLE('',(#12172));
#12171=COLOUR_RGB('',0.223529413,0.223529413,0.223529413);
#12172=FILL_AREA_STYLE_COLOUR('',#12171);
#12173=OVER_RIDING_STYLED_ITEM('',(#12174),#9592,#10046);
#12174=PRESENTATION_STYLE_ASSIGNMENT((#12175));
#12175=SURFACE_STYLE_USAGE(.BOTH.,#12176);
#12176=SURFACE_SIDE_STYLE('',(#12177));
#12177=SURFACE_STYLE_FILL_AREA(#12178);
#12178=FILL_AREA_STYLE('',(#12180));
#12179=COLOUR_RGB('',0.223529413,0.223529413,0.223529413);
#12180=FILL_AREA_STYLE_COLOUR('',#12179);
#12181=OVER_RIDING_STYLED_ITEM('',(#12182),#9609,#10046);
#12182=PRESENTATION_STYLE_ASSIGNMENT((#12183));
#12183=SURFACE_STYLE_USAGE(.BOTH.,#12184);
#12184=SURFACE_SIDE_STYLE('',(#12185));
#12185=SURFACE_STYLE_FILL_AREA(#12186);
#12186=FILL_AREA_STYLE('',(#12188));
#12187=COLOUR_RGB('',0.223529413,0.223529413,0.223529413);
#12188=FILL_AREA_STYLE_COLOUR('',#12187);
#12189=OVER_RIDING_STYLED_ITEM('',(#12190),#9630,#10046);
#12190=PRESENTATION_STYLE_ASSIGNMENT((#12191));
#12191=SURFACE_STYLE_USAGE(.BOTH.,#12192);
#12192=SURFACE_SIDE_STYLE('',(#12193));
#12193=SURFACE_STYLE_FILL_AREA(#12194);
#12194=FILL_AREA_STYLE('',(#12196));
#12195=COLOUR_RGB('',0.223529413,0.223529413,0.223529413);
#12196=FILL_AREA_STYLE_COLOUR('',#12195);
#12197=OVER_RIDING_STYLED_ITEM('',(#12198),#9651,#10046);
#12198=PRESENTATION_STYLE_ASSIGNMENT((#12199));
#12199=SURFACE_STYLE_USAGE(.BOTH.,#12200);
#12200=SURFACE_SIDE_STYLE('',(#12201));
#12201=SURFACE_STYLE_FILL_AREA(#12202);
#12202=FILL_AREA_STYLE('',(#12204));
#12203=COLOUR_RGB('',0.223529413,0.223529413,0.223529413);
#12204=FILL_AREA_STYLE_COLOUR('',#12203);
#12205=OVER_RIDING_STYLED_ITEM('',(#12206),#9672,#10046);
#12206=PRESENTATION_STYLE_ASSIGNMENT((#12207));
#12207=SURFACE_STYLE_USAGE(.BOTH.,#12208);
#12208=SURFACE_SIDE_STYLE('',(#12209));
#12209=SURFACE_STYLE_FILL_AREA(#12210);
#12210=FILL_AREA_STYLE('',(#12212));
#12211=COLOUR_RGB('',0.223529413,0.223529413,0.223529413);
#12212=FILL_AREA_STYLE_COLOUR('',#12211);
#12213=OVER_RIDING_STYLED_ITEM('',(#12214),#9693,#10046);
#12214=PRESENTATION_STYLE_ASSIGNMENT((#12215));
#12215=SURFACE_STYLE_USAGE(.BOTH.,#12216);
#12216=SURFACE_SIDE_STYLE('',(#12217));
#12217=SURFACE_STYLE_FILL_AREA(#12218);
#12218=FILL_AREA_STYLE('',(#12220));
#12219=COLOUR_RGB('',0.223529413,0.223529413,0.223529413);
#12220=FILL_AREA_STYLE_COLOUR('',#12219);
#12221=OVER_RIDING_STYLED_ITEM('',(#12222),#9714,#10046);
#12222=PRESENTATION_STYLE_ASSIGNMENT((#12223));
#12223=SURFACE_STYLE_USAGE(.BOTH.,#12224);
#12224=SURFACE_SIDE_STYLE('',(#12225));
#12225=SURFACE_STYLE_FILL_AREA(#12226);
#12226=FILL_AREA_STYLE('',(#12228));
#12227=COLOUR_RGB('',0.223529413,0.223529413,0.223529413);
#12228=FILL_AREA_STYLE_COLOUR('',#12227);
#12229=OVER_RIDING_STYLED_ITEM('',(#12230),#9735,#10046);
#12230=PRESENTATION_STYLE_ASSIGNMENT((#12231));
#12231=SURFACE_STYLE_USAGE(.BOTH.,#12232);
#12232=SURFACE_SIDE_STYLE('',(#12233));
#12233=SURFACE_STYLE_FILL_AREA(#12234);
#12234=FILL_AREA_STYLE('',(#12236));
#12235=COLOUR_RGB('',0.223529413,0.223529413,0.223529413);
#12236=FILL_AREA_STYLE_COLOUR('',#12235);
#12237=OVER_RIDING_STYLED_ITEM('',(#12238),#9756,#10046);
#12238=PRESENTATION_STYLE_ASSIGNMENT((#12239));
#12239=SURFACE_STYLE_USAGE(.BOTH.,#12240);
#12240=SURFACE_SIDE_STYLE('',(#12241));
#12241=SURFACE_STYLE_FILL_AREA(#12242);
#12242=FILL_AREA_STYLE('',(#12244));
#12243=COLOUR_RGB('',0.223529413,0.223529413,0.223529413);
#12244=FILL_AREA_STYLE_COLOUR('',#12243);
#12245=OVER_RIDING_STYLED_ITEM('',(#12246),#9773,#10046);
#12246=PRESENTATION_STYLE_ASSIGNMENT((#12247));
#12247=SURFACE_STYLE_USAGE(.BOTH.,#12248);
#12248=SURFACE_SIDE_STYLE('',(#12249));
#12249=SURFACE_STYLE_FILL_AREA(#12250);
#12250=FILL_AREA_STYLE('',(#12252));
#12251=COLOUR_RGB('',0.223529413,0.223529413,0.223529413);
#12252=FILL_AREA_STYLE_COLOUR('',#12251);
#12253=OVER_RIDING_STYLED_ITEM('',(#12254),#9794,#10046);
#12254=PRESENTATION_STYLE_ASSIGNMENT((#12255));
#12255=SURFACE_STYLE_USAGE(.BOTH.,#12256);
#12256=SURFACE_SIDE_STYLE('',(#12257));
#12257=SURFACE_STYLE_FILL_AREA(#12258);
#12258=FILL_AREA_STYLE('',(#12260));
#12259=COLOUR_RGB('',0.223529413,0.223529413,0.223529413);
#12260=FILL_AREA_STYLE_COLOUR('',#12259);
#12261=OVER_RIDING_STYLED_ITEM('',(#12262),#9815,#10046);
#12262=PRESENTATION_STYLE_ASSIGNMENT((#12263));
#12263=SURFACE_STYLE_USAGE(.BOTH.,#12264);
#12264=SURFACE_SIDE_STYLE('',(#12265));
#12265=SURFACE_STYLE_FILL_AREA(#12266);
#12266=FILL_AREA_STYLE('',(#12268));
#12267=COLOUR_RGB('',0.223529413,0.223529413,0.223529413);
#12268=FILL_AREA_STYLE_COLOUR('',#12267);
#12269=OVER_RIDING_STYLED_ITEM('',(#12270),#9832,#10046);
#12270=PRESENTATION_STYLE_ASSIGNMENT((#12271));
#12271=SURFACE_STYLE_USAGE(.BOTH.,#12272);
#12272=SURFACE_SIDE_STYLE('',(#12273));
#12273=SURFACE_STYLE_FILL_AREA(#12274);
#12274=FILL_AREA_STYLE('',(#12276));
#12275=COLOUR_RGB('',0.223529413,0.223529413,0.223529413);
#12276=FILL_AREA_STYLE_COLOUR('',#12275);
#12277=OVER_RIDING_STYLED_ITEM('',(#12278),#9853,#10046);
#12278=PRESENTATION_STYLE_ASSIGNMENT((#12279));
#12279=SURFACE_STYLE_USAGE(.BOTH.,#12280);
#12280=SURFACE_SIDE_STYLE('',(#12281));
#12281=SURFACE_STYLE_FILL_AREA(#12282);
#12282=FILL_AREA_STYLE('',(#12284));
#12283=COLOUR_RGB('',0.223529413,0.223529413,0.223529413);
#12284=FILL_AREA_STYLE_COLOUR('',#12283);
#12285=OVER_RIDING_STYLED_ITEM('',(#12286),#9874,#10046);
#12286=PRESENTATION_STYLE_ASSIGNMENT((#12287));
#12287=SURFACE_STYLE_USAGE(.BOTH.,#12288);
#12288=SURFACE_SIDE_STYLE('',(#12289));
#12289=SURFACE_STYLE_FILL_AREA(#12290);
#12290=FILL_AREA_STYLE('',(#12292));
#12291=COLOUR_RGB('',0.223529413,0.223529413,0.223529413);
#12292=FILL_AREA_STYLE_COLOUR('',#12291);
#12293=OVER_RIDING_STYLED_ITEM('',(#12294),#9895,#10046);
#12294=PRESENTATION_STYLE_ASSIGNMENT((#12295));
#12295=SURFACE_STYLE_USAGE(.BOTH.,#12296);
#12296=SURFACE_SIDE_STYLE('',(#12297));
#12297=SURFACE_STYLE_FILL_AREA(#12298);
#12298=FILL_AREA_STYLE('',(#12300));
#12299=COLOUR_RGB('',0.223529413,0.223529413,0.223529413);
#12300=FILL_AREA_STYLE_COLOUR('',#12299);
#12301=OVER_RIDING_STYLED_ITEM('',(#12302),#9912,#10046);
#12302=PRESENTATION_STYLE_ASSIGNMENT((#12303));
#12303=SURFACE_STYLE_USAGE(.BOTH.,#12304);
#12304=SURFACE_SIDE_STYLE('',(#12305));
#12305=SURFACE_STYLE_FILL_AREA(#12306);
#12306=FILL_AREA_STYLE('',(#12308));
#12307=COLOUR_RGB('',0.223529413,0.223529413,0.223529413);
#12308=FILL_AREA_STYLE_COLOUR('',#12307);
#12309=OVER_RIDING_STYLED_ITEM('',(#12310),#9933,#10046);
#12310=PRESENTATION_STYLE_ASSIGNMENT((#12311));
#12311=SURFACE_STYLE_USAGE(.BOTH.,#12312);
#12312=SURFACE_SIDE_STYLE('',(#12313));
#12313=SURFACE_STYLE_FILL_AREA(#12314);
#12314=FILL_AREA_STYLE('',(#12316));
#12315=COLOUR_RGB('',0.223529413,0.223529413,0.223529413);
#12316=FILL_AREA_STYLE_COLOUR('',#12315);
#12317=OVER_RIDING_STYLED_ITEM('',(#12318),#9949,#10046);
#12318=PRESENTATION_STYLE_ASSIGNMENT((#12319));
#12319=SURFACE_STYLE_USAGE(.BOTH.,#12320);
#12320=SURFACE_SIDE_STYLE('',(#12321));
#12321=SURFACE_STYLE_FILL_AREA(#12322);
#12322=FILL_AREA_STYLE('',(#12324));
#12323=COLOUR_RGB('',0.223529413,0.223529413,0.223529413);
#12324=FILL_AREA_STYLE_COLOUR('',#12323);
#12325=OVER_RIDING_STYLED_ITEM('',(#12326),#9994,#10046);
#12326=PRESENTATION_STYLE_ASSIGNMENT((#12327));
#12327=SURFACE_STYLE_USAGE(.BOTH.,#12328);
#12328=SURFACE_SIDE_STYLE('',(#12329));
#12329=SURFACE_STYLE_FILL_AREA(#12330);
#12330=FILL_AREA_STYLE('',(#12332));
#12331=COLOUR_RGB('',0.223529413,0.223529413,0.223529413);
#12332=FILL_AREA_STYLE_COLOUR('',#12331);
#12333=OVER_RIDING_STYLED_ITEM('',(#12334),#10022,#10046);
#12334=PRESENTATION_STYLE_ASSIGNMENT((#12335));
#12335=SURFACE_STYLE_USAGE(.BOTH.,#12336);
#12336=SURFACE_SIDE_STYLE('',(#12337));
#12337=SURFACE_STYLE_FILL_AREA(#12338);
#12338=FILL_AREA_STYLE('',(#12339));
#12339=FILL_AREA_STYLE_COLOUR('',#10052);
#12340=MECHANICAL_DESIGN_GEOMETRIC_PRESENTATION_REPRESENTATION('',(#10046,#10054,#10062,#10070,#10077,#10084,#10091,#10098,#10105,#10113,#10121,#10129,#10137,#10145,#10153,#10161,#10169,#10176,#10184,#10191,#10199,#10206,#10214,#10222,#10230,#10238,#10245,#10252,#10259,#10266,#10274,#10282,#10290,#10298,#10306,#10314,#10322,#10330,#10338,#10346,#10354,#10362,#10370,#10378,#10386,#10394,#10402,#10410,#10418,#10426,#10434,#10442,#10450,#10458,#10466,#10474,#10482,#10490,#10498,#10506,#10514,#10522,#10530,#10538,#10546,#10554,#10562,#10570,#10578,#10586,#10594,#10602,#10610,#10618,#10626,#10634,#10642,#10650,#10658,#10666,#10674,#10682,#10690,#10698,#10706,#10714,#10722,#10730,#10738,#10746,#10754,#10762,#10770,#10778,#10786,#10794,#10802,#10810,#10818,#10826,#10834,#10842,#10850,#10858,#10866,#10874,#10882,#10890,#10898,#10906,#10914,#10922,#10930,#10938,#10946,#10954,#10961,#10969,#10977,#10985,#10993,#11001,#11009,#11017,#11025,#11033,#11041,#11049,#11057,#11065,#11073,#11081,#11088,#11096,#11104,#11112,#11120,#11128,#11136,#11144,#11152,#11160,#11168,#11176,#11184,#11192,#11200,#11208,#11216,#11224,#11232,#11240,#11248,#11256,#11264,#11272,#11280,#11288,#11296,#11304,#11312,#11320,#11328,#11336,#11344,#11352,#11360,#11368,#11376,#11383,#11391,#11399,#11407,#11415,#11423,#11431,#11439,#11447,#11455,#11463,#11471,#11479,#11487,#11495,#11503,#11511,#11519,#11527,#11535,#11543,#11551,#11559,#11567,#11575,#11583,#11591,#11599,#11607,#11615,#11623,#11631,#11639,#11647,#11655,#11663,#11671,#11679,#11687,#11695,#11703,#11711,#11719,#11727,#11735,#11743,#11751,#11759,#11767,#11775,#11783,#11791,#11799,#11807,#11815,#11823,#11831,#11839,#11847,#11855,#11863,#11871,#11879,#11887,#11895,#11903,#11911,#11918,#11926,#11934,#11942,#11950,#11958,#11966,#11974,#11982,#11990,#11998,#12006,#12014,#12022,#12030,#12038,#12045,#12053,#12061,#12069,#12077,#12085,#12093,#12101,#12109,#12117,#12125,#12133,#12141,#12149,#12157,#12165,#12173,#12181,#12189,#12197,#12205,#12213,#12221,#12229,#12237,#12245,#12253,#12261,#12269,#12277,#12285,#12293,#12301,#12309,#12317,#12325,#12333),#10032);
ENDSEC;
END-ISO-10303-21;
