ISO-10303-21;
HEADER;
/* Generated by software containing ST-Developer
 * from STEP Tools, Inc. (www.steptools.com) 
 */
/* OPTION: using custom renumber hook */

FILE_DESCRIPTION(
/* description */ ('STEP AP242',
'CAx-IF Rec.Pracs.---Representation and Presentation of Product Manufa
cturing Information (PMI)---4.0---2014-10-13',
'CAx-IF Rec.Pracs.---3D Tessellated Geometry---0.4---2014-09-14','2;1'),

/* implementation_level */ '2;1');

FILE_NAME(
/* name */ '68d2465a7344be57d73ab794',
/* time_stamp */ '2025-09-23T07:03:56Z',
/* author */ (''),
/* organization */ (''),
/* preprocessor_version */ 'ST-DEVELOPER v20',
/* originating_system */ 'ONSHAPE BY PTC INC, 1.204',
/* authorisation */ '  ');

FILE_SCHEMA (('AP242_MANAGED_MODEL_BASED_3D_ENGINEERING_MIM_LF { 1 0 10303 442 1 1 4 }'));
ENDSEC;

DATA;
#10=CONTEXT_DEPENDENT_SHAPE_REPRESENTATION(#12,#11680);
#11=NEXT_ASSEMBLY_USAGE_OCCURRENCE('NAUO1',
'DFN-6_L1.1-W0.7-P0.40-BL~DFN-6_L1.1-W0.7-H0.5-P0.40-BL~Votm',
'DFN-6_L1.1-W0.7-P0.40-BL~DFN-6_L1.1-W0.7-H0.5-P0.40-BL~Votm',#11681,#11682,
'');
#12=(
REPRESENTATION_RELATIONSHIP(' ',' ',#7009,#7008)
REPRESENTATION_RELATIONSHIP_WITH_TRANSFORMATION(#13)
SHAPE_REPRESENTATION_RELATIONSHIP()
);
#13=ITEM_DEFINED_TRANSFORMATION(' ',' ',#7010,#7322);
#14=SHAPE_REPRESENTATION_RELATIONSHIP('','',#7009,#15);
#15=ADVANCED_BREP_SHAPE_REPRESENTATION('',(#7005),#11672);
#16=TOROIDAL_SURFACE('',#7321,6.466142449928E-5,9.999999602636E-6);
#17=SPHERICAL_SURFACE('',#7183,9.999999602636E-6);
#18=SPHERICAL_SURFACE('',#7186,9.999999602636E-6);
#19=SPHERICAL_SURFACE('',#7197,9.999999602636E-6);
#20=SPHERICAL_SURFACE('',#7200,9.999999602636E-6);
#21=CYLINDRICAL_SURFACE('',#7019,9.21075126477287E-6);
#22=CYLINDRICAL_SURFACE('',#7023,2.30625247260925E-5);
#23=CYLINDRICAL_SURFACE('',#7098,3.51060815339792E-6);
#24=CYLINDRICAL_SURFACE('',#7180,9.999999602636E-6);
#25=CYLINDRICAL_SURFACE('',#7189,9.999999602636E-6);
#26=CYLINDRICAL_SURFACE('',#7191,9.999999602636E-6);
#27=CYLINDRICAL_SURFACE('',#7193,9.999999602636E-6);
#28=CYLINDRICAL_SURFACE('',#7195,9.999999602636E-6);
#29=CYLINDRICAL_SURFACE('',#7203,9.999999602636E-6);
#30=CYLINDRICAL_SURFACE('',#7205,9.999999602636E-6);
#31=CYLINDRICAL_SURFACE('',#7206,9.999999602636E-6);
#32=B_SPLINE_CURVE_WITH_KNOTS('',3,(#8714,#8715,#8716,#8717),
 .UNSPECIFIED.,.F.,.F.,(4,4),(33.,34.),.UNSPECIFIED.);
#33=B_SPLINE_CURVE_WITH_KNOTS('',3,(#8719,#8720,#8721,#8722),
 .UNSPECIFIED.,.F.,.F.,(4,4),(33.,34.),.UNSPECIFIED.);
#34=B_SPLINE_CURVE_WITH_KNOTS('',3,(#8739,#8740,#8741,#8742),
 .UNSPECIFIED.,.F.,.F.,(4,4),(28.,29.),.UNSPECIFIED.);
#35=B_SPLINE_CURVE_WITH_KNOTS('',3,(#8744,#8745,#8746,#8747),
 .UNSPECIFIED.,.F.,.F.,(4,4),(28.,29.),.UNSPECIFIED.);
#36=B_SPLINE_CURVE_WITH_KNOTS('',3,(#8764,#8765,#8766,#8767),
 .UNSPECIFIED.,.F.,.F.,(4,4),(26.,27.),.UNSPECIFIED.);
#37=B_SPLINE_CURVE_WITH_KNOTS('',3,(#8769,#8770,#8771,#8772),
 .UNSPECIFIED.,.F.,.F.,(4,4),(26.,27.),.UNSPECIFIED.);
#38=B_SPLINE_CURVE_WITH_KNOTS('',3,(#8789,#8790,#8791,#8792),
 .UNSPECIFIED.,.F.,.F.,(4,4),(24.,25.),.UNSPECIFIED.);
#39=B_SPLINE_CURVE_WITH_KNOTS('',3,(#8794,#8795,#8796,#8797),
 .UNSPECIFIED.,.F.,.F.,(4,4),(24.,25.),.UNSPECIFIED.);
#40=B_SPLINE_CURVE_WITH_KNOTS('',3,(#8820,#8821,#8822,#8823),
 .UNSPECIFIED.,.F.,.F.,(4,4),(21.,22.),.UNSPECIFIED.);
#41=B_SPLINE_CURVE_WITH_KNOTS('',3,(#8825,#8826,#8827,#8828),
 .UNSPECIFIED.,.F.,.F.,(4,4),(21.,22.),.UNSPECIFIED.);
#42=B_SPLINE_CURVE_WITH_KNOTS('',3,(#8839,#8840,#8841,#8842),
 .UNSPECIFIED.,.F.,.F.,(4,4),(20.,21.),.UNSPECIFIED.);
#43=B_SPLINE_CURVE_WITH_KNOTS('',3,(#8844,#8845,#8846,#8847),
 .UNSPECIFIED.,.F.,.F.,(4,4),(20.,21.),.UNSPECIFIED.);
#44=B_SPLINE_CURVE_WITH_KNOTS('',3,(#8858,#8859,#8860,#8861),
 .UNSPECIFIED.,.F.,.F.,(4,4),(19.,20.),.UNSPECIFIED.);
#45=B_SPLINE_CURVE_WITH_KNOTS('',3,(#8863,#8864,#8865,#8866),
 .UNSPECIFIED.,.F.,.F.,(4,4),(19.,20.),.UNSPECIFIED.);
#46=B_SPLINE_CURVE_WITH_KNOTS('',3,(#8877,#8878,#8879,#8880),
 .UNSPECIFIED.,.F.,.F.,(4,4),(18.,19.),.UNSPECIFIED.);
#47=B_SPLINE_CURVE_WITH_KNOTS('',3,(#8882,#8883,#8884,#8885),
 .UNSPECIFIED.,.F.,.F.,(4,4),(18.,19.),.UNSPECIFIED.);
#48=B_SPLINE_CURVE_WITH_KNOTS('',3,(#8896,#8897,#8898,#8899),
 .UNSPECIFIED.,.F.,.F.,(4,4),(17.,18.),.UNSPECIFIED.);
#49=B_SPLINE_CURVE_WITH_KNOTS('',3,(#8901,#8902,#8903,#8904),
 .UNSPECIFIED.,.F.,.F.,(4,4),(17.,18.),.UNSPECIFIED.);
#50=B_SPLINE_CURVE_WITH_KNOTS('',3,(#8915,#8916,#8917,#8918),
 .UNSPECIFIED.,.F.,.F.,(4,4),(16.,17.),.UNSPECIFIED.);
#51=B_SPLINE_CURVE_WITH_KNOTS('',3,(#8920,#8921,#8922,#8923),
 .UNSPECIFIED.,.F.,.F.,(4,4),(16.,17.),.UNSPECIFIED.);
#52=B_SPLINE_CURVE_WITH_KNOTS('',3,(#8934,#8935,#8936,#8937),
 .UNSPECIFIED.,.F.,.F.,(4,4),(15.,16.),.UNSPECIFIED.);
#53=B_SPLINE_CURVE_WITH_KNOTS('',3,(#8939,#8940,#8941,#8942),
 .UNSPECIFIED.,.F.,.F.,(4,4),(15.,16.),.UNSPECIFIED.);
#54=B_SPLINE_CURVE_WITH_KNOTS('',3,(#8977,#8978,#8979,#8980),
 .UNSPECIFIED.,.F.,.F.,(4,4),(10.,11.),.UNSPECIFIED.);
#55=B_SPLINE_CURVE_WITH_KNOTS('',3,(#8982,#8983,#8984,#8985),
 .UNSPECIFIED.,.F.,.F.,(4,4),(10.,11.),.UNSPECIFIED.);
#56=B_SPLINE_CURVE_WITH_KNOTS('',3,(#8996,#8997,#8998,#8999),
 .UNSPECIFIED.,.F.,.F.,(4,4),(9.,10.),.UNSPECIFIED.);
#57=B_SPLINE_CURVE_WITH_KNOTS('',3,(#9001,#9002,#9003,#9004),
 .UNSPECIFIED.,.F.,.F.,(4,4),(9.,10.),.UNSPECIFIED.);
#58=B_SPLINE_CURVE_WITH_KNOTS('',3,(#9054,#9055,#9056,#9057),
 .UNSPECIFIED.,.F.,.F.,(4,4),(5.,6.),.UNSPECIFIED.);
#59=B_SPLINE_CURVE_WITH_KNOTS('',3,(#9059,#9060,#9061,#9062),
 .UNSPECIFIED.,.F.,.F.,(4,4),(5.,6.),.UNSPECIFIED.);
#60=B_SPLINE_CURVE_WITH_KNOTS('',3,(#9073,#9074,#9075,#9076),
 .UNSPECIFIED.,.F.,.F.,(4,4),(4.,5.),.UNSPECIFIED.);
#61=B_SPLINE_CURVE_WITH_KNOTS('',3,(#9078,#9079,#9080,#9081),
 .UNSPECIFIED.,.F.,.F.,(4,4),(4.,5.),.UNSPECIFIED.);
#62=B_SPLINE_CURVE_WITH_KNOTS('',3,(#9092,#9093,#9094,#9095),
 .UNSPECIFIED.,.F.,.F.,(4,4),(3.,4.),.UNSPECIFIED.);
#63=B_SPLINE_CURVE_WITH_KNOTS('',3,(#9097,#9098,#9099,#9100),
 .UNSPECIFIED.,.F.,.F.,(4,4),(3.,4.),.UNSPECIFIED.);
#64=B_SPLINE_CURVE_WITH_KNOTS('',3,(#9111,#9112,#9113,#9114),
 .UNSPECIFIED.,.F.,.F.,(4,4),(2.,3.),.UNSPECIFIED.);
#65=B_SPLINE_CURVE_WITH_KNOTS('',3,(#9116,#9117,#9118,#9119),
 .UNSPECIFIED.,.F.,.F.,(4,4),(2.,3.),.UNSPECIFIED.);
#66=B_SPLINE_CURVE_WITH_KNOTS('',3,(#9130,#9131,#9132,#9133),
 .UNSPECIFIED.,.F.,.F.,(4,4),(1.,2.),.UNSPECIFIED.);
#67=B_SPLINE_CURVE_WITH_KNOTS('',3,(#9135,#9136,#9137,#9138),
 .UNSPECIFIED.,.F.,.F.,(4,4),(1.,2.),.UNSPECIFIED.);
#68=B_SPLINE_CURVE_WITH_KNOTS('',3,(#9149,#9150,#9151,#9152),
 .UNSPECIFIED.,.F.,.F.,(4,4),(0.,1.),.UNSPECIFIED.);
#69=B_SPLINE_CURVE_WITH_KNOTS('',3,(#9154,#9155,#9156,#9157),
 .UNSPECIFIED.,.F.,.F.,(4,4),(0.,1.),.UNSPECIFIED.);
#70=B_SPLINE_CURVE_WITH_KNOTS('',3,(#9168,#9169,#9170,#9171),
 .UNSPECIFIED.,.F.,.F.,(4,4),(35.,36.),.UNSPECIFIED.);
#71=B_SPLINE_CURVE_WITH_KNOTS('',3,(#9172,#9173,#9174,#9175),
 .UNSPECIFIED.,.F.,.F.,(4,4),(35.,36.),.UNSPECIFIED.);
#72=B_SPLINE_CURVE_WITH_KNOTS('',3,(#9285,#9286,#9287,#9288),
 .UNSPECIFIED.,.F.,.F.,(4,4),(2.,3.),.UNSPECIFIED.);
#73=B_SPLINE_CURVE_WITH_KNOTS('',3,(#9290,#9291,#9292,#9293),
 .UNSPECIFIED.,.F.,.F.,(4,4),(3.,4.),.UNSPECIFIED.);
#74=B_SPLINE_CURVE_WITH_KNOTS('',3,(#9295,#9296,#9297,#9298),
 .UNSPECIFIED.,.F.,.F.,(4,4),(4.,5.),.UNSPECIFIED.);
#75=B_SPLINE_CURVE_WITH_KNOTS('',3,(#9300,#9301,#9302,#9303),
 .UNSPECIFIED.,.F.,.F.,(4,4),(5.,6.),.UNSPECIFIED.);
#76=B_SPLINE_CURVE_WITH_KNOTS('',3,(#9314,#9315,#9316,#9317),
 .UNSPECIFIED.,.F.,.F.,(4,4),(5.,6.),.UNSPECIFIED.);
#77=B_SPLINE_CURVE_WITH_KNOTS('',3,(#9330,#9331,#9332,#9333),
 .UNSPECIFIED.,.F.,.F.,(4,4),(4.,5.),.UNSPECIFIED.);
#78=B_SPLINE_CURVE_WITH_KNOTS('',3,(#9344,#9345,#9346,#9347),
 .UNSPECIFIED.,.F.,.F.,(4,4),(3.,4.),.UNSPECIFIED.);
#79=B_SPLINE_CURVE_WITH_KNOTS('',3,(#9358,#9359,#9360,#9361),
 .UNSPECIFIED.,.F.,.F.,(4,4),(2.,3.),.UNSPECIFIED.);
#80=B_SPLINE_CURVE_WITH_KNOTS('',3,(#9395,#9396,#9397,#9398),
 .UNSPECIFIED.,.F.,.F.,(4,4),(2.,3.),.UNSPECIFIED.);
#81=B_SPLINE_CURVE_WITH_KNOTS('',3,(#9400,#9401,#9402,#9403),
 .UNSPECIFIED.,.F.,.F.,(4,4),(2.,3.),.UNSPECIFIED.);
#82=B_SPLINE_CURVE_WITH_KNOTS('',3,(#9414,#9415,#9416,#9417),
 .UNSPECIFIED.,.F.,.F.,(4,4),(3.,4.),.UNSPECIFIED.);
#83=B_SPLINE_CURVE_WITH_KNOTS('',3,(#9419,#9420,#9421,#9422),
 .UNSPECIFIED.,.F.,.F.,(4,4),(3.,4.),.UNSPECIFIED.);
#84=B_SPLINE_CURVE_WITH_KNOTS('',3,(#9433,#9434,#9435,#9436),
 .UNSPECIFIED.,.F.,.F.,(4,4),(4.,5.),.UNSPECIFIED.);
#85=B_SPLINE_CURVE_WITH_KNOTS('',3,(#9438,#9439,#9440,#9441),
 .UNSPECIFIED.,.F.,.F.,(4,4),(4.,5.),.UNSPECIFIED.);
#86=B_SPLINE_CURVE_WITH_KNOTS('',3,(#9452,#9453,#9454,#9455),
 .UNSPECIFIED.,.F.,.F.,(4,4),(5.,6.),.UNSPECIFIED.);
#87=B_SPLINE_CURVE_WITH_KNOTS('',3,(#9457,#9458,#9459,#9460),
 .UNSPECIFIED.,.F.,.F.,(4,4),(5.,6.),.UNSPECIFIED.);
#88=B_SPLINE_CURVE_WITH_KNOTS('',3,(#9560,#9561,#9562,#9563),
 .UNSPECIFIED.,.F.,.F.,(4,4),(5.,6.),.UNSPECIFIED.);
#89=B_SPLINE_CURVE_WITH_KNOTS('',3,(#9571,#9572,#9573,#9574),
 .UNSPECIFIED.,.F.,.F.,(4,4),(1.,2.),.UNSPECIFIED.);
#90=B_SPLINE_CURVE_WITH_KNOTS('',3,(#9591,#9592,#9593,#9594),
 .UNSPECIFIED.,.F.,.F.,(4,4),(1.,2.),.UNSPECIFIED.);
#91=B_SPLINE_CURVE_WITH_KNOTS('',3,(#9631,#9632,#9633,#9634),
 .UNSPECIFIED.,.F.,.F.,(4,4),(5.,6.),.UNSPECIFIED.);
#92=B_SPLINE_CURVE_WITH_KNOTS('',3,(#9679,#9680,#9681,#9682),
 .UNSPECIFIED.,.F.,.F.,(4,4),(0.,1.),.UNSPECIFIED.);
#93=B_SPLINE_CURVE_WITH_KNOTS('',3,(#9687,#9688,#9689,#9690),
 .UNSPECIFIED.,.F.,.F.,(4,4),(19.,20.),.UNSPECIFIED.);
#94=B_SPLINE_CURVE_WITH_KNOTS('',3,(#9692,#9693,#9694,#9695),
 .UNSPECIFIED.,.F.,.F.,(4,4),(18.,19.),.UNSPECIFIED.);
#95=B_SPLINE_CURVE_WITH_KNOTS('',3,(#9697,#9698,#9699,#9700),
 .UNSPECIFIED.,.F.,.F.,(4,4),(17.,18.),.UNSPECIFIED.);
#96=B_SPLINE_CURVE_WITH_KNOTS('',3,(#9702,#9703,#9704,#9705),
 .UNSPECIFIED.,.F.,.F.,(4,4),(16.,17.),.UNSPECIFIED.);
#97=B_SPLINE_CURVE_WITH_KNOTS('',3,(#9707,#9708,#9709,#9710),
 .UNSPECIFIED.,.F.,.F.,(4,4),(15.,16.),.UNSPECIFIED.);
#98=B_SPLINE_CURVE_WITH_KNOTS('',3,(#9712,#9713,#9714,#9715),
 .UNSPECIFIED.,.F.,.F.,(4,4),(14.,15.),.UNSPECIFIED.);
#99=B_SPLINE_CURVE_WITH_KNOTS('',3,(#9717,#9718,#9719,#9720),
 .UNSPECIFIED.,.F.,.F.,(4,4),(13.,14.),.UNSPECIFIED.);
#100=B_SPLINE_CURVE_WITH_KNOTS('',3,(#9722,#9723,#9724,#9725),
 .UNSPECIFIED.,.F.,.F.,(4,4),(12.,13.),.UNSPECIFIED.);
#101=B_SPLINE_CURVE_WITH_KNOTS('',3,(#9727,#9728,#9729,#9730),
 .UNSPECIFIED.,.F.,.F.,(4,4),(11.,12.),.UNSPECIFIED.);
#102=B_SPLINE_CURVE_WITH_KNOTS('',3,(#9738,#9739,#9740,#9741),
 .UNSPECIFIED.,.F.,.F.,(4,4),(7.,8.),.UNSPECIFIED.);
#103=B_SPLINE_CURVE_WITH_KNOTS('',3,(#9743,#9744,#9745,#9746),
 .UNSPECIFIED.,.F.,.F.,(4,4),(6.,7.),.UNSPECIFIED.);
#104=B_SPLINE_CURVE_WITH_KNOTS('',3,(#9748,#9749,#9750,#9751),
 .UNSPECIFIED.,.F.,.F.,(4,4),(5.,6.),.UNSPECIFIED.);
#105=B_SPLINE_CURVE_WITH_KNOTS('',3,(#9753,#9754,#9755,#9756),
 .UNSPECIFIED.,.F.,.F.,(4,4),(4.,5.),.UNSPECIFIED.);
#106=B_SPLINE_CURVE_WITH_KNOTS('',3,(#9758,#9759,#9760,#9761),
 .UNSPECIFIED.,.F.,.F.,(4,4),(3.,4.),.UNSPECIFIED.);
#107=B_SPLINE_CURVE_WITH_KNOTS('',3,(#9765,#9766,#9767,#9768),
 .UNSPECIFIED.,.F.,.F.,(4,4),(1.,2.),.UNSPECIFIED.);
#108=B_SPLINE_CURVE_WITH_KNOTS('',3,(#9777,#9778,#9779,#9780),
 .UNSPECIFIED.,.F.,.F.,(4,4),(1.,2.),.UNSPECIFIED.);
#109=B_SPLINE_CURVE_WITH_KNOTS('',3,(#9797,#9798,#9799,#9800),
 .UNSPECIFIED.,.F.,.F.,(4,4),(3.,4.),.UNSPECIFIED.);
#110=B_SPLINE_CURVE_WITH_KNOTS('',3,(#9811,#9812,#9813,#9814),
 .UNSPECIFIED.,.F.,.F.,(4,4),(4.,5.),.UNSPECIFIED.);
#111=B_SPLINE_CURVE_WITH_KNOTS('',3,(#9825,#9826,#9827,#9828),
 .UNSPECIFIED.,.F.,.F.,(4,4),(5.,6.),.UNSPECIFIED.);
#112=B_SPLINE_CURVE_WITH_KNOTS('',3,(#9839,#9840,#9841,#9842),
 .UNSPECIFIED.,.F.,.F.,(4,4),(6.,7.),.UNSPECIFIED.);
#113=B_SPLINE_CURVE_WITH_KNOTS('',3,(#9853,#9854,#9855,#9856),
 .UNSPECIFIED.,.F.,.F.,(4,4),(7.,8.),.UNSPECIFIED.);
#114=B_SPLINE_CURVE_WITH_KNOTS('',3,(#9893,#9894,#9895,#9896),
 .UNSPECIFIED.,.F.,.F.,(4,4),(11.,12.),.UNSPECIFIED.);
#115=B_SPLINE_CURVE_WITH_KNOTS('',3,(#9907,#9908,#9909,#9910),
 .UNSPECIFIED.,.F.,.F.,(4,4),(12.,13.),.UNSPECIFIED.);
#116=B_SPLINE_CURVE_WITH_KNOTS('',3,(#9921,#9922,#9923,#9924),
 .UNSPECIFIED.,.F.,.F.,(4,4),(13.,14.),.UNSPECIFIED.);
#117=B_SPLINE_CURVE_WITH_KNOTS('',3,(#9935,#9936,#9937,#9938),
 .UNSPECIFIED.,.F.,.F.,(4,4),(14.,15.),.UNSPECIFIED.);
#118=B_SPLINE_CURVE_WITH_KNOTS('',3,(#9949,#9950,#9951,#9952),
 .UNSPECIFIED.,.F.,.F.,(4,4),(15.,16.),.UNSPECIFIED.);
#119=B_SPLINE_CURVE_WITH_KNOTS('',3,(#9963,#9964,#9965,#9966),
 .UNSPECIFIED.,.F.,.F.,(4,4),(16.,17.),.UNSPECIFIED.);
#120=B_SPLINE_CURVE_WITH_KNOTS('',3,(#9977,#9978,#9979,#9980),
 .UNSPECIFIED.,.F.,.F.,(4,4),(17.,18.),.UNSPECIFIED.);
#121=B_SPLINE_CURVE_WITH_KNOTS('',3,(#9991,#9992,#9993,#9994),
 .UNSPECIFIED.,.F.,.F.,(4,4),(18.,19.),.UNSPECIFIED.);
#122=B_SPLINE_CURVE_WITH_KNOTS('',3,(#10005,#10006,#10007,#10008),
 .UNSPECIFIED.,.F.,.F.,(4,4),(19.,20.),.UNSPECIFIED.);
#123=B_SPLINE_CURVE_WITH_KNOTS('',3,(#10023,#10024,#10025,#10026),
 .UNSPECIFIED.,.F.,.F.,(4,4),(0.,1.),.UNSPECIFIED.);
#124=B_SPLINE_CURVE_WITH_KNOTS('',3,(#10028,#10029,#10030,#10031),
 .UNSPECIFIED.,.F.,.F.,(4,4),(0.,1.),.UNSPECIFIED.);
#125=B_SPLINE_CURVE_WITH_KNOTS('',3,(#10034,#10035,#10036,#10037),
 .UNSPECIFIED.,.F.,.F.,(4,4),(1.,2.),.UNSPECIFIED.);
#126=B_SPLINE_CURVE_WITH_KNOTS('',3,(#10041,#10042,#10043,#10044),
 .UNSPECIFIED.,.F.,.F.,(4,4),(3.,4.),.UNSPECIFIED.);
#127=B_SPLINE_CURVE_WITH_KNOTS('',3,(#10046,#10047,#10048,#10049),
 .UNSPECIFIED.,.F.,.F.,(4,4),(4.,5.),.UNSPECIFIED.);
#128=B_SPLINE_CURVE_WITH_KNOTS('',3,(#10051,#10052,#10053,#10054),
 .UNSPECIFIED.,.F.,.F.,(4,4),(5.,6.),.UNSPECIFIED.);
#129=B_SPLINE_CURVE_WITH_KNOTS('',3,(#10079,#10080,#10081,#10082),
 .UNSPECIFIED.,.F.,.F.,(4,4),(5.,6.),.UNSPECIFIED.);
#130=B_SPLINE_CURVE_WITH_KNOTS('',3,(#10093,#10094,#10095,#10096),
 .UNSPECIFIED.,.F.,.F.,(4,4),(4.,5.),.UNSPECIFIED.);
#131=B_SPLINE_CURVE_WITH_KNOTS('',3,(#10107,#10108,#10109,#10110),
 .UNSPECIFIED.,.F.,.F.,(4,4),(3.,4.),.UNSPECIFIED.);
#132=B_SPLINE_CURVE_WITH_KNOTS('',3,(#10132,#10133,#10134,#10135),
 .UNSPECIFIED.,.F.,.F.,(4,4),(1.,2.),.UNSPECIFIED.);
#133=B_SPLINE_CURVE_WITH_KNOTS('',3,(#10144,#10145,#10146,#10147),
 .UNSPECIFIED.,.F.,.F.,(4,4),(0.,1.),.UNSPECIFIED.);
#134=B_SPLINE_CURVE_WITH_KNOTS('',3,(#10156,#10157,#10158,#10159),
 .UNSPECIFIED.,.F.,.F.,(4,4),(1.,2.),.UNSPECIFIED.);
#135=B_SPLINE_CURVE_WITH_KNOTS('',3,(#10164,#10165,#10166,#10167),
 .UNSPECIFIED.,.F.,.F.,(4,4),(1.,2.),.UNSPECIFIED.);
#136=B_SPLINE_CURVE_WITH_KNOTS('',3,(#10202,#10203,#10204,#10205),
 .UNSPECIFIED.,.F.,.F.,(4,4),(6.,7.),.UNSPECIFIED.);
#137=B_SPLINE_CURVE_WITH_KNOTS('',3,(#10207,#10208,#10209,#10210),
 .UNSPECIFIED.,.F.,.F.,(4,4),(6.,7.),.UNSPECIFIED.);
#138=B_SPLINE_CURVE_WITH_KNOTS('',3,(#10221,#10222,#10223,#10224),
 .UNSPECIFIED.,.F.,.F.,(4,4),(7.,8.),.UNSPECIFIED.);
#139=B_SPLINE_CURVE_WITH_KNOTS('',3,(#10226,#10227,#10228,#10229),
 .UNSPECIFIED.,.F.,.F.,(4,4),(7.,8.),.UNSPECIFIED.);
#140=B_SPLINE_CURVE_WITH_KNOTS('',3,(#10240,#10241,#10242,#10243),
 .UNSPECIFIED.,.F.,.F.,(4,4),(8.,9.),.UNSPECIFIED.);
#141=B_SPLINE_CURVE_WITH_KNOTS('',3,(#10245,#10246,#10247,#10248),
 .UNSPECIFIED.,.F.,.F.,(4,4),(8.,9.),.UNSPECIFIED.);
#142=B_SPLINE_CURVE_WITH_KNOTS('',3,(#10259,#10260,#10261,#10262),
 .UNSPECIFIED.,.F.,.F.,(4,4),(9.,10.),.UNSPECIFIED.);
#143=B_SPLINE_CURVE_WITH_KNOTS('',3,(#10264,#10265,#10266,#10267),
 .UNSPECIFIED.,.F.,.F.,(4,4),(9.,10.),.UNSPECIFIED.);
#144=B_SPLINE_CURVE_WITH_KNOTS('',3,(#10284,#10285,#10286,#10287),
 .UNSPECIFIED.,.F.,.F.,(4,4),(11.,12.),.UNSPECIFIED.);
#145=B_SPLINE_CURVE_WITH_KNOTS('',3,(#10289,#10290,#10291,#10292),
 .UNSPECIFIED.,.F.,.F.,(4,4),(11.,12.),.UNSPECIFIED.);
#146=B_SPLINE_CURVE_WITH_KNOTS('',3,(#10303,#10304,#10305,#10306),
 .UNSPECIFIED.,.F.,.F.,(4,4),(12.,13.),.UNSPECIFIED.);
#147=B_SPLINE_CURVE_WITH_KNOTS('',3,(#10308,#10309,#10310,#10311),
 .UNSPECIFIED.,.F.,.F.,(4,4),(12.,13.),.UNSPECIFIED.);
#148=B_SPLINE_CURVE_WITH_KNOTS('',3,(#10328,#10329,#10330,#10331),
 .UNSPECIFIED.,.F.,.F.,(4,4),(0.,1.),.UNSPECIFIED.);
#149=B_SPLINE_CURVE_WITH_KNOTS('',3,(#10332,#10333,#10334,#10335),
 .UNSPECIFIED.,.F.,.F.,(4,4),(0.,1.),.UNSPECIFIED.);
#150=B_SPLINE_CURVE_WITH_KNOTS('',3,(#10518,#10519,#10520,#10521),
 .UNSPECIFIED.,.F.,.F.,(4,4),(2.,3.),.UNSPECIFIED.);
#151=B_SPLINE_CURVE_WITH_KNOTS('',3,(#10523,#10524,#10525,#10526),
 .UNSPECIFIED.,.F.,.F.,(4,4),(3.,4.),.UNSPECIFIED.);
#152=B_SPLINE_CURVE_WITH_KNOTS('',3,(#10528,#10529,#10530,#10531),
 .UNSPECIFIED.,.F.,.F.,(4,4),(4.,5.),.UNSPECIFIED.);
#153=B_SPLINE_CURVE_WITH_KNOTS('',3,(#10533,#10534,#10535,#10536),
 .UNSPECIFIED.,.F.,.F.,(4,4),(5.,6.),.UNSPECIFIED.);
#154=B_SPLINE_CURVE_WITH_KNOTS('',3,(#10547,#10548,#10549,#10550),
 .UNSPECIFIED.,.F.,.F.,(4,4),(5.,6.),.UNSPECIFIED.);
#155=B_SPLINE_CURVE_WITH_KNOTS('',3,(#10563,#10564,#10565,#10566),
 .UNSPECIFIED.,.F.,.F.,(4,4),(4.,5.),.UNSPECIFIED.);
#156=B_SPLINE_CURVE_WITH_KNOTS('',3,(#10577,#10578,#10579,#10580),
 .UNSPECIFIED.,.F.,.F.,(4,4),(3.,4.),.UNSPECIFIED.);
#157=B_SPLINE_CURVE_WITH_KNOTS('',3,(#10591,#10592,#10593,#10594),
 .UNSPECIFIED.,.F.,.F.,(4,4),(2.,3.),.UNSPECIFIED.);
#158=B_SPLINE_CURVE_WITH_KNOTS('',3,(#10628,#10629,#10630,#10631),
 .UNSPECIFIED.,.F.,.F.,(4,4),(2.,3.),.UNSPECIFIED.);
#159=B_SPLINE_CURVE_WITH_KNOTS('',3,(#10633,#10634,#10635,#10636),
 .UNSPECIFIED.,.F.,.F.,(4,4),(2.,3.),.UNSPECIFIED.);
#160=B_SPLINE_CURVE_WITH_KNOTS('',3,(#10647,#10648,#10649,#10650),
 .UNSPECIFIED.,.F.,.F.,(4,4),(3.,4.),.UNSPECIFIED.);
#161=B_SPLINE_CURVE_WITH_KNOTS('',3,(#10652,#10653,#10654,#10655),
 .UNSPECIFIED.,.F.,.F.,(4,4),(3.,4.),.UNSPECIFIED.);
#162=B_SPLINE_CURVE_WITH_KNOTS('',3,(#10666,#10667,#10668,#10669),
 .UNSPECIFIED.,.F.,.F.,(4,4),(4.,5.),.UNSPECIFIED.);
#163=B_SPLINE_CURVE_WITH_KNOTS('',3,(#10671,#10672,#10673,#10674),
 .UNSPECIFIED.,.F.,.F.,(4,4),(4.,5.),.UNSPECIFIED.);
#164=B_SPLINE_CURVE_WITH_KNOTS('',3,(#10685,#10686,#10687,#10688),
 .UNSPECIFIED.,.F.,.F.,(4,4),(5.,6.),.UNSPECIFIED.);
#165=B_SPLINE_CURVE_WITH_KNOTS('',3,(#10690,#10691,#10692,#10693),
 .UNSPECIFIED.,.F.,.F.,(4,4),(5.,6.),.UNSPECIFIED.);
#166=B_SPLINE_CURVE_WITH_KNOTS('',3,(#10774,#10775,#10776,#10777),
 .UNSPECIFIED.,.F.,.F.,(4,4),(0.,1.),.UNSPECIFIED.);
#167=B_SPLINE_CURVE_WITH_KNOTS('',3,(#10782,#10783,#10784,#10785),
 .UNSPECIFIED.,.F.,.F.,(4,4),(12.,13.),.UNSPECIFIED.);
#168=B_SPLINE_CURVE_WITH_KNOTS('',3,(#10787,#10788,#10789,#10790),
 .UNSPECIFIED.,.F.,.F.,(4,4),(11.,12.),.UNSPECIFIED.);
#169=B_SPLINE_CURVE_WITH_KNOTS('',3,(#10792,#10793,#10794,#10795),
 .UNSPECIFIED.,.F.,.F.,(4,4),(10.,11.),.UNSPECIFIED.);
#170=B_SPLINE_CURVE_WITH_KNOTS('',3,(#10797,#10798,#10799,#10800),
 .UNSPECIFIED.,.F.,.F.,(4,4),(9.,10.),.UNSPECIFIED.);
#171=B_SPLINE_CURVE_WITH_KNOTS('',3,(#10802,#10803,#10804,#10805),
 .UNSPECIFIED.,.F.,.F.,(4,4),(8.,9.),.UNSPECIFIED.);
#172=B_SPLINE_CURVE_WITH_KNOTS('',3,(#10811,#10812,#10813,#10814),
 .UNSPECIFIED.,.F.,.F.,(4,4),(5.,6.),.UNSPECIFIED.);
#173=B_SPLINE_CURVE_WITH_KNOTS('',3,(#10816,#10817,#10818,#10819),
 .UNSPECIFIED.,.F.,.F.,(4,4),(4.,5.),.UNSPECIFIED.);
#174=B_SPLINE_CURVE_WITH_KNOTS('',3,(#10821,#10822,#10823,#10824),
 .UNSPECIFIED.,.F.,.F.,(4,4),(3.,4.),.UNSPECIFIED.);
#175=B_SPLINE_CURVE_WITH_KNOTS('',3,(#10826,#10827,#10828,#10829),
 .UNSPECIFIED.,.F.,.F.,(4,4),(2.,3.),.UNSPECIFIED.);
#176=B_SPLINE_CURVE_WITH_KNOTS('',3,(#10831,#10832,#10833,#10834),
 .UNSPECIFIED.,.F.,.F.,(4,4),(1.,2.),.UNSPECIFIED.);
#177=B_SPLINE_CURVE_WITH_KNOTS('',3,(#10843,#10844,#10845,#10846),
 .UNSPECIFIED.,.F.,.F.,(4,4),(1.,2.),.UNSPECIFIED.);
#178=B_SPLINE_CURVE_WITH_KNOTS('',3,(#10859,#10860,#10861,#10862),
 .UNSPECIFIED.,.F.,.F.,(4,4),(2.,3.),.UNSPECIFIED.);
#179=B_SPLINE_CURVE_WITH_KNOTS('',3,(#10873,#10874,#10875,#10876),
 .UNSPECIFIED.,.F.,.F.,(4,4),(3.,4.),.UNSPECIFIED.);
#180=B_SPLINE_CURVE_WITH_KNOTS('',3,(#10887,#10888,#10889,#10890),
 .UNSPECIFIED.,.F.,.F.,(4,4),(4.,5.),.UNSPECIFIED.);
#181=B_SPLINE_CURVE_WITH_KNOTS('',3,(#10901,#10902,#10903,#10904),
 .UNSPECIFIED.,.F.,.F.,(4,4),(5.,6.),.UNSPECIFIED.);
#182=B_SPLINE_CURVE_WITH_KNOTS('',3,(#10930,#10931,#10932,#10933),
 .UNSPECIFIED.,.F.,.F.,(4,4),(8.,9.),.UNSPECIFIED.);
#183=B_SPLINE_CURVE_WITH_KNOTS('',3,(#10944,#10945,#10946,#10947),
 .UNSPECIFIED.,.F.,.F.,(4,4),(9.,10.),.UNSPECIFIED.);
#184=B_SPLINE_CURVE_WITH_KNOTS('',3,(#10958,#10959,#10960,#10961),
 .UNSPECIFIED.,.F.,.F.,(4,4),(10.,11.),.UNSPECIFIED.);
#185=B_SPLINE_CURVE_WITH_KNOTS('',3,(#10972,#10973,#10974,#10975),
 .UNSPECIFIED.,.F.,.F.,(4,4),(11.,12.),.UNSPECIFIED.);
#186=B_SPLINE_CURVE_WITH_KNOTS('',3,(#10986,#10987,#10988,#10989),
 .UNSPECIFIED.,.F.,.F.,(4,4),(12.,13.),.UNSPECIFIED.);
#187=B_SPLINE_CURVE_WITH_KNOTS('',3,(#11004,#11005,#11006,#11007),
 .UNSPECIFIED.,.F.,.F.,(4,4),(0.,1.),.UNSPECIFIED.);
#188=LINE('',#8670,#891);
#189=LINE('',#8674,#892);
#190=LINE('',#8701,#893);
#191=LINE('',#8705,#894);
#192=LINE('',#8724,#895);
#193=LINE('',#8726,#896);
#194=LINE('',#8728,#897);
#195=LINE('',#8730,#898);
#196=LINE('',#8749,#899);
#197=LINE('',#8755,#900);
#198=LINE('',#8774,#901);
#199=LINE('',#8776,#902);
#200=LINE('',#8778,#903);
#201=LINE('',#8780,#904);
#202=LINE('',#8799,#905);
#203=LINE('',#8805,#906);
#204=LINE('',#8807,#907);
#205=LINE('',#8809,#908);
#206=LINE('',#8811,#909);
#207=LINE('',#8830,#910);
#208=LINE('',#8849,#911);
#209=LINE('',#8868,#912);
#210=LINE('',#8887,#913);
#211=LINE('',#8906,#914);
#212=LINE('',#8925,#915);
#213=LINE('',#8944,#916);
#214=LINE('',#8946,#917);
#215=LINE('',#8948,#918);
#216=LINE('',#8950,#919);
#217=LINE('',#8952,#920);
#218=LINE('',#8954,#921);
#219=LINE('',#8956,#922);
#220=LINE('',#8958,#923);
#221=LINE('',#8960,#924);
#222=LINE('',#8962,#925);
#223=LINE('',#8964,#926);
#224=LINE('',#8966,#927);
#225=LINE('',#8968,#928);
#226=LINE('',#8987,#929);
#227=LINE('',#9006,#930);
#228=LINE('',#9019,#931);
#229=LINE('',#9032,#932);
#230=LINE('',#9045,#933);
#231=LINE('',#9064,#934);
#232=LINE('',#9083,#935);
#233=LINE('',#9102,#936);
#234=LINE('',#9121,#937);
#235=LINE('',#9140,#938);
#236=LINE('',#9159,#939);
#237=LINE('',#9178,#940);
#238=LINE('',#9181,#941);
#239=LINE('',#9185,#942);
#240=LINE('',#9189,#943);
#241=LINE('',#9191,#944);
#242=LINE('',#9193,#945);
#243=LINE('',#9195,#946);
#244=LINE('',#9204,#947);
#245=LINE('',#9208,#948);
#246=LINE('',#9210,#949);
#247=LINE('',#9219,#950);
#248=LINE('',#9223,#951);
#249=LINE('',#9225,#952);
#250=LINE('',#9227,#953);
#251=LINE('',#9229,#954);
#252=LINE('',#9232,#955);
#253=LINE('',#9234,#956);
#254=LINE('',#9236,#957);
#255=LINE('',#9238,#958);
#256=LINE('',#9240,#959);
#257=LINE('',#9242,#960);
#258=LINE('',#9244,#961);
#259=LINE('',#9246,#962);
#260=LINE('',#9248,#963);
#261=LINE('',#9250,#964);
#262=LINE('',#9252,#965);
#263=LINE('',#9254,#966);
#264=LINE('',#9256,#967);
#265=LINE('',#9258,#968);
#266=LINE('',#9260,#969);
#267=LINE('',#9262,#970);
#268=LINE('',#9264,#971);
#269=LINE('',#9266,#972);
#270=LINE('',#9268,#973);
#271=LINE('',#9270,#974);
#272=LINE('',#9272,#975);
#273=LINE('',#9274,#976);
#274=LINE('',#9275,#977);
#275=LINE('',#9278,#978);
#276=LINE('',#9281,#979);
#277=LINE('',#9283,#980);
#278=LINE('',#9312,#981);
#279=LINE('',#9319,#982);
#280=LINE('',#9328,#983);
#281=LINE('',#9342,#984);
#282=LINE('',#9356,#985);
#283=LINE('',#9363,#986);
#284=LINE('',#9365,#987);
#285=LINE('',#9367,#988);
#286=LINE('',#9369,#989);
#287=LINE('',#9371,#990);
#288=LINE('',#9373,#991);
#289=LINE('',#9376,#992);
#290=LINE('',#9378,#993);
#291=LINE('',#9380,#994);
#292=LINE('',#9382,#995);
#293=LINE('',#9384,#996);
#294=LINE('',#9386,#997);
#295=LINE('',#9405,#998);
#296=LINE('',#9424,#999);
#297=LINE('',#9443,#1000);
#298=LINE('',#9462,#1001);
#299=LINE('',#9464,#1002);
#300=LINE('',#9465,#1003);
#301=LINE('',#9468,#1004);
#302=LINE('',#9471,#1005);
#303=LINE('',#9473,#1006);
#304=LINE('',#9475,#1007);
#305=LINE('',#9477,#1008);
#306=LINE('',#9479,#1009);
#307=LINE('',#9481,#1010);
#308=LINE('',#9483,#1011);
#309=LINE('',#9485,#1012);
#310=LINE('',#9487,#1013);
#311=LINE('',#9489,#1014);
#312=LINE('',#9491,#1015);
#313=LINE('',#9493,#1016);
#314=LINE('',#9496,#1017);
#315=LINE('',#9497,#1018);
#316=LINE('',#9499,#1019);
#317=LINE('',#9501,#1020);
#318=LINE('',#9503,#1021);
#319=LINE('',#9505,#1022);
#320=LINE('',#9507,#1023);
#321=LINE('',#9509,#1024);
#322=LINE('',#9511,#1025);
#323=LINE('',#9513,#1026);
#324=LINE('',#9515,#1027);
#325=LINE('',#9517,#1028);
#326=LINE('',#9519,#1029);
#327=LINE('',#9521,#1030);
#328=LINE('',#9523,#1031);
#329=LINE('',#9525,#1032);
#330=LINE('',#9527,#1033);
#331=LINE('',#9529,#1034);
#332=LINE('',#9531,#1035);
#333=LINE('',#9533,#1036);
#334=LINE('',#9535,#1037);
#335=LINE('',#9537,#1038);
#336=LINE('',#9539,#1039);
#337=LINE('',#9541,#1040);
#338=LINE('',#9544,#1041);
#339=LINE('',#9548,#1042);
#340=LINE('',#9550,#1043);
#341=LINE('',#9552,#1044);
#342=LINE('',#9554,#1045);
#343=LINE('',#9556,#1046);
#344=LINE('',#9558,#1047);
#345=LINE('',#9567,#1048);
#346=LINE('',#9576,#1049);
#347=LINE('',#9578,#1050);
#348=LINE('',#9581,#1051);
#349=LINE('',#9582,#1052);
#350=LINE('',#9596,#1053);
#351=LINE('',#9607,#1054);
#352=LINE('',#9609,#1055);
#353=LINE('',#9611,#1056);
#354=LINE('',#9622,#1057);
#355=LINE('',#9636,#1058);
#356=LINE('',#9638,#1059);
#357=LINE('',#9640,#1060);
#358=LINE('',#9642,#1061);
#359=LINE('',#9644,#1062);
#360=LINE('',#9646,#1063);
#361=LINE('',#9648,#1064);
#362=LINE('',#9650,#1065);
#363=LINE('',#9652,#1066);
#364=LINE('',#9654,#1067);
#365=LINE('',#9656,#1068);
#366=LINE('',#9658,#1069);
#367=LINE('',#9660,#1070);
#368=LINE('',#9671,#1071);
#369=LINE('',#9673,#1072);
#370=LINE('',#9675,#1073);
#371=LINE('',#9677,#1074);
#372=LINE('',#9685,#1075);
#373=LINE('',#9734,#1076);
#374=LINE('',#9783,#1077);
#375=LINE('',#9784,#1078);
#376=LINE('',#9788,#1079);
#377=LINE('',#9802,#1080);
#378=LINE('',#9816,#1081);
#379=LINE('',#9830,#1082);
#380=LINE('',#9844,#1083);
#381=LINE('',#9858,#1084);
#382=LINE('',#9869,#1085);
#383=LINE('',#9871,#1086);
#384=LINE('',#9873,#1087);
#385=LINE('',#9884,#1088);
#386=LINE('',#9898,#1089);
#387=LINE('',#9912,#1090);
#388=LINE('',#9926,#1091);
#389=LINE('',#9940,#1092);
#390=LINE('',#9954,#1093);
#391=LINE('',#9968,#1094);
#392=LINE('',#9982,#1095);
#393=LINE('',#9996,#1096);
#394=LINE('',#10010,#1097);
#395=LINE('',#10012,#1098);
#396=LINE('',#10014,#1099);
#397=LINE('',#10056,#1100);
#398=LINE('',#10058,#1101);
#399=LINE('',#10060,#1102);
#400=LINE('',#10062,#1103);
#401=LINE('',#10064,#1104);
#402=LINE('',#10066,#1105);
#403=LINE('',#10068,#1106);
#404=LINE('',#10077,#1107);
#405=LINE('',#10091,#1108);
#406=LINE('',#10105,#1109);
#407=LINE('',#10119,#1110);
#408=LINE('',#10130,#1111);
#409=LINE('',#10162,#1112);
#410=LINE('',#10169,#1113);
#411=LINE('',#10171,#1114);
#412=LINE('',#10173,#1115);
#413=LINE('',#10175,#1116);
#414=LINE('',#10177,#1117);
#415=LINE('',#10179,#1118);
#416=LINE('',#10181,#1119);
#417=LINE('',#10183,#1120);
#418=LINE('',#10185,#1121);
#419=LINE('',#10187,#1122);
#420=LINE('',#10189,#1123);
#421=LINE('',#10191,#1124);
#422=LINE('',#10193,#1125);
#423=LINE('',#10212,#1126);
#424=LINE('',#10231,#1127);
#425=LINE('',#10250,#1128);
#426=LINE('',#10269,#1129);
#427=LINE('',#10271,#1130);
#428=LINE('',#10273,#1131);
#429=LINE('',#10275,#1132);
#430=LINE('',#10294,#1133);
#431=LINE('',#10313,#1134);
#432=LINE('',#10315,#1135);
#433=LINE('',#10317,#1136);
#434=LINE('',#10319,#1137);
#435=LINE('',#10338,#1138);
#436=LINE('',#10341,#1139);
#437=LINE('',#10343,#1140);
#438=LINE('',#10345,#1141);
#439=LINE('',#10347,#1142);
#440=LINE('',#10349,#1143);
#441=LINE('',#10351,#1144);
#442=LINE('',#10353,#1145);
#443=LINE('',#10355,#1146);
#444=LINE('',#10357,#1147);
#445=LINE('',#10359,#1148);
#446=LINE('',#10361,#1149);
#447=LINE('',#10363,#1150);
#448=LINE('',#10366,#1151);
#449=LINE('',#10367,#1152);
#450=LINE('',#10369,#1153);
#451=LINE('',#10371,#1154);
#452=LINE('',#10373,#1155);
#453=LINE('',#10375,#1156);
#454=LINE('',#10377,#1157);
#455=LINE('',#10379,#1158);
#456=LINE('',#10381,#1159);
#457=LINE('',#10383,#1160);
#458=LINE('',#10385,#1161);
#459=LINE('',#10387,#1162);
#460=LINE('',#10389,#1163);
#461=LINE('',#10391,#1164);
#462=LINE('',#10393,#1165);
#463=LINE('',#10395,#1166);
#464=LINE('',#10397,#1167);
#465=LINE('',#10399,#1168);
#466=LINE('',#10401,#1169);
#467=LINE('',#10403,#1170);
#468=LINE('',#10405,#1171);
#469=LINE('',#10407,#1172);
#470=LINE('',#10409,#1173);
#471=LINE('',#10411,#1174);
#472=LINE('',#10414,#1175);
#473=LINE('',#10418,#1176);
#474=LINE('',#10422,#1177);
#475=LINE('',#10424,#1178);
#476=LINE('',#10426,#1179);
#477=LINE('',#10428,#1180);
#478=LINE('',#10437,#1181);
#479=LINE('',#10441,#1182);
#480=LINE('',#10443,#1183);
#481=LINE('',#10452,#1184);
#482=LINE('',#10456,#1185);
#483=LINE('',#10458,#1186);
#484=LINE('',#10460,#1187);
#485=LINE('',#10462,#1188);
#486=LINE('',#10465,#1189);
#487=LINE('',#10467,#1190);
#488=LINE('',#10469,#1191);
#489=LINE('',#10471,#1192);
#490=LINE('',#10473,#1193);
#491=LINE('',#10475,#1194);
#492=LINE('',#10477,#1195);
#493=LINE('',#10479,#1196);
#494=LINE('',#10481,#1197);
#495=LINE('',#10483,#1198);
#496=LINE('',#10485,#1199);
#497=LINE('',#10487,#1200);
#498=LINE('',#10489,#1201);
#499=LINE('',#10491,#1202);
#500=LINE('',#10493,#1203);
#501=LINE('',#10495,#1204);
#502=LINE('',#10497,#1205);
#503=LINE('',#10499,#1206);
#504=LINE('',#10501,#1207);
#505=LINE('',#10503,#1208);
#506=LINE('',#10505,#1209);
#507=LINE('',#10507,#1210);
#508=LINE('',#10508,#1211);
#509=LINE('',#10511,#1212);
#510=LINE('',#10514,#1213);
#511=LINE('',#10516,#1214);
#512=LINE('',#10545,#1215);
#513=LINE('',#10552,#1216);
#514=LINE('',#10561,#1217);
#515=LINE('',#10575,#1218);
#516=LINE('',#10589,#1219);
#517=LINE('',#10596,#1220);
#518=LINE('',#10598,#1221);
#519=LINE('',#10600,#1222);
#520=LINE('',#10602,#1223);
#521=LINE('',#10604,#1224);
#522=LINE('',#10606,#1225);
#523=LINE('',#10609,#1226);
#524=LINE('',#10611,#1227);
#525=LINE('',#10613,#1228);
#526=LINE('',#10615,#1229);
#527=LINE('',#10617,#1230);
#528=LINE('',#10619,#1231);
#529=LINE('',#10638,#1232);
#530=LINE('',#10657,#1233);
#531=LINE('',#10676,#1234);
#532=LINE('',#10695,#1235);
#533=LINE('',#10697,#1236);
#534=LINE('',#10698,#1237);
#535=LINE('',#10701,#1238);
#536=LINE('',#10704,#1239);
#537=LINE('',#10706,#1240);
#538=LINE('',#10708,#1241);
#539=LINE('',#10710,#1242);
#540=LINE('',#10712,#1243);
#541=LINE('',#10714,#1244);
#542=LINE('',#10716,#1245);
#543=LINE('',#10718,#1246);
#544=LINE('',#10720,#1247);
#545=LINE('',#10722,#1248);
#546=LINE('',#10724,#1249);
#547=LINE('',#10726,#1250);
#548=LINE('',#10729,#1251);
#549=LINE('',#10730,#1252);
#550=LINE('',#10732,#1253);
#551=LINE('',#10734,#1254);
#552=LINE('',#10736,#1255);
#553=LINE('',#10738,#1256);
#554=LINE('',#10740,#1257);
#555=LINE('',#10742,#1258);
#556=LINE('',#10744,#1259);
#557=LINE('',#10746,#1260);
#558=LINE('',#10748,#1261);
#559=LINE('',#10750,#1262);
#560=LINE('',#10752,#1263);
#561=LINE('',#10754,#1264);
#562=LINE('',#10756,#1265);
#563=LINE('',#10758,#1266);
#564=LINE('',#10760,#1267);
#565=LINE('',#10762,#1268);
#566=LINE('',#10764,#1269);
#567=LINE('',#10766,#1270);
#568=LINE('',#10768,#1271);
#569=LINE('',#10770,#1272);
#570=LINE('',#10772,#1273);
#571=LINE('',#10780,#1274);
#572=LINE('',#10809,#1275);
#573=LINE('',#10849,#1276);
#574=LINE('',#10850,#1277);
#575=LINE('',#10864,#1278);
#576=LINE('',#10878,#1279);
#577=LINE('',#10892,#1280);
#578=LINE('',#10906,#1281);
#579=LINE('',#10908,#1282);
#580=LINE('',#10910,#1283);
#581=LINE('',#10921,#1284);
#582=LINE('',#10935,#1285);
#583=LINE('',#10949,#1286);
#584=LINE('',#10963,#1287);
#585=LINE('',#10977,#1288);
#586=LINE('',#10991,#1289);
#587=LINE('',#10993,#1290);
#588=LINE('',#10995,#1291);
#589=LINE('',#11009,#1292);
#590=LINE('',#11012,#1293);
#591=LINE('',#11014,#1294);
#592=LINE('',#11016,#1295);
#593=LINE('',#11018,#1296);
#594=LINE('',#11020,#1297);
#595=LINE('',#11022,#1298);
#596=LINE('',#11025,#1299);
#597=LINE('',#11026,#1300);
#598=LINE('',#11028,#1301);
#599=LINE('',#11030,#1302);
#600=LINE('',#11032,#1303);
#601=LINE('',#11034,#1304);
#602=LINE('',#11036,#1305);
#603=LINE('',#11038,#1306);
#604=LINE('',#11040,#1307);
#605=LINE('',#11042,#1308);
#606=LINE('',#11044,#1309);
#607=LINE('',#11049,#1310);
#608=LINE('',#11053,#1311);
#609=LINE('',#11066,#1312);
#610=LINE('',#11067,#1313);
#611=LINE('',#11072,#1314);
#612=LINE('',#11073,#1315);
#613=LINE('',#11078,#1316);
#614=LINE('',#11079,#1317);
#615=LINE('',#11084,#1318);
#616=LINE('',#11085,#1319);
#617=LINE('',#11098,#1320);
#618=LINE('',#11099,#1321);
#619=LINE('',#11101,#1322);
#620=LINE('',#11102,#1323);
#621=LINE('',#11107,#1324);
#622=LINE('',#11108,#1325);
#623=LINE('',#11110,#1326);
#624=LINE('',#11113,#1327);
#625=LINE('',#11115,#1328);
#626=LINE('',#11117,#1329);
#627=LINE('',#11119,#1330);
#628=LINE('',#11122,#1331);
#629=LINE('',#11123,#1332);
#630=LINE('',#11125,#1333);
#631=LINE('',#11127,#1334);
#632=LINE('',#11129,#1335);
#633=LINE('',#11131,#1336);
#634=LINE('',#11133,#1337);
#635=LINE('',#11135,#1338);
#636=LINE('',#11138,#1339);
#637=LINE('',#11140,#1340);
#638=LINE('',#11142,#1341);
#639=LINE('',#11144,#1342);
#640=LINE('',#11147,#1343);
#641=LINE('',#11148,#1344);
#642=LINE('',#11150,#1345);
#643=LINE('',#11152,#1346);
#644=LINE('',#11154,#1347);
#645=LINE('',#11156,#1348);
#646=LINE('',#11158,#1349);
#647=LINE('',#11160,#1350);
#648=LINE('',#11163,#1351);
#649=LINE('',#11165,#1352);
#650=LINE('',#11167,#1353);
#651=LINE('',#11169,#1354);
#652=LINE('',#11172,#1355);
#653=LINE('',#11173,#1356);
#654=LINE('',#11175,#1357);
#655=LINE('',#11177,#1358);
#656=LINE('',#11179,#1359);
#657=LINE('',#11181,#1360);
#658=LINE('',#11183,#1361);
#659=LINE('',#11185,#1362);
#660=LINE('',#11188,#1363);
#661=LINE('',#11190,#1364);
#662=LINE('',#11192,#1365);
#663=LINE('',#11194,#1366);
#664=LINE('',#11197,#1367);
#665=LINE('',#11198,#1368);
#666=LINE('',#11200,#1369);
#667=LINE('',#11202,#1370);
#668=LINE('',#11204,#1371);
#669=LINE('',#11206,#1372);
#670=LINE('',#11208,#1373);
#671=LINE('',#11210,#1374);
#672=LINE('',#11213,#1375);
#673=LINE('',#11215,#1376);
#674=LINE('',#11217,#1377);
#675=LINE('',#11219,#1378);
#676=LINE('',#11222,#1379);
#677=LINE('',#11223,#1380);
#678=LINE('',#11225,#1381);
#679=LINE('',#11227,#1382);
#680=LINE('',#11229,#1383);
#681=LINE('',#11231,#1384);
#682=LINE('',#11233,#1385);
#683=LINE('',#11235,#1386);
#684=LINE('',#11238,#1387);
#685=LINE('',#11240,#1388);
#686=LINE('',#11242,#1389);
#687=LINE('',#11244,#1390);
#688=LINE('',#11247,#1391);
#689=LINE('',#11248,#1392);
#690=LINE('',#11250,#1393);
#691=LINE('',#11252,#1394);
#692=LINE('',#11254,#1395);
#693=LINE('',#11256,#1396);
#694=LINE('',#11258,#1397);
#695=LINE('',#11260,#1398);
#696=LINE('',#11263,#1399);
#697=LINE('',#11265,#1400);
#698=LINE('',#11267,#1401);
#699=LINE('',#11269,#1402);
#700=LINE('',#11272,#1403);
#701=LINE('',#11273,#1404);
#702=LINE('',#11275,#1405);
#703=LINE('',#11277,#1406);
#704=LINE('',#11279,#1407);
#705=LINE('',#11281,#1408);
#706=LINE('',#11283,#1409);
#707=LINE('',#11285,#1410);
#708=LINE('',#11288,#1411);
#709=LINE('',#11290,#1412);
#710=LINE('',#11292,#1413);
#711=LINE('',#11294,#1414);
#712=LINE('',#11297,#1415);
#713=LINE('',#11298,#1416);
#714=LINE('',#11300,#1417);
#715=LINE('',#11302,#1418);
#716=LINE('',#11304,#1419);
#717=LINE('',#11306,#1420);
#718=LINE('',#11308,#1421);
#719=LINE('',#11310,#1422);
#720=LINE('',#11313,#1423);
#721=LINE('',#11315,#1424);
#722=LINE('',#11317,#1425);
#723=LINE('',#11319,#1426);
#724=LINE('',#11322,#1427);
#725=LINE('',#11323,#1428);
#726=LINE('',#11325,#1429);
#727=LINE('',#11327,#1430);
#728=LINE('',#11329,#1431);
#729=LINE('',#11331,#1432);
#730=LINE('',#11333,#1433);
#731=LINE('',#11335,#1434);
#732=LINE('',#11338,#1435);
#733=LINE('',#11340,#1436);
#734=LINE('',#11342,#1437);
#735=LINE('',#11344,#1438);
#736=LINE('',#11347,#1439);
#737=LINE('',#11348,#1440);
#738=LINE('',#11350,#1441);
#739=LINE('',#11352,#1442);
#740=LINE('',#11354,#1443);
#741=LINE('',#11356,#1444);
#742=LINE('',#11358,#1445);
#743=LINE('',#11363,#1446);
#744=LINE('',#11366,#1447);
#745=LINE('',#11368,#1448);
#746=LINE('',#11370,#1449);
#747=LINE('',#11372,#1450);
#748=LINE('',#11375,#1451);
#749=LINE('',#11377,#1452);
#750=LINE('',#11379,#1453);
#751=LINE('',#11381,#1454);
#752=LINE('',#11383,#1455);
#753=LINE('',#11385,#1456);
#754=LINE('',#11387,#1457);
#755=LINE('',#11389,#1458);
#756=LINE('',#11392,#1459);
#757=LINE('',#11393,#1460);
#758=LINE('',#11395,#1461);
#759=LINE('',#11397,#1462);
#760=LINE('',#11399,#1463);
#761=LINE('',#11401,#1464);
#762=LINE('',#11403,#1465);
#763=LINE('',#11405,#1466);
#764=LINE('',#11407,#1467);
#765=LINE('',#11409,#1468);
#766=LINE('',#11411,#1469);
#767=LINE('',#11413,#1470);
#768=LINE('',#11415,#1471);
#769=LINE('',#11417,#1472);
#770=LINE('',#11419,#1473);
#771=LINE('',#11421,#1474);
#772=LINE('',#11424,#1475);
#773=LINE('',#11426,#1476);
#774=LINE('',#11428,#1477);
#775=LINE('',#11430,#1478);
#776=LINE('',#11432,#1479);
#777=LINE('',#11434,#1480);
#778=LINE('',#11436,#1481);
#779=LINE('',#11438,#1482);
#780=LINE('',#11441,#1483);
#781=LINE('',#11442,#1484);
#782=LINE('',#11444,#1485);
#783=LINE('',#11446,#1486);
#784=LINE('',#11448,#1487);
#785=LINE('',#11450,#1488);
#786=LINE('',#11452,#1489);
#787=LINE('',#11454,#1490);
#788=LINE('',#11456,#1491);
#789=LINE('',#11458,#1492);
#790=LINE('',#11460,#1493);
#791=LINE('',#11462,#1494);
#792=LINE('',#11464,#1495);
#793=LINE('',#11466,#1496);
#794=LINE('',#11468,#1497);
#795=LINE('',#11470,#1498);
#796=LINE('',#11473,#1499);
#797=LINE('',#11475,#1500);
#798=LINE('',#11477,#1501);
#799=LINE('',#11479,#1502);
#800=LINE('',#11481,#1503);
#801=LINE('',#11483,#1504);
#802=LINE('',#11485,#1505);
#803=LINE('',#11487,#1506);
#804=LINE('',#11490,#1507);
#805=LINE('',#11491,#1508);
#806=LINE('',#11493,#1509);
#807=LINE('',#11495,#1510);
#808=LINE('',#11497,#1511);
#809=LINE('',#11499,#1512);
#810=LINE('',#11501,#1513);
#811=LINE('',#11503,#1514);
#812=LINE('',#11505,#1515);
#813=LINE('',#11507,#1516);
#814=LINE('',#11509,#1517);
#815=LINE('',#11511,#1518);
#816=LINE('',#11513,#1519);
#817=LINE('',#11515,#1520);
#818=LINE('',#11517,#1521);
#819=LINE('',#11519,#1522);
#820=LINE('',#11521,#1523);
#821=LINE('',#11523,#1524);
#822=LINE('',#11525,#1525);
#823=LINE('',#11527,#1526);
#824=LINE('',#11529,#1527);
#825=LINE('',#11531,#1528);
#826=LINE('',#11533,#1529);
#827=LINE('',#11536,#1530);
#828=LINE('',#11537,#1531);
#829=LINE('',#11539,#1532);
#830=LINE('',#11541,#1533);
#831=LINE('',#11543,#1534);
#832=LINE('',#11545,#1535);
#833=LINE('',#11547,#1536);
#834=LINE('',#11549,#1537);
#835=LINE('',#11551,#1538);
#836=LINE('',#11553,#1539);
#837=LINE('',#11555,#1540);
#838=LINE('',#11557,#1541);
#839=LINE('',#11559,#1542);
#840=LINE('',#11562,#1543);
#841=LINE('',#11564,#1544);
#842=LINE('',#11566,#1545);
#843=LINE('',#11568,#1546);
#844=LINE('',#11570,#1547);
#845=LINE('',#11572,#1548);
#846=LINE('',#11574,#1549);
#847=LINE('',#11576,#1550);
#848=LINE('',#11579,#1551);
#849=LINE('',#11580,#1552);
#850=LINE('',#11582,#1553);
#851=LINE('',#11584,#1554);
#852=LINE('',#11586,#1555);
#853=LINE('',#11588,#1556);
#854=LINE('',#11590,#1557);
#855=LINE('',#11592,#1558);
#856=LINE('',#11594,#1559);
#857=LINE('',#11596,#1560);
#858=LINE('',#11598,#1561);
#859=LINE('',#11600,#1562);
#860=LINE('',#11602,#1563);
#861=LINE('',#11604,#1564);
#862=LINE('',#11606,#1565);
#863=LINE('',#11608,#1566);
#864=LINE('',#11611,#1567);
#865=LINE('',#11613,#1568);
#866=LINE('',#11615,#1569);
#867=LINE('',#11617,#1570);
#868=LINE('',#11619,#1571);
#869=LINE('',#11621,#1572);
#870=LINE('',#11623,#1573);
#871=LINE('',#11625,#1574);
#872=LINE('',#11628,#1575);
#873=LINE('',#11629,#1576);
#874=LINE('',#11631,#1577);
#875=LINE('',#11633,#1578);
#876=LINE('',#11635,#1579);
#877=LINE('',#11637,#1580);
#878=LINE('',#11639,#1581);
#879=LINE('',#11641,#1582);
#880=LINE('',#11643,#1583);
#881=LINE('',#11645,#1584);
#882=LINE('',#11647,#1585);
#883=LINE('',#11649,#1586);
#884=LINE('',#11651,#1587);
#885=LINE('',#11653,#1588);
#886=LINE('',#11655,#1589);
#887=LINE('',#11657,#1590);
#888=LINE('',#11659,#1591);
#889=LINE('',#11661,#1592);
#890=LINE('',#11662,#1593);
#891=VECTOR('',#7331,1.);
#892=VECTOR('',#7334,1.);
#893=VECTOR('',#7339,1.);
#894=VECTOR('',#7342,1.);
#895=VECTOR('',#7343,1.);
#896=VECTOR('',#7346,1.);
#897=VECTOR('',#7347,1.);
#898=VECTOR('',#7348,1.);
#899=VECTOR('',#7349,1.);
#900=VECTOR('',#7356,1.);
#901=VECTOR('',#7357,1.);
#902=VECTOR('',#7360,1.);
#903=VECTOR('',#7361,1.);
#904=VECTOR('',#7362,1.);
#905=VECTOR('',#7363,1.);
#906=VECTOR('',#7370,1.);
#907=VECTOR('',#7373,1.);
#908=VECTOR('',#7374,1.);
#909=VECTOR('',#7375,1.);
#910=VECTOR('',#7376,1.);
#911=VECTOR('',#7377,1.);
#912=VECTOR('',#7378,1.);
#913=VECTOR('',#7379,1.);
#914=VECTOR('',#7380,1.);
#915=VECTOR('',#7381,1.);
#916=VECTOR('',#7382,1.);
#917=VECTOR('',#7385,1.);
#918=VECTOR('',#7386,1.);
#919=VECTOR('',#7387,1.);
#920=VECTOR('',#7390,1.);
#921=VECTOR('',#7391,1.);
#922=VECTOR('',#7392,1.);
#923=VECTOR('',#7395,1.);
#924=VECTOR('',#7396,1.);
#925=VECTOR('',#7397,1.);
#926=VECTOR('',#7400,1.);
#927=VECTOR('',#7401,1.);
#928=VECTOR('',#7402,1.);
#929=VECTOR('',#7403,1.);
#930=VECTOR('',#7404,1.);
#931=VECTOR('',#7409,1.);
#932=VECTOR('',#7414,1.);
#933=VECTOR('',#7419,1.);
#934=VECTOR('',#7420,1.);
#935=VECTOR('',#7421,1.);
#936=VECTOR('',#7422,1.);
#937=VECTOR('',#7423,1.);
#938=VECTOR('',#7424,1.);
#939=VECTOR('',#7425,1.);
#940=VECTOR('',#7430,1.);
#941=VECTOR('',#7431,1.);
#942=VECTOR('',#7434,1.);
#943=VECTOR('',#7437,1.);
#944=VECTOR('',#7440,1.);
#945=VECTOR('',#7441,1.);
#946=VECTOR('',#7442,1.);
#947=VECTOR('',#7443,1.);
#948=VECTOR('',#7448,1.);
#949=VECTOR('',#7449,1.);
#950=VECTOR('',#7450,1.);
#951=VECTOR('',#7455,1.);
#952=VECTOR('',#7456,1.);
#953=VECTOR('',#7459,1.);
#954=VECTOR('',#7462,1.);
#955=VECTOR('',#7463,1.);
#956=VECTOR('',#7464,1.);
#957=VECTOR('',#7465,1.);
#958=VECTOR('',#7468,1.);
#959=VECTOR('',#7469,1.);
#960=VECTOR('',#7470,1.);
#961=VECTOR('',#7473,1.);
#962=VECTOR('',#7474,1.);
#963=VECTOR('',#7475,1.);
#964=VECTOR('',#7478,1.);
#965=VECTOR('',#7479,1.);
#966=VECTOR('',#7480,1.);
#967=VECTOR('',#7483,1.);
#968=VECTOR('',#7484,1.);
#969=VECTOR('',#7485,1.);
#970=VECTOR('',#7488,1.);
#971=VECTOR('',#7489,1.);
#972=VECTOR('',#7490,1.);
#973=VECTOR('',#7493,1.);
#974=VECTOR('',#7494,1.);
#975=VECTOR('',#7495,1.);
#976=VECTOR('',#7498,1.);
#977=VECTOR('',#7499,1.);
#978=VECTOR('',#7504,1.);
#979=VECTOR('',#7505,1.);
#980=VECTOR('',#7506,1.);
#981=VECTOR('',#7507,1.);
#982=VECTOR('',#7508,1.);
#983=VECTOR('',#7509,1.);
#984=VECTOR('',#7510,1.);
#985=VECTOR('',#7511,1.);
#986=VECTOR('',#7514,1.);
#987=VECTOR('',#7515,1.);
#988=VECTOR('',#7518,1.);
#989=VECTOR('',#7519,1.);
#990=VECTOR('',#7522,1.);
#991=VECTOR('',#7525,1.);
#992=VECTOR('',#7526,1.);
#993=VECTOR('',#7527,1.);
#994=VECTOR('',#7528,1.);
#995=VECTOR('',#7531,1.);
#996=VECTOR('',#7532,1.);
#997=VECTOR('',#7533,1.);
#998=VECTOR('',#7534,1.);
#999=VECTOR('',#7535,1.);
#1000=VECTOR('',#7536,1.);
#1001=VECTOR('',#7537,1.);
#1002=VECTOR('',#7540,1.);
#1003=VECTOR('',#7541,1.);
#1004=VECTOR('',#7546,1.);
#1005=VECTOR('',#7547,1.);
#1006=VECTOR('',#7548,1.);
#1007=VECTOR('',#7549,1.);
#1008=VECTOR('',#7550,1.);
#1009=VECTOR('',#7551,1.);
#1010=VECTOR('',#7552,1.);
#1011=VECTOR('',#7553,1.);
#1012=VECTOR('',#7554,1.);
#1013=VECTOR('',#7555,1.);
#1014=VECTOR('',#7556,1.);
#1015=VECTOR('',#7557,1.);
#1016=VECTOR('',#7560,1.);
#1017=VECTOR('',#7561,1.);
#1018=VECTOR('',#7562,1.);
#1019=VECTOR('',#7565,1.);
#1020=VECTOR('',#7566,1.);
#1021=VECTOR('',#7569,1.);
#1022=VECTOR('',#7570,1.);
#1023=VECTOR('',#7573,1.);
#1024=VECTOR('',#7574,1.);
#1025=VECTOR('',#7577,1.);
#1026=VECTOR('',#7578,1.);
#1027=VECTOR('',#7581,1.);
#1028=VECTOR('',#7582,1.);
#1029=VECTOR('',#7585,1.);
#1030=VECTOR('',#7586,1.);
#1031=VECTOR('',#7589,1.);
#1032=VECTOR('',#7590,1.);
#1033=VECTOR('',#7593,1.);
#1034=VECTOR('',#7594,1.);
#1035=VECTOR('',#7597,1.);
#1036=VECTOR('',#7598,1.);
#1037=VECTOR('',#7601,1.);
#1038=VECTOR('',#7602,1.);
#1039=VECTOR('',#7605,1.);
#1040=VECTOR('',#7608,1.);
#1041=VECTOR('',#7609,1.);
#1042=VECTOR('',#7612,1.);
#1043=VECTOR('',#7613,1.);
#1044=VECTOR('',#7614,1.);
#1045=VECTOR('',#7615,1.);
#1046=VECTOR('',#7616,1.);
#1047=VECTOR('',#7617,1.);
#1048=VECTOR('',#7620,1.);
#1049=VECTOR('',#7623,1.);
#1050=VECTOR('',#7626,1.);
#1051=VECTOR('',#7627,1.);
#1052=VECTOR('',#7628,1.);
#1053=VECTOR('',#7629,1.);
#1054=VECTOR('',#7632,1.);
#1055=VECTOR('',#7635,1.);
#1056=VECTOR('',#7636,1.);
#1057=VECTOR('',#7639,1.);
#1058=VECTOR('',#7640,1.);
#1059=VECTOR('',#7643,1.);
#1060=VECTOR('',#7644,1.);
#1061=VECTOR('',#7647,1.);
#1062=VECTOR('',#7648,1.);
#1063=VECTOR('',#7651,1.);
#1064=VECTOR('',#7652,1.);
#1065=VECTOR('',#7655,1.);
#1066=VECTOR('',#7656,1.);
#1067=VECTOR('',#7659,1.);
#1068=VECTOR('',#7660,1.);
#1069=VECTOR('',#7663,1.);
#1070=VECTOR('',#7664,1.);
#1071=VECTOR('',#7667,1.);
#1072=VECTOR('',#7670,1.);
#1073=VECTOR('',#7671,1.);
#1074=VECTOR('',#7674,1.);
#1075=VECTOR('',#7677,1.);
#1076=VECTOR('',#7680,1.);
#1077=VECTOR('',#7685,1.);
#1078=VECTOR('',#7686,1.);
#1079=VECTOR('',#7691,1.);
#1080=VECTOR('',#7692,1.);
#1081=VECTOR('',#7693,1.);
#1082=VECTOR('',#7694,1.);
#1083=VECTOR('',#7695,1.);
#1084=VECTOR('',#7696,1.);
#1085=VECTOR('',#7699,1.);
#1086=VECTOR('',#7702,1.);
#1087=VECTOR('',#7703,1.);
#1088=VECTOR('',#7706,1.);
#1089=VECTOR('',#7707,1.);
#1090=VECTOR('',#7708,1.);
#1091=VECTOR('',#7709,1.);
#1092=VECTOR('',#7710,1.);
#1093=VECTOR('',#7711,1.);
#1094=VECTOR('',#7712,1.);
#1095=VECTOR('',#7713,1.);
#1096=VECTOR('',#7714,1.);
#1097=VECTOR('',#7715,1.);
#1098=VECTOR('',#7718,1.);
#1099=VECTOR('',#7719,1.);
#1100=VECTOR('',#7724,1.);
#1101=VECTOR('',#7725,1.);
#1102=VECTOR('',#7728,1.);
#1103=VECTOR('',#7729,1.);
#1104=VECTOR('',#7730,1.);
#1105=VECTOR('',#7733,1.);
#1106=VECTOR('',#7734,1.);
#1107=VECTOR('',#7735,1.);
#1108=VECTOR('',#7736,1.);
#1109=VECTOR('',#7737,1.);
#1110=VECTOR('',#7738,1.);
#1111=VECTOR('',#7741,1.);
#1112=VECTOR('',#7742,1.);
#1113=VECTOR('',#7743,1.);
#1114=VECTOR('',#7746,1.);
#1115=VECTOR('',#7747,1.);
#1116=VECTOR('',#7748,1.);
#1117=VECTOR('',#7751,1.);
#1118=VECTOR('',#7752,1.);
#1119=VECTOR('',#7753,1.);
#1120=VECTOR('',#7756,1.);
#1121=VECTOR('',#7757,1.);
#1122=VECTOR('',#7758,1.);
#1123=VECTOR('',#7761,1.);
#1124=VECTOR('',#7762,1.);
#1125=VECTOR('',#7763,1.);
#1126=VECTOR('',#7764,1.);
#1127=VECTOR('',#7765,1.);
#1128=VECTOR('',#7766,1.);
#1129=VECTOR('',#7767,1.);
#1130=VECTOR('',#7770,1.);
#1131=VECTOR('',#7771,1.);
#1132=VECTOR('',#7772,1.);
#1133=VECTOR('',#7773,1.);
#1134=VECTOR('',#7774,1.);
#1135=VECTOR('',#7777,1.);
#1136=VECTOR('',#7778,1.);
#1137=VECTOR('',#7779,1.);
#1138=VECTOR('',#7784,1.);
#1139=VECTOR('',#7785,1.);
#1140=VECTOR('',#7786,1.);
#1141=VECTOR('',#7787,1.);
#1142=VECTOR('',#7788,1.);
#1143=VECTOR('',#7789,1.);
#1144=VECTOR('',#7790,1.);
#1145=VECTOR('',#7791,1.);
#1146=VECTOR('',#7792,1.);
#1147=VECTOR('',#7793,1.);
#1148=VECTOR('',#7794,1.);
#1149=VECTOR('',#7795,1.);
#1150=VECTOR('',#7798,1.);
#1151=VECTOR('',#7799,1.);
#1152=VECTOR('',#7800,1.);
#1153=VECTOR('',#7803,1.);
#1154=VECTOR('',#7804,1.);
#1155=VECTOR('',#7807,1.);
#1156=VECTOR('',#7808,1.);
#1157=VECTOR('',#7811,1.);
#1158=VECTOR('',#7812,1.);
#1159=VECTOR('',#7815,1.);
#1160=VECTOR('',#7816,1.);
#1161=VECTOR('',#7819,1.);
#1162=VECTOR('',#7820,1.);
#1163=VECTOR('',#7823,1.);
#1164=VECTOR('',#7824,1.);
#1165=VECTOR('',#7827,1.);
#1166=VECTOR('',#7828,1.);
#1167=VECTOR('',#7831,1.);
#1168=VECTOR('',#7832,1.);
#1169=VECTOR('',#7835,1.);
#1170=VECTOR('',#7836,1.);
#1171=VECTOR('',#7839,1.);
#1172=VECTOR('',#7840,1.);
#1173=VECTOR('',#7843,1.);
#1174=VECTOR('',#7846,1.);
#1175=VECTOR('',#7847,1.);
#1176=VECTOR('',#7850,1.);
#1177=VECTOR('',#7853,1.);
#1178=VECTOR('',#7856,1.);
#1179=VECTOR('',#7857,1.);
#1180=VECTOR('',#7858,1.);
#1181=VECTOR('',#7859,1.);
#1182=VECTOR('',#7864,1.);
#1183=VECTOR('',#7865,1.);
#1184=VECTOR('',#7866,1.);
#1185=VECTOR('',#7871,1.);
#1186=VECTOR('',#7872,1.);
#1187=VECTOR('',#7875,1.);
#1188=VECTOR('',#7878,1.);
#1189=VECTOR('',#7879,1.);
#1190=VECTOR('',#7880,1.);
#1191=VECTOR('',#7881,1.);
#1192=VECTOR('',#7884,1.);
#1193=VECTOR('',#7885,1.);
#1194=VECTOR('',#7886,1.);
#1195=VECTOR('',#7889,1.);
#1196=VECTOR('',#7890,1.);
#1197=VECTOR('',#7891,1.);
#1198=VECTOR('',#7894,1.);
#1199=VECTOR('',#7895,1.);
#1200=VECTOR('',#7896,1.);
#1201=VECTOR('',#7899,1.);
#1202=VECTOR('',#7900,1.);
#1203=VECTOR('',#7901,1.);
#1204=VECTOR('',#7904,1.);
#1205=VECTOR('',#7905,1.);
#1206=VECTOR('',#7906,1.);
#1207=VECTOR('',#7909,1.);
#1208=VECTOR('',#7910,1.);
#1209=VECTOR('',#7911,1.);
#1210=VECTOR('',#7914,1.);
#1211=VECTOR('',#7915,1.);
#1212=VECTOR('',#7920,1.);
#1213=VECTOR('',#7921,1.);
#1214=VECTOR('',#7922,1.);
#1215=VECTOR('',#7923,1.);
#1216=VECTOR('',#7924,1.);
#1217=VECTOR('',#7925,1.);
#1218=VECTOR('',#7926,1.);
#1219=VECTOR('',#7927,1.);
#1220=VECTOR('',#7930,1.);
#1221=VECTOR('',#7931,1.);
#1222=VECTOR('',#7934,1.);
#1223=VECTOR('',#7935,1.);
#1224=VECTOR('',#7938,1.);
#1225=VECTOR('',#7941,1.);
#1226=VECTOR('',#7942,1.);
#1227=VECTOR('',#7943,1.);
#1228=VECTOR('',#7944,1.);
#1229=VECTOR('',#7947,1.);
#1230=VECTOR('',#7948,1.);
#1231=VECTOR('',#7949,1.);
#1232=VECTOR('',#7950,1.);
#1233=VECTOR('',#7951,1.);
#1234=VECTOR('',#7952,1.);
#1235=VECTOR('',#7953,1.);
#1236=VECTOR('',#7956,1.);
#1237=VECTOR('',#7957,1.);
#1238=VECTOR('',#7962,1.);
#1239=VECTOR('',#7963,1.);
#1240=VECTOR('',#7964,1.);
#1241=VECTOR('',#7965,1.);
#1242=VECTOR('',#7966,1.);
#1243=VECTOR('',#7967,1.);
#1244=VECTOR('',#7968,1.);
#1245=VECTOR('',#7969,1.);
#1246=VECTOR('',#7970,1.);
#1247=VECTOR('',#7971,1.);
#1248=VECTOR('',#7972,1.);
#1249=VECTOR('',#7973,1.);
#1250=VECTOR('',#7976,1.);
#1251=VECTOR('',#7977,1.);
#1252=VECTOR('',#7978,1.);
#1253=VECTOR('',#7981,1.);
#1254=VECTOR('',#7982,1.);
#1255=VECTOR('',#7985,1.);
#1256=VECTOR('',#7986,1.);
#1257=VECTOR('',#7989,1.);
#1258=VECTOR('',#7990,1.);
#1259=VECTOR('',#7993,1.);
#1260=VECTOR('',#7994,1.);
#1261=VECTOR('',#7997,1.);
#1262=VECTOR('',#7998,1.);
#1263=VECTOR('',#8001,1.);
#1264=VECTOR('',#8002,1.);
#1265=VECTOR('',#8005,1.);
#1266=VECTOR('',#8006,1.);
#1267=VECTOR('',#8009,1.);
#1268=VECTOR('',#8010,1.);
#1269=VECTOR('',#8013,1.);
#1270=VECTOR('',#8014,1.);
#1271=VECTOR('',#8017,1.);
#1272=VECTOR('',#8018,1.);
#1273=VECTOR('',#8021,1.);
#1274=VECTOR('',#8024,1.);
#1275=VECTOR('',#8027,1.);
#1276=VECTOR('',#8028,1.);
#1277=VECTOR('',#8029,1.);
#1278=VECTOR('',#8030,1.);
#1279=VECTOR('',#8031,1.);
#1280=VECTOR('',#8032,1.);
#1281=VECTOR('',#8033,1.);
#1282=VECTOR('',#8036,1.);
#1283=VECTOR('',#8037,1.);
#1284=VECTOR('',#8040,1.);
#1285=VECTOR('',#8041,1.);
#1286=VECTOR('',#8042,1.);
#1287=VECTOR('',#8043,1.);
#1288=VECTOR('',#8044,1.);
#1289=VECTOR('',#8045,1.);
#1290=VECTOR('',#8048,1.);
#1291=VECTOR('',#8049,1.);
#1292=VECTOR('',#8052,1.);
#1293=VECTOR('',#8053,1.);
#1294=VECTOR('',#8054,1.);
#1295=VECTOR('',#8055,1.);
#1296=VECTOR('',#8056,1.);
#1297=VECTOR('',#8057,1.);
#1298=VECTOR('',#8060,1.);
#1299=VECTOR('',#8061,1.);
#1300=VECTOR('',#8062,1.);
#1301=VECTOR('',#8065,1.);
#1302=VECTOR('',#8066,1.);
#1303=VECTOR('',#8069,1.);
#1304=VECTOR('',#8070,1.);
#1305=VECTOR('',#8073,1.);
#1306=VECTOR('',#8074,1.);
#1307=VECTOR('',#8077,1.);
#1308=VECTOR('',#8078,1.);
#1309=VECTOR('',#8081,1.);
#1310=VECTOR('',#8086,1.);
#1311=VECTOR('',#8089,1.);
#1312=VECTOR('',#8106,1.);
#1313=VECTOR('',#8107,1.);
#1314=VECTOR('',#8112,1.);
#1315=VECTOR('',#8113,1.);
#1316=VECTOR('',#8118,1.);
#1317=VECTOR('',#8119,1.);
#1318=VECTOR('',#8124,1.);
#1319=VECTOR('',#8125,1.);
#1320=VECTOR('',#8142,1.);
#1321=VECTOR('',#8143,1.);
#1322=VECTOR('',#8146,1.);
#1323=VECTOR('',#8147,1.);
#1324=VECTOR('',#8152,1.);
#1325=VECTOR('',#8153,1.);
#1326=VECTOR('',#8156,1.);
#1327=VECTOR('',#8157,1.);
#1328=VECTOR('',#8158,1.);
#1329=VECTOR('',#8159,1.);
#1330=VECTOR('',#8162,1.);
#1331=VECTOR('',#8163,1.);
#1332=VECTOR('',#8164,1.);
#1333=VECTOR('',#8167,1.);
#1334=VECTOR('',#8168,1.);
#1335=VECTOR('',#8171,1.);
#1336=VECTOR('',#8172,1.);
#1337=VECTOR('',#8175,1.);
#1338=VECTOR('',#8178,1.);
#1339=VECTOR('',#8179,1.);
#1340=VECTOR('',#8180,1.);
#1341=VECTOR('',#8181,1.);
#1342=VECTOR('',#8184,1.);
#1343=VECTOR('',#8185,1.);
#1344=VECTOR('',#8186,1.);
#1345=VECTOR('',#8189,1.);
#1346=VECTOR('',#8190,1.);
#1347=VECTOR('',#8193,1.);
#1348=VECTOR('',#8194,1.);
#1349=VECTOR('',#8197,1.);
#1350=VECTOR('',#8200,1.);
#1351=VECTOR('',#8201,1.);
#1352=VECTOR('',#8202,1.);
#1353=VECTOR('',#8203,1.);
#1354=VECTOR('',#8206,1.);
#1355=VECTOR('',#8207,1.);
#1356=VECTOR('',#8208,1.);
#1357=VECTOR('',#8211,1.);
#1358=VECTOR('',#8212,1.);
#1359=VECTOR('',#8215,1.);
#1360=VECTOR('',#8216,1.);
#1361=VECTOR('',#8219,1.);
#1362=VECTOR('',#8222,1.);
#1363=VECTOR('',#8223,1.);
#1364=VECTOR('',#8224,1.);
#1365=VECTOR('',#8225,1.);
#1366=VECTOR('',#8228,1.);
#1367=VECTOR('',#8229,1.);
#1368=VECTOR('',#8230,1.);
#1369=VECTOR('',#8233,1.);
#1370=VECTOR('',#8234,1.);
#1371=VECTOR('',#8237,1.);
#1372=VECTOR('',#8238,1.);
#1373=VECTOR('',#8241,1.);
#1374=VECTOR('',#8244,1.);
#1375=VECTOR('',#8245,1.);
#1376=VECTOR('',#8246,1.);
#1377=VECTOR('',#8247,1.);
#1378=VECTOR('',#8250,1.);
#1379=VECTOR('',#8251,1.);
#1380=VECTOR('',#8252,1.);
#1381=VECTOR('',#8255,1.);
#1382=VECTOR('',#8256,1.);
#1383=VECTOR('',#8259,1.);
#1384=VECTOR('',#8260,1.);
#1385=VECTOR('',#8263,1.);
#1386=VECTOR('',#8266,1.);
#1387=VECTOR('',#8267,1.);
#1388=VECTOR('',#8268,1.);
#1389=VECTOR('',#8269,1.);
#1390=VECTOR('',#8272,1.);
#1391=VECTOR('',#8273,1.);
#1392=VECTOR('',#8274,1.);
#1393=VECTOR('',#8277,1.);
#1394=VECTOR('',#8278,1.);
#1395=VECTOR('',#8281,1.);
#1396=VECTOR('',#8282,1.);
#1397=VECTOR('',#8285,1.);
#1398=VECTOR('',#8288,1.);
#1399=VECTOR('',#8289,1.);
#1400=VECTOR('',#8290,1.);
#1401=VECTOR('',#8291,1.);
#1402=VECTOR('',#8294,1.);
#1403=VECTOR('',#8295,1.);
#1404=VECTOR('',#8296,1.);
#1405=VECTOR('',#8299,1.);
#1406=VECTOR('',#8300,1.);
#1407=VECTOR('',#8303,1.);
#1408=VECTOR('',#8304,1.);
#1409=VECTOR('',#8307,1.);
#1410=VECTOR('',#8310,1.);
#1411=VECTOR('',#8311,1.);
#1412=VECTOR('',#8312,1.);
#1413=VECTOR('',#8313,1.);
#1414=VECTOR('',#8316,1.);
#1415=VECTOR('',#8317,1.);
#1416=VECTOR('',#8318,1.);
#1417=VECTOR('',#8321,1.);
#1418=VECTOR('',#8322,1.);
#1419=VECTOR('',#8325,1.);
#1420=VECTOR('',#8326,1.);
#1421=VECTOR('',#8329,1.);
#1422=VECTOR('',#8332,1.);
#1423=VECTOR('',#8333,1.);
#1424=VECTOR('',#8334,1.);
#1425=VECTOR('',#8335,1.);
#1426=VECTOR('',#8338,1.);
#1427=VECTOR('',#8339,1.);
#1428=VECTOR('',#8340,1.);
#1429=VECTOR('',#8343,1.);
#1430=VECTOR('',#8344,1.);
#1431=VECTOR('',#8347,1.);
#1432=VECTOR('',#8348,1.);
#1433=VECTOR('',#8351,1.);
#1434=VECTOR('',#8354,1.);
#1435=VECTOR('',#8355,1.);
#1436=VECTOR('',#8356,1.);
#1437=VECTOR('',#8357,1.);
#1438=VECTOR('',#8360,1.);
#1439=VECTOR('',#8361,1.);
#1440=VECTOR('',#8362,1.);
#1441=VECTOR('',#8365,1.);
#1442=VECTOR('',#8366,1.);
#1443=VECTOR('',#8369,1.);
#1444=VECTOR('',#8370,1.);
#1445=VECTOR('',#8373,1.);
#1446=VECTOR('',#8380,1.);
#1447=VECTOR('',#8381,1.);
#1448=VECTOR('',#8382,1.);
#1449=VECTOR('',#8383,1.);
#1450=VECTOR('',#8386,1.);
#1451=VECTOR('',#8387,1.);
#1452=VECTOR('',#8388,1.);
#1453=VECTOR('',#8389,1.);
#1454=VECTOR('',#8390,1.);
#1455=VECTOR('',#8391,1.);
#1456=VECTOR('',#8392,1.);
#1457=VECTOR('',#8393,1.);
#1458=VECTOR('',#8396,1.);
#1459=VECTOR('',#8397,1.);
#1460=VECTOR('',#8398,1.);
#1461=VECTOR('',#8401,1.);
#1462=VECTOR('',#8402,1.);
#1463=VECTOR('',#8405,1.);
#1464=VECTOR('',#8406,1.);
#1465=VECTOR('',#8409,1.);
#1466=VECTOR('',#8410,1.);
#1467=VECTOR('',#8413,1.);
#1468=VECTOR('',#8414,1.);
#1469=VECTOR('',#8417,1.);
#1470=VECTOR('',#8418,1.);
#1471=VECTOR('',#8421,1.);
#1472=VECTOR('',#8422,1.);
#1473=VECTOR('',#8425,1.);
#1474=VECTOR('',#8428,1.);
#1475=VECTOR('',#8429,1.);
#1476=VECTOR('',#8430,1.);
#1477=VECTOR('',#8431,1.);
#1478=VECTOR('',#8432,1.);
#1479=VECTOR('',#8433,1.);
#1480=VECTOR('',#8434,1.);
#1481=VECTOR('',#8435,1.);
#1482=VECTOR('',#8438,1.);
#1483=VECTOR('',#8439,1.);
#1484=VECTOR('',#8440,1.);
#1485=VECTOR('',#8443,1.);
#1486=VECTOR('',#8444,1.);
#1487=VECTOR('',#8447,1.);
#1488=VECTOR('',#8448,1.);
#1489=VECTOR('',#8451,1.);
#1490=VECTOR('',#8452,1.);
#1491=VECTOR('',#8455,1.);
#1492=VECTOR('',#8456,1.);
#1493=VECTOR('',#8459,1.);
#1494=VECTOR('',#8460,1.);
#1495=VECTOR('',#8463,1.);
#1496=VECTOR('',#8464,1.);
#1497=VECTOR('',#8467,1.);
#1498=VECTOR('',#8470,1.);
#1499=VECTOR('',#8471,1.);
#1500=VECTOR('',#8472,1.);
#1501=VECTOR('',#8473,1.);
#1502=VECTOR('',#8474,1.);
#1503=VECTOR('',#8475,1.);
#1504=VECTOR('',#8476,1.);
#1505=VECTOR('',#8477,1.);
#1506=VECTOR('',#8480,1.);
#1507=VECTOR('',#8481,1.);
#1508=VECTOR('',#8482,1.);
#1509=VECTOR('',#8485,1.);
#1510=VECTOR('',#8486,1.);
#1511=VECTOR('',#8489,1.);
#1512=VECTOR('',#8490,1.);
#1513=VECTOR('',#8493,1.);
#1514=VECTOR('',#8494,1.);
#1515=VECTOR('',#8497,1.);
#1516=VECTOR('',#8498,1.);
#1517=VECTOR('',#8501,1.);
#1518=VECTOR('',#8502,1.);
#1519=VECTOR('',#8505,1.);
#1520=VECTOR('',#8506,1.);
#1521=VECTOR('',#8509,1.);
#1522=VECTOR('',#8512,1.);
#1523=VECTOR('',#8513,1.);
#1524=VECTOR('',#8514,1.);
#1525=VECTOR('',#8515,1.);
#1526=VECTOR('',#8516,1.);
#1527=VECTOR('',#8517,1.);
#1528=VECTOR('',#8518,1.);
#1529=VECTOR('',#8521,1.);
#1530=VECTOR('',#8522,1.);
#1531=VECTOR('',#8523,1.);
#1532=VECTOR('',#8526,1.);
#1533=VECTOR('',#8527,1.);
#1534=VECTOR('',#8530,1.);
#1535=VECTOR('',#8531,1.);
#1536=VECTOR('',#8534,1.);
#1537=VECTOR('',#8535,1.);
#1538=VECTOR('',#8538,1.);
#1539=VECTOR('',#8539,1.);
#1540=VECTOR('',#8542,1.);
#1541=VECTOR('',#8545,1.);
#1542=VECTOR('',#8548,1.);
#1543=VECTOR('',#8549,1.);
#1544=VECTOR('',#8550,1.);
#1545=VECTOR('',#8551,1.);
#1546=VECTOR('',#8552,1.);
#1547=VECTOR('',#8553,1.);
#1548=VECTOR('',#8554,1.);
#1549=VECTOR('',#8555,1.);
#1550=VECTOR('',#8558,1.);
#1551=VECTOR('',#8559,1.);
#1552=VECTOR('',#8560,1.);
#1553=VECTOR('',#8563,1.);
#1554=VECTOR('',#8564,1.);
#1555=VECTOR('',#8567,1.);
#1556=VECTOR('',#8568,1.);
#1557=VECTOR('',#8571,1.);
#1558=VECTOR('',#8572,1.);
#1559=VECTOR('',#8575,1.);
#1560=VECTOR('',#8576,1.);
#1561=VECTOR('',#8579,1.);
#1562=VECTOR('',#8580,1.);
#1563=VECTOR('',#8583,1.);
#1564=VECTOR('',#8584,1.);
#1565=VECTOR('',#8587,1.);
#1566=VECTOR('',#8590,1.);
#1567=VECTOR('',#8591,1.);
#1568=VECTOR('',#8592,1.);
#1569=VECTOR('',#8593,1.);
#1570=VECTOR('',#8594,1.);
#1571=VECTOR('',#8595,1.);
#1572=VECTOR('',#8596,1.);
#1573=VECTOR('',#8597,1.);
#1574=VECTOR('',#8600,1.);
#1575=VECTOR('',#8601,1.);
#1576=VECTOR('',#8602,1.);
#1577=VECTOR('',#8605,1.);
#1578=VECTOR('',#8606,1.);
#1579=VECTOR('',#8609,1.);
#1580=VECTOR('',#8610,1.);
#1581=VECTOR('',#8613,1.);
#1582=VECTOR('',#8614,1.);
#1583=VECTOR('',#8617,1.);
#1584=VECTOR('',#8618,1.);
#1585=VECTOR('',#8621,1.);
#1586=VECTOR('',#8622,1.);
#1587=VECTOR('',#8625,1.);
#1588=VECTOR('',#8626,1.);
#1589=VECTOR('',#8629,1.);
#1590=VECTOR('',#8632,1.);
#1591=VECTOR('',#8635,1.);
#1592=VECTOR('',#8638,1.);
#1593=VECTOR('',#8639,1.);
#1594=B_SPLINE_SURFACE_WITH_KNOTS('',3,1,((#8658,#8659),(#8660,#8661),(#8662,
#8663),(#8664,#8665),(#8666,#8667),(#8668,#8669)),
 .SURF_OF_LINEAR_EXTRUSION.,.F.,.F.,.F.,(4,2,4),(2,2),(2.,3.,4.),(0.,1.),
 .UNSPECIFIED.);
#1595=B_SPLINE_SURFACE_WITH_KNOTS('',3,1,((#8675,#8676),(#8677,#8678),(#8679,
#8680),(#8681,#8682),(#8683,#8684),(#8685,#8686),(#8687,#8688)),
 .SURF_OF_LINEAR_EXTRUSION.,.F.,.F.,.F.,(4,3,4),(2,2),(0.,1.,2.),(0.,1.),
 .UNSPECIFIED.);
#1596=B_SPLINE_SURFACE_WITH_KNOTS('',3,1,((#8690,#8691),(#8692,#8693),(#8694,
#8695),(#8696,#8697)),.SURF_OF_LINEAR_EXTRUSION.,.F.,.F.,.F.,(4,4),(2,2),
(34.,35.),(0.,1.),.UNSPECIFIED.);
#1597=B_SPLINE_SURFACE_WITH_KNOTS('',3,1,((#8706,#8707),(#8708,#8709),(#8710,
#8711),(#8712,#8713)),.SURF_OF_LINEAR_EXTRUSION.,.F.,.F.,.F.,(4,4),(2,2),
(33.,34.),(0.,1.),.UNSPECIFIED.);
#1598=B_SPLINE_SURFACE_WITH_KNOTS('',3,1,((#8731,#8732),(#8733,#8734),(#8735,
#8736),(#8737,#8738)),.SURF_OF_LINEAR_EXTRUSION.,.F.,.F.,.F.,(4,4),(2,2),
(28.,29.),(0.,1.),.UNSPECIFIED.);
#1599=B_SPLINE_SURFACE_WITH_KNOTS('',3,1,((#8756,#8757),(#8758,#8759),(#8760,
#8761),(#8762,#8763)),.SURF_OF_LINEAR_EXTRUSION.,.F.,.F.,.F.,(4,4),(2,2),
(26.,27.),(0.,1.),.UNSPECIFIED.);
#1600=B_SPLINE_SURFACE_WITH_KNOTS('',3,1,((#8781,#8782),(#8783,#8784),(#8785,
#8786),(#8787,#8788)),.SURF_OF_LINEAR_EXTRUSION.,.F.,.F.,.F.,(4,4),(2,2),
(24.,25.),(0.,1.),.UNSPECIFIED.);
#1601=B_SPLINE_SURFACE_WITH_KNOTS('',3,1,((#8812,#8813),(#8814,#8815),(#8816,
#8817),(#8818,#8819)),.SURF_OF_LINEAR_EXTRUSION.,.F.,.F.,.F.,(4,4),(2,2),
(21.,22.),(0.,1.),.UNSPECIFIED.);
#1602=B_SPLINE_SURFACE_WITH_KNOTS('',3,1,((#8831,#8832),(#8833,#8834),(#8835,
#8836),(#8837,#8838)),.SURF_OF_LINEAR_EXTRUSION.,.F.,.F.,.F.,(4,4),(2,2),
(20.,21.),(0.,1.),.UNSPECIFIED.);
#1603=B_SPLINE_SURFACE_WITH_KNOTS('',3,1,((#8850,#8851),(#8852,#8853),(#8854,
#8855),(#8856,#8857)),.SURF_OF_LINEAR_EXTRUSION.,.F.,.F.,.F.,(4,4),(2,2),
(19.,20.),(0.,1.),.UNSPECIFIED.);
#1604=B_SPLINE_SURFACE_WITH_KNOTS('',3,1,((#8869,#8870),(#8871,#8872),(#8873,
#8874),(#8875,#8876)),.SURF_OF_LINEAR_EXTRUSION.,.F.,.F.,.F.,(4,4),(2,2),
(18.,19.),(0.,1.),.UNSPECIFIED.);
#1605=B_SPLINE_SURFACE_WITH_KNOTS('',3,1,((#8888,#8889),(#8890,#8891),(#8892,
#8893),(#8894,#8895)),.SURF_OF_LINEAR_EXTRUSION.,.F.,.F.,.F.,(4,4),(2,2),
(17.,18.),(0.,1.),.UNSPECIFIED.);
#1606=B_SPLINE_SURFACE_WITH_KNOTS('',3,1,((#8907,#8908),(#8909,#8910),(#8911,
#8912),(#8913,#8914)),.SURF_OF_LINEAR_EXTRUSION.,.F.,.F.,.F.,(4,4),(2,2),
(16.,17.),(0.,1.),.UNSPECIFIED.);
#1607=B_SPLINE_SURFACE_WITH_KNOTS('',3,1,((#8926,#8927),(#8928,#8929),(#8930,
#8931),(#8932,#8933)),.SURF_OF_LINEAR_EXTRUSION.,.F.,.F.,.F.,(4,4),(2,2),
(15.,16.),(0.,1.),.UNSPECIFIED.);
#1608=B_SPLINE_SURFACE_WITH_KNOTS('',3,1,((#8969,#8970),(#8971,#8972),(#8973,
#8974),(#8975,#8976)),.SURF_OF_LINEAR_EXTRUSION.,.F.,.F.,.F.,(4,4),(2,2),
(10.,11.),(0.,1.),.UNSPECIFIED.);
#1609=B_SPLINE_SURFACE_WITH_KNOTS('',3,1,((#8988,#8989),(#8990,#8991),(#8992,
#8993),(#8994,#8995)),.SURF_OF_LINEAR_EXTRUSION.,.F.,.F.,.F.,(4,4),(2,2),
(9.,10.),(0.,1.),.UNSPECIFIED.);
#1610=B_SPLINE_SURFACE_WITH_KNOTS('',3,1,((#9007,#9008),(#9009,#9010),(#9011,
#9012),(#9013,#9014)),.SURF_OF_LINEAR_EXTRUSION.,.F.,.F.,.F.,(4,4),(2,2),
(8.,9.),(0.,1.),.UNSPECIFIED.);
#1611=B_SPLINE_SURFACE_WITH_KNOTS('',3,1,((#9020,#9021),(#9022,#9023),(#9024,
#9025),(#9026,#9027)),.SURF_OF_LINEAR_EXTRUSION.,.F.,.F.,.F.,(4,4),(2,2),
(7.,8.),(0.,1.),.UNSPECIFIED.);
#1612=B_SPLINE_SURFACE_WITH_KNOTS('',3,1,((#9033,#9034),(#9035,#9036),(#9037,
#9038),(#9039,#9040)),.SURF_OF_LINEAR_EXTRUSION.,.F.,.F.,.F.,(4,4),(2,2),
(6.,7.),(0.,1.),.UNSPECIFIED.);
#1613=B_SPLINE_SURFACE_WITH_KNOTS('',3,1,((#9046,#9047),(#9048,#9049),(#9050,
#9051),(#9052,#9053)),.SURF_OF_LINEAR_EXTRUSION.,.F.,.F.,.F.,(4,4),(2,2),
(5.,6.),(0.,1.),.UNSPECIFIED.);
#1614=B_SPLINE_SURFACE_WITH_KNOTS('',3,1,((#9065,#9066),(#9067,#9068),(#9069,
#9070),(#9071,#9072)),.SURF_OF_LINEAR_EXTRUSION.,.F.,.F.,.F.,(4,4),(2,2),
(4.,5.),(0.,1.),.UNSPECIFIED.);
#1615=B_SPLINE_SURFACE_WITH_KNOTS('',3,1,((#9084,#9085),(#9086,#9087),(#9088,
#9089),(#9090,#9091)),.SURF_OF_LINEAR_EXTRUSION.,.F.,.F.,.F.,(4,4),(2,2),
(3.,4.),(0.,1.),.UNSPECIFIED.);
#1616=B_SPLINE_SURFACE_WITH_KNOTS('',3,1,((#9103,#9104),(#9105,#9106),(#9107,
#9108),(#9109,#9110)),.SURF_OF_LINEAR_EXTRUSION.,.F.,.F.,.F.,(4,4),(2,2),
(2.,3.),(0.,1.),.UNSPECIFIED.);
#1617=B_SPLINE_SURFACE_WITH_KNOTS('',3,1,((#9122,#9123),(#9124,#9125),(#9126,
#9127),(#9128,#9129)),.SURF_OF_LINEAR_EXTRUSION.,.F.,.F.,.F.,(4,4),(2,2),
(1.,2.),(0.,1.),.UNSPECIFIED.);
#1618=B_SPLINE_SURFACE_WITH_KNOTS('',3,1,((#9141,#9142),(#9143,#9144),(#9145,
#9146),(#9147,#9148)),.SURF_OF_LINEAR_EXTRUSION.,.F.,.F.,.F.,(4,4),(2,2),
(0.,1.),(0.,1.),.UNSPECIFIED.);
#1619=B_SPLINE_SURFACE_WITH_KNOTS('',3,1,((#9160,#9161),(#9162,#9163),(#9164,
#9165),(#9166,#9167)),.SURF_OF_LINEAR_EXTRUSION.,.F.,.F.,.F.,(4,4),(2,2),
(35.,36.),(0.,1.),.UNSPECIFIED.);
#1620=B_SPLINE_SURFACE_WITH_KNOTS('',3,1,((#9196,#9197),(#9198,#9199),(#9200,
#9201),(#9202,#9203)),.SURF_OF_LINEAR_EXTRUSION.,.F.,.F.,.F.,(4,4),(2,2),
(3.,4.),(0.,1.),.UNSPECIFIED.);
#1621=B_SPLINE_SURFACE_WITH_KNOTS('',3,1,((#9211,#9212),(#9213,#9214),(#9215,
#9216),(#9217,#9218)),.SURF_OF_LINEAR_EXTRUSION.,.F.,.F.,.F.,(4,4),(2,2),
(1.,2.),(0.,1.),.UNSPECIFIED.);
#1622=B_SPLINE_SURFACE_WITH_KNOTS('',3,1,((#9304,#9305),(#9306,#9307),(#9308,
#9309),(#9310,#9311)),.SURF_OF_LINEAR_EXTRUSION.,.F.,.F.,.F.,(4,4),(2,2),
(5.,6.),(0.,1.),.UNSPECIFIED.);
#1623=B_SPLINE_SURFACE_WITH_KNOTS('',3,1,((#9320,#9321),(#9322,#9323),(#9324,
#9325),(#9326,#9327)),.SURF_OF_LINEAR_EXTRUSION.,.F.,.F.,.F.,(4,4),(2,2),
(4.,5.),(0.,1.),.UNSPECIFIED.);
#1624=B_SPLINE_SURFACE_WITH_KNOTS('',3,1,((#9334,#9335),(#9336,#9337),(#9338,
#9339),(#9340,#9341)),.SURF_OF_LINEAR_EXTRUSION.,.F.,.F.,.F.,(4,4),(2,2),
(3.,4.),(0.,1.),.UNSPECIFIED.);
#1625=B_SPLINE_SURFACE_WITH_KNOTS('',3,1,((#9348,#9349),(#9350,#9351),(#9352,
#9353),(#9354,#9355)),.SURF_OF_LINEAR_EXTRUSION.,.F.,.F.,.F.,(4,4),(2,2),
(2.,3.),(0.,1.),.UNSPECIFIED.);
#1626=B_SPLINE_SURFACE_WITH_KNOTS('',3,1,((#9387,#9388),(#9389,#9390),(#9391,
#9392),(#9393,#9394)),.SURF_OF_LINEAR_EXTRUSION.,.F.,.F.,.F.,(4,4),(2,2),
(2.,3.),(0.,1.),.UNSPECIFIED.);
#1627=B_SPLINE_SURFACE_WITH_KNOTS('',3,1,((#9406,#9407),(#9408,#9409),(#9410,
#9411),(#9412,#9413)),.SURF_OF_LINEAR_EXTRUSION.,.F.,.F.,.F.,(4,4),(2,2),
(3.,4.),(0.,1.),.UNSPECIFIED.);
#1628=B_SPLINE_SURFACE_WITH_KNOTS('',3,1,((#9425,#9426),(#9427,#9428),(#9429,
#9430),(#9431,#9432)),.SURF_OF_LINEAR_EXTRUSION.,.F.,.F.,.F.,(4,4),(2,2),
(4.,5.),(0.,1.),.UNSPECIFIED.);
#1629=B_SPLINE_SURFACE_WITH_KNOTS('',3,1,((#9444,#9445),(#9446,#9447),(#9448,
#9449),(#9450,#9451)),.SURF_OF_LINEAR_EXTRUSION.,.F.,.F.,.F.,(4,4),(2,2),
(5.,6.),(0.,1.),.UNSPECIFIED.);
#1630=B_SPLINE_SURFACE_WITH_KNOTS('',3,1,((#9583,#9584),(#9585,#9586),(#9587,
#9588),(#9589,#9590)),.SURF_OF_LINEAR_EXTRUSION.,.F.,.F.,.F.,(4,4),(2,2),
(1.,2.),(0.,1.),.UNSPECIFIED.);
#1631=B_SPLINE_SURFACE_WITH_KNOTS('',3,1,((#9597,#9598),(#9599,#9600),(#9601,
#9602),(#9603,#9604)),.SURF_OF_LINEAR_EXTRUSION.,.F.,.F.,.F.,(4,4),(2,2),
(2.,3.),(0.,1.),.UNSPECIFIED.);
#1632=B_SPLINE_SURFACE_WITH_KNOTS('',3,1,((#9612,#9613),(#9614,#9615),(#9616,
#9617),(#9618,#9619)),.SURF_OF_LINEAR_EXTRUSION.,.F.,.F.,.F.,(4,4),(2,2),
(4.,5.),(0.,1.),.UNSPECIFIED.);
#1633=B_SPLINE_SURFACE_WITH_KNOTS('',3,1,((#9623,#9624),(#9625,#9626),(#9627,
#9628),(#9629,#9630)),.SURF_OF_LINEAR_EXTRUSION.,.F.,.F.,.F.,(4,4),(2,2),
(5.,6.),(0.,1.),.UNSPECIFIED.);
#1634=B_SPLINE_SURFACE_WITH_KNOTS('',3,1,((#9661,#9662),(#9663,#9664),(#9665,
#9666),(#9667,#9668)),.SURF_OF_LINEAR_EXTRUSION.,.F.,.F.,.F.,(4,4),(2,2),
(12.,13.),(0.,1.),.UNSPECIFIED.);
#1635=B_SPLINE_SURFACE_WITH_KNOTS('',3,1,((#9769,#9770),(#9771,#9772),(#9773,
#9774),(#9775,#9776)),.SURF_OF_LINEAR_EXTRUSION.,.F.,.F.,.F.,(4,4),(2,2),
(1.,2.),(0.,1.),.UNSPECIFIED.);
#1636=B_SPLINE_SURFACE_WITH_KNOTS('',3,1,((#9789,#9790),(#9791,#9792),(#9793,
#9794),(#9795,#9796)),.SURF_OF_LINEAR_EXTRUSION.,.F.,.F.,.F.,(4,4),(2,2),
(3.,4.),(0.,1.),.UNSPECIFIED.);
#1637=B_SPLINE_SURFACE_WITH_KNOTS('',3,1,((#9803,#9804),(#9805,#9806),(#9807,
#9808),(#9809,#9810)),.SURF_OF_LINEAR_EXTRUSION.,.F.,.F.,.F.,(4,4),(2,2),
(4.,5.),(0.,1.),.UNSPECIFIED.);
#1638=B_SPLINE_SURFACE_WITH_KNOTS('',3,1,((#9817,#9818),(#9819,#9820),(#9821,
#9822),(#9823,#9824)),.SURF_OF_LINEAR_EXTRUSION.,.F.,.F.,.F.,(4,4),(2,2),
(5.,6.),(0.,1.),.UNSPECIFIED.);
#1639=B_SPLINE_SURFACE_WITH_KNOTS('',3,1,((#9831,#9832),(#9833,#9834),(#9835,
#9836),(#9837,#9838)),.SURF_OF_LINEAR_EXTRUSION.,.F.,.F.,.F.,(4,4),(2,2),
(6.,7.),(0.,1.),.UNSPECIFIED.);
#1640=B_SPLINE_SURFACE_WITH_KNOTS('',3,1,((#9845,#9846),(#9847,#9848),(#9849,
#9850),(#9851,#9852)),.SURF_OF_LINEAR_EXTRUSION.,.F.,.F.,.F.,(4,4),(2,2),
(7.,8.),(0.,1.),.UNSPECIFIED.);
#1641=B_SPLINE_SURFACE_WITH_KNOTS('',3,1,((#9859,#9860),(#9861,#9862),(#9863,
#9864),(#9865,#9866)),.SURF_OF_LINEAR_EXTRUSION.,.F.,.F.,.F.,(4,4),(2,2),
(8.,9.),(0.,1.),.UNSPECIFIED.);
#1642=B_SPLINE_SURFACE_WITH_KNOTS('',3,1,((#9874,#9875),(#9876,#9877),(#9878,
#9879),(#9880,#9881)),.SURF_OF_LINEAR_EXTRUSION.,.F.,.F.,.F.,(4,4),(2,2),
(10.,11.),(0.,1.),.UNSPECIFIED.);
#1643=B_SPLINE_SURFACE_WITH_KNOTS('',3,1,((#9885,#9886),(#9887,#9888),(#9889,
#9890),(#9891,#9892)),.SURF_OF_LINEAR_EXTRUSION.,.F.,.F.,.F.,(4,4),(2,2),
(11.,12.),(0.,1.),.UNSPECIFIED.);
#1644=B_SPLINE_SURFACE_WITH_KNOTS('',3,1,((#9899,#9900),(#9901,#9902),(#9903,
#9904),(#9905,#9906)),.SURF_OF_LINEAR_EXTRUSION.,.F.,.F.,.F.,(4,4),(2,2),
(12.,13.),(0.,1.),.UNSPECIFIED.);
#1645=B_SPLINE_SURFACE_WITH_KNOTS('',3,1,((#9913,#9914),(#9915,#9916),(#9917,
#9918),(#9919,#9920)),.SURF_OF_LINEAR_EXTRUSION.,.F.,.F.,.F.,(4,4),(2,2),
(13.,14.),(0.,1.),.UNSPECIFIED.);
#1646=B_SPLINE_SURFACE_WITH_KNOTS('',3,1,((#9927,#9928),(#9929,#9930),(#9931,
#9932),(#9933,#9934)),.SURF_OF_LINEAR_EXTRUSION.,.F.,.F.,.F.,(4,4),(2,2),
(14.,15.),(0.,1.),.UNSPECIFIED.);
#1647=B_SPLINE_SURFACE_WITH_KNOTS('',3,1,((#9941,#9942),(#9943,#9944),(#9945,
#9946),(#9947,#9948)),.SURF_OF_LINEAR_EXTRUSION.,.F.,.F.,.F.,(4,4),(2,2),
(15.,16.),(0.,1.),.UNSPECIFIED.);
#1648=B_SPLINE_SURFACE_WITH_KNOTS('',3,1,((#9955,#9956),(#9957,#9958),(#9959,
#9960),(#9961,#9962)),.SURF_OF_LINEAR_EXTRUSION.,.F.,.F.,.F.,(4,4),(2,2),
(16.,17.),(0.,1.),.UNSPECIFIED.);
#1649=B_SPLINE_SURFACE_WITH_KNOTS('',3,1,((#9969,#9970),(#9971,#9972),(#9973,
#9974),(#9975,#9976)),.SURF_OF_LINEAR_EXTRUSION.,.F.,.F.,.F.,(4,4),(2,2),
(17.,18.),(0.,1.),.UNSPECIFIED.);
#1650=B_SPLINE_SURFACE_WITH_KNOTS('',3,1,((#9983,#9984),(#9985,#9986),(#9987,
#9988),(#9989,#9990)),.SURF_OF_LINEAR_EXTRUSION.,.F.,.F.,.F.,(4,4),(2,2),
(18.,19.),(0.,1.),.UNSPECIFIED.);
#1651=B_SPLINE_SURFACE_WITH_KNOTS('',3,1,((#9997,#9998),(#9999,#10000),
(#10001,#10002),(#10003,#10004)),.SURF_OF_LINEAR_EXTRUSION.,.F.,.F.,.F.,
(4,4),(2,2),(19.,20.),(0.,1.),.UNSPECIFIED.);
#1652=B_SPLINE_SURFACE_WITH_KNOTS('',3,1,((#10015,#10016),(#10017,#10018),
(#10019,#10020),(#10021,#10022)),.SURF_OF_LINEAR_EXTRUSION.,.F.,.F.,.F.,
(4,4),(2,2),(0.,1.),(0.,1.),.UNSPECIFIED.);
#1653=B_SPLINE_SURFACE_WITH_KNOTS('',3,1,((#10069,#10070),(#10071,#10072),
(#10073,#10074),(#10075,#10076)),.SURF_OF_LINEAR_EXTRUSION.,.F.,.F.,.F.,
(4,4),(2,2),(5.,6.),(0.,1.),.UNSPECIFIED.);
#1654=B_SPLINE_SURFACE_WITH_KNOTS('',3,1,((#10083,#10084),(#10085,#10086),
(#10087,#10088),(#10089,#10090)),.SURF_OF_LINEAR_EXTRUSION.,.F.,.F.,.F.,
(4,4),(2,2),(4.,5.),(0.,1.),.UNSPECIFIED.);
#1655=B_SPLINE_SURFACE_WITH_KNOTS('',3,1,((#10097,#10098),(#10099,#10100),
(#10101,#10102),(#10103,#10104)),.SURF_OF_LINEAR_EXTRUSION.,.F.,.F.,.F.,
(4,4),(2,2),(3.,4.),(0.,1.),.UNSPECIFIED.);
#1656=B_SPLINE_SURFACE_WITH_KNOTS('',3,1,((#10111,#10112),(#10113,#10114),
(#10115,#10116),(#10117,#10118)),.SURF_OF_LINEAR_EXTRUSION.,.F.,.F.,.F.,
(4,4),(2,2),(2.,3.),(0.,1.),.UNSPECIFIED.);
#1657=B_SPLINE_SURFACE_WITH_KNOTS('',3,1,((#10122,#10123),(#10124,#10125),
(#10126,#10127),(#10128,#10129)),.SURF_OF_LINEAR_EXTRUSION.,.F.,.F.,.F.,
(4,4),(2,2),(1.,2.),(0.,1.),.UNSPECIFIED.);
#1658=B_SPLINE_SURFACE_WITH_KNOTS('',3,1,((#10136,#10137),(#10138,#10139),
(#10140,#10141),(#10142,#10143)),.SURF_OF_LINEAR_EXTRUSION.,.F.,.F.,.F.,
(4,4),(2,2),(0.,1.),(0.,1.),.UNSPECIFIED.);
#1659=B_SPLINE_SURFACE_WITH_KNOTS('',3,1,((#10148,#10149),(#10150,#10151),
(#10152,#10153),(#10154,#10155)),.SURF_OF_LINEAR_EXTRUSION.,.F.,.F.,.F.,
(4,4),(2,2),(1.,2.),(0.,1.),.UNSPECIFIED.);
#1660=B_SPLINE_SURFACE_WITH_KNOTS('',3,1,((#10194,#10195),(#10196,#10197),
(#10198,#10199),(#10200,#10201)),.SURF_OF_LINEAR_EXTRUSION.,.F.,.F.,.F.,
(4,4),(2,2),(6.,7.),(0.,1.),.UNSPECIFIED.);
#1661=B_SPLINE_SURFACE_WITH_KNOTS('',3,1,((#10213,#10214),(#10215,#10216),
(#10217,#10218),(#10219,#10220)),.SURF_OF_LINEAR_EXTRUSION.,.F.,.F.,.F.,
(4,4),(2,2),(7.,8.),(0.,1.),.UNSPECIFIED.);
#1662=B_SPLINE_SURFACE_WITH_KNOTS('',3,1,((#10232,#10233),(#10234,#10235),
(#10236,#10237),(#10238,#10239)),.SURF_OF_LINEAR_EXTRUSION.,.F.,.F.,.F.,
(4,4),(2,2),(8.,9.),(0.,1.),.UNSPECIFIED.);
#1663=B_SPLINE_SURFACE_WITH_KNOTS('',3,1,((#10251,#10252),(#10253,#10254),
(#10255,#10256),(#10257,#10258)),.SURF_OF_LINEAR_EXTRUSION.,.F.,.F.,.F.,
(4,4),(2,2),(9.,10.),(0.,1.),.UNSPECIFIED.);
#1664=B_SPLINE_SURFACE_WITH_KNOTS('',3,1,((#10276,#10277),(#10278,#10279),
(#10280,#10281),(#10282,#10283)),.SURF_OF_LINEAR_EXTRUSION.,.F.,.F.,.F.,
(4,4),(2,2),(11.,12.),(0.,1.),.UNSPECIFIED.);
#1665=B_SPLINE_SURFACE_WITH_KNOTS('',3,1,((#10295,#10296),(#10297,#10298),
(#10299,#10300),(#10301,#10302)),.SURF_OF_LINEAR_EXTRUSION.,.F.,.F.,.F.,
(4,4),(2,2),(12.,13.),(0.,1.),.UNSPECIFIED.);
#1666=B_SPLINE_SURFACE_WITH_KNOTS('',3,1,((#10320,#10321),(#10322,#10323),
(#10324,#10325),(#10326,#10327)),.SURF_OF_LINEAR_EXTRUSION.,.F.,.F.,.F.,
(4,4),(2,2),(0.,1.),(0.,1.),.UNSPECIFIED.);
#1667=B_SPLINE_SURFACE_WITH_KNOTS('',3,1,((#10429,#10430),(#10431,#10432),
(#10433,#10434),(#10435,#10436)),.SURF_OF_LINEAR_EXTRUSION.,.F.,.F.,.F.,
(4,4),(2,2),(3.,4.),(0.,1.),.UNSPECIFIED.);
#1668=B_SPLINE_SURFACE_WITH_KNOTS('',3,1,((#10444,#10445),(#10446,#10447),
(#10448,#10449),(#10450,#10451)),.SURF_OF_LINEAR_EXTRUSION.,.F.,.F.,.F.,
(4,4),(2,2),(1.,2.),(0.,1.),.UNSPECIFIED.);
#1669=B_SPLINE_SURFACE_WITH_KNOTS('',3,1,((#10537,#10538),(#10539,#10540),
(#10541,#10542),(#10543,#10544)),.SURF_OF_LINEAR_EXTRUSION.,.F.,.F.,.F.,
(4,4),(2,2),(5.,6.),(0.,1.),.UNSPECIFIED.);
#1670=B_SPLINE_SURFACE_WITH_KNOTS('',3,1,((#10553,#10554),(#10555,#10556),
(#10557,#10558),(#10559,#10560)),.SURF_OF_LINEAR_EXTRUSION.,.F.,.F.,.F.,
(4,4),(2,2),(4.,5.),(0.,1.),.UNSPECIFIED.);
#1671=B_SPLINE_SURFACE_WITH_KNOTS('',3,1,((#10567,#10568),(#10569,#10570),
(#10571,#10572),(#10573,#10574)),.SURF_OF_LINEAR_EXTRUSION.,.F.,.F.,.F.,
(4,4),(2,2),(3.,4.),(0.,1.),.UNSPECIFIED.);
#1672=B_SPLINE_SURFACE_WITH_KNOTS('',3,1,((#10581,#10582),(#10583,#10584),
(#10585,#10586),(#10587,#10588)),.SURF_OF_LINEAR_EXTRUSION.,.F.,.F.,.F.,
(4,4),(2,2),(2.,3.),(0.,1.),.UNSPECIFIED.);
#1673=B_SPLINE_SURFACE_WITH_KNOTS('',3,1,((#10620,#10621),(#10622,#10623),
(#10624,#10625),(#10626,#10627)),.SURF_OF_LINEAR_EXTRUSION.,.F.,.F.,.F.,
(4,4),(2,2),(2.,3.),(0.,1.),.UNSPECIFIED.);
#1674=B_SPLINE_SURFACE_WITH_KNOTS('',3,1,((#10639,#10640),(#10641,#10642),
(#10643,#10644),(#10645,#10646)),.SURF_OF_LINEAR_EXTRUSION.,.F.,.F.,.F.,
(4,4),(2,2),(3.,4.),(0.,1.),.UNSPECIFIED.);
#1675=B_SPLINE_SURFACE_WITH_KNOTS('',3,1,((#10658,#10659),(#10660,#10661),
(#10662,#10663),(#10664,#10665)),.SURF_OF_LINEAR_EXTRUSION.,.F.,.F.,.F.,
(4,4),(2,2),(4.,5.),(0.,1.),.UNSPECIFIED.);
#1676=B_SPLINE_SURFACE_WITH_KNOTS('',3,1,((#10677,#10678),(#10679,#10680),
(#10681,#10682),(#10683,#10684)),.SURF_OF_LINEAR_EXTRUSION.,.F.,.F.,.F.,
(4,4),(2,2),(5.,6.),(0.,1.),.UNSPECIFIED.);
#1677=B_SPLINE_SURFACE_WITH_KNOTS('',3,1,((#10835,#10836),(#10837,#10838),
(#10839,#10840),(#10841,#10842)),.SURF_OF_LINEAR_EXTRUSION.,.F.,.F.,.F.,
(4,4),(2,2),(1.,2.),(0.,1.),.UNSPECIFIED.);
#1678=B_SPLINE_SURFACE_WITH_KNOTS('',3,1,((#10851,#10852),(#10853,#10854),
(#10855,#10856),(#10857,#10858)),.SURF_OF_LINEAR_EXTRUSION.,.F.,.F.,.F.,
(4,4),(2,2),(2.,3.),(0.,1.),.UNSPECIFIED.);
#1679=B_SPLINE_SURFACE_WITH_KNOTS('',3,1,((#10865,#10866),(#10867,#10868),
(#10869,#10870),(#10871,#10872)),.SURF_OF_LINEAR_EXTRUSION.,.F.,.F.,.F.,
(4,4),(2,2),(3.,4.),(0.,1.),.UNSPECIFIED.);
#1680=B_SPLINE_SURFACE_WITH_KNOTS('',3,1,((#10879,#10880),(#10881,#10882),
(#10883,#10884),(#10885,#10886)),.SURF_OF_LINEAR_EXTRUSION.,.F.,.F.,.F.,
(4,4),(2,2),(4.,5.),(0.,1.),.UNSPECIFIED.);
#1681=B_SPLINE_SURFACE_WITH_KNOTS('',3,1,((#10893,#10894),(#10895,#10896),
(#10897,#10898),(#10899,#10900)),.SURF_OF_LINEAR_EXTRUSION.,.F.,.F.,.F.,
(4,4),(2,2),(5.,6.),(0.,1.),.UNSPECIFIED.);
#1682=B_SPLINE_SURFACE_WITH_KNOTS('',3,1,((#10911,#10912),(#10913,#10914),
(#10915,#10916),(#10917,#10918)),.SURF_OF_LINEAR_EXTRUSION.,.F.,.F.,.F.,
(4,4),(2,2),(7.,8.),(0.,1.),.UNSPECIFIED.);
#1683=B_SPLINE_SURFACE_WITH_KNOTS('',3,1,((#10922,#10923),(#10924,#10925),
(#10926,#10927),(#10928,#10929)),.SURF_OF_LINEAR_EXTRUSION.,.F.,.F.,.F.,
(4,4),(2,2),(8.,9.),(0.,1.),.UNSPECIFIED.);
#1684=B_SPLINE_SURFACE_WITH_KNOTS('',3,1,((#10936,#10937),(#10938,#10939),
(#10940,#10941),(#10942,#10943)),.SURF_OF_LINEAR_EXTRUSION.,.F.,.F.,.F.,
(4,4),(2,2),(9.,10.),(0.,1.),.UNSPECIFIED.);
#1685=B_SPLINE_SURFACE_WITH_KNOTS('',3,1,((#10950,#10951),(#10952,#10953),
(#10954,#10955),(#10956,#10957)),.SURF_OF_LINEAR_EXTRUSION.,.F.,.F.,.F.,
(4,4),(2,2),(10.,11.),(0.,1.),.UNSPECIFIED.);
#1686=B_SPLINE_SURFACE_WITH_KNOTS('',3,1,((#10964,#10965),(#10966,#10967),
(#10968,#10969),(#10970,#10971)),.SURF_OF_LINEAR_EXTRUSION.,.F.,.F.,.F.,
(4,4),(2,2),(11.,12.),(0.,1.),.UNSPECIFIED.);
#1687=B_SPLINE_SURFACE_WITH_KNOTS('',3,1,((#10978,#10979),(#10980,#10981),
(#10982,#10983),(#10984,#10985)),.SURF_OF_LINEAR_EXTRUSION.,.F.,.F.,.F.,
(4,4),(2,2),(12.,13.),(0.,1.),.UNSPECIFIED.);
#1688=B_SPLINE_SURFACE_WITH_KNOTS('',3,1,((#10996,#10997),(#10998,#10999),
(#11000,#11001),(#11002,#11003)),.SURF_OF_LINEAR_EXTRUSION.,.F.,.F.,.F.,
(4,4),(2,2),(0.,1.),(0.,1.),.UNSPECIFIED.);
#1689=ORIENTED_EDGE('',*,*,#3523,.T.);
#1690=ORIENTED_EDGE('',*,*,#3524,.T.);
#1691=ORIENTED_EDGE('',*,*,#3524,.F.);
#1692=ORIENTED_EDGE('',*,*,#3525,.F.);
#1693=ORIENTED_EDGE('',*,*,#3526,.T.);
#1694=ORIENTED_EDGE('',*,*,#3527,.T.);
#1695=ORIENTED_EDGE('',*,*,#3523,.F.);
#1696=ORIENTED_EDGE('',*,*,#3527,.F.);
#1697=ORIENTED_EDGE('',*,*,#3528,.T.);
#1698=ORIENTED_EDGE('',*,*,#3525,.T.);
#1699=ORIENTED_EDGE('',*,*,#3529,.T.);
#1700=ORIENTED_EDGE('',*,*,#3530,.F.);
#1701=ORIENTED_EDGE('',*,*,#3531,.F.);
#1702=ORIENTED_EDGE('',*,*,#3532,.T.);
#1703=ORIENTED_EDGE('',*,*,#3533,.T.);
#1704=ORIENTED_EDGE('',*,*,#3532,.F.);
#1705=ORIENTED_EDGE('',*,*,#3534,.F.);
#1706=ORIENTED_EDGE('',*,*,#3535,.T.);
#1707=ORIENTED_EDGE('',*,*,#3536,.T.);
#1708=ORIENTED_EDGE('',*,*,#3535,.F.);
#1709=ORIENTED_EDGE('',*,*,#3537,.F.);
#1710=ORIENTED_EDGE('',*,*,#3538,.T.);
#1711=ORIENTED_EDGE('',*,*,#3539,.T.);
#1712=ORIENTED_EDGE('',*,*,#3538,.F.);
#1713=ORIENTED_EDGE('',*,*,#3540,.F.);
#1714=ORIENTED_EDGE('',*,*,#3541,.T.);
#1715=ORIENTED_EDGE('',*,*,#3542,.T.);
#1716=ORIENTED_EDGE('',*,*,#3541,.F.);
#1717=ORIENTED_EDGE('',*,*,#3543,.F.);
#1718=ORIENTED_EDGE('',*,*,#3544,.T.);
#1719=ORIENTED_EDGE('',*,*,#3545,.T.);
#1720=ORIENTED_EDGE('',*,*,#3544,.F.);
#1721=ORIENTED_EDGE('',*,*,#3546,.F.);
#1722=ORIENTED_EDGE('',*,*,#3547,.T.);
#1723=ORIENTED_EDGE('',*,*,#3548,.T.);
#1724=ORIENTED_EDGE('',*,*,#3547,.F.);
#1725=ORIENTED_EDGE('',*,*,#3549,.F.);
#1726=ORIENTED_EDGE('',*,*,#3550,.T.);
#1727=ORIENTED_EDGE('',*,*,#3551,.T.);
#1728=ORIENTED_EDGE('',*,*,#3550,.F.);
#1729=ORIENTED_EDGE('',*,*,#3552,.F.);
#1730=ORIENTED_EDGE('',*,*,#3553,.T.);
#1731=ORIENTED_EDGE('',*,*,#3554,.T.);
#1732=ORIENTED_EDGE('',*,*,#3553,.F.);
#1733=ORIENTED_EDGE('',*,*,#3555,.F.);
#1734=ORIENTED_EDGE('',*,*,#3556,.T.);
#1735=ORIENTED_EDGE('',*,*,#3557,.T.);
#1736=ORIENTED_EDGE('',*,*,#3556,.F.);
#1737=ORIENTED_EDGE('',*,*,#3558,.F.);
#1738=ORIENTED_EDGE('',*,*,#3559,.T.);
#1739=ORIENTED_EDGE('',*,*,#3560,.T.);
#1740=ORIENTED_EDGE('',*,*,#3559,.F.);
#1741=ORIENTED_EDGE('',*,*,#3561,.F.);
#1742=ORIENTED_EDGE('',*,*,#3562,.T.);
#1743=ORIENTED_EDGE('',*,*,#3563,.T.);
#1744=ORIENTED_EDGE('',*,*,#3562,.F.);
#1745=ORIENTED_EDGE('',*,*,#3564,.F.);
#1746=ORIENTED_EDGE('',*,*,#3565,.T.);
#1747=ORIENTED_EDGE('',*,*,#3566,.T.);
#1748=ORIENTED_EDGE('',*,*,#3565,.F.);
#1749=ORIENTED_EDGE('',*,*,#3567,.F.);
#1750=ORIENTED_EDGE('',*,*,#3568,.T.);
#1751=ORIENTED_EDGE('',*,*,#3569,.T.);
#1752=ORIENTED_EDGE('',*,*,#3568,.F.);
#1753=ORIENTED_EDGE('',*,*,#3570,.F.);
#1754=ORIENTED_EDGE('',*,*,#3571,.T.);
#1755=ORIENTED_EDGE('',*,*,#3572,.T.);
#1756=ORIENTED_EDGE('',*,*,#3571,.F.);
#1757=ORIENTED_EDGE('',*,*,#3573,.F.);
#1758=ORIENTED_EDGE('',*,*,#3574,.T.);
#1759=ORIENTED_EDGE('',*,*,#3575,.T.);
#1760=ORIENTED_EDGE('',*,*,#3574,.F.);
#1761=ORIENTED_EDGE('',*,*,#3576,.F.);
#1762=ORIENTED_EDGE('',*,*,#3577,.T.);
#1763=ORIENTED_EDGE('',*,*,#3578,.T.);
#1764=ORIENTED_EDGE('',*,*,#3577,.F.);
#1765=ORIENTED_EDGE('',*,*,#3579,.F.);
#1766=ORIENTED_EDGE('',*,*,#3580,.T.);
#1767=ORIENTED_EDGE('',*,*,#3581,.T.);
#1768=ORIENTED_EDGE('',*,*,#3580,.F.);
#1769=ORIENTED_EDGE('',*,*,#3582,.F.);
#1770=ORIENTED_EDGE('',*,*,#3583,.T.);
#1771=ORIENTED_EDGE('',*,*,#3584,.T.);
#1772=ORIENTED_EDGE('',*,*,#3583,.F.);
#1773=ORIENTED_EDGE('',*,*,#3585,.F.);
#1774=ORIENTED_EDGE('',*,*,#3586,.T.);
#1775=ORIENTED_EDGE('',*,*,#3587,.T.);
#1776=ORIENTED_EDGE('',*,*,#3586,.F.);
#1777=ORIENTED_EDGE('',*,*,#3588,.F.);
#1778=ORIENTED_EDGE('',*,*,#3589,.T.);
#1779=ORIENTED_EDGE('',*,*,#3590,.T.);
#1780=ORIENTED_EDGE('',*,*,#3589,.F.);
#1781=ORIENTED_EDGE('',*,*,#3591,.F.);
#1782=ORIENTED_EDGE('',*,*,#3592,.T.);
#1783=ORIENTED_EDGE('',*,*,#3593,.T.);
#1784=ORIENTED_EDGE('',*,*,#3592,.F.);
#1785=ORIENTED_EDGE('',*,*,#3594,.F.);
#1786=ORIENTED_EDGE('',*,*,#3595,.T.);
#1787=ORIENTED_EDGE('',*,*,#3596,.T.);
#1788=ORIENTED_EDGE('',*,*,#3595,.F.);
#1789=ORIENTED_EDGE('',*,*,#3597,.F.);
#1790=ORIENTED_EDGE('',*,*,#3598,.T.);
#1791=ORIENTED_EDGE('',*,*,#3599,.T.);
#1792=ORIENTED_EDGE('',*,*,#3598,.F.);
#1793=ORIENTED_EDGE('',*,*,#3600,.F.);
#1794=ORIENTED_EDGE('',*,*,#3601,.T.);
#1795=ORIENTED_EDGE('',*,*,#3602,.T.);
#1796=ORIENTED_EDGE('',*,*,#3601,.F.);
#1797=ORIENTED_EDGE('',*,*,#3603,.F.);
#1798=ORIENTED_EDGE('',*,*,#3604,.T.);
#1799=ORIENTED_EDGE('',*,*,#3605,.T.);
#1800=ORIENTED_EDGE('',*,*,#3604,.F.);
#1801=ORIENTED_EDGE('',*,*,#3606,.F.);
#1802=ORIENTED_EDGE('',*,*,#3607,.T.);
#1803=ORIENTED_EDGE('',*,*,#3608,.T.);
#1804=ORIENTED_EDGE('',*,*,#3607,.F.);
#1805=ORIENTED_EDGE('',*,*,#3609,.F.);
#1806=ORIENTED_EDGE('',*,*,#3610,.T.);
#1807=ORIENTED_EDGE('',*,*,#3611,.T.);
#1808=ORIENTED_EDGE('',*,*,#3610,.F.);
#1809=ORIENTED_EDGE('',*,*,#3612,.F.);
#1810=ORIENTED_EDGE('',*,*,#3613,.T.);
#1811=ORIENTED_EDGE('',*,*,#3614,.T.);
#1812=ORIENTED_EDGE('',*,*,#3613,.F.);
#1813=ORIENTED_EDGE('',*,*,#3615,.F.);
#1814=ORIENTED_EDGE('',*,*,#3616,.T.);
#1815=ORIENTED_EDGE('',*,*,#3617,.T.);
#1816=ORIENTED_EDGE('',*,*,#3616,.F.);
#1817=ORIENTED_EDGE('',*,*,#3618,.F.);
#1818=ORIENTED_EDGE('',*,*,#3619,.T.);
#1819=ORIENTED_EDGE('',*,*,#3620,.T.);
#1820=ORIENTED_EDGE('',*,*,#3619,.F.);
#1821=ORIENTED_EDGE('',*,*,#3621,.F.);
#1822=ORIENTED_EDGE('',*,*,#3622,.T.);
#1823=ORIENTED_EDGE('',*,*,#3623,.T.);
#1824=ORIENTED_EDGE('',*,*,#3622,.F.);
#1825=ORIENTED_EDGE('',*,*,#3624,.F.);
#1826=ORIENTED_EDGE('',*,*,#3625,.T.);
#1827=ORIENTED_EDGE('',*,*,#3626,.T.);
#1828=ORIENTED_EDGE('',*,*,#3625,.F.);
#1829=ORIENTED_EDGE('',*,*,#3627,.F.);
#1830=ORIENTED_EDGE('',*,*,#3530,.T.);
#1831=ORIENTED_EDGE('',*,*,#3528,.F.);
#1832=ORIENTED_EDGE('',*,*,#3526,.F.);
#1833=ORIENTED_EDGE('',*,*,#3627,.T.);
#1834=ORIENTED_EDGE('',*,*,#3624,.T.);
#1835=ORIENTED_EDGE('',*,*,#3621,.T.);
#1836=ORIENTED_EDGE('',*,*,#3618,.T.);
#1837=ORIENTED_EDGE('',*,*,#3615,.T.);
#1838=ORIENTED_EDGE('',*,*,#3612,.T.);
#1839=ORIENTED_EDGE('',*,*,#3609,.T.);
#1840=ORIENTED_EDGE('',*,*,#3606,.T.);
#1841=ORIENTED_EDGE('',*,*,#3603,.T.);
#1842=ORIENTED_EDGE('',*,*,#3600,.T.);
#1843=ORIENTED_EDGE('',*,*,#3597,.T.);
#1844=ORIENTED_EDGE('',*,*,#3594,.T.);
#1845=ORIENTED_EDGE('',*,*,#3591,.T.);
#1846=ORIENTED_EDGE('',*,*,#3588,.T.);
#1847=ORIENTED_EDGE('',*,*,#3585,.T.);
#1848=ORIENTED_EDGE('',*,*,#3582,.T.);
#1849=ORIENTED_EDGE('',*,*,#3579,.T.);
#1850=ORIENTED_EDGE('',*,*,#3576,.T.);
#1851=ORIENTED_EDGE('',*,*,#3573,.T.);
#1852=ORIENTED_EDGE('',*,*,#3570,.T.);
#1853=ORIENTED_EDGE('',*,*,#3567,.T.);
#1854=ORIENTED_EDGE('',*,*,#3564,.T.);
#1855=ORIENTED_EDGE('',*,*,#3561,.T.);
#1856=ORIENTED_EDGE('',*,*,#3558,.T.);
#1857=ORIENTED_EDGE('',*,*,#3555,.T.);
#1858=ORIENTED_EDGE('',*,*,#3552,.T.);
#1859=ORIENTED_EDGE('',*,*,#3549,.T.);
#1860=ORIENTED_EDGE('',*,*,#3546,.T.);
#1861=ORIENTED_EDGE('',*,*,#3543,.T.);
#1862=ORIENTED_EDGE('',*,*,#3540,.T.);
#1863=ORIENTED_EDGE('',*,*,#3537,.T.);
#1864=ORIENTED_EDGE('',*,*,#3534,.T.);
#1865=ORIENTED_EDGE('',*,*,#3531,.T.);
#1866=ORIENTED_EDGE('',*,*,#3628,.T.);
#1867=ORIENTED_EDGE('',*,*,#3629,.T.);
#1868=ORIENTED_EDGE('',*,*,#3630,.T.);
#1869=ORIENTED_EDGE('',*,*,#3631,.T.);
#1870=ORIENTED_EDGE('',*,*,#3632,.T.);
#1871=ORIENTED_EDGE('',*,*,#3633,.T.);
#1872=ORIENTED_EDGE('',*,*,#3633,.F.);
#1873=ORIENTED_EDGE('',*,*,#3634,.F.);
#1874=ORIENTED_EDGE('',*,*,#3635,.T.);
#1875=ORIENTED_EDGE('',*,*,#3636,.T.);
#1876=ORIENTED_EDGE('',*,*,#3632,.F.);
#1877=ORIENTED_EDGE('',*,*,#3637,.F.);
#1878=ORIENTED_EDGE('',*,*,#3638,.T.);
#1879=ORIENTED_EDGE('',*,*,#3634,.T.);
#1880=ORIENTED_EDGE('',*,*,#3631,.F.);
#1881=ORIENTED_EDGE('',*,*,#3639,.F.);
#1882=ORIENTED_EDGE('',*,*,#3640,.T.);
#1883=ORIENTED_EDGE('',*,*,#3637,.T.);
#1884=ORIENTED_EDGE('',*,*,#3630,.F.);
#1885=ORIENTED_EDGE('',*,*,#3641,.F.);
#1886=ORIENTED_EDGE('',*,*,#3642,.T.);
#1887=ORIENTED_EDGE('',*,*,#3639,.T.);
#1888=ORIENTED_EDGE('',*,*,#3629,.F.);
#1889=ORIENTED_EDGE('',*,*,#3643,.F.);
#1890=ORIENTED_EDGE('',*,*,#3644,.T.);
#1891=ORIENTED_EDGE('',*,*,#3641,.T.);
#1892=ORIENTED_EDGE('',*,*,#3628,.F.);
#1893=ORIENTED_EDGE('',*,*,#3636,.F.);
#1894=ORIENTED_EDGE('',*,*,#3645,.T.);
#1895=ORIENTED_EDGE('',*,*,#3643,.T.);
#1896=ORIENTED_EDGE('',*,*,#3646,.T.);
#1897=ORIENTED_EDGE('',*,*,#3647,.F.);
#1898=ORIENTED_EDGE('',*,*,#3648,.F.);
#1899=ORIENTED_EDGE('',*,*,#3649,.T.);
#1900=ORIENTED_EDGE('',*,*,#3650,.T.);
#1901=ORIENTED_EDGE('',*,*,#3649,.F.);
#1902=ORIENTED_EDGE('',*,*,#3651,.F.);
#1903=ORIENTED_EDGE('',*,*,#3652,.T.);
#1904=ORIENTED_EDGE('',*,*,#3653,.T.);
#1905=ORIENTED_EDGE('',*,*,#3652,.F.);
#1906=ORIENTED_EDGE('',*,*,#3654,.F.);
#1907=ORIENTED_EDGE('',*,*,#3655,.T.);
#1908=ORIENTED_EDGE('',*,*,#3656,.T.);
#1909=ORIENTED_EDGE('',*,*,#3655,.F.);
#1910=ORIENTED_EDGE('',*,*,#3657,.F.);
#1911=ORIENTED_EDGE('',*,*,#3658,.T.);
#1912=ORIENTED_EDGE('',*,*,#3659,.T.);
#1913=ORIENTED_EDGE('',*,*,#3658,.F.);
#1914=ORIENTED_EDGE('',*,*,#3660,.F.);
#1915=ORIENTED_EDGE('',*,*,#3661,.T.);
#1916=ORIENTED_EDGE('',*,*,#3662,.T.);
#1917=ORIENTED_EDGE('',*,*,#3661,.F.);
#1918=ORIENTED_EDGE('',*,*,#3663,.F.);
#1919=ORIENTED_EDGE('',*,*,#3664,.T.);
#1920=ORIENTED_EDGE('',*,*,#3665,.T.);
#1921=ORIENTED_EDGE('',*,*,#3664,.F.);
#1922=ORIENTED_EDGE('',*,*,#3666,.F.);
#1923=ORIENTED_EDGE('',*,*,#3667,.T.);
#1924=ORIENTED_EDGE('',*,*,#3668,.T.);
#1925=ORIENTED_EDGE('',*,*,#3667,.F.);
#1926=ORIENTED_EDGE('',*,*,#3669,.F.);
#1927=ORIENTED_EDGE('',*,*,#3647,.T.);
#1928=ORIENTED_EDGE('',*,*,#3645,.F.);
#1929=ORIENTED_EDGE('',*,*,#3635,.F.);
#1930=ORIENTED_EDGE('',*,*,#3638,.F.);
#1931=ORIENTED_EDGE('',*,*,#3640,.F.);
#1932=ORIENTED_EDGE('',*,*,#3642,.F.);
#1933=ORIENTED_EDGE('',*,*,#3644,.F.);
#1934=ORIENTED_EDGE('',*,*,#3669,.T.);
#1935=ORIENTED_EDGE('',*,*,#3666,.T.);
#1936=ORIENTED_EDGE('',*,*,#3663,.T.);
#1937=ORIENTED_EDGE('',*,*,#3660,.T.);
#1938=ORIENTED_EDGE('',*,*,#3657,.T.);
#1939=ORIENTED_EDGE('',*,*,#3654,.T.);
#1940=ORIENTED_EDGE('',*,*,#3651,.T.);
#1941=ORIENTED_EDGE('',*,*,#3648,.T.);
#1942=ORIENTED_EDGE('',*,*,#3670,.T.);
#1943=ORIENTED_EDGE('',*,*,#3671,.T.);
#1944=ORIENTED_EDGE('',*,*,#3672,.T.);
#1945=ORIENTED_EDGE('',*,*,#3673,.T.);
#1946=ORIENTED_EDGE('',*,*,#3674,.T.);
#1947=ORIENTED_EDGE('',*,*,#3675,.T.);
#1948=ORIENTED_EDGE('',*,*,#3676,.T.);
#1949=ORIENTED_EDGE('',*,*,#3676,.F.);
#1950=ORIENTED_EDGE('',*,*,#3677,.F.);
#1951=ORIENTED_EDGE('',*,*,#3678,.T.);
#1952=ORIENTED_EDGE('',*,*,#3679,.T.);
#1953=ORIENTED_EDGE('',*,*,#3675,.F.);
#1954=ORIENTED_EDGE('',*,*,#3680,.F.);
#1955=ORIENTED_EDGE('',*,*,#3681,.T.);
#1956=ORIENTED_EDGE('',*,*,#3677,.T.);
#1957=ORIENTED_EDGE('',*,*,#3674,.F.);
#1958=ORIENTED_EDGE('',*,*,#3682,.F.);
#1959=ORIENTED_EDGE('',*,*,#3683,.T.);
#1960=ORIENTED_EDGE('',*,*,#3680,.T.);
#1961=ORIENTED_EDGE('',*,*,#3673,.F.);
#1962=ORIENTED_EDGE('',*,*,#3684,.F.);
#1963=ORIENTED_EDGE('',*,*,#3685,.T.);
#1964=ORIENTED_EDGE('',*,*,#3682,.T.);
#1965=ORIENTED_EDGE('',*,*,#3672,.F.);
#1966=ORIENTED_EDGE('',*,*,#3686,.F.);
#1967=ORIENTED_EDGE('',*,*,#3687,.T.);
#1968=ORIENTED_EDGE('',*,*,#3684,.T.);
#1969=ORIENTED_EDGE('',*,*,#3671,.F.);
#1970=ORIENTED_EDGE('',*,*,#3688,.F.);
#1971=ORIENTED_EDGE('',*,*,#3689,.T.);
#1972=ORIENTED_EDGE('',*,*,#3686,.T.);
#1973=ORIENTED_EDGE('',*,*,#3670,.F.);
#1974=ORIENTED_EDGE('',*,*,#3679,.F.);
#1975=ORIENTED_EDGE('',*,*,#3690,.T.);
#1976=ORIENTED_EDGE('',*,*,#3688,.T.);
#1977=ORIENTED_EDGE('',*,*,#3691,.T.);
#1978=ORIENTED_EDGE('',*,*,#3692,.F.);
#1979=ORIENTED_EDGE('',*,*,#3693,.F.);
#1980=ORIENTED_EDGE('',*,*,#3694,.T.);
#1981=ORIENTED_EDGE('',*,*,#3695,.T.);
#1982=ORIENTED_EDGE('',*,*,#3694,.F.);
#1983=ORIENTED_EDGE('',*,*,#3696,.F.);
#1984=ORIENTED_EDGE('',*,*,#3697,.T.);
#1985=ORIENTED_EDGE('',*,*,#3698,.T.);
#1986=ORIENTED_EDGE('',*,*,#3697,.F.);
#1987=ORIENTED_EDGE('',*,*,#3699,.F.);
#1988=ORIENTED_EDGE('',*,*,#3700,.T.);
#1989=ORIENTED_EDGE('',*,*,#3701,.T.);
#1990=ORIENTED_EDGE('',*,*,#3700,.F.);
#1991=ORIENTED_EDGE('',*,*,#3702,.F.);
#1992=ORIENTED_EDGE('',*,*,#3703,.T.);
#1993=ORIENTED_EDGE('',*,*,#3704,.T.);
#1994=ORIENTED_EDGE('',*,*,#3703,.F.);
#1995=ORIENTED_EDGE('',*,*,#3705,.F.);
#1996=ORIENTED_EDGE('',*,*,#3706,.T.);
#1997=ORIENTED_EDGE('',*,*,#3707,.T.);
#1998=ORIENTED_EDGE('',*,*,#3706,.F.);
#1999=ORIENTED_EDGE('',*,*,#3708,.F.);
#2000=ORIENTED_EDGE('',*,*,#3709,.T.);
#2001=ORIENTED_EDGE('',*,*,#3710,.T.);
#2002=ORIENTED_EDGE('',*,*,#3709,.F.);
#2003=ORIENTED_EDGE('',*,*,#3711,.F.);
#2004=ORIENTED_EDGE('',*,*,#3692,.T.);
#2005=ORIENTED_EDGE('',*,*,#3689,.F.);
#2006=ORIENTED_EDGE('',*,*,#3690,.F.);
#2007=ORIENTED_EDGE('',*,*,#3678,.F.);
#2008=ORIENTED_EDGE('',*,*,#3681,.F.);
#2009=ORIENTED_EDGE('',*,*,#3683,.F.);
#2010=ORIENTED_EDGE('',*,*,#3685,.F.);
#2011=ORIENTED_EDGE('',*,*,#3687,.F.);
#2012=ORIENTED_EDGE('',*,*,#3711,.T.);
#2013=ORIENTED_EDGE('',*,*,#3708,.T.);
#2014=ORIENTED_EDGE('',*,*,#3705,.T.);
#2015=ORIENTED_EDGE('',*,*,#3702,.T.);
#2016=ORIENTED_EDGE('',*,*,#3699,.T.);
#2017=ORIENTED_EDGE('',*,*,#3696,.T.);
#2018=ORIENTED_EDGE('',*,*,#3693,.T.);
#2019=ORIENTED_EDGE('',*,*,#3712,.T.);
#2020=ORIENTED_EDGE('',*,*,#3713,.T.);
#2021=ORIENTED_EDGE('',*,*,#3714,.T.);
#2022=ORIENTED_EDGE('',*,*,#3715,.T.);
#2023=ORIENTED_EDGE('',*,*,#3716,.T.);
#2024=ORIENTED_EDGE('',*,*,#3717,.T.);
#2025=ORIENTED_EDGE('',*,*,#3718,.T.);
#2026=ORIENTED_EDGE('',*,*,#3719,.T.);
#2027=ORIENTED_EDGE('',*,*,#3720,.T.);
#2028=ORIENTED_EDGE('',*,*,#3721,.T.);
#2029=ORIENTED_EDGE('',*,*,#3722,.T.);
#2030=ORIENTED_EDGE('',*,*,#3723,.T.);
#2031=ORIENTED_EDGE('',*,*,#3724,.T.);
#2032=ORIENTED_EDGE('',*,*,#3725,.F.);
#2033=ORIENTED_EDGE('',*,*,#3723,.F.);
#2034=ORIENTED_EDGE('',*,*,#3726,.T.);
#2035=ORIENTED_EDGE('',*,*,#3727,.T.);
#2036=ORIENTED_EDGE('',*,*,#3726,.F.);
#2037=ORIENTED_EDGE('',*,*,#3722,.F.);
#2038=ORIENTED_EDGE('',*,*,#3728,.T.);
#2039=ORIENTED_EDGE('',*,*,#3729,.T.);
#2040=ORIENTED_EDGE('',*,*,#3728,.F.);
#2041=ORIENTED_EDGE('',*,*,#3721,.F.);
#2042=ORIENTED_EDGE('',*,*,#3730,.T.);
#2043=ORIENTED_EDGE('',*,*,#3731,.T.);
#2044=ORIENTED_EDGE('',*,*,#3730,.F.);
#2045=ORIENTED_EDGE('',*,*,#3720,.F.);
#2046=ORIENTED_EDGE('',*,*,#3732,.T.);
#2047=ORIENTED_EDGE('',*,*,#3733,.T.);
#2048=ORIENTED_EDGE('',*,*,#3732,.F.);
#2049=ORIENTED_EDGE('',*,*,#3719,.F.);
#2050=ORIENTED_EDGE('',*,*,#3734,.T.);
#2051=ORIENTED_EDGE('',*,*,#3735,.T.);
#2052=ORIENTED_EDGE('',*,*,#3734,.F.);
#2053=ORIENTED_EDGE('',*,*,#3718,.F.);
#2054=ORIENTED_EDGE('',*,*,#3736,.T.);
#2055=ORIENTED_EDGE('',*,*,#3737,.T.);
#2056=ORIENTED_EDGE('',*,*,#3736,.F.);
#2057=ORIENTED_EDGE('',*,*,#3717,.F.);
#2058=ORIENTED_EDGE('',*,*,#3738,.T.);
#2059=ORIENTED_EDGE('',*,*,#3739,.T.);
#2060=ORIENTED_EDGE('',*,*,#3738,.F.);
#2061=ORIENTED_EDGE('',*,*,#3716,.F.);
#2062=ORIENTED_EDGE('',*,*,#3740,.T.);
#2063=ORIENTED_EDGE('',*,*,#3741,.T.);
#2064=ORIENTED_EDGE('',*,*,#3740,.F.);
#2065=ORIENTED_EDGE('',*,*,#3715,.F.);
#2066=ORIENTED_EDGE('',*,*,#3742,.T.);
#2067=ORIENTED_EDGE('',*,*,#3743,.T.);
#2068=ORIENTED_EDGE('',*,*,#3742,.F.);
#2069=ORIENTED_EDGE('',*,*,#3714,.F.);
#2070=ORIENTED_EDGE('',*,*,#3744,.T.);
#2071=ORIENTED_EDGE('',*,*,#3745,.T.);
#2072=ORIENTED_EDGE('',*,*,#3744,.F.);
#2073=ORIENTED_EDGE('',*,*,#3713,.F.);
#2074=ORIENTED_EDGE('',*,*,#3746,.T.);
#2075=ORIENTED_EDGE('',*,*,#3747,.T.);
#2076=ORIENTED_EDGE('',*,*,#3746,.F.);
#2077=ORIENTED_EDGE('',*,*,#3712,.F.);
#2078=ORIENTED_EDGE('',*,*,#3725,.T.);
#2079=ORIENTED_EDGE('',*,*,#3748,.T.);
#2080=ORIENTED_EDGE('',*,*,#3749,.T.);
#2081=ORIENTED_EDGE('',*,*,#3750,.T.);
#2082=ORIENTED_EDGE('',*,*,#3751,.T.);
#2083=ORIENTED_EDGE('',*,*,#3752,.T.);
#2084=ORIENTED_EDGE('',*,*,#3753,.T.);
#2085=ORIENTED_EDGE('',*,*,#3754,.T.);
#2086=ORIENTED_EDGE('',*,*,#3755,.T.);
#2087=ORIENTED_EDGE('',*,*,#3756,.T.);
#2088=ORIENTED_EDGE('',*,*,#3757,.T.);
#2089=ORIENTED_EDGE('',*,*,#3758,.T.);
#2090=ORIENTED_EDGE('',*,*,#3759,.T.);
#2091=ORIENTED_EDGE('',*,*,#3760,.T.);
#2092=ORIENTED_EDGE('',*,*,#3761,.T.);
#2093=ORIENTED_EDGE('',*,*,#3762,.T.);
#2094=ORIENTED_EDGE('',*,*,#3763,.T.);
#2095=ORIENTED_EDGE('',*,*,#3764,.F.);
#2096=ORIENTED_EDGE('',*,*,#3762,.F.);
#2097=ORIENTED_EDGE('',*,*,#3765,.T.);
#2098=ORIENTED_EDGE('',*,*,#3766,.T.);
#2099=ORIENTED_EDGE('',*,*,#3765,.F.);
#2100=ORIENTED_EDGE('',*,*,#3761,.F.);
#2101=ORIENTED_EDGE('',*,*,#3767,.T.);
#2102=ORIENTED_EDGE('',*,*,#3768,.T.);
#2103=ORIENTED_EDGE('',*,*,#3767,.F.);
#2104=ORIENTED_EDGE('',*,*,#3760,.F.);
#2105=ORIENTED_EDGE('',*,*,#3769,.T.);
#2106=ORIENTED_EDGE('',*,*,#3770,.T.);
#2107=ORIENTED_EDGE('',*,*,#3769,.F.);
#2108=ORIENTED_EDGE('',*,*,#3759,.F.);
#2109=ORIENTED_EDGE('',*,*,#3771,.T.);
#2110=ORIENTED_EDGE('',*,*,#3772,.T.);
#2111=ORIENTED_EDGE('',*,*,#3771,.F.);
#2112=ORIENTED_EDGE('',*,*,#3758,.F.);
#2113=ORIENTED_EDGE('',*,*,#3773,.T.);
#2114=ORIENTED_EDGE('',*,*,#3774,.T.);
#2115=ORIENTED_EDGE('',*,*,#3773,.F.);
#2116=ORIENTED_EDGE('',*,*,#3757,.F.);
#2117=ORIENTED_EDGE('',*,*,#3775,.T.);
#2118=ORIENTED_EDGE('',*,*,#3776,.T.);
#2119=ORIENTED_EDGE('',*,*,#3775,.F.);
#2120=ORIENTED_EDGE('',*,*,#3756,.F.);
#2121=ORIENTED_EDGE('',*,*,#3777,.T.);
#2122=ORIENTED_EDGE('',*,*,#3778,.T.);
#2123=ORIENTED_EDGE('',*,*,#3777,.F.);
#2124=ORIENTED_EDGE('',*,*,#3755,.F.);
#2125=ORIENTED_EDGE('',*,*,#3779,.T.);
#2126=ORIENTED_EDGE('',*,*,#3780,.T.);
#2127=ORIENTED_EDGE('',*,*,#3779,.F.);
#2128=ORIENTED_EDGE('',*,*,#3754,.F.);
#2129=ORIENTED_EDGE('',*,*,#3781,.T.);
#2130=ORIENTED_EDGE('',*,*,#3782,.T.);
#2131=ORIENTED_EDGE('',*,*,#3781,.F.);
#2132=ORIENTED_EDGE('',*,*,#3753,.F.);
#2133=ORIENTED_EDGE('',*,*,#3783,.T.);
#2134=ORIENTED_EDGE('',*,*,#3784,.T.);
#2135=ORIENTED_EDGE('',*,*,#3783,.F.);
#2136=ORIENTED_EDGE('',*,*,#3752,.F.);
#2137=ORIENTED_EDGE('',*,*,#3785,.T.);
#2138=ORIENTED_EDGE('',*,*,#3786,.T.);
#2139=ORIENTED_EDGE('',*,*,#3785,.F.);
#2140=ORIENTED_EDGE('',*,*,#3751,.F.);
#2141=ORIENTED_EDGE('',*,*,#3787,.T.);
#2142=ORIENTED_EDGE('',*,*,#3788,.T.);
#2143=ORIENTED_EDGE('',*,*,#3787,.F.);
#2144=ORIENTED_EDGE('',*,*,#3750,.F.);
#2145=ORIENTED_EDGE('',*,*,#3789,.T.);
#2146=ORIENTED_EDGE('',*,*,#3790,.T.);
#2147=ORIENTED_EDGE('',*,*,#3789,.F.);
#2148=ORIENTED_EDGE('',*,*,#3749,.F.);
#2149=ORIENTED_EDGE('',*,*,#3791,.T.);
#2150=ORIENTED_EDGE('',*,*,#3792,.T.);
#2151=ORIENTED_EDGE('',*,*,#3791,.F.);
#2152=ORIENTED_EDGE('',*,*,#3748,.F.);
#2153=ORIENTED_EDGE('',*,*,#3764,.T.);
#2154=ORIENTED_EDGE('',*,*,#3793,.T.);
#2155=ORIENTED_EDGE('',*,*,#3794,.T.);
#2156=ORIENTED_EDGE('',*,*,#3795,.T.);
#2157=ORIENTED_EDGE('',*,*,#3796,.T.);
#2158=ORIENTED_EDGE('',*,*,#3797,.T.);
#2159=ORIENTED_EDGE('',*,*,#3798,.T.);
#2160=ORIENTED_EDGE('',*,*,#3799,.T.);
#2161=ORIENTED_EDGE('',*,*,#3800,.T.);
#2162=ORIENTED_EDGE('',*,*,#3801,.T.);
#2163=ORIENTED_EDGE('',*,*,#3802,.T.);
#2164=ORIENTED_EDGE('',*,*,#3803,.T.);
#2165=ORIENTED_EDGE('',*,*,#3804,.T.);
#2166=ORIENTED_EDGE('',*,*,#3805,.T.);
#2167=ORIENTED_EDGE('',*,*,#3806,.T.);
#2168=ORIENTED_EDGE('',*,*,#3807,.T.);
#2169=ORIENTED_EDGE('',*,*,#3808,.T.);
#2170=ORIENTED_EDGE('',*,*,#3809,.T.);
#2171=ORIENTED_EDGE('',*,*,#3810,.T.);
#2172=ORIENTED_EDGE('',*,*,#3811,.T.);
#2173=ORIENTED_EDGE('',*,*,#3812,.T.);
#2174=ORIENTED_EDGE('',*,*,#3813,.T.);
#2175=ORIENTED_EDGE('',*,*,#3814,.T.);
#2176=ORIENTED_EDGE('',*,*,#3815,.F.);
#2177=ORIENTED_EDGE('',*,*,#3813,.F.);
#2178=ORIENTED_EDGE('',*,*,#3816,.T.);
#2179=ORIENTED_EDGE('',*,*,#3817,.T.);
#2180=ORIENTED_EDGE('',*,*,#3816,.F.);
#2181=ORIENTED_EDGE('',*,*,#3812,.F.);
#2182=ORIENTED_EDGE('',*,*,#3818,.T.);
#2183=ORIENTED_EDGE('',*,*,#3819,.T.);
#2184=ORIENTED_EDGE('',*,*,#3818,.F.);
#2185=ORIENTED_EDGE('',*,*,#3811,.F.);
#2186=ORIENTED_EDGE('',*,*,#3820,.T.);
#2187=ORIENTED_EDGE('',*,*,#3821,.T.);
#2188=ORIENTED_EDGE('',*,*,#3820,.F.);
#2189=ORIENTED_EDGE('',*,*,#3810,.F.);
#2190=ORIENTED_EDGE('',*,*,#3822,.T.);
#2191=ORIENTED_EDGE('',*,*,#3823,.T.);
#2192=ORIENTED_EDGE('',*,*,#3822,.F.);
#2193=ORIENTED_EDGE('',*,*,#3809,.F.);
#2194=ORIENTED_EDGE('',*,*,#3824,.T.);
#2195=ORIENTED_EDGE('',*,*,#3825,.T.);
#2196=ORIENTED_EDGE('',*,*,#3824,.F.);
#2197=ORIENTED_EDGE('',*,*,#3808,.F.);
#2198=ORIENTED_EDGE('',*,*,#3826,.T.);
#2199=ORIENTED_EDGE('',*,*,#3827,.T.);
#2200=ORIENTED_EDGE('',*,*,#3826,.F.);
#2201=ORIENTED_EDGE('',*,*,#3807,.F.);
#2202=ORIENTED_EDGE('',*,*,#3828,.T.);
#2203=ORIENTED_EDGE('',*,*,#3829,.T.);
#2204=ORIENTED_EDGE('',*,*,#3828,.F.);
#2205=ORIENTED_EDGE('',*,*,#3806,.F.);
#2206=ORIENTED_EDGE('',*,*,#3830,.T.);
#2207=ORIENTED_EDGE('',*,*,#3831,.T.);
#2208=ORIENTED_EDGE('',*,*,#3830,.F.);
#2209=ORIENTED_EDGE('',*,*,#3805,.F.);
#2210=ORIENTED_EDGE('',*,*,#3832,.T.);
#2211=ORIENTED_EDGE('',*,*,#3833,.T.);
#2212=ORIENTED_EDGE('',*,*,#3832,.F.);
#2213=ORIENTED_EDGE('',*,*,#3804,.F.);
#2214=ORIENTED_EDGE('',*,*,#3834,.T.);
#2215=ORIENTED_EDGE('',*,*,#3835,.T.);
#2216=ORIENTED_EDGE('',*,*,#3834,.F.);
#2217=ORIENTED_EDGE('',*,*,#3803,.F.);
#2218=ORIENTED_EDGE('',*,*,#3836,.T.);
#2219=ORIENTED_EDGE('',*,*,#3837,.T.);
#2220=ORIENTED_EDGE('',*,*,#3836,.F.);
#2221=ORIENTED_EDGE('',*,*,#3802,.F.);
#2222=ORIENTED_EDGE('',*,*,#3838,.T.);
#2223=ORIENTED_EDGE('',*,*,#3839,.T.);
#2224=ORIENTED_EDGE('',*,*,#3838,.F.);
#2225=ORIENTED_EDGE('',*,*,#3801,.F.);
#2226=ORIENTED_EDGE('',*,*,#3840,.T.);
#2227=ORIENTED_EDGE('',*,*,#3841,.T.);
#2228=ORIENTED_EDGE('',*,*,#3840,.F.);
#2229=ORIENTED_EDGE('',*,*,#3800,.F.);
#2230=ORIENTED_EDGE('',*,*,#3842,.T.);
#2231=ORIENTED_EDGE('',*,*,#3843,.T.);
#2232=ORIENTED_EDGE('',*,*,#3842,.F.);
#2233=ORIENTED_EDGE('',*,*,#3799,.F.);
#2234=ORIENTED_EDGE('',*,*,#3844,.T.);
#2235=ORIENTED_EDGE('',*,*,#3845,.T.);
#2236=ORIENTED_EDGE('',*,*,#3844,.F.);
#2237=ORIENTED_EDGE('',*,*,#3798,.F.);
#2238=ORIENTED_EDGE('',*,*,#3846,.T.);
#2239=ORIENTED_EDGE('',*,*,#3847,.T.);
#2240=ORIENTED_EDGE('',*,*,#3846,.F.);
#2241=ORIENTED_EDGE('',*,*,#3797,.F.);
#2242=ORIENTED_EDGE('',*,*,#3848,.T.);
#2243=ORIENTED_EDGE('',*,*,#3849,.T.);
#2244=ORIENTED_EDGE('',*,*,#3848,.F.);
#2245=ORIENTED_EDGE('',*,*,#3796,.F.);
#2246=ORIENTED_EDGE('',*,*,#3850,.T.);
#2247=ORIENTED_EDGE('',*,*,#3851,.T.);
#2248=ORIENTED_EDGE('',*,*,#3850,.F.);
#2249=ORIENTED_EDGE('',*,*,#3795,.F.);
#2250=ORIENTED_EDGE('',*,*,#3852,.T.);
#2251=ORIENTED_EDGE('',*,*,#3853,.T.);
#2252=ORIENTED_EDGE('',*,*,#3852,.F.);
#2253=ORIENTED_EDGE('',*,*,#3794,.F.);
#2254=ORIENTED_EDGE('',*,*,#3854,.T.);
#2255=ORIENTED_EDGE('',*,*,#3855,.T.);
#2256=ORIENTED_EDGE('',*,*,#3854,.F.);
#2257=ORIENTED_EDGE('',*,*,#3793,.F.);
#2258=ORIENTED_EDGE('',*,*,#3815,.T.);
#2259=ORIENTED_EDGE('',*,*,#3856,.T.);
#2260=ORIENTED_EDGE('',*,*,#3857,.T.);
#2261=ORIENTED_EDGE('',*,*,#3858,.T.);
#2262=ORIENTED_EDGE('',*,*,#3859,.T.);
#2263=ORIENTED_EDGE('',*,*,#3860,.T.);
#2264=ORIENTED_EDGE('',*,*,#3861,.T.);
#2265=ORIENTED_EDGE('',*,*,#3862,.T.);
#2266=ORIENTED_EDGE('',*,*,#3863,.T.);
#2267=ORIENTED_EDGE('',*,*,#3863,.F.);
#2268=ORIENTED_EDGE('',*,*,#3864,.F.);
#2269=ORIENTED_EDGE('',*,*,#3865,.T.);
#2270=ORIENTED_EDGE('',*,*,#3866,.T.);
#2271=ORIENTED_EDGE('',*,*,#3862,.F.);
#2272=ORIENTED_EDGE('',*,*,#3867,.F.);
#2273=ORIENTED_EDGE('',*,*,#3868,.T.);
#2274=ORIENTED_EDGE('',*,*,#3864,.T.);
#2275=ORIENTED_EDGE('',*,*,#3861,.F.);
#2276=ORIENTED_EDGE('',*,*,#3869,.F.);
#2277=ORIENTED_EDGE('',*,*,#3870,.T.);
#2278=ORIENTED_EDGE('',*,*,#3867,.T.);
#2279=ORIENTED_EDGE('',*,*,#3860,.F.);
#2280=ORIENTED_EDGE('',*,*,#3871,.F.);
#2281=ORIENTED_EDGE('',*,*,#3872,.T.);
#2282=ORIENTED_EDGE('',*,*,#3869,.T.);
#2283=ORIENTED_EDGE('',*,*,#3859,.F.);
#2284=ORIENTED_EDGE('',*,*,#3873,.F.);
#2285=ORIENTED_EDGE('',*,*,#3874,.T.);
#2286=ORIENTED_EDGE('',*,*,#3871,.T.);
#2287=ORIENTED_EDGE('',*,*,#3858,.F.);
#2288=ORIENTED_EDGE('',*,*,#3875,.F.);
#2289=ORIENTED_EDGE('',*,*,#3876,.T.);
#2290=ORIENTED_EDGE('',*,*,#3873,.T.);
#2291=ORIENTED_EDGE('',*,*,#3857,.F.);
#2292=ORIENTED_EDGE('',*,*,#3877,.F.);
#2293=ORIENTED_EDGE('',*,*,#3878,.T.);
#2294=ORIENTED_EDGE('',*,*,#3875,.T.);
#2295=ORIENTED_EDGE('',*,*,#3856,.F.);
#2296=ORIENTED_EDGE('',*,*,#3866,.F.);
#2297=ORIENTED_EDGE('',*,*,#3879,.T.);
#2298=ORIENTED_EDGE('',*,*,#3877,.T.);
#2299=ORIENTED_EDGE('',*,*,#3880,.T.);
#2300=ORIENTED_EDGE('',*,*,#3881,.F.);
#2301=ORIENTED_EDGE('',*,*,#3882,.F.);
#2302=ORIENTED_EDGE('',*,*,#3883,.T.);
#2303=ORIENTED_EDGE('',*,*,#3884,.T.);
#2304=ORIENTED_EDGE('',*,*,#3883,.F.);
#2305=ORIENTED_EDGE('',*,*,#3885,.F.);
#2306=ORIENTED_EDGE('',*,*,#3886,.T.);
#2307=ORIENTED_EDGE('',*,*,#3887,.T.);
#2308=ORIENTED_EDGE('',*,*,#3886,.F.);
#2309=ORIENTED_EDGE('',*,*,#3888,.F.);
#2310=ORIENTED_EDGE('',*,*,#3889,.T.);
#2311=ORIENTED_EDGE('',*,*,#3890,.T.);
#2312=ORIENTED_EDGE('',*,*,#3889,.F.);
#2313=ORIENTED_EDGE('',*,*,#3891,.F.);
#2314=ORIENTED_EDGE('',*,*,#3892,.T.);
#2315=ORIENTED_EDGE('',*,*,#3893,.T.);
#2316=ORIENTED_EDGE('',*,*,#3892,.F.);
#2317=ORIENTED_EDGE('',*,*,#3894,.F.);
#2318=ORIENTED_EDGE('',*,*,#3895,.T.);
#2319=ORIENTED_EDGE('',*,*,#3896,.T.);
#2320=ORIENTED_EDGE('',*,*,#3895,.F.);
#2321=ORIENTED_EDGE('',*,*,#3897,.F.);
#2322=ORIENTED_EDGE('',*,*,#3898,.T.);
#2323=ORIENTED_EDGE('',*,*,#3899,.T.);
#2324=ORIENTED_EDGE('',*,*,#3898,.F.);
#2325=ORIENTED_EDGE('',*,*,#3900,.F.);
#2326=ORIENTED_EDGE('',*,*,#3901,.T.);
#2327=ORIENTED_EDGE('',*,*,#3902,.T.);
#2328=ORIENTED_EDGE('',*,*,#3901,.F.);
#2329=ORIENTED_EDGE('',*,*,#3903,.F.);
#2330=ORIENTED_EDGE('',*,*,#3904,.T.);
#2331=ORIENTED_EDGE('',*,*,#3905,.T.);
#2332=ORIENTED_EDGE('',*,*,#3904,.F.);
#2333=ORIENTED_EDGE('',*,*,#3906,.F.);
#2334=ORIENTED_EDGE('',*,*,#3907,.T.);
#2335=ORIENTED_EDGE('',*,*,#3908,.T.);
#2336=ORIENTED_EDGE('',*,*,#3907,.F.);
#2337=ORIENTED_EDGE('',*,*,#3909,.F.);
#2338=ORIENTED_EDGE('',*,*,#3910,.T.);
#2339=ORIENTED_EDGE('',*,*,#3911,.T.);
#2340=ORIENTED_EDGE('',*,*,#3910,.F.);
#2341=ORIENTED_EDGE('',*,*,#3912,.F.);
#2342=ORIENTED_EDGE('',*,*,#3913,.T.);
#2343=ORIENTED_EDGE('',*,*,#3914,.T.);
#2344=ORIENTED_EDGE('',*,*,#3913,.F.);
#2345=ORIENTED_EDGE('',*,*,#3915,.F.);
#2346=ORIENTED_EDGE('',*,*,#3916,.T.);
#2347=ORIENTED_EDGE('',*,*,#3917,.T.);
#2348=ORIENTED_EDGE('',*,*,#3916,.F.);
#2349=ORIENTED_EDGE('',*,*,#3918,.F.);
#2350=ORIENTED_EDGE('',*,*,#3919,.T.);
#2351=ORIENTED_EDGE('',*,*,#3920,.T.);
#2352=ORIENTED_EDGE('',*,*,#3919,.F.);
#2353=ORIENTED_EDGE('',*,*,#3921,.F.);
#2354=ORIENTED_EDGE('',*,*,#3881,.T.);
#2355=ORIENTED_EDGE('',*,*,#3878,.F.);
#2356=ORIENTED_EDGE('',*,*,#3879,.F.);
#2357=ORIENTED_EDGE('',*,*,#3865,.F.);
#2358=ORIENTED_EDGE('',*,*,#3868,.F.);
#2359=ORIENTED_EDGE('',*,*,#3870,.F.);
#2360=ORIENTED_EDGE('',*,*,#3872,.F.);
#2361=ORIENTED_EDGE('',*,*,#3874,.F.);
#2362=ORIENTED_EDGE('',*,*,#3876,.F.);
#2363=ORIENTED_EDGE('',*,*,#3921,.T.);
#2364=ORIENTED_EDGE('',*,*,#3918,.T.);
#2365=ORIENTED_EDGE('',*,*,#3915,.T.);
#2366=ORIENTED_EDGE('',*,*,#3912,.T.);
#2367=ORIENTED_EDGE('',*,*,#3909,.T.);
#2368=ORIENTED_EDGE('',*,*,#3906,.T.);
#2369=ORIENTED_EDGE('',*,*,#3903,.T.);
#2370=ORIENTED_EDGE('',*,*,#3900,.T.);
#2371=ORIENTED_EDGE('',*,*,#3897,.T.);
#2372=ORIENTED_EDGE('',*,*,#3894,.T.);
#2373=ORIENTED_EDGE('',*,*,#3891,.T.);
#2374=ORIENTED_EDGE('',*,*,#3888,.T.);
#2375=ORIENTED_EDGE('',*,*,#3885,.T.);
#2376=ORIENTED_EDGE('',*,*,#3882,.T.);
#2377=ORIENTED_EDGE('',*,*,#3922,.T.);
#2378=ORIENTED_EDGE('',*,*,#3923,.T.);
#2379=ORIENTED_EDGE('',*,*,#3924,.T.);
#2380=ORIENTED_EDGE('',*,*,#3925,.T.);
#2381=ORIENTED_EDGE('',*,*,#3926,.T.);
#2382=ORIENTED_EDGE('',*,*,#3927,.T.);
#2383=ORIENTED_EDGE('',*,*,#3928,.T.);
#2384=ORIENTED_EDGE('',*,*,#3929,.T.);
#2385=ORIENTED_EDGE('',*,*,#3930,.T.);
#2386=ORIENTED_EDGE('',*,*,#3931,.T.);
#2387=ORIENTED_EDGE('',*,*,#3932,.T.);
#2388=ORIENTED_EDGE('',*,*,#3933,.T.);
#2389=ORIENTED_EDGE('',*,*,#3934,.T.);
#2390=ORIENTED_EDGE('',*,*,#3935,.F.);
#2391=ORIENTED_EDGE('',*,*,#3933,.F.);
#2392=ORIENTED_EDGE('',*,*,#3936,.T.);
#2393=ORIENTED_EDGE('',*,*,#3937,.T.);
#2394=ORIENTED_EDGE('',*,*,#3936,.F.);
#2395=ORIENTED_EDGE('',*,*,#3932,.F.);
#2396=ORIENTED_EDGE('',*,*,#3938,.T.);
#2397=ORIENTED_EDGE('',*,*,#3939,.T.);
#2398=ORIENTED_EDGE('',*,*,#3938,.F.);
#2399=ORIENTED_EDGE('',*,*,#3931,.F.);
#2400=ORIENTED_EDGE('',*,*,#3940,.T.);
#2401=ORIENTED_EDGE('',*,*,#3941,.T.);
#2402=ORIENTED_EDGE('',*,*,#3940,.F.);
#2403=ORIENTED_EDGE('',*,*,#3930,.F.);
#2404=ORIENTED_EDGE('',*,*,#3942,.T.);
#2405=ORIENTED_EDGE('',*,*,#3943,.T.);
#2406=ORIENTED_EDGE('',*,*,#3942,.F.);
#2407=ORIENTED_EDGE('',*,*,#3929,.F.);
#2408=ORIENTED_EDGE('',*,*,#3944,.T.);
#2409=ORIENTED_EDGE('',*,*,#3945,.T.);
#2410=ORIENTED_EDGE('',*,*,#3944,.F.);
#2411=ORIENTED_EDGE('',*,*,#3928,.F.);
#2412=ORIENTED_EDGE('',*,*,#3946,.T.);
#2413=ORIENTED_EDGE('',*,*,#3947,.T.);
#2414=ORIENTED_EDGE('',*,*,#3946,.F.);
#2415=ORIENTED_EDGE('',*,*,#3927,.F.);
#2416=ORIENTED_EDGE('',*,*,#3948,.T.);
#2417=ORIENTED_EDGE('',*,*,#3949,.T.);
#2418=ORIENTED_EDGE('',*,*,#3948,.F.);
#2419=ORIENTED_EDGE('',*,*,#3926,.F.);
#2420=ORIENTED_EDGE('',*,*,#3950,.T.);
#2421=ORIENTED_EDGE('',*,*,#3951,.T.);
#2422=ORIENTED_EDGE('',*,*,#3950,.F.);
#2423=ORIENTED_EDGE('',*,*,#3925,.F.);
#2424=ORIENTED_EDGE('',*,*,#3952,.T.);
#2425=ORIENTED_EDGE('',*,*,#3953,.T.);
#2426=ORIENTED_EDGE('',*,*,#3952,.F.);
#2427=ORIENTED_EDGE('',*,*,#3924,.F.);
#2428=ORIENTED_EDGE('',*,*,#3954,.T.);
#2429=ORIENTED_EDGE('',*,*,#3955,.T.);
#2430=ORIENTED_EDGE('',*,*,#3954,.F.);
#2431=ORIENTED_EDGE('',*,*,#3923,.F.);
#2432=ORIENTED_EDGE('',*,*,#3956,.T.);
#2433=ORIENTED_EDGE('',*,*,#3957,.T.);
#2434=ORIENTED_EDGE('',*,*,#3956,.F.);
#2435=ORIENTED_EDGE('',*,*,#3922,.F.);
#2436=ORIENTED_EDGE('',*,*,#3935,.T.);
#2437=ORIENTED_EDGE('',*,*,#3958,.T.);
#2438=ORIENTED_EDGE('',*,*,#3959,.T.);
#2439=ORIENTED_EDGE('',*,*,#3960,.T.);
#2440=ORIENTED_EDGE('',*,*,#3961,.T.);
#2441=ORIENTED_EDGE('',*,*,#3962,.T.);
#2442=ORIENTED_EDGE('',*,*,#3963,.T.);
#2443=ORIENTED_EDGE('',*,*,#3963,.F.);
#2444=ORIENTED_EDGE('',*,*,#3964,.F.);
#2445=ORIENTED_EDGE('',*,*,#3965,.T.);
#2446=ORIENTED_EDGE('',*,*,#3966,.T.);
#2447=ORIENTED_EDGE('',*,*,#3962,.F.);
#2448=ORIENTED_EDGE('',*,*,#3967,.F.);
#2449=ORIENTED_EDGE('',*,*,#3968,.T.);
#2450=ORIENTED_EDGE('',*,*,#3964,.T.);
#2451=ORIENTED_EDGE('',*,*,#3961,.F.);
#2452=ORIENTED_EDGE('',*,*,#3969,.F.);
#2453=ORIENTED_EDGE('',*,*,#3970,.T.);
#2454=ORIENTED_EDGE('',*,*,#3967,.T.);
#2455=ORIENTED_EDGE('',*,*,#3960,.F.);
#2456=ORIENTED_EDGE('',*,*,#3971,.F.);
#2457=ORIENTED_EDGE('',*,*,#3972,.T.);
#2458=ORIENTED_EDGE('',*,*,#3969,.T.);
#2459=ORIENTED_EDGE('',*,*,#3959,.F.);
#2460=ORIENTED_EDGE('',*,*,#3973,.F.);
#2461=ORIENTED_EDGE('',*,*,#3974,.T.);
#2462=ORIENTED_EDGE('',*,*,#3971,.T.);
#2463=ORIENTED_EDGE('',*,*,#3958,.F.);
#2464=ORIENTED_EDGE('',*,*,#3966,.F.);
#2465=ORIENTED_EDGE('',*,*,#3975,.T.);
#2466=ORIENTED_EDGE('',*,*,#3973,.T.);
#2467=ORIENTED_EDGE('',*,*,#3976,.T.);
#2468=ORIENTED_EDGE('',*,*,#3977,.F.);
#2469=ORIENTED_EDGE('',*,*,#3978,.F.);
#2470=ORIENTED_EDGE('',*,*,#3979,.T.);
#2471=ORIENTED_EDGE('',*,*,#3980,.T.);
#2472=ORIENTED_EDGE('',*,*,#3979,.F.);
#2473=ORIENTED_EDGE('',*,*,#3981,.F.);
#2474=ORIENTED_EDGE('',*,*,#3982,.T.);
#2475=ORIENTED_EDGE('',*,*,#3983,.T.);
#2476=ORIENTED_EDGE('',*,*,#3982,.F.);
#2477=ORIENTED_EDGE('',*,*,#3984,.F.);
#2478=ORIENTED_EDGE('',*,*,#3985,.T.);
#2479=ORIENTED_EDGE('',*,*,#3986,.T.);
#2480=ORIENTED_EDGE('',*,*,#3985,.F.);
#2481=ORIENTED_EDGE('',*,*,#3987,.F.);
#2482=ORIENTED_EDGE('',*,*,#3988,.T.);
#2483=ORIENTED_EDGE('',*,*,#3989,.T.);
#2484=ORIENTED_EDGE('',*,*,#3988,.F.);
#2485=ORIENTED_EDGE('',*,*,#3990,.F.);
#2486=ORIENTED_EDGE('',*,*,#3991,.T.);
#2487=ORIENTED_EDGE('',*,*,#3992,.T.);
#2488=ORIENTED_EDGE('',*,*,#3991,.F.);
#2489=ORIENTED_EDGE('',*,*,#3993,.F.);
#2490=ORIENTED_EDGE('',*,*,#3994,.T.);
#2491=ORIENTED_EDGE('',*,*,#3995,.T.);
#2492=ORIENTED_EDGE('',*,*,#3994,.F.);
#2493=ORIENTED_EDGE('',*,*,#3996,.F.);
#2494=ORIENTED_EDGE('',*,*,#3997,.T.);
#2495=ORIENTED_EDGE('',*,*,#3998,.T.);
#2496=ORIENTED_EDGE('',*,*,#3997,.F.);
#2497=ORIENTED_EDGE('',*,*,#3999,.F.);
#2498=ORIENTED_EDGE('',*,*,#3977,.T.);
#2499=ORIENTED_EDGE('',*,*,#3975,.F.);
#2500=ORIENTED_EDGE('',*,*,#3965,.F.);
#2501=ORIENTED_EDGE('',*,*,#3968,.F.);
#2502=ORIENTED_EDGE('',*,*,#3970,.F.);
#2503=ORIENTED_EDGE('',*,*,#3972,.F.);
#2504=ORIENTED_EDGE('',*,*,#3974,.F.);
#2505=ORIENTED_EDGE('',*,*,#3999,.T.);
#2506=ORIENTED_EDGE('',*,*,#3996,.T.);
#2507=ORIENTED_EDGE('',*,*,#3993,.T.);
#2508=ORIENTED_EDGE('',*,*,#3990,.T.);
#2509=ORIENTED_EDGE('',*,*,#3987,.T.);
#2510=ORIENTED_EDGE('',*,*,#3984,.T.);
#2511=ORIENTED_EDGE('',*,*,#3981,.T.);
#2512=ORIENTED_EDGE('',*,*,#3978,.T.);
#2513=ORIENTED_EDGE('',*,*,#4000,.T.);
#2514=ORIENTED_EDGE('',*,*,#4001,.T.);
#2515=ORIENTED_EDGE('',*,*,#4002,.T.);
#2516=ORIENTED_EDGE('',*,*,#4003,.T.);
#2517=ORIENTED_EDGE('',*,*,#4004,.T.);
#2518=ORIENTED_EDGE('',*,*,#4005,.T.);
#2519=ORIENTED_EDGE('',*,*,#4006,.T.);
#2520=ORIENTED_EDGE('',*,*,#4006,.F.);
#2521=ORIENTED_EDGE('',*,*,#4007,.F.);
#2522=ORIENTED_EDGE('',*,*,#4008,.T.);
#2523=ORIENTED_EDGE('',*,*,#4009,.T.);
#2524=ORIENTED_EDGE('',*,*,#4005,.F.);
#2525=ORIENTED_EDGE('',*,*,#4010,.F.);
#2526=ORIENTED_EDGE('',*,*,#4011,.T.);
#2527=ORIENTED_EDGE('',*,*,#4007,.T.);
#2528=ORIENTED_EDGE('',*,*,#4004,.F.);
#2529=ORIENTED_EDGE('',*,*,#4012,.F.);
#2530=ORIENTED_EDGE('',*,*,#4013,.T.);
#2531=ORIENTED_EDGE('',*,*,#4010,.T.);
#2532=ORIENTED_EDGE('',*,*,#4003,.F.);
#2533=ORIENTED_EDGE('',*,*,#4014,.F.);
#2534=ORIENTED_EDGE('',*,*,#4015,.T.);
#2535=ORIENTED_EDGE('',*,*,#4012,.T.);
#2536=ORIENTED_EDGE('',*,*,#4002,.F.);
#2537=ORIENTED_EDGE('',*,*,#4016,.F.);
#2538=ORIENTED_EDGE('',*,*,#4017,.T.);
#2539=ORIENTED_EDGE('',*,*,#4014,.T.);
#2540=ORIENTED_EDGE('',*,*,#4001,.F.);
#2541=ORIENTED_EDGE('',*,*,#4018,.F.);
#2542=ORIENTED_EDGE('',*,*,#4019,.T.);
#2543=ORIENTED_EDGE('',*,*,#4016,.T.);
#2544=ORIENTED_EDGE('',*,*,#4000,.F.);
#2545=ORIENTED_EDGE('',*,*,#4009,.F.);
#2546=ORIENTED_EDGE('',*,*,#4020,.T.);
#2547=ORIENTED_EDGE('',*,*,#4018,.T.);
#2548=ORIENTED_EDGE('',*,*,#4021,.T.);
#2549=ORIENTED_EDGE('',*,*,#4022,.F.);
#2550=ORIENTED_EDGE('',*,*,#4023,.F.);
#2551=ORIENTED_EDGE('',*,*,#4024,.T.);
#2552=ORIENTED_EDGE('',*,*,#4025,.T.);
#2553=ORIENTED_EDGE('',*,*,#4024,.F.);
#2554=ORIENTED_EDGE('',*,*,#4026,.F.);
#2555=ORIENTED_EDGE('',*,*,#4027,.T.);
#2556=ORIENTED_EDGE('',*,*,#4028,.T.);
#2557=ORIENTED_EDGE('',*,*,#4027,.F.);
#2558=ORIENTED_EDGE('',*,*,#4029,.F.);
#2559=ORIENTED_EDGE('',*,*,#4030,.T.);
#2560=ORIENTED_EDGE('',*,*,#4031,.T.);
#2561=ORIENTED_EDGE('',*,*,#4030,.F.);
#2562=ORIENTED_EDGE('',*,*,#4032,.F.);
#2563=ORIENTED_EDGE('',*,*,#4033,.T.);
#2564=ORIENTED_EDGE('',*,*,#4034,.T.);
#2565=ORIENTED_EDGE('',*,*,#4033,.F.);
#2566=ORIENTED_EDGE('',*,*,#4035,.F.);
#2567=ORIENTED_EDGE('',*,*,#4036,.T.);
#2568=ORIENTED_EDGE('',*,*,#4037,.T.);
#2569=ORIENTED_EDGE('',*,*,#4036,.F.);
#2570=ORIENTED_EDGE('',*,*,#4038,.F.);
#2571=ORIENTED_EDGE('',*,*,#4039,.T.);
#2572=ORIENTED_EDGE('',*,*,#4040,.T.);
#2573=ORIENTED_EDGE('',*,*,#4039,.F.);
#2574=ORIENTED_EDGE('',*,*,#4041,.F.);
#2575=ORIENTED_EDGE('',*,*,#4022,.T.);
#2576=ORIENTED_EDGE('',*,*,#4019,.F.);
#2577=ORIENTED_EDGE('',*,*,#4020,.F.);
#2578=ORIENTED_EDGE('',*,*,#4008,.F.);
#2579=ORIENTED_EDGE('',*,*,#4011,.F.);
#2580=ORIENTED_EDGE('',*,*,#4013,.F.);
#2581=ORIENTED_EDGE('',*,*,#4015,.F.);
#2582=ORIENTED_EDGE('',*,*,#4017,.F.);
#2583=ORIENTED_EDGE('',*,*,#4041,.T.);
#2584=ORIENTED_EDGE('',*,*,#4038,.T.);
#2585=ORIENTED_EDGE('',*,*,#4035,.T.);
#2586=ORIENTED_EDGE('',*,*,#4032,.T.);
#2587=ORIENTED_EDGE('',*,*,#4029,.T.);
#2588=ORIENTED_EDGE('',*,*,#4026,.T.);
#2589=ORIENTED_EDGE('',*,*,#4023,.T.);
#2590=ORIENTED_EDGE('',*,*,#4042,.T.);
#2591=ORIENTED_EDGE('',*,*,#4043,.T.);
#2592=ORIENTED_EDGE('',*,*,#4044,.T.);
#2593=ORIENTED_EDGE('',*,*,#4045,.T.);
#2594=ORIENTED_EDGE('',*,*,#4046,.T.);
#2595=ORIENTED_EDGE('',*,*,#4047,.T.);
#2596=ORIENTED_EDGE('',*,*,#4048,.T.);
#2597=ORIENTED_EDGE('',*,*,#4049,.T.);
#2598=ORIENTED_EDGE('',*,*,#4050,.T.);
#2599=ORIENTED_EDGE('',*,*,#4051,.T.);
#2600=ORIENTED_EDGE('',*,*,#4052,.T.);
#2601=ORIENTED_EDGE('',*,*,#4053,.T.);
#2602=ORIENTED_EDGE('',*,*,#4054,.T.);
#2603=ORIENTED_EDGE('',*,*,#4055,.F.);
#2604=ORIENTED_EDGE('',*,*,#4053,.F.);
#2605=ORIENTED_EDGE('',*,*,#4056,.T.);
#2606=ORIENTED_EDGE('',*,*,#4057,.T.);
#2607=ORIENTED_EDGE('',*,*,#4056,.F.);
#2608=ORIENTED_EDGE('',*,*,#4052,.F.);
#2609=ORIENTED_EDGE('',*,*,#4058,.T.);
#2610=ORIENTED_EDGE('',*,*,#4059,.T.);
#2611=ORIENTED_EDGE('',*,*,#4058,.F.);
#2612=ORIENTED_EDGE('',*,*,#4051,.F.);
#2613=ORIENTED_EDGE('',*,*,#4060,.T.);
#2614=ORIENTED_EDGE('',*,*,#4061,.T.);
#2615=ORIENTED_EDGE('',*,*,#4060,.F.);
#2616=ORIENTED_EDGE('',*,*,#4050,.F.);
#2617=ORIENTED_EDGE('',*,*,#4062,.T.);
#2618=ORIENTED_EDGE('',*,*,#4063,.T.);
#2619=ORIENTED_EDGE('',*,*,#4062,.F.);
#2620=ORIENTED_EDGE('',*,*,#4049,.F.);
#2621=ORIENTED_EDGE('',*,*,#4064,.T.);
#2622=ORIENTED_EDGE('',*,*,#4065,.T.);
#2623=ORIENTED_EDGE('',*,*,#4064,.F.);
#2624=ORIENTED_EDGE('',*,*,#4048,.F.);
#2625=ORIENTED_EDGE('',*,*,#4066,.T.);
#2626=ORIENTED_EDGE('',*,*,#4067,.T.);
#2627=ORIENTED_EDGE('',*,*,#4066,.F.);
#2628=ORIENTED_EDGE('',*,*,#4047,.F.);
#2629=ORIENTED_EDGE('',*,*,#4068,.T.);
#2630=ORIENTED_EDGE('',*,*,#4069,.T.);
#2631=ORIENTED_EDGE('',*,*,#4068,.F.);
#2632=ORIENTED_EDGE('',*,*,#4046,.F.);
#2633=ORIENTED_EDGE('',*,*,#4070,.T.);
#2634=ORIENTED_EDGE('',*,*,#4071,.T.);
#2635=ORIENTED_EDGE('',*,*,#4070,.F.);
#2636=ORIENTED_EDGE('',*,*,#4045,.F.);
#2637=ORIENTED_EDGE('',*,*,#4072,.T.);
#2638=ORIENTED_EDGE('',*,*,#4073,.T.);
#2639=ORIENTED_EDGE('',*,*,#4072,.F.);
#2640=ORIENTED_EDGE('',*,*,#4044,.F.);
#2641=ORIENTED_EDGE('',*,*,#4074,.T.);
#2642=ORIENTED_EDGE('',*,*,#4075,.T.);
#2643=ORIENTED_EDGE('',*,*,#4074,.F.);
#2644=ORIENTED_EDGE('',*,*,#4043,.F.);
#2645=ORIENTED_EDGE('',*,*,#4076,.T.);
#2646=ORIENTED_EDGE('',*,*,#4077,.T.);
#2647=ORIENTED_EDGE('',*,*,#4076,.F.);
#2648=ORIENTED_EDGE('',*,*,#4042,.F.);
#2649=ORIENTED_EDGE('',*,*,#4055,.T.);
#2650=ORIENTED_EDGE('',*,*,#4078,.T.);
#2651=ORIENTED_EDGE('',*,*,#4079,.T.);
#2652=ORIENTED_EDGE('',*,*,#4080,.T.);
#2653=ORIENTED_EDGE('',*,*,#4081,.T.);
#2654=ORIENTED_EDGE('',*,*,#4082,.T.);
#2655=ORIENTED_EDGE('',*,*,#4083,.T.);
#2656=ORIENTED_EDGE('',*,*,#4084,.T.);
#2657=ORIENTED_EDGE('',*,*,#4085,.T.);
#2658=ORIENTED_EDGE('',*,*,#4086,.T.);
#2659=ORIENTED_EDGE('',*,*,#4087,.T.);
#2660=ORIENTED_EDGE('',*,*,#4088,.T.);
#2661=ORIENTED_EDGE('',*,*,#4089,.T.);
#2662=ORIENTED_EDGE('',*,*,#4090,.T.);
#2663=ORIENTED_EDGE('',*,*,#4091,.T.);
#2664=ORIENTED_EDGE('',*,*,#4092,.T.);
#2665=ORIENTED_EDGE('',*,*,#4093,.F.);
#2666=ORIENTED_EDGE('',*,*,#4091,.F.);
#2667=ORIENTED_EDGE('',*,*,#4094,.T.);
#2668=ORIENTED_EDGE('',*,*,#4095,.T.);
#2669=ORIENTED_EDGE('',*,*,#4094,.F.);
#2670=ORIENTED_EDGE('',*,*,#4090,.F.);
#2671=ORIENTED_EDGE('',*,*,#4096,.T.);
#2672=ORIENTED_EDGE('',*,*,#4097,.T.);
#2673=ORIENTED_EDGE('',*,*,#4096,.F.);
#2674=ORIENTED_EDGE('',*,*,#4089,.F.);
#2675=ORIENTED_EDGE('',*,*,#4098,.T.);
#2676=ORIENTED_EDGE('',*,*,#4099,.T.);
#2677=ORIENTED_EDGE('',*,*,#4098,.F.);
#2678=ORIENTED_EDGE('',*,*,#4088,.F.);
#2679=ORIENTED_EDGE('',*,*,#4100,.T.);
#2680=ORIENTED_EDGE('',*,*,#4101,.T.);
#2681=ORIENTED_EDGE('',*,*,#4100,.F.);
#2682=ORIENTED_EDGE('',*,*,#4087,.F.);
#2683=ORIENTED_EDGE('',*,*,#4102,.T.);
#2684=ORIENTED_EDGE('',*,*,#4103,.T.);
#2685=ORIENTED_EDGE('',*,*,#4102,.F.);
#2686=ORIENTED_EDGE('',*,*,#4086,.F.);
#2687=ORIENTED_EDGE('',*,*,#4104,.T.);
#2688=ORIENTED_EDGE('',*,*,#4105,.T.);
#2689=ORIENTED_EDGE('',*,*,#4104,.F.);
#2690=ORIENTED_EDGE('',*,*,#4085,.F.);
#2691=ORIENTED_EDGE('',*,*,#4106,.T.);
#2692=ORIENTED_EDGE('',*,*,#4107,.T.);
#2693=ORIENTED_EDGE('',*,*,#4106,.F.);
#2694=ORIENTED_EDGE('',*,*,#4084,.F.);
#2695=ORIENTED_EDGE('',*,*,#4108,.T.);
#2696=ORIENTED_EDGE('',*,*,#4109,.T.);
#2697=ORIENTED_EDGE('',*,*,#4108,.F.);
#2698=ORIENTED_EDGE('',*,*,#4083,.F.);
#2699=ORIENTED_EDGE('',*,*,#4110,.T.);
#2700=ORIENTED_EDGE('',*,*,#4111,.T.);
#2701=ORIENTED_EDGE('',*,*,#4110,.F.);
#2702=ORIENTED_EDGE('',*,*,#4082,.F.);
#2703=ORIENTED_EDGE('',*,*,#4112,.T.);
#2704=ORIENTED_EDGE('',*,*,#4113,.T.);
#2705=ORIENTED_EDGE('',*,*,#4112,.F.);
#2706=ORIENTED_EDGE('',*,*,#4081,.F.);
#2707=ORIENTED_EDGE('',*,*,#4114,.T.);
#2708=ORIENTED_EDGE('',*,*,#4115,.T.);
#2709=ORIENTED_EDGE('',*,*,#4114,.F.);
#2710=ORIENTED_EDGE('',*,*,#4080,.F.);
#2711=ORIENTED_EDGE('',*,*,#4116,.T.);
#2712=ORIENTED_EDGE('',*,*,#4117,.T.);
#2713=ORIENTED_EDGE('',*,*,#4116,.F.);
#2714=ORIENTED_EDGE('',*,*,#4079,.F.);
#2715=ORIENTED_EDGE('',*,*,#4118,.T.);
#2716=ORIENTED_EDGE('',*,*,#4119,.T.);
#2717=ORIENTED_EDGE('',*,*,#4118,.F.);
#2718=ORIENTED_EDGE('',*,*,#4078,.F.);
#2719=ORIENTED_EDGE('',*,*,#4093,.T.);
#2720=ORIENTED_EDGE('',*,*,#4120,.T.);
#2721=ORIENTED_EDGE('',*,*,#4121,.T.);
#2722=ORIENTED_EDGE('',*,*,#4122,.T.);
#2723=ORIENTED_EDGE('',*,*,#4123,.T.);
#2724=ORIENTED_EDGE('',*,*,#4124,.T.);
#2725=ORIENTED_EDGE('',*,*,#4125,.T.);
#2726=ORIENTED_EDGE('',*,*,#4126,.T.);
#2727=ORIENTED_EDGE('',*,*,#4127,.F.);
#2728=ORIENTED_EDGE('',*,*,#4125,.F.);
#2729=ORIENTED_EDGE('',*,*,#4128,.T.);
#2730=ORIENTED_EDGE('',*,*,#4129,.T.);
#2731=ORIENTED_EDGE('',*,*,#4128,.F.);
#2732=ORIENTED_EDGE('',*,*,#4124,.F.);
#2733=ORIENTED_EDGE('',*,*,#4130,.T.);
#2734=ORIENTED_EDGE('',*,*,#4131,.T.);
#2735=ORIENTED_EDGE('',*,*,#4130,.F.);
#2736=ORIENTED_EDGE('',*,*,#4123,.F.);
#2737=ORIENTED_EDGE('',*,*,#4132,.T.);
#2738=ORIENTED_EDGE('',*,*,#4133,.T.);
#2739=ORIENTED_EDGE('',*,*,#4132,.F.);
#2740=ORIENTED_EDGE('',*,*,#4122,.F.);
#2741=ORIENTED_EDGE('',*,*,#4134,.T.);
#2742=ORIENTED_EDGE('',*,*,#4135,.T.);
#2743=ORIENTED_EDGE('',*,*,#4134,.F.);
#2744=ORIENTED_EDGE('',*,*,#4121,.F.);
#2745=ORIENTED_EDGE('',*,*,#4136,.T.);
#2746=ORIENTED_EDGE('',*,*,#4137,.T.);
#2747=ORIENTED_EDGE('',*,*,#4136,.F.);
#2748=ORIENTED_EDGE('',*,*,#4120,.F.);
#2749=ORIENTED_EDGE('',*,*,#4127,.T.);
#2750=ORIENTED_EDGE('',*,*,#4138,.T.);
#2751=ORIENTED_EDGE('',*,*,#4139,.F.);
#2752=ORIENTED_EDGE('',*,*,#4140,.T.);
#2753=ORIENTED_EDGE('',*,*,#4141,.F.);
#2754=ORIENTED_EDGE('',*,*,#4142,.T.);
#2755=ORIENTED_EDGE('',*,*,#4143,.T.);
#2756=ORIENTED_EDGE('',*,*,#4140,.F.);
#2757=ORIENTED_EDGE('',*,*,#4144,.T.);
#2758=ORIENTED_EDGE('',*,*,#4145,.T.);
#2759=ORIENTED_EDGE('',*,*,#4138,.F.);
#2760=ORIENTED_EDGE('',*,*,#4146,.F.);
#2761=ORIENTED_EDGE('',*,*,#4147,.F.);
#2762=ORIENTED_EDGE('',*,*,#4142,.F.);
#2763=ORIENTED_EDGE('',*,*,#4148,.F.);
#2764=ORIENTED_EDGE('',*,*,#4149,.T.);
#2765=ORIENTED_EDGE('',*,*,#4150,.F.);
#2766=ORIENTED_EDGE('',*,*,#4143,.F.);
#2767=ORIENTED_EDGE('',*,*,#4151,.F.);
#2768=ORIENTED_EDGE('',*,*,#4152,.T.);
#2769=ORIENTED_EDGE('',*,*,#4153,.F.);
#2770=ORIENTED_EDGE('',*,*,#4144,.F.);
#2771=ORIENTED_EDGE('',*,*,#4154,.F.);
#2772=ORIENTED_EDGE('',*,*,#4155,.F.);
#2773=ORIENTED_EDGE('',*,*,#4156,.F.);
#2774=ORIENTED_EDGE('',*,*,#4145,.F.);
#2775=ORIENTED_EDGE('',*,*,#4157,.F.);
#2776=ORIENTED_EDGE('',*,*,#4158,.T.);
#2777=ORIENTED_EDGE('',*,*,#4159,.T.);
#2778=ORIENTED_EDGE('',*,*,#4149,.F.);
#2779=ORIENTED_EDGE('',*,*,#4160,.T.);
#2780=ORIENTED_EDGE('',*,*,#4161,.T.);
#2781=ORIENTED_EDGE('',*,*,#4152,.F.);
#2782=ORIENTED_EDGE('',*,*,#4162,.F.);
#2783=ORIENTED_EDGE('',*,*,#4163,.F.);
#2784=ORIENTED_EDGE('',*,*,#4158,.F.);
#2785=ORIENTED_EDGE('',*,*,#4164,.F.);
#2786=ORIENTED_EDGE('',*,*,#4159,.F.);
#2787=ORIENTED_EDGE('',*,*,#4165,.F.);
#2788=ORIENTED_EDGE('',*,*,#4160,.F.);
#2789=ORIENTED_EDGE('',*,*,#4166,.F.);
#2790=ORIENTED_EDGE('',*,*,#4167,.F.);
#2791=ORIENTED_EDGE('',*,*,#4168,.F.);
#2792=ORIENTED_EDGE('',*,*,#4161,.F.);
#2793=ORIENTED_EDGE('',*,*,#4169,.F.);
#2794=ORIENTED_EDGE('',*,*,#4170,.F.);
#2795=ORIENTED_EDGE('',*,*,#4171,.F.);
#2796=ORIENTED_EDGE('',*,*,#4172,.F.);
#2797=ORIENTED_EDGE('',*,*,#4173,.F.);
#2798=ORIENTED_EDGE('',*,*,#4174,.F.);
#2799=ORIENTED_EDGE('',*,*,#4175,.F.);
#2800=ORIENTED_EDGE('',*,*,#4173,.T.);
#2801=ORIENTED_EDGE('',*,*,#4176,.T.);
#2802=ORIENTED_EDGE('',*,*,#4177,.F.);
#2803=ORIENTED_EDGE('',*,*,#4176,.F.);
#2804=ORIENTED_EDGE('',*,*,#4172,.T.);
#2805=ORIENTED_EDGE('',*,*,#4178,.T.);
#2806=ORIENTED_EDGE('',*,*,#4179,.F.);
#2807=ORIENTED_EDGE('',*,*,#4178,.F.);
#2808=ORIENTED_EDGE('',*,*,#4171,.T.);
#2809=ORIENTED_EDGE('',*,*,#4180,.T.);
#2810=ORIENTED_EDGE('',*,*,#4181,.F.);
#2811=ORIENTED_EDGE('',*,*,#4180,.F.);
#2812=ORIENTED_EDGE('',*,*,#4170,.T.);
#2813=ORIENTED_EDGE('',*,*,#4175,.T.);
#2814=ORIENTED_EDGE('',*,*,#4182,.F.);
#2815=ORIENTED_EDGE('',*,*,#4183,.F.);
#2816=ORIENTED_EDGE('',*,*,#4184,.F.);
#2817=ORIENTED_EDGE('',*,*,#4185,.F.);
#2818=ORIENTED_EDGE('',*,*,#4186,.F.);
#2819=ORIENTED_EDGE('',*,*,#4187,.F.);
#2820=ORIENTED_EDGE('',*,*,#4185,.T.);
#2821=ORIENTED_EDGE('',*,*,#4188,.T.);
#2822=ORIENTED_EDGE('',*,*,#4189,.F.);
#2823=ORIENTED_EDGE('',*,*,#4188,.F.);
#2824=ORIENTED_EDGE('',*,*,#4184,.T.);
#2825=ORIENTED_EDGE('',*,*,#4190,.T.);
#2826=ORIENTED_EDGE('',*,*,#4191,.F.);
#2827=ORIENTED_EDGE('',*,*,#4190,.F.);
#2828=ORIENTED_EDGE('',*,*,#4183,.T.);
#2829=ORIENTED_EDGE('',*,*,#4192,.T.);
#2830=ORIENTED_EDGE('',*,*,#4193,.F.);
#2831=ORIENTED_EDGE('',*,*,#4192,.F.);
#2832=ORIENTED_EDGE('',*,*,#4182,.T.);
#2833=ORIENTED_EDGE('',*,*,#4187,.T.);
#2834=ORIENTED_EDGE('',*,*,#4194,.T.);
#2835=ORIENTED_EDGE('',*,*,#4195,.T.);
#2836=ORIENTED_EDGE('',*,*,#4196,.T.);
#2837=ORIENTED_EDGE('',*,*,#4197,.T.);
#2838=ORIENTED_EDGE('',*,*,#4198,.T.);
#2839=ORIENTED_EDGE('',*,*,#4199,.F.);
#2840=ORIENTED_EDGE('',*,*,#4197,.F.);
#2841=ORIENTED_EDGE('',*,*,#4200,.T.);
#2842=ORIENTED_EDGE('',*,*,#4201,.T.);
#2843=ORIENTED_EDGE('',*,*,#4200,.F.);
#2844=ORIENTED_EDGE('',*,*,#4196,.F.);
#2845=ORIENTED_EDGE('',*,*,#4202,.T.);
#2846=ORIENTED_EDGE('',*,*,#4203,.T.);
#2847=ORIENTED_EDGE('',*,*,#4202,.F.);
#2848=ORIENTED_EDGE('',*,*,#4195,.F.);
#2849=ORIENTED_EDGE('',*,*,#4204,.T.);
#2850=ORIENTED_EDGE('',*,*,#4205,.T.);
#2851=ORIENTED_EDGE('',*,*,#4204,.F.);
#2852=ORIENTED_EDGE('',*,*,#4194,.F.);
#2853=ORIENTED_EDGE('',*,*,#4199,.T.);
#2854=ORIENTED_EDGE('',*,*,#4206,.T.);
#2855=ORIENTED_EDGE('',*,*,#4207,.T.);
#2856=ORIENTED_EDGE('',*,*,#4208,.T.);
#2857=ORIENTED_EDGE('',*,*,#4209,.T.);
#2858=ORIENTED_EDGE('',*,*,#4210,.T.);
#2859=ORIENTED_EDGE('',*,*,#4211,.F.);
#2860=ORIENTED_EDGE('',*,*,#4209,.F.);
#2861=ORIENTED_EDGE('',*,*,#4212,.T.);
#2862=ORIENTED_EDGE('',*,*,#4213,.T.);
#2863=ORIENTED_EDGE('',*,*,#4212,.F.);
#2864=ORIENTED_EDGE('',*,*,#4208,.F.);
#2865=ORIENTED_EDGE('',*,*,#4214,.T.);
#2866=ORIENTED_EDGE('',*,*,#4215,.T.);
#2867=ORIENTED_EDGE('',*,*,#4214,.F.);
#2868=ORIENTED_EDGE('',*,*,#4207,.F.);
#2869=ORIENTED_EDGE('',*,*,#4216,.T.);
#2870=ORIENTED_EDGE('',*,*,#4217,.T.);
#2871=ORIENTED_EDGE('',*,*,#4216,.F.);
#2872=ORIENTED_EDGE('',*,*,#4206,.F.);
#2873=ORIENTED_EDGE('',*,*,#4211,.T.);
#2874=ORIENTED_EDGE('',*,*,#4218,.F.);
#2875=ORIENTED_EDGE('',*,*,#4219,.F.);
#2876=ORIENTED_EDGE('',*,*,#4220,.F.);
#2877=ORIENTED_EDGE('',*,*,#4221,.F.);
#2878=ORIENTED_EDGE('',*,*,#4222,.F.);
#2879=ORIENTED_EDGE('',*,*,#4223,.F.);
#2880=ORIENTED_EDGE('',*,*,#4221,.T.);
#2881=ORIENTED_EDGE('',*,*,#4224,.T.);
#2882=ORIENTED_EDGE('',*,*,#4225,.F.);
#2883=ORIENTED_EDGE('',*,*,#4224,.F.);
#2884=ORIENTED_EDGE('',*,*,#4220,.T.);
#2885=ORIENTED_EDGE('',*,*,#4226,.T.);
#2886=ORIENTED_EDGE('',*,*,#4227,.F.);
#2887=ORIENTED_EDGE('',*,*,#4226,.F.);
#2888=ORIENTED_EDGE('',*,*,#4219,.T.);
#2889=ORIENTED_EDGE('',*,*,#4228,.T.);
#2890=ORIENTED_EDGE('',*,*,#4229,.F.);
#2891=ORIENTED_EDGE('',*,*,#4228,.F.);
#2892=ORIENTED_EDGE('',*,*,#4218,.T.);
#2893=ORIENTED_EDGE('',*,*,#4223,.T.);
#2894=ORIENTED_EDGE('',*,*,#4230,.F.);
#2895=ORIENTED_EDGE('',*,*,#4231,.F.);
#2896=ORIENTED_EDGE('',*,*,#4232,.F.);
#2897=ORIENTED_EDGE('',*,*,#4233,.F.);
#2898=ORIENTED_EDGE('',*,*,#4234,.F.);
#2899=ORIENTED_EDGE('',*,*,#4235,.F.);
#2900=ORIENTED_EDGE('',*,*,#4233,.T.);
#2901=ORIENTED_EDGE('',*,*,#4236,.T.);
#2902=ORIENTED_EDGE('',*,*,#4237,.F.);
#2903=ORIENTED_EDGE('',*,*,#4236,.F.);
#2904=ORIENTED_EDGE('',*,*,#4232,.T.);
#2905=ORIENTED_EDGE('',*,*,#4238,.T.);
#2906=ORIENTED_EDGE('',*,*,#4239,.F.);
#2907=ORIENTED_EDGE('',*,*,#4238,.F.);
#2908=ORIENTED_EDGE('',*,*,#4231,.T.);
#2909=ORIENTED_EDGE('',*,*,#4240,.T.);
#2910=ORIENTED_EDGE('',*,*,#4241,.F.);
#2911=ORIENTED_EDGE('',*,*,#4240,.F.);
#2912=ORIENTED_EDGE('',*,*,#4230,.T.);
#2913=ORIENTED_EDGE('',*,*,#4235,.T.);
#2914=ORIENTED_EDGE('',*,*,#4242,.F.);
#2915=ORIENTED_EDGE('',*,*,#4243,.F.);
#2916=ORIENTED_EDGE('',*,*,#4244,.F.);
#2917=ORIENTED_EDGE('',*,*,#4245,.F.);
#2918=ORIENTED_EDGE('',*,*,#4246,.F.);
#2919=ORIENTED_EDGE('',*,*,#4247,.F.);
#2920=ORIENTED_EDGE('',*,*,#4245,.T.);
#2921=ORIENTED_EDGE('',*,*,#4248,.T.);
#2922=ORIENTED_EDGE('',*,*,#4249,.F.);
#2923=ORIENTED_EDGE('',*,*,#4248,.F.);
#2924=ORIENTED_EDGE('',*,*,#4244,.T.);
#2925=ORIENTED_EDGE('',*,*,#4250,.T.);
#2926=ORIENTED_EDGE('',*,*,#4251,.F.);
#2927=ORIENTED_EDGE('',*,*,#4250,.F.);
#2928=ORIENTED_EDGE('',*,*,#4243,.T.);
#2929=ORIENTED_EDGE('',*,*,#4252,.T.);
#2930=ORIENTED_EDGE('',*,*,#4253,.F.);
#2931=ORIENTED_EDGE('',*,*,#4252,.F.);
#2932=ORIENTED_EDGE('',*,*,#4242,.T.);
#2933=ORIENTED_EDGE('',*,*,#4247,.T.);
#2934=ORIENTED_EDGE('',*,*,#4254,.T.);
#2935=ORIENTED_EDGE('',*,*,#4255,.T.);
#2936=ORIENTED_EDGE('',*,*,#4256,.T.);
#2937=ORIENTED_EDGE('',*,*,#4257,.T.);
#2938=ORIENTED_EDGE('',*,*,#4258,.T.);
#2939=ORIENTED_EDGE('',*,*,#4259,.F.);
#2940=ORIENTED_EDGE('',*,*,#4257,.F.);
#2941=ORIENTED_EDGE('',*,*,#4260,.T.);
#2942=ORIENTED_EDGE('',*,*,#4261,.T.);
#2943=ORIENTED_EDGE('',*,*,#4260,.F.);
#2944=ORIENTED_EDGE('',*,*,#4256,.F.);
#2945=ORIENTED_EDGE('',*,*,#4262,.T.);
#2946=ORIENTED_EDGE('',*,*,#4263,.T.);
#2947=ORIENTED_EDGE('',*,*,#4262,.F.);
#2948=ORIENTED_EDGE('',*,*,#4255,.F.);
#2949=ORIENTED_EDGE('',*,*,#4264,.T.);
#2950=ORIENTED_EDGE('',*,*,#4265,.T.);
#2951=ORIENTED_EDGE('',*,*,#4264,.F.);
#2952=ORIENTED_EDGE('',*,*,#4254,.F.);
#2953=ORIENTED_EDGE('',*,*,#4259,.T.);
#2954=ORIENTED_EDGE('',*,*,#4266,.T.);
#2955=ORIENTED_EDGE('',*,*,#4267,.T.);
#2956=ORIENTED_EDGE('',*,*,#4268,.T.);
#2957=ORIENTED_EDGE('',*,*,#4269,.T.);
#2958=ORIENTED_EDGE('',*,*,#4270,.T.);
#2959=ORIENTED_EDGE('',*,*,#4271,.F.);
#2960=ORIENTED_EDGE('',*,*,#4269,.F.);
#2961=ORIENTED_EDGE('',*,*,#4272,.T.);
#2962=ORIENTED_EDGE('',*,*,#4273,.T.);
#2963=ORIENTED_EDGE('',*,*,#4272,.F.);
#2964=ORIENTED_EDGE('',*,*,#4268,.F.);
#2965=ORIENTED_EDGE('',*,*,#4274,.T.);
#2966=ORIENTED_EDGE('',*,*,#4275,.T.);
#2967=ORIENTED_EDGE('',*,*,#4274,.F.);
#2968=ORIENTED_EDGE('',*,*,#4267,.F.);
#2969=ORIENTED_EDGE('',*,*,#4276,.T.);
#2970=ORIENTED_EDGE('',*,*,#4277,.T.);
#2971=ORIENTED_EDGE('',*,*,#4276,.F.);
#2972=ORIENTED_EDGE('',*,*,#4266,.F.);
#2973=ORIENTED_EDGE('',*,*,#4271,.T.);
#2974=ORIENTED_EDGE('',*,*,#4278,.T.);
#2975=ORIENTED_EDGE('',*,*,#4279,.T.);
#2976=ORIENTED_EDGE('',*,*,#4280,.T.);
#2977=ORIENTED_EDGE('',*,*,#4281,.T.);
#2978=ORIENTED_EDGE('',*,*,#4282,.T.);
#2979=ORIENTED_EDGE('',*,*,#4283,.F.);
#2980=ORIENTED_EDGE('',*,*,#4281,.F.);
#2981=ORIENTED_EDGE('',*,*,#4284,.T.);
#2982=ORIENTED_EDGE('',*,*,#4285,.T.);
#2983=ORIENTED_EDGE('',*,*,#4284,.F.);
#2984=ORIENTED_EDGE('',*,*,#4280,.F.);
#2985=ORIENTED_EDGE('',*,*,#4286,.T.);
#2986=ORIENTED_EDGE('',*,*,#4287,.T.);
#2987=ORIENTED_EDGE('',*,*,#4286,.F.);
#2988=ORIENTED_EDGE('',*,*,#4279,.F.);
#2989=ORIENTED_EDGE('',*,*,#4288,.T.);
#2990=ORIENTED_EDGE('',*,*,#4289,.T.);
#2991=ORIENTED_EDGE('',*,*,#4288,.F.);
#2992=ORIENTED_EDGE('',*,*,#4278,.F.);
#2993=ORIENTED_EDGE('',*,*,#4283,.T.);
#2994=ORIENTED_EDGE('',*,*,#4290,.T.);
#2995=ORIENTED_EDGE('',*,*,#4291,.T.);
#2996=ORIENTED_EDGE('',*,*,#4292,.F.);
#2997=ORIENTED_EDGE('',*,*,#4293,.F.);
#2998=ORIENTED_EDGE('',*,*,#4294,.T.);
#2999=ORIENTED_EDGE('',*,*,#4295,.T.);
#3000=ORIENTED_EDGE('',*,*,#4296,.T.);
#3001=ORIENTED_EDGE('',*,*,#4297,.T.);
#3002=ORIENTED_EDGE('',*,*,#4298,.T.);
#3003=ORIENTED_EDGE('',*,*,#4299,.T.);
#3004=ORIENTED_EDGE('',*,*,#4300,.T.);
#3005=ORIENTED_EDGE('',*,*,#4301,.T.);
#3006=ORIENTED_EDGE('',*,*,#4302,.T.);
#3007=ORIENTED_EDGE('',*,*,#4303,.T.);
#3008=ORIENTED_EDGE('',*,*,#4304,.F.);
#3009=ORIENTED_EDGE('',*,*,#4302,.F.);
#3010=ORIENTED_EDGE('',*,*,#4305,.T.);
#3011=ORIENTED_EDGE('',*,*,#4306,.T.);
#3012=ORIENTED_EDGE('',*,*,#4305,.F.);
#3013=ORIENTED_EDGE('',*,*,#4301,.F.);
#3014=ORIENTED_EDGE('',*,*,#4307,.T.);
#3015=ORIENTED_EDGE('',*,*,#4308,.T.);
#3016=ORIENTED_EDGE('',*,*,#4307,.F.);
#3017=ORIENTED_EDGE('',*,*,#4300,.F.);
#3018=ORIENTED_EDGE('',*,*,#4309,.T.);
#3019=ORIENTED_EDGE('',*,*,#4310,.T.);
#3020=ORIENTED_EDGE('',*,*,#4309,.F.);
#3021=ORIENTED_EDGE('',*,*,#4299,.F.);
#3022=ORIENTED_EDGE('',*,*,#4311,.T.);
#3023=ORIENTED_EDGE('',*,*,#4312,.T.);
#3024=ORIENTED_EDGE('',*,*,#4311,.F.);
#3025=ORIENTED_EDGE('',*,*,#4298,.F.);
#3026=ORIENTED_EDGE('',*,*,#4313,.T.);
#3027=ORIENTED_EDGE('',*,*,#4314,.T.);
#3028=ORIENTED_EDGE('',*,*,#4313,.F.);
#3029=ORIENTED_EDGE('',*,*,#4297,.F.);
#3030=ORIENTED_EDGE('',*,*,#4315,.T.);
#3031=ORIENTED_EDGE('',*,*,#4316,.T.);
#3032=ORIENTED_EDGE('',*,*,#4315,.F.);
#3033=ORIENTED_EDGE('',*,*,#4296,.F.);
#3034=ORIENTED_EDGE('',*,*,#4317,.T.);
#3035=ORIENTED_EDGE('',*,*,#4318,.T.);
#3036=ORIENTED_EDGE('',*,*,#4317,.F.);
#3037=ORIENTED_EDGE('',*,*,#4295,.F.);
#3038=ORIENTED_EDGE('',*,*,#4304,.T.);
#3039=ORIENTED_EDGE('',*,*,#4319,.T.);
#3040=ORIENTED_EDGE('',*,*,#4320,.T.);
#3041=ORIENTED_EDGE('',*,*,#4321,.T.);
#3042=ORIENTED_EDGE('',*,*,#4322,.T.);
#3043=ORIENTED_EDGE('',*,*,#4323,.T.);
#3044=ORIENTED_EDGE('',*,*,#4324,.T.);
#3045=ORIENTED_EDGE('',*,*,#4325,.T.);
#3046=ORIENTED_EDGE('',*,*,#4326,.T.);
#3047=ORIENTED_EDGE('',*,*,#4327,.T.);
#3048=ORIENTED_EDGE('',*,*,#4328,.F.);
#3049=ORIENTED_EDGE('',*,*,#4326,.F.);
#3050=ORIENTED_EDGE('',*,*,#4329,.T.);
#3051=ORIENTED_EDGE('',*,*,#4330,.T.);
#3052=ORIENTED_EDGE('',*,*,#4329,.F.);
#3053=ORIENTED_EDGE('',*,*,#4325,.F.);
#3054=ORIENTED_EDGE('',*,*,#4331,.T.);
#3055=ORIENTED_EDGE('',*,*,#4332,.T.);
#3056=ORIENTED_EDGE('',*,*,#4331,.F.);
#3057=ORIENTED_EDGE('',*,*,#4324,.F.);
#3058=ORIENTED_EDGE('',*,*,#4333,.T.);
#3059=ORIENTED_EDGE('',*,*,#4334,.T.);
#3060=ORIENTED_EDGE('',*,*,#4333,.F.);
#3061=ORIENTED_EDGE('',*,*,#4323,.F.);
#3062=ORIENTED_EDGE('',*,*,#4335,.T.);
#3063=ORIENTED_EDGE('',*,*,#4336,.T.);
#3064=ORIENTED_EDGE('',*,*,#4335,.F.);
#3065=ORIENTED_EDGE('',*,*,#4322,.F.);
#3066=ORIENTED_EDGE('',*,*,#4337,.T.);
#3067=ORIENTED_EDGE('',*,*,#4338,.T.);
#3068=ORIENTED_EDGE('',*,*,#4337,.F.);
#3069=ORIENTED_EDGE('',*,*,#4321,.F.);
#3070=ORIENTED_EDGE('',*,*,#4339,.T.);
#3071=ORIENTED_EDGE('',*,*,#4340,.T.);
#3072=ORIENTED_EDGE('',*,*,#4339,.F.);
#3073=ORIENTED_EDGE('',*,*,#4320,.F.);
#3074=ORIENTED_EDGE('',*,*,#4341,.T.);
#3075=ORIENTED_EDGE('',*,*,#4342,.T.);
#3076=ORIENTED_EDGE('',*,*,#4341,.F.);
#3077=ORIENTED_EDGE('',*,*,#4319,.F.);
#3078=ORIENTED_EDGE('',*,*,#4328,.T.);
#3079=ORIENTED_EDGE('',*,*,#4343,.T.);
#3080=ORIENTED_EDGE('',*,*,#4344,.T.);
#3081=ORIENTED_EDGE('',*,*,#4345,.T.);
#3082=ORIENTED_EDGE('',*,*,#4346,.T.);
#3083=ORIENTED_EDGE('',*,*,#4347,.T.);
#3084=ORIENTED_EDGE('',*,*,#4348,.T.);
#3085=ORIENTED_EDGE('',*,*,#4349,.T.);
#3086=ORIENTED_EDGE('',*,*,#4350,.T.);
#3087=ORIENTED_EDGE('',*,*,#4351,.T.);
#3088=ORIENTED_EDGE('',*,*,#4352,.F.);
#3089=ORIENTED_EDGE('',*,*,#4350,.F.);
#3090=ORIENTED_EDGE('',*,*,#4353,.T.);
#3091=ORIENTED_EDGE('',*,*,#4354,.T.);
#3092=ORIENTED_EDGE('',*,*,#4353,.F.);
#3093=ORIENTED_EDGE('',*,*,#4349,.F.);
#3094=ORIENTED_EDGE('',*,*,#4355,.T.);
#3095=ORIENTED_EDGE('',*,*,#4356,.T.);
#3096=ORIENTED_EDGE('',*,*,#4355,.F.);
#3097=ORIENTED_EDGE('',*,*,#4348,.F.);
#3098=ORIENTED_EDGE('',*,*,#4357,.T.);
#3099=ORIENTED_EDGE('',*,*,#4358,.T.);
#3100=ORIENTED_EDGE('',*,*,#4357,.F.);
#3101=ORIENTED_EDGE('',*,*,#4347,.F.);
#3102=ORIENTED_EDGE('',*,*,#4359,.T.);
#3103=ORIENTED_EDGE('',*,*,#4360,.T.);
#3104=ORIENTED_EDGE('',*,*,#4359,.F.);
#3105=ORIENTED_EDGE('',*,*,#4346,.F.);
#3106=ORIENTED_EDGE('',*,*,#4361,.T.);
#3107=ORIENTED_EDGE('',*,*,#4362,.T.);
#3108=ORIENTED_EDGE('',*,*,#4361,.F.);
#3109=ORIENTED_EDGE('',*,*,#4345,.F.);
#3110=ORIENTED_EDGE('',*,*,#4363,.T.);
#3111=ORIENTED_EDGE('',*,*,#4364,.T.);
#3112=ORIENTED_EDGE('',*,*,#4363,.F.);
#3113=ORIENTED_EDGE('',*,*,#4344,.F.);
#3114=ORIENTED_EDGE('',*,*,#4365,.T.);
#3115=ORIENTED_EDGE('',*,*,#4366,.T.);
#3116=ORIENTED_EDGE('',*,*,#4365,.F.);
#3117=ORIENTED_EDGE('',*,*,#4343,.F.);
#3118=ORIENTED_EDGE('',*,*,#4352,.T.);
#3119=ORIENTED_EDGE('',*,*,#4367,.T.);
#3120=ORIENTED_EDGE('',*,*,#4291,.F.);
#3121=ORIENTED_EDGE('',*,*,#4368,.T.);
#3122=ORIENTED_EDGE('',*,*,#4369,.T.);
#3123=ORIENTED_EDGE('',*,*,#4370,.T.);
#3124=ORIENTED_EDGE('',*,*,#4371,.T.);
#3125=ORIENTED_EDGE('',*,*,#4372,.T.);
#3126=ORIENTED_EDGE('',*,*,#4373,.T.);
#3127=ORIENTED_EDGE('',*,*,#4374,.T.);
#3128=ORIENTED_EDGE('',*,*,#4375,.F.);
#3129=ORIENTED_EDGE('',*,*,#4373,.F.);
#3130=ORIENTED_EDGE('',*,*,#4376,.T.);
#3131=ORIENTED_EDGE('',*,*,#4377,.T.);
#3132=ORIENTED_EDGE('',*,*,#4376,.F.);
#3133=ORIENTED_EDGE('',*,*,#4372,.F.);
#3134=ORIENTED_EDGE('',*,*,#4378,.T.);
#3135=ORIENTED_EDGE('',*,*,#4379,.T.);
#3136=ORIENTED_EDGE('',*,*,#4378,.F.);
#3137=ORIENTED_EDGE('',*,*,#4371,.F.);
#3138=ORIENTED_EDGE('',*,*,#4380,.T.);
#3139=ORIENTED_EDGE('',*,*,#4381,.T.);
#3140=ORIENTED_EDGE('',*,*,#4380,.F.);
#3141=ORIENTED_EDGE('',*,*,#4370,.F.);
#3142=ORIENTED_EDGE('',*,*,#4382,.T.);
#3143=ORIENTED_EDGE('',*,*,#4383,.T.);
#3144=ORIENTED_EDGE('',*,*,#4382,.F.);
#3145=ORIENTED_EDGE('',*,*,#4369,.F.);
#3146=ORIENTED_EDGE('',*,*,#4384,.T.);
#3147=ORIENTED_EDGE('',*,*,#4368,.F.);
#3148=ORIENTED_EDGE('',*,*,#4294,.F.);
#3149=ORIENTED_EDGE('',*,*,#4385,.T.);
#3150=ORIENTED_EDGE('',*,*,#4384,.F.);
#3151=ORIENTED_EDGE('',*,*,#4386,.T.);
#3152=ORIENTED_EDGE('',*,*,#4292,.T.);
#3153=ORIENTED_EDGE('',*,*,#4367,.F.);
#3154=ORIENTED_EDGE('',*,*,#4375,.T.);
#3155=ORIENTED_EDGE('',*,*,#4387,.T.);
#3156=ORIENTED_EDGE('',*,*,#4388,.T.);
#3157=ORIENTED_EDGE('',*,*,#4389,.T.);
#3158=ORIENTED_EDGE('',*,*,#4390,.T.);
#3159=ORIENTED_EDGE('',*,*,#4391,.T.);
#3160=ORIENTED_EDGE('',*,*,#4392,.T.);
#3161=ORIENTED_EDGE('',*,*,#4393,.T.);
#3162=ORIENTED_EDGE('',*,*,#4394,.T.);
#3163=ORIENTED_EDGE('',*,*,#4395,.T.);
#3164=ORIENTED_EDGE('',*,*,#4396,.F.);
#3165=ORIENTED_EDGE('',*,*,#4394,.F.);
#3166=ORIENTED_EDGE('',*,*,#4397,.T.);
#3167=ORIENTED_EDGE('',*,*,#4398,.T.);
#3168=ORIENTED_EDGE('',*,*,#4397,.F.);
#3169=ORIENTED_EDGE('',*,*,#4393,.F.);
#3170=ORIENTED_EDGE('',*,*,#4399,.T.);
#3171=ORIENTED_EDGE('',*,*,#4400,.T.);
#3172=ORIENTED_EDGE('',*,*,#4399,.F.);
#3173=ORIENTED_EDGE('',*,*,#4392,.F.);
#3174=ORIENTED_EDGE('',*,*,#4401,.T.);
#3175=ORIENTED_EDGE('',*,*,#4402,.T.);
#3176=ORIENTED_EDGE('',*,*,#4401,.F.);
#3177=ORIENTED_EDGE('',*,*,#4391,.F.);
#3178=ORIENTED_EDGE('',*,*,#4403,.T.);
#3179=ORIENTED_EDGE('',*,*,#4404,.T.);
#3180=ORIENTED_EDGE('',*,*,#4403,.F.);
#3181=ORIENTED_EDGE('',*,*,#4390,.F.);
#3182=ORIENTED_EDGE('',*,*,#4405,.T.);
#3183=ORIENTED_EDGE('',*,*,#4406,.T.);
#3184=ORIENTED_EDGE('',*,*,#4405,.F.);
#3185=ORIENTED_EDGE('',*,*,#4389,.F.);
#3186=ORIENTED_EDGE('',*,*,#4407,.T.);
#3187=ORIENTED_EDGE('',*,*,#4408,.T.);
#3188=ORIENTED_EDGE('',*,*,#4407,.F.);
#3189=ORIENTED_EDGE('',*,*,#4388,.F.);
#3190=ORIENTED_EDGE('',*,*,#4409,.T.);
#3191=ORIENTED_EDGE('',*,*,#4410,.T.);
#3192=ORIENTED_EDGE('',*,*,#4409,.F.);
#3193=ORIENTED_EDGE('',*,*,#4387,.F.);
#3194=ORIENTED_EDGE('',*,*,#4396,.T.);
#3195=ORIENTED_EDGE('',*,*,#4411,.T.);
#3196=ORIENTED_EDGE('',*,*,#4412,.T.);
#3197=ORIENTED_EDGE('',*,*,#4413,.T.);
#3198=ORIENTED_EDGE('',*,*,#4414,.T.);
#3199=ORIENTED_EDGE('',*,*,#4415,.T.);
#3200=ORIENTED_EDGE('',*,*,#4416,.T.);
#3201=ORIENTED_EDGE('',*,*,#4417,.T.);
#3202=ORIENTED_EDGE('',*,*,#4418,.T.);
#3203=ORIENTED_EDGE('',*,*,#4419,.T.);
#3204=ORIENTED_EDGE('',*,*,#4420,.F.);
#3205=ORIENTED_EDGE('',*,*,#4418,.F.);
#3206=ORIENTED_EDGE('',*,*,#4421,.T.);
#3207=ORIENTED_EDGE('',*,*,#4422,.T.);
#3208=ORIENTED_EDGE('',*,*,#4421,.F.);
#3209=ORIENTED_EDGE('',*,*,#4417,.F.);
#3210=ORIENTED_EDGE('',*,*,#4423,.T.);
#3211=ORIENTED_EDGE('',*,*,#4424,.T.);
#3212=ORIENTED_EDGE('',*,*,#4423,.F.);
#3213=ORIENTED_EDGE('',*,*,#4416,.F.);
#3214=ORIENTED_EDGE('',*,*,#4425,.T.);
#3215=ORIENTED_EDGE('',*,*,#4426,.T.);
#3216=ORIENTED_EDGE('',*,*,#4425,.F.);
#3217=ORIENTED_EDGE('',*,*,#4415,.F.);
#3218=ORIENTED_EDGE('',*,*,#4427,.T.);
#3219=ORIENTED_EDGE('',*,*,#4428,.T.);
#3220=ORIENTED_EDGE('',*,*,#4427,.F.);
#3221=ORIENTED_EDGE('',*,*,#4414,.F.);
#3222=ORIENTED_EDGE('',*,*,#4429,.T.);
#3223=ORIENTED_EDGE('',*,*,#4430,.T.);
#3224=ORIENTED_EDGE('',*,*,#4429,.F.);
#3225=ORIENTED_EDGE('',*,*,#4413,.F.);
#3226=ORIENTED_EDGE('',*,*,#4431,.T.);
#3227=ORIENTED_EDGE('',*,*,#4432,.T.);
#3228=ORIENTED_EDGE('',*,*,#4431,.F.);
#3229=ORIENTED_EDGE('',*,*,#4412,.F.);
#3230=ORIENTED_EDGE('',*,*,#4433,.T.);
#3231=ORIENTED_EDGE('',*,*,#4434,.T.);
#3232=ORIENTED_EDGE('',*,*,#4433,.F.);
#3233=ORIENTED_EDGE('',*,*,#4411,.F.);
#3234=ORIENTED_EDGE('',*,*,#4420,.T.);
#3235=ORIENTED_EDGE('',*,*,#4435,.T.);
#3236=ORIENTED_EDGE('',*,*,#4169,.T.);
#3237=ORIENTED_EDGE('',*,*,#4165,.T.);
#3238=ORIENTED_EDGE('',*,*,#4163,.T.);
#3239=ORIENTED_EDGE('',*,*,#4253,.T.);
#3240=ORIENTED_EDGE('',*,*,#4246,.T.);
#3241=ORIENTED_EDGE('',*,*,#4249,.T.);
#3242=ORIENTED_EDGE('',*,*,#4251,.T.);
#3243=ORIENTED_EDGE('',*,*,#4241,.T.);
#3244=ORIENTED_EDGE('',*,*,#4234,.T.);
#3245=ORIENTED_EDGE('',*,*,#4237,.T.);
#3246=ORIENTED_EDGE('',*,*,#4239,.T.);
#3247=ORIENTED_EDGE('',*,*,#4229,.T.);
#3248=ORIENTED_EDGE('',*,*,#4222,.T.);
#3249=ORIENTED_EDGE('',*,*,#4225,.T.);
#3250=ORIENTED_EDGE('',*,*,#4227,.T.);
#3251=ORIENTED_EDGE('',*,*,#4436,.T.);
#3252=ORIENTED_EDGE('',*,*,#4164,.T.);
#3253=ORIENTED_EDGE('',*,*,#4151,.T.);
#3254=ORIENTED_EDGE('',*,*,#4147,.T.);
#3255=ORIENTED_EDGE('',*,*,#4193,.T.);
#3256=ORIENTED_EDGE('',*,*,#4186,.T.);
#3257=ORIENTED_EDGE('',*,*,#4189,.T.);
#3258=ORIENTED_EDGE('',*,*,#4191,.T.);
#3259=ORIENTED_EDGE('',*,*,#4181,.T.);
#3260=ORIENTED_EDGE('',*,*,#4174,.T.);
#3261=ORIENTED_EDGE('',*,*,#4177,.T.);
#3262=ORIENTED_EDGE('',*,*,#4179,.T.);
#3263=ORIENTED_EDGE('',*,*,#4318,.F.);
#3264=ORIENTED_EDGE('',*,*,#4303,.F.);
#3265=ORIENTED_EDGE('',*,*,#4306,.F.);
#3266=ORIENTED_EDGE('',*,*,#4308,.F.);
#3267=ORIENTED_EDGE('',*,*,#4310,.F.);
#3268=ORIENTED_EDGE('',*,*,#4312,.F.);
#3269=ORIENTED_EDGE('',*,*,#4314,.F.);
#3270=ORIENTED_EDGE('',*,*,#4316,.F.);
#3271=ORIENTED_EDGE('',*,*,#4366,.F.);
#3272=ORIENTED_EDGE('',*,*,#4351,.F.);
#3273=ORIENTED_EDGE('',*,*,#4354,.F.);
#3274=ORIENTED_EDGE('',*,*,#4356,.F.);
#3275=ORIENTED_EDGE('',*,*,#4358,.F.);
#3276=ORIENTED_EDGE('',*,*,#4360,.F.);
#3277=ORIENTED_EDGE('',*,*,#4362,.F.);
#3278=ORIENTED_EDGE('',*,*,#4364,.F.);
#3279=ORIENTED_EDGE('',*,*,#4410,.F.);
#3280=ORIENTED_EDGE('',*,*,#4395,.F.);
#3281=ORIENTED_EDGE('',*,*,#4398,.F.);
#3282=ORIENTED_EDGE('',*,*,#4400,.F.);
#3283=ORIENTED_EDGE('',*,*,#4402,.F.);
#3284=ORIENTED_EDGE('',*,*,#4404,.F.);
#3285=ORIENTED_EDGE('',*,*,#4406,.F.);
#3286=ORIENTED_EDGE('',*,*,#4408,.F.);
#3287=ORIENTED_EDGE('',*,*,#4437,.F.);
#3288=ORIENTED_EDGE('',*,*,#4167,.T.);
#3289=ORIENTED_EDGE('',*,*,#4435,.F.);
#3290=ORIENTED_EDGE('',*,*,#4162,.T.);
#3291=ORIENTED_EDGE('',*,*,#4436,.F.);
#3292=ORIENTED_EDGE('',*,*,#4146,.T.);
#3293=ORIENTED_EDGE('',*,*,#4438,.F.);
#3294=ORIENTED_EDGE('',*,*,#4155,.T.);
#3295=ORIENTED_EDGE('',*,*,#4434,.F.);
#3296=ORIENTED_EDGE('',*,*,#4419,.F.);
#3297=ORIENTED_EDGE('',*,*,#4422,.F.);
#3298=ORIENTED_EDGE('',*,*,#4424,.F.);
#3299=ORIENTED_EDGE('',*,*,#4426,.F.);
#3300=ORIENTED_EDGE('',*,*,#4428,.F.);
#3301=ORIENTED_EDGE('',*,*,#4430,.F.);
#3302=ORIENTED_EDGE('',*,*,#4432,.F.);
#3303=ORIENTED_EDGE('',*,*,#4293,.T.);
#3304=ORIENTED_EDGE('',*,*,#4386,.F.);
#3305=ORIENTED_EDGE('',*,*,#4374,.F.);
#3306=ORIENTED_EDGE('',*,*,#4377,.F.);
#3307=ORIENTED_EDGE('',*,*,#4379,.F.);
#3308=ORIENTED_EDGE('',*,*,#4381,.F.);
#3309=ORIENTED_EDGE('',*,*,#4383,.F.);
#3310=ORIENTED_EDGE('',*,*,#4385,.F.);
#3311=ORIENTED_EDGE('',*,*,#4342,.F.);
#3312=ORIENTED_EDGE('',*,*,#4327,.F.);
#3313=ORIENTED_EDGE('',*,*,#4330,.F.);
#3314=ORIENTED_EDGE('',*,*,#4332,.F.);
#3315=ORIENTED_EDGE('',*,*,#4334,.F.);
#3316=ORIENTED_EDGE('',*,*,#4336,.F.);
#3317=ORIENTED_EDGE('',*,*,#4338,.F.);
#3318=ORIENTED_EDGE('',*,*,#4340,.F.);
#3319=ORIENTED_EDGE('',*,*,#4263,.F.);
#3320=ORIENTED_EDGE('',*,*,#4265,.F.);
#3321=ORIENTED_EDGE('',*,*,#4258,.F.);
#3322=ORIENTED_EDGE('',*,*,#4261,.F.);
#3323=ORIENTED_EDGE('',*,*,#4275,.F.);
#3324=ORIENTED_EDGE('',*,*,#4277,.F.);
#3325=ORIENTED_EDGE('',*,*,#4270,.F.);
#3326=ORIENTED_EDGE('',*,*,#4273,.F.);
#3327=ORIENTED_EDGE('',*,*,#4287,.F.);
#3328=ORIENTED_EDGE('',*,*,#4289,.F.);
#3329=ORIENTED_EDGE('',*,*,#4282,.F.);
#3330=ORIENTED_EDGE('',*,*,#4285,.F.);
#3331=ORIENTED_EDGE('',*,*,#4438,.T.);
#3332=ORIENTED_EDGE('',*,*,#4148,.T.);
#3333=ORIENTED_EDGE('',*,*,#4139,.T.);
#3334=ORIENTED_EDGE('',*,*,#4156,.T.);
#3335=ORIENTED_EDGE('',*,*,#4203,.F.);
#3336=ORIENTED_EDGE('',*,*,#4205,.F.);
#3337=ORIENTED_EDGE('',*,*,#4198,.F.);
#3338=ORIENTED_EDGE('',*,*,#4201,.F.);
#3339=ORIENTED_EDGE('',*,*,#4215,.F.);
#3340=ORIENTED_EDGE('',*,*,#4217,.F.);
#3341=ORIENTED_EDGE('',*,*,#4210,.F.);
#3342=ORIENTED_EDGE('',*,*,#4213,.F.);
#3343=ORIENTED_EDGE('',*,*,#4153,.T.);
#3344=ORIENTED_EDGE('',*,*,#4168,.T.);
#3345=ORIENTED_EDGE('',*,*,#4437,.T.);
#3346=ORIENTED_EDGE('',*,*,#4157,.T.);
#3347=ORIENTED_EDGE('',*,*,#3623,.F.);
#3348=ORIENTED_EDGE('',*,*,#3626,.F.);
#3349=ORIENTED_EDGE('',*,*,#3529,.F.);
#3350=ORIENTED_EDGE('',*,*,#3533,.F.);
#3351=ORIENTED_EDGE('',*,*,#3536,.F.);
#3352=ORIENTED_EDGE('',*,*,#3539,.F.);
#3353=ORIENTED_EDGE('',*,*,#3542,.F.);
#3354=ORIENTED_EDGE('',*,*,#3545,.F.);
#3355=ORIENTED_EDGE('',*,*,#3548,.F.);
#3356=ORIENTED_EDGE('',*,*,#3551,.F.);
#3357=ORIENTED_EDGE('',*,*,#3554,.F.);
#3358=ORIENTED_EDGE('',*,*,#3557,.F.);
#3359=ORIENTED_EDGE('',*,*,#3560,.F.);
#3360=ORIENTED_EDGE('',*,*,#3563,.F.);
#3361=ORIENTED_EDGE('',*,*,#3566,.F.);
#3362=ORIENTED_EDGE('',*,*,#3569,.F.);
#3363=ORIENTED_EDGE('',*,*,#3572,.F.);
#3364=ORIENTED_EDGE('',*,*,#3575,.F.);
#3365=ORIENTED_EDGE('',*,*,#3578,.F.);
#3366=ORIENTED_EDGE('',*,*,#3581,.F.);
#3367=ORIENTED_EDGE('',*,*,#3584,.F.);
#3368=ORIENTED_EDGE('',*,*,#3587,.F.);
#3369=ORIENTED_EDGE('',*,*,#3590,.F.);
#3370=ORIENTED_EDGE('',*,*,#3593,.F.);
#3371=ORIENTED_EDGE('',*,*,#3596,.F.);
#3372=ORIENTED_EDGE('',*,*,#3599,.F.);
#3373=ORIENTED_EDGE('',*,*,#3602,.F.);
#3374=ORIENTED_EDGE('',*,*,#3605,.F.);
#3375=ORIENTED_EDGE('',*,*,#3608,.F.);
#3376=ORIENTED_EDGE('',*,*,#3611,.F.);
#3377=ORIENTED_EDGE('',*,*,#3614,.F.);
#3378=ORIENTED_EDGE('',*,*,#3617,.F.);
#3379=ORIENTED_EDGE('',*,*,#3620,.F.);
#3380=ORIENTED_EDGE('',*,*,#3707,.F.);
#3381=ORIENTED_EDGE('',*,*,#3710,.F.);
#3382=ORIENTED_EDGE('',*,*,#3691,.F.);
#3383=ORIENTED_EDGE('',*,*,#3695,.F.);
#3384=ORIENTED_EDGE('',*,*,#3698,.F.);
#3385=ORIENTED_EDGE('',*,*,#3701,.F.);
#3386=ORIENTED_EDGE('',*,*,#3704,.F.);
#3387=ORIENTED_EDGE('',*,*,#3955,.F.);
#3388=ORIENTED_EDGE('',*,*,#3957,.F.);
#3389=ORIENTED_EDGE('',*,*,#3934,.F.);
#3390=ORIENTED_EDGE('',*,*,#3937,.F.);
#3391=ORIENTED_EDGE('',*,*,#3939,.F.);
#3392=ORIENTED_EDGE('',*,*,#3941,.F.);
#3393=ORIENTED_EDGE('',*,*,#3943,.F.);
#3394=ORIENTED_EDGE('',*,*,#3945,.F.);
#3395=ORIENTED_EDGE('',*,*,#3947,.F.);
#3396=ORIENTED_EDGE('',*,*,#3949,.F.);
#3397=ORIENTED_EDGE('',*,*,#3951,.F.);
#3398=ORIENTED_EDGE('',*,*,#3953,.F.);
#3399=ORIENTED_EDGE('',*,*,#3995,.F.);
#3400=ORIENTED_EDGE('',*,*,#3998,.F.);
#3401=ORIENTED_EDGE('',*,*,#3976,.F.);
#3402=ORIENTED_EDGE('',*,*,#3980,.F.);
#3403=ORIENTED_EDGE('',*,*,#3983,.F.);
#3404=ORIENTED_EDGE('',*,*,#3986,.F.);
#3405=ORIENTED_EDGE('',*,*,#3989,.F.);
#3406=ORIENTED_EDGE('',*,*,#3992,.F.);
#3407=ORIENTED_EDGE('',*,*,#4075,.F.);
#3408=ORIENTED_EDGE('',*,*,#4077,.F.);
#3409=ORIENTED_EDGE('',*,*,#4054,.F.);
#3410=ORIENTED_EDGE('',*,*,#4057,.F.);
#3411=ORIENTED_EDGE('',*,*,#4059,.F.);
#3412=ORIENTED_EDGE('',*,*,#4061,.F.);
#3413=ORIENTED_EDGE('',*,*,#4063,.F.);
#3414=ORIENTED_EDGE('',*,*,#4065,.F.);
#3415=ORIENTED_EDGE('',*,*,#4067,.F.);
#3416=ORIENTED_EDGE('',*,*,#4069,.F.);
#3417=ORIENTED_EDGE('',*,*,#4071,.F.);
#3418=ORIENTED_EDGE('',*,*,#4073,.F.);
#3419=ORIENTED_EDGE('',*,*,#4117,.F.);
#3420=ORIENTED_EDGE('',*,*,#4119,.F.);
#3421=ORIENTED_EDGE('',*,*,#4092,.F.);
#3422=ORIENTED_EDGE('',*,*,#4095,.F.);
#3423=ORIENTED_EDGE('',*,*,#4097,.F.);
#3424=ORIENTED_EDGE('',*,*,#4099,.F.);
#3425=ORIENTED_EDGE('',*,*,#4101,.F.);
#3426=ORIENTED_EDGE('',*,*,#4103,.F.);
#3427=ORIENTED_EDGE('',*,*,#4105,.F.);
#3428=ORIENTED_EDGE('',*,*,#4107,.F.);
#3429=ORIENTED_EDGE('',*,*,#4109,.F.);
#3430=ORIENTED_EDGE('',*,*,#4111,.F.);
#3431=ORIENTED_EDGE('',*,*,#4113,.F.);
#3432=ORIENTED_EDGE('',*,*,#4115,.F.);
#3433=ORIENTED_EDGE('',*,*,#4135,.F.);
#3434=ORIENTED_EDGE('',*,*,#4137,.F.);
#3435=ORIENTED_EDGE('',*,*,#4126,.F.);
#3436=ORIENTED_EDGE('',*,*,#4129,.F.);
#3437=ORIENTED_EDGE('',*,*,#4131,.F.);
#3438=ORIENTED_EDGE('',*,*,#4133,.F.);
#3439=ORIENTED_EDGE('',*,*,#4439,.T.);
#3440=ORIENTED_EDGE('',*,*,#4154,.T.);
#3441=ORIENTED_EDGE('',*,*,#4141,.T.);
#3442=ORIENTED_EDGE('',*,*,#4150,.T.);
#3443=ORIENTED_EDGE('',*,*,#4166,.T.);
#3444=ORIENTED_EDGE('',*,*,#4037,.F.);
#3445=ORIENTED_EDGE('',*,*,#4040,.F.);
#3446=ORIENTED_EDGE('',*,*,#4021,.F.);
#3447=ORIENTED_EDGE('',*,*,#4025,.F.);
#3448=ORIENTED_EDGE('',*,*,#4028,.F.);
#3449=ORIENTED_EDGE('',*,*,#4031,.F.);
#3450=ORIENTED_EDGE('',*,*,#4034,.F.);
#3451=ORIENTED_EDGE('',*,*,#3917,.F.);
#3452=ORIENTED_EDGE('',*,*,#3920,.F.);
#3453=ORIENTED_EDGE('',*,*,#3880,.F.);
#3454=ORIENTED_EDGE('',*,*,#3884,.F.);
#3455=ORIENTED_EDGE('',*,*,#3887,.F.);
#3456=ORIENTED_EDGE('',*,*,#3890,.F.);
#3457=ORIENTED_EDGE('',*,*,#3893,.F.);
#3458=ORIENTED_EDGE('',*,*,#3896,.F.);
#3459=ORIENTED_EDGE('',*,*,#3899,.F.);
#3460=ORIENTED_EDGE('',*,*,#3902,.F.);
#3461=ORIENTED_EDGE('',*,*,#3905,.F.);
#3462=ORIENTED_EDGE('',*,*,#3908,.F.);
#3463=ORIENTED_EDGE('',*,*,#3911,.F.);
#3464=ORIENTED_EDGE('',*,*,#3914,.F.);
#3465=ORIENTED_EDGE('',*,*,#3853,.F.);
#3466=ORIENTED_EDGE('',*,*,#3855,.F.);
#3467=ORIENTED_EDGE('',*,*,#3814,.F.);
#3468=ORIENTED_EDGE('',*,*,#3817,.F.);
#3469=ORIENTED_EDGE('',*,*,#3819,.F.);
#3470=ORIENTED_EDGE('',*,*,#3821,.F.);
#3471=ORIENTED_EDGE('',*,*,#3823,.F.);
#3472=ORIENTED_EDGE('',*,*,#3825,.F.);
#3473=ORIENTED_EDGE('',*,*,#3827,.F.);
#3474=ORIENTED_EDGE('',*,*,#3829,.F.);
#3475=ORIENTED_EDGE('',*,*,#3831,.F.);
#3476=ORIENTED_EDGE('',*,*,#3833,.F.);
#3477=ORIENTED_EDGE('',*,*,#3835,.F.);
#3478=ORIENTED_EDGE('',*,*,#3837,.F.);
#3479=ORIENTED_EDGE('',*,*,#3839,.F.);
#3480=ORIENTED_EDGE('',*,*,#3841,.F.);
#3481=ORIENTED_EDGE('',*,*,#3843,.F.);
#3482=ORIENTED_EDGE('',*,*,#3845,.F.);
#3483=ORIENTED_EDGE('',*,*,#3847,.F.);
#3484=ORIENTED_EDGE('',*,*,#3849,.F.);
#3485=ORIENTED_EDGE('',*,*,#3851,.F.);
#3486=ORIENTED_EDGE('',*,*,#3790,.F.);
#3487=ORIENTED_EDGE('',*,*,#3792,.F.);
#3488=ORIENTED_EDGE('',*,*,#3763,.F.);
#3489=ORIENTED_EDGE('',*,*,#3766,.F.);
#3490=ORIENTED_EDGE('',*,*,#3768,.F.);
#3491=ORIENTED_EDGE('',*,*,#3770,.F.);
#3492=ORIENTED_EDGE('',*,*,#3772,.F.);
#3493=ORIENTED_EDGE('',*,*,#3774,.F.);
#3494=ORIENTED_EDGE('',*,*,#3776,.F.);
#3495=ORIENTED_EDGE('',*,*,#3778,.F.);
#3496=ORIENTED_EDGE('',*,*,#3780,.F.);
#3497=ORIENTED_EDGE('',*,*,#3782,.F.);
#3498=ORIENTED_EDGE('',*,*,#3784,.F.);
#3499=ORIENTED_EDGE('',*,*,#3786,.F.);
#3500=ORIENTED_EDGE('',*,*,#3788,.F.);
#3501=ORIENTED_EDGE('',*,*,#3745,.F.);
#3502=ORIENTED_EDGE('',*,*,#3747,.F.);
#3503=ORIENTED_EDGE('',*,*,#3724,.F.);
#3504=ORIENTED_EDGE('',*,*,#3727,.F.);
#3505=ORIENTED_EDGE('',*,*,#3729,.F.);
#3506=ORIENTED_EDGE('',*,*,#3731,.F.);
#3507=ORIENTED_EDGE('',*,*,#3733,.F.);
#3508=ORIENTED_EDGE('',*,*,#3735,.F.);
#3509=ORIENTED_EDGE('',*,*,#3737,.F.);
#3510=ORIENTED_EDGE('',*,*,#3739,.F.);
#3511=ORIENTED_EDGE('',*,*,#3741,.F.);
#3512=ORIENTED_EDGE('',*,*,#3743,.F.);
#3513=ORIENTED_EDGE('',*,*,#3665,.F.);
#3514=ORIENTED_EDGE('',*,*,#3668,.F.);
#3515=ORIENTED_EDGE('',*,*,#3646,.F.);
#3516=ORIENTED_EDGE('',*,*,#3650,.F.);
#3517=ORIENTED_EDGE('',*,*,#3653,.F.);
#3518=ORIENTED_EDGE('',*,*,#3656,.F.);
#3519=ORIENTED_EDGE('',*,*,#3659,.F.);
#3520=ORIENTED_EDGE('',*,*,#3662,.F.);
#3521=ORIENTED_EDGE('',*,*,#4290,.F.);
#3522=ORIENTED_EDGE('',*,*,#4439,.F.);
#3523=EDGE_CURVE('',#4440,#4441,#5048,.T.);
#3524=EDGE_CURVE('',#4441,#4440,#5049,.T.);
#3525=EDGE_CURVE('',#4442,#4441,#188,.T.);
#3526=EDGE_CURVE('',#4442,#4443,#5050,.T.);
#3527=EDGE_CURVE('',#4443,#4440,#189,.T.);
#3528=EDGE_CURVE('',#4443,#4442,#5051,.T.);
#3529=EDGE_CURVE('',#4444,#4445,#5052,.T.);
#3530=EDGE_CURVE('',#4446,#4445,#190,.T.);
#3531=EDGE_CURVE('',#4447,#4446,#5053,.T.);
#3532=EDGE_CURVE('',#4447,#4444,#191,.T.);
#3533=EDGE_CURVE('',#4448,#4444,#32,.T.);
#3534=EDGE_CURVE('',#4449,#4447,#33,.T.);
#3535=EDGE_CURVE('',#4449,#4448,#192,.T.);
#3536=EDGE_CURVE('',#4450,#4448,#193,.T.);
#3537=EDGE_CURVE('',#4451,#4449,#194,.T.);
#3538=EDGE_CURVE('',#4451,#4450,#195,.T.);
#3539=EDGE_CURVE('',#4452,#4450,#34,.T.);
#3540=EDGE_CURVE('',#4453,#4451,#35,.T.);
#3541=EDGE_CURVE('',#4453,#4452,#196,.T.);
#3542=EDGE_CURVE('',#4454,#4452,#5054,.T.);
#3543=EDGE_CURVE('',#4455,#4453,#5055,.T.);
#3544=EDGE_CURVE('',#4455,#4454,#197,.T.);
#3545=EDGE_CURVE('',#4456,#4454,#36,.T.);
#3546=EDGE_CURVE('',#4457,#4455,#37,.T.);
#3547=EDGE_CURVE('',#4457,#4456,#198,.T.);
#3548=EDGE_CURVE('',#4458,#4456,#199,.T.);
#3549=EDGE_CURVE('',#4459,#4457,#200,.T.);
#3550=EDGE_CURVE('',#4459,#4458,#201,.T.);
#3551=EDGE_CURVE('',#4460,#4458,#38,.T.);
#3552=EDGE_CURVE('',#4461,#4459,#39,.T.);
#3553=EDGE_CURVE('',#4461,#4460,#202,.T.);
#3554=EDGE_CURVE('',#4462,#4460,#5056,.T.);
#3555=EDGE_CURVE('',#4463,#4461,#5057,.T.);
#3556=EDGE_CURVE('',#4463,#4462,#203,.T.);
#3557=EDGE_CURVE('',#4464,#4462,#204,.T.);
#3558=EDGE_CURVE('',#4465,#4463,#205,.T.);
#3559=EDGE_CURVE('',#4465,#4464,#206,.T.);
#3560=EDGE_CURVE('',#4466,#4464,#40,.T.);
#3561=EDGE_CURVE('',#4467,#4465,#41,.T.);
#3562=EDGE_CURVE('',#4467,#4466,#207,.T.);
#3563=EDGE_CURVE('',#4468,#4466,#42,.T.);
#3564=EDGE_CURVE('',#4469,#4467,#43,.T.);
#3565=EDGE_CURVE('',#4469,#4468,#208,.T.);
#3566=EDGE_CURVE('',#4470,#4468,#44,.T.);
#3567=EDGE_CURVE('',#4471,#4469,#45,.T.);
#3568=EDGE_CURVE('',#4471,#4470,#209,.T.);
#3569=EDGE_CURVE('',#4472,#4470,#46,.T.);
#3570=EDGE_CURVE('',#4473,#4471,#47,.T.);
#3571=EDGE_CURVE('',#4473,#4472,#210,.T.);
#3572=EDGE_CURVE('',#4474,#4472,#48,.T.);
#3573=EDGE_CURVE('',#4475,#4473,#49,.T.);
#3574=EDGE_CURVE('',#4475,#4474,#211,.T.);
#3575=EDGE_CURVE('',#4476,#4474,#50,.T.);
#3576=EDGE_CURVE('',#4477,#4475,#51,.T.);
#3577=EDGE_CURVE('',#4477,#4476,#212,.T.);
#3578=EDGE_CURVE('',#4478,#4476,#52,.T.);
#3579=EDGE_CURVE('',#4479,#4477,#53,.T.);
#3580=EDGE_CURVE('',#4479,#4478,#213,.T.);
#3581=EDGE_CURVE('',#4480,#4478,#214,.T.);
#3582=EDGE_CURVE('',#4481,#4479,#215,.T.);
#3583=EDGE_CURVE('',#4481,#4480,#216,.T.);
#3584=EDGE_CURVE('',#4482,#4480,#217,.T.);
#3585=EDGE_CURVE('',#4483,#4481,#218,.T.);
#3586=EDGE_CURVE('',#4483,#4482,#219,.T.);
#3587=EDGE_CURVE('',#4484,#4482,#220,.T.);
#3588=EDGE_CURVE('',#4485,#4483,#221,.T.);
#3589=EDGE_CURVE('',#4485,#4484,#222,.T.);
#3590=EDGE_CURVE('',#4486,#4484,#223,.T.);
#3591=EDGE_CURVE('',#4487,#4485,#224,.T.);
#3592=EDGE_CURVE('',#4487,#4486,#225,.T.);
#3593=EDGE_CURVE('',#4488,#4486,#54,.T.);
#3594=EDGE_CURVE('',#4489,#4487,#55,.T.);
#3595=EDGE_CURVE('',#4489,#4488,#226,.T.);
#3596=EDGE_CURVE('',#4490,#4488,#56,.T.);
#3597=EDGE_CURVE('',#4491,#4489,#57,.T.);
#3598=EDGE_CURVE('',#4491,#4490,#227,.T.);
#3599=EDGE_CURVE('',#4492,#4490,#5058,.T.);
#3600=EDGE_CURVE('',#4493,#4491,#5059,.T.);
#3601=EDGE_CURVE('',#4493,#4492,#228,.T.);
#3602=EDGE_CURVE('',#4494,#4492,#5060,.T.);
#3603=EDGE_CURVE('',#4495,#4493,#5061,.T.);
#3604=EDGE_CURVE('',#4495,#4494,#229,.T.);
#3605=EDGE_CURVE('',#4496,#4494,#5062,.T.);
#3606=EDGE_CURVE('',#4497,#4495,#5063,.T.);
#3607=EDGE_CURVE('',#4497,#4496,#230,.T.);
#3608=EDGE_CURVE('',#4498,#4496,#58,.T.);
#3609=EDGE_CURVE('',#4499,#4497,#59,.T.);
#3610=EDGE_CURVE('',#4499,#4498,#231,.T.);
#3611=EDGE_CURVE('',#4500,#4498,#60,.T.);
#3612=EDGE_CURVE('',#4501,#4499,#61,.T.);
#3613=EDGE_CURVE('',#4501,#4500,#232,.T.);
#3614=EDGE_CURVE('',#4502,#4500,#62,.T.);
#3615=EDGE_CURVE('',#4503,#4501,#63,.T.);
#3616=EDGE_CURVE('',#4503,#4502,#233,.T.);
#3617=EDGE_CURVE('',#4504,#4502,#64,.T.);
#3618=EDGE_CURVE('',#4505,#4503,#65,.T.);
#3619=EDGE_CURVE('',#4505,#4504,#234,.T.);
#3620=EDGE_CURVE('',#4506,#4504,#66,.T.);
#3621=EDGE_CURVE('',#4507,#4505,#67,.T.);
#3622=EDGE_CURVE('',#4507,#4506,#235,.T.);
#3623=EDGE_CURVE('',#4508,#4506,#68,.T.);
#3624=EDGE_CURVE('',#4509,#4507,#69,.T.);
#3625=EDGE_CURVE('',#4509,#4508,#236,.T.);
#3626=EDGE_CURVE('',#4445,#4508,#70,.T.);
#3627=EDGE_CURVE('',#4446,#4509,#71,.T.);
#3628=EDGE_CURVE('',#4510,#4511,#237,.T.);
#3629=EDGE_CURVE('',#4511,#4512,#238,.T.);
#3630=EDGE_CURVE('',#4512,#4513,#5064,.T.);
#3631=EDGE_CURVE('',#4513,#4514,#239,.T.);
#3632=EDGE_CURVE('',#4514,#4515,#5065,.T.);
#3633=EDGE_CURVE('',#4515,#4510,#240,.T.);
#3634=EDGE_CURVE('',#4516,#4515,#241,.T.);
#3635=EDGE_CURVE('',#4516,#4517,#242,.T.);
#3636=EDGE_CURVE('',#4517,#4510,#243,.T.);
#3637=EDGE_CURVE('',#4518,#4514,#244,.T.);
#3638=EDGE_CURVE('',#4518,#4516,#5066,.T.);
#3639=EDGE_CURVE('',#4519,#4513,#245,.T.);
#3640=EDGE_CURVE('',#4519,#4518,#246,.T.);
#3641=EDGE_CURVE('',#4520,#4512,#247,.T.);
#3642=EDGE_CURVE('',#4520,#4519,#5067,.T.);
#3643=EDGE_CURVE('',#4521,#4511,#248,.T.);
#3644=EDGE_CURVE('',#4521,#4520,#249,.T.);
#3645=EDGE_CURVE('',#4517,#4521,#250,.T.);
#3646=EDGE_CURVE('',#4522,#4523,#251,.T.);
#3647=EDGE_CURVE('',#4524,#4523,#252,.T.);
#3648=EDGE_CURVE('',#4525,#4524,#253,.T.);
#3649=EDGE_CURVE('',#4525,#4522,#254,.T.);
#3650=EDGE_CURVE('',#4526,#4522,#255,.T.);
#3651=EDGE_CURVE('',#4527,#4525,#256,.T.);
#3652=EDGE_CURVE('',#4527,#4526,#257,.T.);
#3653=EDGE_CURVE('',#4528,#4526,#258,.T.);
#3654=EDGE_CURVE('',#4529,#4527,#259,.T.);
#3655=EDGE_CURVE('',#4529,#4528,#260,.T.);
#3656=EDGE_CURVE('',#4530,#4528,#261,.T.);
#3657=EDGE_CURVE('',#4531,#4529,#262,.T.);
#3658=EDGE_CURVE('',#4531,#4530,#263,.T.);
#3659=EDGE_CURVE('',#4532,#4530,#264,.T.);
#3660=EDGE_CURVE('',#4533,#4531,#265,.T.);
#3661=EDGE_CURVE('',#4533,#4532,#266,.T.);
#3662=EDGE_CURVE('',#4534,#4532,#267,.T.);
#3663=EDGE_CURVE('',#4535,#4533,#268,.T.);
#3664=EDGE_CURVE('',#4535,#4534,#269,.T.);
#3665=EDGE_CURVE('',#4536,#4534,#270,.T.);
#3666=EDGE_CURVE('',#4537,#4535,#271,.T.);
#3667=EDGE_CURVE('',#4537,#4536,#272,.T.);
#3668=EDGE_CURVE('',#4523,#4536,#273,.T.);
#3669=EDGE_CURVE('',#4524,#4537,#274,.T.);
#3670=EDGE_CURVE('',#4538,#4539,#275,.T.);
#3671=EDGE_CURVE('',#4539,#4540,#276,.T.);
#3672=EDGE_CURVE('',#4540,#4541,#277,.T.);
#3673=EDGE_CURVE('',#4541,#4542,#72,.T.);
#3674=EDGE_CURVE('',#4542,#4543,#73,.T.);
#3675=EDGE_CURVE('',#4543,#4544,#74,.T.);
#3676=EDGE_CURVE('',#4544,#4538,#75,.T.);
#3677=EDGE_CURVE('',#4545,#4544,#278,.T.);
#3678=EDGE_CURVE('',#4545,#4546,#76,.T.);
#3679=EDGE_CURVE('',#4546,#4538,#279,.T.);
#3680=EDGE_CURVE('',#4547,#4543,#280,.T.);
#3681=EDGE_CURVE('',#4547,#4545,#77,.T.);
#3682=EDGE_CURVE('',#4548,#4542,#281,.T.);
#3683=EDGE_CURVE('',#4548,#4547,#78,.T.);
#3684=EDGE_CURVE('',#4549,#4541,#282,.T.);
#3685=EDGE_CURVE('',#4549,#4548,#79,.T.);
#3686=EDGE_CURVE('',#4550,#4540,#283,.T.);
#3687=EDGE_CURVE('',#4550,#4549,#284,.T.);
#3688=EDGE_CURVE('',#4551,#4539,#285,.T.);
#3689=EDGE_CURVE('',#4551,#4550,#286,.T.);
#3690=EDGE_CURVE('',#4546,#4551,#287,.T.);
#3691=EDGE_CURVE('',#4552,#4553,#288,.T.);
#3692=EDGE_CURVE('',#4554,#4553,#289,.T.);
#3693=EDGE_CURVE('',#4555,#4554,#290,.T.);
#3694=EDGE_CURVE('',#4555,#4552,#291,.T.);
#3695=EDGE_CURVE('',#4556,#4552,#292,.T.);
#3696=EDGE_CURVE('',#4557,#4555,#293,.T.);
#3697=EDGE_CURVE('',#4557,#4556,#294,.T.);
#3698=EDGE_CURVE('',#4558,#4556,#80,.T.);
#3699=EDGE_CURVE('',#4559,#4557,#81,.T.);
#3700=EDGE_CURVE('',#4559,#4558,#295,.T.);
#3701=EDGE_CURVE('',#4560,#4558,#82,.T.);
#3702=EDGE_CURVE('',#4561,#4559,#83,.T.);
#3703=EDGE_CURVE('',#4561,#4560,#296,.T.);
#3704=EDGE_CURVE('',#4562,#4560,#84,.T.);
#3705=EDGE_CURVE('',#4563,#4561,#85,.T.);
#3706=EDGE_CURVE('',#4563,#4562,#297,.T.);
#3707=EDGE_CURVE('',#4564,#4562,#86,.T.);
#3708=EDGE_CURVE('',#4565,#4563,#87,.T.);
#3709=EDGE_CURVE('',#4565,#4564,#298,.T.);
#3710=EDGE_CURVE('',#4553,#4564,#299,.T.);
#3711=EDGE_CURVE('',#4554,#4565,#300,.T.);
#3712=EDGE_CURVE('',#4566,#4567,#301,.T.);
#3713=EDGE_CURVE('',#4567,#4568,#302,.T.);
#3714=EDGE_CURVE('',#4568,#4569,#303,.T.);
#3715=EDGE_CURVE('',#4569,#4570,#304,.T.);
#3716=EDGE_CURVE('',#4570,#4571,#305,.T.);
#3717=EDGE_CURVE('',#4571,#4572,#306,.T.);
#3718=EDGE_CURVE('',#4572,#4573,#307,.T.);
#3719=EDGE_CURVE('',#4573,#4574,#308,.T.);
#3720=EDGE_CURVE('',#4574,#4575,#309,.T.);
#3721=EDGE_CURVE('',#4575,#4576,#310,.T.);
#3722=EDGE_CURVE('',#4576,#4577,#311,.T.);
#3723=EDGE_CURVE('',#4577,#4566,#312,.T.);
#3724=EDGE_CURVE('',#4578,#4579,#313,.T.);
#3725=EDGE_CURVE('',#4566,#4579,#314,.T.);
#3726=EDGE_CURVE('',#4577,#4578,#315,.T.);
#3727=EDGE_CURVE('',#4580,#4578,#316,.T.);
#3728=EDGE_CURVE('',#4576,#4580,#317,.T.);
#3729=EDGE_CURVE('',#4581,#4580,#318,.T.);
#3730=EDGE_CURVE('',#4575,#4581,#319,.T.);
#3731=EDGE_CURVE('',#4582,#4581,#320,.T.);
#3732=EDGE_CURVE('',#4574,#4582,#321,.T.);
#3733=EDGE_CURVE('',#4583,#4582,#322,.T.);
#3734=EDGE_CURVE('',#4573,#4583,#323,.T.);
#3735=EDGE_CURVE('',#4584,#4583,#324,.T.);
#3736=EDGE_CURVE('',#4572,#4584,#325,.T.);
#3737=EDGE_CURVE('',#4585,#4584,#326,.T.);
#3738=EDGE_CURVE('',#4571,#4585,#327,.T.);
#3739=EDGE_CURVE('',#4586,#4585,#328,.T.);
#3740=EDGE_CURVE('',#4570,#4586,#329,.T.);
#3741=EDGE_CURVE('',#4587,#4586,#330,.T.);
#3742=EDGE_CURVE('',#4569,#4587,#331,.T.);
#3743=EDGE_CURVE('',#4588,#4587,#332,.T.);
#3744=EDGE_CURVE('',#4568,#4588,#333,.T.);
#3745=EDGE_CURVE('',#4589,#4588,#334,.T.);
#3746=EDGE_CURVE('',#4567,#4589,#335,.T.);
#3747=EDGE_CURVE('',#4579,#4589,#336,.T.);
#3748=EDGE_CURVE('',#4590,#4591,#337,.T.);
#3749=EDGE_CURVE('',#4591,#4592,#338,.T.);
#3750=EDGE_CURVE('',#4592,#4593,#5068,.T.);
#3751=EDGE_CURVE('',#4593,#4594,#339,.T.);
#3752=EDGE_CURVE('',#4594,#4595,#340,.T.);
#3753=EDGE_CURVE('',#4595,#4596,#341,.T.);
#3754=EDGE_CURVE('',#4596,#4597,#342,.T.);
#3755=EDGE_CURVE('',#4597,#4598,#343,.T.);
#3756=EDGE_CURVE('',#4598,#4599,#344,.T.);
#3757=EDGE_CURVE('',#4599,#4600,#88,.T.);
#3758=EDGE_CURVE('',#4600,#4601,#5069,.T.);
#3759=EDGE_CURVE('',#4601,#4602,#345,.T.);
#3760=EDGE_CURVE('',#4602,#4603,#5070,.T.);
#3761=EDGE_CURVE('',#4603,#4604,#89,.T.);
#3762=EDGE_CURVE('',#4604,#4590,#346,.T.);
#3763=EDGE_CURVE('',#4605,#4606,#347,.T.);
#3764=EDGE_CURVE('',#4590,#4606,#348,.T.);
#3765=EDGE_CURVE('',#4604,#4605,#349,.T.);
#3766=EDGE_CURVE('',#4607,#4605,#90,.T.);
#3767=EDGE_CURVE('',#4603,#4607,#350,.T.);
#3768=EDGE_CURVE('',#4608,#4607,#5071,.T.);
#3769=EDGE_CURVE('',#4602,#4608,#351,.T.);
#3770=EDGE_CURVE('',#4609,#4608,#352,.T.);
#3771=EDGE_CURVE('',#4601,#4609,#353,.T.);
#3772=EDGE_CURVE('',#4610,#4609,#5072,.T.);
#3773=EDGE_CURVE('',#4600,#4610,#354,.T.);
#3774=EDGE_CURVE('',#4611,#4610,#91,.T.);
#3775=EDGE_CURVE('',#4599,#4611,#355,.T.);
#3776=EDGE_CURVE('',#4612,#4611,#356,.T.);
#3777=EDGE_CURVE('',#4598,#4612,#357,.T.);
#3778=EDGE_CURVE('',#4613,#4612,#358,.T.);
#3779=EDGE_CURVE('',#4597,#4613,#359,.T.);
#3780=EDGE_CURVE('',#4614,#4613,#360,.T.);
#3781=EDGE_CURVE('',#4596,#4614,#361,.T.);
#3782=EDGE_CURVE('',#4615,#4614,#362,.T.);
#3783=EDGE_CURVE('',#4595,#4615,#363,.T.);
#3784=EDGE_CURVE('',#4616,#4615,#364,.T.);
#3785=EDGE_CURVE('',#4594,#4616,#365,.T.);
#3786=EDGE_CURVE('',#4617,#4616,#366,.T.);
#3787=EDGE_CURVE('',#4593,#4617,#367,.T.);
#3788=EDGE_CURVE('',#4618,#4617,#5073,.T.);
#3789=EDGE_CURVE('',#4592,#4618,#368,.T.);
#3790=EDGE_CURVE('',#4619,#4618,#369,.T.);
#3791=EDGE_CURVE('',#4591,#4619,#370,.T.);
#3792=EDGE_CURVE('',#4606,#4619,#371,.T.);
#3793=EDGE_CURVE('',#4620,#4621,#92,.T.);
#3794=EDGE_CURVE('',#4621,#4622,#372,.T.);
#3795=EDGE_CURVE('',#4622,#4623,#93,.T.);
#3796=EDGE_CURVE('',#4623,#4624,#94,.T.);
#3797=EDGE_CURVE('',#4624,#4625,#95,.T.);
#3798=EDGE_CURVE('',#4625,#4626,#96,.T.);
#3799=EDGE_CURVE('',#4626,#4627,#97,.T.);
#3800=EDGE_CURVE('',#4627,#4628,#98,.T.);
#3801=EDGE_CURVE('',#4628,#4629,#99,.T.);
#3802=EDGE_CURVE('',#4629,#4630,#100,.T.);
#3803=EDGE_CURVE('',#4630,#4631,#101,.T.);
#3804=EDGE_CURVE('',#4631,#4632,#5074,.T.);
#3805=EDGE_CURVE('',#4632,#4633,#373,.T.);
#3806=EDGE_CURVE('',#4633,#4634,#5075,.T.);
#3807=EDGE_CURVE('',#4634,#4635,#102,.T.);
#3808=EDGE_CURVE('',#4635,#4636,#103,.T.);
#3809=EDGE_CURVE('',#4636,#4637,#104,.T.);
#3810=EDGE_CURVE('',#4637,#4638,#105,.T.);
#3811=EDGE_CURVE('',#4638,#4639,#106,.T.);
#3812=EDGE_CURVE('',#4639,#4640,#5076,.T.);
#3813=EDGE_CURVE('',#4640,#4620,#107,.T.);
#3814=EDGE_CURVE('',#4641,#4642,#108,.T.);
#3815=EDGE_CURVE('',#4620,#4642,#374,.T.);
#3816=EDGE_CURVE('',#4640,#4641,#375,.T.);
#3817=EDGE_CURVE('',#4643,#4641,#5077,.T.);
#3818=EDGE_CURVE('',#4639,#4643,#376,.T.);
#3819=EDGE_CURVE('',#4644,#4643,#109,.T.);
#3820=EDGE_CURVE('',#4638,#4644,#377,.T.);
#3821=EDGE_CURVE('',#4645,#4644,#110,.T.);
#3822=EDGE_CURVE('',#4637,#4645,#378,.T.);
#3823=EDGE_CURVE('',#4646,#4645,#111,.T.);
#3824=EDGE_CURVE('',#4636,#4646,#379,.T.);
#3825=EDGE_CURVE('',#4647,#4646,#112,.T.);
#3826=EDGE_CURVE('',#4635,#4647,#380,.T.);
#3827=EDGE_CURVE('',#4648,#4647,#113,.T.);
#3828=EDGE_CURVE('',#4634,#4648,#381,.T.);
#3829=EDGE_CURVE('',#4649,#4648,#5078,.T.);
#3830=EDGE_CURVE('',#4633,#4649,#382,.T.);
#3831=EDGE_CURVE('',#4650,#4649,#383,.T.);
#3832=EDGE_CURVE('',#4632,#4650,#384,.T.);
#3833=EDGE_CURVE('',#4651,#4650,#5079,.T.);
#3834=EDGE_CURVE('',#4631,#4651,#385,.T.);
#3835=EDGE_CURVE('',#4652,#4651,#114,.T.);
#3836=EDGE_CURVE('',#4630,#4652,#386,.T.);
#3837=EDGE_CURVE('',#4653,#4652,#115,.T.);
#3838=EDGE_CURVE('',#4629,#4653,#387,.T.);
#3839=EDGE_CURVE('',#4654,#4653,#116,.T.);
#3840=EDGE_CURVE('',#4628,#4654,#388,.T.);
#3841=EDGE_CURVE('',#4655,#4654,#117,.T.);
#3842=EDGE_CURVE('',#4627,#4655,#389,.T.);
#3843=EDGE_CURVE('',#4656,#4655,#118,.T.);
#3844=EDGE_CURVE('',#4626,#4656,#390,.T.);
#3845=EDGE_CURVE('',#4657,#4656,#119,.T.);
#3846=EDGE_CURVE('',#4625,#4657,#391,.T.);
#3847=EDGE_CURVE('',#4658,#4657,#120,.T.);
#3848=EDGE_CURVE('',#4624,#4658,#392,.T.);
#3849=EDGE_CURVE('',#4659,#4658,#121,.T.);
#3850=EDGE_CURVE('',#4623,#4659,#393,.T.);
#3851=EDGE_CURVE('',#4660,#4659,#122,.T.);
#3852=EDGE_CURVE('',#4622,#4660,#394,.T.);
#3853=EDGE_CURVE('',#4661,#4660,#395,.T.);
#3854=EDGE_CURVE('',#4621,#4661,#396,.T.);
#3855=EDGE_CURVE('',#4642,#4661,#123,.T.);
#3856=EDGE_CURVE('',#4662,#4663,#124,.T.);
#3857=EDGE_CURVE('',#4663,#4664,#125,.T.);
#3858=EDGE_CURVE('',#4664,#4665,#5080,.T.);
#3859=EDGE_CURVE('',#4665,#4666,#126,.T.);
#3860=EDGE_CURVE('',#4666,#4667,#127,.T.);
#3861=EDGE_CURVE('',#4667,#4668,#128,.T.);
#3862=EDGE_CURVE('',#4668,#4669,#397,.T.);
#3863=EDGE_CURVE('',#4669,#4662,#398,.T.);
#3864=EDGE_CURVE('',#4670,#4669,#399,.T.);
#3865=EDGE_CURVE('',#4670,#4671,#400,.T.);
#3866=EDGE_CURVE('',#4671,#4662,#401,.T.);
#3867=EDGE_CURVE('',#4672,#4668,#402,.T.);
#3868=EDGE_CURVE('',#4672,#4670,#403,.T.);
#3869=EDGE_CURVE('',#4673,#4667,#404,.T.);
#3870=EDGE_CURVE('',#4673,#4672,#129,.T.);
#3871=EDGE_CURVE('',#4674,#4666,#405,.T.);
#3872=EDGE_CURVE('',#4674,#4673,#130,.T.);
#3873=EDGE_CURVE('',#4675,#4665,#406,.T.);
#3874=EDGE_CURVE('',#4675,#4674,#131,.T.);
#3875=EDGE_CURVE('',#4676,#4664,#407,.T.);
#3876=EDGE_CURVE('',#4676,#4675,#5081,.T.);
#3877=EDGE_CURVE('',#4677,#4663,#408,.T.);
#3878=EDGE_CURVE('',#4677,#4676,#132,.T.);
#3879=EDGE_CURVE('',#4671,#4677,#133,.T.);
#3880=EDGE_CURVE('',#4678,#4679,#134,.T.);
#3881=EDGE_CURVE('',#4680,#4679,#409,.T.);
#3882=EDGE_CURVE('',#4681,#4680,#135,.T.);
#3883=EDGE_CURVE('',#4681,#4678,#410,.T.);
#3884=EDGE_CURVE('',#4682,#4678,#411,.T.);
#3885=EDGE_CURVE('',#4683,#4681,#412,.T.);
#3886=EDGE_CURVE('',#4683,#4682,#413,.T.);
#3887=EDGE_CURVE('',#4684,#4682,#414,.T.);
#3888=EDGE_CURVE('',#4685,#4683,#415,.T.);
#3889=EDGE_CURVE('',#4685,#4684,#416,.T.);
#3890=EDGE_CURVE('',#4686,#4684,#417,.T.);
#3891=EDGE_CURVE('',#4687,#4685,#418,.T.);
#3892=EDGE_CURVE('',#4687,#4686,#419,.T.);
#3893=EDGE_CURVE('',#4688,#4686,#420,.T.);
#3894=EDGE_CURVE('',#4689,#4687,#421,.T.);
#3895=EDGE_CURVE('',#4689,#4688,#422,.T.);
#3896=EDGE_CURVE('',#4690,#4688,#136,.T.);
#3897=EDGE_CURVE('',#4691,#4689,#137,.T.);
#3898=EDGE_CURVE('',#4691,#4690,#423,.T.);
#3899=EDGE_CURVE('',#4692,#4690,#138,.T.);
#3900=EDGE_CURVE('',#4693,#4691,#139,.T.);
#3901=EDGE_CURVE('',#4693,#4692,#424,.T.);
#3902=EDGE_CURVE('',#4694,#4692,#140,.T.);
#3903=EDGE_CURVE('',#4695,#4693,#141,.T.);
#3904=EDGE_CURVE('',#4695,#4694,#425,.T.);
#3905=EDGE_CURVE('',#4696,#4694,#142,.T.);
#3906=EDGE_CURVE('',#4697,#4695,#143,.T.);
#3907=EDGE_CURVE('',#4697,#4696,#426,.T.);
#3908=EDGE_CURVE('',#4698,#4696,#427,.T.);
#3909=EDGE_CURVE('',#4699,#4697,#428,.T.);
#3910=EDGE_CURVE('',#4699,#4698,#429,.T.);
#3911=EDGE_CURVE('',#4700,#4698,#144,.T.);
#3912=EDGE_CURVE('',#4701,#4699,#145,.T.);
#3913=EDGE_CURVE('',#4701,#4700,#430,.T.);
#3914=EDGE_CURVE('',#4702,#4700,#146,.T.);
#3915=EDGE_CURVE('',#4703,#4701,#147,.T.);
#3916=EDGE_CURVE('',#4703,#4702,#431,.T.);
#3917=EDGE_CURVE('',#4704,#4702,#432,.T.);
#3918=EDGE_CURVE('',#4705,#4703,#433,.T.);
#3919=EDGE_CURVE('',#4705,#4704,#434,.T.);
#3920=EDGE_CURVE('',#4679,#4704,#148,.T.);
#3921=EDGE_CURVE('',#4680,#4705,#149,.T.);
#3922=EDGE_CURVE('',#4706,#4707,#435,.T.);
#3923=EDGE_CURVE('',#4707,#4708,#436,.T.);
#3924=EDGE_CURVE('',#4708,#4709,#437,.T.);
#3925=EDGE_CURVE('',#4709,#4710,#438,.T.);
#3926=EDGE_CURVE('',#4710,#4711,#439,.T.);
#3927=EDGE_CURVE('',#4711,#4712,#440,.T.);
#3928=EDGE_CURVE('',#4712,#4713,#441,.T.);
#3929=EDGE_CURVE('',#4713,#4714,#442,.T.);
#3930=EDGE_CURVE('',#4714,#4715,#443,.T.);
#3931=EDGE_CURVE('',#4715,#4716,#444,.T.);
#3932=EDGE_CURVE('',#4716,#4717,#445,.T.);
#3933=EDGE_CURVE('',#4717,#4706,#446,.T.);
#3934=EDGE_CURVE('',#4718,#4719,#447,.T.);
#3935=EDGE_CURVE('',#4706,#4719,#448,.T.);
#3936=EDGE_CURVE('',#4717,#4718,#449,.T.);
#3937=EDGE_CURVE('',#4720,#4718,#450,.T.);
#3938=EDGE_CURVE('',#4716,#4720,#451,.T.);
#3939=EDGE_CURVE('',#4721,#4720,#452,.T.);
#3940=EDGE_CURVE('',#4715,#4721,#453,.T.);
#3941=EDGE_CURVE('',#4722,#4721,#454,.T.);
#3942=EDGE_CURVE('',#4714,#4722,#455,.T.);
#3943=EDGE_CURVE('',#4723,#4722,#456,.T.);
#3944=EDGE_CURVE('',#4713,#4723,#457,.T.);
#3945=EDGE_CURVE('',#4724,#4723,#458,.T.);
#3946=EDGE_CURVE('',#4712,#4724,#459,.T.);
#3947=EDGE_CURVE('',#4725,#4724,#460,.T.);
#3948=EDGE_CURVE('',#4711,#4725,#461,.T.);
#3949=EDGE_CURVE('',#4726,#4725,#462,.T.);
#3950=EDGE_CURVE('',#4710,#4726,#463,.T.);
#3951=EDGE_CURVE('',#4727,#4726,#464,.T.);
#3952=EDGE_CURVE('',#4709,#4727,#465,.T.);
#3953=EDGE_CURVE('',#4728,#4727,#466,.T.);
#3954=EDGE_CURVE('',#4708,#4728,#467,.T.);
#3955=EDGE_CURVE('',#4729,#4728,#468,.T.);
#3956=EDGE_CURVE('',#4707,#4729,#469,.T.);
#3957=EDGE_CURVE('',#4719,#4729,#470,.T.);
#3958=EDGE_CURVE('',#4730,#4731,#471,.T.);
#3959=EDGE_CURVE('',#4731,#4732,#472,.T.);
#3960=EDGE_CURVE('',#4732,#4733,#5082,.T.);
#3961=EDGE_CURVE('',#4733,#4734,#473,.T.);
#3962=EDGE_CURVE('',#4734,#4735,#5083,.T.);
#3963=EDGE_CURVE('',#4735,#4730,#474,.T.);
#3964=EDGE_CURVE('',#4736,#4735,#475,.T.);
#3965=EDGE_CURVE('',#4736,#4737,#476,.T.);
#3966=EDGE_CURVE('',#4737,#4730,#477,.T.);
#3967=EDGE_CURVE('',#4738,#4734,#478,.T.);
#3968=EDGE_CURVE('',#4738,#4736,#5084,.T.);
#3969=EDGE_CURVE('',#4739,#4733,#479,.T.);
#3970=EDGE_CURVE('',#4739,#4738,#480,.T.);
#3971=EDGE_CURVE('',#4740,#4732,#481,.T.);
#3972=EDGE_CURVE('',#4740,#4739,#5085,.T.);
#3973=EDGE_CURVE('',#4741,#4731,#482,.T.);
#3974=EDGE_CURVE('',#4741,#4740,#483,.T.);
#3975=EDGE_CURVE('',#4737,#4741,#484,.T.);
#3976=EDGE_CURVE('',#4742,#4743,#485,.T.);
#3977=EDGE_CURVE('',#4744,#4743,#486,.T.);
#3978=EDGE_CURVE('',#4745,#4744,#487,.T.);
#3979=EDGE_CURVE('',#4745,#4742,#488,.T.);
#3980=EDGE_CURVE('',#4746,#4742,#489,.T.);
#3981=EDGE_CURVE('',#4747,#4745,#490,.T.);
#3982=EDGE_CURVE('',#4747,#4746,#491,.T.);
#3983=EDGE_CURVE('',#4748,#4746,#492,.T.);
#3984=EDGE_CURVE('',#4749,#4747,#493,.T.);
#3985=EDGE_CURVE('',#4749,#4748,#494,.T.);
#3986=EDGE_CURVE('',#4750,#4748,#495,.T.);
#3987=EDGE_CURVE('',#4751,#4749,#496,.T.);
#3988=EDGE_CURVE('',#4751,#4750,#497,.T.);
#3989=EDGE_CURVE('',#4752,#4750,#498,.T.);
#3990=EDGE_CURVE('',#4753,#4751,#499,.T.);
#3991=EDGE_CURVE('',#4753,#4752,#500,.T.);
#3992=EDGE_CURVE('',#4754,#4752,#501,.T.);
#3993=EDGE_CURVE('',#4755,#4753,#502,.T.);
#3994=EDGE_CURVE('',#4755,#4754,#503,.T.);
#3995=EDGE_CURVE('',#4756,#4754,#504,.T.);
#3996=EDGE_CURVE('',#4757,#4755,#505,.T.);
#3997=EDGE_CURVE('',#4757,#4756,#506,.T.);
#3998=EDGE_CURVE('',#4743,#4756,#507,.T.);
#3999=EDGE_CURVE('',#4744,#4757,#508,.T.);
#4000=EDGE_CURVE('',#4758,#4759,#509,.T.);
#4001=EDGE_CURVE('',#4759,#4760,#510,.T.);
#4002=EDGE_CURVE('',#4760,#4761,#511,.T.);
#4003=EDGE_CURVE('',#4761,#4762,#150,.T.);
#4004=EDGE_CURVE('',#4762,#4763,#151,.T.);
#4005=EDGE_CURVE('',#4763,#4764,#152,.T.);
#4006=EDGE_CURVE('',#4764,#4758,#153,.T.);
#4007=EDGE_CURVE('',#4765,#4764,#512,.T.);
#4008=EDGE_CURVE('',#4765,#4766,#154,.T.);
#4009=EDGE_CURVE('',#4766,#4758,#513,.T.);
#4010=EDGE_CURVE('',#4767,#4763,#514,.T.);
#4011=EDGE_CURVE('',#4767,#4765,#155,.T.);
#4012=EDGE_CURVE('',#4768,#4762,#515,.T.);
#4013=EDGE_CURVE('',#4768,#4767,#156,.T.);
#4014=EDGE_CURVE('',#4769,#4761,#516,.T.);
#4015=EDGE_CURVE('',#4769,#4768,#157,.T.);
#4016=EDGE_CURVE('',#4770,#4760,#517,.T.);
#4017=EDGE_CURVE('',#4770,#4769,#518,.T.);
#4018=EDGE_CURVE('',#4771,#4759,#519,.T.);
#4019=EDGE_CURVE('',#4771,#4770,#520,.T.);
#4020=EDGE_CURVE('',#4766,#4771,#521,.T.);
#4021=EDGE_CURVE('',#4772,#4773,#522,.T.);
#4022=EDGE_CURVE('',#4774,#4773,#523,.T.);
#4023=EDGE_CURVE('',#4775,#4774,#524,.T.);
#4024=EDGE_CURVE('',#4775,#4772,#525,.T.);
#4025=EDGE_CURVE('',#4776,#4772,#526,.T.);
#4026=EDGE_CURVE('',#4777,#4775,#527,.T.);
#4027=EDGE_CURVE('',#4777,#4776,#528,.T.);
#4028=EDGE_CURVE('',#4778,#4776,#158,.T.);
#4029=EDGE_CURVE('',#4779,#4777,#159,.T.);
#4030=EDGE_CURVE('',#4779,#4778,#529,.T.);
#4031=EDGE_CURVE('',#4780,#4778,#160,.T.);
#4032=EDGE_CURVE('',#4781,#4779,#161,.T.);
#4033=EDGE_CURVE('',#4781,#4780,#530,.T.);
#4034=EDGE_CURVE('',#4782,#4780,#162,.T.);
#4035=EDGE_CURVE('',#4783,#4781,#163,.T.);
#4036=EDGE_CURVE('',#4783,#4782,#531,.T.);
#4037=EDGE_CURVE('',#4784,#4782,#164,.T.);
#4038=EDGE_CURVE('',#4785,#4783,#165,.T.);
#4039=EDGE_CURVE('',#4785,#4784,#532,.T.);
#4040=EDGE_CURVE('',#4773,#4784,#533,.T.);
#4041=EDGE_CURVE('',#4774,#4785,#534,.T.);
#4042=EDGE_CURVE('',#4786,#4787,#535,.T.);
#4043=EDGE_CURVE('',#4787,#4788,#536,.T.);
#4044=EDGE_CURVE('',#4788,#4789,#537,.T.);
#4045=EDGE_CURVE('',#4789,#4790,#538,.T.);
#4046=EDGE_CURVE('',#4790,#4791,#539,.T.);
#4047=EDGE_CURVE('',#4791,#4792,#540,.T.);
#4048=EDGE_CURVE('',#4792,#4793,#541,.T.);
#4049=EDGE_CURVE('',#4793,#4794,#542,.T.);
#4050=EDGE_CURVE('',#4794,#4795,#543,.T.);
#4051=EDGE_CURVE('',#4795,#4796,#544,.T.);
#4052=EDGE_CURVE('',#4796,#4797,#545,.T.);
#4053=EDGE_CURVE('',#4797,#4786,#546,.T.);
#4054=EDGE_CURVE('',#4798,#4799,#547,.T.);
#4055=EDGE_CURVE('',#4786,#4799,#548,.T.);
#4056=EDGE_CURVE('',#4797,#4798,#549,.T.);
#4057=EDGE_CURVE('',#4800,#4798,#550,.T.);
#4058=EDGE_CURVE('',#4796,#4800,#551,.T.);
#4059=EDGE_CURVE('',#4801,#4800,#552,.T.);
#4060=EDGE_CURVE('',#4795,#4801,#553,.T.);
#4061=EDGE_CURVE('',#4802,#4801,#554,.T.);
#4062=EDGE_CURVE('',#4794,#4802,#555,.T.);
#4063=EDGE_CURVE('',#4803,#4802,#556,.T.);
#4064=EDGE_CURVE('',#4793,#4803,#557,.T.);
#4065=EDGE_CURVE('',#4804,#4803,#558,.T.);
#4066=EDGE_CURVE('',#4792,#4804,#559,.T.);
#4067=EDGE_CURVE('',#4805,#4804,#560,.T.);
#4068=EDGE_CURVE('',#4791,#4805,#561,.T.);
#4069=EDGE_CURVE('',#4806,#4805,#562,.T.);
#4070=EDGE_CURVE('',#4790,#4806,#563,.T.);
#4071=EDGE_CURVE('',#4807,#4806,#564,.T.);
#4072=EDGE_CURVE('',#4789,#4807,#565,.T.);
#4073=EDGE_CURVE('',#4808,#4807,#566,.T.);
#4074=EDGE_CURVE('',#4788,#4808,#567,.T.);
#4075=EDGE_CURVE('',#4809,#4808,#568,.T.);
#4076=EDGE_CURVE('',#4787,#4809,#569,.T.);
#4077=EDGE_CURVE('',#4799,#4809,#570,.T.);
#4078=EDGE_CURVE('',#4810,#4811,#166,.T.);
#4079=EDGE_CURVE('',#4811,#4812,#571,.T.);
#4080=EDGE_CURVE('',#4812,#4813,#167,.T.);
#4081=EDGE_CURVE('',#4813,#4814,#168,.T.);
#4082=EDGE_CURVE('',#4814,#4815,#169,.T.);
#4083=EDGE_CURVE('',#4815,#4816,#170,.T.);
#4084=EDGE_CURVE('',#4816,#4817,#171,.T.);
#4085=EDGE_CURVE('',#4817,#4818,#5086,.T.);
#4086=EDGE_CURVE('',#4818,#4819,#572,.T.);
#4087=EDGE_CURVE('',#4819,#4820,#172,.T.);
#4088=EDGE_CURVE('',#4820,#4821,#173,.T.);
#4089=EDGE_CURVE('',#4821,#4822,#174,.T.);
#4090=EDGE_CURVE('',#4822,#4823,#175,.T.);
#4091=EDGE_CURVE('',#4823,#4810,#176,.T.);
#4092=EDGE_CURVE('',#4824,#4825,#177,.T.);
#4093=EDGE_CURVE('',#4810,#4825,#573,.T.);
#4094=EDGE_CURVE('',#4823,#4824,#574,.T.);
#4095=EDGE_CURVE('',#4826,#4824,#178,.T.);
#4096=EDGE_CURVE('',#4822,#4826,#575,.T.);
#4097=EDGE_CURVE('',#4827,#4826,#179,.T.);
#4098=EDGE_CURVE('',#4821,#4827,#576,.T.);
#4099=EDGE_CURVE('',#4828,#4827,#180,.T.);
#4100=EDGE_CURVE('',#4820,#4828,#577,.T.);
#4101=EDGE_CURVE('',#4829,#4828,#181,.T.);
#4102=EDGE_CURVE('',#4819,#4829,#578,.T.);
#4103=EDGE_CURVE('',#4830,#4829,#579,.T.);
#4104=EDGE_CURVE('',#4818,#4830,#580,.T.);
#4105=EDGE_CURVE('',#4831,#4830,#5087,.T.);
#4106=EDGE_CURVE('',#4817,#4831,#581,.T.);
#4107=EDGE_CURVE('',#4832,#4831,#182,.T.);
#4108=EDGE_CURVE('',#4816,#4832,#582,.T.);
#4109=EDGE_CURVE('',#4833,#4832,#183,.T.);
#4110=EDGE_CURVE('',#4815,#4833,#583,.T.);
#4111=EDGE_CURVE('',#4834,#4833,#184,.T.);
#4112=EDGE_CURVE('',#4814,#4834,#584,.T.);
#4113=EDGE_CURVE('',#4835,#4834,#185,.T.);
#4114=EDGE_CURVE('',#4813,#4835,#585,.T.);
#4115=EDGE_CURVE('',#4836,#4835,#186,.T.);
#4116=EDGE_CURVE('',#4812,#4836,#586,.T.);
#4117=EDGE_CURVE('',#4837,#4836,#587,.T.);
#4118=EDGE_CURVE('',#4811,#4837,#588,.T.);
#4119=EDGE_CURVE('',#4825,#4837,#187,.T.);
#4120=EDGE_CURVE('',#4838,#4839,#589,.T.);
#4121=EDGE_CURVE('',#4839,#4840,#590,.T.);
#4122=EDGE_CURVE('',#4840,#4841,#591,.T.);
#4123=EDGE_CURVE('',#4841,#4842,#592,.T.);
#4124=EDGE_CURVE('',#4842,#4843,#593,.T.);
#4125=EDGE_CURVE('',#4843,#4838,#594,.T.);
#4126=EDGE_CURVE('',#4844,#4845,#595,.T.);
#4127=EDGE_CURVE('',#4838,#4845,#596,.T.);
#4128=EDGE_CURVE('',#4843,#4844,#597,.T.);
#4129=EDGE_CURVE('',#4846,#4844,#598,.T.);
#4130=EDGE_CURVE('',#4842,#4846,#599,.T.);
#4131=EDGE_CURVE('',#4847,#4846,#600,.T.);
#4132=EDGE_CURVE('',#4841,#4847,#601,.T.);
#4133=EDGE_CURVE('',#4848,#4847,#602,.T.);
#4134=EDGE_CURVE('',#4840,#4848,#603,.T.);
#4135=EDGE_CURVE('',#4849,#4848,#604,.T.);
#4136=EDGE_CURVE('',#4839,#4849,#605,.T.);
#4137=EDGE_CURVE('',#4845,#4849,#606,.T.);
#4138=EDGE_CURVE('',#4850,#4851,#5088,.T.);
#4139=EDGE_CURVE('',#4852,#4851,#607,.T.);
#4140=EDGE_CURVE('',#4852,#4853,#5089,.T.);
#4141=EDGE_CURVE('',#4850,#4853,#608,.T.);
#4142=EDGE_CURVE('',#4852,#4854,#5090,.T.);
#4143=EDGE_CURVE('',#4854,#4853,#5091,.T.);
#4144=EDGE_CURVE('',#4850,#4855,#5092,.T.);
#4145=EDGE_CURVE('',#4855,#4851,#5093,.T.);
#4146=EDGE_CURVE('',#4856,#4857,#5094,.T.);
#4147=EDGE_CURVE('',#4854,#4856,#609,.T.);
#4148=EDGE_CURVE('',#4857,#4852,#610,.T.);
#4149=EDGE_CURVE('',#4858,#4859,#5095,.T.);
#4150=EDGE_CURVE('',#4853,#4859,#611,.T.);
#4151=EDGE_CURVE('',#4858,#4854,#612,.T.);
#4152=EDGE_CURVE('',#4860,#4861,#5096,.T.);
#4153=EDGE_CURVE('',#4855,#4861,#613,.T.);
#4154=EDGE_CURVE('',#4860,#4850,#614,.T.);
#4155=EDGE_CURVE('',#4862,#4863,#5097,.T.);
#4156=EDGE_CURVE('',#4851,#4862,#615,.T.);
#4157=EDGE_CURVE('',#4863,#4855,#616,.T.);
#4158=EDGE_CURVE('',#4858,#4864,#5098,.T.);
#4159=EDGE_CURVE('',#4864,#4859,#5099,.T.);
#4160=EDGE_CURVE('',#4860,#4865,#5100,.T.);
#4161=EDGE_CURVE('',#4865,#4861,#5101,.T.);
#4162=EDGE_CURVE('',#4866,#4867,#5102,.T.);
#4163=EDGE_CURVE('',#4864,#4866,#617,.T.);
#4164=EDGE_CURVE('',#4867,#4858,#618,.T.);
#4165=EDGE_CURVE('',#4865,#4864,#619,.T.);
#4166=EDGE_CURVE('',#4859,#4860,#620,.T.);
#4167=EDGE_CURVE('',#4868,#4869,#5103,.T.);
#4168=EDGE_CURVE('',#4861,#4868,#621,.T.);
#4169=EDGE_CURVE('',#4869,#4865,#622,.T.);
#4170=EDGE_CURVE('',#4870,#4871,#623,.T.);
#4171=EDGE_CURVE('',#4872,#4870,#624,.T.);
#4172=EDGE_CURVE('',#4873,#4872,#625,.T.);
#4173=EDGE_CURVE('',#4871,#4873,#626,.T.);
#4174=EDGE_CURVE('',#4874,#4875,#627,.T.);
#4175=EDGE_CURVE('',#4871,#4874,#628,.T.);
#4176=EDGE_CURVE('',#4873,#4875,#629,.T.);
#4177=EDGE_CURVE('',#4875,#4876,#630,.T.);
#4178=EDGE_CURVE('',#4872,#4876,#631,.T.);
#4179=EDGE_CURVE('',#4876,#4877,#632,.T.);
#4180=EDGE_CURVE('',#4870,#4877,#633,.T.);
#4181=EDGE_CURVE('',#4877,#4874,#634,.T.);
#4182=EDGE_CURVE('',#4878,#4879,#635,.T.);
#4183=EDGE_CURVE('',#4880,#4878,#636,.T.);
#4184=EDGE_CURVE('',#4881,#4880,#637,.T.);
#4185=EDGE_CURVE('',#4879,#4881,#638,.T.);
#4186=EDGE_CURVE('',#4882,#4883,#639,.T.);
#4187=EDGE_CURVE('',#4879,#4882,#640,.T.);
#4188=EDGE_CURVE('',#4881,#4883,#641,.T.);
#4189=EDGE_CURVE('',#4883,#4884,#642,.T.);
#4190=EDGE_CURVE('',#4880,#4884,#643,.T.);
#4191=EDGE_CURVE('',#4884,#4885,#644,.T.);
#4192=EDGE_CURVE('',#4878,#4885,#645,.T.);
#4193=EDGE_CURVE('',#4885,#4882,#646,.T.);
#4194=EDGE_CURVE('',#4886,#4887,#647,.T.);
#4195=EDGE_CURVE('',#4887,#4888,#648,.T.);
#4196=EDGE_CURVE('',#4888,#4889,#649,.T.);
#4197=EDGE_CURVE('',#4889,#4886,#650,.T.);
#4198=EDGE_CURVE('',#4890,#4891,#651,.T.);
#4199=EDGE_CURVE('',#4886,#4891,#652,.T.);
#4200=EDGE_CURVE('',#4889,#4890,#653,.T.);
#4201=EDGE_CURVE('',#4892,#4890,#654,.T.);
#4202=EDGE_CURVE('',#4888,#4892,#655,.T.);
#4203=EDGE_CURVE('',#4893,#4892,#656,.T.);
#4204=EDGE_CURVE('',#4887,#4893,#657,.T.);
#4205=EDGE_CURVE('',#4891,#4893,#658,.T.);
#4206=EDGE_CURVE('',#4894,#4895,#659,.T.);
#4207=EDGE_CURVE('',#4895,#4896,#660,.T.);
#4208=EDGE_CURVE('',#4896,#4897,#661,.T.);
#4209=EDGE_CURVE('',#4897,#4894,#662,.T.);
#4210=EDGE_CURVE('',#4898,#4899,#663,.T.);
#4211=EDGE_CURVE('',#4894,#4899,#664,.T.);
#4212=EDGE_CURVE('',#4897,#4898,#665,.T.);
#4213=EDGE_CURVE('',#4900,#4898,#666,.T.);
#4214=EDGE_CURVE('',#4896,#4900,#667,.T.);
#4215=EDGE_CURVE('',#4901,#4900,#668,.T.);
#4216=EDGE_CURVE('',#4895,#4901,#669,.T.);
#4217=EDGE_CURVE('',#4899,#4901,#670,.T.);
#4218=EDGE_CURVE('',#4902,#4903,#671,.T.);
#4219=EDGE_CURVE('',#4904,#4902,#672,.T.);
#4220=EDGE_CURVE('',#4905,#4904,#673,.T.);
#4221=EDGE_CURVE('',#4903,#4905,#674,.T.);
#4222=EDGE_CURVE('',#4906,#4907,#675,.T.);
#4223=EDGE_CURVE('',#4903,#4906,#676,.T.);
#4224=EDGE_CURVE('',#4905,#4907,#677,.T.);
#4225=EDGE_CURVE('',#4907,#4908,#678,.T.);
#4226=EDGE_CURVE('',#4904,#4908,#679,.T.);
#4227=EDGE_CURVE('',#4908,#4909,#680,.T.);
#4228=EDGE_CURVE('',#4902,#4909,#681,.T.);
#4229=EDGE_CURVE('',#4909,#4906,#682,.T.);
#4230=EDGE_CURVE('',#4910,#4911,#683,.T.);
#4231=EDGE_CURVE('',#4912,#4910,#684,.T.);
#4232=EDGE_CURVE('',#4913,#4912,#685,.T.);
#4233=EDGE_CURVE('',#4911,#4913,#686,.T.);
#4234=EDGE_CURVE('',#4914,#4915,#687,.T.);
#4235=EDGE_CURVE('',#4911,#4914,#688,.T.);
#4236=EDGE_CURVE('',#4913,#4915,#689,.T.);
#4237=EDGE_CURVE('',#4915,#4916,#690,.T.);
#4238=EDGE_CURVE('',#4912,#4916,#691,.T.);
#4239=EDGE_CURVE('',#4916,#4917,#692,.T.);
#4240=EDGE_CURVE('',#4910,#4917,#693,.T.);
#4241=EDGE_CURVE('',#4917,#4914,#694,.T.);
#4242=EDGE_CURVE('',#4918,#4919,#695,.T.);
#4243=EDGE_CURVE('',#4920,#4918,#696,.T.);
#4244=EDGE_CURVE('',#4921,#4920,#697,.T.);
#4245=EDGE_CURVE('',#4919,#4921,#698,.T.);
#4246=EDGE_CURVE('',#4922,#4923,#699,.T.);
#4247=EDGE_CURVE('',#4919,#4922,#700,.T.);
#4248=EDGE_CURVE('',#4921,#4923,#701,.T.);
#4249=EDGE_CURVE('',#4923,#4924,#702,.T.);
#4250=EDGE_CURVE('',#4920,#4924,#703,.T.);
#4251=EDGE_CURVE('',#4924,#4925,#704,.T.);
#4252=EDGE_CURVE('',#4918,#4925,#705,.T.);
#4253=EDGE_CURVE('',#4925,#4922,#706,.T.);
#4254=EDGE_CURVE('',#4926,#4927,#707,.T.);
#4255=EDGE_CURVE('',#4927,#4928,#708,.T.);
#4256=EDGE_CURVE('',#4928,#4929,#709,.T.);
#4257=EDGE_CURVE('',#4929,#4926,#710,.T.);
#4258=EDGE_CURVE('',#4930,#4931,#711,.T.);
#4259=EDGE_CURVE('',#4926,#4931,#712,.T.);
#4260=EDGE_CURVE('',#4929,#4930,#713,.T.);
#4261=EDGE_CURVE('',#4932,#4930,#714,.T.);
#4262=EDGE_CURVE('',#4928,#4932,#715,.T.);
#4263=EDGE_CURVE('',#4933,#4932,#716,.T.);
#4264=EDGE_CURVE('',#4927,#4933,#717,.T.);
#4265=EDGE_CURVE('',#4931,#4933,#718,.T.);
#4266=EDGE_CURVE('',#4934,#4935,#719,.T.);
#4267=EDGE_CURVE('',#4935,#4936,#720,.T.);
#4268=EDGE_CURVE('',#4936,#4937,#721,.T.);
#4269=EDGE_CURVE('',#4937,#4934,#722,.T.);
#4270=EDGE_CURVE('',#4938,#4939,#723,.T.);
#4271=EDGE_CURVE('',#4934,#4939,#724,.T.);
#4272=EDGE_CURVE('',#4937,#4938,#725,.T.);
#4273=EDGE_CURVE('',#4940,#4938,#726,.T.);
#4274=EDGE_CURVE('',#4936,#4940,#727,.T.);
#4275=EDGE_CURVE('',#4941,#4940,#728,.T.);
#4276=EDGE_CURVE('',#4935,#4941,#729,.T.);
#4277=EDGE_CURVE('',#4939,#4941,#730,.T.);
#4278=EDGE_CURVE('',#4942,#4943,#731,.T.);
#4279=EDGE_CURVE('',#4943,#4944,#732,.T.);
#4280=EDGE_CURVE('',#4944,#4945,#733,.T.);
#4281=EDGE_CURVE('',#4945,#4942,#734,.T.);
#4282=EDGE_CURVE('',#4946,#4947,#735,.T.);
#4283=EDGE_CURVE('',#4942,#4947,#736,.T.);
#4284=EDGE_CURVE('',#4945,#4946,#737,.T.);
#4285=EDGE_CURVE('',#4948,#4946,#738,.T.);
#4286=EDGE_CURVE('',#4944,#4948,#739,.T.);
#4287=EDGE_CURVE('',#4949,#4948,#740,.T.);
#4288=EDGE_CURVE('',#4943,#4949,#741,.T.);
#4289=EDGE_CURVE('',#4947,#4949,#742,.T.);
#4290=EDGE_CURVE('',#4950,#4950,#5104,.T.);
#4291=EDGE_CURVE('',#4951,#4952,#743,.T.);
#4292=EDGE_CURVE('',#4953,#4952,#744,.T.);
#4293=EDGE_CURVE('',#4954,#4953,#745,.T.);
#4294=EDGE_CURVE('',#4954,#4951,#746,.T.);
#4295=EDGE_CURVE('',#4955,#4956,#747,.T.);
#4296=EDGE_CURVE('',#4956,#4957,#748,.T.);
#4297=EDGE_CURVE('',#4957,#4958,#749,.T.);
#4298=EDGE_CURVE('',#4958,#4959,#750,.T.);
#4299=EDGE_CURVE('',#4959,#4960,#751,.T.);
#4300=EDGE_CURVE('',#4960,#4961,#752,.T.);
#4301=EDGE_CURVE('',#4961,#4962,#753,.T.);
#4302=EDGE_CURVE('',#4962,#4955,#754,.T.);
#4303=EDGE_CURVE('',#4963,#4964,#755,.T.);
#4304=EDGE_CURVE('',#4955,#4964,#756,.T.);
#4305=EDGE_CURVE('',#4962,#4963,#757,.T.);
#4306=EDGE_CURVE('',#4965,#4963,#758,.T.);
#4307=EDGE_CURVE('',#4961,#4965,#759,.T.);
#4308=EDGE_CURVE('',#4966,#4965,#760,.T.);
#4309=EDGE_CURVE('',#4960,#4966,#761,.T.);
#4310=EDGE_CURVE('',#4967,#4966,#762,.T.);
#4311=EDGE_CURVE('',#4959,#4967,#763,.T.);
#4312=EDGE_CURVE('',#4968,#4967,#764,.T.);
#4313=EDGE_CURVE('',#4958,#4968,#765,.T.);
#4314=EDGE_CURVE('',#4969,#4968,#766,.T.);
#4315=EDGE_CURVE('',#4957,#4969,#767,.T.);
#4316=EDGE_CURVE('',#4970,#4969,#768,.T.);
#4317=EDGE_CURVE('',#4956,#4970,#769,.T.);
#4318=EDGE_CURVE('',#4964,#4970,#770,.T.);
#4319=EDGE_CURVE('',#4971,#4972,#771,.T.);
#4320=EDGE_CURVE('',#4972,#4973,#772,.T.);
#4321=EDGE_CURVE('',#4973,#4974,#773,.T.);
#4322=EDGE_CURVE('',#4974,#4975,#774,.T.);
#4323=EDGE_CURVE('',#4975,#4976,#775,.T.);
#4324=EDGE_CURVE('',#4976,#4977,#776,.T.);
#4325=EDGE_CURVE('',#4977,#4978,#777,.T.);
#4326=EDGE_CURVE('',#4978,#4971,#778,.T.);
#4327=EDGE_CURVE('',#4979,#4980,#779,.T.);
#4328=EDGE_CURVE('',#4971,#4980,#780,.T.);
#4329=EDGE_CURVE('',#4978,#4979,#781,.T.);
#4330=EDGE_CURVE('',#4981,#4979,#782,.T.);
#4331=EDGE_CURVE('',#4977,#4981,#783,.T.);
#4332=EDGE_CURVE('',#4982,#4981,#784,.T.);
#4333=EDGE_CURVE('',#4976,#4982,#785,.T.);
#4334=EDGE_CURVE('',#4983,#4982,#786,.T.);
#4335=EDGE_CURVE('',#4975,#4983,#787,.T.);
#4336=EDGE_CURVE('',#4984,#4983,#788,.T.);
#4337=EDGE_CURVE('',#4974,#4984,#789,.T.);
#4338=EDGE_CURVE('',#4985,#4984,#790,.T.);
#4339=EDGE_CURVE('',#4973,#4985,#791,.T.);
#4340=EDGE_CURVE('',#4986,#4985,#792,.T.);
#4341=EDGE_CURVE('',#4972,#4986,#793,.T.);
#4342=EDGE_CURVE('',#4980,#4986,#794,.T.);
#4343=EDGE_CURVE('',#4987,#4988,#795,.T.);
#4344=EDGE_CURVE('',#4988,#4989,#796,.T.);
#4345=EDGE_CURVE('',#4989,#4990,#797,.T.);
#4346=EDGE_CURVE('',#4990,#4991,#798,.T.);
#4347=EDGE_CURVE('',#4991,#4992,#799,.T.);
#4348=EDGE_CURVE('',#4992,#4993,#800,.T.);
#4349=EDGE_CURVE('',#4993,#4994,#801,.T.);
#4350=EDGE_CURVE('',#4994,#4987,#802,.T.);
#4351=EDGE_CURVE('',#4995,#4996,#803,.T.);
#4352=EDGE_CURVE('',#4987,#4996,#804,.T.);
#4353=EDGE_CURVE('',#4994,#4995,#805,.T.);
#4354=EDGE_CURVE('',#4997,#4995,#806,.T.);
#4355=EDGE_CURVE('',#4993,#4997,#807,.T.);
#4356=EDGE_CURVE('',#4998,#4997,#808,.T.);
#4357=EDGE_CURVE('',#4992,#4998,#809,.T.);
#4358=EDGE_CURVE('',#4999,#4998,#810,.T.);
#4359=EDGE_CURVE('',#4991,#4999,#811,.T.);
#4360=EDGE_CURVE('',#5000,#4999,#812,.T.);
#4361=EDGE_CURVE('',#4990,#5000,#813,.T.);
#4362=EDGE_CURVE('',#5001,#5000,#814,.T.);
#4363=EDGE_CURVE('',#4989,#5001,#815,.T.);
#4364=EDGE_CURVE('',#5002,#5001,#816,.T.);
#4365=EDGE_CURVE('',#4988,#5002,#817,.T.);
#4366=EDGE_CURVE('',#4996,#5002,#818,.T.);
#4367=EDGE_CURVE('',#5003,#4952,#819,.T.);
#4368=EDGE_CURVE('',#4951,#5004,#820,.T.);
#4369=EDGE_CURVE('',#5004,#5005,#821,.T.);
#4370=EDGE_CURVE('',#5005,#5006,#822,.T.);
#4371=EDGE_CURVE('',#5006,#5007,#823,.T.);
#4372=EDGE_CURVE('',#5007,#5008,#824,.T.);
#4373=EDGE_CURVE('',#5008,#5003,#825,.T.);
#4374=EDGE_CURVE('',#5009,#5010,#826,.T.);
#4375=EDGE_CURVE('',#5003,#5010,#827,.T.);
#4376=EDGE_CURVE('',#5008,#5009,#828,.T.);
#4377=EDGE_CURVE('',#5011,#5009,#829,.T.);
#4378=EDGE_CURVE('',#5007,#5011,#830,.T.);
#4379=EDGE_CURVE('',#5012,#5011,#831,.T.);
#4380=EDGE_CURVE('',#5006,#5012,#832,.T.);
#4381=EDGE_CURVE('',#5013,#5012,#833,.T.);
#4382=EDGE_CURVE('',#5005,#5013,#834,.T.);
#4383=EDGE_CURVE('',#5014,#5013,#835,.T.);
#4384=EDGE_CURVE('',#5004,#5014,#836,.T.);
#4385=EDGE_CURVE('',#4954,#5014,#837,.T.);
#4386=EDGE_CURVE('',#5010,#4953,#838,.T.);
#4387=EDGE_CURVE('',#5015,#5016,#839,.T.);
#4388=EDGE_CURVE('',#5016,#5017,#840,.T.);
#4389=EDGE_CURVE('',#5017,#5018,#841,.T.);
#4390=EDGE_CURVE('',#5018,#5019,#842,.T.);
#4391=EDGE_CURVE('',#5019,#5020,#843,.T.);
#4392=EDGE_CURVE('',#5020,#5021,#844,.T.);
#4393=EDGE_CURVE('',#5021,#5022,#845,.T.);
#4394=EDGE_CURVE('',#5022,#5015,#846,.T.);
#4395=EDGE_CURVE('',#5023,#5024,#847,.T.);
#4396=EDGE_CURVE('',#5015,#5024,#848,.T.);
#4397=EDGE_CURVE('',#5022,#5023,#849,.T.);
#4398=EDGE_CURVE('',#5025,#5023,#850,.T.);
#4399=EDGE_CURVE('',#5021,#5025,#851,.T.);
#4400=EDGE_CURVE('',#5026,#5025,#852,.T.);
#4401=EDGE_CURVE('',#5020,#5026,#853,.T.);
#4402=EDGE_CURVE('',#5027,#5026,#854,.T.);
#4403=EDGE_CURVE('',#5019,#5027,#855,.T.);
#4404=EDGE_CURVE('',#5028,#5027,#856,.T.);
#4405=EDGE_CURVE('',#5018,#5028,#857,.T.);
#4406=EDGE_CURVE('',#5029,#5028,#858,.T.);
#4407=EDGE_CURVE('',#5017,#5029,#859,.T.);
#4408=EDGE_CURVE('',#5030,#5029,#860,.T.);
#4409=EDGE_CURVE('',#5016,#5030,#861,.T.);
#4410=EDGE_CURVE('',#5024,#5030,#862,.T.);
#4411=EDGE_CURVE('',#5031,#5032,#863,.T.);
#4412=EDGE_CURVE('',#5032,#5033,#864,.T.);
#4413=EDGE_CURVE('',#5033,#5034,#865,.T.);
#4414=EDGE_CURVE('',#5034,#5035,#866,.T.);
#4415=EDGE_CURVE('',#5035,#5036,#867,.T.);
#4416=EDGE_CURVE('',#5036,#5037,#868,.T.);
#4417=EDGE_CURVE('',#5037,#5038,#869,.T.);
#4418=EDGE_CURVE('',#5038,#5031,#870,.T.);
#4419=EDGE_CURVE('',#5039,#5040,#871,.T.);
#4420=EDGE_CURVE('',#5031,#5040,#872,.T.);
#4421=EDGE_CURVE('',#5038,#5039,#873,.T.);
#4422=EDGE_CURVE('',#5041,#5039,#874,.T.);
#4423=EDGE_CURVE('',#5037,#5041,#875,.T.);
#4424=EDGE_CURVE('',#5042,#5041,#876,.T.);
#4425=EDGE_CURVE('',#5036,#5042,#877,.T.);
#4426=EDGE_CURVE('',#5043,#5042,#878,.T.);
#4427=EDGE_CURVE('',#5035,#5043,#879,.T.);
#4428=EDGE_CURVE('',#5044,#5043,#880,.T.);
#4429=EDGE_CURVE('',#5034,#5044,#881,.T.);
#4430=EDGE_CURVE('',#5045,#5044,#882,.T.);
#4431=EDGE_CURVE('',#5033,#5045,#883,.T.);
#4432=EDGE_CURVE('',#5046,#5045,#884,.T.);
#4433=EDGE_CURVE('',#5032,#5046,#885,.T.);
#4434=EDGE_CURVE('',#5040,#5046,#886,.T.);
#4435=EDGE_CURVE('',#4866,#4869,#887,.T.);
#4436=EDGE_CURVE('',#4856,#4867,#888,.T.);
#4437=EDGE_CURVE('',#4868,#4863,#889,.T.);
#4438=EDGE_CURVE('',#4862,#4857,#890,.T.);
#4439=EDGE_CURVE('',#5047,#5047,#5105,.T.);
#4440=VERTEX_POINT('',#8655);
#4441=VERTEX_POINT('',#8656);
#4442=VERTEX_POINT('',#8671);
#4443=VERTEX_POINT('',#8673);
#4444=VERTEX_POINT('',#8699);
#4445=VERTEX_POINT('',#8700);
#4446=VERTEX_POINT('',#8702);
#4447=VERTEX_POINT('',#8704);
#4448=VERTEX_POINT('',#8718);
#4449=VERTEX_POINT('',#8723);
#4450=VERTEX_POINT('',#8727);
#4451=VERTEX_POINT('',#8729);
#4452=VERTEX_POINT('',#8743);
#4453=VERTEX_POINT('',#8748);
#4454=VERTEX_POINT('',#8752);
#4455=VERTEX_POINT('',#8754);
#4456=VERTEX_POINT('',#8768);
#4457=VERTEX_POINT('',#8773);
#4458=VERTEX_POINT('',#8777);
#4459=VERTEX_POINT('',#8779);
#4460=VERTEX_POINT('',#8793);
#4461=VERTEX_POINT('',#8798);
#4462=VERTEX_POINT('',#8802);
#4463=VERTEX_POINT('',#8804);
#4464=VERTEX_POINT('',#8808);
#4465=VERTEX_POINT('',#8810);
#4466=VERTEX_POINT('',#8824);
#4467=VERTEX_POINT('',#8829);
#4468=VERTEX_POINT('',#8843);
#4469=VERTEX_POINT('',#8848);
#4470=VERTEX_POINT('',#8862);
#4471=VERTEX_POINT('',#8867);
#4472=VERTEX_POINT('',#8881);
#4473=VERTEX_POINT('',#8886);
#4474=VERTEX_POINT('',#8900);
#4475=VERTEX_POINT('',#8905);
#4476=VERTEX_POINT('',#8919);
#4477=VERTEX_POINT('',#8924);
#4478=VERTEX_POINT('',#8938);
#4479=VERTEX_POINT('',#8943);
#4480=VERTEX_POINT('',#8947);
#4481=VERTEX_POINT('',#8949);
#4482=VERTEX_POINT('',#8953);
#4483=VERTEX_POINT('',#8955);
#4484=VERTEX_POINT('',#8959);
#4485=VERTEX_POINT('',#8961);
#4486=VERTEX_POINT('',#8965);
#4487=VERTEX_POINT('',#8967);
#4488=VERTEX_POINT('',#8981);
#4489=VERTEX_POINT('',#8986);
#4490=VERTEX_POINT('',#9000);
#4491=VERTEX_POINT('',#9005);
#4492=VERTEX_POINT('',#9016);
#4493=VERTEX_POINT('',#9018);
#4494=VERTEX_POINT('',#9029);
#4495=VERTEX_POINT('',#9031);
#4496=VERTEX_POINT('',#9042);
#4497=VERTEX_POINT('',#9044);
#4498=VERTEX_POINT('',#9058);
#4499=VERTEX_POINT('',#9063);
#4500=VERTEX_POINT('',#9077);
#4501=VERTEX_POINT('',#9082);
#4502=VERTEX_POINT('',#9096);
#4503=VERTEX_POINT('',#9101);
#4504=VERTEX_POINT('',#9115);
#4505=VERTEX_POINT('',#9120);
#4506=VERTEX_POINT('',#9134);
#4507=VERTEX_POINT('',#9139);
#4508=VERTEX_POINT('',#9153);
#4509=VERTEX_POINT('',#9158);
#4510=VERTEX_POINT('',#9179);
#4511=VERTEX_POINT('',#9180);
#4512=VERTEX_POINT('',#9182);
#4513=VERTEX_POINT('',#9184);
#4514=VERTEX_POINT('',#9186);
#4515=VERTEX_POINT('',#9188);
#4516=VERTEX_POINT('',#9192);
#4517=VERTEX_POINT('',#9194);
#4518=VERTEX_POINT('',#9205);
#4519=VERTEX_POINT('',#9209);
#4520=VERTEX_POINT('',#9220);
#4521=VERTEX_POINT('',#9224);
#4522=VERTEX_POINT('',#9230);
#4523=VERTEX_POINT('',#9231);
#4524=VERTEX_POINT('',#9233);
#4525=VERTEX_POINT('',#9235);
#4526=VERTEX_POINT('',#9239);
#4527=VERTEX_POINT('',#9241);
#4528=VERTEX_POINT('',#9245);
#4529=VERTEX_POINT('',#9247);
#4530=VERTEX_POINT('',#9251);
#4531=VERTEX_POINT('',#9253);
#4532=VERTEX_POINT('',#9257);
#4533=VERTEX_POINT('',#9259);
#4534=VERTEX_POINT('',#9263);
#4535=VERTEX_POINT('',#9265);
#4536=VERTEX_POINT('',#9269);
#4537=VERTEX_POINT('',#9271);
#4538=VERTEX_POINT('',#9279);
#4539=VERTEX_POINT('',#9280);
#4540=VERTEX_POINT('',#9282);
#4541=VERTEX_POINT('',#9284);
#4542=VERTEX_POINT('',#9289);
#4543=VERTEX_POINT('',#9294);
#4544=VERTEX_POINT('',#9299);
#4545=VERTEX_POINT('',#9313);
#4546=VERTEX_POINT('',#9318);
#4547=VERTEX_POINT('',#9329);
#4548=VERTEX_POINT('',#9343);
#4549=VERTEX_POINT('',#9357);
#4550=VERTEX_POINT('',#9364);
#4551=VERTEX_POINT('',#9368);
#4552=VERTEX_POINT('',#9374);
#4553=VERTEX_POINT('',#9375);
#4554=VERTEX_POINT('',#9377);
#4555=VERTEX_POINT('',#9379);
#4556=VERTEX_POINT('',#9383);
#4557=VERTEX_POINT('',#9385);
#4558=VERTEX_POINT('',#9399);
#4559=VERTEX_POINT('',#9404);
#4560=VERTEX_POINT('',#9418);
#4561=VERTEX_POINT('',#9423);
#4562=VERTEX_POINT('',#9437);
#4563=VERTEX_POINT('',#9442);
#4564=VERTEX_POINT('',#9456);
#4565=VERTEX_POINT('',#9461);
#4566=VERTEX_POINT('',#9469);
#4567=VERTEX_POINT('',#9470);
#4568=VERTEX_POINT('',#9472);
#4569=VERTEX_POINT('',#9474);
#4570=VERTEX_POINT('',#9476);
#4571=VERTEX_POINT('',#9478);
#4572=VERTEX_POINT('',#9480);
#4573=VERTEX_POINT('',#9482);
#4574=VERTEX_POINT('',#9484);
#4575=VERTEX_POINT('',#9486);
#4576=VERTEX_POINT('',#9488);
#4577=VERTEX_POINT('',#9490);
#4578=VERTEX_POINT('',#9494);
#4579=VERTEX_POINT('',#9495);
#4580=VERTEX_POINT('',#9500);
#4581=VERTEX_POINT('',#9504);
#4582=VERTEX_POINT('',#9508);
#4583=VERTEX_POINT('',#9512);
#4584=VERTEX_POINT('',#9516);
#4585=VERTEX_POINT('',#9520);
#4586=VERTEX_POINT('',#9524);
#4587=VERTEX_POINT('',#9528);
#4588=VERTEX_POINT('',#9532);
#4589=VERTEX_POINT('',#9536);
#4590=VERTEX_POINT('',#9542);
#4591=VERTEX_POINT('',#9543);
#4592=VERTEX_POINT('',#9545);
#4593=VERTEX_POINT('',#9547);
#4594=VERTEX_POINT('',#9549);
#4595=VERTEX_POINT('',#9551);
#4596=VERTEX_POINT('',#9553);
#4597=VERTEX_POINT('',#9555);
#4598=VERTEX_POINT('',#9557);
#4599=VERTEX_POINT('',#9559);
#4600=VERTEX_POINT('',#9564);
#4601=VERTEX_POINT('',#9566);
#4602=VERTEX_POINT('',#9568);
#4603=VERTEX_POINT('',#9570);
#4604=VERTEX_POINT('',#9575);
#4605=VERTEX_POINT('',#9579);
#4606=VERTEX_POINT('',#9580);
#4607=VERTEX_POINT('',#9595);
#4608=VERTEX_POINT('',#9606);
#4609=VERTEX_POINT('',#9610);
#4610=VERTEX_POINT('',#9621);
#4611=VERTEX_POINT('',#9635);
#4612=VERTEX_POINT('',#9639);
#4613=VERTEX_POINT('',#9643);
#4614=VERTEX_POINT('',#9647);
#4615=VERTEX_POINT('',#9651);
#4616=VERTEX_POINT('',#9655);
#4617=VERTEX_POINT('',#9659);
#4618=VERTEX_POINT('',#9670);
#4619=VERTEX_POINT('',#9674);
#4620=VERTEX_POINT('',#9683);
#4621=VERTEX_POINT('',#9684);
#4622=VERTEX_POINT('',#9686);
#4623=VERTEX_POINT('',#9691);
#4624=VERTEX_POINT('',#9696);
#4625=VERTEX_POINT('',#9701);
#4626=VERTEX_POINT('',#9706);
#4627=VERTEX_POINT('',#9711);
#4628=VERTEX_POINT('',#9716);
#4629=VERTEX_POINT('',#9721);
#4630=VERTEX_POINT('',#9726);
#4631=VERTEX_POINT('',#9731);
#4632=VERTEX_POINT('',#9733);
#4633=VERTEX_POINT('',#9735);
#4634=VERTEX_POINT('',#9737);
#4635=VERTEX_POINT('',#9742);
#4636=VERTEX_POINT('',#9747);
#4637=VERTEX_POINT('',#9752);
#4638=VERTEX_POINT('',#9757);
#4639=VERTEX_POINT('',#9762);
#4640=VERTEX_POINT('',#9764);
#4641=VERTEX_POINT('',#9781);
#4642=VERTEX_POINT('',#9782);
#4643=VERTEX_POINT('',#9787);
#4644=VERTEX_POINT('',#9801);
#4645=VERTEX_POINT('',#9815);
#4646=VERTEX_POINT('',#9829);
#4647=VERTEX_POINT('',#9843);
#4648=VERTEX_POINT('',#9857);
#4649=VERTEX_POINT('',#9868);
#4650=VERTEX_POINT('',#9872);
#4651=VERTEX_POINT('',#9883);
#4652=VERTEX_POINT('',#9897);
#4653=VERTEX_POINT('',#9911);
#4654=VERTEX_POINT('',#9925);
#4655=VERTEX_POINT('',#9939);
#4656=VERTEX_POINT('',#9953);
#4657=VERTEX_POINT('',#9967);
#4658=VERTEX_POINT('',#9981);
#4659=VERTEX_POINT('',#9995);
#4660=VERTEX_POINT('',#10009);
#4661=VERTEX_POINT('',#10013);
#4662=VERTEX_POINT('',#10032);
#4663=VERTEX_POINT('',#10033);
#4664=VERTEX_POINT('',#10038);
#4665=VERTEX_POINT('',#10040);
#4666=VERTEX_POINT('',#10045);
#4667=VERTEX_POINT('',#10050);
#4668=VERTEX_POINT('',#10055);
#4669=VERTEX_POINT('',#10057);
#4670=VERTEX_POINT('',#10061);
#4671=VERTEX_POINT('',#10063);
#4672=VERTEX_POINT('',#10067);
#4673=VERTEX_POINT('',#10078);
#4674=VERTEX_POINT('',#10092);
#4675=VERTEX_POINT('',#10106);
#4676=VERTEX_POINT('',#10120);
#4677=VERTEX_POINT('',#10131);
#4678=VERTEX_POINT('',#10160);
#4679=VERTEX_POINT('',#10161);
#4680=VERTEX_POINT('',#10163);
#4681=VERTEX_POINT('',#10168);
#4682=VERTEX_POINT('',#10172);
#4683=VERTEX_POINT('',#10174);
#4684=VERTEX_POINT('',#10178);
#4685=VERTEX_POINT('',#10180);
#4686=VERTEX_POINT('',#10184);
#4687=VERTEX_POINT('',#10186);
#4688=VERTEX_POINT('',#10190);
#4689=VERTEX_POINT('',#10192);
#4690=VERTEX_POINT('',#10206);
#4691=VERTEX_POINT('',#10211);
#4692=VERTEX_POINT('',#10225);
#4693=VERTEX_POINT('',#10230);
#4694=VERTEX_POINT('',#10244);
#4695=VERTEX_POINT('',#10249);
#4696=VERTEX_POINT('',#10263);
#4697=VERTEX_POINT('',#10268);
#4698=VERTEX_POINT('',#10272);
#4699=VERTEX_POINT('',#10274);
#4700=VERTEX_POINT('',#10288);
#4701=VERTEX_POINT('',#10293);
#4702=VERTEX_POINT('',#10307);
#4703=VERTEX_POINT('',#10312);
#4704=VERTEX_POINT('',#10316);
#4705=VERTEX_POINT('',#10318);
#4706=VERTEX_POINT('',#10339);
#4707=VERTEX_POINT('',#10340);
#4708=VERTEX_POINT('',#10342);
#4709=VERTEX_POINT('',#10344);
#4710=VERTEX_POINT('',#10346);
#4711=VERTEX_POINT('',#10348);
#4712=VERTEX_POINT('',#10350);
#4713=VERTEX_POINT('',#10352);
#4714=VERTEX_POINT('',#10354);
#4715=VERTEX_POINT('',#10356);
#4716=VERTEX_POINT('',#10358);
#4717=VERTEX_POINT('',#10360);
#4718=VERTEX_POINT('',#10364);
#4719=VERTEX_POINT('',#10365);
#4720=VERTEX_POINT('',#10370);
#4721=VERTEX_POINT('',#10374);
#4722=VERTEX_POINT('',#10378);
#4723=VERTEX_POINT('',#10382);
#4724=VERTEX_POINT('',#10386);
#4725=VERTEX_POINT('',#10390);
#4726=VERTEX_POINT('',#10394);
#4727=VERTEX_POINT('',#10398);
#4728=VERTEX_POINT('',#10402);
#4729=VERTEX_POINT('',#10406);
#4730=VERTEX_POINT('',#10412);
#4731=VERTEX_POINT('',#10413);
#4732=VERTEX_POINT('',#10415);
#4733=VERTEX_POINT('',#10417);
#4734=VERTEX_POINT('',#10419);
#4735=VERTEX_POINT('',#10421);
#4736=VERTEX_POINT('',#10425);
#4737=VERTEX_POINT('',#10427);
#4738=VERTEX_POINT('',#10438);
#4739=VERTEX_POINT('',#10442);
#4740=VERTEX_POINT('',#10453);
#4741=VERTEX_POINT('',#10457);
#4742=VERTEX_POINT('',#10463);
#4743=VERTEX_POINT('',#10464);
#4744=VERTEX_POINT('',#10466);
#4745=VERTEX_POINT('',#10468);
#4746=VERTEX_POINT('',#10472);
#4747=VERTEX_POINT('',#10474);
#4748=VERTEX_POINT('',#10478);
#4749=VERTEX_POINT('',#10480);
#4750=VERTEX_POINT('',#10484);
#4751=VERTEX_POINT('',#10486);
#4752=VERTEX_POINT('',#10490);
#4753=VERTEX_POINT('',#10492);
#4754=VERTEX_POINT('',#10496);
#4755=VERTEX_POINT('',#10498);
#4756=VERTEX_POINT('',#10502);
#4757=VERTEX_POINT('',#10504);
#4758=VERTEX_POINT('',#10512);
#4759=VERTEX_POINT('',#10513);
#4760=VERTEX_POINT('',#10515);
#4761=VERTEX_POINT('',#10517);
#4762=VERTEX_POINT('',#10522);
#4763=VERTEX_POINT('',#10527);
#4764=VERTEX_POINT('',#10532);
#4765=VERTEX_POINT('',#10546);
#4766=VERTEX_POINT('',#10551);
#4767=VERTEX_POINT('',#10562);
#4768=VERTEX_POINT('',#10576);
#4769=VERTEX_POINT('',#10590);
#4770=VERTEX_POINT('',#10597);
#4771=VERTEX_POINT('',#10601);
#4772=VERTEX_POINT('',#10607);
#4773=VERTEX_POINT('',#10608);
#4774=VERTEX_POINT('',#10610);
#4775=VERTEX_POINT('',#10612);
#4776=VERTEX_POINT('',#10616);
#4777=VERTEX_POINT('',#10618);
#4778=VERTEX_POINT('',#10632);
#4779=VERTEX_POINT('',#10637);
#4780=VERTEX_POINT('',#10651);
#4781=VERTEX_POINT('',#10656);
#4782=VERTEX_POINT('',#10670);
#4783=VERTEX_POINT('',#10675);
#4784=VERTEX_POINT('',#10689);
#4785=VERTEX_POINT('',#10694);
#4786=VERTEX_POINT('',#10702);
#4787=VERTEX_POINT('',#10703);
#4788=VERTEX_POINT('',#10705);
#4789=VERTEX_POINT('',#10707);
#4790=VERTEX_POINT('',#10709);
#4791=VERTEX_POINT('',#10711);
#4792=VERTEX_POINT('',#10713);
#4793=VERTEX_POINT('',#10715);
#4794=VERTEX_POINT('',#10717);
#4795=VERTEX_POINT('',#10719);
#4796=VERTEX_POINT('',#10721);
#4797=VERTEX_POINT('',#10723);
#4798=VERTEX_POINT('',#10727);
#4799=VERTEX_POINT('',#10728);
#4800=VERTEX_POINT('',#10733);
#4801=VERTEX_POINT('',#10737);
#4802=VERTEX_POINT('',#10741);
#4803=VERTEX_POINT('',#10745);
#4804=VERTEX_POINT('',#10749);
#4805=VERTEX_POINT('',#10753);
#4806=VERTEX_POINT('',#10757);
#4807=VERTEX_POINT('',#10761);
#4808=VERTEX_POINT('',#10765);
#4809=VERTEX_POINT('',#10769);
#4810=VERTEX_POINT('',#10778);
#4811=VERTEX_POINT('',#10779);
#4812=VERTEX_POINT('',#10781);
#4813=VERTEX_POINT('',#10786);
#4814=VERTEX_POINT('',#10791);
#4815=VERTEX_POINT('',#10796);
#4816=VERTEX_POINT('',#10801);
#4817=VERTEX_POINT('',#10806);
#4818=VERTEX_POINT('',#10808);
#4819=VERTEX_POINT('',#10810);
#4820=VERTEX_POINT('',#10815);
#4821=VERTEX_POINT('',#10820);
#4822=VERTEX_POINT('',#10825);
#4823=VERTEX_POINT('',#10830);
#4824=VERTEX_POINT('',#10847);
#4825=VERTEX_POINT('',#10848);
#4826=VERTEX_POINT('',#10863);
#4827=VERTEX_POINT('',#10877);
#4828=VERTEX_POINT('',#10891);
#4829=VERTEX_POINT('',#10905);
#4830=VERTEX_POINT('',#10909);
#4831=VERTEX_POINT('',#10920);
#4832=VERTEX_POINT('',#10934);
#4833=VERTEX_POINT('',#10948);
#4834=VERTEX_POINT('',#10962);
#4835=VERTEX_POINT('',#10976);
#4836=VERTEX_POINT('',#10990);
#4837=VERTEX_POINT('',#10994);
#4838=VERTEX_POINT('',#11010);
#4839=VERTEX_POINT('',#11011);
#4840=VERTEX_POINT('',#11013);
#4841=VERTEX_POINT('',#11015);
#4842=VERTEX_POINT('',#11017);
#4843=VERTEX_POINT('',#11019);
#4844=VERTEX_POINT('',#11023);
#4845=VERTEX_POINT('',#11024);
#4846=VERTEX_POINT('',#11029);
#4847=VERTEX_POINT('',#11033);
#4848=VERTEX_POINT('',#11037);
#4849=VERTEX_POINT('',#11041);
#4850=VERTEX_POINT('',#11047);
#4851=VERTEX_POINT('',#11048);
#4852=VERTEX_POINT('',#11050);
#4853=VERTEX_POINT('',#11052);
#4854=VERTEX_POINT('',#11056);
#4855=VERTEX_POINT('',#11060);
#4856=VERTEX_POINT('',#11064);
#4857=VERTEX_POINT('',#11065);
#4858=VERTEX_POINT('',#11070);
#4859=VERTEX_POINT('',#11071);
#4860=VERTEX_POINT('',#11076);
#4861=VERTEX_POINT('',#11077);
#4862=VERTEX_POINT('',#11082);
#4863=VERTEX_POINT('',#11083);
#4864=VERTEX_POINT('',#11088);
#4865=VERTEX_POINT('',#11092);
#4866=VERTEX_POINT('',#11096);
#4867=VERTEX_POINT('',#11097);
#4868=VERTEX_POINT('',#11105);
#4869=VERTEX_POINT('',#11106);
#4870=VERTEX_POINT('',#11111);
#4871=VERTEX_POINT('',#11112);
#4872=VERTEX_POINT('',#11114);
#4873=VERTEX_POINT('',#11116);
#4874=VERTEX_POINT('',#11120);
#4875=VERTEX_POINT('',#11121);
#4876=VERTEX_POINT('',#11126);
#4877=VERTEX_POINT('',#11130);
#4878=VERTEX_POINT('',#11136);
#4879=VERTEX_POINT('',#11137);
#4880=VERTEX_POINT('',#11139);
#4881=VERTEX_POINT('',#11141);
#4882=VERTEX_POINT('',#11145);
#4883=VERTEX_POINT('',#11146);
#4884=VERTEX_POINT('',#11151);
#4885=VERTEX_POINT('',#11155);
#4886=VERTEX_POINT('',#11161);
#4887=VERTEX_POINT('',#11162);
#4888=VERTEX_POINT('',#11164);
#4889=VERTEX_POINT('',#11166);
#4890=VERTEX_POINT('',#11170);
#4891=VERTEX_POINT('',#11171);
#4892=VERTEX_POINT('',#11176);
#4893=VERTEX_POINT('',#11180);
#4894=VERTEX_POINT('',#11186);
#4895=VERTEX_POINT('',#11187);
#4896=VERTEX_POINT('',#11189);
#4897=VERTEX_POINT('',#11191);
#4898=VERTEX_POINT('',#11195);
#4899=VERTEX_POINT('',#11196);
#4900=VERTEX_POINT('',#11201);
#4901=VERTEX_POINT('',#11205);
#4902=VERTEX_POINT('',#11211);
#4903=VERTEX_POINT('',#11212);
#4904=VERTEX_POINT('',#11214);
#4905=VERTEX_POINT('',#11216);
#4906=VERTEX_POINT('',#11220);
#4907=VERTEX_POINT('',#11221);
#4908=VERTEX_POINT('',#11226);
#4909=VERTEX_POINT('',#11230);
#4910=VERTEX_POINT('',#11236);
#4911=VERTEX_POINT('',#11237);
#4912=VERTEX_POINT('',#11239);
#4913=VERTEX_POINT('',#11241);
#4914=VERTEX_POINT('',#11245);
#4915=VERTEX_POINT('',#11246);
#4916=VERTEX_POINT('',#11251);
#4917=VERTEX_POINT('',#11255);
#4918=VERTEX_POINT('',#11261);
#4919=VERTEX_POINT('',#11262);
#4920=VERTEX_POINT('',#11264);
#4921=VERTEX_POINT('',#11266);
#4922=VERTEX_POINT('',#11270);
#4923=VERTEX_POINT('',#11271);
#4924=VERTEX_POINT('',#11276);
#4925=VERTEX_POINT('',#11280);
#4926=VERTEX_POINT('',#11286);
#4927=VERTEX_POINT('',#11287);
#4928=VERTEX_POINT('',#11289);
#4929=VERTEX_POINT('',#11291);
#4930=VERTEX_POINT('',#11295);
#4931=VERTEX_POINT('',#11296);
#4932=VERTEX_POINT('',#11301);
#4933=VERTEX_POINT('',#11305);
#4934=VERTEX_POINT('',#11311);
#4935=VERTEX_POINT('',#11312);
#4936=VERTEX_POINT('',#11314);
#4937=VERTEX_POINT('',#11316);
#4938=VERTEX_POINT('',#11320);
#4939=VERTEX_POINT('',#11321);
#4940=VERTEX_POINT('',#11326);
#4941=VERTEX_POINT('',#11330);
#4942=VERTEX_POINT('',#11336);
#4943=VERTEX_POINT('',#11337);
#4944=VERTEX_POINT('',#11339);
#4945=VERTEX_POINT('',#11341);
#4946=VERTEX_POINT('',#11345);
#4947=VERTEX_POINT('',#11346);
#4948=VERTEX_POINT('',#11351);
#4949=VERTEX_POINT('',#11355);
#4950=VERTEX_POINT('',#11361);
#4951=VERTEX_POINT('',#11364);
#4952=VERTEX_POINT('',#11365);
#4953=VERTEX_POINT('',#11367);
#4954=VERTEX_POINT('',#11369);
#4955=VERTEX_POINT('',#11373);
#4956=VERTEX_POINT('',#11374);
#4957=VERTEX_POINT('',#11376);
#4958=VERTEX_POINT('',#11378);
#4959=VERTEX_POINT('',#11380);
#4960=VERTEX_POINT('',#11382);
#4961=VERTEX_POINT('',#11384);
#4962=VERTEX_POINT('',#11386);
#4963=VERTEX_POINT('',#11390);
#4964=VERTEX_POINT('',#11391);
#4965=VERTEX_POINT('',#11396);
#4966=VERTEX_POINT('',#11400);
#4967=VERTEX_POINT('',#11404);
#4968=VERTEX_POINT('',#11408);
#4969=VERTEX_POINT('',#11412);
#4970=VERTEX_POINT('',#11416);
#4971=VERTEX_POINT('',#11422);
#4972=VERTEX_POINT('',#11423);
#4973=VERTEX_POINT('',#11425);
#4974=VERTEX_POINT('',#11427);
#4975=VERTEX_POINT('',#11429);
#4976=VERTEX_POINT('',#11431);
#4977=VERTEX_POINT('',#11433);
#4978=VERTEX_POINT('',#11435);
#4979=VERTEX_POINT('',#11439);
#4980=VERTEX_POINT('',#11440);
#4981=VERTEX_POINT('',#11445);
#4982=VERTEX_POINT('',#11449);
#4983=VERTEX_POINT('',#11453);
#4984=VERTEX_POINT('',#11457);
#4985=VERTEX_POINT('',#11461);
#4986=VERTEX_POINT('',#11465);
#4987=VERTEX_POINT('',#11471);
#4988=VERTEX_POINT('',#11472);
#4989=VERTEX_POINT('',#11474);
#4990=VERTEX_POINT('',#11476);
#4991=VERTEX_POINT('',#11478);
#4992=VERTEX_POINT('',#11480);
#4993=VERTEX_POINT('',#11482);
#4994=VERTEX_POINT('',#11484);
#4995=VERTEX_POINT('',#11488);
#4996=VERTEX_POINT('',#11489);
#4997=VERTEX_POINT('',#11494);
#4998=VERTEX_POINT('',#11498);
#4999=VERTEX_POINT('',#11502);
#5000=VERTEX_POINT('',#11506);
#5001=VERTEX_POINT('',#11510);
#5002=VERTEX_POINT('',#11514);
#5003=VERTEX_POINT('',#11520);
#5004=VERTEX_POINT('',#11522);
#5005=VERTEX_POINT('',#11524);
#5006=VERTEX_POINT('',#11526);
#5007=VERTEX_POINT('',#11528);
#5008=VERTEX_POINT('',#11530);
#5009=VERTEX_POINT('',#11534);
#5010=VERTEX_POINT('',#11535);
#5011=VERTEX_POINT('',#11540);
#5012=VERTEX_POINT('',#11544);
#5013=VERTEX_POINT('',#11548);
#5014=VERTEX_POINT('',#11552);
#5015=VERTEX_POINT('',#11560);
#5016=VERTEX_POINT('',#11561);
#5017=VERTEX_POINT('',#11563);
#5018=VERTEX_POINT('',#11565);
#5019=VERTEX_POINT('',#11567);
#5020=VERTEX_POINT('',#11569);
#5021=VERTEX_POINT('',#11571);
#5022=VERTEX_POINT('',#11573);
#5023=VERTEX_POINT('',#11577);
#5024=VERTEX_POINT('',#11578);
#5025=VERTEX_POINT('',#11583);
#5026=VERTEX_POINT('',#11587);
#5027=VERTEX_POINT('',#11591);
#5028=VERTEX_POINT('',#11595);
#5029=VERTEX_POINT('',#11599);
#5030=VERTEX_POINT('',#11603);
#5031=VERTEX_POINT('',#11609);
#5032=VERTEX_POINT('',#11610);
#5033=VERTEX_POINT('',#11612);
#5034=VERTEX_POINT('',#11614);
#5035=VERTEX_POINT('',#11616);
#5036=VERTEX_POINT('',#11618);
#5037=VERTEX_POINT('',#11620);
#5038=VERTEX_POINT('',#11622);
#5039=VERTEX_POINT('',#11626);
#5040=VERTEX_POINT('',#11627);
#5041=VERTEX_POINT('',#11632);
#5042=VERTEX_POINT('',#11636);
#5043=VERTEX_POINT('',#11640);
#5044=VERTEX_POINT('',#11644);
#5045=VERTEX_POINT('',#11648);
#5046=VERTEX_POINT('',#11652);
#5047=VERTEX_POINT('',#11667);
#5048=CIRCLE('',#7012,1.1521520953E-5);
#5049=CIRCLE('',#7013,1.1521520953E-5);
#5050=CIRCLE('',#7014,1.1521520953E-5);
#5051=CIRCLE('',#7015,1.1521520953E-5);
#5052=CIRCLE('',#7016,4.13536884650103E-5);
#5053=CIRCLE('',#7017,4.13536884650103E-5);
#5054=CIRCLE('',#7020,9.19344975394111E-6);
#5055=CIRCLE('',#7021,9.19344975394111E-6);
#5056=CIRCLE('',#7024,2.30585051275164E-5);
#5057=CIRCLE('',#7025,2.30585051275164E-5);
#5058=CIRCLE('',#7031,4.7834434970885E-5);
#5059=CIRCLE('',#7032,4.7834434970885E-5);
#5060=CIRCLE('',#7033,4.8250345091118E-5);
#5061=CIRCLE('',#7034,4.8250345091118E-5);
#5062=CIRCLE('',#7035,4.76091828607914E-5);
#5063=CIRCLE('',#7036,4.76091828607914E-5);
#5064=CIRCLE('',#7039,2.03683729759039E-5);
#5065=CIRCLE('',#7040,1.63082905372056E-5);
#5066=CIRCLE('',#7042,1.63082905372056E-5);
#5067=CIRCLE('',#7044,2.03683729759039E-5);
#5068=CIRCLE('',#7078,2.55172305818353E-5);
#5069=CIRCLE('',#7079,7.97693395263208E-6);
#5070=CIRCLE('',#7080,1.18876591354377E-5);
#5071=CIRCLE('',#7082,1.18876591354377E-5);
#5072=CIRCLE('',#7084,7.97693395263208E-6);
#5073=CIRCLE('',#7091,2.55172305818353E-5);
#5074=CIRCLE('',#7095,1.37047452469106E-5);
#5075=CIRCLE('',#7096,1.8287160240163E-5);
#5076=CIRCLE('',#7097,3.53597914761597E-6);
#5077=CIRCLE('',#7099,3.53597914761597E-6);
#5078=CIRCLE('',#7100,1.8287160240163E-5);
#5079=CIRCLE('',#7102,1.37047452469106E-5);
#5080=CIRCLE('',#7105,4.42363498141225E-6);
#5081=CIRCLE('',#7108,4.42363498141225E-6);
#5082=CIRCLE('',#7130,2.03683731616165E-5);
#5083=CIRCLE('',#7131,1.63082904838113E-5);
#5084=CIRCLE('',#7133,1.63082904838113E-5);
#5085=CIRCLE('',#7135,2.03683731616165E-5);
#5086=CIRCLE('',#7169,1.98061236300302E-5);
#5087=CIRCLE('',#7171,1.98061236300302E-5);
#5088=CIRCLE('',#7181,9.999999602636E-6);
#5089=CIRCLE('',#7182,9.999999602636E-6);
#5090=CIRCLE('',#7184,9.999999602636E-6);
#5091=CIRCLE('',#7185,9.999999602636E-6);
#5092=CIRCLE('',#7187,9.999999602636E-6);
#5093=CIRCLE('',#7188,9.999999602636E-6);
#5094=CIRCLE('',#7190,9.999999602636E-6);
#5095=CIRCLE('',#7192,9.999999602636E-6);
#5096=CIRCLE('',#7194,9.999999602636E-6);
#5097=CIRCLE('',#7196,9.999999602636E-6);
#5098=CIRCLE('',#7198,9.999999602636E-6);
#5099=CIRCLE('',#7199,9.999999602636E-6);
#5100=CIRCLE('',#7201,9.999999602636E-6);
#5101=CIRCLE('',#7202,9.999999602636E-6);
#5102=CIRCLE('',#7204,9.999999602636E-6);
#5103=CIRCLE('',#7207,9.999999602636E-6);
#5104=CIRCLE('',#7259,5.466142489664E-5);
#5105=CIRCLE('',#7320,6.466142449928E-5);
#5106=EDGE_LOOP('',(#1689,#1690));
#5107=EDGE_LOOP('',(#1691,#1692,#1693,#1694));
#5108=EDGE_LOOP('',(#1695,#1696,#1697,#1698));
#5109=EDGE_LOOP('',(#1699,#1700,#1701,#1702));
#5110=EDGE_LOOP('',(#1703,#1704,#1705,#1706));
#5111=EDGE_LOOP('',(#1707,#1708,#1709,#1710));
#5112=EDGE_LOOP('',(#1711,#1712,#1713,#1714));
#5113=EDGE_LOOP('',(#1715,#1716,#1717,#1718));
#5114=EDGE_LOOP('',(#1719,#1720,#1721,#1722));
#5115=EDGE_LOOP('',(#1723,#1724,#1725,#1726));
#5116=EDGE_LOOP('',(#1727,#1728,#1729,#1730));
#5117=EDGE_LOOP('',(#1731,#1732,#1733,#1734));
#5118=EDGE_LOOP('',(#1735,#1736,#1737,#1738));
#5119=EDGE_LOOP('',(#1739,#1740,#1741,#1742));
#5120=EDGE_LOOP('',(#1743,#1744,#1745,#1746));
#5121=EDGE_LOOP('',(#1747,#1748,#1749,#1750));
#5122=EDGE_LOOP('',(#1751,#1752,#1753,#1754));
#5123=EDGE_LOOP('',(#1755,#1756,#1757,#1758));
#5124=EDGE_LOOP('',(#1759,#1760,#1761,#1762));
#5125=EDGE_LOOP('',(#1763,#1764,#1765,#1766));
#5126=EDGE_LOOP('',(#1767,#1768,#1769,#1770));
#5127=EDGE_LOOP('',(#1771,#1772,#1773,#1774));
#5128=EDGE_LOOP('',(#1775,#1776,#1777,#1778));
#5129=EDGE_LOOP('',(#1779,#1780,#1781,#1782));
#5130=EDGE_LOOP('',(#1783,#1784,#1785,#1786));
#5131=EDGE_LOOP('',(#1787,#1788,#1789,#1790));
#5132=EDGE_LOOP('',(#1791,#1792,#1793,#1794));
#5133=EDGE_LOOP('',(#1795,#1796,#1797,#1798));
#5134=EDGE_LOOP('',(#1799,#1800,#1801,#1802));
#5135=EDGE_LOOP('',(#1803,#1804,#1805,#1806));
#5136=EDGE_LOOP('',(#1807,#1808,#1809,#1810));
#5137=EDGE_LOOP('',(#1811,#1812,#1813,#1814));
#5138=EDGE_LOOP('',(#1815,#1816,#1817,#1818));
#5139=EDGE_LOOP('',(#1819,#1820,#1821,#1822));
#5140=EDGE_LOOP('',(#1823,#1824,#1825,#1826));
#5141=EDGE_LOOP('',(#1827,#1828,#1829,#1830));
#5142=EDGE_LOOP('',(#1831,#1832));
#5143=EDGE_LOOP('',(#1833,#1834,#1835,#1836,#1837,#1838,#1839,#1840,#1841,
#1842,#1843,#1844,#1845,#1846,#1847,#1848,#1849,#1850,#1851,#1852,#1853,
#1854,#1855,#1856,#1857,#1858,#1859,#1860,#1861,#1862,#1863,#1864,#1865));
#5144=EDGE_LOOP('',(#1866,#1867,#1868,#1869,#1870,#1871));
#5145=EDGE_LOOP('',(#1872,#1873,#1874,#1875));
#5146=EDGE_LOOP('',(#1876,#1877,#1878,#1879));
#5147=EDGE_LOOP('',(#1880,#1881,#1882,#1883));
#5148=EDGE_LOOP('',(#1884,#1885,#1886,#1887));
#5149=EDGE_LOOP('',(#1888,#1889,#1890,#1891));
#5150=EDGE_LOOP('',(#1892,#1893,#1894,#1895));
#5151=EDGE_LOOP('',(#1896,#1897,#1898,#1899));
#5152=EDGE_LOOP('',(#1900,#1901,#1902,#1903));
#5153=EDGE_LOOP('',(#1904,#1905,#1906,#1907));
#5154=EDGE_LOOP('',(#1908,#1909,#1910,#1911));
#5155=EDGE_LOOP('',(#1912,#1913,#1914,#1915));
#5156=EDGE_LOOP('',(#1916,#1917,#1918,#1919));
#5157=EDGE_LOOP('',(#1920,#1921,#1922,#1923));
#5158=EDGE_LOOP('',(#1924,#1925,#1926,#1927));
#5159=EDGE_LOOP('',(#1928,#1929,#1930,#1931,#1932,#1933));
#5160=EDGE_LOOP('',(#1934,#1935,#1936,#1937,#1938,#1939,#1940,#1941));
#5161=EDGE_LOOP('',(#1942,#1943,#1944,#1945,#1946,#1947,#1948));
#5162=EDGE_LOOP('',(#1949,#1950,#1951,#1952));
#5163=EDGE_LOOP('',(#1953,#1954,#1955,#1956));
#5164=EDGE_LOOP('',(#1957,#1958,#1959,#1960));
#5165=EDGE_LOOP('',(#1961,#1962,#1963,#1964));
#5166=EDGE_LOOP('',(#1965,#1966,#1967,#1968));
#5167=EDGE_LOOP('',(#1969,#1970,#1971,#1972));
#5168=EDGE_LOOP('',(#1973,#1974,#1975,#1976));
#5169=EDGE_LOOP('',(#1977,#1978,#1979,#1980));
#5170=EDGE_LOOP('',(#1981,#1982,#1983,#1984));
#5171=EDGE_LOOP('',(#1985,#1986,#1987,#1988));
#5172=EDGE_LOOP('',(#1989,#1990,#1991,#1992));
#5173=EDGE_LOOP('',(#1993,#1994,#1995,#1996));
#5174=EDGE_LOOP('',(#1997,#1998,#1999,#2000));
#5175=EDGE_LOOP('',(#2001,#2002,#2003,#2004));
#5176=EDGE_LOOP('',(#2005,#2006,#2007,#2008,#2009,#2010,#2011));
#5177=EDGE_LOOP('',(#2012,#2013,#2014,#2015,#2016,#2017,#2018));
#5178=EDGE_LOOP('',(#2019,#2020,#2021,#2022,#2023,#2024,#2025,#2026,#2027,
#2028,#2029,#2030));
#5179=EDGE_LOOP('',(#2031,#2032,#2033,#2034));
#5180=EDGE_LOOP('',(#2035,#2036,#2037,#2038));
#5181=EDGE_LOOP('',(#2039,#2040,#2041,#2042));
#5182=EDGE_LOOP('',(#2043,#2044,#2045,#2046));
#5183=EDGE_LOOP('',(#2047,#2048,#2049,#2050));
#5184=EDGE_LOOP('',(#2051,#2052,#2053,#2054));
#5185=EDGE_LOOP('',(#2055,#2056,#2057,#2058));
#5186=EDGE_LOOP('',(#2059,#2060,#2061,#2062));
#5187=EDGE_LOOP('',(#2063,#2064,#2065,#2066));
#5188=EDGE_LOOP('',(#2067,#2068,#2069,#2070));
#5189=EDGE_LOOP('',(#2071,#2072,#2073,#2074));
#5190=EDGE_LOOP('',(#2075,#2076,#2077,#2078));
#5191=EDGE_LOOP('',(#2079,#2080,#2081,#2082,#2083,#2084,#2085,#2086,#2087,
#2088,#2089,#2090,#2091,#2092,#2093));
#5192=EDGE_LOOP('',(#2094,#2095,#2096,#2097));
#5193=EDGE_LOOP('',(#2098,#2099,#2100,#2101));
#5194=EDGE_LOOP('',(#2102,#2103,#2104,#2105));
#5195=EDGE_LOOP('',(#2106,#2107,#2108,#2109));
#5196=EDGE_LOOP('',(#2110,#2111,#2112,#2113));
#5197=EDGE_LOOP('',(#2114,#2115,#2116,#2117));
#5198=EDGE_LOOP('',(#2118,#2119,#2120,#2121));
#5199=EDGE_LOOP('',(#2122,#2123,#2124,#2125));
#5200=EDGE_LOOP('',(#2126,#2127,#2128,#2129));
#5201=EDGE_LOOP('',(#2130,#2131,#2132,#2133));
#5202=EDGE_LOOP('',(#2134,#2135,#2136,#2137));
#5203=EDGE_LOOP('',(#2138,#2139,#2140,#2141));
#5204=EDGE_LOOP('',(#2142,#2143,#2144,#2145));
#5205=EDGE_LOOP('',(#2146,#2147,#2148,#2149));
#5206=EDGE_LOOP('',(#2150,#2151,#2152,#2153));
#5207=EDGE_LOOP('',(#2154,#2155,#2156,#2157,#2158,#2159,#2160,#2161,#2162,
#2163,#2164,#2165,#2166,#2167,#2168,#2169,#2170,#2171,#2172,#2173,#2174));
#5208=EDGE_LOOP('',(#2175,#2176,#2177,#2178));
#5209=EDGE_LOOP('',(#2179,#2180,#2181,#2182));
#5210=EDGE_LOOP('',(#2183,#2184,#2185,#2186));
#5211=EDGE_LOOP('',(#2187,#2188,#2189,#2190));
#5212=EDGE_LOOP('',(#2191,#2192,#2193,#2194));
#5213=EDGE_LOOP('',(#2195,#2196,#2197,#2198));
#5214=EDGE_LOOP('',(#2199,#2200,#2201,#2202));
#5215=EDGE_LOOP('',(#2203,#2204,#2205,#2206));
#5216=EDGE_LOOP('',(#2207,#2208,#2209,#2210));
#5217=EDGE_LOOP('',(#2211,#2212,#2213,#2214));
#5218=EDGE_LOOP('',(#2215,#2216,#2217,#2218));
#5219=EDGE_LOOP('',(#2219,#2220,#2221,#2222));
#5220=EDGE_LOOP('',(#2223,#2224,#2225,#2226));
#5221=EDGE_LOOP('',(#2227,#2228,#2229,#2230));
#5222=EDGE_LOOP('',(#2231,#2232,#2233,#2234));
#5223=EDGE_LOOP('',(#2235,#2236,#2237,#2238));
#5224=EDGE_LOOP('',(#2239,#2240,#2241,#2242));
#5225=EDGE_LOOP('',(#2243,#2244,#2245,#2246));
#5226=EDGE_LOOP('',(#2247,#2248,#2249,#2250));
#5227=EDGE_LOOP('',(#2251,#2252,#2253,#2254));
#5228=EDGE_LOOP('',(#2255,#2256,#2257,#2258));
#5229=EDGE_LOOP('',(#2259,#2260,#2261,#2262,#2263,#2264,#2265,#2266));
#5230=EDGE_LOOP('',(#2267,#2268,#2269,#2270));
#5231=EDGE_LOOP('',(#2271,#2272,#2273,#2274));
#5232=EDGE_LOOP('',(#2275,#2276,#2277,#2278));
#5233=EDGE_LOOP('',(#2279,#2280,#2281,#2282));
#5234=EDGE_LOOP('',(#2283,#2284,#2285,#2286));
#5235=EDGE_LOOP('',(#2287,#2288,#2289,#2290));
#5236=EDGE_LOOP('',(#2291,#2292,#2293,#2294));
#5237=EDGE_LOOP('',(#2295,#2296,#2297,#2298));
#5238=EDGE_LOOP('',(#2299,#2300,#2301,#2302));
#5239=EDGE_LOOP('',(#2303,#2304,#2305,#2306));
#5240=EDGE_LOOP('',(#2307,#2308,#2309,#2310));
#5241=EDGE_LOOP('',(#2311,#2312,#2313,#2314));
#5242=EDGE_LOOP('',(#2315,#2316,#2317,#2318));
#5243=EDGE_LOOP('',(#2319,#2320,#2321,#2322));
#5244=EDGE_LOOP('',(#2323,#2324,#2325,#2326));
#5245=EDGE_LOOP('',(#2327,#2328,#2329,#2330));
#5246=EDGE_LOOP('',(#2331,#2332,#2333,#2334));
#5247=EDGE_LOOP('',(#2335,#2336,#2337,#2338));
#5248=EDGE_LOOP('',(#2339,#2340,#2341,#2342));
#5249=EDGE_LOOP('',(#2343,#2344,#2345,#2346));
#5250=EDGE_LOOP('',(#2347,#2348,#2349,#2350));
#5251=EDGE_LOOP('',(#2351,#2352,#2353,#2354));
#5252=EDGE_LOOP('',(#2355,#2356,#2357,#2358,#2359,#2360,#2361,#2362));
#5253=EDGE_LOOP('',(#2363,#2364,#2365,#2366,#2367,#2368,#2369,#2370,#2371,
#2372,#2373,#2374,#2375,#2376));
#5254=EDGE_LOOP('',(#2377,#2378,#2379,#2380,#2381,#2382,#2383,#2384,#2385,
#2386,#2387,#2388));
#5255=EDGE_LOOP('',(#2389,#2390,#2391,#2392));
#5256=EDGE_LOOP('',(#2393,#2394,#2395,#2396));
#5257=EDGE_LOOP('',(#2397,#2398,#2399,#2400));
#5258=EDGE_LOOP('',(#2401,#2402,#2403,#2404));
#5259=EDGE_LOOP('',(#2405,#2406,#2407,#2408));
#5260=EDGE_LOOP('',(#2409,#2410,#2411,#2412));
#5261=EDGE_LOOP('',(#2413,#2414,#2415,#2416));
#5262=EDGE_LOOP('',(#2417,#2418,#2419,#2420));
#5263=EDGE_LOOP('',(#2421,#2422,#2423,#2424));
#5264=EDGE_LOOP('',(#2425,#2426,#2427,#2428));
#5265=EDGE_LOOP('',(#2429,#2430,#2431,#2432));
#5266=EDGE_LOOP('',(#2433,#2434,#2435,#2436));
#5267=EDGE_LOOP('',(#2437,#2438,#2439,#2440,#2441,#2442));
#5268=EDGE_LOOP('',(#2443,#2444,#2445,#2446));
#5269=EDGE_LOOP('',(#2447,#2448,#2449,#2450));
#5270=EDGE_LOOP('',(#2451,#2452,#2453,#2454));
#5271=EDGE_LOOP('',(#2455,#2456,#2457,#2458));
#5272=EDGE_LOOP('',(#2459,#2460,#2461,#2462));
#5273=EDGE_LOOP('',(#2463,#2464,#2465,#2466));
#5274=EDGE_LOOP('',(#2467,#2468,#2469,#2470));
#5275=EDGE_LOOP('',(#2471,#2472,#2473,#2474));
#5276=EDGE_LOOP('',(#2475,#2476,#2477,#2478));
#5277=EDGE_LOOP('',(#2479,#2480,#2481,#2482));
#5278=EDGE_LOOP('',(#2483,#2484,#2485,#2486));
#5279=EDGE_LOOP('',(#2487,#2488,#2489,#2490));
#5280=EDGE_LOOP('',(#2491,#2492,#2493,#2494));
#5281=EDGE_LOOP('',(#2495,#2496,#2497,#2498));
#5282=EDGE_LOOP('',(#2499,#2500,#2501,#2502,#2503,#2504));
#5283=EDGE_LOOP('',(#2505,#2506,#2507,#2508,#2509,#2510,#2511,#2512));
#5284=EDGE_LOOP('',(#2513,#2514,#2515,#2516,#2517,#2518,#2519));
#5285=EDGE_LOOP('',(#2520,#2521,#2522,#2523));
#5286=EDGE_LOOP('',(#2524,#2525,#2526,#2527));
#5287=EDGE_LOOP('',(#2528,#2529,#2530,#2531));
#5288=EDGE_LOOP('',(#2532,#2533,#2534,#2535));
#5289=EDGE_LOOP('',(#2536,#2537,#2538,#2539));
#5290=EDGE_LOOP('',(#2540,#2541,#2542,#2543));
#5291=EDGE_LOOP('',(#2544,#2545,#2546,#2547));
#5292=EDGE_LOOP('',(#2548,#2549,#2550,#2551));
#5293=EDGE_LOOP('',(#2552,#2553,#2554,#2555));
#5294=EDGE_LOOP('',(#2556,#2557,#2558,#2559));
#5295=EDGE_LOOP('',(#2560,#2561,#2562,#2563));
#5296=EDGE_LOOP('',(#2564,#2565,#2566,#2567));
#5297=EDGE_LOOP('',(#2568,#2569,#2570,#2571));
#5298=EDGE_LOOP('',(#2572,#2573,#2574,#2575));
#5299=EDGE_LOOP('',(#2576,#2577,#2578,#2579,#2580,#2581,#2582));
#5300=EDGE_LOOP('',(#2583,#2584,#2585,#2586,#2587,#2588,#2589));
#5301=EDGE_LOOP('',(#2590,#2591,#2592,#2593,#2594,#2595,#2596,#2597,#2598,
#2599,#2600,#2601));
#5302=EDGE_LOOP('',(#2602,#2603,#2604,#2605));
#5303=EDGE_LOOP('',(#2606,#2607,#2608,#2609));
#5304=EDGE_LOOP('',(#2610,#2611,#2612,#2613));
#5305=EDGE_LOOP('',(#2614,#2615,#2616,#2617));
#5306=EDGE_LOOP('',(#2618,#2619,#2620,#2621));
#5307=EDGE_LOOP('',(#2622,#2623,#2624,#2625));
#5308=EDGE_LOOP('',(#2626,#2627,#2628,#2629));
#5309=EDGE_LOOP('',(#2630,#2631,#2632,#2633));
#5310=EDGE_LOOP('',(#2634,#2635,#2636,#2637));
#5311=EDGE_LOOP('',(#2638,#2639,#2640,#2641));
#5312=EDGE_LOOP('',(#2642,#2643,#2644,#2645));
#5313=EDGE_LOOP('',(#2646,#2647,#2648,#2649));
#5314=EDGE_LOOP('',(#2650,#2651,#2652,#2653,#2654,#2655,#2656,#2657,#2658,
#2659,#2660,#2661,#2662,#2663));
#5315=EDGE_LOOP('',(#2664,#2665,#2666,#2667));
#5316=EDGE_LOOP('',(#2668,#2669,#2670,#2671));
#5317=EDGE_LOOP('',(#2672,#2673,#2674,#2675));
#5318=EDGE_LOOP('',(#2676,#2677,#2678,#2679));
#5319=EDGE_LOOP('',(#2680,#2681,#2682,#2683));
#5320=EDGE_LOOP('',(#2684,#2685,#2686,#2687));
#5321=EDGE_LOOP('',(#2688,#2689,#2690,#2691));
#5322=EDGE_LOOP('',(#2692,#2693,#2694,#2695));
#5323=EDGE_LOOP('',(#2696,#2697,#2698,#2699));
#5324=EDGE_LOOP('',(#2700,#2701,#2702,#2703));
#5325=EDGE_LOOP('',(#2704,#2705,#2706,#2707));
#5326=EDGE_LOOP('',(#2708,#2709,#2710,#2711));
#5327=EDGE_LOOP('',(#2712,#2713,#2714,#2715));
#5328=EDGE_LOOP('',(#2716,#2717,#2718,#2719));
#5329=EDGE_LOOP('',(#2720,#2721,#2722,#2723,#2724,#2725));
#5330=EDGE_LOOP('',(#2726,#2727,#2728,#2729));
#5331=EDGE_LOOP('',(#2730,#2731,#2732,#2733));
#5332=EDGE_LOOP('',(#2734,#2735,#2736,#2737));
#5333=EDGE_LOOP('',(#2738,#2739,#2740,#2741));
#5334=EDGE_LOOP('',(#2742,#2743,#2744,#2745));
#5335=EDGE_LOOP('',(#2746,#2747,#2748,#2749));
#5336=EDGE_LOOP('',(#2750,#2751,#2752,#2753));
#5337=EDGE_LOOP('',(#2754,#2755,#2756));
#5338=EDGE_LOOP('',(#2757,#2758,#2759));
#5339=EDGE_LOOP('',(#2760,#2761,#2762,#2763));
#5340=EDGE_LOOP('',(#2764,#2765,#2766,#2767));
#5341=EDGE_LOOP('',(#2768,#2769,#2770,#2771));
#5342=EDGE_LOOP('',(#2772,#2773,#2774,#2775));
#5343=EDGE_LOOP('',(#2776,#2777,#2778));
#5344=EDGE_LOOP('',(#2779,#2780,#2781));
#5345=EDGE_LOOP('',(#2782,#2783,#2784,#2785));
#5346=EDGE_LOOP('',(#2786,#2787,#2788,#2789));
#5347=EDGE_LOOP('',(#2790,#2791,#2792,#2793));
#5348=EDGE_LOOP('',(#2794,#2795,#2796,#2797));
#5349=EDGE_LOOP('',(#2798,#2799,#2800,#2801));
#5350=EDGE_LOOP('',(#2802,#2803,#2804,#2805));
#5351=EDGE_LOOP('',(#2806,#2807,#2808,#2809));
#5352=EDGE_LOOP('',(#2810,#2811,#2812,#2813));
#5353=EDGE_LOOP('',(#2814,#2815,#2816,#2817));
#5354=EDGE_LOOP('',(#2818,#2819,#2820,#2821));
#5355=EDGE_LOOP('',(#2822,#2823,#2824,#2825));
#5356=EDGE_LOOP('',(#2826,#2827,#2828,#2829));
#5357=EDGE_LOOP('',(#2830,#2831,#2832,#2833));
#5358=EDGE_LOOP('',(#2834,#2835,#2836,#2837));
#5359=EDGE_LOOP('',(#2838,#2839,#2840,#2841));
#5360=EDGE_LOOP('',(#2842,#2843,#2844,#2845));
#5361=EDGE_LOOP('',(#2846,#2847,#2848,#2849));
#5362=EDGE_LOOP('',(#2850,#2851,#2852,#2853));
#5363=EDGE_LOOP('',(#2854,#2855,#2856,#2857));
#5364=EDGE_LOOP('',(#2858,#2859,#2860,#2861));
#5365=EDGE_LOOP('',(#2862,#2863,#2864,#2865));
#5366=EDGE_LOOP('',(#2866,#2867,#2868,#2869));
#5367=EDGE_LOOP('',(#2870,#2871,#2872,#2873));
#5368=EDGE_LOOP('',(#2874,#2875,#2876,#2877));
#5369=EDGE_LOOP('',(#2878,#2879,#2880,#2881));
#5370=EDGE_LOOP('',(#2882,#2883,#2884,#2885));
#5371=EDGE_LOOP('',(#2886,#2887,#2888,#2889));
#5372=EDGE_LOOP('',(#2890,#2891,#2892,#2893));
#5373=EDGE_LOOP('',(#2894,#2895,#2896,#2897));
#5374=EDGE_LOOP('',(#2898,#2899,#2900,#2901));
#5375=EDGE_LOOP('',(#2902,#2903,#2904,#2905));
#5376=EDGE_LOOP('',(#2906,#2907,#2908,#2909));
#5377=EDGE_LOOP('',(#2910,#2911,#2912,#2913));
#5378=EDGE_LOOP('',(#2914,#2915,#2916,#2917));
#5379=EDGE_LOOP('',(#2918,#2919,#2920,#2921));
#5380=EDGE_LOOP('',(#2922,#2923,#2924,#2925));
#5381=EDGE_LOOP('',(#2926,#2927,#2928,#2929));
#5382=EDGE_LOOP('',(#2930,#2931,#2932,#2933));
#5383=EDGE_LOOP('',(#2934,#2935,#2936,#2937));
#5384=EDGE_LOOP('',(#2938,#2939,#2940,#2941));
#5385=EDGE_LOOP('',(#2942,#2943,#2944,#2945));
#5386=EDGE_LOOP('',(#2946,#2947,#2948,#2949));
#5387=EDGE_LOOP('',(#2950,#2951,#2952,#2953));
#5388=EDGE_LOOP('',(#2954,#2955,#2956,#2957));
#5389=EDGE_LOOP('',(#2958,#2959,#2960,#2961));
#5390=EDGE_LOOP('',(#2962,#2963,#2964,#2965));
#5391=EDGE_LOOP('',(#2966,#2967,#2968,#2969));
#5392=EDGE_LOOP('',(#2970,#2971,#2972,#2973));
#5393=EDGE_LOOP('',(#2974,#2975,#2976,#2977));
#5394=EDGE_LOOP('',(#2978,#2979,#2980,#2981));
#5395=EDGE_LOOP('',(#2982,#2983,#2984,#2985));
#5396=EDGE_LOOP('',(#2986,#2987,#2988,#2989));
#5397=EDGE_LOOP('',(#2990,#2991,#2992,#2993));
#5398=EDGE_LOOP('',(#2994));
#5399=EDGE_LOOP('',(#2995,#2996,#2997,#2998));
#5400=EDGE_LOOP('',(#2999,#3000,#3001,#3002,#3003,#3004,#3005,#3006));
#5401=EDGE_LOOP('',(#3007,#3008,#3009,#3010));
#5402=EDGE_LOOP('',(#3011,#3012,#3013,#3014));
#5403=EDGE_LOOP('',(#3015,#3016,#3017,#3018));
#5404=EDGE_LOOP('',(#3019,#3020,#3021,#3022));
#5405=EDGE_LOOP('',(#3023,#3024,#3025,#3026));
#5406=EDGE_LOOP('',(#3027,#3028,#3029,#3030));
#5407=EDGE_LOOP('',(#3031,#3032,#3033,#3034));
#5408=EDGE_LOOP('',(#3035,#3036,#3037,#3038));
#5409=EDGE_LOOP('',(#3039,#3040,#3041,#3042,#3043,#3044,#3045,#3046));
#5410=EDGE_LOOP('',(#3047,#3048,#3049,#3050));
#5411=EDGE_LOOP('',(#3051,#3052,#3053,#3054));
#5412=EDGE_LOOP('',(#3055,#3056,#3057,#3058));
#5413=EDGE_LOOP('',(#3059,#3060,#3061,#3062));
#5414=EDGE_LOOP('',(#3063,#3064,#3065,#3066));
#5415=EDGE_LOOP('',(#3067,#3068,#3069,#3070));
#5416=EDGE_LOOP('',(#3071,#3072,#3073,#3074));
#5417=EDGE_LOOP('',(#3075,#3076,#3077,#3078));
#5418=EDGE_LOOP('',(#3079,#3080,#3081,#3082,#3083,#3084,#3085,#3086));
#5419=EDGE_LOOP('',(#3087,#3088,#3089,#3090));
#5420=EDGE_LOOP('',(#3091,#3092,#3093,#3094));
#5421=EDGE_LOOP('',(#3095,#3096,#3097,#3098));
#5422=EDGE_LOOP('',(#3099,#3100,#3101,#3102));
#5423=EDGE_LOOP('',(#3103,#3104,#3105,#3106));
#5424=EDGE_LOOP('',(#3107,#3108,#3109,#3110));
#5425=EDGE_LOOP('',(#3111,#3112,#3113,#3114));
#5426=EDGE_LOOP('',(#3115,#3116,#3117,#3118));
#5427=EDGE_LOOP('',(#3119,#3120,#3121,#3122,#3123,#3124,#3125,#3126));
#5428=EDGE_LOOP('',(#3127,#3128,#3129,#3130));
#5429=EDGE_LOOP('',(#3131,#3132,#3133,#3134));
#5430=EDGE_LOOP('',(#3135,#3136,#3137,#3138));
#5431=EDGE_LOOP('',(#3139,#3140,#3141,#3142));
#5432=EDGE_LOOP('',(#3143,#3144,#3145,#3146));
#5433=EDGE_LOOP('',(#3147,#3148,#3149,#3150));
#5434=EDGE_LOOP('',(#3151,#3152,#3153,#3154));
#5435=EDGE_LOOP('',(#3155,#3156,#3157,#3158,#3159,#3160,#3161,#3162));
#5436=EDGE_LOOP('',(#3163,#3164,#3165,#3166));
#5437=EDGE_LOOP('',(#3167,#3168,#3169,#3170));
#5438=EDGE_LOOP('',(#3171,#3172,#3173,#3174));
#5439=EDGE_LOOP('',(#3175,#3176,#3177,#3178));
#5440=EDGE_LOOP('',(#3179,#3180,#3181,#3182));
#5441=EDGE_LOOP('',(#3183,#3184,#3185,#3186));
#5442=EDGE_LOOP('',(#3187,#3188,#3189,#3190));
#5443=EDGE_LOOP('',(#3191,#3192,#3193,#3194));
#5444=EDGE_LOOP('',(#3195,#3196,#3197,#3198,#3199,#3200,#3201,#3202));
#5445=EDGE_LOOP('',(#3203,#3204,#3205,#3206));
#5446=EDGE_LOOP('',(#3207,#3208,#3209,#3210));
#5447=EDGE_LOOP('',(#3211,#3212,#3213,#3214));
#5448=EDGE_LOOP('',(#3215,#3216,#3217,#3218));
#5449=EDGE_LOOP('',(#3219,#3220,#3221,#3222));
#5450=EDGE_LOOP('',(#3223,#3224,#3225,#3226));
#5451=EDGE_LOOP('',(#3227,#3228,#3229,#3230));
#5452=EDGE_LOOP('',(#3231,#3232,#3233,#3234));
#5453=EDGE_LOOP('',(#3235,#3236,#3237,#3238));
#5454=EDGE_LOOP('',(#3239,#3240,#3241,#3242));
#5455=EDGE_LOOP('',(#3243,#3244,#3245,#3246));
#5456=EDGE_LOOP('',(#3247,#3248,#3249,#3250));
#5457=EDGE_LOOP('',(#3251,#3252,#3253,#3254));
#5458=EDGE_LOOP('',(#3255,#3256,#3257,#3258));
#5459=EDGE_LOOP('',(#3259,#3260,#3261,#3262));
#5460=EDGE_LOOP('',(#3263,#3264,#3265,#3266,#3267,#3268,#3269,#3270));
#5461=EDGE_LOOP('',(#3271,#3272,#3273,#3274,#3275,#3276,#3277,#3278));
#5462=EDGE_LOOP('',(#3279,#3280,#3281,#3282,#3283,#3284,#3285,#3286));
#5463=EDGE_LOOP('',(#3287,#3288,#3289,#3290,#3291,#3292,#3293,#3294));
#5464=EDGE_LOOP('',(#3295,#3296,#3297,#3298,#3299,#3300,#3301,#3302));
#5465=EDGE_LOOP('',(#3303,#3304,#3305,#3306,#3307,#3308,#3309,#3310));
#5466=EDGE_LOOP('',(#3311,#3312,#3313,#3314,#3315,#3316,#3317,#3318));
#5467=EDGE_LOOP('',(#3319,#3320,#3321,#3322));
#5468=EDGE_LOOP('',(#3323,#3324,#3325,#3326));
#5469=EDGE_LOOP('',(#3327,#3328,#3329,#3330));
#5470=EDGE_LOOP('',(#3331,#3332,#3333,#3334));
#5471=EDGE_LOOP('',(#3335,#3336,#3337,#3338));
#5472=EDGE_LOOP('',(#3339,#3340,#3341,#3342));
#5473=EDGE_LOOP('',(#3343,#3344,#3345,#3346));
#5474=EDGE_LOOP('',(#3347,#3348,#3349,#3350,#3351,#3352,#3353,#3354,#3355,
#3356,#3357,#3358,#3359,#3360,#3361,#3362,#3363,#3364,#3365,#3366,#3367,
#3368,#3369,#3370,#3371,#3372,#3373,#3374,#3375,#3376,#3377,#3378,#3379));
#5475=EDGE_LOOP('',(#3380,#3381,#3382,#3383,#3384,#3385,#3386));
#5476=EDGE_LOOP('',(#3387,#3388,#3389,#3390,#3391,#3392,#3393,#3394,#3395,
#3396,#3397,#3398));
#5477=EDGE_LOOP('',(#3399,#3400,#3401,#3402,#3403,#3404,#3405,#3406));
#5478=EDGE_LOOP('',(#3407,#3408,#3409,#3410,#3411,#3412,#3413,#3414,#3415,
#3416,#3417,#3418));
#5479=EDGE_LOOP('',(#3419,#3420,#3421,#3422,#3423,#3424,#3425,#3426,#3427,
#3428,#3429,#3430,#3431,#3432));
#5480=EDGE_LOOP('',(#3433,#3434,#3435,#3436,#3437,#3438));
#5481=EDGE_LOOP('',(#3439));
#5482=EDGE_LOOP('',(#3440,#3441,#3442,#3443));
#5483=EDGE_LOOP('',(#3444,#3445,#3446,#3447,#3448,#3449,#3450));
#5484=EDGE_LOOP('',(#3451,#3452,#3453,#3454,#3455,#3456,#3457,#3458,#3459,
#3460,#3461,#3462,#3463,#3464));
#5485=EDGE_LOOP('',(#3465,#3466,#3467,#3468,#3469,#3470,#3471,#3472,#3473,
#3474,#3475,#3476,#3477,#3478,#3479,#3480,#3481,#3482,#3483,#3484,#3485));
#5486=EDGE_LOOP('',(#3486,#3487,#3488,#3489,#3490,#3491,#3492,#3493,#3494,
#3495,#3496,#3497,#3498,#3499,#3500));
#5487=EDGE_LOOP('',(#3501,#3502,#3503,#3504,#3505,#3506,#3507,#3508,#3509,
#3510,#3511,#3512));
#5488=EDGE_LOOP('',(#3513,#3514,#3515,#3516,#3517,#3518,#3519,#3520));
#5489=EDGE_LOOP('',(#3521));
#5490=EDGE_LOOP('',(#3522));
#5491=FACE_BOUND('',#5106,.T.);
#5492=FACE_BOUND('',#5107,.T.);
#5493=FACE_BOUND('',#5108,.T.);
#5494=FACE_BOUND('',#5109,.T.);
#5495=FACE_BOUND('',#5110,.T.);
#5496=FACE_BOUND('',#5111,.T.);
#5497=FACE_BOUND('',#5112,.T.);
#5498=FACE_BOUND('',#5113,.T.);
#5499=FACE_BOUND('',#5114,.T.);
#5500=FACE_BOUND('',#5115,.T.);
#5501=FACE_BOUND('',#5116,.T.);
#5502=FACE_BOUND('',#5117,.T.);
#5503=FACE_BOUND('',#5118,.T.);
#5504=FACE_BOUND('',#5119,.T.);
#5505=FACE_BOUND('',#5120,.T.);
#5506=FACE_BOUND('',#5121,.T.);
#5507=FACE_BOUND('',#5122,.T.);
#5508=FACE_BOUND('',#5123,.T.);
#5509=FACE_BOUND('',#5124,.T.);
#5510=FACE_BOUND('',#5125,.T.);
#5511=FACE_BOUND('',#5126,.T.);
#5512=FACE_BOUND('',#5127,.T.);
#5513=FACE_BOUND('',#5128,.T.);
#5514=FACE_BOUND('',#5129,.T.);
#5515=FACE_BOUND('',#5130,.T.);
#5516=FACE_BOUND('',#5131,.T.);
#5517=FACE_BOUND('',#5132,.T.);
#5518=FACE_BOUND('',#5133,.T.);
#5519=FACE_BOUND('',#5134,.T.);
#5520=FACE_BOUND('',#5135,.T.);
#5521=FACE_BOUND('',#5136,.T.);
#5522=FACE_BOUND('',#5137,.T.);
#5523=FACE_BOUND('',#5138,.T.);
#5524=FACE_BOUND('',#5139,.T.);
#5525=FACE_BOUND('',#5140,.T.);
#5526=FACE_BOUND('',#5141,.T.);
#5527=FACE_BOUND('',#5142,.T.);
#5528=FACE_BOUND('',#5143,.T.);
#5529=FACE_BOUND('',#5144,.T.);
#5530=FACE_BOUND('',#5145,.T.);
#5531=FACE_BOUND('',#5146,.T.);
#5532=FACE_BOUND('',#5147,.T.);
#5533=FACE_BOUND('',#5148,.T.);
#5534=FACE_BOUND('',#5149,.T.);
#5535=FACE_BOUND('',#5150,.T.);
#5536=FACE_BOUND('',#5151,.T.);
#5537=FACE_BOUND('',#5152,.T.);
#5538=FACE_BOUND('',#5153,.T.);
#5539=FACE_BOUND('',#5154,.T.);
#5540=FACE_BOUND('',#5155,.T.);
#5541=FACE_BOUND('',#5156,.T.);
#5542=FACE_BOUND('',#5157,.T.);
#5543=FACE_BOUND('',#5158,.T.);
#5544=FACE_BOUND('',#5159,.T.);
#5545=FACE_BOUND('',#5160,.T.);
#5546=FACE_BOUND('',#5161,.T.);
#5547=FACE_BOUND('',#5162,.T.);
#5548=FACE_BOUND('',#5163,.T.);
#5549=FACE_BOUND('',#5164,.T.);
#5550=FACE_BOUND('',#5165,.T.);
#5551=FACE_BOUND('',#5166,.T.);
#5552=FACE_BOUND('',#5167,.T.);
#5553=FACE_BOUND('',#5168,.T.);
#5554=FACE_BOUND('',#5169,.T.);
#5555=FACE_BOUND('',#5170,.T.);
#5556=FACE_BOUND('',#5171,.T.);
#5557=FACE_BOUND('',#5172,.T.);
#5558=FACE_BOUND('',#5173,.T.);
#5559=FACE_BOUND('',#5174,.T.);
#5560=FACE_BOUND('',#5175,.T.);
#5561=FACE_BOUND('',#5176,.T.);
#5562=FACE_BOUND('',#5177,.T.);
#5563=FACE_BOUND('',#5178,.T.);
#5564=FACE_BOUND('',#5179,.T.);
#5565=FACE_BOUND('',#5180,.T.);
#5566=FACE_BOUND('',#5181,.T.);
#5567=FACE_BOUND('',#5182,.T.);
#5568=FACE_BOUND('',#5183,.T.);
#5569=FACE_BOUND('',#5184,.T.);
#5570=FACE_BOUND('',#5185,.T.);
#5571=FACE_BOUND('',#5186,.T.);
#5572=FACE_BOUND('',#5187,.T.);
#5573=FACE_BOUND('',#5188,.T.);
#5574=FACE_BOUND('',#5189,.T.);
#5575=FACE_BOUND('',#5190,.T.);
#5576=FACE_BOUND('',#5191,.T.);
#5577=FACE_BOUND('',#5192,.T.);
#5578=FACE_BOUND('',#5193,.T.);
#5579=FACE_BOUND('',#5194,.T.);
#5580=FACE_BOUND('',#5195,.T.);
#5581=FACE_BOUND('',#5196,.T.);
#5582=FACE_BOUND('',#5197,.T.);
#5583=FACE_BOUND('',#5198,.T.);
#5584=FACE_BOUND('',#5199,.T.);
#5585=FACE_BOUND('',#5200,.T.);
#5586=FACE_BOUND('',#5201,.T.);
#5587=FACE_BOUND('',#5202,.T.);
#5588=FACE_BOUND('',#5203,.T.);
#5589=FACE_BOUND('',#5204,.T.);
#5590=FACE_BOUND('',#5205,.T.);
#5591=FACE_BOUND('',#5206,.T.);
#5592=FACE_BOUND('',#5207,.T.);
#5593=FACE_BOUND('',#5208,.T.);
#5594=FACE_BOUND('',#5209,.T.);
#5595=FACE_BOUND('',#5210,.T.);
#5596=FACE_BOUND('',#5211,.T.);
#5597=FACE_BOUND('',#5212,.T.);
#5598=FACE_BOUND('',#5213,.T.);
#5599=FACE_BOUND('',#5214,.T.);
#5600=FACE_BOUND('',#5215,.T.);
#5601=FACE_BOUND('',#5216,.T.);
#5602=FACE_BOUND('',#5217,.T.);
#5603=FACE_BOUND('',#5218,.T.);
#5604=FACE_BOUND('',#5219,.T.);
#5605=FACE_BOUND('',#5220,.T.);
#5606=FACE_BOUND('',#5221,.T.);
#5607=FACE_BOUND('',#5222,.T.);
#5608=FACE_BOUND('',#5223,.T.);
#5609=FACE_BOUND('',#5224,.T.);
#5610=FACE_BOUND('',#5225,.T.);
#5611=FACE_BOUND('',#5226,.T.);
#5612=FACE_BOUND('',#5227,.T.);
#5613=FACE_BOUND('',#5228,.T.);
#5614=FACE_BOUND('',#5229,.T.);
#5615=FACE_BOUND('',#5230,.T.);
#5616=FACE_BOUND('',#5231,.T.);
#5617=FACE_BOUND('',#5232,.T.);
#5618=FACE_BOUND('',#5233,.T.);
#5619=FACE_BOUND('',#5234,.T.);
#5620=FACE_BOUND('',#5235,.T.);
#5621=FACE_BOUND('',#5236,.T.);
#5622=FACE_BOUND('',#5237,.T.);
#5623=FACE_BOUND('',#5238,.T.);
#5624=FACE_BOUND('',#5239,.T.);
#5625=FACE_BOUND('',#5240,.T.);
#5626=FACE_BOUND('',#5241,.T.);
#5627=FACE_BOUND('',#5242,.T.);
#5628=FACE_BOUND('',#5243,.T.);
#5629=FACE_BOUND('',#5244,.T.);
#5630=FACE_BOUND('',#5245,.T.);
#5631=FACE_BOUND('',#5246,.T.);
#5632=FACE_BOUND('',#5247,.T.);
#5633=FACE_BOUND('',#5248,.T.);
#5634=FACE_BOUND('',#5249,.T.);
#5635=FACE_BOUND('',#5250,.T.);
#5636=FACE_BOUND('',#5251,.T.);
#5637=FACE_BOUND('',#5252,.T.);
#5638=FACE_BOUND('',#5253,.T.);
#5639=FACE_BOUND('',#5254,.T.);
#5640=FACE_BOUND('',#5255,.T.);
#5641=FACE_BOUND('',#5256,.T.);
#5642=FACE_BOUND('',#5257,.T.);
#5643=FACE_BOUND('',#5258,.T.);
#5644=FACE_BOUND('',#5259,.T.);
#5645=FACE_BOUND('',#5260,.T.);
#5646=FACE_BOUND('',#5261,.T.);
#5647=FACE_BOUND('',#5262,.T.);
#5648=FACE_BOUND('',#5263,.T.);
#5649=FACE_BOUND('',#5264,.T.);
#5650=FACE_BOUND('',#5265,.T.);
#5651=FACE_BOUND('',#5266,.T.);
#5652=FACE_BOUND('',#5267,.T.);
#5653=FACE_BOUND('',#5268,.T.);
#5654=FACE_BOUND('',#5269,.T.);
#5655=FACE_BOUND('',#5270,.T.);
#5656=FACE_BOUND('',#5271,.T.);
#5657=FACE_BOUND('',#5272,.T.);
#5658=FACE_BOUND('',#5273,.T.);
#5659=FACE_BOUND('',#5274,.T.);
#5660=FACE_BOUND('',#5275,.T.);
#5661=FACE_BOUND('',#5276,.T.);
#5662=FACE_BOUND('',#5277,.T.);
#5663=FACE_BOUND('',#5278,.T.);
#5664=FACE_BOUND('',#5279,.T.);
#5665=FACE_BOUND('',#5280,.T.);
#5666=FACE_BOUND('',#5281,.T.);
#5667=FACE_BOUND('',#5282,.T.);
#5668=FACE_BOUND('',#5283,.T.);
#5669=FACE_BOUND('',#5284,.T.);
#5670=FACE_BOUND('',#5285,.T.);
#5671=FACE_BOUND('',#5286,.T.);
#5672=FACE_BOUND('',#5287,.T.);
#5673=FACE_BOUND('',#5288,.T.);
#5674=FACE_BOUND('',#5289,.T.);
#5675=FACE_BOUND('',#5290,.T.);
#5676=FACE_BOUND('',#5291,.T.);
#5677=FACE_BOUND('',#5292,.T.);
#5678=FACE_BOUND('',#5293,.T.);
#5679=FACE_BOUND('',#5294,.T.);
#5680=FACE_BOUND('',#5295,.T.);
#5681=FACE_BOUND('',#5296,.T.);
#5682=FACE_BOUND('',#5297,.T.);
#5683=FACE_BOUND('',#5298,.T.);
#5684=FACE_BOUND('',#5299,.T.);
#5685=FACE_BOUND('',#5300,.T.);
#5686=FACE_BOUND('',#5301,.T.);
#5687=FACE_BOUND('',#5302,.T.);
#5688=FACE_BOUND('',#5303,.T.);
#5689=FACE_BOUND('',#5304,.T.);
#5690=FACE_BOUND('',#5305,.T.);
#5691=FACE_BOUND('',#5306,.T.);
#5692=FACE_BOUND('',#5307,.T.);
#5693=FACE_BOUND('',#5308,.T.);
#5694=FACE_BOUND('',#5309,.T.);
#5695=FACE_BOUND('',#5310,.T.);
#5696=FACE_BOUND('',#5311,.T.);
#5697=FACE_BOUND('',#5312,.T.);
#5698=FACE_BOUND('',#5313,.T.);
#5699=FACE_BOUND('',#5314,.T.);
#5700=FACE_BOUND('',#5315,.T.);
#5701=FACE_BOUND('',#5316,.T.);
#5702=FACE_BOUND('',#5317,.T.);
#5703=FACE_BOUND('',#5318,.T.);
#5704=FACE_BOUND('',#5319,.T.);
#5705=FACE_BOUND('',#5320,.T.);
#5706=FACE_BOUND('',#5321,.T.);
#5707=FACE_BOUND('',#5322,.T.);
#5708=FACE_BOUND('',#5323,.T.);
#5709=FACE_BOUND('',#5324,.T.);
#5710=FACE_BOUND('',#5325,.T.);
#5711=FACE_BOUND('',#5326,.T.);
#5712=FACE_BOUND('',#5327,.T.);
#5713=FACE_BOUND('',#5328,.T.);
#5714=FACE_BOUND('',#5329,.T.);
#5715=FACE_BOUND('',#5330,.T.);
#5716=FACE_BOUND('',#5331,.T.);
#5717=FACE_BOUND('',#5332,.T.);
#5718=FACE_BOUND('',#5333,.T.);
#5719=FACE_BOUND('',#5334,.T.);
#5720=FACE_BOUND('',#5335,.T.);
#5721=FACE_BOUND('',#5336,.T.);
#5722=FACE_BOUND('',#5337,.T.);
#5723=FACE_BOUND('',#5338,.T.);
#5724=FACE_BOUND('',#5339,.T.);
#5725=FACE_BOUND('',#5340,.T.);
#5726=FACE_BOUND('',#5341,.T.);
#5727=FACE_BOUND('',#5342,.T.);
#5728=FACE_BOUND('',#5343,.T.);
#5729=FACE_BOUND('',#5344,.T.);
#5730=FACE_BOUND('',#5345,.T.);
#5731=FACE_BOUND('',#5346,.T.);
#5732=FACE_BOUND('',#5347,.T.);
#5733=FACE_BOUND('',#5348,.T.);
#5734=FACE_BOUND('',#5349,.T.);
#5735=FACE_BOUND('',#5350,.T.);
#5736=FACE_BOUND('',#5351,.T.);
#5737=FACE_BOUND('',#5352,.T.);
#5738=FACE_BOUND('',#5353,.T.);
#5739=FACE_BOUND('',#5354,.T.);
#5740=FACE_BOUND('',#5355,.T.);
#5741=FACE_BOUND('',#5356,.T.);
#5742=FACE_BOUND('',#5357,.T.);
#5743=FACE_BOUND('',#5358,.T.);
#5744=FACE_BOUND('',#5359,.T.);
#5745=FACE_BOUND('',#5360,.T.);
#5746=FACE_BOUND('',#5361,.T.);
#5747=FACE_BOUND('',#5362,.T.);
#5748=FACE_BOUND('',#5363,.T.);
#5749=FACE_BOUND('',#5364,.T.);
#5750=FACE_BOUND('',#5365,.T.);
#5751=FACE_BOUND('',#5366,.T.);
#5752=FACE_BOUND('',#5367,.T.);
#5753=FACE_BOUND('',#5368,.T.);
#5754=FACE_BOUND('',#5369,.T.);
#5755=FACE_BOUND('',#5370,.T.);
#5756=FACE_BOUND('',#5371,.T.);
#5757=FACE_BOUND('',#5372,.T.);
#5758=FACE_BOUND('',#5373,.T.);
#5759=FACE_BOUND('',#5374,.T.);
#5760=FACE_BOUND('',#5375,.T.);
#5761=FACE_BOUND('',#5376,.T.);
#5762=FACE_BOUND('',#5377,.T.);
#5763=FACE_BOUND('',#5378,.T.);
#5764=FACE_BOUND('',#5379,.T.);
#5765=FACE_BOUND('',#5380,.T.);
#5766=FACE_BOUND('',#5381,.T.);
#5767=FACE_BOUND('',#5382,.T.);
#5768=FACE_BOUND('',#5383,.T.);
#5769=FACE_BOUND('',#5384,.T.);
#5770=FACE_BOUND('',#5385,.T.);
#5771=FACE_BOUND('',#5386,.T.);
#5772=FACE_BOUND('',#5387,.T.);
#5773=FACE_BOUND('',#5388,.T.);
#5774=FACE_BOUND('',#5389,.T.);
#5775=FACE_BOUND('',#5390,.T.);
#5776=FACE_BOUND('',#5391,.T.);
#5777=FACE_BOUND('',#5392,.T.);
#5778=FACE_BOUND('',#5393,.T.);
#5779=FACE_BOUND('',#5394,.T.);
#5780=FACE_BOUND('',#5395,.T.);
#5781=FACE_BOUND('',#5396,.T.);
#5782=FACE_BOUND('',#5397,.T.);
#5783=FACE_BOUND('',#5398,.T.);
#5784=FACE_BOUND('',#5399,.T.);
#5785=FACE_BOUND('',#5400,.T.);
#5786=FACE_BOUND('',#5401,.T.);
#5787=FACE_BOUND('',#5402,.T.);
#5788=FACE_BOUND('',#5403,.T.);
#5789=FACE_BOUND('',#5404,.T.);
#5790=FACE_BOUND('',#5405,.T.);
#5791=FACE_BOUND('',#5406,.T.);
#5792=FACE_BOUND('',#5407,.T.);
#5793=FACE_BOUND('',#5408,.T.);
#5794=FACE_BOUND('',#5409,.T.);
#5795=FACE_BOUND('',#5410,.T.);
#5796=FACE_BOUND('',#5411,.T.);
#5797=FACE_BOUND('',#5412,.T.);
#5798=FACE_BOUND('',#5413,.T.);
#5799=FACE_BOUND('',#5414,.T.);
#5800=FACE_BOUND('',#5415,.T.);
#5801=FACE_BOUND('',#5416,.T.);
#5802=FACE_BOUND('',#5417,.T.);
#5803=FACE_BOUND('',#5418,.T.);
#5804=FACE_BOUND('',#5419,.T.);
#5805=FACE_BOUND('',#5420,.T.);
#5806=FACE_BOUND('',#5421,.T.);
#5807=FACE_BOUND('',#5422,.T.);
#5808=FACE_BOUND('',#5423,.T.);
#5809=FACE_BOUND('',#5424,.T.);
#5810=FACE_BOUND('',#5425,.T.);
#5811=FACE_BOUND('',#5426,.T.);
#5812=FACE_BOUND('',#5427,.T.);
#5813=FACE_BOUND('',#5428,.T.);
#5814=FACE_BOUND('',#5429,.T.);
#5815=FACE_BOUND('',#5430,.T.);
#5816=FACE_BOUND('',#5431,.T.);
#5817=FACE_BOUND('',#5432,.T.);
#5818=FACE_BOUND('',#5433,.T.);
#5819=FACE_BOUND('',#5434,.T.);
#5820=FACE_BOUND('',#5435,.T.);
#5821=FACE_BOUND('',#5436,.T.);
#5822=FACE_BOUND('',#5437,.T.);
#5823=FACE_BOUND('',#5438,.T.);
#5824=FACE_BOUND('',#5439,.T.);
#5825=FACE_BOUND('',#5440,.T.);
#5826=FACE_BOUND('',#5441,.T.);
#5827=FACE_BOUND('',#5442,.T.);
#5828=FACE_BOUND('',#5443,.T.);
#5829=FACE_BOUND('',#5444,.T.);
#5830=FACE_BOUND('',#5445,.T.);
#5831=FACE_BOUND('',#5446,.T.);
#5832=FACE_BOUND('',#5447,.T.);
#5833=FACE_BOUND('',#5448,.T.);
#5834=FACE_BOUND('',#5449,.T.);
#5835=FACE_BOUND('',#5450,.T.);
#5836=FACE_BOUND('',#5451,.T.);
#5837=FACE_BOUND('',#5452,.T.);
#5838=FACE_BOUND('',#5453,.T.);
#5839=FACE_BOUND('',#5454,.T.);
#5840=FACE_BOUND('',#5455,.T.);
#5841=FACE_BOUND('',#5456,.T.);
#5842=FACE_BOUND('',#5457,.T.);
#5843=FACE_BOUND('',#5458,.T.);
#5844=FACE_BOUND('',#5459,.T.);
#5845=FACE_BOUND('',#5460,.T.);
#5846=FACE_BOUND('',#5461,.T.);
#5847=FACE_BOUND('',#5462,.T.);
#5848=FACE_BOUND('',#5463,.T.);
#5849=FACE_BOUND('',#5464,.T.);
#5850=FACE_BOUND('',#5465,.T.);
#5851=FACE_BOUND('',#5466,.T.);
#5852=FACE_BOUND('',#5467,.T.);
#5853=FACE_BOUND('',#5468,.T.);
#5854=FACE_BOUND('',#5469,.T.);
#5855=FACE_BOUND('',#5470,.T.);
#5856=FACE_BOUND('',#5471,.T.);
#5857=FACE_BOUND('',#5472,.T.);
#5858=FACE_BOUND('',#5473,.T.);
#5859=FACE_BOUND('',#5474,.T.);
#5860=FACE_BOUND('',#5475,.T.);
#5861=FACE_BOUND('',#5476,.T.);
#5862=FACE_BOUND('',#5477,.T.);
#5863=FACE_BOUND('',#5478,.T.);
#5864=FACE_BOUND('',#5479,.T.);
#5865=FACE_BOUND('',#5480,.T.);
#5866=FACE_BOUND('',#5481,.T.);
#5867=FACE_BOUND('',#5482,.T.);
#5868=FACE_BOUND('',#5483,.T.);
#5869=FACE_BOUND('',#5484,.T.);
#5870=FACE_BOUND('',#5485,.T.);
#5871=FACE_BOUND('',#5486,.T.);
#5872=FACE_BOUND('',#5487,.T.);
#5873=FACE_BOUND('',#5488,.T.);
#5874=FACE_BOUND('',#5489,.T.);
#5875=FACE_BOUND('',#5490,.T.);
#5876=PLANE('',#7011);
#5877=PLANE('',#7018);
#5878=PLANE('',#7022);
#5879=PLANE('',#7026);
#5880=PLANE('',#7027);
#5881=PLANE('',#7028);
#5882=PLANE('',#7029);
#5883=PLANE('',#7030);
#5884=PLANE('',#7037);
#5885=PLANE('',#7038);
#5886=PLANE('',#7041);
#5887=PLANE('',#7043);
#5888=PLANE('',#7045);
#5889=PLANE('',#7046);
#5890=PLANE('',#7047);
#5891=PLANE('',#7048);
#5892=PLANE('',#7049);
#5893=PLANE('',#7050);
#5894=PLANE('',#7051);
#5895=PLANE('',#7052);
#5896=PLANE('',#7053);
#5897=PLANE('',#7054);
#5898=PLANE('',#7055);
#5899=PLANE('',#7056);
#5900=PLANE('',#7057);
#5901=PLANE('',#7058);
#5902=PLANE('',#7059);
#5903=PLANE('',#7060);
#5904=PLANE('',#7061);
#5905=PLANE('',#7062);
#5906=PLANE('',#7063);
#5907=PLANE('',#7064);
#5908=PLANE('',#7065);
#5909=PLANE('',#7066);
#5910=PLANE('',#7067);
#5911=PLANE('',#7068);
#5912=PLANE('',#7069);
#5913=PLANE('',#7070);
#5914=PLANE('',#7071);
#5915=PLANE('',#7072);
#5916=PLANE('',#7073);
#5917=PLANE('',#7074);
#5918=PLANE('',#7075);
#5919=PLANE('',#7076);
#5920=PLANE('',#7077);
#5921=PLANE('',#7081);
#5922=PLANE('',#7083);
#5923=PLANE('',#7085);
#5924=PLANE('',#7086);
#5925=PLANE('',#7087);
#5926=PLANE('',#7088);
#5927=PLANE('',#7089);
#5928=PLANE('',#7090);
#5929=PLANE('',#7092);
#5930=PLANE('',#7093);
#5931=PLANE('',#7094);
#5932=PLANE('',#7101);
#5933=PLANE('',#7103);
#5934=PLANE('',#7104);
#5935=PLANE('',#7106);
#5936=PLANE('',#7107);
#5937=PLANE('',#7109);
#5938=PLANE('',#7110);
#5939=PLANE('',#7111);
#5940=PLANE('',#7112);
#5941=PLANE('',#7113);
#5942=PLANE('',#7114);
#5943=PLANE('',#7115);
#5944=PLANE('',#7116);
#5945=PLANE('',#7117);
#5946=PLANE('',#7118);
#5947=PLANE('',#7119);
#5948=PLANE('',#7120);
#5949=PLANE('',#7121);
#5950=PLANE('',#7122);
#5951=PLANE('',#7123);
#5952=PLANE('',#7124);
#5953=PLANE('',#7125);
#5954=PLANE('',#7126);
#5955=PLANE('',#7127);
#5956=PLANE('',#7128);
#5957=PLANE('',#7129);
#5958=PLANE('',#7132);
#5959=PLANE('',#7134);
#5960=PLANE('',#7136);
#5961=PLANE('',#7137);
#5962=PLANE('',#7138);
#5963=PLANE('',#7139);
#5964=PLANE('',#7140);
#5965=PLANE('',#7141);
#5966=PLANE('',#7142);
#5967=PLANE('',#7143);
#5968=PLANE('',#7144);
#5969=PLANE('',#7145);
#5970=PLANE('',#7146);
#5971=PLANE('',#7147);
#5972=PLANE('',#7148);
#5973=PLANE('',#7149);
#5974=PLANE('',#7150);
#5975=PLANE('',#7151);
#5976=PLANE('',#7152);
#5977=PLANE('',#7153);
#5978=PLANE('',#7154);
#5979=PLANE('',#7155);
#5980=PLANE('',#7156);
#5981=PLANE('',#7157);
#5982=PLANE('',#7158);
#5983=PLANE('',#7159);
#5984=PLANE('',#7160);
#5985=PLANE('',#7161);
#5986=PLANE('',#7162);
#5987=PLANE('',#7163);
#5988=PLANE('',#7164);
#5989=PLANE('',#7165);
#5990=PLANE('',#7166);
#5991=PLANE('',#7167);
#5992=PLANE('',#7168);
#5993=PLANE('',#7170);
#5994=PLANE('',#7172);
#5995=PLANE('',#7173);
#5996=PLANE('',#7174);
#5997=PLANE('',#7175);
#5998=PLANE('',#7176);
#5999=PLANE('',#7177);
#6000=PLANE('',#7178);
#6001=PLANE('',#7179);
#6002=PLANE('',#7208);
#6003=PLANE('',#7209);
#6004=PLANE('',#7210);
#6005=PLANE('',#7211);
#6006=PLANE('',#7212);
#6007=PLANE('',#7213);
#6008=PLANE('',#7214);
#6009=PLANE('',#7215);
#6010=PLANE('',#7216);
#6011=PLANE('',#7217);
#6012=PLANE('',#7218);
#6013=PLANE('',#7219);
#6014=PLANE('',#7220);
#6015=PLANE('',#7221);
#6016=PLANE('',#7222);
#6017=PLANE('',#7223);
#6018=PLANE('',#7224);
#6019=PLANE('',#7225);
#6020=PLANE('',#7226);
#6021=PLANE('',#7227);
#6022=PLANE('',#7228);
#6023=PLANE('',#7229);
#6024=PLANE('',#7230);
#6025=PLANE('',#7231);
#6026=PLANE('',#7232);
#6027=PLANE('',#7233);
#6028=PLANE('',#7234);
#6029=PLANE('',#7235);
#6030=PLANE('',#7236);
#6031=PLANE('',#7237);
#6032=PLANE('',#7238);
#6033=PLANE('',#7239);
#6034=PLANE('',#7240);
#6035=PLANE('',#7241);
#6036=PLANE('',#7242);
#6037=PLANE('',#7243);
#6038=PLANE('',#7244);
#6039=PLANE('',#7245);
#6040=PLANE('',#7246);
#6041=PLANE('',#7247);
#6042=PLANE('',#7248);
#6043=PLANE('',#7249);
#6044=PLANE('',#7250);
#6045=PLANE('',#7251);
#6046=PLANE('',#7252);
#6047=PLANE('',#7253);
#6048=PLANE('',#7254);
#6049=PLANE('',#7255);
#6050=PLANE('',#7256);
#6051=PLANE('',#7257);
#6052=PLANE('',#7258);
#6053=PLANE('',#7260);
#6054=PLANE('',#7261);
#6055=PLANE('',#7262);
#6056=PLANE('',#7263);
#6057=PLANE('',#7264);
#6058=PLANE('',#7265);
#6059=PLANE('',#7266);
#6060=PLANE('',#7267);
#6061=PLANE('',#7268);
#6062=PLANE('',#7269);
#6063=PLANE('',#7270);
#6064=PLANE('',#7271);
#6065=PLANE('',#7272);
#6066=PLANE('',#7273);
#6067=PLANE('',#7274);
#6068=PLANE('',#7275);
#6069=PLANE('',#7276);
#6070=PLANE('',#7277);
#6071=PLANE('',#7278);
#6072=PLANE('',#7279);
#6073=PLANE('',#7280);
#6074=PLANE('',#7281);
#6075=PLANE('',#7282);
#6076=PLANE('',#7283);
#6077=PLANE('',#7284);
#6078=PLANE('',#7285);
#6079=PLANE('',#7286);
#6080=PLANE('',#7287);
#6081=PLANE('',#7288);
#6082=PLANE('',#7289);
#6083=PLANE('',#7290);
#6084=PLANE('',#7291);
#6085=PLANE('',#7292);
#6086=PLANE('',#7293);
#6087=PLANE('',#7294);
#6088=PLANE('',#7295);
#6089=PLANE('',#7296);
#6090=PLANE('',#7297);
#6091=PLANE('',#7298);
#6092=PLANE('',#7299);
#6093=PLANE('',#7300);
#6094=PLANE('',#7301);
#6095=PLANE('',#7302);
#6096=PLANE('',#7303);
#6097=PLANE('',#7304);
#6098=PLANE('',#7305);
#6099=PLANE('',#7306);
#6100=PLANE('',#7307);
#6101=PLANE('',#7308);
#6102=PLANE('',#7309);
#6103=PLANE('',#7310);
#6104=PLANE('',#7311);
#6105=PLANE('',#7312);
#6106=PLANE('',#7313);
#6107=PLANE('',#7314);
#6108=PLANE('',#7315);
#6109=PLANE('',#7316);
#6110=PLANE('',#7317);
#6111=PLANE('',#7318);
#6112=PLANE('',#7319);
#6113=OVER_RIDING_STYLED_ITEM('',(#6542),#6191,#6540);
#6114=OVER_RIDING_STYLED_ITEM('',(#6543),#6228,#6540);
#6115=OVER_RIDING_STYLED_ITEM('',(#6544),#6244,#6540);
#6116=OVER_RIDING_STYLED_ITEM('',(#6545),#6311,#6540);
#6117=OVER_RIDING_STYLED_ITEM('',(#6546),#6348,#6540);
#6118=OVER_RIDING_STYLED_ITEM('',(#6547),#6364,#6540);
#6119=OVER_RIDING_STYLED_ITEM('',(#6548),#6415,#6540);
#6120=OVER_RIDING_STYLED_ITEM('',(#6549),#6416,#6540);
#6121=OVER_RIDING_STYLED_ITEM('',(#6550),#6417,#6540);
#6122=OVER_RIDING_STYLED_ITEM('',(#6551),#6418,#6540);
#6123=OVER_RIDING_STYLED_ITEM('',(#6552),#6419,#6540);
#6124=OVER_RIDING_STYLED_ITEM('',(#6553),#6420,#6540);
#6125=OVER_RIDING_STYLED_ITEM('',(#6554),#6421,#6540);
#6126=OVER_RIDING_STYLED_ITEM('',(#6555),#6422,#6540);
#6127=OVER_RIDING_STYLED_ITEM('',(#6556),#6423,#6540);
#6128=OVER_RIDING_STYLED_ITEM('',(#6557),#6424,#6540);
#6129=OVER_RIDING_STYLED_ITEM('',(#6558),#6425,#6540);
#6130=OVER_RIDING_STYLED_ITEM('',(#6559),#6426,#6540);
#6131=OVER_RIDING_STYLED_ITEM('',(#6560),#6427,#6540);
#6132=OVER_RIDING_STYLED_ITEM('',(#6561),#6428,#6540);
#6133=OVER_RIDING_STYLED_ITEM('',(#6562),#6429,#6540);
#6134=OVER_RIDING_STYLED_ITEM('',(#6563),#6430,#6540);
#6135=OVER_RIDING_STYLED_ITEM('',(#6564),#6431,#6540);
#6136=OVER_RIDING_STYLED_ITEM('',(#6565),#6432,#6540);
#6137=OVER_RIDING_STYLED_ITEM('',(#6566),#6433,#6540);
#6138=OVER_RIDING_STYLED_ITEM('',(#6567),#6434,#6540);
#6139=OVER_RIDING_STYLED_ITEM('',(#6568),#6435,#6540);
#6140=OVER_RIDING_STYLED_ITEM('',(#6569),#6436,#6540);
#6141=OVER_RIDING_STYLED_ITEM('',(#6570),#6437,#6540);
#6142=OVER_RIDING_STYLED_ITEM('',(#6571),#6438,#6540);
#6143=OVER_RIDING_STYLED_ITEM('',(#6572),#6439,#6540);
#6144=OVER_RIDING_STYLED_ITEM('',(#6573),#6440,#6540);
#6145=OVER_RIDING_STYLED_ITEM('',(#6574),#6441,#6540);
#6146=OVER_RIDING_STYLED_ITEM('',(#6575),#6442,#6540);
#6147=OVER_RIDING_STYLED_ITEM('',(#6576),#6443,#6540);
#6148=OVER_RIDING_STYLED_ITEM('',(#6577),#6444,#6540);
#6149=OVER_RIDING_STYLED_ITEM('',(#6578),#6445,#6540);
#6150=OVER_RIDING_STYLED_ITEM('',(#6579),#6446,#6540);
#6151=OVER_RIDING_STYLED_ITEM('',(#6580),#6447,#6540);
#6152=OVER_RIDING_STYLED_ITEM('',(#6581),#6448,#6540);
#6153=OVER_RIDING_STYLED_ITEM('',(#6582),#6449,#6540);
#6154=OVER_RIDING_STYLED_ITEM('',(#6583),#6450,#6540);
#6155=OVER_RIDING_STYLED_ITEM('',(#6584),#6451,#6540);
#6156=OVER_RIDING_STYLED_ITEM('',(#6585),#6452,#6540);
#6157=OVER_RIDING_STYLED_ITEM('',(#6586),#6453,#6540);
#6158=OVER_RIDING_STYLED_ITEM('',(#6587),#6454,#6540);
#6159=OVER_RIDING_STYLED_ITEM('',(#6588),#6455,#6540);
#6160=OVER_RIDING_STYLED_ITEM('',(#6589),#6456,#6540);
#6161=OVER_RIDING_STYLED_ITEM('',(#6590),#6457,#6540);
#6162=OVER_RIDING_STYLED_ITEM('',(#6591),#6458,#6540);
#6163=OVER_RIDING_STYLED_ITEM('',(#6592),#6459,#6540);
#6164=OVER_RIDING_STYLED_ITEM('',(#6593),#6460,#6540);
#6165=OVER_RIDING_STYLED_ITEM('',(#6594),#6461,#6540);
#6166=OVER_RIDING_STYLED_ITEM('',(#6595),#6462,#6540);
#6167=OVER_RIDING_STYLED_ITEM('',(#6596),#6463,#6540);
#6168=OVER_RIDING_STYLED_ITEM('',(#6597),#6464,#6540);
#6169=OVER_RIDING_STYLED_ITEM('',(#6598),#6465,#6540);
#6170=OVER_RIDING_STYLED_ITEM('',(#6599),#6466,#6540);
#6171=OVER_RIDING_STYLED_ITEM('',(#6600),#6467,#6540);
#6172=OVER_RIDING_STYLED_ITEM('',(#6601),#6468,#6540);
#6173=OVER_RIDING_STYLED_ITEM('',(#6602),#6469,#6540);
#6174=OVER_RIDING_STYLED_ITEM('',(#6603),#6470,#6540);
#6175=OVER_RIDING_STYLED_ITEM('',(#6604),#6471,#6540);
#6176=OVER_RIDING_STYLED_ITEM('',(#6605),#6472,#6540);
#6177=OVER_RIDING_STYLED_ITEM('',(#6606),#6473,#6540);
#6178=OVER_RIDING_STYLED_ITEM('',(#6607),#6474,#6540);
#6179=OVER_RIDING_STYLED_ITEM('',(#6608),#6475,#6540);
#6180=OVER_RIDING_STYLED_ITEM('',(#6609),#6476,#6540);
#6181=OVER_RIDING_STYLED_ITEM('',(#6610),#6477,#6540);
#6182=OVER_RIDING_STYLED_ITEM('',(#6611),#6532,#6540);
#6183=OVER_RIDING_STYLED_ITEM('',(#6612),#6533,#6540);
#6184=OVER_RIDING_STYLED_ITEM('',(#6613),#6534,#6540);
#6185=OVER_RIDING_STYLED_ITEM('',(#6614),#6535,#6540);
#6186=OVER_RIDING_STYLED_ITEM('',(#6615),#6536,#6540);
#6187=OVER_RIDING_STYLED_ITEM('',(#6616),#6537,#6540);
#6188=OVER_RIDING_STYLED_ITEM('',(#6617),#6538,#6540);
#6189=COLOUR_RGB('',0.501960784313726,0.501960784313726,0.501960784313726);
#6190=COLOUR_RGB('',0.752941176470588,0.752941176470588,0.752941176470588);
#6191=ADVANCED_FACE('',(#5491),#5876,.F.);
#6192=ADVANCED_FACE('',(#5492),#1594,.T.);
#6193=ADVANCED_FACE('',(#5493),#1595,.T.);
#6194=ADVANCED_FACE('',(#5494),#1596,.F.);
#6195=ADVANCED_FACE('',(#5495),#1597,.F.);
#6196=ADVANCED_FACE('',(#5496),#5877,.F.);
#6197=ADVANCED_FACE('',(#5497),#1598,.F.);
#6198=ADVANCED_FACE('',(#5498),#21,.T.);
#6199=ADVANCED_FACE('',(#5499),#1599,.F.);
#6200=ADVANCED_FACE('',(#5500),#5878,.F.);
#6201=ADVANCED_FACE('',(#5501),#1600,.F.);
#6202=ADVANCED_FACE('',(#5502),#22,.F.);
#6203=ADVANCED_FACE('',(#5503),#5879,.F.);
#6204=ADVANCED_FACE('',(#5504),#1601,.F.);
#6205=ADVANCED_FACE('',(#5505),#1602,.F.);
#6206=ADVANCED_FACE('',(#5506),#1603,.F.);
#6207=ADVANCED_FACE('',(#5507),#1604,.F.);
#6208=ADVANCED_FACE('',(#5508),#1605,.F.);
#6209=ADVANCED_FACE('',(#5509),#1606,.F.);
#6210=ADVANCED_FACE('',(#5510),#1607,.F.);
#6211=ADVANCED_FACE('',(#5511),#5880,.F.);
#6212=ADVANCED_FACE('',(#5512),#5881,.F.);
#6213=ADVANCED_FACE('',(#5513),#5882,.F.);
#6214=ADVANCED_FACE('',(#5514),#5883,.F.);
#6215=ADVANCED_FACE('',(#5515),#1608,.F.);
#6216=ADVANCED_FACE('',(#5516),#1609,.F.);
#6217=ADVANCED_FACE('',(#5517),#1610,.F.);
#6218=ADVANCED_FACE('',(#5518),#1611,.F.);
#6219=ADVANCED_FACE('',(#5519),#1612,.F.);
#6220=ADVANCED_FACE('',(#5520),#1613,.F.);
#6221=ADVANCED_FACE('',(#5521),#1614,.F.);
#6222=ADVANCED_FACE('',(#5522),#1615,.F.);
#6223=ADVANCED_FACE('',(#5523),#1616,.F.);
#6224=ADVANCED_FACE('',(#5524),#1617,.F.);
#6225=ADVANCED_FACE('',(#5525),#1618,.F.);
#6226=ADVANCED_FACE('',(#5526),#1619,.F.);
#6227=ADVANCED_FACE('',(#5527,#5528),#5884,.F.);
#6228=ADVANCED_FACE('',(#5529),#5885,.F.);
#6229=ADVANCED_FACE('',(#5530),#5886,.T.);
#6230=ADVANCED_FACE('',(#5531),#1620,.T.);
#6231=ADVANCED_FACE('',(#5532),#5887,.T.);
#6232=ADVANCED_FACE('',(#5533),#1621,.T.);
#6233=ADVANCED_FACE('',(#5534),#5888,.T.);
#6234=ADVANCED_FACE('',(#5535),#5889,.T.);
#6235=ADVANCED_FACE('',(#5536),#5890,.F.);
#6236=ADVANCED_FACE('',(#5537),#5891,.F.);
#6237=ADVANCED_FACE('',(#5538),#5892,.F.);
#6238=ADVANCED_FACE('',(#5539),#5893,.F.);
#6239=ADVANCED_FACE('',(#5540),#5894,.F.);
#6240=ADVANCED_FACE('',(#5541),#5895,.F.);
#6241=ADVANCED_FACE('',(#5542),#5896,.F.);
#6242=ADVANCED_FACE('',(#5543),#5897,.F.);
#6243=ADVANCED_FACE('',(#5544,#5545),#5898,.F.);
#6244=ADVANCED_FACE('',(#5546),#5899,.F.);
#6245=ADVANCED_FACE('',(#5547),#1622,.T.);
#6246=ADVANCED_FACE('',(#5548),#1623,.T.);
#6247=ADVANCED_FACE('',(#5549),#1624,.T.);
#6248=ADVANCED_FACE('',(#5550),#1625,.T.);
#6249=ADVANCED_FACE('',(#5551),#5900,.F.);
#6250=ADVANCED_FACE('',(#5552),#5901,.T.);
#6251=ADVANCED_FACE('',(#5553),#5902,.T.);
#6252=ADVANCED_FACE('',(#5554),#5903,.F.);
#6253=ADVANCED_FACE('',(#5555),#5904,.F.);
#6254=ADVANCED_FACE('',(#5556),#1626,.F.);
#6255=ADVANCED_FACE('',(#5557),#1627,.F.);
#6256=ADVANCED_FACE('',(#5558),#1628,.F.);
#6257=ADVANCED_FACE('',(#5559),#1629,.F.);
#6258=ADVANCED_FACE('',(#5560),#5905,.F.);
#6259=ADVANCED_FACE('',(#5561,#5562),#5906,.T.);
#6260=ADVANCED_FACE('',(#5563),#5907,.F.);
#6261=ADVANCED_FACE('',(#5564),#5908,.F.);
#6262=ADVANCED_FACE('',(#5565),#5909,.F.);
#6263=ADVANCED_FACE('',(#5566),#5910,.F.);
#6264=ADVANCED_FACE('',(#5567),#5911,.F.);
#6265=ADVANCED_FACE('',(#5568),#5912,.T.);
#6266=ADVANCED_FACE('',(#5569),#5913,.F.);
#6267=ADVANCED_FACE('',(#5570),#5914,.F.);
#6268=ADVANCED_FACE('',(#5571),#5915,.F.);
#6269=ADVANCED_FACE('',(#5572),#5916,.F.);
#6270=ADVANCED_FACE('',(#5573),#5917,.F.);
#6271=ADVANCED_FACE('',(#5574),#5918,.F.);
#6272=ADVANCED_FACE('',(#5575),#5919,.F.);
#6273=ADVANCED_FACE('',(#5576),#5920,.T.);
#6274=ADVANCED_FACE('',(#5577),#5921,.F.);
#6275=ADVANCED_FACE('',(#5578),#1630,.F.);
#6276=ADVANCED_FACE('',(#5579),#1631,.F.);
#6277=ADVANCED_FACE('',(#5580),#5922,.F.);
#6278=ADVANCED_FACE('',(#5581),#1632,.F.);
#6279=ADVANCED_FACE('',(#5582),#1633,.F.);
#6280=ADVANCED_FACE('',(#5583),#5923,.F.);
#6281=ADVANCED_FACE('',(#5584),#5924,.F.);
#6282=ADVANCED_FACE('',(#5585),#5925,.F.);
#6283=ADVANCED_FACE('',(#5586),#5926,.F.);
#6284=ADVANCED_FACE('',(#5587),#5927,.F.);
#6285=ADVANCED_FACE('',(#5588),#5928,.F.);
#6286=ADVANCED_FACE('',(#5589),#1634,.F.);
#6287=ADVANCED_FACE('',(#5590),#5929,.F.);
#6288=ADVANCED_FACE('',(#5591),#5930,.F.);
#6289=ADVANCED_FACE('',(#5592),#5931,.F.);
#6290=ADVANCED_FACE('',(#5593),#1635,.F.);
#6291=ADVANCED_FACE('',(#5594),#23,.F.);
#6292=ADVANCED_FACE('',(#5595),#1636,.F.);
#6293=ADVANCED_FACE('',(#5596),#1637,.F.);
#6294=ADVANCED_FACE('',(#5597),#1638,.F.);
#6295=ADVANCED_FACE('',(#5598),#1639,.F.);
#6296=ADVANCED_FACE('',(#5599),#1640,.F.);
#6297=ADVANCED_FACE('',(#5600),#1641,.F.);
#6298=ADVANCED_FACE('',(#5601),#5932,.F.);
#6299=ADVANCED_FACE('',(#5602),#1642,.F.);
#6300=ADVANCED_FACE('',(#5603),#1643,.F.);
#6301=ADVANCED_FACE('',(#5604),#1644,.F.);
#6302=ADVANCED_FACE('',(#5605),#1645,.F.);
#6303=ADVANCED_FACE('',(#5606),#1646,.F.);
#6304=ADVANCED_FACE('',(#5607),#1647,.F.);
#6305=ADVANCED_FACE('',(#5608),#1648,.F.);
#6306=ADVANCED_FACE('',(#5609),#1649,.F.);
#6307=ADVANCED_FACE('',(#5610),#1650,.F.);
#6308=ADVANCED_FACE('',(#5611),#1651,.F.);
#6309=ADVANCED_FACE('',(#5612),#5933,.F.);
#6310=ADVANCED_FACE('',(#5613),#1652,.F.);
#6311=ADVANCED_FACE('',(#5614),#5934,.F.);
#6312=ADVANCED_FACE('',(#5615),#5935,.T.);
#6313=ADVANCED_FACE('',(#5616),#5936,.T.);
#6314=ADVANCED_FACE('',(#5617),#1653,.T.);
#6315=ADVANCED_FACE('',(#5618),#1654,.T.);
#6316=ADVANCED_FACE('',(#5619),#1655,.T.);
#6317=ADVANCED_FACE('',(#5620),#1656,.T.);
#6318=ADVANCED_FACE('',(#5621),#1657,.T.);
#6319=ADVANCED_FACE('',(#5622),#1658,.T.);
#6320=ADVANCED_FACE('',(#5623),#1659,.F.);
#6321=ADVANCED_FACE('',(#5624),#5937,.F.);
#6322=ADVANCED_FACE('',(#5625),#5938,.F.);
#6323=ADVANCED_FACE('',(#5626),#5939,.T.);
#6324=ADVANCED_FACE('',(#5627),#5940,.F.);
#6325=ADVANCED_FACE('',(#5628),#1660,.F.);
#6326=ADVANCED_FACE('',(#5629),#1661,.F.);
#6327=ADVANCED_FACE('',(#5630),#1662,.F.);
#6328=ADVANCED_FACE('',(#5631),#1663,.F.);
#6329=ADVANCED_FACE('',(#5632),#5941,.F.);
#6330=ADVANCED_FACE('',(#5633),#1664,.F.);
#6331=ADVANCED_FACE('',(#5634),#1665,.F.);
#6332=ADVANCED_FACE('',(#5635),#5942,.F.);
#6333=ADVANCED_FACE('',(#5636),#1666,.F.);
#6334=ADVANCED_FACE('',(#5637,#5638),#5943,.T.);
#6335=ADVANCED_FACE('',(#5639),#5944,.F.);
#6336=ADVANCED_FACE('',(#5640),#5945,.F.);
#6337=ADVANCED_FACE('',(#5641),#5946,.F.);
#6338=ADVANCED_FACE('',(#5642),#5947,.F.);
#6339=ADVANCED_FACE('',(#5643),#5948,.F.);
#6340=ADVANCED_FACE('',(#5644),#5949,.T.);
#6341=ADVANCED_FACE('',(#5645),#5950,.F.);
#6342=ADVANCED_FACE('',(#5646),#5951,.F.);
#6343=ADVANCED_FACE('',(#5647),#5952,.F.);
#6344=ADVANCED_FACE('',(#5648),#5953,.F.);
#6345=ADVANCED_FACE('',(#5649),#5954,.F.);
#6346=ADVANCED_FACE('',(#5650),#5955,.F.);
#6347=ADVANCED_FACE('',(#5651),#5956,.F.);
#6348=ADVANCED_FACE('',(#5652),#5957,.F.);
#6349=ADVANCED_FACE('',(#5653),#5958,.T.);
#6350=ADVANCED_FACE('',(#5654),#1667,.T.);
#6351=ADVANCED_FACE('',(#5655),#5959,.T.);
#6352=ADVANCED_FACE('',(#5656),#1668,.T.);
#6353=ADVANCED_FACE('',(#5657),#5960,.T.);
#6354=ADVANCED_FACE('',(#5658),#5961,.T.);
#6355=ADVANCED_FACE('',(#5659),#5962,.F.);
#6356=ADVANCED_FACE('',(#5660),#5963,.F.);
#6357=ADVANCED_FACE('',(#5661),#5964,.F.);
#6358=ADVANCED_FACE('',(#5662),#5965,.F.);
#6359=ADVANCED_FACE('',(#5663),#5966,.F.);
#6360=ADVANCED_FACE('',(#5664),#5967,.F.);
#6361=ADVANCED_FACE('',(#5665),#5968,.F.);
#6362=ADVANCED_FACE('',(#5666),#5969,.F.);
#6363=ADVANCED_FACE('',(#5667,#5668),#5970,.F.);
#6364=ADVANCED_FACE('',(#5669),#5971,.F.);
#6365=ADVANCED_FACE('',(#5670),#1669,.T.);
#6366=ADVANCED_FACE('',(#5671),#1670,.T.);
#6367=ADVANCED_FACE('',(#5672),#1671,.T.);
#6368=ADVANCED_FACE('',(#5673),#1672,.T.);
#6369=ADVANCED_FACE('',(#5674),#5972,.F.);
#6370=ADVANCED_FACE('',(#5675),#5973,.T.);
#6371=ADVANCED_FACE('',(#5676),#5974,.T.);
#6372=ADVANCED_FACE('',(#5677),#5975,.F.);
#6373=ADVANCED_FACE('',(#5678),#5976,.F.);
#6374=ADVANCED_FACE('',(#5679),#1673,.F.);
#6375=ADVANCED_FACE('',(#5680),#1674,.F.);
#6376=ADVANCED_FACE('',(#5681),#1675,.F.);
#6377=ADVANCED_FACE('',(#5682),#1676,.F.);
#6378=ADVANCED_FACE('',(#5683),#5977,.F.);
#6379=ADVANCED_FACE('',(#5684,#5685),#5978,.T.);
#6380=ADVANCED_FACE('',(#5686),#5979,.F.);
#6381=ADVANCED_FACE('',(#5687),#5980,.F.);
#6382=ADVANCED_FACE('',(#5688),#5981,.F.);
#6383=ADVANCED_FACE('',(#5689),#5982,.F.);
#6384=ADVANCED_FACE('',(#5690),#5983,.F.);
#6385=ADVANCED_FACE('',(#5691),#5984,.T.);
#6386=ADVANCED_FACE('',(#5692),#5985,.F.);
#6387=ADVANCED_FACE('',(#5693),#5986,.F.);
#6388=ADVANCED_FACE('',(#5694),#5987,.F.);
#6389=ADVANCED_FACE('',(#5695),#5988,.F.);
#6390=ADVANCED_FACE('',(#5696),#5989,.F.);
#6391=ADVANCED_FACE('',(#5697),#5990,.F.);
#6392=ADVANCED_FACE('',(#5698),#5991,.F.);
#6393=ADVANCED_FACE('',(#5699),#5992,.T.);
#6394=ADVANCED_FACE('',(#5700),#1677,.F.);
#6395=ADVANCED_FACE('',(#5701),#1678,.F.);
#6396=ADVANCED_FACE('',(#5702),#1679,.F.);
#6397=ADVANCED_FACE('',(#5703),#1680,.F.);
#6398=ADVANCED_FACE('',(#5704),#1681,.F.);
#6399=ADVANCED_FACE('',(#5705),#5993,.F.);
#6400=ADVANCED_FACE('',(#5706),#1682,.F.);
#6401=ADVANCED_FACE('',(#5707),#1683,.F.);
#6402=ADVANCED_FACE('',(#5708),#1684,.F.);
#6403=ADVANCED_FACE('',(#5709),#1685,.F.);
#6404=ADVANCED_FACE('',(#5710),#1686,.F.);
#6405=ADVANCED_FACE('',(#5711),#1687,.F.);
#6406=ADVANCED_FACE('',(#5712),#5994,.F.);
#6407=ADVANCED_FACE('',(#5713),#1688,.F.);
#6408=ADVANCED_FACE('',(#5714),#5995,.F.);
#6409=ADVANCED_FACE('',(#5715),#5996,.F.);
#6410=ADVANCED_FACE('',(#5716),#5997,.F.);
#6411=ADVANCED_FACE('',(#5717),#5998,.F.);
#6412=ADVANCED_FACE('',(#5718),#5999,.F.);
#6413=ADVANCED_FACE('',(#5719),#6000,.F.);
#6414=ADVANCED_FACE('',(#5720),#6001,.F.);
#6415=ADVANCED_FACE('',(#5721),#24,.T.);
#6416=ADVANCED_FACE('',(#5722),#17,.T.);
#6417=ADVANCED_FACE('',(#5723),#18,.T.);
#6418=ADVANCED_FACE('',(#5724),#25,.T.);
#6419=ADVANCED_FACE('',(#5725),#26,.T.);
#6420=ADVANCED_FACE('',(#5726),#27,.T.);
#6421=ADVANCED_FACE('',(#5727),#28,.T.);
#6422=ADVANCED_FACE('',(#5728),#19,.T.);
#6423=ADVANCED_FACE('',(#5729),#20,.T.);
#6424=ADVANCED_FACE('',(#5730),#29,.T.);
#6425=ADVANCED_FACE('',(#5731),#30,.T.);
#6426=ADVANCED_FACE('',(#5732),#31,.T.);
#6427=ADVANCED_FACE('',(#5733),#6002,.T.);
#6428=ADVANCED_FACE('',(#5734),#6003,.F.);
#6429=ADVANCED_FACE('',(#5735),#6004,.F.);
#6430=ADVANCED_FACE('',(#5736),#6005,.F.);
#6431=ADVANCED_FACE('',(#5737),#6006,.F.);
#6432=ADVANCED_FACE('',(#5738),#6007,.T.);
#6433=ADVANCED_FACE('',(#5739),#6008,.F.);
#6434=ADVANCED_FACE('',(#5740),#6009,.F.);
#6435=ADVANCED_FACE('',(#5741),#6010,.F.);
#6436=ADVANCED_FACE('',(#5742),#6011,.F.);
#6437=ADVANCED_FACE('',(#5743),#6012,.T.);
#6438=ADVANCED_FACE('',(#5744),#6013,.F.);
#6439=ADVANCED_FACE('',(#5745),#6014,.F.);
#6440=ADVANCED_FACE('',(#5746),#6015,.F.);
#6441=ADVANCED_FACE('',(#5747),#6016,.F.);
#6442=ADVANCED_FACE('',(#5748),#6017,.T.);
#6443=ADVANCED_FACE('',(#5749),#6018,.F.);
#6444=ADVANCED_FACE('',(#5750),#6019,.F.);
#6445=ADVANCED_FACE('',(#5751),#6020,.F.);
#6446=ADVANCED_FACE('',(#5752),#6021,.F.);
#6447=ADVANCED_FACE('',(#5753),#6022,.F.);
#6448=ADVANCED_FACE('',(#5754),#6023,.F.);
#6449=ADVANCED_FACE('',(#5755),#6024,.F.);
#6450=ADVANCED_FACE('',(#5756),#6025,.F.);
#6451=ADVANCED_FACE('',(#5757),#6026,.F.);
#6452=ADVANCED_FACE('',(#5758),#6027,.F.);
#6453=ADVANCED_FACE('',(#5759),#6028,.F.);
#6454=ADVANCED_FACE('',(#5760),#6029,.F.);
#6455=ADVANCED_FACE('',(#5761),#6030,.F.);
#6456=ADVANCED_FACE('',(#5762),#6031,.F.);
#6457=ADVANCED_FACE('',(#5763),#6032,.F.);
#6458=ADVANCED_FACE('',(#5764),#6033,.F.);
#6459=ADVANCED_FACE('',(#5765),#6034,.F.);
#6460=ADVANCED_FACE('',(#5766),#6035,.F.);
#6461=ADVANCED_FACE('',(#5767),#6036,.F.);
#6462=ADVANCED_FACE('',(#5768),#6037,.F.);
#6463=ADVANCED_FACE('',(#5769),#6038,.F.);
#6464=ADVANCED_FACE('',(#5770),#6039,.F.);
#6465=ADVANCED_FACE('',(#5771),#6040,.F.);
#6466=ADVANCED_FACE('',(#5772),#6041,.F.);
#6467=ADVANCED_FACE('',(#5773),#6042,.F.);
#6468=ADVANCED_FACE('',(#5774),#6043,.F.);
#6469=ADVANCED_FACE('',(#5775),#6044,.F.);
#6470=ADVANCED_FACE('',(#5776),#6045,.F.);
#6471=ADVANCED_FACE('',(#5777),#6046,.F.);
#6472=ADVANCED_FACE('',(#5778),#6047,.F.);
#6473=ADVANCED_FACE('',(#5779),#6048,.F.);
#6474=ADVANCED_FACE('',(#5780),#6049,.F.);
#6475=ADVANCED_FACE('',(#5781),#6050,.F.);
#6476=ADVANCED_FACE('',(#5782),#6051,.F.);
#6477=ADVANCED_FACE('',(#5783),#6052,.T.);
#6478=ADVANCED_FACE('',(#5784),#6053,.F.);
#6479=ADVANCED_FACE('',(#5785),#6054,.F.);
#6480=ADVANCED_FACE('',(#5786),#6055,.F.);
#6481=ADVANCED_FACE('',(#5787),#6056,.F.);
#6482=ADVANCED_FACE('',(#5788),#6057,.F.);
#6483=ADVANCED_FACE('',(#5789),#6058,.F.);
#6484=ADVANCED_FACE('',(#5790),#6059,.F.);
#6485=ADVANCED_FACE('',(#5791),#6060,.F.);
#6486=ADVANCED_FACE('',(#5792),#6061,.F.);
#6487=ADVANCED_FACE('',(#5793),#6062,.F.);
#6488=ADVANCED_FACE('',(#5794),#6063,.F.);
#6489=ADVANCED_FACE('',(#5795),#6064,.F.);
#6490=ADVANCED_FACE('',(#5796),#6065,.F.);
#6491=ADVANCED_FACE('',(#5797),#6066,.F.);
#6492=ADVANCED_FACE('',(#5798),#6067,.F.);
#6493=ADVANCED_FACE('',(#5799),#6068,.F.);
#6494=ADVANCED_FACE('',(#5800),#6069,.F.);
#6495=ADVANCED_FACE('',(#5801),#6070,.F.);
#6496=ADVANCED_FACE('',(#5802),#6071,.F.);
#6497=ADVANCED_FACE('',(#5803),#6072,.F.);
#6498=ADVANCED_FACE('',(#5804),#6073,.F.);
#6499=ADVANCED_FACE('',(#5805),#6074,.F.);
#6500=ADVANCED_FACE('',(#5806),#6075,.F.);
#6501=ADVANCED_FACE('',(#5807),#6076,.F.);
#6502=ADVANCED_FACE('',(#5808),#6077,.F.);
#6503=ADVANCED_FACE('',(#5809),#6078,.F.);
#6504=ADVANCED_FACE('',(#5810),#6079,.F.);
#6505=ADVANCED_FACE('',(#5811),#6080,.F.);
#6506=ADVANCED_FACE('',(#5812),#6081,.F.);
#6507=ADVANCED_FACE('',(#5813),#6082,.F.);
#6508=ADVANCED_FACE('',(#5814),#6083,.F.);
#6509=ADVANCED_FACE('',(#5815),#6084,.F.);
#6510=ADVANCED_FACE('',(#5816),#6085,.F.);
#6511=ADVANCED_FACE('',(#5817),#6086,.F.);
#6512=ADVANCED_FACE('',(#5818),#6087,.F.);
#6513=ADVANCED_FACE('',(#5819),#6088,.F.);
#6514=ADVANCED_FACE('',(#5820),#6089,.F.);
#6515=ADVANCED_FACE('',(#5821),#6090,.F.);
#6516=ADVANCED_FACE('',(#5822),#6091,.F.);
#6517=ADVANCED_FACE('',(#5823),#6092,.F.);
#6518=ADVANCED_FACE('',(#5824),#6093,.F.);
#6519=ADVANCED_FACE('',(#5825),#6094,.F.);
#6520=ADVANCED_FACE('',(#5826),#6095,.F.);
#6521=ADVANCED_FACE('',(#5827),#6096,.F.);
#6522=ADVANCED_FACE('',(#5828),#6097,.F.);
#6523=ADVANCED_FACE('',(#5829),#6098,.F.);
#6524=ADVANCED_FACE('',(#5830),#6099,.F.);
#6525=ADVANCED_FACE('',(#5831),#6100,.F.);
#6526=ADVANCED_FACE('',(#5832),#6101,.F.);
#6527=ADVANCED_FACE('',(#5833),#6102,.F.);
#6528=ADVANCED_FACE('',(#5834),#6103,.F.);
#6529=ADVANCED_FACE('',(#5835),#6104,.F.);
#6530=ADVANCED_FACE('',(#5836),#6105,.F.);
#6531=ADVANCED_FACE('',(#5837),#6106,.F.);
#6532=ADVANCED_FACE('',(#5838,#5839,#5840,#5841),#6107,.T.);
#6533=ADVANCED_FACE('',(#5842,#5843,#5844),#6108,.T.);
#6534=ADVANCED_FACE('',(#5845,#5846,#5847,#5848,#5849,#5850,#5851),#6109,
 .F.);
#6535=ADVANCED_FACE('',(#5852,#5853,#5854,#5855),#6110,.T.);
#6536=ADVANCED_FACE('',(#5856,#5857,#5858),#6111,.T.);
#6537=ADVANCED_FACE('',(#5859,#5860,#5861,#5862,#5863,#5864,#5865,#5866,
#5867,#5868,#5869,#5870,#5871,#5872,#5873),#6112,.F.);
#6538=ADVANCED_FACE('',(#5874,#5875),#16,.T.);
#6539=CLOSED_SHELL('',(#6191,#6192,#6193,#6194,#6195,#6196,#6197,#6198,
#6199,#6200,#6201,#6202,#6203,#6204,#6205,#6206,#6207,#6208,#6209,#6210,
#6211,#6212,#6213,#6214,#6215,#6216,#6217,#6218,#6219,#6220,#6221,#6222,
#6223,#6224,#6225,#6226,#6227,#6228,#6229,#6230,#6231,#6232,#6233,#6234,
#6235,#6236,#6237,#6238,#6239,#6240,#6241,#6242,#6243,#6244,#6245,#6246,
#6247,#6248,#6249,#6250,#6251,#6252,#6253,#6254,#6255,#6256,#6257,#6258,
#6259,#6260,#6261,#6262,#6263,#6264,#6265,#6266,#6267,#6268,#6269,#6270,
#6271,#6272,#6273,#6274,#6275,#6276,#6277,#6278,#6279,#6280,#6281,#6282,
#6283,#6284,#6285,#6286,#6287,#6288,#6289,#6290,#6291,#6292,#6293,#6294,
#6295,#6296,#6297,#6298,#6299,#6300,#6301,#6302,#6303,#6304,#6305,#6306,
#6307,#6308,#6309,#6310,#6311,#6312,#6313,#6314,#6315,#6316,#6317,#6318,
#6319,#6320,#6321,#6322,#6323,#6324,#6325,#6326,#6327,#6328,#6329,#6330,
#6331,#6332,#6333,#6334,#6335,#6336,#6337,#6338,#6339,#6340,#6341,#6342,
#6343,#6344,#6345,#6346,#6347,#6348,#6349,#6350,#6351,#6352,#6353,#6354,
#6355,#6356,#6357,#6358,#6359,#6360,#6361,#6362,#6363,#6364,#6365,#6366,
#6367,#6368,#6369,#6370,#6371,#6372,#6373,#6374,#6375,#6376,#6377,#6378,
#6379,#6380,#6381,#6382,#6383,#6384,#6385,#6386,#6387,#6388,#6389,#6390,
#6391,#6392,#6393,#6394,#6395,#6396,#6397,#6398,#6399,#6400,#6401,#6402,
#6403,#6404,#6405,#6406,#6407,#6408,#6409,#6410,#6411,#6412,#6413,#6414,
#6415,#6416,#6417,#6418,#6419,#6420,#6421,#6422,#6423,#6424,#6425,#6426,
#6427,#6428,#6429,#6430,#6431,#6432,#6433,#6434,#6435,#6436,#6437,#6438,
#6439,#6440,#6441,#6442,#6443,#6444,#6445,#6446,#6447,#6448,#6449,#6450,
#6451,#6452,#6453,#6454,#6455,#6456,#6457,#6458,#6459,#6460,#6461,#6462,
#6463,#6464,#6465,#6466,#6467,#6468,#6469,#6470,#6471,#6472,#6473,#6474,
#6475,#6476,#6477,#6478,#6479,#6480,#6481,#6482,#6483,#6484,#6485,#6486,
#6487,#6488,#6489,#6490,#6491,#6492,#6493,#6494,#6495,#6496,#6497,#6498,
#6499,#6500,#6501,#6502,#6503,#6504,#6505,#6506,#6507,#6508,#6509,#6510,
#6511,#6512,#6513,#6514,#6515,#6516,#6517,#6518,#6519,#6520,#6521,#6522,
#6523,#6524,#6525,#6526,#6527,#6528,#6529,#6530,#6531,#6532,#6533,#6534,
#6535,#6536,#6537,#6538));
#6540=STYLED_ITEM('',(#6541),#7005);
#6541=PRESENTATION_STYLE_ASSIGNMENT((#6618));
#6542=PRESENTATION_STYLE_ASSIGNMENT((#6619));
#6543=PRESENTATION_STYLE_ASSIGNMENT((#6620));
#6544=PRESENTATION_STYLE_ASSIGNMENT((#6621));
#6545=PRESENTATION_STYLE_ASSIGNMENT((#6622));
#6546=PRESENTATION_STYLE_ASSIGNMENT((#6623));
#6547=PRESENTATION_STYLE_ASSIGNMENT((#6624));
#6548=PRESENTATION_STYLE_ASSIGNMENT((#6625));
#6549=PRESENTATION_STYLE_ASSIGNMENT((#6626));
#6550=PRESENTATION_STYLE_ASSIGNMENT((#6627));
#6551=PRESENTATION_STYLE_ASSIGNMENT((#6628));
#6552=PRESENTATION_STYLE_ASSIGNMENT((#6629));
#6553=PRESENTATION_STYLE_ASSIGNMENT((#6630));
#6554=PRESENTATION_STYLE_ASSIGNMENT((#6631));
#6555=PRESENTATION_STYLE_ASSIGNMENT((#6632));
#6556=PRESENTATION_STYLE_ASSIGNMENT((#6633));
#6557=PRESENTATION_STYLE_ASSIGNMENT((#6634));
#6558=PRESENTATION_STYLE_ASSIGNMENT((#6635));
#6559=PRESENTATION_STYLE_ASSIGNMENT((#6636));
#6560=PRESENTATION_STYLE_ASSIGNMENT((#6637));
#6561=PRESENTATION_STYLE_ASSIGNMENT((#6638));
#6562=PRESENTATION_STYLE_ASSIGNMENT((#6639));
#6563=PRESENTATION_STYLE_ASSIGNMENT((#6640));
#6564=PRESENTATION_STYLE_ASSIGNMENT((#6641));
#6565=PRESENTATION_STYLE_ASSIGNMENT((#6642));
#6566=PRESENTATION_STYLE_ASSIGNMENT((#6643));
#6567=PRESENTATION_STYLE_ASSIGNMENT((#6644));
#6568=PRESENTATION_STYLE_ASSIGNMENT((#6645));
#6569=PRESENTATION_STYLE_ASSIGNMENT((#6646));
#6570=PRESENTATION_STYLE_ASSIGNMENT((#6647));
#6571=PRESENTATION_STYLE_ASSIGNMENT((#6648));
#6572=PRESENTATION_STYLE_ASSIGNMENT((#6649));
#6573=PRESENTATION_STYLE_ASSIGNMENT((#6650));
#6574=PRESENTATION_STYLE_ASSIGNMENT((#6651));
#6575=PRESENTATION_STYLE_ASSIGNMENT((#6652));
#6576=PRESENTATION_STYLE_ASSIGNMENT((#6653));
#6577=PRESENTATION_STYLE_ASSIGNMENT((#6654));
#6578=PRESENTATION_STYLE_ASSIGNMENT((#6655));
#6579=PRESENTATION_STYLE_ASSIGNMENT((#6656));
#6580=PRESENTATION_STYLE_ASSIGNMENT((#6657));
#6581=PRESENTATION_STYLE_ASSIGNMENT((#6658));
#6582=PRESENTATION_STYLE_ASSIGNMENT((#6659));
#6583=PRESENTATION_STYLE_ASSIGNMENT((#6660));
#6584=PRESENTATION_STYLE_ASSIGNMENT((#6661));
#6585=PRESENTATION_STYLE_ASSIGNMENT((#6662));
#6586=PRESENTATION_STYLE_ASSIGNMENT((#6663));
#6587=PRESENTATION_STYLE_ASSIGNMENT((#6664));
#6588=PRESENTATION_STYLE_ASSIGNMENT((#6665));
#6589=PRESENTATION_STYLE_ASSIGNMENT((#6666));
#6590=PRESENTATION_STYLE_ASSIGNMENT((#6667));
#6591=PRESENTATION_STYLE_ASSIGNMENT((#6668));
#6592=PRESENTATION_STYLE_ASSIGNMENT((#6669));
#6593=PRESENTATION_STYLE_ASSIGNMENT((#6670));
#6594=PRESENTATION_STYLE_ASSIGNMENT((#6671));
#6595=PRESENTATION_STYLE_ASSIGNMENT((#6672));
#6596=PRESENTATION_STYLE_ASSIGNMENT((#6673));
#6597=PRESENTATION_STYLE_ASSIGNMENT((#6674));
#6598=PRESENTATION_STYLE_ASSIGNMENT((#6675));
#6599=PRESENTATION_STYLE_ASSIGNMENT((#6676));
#6600=PRESENTATION_STYLE_ASSIGNMENT((#6677));
#6601=PRESENTATION_STYLE_ASSIGNMENT((#6678));
#6602=PRESENTATION_STYLE_ASSIGNMENT((#6679));
#6603=PRESENTATION_STYLE_ASSIGNMENT((#6680));
#6604=PRESENTATION_STYLE_ASSIGNMENT((#6681));
#6605=PRESENTATION_STYLE_ASSIGNMENT((#6682));
#6606=PRESENTATION_STYLE_ASSIGNMENT((#6683));
#6607=PRESENTATION_STYLE_ASSIGNMENT((#6684));
#6608=PRESENTATION_STYLE_ASSIGNMENT((#6685));
#6609=PRESENTATION_STYLE_ASSIGNMENT((#6686));
#6610=PRESENTATION_STYLE_ASSIGNMENT((#6687));
#6611=PRESENTATION_STYLE_ASSIGNMENT((#6688));
#6612=PRESENTATION_STYLE_ASSIGNMENT((#6689));
#6613=PRESENTATION_STYLE_ASSIGNMENT((#6690));
#6614=PRESENTATION_STYLE_ASSIGNMENT((#6691));
#6615=PRESENTATION_STYLE_ASSIGNMENT((#6692));
#6616=PRESENTATION_STYLE_ASSIGNMENT((#6693));
#6617=PRESENTATION_STYLE_ASSIGNMENT((#6694));
#6618=SURFACE_STYLE_USAGE(.BOTH.,#6695);
#6619=SURFACE_STYLE_USAGE(.BOTH.,#6696);
#6620=SURFACE_STYLE_USAGE(.BOTH.,#6697);
#6621=SURFACE_STYLE_USAGE(.BOTH.,#6698);
#6622=SURFACE_STYLE_USAGE(.BOTH.,#6699);
#6623=SURFACE_STYLE_USAGE(.BOTH.,#6700);
#6624=SURFACE_STYLE_USAGE(.BOTH.,#6701);
#6625=SURFACE_STYLE_USAGE(.BOTH.,#6702);
#6626=SURFACE_STYLE_USAGE(.BOTH.,#6703);
#6627=SURFACE_STYLE_USAGE(.BOTH.,#6704);
#6628=SURFACE_STYLE_USAGE(.BOTH.,#6705);
#6629=SURFACE_STYLE_USAGE(.BOTH.,#6706);
#6630=SURFACE_STYLE_USAGE(.BOTH.,#6707);
#6631=SURFACE_STYLE_USAGE(.BOTH.,#6708);
#6632=SURFACE_STYLE_USAGE(.BOTH.,#6709);
#6633=SURFACE_STYLE_USAGE(.BOTH.,#6710);
#6634=SURFACE_STYLE_USAGE(.BOTH.,#6711);
#6635=SURFACE_STYLE_USAGE(.BOTH.,#6712);
#6636=SURFACE_STYLE_USAGE(.BOTH.,#6713);
#6637=SURFACE_STYLE_USAGE(.BOTH.,#6714);
#6638=SURFACE_STYLE_USAGE(.BOTH.,#6715);
#6639=SURFACE_STYLE_USAGE(.BOTH.,#6716);
#6640=SURFACE_STYLE_USAGE(.BOTH.,#6717);
#6641=SURFACE_STYLE_USAGE(.BOTH.,#6718);
#6642=SURFACE_STYLE_USAGE(.BOTH.,#6719);
#6643=SURFACE_STYLE_USAGE(.BOTH.,#6720);
#6644=SURFACE_STYLE_USAGE(.BOTH.,#6721);
#6645=SURFACE_STYLE_USAGE(.BOTH.,#6722);
#6646=SURFACE_STYLE_USAGE(.BOTH.,#6723);
#6647=SURFACE_STYLE_USAGE(.BOTH.,#6724);
#6648=SURFACE_STYLE_USAGE(.BOTH.,#6725);
#6649=SURFACE_STYLE_USAGE(.BOTH.,#6726);
#6650=SURFACE_STYLE_USAGE(.BOTH.,#6727);
#6651=SURFACE_STYLE_USAGE(.BOTH.,#6728);
#6652=SURFACE_STYLE_USAGE(.BOTH.,#6729);
#6653=SURFACE_STYLE_USAGE(.BOTH.,#6730);
#6654=SURFACE_STYLE_USAGE(.BOTH.,#6731);
#6655=SURFACE_STYLE_USAGE(.BOTH.,#6732);
#6656=SURFACE_STYLE_USAGE(.BOTH.,#6733);
#6657=SURFACE_STYLE_USAGE(.BOTH.,#6734);
#6658=SURFACE_STYLE_USAGE(.BOTH.,#6735);
#6659=SURFACE_STYLE_USAGE(.BOTH.,#6736);
#6660=SURFACE_STYLE_USAGE(.BOTH.,#6737);
#6661=SURFACE_STYLE_USAGE(.BOTH.,#6738);
#6662=SURFACE_STYLE_USAGE(.BOTH.,#6739);
#6663=SURFACE_STYLE_USAGE(.BOTH.,#6740);
#6664=SURFACE_STYLE_USAGE(.BOTH.,#6741);
#6665=SURFACE_STYLE_USAGE(.BOTH.,#6742);
#6666=SURFACE_STYLE_USAGE(.BOTH.,#6743);
#6667=SURFACE_STYLE_USAGE(.BOTH.,#6744);
#6668=SURFACE_STYLE_USAGE(.BOTH.,#6745);
#6669=SURFACE_STYLE_USAGE(.BOTH.,#6746);
#6670=SURFACE_STYLE_USAGE(.BOTH.,#6747);
#6671=SURFACE_STYLE_USAGE(.BOTH.,#6748);
#6672=SURFACE_STYLE_USAGE(.BOTH.,#6749);
#6673=SURFACE_STYLE_USAGE(.BOTH.,#6750);
#6674=SURFACE_STYLE_USAGE(.BOTH.,#6751);
#6675=SURFACE_STYLE_USAGE(.BOTH.,#6752);
#6676=SURFACE_STYLE_USAGE(.BOTH.,#6753);
#6677=SURFACE_STYLE_USAGE(.BOTH.,#6754);
#6678=SURFACE_STYLE_USAGE(.BOTH.,#6755);
#6679=SURFACE_STYLE_USAGE(.BOTH.,#6756);
#6680=SURFACE_STYLE_USAGE(.BOTH.,#6757);
#6681=SURFACE_STYLE_USAGE(.BOTH.,#6758);
#6682=SURFACE_STYLE_USAGE(.BOTH.,#6759);
#6683=SURFACE_STYLE_USAGE(.BOTH.,#6760);
#6684=SURFACE_STYLE_USAGE(.BOTH.,#6761);
#6685=SURFACE_STYLE_USAGE(.BOTH.,#6762);
#6686=SURFACE_STYLE_USAGE(.BOTH.,#6763);
#6687=SURFACE_STYLE_USAGE(.BOTH.,#6764);
#6688=SURFACE_STYLE_USAGE(.BOTH.,#6765);
#6689=SURFACE_STYLE_USAGE(.BOTH.,#6766);
#6690=SURFACE_STYLE_USAGE(.BOTH.,#6767);
#6691=SURFACE_STYLE_USAGE(.BOTH.,#6768);
#6692=SURFACE_STYLE_USAGE(.BOTH.,#6769);
#6693=SURFACE_STYLE_USAGE(.BOTH.,#6770);
#6694=SURFACE_STYLE_USAGE(.BOTH.,#6771);
#6695=SURFACE_SIDE_STYLE('',(#6772));
#6696=SURFACE_SIDE_STYLE('',(#6773));
#6697=SURFACE_SIDE_STYLE('',(#6774));
#6698=SURFACE_SIDE_STYLE('',(#6775));
#6699=SURFACE_SIDE_STYLE('',(#6776));
#6700=SURFACE_SIDE_STYLE('',(#6777));
#6701=SURFACE_SIDE_STYLE('',(#6778));
#6702=SURFACE_SIDE_STYLE('',(#6779));
#6703=SURFACE_SIDE_STYLE('',(#6780));
#6704=SURFACE_SIDE_STYLE('',(#6781));
#6705=SURFACE_SIDE_STYLE('',(#6782));
#6706=SURFACE_SIDE_STYLE('',(#6783));
#6707=SURFACE_SIDE_STYLE('',(#6784));
#6708=SURFACE_SIDE_STYLE('',(#6785));
#6709=SURFACE_SIDE_STYLE('',(#6786));
#6710=SURFACE_SIDE_STYLE('',(#6787));
#6711=SURFACE_SIDE_STYLE('',(#6788));
#6712=SURFACE_SIDE_STYLE('',(#6789));
#6713=SURFACE_SIDE_STYLE('',(#6790));
#6714=SURFACE_SIDE_STYLE('',(#6791));
#6715=SURFACE_SIDE_STYLE('',(#6792));
#6716=SURFACE_SIDE_STYLE('',(#6793));
#6717=SURFACE_SIDE_STYLE('',(#6794));
#6718=SURFACE_SIDE_STYLE('',(#6795));
#6719=SURFACE_SIDE_STYLE('',(#6796));
#6720=SURFACE_SIDE_STYLE('',(#6797));
#6721=SURFACE_SIDE_STYLE('',(#6798));
#6722=SURFACE_SIDE_STYLE('',(#6799));
#6723=SURFACE_SIDE_STYLE('',(#6800));
#6724=SURFACE_SIDE_STYLE('',(#6801));
#6725=SURFACE_SIDE_STYLE('',(#6802));
#6726=SURFACE_SIDE_STYLE('',(#6803));
#6727=SURFACE_SIDE_STYLE('',(#6804));
#6728=SURFACE_SIDE_STYLE('',(#6805));
#6729=SURFACE_SIDE_STYLE('',(#6806));
#6730=SURFACE_SIDE_STYLE('',(#6807));
#6731=SURFACE_SIDE_STYLE('',(#6808));
#6732=SURFACE_SIDE_STYLE('',(#6809));
#6733=SURFACE_SIDE_STYLE('',(#6810));
#6734=SURFACE_SIDE_STYLE('',(#6811));
#6735=SURFACE_SIDE_STYLE('',(#6812));
#6736=SURFACE_SIDE_STYLE('',(#6813));
#6737=SURFACE_SIDE_STYLE('',(#6814));
#6738=SURFACE_SIDE_STYLE('',(#6815));
#6739=SURFACE_SIDE_STYLE('',(#6816));
#6740=SURFACE_SIDE_STYLE('',(#6817));
#6741=SURFACE_SIDE_STYLE('',(#6818));
#6742=SURFACE_SIDE_STYLE('',(#6819));
#6743=SURFACE_SIDE_STYLE('',(#6820));
#6744=SURFACE_SIDE_STYLE('',(#6821));
#6745=SURFACE_SIDE_STYLE('',(#6822));
#6746=SURFACE_SIDE_STYLE('',(#6823));
#6747=SURFACE_SIDE_STYLE('',(#6824));
#6748=SURFACE_SIDE_STYLE('',(#6825));
#6749=SURFACE_SIDE_STYLE('',(#6826));
#6750=SURFACE_SIDE_STYLE('',(#6827));
#6751=SURFACE_SIDE_STYLE('',(#6828));
#6752=SURFACE_SIDE_STYLE('',(#6829));
#6753=SURFACE_SIDE_STYLE('',(#6830));
#6754=SURFACE_SIDE_STYLE('',(#6831));
#6755=SURFACE_SIDE_STYLE('',(#6832));
#6756=SURFACE_SIDE_STYLE('',(#6833));
#6757=SURFACE_SIDE_STYLE('',(#6834));
#6758=SURFACE_SIDE_STYLE('',(#6835));
#6759=SURFACE_SIDE_STYLE('',(#6836));
#6760=SURFACE_SIDE_STYLE('',(#6837));
#6761=SURFACE_SIDE_STYLE('',(#6838));
#6762=SURFACE_SIDE_STYLE('',(#6839));
#6763=SURFACE_SIDE_STYLE('',(#6840));
#6764=SURFACE_SIDE_STYLE('',(#6841));
#6765=SURFACE_SIDE_STYLE('',(#6842));
#6766=SURFACE_SIDE_STYLE('',(#6843));
#6767=SURFACE_SIDE_STYLE('',(#6844));
#6768=SURFACE_SIDE_STYLE('',(#6845));
#6769=SURFACE_SIDE_STYLE('',(#6846));
#6770=SURFACE_SIDE_STYLE('',(#6847));
#6771=SURFACE_SIDE_STYLE('',(#6848));
#6772=SURFACE_STYLE_FILL_AREA(#6849);
#6773=SURFACE_STYLE_FILL_AREA(#6850);
#6774=SURFACE_STYLE_FILL_AREA(#6851);
#6775=SURFACE_STYLE_FILL_AREA(#6852);
#6776=SURFACE_STYLE_FILL_AREA(#6853);
#6777=SURFACE_STYLE_FILL_AREA(#6854);
#6778=SURFACE_STYLE_FILL_AREA(#6855);
#6779=SURFACE_STYLE_FILL_AREA(#6856);
#6780=SURFACE_STYLE_FILL_AREA(#6857);
#6781=SURFACE_STYLE_FILL_AREA(#6858);
#6782=SURFACE_STYLE_FILL_AREA(#6859);
#6783=SURFACE_STYLE_FILL_AREA(#6860);
#6784=SURFACE_STYLE_FILL_AREA(#6861);
#6785=SURFACE_STYLE_FILL_AREA(#6862);
#6786=SURFACE_STYLE_FILL_AREA(#6863);
#6787=SURFACE_STYLE_FILL_AREA(#6864);
#6788=SURFACE_STYLE_FILL_AREA(#6865);
#6789=SURFACE_STYLE_FILL_AREA(#6866);
#6790=SURFACE_STYLE_FILL_AREA(#6867);
#6791=SURFACE_STYLE_FILL_AREA(#6868);
#6792=SURFACE_STYLE_FILL_AREA(#6869);
#6793=SURFACE_STYLE_FILL_AREA(#6870);
#6794=SURFACE_STYLE_FILL_AREA(#6871);
#6795=SURFACE_STYLE_FILL_AREA(#6872);
#6796=SURFACE_STYLE_FILL_AREA(#6873);
#6797=SURFACE_STYLE_FILL_AREA(#6874);
#6798=SURFACE_STYLE_FILL_AREA(#6875);
#6799=SURFACE_STYLE_FILL_AREA(#6876);
#6800=SURFACE_STYLE_FILL_AREA(#6877);
#6801=SURFACE_STYLE_FILL_AREA(#6878);
#6802=SURFACE_STYLE_FILL_AREA(#6879);
#6803=SURFACE_STYLE_FILL_AREA(#6880);
#6804=SURFACE_STYLE_FILL_AREA(#6881);
#6805=SURFACE_STYLE_FILL_AREA(#6882);
#6806=SURFACE_STYLE_FILL_AREA(#6883);
#6807=SURFACE_STYLE_FILL_AREA(#6884);
#6808=SURFACE_STYLE_FILL_AREA(#6885);
#6809=SURFACE_STYLE_FILL_AREA(#6886);
#6810=SURFACE_STYLE_FILL_AREA(#6887);
#6811=SURFACE_STYLE_FILL_AREA(#6888);
#6812=SURFACE_STYLE_FILL_AREA(#6889);
#6813=SURFACE_STYLE_FILL_AREA(#6890);
#6814=SURFACE_STYLE_FILL_AREA(#6891);
#6815=SURFACE_STYLE_FILL_AREA(#6892);
#6816=SURFACE_STYLE_FILL_AREA(#6893);
#6817=SURFACE_STYLE_FILL_AREA(#6894);
#6818=SURFACE_STYLE_FILL_AREA(#6895);
#6819=SURFACE_STYLE_FILL_AREA(#6896);
#6820=SURFACE_STYLE_FILL_AREA(#6897);
#6821=SURFACE_STYLE_FILL_AREA(#6898);
#6822=SURFACE_STYLE_FILL_AREA(#6899);
#6823=SURFACE_STYLE_FILL_AREA(#6900);
#6824=SURFACE_STYLE_FILL_AREA(#6901);
#6825=SURFACE_STYLE_FILL_AREA(#6902);
#6826=SURFACE_STYLE_FILL_AREA(#6903);
#6827=SURFACE_STYLE_FILL_AREA(#6904);
#6828=SURFACE_STYLE_FILL_AREA(#6905);
#6829=SURFACE_STYLE_FILL_AREA(#6906);
#6830=SURFACE_STYLE_FILL_AREA(#6907);
#6831=SURFACE_STYLE_FILL_AREA(#6908);
#6832=SURFACE_STYLE_FILL_AREA(#6909);
#6833=SURFACE_STYLE_FILL_AREA(#6910);
#6834=SURFACE_STYLE_FILL_AREA(#6911);
#6835=SURFACE_STYLE_FILL_AREA(#6912);
#6836=SURFACE_STYLE_FILL_AREA(#6913);
#6837=SURFACE_STYLE_FILL_AREA(#6914);
#6838=SURFACE_STYLE_FILL_AREA(#6915);
#6839=SURFACE_STYLE_FILL_AREA(#6916);
#6840=SURFACE_STYLE_FILL_AREA(#6917);
#6841=SURFACE_STYLE_FILL_AREA(#6918);
#6842=SURFACE_STYLE_FILL_AREA(#6919);
#6843=SURFACE_STYLE_FILL_AREA(#6920);
#6844=SURFACE_STYLE_FILL_AREA(#6921);
#6845=SURFACE_STYLE_FILL_AREA(#6922);
#6846=SURFACE_STYLE_FILL_AREA(#6923);
#6847=SURFACE_STYLE_FILL_AREA(#6924);
#6848=SURFACE_STYLE_FILL_AREA(#6925);
#6849=FILL_AREA_STYLE('',(#6926));
#6850=FILL_AREA_STYLE('',(#6927));
#6851=FILL_AREA_STYLE('',(#6928));
#6852=FILL_AREA_STYLE('',(#6929));
#6853=FILL_AREA_STYLE('',(#6930));
#6854=FILL_AREA_STYLE('',(#6931));
#6855=FILL_AREA_STYLE('',(#6932));
#6856=FILL_AREA_STYLE('',(#6933));
#6857=FILL_AREA_STYLE('',(#6934));
#6858=FILL_AREA_STYLE('',(#6935));
#6859=FILL_AREA_STYLE('',(#6936));
#6860=FILL_AREA_STYLE('',(#6937));
#6861=FILL_AREA_STYLE('',(#6938));
#6862=FILL_AREA_STYLE('',(#6939));
#6863=FILL_AREA_STYLE('',(#6940));
#6864=FILL_AREA_STYLE('',(#6941));
#6865=FILL_AREA_STYLE('',(#6942));
#6866=FILL_AREA_STYLE('',(#6943));
#6867=FILL_AREA_STYLE('',(#6944));
#6868=FILL_AREA_STYLE('',(#6945));
#6869=FILL_AREA_STYLE('',(#6946));
#6870=FILL_AREA_STYLE('',(#6947));
#6871=FILL_AREA_STYLE('',(#6948));
#6872=FILL_AREA_STYLE('',(#6949));
#6873=FILL_AREA_STYLE('',(#6950));
#6874=FILL_AREA_STYLE('',(#6951));
#6875=FILL_AREA_STYLE('',(#6952));
#6876=FILL_AREA_STYLE('',(#6953));
#6877=FILL_AREA_STYLE('',(#6954));
#6878=FILL_AREA_STYLE('',(#6955));
#6879=FILL_AREA_STYLE('',(#6956));
#6880=FILL_AREA_STYLE('',(#6957));
#6881=FILL_AREA_STYLE('',(#6958));
#6882=FILL_AREA_STYLE('',(#6959));
#6883=FILL_AREA_STYLE('',(#6960));
#6884=FILL_AREA_STYLE('',(#6961));
#6885=FILL_AREA_STYLE('',(#6962));
#6886=FILL_AREA_STYLE('',(#6963));
#6887=FILL_AREA_STYLE('',(#6964));
#6888=FILL_AREA_STYLE('',(#6965));
#6889=FILL_AREA_STYLE('',(#6966));
#6890=FILL_AREA_STYLE('',(#6967));
#6891=FILL_AREA_STYLE('',(#6968));
#6892=FILL_AREA_STYLE('',(#6969));
#6893=FILL_AREA_STYLE('',(#6970));
#6894=FILL_AREA_STYLE('',(#6971));
#6895=FILL_AREA_STYLE('',(#6972));
#6896=FILL_AREA_STYLE('',(#6973));
#6897=FILL_AREA_STYLE('',(#6974));
#6898=FILL_AREA_STYLE('',(#6975));
#6899=FILL_AREA_STYLE('',(#6976));
#6900=FILL_AREA_STYLE('',(#6977));
#6901=FILL_AREA_STYLE('',(#6978));
#6902=FILL_AREA_STYLE('',(#6979));
#6903=FILL_AREA_STYLE('',(#6980));
#6904=FILL_AREA_STYLE('',(#6981));
#6905=FILL_AREA_STYLE('',(#6982));
#6906=FILL_AREA_STYLE('',(#6983));
#6907=FILL_AREA_STYLE('',(#6984));
#6908=FILL_AREA_STYLE('',(#6985));
#6909=FILL_AREA_STYLE('',(#6986));
#6910=FILL_AREA_STYLE('',(#6987));
#6911=FILL_AREA_STYLE('',(#6988));
#6912=FILL_AREA_STYLE('',(#6989));
#6913=FILL_AREA_STYLE('',(#6990));
#6914=FILL_AREA_STYLE('',(#6991));
#6915=FILL_AREA_STYLE('',(#6992));
#6916=FILL_AREA_STYLE('',(#6993));
#6917=FILL_AREA_STYLE('',(#6994));
#6918=FILL_AREA_STYLE('',(#6995));
#6919=FILL_AREA_STYLE('',(#6996));
#6920=FILL_AREA_STYLE('',(#6997));
#6921=FILL_AREA_STYLE('',(#6998));
#6922=FILL_AREA_STYLE('',(#6999));
#6923=FILL_AREA_STYLE('',(#7000));
#6924=FILL_AREA_STYLE('',(#7001));
#6925=FILL_AREA_STYLE('',(#7002));
#6926=FILL_AREA_STYLE_COLOUR('',#7003);
#6927=FILL_AREA_STYLE_COLOUR('',#6189);
#6928=FILL_AREA_STYLE_COLOUR('',#6189);
#6929=FILL_AREA_STYLE_COLOUR('',#6189);
#6930=FILL_AREA_STYLE_COLOUR('',#6189);
#6931=FILL_AREA_STYLE_COLOUR('',#6189);
#6932=FILL_AREA_STYLE_COLOUR('',#6189);
#6933=FILL_AREA_STYLE_COLOUR('',#6189);
#6934=FILL_AREA_STYLE_COLOUR('',#6189);
#6935=FILL_AREA_STYLE_COLOUR('',#6189);
#6936=FILL_AREA_STYLE_COLOUR('',#6189);
#6937=FILL_AREA_STYLE_COLOUR('',#6189);
#6938=FILL_AREA_STYLE_COLOUR('',#6189);
#6939=FILL_AREA_STYLE_COLOUR('',#6189);
#6940=FILL_AREA_STYLE_COLOUR('',#6189);
#6941=FILL_AREA_STYLE_COLOUR('',#6189);
#6942=FILL_AREA_STYLE_COLOUR('',#6189);
#6943=FILL_AREA_STYLE_COLOUR('',#6189);
#6944=FILL_AREA_STYLE_COLOUR('',#6189);
#6945=FILL_AREA_STYLE_COLOUR('',#7004);
#6946=FILL_AREA_STYLE_COLOUR('',#7004);
#6947=FILL_AREA_STYLE_COLOUR('',#7004);
#6948=FILL_AREA_STYLE_COLOUR('',#7004);
#6949=FILL_AREA_STYLE_COLOUR('',#7004);
#6950=FILL_AREA_STYLE_COLOUR('',#7004);
#6951=FILL_AREA_STYLE_COLOUR('',#7004);
#6952=FILL_AREA_STYLE_COLOUR('',#7004);
#6953=FILL_AREA_STYLE_COLOUR('',#7004);
#6954=FILL_AREA_STYLE_COLOUR('',#7004);
#6955=FILL_AREA_STYLE_COLOUR('',#7004);
#6956=FILL_AREA_STYLE_COLOUR('',#7004);
#6957=FILL_AREA_STYLE_COLOUR('',#7004);
#6958=FILL_AREA_STYLE_COLOUR('',#7004);
#6959=FILL_AREA_STYLE_COLOUR('',#7004);
#6960=FILL_AREA_STYLE_COLOUR('',#7004);
#6961=FILL_AREA_STYLE_COLOUR('',#7004);
#6962=FILL_AREA_STYLE_COLOUR('',#7004);
#6963=FILL_AREA_STYLE_COLOUR('',#7004);
#6964=FILL_AREA_STYLE_COLOUR('',#7004);
#6965=FILL_AREA_STYLE_COLOUR('',#7004);
#6966=FILL_AREA_STYLE_COLOUR('',#7004);
#6967=FILL_AREA_STYLE_COLOUR('',#7004);
#6968=FILL_AREA_STYLE_COLOUR('',#7004);
#6969=FILL_AREA_STYLE_COLOUR('',#7004);
#6970=FILL_AREA_STYLE_COLOUR('',#7004);
#6971=FILL_AREA_STYLE_COLOUR('',#7004);
#6972=FILL_AREA_STYLE_COLOUR('',#7004);
#6973=FILL_AREA_STYLE_COLOUR('',#7004);
#6974=FILL_AREA_STYLE_COLOUR('',#7004);
#6975=FILL_AREA_STYLE_COLOUR('',#7004);
#6976=FILL_AREA_STYLE_COLOUR('',#7004);
#6977=FILL_AREA_STYLE_COLOUR('',#7004);
#6978=FILL_AREA_STYLE_COLOUR('',#7004);
#6979=FILL_AREA_STYLE_COLOUR('',#7004);
#6980=FILL_AREA_STYLE_COLOUR('',#7004);
#6981=FILL_AREA_STYLE_COLOUR('',#7004);
#6982=FILL_AREA_STYLE_COLOUR('',#7004);
#6983=FILL_AREA_STYLE_COLOUR('',#7004);
#6984=FILL_AREA_STYLE_COLOUR('',#7004);
#6985=FILL_AREA_STYLE_COLOUR('',#7004);
#6986=FILL_AREA_STYLE_COLOUR('',#7004);
#6987=FILL_AREA_STYLE_COLOUR('',#7004);
#6988=FILL_AREA_STYLE_COLOUR('',#7004);
#6989=FILL_AREA_STYLE_COLOUR('',#7004);
#6990=FILL_AREA_STYLE_COLOUR('',#7004);
#6991=FILL_AREA_STYLE_COLOUR('',#7004);
#6992=FILL_AREA_STYLE_COLOUR('',#7004);
#6993=FILL_AREA_STYLE_COLOUR('',#7004);
#6994=FILL_AREA_STYLE_COLOUR('',#7004);
#6995=FILL_AREA_STYLE_COLOUR('',#6190);
#6996=FILL_AREA_STYLE_COLOUR('',#6189);
#6997=FILL_AREA_STYLE_COLOUR('',#6189);
#6998=FILL_AREA_STYLE_COLOUR('',#6189);
#6999=FILL_AREA_STYLE_COLOUR('',#6189);
#7000=FILL_AREA_STYLE_COLOUR('',#6189);
#7001=FILL_AREA_STYLE_COLOUR('',#6189);
#7002=FILL_AREA_STYLE_COLOUR('',#6189);
#7003=DRAUGHTING_PRE_DEFINED_COLOUR('white');
#7004=DRAUGHTING_PRE_DEFINED_COLOUR('yellow');
#7005=MANIFOLD_SOLID_BREP(
'DFN-6_L1.1-W0.7-P0.40-BL~DFN-6_L1.1-W0.7-H0.5-P0.40-BL~Votm',#6539);
#7006=SHAPE_DEFINITION_REPRESENTATION(#11678,#7008);
#7007=SHAPE_DEFINITION_REPRESENTATION(#11679,#7009);
#7008=SHAPE_REPRESENTATION(
'R1~DFN-6_L1.1-W0.7-P0.40-BL~DFN-6_L1.1-W0.7-H0.5-P0.40-BL~Votm',(#7010,
#7322),#11671);
#7009=SHAPE_REPRESENTATION(
'DFN-6_L1.1-W0.7-P0.40-BL~DFN-6_L1.1-W0.7-H0.5-P0.40-BL~Votm',(#7010),#11672);
#7010=AXIS2_PLACEMENT_3D('',#8652,#7323,#7324);
#7011=AXIS2_PLACEMENT_3D('',#8653,#7325,#7326);
#7012=AXIS2_PLACEMENT_3D('',#8654,#7327,#7328);
#7013=AXIS2_PLACEMENT_3D('',#8657,#7329,#7330);
#7014=AXIS2_PLACEMENT_3D('',#8672,#7332,#7333);
#7015=AXIS2_PLACEMENT_3D('',#8689,#7335,#7336);
#7016=AXIS2_PLACEMENT_3D('',#8698,#7337,#7338);
#7017=AXIS2_PLACEMENT_3D('',#8703,#7340,#7341);
#7018=AXIS2_PLACEMENT_3D('',#8725,#7344,#7345);
#7019=AXIS2_PLACEMENT_3D('',#8750,#7350,#7351);
#7020=AXIS2_PLACEMENT_3D('',#8751,#7352,#7353);
#7021=AXIS2_PLACEMENT_3D('',#8753,#7354,#7355);
#7022=AXIS2_PLACEMENT_3D('',#8775,#7358,#7359);
#7023=AXIS2_PLACEMENT_3D('',#8800,#7364,#7365);
#7024=AXIS2_PLACEMENT_3D('',#8801,#7366,#7367);
#7025=AXIS2_PLACEMENT_3D('',#8803,#7368,#7369);
#7026=AXIS2_PLACEMENT_3D('',#8806,#7371,#7372);
#7027=AXIS2_PLACEMENT_3D('',#8945,#7383,#7384);
#7028=AXIS2_PLACEMENT_3D('',#8951,#7388,#7389);
#7029=AXIS2_PLACEMENT_3D('',#8957,#7393,#7394);
#7030=AXIS2_PLACEMENT_3D('',#8963,#7398,#7399);
#7031=AXIS2_PLACEMENT_3D('',#9015,#7405,#7406);
#7032=AXIS2_PLACEMENT_3D('',#9017,#7407,#7408);
#7033=AXIS2_PLACEMENT_3D('',#9028,#7410,#7411);
#7034=AXIS2_PLACEMENT_3D('',#9030,#7412,#7413);
#7035=AXIS2_PLACEMENT_3D('',#9041,#7415,#7416);
#7036=AXIS2_PLACEMENT_3D('',#9043,#7417,#7418);
#7037=AXIS2_PLACEMENT_3D('',#9176,#7426,#7427);
#7038=AXIS2_PLACEMENT_3D('',#9177,#7428,#7429);
#7039=AXIS2_PLACEMENT_3D('',#9183,#7432,#7433);
#7040=AXIS2_PLACEMENT_3D('',#9187,#7435,#7436);
#7041=AXIS2_PLACEMENT_3D('',#9190,#7438,#7439);
#7042=AXIS2_PLACEMENT_3D('',#9206,#7444,#7445);
#7043=AXIS2_PLACEMENT_3D('',#9207,#7446,#7447);
#7044=AXIS2_PLACEMENT_3D('',#9221,#7451,#7452);
#7045=AXIS2_PLACEMENT_3D('',#9222,#7453,#7454);
#7046=AXIS2_PLACEMENT_3D('',#9226,#7457,#7458);
#7047=AXIS2_PLACEMENT_3D('',#9228,#7460,#7461);
#7048=AXIS2_PLACEMENT_3D('',#9237,#7466,#7467);
#7049=AXIS2_PLACEMENT_3D('',#9243,#7471,#7472);
#7050=AXIS2_PLACEMENT_3D('',#9249,#7476,#7477);
#7051=AXIS2_PLACEMENT_3D('',#9255,#7481,#7482);
#7052=AXIS2_PLACEMENT_3D('',#9261,#7486,#7487);
#7053=AXIS2_PLACEMENT_3D('',#9267,#7491,#7492);
#7054=AXIS2_PLACEMENT_3D('',#9273,#7496,#7497);
#7055=AXIS2_PLACEMENT_3D('',#9276,#7500,#7501);
#7056=AXIS2_PLACEMENT_3D('',#9277,#7502,#7503);
#7057=AXIS2_PLACEMENT_3D('',#9362,#7512,#7513);
#7058=AXIS2_PLACEMENT_3D('',#9366,#7516,#7517);
#7059=AXIS2_PLACEMENT_3D('',#9370,#7520,#7521);
#7060=AXIS2_PLACEMENT_3D('',#9372,#7523,#7524);
#7061=AXIS2_PLACEMENT_3D('',#9381,#7529,#7530);
#7062=AXIS2_PLACEMENT_3D('',#9463,#7538,#7539);
#7063=AXIS2_PLACEMENT_3D('',#9466,#7542,#7543);
#7064=AXIS2_PLACEMENT_3D('',#9467,#7544,#7545);
#7065=AXIS2_PLACEMENT_3D('',#9492,#7558,#7559);
#7066=AXIS2_PLACEMENT_3D('',#9498,#7563,#7564);
#7067=AXIS2_PLACEMENT_3D('',#9502,#7567,#7568);
#7068=AXIS2_PLACEMENT_3D('',#9506,#7571,#7572);
#7069=AXIS2_PLACEMENT_3D('',#9510,#7575,#7576);
#7070=AXIS2_PLACEMENT_3D('',#9514,#7579,#7580);
#7071=AXIS2_PLACEMENT_3D('',#9518,#7583,#7584);
#7072=AXIS2_PLACEMENT_3D('',#9522,#7587,#7588);
#7073=AXIS2_PLACEMENT_3D('',#9526,#7591,#7592);
#7074=AXIS2_PLACEMENT_3D('',#9530,#7595,#7596);
#7075=AXIS2_PLACEMENT_3D('',#9534,#7599,#7600);
#7076=AXIS2_PLACEMENT_3D('',#9538,#7603,#7604);
#7077=AXIS2_PLACEMENT_3D('',#9540,#7606,#7607);
#7078=AXIS2_PLACEMENT_3D('',#9546,#7610,#7611);
#7079=AXIS2_PLACEMENT_3D('',#9565,#7618,#7619);
#7080=AXIS2_PLACEMENT_3D('',#9569,#7621,#7622);
#7081=AXIS2_PLACEMENT_3D('',#9577,#7624,#7625);
#7082=AXIS2_PLACEMENT_3D('',#9605,#7630,#7631);
#7083=AXIS2_PLACEMENT_3D('',#9608,#7633,#7634);
#7084=AXIS2_PLACEMENT_3D('',#9620,#7637,#7638);
#7085=AXIS2_PLACEMENT_3D('',#9637,#7641,#7642);
#7086=AXIS2_PLACEMENT_3D('',#9641,#7645,#7646);
#7087=AXIS2_PLACEMENT_3D('',#9645,#7649,#7650);
#7088=AXIS2_PLACEMENT_3D('',#9649,#7653,#7654);
#7089=AXIS2_PLACEMENT_3D('',#9653,#7657,#7658);
#7090=AXIS2_PLACEMENT_3D('',#9657,#7661,#7662);
#7091=AXIS2_PLACEMENT_3D('',#9669,#7665,#7666);
#7092=AXIS2_PLACEMENT_3D('',#9672,#7668,#7669);
#7093=AXIS2_PLACEMENT_3D('',#9676,#7672,#7673);
#7094=AXIS2_PLACEMENT_3D('',#9678,#7675,#7676);
#7095=AXIS2_PLACEMENT_3D('',#9732,#7678,#7679);
#7096=AXIS2_PLACEMENT_3D('',#9736,#7681,#7682);
#7097=AXIS2_PLACEMENT_3D('',#9763,#7683,#7684);
#7098=AXIS2_PLACEMENT_3D('',#9785,#7687,#7688);
#7099=AXIS2_PLACEMENT_3D('',#9786,#7689,#7690);
#7100=AXIS2_PLACEMENT_3D('',#9867,#7697,#7698);
#7101=AXIS2_PLACEMENT_3D('',#9870,#7700,#7701);
#7102=AXIS2_PLACEMENT_3D('',#9882,#7704,#7705);
#7103=AXIS2_PLACEMENT_3D('',#10011,#7716,#7717);
#7104=AXIS2_PLACEMENT_3D('',#10027,#7720,#7721);
#7105=AXIS2_PLACEMENT_3D('',#10039,#7722,#7723);
#7106=AXIS2_PLACEMENT_3D('',#10059,#7726,#7727);
#7107=AXIS2_PLACEMENT_3D('',#10065,#7731,#7732);
#7108=AXIS2_PLACEMENT_3D('',#10121,#7739,#7740);
#7109=AXIS2_PLACEMENT_3D('',#10170,#7744,#7745);
#7110=AXIS2_PLACEMENT_3D('',#10176,#7749,#7750);
#7111=AXIS2_PLACEMENT_3D('',#10182,#7754,#7755);
#7112=AXIS2_PLACEMENT_3D('',#10188,#7759,#7760);
#7113=AXIS2_PLACEMENT_3D('',#10270,#7768,#7769);
#7114=AXIS2_PLACEMENT_3D('',#10314,#7775,#7776);
#7115=AXIS2_PLACEMENT_3D('',#10336,#7780,#7781);
#7116=AXIS2_PLACEMENT_3D('',#10337,#7782,#7783);
#7117=AXIS2_PLACEMENT_3D('',#10362,#7796,#7797);
#7118=AXIS2_PLACEMENT_3D('',#10368,#7801,#7802);
#7119=AXIS2_PLACEMENT_3D('',#10372,#7805,#7806);
#7120=AXIS2_PLACEMENT_3D('',#10376,#7809,#7810);
#7121=AXIS2_PLACEMENT_3D('',#10380,#7813,#7814);
#7122=AXIS2_PLACEMENT_3D('',#10384,#7817,#7818);
#7123=AXIS2_PLACEMENT_3D('',#10388,#7821,#7822);
#7124=AXIS2_PLACEMENT_3D('',#10392,#7825,#7826);
#7125=AXIS2_PLACEMENT_3D('',#10396,#7829,#7830);
#7126=AXIS2_PLACEMENT_3D('',#10400,#7833,#7834);
#7127=AXIS2_PLACEMENT_3D('',#10404,#7837,#7838);
#7128=AXIS2_PLACEMENT_3D('',#10408,#7841,#7842);
#7129=AXIS2_PLACEMENT_3D('',#10410,#7844,#7845);
#7130=AXIS2_PLACEMENT_3D('',#10416,#7848,#7849);
#7131=AXIS2_PLACEMENT_3D('',#10420,#7851,#7852);
#7132=AXIS2_PLACEMENT_3D('',#10423,#7854,#7855);
#7133=AXIS2_PLACEMENT_3D('',#10439,#7860,#7861);
#7134=AXIS2_PLACEMENT_3D('',#10440,#7862,#7863);
#7135=AXIS2_PLACEMENT_3D('',#10454,#7867,#7868);
#7136=AXIS2_PLACEMENT_3D('',#10455,#7869,#7870);
#7137=AXIS2_PLACEMENT_3D('',#10459,#7873,#7874);
#7138=AXIS2_PLACEMENT_3D('',#10461,#7876,#7877);
#7139=AXIS2_PLACEMENT_3D('',#10470,#7882,#7883);
#7140=AXIS2_PLACEMENT_3D('',#10476,#7887,#7888);
#7141=AXIS2_PLACEMENT_3D('',#10482,#7892,#7893);
#7142=AXIS2_PLACEMENT_3D('',#10488,#7897,#7898);
#7143=AXIS2_PLACEMENT_3D('',#10494,#7902,#7903);
#7144=AXIS2_PLACEMENT_3D('',#10500,#7907,#7908);
#7145=AXIS2_PLACEMENT_3D('',#10506,#7912,#7913);
#7146=AXIS2_PLACEMENT_3D('',#10509,#7916,#7917);
#7147=AXIS2_PLACEMENT_3D('',#10510,#7918,#7919);
#7148=AXIS2_PLACEMENT_3D('',#10595,#7928,#7929);
#7149=AXIS2_PLACEMENT_3D('',#10599,#7932,#7933);
#7150=AXIS2_PLACEMENT_3D('',#10603,#7936,#7937);
#7151=AXIS2_PLACEMENT_3D('',#10605,#7939,#7940);
#7152=AXIS2_PLACEMENT_3D('',#10614,#7945,#7946);
#7153=AXIS2_PLACEMENT_3D('',#10696,#7954,#7955);
#7154=AXIS2_PLACEMENT_3D('',#10699,#7958,#7959);
#7155=AXIS2_PLACEMENT_3D('',#10700,#7960,#7961);
#7156=AXIS2_PLACEMENT_3D('',#10725,#7974,#7975);
#7157=AXIS2_PLACEMENT_3D('',#10731,#7979,#7980);
#7158=AXIS2_PLACEMENT_3D('',#10735,#7983,#7984);
#7159=AXIS2_PLACEMENT_3D('',#10739,#7987,#7988);
#7160=AXIS2_PLACEMENT_3D('',#10743,#7991,#7992);
#7161=AXIS2_PLACEMENT_3D('',#10747,#7995,#7996);
#7162=AXIS2_PLACEMENT_3D('',#10751,#7999,#8000);
#7163=AXIS2_PLACEMENT_3D('',#10755,#8003,#8004);
#7164=AXIS2_PLACEMENT_3D('',#10759,#8007,#8008);
#7165=AXIS2_PLACEMENT_3D('',#10763,#8011,#8012);
#7166=AXIS2_PLACEMENT_3D('',#10767,#8015,#8016);
#7167=AXIS2_PLACEMENT_3D('',#10771,#8019,#8020);
#7168=AXIS2_PLACEMENT_3D('',#10773,#8022,#8023);
#7169=AXIS2_PLACEMENT_3D('',#10807,#8025,#8026);
#7170=AXIS2_PLACEMENT_3D('',#10907,#8034,#8035);
#7171=AXIS2_PLACEMENT_3D('',#10919,#8038,#8039);
#7172=AXIS2_PLACEMENT_3D('',#10992,#8046,#8047);
#7173=AXIS2_PLACEMENT_3D('',#11008,#8050,#8051);
#7174=AXIS2_PLACEMENT_3D('',#11021,#8058,#8059);
#7175=AXIS2_PLACEMENT_3D('',#11027,#8063,#8064);
#7176=AXIS2_PLACEMENT_3D('',#11031,#8067,#8068);
#7177=AXIS2_PLACEMENT_3D('',#11035,#8071,#8072);
#7178=AXIS2_PLACEMENT_3D('',#11039,#8075,#8076);
#7179=AXIS2_PLACEMENT_3D('',#11043,#8079,#8080);
#7180=AXIS2_PLACEMENT_3D('',#11045,#8082,#8083);
#7181=AXIS2_PLACEMENT_3D('',#11046,#8084,#8085);
#7182=AXIS2_PLACEMENT_3D('',#11051,#8087,#8088);
#7183=AXIS2_PLACEMENT_3D('',#11054,#8090,#8091);
#7184=AXIS2_PLACEMENT_3D('',#11055,#8092,#8093);
#7185=AXIS2_PLACEMENT_3D('',#11057,#8094,#8095);
#7186=AXIS2_PLACEMENT_3D('',#11058,#8096,#8097);
#7187=AXIS2_PLACEMENT_3D('',#11059,#8098,#8099);
#7188=AXIS2_PLACEMENT_3D('',#11061,#8100,#8101);
#7189=AXIS2_PLACEMENT_3D('',#11062,#8102,#8103);
#7190=AXIS2_PLACEMENT_3D('',#11063,#8104,#8105);
#7191=AXIS2_PLACEMENT_3D('',#11068,#8108,#8109);
#7192=AXIS2_PLACEMENT_3D('',#11069,#8110,#8111);
#7193=AXIS2_PLACEMENT_3D('',#11074,#8114,#8115);
#7194=AXIS2_PLACEMENT_3D('',#11075,#8116,#8117);
#7195=AXIS2_PLACEMENT_3D('',#11080,#8120,#8121);
#7196=AXIS2_PLACEMENT_3D('',#11081,#8122,#8123);
#7197=AXIS2_PLACEMENT_3D('',#11086,#8126,#8127);
#7198=AXIS2_PLACEMENT_3D('',#11087,#8128,#8129);
#7199=AXIS2_PLACEMENT_3D('',#11089,#8130,#8131);
#7200=AXIS2_PLACEMENT_3D('',#11090,#8132,#8133);
#7201=AXIS2_PLACEMENT_3D('',#11091,#8134,#8135);
#7202=AXIS2_PLACEMENT_3D('',#11093,#8136,#8137);
#7203=AXIS2_PLACEMENT_3D('',#11094,#8138,#8139);
#7204=AXIS2_PLACEMENT_3D('',#11095,#8140,#8141);
#7205=AXIS2_PLACEMENT_3D('',#11100,#8144,#8145);
#7206=AXIS2_PLACEMENT_3D('',#11103,#8148,#8149);
#7207=AXIS2_PLACEMENT_3D('',#11104,#8150,#8151);
#7208=AXIS2_PLACEMENT_3D('',#11109,#8154,#8155);
#7209=AXIS2_PLACEMENT_3D('',#11118,#8160,#8161);
#7210=AXIS2_PLACEMENT_3D('',#11124,#8165,#8166);
#7211=AXIS2_PLACEMENT_3D('',#11128,#8169,#8170);
#7212=AXIS2_PLACEMENT_3D('',#11132,#8173,#8174);
#7213=AXIS2_PLACEMENT_3D('',#11134,#8176,#8177);
#7214=AXIS2_PLACEMENT_3D('',#11143,#8182,#8183);
#7215=AXIS2_PLACEMENT_3D('',#11149,#8187,#8188);
#7216=AXIS2_PLACEMENT_3D('',#11153,#8191,#8192);
#7217=AXIS2_PLACEMENT_3D('',#11157,#8195,#8196);
#7218=AXIS2_PLACEMENT_3D('',#11159,#8198,#8199);
#7219=AXIS2_PLACEMENT_3D('',#11168,#8204,#8205);
#7220=AXIS2_PLACEMENT_3D('',#11174,#8209,#8210);
#7221=AXIS2_PLACEMENT_3D('',#11178,#8213,#8214);
#7222=AXIS2_PLACEMENT_3D('',#11182,#8217,#8218);
#7223=AXIS2_PLACEMENT_3D('',#11184,#8220,#8221);
#7224=AXIS2_PLACEMENT_3D('',#11193,#8226,#8227);
#7225=AXIS2_PLACEMENT_3D('',#11199,#8231,#8232);
#7226=AXIS2_PLACEMENT_3D('',#11203,#8235,#8236);
#7227=AXIS2_PLACEMENT_3D('',#11207,#8239,#8240);
#7228=AXIS2_PLACEMENT_3D('',#11209,#8242,#8243);
#7229=AXIS2_PLACEMENT_3D('',#11218,#8248,#8249);
#7230=AXIS2_PLACEMENT_3D('',#11224,#8253,#8254);
#7231=AXIS2_PLACEMENT_3D('',#11228,#8257,#8258);
#7232=AXIS2_PLACEMENT_3D('',#11232,#8261,#8262);
#7233=AXIS2_PLACEMENT_3D('',#11234,#8264,#8265);
#7234=AXIS2_PLACEMENT_3D('',#11243,#8270,#8271);
#7235=AXIS2_PLACEMENT_3D('',#11249,#8275,#8276);
#7236=AXIS2_PLACEMENT_3D('',#11253,#8279,#8280);
#7237=AXIS2_PLACEMENT_3D('',#11257,#8283,#8284);
#7238=AXIS2_PLACEMENT_3D('',#11259,#8286,#8287);
#7239=AXIS2_PLACEMENT_3D('',#11268,#8292,#8293);
#7240=AXIS2_PLACEMENT_3D('',#11274,#8297,#8298);
#7241=AXIS2_PLACEMENT_3D('',#11278,#8301,#8302);
#7242=AXIS2_PLACEMENT_3D('',#11282,#8305,#8306);
#7243=AXIS2_PLACEMENT_3D('',#11284,#8308,#8309);
#7244=AXIS2_PLACEMENT_3D('',#11293,#8314,#8315);
#7245=AXIS2_PLACEMENT_3D('',#11299,#8319,#8320);
#7246=AXIS2_PLACEMENT_3D('',#11303,#8323,#8324);
#7247=AXIS2_PLACEMENT_3D('',#11307,#8327,#8328);
#7248=AXIS2_PLACEMENT_3D('',#11309,#8330,#8331);
#7249=AXIS2_PLACEMENT_3D('',#11318,#8336,#8337);
#7250=AXIS2_PLACEMENT_3D('',#11324,#8341,#8342);
#7251=AXIS2_PLACEMENT_3D('',#11328,#8345,#8346);
#7252=AXIS2_PLACEMENT_3D('',#11332,#8349,#8350);
#7253=AXIS2_PLACEMENT_3D('',#11334,#8352,#8353);
#7254=AXIS2_PLACEMENT_3D('',#11343,#8358,#8359);
#7255=AXIS2_PLACEMENT_3D('',#11349,#8363,#8364);
#7256=AXIS2_PLACEMENT_3D('',#11353,#8367,#8368);
#7257=AXIS2_PLACEMENT_3D('',#11357,#8371,#8372);
#7258=AXIS2_PLACEMENT_3D('',#11359,#8374,#8375);
#7259=AXIS2_PLACEMENT_3D('',#11360,#8376,#8377);
#7260=AXIS2_PLACEMENT_3D('',#11362,#8378,#8379);
#7261=AXIS2_PLACEMENT_3D('',#11371,#8384,#8385);
#7262=AXIS2_PLACEMENT_3D('',#11388,#8394,#8395);
#7263=AXIS2_PLACEMENT_3D('',#11394,#8399,#8400);
#7264=AXIS2_PLACEMENT_3D('',#11398,#8403,#8404);
#7265=AXIS2_PLACEMENT_3D('',#11402,#8407,#8408);
#7266=AXIS2_PLACEMENT_3D('',#11406,#8411,#8412);
#7267=AXIS2_PLACEMENT_3D('',#11410,#8415,#8416);
#7268=AXIS2_PLACEMENT_3D('',#11414,#8419,#8420);
#7269=AXIS2_PLACEMENT_3D('',#11418,#8423,#8424);
#7270=AXIS2_PLACEMENT_3D('',#11420,#8426,#8427);
#7271=AXIS2_PLACEMENT_3D('',#11437,#8436,#8437);
#7272=AXIS2_PLACEMENT_3D('',#11443,#8441,#8442);
#7273=AXIS2_PLACEMENT_3D('',#11447,#8445,#8446);
#7274=AXIS2_PLACEMENT_3D('',#11451,#8449,#8450);
#7275=AXIS2_PLACEMENT_3D('',#11455,#8453,#8454);
#7276=AXIS2_PLACEMENT_3D('',#11459,#8457,#8458);
#7277=AXIS2_PLACEMENT_3D('',#11463,#8461,#8462);
#7278=AXIS2_PLACEMENT_3D('',#11467,#8465,#8466);
#7279=AXIS2_PLACEMENT_3D('',#11469,#8468,#8469);
#7280=AXIS2_PLACEMENT_3D('',#11486,#8478,#8479);
#7281=AXIS2_PLACEMENT_3D('',#11492,#8483,#8484);
#7282=AXIS2_PLACEMENT_3D('',#11496,#8487,#8488);
#7283=AXIS2_PLACEMENT_3D('',#11500,#8491,#8492);
#7284=AXIS2_PLACEMENT_3D('',#11504,#8495,#8496);
#7285=AXIS2_PLACEMENT_3D('',#11508,#8499,#8500);
#7286=AXIS2_PLACEMENT_3D('',#11512,#8503,#8504);
#7287=AXIS2_PLACEMENT_3D('',#11516,#8507,#8508);
#7288=AXIS2_PLACEMENT_3D('',#11518,#8510,#8511);
#7289=AXIS2_PLACEMENT_3D('',#11532,#8519,#8520);
#7290=AXIS2_PLACEMENT_3D('',#11538,#8524,#8525);
#7291=AXIS2_PLACEMENT_3D('',#11542,#8528,#8529);
#7292=AXIS2_PLACEMENT_3D('',#11546,#8532,#8533);
#7293=AXIS2_PLACEMENT_3D('',#11550,#8536,#8537);
#7294=AXIS2_PLACEMENT_3D('',#11554,#8540,#8541);
#7295=AXIS2_PLACEMENT_3D('',#11556,#8543,#8544);
#7296=AXIS2_PLACEMENT_3D('',#11558,#8546,#8547);
#7297=AXIS2_PLACEMENT_3D('',#11575,#8556,#8557);
#7298=AXIS2_PLACEMENT_3D('',#11581,#8561,#8562);
#7299=AXIS2_PLACEMENT_3D('',#11585,#8565,#8566);
#7300=AXIS2_PLACEMENT_3D('',#11589,#8569,#8570);
#7301=AXIS2_PLACEMENT_3D('',#11593,#8573,#8574);
#7302=AXIS2_PLACEMENT_3D('',#11597,#8577,#8578);
#7303=AXIS2_PLACEMENT_3D('',#11601,#8581,#8582);
#7304=AXIS2_PLACEMENT_3D('',#11605,#8585,#8586);
#7305=AXIS2_PLACEMENT_3D('',#11607,#8588,#8589);
#7306=AXIS2_PLACEMENT_3D('',#11624,#8598,#8599);
#7307=AXIS2_PLACEMENT_3D('',#11630,#8603,#8604);
#7308=AXIS2_PLACEMENT_3D('',#11634,#8607,#8608);
#7309=AXIS2_PLACEMENT_3D('',#11638,#8611,#8612);
#7310=AXIS2_PLACEMENT_3D('',#11642,#8615,#8616);
#7311=AXIS2_PLACEMENT_3D('',#11646,#8619,#8620);
#7312=AXIS2_PLACEMENT_3D('',#11650,#8623,#8624);
#7313=AXIS2_PLACEMENT_3D('',#11654,#8627,#8628);
#7314=AXIS2_PLACEMENT_3D('',#11656,#8630,#8631);
#7315=AXIS2_PLACEMENT_3D('',#11658,#8633,#8634);
#7316=AXIS2_PLACEMENT_3D('',#11660,#8636,#8637);
#7317=AXIS2_PLACEMENT_3D('',#11663,#8640,#8641);
#7318=AXIS2_PLACEMENT_3D('',#11664,#8642,#8643);
#7319=AXIS2_PLACEMENT_3D('',#11665,#8644,#8645);
#7320=AXIS2_PLACEMENT_3D('',#11666,#8646,#8647);
#7321=AXIS2_PLACEMENT_3D('',#11668,#8648,#8649);
#7322=AXIS2_PLACEMENT_3D('',#11669,#8650,#8651);
#7323=DIRECTION('',(0.,0.,1.));
#7324=DIRECTION('',(1.,0.,0.));
#7325=DIRECTION('',(0.,0.,-1.));
#7326=DIRECTION('',(-1.,0.,0.));
#7327=DIRECTION('',(-7.6571373978539E-16,0.,1.));
#7328=DIRECTION('',(0.,1.,0.));
#7329=DIRECTION('',(3.21624529935327E-16,0.,1.));
#7330=DIRECTION('',(0.,-1.,0.));
#7331=DIRECTION('',(0.,0.,-1.));
#7332=DIRECTION('',(-1.22464679914735E-16,0.,1.));
#7333=DIRECTION('',(0.,-1.,0.));
#7334=DIRECTION('',(0.,0.,-1.));
#7335=DIRECTION('',(-7.6571373978539E-16,0.,1.));
#7336=DIRECTION('',(0.,1.,0.));
#7337=DIRECTION('',(9.78162561694898E-15,-3.80968655212212E-15,1.));
#7338=DIRECTION('',(-0.735677547504399,0.6773319319934,9.17622525233754E-15));
#7339=DIRECTION('',(0.,0.,-1.));
#7340=DIRECTION('',(2.33302028643689E-15,-9.08650193651453E-16,1.));
#7341=DIRECTION('',(-0.735677547504399,0.6773319319934,2.62177864352501E-15));
#7342=DIRECTION('',(0.,0.,-1.));
#7343=DIRECTION('',(0.,0.,-1.));
#7344=DIRECTION('',(0.,-1.,0.));
#7345=DIRECTION('',(0.,0.,-1.));
#7346=DIRECTION('',(-1.,0.,0.));
#7347=DIRECTION('',(-1.,-6.924515819773E-15,0.));
#7348=DIRECTION('',(0.,0.,-1.));
#7349=DIRECTION('',(0.,0.,-1.));
#7350=DIRECTION('',(0.,0.,1.));
#7351=DIRECTION('',(1.,0.,0.));
#7352=DIRECTION('',(-7.89376009623065E-15,7.89376009623065E-15,1.));
#7353=DIRECTION('',(0.003835143012346,-0.999992645811995,5.89660139285974E-15));
#7354=DIRECTION('',(-1.77039950736393E-15,1.77039950736393E-15,1.));
#7355=DIRECTION('',(0.003835143012346,-0.999992645811995,0.));
#7356=DIRECTION('',(0.,0.,-1.));
#7357=DIRECTION('',(0.,0.,-1.));
#7358=DIRECTION('',(-8.155539680349E-15,1.,0.));
#7359=DIRECTION('',(-1.,-8.155539680349E-15,0.));
#7360=DIRECTION('',(1.,8.155539680349E-15,0.));
#7361=DIRECTION('',(1.,8.155539680349E-15,0.));
#7362=DIRECTION('',(0.,0.,-1.));
#7363=DIRECTION('',(0.,0.,-1.));
#7364=DIRECTION('',(0.,0.,-1.));
#7365=DIRECTION('',(-1.,0.,0.));
#7366=DIRECTION('',(-3.18348272017933E-15,-3.18348272017933E-15,-1.));
#7367=DIRECTION('',(-0.000670871831062331,-0.999999774965468,2.35098105122108E-15));
#7368=DIRECTION('',(-6.71334786285284E-16,-6.71334786285285E-16,-1.));
#7369=DIRECTION('',(-0.000670871831062331,-0.999999774965468,0.));
#7370=DIRECTION('',(0.,0.,-1.));
#7371=DIRECTION('',(2.29374772255E-14,-1.,0.));
#7372=DIRECTION('',(1.,2.29374772255E-14,0.));
#7373=DIRECTION('',(-1.,-2.29374772255E-14,0.));
#7374=DIRECTION('',(-1.,-2.29374772255E-14,0.));
#7375=DIRECTION('',(0.,0.,-1.));
#7376=DIRECTION('',(0.,0.,-1.));
#7377=DIRECTION('',(0.,0.,-1.));
#7378=DIRECTION('',(0.,0.,-1.));
#7379=DIRECTION('',(0.,0.,-1.));
#7380=DIRECTION('',(0.,0.,-1.));
#7381=DIRECTION('',(0.,0.,-1.));
#7382=DIRECTION('',(0.,0.,-1.));
#7383=DIRECTION('',(-0.463018065386878,0.886348842795766,0.));
#7384=DIRECTION('',(-0.886348842795766,-0.463018065386878,0.));
#7385=DIRECTION('',(0.886348842795766,0.463018065386878,0.));
#7386=DIRECTION('',(0.886348842795766,0.463018065386878,0.));
#7387=DIRECTION('',(0.,0.,-1.));
#7388=DIRECTION('',(0.863187758941128,0.504883048650075,0.));
#7389=DIRECTION('',(-0.504883048650075,0.863187758941128,0.));
#7390=DIRECTION('',(0.504883048650075,-0.863187758941128,0.));
#7391=DIRECTION('',(0.504883048650075,-0.863187758941128,0.));
#7392=DIRECTION('',(0.,0.,-1.));
#7393=DIRECTION('',(0.467307306754854,-0.884094950247724,0.));
#7394=DIRECTION('',(0.884094950247724,0.467307306754854,0.));
#7395=DIRECTION('',(-0.884094950247724,-0.467307306754854,0.));
#7396=DIRECTION('',(-0.884094950247724,-0.467307306754854,0.));
#7397=DIRECTION('',(0.,0.,-1.));
#7398=DIRECTION('',(1.,0.,0.));
#7399=DIRECTION('',(0.,0.,-1.));
#7400=DIRECTION('',(0.,-1.,0.));
#7401=DIRECTION('',(0.,-1.,0.));
#7402=DIRECTION('',(0.,0.,-1.));
#7403=DIRECTION('',(0.,0.,-1.));
#7404=DIRECTION('',(0.,0.,-1.));
#7405=DIRECTION('',(-1.05967271585331E-15,-1.76612147391808E-15,1.));
#7406=DIRECTION('',(0.739720567750088,0.672914171085352,2.26657254997455E-15));
#7407=DIRECTION('',(1.79635211896258E-15,2.99392067433133E-15,1.));
#7408=DIRECTION('',(0.739720567750088,0.672914171085352,-3.39985882496182E-15));
#7409=DIRECTION('',(0.,0.,-1.));
#7410=DIRECTION('',(-1.30030934056145E-15,-5.01036709100457E-16,1.));
#7411=DIRECTION('',(0.999997819119688,0.00208848171375138,1.12351753177936E-15));
#7412=DIRECTION('',(2.01481579899434E-15,7.76351169588498E-16,1.));
#7413=DIRECTION('',(0.999997819119688,0.00208848171375138,-2.24703506355871E-15));
#7414=DIRECTION('',(0.,0.,-1.));
#7415=DIRECTION('',(-1.08302215615401E-15,4.46509440537021E-16,1.));
#7416=DIRECTION('',(0.708355247456871,-0.705856106724533,1.13864816337606E-15));
#7417=DIRECTION('',(1.790932137645E-15,-7.3836726448828E-16,1.));
#7418=DIRECTION('',(0.708355247456871,-0.705856106724533,-2.27729632675213E-15));
#7419=DIRECTION('',(0.,0.,-1.));
#7420=DIRECTION('',(0.,0.,-1.));
#7421=DIRECTION('',(0.,0.,-1.));
#7422=DIRECTION('',(0.,0.,-1.));
#7423=DIRECTION('',(0.,0.,-1.));
#7424=DIRECTION('',(0.,0.,-1.));
#7425=DIRECTION('',(0.,0.,-1.));
#7426=DIRECTION('',(0.,0.,-1.));
#7427=DIRECTION('',(-1.,0.,0.));
#7428=DIRECTION('',(0.,0.,-1.));
#7429=DIRECTION('',(-1.,0.,0.));
#7430=DIRECTION('',(-1.,-3.887162504801E-15,0.));
#7431=DIRECTION('',(0.341603830689971,-0.93984404177392,0.));
#7432=DIRECTION('',(4.49246265307417E-14,1.00014679475242E-14,-1.));
#7433=DIRECTION('',(0.957580545562167,0.288165748764252,4.52452362151317E-14));
#7434=DIRECTION('',(1.,0.,0.));
#7435=DIRECTION('',(-5.96273640486388E-17,1.39275594870653E-17,-1.));
#7436=DIRECTION('',(-0.990533565160817,0.1372707408365,0.));
#7437=DIRECTION('',(0.338535034295869,0.940953787682634,0.));
#7438=DIRECTION('',(-0.940953787676098,0.338535034314035,0.));
#7439=DIRECTION('',(-0.338535034314035,-0.940953787676098,0.));
#7440=DIRECTION('',(0.,0.,-1.));
#7441=DIRECTION('',(0.338535034295869,0.940953787682634,0.));
#7442=DIRECTION('',(0.,0.,-1.));
#7443=DIRECTION('',(0.,0.,-1.));
#7444=DIRECTION('',(1.04160600542013E-13,-2.43294833404672E-14,-1.));
#7445=DIRECTION('',(-0.990533565160817,0.1372707408365,-1.06370650683419E-13));
#7446=DIRECTION('',(0.,1.,0.));
#7447=DIRECTION('',(0.,0.,1.));
#7448=DIRECTION('',(0.,0.,-1.));
#7449=DIRECTION('',(1.,0.,0.));
#7450=DIRECTION('',(0.,0.,-1.));
#7451=DIRECTION('',(-1.09176405579675E-13,-2.43056961260173E-14,-1.));
#7452=DIRECTION('',(0.957580545562167,0.288165748764252,-1.11782348296208E-13));
#7453=DIRECTION('',(0.93984404177392,0.341603830689971,0.));
#7454=DIRECTION('',(-0.341603830689971,0.93984404177392,0.));
#7455=DIRECTION('',(0.,0.,-1.));
#7456=DIRECTION('',(0.341603830689971,-0.93984404177392,0.));
#7457=DIRECTION('',(3.887162504801E-15,-1.,0.));
#7458=DIRECTION('',(1.,3.887162504801E-15,0.));
#7459=DIRECTION('',(-1.,-3.887162504801E-15,0.));
#7460=DIRECTION('',(7.277344632301E-15,-1.,0.));
#7461=DIRECTION('',(1.,7.277344632301E-15,0.));
#7462=DIRECTION('',(-1.,-9.146674496415E-15,0.));
#7463=DIRECTION('',(0.,0.,-1.));
#7464=DIRECTION('',(-1.,-9.146674496415E-15,0.));
#7465=DIRECTION('',(0.,0.,-1.));
#7466=DIRECTION('',(-0.936975345954473,-0.349395479469176,0.));
#7467=DIRECTION('',(0.349395479469176,-0.936975345954473,0.));
#7468=DIRECTION('',(-0.349395479497032,0.936975345944086,0.));
#7469=DIRECTION('',(-0.349395479497032,0.936975345944086,0.));
#7470=DIRECTION('',(0.,0.,-1.));
#7471=DIRECTION('',(6.266230041449E-15,-1.,0.));
#7472=DIRECTION('',(1.,6.266230041449E-15,0.));
#7473=DIRECTION('',(-1.,-6.266230041449E-15,0.));
#7474=DIRECTION('',(-1.,-6.266230041449E-15,0.));
#7475=DIRECTION('',(0.,0.,-1.));
#7476=DIRECTION('',(0.943445233079843,-0.331528418357945,0.));
#7477=DIRECTION('',(0.331528418357945,0.943445233079843,0.));
#7478=DIRECTION('',(-0.331528418357945,-0.943445233079843,0.));
#7479=DIRECTION('',(-0.331528418357945,-0.943445233079843,0.));
#7480=DIRECTION('',(0.,0.,-1.));
#7481=DIRECTION('',(7.277344632301E-15,-1.,0.));
#7482=DIRECTION('',(1.,7.277344632301E-15,0.));
#7483=DIRECTION('',(-1.,-9.146674495977E-15,0.));
#7484=DIRECTION('',(-1.,-9.146674495977E-15,0.));
#7485=DIRECTION('',(0.,0.,-1.));
#7486=DIRECTION('',(-0.934510438741738,0.3559357243699,0.));
#7487=DIRECTION('',(-0.3559357243699,-0.934510438741738,0.));
#7488=DIRECTION('',(0.3559357243699,0.934510438741738,0.));
#7489=DIRECTION('',(0.3559357243699,0.934510438741738,0.));
#7490=DIRECTION('',(0.,0.,-1.));
#7491=DIRECTION('',(-9.146674496196E-15,1.,0.));
#7492=DIRECTION('',(-1.,-9.146674496196E-15,0.));
#7493=DIRECTION('',(1.,9.451563645481E-15,0.));
#7494=DIRECTION('',(1.,9.451563645481E-15,0.));
#7495=DIRECTION('',(0.,0.,-1.));
#7496=DIRECTION('',(0.934510438743987,0.355935724363995,0.));
#7497=DIRECTION('',(-0.355935724363995,0.934510438743987,0.));
#7498=DIRECTION('',(0.355935724363995,-0.934510438743987,0.));
#7499=DIRECTION('',(0.355935724363995,-0.934510438743987,0.));
#7500=DIRECTION('',(0.,0.,-1.));
#7501=DIRECTION('',(-1.,0.,0.));
#7502=DIRECTION('',(0.,0.,-1.));
#7503=DIRECTION('',(-1.,0.,0.));
#7504=DIRECTION('',(1.,0.,0.));
#7505=DIRECTION('',(-6.769024361788E-15,1.,0.));
#7506=DIRECTION('',(-1.,-8.985641494468E-15,0.));
#7507=DIRECTION('',(0.,0.,-1.));
#7508=DIRECTION('',(0.,0.,-1.));
#7509=DIRECTION('',(0.,0.,-1.));
#7510=DIRECTION('',(0.,0.,-1.));
#7511=DIRECTION('',(0.,0.,-1.));
#7512=DIRECTION('',(-6.383795333109E-15,1.,0.));
#7513=DIRECTION('',(-1.,-6.383795333109E-15,0.));
#7514=DIRECTION('',(0.,0.,-1.));
#7515=DIRECTION('',(-1.,-8.985641494468E-15,0.));
#7516=DIRECTION('',(-1.,0.,0.));
#7517=DIRECTION('',(0.,-1.,0.));
#7518=DIRECTION('',(0.,0.,-1.));
#7519=DIRECTION('',(-6.769024361788E-15,1.,0.));
#7520=DIRECTION('',(0.,1.,0.));
#7521=DIRECTION('',(0.,0.,1.));
#7522=DIRECTION('',(1.,0.,0.));
#7523=DIRECTION('',(-1.,0.,0.));
#7524=DIRECTION('',(0.,-1.,0.));
#7525=DIRECTION('',(-6.523318467279E-15,1.,0.));
#7526=DIRECTION('',(0.,0.,-1.));
#7527=DIRECTION('',(-6.523318467279E-15,1.,0.));
#7528=DIRECTION('',(0.,0.,-1.));
#7529=DIRECTION('',(-9.146674496196E-15,1.,0.));
#7530=DIRECTION('',(-1.,-9.146674496196E-15,0.));
#7531=DIRECTION('',(1.,9.146674496196E-15,0.));
#7532=DIRECTION('',(1.,9.146674496196E-15,0.));
#7533=DIRECTION('',(0.,0.,-1.));
#7534=DIRECTION('',(0.,0.,-1.));
#7535=DIRECTION('',(0.,0.,-1.));
#7536=DIRECTION('',(0.,0.,-1.));
#7537=DIRECTION('',(0.,0.,-1.));
#7538=DIRECTION('',(7.277344632301E-15,-1.,0.));
#7539=DIRECTION('',(1.,7.277344632301E-15,0.));
#7540=DIRECTION('',(-1.,-9.486699570243E-15,0.));
#7541=DIRECTION('',(-1.,-9.486699570243E-15,0.));
#7542=DIRECTION('',(0.,0.,1.));
#7543=DIRECTION('',(1.,0.,0.));
#7544=DIRECTION('',(0.,0.,-1.));
#7545=DIRECTION('',(-1.,0.,0.));
#7546=DIRECTION('',(1.144359723948E-14,-1.,0.));
#7547=DIRECTION('',(1.,6.383795333109E-15,0.));
#7548=DIRECTION('',(7.756602384222E-15,-1.,0.));
#7549=DIRECTION('',(-1.,-7.296417968362E-15,0.));
#7550=DIRECTION('',(0.,-1.,0.));
#7551=DIRECTION('',(1.,7.296417968362E-15,0.));
#7552=DIRECTION('',(8.153106020349E-15,-1.,0.));
#7553=DIRECTION('',(-1.,-6.760058766676E-15,0.));
#7554=DIRECTION('',(1.134187637525E-14,-1.,0.));
#7555=DIRECTION('',(1.,7.598775735187E-15,0.));
#7556=DIRECTION('',(-7.827982160735E-15,1.,0.));
#7557=DIRECTION('',(-1.,-7.277344632301E-15,0.));
#7558=DIRECTION('',(7.277344632301E-15,-1.,0.));
#7559=DIRECTION('',(1.,7.277344632301E-15,0.));
#7560=DIRECTION('',(-1.,-7.277344632301E-15,0.));
#7561=DIRECTION('',(0.,0.,-1.));
#7562=DIRECTION('',(0.,0.,-1.));
#7563=DIRECTION('',(-1.,0.,0.));
#7564=DIRECTION('',(0.,-1.,0.));
#7565=DIRECTION('',(-7.827982160735E-15,1.,0.));
#7566=DIRECTION('',(0.,0.,-1.));
#7567=DIRECTION('',(-9.146674496196E-15,1.,0.));
#7568=DIRECTION('',(-1.,-9.146674496196E-15,0.));
#7569=DIRECTION('',(1.,7.598775735187E-15,0.));
#7570=DIRECTION('',(0.,0.,-1.));
#7571=DIRECTION('',(1.,0.,0.));
#7572=DIRECTION('',(0.,1.,0.));
#7573=DIRECTION('',(1.134187637525E-14,-1.,0.));
#7574=DIRECTION('',(0.,0.,-1.));
#7575=DIRECTION('',(0.,1.,0.));
#7576=DIRECTION('',(0.,0.,1.));
#7577=DIRECTION('',(-1.,-6.760058766676E-15,0.));
#7578=DIRECTION('',(0.,0.,-1.));
#7579=DIRECTION('',(1.,0.,0.));
#7580=DIRECTION('',(0.,1.,0.));
#7581=DIRECTION('',(8.153106020349E-15,-1.,0.));
#7582=DIRECTION('',(0.,0.,-1.));
#7583=DIRECTION('',(-7.296417968362E-15,1.,0.));
#7584=DIRECTION('',(-1.,-7.296417968362E-15,0.));
#7585=DIRECTION('',(1.,7.296417968362E-15,0.));
#7586=DIRECTION('',(0.,0.,-1.));
#7587=DIRECTION('',(1.,0.,0.));
#7588=DIRECTION('',(0.,0.,-1.));
#7589=DIRECTION('',(0.,-1.,0.));
#7590=DIRECTION('',(0.,0.,-1.));
#7591=DIRECTION('',(7.296417968362E-15,-1.,0.));
#7592=DIRECTION('',(1.,7.296417968362E-15,0.));
#7593=DIRECTION('',(-1.,-7.296417968362E-15,0.));
#7594=DIRECTION('',(0.,0.,-1.));
#7595=DIRECTION('',(1.,0.,0.));
#7596=DIRECTION('',(0.,1.,0.));
#7597=DIRECTION('',(7.756602384222E-15,-1.,0.));
#7598=DIRECTION('',(0.,0.,-1.));
#7599=DIRECTION('',(-6.383795333109E-15,1.,0.));
#7600=DIRECTION('',(-1.,-6.383795333109E-15,0.));
#7601=DIRECTION('',(1.,6.383795333109E-15,0.));
#7602=DIRECTION('',(0.,0.,-1.));
#7603=DIRECTION('',(1.,1.144359723948E-14,0.));
#7604=DIRECTION('',(-1.144359723948E-14,1.,0.));
#7605=DIRECTION('',(1.144359723948E-14,-1.,0.));
#7606=DIRECTION('',(0.,0.,1.));
#7607=DIRECTION('',(1.,0.,0.));
#7608=DIRECTION('',(1.,1.004693773422E-14,0.));
#7609=DIRECTION('',(0.340917796218937,0.940093110399828,0.));
#7610=DIRECTION('',(2.237792244294E-13,-5.94104135587276E-14,1.));
#7611=DIRECTION('',(0.952885743419257,-0.303329457831464,-2.31565170095391E-13));
#7612=DIRECTION('',(1.,0.,0.));
#7613=DIRECTION('',(0.252421897188036,-0.967617272386139,0.));
#7614=DIRECTION('',(0.328346164813084,-0.944557460429242,0.));
#7615=DIRECTION('',(1.,0.,0.));
#7616=DIRECTION('',(-0.365858921668963,0.930670322635907,0.));
#7617=DIRECTION('',(0.389758265065169,0.920917203017399,0.));
#7618=DIRECTION('',(-9.67823664985949E-15,-4.80455318671555E-14,-1.));
#7619=DIRECTION('',(0.00883992073205432,0.999960927137381,-4.75710044264206E-14));
#7620=DIRECTION('',(-1.170606506578E-14,1.,0.));
#7621=DIRECTION('',(7.57686802558047E-15,5.98572573129174E-14,1.));
#7622=DIRECTION('',(0.265472664623701,0.964118387096518,-5.92826059433973E-14));
#7623=DIRECTION('',(-0.366797678951053,-0.930300737781133,0.));
#7624=DIRECTION('',(0.930300737781133,-0.366797678951053,0.));
#7625=DIRECTION('',(0.366797678951053,0.930300737781133,0.));
#7626=DIRECTION('',(-0.366797678951053,-0.930300737781133,0.));
#7627=DIRECTION('',(0.,0.,-1.));
#7628=DIRECTION('',(0.,0.,-1.));
#7629=DIRECTION('',(0.,0.,-1.));
#7630=DIRECTION('',(-7.689568677817E-18,-6.07475924642597E-17,1.));
#7631=DIRECTION('',(0.265472664623701,0.964118387096518,0.));
#7632=DIRECTION('',(0.,0.,-1.));
#7633=DIRECTION('',(-1.,0.,0.));
#7634=DIRECTION('',(0.,-1.,0.));
#7635=DIRECTION('',(-1.170606506578E-14,1.,0.));
#7636=DIRECTION('',(0.,0.,-1.));
#7637=DIRECTION('',(6.10691357997986E-15,3.0316463797271E-14,-1.));
#7638=DIRECTION('',(0.00883992073205432,0.999960927137381,2.71834311008118E-14));
#7639=DIRECTION('',(0.,0.,-1.));
#7640=DIRECTION('',(0.,0.,-1.));
#7641=DIRECTION('',(-0.920917203017399,0.389758265065169,0.));
#7642=DIRECTION('',(-0.389758265065169,-0.920917203017399,0.));
#7643=DIRECTION('',(0.389758265065169,0.920917203017399,0.));
#7644=DIRECTION('',(0.,0.,-1.));
#7645=DIRECTION('',(-0.930670322635907,-0.365858921668963,0.));
#7646=DIRECTION('',(0.365858921668963,-0.930670322635907,0.));
#7647=DIRECTION('',(-0.365858921668963,0.930670322635907,0.));
#7648=DIRECTION('',(0.,0.,-1.));
#7649=DIRECTION('',(-1.004693773422E-14,1.,0.));
#7650=DIRECTION('',(-1.,-1.004693773422E-14,0.));
#7651=DIRECTION('',(1.,0.,0.));
#7652=DIRECTION('',(0.,0.,-1.));
#7653=DIRECTION('',(0.944557460429242,0.328346164813084,0.));
#7654=DIRECTION('',(-0.328346164813084,0.944557460429242,0.));
#7655=DIRECTION('',(0.328346164813084,-0.944557460429242,0.));
#7656=DIRECTION('',(0.,0.,-1.));
#7657=DIRECTION('',(0.967617272386139,0.252421897188036,0.));
#7658=DIRECTION('',(-0.252421897188036,0.967617272386139,0.));
#7659=DIRECTION('',(0.252421897188036,-0.967617272386139,0.));
#7660=DIRECTION('',(0.,0.,-1.));
#7661=DIRECTION('',(0.,1.,0.));
#7662=DIRECTION('',(0.,0.,1.));
#7663=DIRECTION('',(1.,0.,0.));
#7664=DIRECTION('',(0.,0.,-1.));
#7665=DIRECTION('',(-1.38697351559287E-13,3.68223057196139E-14,1.));
#7666=DIRECTION('',(0.952885743419257,-0.303329457831464,1.42338223820103E-13));
#7667=DIRECTION('',(0.,0.,-1.));
#7668=DIRECTION('',(-0.940093110399828,0.340917796218937,0.));
#7669=DIRECTION('',(-0.340917796218937,-0.940093110399828,0.));
#7670=DIRECTION('',(0.340917796218937,0.940093110399828,0.));
#7671=DIRECTION('',(0.,0.,-1.));
#7672=DIRECTION('',(-1.004693773422E-14,1.,0.));
#7673=DIRECTION('',(-1.,-1.004693773422E-14,0.));
#7674=DIRECTION('',(1.,1.004693773422E-14,0.));
#7675=DIRECTION('',(0.,0.,-1.));
#7676=DIRECTION('',(-1.,0.,0.));
#7677=DIRECTION('',(-1.008664895052E-14,1.,0.));
#7678=DIRECTION('',(3.32515036124332E-15,1.16874096868013E-14,-1.));
#7679=DIRECTION('',(0.0129184503984465,-0.999916553337979,-1.18667164506021E-14));
#7680=DIRECTION('',(1.072236211952E-14,-1.,0.));
#7681=DIRECTION('',(-3.62708783148507E-15,-1.93639689072873E-14,1.));
#7682=DIRECTION('',(-0.372802419367752,-0.927910747924363,-2.07506663356357E-14));
#7683=DIRECTION('',(1.78043019298464E-14,8.43361670759154E-15,-1.));
#7684=DIRECTION('',(-0.621398896393034,-0.783494359623297,-1.53310034819704E-14));
#7685=DIRECTION('',(0.,0.,-1.));
#7686=DIRECTION('',(0.,0.,-1.));
#7687=DIRECTION('',(0.,0.,-1.));
#7688=DIRECTION('',(-1.,0.,0.));
#7689=DIRECTION('',(-5.533798257868E-17,-2.62127286022717E-17,-1.));
#7690=DIRECTION('',(-0.621398896393034,-0.783494359623297,0.));
#7691=DIRECTION('',(0.,0.,-1.));
#7692=DIRECTION('',(0.,0.,-1.));
#7693=DIRECTION('',(0.,0.,-1.));
#7694=DIRECTION('',(0.,0.,-1.));
#7695=DIRECTION('',(0.,0.,-1.));
#7696=DIRECTION('',(0.,0.,-1.));
#7697=DIRECTION('',(2.25969894427618E-15,1.20638766221656E-14,1.));
#7698=DIRECTION('',(-0.372802419367752,-0.927910747924363,1.18575236203633E-14));
#7699=DIRECTION('',(0.,0.,-1.));
#7700=DIRECTION('',(1.,0.,0.));
#7701=DIRECTION('',(0.,1.,0.));
#7702=DIRECTION('',(1.072236211952E-14,-1.,0.));
#7703=DIRECTION('',(0.,0.,-1.));
#7704=DIRECTION('',(-2.08266186769815E-15,-7.32024715951959E-15,-1.));
#7705=DIRECTION('',(0.0129184503984465,-0.999916553337979,7.91114430040142E-15));
#7706=DIRECTION('',(0.,0.,-1.));
#7707=DIRECTION('',(0.,0.,-1.));
#7708=DIRECTION('',(0.,0.,-1.));
#7709=DIRECTION('',(0.,0.,-1.));
#7710=DIRECTION('',(0.,0.,-1.));
#7711=DIRECTION('',(0.,0.,-1.));
#7712=DIRECTION('',(0.,0.,-1.));
#7713=DIRECTION('',(0.,0.,-1.));
#7714=DIRECTION('',(0.,0.,-1.));
#7715=DIRECTION('',(0.,0.,-1.));
#7716=DIRECTION('',(-1.,0.,0.));
#7717=DIRECTION('',(0.,-1.,0.));
#7718=DIRECTION('',(-1.008664895052E-14,1.,0.));
#7719=DIRECTION('',(0.,0.,-1.));
#7720=DIRECTION('',(0.,0.,-1.));
#7721=DIRECTION('',(-1.,0.,0.));
#7722=DIRECTION('',(-5.61379064633033E-17,-2.44527077145263E-17,1.));
#7723=DIRECTION('',(0.999542487584574,-0.0302459172987249,0.));
#7724=DIRECTION('',(1.904419540492E-14,-1.,0.));
#7725=DIRECTION('',(0.99106836629976,0.133354764893968,0.));
#7726=DIRECTION('',(-0.133354764893968,0.99106836629976,0.));
#7727=DIRECTION('',(-0.99106836629976,-0.133354764893968,0.));
#7728=DIRECTION('',(0.,0.,-1.));
#7729=DIRECTION('',(0.99106836629976,0.133354764893968,0.));
#7730=DIRECTION('',(0.,0.,-1.));
#7731=DIRECTION('',(1.,0.,0.));
#7732=DIRECTION('',(0.,1.,0.));
#7733=DIRECTION('',(0.,0.,-1.));
#7734=DIRECTION('',(1.904419540492E-14,-1.,0.));
#7735=DIRECTION('',(0.,0.,-1.));
#7736=DIRECTION('',(0.,0.,-1.));
#7737=DIRECTION('',(0.,0.,-1.));
#7738=DIRECTION('',(0.,0.,-1.));
#7739=DIRECTION('',(1.56188172534959E-14,6.80328849448623E-15,1.));
#7740=DIRECTION('',(0.999542487584574,-0.0302459172987249,-1.22546523056403E-14));
#7741=DIRECTION('',(0.,0.,-1.));
#7742=DIRECTION('',(0.,0.,-1.));
#7743=DIRECTION('',(0.,0.,-1.));
#7744=DIRECTION('',(1.,0.,0.));
#7745=DIRECTION('',(0.,1.,0.));
#7746=DIRECTION('',(8.515869358492E-15,-1.,0.));
#7747=DIRECTION('',(8.515869358492E-15,-1.,0.));
#7748=DIRECTION('',(0.,0.,-1.));
#7749=DIRECTION('',(7.277344632301E-15,-1.,0.));
#7750=DIRECTION('',(1.,7.277344632301E-15,0.));
#7751=DIRECTION('',(-1.,0.,0.));
#7752=DIRECTION('',(-1.,0.,0.));
#7753=DIRECTION('',(0.,0.,-1.));
#7754=DIRECTION('',(1.,0.,0.));
#7755=DIRECTION('',(0.,1.,0.));
#7756=DIRECTION('',(-1.181445455773E-14,1.,0.));
#7757=DIRECTION('',(-1.181445455773E-14,1.,0.));
#7758=DIRECTION('',(0.,0.,-1.));
#7759=DIRECTION('',(0.,-1.,0.));
#7760=DIRECTION('',(0.,0.,-1.));
#7761=DIRECTION('',(-1.,0.,0.));
#7762=DIRECTION('',(-1.,0.,0.));
#7763=DIRECTION('',(0.,0.,-1.));
#7764=DIRECTION('',(0.,0.,-1.));
#7765=DIRECTION('',(0.,0.,-1.));
#7766=DIRECTION('',(0.,0.,-1.));
#7767=DIRECTION('',(0.,0.,-1.));
#7768=DIRECTION('',(-0.138741688482024,0.99032860398817,0.));
#7769=DIRECTION('',(-0.99032860398817,-0.138741688482024,0.));
#7770=DIRECTION('',(0.99032860398817,0.138741688482024,0.));
#7771=DIRECTION('',(0.99032860398817,0.138741688482024,0.));
#7772=DIRECTION('',(0.,0.,-1.));
#7773=DIRECTION('',(0.,0.,-1.));
#7774=DIRECTION('',(0.,0.,-1.));
#7775=DIRECTION('',(-1.,0.,0.));
#7776=DIRECTION('',(0.,-1.,0.));
#7777=DIRECTION('',(-1.072236211892E-14,1.,0.));
#7778=DIRECTION('',(-1.072236211892E-14,1.,0.));
#7779=DIRECTION('',(0.,0.,-1.));
#7780=DIRECTION('',(0.,0.,1.));
#7781=DIRECTION('',(1.,0.,0.));
#7782=DIRECTION('',(0.,0.,-1.));
#7783=DIRECTION('',(-1.,0.,0.));
#7784=DIRECTION('',(1.144359723948E-14,-1.,0.));
#7785=DIRECTION('',(1.,6.383795333057E-15,0.));
#7786=DIRECTION('',(3.878301192111E-15,-1.,0.));
#7787=DIRECTION('',(-1.,-7.296417968224E-15,0.));
#7788=DIRECTION('',(1.139250975187E-14,-1.,0.));
#7789=DIRECTION('',(1.,7.296417968224E-15,0.));
#7790=DIRECTION('',(8.153106020349E-15,-1.,0.));
#7791=DIRECTION('',(-1.,-6.760058766617E-15,0.));
#7792=DIRECTION('',(1.134187637525E-14,-1.,0.));
#7793=DIRECTION('',(1.,5.065850490124E-15,0.));
#7794=DIRECTION('',(-7.827982160735E-15,1.,0.));
#7795=DIRECTION('',(-1.,-4.851563088201E-15,0.));
#7796=DIRECTION('',(7.277344632301E-15,-1.,0.));
#7797=DIRECTION('',(1.,7.277344632301E-15,0.));
#7798=DIRECTION('',(-1.,-4.851563088201E-15,0.));
#7799=DIRECTION('',(0.,0.,-1.));
#7800=DIRECTION('',(0.,0.,-1.));
#7801=DIRECTION('',(-1.,0.,0.));
#7802=DIRECTION('',(0.,-1.,0.));
#7803=DIRECTION('',(-7.827982160735E-15,1.,0.));
#7804=DIRECTION('',(0.,0.,-1.));
#7805=DIRECTION('',(-9.146674496196E-15,1.,0.));
#7806=DIRECTION('',(-1.,-9.146674496196E-15,0.));
#7807=DIRECTION('',(1.,5.065850490124E-15,0.));
#7808=DIRECTION('',(0.,0.,-1.));
#7809=DIRECTION('',(1.,1.134187637525E-14,0.));
#7810=DIRECTION('',(-1.134187637525E-14,1.,0.));
#7811=DIRECTION('',(1.134187637525E-14,-1.,0.));
#7812=DIRECTION('',(0.,0.,-1.));
#7813=DIRECTION('',(0.,1.,0.));
#7814=DIRECTION('',(0.,0.,1.));
#7815=DIRECTION('',(-1.,-6.760058766617E-15,0.));
#7816=DIRECTION('',(0.,0.,-1.));
#7817=DIRECTION('',(1.,0.,0.));
#7818=DIRECTION('',(0.,1.,0.));
#7819=DIRECTION('',(8.153106020349E-15,-1.,0.));
#7820=DIRECTION('',(0.,0.,-1.));
#7821=DIRECTION('',(-7.296417968362E-15,1.,0.));
#7822=DIRECTION('',(-1.,-7.296417968362E-15,0.));
#7823=DIRECTION('',(1.,7.296417968224E-15,0.));
#7824=DIRECTION('',(0.,0.,-1.));
#7825=DIRECTION('',(1.,0.,0.));
#7826=DIRECTION('',(0.,1.,0.));
#7827=DIRECTION('',(1.139250975187E-14,-1.,0.));
#7828=DIRECTION('',(0.,0.,-1.));
#7829=DIRECTION('',(7.296417968362E-15,-1.,0.));
#7830=DIRECTION('',(1.,7.296417968362E-15,0.));
#7831=DIRECTION('',(-1.,-7.296417968224E-15,0.));
#7832=DIRECTION('',(0.,0.,-1.));
#7833=DIRECTION('',(1.,0.,0.));
#7834=DIRECTION('',(0.,1.,0.));
#7835=DIRECTION('',(3.878301192111E-15,-1.,0.));
#7836=DIRECTION('',(0.,0.,-1.));
#7837=DIRECTION('',(-6.383795333109E-15,1.,0.));
#7838=DIRECTION('',(-1.,-6.383795333109E-15,0.));
#7839=DIRECTION('',(1.,6.383795333057E-15,0.));
#7840=DIRECTION('',(0.,0.,-1.));
#7841=DIRECTION('',(1.,1.144359723948E-14,0.));
#7842=DIRECTION('',(-1.144359723948E-14,1.,0.));
#7843=DIRECTION('',(1.144359723948E-14,-1.,0.));
#7844=DIRECTION('',(0.,0.,-1.));
#7845=DIRECTION('',(-1.,0.,0.));
#7846=DIRECTION('',(-1.,-7.774325009603E-15,0.));
#7847=DIRECTION('',(0.341603830681942,-0.939844041776838,0.));
#7848=DIRECTION('',(4.49246265309709E-14,1.00014679464948E-14,-1.));
#7849=DIRECTION('',(0.957580545761696,0.288165748101215,4.52452358025996E-14));
#7850=DIRECTION('',(1.,0.,0.));
#7851=DIRECTION('',(-5.96273640486841E-17,1.39275594868713E-17,-1.));
#7852=DIRECTION('',(-0.990533565202608,0.137270740534938,0.));
#7853=DIRECTION('',(0.338535034314035,0.940953787676098,0.));
#7854=DIRECTION('',(-0.940953787676098,0.338535034314035,0.));
#7855=DIRECTION('',(-0.338535034314035,-0.940953787676098,0.));
#7856=DIRECTION('',(0.,0.,-1.));
#7857=DIRECTION('',(0.338535034314035,0.940953787676098,0.));
#7858=DIRECTION('',(0.,0.,-1.));
#7859=DIRECTION('',(0.,0.,-1.));
#7860=DIRECTION('',(1.04160600542092E-13,-2.43294833401284E-14,-1.));
#7861=DIRECTION('',(-0.990533565202608,0.137270740534938,-1.06370651031683E-13));
#7862=DIRECTION('',(0.,1.,0.));
#7863=DIRECTION('',(0.,0.,1.));
#7864=DIRECTION('',(0.,0.,-1.));
#7865=DIRECTION('',(1.,0.,0.));
#7866=DIRECTION('',(0.,0.,-1.));
#7867=DIRECTION('',(-1.09176405580231E-13,-2.43056961235156E-14,-1.));
#7868=DIRECTION('',(0.957580545761696,0.288165748101215,-1.11782347277011E-13));
#7869=DIRECTION('',(0.939844041776838,0.341603830681942,0.));
#7870=DIRECTION('',(-0.341603830681942,0.939844041776838,0.));
#7871=DIRECTION('',(0.,0.,-1.));
#7872=DIRECTION('',(0.341603830681942,-0.939844041776838,0.));
#7873=DIRECTION('',(7.774325009603E-15,-1.,0.));
#7874=DIRECTION('',(1.,7.774325009603E-15,0.));
#7875=DIRECTION('',(-1.,-7.774325009603E-15,0.));
#7876=DIRECTION('',(7.277344632347E-15,-1.,0.));
#7877=DIRECTION('',(1.,7.277344632347E-15,0.));
#7878=DIRECTION('',(-1.,-4.573337247989E-15,0.));
#7879=DIRECTION('',(0.,0.,-1.));
#7880=DIRECTION('',(-1.,-4.573337247989E-15,0.));
#7881=DIRECTION('',(0.,0.,-1.));
#7882=DIRECTION('',(-0.936975345954473,-0.349395479469176,0.));
#7883=DIRECTION('',(0.349395479469176,-0.936975345954473,0.));
#7884=DIRECTION('',(-0.349395479469176,0.936975345954473,0.));
#7885=DIRECTION('',(-0.349395479469176,0.936975345954473,0.));
#7886=DIRECTION('',(0.,0.,-1.));
#7887=DIRECTION('',(4.699672531087E-15,-1.,0.));
#7888=DIRECTION('',(1.,4.699672531087E-15,0.));
#7889=DIRECTION('',(-1.,-4.699672531087E-15,0.));
#7890=DIRECTION('',(-1.,-4.699672531087E-15,0.));
#7891=DIRECTION('',(0.,0.,-1.));
#7892=DIRECTION('',(0.943445233082565,-0.331528418350198,0.));
#7893=DIRECTION('',(0.331528418350198,0.943445233082565,0.));
#7894=DIRECTION('',(-0.331528418350198,-0.943445233082565,0.));
#7895=DIRECTION('',(-0.331528418350198,-0.943445233082565,0.));
#7896=DIRECTION('',(0.,0.,-1.));
#7897=DIRECTION('',(7.277344632347E-15,-1.,0.));
#7898=DIRECTION('',(1.,7.277344632347E-15,0.));
#7899=DIRECTION('',(-1.,-9.146674496415E-15,0.));
#7900=DIRECTION('',(-1.,-9.146674496415E-15,0.));
#7901=DIRECTION('',(0.,0.,-1.));
#7902=DIRECTION('',(-0.934510438743987,0.355935724363995,0.));
#7903=DIRECTION('',(-0.355935724363995,-0.934510438743987,0.));
#7904=DIRECTION('',(0.355935724363995,0.934510438743987,0.));
#7905=DIRECTION('',(0.355935724363995,0.934510438743987,0.));
#7906=DIRECTION('',(0.,0.,-1.));
#7907=DIRECTION('',(-6.860005871983E-15,1.,0.));
#7908=DIRECTION('',(-1.,-6.860005871983E-15,0.));
#7909=DIRECTION('',(1.,9.451563645948E-15,0.));
#7910=DIRECTION('',(1.,9.451563645948E-15,0.));
#7911=DIRECTION('',(0.,0.,-1.));
#7912=DIRECTION('',(0.934510438741738,0.3559357243699,0.));
#7913=DIRECTION('',(-0.3559357243699,0.934510438741738,0.));
#7914=DIRECTION('',(0.3559357243699,-0.934510438741738,0.));
#7915=DIRECTION('',(0.3559357243699,-0.934510438741738,0.));
#7916=DIRECTION('',(0.,0.,-1.));
#7917=DIRECTION('',(-1.,0.,0.));
#7918=DIRECTION('',(0.,0.,-1.));
#7919=DIRECTION('',(-1.,0.,0.));
#7920=DIRECTION('',(1.,8.635946478989E-15,0.));
#7921=DIRECTION('',(-6.769024361788E-15,1.,0.));
#7922=DIRECTION('',(-1.,-8.98564149447E-15,0.));
#7923=DIRECTION('',(0.,0.,-1.));
#7924=DIRECTION('',(0.,0.,-1.));
#7925=DIRECTION('',(0.,0.,-1.));
#7926=DIRECTION('',(0.,0.,-1.));
#7927=DIRECTION('',(0.,0.,-1.));
#7928=DIRECTION('',(-6.383795333109E-15,1.,0.));
#7929=DIRECTION('',(-1.,-6.383795333109E-15,0.));
#7930=DIRECTION('',(0.,0.,-1.));
#7931=DIRECTION('',(-1.,-8.98564149447E-15,0.));
#7932=DIRECTION('',(-1.,0.,0.));
#7933=DIRECTION('',(0.,-1.,0.));
#7934=DIRECTION('',(0.,0.,-1.));
#7935=DIRECTION('',(-6.769024361788E-15,1.,0.));
#7936=DIRECTION('',(-8.635946478989E-15,1.,0.));
#7937=DIRECTION('',(-1.,-8.635946478989E-15,0.));
#7938=DIRECTION('',(1.,8.635946478989E-15,0.));
#7939=DIRECTION('',(-1.,0.,0.));
#7940=DIRECTION('',(0.,-1.,0.));
#7941=DIRECTION('',(-6.523318467279E-15,1.,0.));
#7942=DIRECTION('',(0.,0.,-1.));
#7943=DIRECTION('',(-6.523318467279E-15,1.,0.));
#7944=DIRECTION('',(0.,0.,-1.));
#7945=DIRECTION('',(-6.860005871983E-15,1.,0.));
#7946=DIRECTION('',(-1.,-6.860005871983E-15,0.));
#7947=DIRECTION('',(1.,6.860005871983E-15,0.));
#7948=DIRECTION('',(1.,6.860005871983E-15,0.));
#7949=DIRECTION('',(0.,0.,-1.));
#7950=DIRECTION('',(0.,0.,-1.));
#7951=DIRECTION('',(0.,0.,-1.));
#7952=DIRECTION('',(0.,0.,-1.));
#7953=DIRECTION('',(0.,0.,-1.));
#7954=DIRECTION('',(7.277344632347E-15,-1.,0.));
#7955=DIRECTION('',(1.,7.277344632347E-15,0.));
#7956=DIRECTION('',(-1.,-7.115024677682E-15,0.));
#7957=DIRECTION('',(-1.,-7.115024677682E-15,0.));
#7958=DIRECTION('',(0.,0.,1.));
#7959=DIRECTION('',(1.,0.,0.));
#7960=DIRECTION('',(0.,0.,-1.));
#7961=DIRECTION('',(-1.,0.,0.));
#7962=DIRECTION('',(1.144359723949E-14,-1.,0.));
#7963=DIRECTION('',(1.,6.383795333109E-15,0.));
#7964=DIRECTION('',(7.756602384221E-15,-1.,0.));
#7965=DIRECTION('',(-1.,-7.296417968292E-15,0.));
#7966=DIRECTION('',(1.139250975187E-14,-1.,0.));
#7967=DIRECTION('',(1.,5.472313476219E-15,0.));
#7968=DIRECTION('',(4.076553010175E-15,-1.,0.));
#7969=DIRECTION('',(-1.,-5.070044074962E-15,0.));
#7970=DIRECTION('',(0.,-1.,0.));
#7971=DIRECTION('',(1.,6.332313112655E-15,0.));
#7972=DIRECTION('',(-6.523318467279E-15,1.,0.));
#7973=DIRECTION('',(-1.,-7.277344632347E-15,0.));
#7974=DIRECTION('',(7.277344632347E-15,-1.,0.));
#7975=DIRECTION('',(1.,7.277344632347E-15,0.));
#7976=DIRECTION('',(-1.,-7.277344632347E-15,0.));
#7977=DIRECTION('',(0.,0.,-1.));
#7978=DIRECTION('',(0.,0.,-1.));
#7979=DIRECTION('',(-1.,0.,0.));
#7980=DIRECTION('',(0.,-1.,0.));
#7981=DIRECTION('',(-6.523318467279E-15,1.,0.));
#7982=DIRECTION('',(0.,0.,-1.));
#7983=DIRECTION('',(-6.860005871983E-15,1.,0.));
#7984=DIRECTION('',(-1.,-6.860005871983E-15,0.));
#7985=DIRECTION('',(1.,6.332313112655E-15,0.));
#7986=DIRECTION('',(0.,0.,-1.));
#7987=DIRECTION('',(1.,0.,0.));
#7988=DIRECTION('',(0.,0.,-1.));
#7989=DIRECTION('',(0.,-1.,0.));
#7990=DIRECTION('',(0.,0.,-1.));
#7991=DIRECTION('',(-8.635946478989E-15,1.,0.));
#7992=DIRECTION('',(-1.,-8.635946478989E-15,0.));
#7993=DIRECTION('',(-1.,-5.070044074962E-15,0.));
#7994=DIRECTION('',(0.,0.,-1.));
#7995=DIRECTION('',(1.,0.,0.));
#7996=DIRECTION('',(0.,1.,0.));
#7997=DIRECTION('',(4.076553010175E-15,-1.,0.));
#7998=DIRECTION('',(0.,0.,-1.));
#7999=DIRECTION('',(-5.472313476219E-15,1.,0.));
#8000=DIRECTION('',(-1.,-5.472313476219E-15,0.));
#8001=DIRECTION('',(1.,5.472313476219E-15,0.));
#8002=DIRECTION('',(0.,0.,-1.));
#8003=DIRECTION('',(1.,0.,0.));
#8004=DIRECTION('',(0.,1.,0.));
#8005=DIRECTION('',(1.139250975187E-14,-1.,0.));
#8006=DIRECTION('',(0.,0.,-1.));
#8007=DIRECTION('',(7.296417968292E-15,-1.,0.));
#8008=DIRECTION('',(1.,7.296417968292E-15,0.));
#8009=DIRECTION('',(-1.,-7.296417968292E-15,0.));
#8010=DIRECTION('',(0.,0.,-1.));
#8011=DIRECTION('',(1.,0.,0.));
#8012=DIRECTION('',(0.,1.,0.));
#8013=DIRECTION('',(7.756602384221E-15,-1.,0.));
#8014=DIRECTION('',(0.,0.,-1.));
#8015=DIRECTION('',(-6.383795333109E-15,1.,0.));
#8016=DIRECTION('',(-1.,-6.383795333109E-15,0.));
#8017=DIRECTION('',(1.,6.383795333109E-15,0.));
#8018=DIRECTION('',(0.,0.,-1.));
#8019=DIRECTION('',(1.,1.144359723949E-14,0.));
#8020=DIRECTION('',(-1.144359723949E-14,1.,0.));
#8021=DIRECTION('',(1.144359723949E-14,-1.,0.));
#8022=DIRECTION('',(0.,0.,1.));
#8023=DIRECTION('',(1.,0.,0.));
#8024=DIRECTION('',(1.054513299319E-14,-1.,0.));
#8025=DIRECTION('',(2.58586032153751E-15,1.02765655896448E-14,-1.));
#8026=DIRECTION('',(0.0112624748588487,-0.999936576318745,-1.09481511146545E-14));
#8027=DIRECTION('',(9.666371910868E-15,-1.,0.));
#8028=DIRECTION('',(0.,0.,-1.));
#8029=DIRECTION('',(0.,0.,-1.));
#8030=DIRECTION('',(0.,0.,-1.));
#8031=DIRECTION('',(0.,0.,-1.));
#8032=DIRECTION('',(0.,0.,-1.));
#8033=DIRECTION('',(0.,0.,-1.));
#8034=DIRECTION('',(1.,0.,0.));
#8035=DIRECTION('',(0.,1.,0.));
#8036=DIRECTION('',(9.666371910868E-15,-1.,0.));
#8037=DIRECTION('',(0.,0.,-1.));
#8038=DIRECTION('',(-1.64044333879532E-15,-6.51934809734906E-15,-1.));
#8039=DIRECTION('',(0.0112624748588487,-0.999936576318745,5.47407555732726E-15));
#8040=DIRECTION('',(0.,0.,-1.));
#8041=DIRECTION('',(0.,0.,-1.));
#8042=DIRECTION('',(0.,0.,-1.));
#8043=DIRECTION('',(0.,0.,-1.));
#8044=DIRECTION('',(0.,0.,-1.));
#8045=DIRECTION('',(0.,0.,-1.));
#8046=DIRECTION('',(1.,0.,0.));
#8047=DIRECTION('',(0.,1.,0.));
#8048=DIRECTION('',(1.054513299319E-14,-1.,0.));
#8049=DIRECTION('',(0.,0.,-1.));
#8050=DIRECTION('',(0.,0.,-1.));
#8051=DIRECTION('',(-1.,0.,0.));
#8052=DIRECTION('',(0.,-1.,0.));
#8053=DIRECTION('',(1.,6.551789947056E-15,0.));
#8054=DIRECTION('',(7.362729903055E-15,-1.,0.));
#8055=DIRECTION('',(1.,1.01066225125E-14,0.));
#8056=DIRECTION('',(-6.523318467279E-15,1.,0.));
#8057=DIRECTION('',(-1.,-6.184978633992E-15,0.));
#8058=DIRECTION('',(7.277344632347E-15,-1.,0.));
#8059=DIRECTION('',(1.,7.277344632347E-15,0.));
#8060=DIRECTION('',(-1.,-6.184978633992E-15,0.));
#8061=DIRECTION('',(0.,0.,-1.));
#8062=DIRECTION('',(0.,0.,-1.));
#8063=DIRECTION('',(-1.,0.,0.));
#8064=DIRECTION('',(0.,-1.,0.));
#8065=DIRECTION('',(-6.523318467279E-15,1.,0.));
#8066=DIRECTION('',(0.,0.,-1.));
#8067=DIRECTION('',(-6.860005871983E-15,1.,0.));
#8068=DIRECTION('',(-1.,-6.860005871983E-15,0.));
#8069=DIRECTION('',(1.,1.01066225125E-14,0.));
#8070=DIRECTION('',(0.,0.,-1.));
#8071=DIRECTION('',(1.,0.,0.));
#8072=DIRECTION('',(0.,1.,0.));
#8073=DIRECTION('',(7.362729903055E-15,-1.,0.));
#8074=DIRECTION('',(0.,0.,-1.));
#8075=DIRECTION('',(-6.383795333109E-15,1.,0.));
#8076=DIRECTION('',(-1.,-6.383795333109E-15,0.));
#8077=DIRECTION('',(1.,6.551789947056E-15,0.));
#8078=DIRECTION('',(0.,0.,-1.));
#8079=DIRECTION('',(1.,0.,0.));
#8080=DIRECTION('',(0.,0.,-1.));
#8081=DIRECTION('',(0.,-1.,0.));
#8082=DIRECTION('',(1.,0.,0.));
#8083=DIRECTION('',(0.,0.,-1.));
#8084=DIRECTION('',(1.,0.,0.));
#8085=DIRECTION('',(0.,0.,1.));
#8086=DIRECTION('',(-1.,0.,0.));
#8087=DIRECTION('',(-1.,0.,0.));
#8088=DIRECTION('',(0.,0.,-1.));
#8089=DIRECTION('',(1.,0.,0.));
#8090=DIRECTION('',(0.,1.,0.));
#8091=DIRECTION('',(1.,0.,0.));
#8092=DIRECTION('',(0.,0.,1.));
#8093=DIRECTION('',(1.,0.,0.));
#8094=DIRECTION('',(0.,-1.,0.));
#8095=DIRECTION('',(0.,0.,-1.));
#8096=DIRECTION('',(0.,1.,0.));
#8097=DIRECTION('',(1.,0.,0.));
#8098=DIRECTION('',(0.,-1.,0.));
#8099=DIRECTION('',(0.,0.,-1.));
#8100=DIRECTION('',(0.,0.,1.));
#8101=DIRECTION('',(1.,0.,0.));
#8102=DIRECTION('',(0.,0.,1.));
#8103=DIRECTION('',(1.,0.,0.));
#8104=DIRECTION('',(0.,0.,-1.));
#8105=DIRECTION('',(1.,0.,0.));
#8106=DIRECTION('',(0.,0.,-1.));
#8107=DIRECTION('',(0.,0.,1.));
#8108=DIRECTION('',(1.548860246408E-16,1.,0.));
#8109=DIRECTION('',(-1.,1.548860246408E-16,0.));
#8110=DIRECTION('',(0.,-1.,0.));
#8111=DIRECTION('',(0.,0.,1.));
#8112=DIRECTION('',(1.548860246408E-16,1.,0.));
#8113=DIRECTION('',(-1.548860246408E-16,-1.,0.));
#8114=DIRECTION('',(0.,-1.,0.));
#8115=DIRECTION('',(0.,0.,-1.));
#8116=DIRECTION('',(0.,-1.,0.));
#8117=DIRECTION('',(0.,0.,1.));
#8118=DIRECTION('',(0.,1.,0.));
#8119=DIRECTION('',(0.,-1.,0.));
#8120=DIRECTION('',(0.,0.,1.));
#8121=DIRECTION('',(1.,0.,0.));
#8122=DIRECTION('',(0.,0.,-1.));
#8123=DIRECTION('',(1.,0.,0.));
#8124=DIRECTION('',(0.,0.,-1.));
#8125=DIRECTION('',(0.,0.,1.));
#8126=DIRECTION('',(0.,1.,0.));
#8127=DIRECTION('',(1.,0.,0.));
#8128=DIRECTION('',(0.,0.,1.));
#8129=DIRECTION('',(1.,0.,0.));
#8130=DIRECTION('',(1.,0.,-1.084202172486E-14));
#8131=DIRECTION('',(-1.084202172486E-14,0.,-1.));
#8132=DIRECTION('',(0.,1.,0.));
#8133=DIRECTION('',(1.,0.,0.));
#8134=DIRECTION('',(-1.,0.,0.));
#8135=DIRECTION('',(0.,0.,1.));
#8136=DIRECTION('',(0.,0.,1.));
#8137=DIRECTION('',(1.,0.,0.));
#8138=DIRECTION('',(0.,0.,1.));
#8139=DIRECTION('',(1.,0.,0.));
#8140=DIRECTION('',(0.,0.,-1.));
#8141=DIRECTION('',(1.,0.,0.));
#8142=DIRECTION('',(0.,0.,-1.));
#8143=DIRECTION('',(0.,0.,1.));
#8144=DIRECTION('',(-1.,0.,0.));
#8145=DIRECTION('',(0.,0.,1.));
#8146=DIRECTION('',(1.,0.,0.));
#8147=DIRECTION('',(-1.,0.,0.));
#8148=DIRECTION('',(0.,0.,1.));
#8149=DIRECTION('',(1.,0.,0.));
#8150=DIRECTION('',(0.,0.,-1.));
#8151=DIRECTION('',(1.,0.,0.));
#8152=DIRECTION('',(0.,0.,-1.));
#8153=DIRECTION('',(0.,0.,1.));
#8154=DIRECTION('',(1.,0.,0.));
#8155=DIRECTION('',(0.,0.,1.));
#8156=DIRECTION('',(0.,1.,0.));
#8157=DIRECTION('',(0.,-5.421010862428E-16,1.));
#8158=DIRECTION('',(0.,-1.,0.));
#8159=DIRECTION('',(0.,0.,-1.));
#8160=DIRECTION('',(-2.541098841763E-16,-1.,0.));
#8161=DIRECTION('',(1.,-2.541098841763E-16,0.));
#8162=DIRECTION('',(0.,0.,-1.));
#8163=DIRECTION('',(-1.,0.,0.));
#8164=DIRECTION('',(-1.,0.,0.));
#8165=DIRECTION('',(0.,0.,1.));
#8166=DIRECTION('',(1.,0.,0.));
#8167=DIRECTION('',(0.,-1.,0.));
#8168=DIRECTION('',(-1.,0.,0.));
#8169=DIRECTION('',(0.,1.,5.421010862428E-16));
#8170=DIRECTION('',(0.,-5.421010862428E-16,1.));
#8171=DIRECTION('',(0.,-5.421010862428E-16,1.));
#8172=DIRECTION('',(-1.,0.,0.));
#8173=DIRECTION('',(0.,0.,-1.));
#8174=DIRECTION('',(-1.,0.,0.));
#8175=DIRECTION('',(0.,1.,0.));
#8176=DIRECTION('',(1.,0.,0.));
#8177=DIRECTION('',(0.,0.,1.));
#8178=DIRECTION('',(0.,-1.,0.));
#8179=DIRECTION('',(0.,-5.421010862428E-16,-1.));
#8180=DIRECTION('',(0.,1.,0.));
#8181=DIRECTION('',(0.,0.,1.));
#8182=DIRECTION('',(-2.541098841763E-16,1.,0.));
#8183=DIRECTION('',(-1.,-2.541098841763E-16,0.));
#8184=DIRECTION('',(0.,0.,1.));
#8185=DIRECTION('',(-1.,0.,0.));
#8186=DIRECTION('',(-1.,0.,0.));
#8187=DIRECTION('',(0.,0.,-1.));
#8188=DIRECTION('',(-1.,0.,0.));
#8189=DIRECTION('',(0.,1.,0.));
#8190=DIRECTION('',(-1.,0.,0.));
#8191=DIRECTION('',(0.,-1.,5.421010862428E-16));
#8192=DIRECTION('',(0.,-5.421010862428E-16,-1.));
#8193=DIRECTION('',(0.,-5.421010862428E-16,-1.));
#8194=DIRECTION('',(-1.,0.,0.));
#8195=DIRECTION('',(0.,0.,1.));
#8196=DIRECTION('',(1.,0.,0.));
#8197=DIRECTION('',(0.,-1.,0.));
#8198=DIRECTION('',(-1.,0.,0.));
#8199=DIRECTION('',(0.,0.,1.));
#8200=DIRECTION('',(0.,1.,0.));
#8201=DIRECTION('',(0.,0.,-1.));
#8202=DIRECTION('',(0.,-1.,0.));
#8203=DIRECTION('',(0.,-5.421010862428E-16,1.));
#8204=DIRECTION('',(0.,1.,5.421010862428E-16));
#8205=DIRECTION('',(0.,-5.421010862428E-16,1.));
#8206=DIRECTION('',(0.,-5.421010862428E-16,1.));
#8207=DIRECTION('',(1.,0.,0.));
#8208=DIRECTION('',(1.,0.,0.));
#8209=DIRECTION('',(0.,0.,1.));
#8210=DIRECTION('',(1.,0.,0.));
#8211=DIRECTION('',(0.,-1.,0.));
#8212=DIRECTION('',(1.,0.,0.));
#8213=DIRECTION('',(-2.541098841763E-16,-1.,0.));
#8214=DIRECTION('',(1.,-2.541098841763E-16,0.));
#8215=DIRECTION('',(0.,0.,-1.));
#8216=DIRECTION('',(1.,0.,0.));
#8217=DIRECTION('',(0.,0.,-1.));
#8218=DIRECTION('',(-1.,0.,0.));
#8219=DIRECTION('',(0.,1.,0.));
#8220=DIRECTION('',(-1.,0.,0.));
#8221=DIRECTION('',(0.,0.,1.));
#8222=DIRECTION('',(0.,-1.,0.));
#8223=DIRECTION('',(0.,0.,1.));
#8224=DIRECTION('',(0.,1.,0.));
#8225=DIRECTION('',(0.,-5.421010862428E-16,-1.));
#8226=DIRECTION('',(0.,-1.,5.421010862428E-16));
#8227=DIRECTION('',(0.,-5.421010862428E-16,-1.));
#8228=DIRECTION('',(0.,-5.421010862428E-16,-1.));
#8229=DIRECTION('',(1.,0.,0.));
#8230=DIRECTION('',(1.,0.,0.));
#8231=DIRECTION('',(0.,0.,-1.));
#8232=DIRECTION('',(-1.,0.,0.));
#8233=DIRECTION('',(0.,1.,0.));
#8234=DIRECTION('',(1.,0.,0.));
#8235=DIRECTION('',(-2.541098841763E-16,1.,0.));
#8236=DIRECTION('',(-1.,-2.541098841763E-16,0.));
#8237=DIRECTION('',(0.,0.,1.));
#8238=DIRECTION('',(1.,0.,0.));
#8239=DIRECTION('',(0.,0.,1.));
#8240=DIRECTION('',(1.,0.,0.));
#8241=DIRECTION('',(0.,-1.,0.));
#8242=DIRECTION('',(0.,-1.,0.));
#8243=DIRECTION('',(0.,0.,1.));
#8244=DIRECTION('',(-1.,0.,0.));
#8245=DIRECTION('',(0.,0.,1.));
#8246=DIRECTION('',(1.,0.,0.));
#8247=DIRECTION('',(0.,0.,-1.));
#8248=DIRECTION('',(1.,0.,0.));
#8249=DIRECTION('',(0.,1.,0.));
#8250=DIRECTION('',(0.,0.,-1.));
#8251=DIRECTION('',(0.,-1.,0.));
#8252=DIRECTION('',(0.,-1.,0.));
#8253=DIRECTION('',(0.,0.,1.));
#8254=DIRECTION('',(1.,0.,0.));
#8255=DIRECTION('',(1.,0.,0.));
#8256=DIRECTION('',(0.,-1.,0.));
#8257=DIRECTION('',(-1.,0.,0.));
#8258=DIRECTION('',(0.,0.,1.));
#8259=DIRECTION('',(0.,0.,1.));
#8260=DIRECTION('',(0.,-1.,0.));
#8261=DIRECTION('',(0.,0.,-1.));
#8262=DIRECTION('',(-1.,0.,0.));
#8263=DIRECTION('',(-1.,0.,0.));
#8264=DIRECTION('',(0.,-1.,0.));
#8265=DIRECTION('',(0.,0.,1.));
#8266=DIRECTION('',(-1.,0.,0.));
#8267=DIRECTION('',(0.,0.,1.));
#8268=DIRECTION('',(1.,0.,0.));
#8269=DIRECTION('',(0.,0.,-1.));
#8270=DIRECTION('',(1.,0.,0.));
#8271=DIRECTION('',(0.,0.,-1.));
#8272=DIRECTION('',(0.,0.,-1.));
#8273=DIRECTION('',(0.,-1.,0.));
#8274=DIRECTION('',(0.,-1.,0.));
#8275=DIRECTION('',(0.,0.,1.));
#8276=DIRECTION('',(1.,0.,0.));
#8277=DIRECTION('',(1.,0.,0.));
#8278=DIRECTION('',(0.,-1.,0.));
#8279=DIRECTION('',(-1.,0.,0.));
#8280=DIRECTION('',(0.,0.,1.));
#8281=DIRECTION('',(0.,0.,1.));
#8282=DIRECTION('',(0.,-1.,0.));
#8283=DIRECTION('',(0.,0.,-1.));
#8284=DIRECTION('',(-1.,0.,0.));
#8285=DIRECTION('',(-1.,0.,0.));
#8286=DIRECTION('',(0.,-1.,0.));
#8287=DIRECTION('',(0.,0.,1.));
#8288=DIRECTION('',(0.,0.,-1.));
#8289=DIRECTION('',(-1.,0.,0.));
#8290=DIRECTION('',(0.,0.,1.));
#8291=DIRECTION('',(1.,0.,0.));
#8292=DIRECTION('',(0.,0.,1.));
#8293=DIRECTION('',(1.,0.,0.));
#8294=DIRECTION('',(1.,0.,0.));
#8295=DIRECTION('',(0.,-1.,0.));
#8296=DIRECTION('',(0.,-1.,0.));
#8297=DIRECTION('',(-1.,0.,0.));
#8298=DIRECTION('',(0.,0.,1.));
#8299=DIRECTION('',(0.,0.,1.));
#8300=DIRECTION('',(0.,-1.,0.));
#8301=DIRECTION('',(0.,0.,-1.));
#8302=DIRECTION('',(-1.,0.,0.));
#8303=DIRECTION('',(-1.,0.,0.));
#8304=DIRECTION('',(0.,-1.,0.));
#8305=DIRECTION('',(1.,0.,0.));
#8306=DIRECTION('',(0.,0.,-1.));
#8307=DIRECTION('',(0.,0.,-1.));
#8308=DIRECTION('',(0.,1.,0.));
#8309=DIRECTION('',(0.,0.,1.));
#8310=DIRECTION('',(-1.,0.,0.));
#8311=DIRECTION('',(0.,0.,-1.));
#8312=DIRECTION('',(1.,0.,0.));
#8313=DIRECTION('',(0.,0.,1.));
#8314=DIRECTION('',(-1.,0.,0.));
#8315=DIRECTION('',(0.,0.,1.));
#8316=DIRECTION('',(0.,0.,1.));
#8317=DIRECTION('',(0.,1.,0.));
#8318=DIRECTION('',(0.,1.,0.));
#8319=DIRECTION('',(0.,0.,1.));
#8320=DIRECTION('',(1.,0.,0.));
#8321=DIRECTION('',(1.,0.,0.));
#8322=DIRECTION('',(0.,1.,0.));
#8323=DIRECTION('',(1.,0.,0.));
#8324=DIRECTION('',(0.,1.,0.));
#8325=DIRECTION('',(0.,0.,-1.));
#8326=DIRECTION('',(0.,1.,0.));
#8327=DIRECTION('',(0.,0.,-1.));
#8328=DIRECTION('',(-1.,0.,0.));
#8329=DIRECTION('',(-1.,0.,0.));
#8330=DIRECTION('',(0.,1.,0.));
#8331=DIRECTION('',(0.,0.,1.));
#8332=DIRECTION('',(-1.,0.,0.));
#8333=DIRECTION('',(0.,0.,-1.));
#8334=DIRECTION('',(1.,0.,0.));
#8335=DIRECTION('',(0.,0.,1.));
#8336=DIRECTION('',(-1.,0.,0.));
#8337=DIRECTION('',(0.,0.,1.));
#8338=DIRECTION('',(0.,0.,1.));
#8339=DIRECTION('',(0.,1.,0.));
#8340=DIRECTION('',(0.,1.,0.));
#8341=DIRECTION('',(0.,0.,1.));
#8342=DIRECTION('',(1.,0.,0.));
#8343=DIRECTION('',(1.,0.,0.));
#8344=DIRECTION('',(0.,1.,0.));
#8345=DIRECTION('',(1.,0.,0.));
#8346=DIRECTION('',(0.,0.,-1.));
#8347=DIRECTION('',(0.,0.,-1.));
#8348=DIRECTION('',(0.,1.,0.));
#8349=DIRECTION('',(0.,0.,-1.));
#8350=DIRECTION('',(-1.,0.,0.));
#8351=DIRECTION('',(-1.,0.,0.));
#8352=DIRECTION('',(0.,1.,0.));
#8353=DIRECTION('',(0.,0.,1.));
#8354=DIRECTION('',(0.,0.,-1.));
#8355=DIRECTION('',(1.,0.,0.));
#8356=DIRECTION('',(0.,0.,1.));
#8357=DIRECTION('',(-1.,0.,0.));
#8358=DIRECTION('',(0.,0.,-1.));
#8359=DIRECTION('',(-1.,0.,0.));
#8360=DIRECTION('',(-1.,0.,0.));
#8361=DIRECTION('',(0.,1.,0.));
#8362=DIRECTION('',(0.,1.,0.));
#8363=DIRECTION('',(-1.,0.,0.));
#8364=DIRECTION('',(0.,0.,1.));
#8365=DIRECTION('',(0.,0.,1.));
#8366=DIRECTION('',(0.,1.,0.));
#8367=DIRECTION('',(0.,0.,1.));
#8368=DIRECTION('',(1.,0.,0.));
#8369=DIRECTION('',(1.,0.,0.));
#8370=DIRECTION('',(0.,1.,0.));
#8371=DIRECTION('',(1.,0.,0.));
#8372=DIRECTION('',(0.,0.,-1.));
#8373=DIRECTION('',(0.,0.,-1.));
#8374=DIRECTION('',(0.,0.,1.));
#8375=DIRECTION('',(1.,0.,0.));
#8376=DIRECTION('',(0.,0.,1.));
#8377=DIRECTION('',(1.,0.,0.));
#8378=DIRECTION('',(0.707106781186548,0.707106781186548,0.));
#8379=DIRECTION('',(-0.707106781186548,0.707106781186548,0.));
#8380=DIRECTION('',(0.707106781186548,-0.707106781186548,0.));
#8381=DIRECTION('',(0.,0.,-1.));
#8382=DIRECTION('',(0.707106781186548,-0.707106781186548,0.));
#8383=DIRECTION('',(0.,0.,-1.));
#8384=DIRECTION('',(0.,0.,1.));
#8385=DIRECTION('',(1.,0.,0.));
#8386=DIRECTION('',(0.,1.,0.));
#8387=DIRECTION('',(0.707106781186548,0.707106781186548,0.));
#8388=DIRECTION('',(1.,3.388131789017E-16,0.));
#8389=DIRECTION('',(0.707106781186548,-0.707106781186548,0.));
#8390=DIRECTION('',(0.,-1.,0.));
#8391=DIRECTION('',(-0.707106781186548,-0.707106781186548,0.));
#8392=DIRECTION('',(-1.,-2.541098841763E-16,0.));
#8393=DIRECTION('',(-0.707106781186548,0.707106781186548,0.));
#8394=DIRECTION('',(0.707106781186548,0.707106781186548,0.));
#8395=DIRECTION('',(-0.707106781186548,0.707106781186548,0.));
#8396=DIRECTION('',(-0.707106781186548,0.707106781186548,0.));
#8397=DIRECTION('',(0.,0.,1.));
#8398=DIRECTION('',(0.,0.,1.));
#8399=DIRECTION('',(-2.541098841763E-16,1.,0.));
#8400=DIRECTION('',(-1.,-2.541098841763E-16,0.));
#8401=DIRECTION('',(-1.,-2.541098841763E-16,0.));
#8402=DIRECTION('',(0.,0.,1.));
#8403=DIRECTION('',(-0.707106781186548,0.707106781186548,0.));
#8404=DIRECTION('',(-0.707106781186548,-0.707106781186548,0.));
#8405=DIRECTION('',(-0.707106781186548,-0.707106781186548,0.));
#8406=DIRECTION('',(0.,0.,1.));
#8407=DIRECTION('',(-1.,0.,0.));
#8408=DIRECTION('',(0.,0.,1.));
#8409=DIRECTION('',(0.,-1.,0.));
#8410=DIRECTION('',(0.,0.,1.));
#8411=DIRECTION('',(-0.707106781186548,-0.707106781186548,0.));
#8412=DIRECTION('',(0.707106781186548,-0.707106781186548,0.));
#8413=DIRECTION('',(0.707106781186548,-0.707106781186548,0.));
#8414=DIRECTION('',(0.,0.,1.));
#8415=DIRECTION('',(3.388131789017E-16,-1.,0.));
#8416=DIRECTION('',(1.,3.388131789017E-16,0.));
#8417=DIRECTION('',(1.,3.388131789017E-16,0.));
#8418=DIRECTION('',(0.,0.,1.));
#8419=DIRECTION('',(0.707106781186548,-0.707106781186548,0.));
#8420=DIRECTION('',(0.707106781186548,0.707106781186548,0.));
#8421=DIRECTION('',(0.707106781186548,0.707106781186548,0.));
#8422=DIRECTION('',(0.,0.,1.));
#8423=DIRECTION('',(1.,0.,0.));
#8424=DIRECTION('',(0.,0.,-1.));
#8425=DIRECTION('',(0.,1.,0.));
#8426=DIRECTION('',(0.,0.,1.));
#8427=DIRECTION('',(1.,0.,0.));
#8428=DIRECTION('',(-0.707106781186548,0.707106781186548,0.));
#8429=DIRECTION('',(0.,1.,0.));
#8430=DIRECTION('',(0.707106781186548,0.707106781186548,0.));
#8431=DIRECTION('',(1.,3.388131789017E-16,0.));
#8432=DIRECTION('',(0.707106781186548,-0.707106781186548,0.));
#8433=DIRECTION('',(0.,-1.,0.));
#8434=DIRECTION('',(-0.707106781186548,-0.707106781186548,0.));
#8435=DIRECTION('',(-1.,-2.541098841763E-16,0.));
#8436=DIRECTION('',(-2.541098841763E-16,1.,0.));
#8437=DIRECTION('',(-1.,-2.541098841763E-16,0.));
#8438=DIRECTION('',(-1.,-2.541098841763E-16,0.));
#8439=DIRECTION('',(0.,0.,1.));
#8440=DIRECTION('',(0.,0.,1.));
#8441=DIRECTION('',(-0.707106781186548,0.707106781186548,0.));
#8442=DIRECTION('',(-0.707106781186548,-0.707106781186548,0.));
#8443=DIRECTION('',(-0.707106781186548,-0.707106781186548,0.));
#8444=DIRECTION('',(0.,0.,1.));
#8445=DIRECTION('',(-1.,0.,0.));
#8446=DIRECTION('',(0.,0.,1.));
#8447=DIRECTION('',(0.,-1.,0.));
#8448=DIRECTION('',(0.,0.,1.));
#8449=DIRECTION('',(-0.707106781186548,-0.707106781186548,0.));
#8450=DIRECTION('',(0.707106781186548,-0.707106781186548,0.));
#8451=DIRECTION('',(0.707106781186548,-0.707106781186548,0.));
#8452=DIRECTION('',(0.,0.,1.));
#8453=DIRECTION('',(3.388131789017E-16,-1.,0.));
#8454=DIRECTION('',(1.,3.388131789017E-16,0.));
#8455=DIRECTION('',(1.,3.388131789017E-16,0.));
#8456=DIRECTION('',(0.,0.,1.));
#8457=DIRECTION('',(0.707106781186548,-0.707106781186548,0.));
#8458=DIRECTION('',(0.707106781186548,0.707106781186548,0.));
#8459=DIRECTION('',(0.707106781186548,0.707106781186548,0.));
#8460=DIRECTION('',(0.,0.,1.));
#8461=DIRECTION('',(1.,0.,0.));
#8462=DIRECTION('',(0.,0.,-1.));
#8463=DIRECTION('',(0.,1.,0.));
#8464=DIRECTION('',(0.,0.,1.));
#8465=DIRECTION('',(0.707106781186548,0.707106781186548,0.));
#8466=DIRECTION('',(-0.707106781186548,0.707106781186548,0.));
#8467=DIRECTION('',(-0.707106781186548,0.707106781186548,0.));
#8468=DIRECTION('',(0.,0.,1.));
#8469=DIRECTION('',(1.,0.,0.));
#8470=DIRECTION('',(0.707106781186548,-0.707106781186548,0.));
#8471=DIRECTION('',(0.,-1.,0.));
#8472=DIRECTION('',(-0.707106781186548,-0.707106781186548,0.));
#8473=DIRECTION('',(-1.,2.541098841763E-16,0.));
#8474=DIRECTION('',(-0.707106781186548,0.707106781186548,0.));
#8475=DIRECTION('',(-6.776263578034E-16,1.,0.));
#8476=DIRECTION('',(0.707106781186548,0.707106781186548,0.));
#8477=DIRECTION('',(1.,0.,0.));
#8478=DIRECTION('',(3.388131789017E-16,-1.,0.));
#8479=DIRECTION('',(1.,3.388131789017E-16,0.));
#8480=DIRECTION('',(1.,0.,0.));
#8481=DIRECTION('',(0.,0.,1.));
#8482=DIRECTION('',(0.,0.,1.));
#8483=DIRECTION('',(0.707106781186548,-0.707106781186548,0.));
#8484=DIRECTION('',(0.707106781186548,0.707106781186548,0.));
#8485=DIRECTION('',(0.707106781186548,0.707106781186548,0.));
#8486=DIRECTION('',(0.,0.,1.));
#8487=DIRECTION('',(1.,0.,0.));
#8488=DIRECTION('',(0.,1.,0.));
#8489=DIRECTION('',(-6.776263578034E-16,1.,0.));
#8490=DIRECTION('',(0.,0.,1.));
#8491=DIRECTION('',(0.707106781186548,0.707106781186548,0.));
#8492=DIRECTION('',(-0.707106781186548,0.707106781186548,0.));
#8493=DIRECTION('',(-0.707106781186548,0.707106781186548,0.));
#8494=DIRECTION('',(0.,0.,1.));
#8495=DIRECTION('',(-2.541098841763E-16,1.,0.));
#8496=DIRECTION('',(-1.,-2.541098841763E-16,0.));
#8497=DIRECTION('',(-1.,2.541098841763E-16,0.));
#8498=DIRECTION('',(0.,0.,1.));
#8499=DIRECTION('',(-0.707106781186548,0.707106781186548,0.));
#8500=DIRECTION('',(-0.707106781186548,-0.707106781186548,0.));
#8501=DIRECTION('',(-0.707106781186548,-0.707106781186548,0.));
#8502=DIRECTION('',(0.,0.,1.));
#8503=DIRECTION('',(-1.,0.,0.));
#8504=DIRECTION('',(0.,0.,1.));
#8505=DIRECTION('',(0.,-1.,0.));
#8506=DIRECTION('',(0.,0.,1.));
#8507=DIRECTION('',(-0.707106781186548,-0.707106781186548,0.));
#8508=DIRECTION('',(0.707106781186548,-0.707106781186548,0.));
#8509=DIRECTION('',(0.707106781186548,-0.707106781186548,0.));
#8510=DIRECTION('',(0.,0.,1.));
#8511=DIRECTION('',(1.,0.,0.));
#8512=DIRECTION('',(-1.,3.388131789017E-16,0.));
#8513=DIRECTION('',(0.,1.,0.));
#8514=DIRECTION('',(0.707106781186548,0.707106781186548,0.));
#8515=DIRECTION('',(1.,-2.541098841763E-16,0.));
#8516=DIRECTION('',(0.707106781186548,-0.707106781186548,0.));
#8517=DIRECTION('',(0.,-1.,0.));
#8518=DIRECTION('',(-0.707106781186548,-0.707106781186548,0.));
#8519=DIRECTION('',(-0.707106781186548,0.707106781186548,0.));
#8520=DIRECTION('',(-0.707106781186548,-0.707106781186548,0.));
#8521=DIRECTION('',(-0.707106781186548,-0.707106781186548,0.));
#8522=DIRECTION('',(0.,0.,1.));
#8523=DIRECTION('',(0.,0.,1.));
#8524=DIRECTION('',(-1.,0.,0.));
#8525=DIRECTION('',(0.,0.,1.));
#8526=DIRECTION('',(0.,-1.,0.));
#8527=DIRECTION('',(0.,0.,1.));
#8528=DIRECTION('',(-0.707106781186548,-0.707106781186548,0.));
#8529=DIRECTION('',(0.707106781186548,-0.707106781186548,0.));
#8530=DIRECTION('',(0.707106781186548,-0.707106781186548,0.));
#8531=DIRECTION('',(0.,0.,1.));
#8532=DIRECTION('',(-2.541098841763E-16,-1.,0.));
#8533=DIRECTION('',(1.,-2.541098841763E-16,0.));
#8534=DIRECTION('',(1.,-2.541098841763E-16,0.));
#8535=DIRECTION('',(0.,0.,1.));
#8536=DIRECTION('',(0.707106781186548,-0.707106781186548,0.));
#8537=DIRECTION('',(0.707106781186548,0.707106781186548,0.));
#8538=DIRECTION('',(0.707106781186548,0.707106781186548,0.));
#8539=DIRECTION('',(0.,0.,1.));
#8540=DIRECTION('',(1.,0.,0.));
#8541=DIRECTION('',(0.,0.,-1.));
#8542=DIRECTION('',(0.,1.,0.));
#8543=DIRECTION('',(3.388131789017E-16,1.,0.));
#8544=DIRECTION('',(-1.,3.388131789017E-16,0.));
#8545=DIRECTION('',(-1.,3.388131789017E-16,0.));
#8546=DIRECTION('',(0.,0.,1.));
#8547=DIRECTION('',(1.,0.,0.));
#8548=DIRECTION('',(0.,-1.,0.));
#8549=DIRECTION('',(-0.707106781186548,-0.707106781186548,0.));
#8550=DIRECTION('',(-1.,0.,0.));
#8551=DIRECTION('',(-0.707106781186548,0.707106781186548,0.));
#8552=DIRECTION('',(6.776263578034E-16,1.,0.));
#8553=DIRECTION('',(0.707106781186548,0.707106781186548,0.));
#8554=DIRECTION('',(1.,2.541098841763E-16,0.));
#8555=DIRECTION('',(0.707106781186548,-0.707106781186548,0.));
#8556=DIRECTION('',(-0.707106781186548,-0.707106781186548,0.));
#8557=DIRECTION('',(0.707106781186548,-0.707106781186548,0.));
#8558=DIRECTION('',(0.707106781186548,-0.707106781186548,0.));
#8559=DIRECTION('',(0.,0.,1.));
#8560=DIRECTION('',(0.,0.,1.));
#8561=DIRECTION('',(-2.541098841763E-16,-1.,0.));
#8562=DIRECTION('',(1.,-2.541098841763E-16,0.));
#8563=DIRECTION('',(1.,2.541098841763E-16,0.));
#8564=DIRECTION('',(0.,0.,1.));
#8565=DIRECTION('',(0.707106781186548,-0.707106781186548,0.));
#8566=DIRECTION('',(0.707106781186548,0.707106781186548,0.));
#8567=DIRECTION('',(0.707106781186548,0.707106781186548,0.));
#8568=DIRECTION('',(0.,0.,1.));
#8569=DIRECTION('',(1.,0.,0.));
#8570=DIRECTION('',(0.,1.,0.));
#8571=DIRECTION('',(6.776263578034E-16,1.,0.));
#8572=DIRECTION('',(0.,0.,1.));
#8573=DIRECTION('',(0.707106781186548,0.707106781186548,0.));
#8574=DIRECTION('',(-0.707106781186548,0.707106781186548,0.));
#8575=DIRECTION('',(-0.707106781186548,0.707106781186548,0.));
#8576=DIRECTION('',(0.,0.,1.));
#8577=DIRECTION('',(3.388131789017E-16,1.,0.));
#8578=DIRECTION('',(-1.,3.388131789017E-16,0.));
#8579=DIRECTION('',(-1.,0.,0.));
#8580=DIRECTION('',(0.,0.,1.));
#8581=DIRECTION('',(-0.707106781186548,0.707106781186548,0.));
#8582=DIRECTION('',(-0.707106781186548,-0.707106781186548,0.));
#8583=DIRECTION('',(-0.707106781186548,-0.707106781186548,0.));
#8584=DIRECTION('',(0.,0.,1.));
#8585=DIRECTION('',(-1.,0.,0.));
#8586=DIRECTION('',(0.,0.,1.));
#8587=DIRECTION('',(0.,-1.,0.));
#8588=DIRECTION('',(0.,0.,1.));
#8589=DIRECTION('',(1.,0.,0.));
#8590=DIRECTION('',(-1.,3.388131789017E-16,0.));
#8591=DIRECTION('',(-0.707106781186548,0.707106781186548,0.));
#8592=DIRECTION('',(0.,1.,0.));
#8593=DIRECTION('',(0.707106781186548,0.707106781186548,0.));
#8594=DIRECTION('',(1.,-2.541098841763E-16,0.));
#8595=DIRECTION('',(0.707106781186548,-0.707106781186548,0.));
#8596=DIRECTION('',(0.,-1.,0.));
#8597=DIRECTION('',(-0.707106781186548,-0.707106781186548,0.));
#8598=DIRECTION('',(-0.707106781186548,0.707106781186548,0.));
#8599=DIRECTION('',(-0.707106781186548,-0.707106781186548,0.));
#8600=DIRECTION('',(-0.707106781186548,-0.707106781186548,0.));
#8601=DIRECTION('',(0.,0.,1.));
#8602=DIRECTION('',(0.,0.,1.));
#8603=DIRECTION('',(-1.,0.,0.));
#8604=DIRECTION('',(0.,0.,1.));
#8605=DIRECTION('',(0.,-1.,0.));
#8606=DIRECTION('',(0.,0.,1.));
#8607=DIRECTION('',(-0.707106781186548,-0.707106781186548,0.));
#8608=DIRECTION('',(0.707106781186548,-0.707106781186548,0.));
#8609=DIRECTION('',(0.707106781186548,-0.707106781186548,0.));
#8610=DIRECTION('',(0.,0.,1.));
#8611=DIRECTION('',(-2.541098841763E-16,-1.,0.));
#8612=DIRECTION('',(1.,-2.541098841763E-16,0.));
#8613=DIRECTION('',(1.,-2.541098841763E-16,0.));
#8614=DIRECTION('',(0.,0.,1.));
#8615=DIRECTION('',(0.707106781186548,-0.707106781186548,0.));
#8616=DIRECTION('',(0.707106781186548,0.707106781186548,0.));
#8617=DIRECTION('',(0.707106781186548,0.707106781186548,0.));
#8618=DIRECTION('',(0.,0.,1.));
#8619=DIRECTION('',(1.,0.,0.));
#8620=DIRECTION('',(0.,0.,-1.));
#8621=DIRECTION('',(0.,1.,0.));
#8622=DIRECTION('',(0.,0.,1.));
#8623=DIRECTION('',(0.707106781186548,0.707106781186548,0.));
#8624=DIRECTION('',(-0.707106781186548,0.707106781186548,0.));
#8625=DIRECTION('',(-0.707106781186548,0.707106781186548,0.));
#8626=DIRECTION('',(0.,0.,1.));
#8627=DIRECTION('',(3.388131789017E-16,1.,0.));
#8628=DIRECTION('',(-1.,3.388131789017E-16,0.));
#8629=DIRECTION('',(-1.,3.388131789017E-16,0.));
#8630=DIRECTION('',(0.,1.,0.));
#8631=DIRECTION('',(0.,0.,1.));
#8632=DIRECTION('',(-1.,0.,0.));
#8633=DIRECTION('',(1.,0.,0.));
#8634=DIRECTION('',(0.,1.,0.));
#8635=DIRECTION('',(1.548860246408E-16,1.,0.));
#8636=DIRECTION('',(0.,0.,1.));
#8637=DIRECTION('',(1.,0.,0.));
#8638=DIRECTION('',(0.,-1.,0.));
#8639=DIRECTION('',(1.,0.,0.));
#8640=DIRECTION('',(0.,-1.,0.));
#8641=DIRECTION('',(0.,0.,-1.));
#8642=DIRECTION('',(-1.,0.,0.));
#8643=DIRECTION('',(0.,0.,1.));
#8644=DIRECTION('',(0.,0.,-1.));
#8645=DIRECTION('',(-1.,0.,0.));
#8646=DIRECTION('',(0.,0.,-1.));
#8647=DIRECTION('',(1.,0.,0.));
#8648=DIRECTION('',(0.,0.,1.));
#8649=DIRECTION('',(1.,0.,0.));
#8650=DIRECTION('',(0.,0.,1.));
#8651=DIRECTION('',(1.,0.,0.));
#8652=CARTESIAN_POINT('',(0.,0.,0.));
#8653=CARTESIAN_POINT('',(0.,0.,0.000449999970197636));
#8654=CARTESIAN_POINT('',(0.000445755787793,0.000282362930106,0.000449999970198));
#8655=CARTESIAN_POINT('',(0.000445755787793,0.000293884451059,0.000449999970198));
#8656=CARTESIAN_POINT('',(0.000445755787793,0.000270841409153,0.000449999970198));
#8657=CARTESIAN_POINT('',(0.000445755787793,0.000282362930106,0.000449999970198));
#8658=CARTESIAN_POINT('',(0.000445755787793,0.000270841409153,0.000450999970158));
#8659=CARTESIAN_POINT('',(0.000445755787793,0.000270841409153,0.000449999970198));
#8660=CARTESIAN_POINT('',(0.00045195968239,0.000270841409153,0.000450999970158));
#8661=CARTESIAN_POINT('',(0.00045195968239,0.000270841409153,0.000449999970198));
#8662=CARTESIAN_POINT('',(0.000457277303111,0.000275863610883,0.000450999970158));
#8663=CARTESIAN_POINT('',(0.000457277303111,0.000275863610883,0.000449999970198));
#8664=CARTESIAN_POINT('',(0.000457277303111,0.000288862249329,0.000450999970158));
#8665=CARTESIAN_POINT('',(0.000457277303111,0.000288862249329,0.000449999970198));
#8666=CARTESIAN_POINT('',(0.00045195968239,0.000293884451059,0.000450999970158));
#8667=CARTESIAN_POINT('',(0.00045195968239,0.000293884451059,0.000449999970198));
#8668=CARTESIAN_POINT('',(0.000445755787793,0.000293884451059,0.000450999970158));
#8669=CARTESIAN_POINT('',(0.000445755787793,0.000293884451059,0.000449999970198));
#8670=CARTESIAN_POINT('',(0.000445755787793,0.000270841409153,0.000450999970158));
#8671=CARTESIAN_POINT('',(0.000445755787793,0.000270841409153,0.000450999970158));
#8672=CARTESIAN_POINT('',(0.000445755787793,0.000282362930106,0.000450999970158));
#8673=CARTESIAN_POINT('',(0.000445755787793,0.000293884451059,0.000450999970158));
#8674=CARTESIAN_POINT('',(0.000445755787793,0.000293884451059,0.000450999970158));
#8675=CARTESIAN_POINT('',(0.000445755787793,0.000293884451059,0.000450999970158));
#8676=CARTESIAN_POINT('',(0.000445755787793,0.000293884451059,0.000449999970198));
#8677=CARTESIAN_POINT('',(0.000439256474204,0.000293884451059,0.000450999970158));
#8678=CARTESIAN_POINT('',(0.000439256474204,0.000293884451059,0.000449999970198));
#8679=CARTESIAN_POINT('',(0.000434234272474,0.000288566819069,0.000450999970158));
#8680=CARTESIAN_POINT('',(0.000434234272474,0.000288566819069,0.000449999970198));
#8681=CARTESIAN_POINT('',(0.000434234272474,0.000282362930106,0.000450999970158));
#8682=CARTESIAN_POINT('',(0.000434234272474,0.000282362930106,0.000449999970198));
#8683=CARTESIAN_POINT('',(0.000434234272474,0.000275863610883,0.000450999970158));
#8684=CARTESIAN_POINT('',(0.000434234272474,0.000275863610883,0.000449999970198));
#8685=CARTESIAN_POINT('',(0.000439551893195,0.000270841409153,0.000450999970158));
#8686=CARTESIAN_POINT('',(0.000439551893195,0.000270841409153,0.000449999970198));
#8687=CARTESIAN_POINT('',(0.000445755787793,0.000270841409153,0.000450999970158));
#8688=CARTESIAN_POINT('',(0.000445755787793,0.000270841409153,0.000449999970198));
#8689=CARTESIAN_POINT('',(0.000445755787793,0.000282362930106,0.000450999970158));
#8690=CARTESIAN_POINT('',(0.000332017746466,0.0002788178346,0.000450999970158));
#8691=CARTESIAN_POINT('',(0.000332017746466,0.0002788178346,0.000449999970198));
#8692=CARTESIAN_POINT('',(0.000324927577992,0.000271136828144,0.000450999970158));
#8693=CARTESIAN_POINT('',(0.000324927577992,0.000271136828144,0.000449999970198));
#8694=CARTESIAN_POINT('',(0.000321087074764,0.000261092424684,0.000450999970158));
#8695=CARTESIAN_POINT('',(0.000321087074764,0.000261092424684,0.000449999970198));
#8696=CARTESIAN_POINT('',(0.000321087074764,0.000250752602233,0.000450999970158));
#8697=CARTESIAN_POINT('',(0.000321087074764,0.000250752602233,0.000449999970198));
#8698=CARTESIAN_POINT('',(0.000362440726576199,0.000250807660896941,0.000449999970197999));
#8699=CARTESIAN_POINT('',(0.000332017746466,0.0002788178346,0.000449999970198));
#8700=CARTESIAN_POINT('',(0.000321087074764,0.000250752602233,0.000449999970198));
#8701=CARTESIAN_POINT('',(0.000321087074764,0.000250752602233,0.000450999970158));
#8702=CARTESIAN_POINT('',(0.000321087074764,0.000250752602233,0.000450999970158));
#8703=CARTESIAN_POINT('',(0.000362440726576199,0.000250807660896941,0.000450999970158));
#8704=CARTESIAN_POINT('',(0.000332017746466,0.0002788178346,0.000450999970158));
#8705=CARTESIAN_POINT('',(0.000332017746466,0.0002788178346,0.000450999970158));
#8706=CARTESIAN_POINT('',(0.000358901280331,0.000292111892037,0.000450999970158));
#8707=CARTESIAN_POINT('',(0.000358901280331,0.000292111892037,0.000449999970198));
#8708=CARTESIAN_POINT('',(0.00034856145788,0.000291225623795,0.000450999970158));
#8709=CARTESIAN_POINT('',(0.00034856145788,0.000291225623795,0.000449999970198));
#8710=CARTESIAN_POINT('',(0.000339107903671,0.000286498841055,0.000450999970158));
#8711=CARTESIAN_POINT('',(0.000339107903671,0.000286498841055,0.000449999970198));
#8712=CARTESIAN_POINT('',(0.000332017746466,0.0002788178346,0.000450999970158));
#8713=CARTESIAN_POINT('',(0.000332017746466,0.0002788178346,0.000449999970198));
#8714=CARTESIAN_POINT('',(0.000358901280331,0.000292111892037,0.000449999970198));
#8715=CARTESIAN_POINT('',(0.00034856145788,0.000291225623795,0.000449999970198));
#8716=CARTESIAN_POINT('',(0.000339107903671,0.000286498841055,0.000449999970198));
#8717=CARTESIAN_POINT('',(0.000332017746466,0.0002788178346,0.000449999970198));
#8718=CARTESIAN_POINT('',(0.000358901280331,0.000292111892037,0.000449999970198));
#8719=CARTESIAN_POINT('',(0.000358901280331,0.000292111892037,0.000450999970158));
#8720=CARTESIAN_POINT('',(0.00034856145788,0.000291225623795,0.000450999970158));
#8721=CARTESIAN_POINT('',(0.000339107903671,0.000286498841055,0.000450999970158));
#8722=CARTESIAN_POINT('',(0.000332017746466,0.0002788178346,0.000450999970158));
#8723=CARTESIAN_POINT('',(0.000358901280331,0.000292111892037,0.000450999970158));
#8724=CARTESIAN_POINT('',(0.000358901280331,0.000292111892037,0.000450999970158));
#8725=CARTESIAN_POINT('',(0.000359787548573,0.000292111892037,0.000450999970158));
#8726=CARTESIAN_POINT('',(0.000359787548573,0.000292111892037,0.000449999970198));
#8727=CARTESIAN_POINT('',(0.000376331259987,0.000292111892037,0.000449999970198));
#8728=CARTESIAN_POINT('',(0.000376331259987,0.000292111892037,0.000450999970158));
#8729=CARTESIAN_POINT('',(0.000376331259987,0.000292111892037,0.000450999970158));
#8730=CARTESIAN_POINT('',(0.000376331259987,0.000292111892037,0.000450999970158));
#8731=CARTESIAN_POINT('',(0.000384898545954,0.000282953768088,0.000450999970158));
#8732=CARTESIAN_POINT('',(0.000384898545954,0.000282953768088,0.000449999970198));
#8733=CARTESIAN_POINT('',(0.000384898545954,0.000287680539558,0.000450999970158));
#8734=CARTESIAN_POINT('',(0.000384898545954,0.000287680539558,0.000449999970198));
#8735=CARTESIAN_POINT('',(0.000381058042726,0.000291816473046,0.000450999970158));
#8736=CARTESIAN_POINT('',(0.000381058042726,0.000291816473046,0.000449999970198));
#8737=CARTESIAN_POINT('',(0.000376331259987,0.000292111892037,0.000450999970158));
#8738=CARTESIAN_POINT('',(0.000376331259987,0.000292111892037,0.000449999970198));
#8739=CARTESIAN_POINT('',(0.000384898545954,0.000282953768088,0.000449999970198));
#8740=CARTESIAN_POINT('',(0.000384898545954,0.000287680539558,0.000449999970198));
#8741=CARTESIAN_POINT('',(0.000381058042726,0.000291816473046,0.000449999970198));
#8742=CARTESIAN_POINT('',(0.000376331259987,0.000292111892037,0.000449999970198));
#8743=CARTESIAN_POINT('',(0.000384898545954,0.000282953768088,0.000449999970198));
#8744=CARTESIAN_POINT('',(0.000384898545954,0.000282953768088,0.000450999970158));
#8745=CARTESIAN_POINT('',(0.000384898545954,0.000287680539558,0.000450999970158));
#8746=CARTESIAN_POINT('',(0.000381058042726,0.000291816473046,0.000450999970158));
#8747=CARTESIAN_POINT('',(0.000376331259987,0.000292111892037,0.000450999970158));
#8748=CARTESIAN_POINT('',(0.000384898545954,0.000282953768088,0.000450999970158));
#8749=CARTESIAN_POINT('',(0.000384898545954,0.000282953768088,0.000450999970158));
#8750=CARTESIAN_POINT('',(0.000375688238916985,0.000282997198619659,0.000450799970166));
#8751=CARTESIAN_POINT('',(0.000375705163810417,0.000282989026282583,0.000449999970198));
#8752=CARTESIAN_POINT('',(0.000375740422005,0.000273795644139,0.000449999970198));
#8753=CARTESIAN_POINT('',(0.000375705163810417,0.000282989026282583,0.000450999970158));
#8754=CARTESIAN_POINT('',(0.000375740422005,0.000273795644139,0.000450999970158));
#8755=CARTESIAN_POINT('',(0.000375740422005,0.000273795644139,0.000450999970158));
#8756=CARTESIAN_POINT('',(0.000373967885521,0.00027409106313,0.000450999970158));
#8757=CARTESIAN_POINT('',(0.000373967885521,0.00027409106313,0.000449999970198));
#8758=CARTESIAN_POINT('',(0.000374558734772,0.00027409106313,0.000450999970158));
#8759=CARTESIAN_POINT('',(0.000374558734772,0.00027409106313,0.000449999970198));
#8760=CARTESIAN_POINT('',(0.000375149584024,0.000273795644139,0.000450999970158));
#8761=CARTESIAN_POINT('',(0.000375149584024,0.000273795644139,0.000449999970198));
#8762=CARTESIAN_POINT('',(0.000375740422005,0.000273795644139,0.000450999970158));
#8763=CARTESIAN_POINT('',(0.000375740422005,0.000273795644139,0.000449999970198));
#8764=CARTESIAN_POINT('',(0.000373967885521,0.00027409106313,0.000449999970198));
#8765=CARTESIAN_POINT('',(0.000374558734772,0.00027409106313,0.000449999970198));
#8766=CARTESIAN_POINT('',(0.000375149584024,0.000273795644139,0.000449999970198));
#8767=CARTESIAN_POINT('',(0.000375740422005,0.000273795644139,0.000449999970198));
#8768=CARTESIAN_POINT('',(0.000373967885521,0.00027409106313,0.000449999970198));
#8769=CARTESIAN_POINT('',(0.000373967885521,0.00027409106313,0.000450999970158));
#8770=CARTESIAN_POINT('',(0.000374558734772,0.00027409106313,0.000450999970158));
#8771=CARTESIAN_POINT('',(0.000375149584024,0.000273795644139,0.000450999970158));
#8772=CARTESIAN_POINT('',(0.000375740422005,0.000273795644139,0.000450999970158));
#8773=CARTESIAN_POINT('',(0.000373967885521,0.00027409106313,0.000450999970158));
#8774=CARTESIAN_POINT('',(0.000373967885521,0.00027409106313,0.000450999970158));
#8775=CARTESIAN_POINT('',(0.000360673828084,0.00027409106313,0.000450999970158));
#8776=CARTESIAN_POINT('',(0.000360673828084,0.00027409106313,0.000449999970198));
#8777=CARTESIAN_POINT('',(0.000360673828084,0.00027409106313,0.000449999970198));
#8778=CARTESIAN_POINT('',(0.000360673828084,0.00027409106313,0.000450999970158));
#8779=CARTESIAN_POINT('',(0.000360673828084,0.00027409106313,0.000450999970158));
#8780=CARTESIAN_POINT('',(0.000360673828084,0.00027409106313,0.000450999970158));
#8781=CARTESIAN_POINT('',(0.000339403333931,0.000251048032493,0.000450999970158));
#8782=CARTESIAN_POINT('',(0.000339403333931,0.000251048032493,0.000449999970198));
#8783=CARTESIAN_POINT('',(0.000339403333931,0.000263160397063,0.000450999970158));
#8784=CARTESIAN_POINT('',(0.000339403333931,0.000263160397063,0.000449999970198));
#8785=CARTESIAN_POINT('',(0.00034856145788,0.000273204794888,0.000450999970158));
#8786=CARTESIAN_POINT('',(0.00034856145788,0.000273204794888,0.000449999970198));
#8787=CARTESIAN_POINT('',(0.000360673828084,0.00027409106313,0.000450999970158));
#8788=CARTESIAN_POINT('',(0.000360673828084,0.00027409106313,0.000449999970198));
#8789=CARTESIAN_POINT('',(0.000339403333931,0.000251048032493,0.000449999970198));
#8790=CARTESIAN_POINT('',(0.000339403333931,0.000263160397063,0.000449999970198));
#8791=CARTESIAN_POINT('',(0.00034856145788,0.000273204794888,0.000449999970198));
#8792=CARTESIAN_POINT('',(0.000360673828084,0.00027409106313,0.000449999970198));
#8793=CARTESIAN_POINT('',(0.000339403333931,0.000251048032493,0.000449999970198));
#8794=CARTESIAN_POINT('',(0.000339403333931,0.000251048032493,0.000450999970158));
#8795=CARTESIAN_POINT('',(0.000339403333931,0.000263160397063,0.000450999970158));
#8796=CARTESIAN_POINT('',(0.00034856145788,0.000273204794888,0.000450999970158));
#8797=CARTESIAN_POINT('',(0.000360673828084,0.00027409106313,0.000450999970158));
#8798=CARTESIAN_POINT('',(0.000339403333931,0.000251048032493,0.000450999970158));
#8799=CARTESIAN_POINT('',(0.000339403333931,0.000251048032493,0.000450999970158));
#8800=CARTESIAN_POINT('',(0.000362471648425141,0.000251058739802791,0.000450799970166));
#8801=CARTESIAN_POINT('',(0.000362461833869556,0.000251063501794556,0.000449999970198));
#8802=CARTESIAN_POINT('',(0.000362446364568,0.000228005001856,0.000449999970198));
#8803=CARTESIAN_POINT('',(0.000362461833869556,0.000251063501794556,0.000450999970158));
#8804=CARTESIAN_POINT('',(0.000362446364568,0.000228005001856,0.000450999970158));
#8805=CARTESIAN_POINT('',(0.000362446364568,0.000228005001856,0.000450999970158));
#8806=CARTESIAN_POINT('',(0.000364809750303,0.000228005001856,0.000450999970158));
#8807=CARTESIAN_POINT('',(0.000364809750303,0.000228005001856,0.000449999970197636));
#8808=CARTESIAN_POINT('',(0.000364809601584408,0.000228004835188654,0.000449999970198));
#8809=CARTESIAN_POINT('',(0.000329506642784,0.000228005001855999,0.000450999970158));
#8810=CARTESIAN_POINT('',(0.000364809601584408,0.000228004835188654,0.000450999970158));
#8811=CARTESIAN_POINT('',(0.000364809750303,0.000228005001856,0.000450999970158));
#8812=CARTESIAN_POINT('',(0.000406169040107,0.000191077064531,0.000450999970158));
#8813=CARTESIAN_POINT('',(0.000406169040107,0.000191077064531,0.000449999970198));
#8814=CARTESIAN_POINT('',(0.000384898545954,0.000191077064531,0.000450999970158));
#8815=CARTESIAN_POINT('',(0.000384898545954,0.000191077064531,0.000449999970198));
#8816=CARTESIAN_POINT('',(0.000367173136038,0.000207325356954,0.000450999970158));
#8817=CARTESIAN_POINT('',(0.000367173136038,0.000207325356954,0.000449999970198));
#8818=CARTESIAN_POINT('',(0.000364809750303,0.000228005001856,0.000450999970158));
#8819=CARTESIAN_POINT('',(0.000364809750303,0.000228005001856,0.000449999970198));
#8820=CARTESIAN_POINT('',(0.000406169040107,0.000191077064531,0.000449999970198));
#8821=CARTESIAN_POINT('',(0.000384898545954,0.000191077064531,0.000449999970198));
#8822=CARTESIAN_POINT('',(0.000367173136038,0.000207325356954,0.000449999970198));
#8823=CARTESIAN_POINT('',(0.000364809750303,0.000228005001856,0.000449999970198));
#8824=CARTESIAN_POINT('',(0.000406169040107,0.000191077064531,0.000449999970198));
#8825=CARTESIAN_POINT('',(0.000406169040107,0.000191077064531,0.000450999970158));
#8826=CARTESIAN_POINT('',(0.000384898545954,0.000191077064531,0.000450999970158));
#8827=CARTESIAN_POINT('',(0.000367173136038,0.000207325356954,0.000450999970158));
#8828=CARTESIAN_POINT('',(0.000364809750303,0.000228005001856,0.000450999970158));
#8829=CARTESIAN_POINT('',(0.000406169040107,0.000191077064531,0.000450999970158));
#8830=CARTESIAN_POINT('',(0.000406169040107,0.000191077064531,0.000450999970158));
#8831=CARTESIAN_POINT('',(0.000445755782158,0.00021943770462,0.000450999970158));
#8832=CARTESIAN_POINT('',(0.000445755782158,0.00021943770462,0.000449999970198));
#8833=CARTESIAN_POINT('',(0.000440142742446,0.000202894004475,0.000450999970158));
#8834=CARTESIAN_POINT('',(0.000440142742446,0.000202894004475,0.000449999970198));
#8835=CARTESIAN_POINT('',(0.000424780718265,0.000191077064531,0.000450999970158));
#8836=CARTESIAN_POINT('',(0.000424780718265,0.000191077064531,0.000449999970198));
#8837=CARTESIAN_POINT('',(0.000406169040107,0.000191077064531,0.000450999970158));
#8838=CARTESIAN_POINT('',(0.000406169040107,0.000191077064531,0.000449999970198));
#8839=CARTESIAN_POINT('',(0.000445755782158,0.00021943770462,0.000449999970198));
#8840=CARTESIAN_POINT('',(0.000440142742446,0.000202894004475,0.000449999970198));
#8841=CARTESIAN_POINT('',(0.000424780718265,0.000191077064531,0.000449999970198));
#8842=CARTESIAN_POINT('',(0.000406169040107,0.000191077064531,0.000449999970198));
#8843=CARTESIAN_POINT('',(0.000445755873572656,0.000219437455320298,0.000449999970198));
#8844=CARTESIAN_POINT('',(0.000445755782158,0.00021943770462,0.000450999970158));
#8845=CARTESIAN_POINT('',(0.000440142742446,0.000202894004475,0.000450999970158));
#8846=CARTESIAN_POINT('',(0.000424780718265,0.000191077064531,0.000450999970158));
#8847=CARTESIAN_POINT('',(0.000406169040107,0.000191077064531,0.000450999970158));
#8848=CARTESIAN_POINT('',(0.000445755873492592,0.000219437455084325,0.000450999970158));
#8849=CARTESIAN_POINT('',(0.000445755782158,0.00021943770462,0.000450999970158));
#8850=CARTESIAN_POINT('',(0.00046141322533,0.00021500635214,0.000450999970158));
#8851=CARTESIAN_POINT('',(0.00046141322533,0.00021500635214,0.000449999970198));
#8852=CARTESIAN_POINT('',(0.000455800179983,0.00021500635214,0.000450999970158));
#8853=CARTESIAN_POINT('',(0.000455800179983,0.00021500635214,0.000449999970198));
#8854=CARTESIAN_POINT('',(0.000450187134637,0.000216778894259,0.000450999970158));
#8855=CARTESIAN_POINT('',(0.000450187134637,0.000216778894259,0.000449999970198));
#8856=CARTESIAN_POINT('',(0.000445755782158,0.00021943770462,0.000450999970158));
#8857=CARTESIAN_POINT('',(0.000445755782158,0.00021943770462,0.000449999970198));
#8858=CARTESIAN_POINT('',(0.00046141322533,0.00021500635214,0.000449999970198));
#8859=CARTESIAN_POINT('',(0.000455800179983,0.00021500635214,0.000449999970198));
#8860=CARTESIAN_POINT('',(0.000450187134637,0.000216778894259,0.000449999970198));
#8861=CARTESIAN_POINT('',(0.000445755782158,0.00021943770462,0.000449999970198));
#8862=CARTESIAN_POINT('',(0.00046141322533,0.00021500635214,0.000449999970198));
#8863=CARTESIAN_POINT('',(0.00046141322533,0.00021500635214,0.000450999970158));
#8864=CARTESIAN_POINT('',(0.000455800179983,0.00021500635214,0.000450999970158));
#8865=CARTESIAN_POINT('',(0.000450187134637,0.000216778894259,0.000450999970158));
#8866=CARTESIAN_POINT('',(0.000445755782158,0.00021943770462,0.000450999970158));
#8867=CARTESIAN_POINT('',(0.00046141322533,0.00021500635214,0.000450999970158));
#8868=CARTESIAN_POINT('',(0.00046141322533,0.00021500635214,0.000450999970158));
#8869=CARTESIAN_POINT('',(0.00049095557519,0.000244548702,0.000450999970158));
#8870=CARTESIAN_POINT('',(0.00049095557519,0.000244548702,0.000449999970198));
#8871=CARTESIAN_POINT('',(0.00049095557519,0.000228300409577,0.000450999970158));
#8872=CARTESIAN_POINT('',(0.00049095557519,0.000228300409577,0.000449999970198));
#8873=CARTESIAN_POINT('',(0.000477661517753,0.00021500635214,0.000450999970158));
#8874=CARTESIAN_POINT('',(0.000477661517753,0.00021500635214,0.000449999970198));
#8875=CARTESIAN_POINT('',(0.00046141322533,0.00021500635214,0.000450999970158));
#8876=CARTESIAN_POINT('',(0.00046141322533,0.00021500635214,0.000449999970198));
#8877=CARTESIAN_POINT('',(0.00049095557519,0.000244548702,0.000449999970198));
#8878=CARTESIAN_POINT('',(0.00049095557519,0.000228300409577,0.000449999970198));
#8879=CARTESIAN_POINT('',(0.000477661517753,0.00021500635214,0.000449999970198));
#8880=CARTESIAN_POINT('',(0.00046141322533,0.00021500635214,0.000449999970198));
#8881=CARTESIAN_POINT('',(0.00049095557519,0.000244548702,0.000449999970198));
#8882=CARTESIAN_POINT('',(0.00049095557519,0.000244548702,0.000450999970158));
#8883=CARTESIAN_POINT('',(0.00049095557519,0.000228300409577,0.000450999970158));
#8884=CARTESIAN_POINT('',(0.000477661517753,0.00021500635214,0.000450999970158));
#8885=CARTESIAN_POINT('',(0.00046141322533,0.00021500635214,0.000450999970158));
#8886=CARTESIAN_POINT('',(0.00049095557519,0.000244548702,0.000450999970158));
#8887=CARTESIAN_POINT('',(0.00049095557519,0.000244548702,0.000450999970158));
#8888=CARTESIAN_POINT('',(0.000473230165274,0.000271727666125,0.000450999970158));
#8889=CARTESIAN_POINT('',(0.000473230165274,0.000271727666125,0.000449999970198));
#8890=CARTESIAN_POINT('',(0.000483569987725,0.000267000889021,0.000450999970158));
#8891=CARTESIAN_POINT('',(0.000483569987725,0.000267000889021,0.000449999970198));
#8892=CARTESIAN_POINT('',(0.00049095557519,0.00025666106657,0.000450999970158));
#8893=CARTESIAN_POINT('',(0.00049095557519,0.00025666106657,0.000449999970198));
#8894=CARTESIAN_POINT('',(0.00049095557519,0.000244548702,0.000450999970158));
#8895=CARTESIAN_POINT('',(0.00049095557519,0.000244548702,0.000449999970198));
#8896=CARTESIAN_POINT('',(0.000473230165274,0.000271727666125,0.000449999970198));
#8897=CARTESIAN_POINT('',(0.000483569987725,0.000267000889021,0.000449999970198));
#8898=CARTESIAN_POINT('',(0.00049095557519,0.00025666106657,0.000449999970198));
#8899=CARTESIAN_POINT('',(0.00049095557519,0.000244548702,0.000449999970198));
#8900=CARTESIAN_POINT('',(0.000473230259505104,0.000271727439790116,0.000449999970198));
#8901=CARTESIAN_POINT('',(0.000473230165274,0.000271727666125,0.000450999970158));
#8902=CARTESIAN_POINT('',(0.000483569987725,0.000267000889021,0.000450999970158));
#8903=CARTESIAN_POINT('',(0.00049095557519,0.00025666106657,0.000450999970158));
#8904=CARTESIAN_POINT('',(0.00049095557519,0.000244548702,0.000450999970158));
#8905=CARTESIAN_POINT('',(0.000473230259505034,0.000271727439790214,0.000450999970158));
#8906=CARTESIAN_POINT('',(0.000473230165274,0.000271727666125,0.000450999970158));
#8907=CARTESIAN_POINT('',(0.000445460357532,0.000252229714091,0.000450999970158));
#8908=CARTESIAN_POINT('',(0.000445460357532,0.000252229714091,0.000449999970198));
#8909=CARTESIAN_POINT('',(0.000458163571353,0.000252229714091,0.000450999970158));
#8910=CARTESIAN_POINT('',(0.000458163571353,0.000252229714091,0.000449999970198));
#8911=CARTESIAN_POINT('',(0.00046909423742,0.000260501569798,0.000450999970158));
#8912=CARTESIAN_POINT('',(0.00046909423742,0.000260501569798,0.000449999970198));
#8913=CARTESIAN_POINT('',(0.000473230165274,0.000271727666125,0.000450999970158));
#8914=CARTESIAN_POINT('',(0.000473230165274,0.000271727666125,0.000449999970198));
#8915=CARTESIAN_POINT('',(0.000445460357532,0.000252229714091,0.000449999970198));
#8916=CARTESIAN_POINT('',(0.000458163571353,0.000252229714091,0.000449999970198));
#8917=CARTESIAN_POINT('',(0.00046909423742,0.000260501569798,0.000449999970198));
#8918=CARTESIAN_POINT('',(0.000473230165274,0.000271727666125,0.000449999970198));
#8919=CARTESIAN_POINT('',(0.000445460357532,0.000252229714091,0.000449999970198));
#8920=CARTESIAN_POINT('',(0.000445460357532,0.000252229714091,0.000450999970158));
#8921=CARTESIAN_POINT('',(0.000458163571353,0.000252229714091,0.000450999970158));
#8922=CARTESIAN_POINT('',(0.00046909423742,0.000260501569798,0.000450999970158));
#8923=CARTESIAN_POINT('',(0.000473230165274,0.000271727666125,0.000450999970158));
#8924=CARTESIAN_POINT('',(0.000445460357532,0.000252229714091,0.000450999970158));
#8925=CARTESIAN_POINT('',(0.000445460357532,0.000252229714091,0.000450999970158));
#8926=CARTESIAN_POINT('',(0.000423303595137,0.000262274111916,0.000450999970158));
#8927=CARTESIAN_POINT('',(0.000423303595137,0.000262274111916,0.000449999970198));
#8928=CARTESIAN_POINT('',(0.000428621215858,0.000256070217319,0.000450999970158));
#8929=CARTESIAN_POINT('',(0.000428621215858,0.000256070217319,0.000449999970198));
#8930=CARTESIAN_POINT('',(0.000436597652574,0.000252229714091,0.000450999970158));
#8931=CARTESIAN_POINT('',(0.000436597652574,0.000252229714091,0.000449999970198));
#8932=CARTESIAN_POINT('',(0.000445460357532,0.000252229714091,0.000450999970158));
#8933=CARTESIAN_POINT('',(0.000445460357532,0.000252229714091,0.000449999970198));
#8934=CARTESIAN_POINT('',(0.000423303595137,0.000262274111916,0.000449999970198));
#8935=CARTESIAN_POINT('',(0.000428621215858,0.000256070217319,0.000449999970198));
#8936=CARTESIAN_POINT('',(0.000436597652574,0.000252229714091,0.000449999970198));
#8937=CARTESIAN_POINT('',(0.000445460357532,0.000252229714091,0.000449999970198));
#8938=CARTESIAN_POINT('',(0.000423303595137038,0.000262274111915927,0.000449999970198));
#8939=CARTESIAN_POINT('',(0.000423303595137,0.000262274111916,0.000450999970158));
#8940=CARTESIAN_POINT('',(0.000428621215858,0.000256070217319,0.000450999970158));
#8941=CARTESIAN_POINT('',(0.000436597652574,0.000252229714091,0.000450999970158));
#8942=CARTESIAN_POINT('',(0.000445460357532,0.000252229714091,0.000450999970158));
#8943=CARTESIAN_POINT('',(0.000423303595137038,0.000262274111915927,0.000450999970158));
#8944=CARTESIAN_POINT('',(0.000423303595137,0.000262274111916,0.000450999970158));
#8945=CARTESIAN_POINT('',(0.000383716847452,0.000241594467014,0.000450999970158));
#8946=CARTESIAN_POINT('',(0.000383716847452,0.000241594467014,0.000449999970198));
#8947=CARTESIAN_POINT('',(0.000383716847452054,0.00024159446701403,0.000449999970198));
#8948=CARTESIAN_POINT('',(0.000383716847452,0.000241594467014,0.000450999970158));
#8949=CARTESIAN_POINT('',(0.000383716847452054,0.00024159446701403,0.000450999970158));
#8950=CARTESIAN_POINT('',(0.000383716847452,0.000241594467014,0.000450999970158));
#8951=CARTESIAN_POINT('',(0.000374558723503,0.000257251915821,0.000450999970158));
#8952=CARTESIAN_POINT('',(0.000374558723503,0.000257251915821,0.000449999970198));
#8953=CARTESIAN_POINT('',(0.000374558723503094,0.000257251915820834,0.000449999970198));
#8954=CARTESIAN_POINT('',(0.000374558723503,0.000257251915821,0.000450999970158));
#8955=CARTESIAN_POINT('',(0.000374558723503094,0.000257251915820834,0.000450999970158));
#8956=CARTESIAN_POINT('',(0.000374558723503,0.000257251915821,0.000450999970158));
#8957=CARTESIAN_POINT('',(0.000415918013307,0.00027911325359,0.000450999970158));
#8958=CARTESIAN_POINT('',(0.000415918013307,0.00027911325359,0.000449999970198));
#8959=CARTESIAN_POINT('',(0.000415918013307,0.00027911325359,0.000449999970198));
#8960=CARTESIAN_POINT('',(0.000415918013307,0.00027911325359,0.000450999970158));
#8961=CARTESIAN_POINT('',(0.000415918013307,0.00027911325359,0.000450999970158));
#8962=CARTESIAN_POINT('',(0.000415918013307,0.00027911325359,0.000450999970158));
#8963=CARTESIAN_POINT('',(0.000415918013307,0.000282067488577,0.000450999970158));
#8964=CARTESIAN_POINT('',(0.000415918013307,0.000282067488577,0.000449999970197636));
#8965=CARTESIAN_POINT('',(0.000415918013307,0.000282067488577,0.000449999970198));
#8966=CARTESIAN_POINT('',(0.000415918013307,0.000226749451424,0.000450999970158));
#8967=CARTESIAN_POINT('',(0.000415918013307,0.000282067488577,0.000450999970158));
#8968=CARTESIAN_POINT('',(0.000415918013307,0.000282067488577,0.000450999970158));
#8969=CARTESIAN_POINT('',(0.000445460363167,0.000311609838436,0.000450999970158));
#8970=CARTESIAN_POINT('',(0.000445460363167,0.000311609838436,0.000449999970198));
#8971=CARTESIAN_POINT('',(0.000429212070744,0.000311609838436,0.000450999970158));
#8972=CARTESIAN_POINT('',(0.000429212070744,0.000311609838436,0.000449999970198));
#8973=CARTESIAN_POINT('',(0.000415918013307,0.000298315781,0.000450999970158));
#8974=CARTESIAN_POINT('',(0.000415918013307,0.000298315781,0.000449999970198));
#8975=CARTESIAN_POINT('',(0.000415918013307,0.000282067488577,0.000450999970158));
#8976=CARTESIAN_POINT('',(0.000415918013307,0.000282067488577,0.000449999970198));
#8977=CARTESIAN_POINT('',(0.000445460363167,0.000311609838436,0.000449999970198));
#8978=CARTESIAN_POINT('',(0.000429212070744,0.000311609838436,0.000449999970198));
#8979=CARTESIAN_POINT('',(0.000415918013307,0.000298315781,0.000449999970198));
#8980=CARTESIAN_POINT('',(0.000415918013307,0.000282067488577,0.000449999970198));
#8981=CARTESIAN_POINT('',(0.000445460363167,0.000311609838436,0.000449999970198));
#8982=CARTESIAN_POINT('',(0.000445460363167,0.000311609838436,0.000450999970158));
#8983=CARTESIAN_POINT('',(0.000429212070744,0.000311609838436,0.000450999970158));
#8984=CARTESIAN_POINT('',(0.000415918013307,0.000298315781,0.000450999970158));
#8985=CARTESIAN_POINT('',(0.000415918013307,0.000282067488577,0.000450999970158));
#8986=CARTESIAN_POINT('',(0.000445460363167,0.000311609838436,0.000450999970158));
#8987=CARTESIAN_POINT('',(0.000445460363167,0.000311609838436,0.000450999970158));
#8988=CARTESIAN_POINT('',(0.000473525598351,0.000291521042785,0.000450999970158));
#8989=CARTESIAN_POINT('',(0.000473525598351,0.000291521042785,0.000449999970198));
#8990=CARTESIAN_POINT('',(0.000469685092306,0.00030333798273,0.000450999970158));
#8991=CARTESIAN_POINT('',(0.000469685092306,0.00030333798273,0.000449999970198));
#8992=CARTESIAN_POINT('',(0.000458459001613,0.000311609838436,0.000450999970158));
#8993=CARTESIAN_POINT('',(0.000458459001613,0.000311609838436,0.000449999970198));
#8994=CARTESIAN_POINT('',(0.000445460363167,0.000311609838436,0.000450999970158));
#8995=CARTESIAN_POINT('',(0.000445460363167,0.000311609838436,0.000449999970198));
#8996=CARTESIAN_POINT('',(0.000473525598351,0.000291521042785,0.000449999970198));
#8997=CARTESIAN_POINT('',(0.000469685092306,0.00030333798273,0.000449999970198));
#8998=CARTESIAN_POINT('',(0.000458459001613,0.000311609838436,0.000449999970198));
#8999=CARTESIAN_POINT('',(0.000445460363167,0.000311609838436,0.000449999970198));
#9000=CARTESIAN_POINT('',(0.000473525728510754,0.000291521181525525,0.000449999970198));
#9001=CARTESIAN_POINT('',(0.000473525598351,0.000291521042785,0.000450999970158));
#9002=CARTESIAN_POINT('',(0.000469685092306,0.00030333798273,0.000450999970158));
#9003=CARTESIAN_POINT('',(0.000458459001613,0.000311609838436,0.000450999970158));
#9004=CARTESIAN_POINT('',(0.000445460363167,0.000311609838436,0.000450999970158));
#9005=CARTESIAN_POINT('',(0.000473525728510754,0.000291521181525525,0.000450999970158));
#9006=CARTESIAN_POINT('',(0.000473525598351,0.000291521042785,0.000450999970158));
#9007=CARTESIAN_POINT('',(0.000497159478239,0.000277340717107,0.000450999970158));
#9008=CARTESIAN_POINT('',(0.000497159478239,0.000277340717107,0.000449999970198));
#9009=CARTESIAN_POINT('',(0.000490660161834,0.000284430885581,0.000450999970158));
#9010=CARTESIAN_POINT('',(0.000490660161834,0.000284430885581,0.000449999970198));
#9011=CARTESIAN_POINT('',(0.000482683725118,0.000289157657051,0.000450999970158));
#9012=CARTESIAN_POINT('',(0.000482683725118,0.000289157657051,0.000449999970198));
#9013=CARTESIAN_POINT('',(0.000473525598351,0.000291521042785,0.000450999970158));
#9014=CARTESIAN_POINT('',(0.000473525598351,0.000291521042785,0.000449999970198));
#9015=CARTESIAN_POINT('',(0.000461775362844332,0.00024515224794923,0.000449999970198));
#9016=CARTESIAN_POINT('',(0.000497159478239,0.000277340717107,0.000449999970198));
#9017=CARTESIAN_POINT('',(0.000461775362844332,0.00024515224794923,0.000450999970158));
#9018=CARTESIAN_POINT('',(0.000497159478239,0.000277340717107,0.000450999970158));
#9019=CARTESIAN_POINT('',(0.000497159478239,0.000277340717107,0.000450999970158));
#9020=CARTESIAN_POINT('',(0.000509567264617,0.000245139562521,0.000450999970158));
#9021=CARTESIAN_POINT('',(0.000509567264617,0.000245139562521,0.000449999970198));
#9022=CARTESIAN_POINT('',(0.000509567264617,0.000256956502465,0.000450999970158));
#9023=CARTESIAN_POINT('',(0.000509567264617,0.000256956502465,0.000449999970198));
#9024=CARTESIAN_POINT('',(0.000505135912138,0.000268478023418,0.000450999970158));
#9025=CARTESIAN_POINT('',(0.000505135912138,0.000268478023418,0.000449999970198));
#9026=CARTESIAN_POINT('',(0.000497159478239,0.000277340717107,0.000450999970158));
#9027=CARTESIAN_POINT('',(0.000497159478239,0.000277340717107,0.000449999970198));
#9028=CARTESIAN_POINT('',(0.00046131702475411,0.000245038792557595,0.000449999970198));
#9029=CARTESIAN_POINT('',(0.000509567264617,0.000245139562521,0.000449999970198));
#9030=CARTESIAN_POINT('',(0.00046131702475411,0.000245038792557595,0.000450999970158));
#9031=CARTESIAN_POINT('',(0.000509567264617,0.000245139562521,0.000450999970158));
#9032=CARTESIAN_POINT('',(0.000509567264617,0.000245139562521,0.000450999970158));
#9033=CARTESIAN_POINT('',(0.000495682352294,0.000211461287625,0.000450999970158));
#9034=CARTESIAN_POINT('',(0.000495682352294,0.000211461287625,0.000449999970198));
#9035=CARTESIAN_POINT('',(0.000504545065,0.000220323989765,0.000450999970158));
#9036=CARTESIAN_POINT('',(0.000504545065,0.000220323989765,0.000449999970198));
#9037=CARTESIAN_POINT('',(0.000509567264617,0.000232436354335,0.000450999970158));
#9038=CARTESIAN_POINT('',(0.000509567264617,0.000232436354335,0.000449999970198));
#9039=CARTESIAN_POINT('',(0.000509567264617,0.000245139562521,0.000450999970158));
#9040=CARTESIAN_POINT('',(0.000509567264617,0.000245139562521,0.000449999970198));
#9041=CARTESIAN_POINT('',(0.000461958137787425,0.000245066520083454,0.000449999970198));
#9042=CARTESIAN_POINT('',(0.000495682352294,0.000211461287625,0.000449999970198));
#9043=CARTESIAN_POINT('',(0.000461958137787425,0.000245066520083454,0.000450999970158));
#9044=CARTESIAN_POINT('',(0.000495682352294,0.000211461287625,0.000450999970158));
#9045=CARTESIAN_POINT('',(0.000495682352294,0.000211461287625,0.000450999970158));
#9046=CARTESIAN_POINT('',(0.000461708649955,0.000197280959129,0.000450999970158));
#9047=CARTESIAN_POINT('',(0.000461708649955,0.000197280959129,0.000449999970198));
#9048=CARTESIAN_POINT('',(0.000474411860958,0.000197280959129,0.000450999970158));
#9049=CARTESIAN_POINT('',(0.000474411860958,0.000197280959129,0.000449999970198));
#9050=CARTESIAN_POINT('',(0.000486524222711,0.000202303158041,0.000450999970158));
#9051=CARTESIAN_POINT('',(0.000486524222711,0.000202303158041,0.000449999970198));
#9052=CARTESIAN_POINT('',(0.000495682352294,0.000211461287625,0.000450999970158));
#9053=CARTESIAN_POINT('',(0.000495682352294,0.000211461287625,0.000449999970198));
#9054=CARTESIAN_POINT('',(0.000461708649955,0.000197280959129,0.000449999970198));
#9055=CARTESIAN_POINT('',(0.000474411860958,0.000197280959129,0.000449999970198));
#9056=CARTESIAN_POINT('',(0.000486524222711,0.000202303158041,0.000449999970198));
#9057=CARTESIAN_POINT('',(0.000495682352294,0.000211461287625,0.000449999970198));
#9058=CARTESIAN_POINT('',(0.000461708649955,0.000197280959129,0.000449999970198));
#9059=CARTESIAN_POINT('',(0.000461708649955,0.000197280959129,0.000450999970158));
#9060=CARTESIAN_POINT('',(0.000474411860958,0.000197280959129,0.000450999970158));
#9061=CARTESIAN_POINT('',(0.000486524222711,0.000202303158041,0.000450999970158));
#9062=CARTESIAN_POINT('',(0.000495682352294,0.000211461287625,0.000450999970158));
#9063=CARTESIAN_POINT('',(0.000461708649955,0.000197280959129,0.000450999970158));
#9064=CARTESIAN_POINT('',(0.000461708649955,0.000197280959129,0.000450999970158));
#9065=CARTESIAN_POINT('',(0.000454913911741,0.000197871805562,0.000450999970158));
#9066=CARTESIAN_POINT('',(0.000454913911741,0.000197871805562,0.000449999970198));
#9067=CARTESIAN_POINT('',(0.000457277297476,0.000197576380937,0.000450999970158));
#9068=CARTESIAN_POINT('',(0.000457277297476,0.000197576380937,0.000449999970198));
#9069=CARTESIAN_POINT('',(0.00045934526422,0.000197280959129,0.000450999970158));
#9070=CARTESIAN_POINT('',(0.00045934526422,0.000197280959129,0.000449999970198));
#9071=CARTESIAN_POINT('',(0.000461708649955,0.000197280959129,0.000450999970158));
#9072=CARTESIAN_POINT('',(0.000461708649955,0.000197280959129,0.000449999970198));
#9073=CARTESIAN_POINT('',(0.000454913911741,0.000197871805562,0.000449999970198));
#9074=CARTESIAN_POINT('',(0.000457277297476,0.000197576380937,0.000449999970198));
#9075=CARTESIAN_POINT('',(0.00045934526422,0.000197280959129,0.000449999970198));
#9076=CARTESIAN_POINT('',(0.000461708649955,0.000197280959129,0.000449999970198));
#9077=CARTESIAN_POINT('',(0.000454913985842065,0.000197871628088181,0.000449999970198));
#9078=CARTESIAN_POINT('',(0.000454913911741,0.000197871805562,0.000450999970158));
#9079=CARTESIAN_POINT('',(0.000457277297476,0.000197576380937,0.000450999970158));
#9080=CARTESIAN_POINT('',(0.00045934526422,0.000197280959129,0.000450999970158));
#9081=CARTESIAN_POINT('',(0.000461708649955,0.000197280959129,0.000450999970158));
#9082=CARTESIAN_POINT('',(0.000454913986013256,0.000197871628313006,0.000450999970158));
#9083=CARTESIAN_POINT('',(0.000454913911741,0.000197871805562,0.000450999970158));
#9084=CARTESIAN_POINT('',(0.00044191527893,0.000184873171342,0.000450999970158));
#9085=CARTESIAN_POINT('',(0.00044191527893,0.000184873171342,0.000449999970198));
#9086=CARTESIAN_POINT('',(0.00044693748066,0.000188418254171,0.000450999970158));
#9087=CARTESIAN_POINT('',(0.00044693748066,0.000188418254171,0.000449999970198));
#9088=CARTESIAN_POINT('',(0.000451073408513,0.000192849606649,0.000450999970158));
#9089=CARTESIAN_POINT('',(0.000451073408513,0.000192849606649,0.000449999970198));
#9090=CARTESIAN_POINT('',(0.000454913911741,0.000197871805562,0.000450999970158));
#9091=CARTESIAN_POINT('',(0.000454913911741,0.000197871805562,0.000449999970198));
#9092=CARTESIAN_POINT('',(0.00044191527893,0.000184873171342,0.000449999970198));
#9093=CARTESIAN_POINT('',(0.00044693748066,0.000188418254171,0.000449999970198));
#9094=CARTESIAN_POINT('',(0.000451073408513,0.000192849606649,0.000449999970198));
#9095=CARTESIAN_POINT('',(0.000454913911741,0.000197871805562,0.000449999970198));
#9096=CARTESIAN_POINT('',(0.00044191527893,0.000184873171342,0.000449999970198));
#9097=CARTESIAN_POINT('',(0.00044191527893,0.000184873171342,0.000450999970158));
#9098=CARTESIAN_POINT('',(0.00044693748066,0.000188418254171,0.000450999970158));
#9099=CARTESIAN_POINT('',(0.000451073408513,0.000192849606649,0.000450999970158));
#9100=CARTESIAN_POINT('',(0.000454913911741,0.000197871805562,0.000450999970158));
#9101=CARTESIAN_POINT('',(0.00044191527893,0.000184873171342,0.000450999970158));
#9102=CARTESIAN_POINT('',(0.00044191527893,0.000184873171342,0.000450999970158));
#9103=CARTESIAN_POINT('',(0.000406464459098,0.000173351654615,0.000450999970158));
#9104=CARTESIAN_POINT('',(0.000406464459098,0.000173351654615,0.000449999970198));
#9105=CARTESIAN_POINT('',(0.000419463091909,0.000173351654615,0.000450999970158));
#9106=CARTESIAN_POINT('',(0.000419463091909,0.000173351654615,0.000449999970198));
#9107=CARTESIAN_POINT('',(0.000431575456479,0.000177487583525,0.000450999970158));
#9108=CARTESIAN_POINT('',(0.000431575456479,0.000177487583525,0.000449999970198));
#9109=CARTESIAN_POINT('',(0.00044191527893,0.000184873171342,0.000450999970158));
#9110=CARTESIAN_POINT('',(0.00044191527893,0.000184873171342,0.000449999970198));
#9111=CARTESIAN_POINT('',(0.000406464459098,0.000173351654615,0.000449999970198));
#9112=CARTESIAN_POINT('',(0.000419463091909,0.000173351654615,0.000449999970198));
#9113=CARTESIAN_POINT('',(0.000431575456479,0.000177487583525,0.000449999970198));
#9114=CARTESIAN_POINT('',(0.00044191527893,0.000184873171342,0.000449999970198));
#9115=CARTESIAN_POINT('',(0.000406464459098,0.000173351654615,0.000449999970198));
#9116=CARTESIAN_POINT('',(0.000406464459098,0.000173351654615,0.000450999970158));
#9117=CARTESIAN_POINT('',(0.000419463091909,0.000173351654615,0.000450999970158));
#9118=CARTESIAN_POINT('',(0.000431575456479,0.000177487583525,0.000450999970158));
#9119=CARTESIAN_POINT('',(0.00044191527893,0.000184873171342,0.000450999970158));
#9120=CARTESIAN_POINT('',(0.000406464459098,0.000173351654615,0.000450999970158));
#9121=CARTESIAN_POINT('',(0.000406464459098,0.000173351654615,0.000450999970158));
#9122=CARTESIAN_POINT('',(0.000366286867796,0.000188713677388,0.000450999970158));
#9123=CARTESIAN_POINT('',(0.000366286867796,0.000188713677388,0.000449999970198));
#9124=CARTESIAN_POINT('',(0.000377512958489,0.000178964701018,0.000450999970158));
#9125=CARTESIAN_POINT('',(0.000377512958489,0.000178964701018,0.000449999970198));
#9126=CARTESIAN_POINT('',(0.000391693284168,0.000173351654615,0.000450999970158));
#9127=CARTESIAN_POINT('',(0.000391693284168,0.000173351654615,0.000449999970198));
#9128=CARTESIAN_POINT('',(0.000406464459098,0.000173351654615,0.000450999970158));
#9129=CARTESIAN_POINT('',(0.000406464459098,0.000173351654615,0.000449999970198));
#9130=CARTESIAN_POINT('',(0.000366286867796,0.000188713677388,0.000449999970198));
#9131=CARTESIAN_POINT('',(0.000377512958489,0.000178964701018,0.000449999970198));
#9132=CARTESIAN_POINT('',(0.000391693284168,0.000173351654615,0.000449999970198));
#9133=CARTESIAN_POINT('',(0.000406464459098,0.000173351654615,0.000449999970198));
#9134=CARTESIAN_POINT('',(0.000366286867796,0.000188713677388,0.000449999970198));
#9135=CARTESIAN_POINT('',(0.000366286867796,0.000188713677388,0.000450999970158));
#9136=CARTESIAN_POINT('',(0.000377512958489,0.000178964701018,0.000450999970158));
#9137=CARTESIAN_POINT('',(0.000391693284168,0.000173351654615,0.000450999970158));
#9138=CARTESIAN_POINT('',(0.000406464459098,0.000173351654615,0.000450999970158));
#9139=CARTESIAN_POINT('',(0.000366286867796,0.000188713677388,0.000450999970158));
#9140=CARTESIAN_POINT('',(0.000366286867796,0.000188713677388,0.000450999970158));
#9141=CARTESIAN_POINT('',(0.000350333994364,0.000212052134058,0.000450999970158));
#9142=CARTESIAN_POINT('',(0.000350333994364,0.000212052134058,0.000449999970198));
#9143=CARTESIAN_POINT('',(0.000353583648341,0.000203189429101,0.000450999970158));
#9144=CARTESIAN_POINT('',(0.000353583648341,0.000203189429101,0.000449999970198));
#9145=CARTESIAN_POINT('',(0.000359196699322,0.000195212995202,0.000450999970158));
#9146=CARTESIAN_POINT('',(0.000359196699322,0.000195212995202,0.000449999970198));
#9147=CARTESIAN_POINT('',(0.000366286867796,0.000188713677388,0.000450999970158));
#9148=CARTESIAN_POINT('',(0.000366286867796,0.000188713677388,0.000449999970198));
#9149=CARTESIAN_POINT('',(0.000350333994364,0.000212052134058,0.000449999970198));
#9150=CARTESIAN_POINT('',(0.000353583648341,0.000203189429101,0.000449999970198));
#9151=CARTESIAN_POINT('',(0.000359196699322,0.000195212995202,0.000449999970198));
#9152=CARTESIAN_POINT('',(0.000366286867796,0.000188713677388,0.000449999970198));
#9153=CARTESIAN_POINT('',(0.000350333866260854,0.000212051999282556,0.000449999970198));
#9154=CARTESIAN_POINT('',(0.000350333994364,0.000212052134058,0.000450999970158));
#9155=CARTESIAN_POINT('',(0.000353583648341,0.000203189429101,0.000450999970158));
#9156=CARTESIAN_POINT('',(0.000359196699322,0.000195212995202,0.000450999970158));
#9157=CARTESIAN_POINT('',(0.000366286867796,0.000188713677388,0.000450999970158));
#9158=CARTESIAN_POINT('',(0.000350333866126927,0.00021205199965058,0.000450999970158));
#9159=CARTESIAN_POINT('',(0.000350333994364,0.000212052134058,0.000450999970158));
#9160=CARTESIAN_POINT('',(0.000321087074764,0.000250752602233,0.000450999970158));
#9161=CARTESIAN_POINT('',(0.000321087074764,0.000250752602233,0.000449999970198));
#9162=CARTESIAN_POINT('',(0.000321382493755,0.000233027203586,0.000450999970158));
#9163=CARTESIAN_POINT('',(0.000321382493755,0.000233027203586,0.000449999970198));
#9164=CARTESIAN_POINT('',(0.000333494863959,0.00021736975478,0.000450999970158));
#9165=CARTESIAN_POINT('',(0.000333494863959,0.00021736975478,0.000449999970198));
#9166=CARTESIAN_POINT('',(0.000350333994364,0.000212052134058,0.000450999970158));
#9167=CARTESIAN_POINT('',(0.000350333994364,0.000212052134058,0.000449999970198));
#9168=CARTESIAN_POINT('',(0.000321087074764,0.000250752602233,0.000449999970198));
#9169=CARTESIAN_POINT('',(0.000321382493755,0.000233027203586,0.000449999970198));
#9170=CARTESIAN_POINT('',(0.000333494863959,0.00021736975478,0.000449999970198));
#9171=CARTESIAN_POINT('',(0.000350333994364,0.000212052134058,0.000449999970198));
#9172=CARTESIAN_POINT('',(0.000321087074764,0.000250752602233,0.000450999970158));
#9173=CARTESIAN_POINT('',(0.000321382493755,0.000233027203586,0.000450999970158));
#9174=CARTESIAN_POINT('',(0.000333494863959,0.00021736975478,0.000450999970158));
#9175=CARTESIAN_POINT('',(0.000350333994364,0.000212052134058,0.000450999970158));
#9176=CARTESIAN_POINT('',(0.000329506642784,0.000226749451424,0.000450999970158));
#9177=CARTESIAN_POINT('',(0.,0.,0.000449999970197636));
#9178=CARTESIAN_POINT('',(9.403441685341E-5,0.000275908189848,0.000449999970198));
#9179=CARTESIAN_POINT('',(9.40344168532339E-5,0.000275908189848,0.000449999970198));
#9180=CARTESIAN_POINT('',(8.008848420892E-5,0.000275908189848,0.000449999970198));
#9181=CARTESIAN_POINT('',(8.008848420892E-5,0.000275908189848,0.000449999970198));
#9182=CARTESIAN_POINT('',(8.63657471130197E-5,0.000258637750792971,0.000449999970198));
#9183=CARTESIAN_POINT('',(6.68613894066202E-5,0.000252768283343289,0.000449999970197999));
#9184=CARTESIAN_POINT('',(8.701365411317E-5,0.000255727480005,0.000449999970198));
#9185=CARTESIAN_POINT('',(8.701365411317E-5,0.000255727480005,0.000449999970198));
#9186=CARTESIAN_POINT('',(8.714111122811E-5,0.000255727480005,0.000449999970198));
#9187=CARTESIAN_POINT('',(0.000103295020395607,0.000253488828881181,0.000449999970198));
#9188=CARTESIAN_POINT('',(8.782088250712E-5,0.000258637750793,0.000449999970198));
#9189=CARTESIAN_POINT('',(8.782088250712E-5,0.000258637750793,0.000449999970198));
#9190=CARTESIAN_POINT('',(8.78208825069533E-5,0.00025863775079306,0.000450999970158));
#9191=CARTESIAN_POINT('',(8.782088250712E-5,0.000258637750793,0.000450999970158));
#9192=CARTESIAN_POINT('',(8.782088250712E-5,0.000258637750793,0.000450999970158));
#9193=CARTESIAN_POINT('',(8.782088250712E-5,0.000258637750793,0.000450999970158));
#9194=CARTESIAN_POINT('',(9.40344168532666E-5,0.000275908189848009,0.000450999970158));
#9195=CARTESIAN_POINT('',(9.403441685341E-5,0.000275908189848,0.000450999970158));
#9196=CARTESIAN_POINT('',(8.714111122811E-5,0.000255727480005,0.000450999970158));
#9197=CARTESIAN_POINT('',(8.714111122811E-5,0.000255727480005,0.000449999970198));
#9198=CARTESIAN_POINT('',(8.73429183266E-5,0.0002569808083,0.000450999970158));
#9199=CARTESIAN_POINT('',(8.73429183266E-5,0.0002569808083,0.000449999970198));
#9200=CARTESIAN_POINT('',(8.756596827724E-5,0.000257957979514,0.000450999970158));
#9201=CARTESIAN_POINT('',(8.756596827724E-5,0.000257957979514,0.000449999970198));
#9202=CARTESIAN_POINT('',(8.782088250712E-5,0.000258637750793,0.000450999970158));
#9203=CARTESIAN_POINT('',(8.782088250712E-5,0.000258637750793,0.000449999970198));
#9204=CARTESIAN_POINT('',(8.714111122811E-5,0.000255727480005,0.000450999970158));
#9205=CARTESIAN_POINT('',(8.714111122811E-5,0.000255727480005,0.000450999970158));
#9206=CARTESIAN_POINT('',(0.000103295020395607,0.000253488828881181,0.000450999970158002));
#9207=CARTESIAN_POINT('',(8.701365411317E-5,0.000255727480005,0.000450999970158));
#9208=CARTESIAN_POINT('',(8.701365411317E-5,0.000255727480005,0.000450999970158));
#9209=CARTESIAN_POINT('',(8.701365411317E-5,0.000255727480005,0.000450999970158));
#9210=CARTESIAN_POINT('',(8.701365411317E-5,0.000255727480005,0.000450999970158));
#9211=CARTESIAN_POINT('',(8.63657471131E-5,0.000258637750793,0.000450999970158));
#9212=CARTESIAN_POINT('',(8.63657471131E-5,0.000258637750793,0.000449999970198));
#9213=CARTESIAN_POINT('',(8.656755421131E-5,0.000258064193776,0.000450999970158));
#9214=CARTESIAN_POINT('',(8.656755421131E-5,0.000258064193776,0.000449999970198));
#9215=CARTESIAN_POINT('',(8.67799827363E-5,0.000257108265415,0.000450999970158));
#9216=CARTESIAN_POINT('',(8.67799827363E-5,0.000257108265415,0.000449999970198));
#9217=CARTESIAN_POINT('',(8.701365411317E-5,0.000255727480005,0.000450999970158));
#9218=CARTESIAN_POINT('',(8.701365411317E-5,0.000255727480005,0.000449999970198));
#9219=CARTESIAN_POINT('',(8.63657471131E-5,0.000258637750793,0.000450999970158));
#9220=CARTESIAN_POINT('',(8.63657471130197E-5,0.000258637750792971,0.000450999970158));
#9221=CARTESIAN_POINT('',(6.68613894066202E-5,0.000252768283343289,0.000450999970158002));
#9222=CARTESIAN_POINT('',(8.008848420892E-5,0.000275908189848,0.000450999970158));
#9223=CARTESIAN_POINT('',(8.008848420892E-5,0.000275908189848,0.000450999970158));
#9224=CARTESIAN_POINT('',(8.008848420892E-5,0.000275908189848,0.000450999970158));
#9225=CARTESIAN_POINT('',(8.008848420892E-5,0.000275908189848,0.000450999970158));
#9226=CARTESIAN_POINT('',(9.403441685341E-5,0.000275908189848,0.000450999970158));
#9227=CARTESIAN_POINT('',(9.403441685341E-5,0.000275908189848,0.000450999970158));
#9228=CARTESIAN_POINT('',(0.000149637583186,0.000291967786313,0.000450999970158));
#9229=CARTESIAN_POINT('',(6.826683681124E-5,0.000291967786313,0.000449999970198));
#9230=CARTESIAN_POINT('',(7.419359264927E-5,0.000291967786313,0.000449999970198));
#9231=CARTESIAN_POINT('',(6.82668368112973E-5,0.000291967786313004,0.000449999970198));
#9232=CARTESIAN_POINT('',(6.826683681124E-5,0.000291967786313,0.000450999970158));
#9233=CARTESIAN_POINT('',(6.82668368112973E-5,0.000291967786313004,0.000450999970158));
#9234=CARTESIAN_POINT('',(6.826683681124E-5,0.000291967786313,0.000450999970158));
#9235=CARTESIAN_POINT('',(7.419359264927E-5,0.000291967786313,0.000450999970158));
#9236=CARTESIAN_POINT('',(7.419359264927E-5,0.000291967786313,0.000450999970158));
#9237=CARTESIAN_POINT('',(7.41935926494389E-5,0.000291967786313063,0.000450999970158));
#9238=CARTESIAN_POINT('',(7.419359264927E-5,0.000291967786313,0.000449999970198));
#9239=CARTESIAN_POINT('',(7.8431541716567E-5,0.000280602860243992,0.000449999970198));
#9240=CARTESIAN_POINT('',(7.419359264927E-5,0.000291967786313,0.000450999970158));
#9241=CARTESIAN_POINT('',(7.8431541716567E-5,0.000280602860243992,0.000450999970158));
#9242=CARTESIAN_POINT('',(7.843154171669E-5,0.000280602860244,0.000450999970158));
#9243=CARTESIAN_POINT('',(7.843154171669E-5,0.000280602860244,0.000450999970158));
#9244=CARTESIAN_POINT('',(7.843154171669E-5,0.000280602860244,0.000449999970198));
#9245=CARTESIAN_POINT('',(9.573384505109E-5,0.000280602860244,0.000449999970198));
#9246=CARTESIAN_POINT('',(7.843154171669E-5,0.000280602860244,0.000450999970158));
#9247=CARTESIAN_POINT('',(9.573384505109E-5,0.000280602860244,0.000450999970158));
#9248=CARTESIAN_POINT('',(9.573384505109E-5,0.000280602860244,0.000450999970158));
#9249=CARTESIAN_POINT('',(9.573384505109E-5,0.000280602860244,0.000450999970158));
#9250=CARTESIAN_POINT('',(9.573384505109E-5,0.000280602860244,0.000449999970198));
#9251=CARTESIAN_POINT('',(9.97275013147387E-5,0.000291967786313007,0.000449999970198));
#9252=CARTESIAN_POINT('',(9.573384505109E-5,0.000280602860244,0.000450999970158));
#9253=CARTESIAN_POINT('',(9.97275013147387E-5,0.000291967786313007,0.000450999970158));
#9254=CARTESIAN_POINT('',(9.972750131485E-5,0.000291967786313,0.000450999970158));
#9255=CARTESIAN_POINT('',(0.000149637583186,0.000291967786313,0.000450999970158));
#9256=CARTESIAN_POINT('',(9.972750131485E-5,0.000291967786313,0.000449999970198));
#9257=CARTESIAN_POINT('',(0.000105654257153,0.000291967786313,0.000449999970198));
#9258=CARTESIAN_POINT('',(9.972750131485E-5,0.000291967786313,0.000450999970158));
#9259=CARTESIAN_POINT('',(0.000105654257153,0.000291967786313,0.000450999970158));
#9260=CARTESIAN_POINT('',(0.000105654257153,0.000291967786313,0.000450999970158));
#9261=CARTESIAN_POINT('',(0.000105654257153,0.000291967786313,0.000450999970158));
#9262=CARTESIAN_POINT('',(0.000105654257153,0.000291967786313,0.000449999970198));
#9263=CARTESIAN_POINT('',(8.98283320651795E-5,0.000250416766888003,0.000449999970198));
#9264=CARTESIAN_POINT('',(0.000105654257153,0.000291967786313,0.000450999970158));
#9265=CARTESIAN_POINT('',(8.98283320651795E-5,0.000250416766888003,0.000450999970158));
#9266=CARTESIAN_POINT('',(8.982833206522E-5,0.000250416766888,0.000450999970158));
#9267=CARTESIAN_POINT('',(0.000141788349199,0.000250416766888,0.000450999970158));
#9268=CARTESIAN_POINT('',(8.982833206522E-5,0.000250416766888,0.000449999970198));
#9269=CARTESIAN_POINT('',(8.40927618989E-5,0.000250416766888,0.000449999970198));
#9270=CARTESIAN_POINT('',(8.982833206522E-5,0.000250416766888,0.000450999970158));
#9271=CARTESIAN_POINT('',(8.40927618989E-5,0.000250416766888,0.000450999970158));
#9272=CARTESIAN_POINT('',(8.40927618989E-5,0.000250416766888,0.000450999970158));
#9273=CARTESIAN_POINT('',(8.40927618989E-5,0.000250416766888,0.000450999970158));
#9274=CARTESIAN_POINT('',(8.40927618989E-5,0.000250416766888,0.000449999970198));
#9275=CARTESIAN_POINT('',(8.40927618989E-5,0.000250416766888,0.000450999970158));
#9276=CARTESIAN_POINT('',(0.,0.,0.000450999970158));
#9277=CARTESIAN_POINT('',(0.,0.,0.000449999970197636));
#9278=CARTESIAN_POINT('',(0.000130147266047,0.000255196408693,0.000449999970198));
#9279=CARTESIAN_POINT('',(0.000130147266047,0.000255196408693,0.000449999970198));
#9280=CARTESIAN_POINT('',(0.000136424528951,0.000255196408693,0.000449999970198));
#9281=CARTESIAN_POINT('',(0.000136424528951,0.000255196408693,0.000449999970198));
#9282=CARTESIAN_POINT('',(0.000136424528951,0.000287230630213,0.000449999970198));
#9283=CARTESIAN_POINT('',(0.000136424528951,0.000287230630213,0.000449999970198));
#9284=CARTESIAN_POINT('',(0.000130391558851,0.000287230630213,0.000449999970198));
#9285=CARTESIAN_POINT('',(0.000130391558851,0.000287230630213,0.000449999970198));
#9286=CARTESIAN_POINT('',(0.000125112710013,0.000287230630213,0.000449999970198));
#9287=CARTESIAN_POINT('',(0.000120991596634,0.000285786116246,0.000449999970198));
#9288=CARTESIAN_POINT('',(0.000118038840141,0.00028289708831,0.000449999970198));
#9289=CARTESIAN_POINT('',(0.000118038840141,0.00028289708831,0.000449999970198));
#9290=CARTESIAN_POINT('',(0.000118038840141,0.00028289708831,0.000449999970198));
#9291=CARTESIAN_POINT('',(0.000115075462222,0.000280029303227,0.000449999970198));
#9292=CARTESIAN_POINT('',(0.000113599083976,0.000275993161258,0.000449999970198));
#9293=CARTESIAN_POINT('',(0.000113599083976,0.000270809905256,0.000449999970198));
#9294=CARTESIAN_POINT('',(0.000113599083976,0.000270809905256,0.000449999970198));
#9295=CARTESIAN_POINT('',(0.000113599083976,0.000270809905256,0.000449999970198));
#9296=CARTESIAN_POINT('',(0.000113599083976,0.000265626649254,0.000449999970198));
#9297=CARTESIAN_POINT('',(0.000115117947927,0.0002617179644,0.000449999970198));
#9298=CARTESIAN_POINT('',(0.00011815567583,0.000259105093547,0.000449999970198));
#9299=CARTESIAN_POINT('',(0.00011815567583,0.000259105093547,0.000449999970198));
#9300=CARTESIAN_POINT('',(0.00011815567583,0.000259105093547,0.000449999970198));
#9301=CARTESIAN_POINT('',(0.000121193403733,0.000256492222694,0.000449999970198));
#9302=CARTESIAN_POINT('',(0.000125197681423,0.000255196408693,0.000449999970198));
#9303=CARTESIAN_POINT('',(0.000130147266047,0.000255196408693,0.000449999970198));
#9304=CARTESIAN_POINT('',(0.00011815567583,0.000259105093547,0.000450999970158));
#9305=CARTESIAN_POINT('',(0.00011815567583,0.000259105093547,0.000449999970198));
#9306=CARTESIAN_POINT('',(0.000121193403733,0.000256492222694,0.000450999970158));
#9307=CARTESIAN_POINT('',(0.000121193403733,0.000256492222694,0.000449999970198));
#9308=CARTESIAN_POINT('',(0.000125197681423,0.000255196408693,0.000450999970158));
#9309=CARTESIAN_POINT('',(0.000125197681423,0.000255196408693,0.000449999970198));
#9310=CARTESIAN_POINT('',(0.000130147266047,0.000255196408693,0.000450999970158));
#9311=CARTESIAN_POINT('',(0.000130147266047,0.000255196408693,0.000449999970198));
#9312=CARTESIAN_POINT('',(0.00011815567583,0.000259105093547,0.000450999970158));
#9313=CARTESIAN_POINT('',(0.00011815567583,0.000259105093547,0.000450999970158));
#9314=CARTESIAN_POINT('',(0.00011815567583,0.000259105093547,0.000450999970158));
#9315=CARTESIAN_POINT('',(0.000121193403733,0.000256492222694,0.000450999970158));
#9316=CARTESIAN_POINT('',(0.000125197681423,0.000255196408693,0.000450999970158));
#9317=CARTESIAN_POINT('',(0.000130147266047,0.000255196408693,0.000450999970158));
#9318=CARTESIAN_POINT('',(0.000130147266047,0.000255196408693,0.000450999970158));
#9319=CARTESIAN_POINT('',(0.000130147266047,0.000255196408693,0.000450999970158));
#9320=CARTESIAN_POINT('',(0.000113599083976,0.000270809905256,0.000450999970158));
#9321=CARTESIAN_POINT('',(0.000113599083976,0.000270809905256,0.000449999970198));
#9322=CARTESIAN_POINT('',(0.000113599083976,0.000265626649254,0.000450999970158));
#9323=CARTESIAN_POINT('',(0.000113599083976,0.000265626649254,0.000449999970198));
#9324=CARTESIAN_POINT('',(0.000115117947927,0.0002617179644,0.000450999970158));
#9325=CARTESIAN_POINT('',(0.000115117947927,0.0002617179644,0.000449999970198));
#9326=CARTESIAN_POINT('',(0.00011815567583,0.000259105093547,0.000450999970158));
#9327=CARTESIAN_POINT('',(0.00011815567583,0.000259105093547,0.000449999970198));
#9328=CARTESIAN_POINT('',(0.000113599083976,0.000270809905256,0.000450999970158));
#9329=CARTESIAN_POINT('',(0.000113599083976,0.000270809905256,0.000450999970158));
#9330=CARTESIAN_POINT('',(0.000113599083976,0.000270809905256,0.000450999970158));
#9331=CARTESIAN_POINT('',(0.000113599083976,0.000265626649254,0.000450999970158));
#9332=CARTESIAN_POINT('',(0.000115117947927,0.0002617179644,0.000450999970158));
#9333=CARTESIAN_POINT('',(0.00011815567583,0.000259105093547,0.000450999970158));
#9334=CARTESIAN_POINT('',(0.000118038840141,0.00028289708831,0.000450999970158));
#9335=CARTESIAN_POINT('',(0.000118038840141,0.00028289708831,0.000449999970198));
#9336=CARTESIAN_POINT('',(0.000115075462222,0.000280029303227,0.000450999970158));
#9337=CARTESIAN_POINT('',(0.000115075462222,0.000280029303227,0.000449999970198));
#9338=CARTESIAN_POINT('',(0.000113599083976,0.000275993161258,0.000450999970158));
#9339=CARTESIAN_POINT('',(0.000113599083976,0.000275993161258,0.000449999970198));
#9340=CARTESIAN_POINT('',(0.000113599083976,0.000270809905256,0.000450999970158));
#9341=CARTESIAN_POINT('',(0.000113599083976,0.000270809905256,0.000449999970198));
#9342=CARTESIAN_POINT('',(0.000118038840141,0.00028289708831,0.000450999970158));
#9343=CARTESIAN_POINT('',(0.000118038840141,0.00028289708831,0.000450999970158));
#9344=CARTESIAN_POINT('',(0.000118038840141,0.00028289708831,0.000450999970158));
#9345=CARTESIAN_POINT('',(0.000115075462222,0.000280029303227,0.000450999970158));
#9346=CARTESIAN_POINT('',(0.000113599083976,0.000275993161258,0.000450999970158));
#9347=CARTESIAN_POINT('',(0.000113599083976,0.000270809905256,0.000450999970158));
#9348=CARTESIAN_POINT('',(0.000130391558851,0.000287230630213,0.000450999970158));
#9349=CARTESIAN_POINT('',(0.000130391558851,0.000287230630213,0.000449999970198));
#9350=CARTESIAN_POINT('',(0.000125112710013,0.000287230630213,0.000450999970158));
#9351=CARTESIAN_POINT('',(0.000125112710013,0.000287230630213,0.000449999970198));
#9352=CARTESIAN_POINT('',(0.000120991596634,0.000285786116246,0.000450999970158));
#9353=CARTESIAN_POINT('',(0.000120991596634,0.000285786116246,0.000449999970198));
#9354=CARTESIAN_POINT('',(0.000118038840141,0.00028289708831,0.000450999970158));
#9355=CARTESIAN_POINT('',(0.000118038840141,0.00028289708831,0.000449999970198));
#9356=CARTESIAN_POINT('',(0.000130391558851,0.000287230630213,0.000450999970158));
#9357=CARTESIAN_POINT('',(0.000130391558851,0.000287230630213,0.000450999970158));
#9358=CARTESIAN_POINT('',(0.000130391558851,0.000287230630213,0.000450999970158));
#9359=CARTESIAN_POINT('',(0.000125112710013,0.000287230630213,0.000450999970158));
#9360=CARTESIAN_POINT('',(0.000120991596634,0.000285786116246,0.000450999970158));
#9361=CARTESIAN_POINT('',(0.000118038840141,0.00028289708831,0.000450999970158));
#9362=CARTESIAN_POINT('',(0.000166621243733,0.000287230630213,0.000450999970158));
#9363=CARTESIAN_POINT('',(0.000136424528951,0.000287230630213,0.000450999970158));
#9364=CARTESIAN_POINT('',(0.000136424528951,0.000287230630213,0.000450999970158));
#9365=CARTESIAN_POINT('',(0.000136424528951,0.000287230630213,0.000450999970158));
#9366=CARTESIAN_POINT('',(0.000136424528951,0.000255196408693,0.000450999970158));
#9367=CARTESIAN_POINT('',(0.000136424528951,0.000255196408693,0.000450999970158));
#9368=CARTESIAN_POINT('',(0.000136424528951,0.000255196408693,0.000450999970158));
#9369=CARTESIAN_POINT('',(0.000136424528951,0.000255196408693,0.000450999970158));
#9370=CARTESIAN_POINT('',(0.000130147266047,0.000255196408693,0.000450999970158));
#9371=CARTESIAN_POINT('',(0.000130147266047,0.000255196408693,0.000450999970158));
#9372=CARTESIAN_POINT('',(0.000141788349199,0.000291967786313,0.000450999970158));
#9373=CARTESIAN_POINT('',(0.000141788349199,0.000291967786313,0.000449999970198));
#9374=CARTESIAN_POINT('',(0.000141788349199,0.000250416766888,0.000449999970198));
#9375=CARTESIAN_POINT('',(0.000141788349199,0.000291967786313,0.000449999970198));
#9376=CARTESIAN_POINT('',(0.000141788349199,0.000291967786313,0.000450999970158));
#9377=CARTESIAN_POINT('',(0.000141788349199,0.000291967786313,0.000450999970158));
#9378=CARTESIAN_POINT('',(0.000141788349199,0.000291967786313,0.000450999970158));
#9379=CARTESIAN_POINT('',(0.000141788349199,0.000250416766888,0.000450999970158));
#9380=CARTESIAN_POINT('',(0.000141788349199,0.000250416766888,0.000450999970158));
#9381=CARTESIAN_POINT('',(0.000141788349199,0.000250416766888,0.000450999970158));
#9382=CARTESIAN_POINT('',(0.000141788349199,0.000250416766888,0.000449999970198));
#9383=CARTESIAN_POINT('',(0.000129934837523,0.000250416766888,0.000449999970198));
#9384=CARTESIAN_POINT('',(0.000141788349199,0.000250416766888,0.000450999970158));
#9385=CARTESIAN_POINT('',(0.000129934837523,0.000250416766888,0.000450999970158));
#9386=CARTESIAN_POINT('',(0.000129934837523,0.000250416766888,0.000450999970158));
#9387=CARTESIAN_POINT('',(0.000114225748123,0.000255918665677,0.000450999970158));
#9388=CARTESIAN_POINT('',(0.000114225748123,0.000255918665677,0.000449999970198));
#9389=CARTESIAN_POINT('',(0.000118399968633,0.0002522436522,0.000450999970158));
#9390=CARTESIAN_POINT('',(0.000118399968633,0.0002522436522,0.000449999970198));
#9391=CARTESIAN_POINT('',(0.000123636331766,0.000250416766888,0.000450999970158));
#9392=CARTESIAN_POINT('',(0.000123636331766,0.000250416766888,0.000449999970198));
#9393=CARTESIAN_POINT('',(0.000129934837523,0.000250416766888,0.000450999970158));
#9394=CARTESIAN_POINT('',(0.000129934837523,0.000250416766888,0.000449999970198));
#9395=CARTESIAN_POINT('',(0.000114225748123,0.000255918665677,0.000449999970198));
#9396=CARTESIAN_POINT('',(0.000118399968633,0.0002522436522,0.000449999970198));
#9397=CARTESIAN_POINT('',(0.000123636331766,0.000250416766888,0.000449999970198));
#9398=CARTESIAN_POINT('',(0.000129934837523,0.000250416766888,0.000449999970198));
#9399=CARTESIAN_POINT('',(0.000114225748123,0.000255918665677,0.000449999970198));
#9400=CARTESIAN_POINT('',(0.000114225748123,0.000255918665677,0.000450999970158));
#9401=CARTESIAN_POINT('',(0.000118399968633,0.0002522436522,0.000450999970158));
#9402=CARTESIAN_POINT('',(0.000123636331766,0.000250416766888,0.000450999970158));
#9403=CARTESIAN_POINT('',(0.000129934837523,0.000250416766888,0.000450999970158));
#9404=CARTESIAN_POINT('',(0.000114225748123,0.000255918665677,0.000450999970158));
#9405=CARTESIAN_POINT('',(0.000114225748123,0.000255918665677,0.000450999970158));
#9406=CARTESIAN_POINT('',(0.000107959106645,0.000270661205289,0.000450999970158));
#9407=CARTESIAN_POINT('',(0.000107959106645,0.000270661205289,0.000449999970198));
#9408=CARTESIAN_POINT('',(0.000107959106645,0.000264500778074,0.000450999970158));
#9409=CARTESIAN_POINT('',(0.000107959106645,0.000264500778074,0.000449999970198));
#9410=CARTESIAN_POINT('',(0.000110051527614,0.000259593679154,0.000450999970158));
#9411=CARTESIAN_POINT('',(0.000110051527614,0.000259593679154,0.000449999970198));
#9412=CARTESIAN_POINT('',(0.000114225748123,0.000255918665677,0.000450999970158));
#9413=CARTESIAN_POINT('',(0.000114225748123,0.000255918665677,0.000449999970198));
#9414=CARTESIAN_POINT('',(0.000107959106645,0.000270661205289,0.000449999970198));
#9415=CARTESIAN_POINT('',(0.000107959106645,0.000264500778074,0.000449999970198));
#9416=CARTESIAN_POINT('',(0.000110051527614,0.000259593679154,0.000449999970198));
#9417=CARTESIAN_POINT('',(0.000114225748123,0.000255918665677,0.000449999970198));
#9418=CARTESIAN_POINT('',(0.000107959106645,0.000270661205289,0.000449999970198));
#9419=CARTESIAN_POINT('',(0.000107959106645,0.000270661205289,0.000450999970158));
#9420=CARTESIAN_POINT('',(0.000107959106645,0.000264500778074,0.000450999970158));
#9421=CARTESIAN_POINT('',(0.000110051527614,0.000259593679154,0.000450999970158));
#9422=CARTESIAN_POINT('',(0.000114225748123,0.000255918665677,0.000450999970158));
#9423=CARTESIAN_POINT('',(0.000107959106645,0.000270661205289,0.000450999970158));
#9424=CARTESIAN_POINT('',(0.000107959106645,0.000270661205289,0.000450999970158));
#9425=CARTESIAN_POINT('',(0.000114225748123,0.000286147244737,0.000450999970158));
#9426=CARTESIAN_POINT('',(0.000114225748123,0.000286147244737,0.000449999970198));
#9427=CARTESIAN_POINT('',(0.000110051527614,0.000282259802736,0.000450999970158));
#9428=CARTESIAN_POINT('',(0.000110051527614,0.000282259802736,0.000449999970198));
#9429=CARTESIAN_POINT('',(0.000107959106645,0.000277097789587,0.000450999970158));
#9430=CARTESIAN_POINT('',(0.000107959106645,0.000277097789587,0.000449999970198));
#9431=CARTESIAN_POINT('',(0.000107959106645,0.000270661205289,0.000450999970158));
#9432=CARTESIAN_POINT('',(0.000107959106645,0.000270661205289,0.000449999970198));
#9433=CARTESIAN_POINT('',(0.000114225748123,0.000286147244737,0.000449999970198));
#9434=CARTESIAN_POINT('',(0.000110051527614,0.000282259802736,0.000449999970198));
#9435=CARTESIAN_POINT('',(0.000107959106645,0.000277097789587,0.000449999970198));
#9436=CARTESIAN_POINT('',(0.000107959106645,0.000270661205289,0.000449999970198));
#9437=CARTESIAN_POINT('',(0.000114225748123,0.000286147244737,0.000449999970198));
#9438=CARTESIAN_POINT('',(0.000114225748123,0.000286147244737,0.000450999970158));
#9439=CARTESIAN_POINT('',(0.000110051527614,0.000282259802736,0.000450999970158));
#9440=CARTESIAN_POINT('',(0.000107959106645,0.000277097789587,0.000450999970158));
#9441=CARTESIAN_POINT('',(0.000107959106645,0.000270661205289,0.000450999970158));
#9442=CARTESIAN_POINT('',(0.000114225748123,0.000286147244737,0.000450999970158));
#9443=CARTESIAN_POINT('',(0.000114225748123,0.000286147244737,0.000450999970158));
#9444=CARTESIAN_POINT('',(0.000130359694572,0.000291967786313,0.000450999970158));
#9445=CARTESIAN_POINT('',(0.000130359694572,0.000291967786313,0.000449999970198));
#9446=CARTESIAN_POINT('',(0.000123785031733,0.000291967786313,0.000450999970158));
#9447=CARTESIAN_POINT('',(0.000123785031733,0.000291967786313,0.000449999970198));
#9448=CARTESIAN_POINT('',(0.000118399968633,0.000290034686739,0.000450999970158));
#9449=CARTESIAN_POINT('',(0.000118399968633,0.000290034686739,0.000449999970198));
#9450=CARTESIAN_POINT('',(0.000114225748123,0.000286147244737,0.000450999970158));
#9451=CARTESIAN_POINT('',(0.000114225748123,0.000286147244737,0.000449999970198));
#9452=CARTESIAN_POINT('',(0.000130359694572,0.000291967786313,0.000449999970198));
#9453=CARTESIAN_POINT('',(0.000123785031733,0.000291967786313,0.000449999970198));
#9454=CARTESIAN_POINT('',(0.000118399968633,0.000290034686739,0.000449999970198));
#9455=CARTESIAN_POINT('',(0.000114225748123,0.000286147244737,0.000449999970198));
#9456=CARTESIAN_POINT('',(0.000130359694572,0.000291967786313,0.000449999970198));
#9457=CARTESIAN_POINT('',(0.000130359694572,0.000291967786313,0.000450999970158));
#9458=CARTESIAN_POINT('',(0.000123785031733,0.000291967786313,0.000450999970158));
#9459=CARTESIAN_POINT('',(0.000118399968633,0.000290034686739,0.000450999970158));
#9460=CARTESIAN_POINT('',(0.000114225748123,0.000286147244737,0.000450999970158));
#9461=CARTESIAN_POINT('',(0.000130359694572,0.000291967786313,0.000450999970158));
#9462=CARTESIAN_POINT('',(0.000130359694572,0.000291967786313,0.000450999970158));
#9463=CARTESIAN_POINT('',(0.000149637583186,0.000291967786313,0.000450999970158));
#9464=CARTESIAN_POINT('',(0.000130359694572,0.000291967786313,0.000449999970198));
#9465=CARTESIAN_POINT('',(0.000130359694572,0.000291967786313,0.000450999970158));
#9466=CARTESIAN_POINT('',(0.000121283685855,0.000251789586229,0.000450999970158));
#9467=CARTESIAN_POINT('',(0.,0.,0.000450999970158));
#9468=CARTESIAN_POINT('',(0.000149637583186,0.000287230630213,0.000450999970158));
#9469=CARTESIAN_POINT('',(0.000149637583186,0.000291967786313,0.000450999970158));
#9470=CARTESIAN_POINT('',(0.000149637583186,0.000287230630213,0.000450999970158));
#9471=CARTESIAN_POINT('',(0.000166621243733,0.000287230630213,0.000450999970158));
#9472=CARTESIAN_POINT('',(0.000166621243733,0.000287230630213,0.000450999970158));
#9473=CARTESIAN_POINT('',(0.000166621243733,0.00027325283329,0.000450999970158));
#9474=CARTESIAN_POINT('',(0.000166621243733,0.00027325283329,0.000450999970158));
#9475=CARTESIAN_POINT('',(0.000151761868432,0.00027325283329,0.000450999970158));
#9476=CARTESIAN_POINT('',(0.000151761868432,0.00027325283329,0.000450999970158));
#9477=CARTESIAN_POINT('',(0.000151761868432,0.000268494434337,0.000450999970158));
#9478=CARTESIAN_POINT('',(0.000151761868432,0.000268494434337,0.000450999970158));
#9479=CARTESIAN_POINT('',(0.000166621243733,0.000268494434337,0.000450999970158));
#9480=CARTESIAN_POINT('',(0.000166621243733,0.000268494434337,0.000450999970158));
#9481=CARTESIAN_POINT('',(0.000166621243733,0.000255196408693,0.000450999970158));
#9482=CARTESIAN_POINT('',(0.000166621243733,0.000255196408693,0.000450999970158));
#9483=CARTESIAN_POINT('',(0.00015058289012,0.000255196408693,0.000450999970158));
#9484=CARTESIAN_POINT('',(0.00015058289012,0.000255196408693,0.000450999970158));
#9485=CARTESIAN_POINT('',(0.00015058289012,0.000250416766888,0.000450999970158));
#9486=CARTESIAN_POINT('',(0.00015058289012,0.000250416766888,0.000450999970158));
#9487=CARTESIAN_POINT('',(0.000171985063981,0.000250416766888,0.000450999970158));
#9488=CARTESIAN_POINT('',(0.000171985063981,0.000250416766888,0.000450999970158));
#9489=CARTESIAN_POINT('',(0.000171985063981,0.000291967786313,0.000450999970158));
#9490=CARTESIAN_POINT('',(0.000171985063981,0.000291967786313,0.000450999970158));
#9491=CARTESIAN_POINT('',(0.000149637583186,0.000291967786313,0.000450999970158));
#9492=CARTESIAN_POINT('',(0.000149637583186,0.000291967786313,0.000450999970158));
#9493=CARTESIAN_POINT('',(0.000149637583186,0.000291967786313,0.000449999970198));
#9494=CARTESIAN_POINT('',(0.000171985063981,0.000291967786313,0.000449999970198));
#9495=CARTESIAN_POINT('',(0.000149637583186,0.000291967786313,0.000449999970198));
#9496=CARTESIAN_POINT('',(0.000149637583186,0.000291967786313,0.000450999970158));
#9497=CARTESIAN_POINT('',(0.000171985063981,0.000291967786313,0.000450999970158));
#9498=CARTESIAN_POINT('',(0.000171985063981,0.000291967786313,0.000450999970158));
#9499=CARTESIAN_POINT('',(0.000171985063981,0.000291967786313,0.000449999970198));
#9500=CARTESIAN_POINT('',(0.000171985063981,0.000250416766888,0.000449999970198));
#9501=CARTESIAN_POINT('',(0.000171985063981,0.000250416766888,0.000450999970158));
#9502=CARTESIAN_POINT('',(0.000141788349199,0.000250416766888,0.000450999970158));
#9503=CARTESIAN_POINT('',(0.000171985063981,0.000250416766888,0.000449999970198));
#9504=CARTESIAN_POINT('',(0.00015058289012,0.000250416766888,0.000449999970198));
#9505=CARTESIAN_POINT('',(0.00015058289012,0.000250416766888,0.000450999970158));
#9506=CARTESIAN_POINT('',(0.00015058289012,0.000250416766888,0.000450999970158));
#9507=CARTESIAN_POINT('',(0.00015058289012,0.000250416766888,0.000449999970198));
#9508=CARTESIAN_POINT('',(0.00015058289012,0.000255196408693,0.000449999970198));
#9509=CARTESIAN_POINT('',(0.00015058289012,0.000255196408693,0.000450999970158));
#9510=CARTESIAN_POINT('',(0.000130147266047,0.000255196408693,0.000450999970158));
#9511=CARTESIAN_POINT('',(0.00015058289012,0.000255196408693,0.000449999970198));
#9512=CARTESIAN_POINT('',(0.000166621243733,0.000255196408693,0.000449999970198));
#9513=CARTESIAN_POINT('',(0.000166621243733,0.000255196408693,0.000450999970158));
#9514=CARTESIAN_POINT('',(0.000166621243733,0.000255196408693,0.000450999970158));
#9515=CARTESIAN_POINT('',(0.000166621243733,0.000255196408693,0.000449999970198));
#9516=CARTESIAN_POINT('',(0.000166621243733,0.000268494434337,0.000449999970198));
#9517=CARTESIAN_POINT('',(0.000166621243733,0.000268494434337,0.000450999970158));
#9518=CARTESIAN_POINT('',(0.000166621243733,0.000268494434337,0.000450999970158));
#9519=CARTESIAN_POINT('',(0.000166621243733,0.000268494434337,0.000449999970198));
#9520=CARTESIAN_POINT('',(0.000151761868432,0.000268494434337,0.000449999970198));
#9521=CARTESIAN_POINT('',(0.000151761868432,0.000268494434337,0.000450999970158));
#9522=CARTESIAN_POINT('',(0.000151761868432,0.000268494434337,0.000450999970158));
#9523=CARTESIAN_POINT('',(0.000151761868432,0.000268494434337,0.000449999970198));
#9524=CARTESIAN_POINT('',(0.000151761868432,0.00027325283329,0.000449999970198));
#9525=CARTESIAN_POINT('',(0.000151761868432,0.00027325283329,0.000450999970158));
#9526=CARTESIAN_POINT('',(0.000151761868432,0.00027325283329,0.000450999970158));
#9527=CARTESIAN_POINT('',(0.000151761868432,0.00027325283329,0.000449999970198));
#9528=CARTESIAN_POINT('',(0.000166621243733,0.00027325283329,0.000449999970198));
#9529=CARTESIAN_POINT('',(0.000166621243733,0.00027325283329,0.000450999970158));
#9530=CARTESIAN_POINT('',(0.000166621243733,0.000255196408693,0.000450999970158));
#9531=CARTESIAN_POINT('',(0.000166621243733,0.00027325283329,0.000449999970198));
#9532=CARTESIAN_POINT('',(0.000166621243733,0.000287230630213,0.000449999970198));
#9533=CARTESIAN_POINT('',(0.000166621243733,0.000287230630213,0.000450999970158));
#9534=CARTESIAN_POINT('',(0.000166621243733,0.000287230630213,0.000450999970158));
#9535=CARTESIAN_POINT('',(0.000166621243733,0.000287230630213,0.000449999970198));
#9536=CARTESIAN_POINT('',(0.000149637583186,0.000287230630213,0.000449999970198));
#9537=CARTESIAN_POINT('',(0.000149637583186,0.000287230630213,0.000450999970158));
#9538=CARTESIAN_POINT('',(0.000149637583186,0.000287230630213,0.000450999970158));
#9539=CARTESIAN_POINT('',(0.000149637583186,0.000287230630213,0.000449999970198));
#9540=CARTESIAN_POINT('',(0.00019558720075,0.000303571694473,0.000450999970158));
#9541=CARTESIAN_POINT('',(0.000182988861559,0.000262291521417,0.000450999970158));
#9542=CARTESIAN_POINT('',(0.000177593177032,0.000262291521417,0.000450999970158));
#9543=CARTESIAN_POINT('',(0.00018298886155889,0.000262291521417,0.000450999970158));
#9544=CARTESIAN_POINT('',(0.000191093009775,0.000284639002212,0.000450999970158));
#9545=CARTESIAN_POINT('',(0.000191093009775,0.000284639002212,0.000450999970158));
#9546=CARTESIAN_POINT('',(0.000166778004542028,0.000292379129929749,0.000450999970158006));
#9547=CARTESIAN_POINT('',(0.000191730295349,0.000287039444541,0.000450999970158));
#9548=CARTESIAN_POINT('',(0.00019186837389,0.000287039444541,0.000450999970158));
#9549=CARTESIAN_POINT('',(0.000191868373889892,0.000287039444540995,0.000450999970158));
#9550=CARTESIAN_POINT('',(0.000192505659464,0.000284596516507,0.000450999970158));
#9551=CARTESIAN_POINT('',(0.000192505659464536,0.000284596516504946,0.000450999970158));
#9552=CARTESIAN_POINT('',(0.000200259300614,0.000262291521417,0.000450999970158));
#9553=CARTESIAN_POINT('',(0.000200259300614,0.000262291521417,0.000450999970158));
#9554=CARTESIAN_POINT('',(0.00020607984219,0.000262291521417,0.000450999970158));
#9555=CARTESIAN_POINT('',(0.000206079842189981,0.000262291521416998,0.000450999970158));
#9556=CARTESIAN_POINT('',(0.000194438759038,0.000291904057756,0.000450999970158));
#9557=CARTESIAN_POINT('',(0.000194438759038188,0.000291904057755522,0.000450999970158));
#9558=CARTESIAN_POINT('',(0.000196722365679,0.000297299742283,0.000450999970158));
#9559=CARTESIAN_POINT('',(0.000196722365679,0.000297299742283,0.000450999970158));
#9560=CARTESIAN_POINT('',(0.000196722365679,0.000297299742283,0.000450999970158));
#9561=CARTESIAN_POINT('',(0.000197901343991,0.000300103798808,0.000450999970158));
#9562=CARTESIAN_POINT('',(0.000199675122171,0.000301484584219,0.000450999970158));
#9563=CARTESIAN_POINT('',(0.000202054321648,0.000301484584219,0.000450999970158));
#9564=CARTESIAN_POINT('',(0.000202054321648,0.000301484584219,0.000450999970158));
#9565=CARTESIAN_POINT('',(0.000201983806184174,0.000293507961948012,0.000450999970158));
#9566=CARTESIAN_POINT('',(0.000205007078141,0.000300889784349,0.000450999970158));
#9567=CARTESIAN_POINT('',(0.000205007078141,0.000305520726187,0.000450999970158));
#9568=CARTESIAN_POINT('',(0.000205007078141,0.000305520726187,0.000450999970158));
#9569=CARTESIAN_POINT('',(0.000201851229594177,0.000294059615434989,0.000450999970158001));
#9570=CARTESIAN_POINT('',(0.000201650707451,0.000305945583237,0.000450999970158));
#9571=CARTESIAN_POINT('',(0.000201650707451,0.000305945583237,0.000450999970158));
#9572=CARTESIAN_POINT('',(0.000197094115597,0.000305945583237,0.000450999970158));
#9573=CARTESIAN_POINT('',(0.000193567802087,0.000302780398219,0.000450999970158));
#9574=CARTESIAN_POINT('',(0.000191061145496,0.000296450028184,0.000450999970158));
#9575=CARTESIAN_POINT('',(0.00019106114549603,0.000296450028183988,0.000450999970158));
#9576=CARTESIAN_POINT('',(0.000177593177032,0.000262291521417,0.000450999970158));
#9577=CARTESIAN_POINT('',(0.000177593177032,0.000262291521417,0.000450999970158));
#9578=CARTESIAN_POINT('',(0.000177593177032,0.000262291521417,0.000449999970198));
#9579=CARTESIAN_POINT('',(0.00019106114549603,0.000296450028183988,0.000449999970198));
#9580=CARTESIAN_POINT('',(0.000177593177032,0.000262291521417,0.000449999970198));
#9581=CARTESIAN_POINT('',(0.000177593177032,0.000262291521417,0.000450999970158));
#9582=CARTESIAN_POINT('',(0.000191061145496,0.000296450028184,0.000450999970158));
#9583=CARTESIAN_POINT('',(0.000201650707451,0.000305945583237,0.000450999970158));
#9584=CARTESIAN_POINT('',(0.000201650707451,0.000305945583237,0.000449999970198));
#9585=CARTESIAN_POINT('',(0.000197094115597,0.000305945583237,0.000450999970158));
#9586=CARTESIAN_POINT('',(0.000197094115597,0.000305945583237,0.000449999970198));
#9587=CARTESIAN_POINT('',(0.000193567802087,0.000302780398219,0.000450999970158));
#9588=CARTESIAN_POINT('',(0.000193567802087,0.000302780398219,0.000449999970198));
#9589=CARTESIAN_POINT('',(0.000191061145496,0.000296450028184,0.000450999970158));
#9590=CARTESIAN_POINT('',(0.000191061145496,0.000296450028184,0.000449999970198));
#9591=CARTESIAN_POINT('',(0.000201650707451,0.000305945583237,0.000449999970198));
#9592=CARTESIAN_POINT('',(0.000197094115597,0.000305945583237,0.000449999970198));
#9593=CARTESIAN_POINT('',(0.000193567802087,0.000302780398219,0.000449999970198));
#9594=CARTESIAN_POINT('',(0.000191061145496,0.000296450028184,0.000449999970198));
#9595=CARTESIAN_POINT('',(0.000201650707451,0.000305945583237,0.000449999970198));
#9596=CARTESIAN_POINT('',(0.000201650707451,0.000305945583237,0.000450999970158));
#9597=CARTESIAN_POINT('',(0.000205007078141,0.000305520726187,0.000450999970158));
#9598=CARTESIAN_POINT('',(0.000205007078141,0.000305520726187,0.000449999970198));
#9599=CARTESIAN_POINT('',(0.000204083014058,0.000305796883269,0.000450999970158));
#9600=CARTESIAN_POINT('',(0.000204083014058,0.000305796883269,0.000449999970198));
#9601=CARTESIAN_POINT('',(0.000202957142878,0.000305945583237,0.000450999970158));
#9602=CARTESIAN_POINT('',(0.000202957142878,0.000305945583237,0.000449999970198));
#9603=CARTESIAN_POINT('',(0.000201650707451,0.000305945583237,0.000450999970158));
#9604=CARTESIAN_POINT('',(0.000201650707451,0.000305945583237,0.000449999970198));
#9605=CARTESIAN_POINT('',(0.000201851229594177,0.000294059615434989,0.000449999970198));
#9606=CARTESIAN_POINT('',(0.000205007078141,0.000305520726187,0.000449999970198));
#9607=CARTESIAN_POINT('',(0.000205007078141,0.000305520726187,0.000450999970158));
#9608=CARTESIAN_POINT('',(0.000205007078141,0.000305520726187,0.000450999970158));
#9609=CARTESIAN_POINT('',(0.000205007078141,0.000305520726187,0.000449999970198));
#9610=CARTESIAN_POINT('',(0.000205007078141,0.000300889784349,0.000449999970198));
#9611=CARTESIAN_POINT('',(0.000205007078141,0.000300889784349,0.000450999970158));
#9612=CARTESIAN_POINT('',(0.000202054321648,0.000301484584219,0.000450999970158));
#9613=CARTESIAN_POINT('',(0.000202054321648,0.000301484584219,0.000449999970198));
#9614=CARTESIAN_POINT('',(0.000203010250009,0.000301484584219,0.000450999970158));
#9615=CARTESIAN_POINT('',(0.000203010250009,0.000301484584219,0.000449999970198));
#9616=CARTESIAN_POINT('',(0.000203987421222,0.000301293398546,0.000450999970158));
#9617=CARTESIAN_POINT('',(0.000203987421222,0.000301293398546,0.000449999970198));
#9618=CARTESIAN_POINT('',(0.000205007078141,0.000300889784349,0.000450999970158));
#9619=CARTESIAN_POINT('',(0.000205007078141,0.000300889784349,0.000449999970198));
#9620=CARTESIAN_POINT('',(0.000201983806184174,0.000293507961948012,0.000449999970198));
#9621=CARTESIAN_POINT('',(0.000202054321648,0.000301484584219,0.000449999970198));
#9622=CARTESIAN_POINT('',(0.000202054321648,0.000301484584219,0.000450999970158));
#9623=CARTESIAN_POINT('',(0.000196722365679,0.000297299742283,0.000450999970158));
#9624=CARTESIAN_POINT('',(0.000196722365679,0.000297299742283,0.000449999970198));
#9625=CARTESIAN_POINT('',(0.000197901343991,0.000300103798808,0.000450999970158));
#9626=CARTESIAN_POINT('',(0.000197901343991,0.000300103798808,0.000449999970198));
#9627=CARTESIAN_POINT('',(0.000199675122171,0.000301484584219,0.000450999970158));
#9628=CARTESIAN_POINT('',(0.000199675122171,0.000301484584219,0.000449999970198));
#9629=CARTESIAN_POINT('',(0.000202054321648,0.000301484584219,0.000450999970158));
#9630=CARTESIAN_POINT('',(0.000202054321648,0.000301484584219,0.000449999970198));
#9631=CARTESIAN_POINT('',(0.000196722365679,0.000297299742283,0.000449999970198));
#9632=CARTESIAN_POINT('',(0.000197901343991,0.000300103798808,0.000449999970198));
#9633=CARTESIAN_POINT('',(0.000199675122171,0.000301484584219,0.000449999970198));
#9634=CARTESIAN_POINT('',(0.000202054321648,0.000301484584219,0.000449999970198));
#9635=CARTESIAN_POINT('',(0.000196722365679,0.000297299742283,0.000449999970198));
#9636=CARTESIAN_POINT('',(0.000196722365679,0.000297299742283,0.000450999970158));
#9637=CARTESIAN_POINT('',(0.000196722365679,0.000297299742283,0.000450999970158));
#9638=CARTESIAN_POINT('',(0.000196722365679,0.000297299742283,0.000449999970198));
#9639=CARTESIAN_POINT('',(0.000194438759038188,0.000291904057755522,0.000449999970198));
#9640=CARTESIAN_POINT('',(0.000194438759038,0.000291904057756,0.000450999970158));
#9641=CARTESIAN_POINT('',(0.000194438759038,0.000291904057756,0.000450999970158));
#9642=CARTESIAN_POINT('',(0.000194438759038,0.000291904057756,0.000449999970198));
#9643=CARTESIAN_POINT('',(0.000206079842189981,0.000262291521416998,0.000449999970198));
#9644=CARTESIAN_POINT('',(0.00020607984219,0.000262291521417,0.000450999970158));
#9645=CARTESIAN_POINT('',(0.000182988861559,0.000262291521417,0.000450999970158));
#9646=CARTESIAN_POINT('',(0.00020607984219,0.000262291521417,0.000449999970198));
#9647=CARTESIAN_POINT('',(0.000200259300614,0.000262291521417,0.000449999970198));
#9648=CARTESIAN_POINT('',(0.000200259300614,0.000262291521417,0.000450999970158));
#9649=CARTESIAN_POINT('',(0.000200259300614,0.000262291521417,0.000450999970158));
#9650=CARTESIAN_POINT('',(0.000200259300614,0.000262291521417,0.000449999970198));
#9651=CARTESIAN_POINT('',(0.000192505659464536,0.000284596516504946,0.000449999970198));
#9652=CARTESIAN_POINT('',(0.000192505659464,0.000284596516507,0.000450999970158));
#9653=CARTESIAN_POINT('',(0.000192505659464,0.000284596516507,0.000450999970158));
#9654=CARTESIAN_POINT('',(0.000192505659464,0.000284596516507,0.000449999970198));
#9655=CARTESIAN_POINT('',(0.000191868373889892,0.000287039444540995,0.000449999970198));
#9656=CARTESIAN_POINT('',(0.00019186837389,0.000287039444541,0.000450999970158));
#9657=CARTESIAN_POINT('',(0.00019186837389,0.000287039444541,0.000450999970158));
#9658=CARTESIAN_POINT('',(0.00019186837389,0.000287039444541,0.000449999970198));
#9659=CARTESIAN_POINT('',(0.000191730295349,0.000287039444541,0.000449999970198));
#9660=CARTESIAN_POINT('',(0.000191730295349,0.000287039444541,0.000450999970158));
#9661=CARTESIAN_POINT('',(0.000191093009775,0.000284639002212,0.000450999970158));
#9662=CARTESIAN_POINT('',(0.000191093009775,0.000284639002212,0.000449999970198));
#9663=CARTESIAN_POINT('',(0.000191411652562,0.000285679901983,0.000450999970158));
#9664=CARTESIAN_POINT('',(0.000191411652562,0.000285679901983,0.000449999970198));
#9665=CARTESIAN_POINT('',(0.000191624081087,0.000286487130377,0.000450999970158));
#9666=CARTESIAN_POINT('',(0.000191624081087,0.000286487130377,0.000449999970198));
#9667=CARTESIAN_POINT('',(0.000191730295349,0.000287039444541,0.000450999970158));
#9668=CARTESIAN_POINT('',(0.000191730295349,0.000287039444541,0.000449999970198));
#9669=CARTESIAN_POINT('',(0.000166778004542028,0.000292379129929749,0.000449999970197997));
#9670=CARTESIAN_POINT('',(0.000191093009775,0.000284639002212,0.000449999970198));
#9671=CARTESIAN_POINT('',(0.000191093009775,0.000284639002212,0.000450999970158));
#9672=CARTESIAN_POINT('',(0.000191093009775,0.000284639002212,0.000450999970158));
#9673=CARTESIAN_POINT('',(0.000191093009775,0.000284639002212,0.000449999970198));
#9674=CARTESIAN_POINT('',(0.00018298886155889,0.000262291521417,0.000449999970198));
#9675=CARTESIAN_POINT('',(0.000182988861559,0.000262291521417,0.000450999970158));
#9676=CARTESIAN_POINT('',(0.000182988861559,0.000262291521417,0.000450999970158));
#9677=CARTESIAN_POINT('',(0.000182988861559,0.000262291521417,0.000449999970198));
#9678=CARTESIAN_POINT('',(0.000224701857734,0.000287703283681,0.000450999970158));
#9679=CARTESIAN_POINT('',(0.000220270067638,0.000288420229951,0.000450999970158));
#9680=CARTESIAN_POINT('',(0.000223329038393,0.000288420229951,0.000450999970158));
#9681=CARTESIAN_POINT('',(0.000226175580624,0.00028746430159,0.000450999970158));
#9682=CARTESIAN_POINT('',(0.000228830937182,0.000285552444868,0.000450999970158));
#9683=CARTESIAN_POINT('',(0.000220270067638,0.000288420229951,0.000450999970158));
#9684=CARTESIAN_POINT('',(0.000228830937182,0.000285552444868,0.000450999970158));
#9685=CARTESIAN_POINT('',(0.000228830937182,0.000290926886542,0.000450999970158));
#9686=CARTESIAN_POINT('',(0.000228830937182,0.000290926886542,0.000450999970158));
#9687=CARTESIAN_POINT('',(0.000228830937182,0.000290926886542,0.000450999970158));
#9688=CARTESIAN_POINT('',(0.000226536709116,0.000292074000576,0.000450999970158));
#9689=CARTESIAN_POINT('',(0.000223860109705,0.000292668800445,0.000450999970158));
#9690=CARTESIAN_POINT('',(0.000220779896097,0.000292668800445,0.000450999970158));
#9691=CARTESIAN_POINT('',(0.000220779896097,0.000292668800445,0.000450999970158));
#9692=CARTESIAN_POINT('',(0.000220779896097,0.000292668800445,0.000450999970158));
#9693=CARTESIAN_POINT('',(0.000217242961162,0.000292668800445,0.000450999970158));
#9694=CARTESIAN_POINT('',(0.000214353933226,0.000291882814903,0.000450999970158));
#9695=CARTESIAN_POINT('',(0.000212134055143,0.000290310843821,0.000450999970158));
#9696=CARTESIAN_POINT('',(0.000212134055143,0.000290310843821,0.000450999970158));
#9697=CARTESIAN_POINT('',(0.000212134055143,0.000290310843821,0.000450999970158));
#9698=CARTESIAN_POINT('',(0.000209903555634,0.000288760115591,0.000450999970158));
#9699=CARTESIAN_POINT('',(0.00020878830588,0.000286614587492,0.000450999970158));
#9700=CARTESIAN_POINT('',(0.00020878830588,0.000283895502376,0.000450999970158));
#9701=CARTESIAN_POINT('',(0.00020878830588,0.000283895502376,0.000450999970158));
#9702=CARTESIAN_POINT('',(0.00020878830588,0.000283895502376,0.000450999970158));
#9703=CARTESIAN_POINT('',(0.00020878830588,0.000281941159949,0.000450999970158));
#9704=CARTESIAN_POINT('',(0.000209372484323,0.000280305460309,0.000450999970158));
#9705=CARTESIAN_POINT('',(0.000210530219782,0.000278988403456,0.000450999970158));
#9706=CARTESIAN_POINT('',(0.000210530219782,0.000278988403456,0.000450999970158));
#9707=CARTESIAN_POINT('',(0.000210530219782,0.000278988403456,0.000450999970158));
#9708=CARTESIAN_POINT('',(0.000211698576668,0.000277671346603,0.000450999970158));
#9709=CARTESIAN_POINT('',(0.000213929076177,0.000276375532603,0.000450999970158));
#9710=CARTESIAN_POINT('',(0.000217242961162,0.00027514344716,0.000450999970158));
#9711=CARTESIAN_POINT('',(0.000217242961162,0.00027514344716,0.000450999970158));
#9712=CARTESIAN_POINT('',(0.000217242961162,0.00027514344716,0.000450999970158));
#9713=CARTESIAN_POINT('',(0.000219855832015,0.000274123790241,0.000450999970158));
#9714=CARTESIAN_POINT('',(0.00022153401736,0.000273274076142,0.000450999970158));
#9715=CARTESIAN_POINT('',(0.000222298760049,0.000272594304863,0.000450999970158));
#9716=CARTESIAN_POINT('',(0.000222298760049,0.000272594304863,0.000450999970158));
#9717=CARTESIAN_POINT('',(0.000222298760049,0.000272594304863,0.000450999970158));
#9718=CARTESIAN_POINT('',(0.000223052881311,0.000271935776437,0.000450999970158));
#9719=CARTESIAN_POINT('',(0.000223435252656,0.000271022333781,0.000450999970158));
#9720=CARTESIAN_POINT('',(0.000223435252656,0.000269832734043,0.000450999970158));
#9721=CARTESIAN_POINT('',(0.000223435252656,0.000269832734043,0.000450999970158));
#9722=CARTESIAN_POINT('',(0.000223435252656,0.000269832734043,0.000450999970158));
#9723=CARTESIAN_POINT('',(0.000223435252656,0.000268643134305,0.000450999970158));
#9724=CARTESIAN_POINT('',(0.000222904181344,0.000267665963091,0.000450999970158));
#9725=CARTESIAN_POINT('',(0.000221852660147,0.000266943706107,0.000450999970158));
#9726=CARTESIAN_POINT('',(0.000221852660147,0.000266943706107,0.000450999970158));
#9727=CARTESIAN_POINT('',(0.000221852660147,0.000266943706107,0.000450999970158));
#9728=CARTESIAN_POINT('',(0.00022080113895,0.000266200206271,0.000450999970158));
#9729=CARTESIAN_POINT('',(0.000219430974966,0.000265839077779,0.000450999970158));
#9730=CARTESIAN_POINT('',(0.000217752789621,0.000265839077779,0.000450999970158));
#9731=CARTESIAN_POINT('',(0.000217752789621,0.000265839077779,0.000450999970158));
#9732=CARTESIAN_POINT('',(0.000217575745549304,0.000279542679410666,0.000450999970158));
#9733=CARTESIAN_POINT('',(0.000210211576995,0.000267984605878,0.000450999970158));
#9734=CARTESIAN_POINT('',(0.000210211576995,0.000262928806991,0.000450999970158));
#9735=CARTESIAN_POINT('',(0.000210211576995,0.000262928806991,0.000450999970158));
#9736=CARTESIAN_POINT('',(0.000217029074575898,0.000279897659526863,0.000450999970158));
#9737=CARTESIAN_POINT('',(0.000217242961162,0.000261611750138,0.000450999970158));
#9738=CARTESIAN_POINT('',(0.000217242961162,0.000261611750138,0.000450999970158));
#9739=CARTESIAN_POINT('',(0.000220493117589,0.000261611750138,0.000450999970158));
#9740=CARTESIAN_POINT('',(0.000223233445557,0.000262397735679,0.000450999970158));
#9741=CARTESIAN_POINT('',(0.000225463945066,0.000263969706762,0.000450999970158));
#9742=CARTESIAN_POINT('',(0.000225463945066,0.000263969706762,0.000450999970158));
#9743=CARTESIAN_POINT('',(0.000225463945066,0.000263969706762,0.000450999970158));
#9744=CARTESIAN_POINT('',(0.000227683823149,0.000265562920697,0.000450999970158));
#9745=CARTESIAN_POINT('',(0.000228799072904,0.000267665963091,0.000450999970158));
#9746=CARTESIAN_POINT('',(0.000228799072904,0.000270300076797,0.000450999970158));
#9747=CARTESIAN_POINT('',(0.000228799072904,0.000270300076797,0.000450999970158));
#9748=CARTESIAN_POINT('',(0.000228799072904,0.000270300076797,0.000450999970158));
#9749=CARTESIAN_POINT('',(0.000228799072904,0.000272126962109,0.000450999970158));
#9750=CARTESIAN_POINT('',(0.000228310487297,0.000273698933192,0.000450999970158));
#9751=CARTESIAN_POINT('',(0.000227322694657,0.000274994747192,0.000450999970158));
#9752=CARTESIAN_POINT('',(0.000227322694657,0.000274994747192,0.000450999970158));
#9753=CARTESIAN_POINT('',(0.000227322694657,0.000274994747192,0.000450999970158));
#9754=CARTESIAN_POINT('',(0.000226345523444,0.000276290561193,0.000450999970158));
#9755=CARTESIAN_POINT('',(0.000224199995345,0.000277607618046,0.000450999970158));
#9756=CARTESIAN_POINT('',(0.000220917974638,0.000278924674899,0.000450999970158));
#9757=CARTESIAN_POINT('',(0.000220917974638,0.000278924674899,0.000450999970158));
#9758=CARTESIAN_POINT('',(0.000220917974638,0.000278924674899,0.000450999970158));
#9759=CARTESIAN_POINT('',(0.00021817764667,0.000279944331817,0.000450999970158));
#9760=CARTESIAN_POINT('',(0.000216361382784,0.000280836531621,0.000450999970158));
#9761=CARTESIAN_POINT('',(0.000215469182981,0.000281580031457,0.000450999970158));
#9762=CARTESIAN_POINT('',(0.000215469182981,0.000281580031457,0.000450999970158));
#9763=CARTESIAN_POINT('',(0.000217666436520998,0.000284350451174903,0.000450999970158));
#9764=CARTESIAN_POINT('',(0.000214130883275,0.000284405330835,0.000450999970158));
#9765=CARTESIAN_POINT('',(0.000214130883275,0.000284405330835,0.000450999970158));
#9766=CARTESIAN_POINT('',(0.000214130883275,0.000287081930246,0.000450999970158));
#9767=CARTESIAN_POINT('',(0.000216180818538,0.000288420229951,0.000450999970158));
#9768=CARTESIAN_POINT('',(0.000220270067638,0.000288420229951,0.000450999970158));
#9769=CARTESIAN_POINT('',(0.000214130883275,0.000284405330835,0.000450999970158));
#9770=CARTESIAN_POINT('',(0.000214130883275,0.000284405330835,0.000449999970198));
#9771=CARTESIAN_POINT('',(0.000214130883275,0.000287081930246,0.000450999970158));
#9772=CARTESIAN_POINT('',(0.000214130883275,0.000287081930246,0.000449999970198));
#9773=CARTESIAN_POINT('',(0.000216180818538,0.000288420229951,0.000450999970158));
#9774=CARTESIAN_POINT('',(0.000216180818538,0.000288420229951,0.000449999970198));
#9775=CARTESIAN_POINT('',(0.000220270067638,0.000288420229951,0.000450999970158));
#9776=CARTESIAN_POINT('',(0.000220270067638,0.000288420229951,0.000449999970198));
#9777=CARTESIAN_POINT('',(0.000214130883275,0.000284405330835,0.000449999970198));
#9778=CARTESIAN_POINT('',(0.000214130883275,0.000287081930246,0.000449999970198));
#9779=CARTESIAN_POINT('',(0.000216180818538,0.000288420229951,0.000449999970198));
#9780=CARTESIAN_POINT('',(0.000220270067638,0.000288420229951,0.000449999970198));
#9781=CARTESIAN_POINT('',(0.000214130883275,0.000284405330835,0.000449999970198));
#9782=CARTESIAN_POINT('',(0.000220270067638,0.000288420229951,0.000449999970198));
#9783=CARTESIAN_POINT('',(0.000220270067638,0.000288420229951,0.000450999970158));
#9784=CARTESIAN_POINT('',(0.000214130883275,0.000284405330835,0.000450999970158));
#9785=CARTESIAN_POINT('',(0.000217636519384935,0.000284352829929573,0.000450799970166));
#9786=CARTESIAN_POINT('',(0.000217666436520998,0.000284350451174903,0.000449999970198));
#9787=CARTESIAN_POINT('',(0.000215469182981,0.000281580031457,0.000449999970198));
#9788=CARTESIAN_POINT('',(0.000215469182981,0.000281580031457,0.000450999970158));
#9789=CARTESIAN_POINT('',(0.000220917974638,0.000278924674899,0.000450999970158));
#9790=CARTESIAN_POINT('',(0.000220917974638,0.000278924674899,0.000449999970198));
#9791=CARTESIAN_POINT('',(0.00021817764667,0.000279944331817,0.000450999970158));
#9792=CARTESIAN_POINT('',(0.00021817764667,0.000279944331817,0.000449999970198));
#9793=CARTESIAN_POINT('',(0.000216361382784,0.000280836531621,0.000450999970158));
#9794=CARTESIAN_POINT('',(0.000216361382784,0.000280836531621,0.000449999970198));
#9795=CARTESIAN_POINT('',(0.000215469182981,0.000281580031457,0.000450999970158));
#9796=CARTESIAN_POINT('',(0.000215469182981,0.000281580031457,0.000449999970198));
#9797=CARTESIAN_POINT('',(0.000220917974638,0.000278924674899,0.000449999970198));
#9798=CARTESIAN_POINT('',(0.00021817764667,0.000279944331817,0.000449999970198));
#9799=CARTESIAN_POINT('',(0.000216361382784,0.000280836531621,0.000449999970198));
#9800=CARTESIAN_POINT('',(0.000215469182981,0.000281580031457,0.000449999970198));
#9801=CARTESIAN_POINT('',(0.000220917974638,0.000278924674899,0.000449999970198));
#9802=CARTESIAN_POINT('',(0.000220917974638,0.000278924674899,0.000450999970158));
#9803=CARTESIAN_POINT('',(0.000227322694657,0.000274994747192,0.000450999970158));
#9804=CARTESIAN_POINT('',(0.000227322694657,0.000274994747192,0.000449999970198));
#9805=CARTESIAN_POINT('',(0.000226345523444,0.000276290561193,0.000450999970158));
#9806=CARTESIAN_POINT('',(0.000226345523444,0.000276290561193,0.000449999970198));
#9807=CARTESIAN_POINT('',(0.000224199995345,0.000277607618046,0.000450999970158));
#9808=CARTESIAN_POINT('',(0.000224199995345,0.000277607618046,0.000449999970198));
#9809=CARTESIAN_POINT('',(0.000220917974638,0.000278924674899,0.000450999970158));
#9810=CARTESIAN_POINT('',(0.000220917974638,0.000278924674899,0.000449999970198));
#9811=CARTESIAN_POINT('',(0.000227322694657,0.000274994747192,0.000449999970198));
#9812=CARTESIAN_POINT('',(0.000226345523444,0.000276290561193,0.000449999970198));
#9813=CARTESIAN_POINT('',(0.000224199995345,0.000277607618046,0.000449999970198));
#9814=CARTESIAN_POINT('',(0.000220917974638,0.000278924674899,0.000449999970198));
#9815=CARTESIAN_POINT('',(0.000227322694657,0.000274994747192,0.000449999970198));
#9816=CARTESIAN_POINT('',(0.000227322694657,0.000274994747192,0.000450999970158));
#9817=CARTESIAN_POINT('',(0.000228799072904,0.000270300076797,0.000450999970158));
#9818=CARTESIAN_POINT('',(0.000228799072904,0.000270300076797,0.000449999970198));
#9819=CARTESIAN_POINT('',(0.000228799072904,0.000272126962109,0.000450999970158));
#9820=CARTESIAN_POINT('',(0.000228799072904,0.000272126962109,0.000449999970198));
#9821=CARTESIAN_POINT('',(0.000228310487297,0.000273698933192,0.000450999970158));
#9822=CARTESIAN_POINT('',(0.000228310487297,0.000273698933192,0.000449999970198));
#9823=CARTESIAN_POINT('',(0.000227322694657,0.000274994747192,0.000450999970158));
#9824=CARTESIAN_POINT('',(0.000227322694657,0.000274994747192,0.000449999970198));
#9825=CARTESIAN_POINT('',(0.000228799072904,0.000270300076797,0.000449999970198));
#9826=CARTESIAN_POINT('',(0.000228799072904,0.000272126962109,0.000449999970198));
#9827=CARTESIAN_POINT('',(0.000228310487297,0.000273698933192,0.000449999970198));
#9828=CARTESIAN_POINT('',(0.000227322694657,0.000274994747192,0.000449999970198));
#9829=CARTESIAN_POINT('',(0.000228799072904,0.000270300076797,0.000449999970198));
#9830=CARTESIAN_POINT('',(0.000228799072904,0.000270300076797,0.000450999970158));
#9831=CARTESIAN_POINT('',(0.000225463945066,0.000263969706762,0.000450999970158));
#9832=CARTESIAN_POINT('',(0.000225463945066,0.000263969706762,0.000449999970198));
#9833=CARTESIAN_POINT('',(0.000227683823149,0.000265562920697,0.000450999970158));
#9834=CARTESIAN_POINT('',(0.000227683823149,0.000265562920697,0.000449999970198));
#9835=CARTESIAN_POINT('',(0.000228799072904,0.000267665963091,0.000450999970158));
#9836=CARTESIAN_POINT('',(0.000228799072904,0.000267665963091,0.000449999970198));
#9837=CARTESIAN_POINT('',(0.000228799072904,0.000270300076797,0.000450999970158));
#9838=CARTESIAN_POINT('',(0.000228799072904,0.000270300076797,0.000449999970198));
#9839=CARTESIAN_POINT('',(0.000225463945066,0.000263969706762,0.000449999970198));
#9840=CARTESIAN_POINT('',(0.000227683823149,0.000265562920697,0.000449999970198));
#9841=CARTESIAN_POINT('',(0.000228799072904,0.000267665963091,0.000449999970198));
#9842=CARTESIAN_POINT('',(0.000228799072904,0.000270300076797,0.000449999970198));
#9843=CARTESIAN_POINT('',(0.000225463945066,0.000263969706762,0.000449999970198));
#9844=CARTESIAN_POINT('',(0.000225463945066,0.000263969706762,0.000450999970158));
#9845=CARTESIAN_POINT('',(0.000217242961162,0.000261611750138,0.000450999970158));
#9846=CARTESIAN_POINT('',(0.000217242961162,0.000261611750138,0.000449999970198));
#9847=CARTESIAN_POINT('',(0.000220493117589,0.000261611750138,0.000450999970158));
#9848=CARTESIAN_POINT('',(0.000220493117589,0.000261611750138,0.000449999970198));
#9849=CARTESIAN_POINT('',(0.000223233445557,0.000262397735679,0.000450999970158));
#9850=CARTESIAN_POINT('',(0.000223233445557,0.000262397735679,0.000449999970198));
#9851=CARTESIAN_POINT('',(0.000225463945066,0.000263969706762,0.000450999970158));
#9852=CARTESIAN_POINT('',(0.000225463945066,0.000263969706762,0.000449999970198));
#9853=CARTESIAN_POINT('',(0.000217242961162,0.000261611750138,0.000449999970198));
#9854=CARTESIAN_POINT('',(0.000220493117589,0.000261611750138,0.000449999970198));
#9855=CARTESIAN_POINT('',(0.000223233445557,0.000262397735679,0.000449999970198));
#9856=CARTESIAN_POINT('',(0.000225463945066,0.000263969706762,0.000449999970198));
#9857=CARTESIAN_POINT('',(0.000217242961162,0.000261611750138,0.000449999970198));
#9858=CARTESIAN_POINT('',(0.000217242961162,0.000261611750138,0.000450999970158));
#9859=CARTESIAN_POINT('',(0.000210211576995,0.000262928806991,0.000450999970158));
#9860=CARTESIAN_POINT('',(0.000210211576995,0.000262928806991,0.000449999970198));
#9861=CARTESIAN_POINT('',(0.000212378347947,0.000262036607187,0.000450999970158));
#9862=CARTESIAN_POINT('',(0.000212378347947,0.000262036607187,0.000449999970198));
#9863=CARTESIAN_POINT('',(0.000214715061718,0.000261611750138,0.000450999970158));
#9864=CARTESIAN_POINT('',(0.000214715061718,0.000261611750138,0.000449999970198));
#9865=CARTESIAN_POINT('',(0.000217242961162,0.000261611750138,0.000450999970158));
#9866=CARTESIAN_POINT('',(0.000217242961162,0.000261611750138,0.000449999970198));
#9867=CARTESIAN_POINT('',(0.000217029074575898,0.000279897659526863,0.000449999970198));
#9868=CARTESIAN_POINT('',(0.000210211576995,0.000262928806991,0.000449999970198));
#9869=CARTESIAN_POINT('',(0.000210211576995,0.000262928806991,0.000450999970158));
#9870=CARTESIAN_POINT('',(0.000210211576995,0.000262928806991,0.000450999970158));
#9871=CARTESIAN_POINT('',(0.000210211576995,0.000262928806991,0.000449999970198));
#9872=CARTESIAN_POINT('',(0.000210211576995,0.000267984605878,0.000449999970198));
#9873=CARTESIAN_POINT('',(0.000210211576995,0.000267984605878,0.000450999970158));
#9874=CARTESIAN_POINT('',(0.000217752789621,0.000265839077779,0.000450999970158));
#9875=CARTESIAN_POINT('',(0.000217752789621,0.000265839077779,0.000449999970198));
#9876=CARTESIAN_POINT('',(0.000214938111669,0.000265839077779,0.000450999970158));
#9877=CARTESIAN_POINT('',(0.000214938111669,0.000265839077779,0.000449999970198));
#9878=CARTESIAN_POINT('',(0.000212431455078,0.000266561334763,0.000450999970158));
#9879=CARTESIAN_POINT('',(0.000212431455078,0.000266561334763,0.000449999970198));
#9880=CARTESIAN_POINT('',(0.000210211576995,0.000267984605878,0.000450999970158));
#9881=CARTESIAN_POINT('',(0.000210211576995,0.000267984605878,0.000449999970198));
#9882=CARTESIAN_POINT('',(0.000217575745549304,0.000279542679410666,0.000449999970198));
#9883=CARTESIAN_POINT('',(0.000217752789621,0.000265839077779,0.000449999970198));
#9884=CARTESIAN_POINT('',(0.000217752789621,0.000265839077779,0.000450999970158));
#9885=CARTESIAN_POINT('',(0.000221852660147,0.000266943706107,0.000450999970158));
#9886=CARTESIAN_POINT('',(0.000221852660147,0.000266943706107,0.000449999970198));
#9887=CARTESIAN_POINT('',(0.00022080113895,0.000266200206271,0.000450999970158));
#9888=CARTESIAN_POINT('',(0.00022080113895,0.000266200206271,0.000449999970198));
#9889=CARTESIAN_POINT('',(0.000219430974966,0.000265839077779,0.000450999970158));
#9890=CARTESIAN_POINT('',(0.000219430974966,0.000265839077779,0.000449999970198));
#9891=CARTESIAN_POINT('',(0.000217752789621,0.000265839077779,0.000450999970158));
#9892=CARTESIAN_POINT('',(0.000217752789621,0.000265839077779,0.000449999970198));
#9893=CARTESIAN_POINT('',(0.000221852660147,0.000266943706107,0.000449999970198));
#9894=CARTESIAN_POINT('',(0.00022080113895,0.000266200206271,0.000449999970198));
#9895=CARTESIAN_POINT('',(0.000219430974966,0.000265839077779,0.000449999970198));
#9896=CARTESIAN_POINT('',(0.000217752789621,0.000265839077779,0.000449999970198));
#9897=CARTESIAN_POINT('',(0.000221852660147,0.000266943706107,0.000449999970198));
#9898=CARTESIAN_POINT('',(0.000221852660147,0.000266943706107,0.000450999970158));
#9899=CARTESIAN_POINT('',(0.000223435252656,0.000269832734043,0.000450999970158));
#9900=CARTESIAN_POINT('',(0.000223435252656,0.000269832734043,0.000449999970198));
#9901=CARTESIAN_POINT('',(0.000223435252656,0.000268643134305,0.000450999970158));
#9902=CARTESIAN_POINT('',(0.000223435252656,0.000268643134305,0.000449999970198));
#9903=CARTESIAN_POINT('',(0.000222904181344,0.000267665963091,0.000450999970158));
#9904=CARTESIAN_POINT('',(0.000222904181344,0.000267665963091,0.000449999970198));
#9905=CARTESIAN_POINT('',(0.000221852660147,0.000266943706107,0.000450999970158));
#9906=CARTESIAN_POINT('',(0.000221852660147,0.000266943706107,0.000449999970198));
#9907=CARTESIAN_POINT('',(0.000223435252656,0.000269832734043,0.000449999970198));
#9908=CARTESIAN_POINT('',(0.000223435252656,0.000268643134305,0.000449999970198));
#9909=CARTESIAN_POINT('',(0.000222904181344,0.000267665963091,0.000449999970198));
#9910=CARTESIAN_POINT('',(0.000221852660147,0.000266943706107,0.000449999970198));
#9911=CARTESIAN_POINT('',(0.000223435252656,0.000269832734043,0.000449999970198));
#9912=CARTESIAN_POINT('',(0.000223435252656,0.000269832734043,0.000450999970158));
#9913=CARTESIAN_POINT('',(0.000222298760049,0.000272594304863,0.000450999970158));
#9914=CARTESIAN_POINT('',(0.000222298760049,0.000272594304863,0.000449999970198));
#9915=CARTESIAN_POINT('',(0.000223052881311,0.000271935776437,0.000450999970158));
#9916=CARTESIAN_POINT('',(0.000223052881311,0.000271935776437,0.000449999970198));
#9917=CARTESIAN_POINT('',(0.000223435252656,0.000271022333781,0.000450999970158));
#9918=CARTESIAN_POINT('',(0.000223435252656,0.000271022333781,0.000449999970198));
#9919=CARTESIAN_POINT('',(0.000223435252656,0.000269832734043,0.000450999970158));
#9920=CARTESIAN_POINT('',(0.000223435252656,0.000269832734043,0.000449999970198));
#9921=CARTESIAN_POINT('',(0.000222298760049,0.000272594304863,0.000449999970198));
#9922=CARTESIAN_POINT('',(0.000223052881311,0.000271935776437,0.000449999970198));
#9923=CARTESIAN_POINT('',(0.000223435252656,0.000271022333781,0.000449999970198));
#9924=CARTESIAN_POINT('',(0.000223435252656,0.000269832734043,0.000449999970198));
#9925=CARTESIAN_POINT('',(0.000222298760049,0.000272594304863,0.000449999970198));
#9926=CARTESIAN_POINT('',(0.000222298760049,0.000272594304863,0.000450999970158));
#9927=CARTESIAN_POINT('',(0.000217242961162,0.00027514344716,0.000450999970158));
#9928=CARTESIAN_POINT('',(0.000217242961162,0.00027514344716,0.000449999970198));
#9929=CARTESIAN_POINT('',(0.000219855832015,0.000274123790241,0.000450999970158));
#9930=CARTESIAN_POINT('',(0.000219855832015,0.000274123790241,0.000449999970198));
#9931=CARTESIAN_POINT('',(0.00022153401736,0.000273274076142,0.000450999970158));
#9932=CARTESIAN_POINT('',(0.00022153401736,0.000273274076142,0.000449999970198));
#9933=CARTESIAN_POINT('',(0.000222298760049,0.000272594304863,0.000450999970158));
#9934=CARTESIAN_POINT('',(0.000222298760049,0.000272594304863,0.000449999970198));
#9935=CARTESIAN_POINT('',(0.000217242961162,0.00027514344716,0.000449999970198));
#9936=CARTESIAN_POINT('',(0.000219855832015,0.000274123790241,0.000449999970198));
#9937=CARTESIAN_POINT('',(0.00022153401736,0.000273274076142,0.000449999970198));
#9938=CARTESIAN_POINT('',(0.000222298760049,0.000272594304863,0.000449999970198));
#9939=CARTESIAN_POINT('',(0.000217242961162,0.00027514344716,0.000449999970198));
#9940=CARTESIAN_POINT('',(0.000217242961162,0.00027514344716,0.000450999970158));
#9941=CARTESIAN_POINT('',(0.000210530219782,0.000278988403456,0.000450999970158));
#9942=CARTESIAN_POINT('',(0.000210530219782,0.000278988403456,0.000449999970198));
#9943=CARTESIAN_POINT('',(0.000211698576668,0.000277671346603,0.000450999970158));
#9944=CARTESIAN_POINT('',(0.000211698576668,0.000277671346603,0.000449999970198));
#9945=CARTESIAN_POINT('',(0.000213929076177,0.000276375532603,0.000450999970158));
#9946=CARTESIAN_POINT('',(0.000213929076177,0.000276375532603,0.000449999970198));
#9947=CARTESIAN_POINT('',(0.000217242961162,0.00027514344716,0.000450999970158));
#9948=CARTESIAN_POINT('',(0.000217242961162,0.00027514344716,0.000449999970198));
#9949=CARTESIAN_POINT('',(0.000210530219782,0.000278988403456,0.000449999970198));
#9950=CARTESIAN_POINT('',(0.000211698576668,0.000277671346603,0.000449999970198));
#9951=CARTESIAN_POINT('',(0.000213929076177,0.000276375532603,0.000449999970198));
#9952=CARTESIAN_POINT('',(0.000217242961162,0.00027514344716,0.000449999970198));
#9953=CARTESIAN_POINT('',(0.000210530219782,0.000278988403456,0.000449999970198));
#9954=CARTESIAN_POINT('',(0.000210530219782,0.000278988403456,0.000450999970158));
#9955=CARTESIAN_POINT('',(0.00020878830588,0.000283895502376,0.000450999970158));
#9956=CARTESIAN_POINT('',(0.00020878830588,0.000283895502376,0.000449999970198));
#9957=CARTESIAN_POINT('',(0.00020878830588,0.000281941159949,0.000450999970158));
#9958=CARTESIAN_POINT('',(0.00020878830588,0.000281941159949,0.000449999970198));
#9959=CARTESIAN_POINT('',(0.000209372484323,0.000280305460309,0.000450999970158));
#9960=CARTESIAN_POINT('',(0.000209372484323,0.000280305460309,0.000449999970198));
#9961=CARTESIAN_POINT('',(0.000210530219782,0.000278988403456,0.000450999970158));
#9962=CARTESIAN_POINT('',(0.000210530219782,0.000278988403456,0.000449999970198));
#9963=CARTESIAN_POINT('',(0.00020878830588,0.000283895502376,0.000449999970198));
#9964=CARTESIAN_POINT('',(0.00020878830588,0.000281941159949,0.000449999970198));
#9965=CARTESIAN_POINT('',(0.000209372484323,0.000280305460309,0.000449999970198));
#9966=CARTESIAN_POINT('',(0.000210530219782,0.000278988403456,0.000449999970198));
#9967=CARTESIAN_POINT('',(0.00020878830588,0.000283895502376,0.000449999970198));
#9968=CARTESIAN_POINT('',(0.00020878830588,0.000283895502376,0.000450999970158));
#9969=CARTESIAN_POINT('',(0.000212134055143,0.000290310843821,0.000450999970158));
#9970=CARTESIAN_POINT('',(0.000212134055143,0.000290310843821,0.000449999970198));
#9971=CARTESIAN_POINT('',(0.000209903555634,0.000288760115591,0.000450999970158));
#9972=CARTESIAN_POINT('',(0.000209903555634,0.000288760115591,0.000449999970198));
#9973=CARTESIAN_POINT('',(0.00020878830588,0.000286614587492,0.000450999970158));
#9974=CARTESIAN_POINT('',(0.00020878830588,0.000286614587492,0.000449999970198));
#9975=CARTESIAN_POINT('',(0.00020878830588,0.000283895502376,0.000450999970158));
#9976=CARTESIAN_POINT('',(0.00020878830588,0.000283895502376,0.000449999970198));
#9977=CARTESIAN_POINT('',(0.000212134055143,0.000290310843821,0.000449999970198));
#9978=CARTESIAN_POINT('',(0.000209903555634,0.000288760115591,0.000449999970198));
#9979=CARTESIAN_POINT('',(0.00020878830588,0.000286614587492,0.000449999970198));
#9980=CARTESIAN_POINT('',(0.00020878830588,0.000283895502376,0.000449999970198));
#9981=CARTESIAN_POINT('',(0.000212134055143,0.000290310843821,0.000449999970198));
#9982=CARTESIAN_POINT('',(0.000212134055143,0.000290310843821,0.000450999970158));
#9983=CARTESIAN_POINT('',(0.000220779896097,0.000292668800445,0.000450999970158));
#9984=CARTESIAN_POINT('',(0.000220779896097,0.000292668800445,0.000449999970198));
#9985=CARTESIAN_POINT('',(0.000217242961162,0.000292668800445,0.000450999970158));
#9986=CARTESIAN_POINT('',(0.000217242961162,0.000292668800445,0.000449999970198));
#9987=CARTESIAN_POINT('',(0.000214353933226,0.000291882814903,0.000450999970158));
#9988=CARTESIAN_POINT('',(0.000214353933226,0.000291882814903,0.000449999970198));
#9989=CARTESIAN_POINT('',(0.000212134055143,0.000290310843821,0.000450999970158));
#9990=CARTESIAN_POINT('',(0.000212134055143,0.000290310843821,0.000449999970198));
#9991=CARTESIAN_POINT('',(0.000220779896097,0.000292668800445,0.000449999970198));
#9992=CARTESIAN_POINT('',(0.000217242961162,0.000292668800445,0.000449999970198));
#9993=CARTESIAN_POINT('',(0.000214353933226,0.000291882814903,0.000449999970198));
#9994=CARTESIAN_POINT('',(0.000212134055143,0.000290310843821,0.000449999970198));
#9995=CARTESIAN_POINT('',(0.000220779896097,0.000292668800445,0.000449999970198));
#9996=CARTESIAN_POINT('',(0.000220779896097,0.000292668800445,0.000450999970158));
#9997=CARTESIAN_POINT('',(0.000228830937182,0.000290926886542,0.000450999970158));
#9998=CARTESIAN_POINT('',(0.000228830937182,0.000290926886542,0.000449999970198));
#9999=CARTESIAN_POINT('',(0.000226536709116,0.000292074000576,0.000450999970158));
#10000=CARTESIAN_POINT('',(0.000226536709116,0.000292074000576,0.000449999970198));
#10001=CARTESIAN_POINT('',(0.000223860109705,0.000292668800445,0.000450999970158));
#10002=CARTESIAN_POINT('',(0.000223860109705,0.000292668800445,0.000449999970198));
#10003=CARTESIAN_POINT('',(0.000220779896097,0.000292668800445,0.000450999970158));
#10004=CARTESIAN_POINT('',(0.000220779896097,0.000292668800445,0.000449999970198));
#10005=CARTESIAN_POINT('',(0.000228830937182,0.000290926886542,0.000449999970198));
#10006=CARTESIAN_POINT('',(0.000226536709116,0.000292074000576,0.000449999970198));
#10007=CARTESIAN_POINT('',(0.000223860109705,0.000292668800445,0.000449999970198));
#10008=CARTESIAN_POINT('',(0.000220779896097,0.000292668800445,0.000449999970198));
#10009=CARTESIAN_POINT('',(0.000228830937182,0.000290926886542,0.000449999970198));
#10010=CARTESIAN_POINT('',(0.000228830937182,0.000290926886542,0.000450999970158));
#10011=CARTESIAN_POINT('',(0.000228830937182,0.000290926886542,0.000450999970158));
#10012=CARTESIAN_POINT('',(0.000228830937182,0.000290926886542,0.000449999970198));
#10013=CARTESIAN_POINT('',(0.000228830937182,0.000285552444868,0.000449999970198));
#10014=CARTESIAN_POINT('',(0.000228830937182,0.000285552444868,0.000450999970158));
#10015=CARTESIAN_POINT('',(0.000220270067638,0.000288420229951,0.000450999970158));
#10016=CARTESIAN_POINT('',(0.000220270067638,0.000288420229951,0.000449999970198));
#10017=CARTESIAN_POINT('',(0.000223329038393,0.000288420229951,0.000450999970158));
#10018=CARTESIAN_POINT('',(0.000223329038393,0.000288420229951,0.000449999970198));
#10019=CARTESIAN_POINT('',(0.000226175580624,0.00028746430159,0.000450999970158));
#10020=CARTESIAN_POINT('',(0.000226175580624,0.00028746430159,0.000449999970198));
#10021=CARTESIAN_POINT('',(0.000228830937182,0.000285552444868,0.000450999970158));
#10022=CARTESIAN_POINT('',(0.000228830937182,0.000285552444868,0.000449999970198));
#10023=CARTESIAN_POINT('',(0.000220270067638,0.000288420229951,0.000449999970198));
#10024=CARTESIAN_POINT('',(0.000223329038393,0.000288420229951,0.000449999970198));
#10025=CARTESIAN_POINT('',(0.000226175580624,0.00028746430159,0.000449999970198));
#10026=CARTESIAN_POINT('',(0.000228830937182,0.000285552444868,0.000449999970198));
#10027=CARTESIAN_POINT('',(0.,0.,0.000449999970197636));
#10028=CARTESIAN_POINT('',(0.000248034475813,0.000278011232242,0.000449999970198));
#10029=CARTESIAN_POINT('',(0.00025046678242,0.000278351117882,0.000449999970198));
#10030=CARTESIAN_POINT('',(0.000252144967765,0.000278945917751,0.000449999970198));
#10031=CARTESIAN_POINT('',(0.000253069031847,0.000279838117555,0.000449999970198));
#10032=CARTESIAN_POINT('',(0.000248034475812971,0.000278011232242214,0.000449999970198));
#10033=CARTESIAN_POINT('',(0.000253069031847,0.000279838117555,0.000449999970198));
#10034=CARTESIAN_POINT('',(0.000253069031847,0.000279838117555,0.000449999970198));
#10035=CARTESIAN_POINT('',(0.000253982474503,0.000280730317358,0.000449999970198));
#10036=CARTESIAN_POINT('',(0.000254449817257,0.000281983645654,0.000449999970198));
#10037=CARTESIAN_POINT('',(0.000254449817257,0.000283598102441,0.000449999970198));
#10038=CARTESIAN_POINT('',(0.000254449817257,0.000283598102441,0.000449999970198));
#10039=CARTESIAN_POINT('',(0.000250028206143513,0.000283731899338807,0.000449999970198));
#10040=CARTESIAN_POINT('',(0.000252941574732,0.000287060687394,0.000449999970198));
#10041=CARTESIAN_POINT('',(0.000252941574732,0.000287060687394,0.000449999970198));
#10042=CARTESIAN_POINT('',(0.000251943160666,0.000287952887197,0.000449999970198));
#10043=CARTESIAN_POINT('',(0.000250615482387,0.000288398987099,0.000449999970198));
#10044=CARTESIAN_POINT('',(0.000248969161321,0.000288398987099,0.000449999970198));
#10045=CARTESIAN_POINT('',(0.000248969161321,0.000288398987099,0.000449999970198));
#10046=CARTESIAN_POINT('',(0.000248969161321,0.000288398987099,0.000449999970198));
#10047=CARTESIAN_POINT('',(0.000246685554681,0.000288398987099,0.000449999970198));
#10048=CARTESIAN_POINT('',(0.000244794940811,0.000287591758705,0.000449999970198));
#10049=CARTESIAN_POINT('',(0.000243318562565,0.000285977301918,0.000449999970198));
#10050=CARTESIAN_POINT('',(0.000243318562565,0.000285977301918,0.000449999970198));
#10051=CARTESIAN_POINT('',(0.000243318562565,0.000285977301918,0.000449999970198));
#10052=CARTESIAN_POINT('',(0.000241831562892,0.000284384087983,0.000449999970198));
#10053=CARTESIAN_POINT('',(0.000241088063056,0.000282366016998,0.000449999970198));
#10054=CARTESIAN_POINT('',(0.000241088063056,0.000279923088965,0.000449999970198));
#10055=CARTESIAN_POINT('',(0.000241088063056,0.000279923088965,0.000449999970198));
#10056=CARTESIAN_POINT('',(0.000241088063056,0.000279923088965,0.000449999970198));
#10057=CARTESIAN_POINT('',(0.000241088063056,0.000277076546734,0.000449999970198));
#10058=CARTESIAN_POINT('',(0.000241088063056,0.000277076546734,0.000449999970198));
#10059=CARTESIAN_POINT('',(0.000241088063056,0.000277076546734,0.000450999970158));
#10060=CARTESIAN_POINT('',(0.000241088063056,0.000277076546734,0.000450999970158));
#10061=CARTESIAN_POINT('',(0.000241088063056,0.000277076546734,0.000450999970158));
#10062=CARTESIAN_POINT('',(0.000241088063056,0.000277076546734,0.000450999970158));
#10063=CARTESIAN_POINT('',(0.000248034475812971,0.000278011232242214,0.000450999970158));
#10064=CARTESIAN_POINT('',(0.000248034475813,0.000278011232242,0.000450999970158));
#10065=CARTESIAN_POINT('',(0.000241088063056,0.000279923088965,0.000450999970158));
#10066=CARTESIAN_POINT('',(0.000241088063056,0.000279923088965,0.000450999970158));
#10067=CARTESIAN_POINT('',(0.000241088063056,0.000279923088965,0.000450999970158));
#10068=CARTESIAN_POINT('',(0.000241088063056,0.000279923088965,0.000450999970158));
#10069=CARTESIAN_POINT('',(0.000243318562565,0.000285977301918,0.000450999970158));
#10070=CARTESIAN_POINT('',(0.000243318562565,0.000285977301918,0.000449999970198));
#10071=CARTESIAN_POINT('',(0.000241831562892,0.000284384087983,0.000450999970158));
#10072=CARTESIAN_POINT('',(0.000241831562892,0.000284384087983,0.000449999970198));
#10073=CARTESIAN_POINT('',(0.000241088063056,0.000282366016998,0.000450999970158));
#10074=CARTESIAN_POINT('',(0.000241088063056,0.000282366016998,0.000449999970198));
#10075=CARTESIAN_POINT('',(0.000241088063056,0.000279923088965,0.000450999970158));
#10076=CARTESIAN_POINT('',(0.000241088063056,0.000279923088965,0.000449999970198));
#10077=CARTESIAN_POINT('',(0.000243318562565,0.000285977301918,0.000450999970158));
#10078=CARTESIAN_POINT('',(0.000243318562565,0.000285977301918,0.000450999970158));
#10079=CARTESIAN_POINT('',(0.000243318562565,0.000285977301918,0.000450999970158));
#10080=CARTESIAN_POINT('',(0.000241831562892,0.000284384087983,0.000450999970158));
#10081=CARTESIAN_POINT('',(0.000241088063056,0.000282366016998,0.000450999970158));
#10082=CARTESIAN_POINT('',(0.000241088063056,0.000279923088965,0.000450999970158));
#10083=CARTESIAN_POINT('',(0.000248969161321,0.000288398987099,0.000450999970158));
#10084=CARTESIAN_POINT('',(0.000248969161321,0.000288398987099,0.000449999970198));
#10085=CARTESIAN_POINT('',(0.000246685554681,0.000288398987099,0.000450999970158));
#10086=CARTESIAN_POINT('',(0.000246685554681,0.000288398987099,0.000449999970198));
#10087=CARTESIAN_POINT('',(0.000244794940811,0.000287591758705,0.000450999970158));
#10088=CARTESIAN_POINT('',(0.000244794940811,0.000287591758705,0.000449999970198));
#10089=CARTESIAN_POINT('',(0.000243318562565,0.000285977301918,0.000450999970158));
#10090=CARTESIAN_POINT('',(0.000243318562565,0.000285977301918,0.000449999970198));
#10091=CARTESIAN_POINT('',(0.000248969161321,0.000288398987099,0.000450999970158));
#10092=CARTESIAN_POINT('',(0.000248969161321,0.000288398987099,0.000450999970158));
#10093=CARTESIAN_POINT('',(0.000248969161321,0.000288398987099,0.000450999970158));
#10094=CARTESIAN_POINT('',(0.000246685554681,0.000288398987099,0.000450999970158));
#10095=CARTESIAN_POINT('',(0.000244794940811,0.000287591758705,0.000450999970158));
#10096=CARTESIAN_POINT('',(0.000243318562565,0.000285977301918,0.000450999970158));
#10097=CARTESIAN_POINT('',(0.000252941574732,0.000287060687394,0.000450999970158));
#10098=CARTESIAN_POINT('',(0.000252941574732,0.000287060687394,0.000449999970198));
#10099=CARTESIAN_POINT('',(0.000251943160666,0.000287952887197,0.000450999970158));
#10100=CARTESIAN_POINT('',(0.000251943160666,0.000287952887197,0.000449999970198));
#10101=CARTESIAN_POINT('',(0.000250615482387,0.000288398987099,0.000450999970158));
#10102=CARTESIAN_POINT('',(0.000250615482387,0.000288398987099,0.000449999970198));
#10103=CARTESIAN_POINT('',(0.000248969161321,0.000288398987099,0.000450999970158));
#10104=CARTESIAN_POINT('',(0.000248969161321,0.000288398987099,0.000449999970198));
#10105=CARTESIAN_POINT('',(0.000252941574732,0.000287060687394,0.000450999970158));
#10106=CARTESIAN_POINT('',(0.000252941574732,0.000287060687394,0.000450999970158));
#10107=CARTESIAN_POINT('',(0.000252941574732,0.000287060687394,0.000450999970158));
#10108=CARTESIAN_POINT('',(0.000251943160666,0.000287952887197,0.000450999970158));
#10109=CARTESIAN_POINT('',(0.000250615482387,0.000288398987099,0.000450999970158));
#10110=CARTESIAN_POINT('',(0.000248969161321,0.000288398987099,0.000450999970158));
#10111=CARTESIAN_POINT('',(0.000254449817257,0.000283598102441,0.000450999970158));
#10112=CARTESIAN_POINT('',(0.000254449817257,0.000283598102441,0.000449999970198));
#10113=CARTESIAN_POINT('',(0.000254449817257,0.000285021373556,0.000450999970158));
#10114=CARTESIAN_POINT('',(0.000254449817257,0.000285021373556,0.000449999970198));
#10115=CARTESIAN_POINT('',(0.000253950610224,0.00028616848759,0.000450999970158));
#10116=CARTESIAN_POINT('',(0.000253950610224,0.00028616848759,0.000449999970198));
#10117=CARTESIAN_POINT('',(0.000252941574732,0.000287060687394,0.000450999970158));
#10118=CARTESIAN_POINT('',(0.000252941574732,0.000287060687394,0.000449999970198));
#10119=CARTESIAN_POINT('',(0.000254449817257,0.000283598102441,0.000450999970158));
#10120=CARTESIAN_POINT('',(0.000254449817257,0.000283598102441,0.000450999970158));
#10121=CARTESIAN_POINT('',(0.000250028206143513,0.000283731899338807,0.000450999970158));
#10122=CARTESIAN_POINT('',(0.000253069031847,0.000279838117555,0.000450999970158));
#10123=CARTESIAN_POINT('',(0.000253069031847,0.000279838117555,0.000449999970198));
#10124=CARTESIAN_POINT('',(0.000253982474503,0.000280730317358,0.000450999970158));
#10125=CARTESIAN_POINT('',(0.000253982474503,0.000280730317358,0.000449999970198));
#10126=CARTESIAN_POINT('',(0.000254449817257,0.000281983645654,0.000450999970158));
#10127=CARTESIAN_POINT('',(0.000254449817257,0.000281983645654,0.000449999970198));
#10128=CARTESIAN_POINT('',(0.000254449817257,0.000283598102441,0.000450999970158));
#10129=CARTESIAN_POINT('',(0.000254449817257,0.000283598102441,0.000449999970198));
#10130=CARTESIAN_POINT('',(0.000253069031847,0.000279838117555,0.000450999970158));
#10131=CARTESIAN_POINT('',(0.000253069031847,0.000279838117555,0.000450999970158));
#10132=CARTESIAN_POINT('',(0.000253069031847,0.000279838117555,0.000450999970158));
#10133=CARTESIAN_POINT('',(0.000253982474503,0.000280730317358,0.000450999970158));
#10134=CARTESIAN_POINT('',(0.000254449817257,0.000281983645654,0.000450999970158));
#10135=CARTESIAN_POINT('',(0.000254449817257,0.000283598102441,0.000450999970158));
#10136=CARTESIAN_POINT('',(0.000248034475813,0.000278011232242,0.000450999970158));
#10137=CARTESIAN_POINT('',(0.000248034475813,0.000278011232242,0.000449999970198));
#10138=CARTESIAN_POINT('',(0.00025046678242,0.000278351117882,0.000450999970158));
#10139=CARTESIAN_POINT('',(0.00025046678242,0.000278351117882,0.000449999970198));
#10140=CARTESIAN_POINT('',(0.000252144967765,0.000278945917751,0.000450999970158));
#10141=CARTESIAN_POINT('',(0.000252144967765,0.000278945917751,0.000449999970198));
#10142=CARTESIAN_POINT('',(0.000253069031847,0.000279838117555,0.000450999970158));
#10143=CARTESIAN_POINT('',(0.000253069031847,0.000279838117555,0.000449999970198));
#10144=CARTESIAN_POINT('',(0.000248034475813,0.000278011232242,0.000450999970158));
#10145=CARTESIAN_POINT('',(0.00025046678242,0.000278351117882,0.000450999970158));
#10146=CARTESIAN_POINT('',(0.000252144967765,0.000278945917751,0.000450999970158));
#10147=CARTESIAN_POINT('',(0.000253069031847,0.000279838117555,0.000450999970158));
#10148=CARTESIAN_POINT('',(0.000235883564201,0.000272870461946,0.000450999970158));
#10149=CARTESIAN_POINT('',(0.000235883564201,0.000272870461946,0.000449999970198));
#10150=CARTESIAN_POINT('',(0.000235883564201,0.000265350492172,0.000450999970158));
#10151=CARTESIAN_POINT('',(0.000235883564201,0.000265350492172,0.000449999970198));
#10152=CARTESIAN_POINT('',(0.000239462984842,0.000261611750138,0.000450999970158));
#10153=CARTESIAN_POINT('',(0.000239462984842,0.000261611750138,0.000449999970198));
#10154=CARTESIAN_POINT('',(0.000246611204697,0.000261611750138,0.000450999970158));
#10155=CARTESIAN_POINT('',(0.000246611204697,0.000261611750138,0.000449999970198));
#10156=CARTESIAN_POINT('',(0.000235883564201,0.000272870461946,0.000449999970198));
#10157=CARTESIAN_POINT('',(0.000235883564201,0.000265350492172,0.000449999970198));
#10158=CARTESIAN_POINT('',(0.000239462984842,0.000261611750138,0.000449999970198));
#10159=CARTESIAN_POINT('',(0.000246611204697,0.000261611750138,0.000449999970198));
#10160=CARTESIAN_POINT('',(0.000235883564201,0.000272870461946,0.000449999970198));
#10161=CARTESIAN_POINT('',(0.000246611204697,0.000261611750138,0.000449999970198));
#10162=CARTESIAN_POINT('',(0.000246611204697,0.000261611750138,0.000450999970158));
#10163=CARTESIAN_POINT('',(0.000246611204697,0.000261611750138,0.000450999970158));
#10164=CARTESIAN_POINT('',(0.000235883564201,0.000272870461946,0.000450999970158));
#10165=CARTESIAN_POINT('',(0.000235883564201,0.000265350492172,0.000450999970158));
#10166=CARTESIAN_POINT('',(0.000239462984842,0.000261611750138,0.000450999970158));
#10167=CARTESIAN_POINT('',(0.000246611204697,0.000261611750138,0.000450999970158));
#10168=CARTESIAN_POINT('',(0.000235883564201,0.000272870461946,0.000450999970158));
#10169=CARTESIAN_POINT('',(0.000235883564201,0.000272870461946,0.000450999970158));
#10170=CARTESIAN_POINT('',(0.000235883564201,0.000272870461946,0.000450999970158));
#10171=CARTESIAN_POINT('',(0.000235883564201,0.000272870461946,0.000449999970198));
#10172=CARTESIAN_POINT('',(0.000235883564201,0.000291967786313,0.000449999970198));
#10173=CARTESIAN_POINT('',(0.000235883564201,0.000272870461946,0.000450999970158));
#10174=CARTESIAN_POINT('',(0.000235883564201,0.000291967786313,0.000450999970158));
#10175=CARTESIAN_POINT('',(0.000235883564201,0.000291967786313,0.000450999970158));
#10176=CARTESIAN_POINT('',(0.000149637583186,0.000291967786313,0.000450999970158));
#10177=CARTESIAN_POINT('',(0.000235883564201,0.000291967786313,0.000449999970198));
#10178=CARTESIAN_POINT('',(0.000241088063056,0.000291967786313,0.000449999970198));
#10179=CARTESIAN_POINT('',(0.000235883564201,0.000291967786313,0.000450999970158));
#10180=CARTESIAN_POINT('',(0.000241088063056,0.000291967786313,0.000450999970158));
#10181=CARTESIAN_POINT('',(0.000241088063056,0.000291967786313,0.000450999970158));
#10182=CARTESIAN_POINT('',(0.000241088063056,0.000279923088965,0.000450999970158));
#10183=CARTESIAN_POINT('',(0.000241088063056,0.000291967786313,0.000449999970198));
#10184=CARTESIAN_POINT('',(0.000241088063056,0.00028737933018,0.000449999970198));
#10185=CARTESIAN_POINT('',(0.000241088063056,0.000291967786313,0.000450999970158));
#10186=CARTESIAN_POINT('',(0.000241088063056,0.00028737933018,0.000450999970158));
#10187=CARTESIAN_POINT('',(0.000241088063056,0.00028737933018,0.000450999970158));
#10188=CARTESIAN_POINT('',(0.000241088063056,0.00028737933018,0.000450999970158));
#10189=CARTESIAN_POINT('',(0.000241088063056,0.00028737933018,0.000449999970198));
#10190=CARTESIAN_POINT('',(0.000241226141597,0.00028737933018,0.000449999970198));
#10191=CARTESIAN_POINT('',(0.000241088063056,0.00028737933018,0.000450999970158));
#10192=CARTESIAN_POINT('',(0.000241226141597,0.00028737933018,0.000450999970158));
#10193=CARTESIAN_POINT('',(0.000241226141597,0.00028737933018,0.000450999970158));
#10194=CARTESIAN_POINT('',(0.000250318082453,0.000292668800445,0.000450999970158));
#10195=CARTESIAN_POINT('',(0.000250318082453,0.000292668800445,0.000449999970198));
#10196=CARTESIAN_POINT('',(0.000246313804763,0.000292668800445,0.000450999970158));
#10197=CARTESIAN_POINT('',(0.000246313804763,0.000292668800445,0.000449999970198));
#10198=CARTESIAN_POINT('',(0.00024327607686,0.00029090564369,0.000450999970158));
#10199=CARTESIAN_POINT('',(0.00024327607686,0.00029090564369,0.000449999970198));
#10200=CARTESIAN_POINT('',(0.000241226141597,0.00028737933018,0.000450999970158));
#10201=CARTESIAN_POINT('',(0.000241226141597,0.00028737933018,0.000449999970198));
#10202=CARTESIAN_POINT('',(0.000250318082453,0.000292668800445,0.000449999970198));
#10203=CARTESIAN_POINT('',(0.000246313804763,0.000292668800445,0.000449999970198));
#10204=CARTESIAN_POINT('',(0.00024327607686,0.00029090564369,0.000449999970198));
#10205=CARTESIAN_POINT('',(0.000241226141597,0.00028737933018,0.000449999970198));
#10206=CARTESIAN_POINT('',(0.000250318082453,0.000292668800445,0.000449999970198));
#10207=CARTESIAN_POINT('',(0.000250318082453,0.000292668800445,0.000450999970158));
#10208=CARTESIAN_POINT('',(0.000246313804763,0.000292668800445,0.000450999970158));
#10209=CARTESIAN_POINT('',(0.00024327607686,0.00029090564369,0.000450999970158));
#10210=CARTESIAN_POINT('',(0.000241226141597,0.00028737933018,0.000450999970158));
#10211=CARTESIAN_POINT('',(0.000250318082453,0.000292668800445,0.000450999970158));
#10212=CARTESIAN_POINT('',(0.000250318082453,0.000292668800445,0.000450999970158));
#10213=CARTESIAN_POINT('',(0.000257179523799,0.000290332086673,0.000450999970158));
#10214=CARTESIAN_POINT('',(0.000257179523799,0.000290332086673,0.000449999970198));
#10215=CARTESIAN_POINT('',(0.000255480095602,0.000291882814903,0.000450999970158));
#10216=CARTESIAN_POINT('',(0.000255480095602,0.000291882814903,0.000449999970198));
#10217=CARTESIAN_POINT('',(0.000253196488962,0.000292668800445,0.000450999970158));
#10218=CARTESIAN_POINT('',(0.000253196488962,0.000292668800445,0.000449999970198));
#10219=CARTESIAN_POINT('',(0.000250318082453,0.000292668800445,0.000450999970158));
#10220=CARTESIAN_POINT('',(0.000250318082453,0.000292668800445,0.000449999970198));
#10221=CARTESIAN_POINT('',(0.000257179523799,0.000290332086673,0.000449999970198));
#10222=CARTESIAN_POINT('',(0.000255480095602,0.000291882814903,0.000449999970198));
#10223=CARTESIAN_POINT('',(0.000253196488962,0.000292668800445,0.000449999970198));
#10224=CARTESIAN_POINT('',(0.000250318082453,0.000292668800445,0.000449999970198));
#10225=CARTESIAN_POINT('',(0.000257179523799,0.000290332086673,0.000449999970198));
#10226=CARTESIAN_POINT('',(0.000257179523799,0.000290332086673,0.000450999970158));
#10227=CARTESIAN_POINT('',(0.000255480095602,0.000291882814903,0.000450999970158));
#10228=CARTESIAN_POINT('',(0.000253196488962,0.000292668800445,0.000450999970158));
#10229=CARTESIAN_POINT('',(0.000250318082453,0.000292668800445,0.000450999970158));
#10230=CARTESIAN_POINT('',(0.000257179523799,0.000290332086673,0.000450999970158));
#10231=CARTESIAN_POINT('',(0.000257179523799,0.000290332086673,0.000450999970158));
#10232=CARTESIAN_POINT('',(0.000259728666096,0.000284022959491,0.000450999970158));
#10233=CARTESIAN_POINT('',(0.000259728666096,0.000284022959491,0.000449999970198));
#10234=CARTESIAN_POINT('',(0.000259728666096,0.000286678316049,0.000450999970158));
#10235=CARTESIAN_POINT('',(0.000259728666096,0.000286678316049,0.000449999970198));
#10236=CARTESIAN_POINT('',(0.000258878951997,0.000288781358443,0.000450999970158));
#10237=CARTESIAN_POINT('',(0.000258878951997,0.000288781358443,0.000449999970198));
#10238=CARTESIAN_POINT('',(0.000257179523799,0.000290332086673,0.000450999970158));
#10239=CARTESIAN_POINT('',(0.000257179523799,0.000290332086673,0.000449999970198));
#10240=CARTESIAN_POINT('',(0.000259728666096,0.000284022959491,0.000449999970198));
#10241=CARTESIAN_POINT('',(0.000259728666096,0.000286678316049,0.000449999970198));
#10242=CARTESIAN_POINT('',(0.000258878951997,0.000288781358443,0.000449999970198));
#10243=CARTESIAN_POINT('',(0.000257179523799,0.000290332086673,0.000449999970198));
#10244=CARTESIAN_POINT('',(0.000259728666096,0.000284022959491,0.000449999970198));
#10245=CARTESIAN_POINT('',(0.000259728666096,0.000284022959491,0.000450999970158));
#10246=CARTESIAN_POINT('',(0.000259728666096,0.000286678316049,0.000450999970158));
#10247=CARTESIAN_POINT('',(0.000258878951997,0.000288781358443,0.000450999970158));
#10248=CARTESIAN_POINT('',(0.000257179523799,0.000290332086673,0.000450999970158));
#10249=CARTESIAN_POINT('',(0.000259728666096,0.000284022959491,0.000450999970158));
#10250=CARTESIAN_POINT('',(0.000259728666096,0.000284022959491,0.000450999970158));
#10251=CARTESIAN_POINT('',(0.000249882603977,0.000274336218766,0.000450999970158));
#10252=CARTESIAN_POINT('',(0.000249882603977,0.000274336218766,0.000449999970198));
#10253=CARTESIAN_POINT('',(0.000256446645389,0.000275249661422,0.000450999970158));
#10254=CARTESIAN_POINT('',(0.000256446645389,0.000275249661422,0.000449999970198));
#10255=CARTESIAN_POINT('',(0.000259728666096,0.000278478574997,0.000450999970158));
#10256=CARTESIAN_POINT('',(0.000259728666096,0.000278478574997,0.000449999970198));
#10257=CARTESIAN_POINT('',(0.000259728666096,0.000284022959491,0.000450999970158));
#10258=CARTESIAN_POINT('',(0.000259728666096,0.000284022959491,0.000449999970198));
#10259=CARTESIAN_POINT('',(0.000249882603977,0.000274336218766,0.000449999970198));
#10260=CARTESIAN_POINT('',(0.000256446645389,0.000275249661422,0.000449999970198));
#10261=CARTESIAN_POINT('',(0.000259728666096,0.000278478574997,0.000449999970198));
#10262=CARTESIAN_POINT('',(0.000259728666096,0.000284022959491,0.000449999970198));
#10263=CARTESIAN_POINT('',(0.000249882603977,0.000274336218766,0.000449999970198));
#10264=CARTESIAN_POINT('',(0.000249882603977,0.000274336218766,0.000450999970158));
#10265=CARTESIAN_POINT('',(0.000256446645389,0.000275249661422,0.000450999970158));
#10266=CARTESIAN_POINT('',(0.000259728666096,0.000278478574997,0.000450999970158));
#10267=CARTESIAN_POINT('',(0.000259728666096,0.000284022959491,0.000450999970158));
#10268=CARTESIAN_POINT('',(0.000249882603977,0.000274336218766,0.000450999970158));
#10269=CARTESIAN_POINT('',(0.000249882603977,0.000274336218766,0.000450999970158));
#10270=CARTESIAN_POINT('',(0.000249882603977,0.000274336218766,0.000450999970158));
#10271=CARTESIAN_POINT('',(0.000249882603977,0.000274336218766,0.000449999970198));
#10272=CARTESIAN_POINT('',(0.000241088063056002,0.000273104133322985,0.000449999970198));
#10273=CARTESIAN_POINT('',(0.000249882603977,0.000274336218766,0.000450999970158));
#10274=CARTESIAN_POINT('',(0.000241088063056002,0.000273104133322985,0.000450999970158));
#10275=CARTESIAN_POINT('',(0.000241088063056,0.000273104133323,0.000450999970158));
#10276=CARTESIAN_POINT('',(0.000247099790304,0.000265839077779,0.000450999970158));
#10277=CARTESIAN_POINT('',(0.000247099790304,0.000265839077779,0.000449999970198));
#10278=CARTESIAN_POINT('',(0.000243095512614,0.000265839077779,0.000450999970158));
#10279=CARTESIAN_POINT('',(0.000243095512614,0.000265839077779,0.000449999970198));
#10280=CARTESIAN_POINT('',(0.000241088063056,0.00026826076296,0.000450999970158));
#10281=CARTESIAN_POINT('',(0.000241088063056,0.00026826076296,0.000449999970198));
#10282=CARTESIAN_POINT('',(0.000241088063056,0.000273104133323,0.000450999970158));
#10283=CARTESIAN_POINT('',(0.000241088063056,0.000273104133323,0.000449999970198));
#10284=CARTESIAN_POINT('',(0.000247099790304,0.000265839077779,0.000449999970198));
#10285=CARTESIAN_POINT('',(0.000243095512614,0.000265839077779,0.000449999970198));
#10286=CARTESIAN_POINT('',(0.000241088063056,0.00026826076296,0.000449999970198));
#10287=CARTESIAN_POINT('',(0.000241088063056,0.000273104133323,0.000449999970198));
#10288=CARTESIAN_POINT('',(0.000247099790304,0.000265839077779,0.000449999970198));
#10289=CARTESIAN_POINT('',(0.000247099790304,0.000265839077779,0.000450999970158));
#10290=CARTESIAN_POINT('',(0.000243095512614,0.000265839077779,0.000450999970158));
#10291=CARTESIAN_POINT('',(0.000241088063056,0.00026826076296,0.000450999970158));
#10292=CARTESIAN_POINT('',(0.000241088063056,0.000273104133323,0.000450999970158));
#10293=CARTESIAN_POINT('',(0.000247099790304,0.000265839077779,0.000450999970158));
#10294=CARTESIAN_POINT('',(0.000247099790304,0.000265839077779,0.000450999970158));
#10295=CARTESIAN_POINT('',(0.000256829016734,0.000269429119846,0.000450999970158));
#10296=CARTESIAN_POINT('',(0.000256829016734,0.000269429119846,0.000449999970198));
#10297=CARTESIAN_POINT('',(0.000253897503093,0.00026704992037,0.000450999970158));
#10298=CARTESIAN_POINT('',(0.000253897503093,0.00026704992037,0.000449999970198));
#10299=CARTESIAN_POINT('',(0.000250657968092,0.000265839077779,0.000450999970158));
#10300=CARTESIAN_POINT('',(0.000250657968092,0.000265839077779,0.000449999970198));
#10301=CARTESIAN_POINT('',(0.000247099790304,0.000265839077779,0.000450999970158));
#10302=CARTESIAN_POINT('',(0.000247099790304,0.000265839077779,0.000449999970198));
#10303=CARTESIAN_POINT('',(0.000256829016734,0.000269429119846,0.000449999970198));
#10304=CARTESIAN_POINT('',(0.000253897503093,0.00026704992037,0.000449999970198));
#10305=CARTESIAN_POINT('',(0.000250657968092,0.000265839077779,0.000449999970198));
#10306=CARTESIAN_POINT('',(0.000247099790304,0.000265839077779,0.000449999970198));
#10307=CARTESIAN_POINT('',(0.000256829016734,0.000269429119846,0.000449999970198));
#10308=CARTESIAN_POINT('',(0.000256829016734,0.000269429119846,0.000450999970158));
#10309=CARTESIAN_POINT('',(0.000253897503093,0.00026704992037,0.000450999970158));
#10310=CARTESIAN_POINT('',(0.000250657968092,0.000265839077779,0.000450999970158));
#10311=CARTESIAN_POINT('',(0.000247099790304,0.000265839077779,0.000450999970158));
#10312=CARTESIAN_POINT('',(0.000256829016734,0.000269429119846,0.000450999970158));
#10313=CARTESIAN_POINT('',(0.000256829016734,0.000269429119846,0.000450999970158));
#10314=CARTESIAN_POINT('',(0.000256829016734,0.000269429119846,0.000450999970158));
#10315=CARTESIAN_POINT('',(0.000256829016734,0.000269429119846,0.000449999970198));
#10316=CARTESIAN_POINT('',(0.000256829016734,0.000264373320959,0.000449999970198));
#10317=CARTESIAN_POINT('',(0.000256829016734,0.000269429119846,0.000450999970158));
#10318=CARTESIAN_POINT('',(0.000256829016734,0.000264373320959,0.000450999970158));
#10319=CARTESIAN_POINT('',(0.000256829016734,0.000264373320959,0.000450999970158));
#10320=CARTESIAN_POINT('',(0.000246611204697,0.000261611750138,0.000450999970158));
#10321=CARTESIAN_POINT('',(0.000246611204697,0.000261611750138,0.000449999970198));
#10322=CARTESIAN_POINT('',(0.000250477403846,0.000261611750138,0.000450999970158));
#10323=CARTESIAN_POINT('',(0.000250477403846,0.000261611750138,0.000449999970198));
#10324=CARTESIAN_POINT('',(0.000253886881667,0.000262525192794,0.000450999970158));
#10325=CARTESIAN_POINT('',(0.000253886881667,0.000262525192794,0.000449999970198));
#10326=CARTESIAN_POINT('',(0.000256829016734,0.000264373320959,0.000450999970158));
#10327=CARTESIAN_POINT('',(0.000256829016734,0.000264373320959,0.000449999970198));
#10328=CARTESIAN_POINT('',(0.000246611204697,0.000261611750138,0.000449999970198));
#10329=CARTESIAN_POINT('',(0.000250477403846,0.000261611750138,0.000449999970198));
#10330=CARTESIAN_POINT('',(0.000253886881667,0.000262525192794,0.000449999970198));
#10331=CARTESIAN_POINT('',(0.000256829016734,0.000264373320959,0.000449999970198));
#10332=CARTESIAN_POINT('',(0.000246611204697,0.000261611750138,0.000450999970158));
#10333=CARTESIAN_POINT('',(0.000250477403846,0.000261611750138,0.000450999970158));
#10334=CARTESIAN_POINT('',(0.000253886881667,0.000262525192794,0.000450999970158));
#10335=CARTESIAN_POINT('',(0.000256829016734,0.000264373320959,0.000450999970158));
#10336=CARTESIAN_POINT('',(0.000252066634746,0.000262299487487,0.000450999970158));
#10337=CARTESIAN_POINT('',(0.,0.,0.000450999970158));
#10338=CARTESIAN_POINT('',(0.000264710114999,0.000287230630213,0.000450999970158));
#10339=CARTESIAN_POINT('',(0.000264710114999,0.000291967786313,0.000450999970158));
#10340=CARTESIAN_POINT('',(0.000264710114999,0.000287230630213,0.000450999970158));
#10341=CARTESIAN_POINT('',(0.000281693775546,0.000287230630213,0.000450999970158));
#10342=CARTESIAN_POINT('',(0.000281693775546,0.000287230630213,0.000450999970158));
#10343=CARTESIAN_POINT('',(0.000281693775546,0.00027325283329,0.000450999970158));
#10344=CARTESIAN_POINT('',(0.000281693775546,0.00027325283329,0.000450999970158));
#10345=CARTESIAN_POINT('',(0.000266834400246,0.00027325283329,0.000450999970158));
#10346=CARTESIAN_POINT('',(0.000266834400246,0.00027325283329,0.000450999970158));
#10347=CARTESIAN_POINT('',(0.000266834400246,0.000268494434337,0.000450999970158));
#10348=CARTESIAN_POINT('',(0.000266834400246,0.000268494434337,0.000450999970158));
#10349=CARTESIAN_POINT('',(0.000281693775546,0.000268494434337,0.000450999970158));
#10350=CARTESIAN_POINT('',(0.000281693775546,0.000268494434337,0.000450999970158));
#10351=CARTESIAN_POINT('',(0.000281693775546,0.000255196408693,0.000450999970158));
#10352=CARTESIAN_POINT('',(0.000281693775546,0.000255196408693,0.000450999970158));
#10353=CARTESIAN_POINT('',(0.000265655421934,0.000255196408693,0.000450999970158));
#10354=CARTESIAN_POINT('',(0.000265655421934,0.000255196408693,0.000450999970158));
#10355=CARTESIAN_POINT('',(0.000265655421934,0.000250416766888,0.000450999970158));
#10356=CARTESIAN_POINT('',(0.000265655421934,0.000250416766888,0.000450999970158));
#10357=CARTESIAN_POINT('',(0.000287057595794,0.000250416766888,0.000450999970158));
#10358=CARTESIAN_POINT('',(0.000287057595794,0.000250416766888,0.000450999970158));
#10359=CARTESIAN_POINT('',(0.000287057595794,0.000291967786313,0.000450999970158));
#10360=CARTESIAN_POINT('',(0.000287057595794,0.000291967786313,0.000450999970158));
#10361=CARTESIAN_POINT('',(0.000264710114999,0.000291967786313,0.000450999970158));
#10362=CARTESIAN_POINT('',(0.000149637583186,0.000291967786313,0.000450999970158));
#10363=CARTESIAN_POINT('',(0.000264710114999,0.000291967786313,0.000449999970198));
#10364=CARTESIAN_POINT('',(0.000287057595794,0.000291967786313,0.000449999970198));
#10365=CARTESIAN_POINT('',(0.000264710114999,0.000291967786313,0.000449999970198));
#10366=CARTESIAN_POINT('',(0.000264710114999,0.000291967786313,0.000450999970158));
#10367=CARTESIAN_POINT('',(0.000287057595794,0.000291967786313,0.000450999970158));
#10368=CARTESIAN_POINT('',(0.000287057595794,0.000226051215108,0.000450999970158));
#10369=CARTESIAN_POINT('',(0.000287057595794,0.000291967786313,0.000449999970198));
#10370=CARTESIAN_POINT('',(0.000287057595794,0.000250416766888,0.000449999970198));
#10371=CARTESIAN_POINT('',(0.000287057595794,0.000250416766888,0.000450999970158));
#10372=CARTESIAN_POINT('',(0.000141788349199,0.000250416766888,0.000450999970158));
#10373=CARTESIAN_POINT('',(0.000287057595794,0.000250416766888,0.000449999970198));
#10374=CARTESIAN_POINT('',(0.000265655421934,0.000250416766888,0.000449999970198));
#10375=CARTESIAN_POINT('',(0.000265655421934,0.000250416766888,0.000450999970158));
#10376=CARTESIAN_POINT('',(0.000265655421934,0.000250416766888,0.000450999970158));
#10377=CARTESIAN_POINT('',(0.000265655421934,0.000250416766888,0.000449999970198));
#10378=CARTESIAN_POINT('',(0.000265655421934,0.000255196408693,0.000449999970198));
#10379=CARTESIAN_POINT('',(0.000265655421934,0.000255196408693,0.000450999970158));
#10380=CARTESIAN_POINT('',(0.000130147266047,0.000255196408693,0.000450999970158));
#10381=CARTESIAN_POINT('',(0.000265655421934,0.000255196408693,0.000449999970198));
#10382=CARTESIAN_POINT('',(0.000281693775546,0.000255196408693,0.000449999970198));
#10383=CARTESIAN_POINT('',(0.000281693775546,0.000255196408693,0.000450999970158));
#10384=CARTESIAN_POINT('',(0.000281693775546,0.000184500195683,0.000450999970158));
#10385=CARTESIAN_POINT('',(0.000281693775546,0.000255196408693,0.000449999970198));
#10386=CARTESIAN_POINT('',(0.000281693775546,0.000268494434337,0.000449999970198));
#10387=CARTESIAN_POINT('',(0.000281693775546,0.000268494434337,0.000450999970158));
#10388=CARTESIAN_POINT('',(0.000166621243733,0.000268494434337,0.000450999970158));
#10389=CARTESIAN_POINT('',(0.000281693775546,0.000268494434337,0.000449999970198));
#10390=CARTESIAN_POINT('',(0.000266834400246,0.000268494434337,0.000449999970198));
#10391=CARTESIAN_POINT('',(0.000266834400246,0.000268494434337,0.000450999970158));
#10392=CARTESIAN_POINT('',(0.000266834400246,0.000268494434337,0.000450999970158));
#10393=CARTESIAN_POINT('',(0.000266834400246,0.000268494434337,0.000449999970198));
#10394=CARTESIAN_POINT('',(0.000266834400246,0.00027325283329,0.000449999970198));
#10395=CARTESIAN_POINT('',(0.000266834400246,0.00027325283329,0.000450999970158));
#10396=CARTESIAN_POINT('',(0.000151761868432,0.00027325283329,0.000450999970158));
#10397=CARTESIAN_POINT('',(0.000266834400246,0.00027325283329,0.000449999970198));
#10398=CARTESIAN_POINT('',(0.000281693775546,0.00027325283329,0.000449999970198));
#10399=CARTESIAN_POINT('',(0.000281693775546,0.00027325283329,0.000450999970158));
#10400=CARTESIAN_POINT('',(0.000281693775546,0.000184500195683,0.000450999970158));
#10401=CARTESIAN_POINT('',(0.000281693775546,0.00027325283329,0.000449999970198));
#10402=CARTESIAN_POINT('',(0.000281693775546,0.000287230630213,0.000449999970198));
#10403=CARTESIAN_POINT('',(0.000281693775546,0.000287230630213,0.000450999970158));
#10404=CARTESIAN_POINT('',(0.000166621243733,0.000287230630213,0.000450999970158));
#10405=CARTESIAN_POINT('',(0.000281693775546,0.000287230630213,0.000449999970198));
#10406=CARTESIAN_POINT('',(0.000264710114999,0.000287230630213,0.000449999970198));
#10407=CARTESIAN_POINT('',(0.000264710114999,0.000287230630213,0.000450999970158));
#10408=CARTESIAN_POINT('',(0.000264710114999,0.000287230630213,0.000450999970158));
#10409=CARTESIAN_POINT('',(0.000264710114999,0.000287230630213,0.000449999970198));
#10410=CARTESIAN_POINT('',(0.,0.,0.000449999970197636));
#10411=CARTESIAN_POINT('',(0.000146068783971,0.000209991618643,0.000449999970198));
#10412=CARTESIAN_POINT('',(0.000146068783971268,0.000209991618643,0.000449999970198));
#10413=CARTESIAN_POINT('',(0.000132122851327,0.000209991618643,0.000449999970198));
#10414=CARTESIAN_POINT('',(0.000132122851327,0.000209991618643,0.000449999970198));
#10415=CARTESIAN_POINT('',(0.000138400114230923,0.000192721179587972,0.000449999970198));
#10416=CARTESIAN_POINT('',(0.000118895756342621,0.000186851712098278,0.000449999970197999));
#10417=CARTESIAN_POINT('',(0.000139048021231,0.0001898109088,0.000449999970198));
#10418=CARTESIAN_POINT('',(0.000139048021231,0.0001898109088,0.000449999970198));
#10419=CARTESIAN_POINT('',(0.000139175478346,0.0001898109088,0.000449999970198));
#10420=CARTESIAN_POINT('',(0.000155329387461289,0.000187572257688429,0.000449999970198));
#10421=CARTESIAN_POINT('',(0.000139855249625,0.000192721179588,0.000449999970198));
#10422=CARTESIAN_POINT('',(0.000139855249625,0.000192721179588,0.000449999970198));
#10423=CARTESIAN_POINT('',(0.000139855249625,0.000192721179588,0.000450999970158));
#10424=CARTESIAN_POINT('',(0.000139855249625,0.000192721179588,0.000450999970158));
#10425=CARTESIAN_POINT('',(0.000139855249625,0.000192721179588,0.000450999970158));
#10426=CARTESIAN_POINT('',(0.000139855249625,0.000192721179588,0.000450999970158));
#10427=CARTESIAN_POINT('',(0.000146068783971268,0.000209991618643,0.000450999970158));
#10428=CARTESIAN_POINT('',(0.000146068783971,0.000209991618643,0.000450999970158));
#10429=CARTESIAN_POINT('',(0.000139175478346,0.0001898109088,0.000450999970158));
#10430=CARTESIAN_POINT('',(0.000139175478346,0.0001898109088,0.000449999970198));
#10431=CARTESIAN_POINT('',(0.000139377285444,0.000191064237095,0.000450999970158));
#10432=CARTESIAN_POINT('',(0.000139377285444,0.000191064237095,0.000449999970198));
#10433=CARTESIAN_POINT('',(0.000139600335395,0.000192041408309,0.000450999970158));
#10434=CARTESIAN_POINT('',(0.000139600335395,0.000192041408309,0.000449999970198));
#10435=CARTESIAN_POINT('',(0.000139855249625,0.000192721179588,0.000450999970158));
#10436=CARTESIAN_POINT('',(0.000139855249625,0.000192721179588,0.000449999970198));
#10437=CARTESIAN_POINT('',(0.000139175478346,0.0001898109088,0.000450999970158));
#10438=CARTESIAN_POINT('',(0.000139175478346,0.0001898109088,0.000450999970158));
#10439=CARTESIAN_POINT('',(0.000155329387461289,0.000187572257688429,0.000450999970158002));
#10440=CARTESIAN_POINT('',(0.000139048021231,0.0001898109088,0.000450999970158));
#10441=CARTESIAN_POINT('',(0.000139048021231,0.0001898109088,0.000450999970158));
#10442=CARTESIAN_POINT('',(0.000139048021231,0.0001898109088,0.000450999970158));
#10443=CARTESIAN_POINT('',(0.000139048021231,0.0001898109088,0.000450999970158));
#10444=CARTESIAN_POINT('',(0.000138400114231,0.000192721179588,0.000450999970158));
#10445=CARTESIAN_POINT('',(0.000138400114231,0.000192721179588,0.000449999970198));
#10446=CARTESIAN_POINT('',(0.000138601921329,0.000192147622571,0.000450999970158));
#10447=CARTESIAN_POINT('',(0.000138601921329,0.000192147622571,0.000449999970198));
#10448=CARTESIAN_POINT('',(0.000138814349854,0.00019119169421,0.000450999970158));
#10449=CARTESIAN_POINT('',(0.000138814349854,0.00019119169421,0.000449999970198));
#10450=CARTESIAN_POINT('',(0.000139048021231,0.0001898109088,0.000450999970158));
#10451=CARTESIAN_POINT('',(0.000139048021231,0.0001898109088,0.000449999970198));
#10452=CARTESIAN_POINT('',(0.000138400114231,0.000192721179588,0.000450999970158));
#10453=CARTESIAN_POINT('',(0.000138400114230923,0.000192721179587972,0.000450999970158));
#10454=CARTESIAN_POINT('',(0.000118895756342621,0.000186851712098278,0.000450999970158002));
#10455=CARTESIAN_POINT('',(0.000132122851327,0.000209991618643,0.000450999970158));
#10456=CARTESIAN_POINT('',(0.000132122851327,0.000209991618643,0.000450999970158));
#10457=CARTESIAN_POINT('',(0.000132122851327,0.000209991618643,0.000450999970158));
#10458=CARTESIAN_POINT('',(0.000132122851327,0.000209991618643,0.000450999970158));
#10459=CARTESIAN_POINT('',(0.000146068783971,0.000209991618643,0.000450999970158));
#10460=CARTESIAN_POINT('',(0.000146068783971,0.000209991618643,0.000450999970158));
#10461=CARTESIAN_POINT('',(0.000201671950303,0.000226051215108,0.000450999970158));
#10462=CARTESIAN_POINT('',(0.000120301203929,0.000226051215108,0.000449999970198));
#10463=CARTESIAN_POINT('',(0.000126227959767,0.000226051215108,0.000449999970198));
#10464=CARTESIAN_POINT('',(0.000120301203929079,0.000226051215108005,0.000449999970198));
#10465=CARTESIAN_POINT('',(0.000120301203929,0.000226051215108,0.000450999970158));
#10466=CARTESIAN_POINT('',(0.000120301203929097,0.000226051215108,0.000450999970158));
#10467=CARTESIAN_POINT('',(0.000120301203929,0.000226051215108,0.000450999970158));
#10468=CARTESIAN_POINT('',(0.000126227959767,0.000226051215108,0.000450999970158));
#10469=CARTESIAN_POINT('',(0.000126227959767,0.000226051215108,0.000450999970158));
#10470=CARTESIAN_POINT('',(0.000126227959767,0.000226051215108,0.000450999970158));
#10471=CARTESIAN_POINT('',(0.000126227959767,0.000226051215108,0.000449999970198));
#10472=CARTESIAN_POINT('',(0.000130465908833872,0.000214686289039,0.000449999970198));
#10473=CARTESIAN_POINT('',(0.000126227959767,0.000226051215108,0.000450999970158));
#10474=CARTESIAN_POINT('',(0.000130465908833872,0.000214686289039,0.000450999970158));
#10475=CARTESIAN_POINT('',(0.000130465908834,0.000214686289039,0.000450999970158));
#10476=CARTESIAN_POINT('',(0.000130465908834,0.000214686289039,0.000450999970158));
#10477=CARTESIAN_POINT('',(0.000130465908834,0.000214686289039,0.000449999970198));
#10478=CARTESIAN_POINT('',(0.000147768212169,0.000214686289039,0.000449999970198));
#10479=CARTESIAN_POINT('',(0.000130465908834,0.000214686289039,0.000450999970158));
#10480=CARTESIAN_POINT('',(0.000147768212169,0.000214686289039,0.000450999970158));
#10481=CARTESIAN_POINT('',(0.000147768212169,0.000214686289039,0.000450999970158));
#10482=CARTESIAN_POINT('',(0.000147768212169,0.000214686289039,0.000450999970158));
#10483=CARTESIAN_POINT('',(0.000147768212169,0.000214686289039,0.000449999970198));
#10484=CARTESIAN_POINT('',(0.000151761868432245,0.000226051215107984,0.000449999970198));
#10485=CARTESIAN_POINT('',(0.000147768212169,0.000214686289039,0.000450999970158));
#10486=CARTESIAN_POINT('',(0.0001517618684323,0.000226051215108,0.000450999970158));
#10487=CARTESIAN_POINT('',(0.000151761868432,0.000226051215108,0.000450999970158));
#10488=CARTESIAN_POINT('',(0.000201671950303,0.000226051215108,0.000450999970158));
#10489=CARTESIAN_POINT('',(0.000151761868432,0.000226051215108,0.000449999970198));
#10490=CARTESIAN_POINT('',(0.00015768862427,0.000226051215108,0.000449999970198));
#10491=CARTESIAN_POINT('',(0.000151761868432,0.000226051215108,0.000450999970158));
#10492=CARTESIAN_POINT('',(0.00015768862427,0.000226051215108,0.000450999970158));
#10493=CARTESIAN_POINT('',(0.00015768862427,0.000226051215108,0.000450999970158));
#10494=CARTESIAN_POINT('',(0.00015768862427,0.000226051215108,0.000450999970158));
#10495=CARTESIAN_POINT('',(0.00015768862427,0.000226051215108,0.000449999970198));
#10496=CARTESIAN_POINT('',(0.0001418626991827,0.00018450019568302,0.000449999970198));
#10497=CARTESIAN_POINT('',(0.00015768862427,0.000226051215108,0.000450999970158));
#10498=CARTESIAN_POINT('',(0.00014186269918263,0.000184500195683,0.000450999970158));
#10499=CARTESIAN_POINT('',(0.000141862699183,0.000184500195683,0.000450999970158));
#10500=CARTESIAN_POINT('',(0.000193822716317,0.000184500195683,0.000450999970158));
#10501=CARTESIAN_POINT('',(0.000141862699183,0.000184500195683,0.000449999970198));
#10502=CARTESIAN_POINT('',(0.000136127129017,0.000184500195683,0.000449999970198));
#10503=CARTESIAN_POINT('',(0.000141862699183,0.000184500195683,0.000450999970158));
#10504=CARTESIAN_POINT('',(0.000136127129017,0.000184500195683,0.000450999970158));
#10505=CARTESIAN_POINT('',(0.000136127129017,0.000184500195683,0.000450999970158));
#10506=CARTESIAN_POINT('',(0.000136127129017,0.000184500195683,0.000450999970158));
#10507=CARTESIAN_POINT('',(0.000136127129017,0.000184500195683,0.000449999970198));
#10508=CARTESIAN_POINT('',(0.000136127129017,0.000184500195683,0.000450999970158));
#10509=CARTESIAN_POINT('',(0.,0.,0.000450999970158));
#10510=CARTESIAN_POINT('',(0.,0.,0.000449999970197636));
#10511=CARTESIAN_POINT('',(0.000182181633165,0.000189279837488,0.000449999970198));
#10512=CARTESIAN_POINT('',(0.000182181633165,0.000189279837488,0.000449999970198));
#10513=CARTESIAN_POINT('',(0.000188458896069,0.000189279837488,0.000449999970198));
#10514=CARTESIAN_POINT('',(0.000188458896069,0.000189279837488,0.000449999970198));
#10515=CARTESIAN_POINT('',(0.000188458896069,0.000221314059008,0.000449999970198));
#10516=CARTESIAN_POINT('',(0.000188458896069,0.000221314059008,0.000449999970198));
#10517=CARTESIAN_POINT('',(0.000182425925968,0.000221314059008,0.000449999970198));
#10518=CARTESIAN_POINT('',(0.000182425925968,0.000221314059008,0.000449999970198));
#10519=CARTESIAN_POINT('',(0.00017714707713,0.000221314059008,0.000449999970198));
#10520=CARTESIAN_POINT('',(0.000173025963752,0.000219869545041,0.000449999970198));
#10521=CARTESIAN_POINT('',(0.000170073207259,0.000216980517105,0.000449999970198));
#10522=CARTESIAN_POINT('',(0.000170073207259,0.000216980517105,0.000449999970198));
#10523=CARTESIAN_POINT('',(0.000170073207259,0.000216980517105,0.000449999970198));
#10524=CARTESIAN_POINT('',(0.00016710982934,0.000214112732022,0.000449999970198));
#10525=CARTESIAN_POINT('',(0.000165633451093,0.000210076590053,0.000449999970198));
#10526=CARTESIAN_POINT('',(0.000165633451093,0.000204893334051,0.000449999970198));
#10527=CARTESIAN_POINT('',(0.000165633451093,0.000204893334051,0.000449999970198));
#10528=CARTESIAN_POINT('',(0.000165633451093,0.000204893334051,0.000449999970198));
#10529=CARTESIAN_POINT('',(0.000165633451093,0.000199710078049,0.000449999970198));
#10530=CARTESIAN_POINT('',(0.000167152315045,0.000195801393195,0.000449999970198));
#10531=CARTESIAN_POINT('',(0.000170190042947,0.000193188522342,0.000449999970198));
#10532=CARTESIAN_POINT('',(0.000170190042947,0.000193188522342,0.000449999970198));
#10533=CARTESIAN_POINT('',(0.000170190042947,0.000193188522342,0.000449999970198));
#10534=CARTESIAN_POINT('',(0.00017322777085,0.000190575651489,0.000449999970198));
#10535=CARTESIAN_POINT('',(0.00017723204854,0.000189279837488,0.000449999970198));
#10536=CARTESIAN_POINT('',(0.000182181633165,0.000189279837488,0.000449999970198));
#10537=CARTESIAN_POINT('',(0.000170190042947,0.000193188522342,0.000450999970158));
#10538=CARTESIAN_POINT('',(0.000170190042947,0.000193188522342,0.000449999970198));
#10539=CARTESIAN_POINT('',(0.00017322777085,0.000190575651489,0.000450999970158));
#10540=CARTESIAN_POINT('',(0.00017322777085,0.000190575651489,0.000449999970198));
#10541=CARTESIAN_POINT('',(0.00017723204854,0.000189279837488,0.000450999970158));
#10542=CARTESIAN_POINT('',(0.00017723204854,0.000189279837488,0.000449999970198));
#10543=CARTESIAN_POINT('',(0.000182181633165,0.000189279837488,0.000450999970158));
#10544=CARTESIAN_POINT('',(0.000182181633165,0.000189279837488,0.000449999970198));
#10545=CARTESIAN_POINT('',(0.000170190042947,0.000193188522342,0.000450999970158));
#10546=CARTESIAN_POINT('',(0.000170190042947,0.000193188522342,0.000450999970158));
#10547=CARTESIAN_POINT('',(0.000170190042947,0.000193188522342,0.000450999970158));
#10548=CARTESIAN_POINT('',(0.00017322777085,0.000190575651489,0.000450999970158));
#10549=CARTESIAN_POINT('',(0.00017723204854,0.000189279837488,0.000450999970158));
#10550=CARTESIAN_POINT('',(0.000182181633165,0.000189279837488,0.000450999970158));
#10551=CARTESIAN_POINT('',(0.000182181633165,0.000189279837488,0.000450999970158));
#10552=CARTESIAN_POINT('',(0.000182181633165,0.000189279837488,0.000450999970158));
#10553=CARTESIAN_POINT('',(0.000165633451093,0.000204893334051,0.000450999970158));
#10554=CARTESIAN_POINT('',(0.000165633451093,0.000204893334051,0.000449999970198));
#10555=CARTESIAN_POINT('',(0.000165633451093,0.000199710078049,0.000450999970158));
#10556=CARTESIAN_POINT('',(0.000165633451093,0.000199710078049,0.000449999970198));
#10557=CARTESIAN_POINT('',(0.000167152315045,0.000195801393195,0.000450999970158));
#10558=CARTESIAN_POINT('',(0.000167152315045,0.000195801393195,0.000449999970198));
#10559=CARTESIAN_POINT('',(0.000170190042947,0.000193188522342,0.000450999970158));
#10560=CARTESIAN_POINT('',(0.000170190042947,0.000193188522342,0.000449999970198));
#10561=CARTESIAN_POINT('',(0.000165633451093,0.000204893334051,0.000450999970158));
#10562=CARTESIAN_POINT('',(0.000165633451093,0.000204893334051,0.000450999970158));
#10563=CARTESIAN_POINT('',(0.000165633451093,0.000204893334051,0.000450999970158));
#10564=CARTESIAN_POINT('',(0.000165633451093,0.000199710078049,0.000450999970158));
#10565=CARTESIAN_POINT('',(0.000167152315045,0.000195801393195,0.000450999970158));
#10566=CARTESIAN_POINT('',(0.000170190042947,0.000193188522342,0.000450999970158));
#10567=CARTESIAN_POINT('',(0.000170073207259,0.000216980517105,0.000450999970158));
#10568=CARTESIAN_POINT('',(0.000170073207259,0.000216980517105,0.000449999970198));
#10569=CARTESIAN_POINT('',(0.00016710982934,0.000214112732022,0.000450999970158));
#10570=CARTESIAN_POINT('',(0.00016710982934,0.000214112732022,0.000449999970198));
#10571=CARTESIAN_POINT('',(0.000165633451093,0.000210076590053,0.000450999970158));
#10572=CARTESIAN_POINT('',(0.000165633451093,0.000210076590053,0.000449999970198));
#10573=CARTESIAN_POINT('',(0.000165633451093,0.000204893334051,0.000450999970158));
#10574=CARTESIAN_POINT('',(0.000165633451093,0.000204893334051,0.000449999970198));
#10575=CARTESIAN_POINT('',(0.000170073207259,0.000216980517105,0.000450999970158));
#10576=CARTESIAN_POINT('',(0.000170073207259,0.000216980517105,0.000450999970158));
#10577=CARTESIAN_POINT('',(0.000170073207259,0.000216980517105,0.000450999970158));
#10578=CARTESIAN_POINT('',(0.00016710982934,0.000214112732022,0.000450999970158));
#10579=CARTESIAN_POINT('',(0.000165633451093,0.000210076590053,0.000450999970158));
#10580=CARTESIAN_POINT('',(0.000165633451093,0.000204893334051,0.000450999970158));
#10581=CARTESIAN_POINT('',(0.000182425925968,0.000221314059008,0.000450999970158));
#10582=CARTESIAN_POINT('',(0.000182425925968,0.000221314059008,0.000449999970198));
#10583=CARTESIAN_POINT('',(0.00017714707713,0.000221314059008,0.000450999970158));
#10584=CARTESIAN_POINT('',(0.00017714707713,0.000221314059008,0.000449999970198));
#10585=CARTESIAN_POINT('',(0.000173025963752,0.000219869545041,0.000450999970158));
#10586=CARTESIAN_POINT('',(0.000173025963752,0.000219869545041,0.000449999970198));
#10587=CARTESIAN_POINT('',(0.000170073207259,0.000216980517105,0.000450999970158));
#10588=CARTESIAN_POINT('',(0.000170073207259,0.000216980517105,0.000449999970198));
#10589=CARTESIAN_POINT('',(0.000182425925968,0.000221314059008,0.000450999970158));
#10590=CARTESIAN_POINT('',(0.000182425925968,0.000221314059008,0.000450999970158));
#10591=CARTESIAN_POINT('',(0.000182425925968,0.000221314059008,0.000450999970158));
#10592=CARTESIAN_POINT('',(0.00017714707713,0.000221314059008,0.000450999970158));
#10593=CARTESIAN_POINT('',(0.000173025963752,0.000219869545041,0.000450999970158));
#10594=CARTESIAN_POINT('',(0.000170073207259,0.000216980517105,0.000450999970158));
#10595=CARTESIAN_POINT('',(0.000218655610851,0.000221314059008,0.000450999970158));
#10596=CARTESIAN_POINT('',(0.000188458896069,0.000221314059008,0.000450999970158));
#10597=CARTESIAN_POINT('',(0.000188458896069,0.000221314059008,0.000450999970158));
#10598=CARTESIAN_POINT('',(0.000188458896069,0.000221314059008,0.000450999970158));
#10599=CARTESIAN_POINT('',(0.000188458896069,0.000189279837488,0.000450999970158));
#10600=CARTESIAN_POINT('',(0.000188458896069,0.000189279837488,0.000450999970158));
#10601=CARTESIAN_POINT('',(0.000188458896069,0.000189279837488,0.000450999970158));
#10602=CARTESIAN_POINT('',(0.000188458896069,0.000189279837488,0.000450999970158));
#10603=CARTESIAN_POINT('',(0.000182181633165,0.000189279837488,0.000450999970158));
#10604=CARTESIAN_POINT('',(0.000182181633165,0.000189279837488,0.000450999970158));
#10605=CARTESIAN_POINT('',(0.000193822716317,0.000226051215108,0.000450999970158));
#10606=CARTESIAN_POINT('',(0.000193822716317,0.000226051215108,0.000449999970198));
#10607=CARTESIAN_POINT('',(0.000193822716317,0.000184500195683,0.000449999970198));
#10608=CARTESIAN_POINT('',(0.000193822716317,0.000226051215108,0.000449999970198));
#10609=CARTESIAN_POINT('',(0.000193822716317,0.000226051215108,0.000450999970158));
#10610=CARTESIAN_POINT('',(0.000193822716317,0.000226051215108,0.000450999970158));
#10611=CARTESIAN_POINT('',(0.000193822716317,0.000226051215108,0.000450999970158));
#10612=CARTESIAN_POINT('',(0.000193822716317,0.000184500195683,0.000450999970158));
#10613=CARTESIAN_POINT('',(0.000193822716317,0.000184500195683,0.000450999970158));
#10614=CARTESIAN_POINT('',(0.000193822716317,0.000184500195683,0.000450999970158));
#10615=CARTESIAN_POINT('',(0.000193822716317,0.000184500195683,0.000449999970198));
#10616=CARTESIAN_POINT('',(0.00018196920464,0.000184500195683,0.000449999970198));
#10617=CARTESIAN_POINT('',(0.000193822716317,0.000184500195683,0.000450999970158));
#10618=CARTESIAN_POINT('',(0.00018196920464,0.000184500195683,0.000450999970158));
#10619=CARTESIAN_POINT('',(0.00018196920464,0.000184500195683,0.000450999970158));
#10620=CARTESIAN_POINT('',(0.000166260115241,0.000190002094472,0.000450999970158));
#10621=CARTESIAN_POINT('',(0.000166260115241,0.000190002094472,0.000449999970198));
#10622=CARTESIAN_POINT('',(0.000170434335751,0.000186327080995,0.000450999970158));
#10623=CARTESIAN_POINT('',(0.000170434335751,0.000186327080995,0.000449999970198));
#10624=CARTESIAN_POINT('',(0.000175670698884,0.000184500195683,0.000450999970158));
#10625=CARTESIAN_POINT('',(0.000175670698884,0.000184500195683,0.000449999970198));
#10626=CARTESIAN_POINT('',(0.00018196920464,0.000184500195683,0.000450999970158));
#10627=CARTESIAN_POINT('',(0.00018196920464,0.000184500195683,0.000449999970198));
#10628=CARTESIAN_POINT('',(0.000166260115241,0.000190002094472,0.000449999970198));
#10629=CARTESIAN_POINT('',(0.000170434335751,0.000186327080995,0.000449999970198));
#10630=CARTESIAN_POINT('',(0.000175670698884,0.000184500195683,0.000449999970198));
#10631=CARTESIAN_POINT('',(0.00018196920464,0.000184500195683,0.000449999970198));
#10632=CARTESIAN_POINT('',(0.000166260115241,0.000190002094472,0.000449999970198));
#10633=CARTESIAN_POINT('',(0.000166260115241,0.000190002094472,0.000450999970158));
#10634=CARTESIAN_POINT('',(0.000170434335751,0.000186327080995,0.000450999970158));
#10635=CARTESIAN_POINT('',(0.000175670698884,0.000184500195683,0.000450999970158));
#10636=CARTESIAN_POINT('',(0.00018196920464,0.000184500195683,0.000450999970158));
#10637=CARTESIAN_POINT('',(0.000166260115241,0.000190002094472,0.000450999970158));
#10638=CARTESIAN_POINT('',(0.000166260115241,0.000190002094472,0.000450999970158));
#10639=CARTESIAN_POINT('',(0.000159993473763,0.000204744634084,0.000450999970158));
#10640=CARTESIAN_POINT('',(0.000159993473763,0.000204744634084,0.000449999970198));
#10641=CARTESIAN_POINT('',(0.000159993473763,0.000198584206869,0.000450999970158));
#10642=CARTESIAN_POINT('',(0.000159993473763,0.000198584206869,0.000449999970198));
#10643=CARTESIAN_POINT('',(0.000162085894731,0.000193677107949,0.000450999970158));
#10644=CARTESIAN_POINT('',(0.000162085894731,0.000193677107949,0.000449999970198));
#10645=CARTESIAN_POINT('',(0.000166260115241,0.000190002094472,0.000450999970158));
#10646=CARTESIAN_POINT('',(0.000166260115241,0.000190002094472,0.000449999970198));
#10647=CARTESIAN_POINT('',(0.000159993473763,0.000204744634084,0.000449999970198));
#10648=CARTESIAN_POINT('',(0.000159993473763,0.000198584206869,0.000449999970198));
#10649=CARTESIAN_POINT('',(0.000162085894731,0.000193677107949,0.000449999970198));
#10650=CARTESIAN_POINT('',(0.000166260115241,0.000190002094472,0.000449999970198));
#10651=CARTESIAN_POINT('',(0.000159993473763,0.000204744634084,0.000449999970198));
#10652=CARTESIAN_POINT('',(0.000159993473763,0.000204744634084,0.000450999970158));
#10653=CARTESIAN_POINT('',(0.000159993473763,0.000198584206869,0.000450999970158));
#10654=CARTESIAN_POINT('',(0.000162085894731,0.000193677107949,0.000450999970158));
#10655=CARTESIAN_POINT('',(0.000166260115241,0.000190002094472,0.000450999970158));
#10656=CARTESIAN_POINT('',(0.000159993473763,0.000204744634084,0.000450999970158));
#10657=CARTESIAN_POINT('',(0.000159993473763,0.000204744634084,0.000450999970158));
#10658=CARTESIAN_POINT('',(0.000166260115241,0.000220230673533,0.000450999970158));
#10659=CARTESIAN_POINT('',(0.000166260115241,0.000220230673533,0.000449999970198));
#10660=CARTESIAN_POINT('',(0.000162085894731,0.000216343231531,0.000450999970158));
#10661=CARTESIAN_POINT('',(0.000162085894731,0.000216343231531,0.000449999970198));
#10662=CARTESIAN_POINT('',(0.000159993473763,0.000211181218382,0.000450999970158));
#10663=CARTESIAN_POINT('',(0.000159993473763,0.000211181218382,0.000449999970198));
#10664=CARTESIAN_POINT('',(0.000159993473763,0.000204744634084,0.000450999970158));
#10665=CARTESIAN_POINT('',(0.000159993473763,0.000204744634084,0.000449999970198));
#10666=CARTESIAN_POINT('',(0.000166260115241,0.000220230673533,0.000449999970198));
#10667=CARTESIAN_POINT('',(0.000162085894731,0.000216343231531,0.000449999970198));
#10668=CARTESIAN_POINT('',(0.000159993473763,0.000211181218382,0.000449999970198));
#10669=CARTESIAN_POINT('',(0.000159993473763,0.000204744634084,0.000449999970198));
#10670=CARTESIAN_POINT('',(0.000166260115241,0.000220230673533,0.000449999970198));
#10671=CARTESIAN_POINT('',(0.000166260115241,0.000220230673533,0.000450999970158));
#10672=CARTESIAN_POINT('',(0.000162085894731,0.000216343231531,0.000450999970158));
#10673=CARTESIAN_POINT('',(0.000159993473763,0.000211181218382,0.000450999970158));
#10674=CARTESIAN_POINT('',(0.000159993473763,0.000204744634084,0.000450999970158));
#10675=CARTESIAN_POINT('',(0.000166260115241,0.000220230673533,0.000450999970158));
#10676=CARTESIAN_POINT('',(0.000166260115241,0.000220230673533,0.000450999970158));
#10677=CARTESIAN_POINT('',(0.00018239406169,0.000226051215108,0.000450999970158));
#10678=CARTESIAN_POINT('',(0.00018239406169,0.000226051215108,0.000449999970198));
#10679=CARTESIAN_POINT('',(0.000175819398851,0.000226051215108,0.000450999970158));
#10680=CARTESIAN_POINT('',(0.000175819398851,0.000226051215108,0.000449999970198));
#10681=CARTESIAN_POINT('',(0.000170434335751,0.000224118115534,0.000450999970158));
#10682=CARTESIAN_POINT('',(0.000170434335751,0.000224118115534,0.000449999970198));
#10683=CARTESIAN_POINT('',(0.000166260115241,0.000220230673533,0.000450999970158));
#10684=CARTESIAN_POINT('',(0.000166260115241,0.000220230673533,0.000449999970198));
#10685=CARTESIAN_POINT('',(0.00018239406169,0.000226051215108,0.000449999970198));
#10686=CARTESIAN_POINT('',(0.000175819398851,0.000226051215108,0.000449999970198));
#10687=CARTESIAN_POINT('',(0.000170434335751,0.000224118115534,0.000449999970198));
#10688=CARTESIAN_POINT('',(0.000166260115241,0.000220230673533,0.000449999970198));
#10689=CARTESIAN_POINT('',(0.00018239406169,0.000226051215108,0.000449999970198));
#10690=CARTESIAN_POINT('',(0.00018239406169,0.000226051215108,0.000450999970158));
#10691=CARTESIAN_POINT('',(0.000175819398851,0.000226051215108,0.000450999970158));
#10692=CARTESIAN_POINT('',(0.000170434335751,0.000224118115534,0.000450999970158));
#10693=CARTESIAN_POINT('',(0.000166260115241,0.000220230673533,0.000450999970158));
#10694=CARTESIAN_POINT('',(0.00018239406169,0.000226051215108,0.000450999970158));
#10695=CARTESIAN_POINT('',(0.00018239406169,0.000226051215108,0.000450999970158));
#10696=CARTESIAN_POINT('',(0.000201671950303,0.000226051215108,0.000450999970158));
#10697=CARTESIAN_POINT('',(0.00018239406169,0.000226051215108,0.000449999970198));
#10698=CARTESIAN_POINT('',(0.00018239406169,0.000226051215108,0.000450999970158));
#10699=CARTESIAN_POINT('',(0.000173318052973,0.000185873015024,0.000450999970158));
#10700=CARTESIAN_POINT('',(0.,0.,0.000450999970158));
#10701=CARTESIAN_POINT('',(0.000201671950303,0.000221314059008,0.000450999970158));
#10702=CARTESIAN_POINT('',(0.000201671950303,0.000226051215108,0.000450999970158));
#10703=CARTESIAN_POINT('',(0.000201671950303,0.000221314059008,0.000450999970158));
#10704=CARTESIAN_POINT('',(0.000218655610851,0.000221314059008,0.000450999970158));
#10705=CARTESIAN_POINT('',(0.000218655610851,0.000221314059008,0.000450999970158));
#10706=CARTESIAN_POINT('',(0.000218655610851,0.000207336262085,0.000450999970158));
#10707=CARTESIAN_POINT('',(0.000218655610851,0.000207336262085,0.000450999970158));
#10708=CARTESIAN_POINT('',(0.00020379623555,0.000207336262085,0.000450999970158));
#10709=CARTESIAN_POINT('',(0.00020379623555,0.000207336262085,0.000450999970158));
#10710=CARTESIAN_POINT('',(0.00020379623555,0.000202577863133,0.000450999970158));
#10711=CARTESIAN_POINT('',(0.00020379623555,0.000202577863133,0.000450999970158));
#10712=CARTESIAN_POINT('',(0.000218655610851,0.000202577863133,0.000450999970158));
#10713=CARTESIAN_POINT('',(0.000218655610851,0.000202577863133,0.000450999970158));
#10714=CARTESIAN_POINT('',(0.000218655610851,0.000189279837488,0.000450999970158));
#10715=CARTESIAN_POINT('',(0.000218655610851,0.000189279837488,0.000450999970158));
#10716=CARTESIAN_POINT('',(0.000202617257238,0.000189279837488,0.000450999970158));
#10717=CARTESIAN_POINT('',(0.000202617257238,0.000189279837488,0.000450999970158));
#10718=CARTESIAN_POINT('',(0.000202617257238,0.000184500195683,0.000450999970158));
#10719=CARTESIAN_POINT('',(0.000202617257238,0.000184500195683,0.000450999970158));
#10720=CARTESIAN_POINT('',(0.000224019431099,0.000184500195683,0.000450999970158));
#10721=CARTESIAN_POINT('',(0.000224019431099,0.000184500195683,0.000450999970158));
#10722=CARTESIAN_POINT('',(0.000224019431099,0.000226051215108,0.000450999970158));
#10723=CARTESIAN_POINT('',(0.000224019431099,0.000226051215108,0.000450999970158));
#10724=CARTESIAN_POINT('',(0.000201671950303,0.000226051215108,0.000450999970158));
#10725=CARTESIAN_POINT('',(0.000201671950303,0.000226051215108,0.000450999970158));
#10726=CARTESIAN_POINT('',(0.000201671950303,0.000226051215108,0.000449999970198));
#10727=CARTESIAN_POINT('',(0.000224019431099,0.000226051215108,0.000449999970198));
#10728=CARTESIAN_POINT('',(0.000201671950303,0.000226051215108,0.000449999970198));
#10729=CARTESIAN_POINT('',(0.000201671950303,0.000226051215108,0.000450999970158));
#10730=CARTESIAN_POINT('',(0.000224019431099,0.000226051215108,0.000450999970158));
#10731=CARTESIAN_POINT('',(0.000224019431099,0.000226051215108,0.000450999970158));
#10732=CARTESIAN_POINT('',(0.000224019431099,0.000226051215108,0.000449999970198));
#10733=CARTESIAN_POINT('',(0.000224019431099,0.000184500195683,0.000449999970198));
#10734=CARTESIAN_POINT('',(0.000224019431099,0.000184500195683,0.000450999970158));
#10735=CARTESIAN_POINT('',(0.000193822716317,0.000184500195683,0.000450999970158));
#10736=CARTESIAN_POINT('',(0.000224019431099,0.000184500195683,0.000449999970198));
#10737=CARTESIAN_POINT('',(0.000202617257238,0.000184500195683,0.000449999970198));
#10738=CARTESIAN_POINT('',(0.000202617257238,0.000184500195683,0.000450999970158));
#10739=CARTESIAN_POINT('',(0.000202617257238,0.000184500195683,0.000450999970158));
#10740=CARTESIAN_POINT('',(0.000202617257238,0.000184500195683,0.000449999970198));
#10741=CARTESIAN_POINT('',(0.000202617257238,0.000189279837488,0.000449999970198));
#10742=CARTESIAN_POINT('',(0.000202617257238,0.000189279837488,0.000450999970158));
#10743=CARTESIAN_POINT('',(0.000182181633165,0.000189279837488,0.000450999970158));
#10744=CARTESIAN_POINT('',(0.000202617257238,0.000189279837488,0.000449999970198));
#10745=CARTESIAN_POINT('',(0.000218655610851,0.000189279837488,0.000449999970198));
#10746=CARTESIAN_POINT('',(0.000218655610851,0.000189279837488,0.000450999970158));
#10747=CARTESIAN_POINT('',(0.000218655610851,0.000189279837488,0.000450999970158));
#10748=CARTESIAN_POINT('',(0.000218655610851,0.000189279837488,0.000449999970198));
#10749=CARTESIAN_POINT('',(0.000218655610851,0.000202577863133,0.000449999970198));
#10750=CARTESIAN_POINT('',(0.000218655610851,0.000202577863133,0.000450999970158));
#10751=CARTESIAN_POINT('',(0.000218655610851,0.000202577863133,0.000450999970158));
#10752=CARTESIAN_POINT('',(0.000218655610851,0.000202577863133,0.000449999970198));
#10753=CARTESIAN_POINT('',(0.00020379623555,0.000202577863133,0.000449999970198));
#10754=CARTESIAN_POINT('',(0.00020379623555,0.000202577863133,0.000450999970158));
#10755=CARTESIAN_POINT('',(0.00020379623555,0.000202577863133,0.000450999970158));
#10756=CARTESIAN_POINT('',(0.00020379623555,0.000202577863133,0.000449999970198));
#10757=CARTESIAN_POINT('',(0.00020379623555,0.000207336262085,0.000449999970198));
#10758=CARTESIAN_POINT('',(0.00020379623555,0.000207336262085,0.000450999970158));
#10759=CARTESIAN_POINT('',(0.00020379623555,0.000207336262085,0.000450999970158));
#10760=CARTESIAN_POINT('',(0.00020379623555,0.000207336262085,0.000449999970198));
#10761=CARTESIAN_POINT('',(0.000218655610851,0.000207336262085,0.000449999970198));
#10762=CARTESIAN_POINT('',(0.000218655610851,0.000207336262085,0.000450999970158));
#10763=CARTESIAN_POINT('',(0.000218655610851,0.000189279837488,0.000450999970158));
#10764=CARTESIAN_POINT('',(0.000218655610851,0.000207336262085,0.000449999970198));
#10765=CARTESIAN_POINT('',(0.000218655610851,0.000221314059008,0.000449999970198));
#10766=CARTESIAN_POINT('',(0.000218655610851,0.000221314059008,0.000450999970158));
#10767=CARTESIAN_POINT('',(0.000218655610851,0.000221314059008,0.000450999970158));
#10768=CARTESIAN_POINT('',(0.000218655610851,0.000221314059008,0.000449999970198));
#10769=CARTESIAN_POINT('',(0.000201671950303,0.000221314059008,0.000449999970198));
#10770=CARTESIAN_POINT('',(0.000201671950303,0.000221314059008,0.000450999970158));
#10771=CARTESIAN_POINT('',(0.000201671950303,0.000221314059008,0.000450999970158));
#10772=CARTESIAN_POINT('',(0.000201671950303,0.000221314059008,0.000449999970198));
#10773=CARTESIAN_POINT('',(0.000237505987059,0.000226146807945,0.000450999970158));
#10774=CARTESIAN_POINT('',(0.00024383901245,0.00022675222924,0.000450999970158));
#10775=CARTESIAN_POINT('',(0.000239229313465,0.00022675222924,0.000450999970158));
#10776=CARTESIAN_POINT('',(0.000235394978595,0.000225945000846,0.000450999970158));
#10777=CARTESIAN_POINT('',(0.000232336007839,0.000224330544059,0.000450999970158));
#10778=CARTESIAN_POINT('',(0.00024383901245,0.00022675222924,0.000450999970158));
#10779=CARTESIAN_POINT('',(0.000232336007839,0.000224330544059,0.000450999970158));
#10780=CARTESIAN_POINT('',(0.000232336007839,0.000219189773761,0.000450999970158));
#10781=CARTESIAN_POINT('',(0.000232336007839,0.000219189773761,0.000450999970158));
#10782=CARTESIAN_POINT('',(0.000232336007839,0.000219189773761,0.000450999970158));
#10783=CARTESIAN_POINT('',(0.000235373735742,0.000221037901926,0.000450999970158));
#10784=CARTESIAN_POINT('',(0.000238953156383,0.000221972587435,0.000450999970158));
#10785=CARTESIAN_POINT('',(0.000243063648335,0.000221972587435,0.000450999970158));
#10786=CARTESIAN_POINT('',(0.000243063648335,0.000221972587435,0.000450999970158));
#10787=CARTESIAN_POINT('',(0.000243063648335,0.000221972587435,0.000450999970158));
#10788=CARTESIAN_POINT('',(0.000247460918796,0.000221972587435,0.000450999970158));
#10789=CARTESIAN_POINT('',(0.000251019096584,0.000220506830615,0.000450999970158));
#10790=CARTESIAN_POINT('',(0.0002537381817,0.000217596559827,0.000450999970158));
#10791=CARTESIAN_POINT('',(0.0002537381817,0.000217596559827,0.000450999970158));
#10792=CARTESIAN_POINT('',(0.0002537381817,0.000217596559827,0.000450999970158));
#10793=CARTESIAN_POINT('',(0.000256457266816,0.000214665046186,0.000450999970158));
#10794=CARTESIAN_POINT('',(0.000257816809373,0.000210713875627,0.000450999970158));
#10795=CARTESIAN_POINT('',(0.000257816809373,0.00020574304815,0.000450999970158));
#10796=CARTESIAN_POINT('',(0.000257816809373,0.00020574304815,0.000450999970158));
#10797=CARTESIAN_POINT('',(0.000257816809373,0.00020574304815,0.000450999970158));
#10798=CARTESIAN_POINT('',(0.000257816809373,0.000200517306443,0.000450999970158));
#10799=CARTESIAN_POINT('',(0.00025636167398,0.00019635370736,0.000450999970158));
#10800=CARTESIAN_POINT('',(0.000253451403191,0.000193252250899,0.000450999970158));
#10801=CARTESIAN_POINT('',(0.000253451403191,0.000193252250899,0.000450999970158));
#10802=CARTESIAN_POINT('',(0.000253451403191,0.000193252250899,0.000450999970158));
#10803=CARTESIAN_POINT('',(0.000250530510977,0.000190172037292,0.000450999970158));
#10804=CARTESIAN_POINT('',(0.000246759904664,0.000188642551914,0.000450999970158));
#10805=CARTESIAN_POINT('',(0.000242128962827,0.000188642551914,0.000450999970158));
#10806=CARTESIAN_POINT('',(0.000242128962827,0.000188642551914,0.000450999970158));
#10807=CARTESIAN_POINT('',(0.000241905896857566,0.000208447419366759,0.000450999970158));
#10808=CARTESIAN_POINT('',(0.000232336007839,0.0001911067228,0.000450999970158));
#10809=CARTESIAN_POINT('',(0.000232336007839,0.000185498609749,0.000450999970158));
#10810=CARTESIAN_POINT('',(0.000232336007839,0.000185498609749,0.000450999970158));
#10811=CARTESIAN_POINT('',(0.000232336007839,0.000185498609749,0.000450999970158));
#10812=CARTESIAN_POINT('',(0.00023492763584,0.000184372738568,0.000450999970158));
#10813=CARTESIAN_POINT('',(0.000238209656547,0.000183799181552,0.000450999970158));
#10814=CARTESIAN_POINT('',(0.000242182069958,0.000183799181552,0.000450999970158));
#10815=CARTESIAN_POINT('',(0.000242182069958,0.000183799181552,0.000450999970158));
#10816=CARTESIAN_POINT('',(0.000242182069958,0.000183799181552,0.000450999970158));
#10817=CARTESIAN_POINT('',(0.000248353118599,0.000183799181552,0.000450999970158));
#10818=CARTESIAN_POINT('',(0.000253440781765,0.000185838495388,0.000450999970158));
#10819=CARTESIAN_POINT('',(0.000257445059455,0.000189917123062,0.000450999970158));
#10820=CARTESIAN_POINT('',(0.000257445059455,0.000189917123062,0.000450999970158));
#10821=CARTESIAN_POINT('',(0.000257445059455,0.000189917123062,0.000450999970158));
#10822=CARTESIAN_POINT('',(0.000261449337145,0.000193995750736,0.000450999970158));
#10823=CARTESIAN_POINT('',(0.000263446165277,0.00019937019241,0.000450999970158));
#10824=CARTESIAN_POINT('',(0.000263446165277,0.000206061690937,0.000450999970158));
#10825=CARTESIAN_POINT('',(0.000263446165277,0.000206061690937,0.000450999970158));
#10826=CARTESIAN_POINT('',(0.000263446165277,0.000206061690937,0.000450999970158));
#10827=CARTESIAN_POINT('',(0.000263446165277,0.00021228584671,0.000450999970158));
#10828=CARTESIAN_POINT('',(0.000261672387096,0.000217299159892,0.000450999970158));
#10829=CARTESIAN_POINT('',(0.000258114209308,0.000221080387631,0.000450999970158));
#10830=CARTESIAN_POINT('',(0.000258114209308,0.000221080387631,0.000450999970158));
#10831=CARTESIAN_POINT('',(0.000258114209308,0.000221080387631,0.000450999970158));
#10832=CARTESIAN_POINT('',(0.00025455603152,0.00022486161537,0.000450999970158));
#10833=CARTESIAN_POINT('',(0.000249797632567,0.00022675222924,0.000450999970158));
#10834=CARTESIAN_POINT('',(0.00024383901245,0.00022675222924,0.000450999970158));
#10835=CARTESIAN_POINT('',(0.000258114209308,0.000221080387631,0.000450999970158));
#10836=CARTESIAN_POINT('',(0.000258114209308,0.000221080387631,0.000449999970198));
#10837=CARTESIAN_POINT('',(0.00025455603152,0.00022486161537,0.000450999970158));
#10838=CARTESIAN_POINT('',(0.00025455603152,0.00022486161537,0.000449999970198));
#10839=CARTESIAN_POINT('',(0.000249797632567,0.00022675222924,0.000450999970158));
#10840=CARTESIAN_POINT('',(0.000249797632567,0.00022675222924,0.000449999970198));
#10841=CARTESIAN_POINT('',(0.00024383901245,0.00022675222924,0.000450999970158));
#10842=CARTESIAN_POINT('',(0.00024383901245,0.00022675222924,0.000449999970198));
#10843=CARTESIAN_POINT('',(0.000258114209308,0.000221080387631,0.000449999970198));
#10844=CARTESIAN_POINT('',(0.00025455603152,0.00022486161537,0.000449999970198));
#10845=CARTESIAN_POINT('',(0.000249797632567,0.00022675222924,0.000449999970198));
#10846=CARTESIAN_POINT('',(0.00024383901245,0.00022675222924,0.000449999970198));
#10847=CARTESIAN_POINT('',(0.000258114209308,0.000221080387631,0.000449999970198));
#10848=CARTESIAN_POINT('',(0.00024383901245,0.00022675222924,0.000449999970198));
#10849=CARTESIAN_POINT('',(0.00024383901245,0.00022675222924,0.000450999970158));
#10850=CARTESIAN_POINT('',(0.000258114209308,0.000221080387631,0.000450999970158));
#10851=CARTESIAN_POINT('',(0.000263446165277,0.000206061690937,0.000450999970158));
#10852=CARTESIAN_POINT('',(0.000263446165277,0.000206061690937,0.000449999970198));
#10853=CARTESIAN_POINT('',(0.000263446165277,0.00021228584671,0.000450999970158));
#10854=CARTESIAN_POINT('',(0.000263446165277,0.00021228584671,0.000449999970198));
#10855=CARTESIAN_POINT('',(0.000261672387096,0.000217299159892,0.000450999970158));
#10856=CARTESIAN_POINT('',(0.000261672387096,0.000217299159892,0.000449999970198));
#10857=CARTESIAN_POINT('',(0.000258114209308,0.000221080387631,0.000450999970158));
#10858=CARTESIAN_POINT('',(0.000258114209308,0.000221080387631,0.000449999970198));
#10859=CARTESIAN_POINT('',(0.000263446165277,0.000206061690937,0.000449999970198));
#10860=CARTESIAN_POINT('',(0.000263446165277,0.00021228584671,0.000449999970198));
#10861=CARTESIAN_POINT('',(0.000261672387096,0.000217299159892,0.000449999970198));
#10862=CARTESIAN_POINT('',(0.000258114209308,0.000221080387631,0.000449999970198));
#10863=CARTESIAN_POINT('',(0.000263446165277,0.000206061690937,0.000449999970198));
#10864=CARTESIAN_POINT('',(0.000263446165277,0.000206061690937,0.000450999970158));
#10865=CARTESIAN_POINT('',(0.000257445059455,0.000189917123062,0.000450999970158));
#10866=CARTESIAN_POINT('',(0.000257445059455,0.000189917123062,0.000449999970198));
#10867=CARTESIAN_POINT('',(0.000261449337145,0.000193995750736,0.000450999970158));
#10868=CARTESIAN_POINT('',(0.000261449337145,0.000193995750736,0.000449999970198));
#10869=CARTESIAN_POINT('',(0.000263446165277,0.00019937019241,0.000450999970158));
#10870=CARTESIAN_POINT('',(0.000263446165277,0.00019937019241,0.000449999970198));
#10871=CARTESIAN_POINT('',(0.000263446165277,0.000206061690937,0.000450999970158));
#10872=CARTESIAN_POINT('',(0.000263446165277,0.000206061690937,0.000449999970198));
#10873=CARTESIAN_POINT('',(0.000257445059455,0.000189917123062,0.000449999970198));
#10874=CARTESIAN_POINT('',(0.000261449337145,0.000193995750736,0.000449999970198));
#10875=CARTESIAN_POINT('',(0.000263446165277,0.00019937019241,0.000449999970198));
#10876=CARTESIAN_POINT('',(0.000263446165277,0.000206061690937,0.000449999970198));
#10877=CARTESIAN_POINT('',(0.000257445059455,0.000189917123062,0.000449999970198));
#10878=CARTESIAN_POINT('',(0.000257445059455,0.000189917123062,0.000450999970158));
#10879=CARTESIAN_POINT('',(0.000242182069958,0.000183799181552,0.000450999970158));
#10880=CARTESIAN_POINT('',(0.000242182069958,0.000183799181552,0.000449999970198));
#10881=CARTESIAN_POINT('',(0.000248353118599,0.000183799181552,0.000450999970158));
#10882=CARTESIAN_POINT('',(0.000248353118599,0.000183799181552,0.000449999970198));
#10883=CARTESIAN_POINT('',(0.000253440781765,0.000185838495388,0.000450999970158));
#10884=CARTESIAN_POINT('',(0.000253440781765,0.000185838495388,0.000449999970198));
#10885=CARTESIAN_POINT('',(0.000257445059455,0.000189917123062,0.000450999970158));
#10886=CARTESIAN_POINT('',(0.000257445059455,0.000189917123062,0.000449999970198));
#10887=CARTESIAN_POINT('',(0.000242182069958,0.000183799181552,0.000449999970198));
#10888=CARTESIAN_POINT('',(0.000248353118599,0.000183799181552,0.000449999970198));
#10889=CARTESIAN_POINT('',(0.000253440781765,0.000185838495388,0.000449999970198));
#10890=CARTESIAN_POINT('',(0.000257445059455,0.000189917123062,0.000449999970198));
#10891=CARTESIAN_POINT('',(0.000242182069958,0.000183799181552,0.000449999970198));
#10892=CARTESIAN_POINT('',(0.000242182069958,0.000183799181552,0.000450999970158));
#10893=CARTESIAN_POINT('',(0.000232336007839,0.000185498609749,0.000450999970158));
#10894=CARTESIAN_POINT('',(0.000232336007839,0.000185498609749,0.000449999970198));
#10895=CARTESIAN_POINT('',(0.00023492763584,0.000184372738568,0.000450999970158));
#10896=CARTESIAN_POINT('',(0.00023492763584,0.000184372738568,0.000449999970198));
#10897=CARTESIAN_POINT('',(0.000238209656547,0.000183799181552,0.000450999970158));
#10898=CARTESIAN_POINT('',(0.000238209656547,0.000183799181552,0.000449999970198));
#10899=CARTESIAN_POINT('',(0.000242182069958,0.000183799181552,0.000450999970158));
#10900=CARTESIAN_POINT('',(0.000242182069958,0.000183799181552,0.000449999970198));
#10901=CARTESIAN_POINT('',(0.000232336007839,0.000185498609749,0.000449999970198));
#10902=CARTESIAN_POINT('',(0.00023492763584,0.000184372738568,0.000449999970198));
#10903=CARTESIAN_POINT('',(0.000238209656547,0.000183799181552,0.000449999970198));
#10904=CARTESIAN_POINT('',(0.000242182069958,0.000183799181552,0.000449999970198));
#10905=CARTESIAN_POINT('',(0.000232336007839,0.000185498609749,0.000449999970198));
#10906=CARTESIAN_POINT('',(0.000232336007839,0.000185498609749,0.000450999970158));
#10907=CARTESIAN_POINT('',(0.000232336007839,0.000185498609749,0.000450999970158));
#10908=CARTESIAN_POINT('',(0.000232336007839,0.000185498609749,0.000449999970198));
#10909=CARTESIAN_POINT('',(0.000232336007839,0.0001911067228,0.000449999970198));
#10910=CARTESIAN_POINT('',(0.000232336007839,0.0001911067228,0.000450999970158));
#10911=CARTESIAN_POINT('',(0.000242128962827,0.000188642551914,0.000450999970158));
#10912=CARTESIAN_POINT('',(0.000242128962827,0.000188642551914,0.000449999970198));
#10913=CARTESIAN_POINT('',(0.000238570785039,0.000188642551914,0.000450999970158));
#10914=CARTESIAN_POINT('',(0.000238570785039,0.000188642551914,0.000449999970198));
#10915=CARTESIAN_POINT('',(0.000235310007185,0.000189449780308,0.000450999970158));
#10916=CARTESIAN_POINT('',(0.000235310007185,0.000189449780308,0.000449999970198));
#10917=CARTESIAN_POINT('',(0.000232336007839,0.0001911067228,0.000450999970158));
#10918=CARTESIAN_POINT('',(0.000232336007839,0.0001911067228,0.000449999970198));
#10919=CARTESIAN_POINT('',(0.000241905896857566,0.000208447419366759,0.000449999970198));
#10920=CARTESIAN_POINT('',(0.000242128962827,0.000188642551914,0.000449999970198));
#10921=CARTESIAN_POINT('',(0.000242128962827,0.000188642551914,0.000450999970158));
#10922=CARTESIAN_POINT('',(0.000253451403191,0.000193252250899,0.000450999970158));
#10923=CARTESIAN_POINT('',(0.000253451403191,0.000193252250899,0.000449999970198));
#10924=CARTESIAN_POINT('',(0.000250530510977,0.000190172037292,0.000450999970158));
#10925=CARTESIAN_POINT('',(0.000250530510977,0.000190172037292,0.000449999970198));
#10926=CARTESIAN_POINT('',(0.000246759904664,0.000188642551914,0.000450999970158));
#10927=CARTESIAN_POINT('',(0.000246759904664,0.000188642551914,0.000449999970198));
#10928=CARTESIAN_POINT('',(0.000242128962827,0.000188642551914,0.000450999970158));
#10929=CARTESIAN_POINT('',(0.000242128962827,0.000188642551914,0.000449999970198));
#10930=CARTESIAN_POINT('',(0.000253451403191,0.000193252250899,0.000449999970198));
#10931=CARTESIAN_POINT('',(0.000250530510977,0.000190172037292,0.000449999970198));
#10932=CARTESIAN_POINT('',(0.000246759904664,0.000188642551914,0.000449999970198));
#10933=CARTESIAN_POINT('',(0.000242128962827,0.000188642551914,0.000449999970198));
#10934=CARTESIAN_POINT('',(0.000253451403191,0.000193252250899,0.000449999970198));
#10935=CARTESIAN_POINT('',(0.000253451403191,0.000193252250899,0.000450999970158));
#10936=CARTESIAN_POINT('',(0.000257816809373,0.00020574304815,0.000450999970158));
#10937=CARTESIAN_POINT('',(0.000257816809373,0.00020574304815,0.000449999970198));
#10938=CARTESIAN_POINT('',(0.000257816809373,0.000200517306443,0.000450999970158));
#10939=CARTESIAN_POINT('',(0.000257816809373,0.000200517306443,0.000449999970198));
#10940=CARTESIAN_POINT('',(0.00025636167398,0.00019635370736,0.000450999970158));
#10941=CARTESIAN_POINT('',(0.00025636167398,0.00019635370736,0.000449999970198));
#10942=CARTESIAN_POINT('',(0.000253451403191,0.000193252250899,0.000450999970158));
#10943=CARTESIAN_POINT('',(0.000253451403191,0.000193252250899,0.000449999970198));
#10944=CARTESIAN_POINT('',(0.000257816809373,0.00020574304815,0.000449999970198));
#10945=CARTESIAN_POINT('',(0.000257816809373,0.000200517306443,0.000449999970198));
#10946=CARTESIAN_POINT('',(0.00025636167398,0.00019635370736,0.000449999970198));
#10947=CARTESIAN_POINT('',(0.000253451403191,0.000193252250899,0.000449999970198));
#10948=CARTESIAN_POINT('',(0.000257816809373,0.00020574304815,0.000449999970198));
#10949=CARTESIAN_POINT('',(0.000257816809373,0.00020574304815,0.000450999970158));
#10950=CARTESIAN_POINT('',(0.0002537381817,0.000217596559827,0.000450999970158));
#10951=CARTESIAN_POINT('',(0.0002537381817,0.000217596559827,0.000449999970198));
#10952=CARTESIAN_POINT('',(0.000256457266816,0.000214665046186,0.000450999970158));
#10953=CARTESIAN_POINT('',(0.000256457266816,0.000214665046186,0.000449999970198));
#10954=CARTESIAN_POINT('',(0.000257816809373,0.000210713875627,0.000450999970158));
#10955=CARTESIAN_POINT('',(0.000257816809373,0.000210713875627,0.000449999970198));
#10956=CARTESIAN_POINT('',(0.000257816809373,0.00020574304815,0.000450999970158));
#10957=CARTESIAN_POINT('',(0.000257816809373,0.00020574304815,0.000449999970198));
#10958=CARTESIAN_POINT('',(0.0002537381817,0.000217596559827,0.000449999970198));
#10959=CARTESIAN_POINT('',(0.000256457266816,0.000214665046186,0.000449999970198));
#10960=CARTESIAN_POINT('',(0.000257816809373,0.000210713875627,0.000449999970198));
#10961=CARTESIAN_POINT('',(0.000257816809373,0.00020574304815,0.000449999970198));
#10962=CARTESIAN_POINT('',(0.0002537381817,0.000217596559827,0.000449999970198));
#10963=CARTESIAN_POINT('',(0.0002537381817,0.000217596559827,0.000450999970158));
#10964=CARTESIAN_POINT('',(0.000243063648335,0.000221972587435,0.000450999970158));
#10965=CARTESIAN_POINT('',(0.000243063648335,0.000221972587435,0.000449999970198));
#10966=CARTESIAN_POINT('',(0.000247460918796,0.000221972587435,0.000450999970158));
#10967=CARTESIAN_POINT('',(0.000247460918796,0.000221972587435,0.000449999970198));
#10968=CARTESIAN_POINT('',(0.000251019096584,0.000220506830615,0.000450999970158));
#10969=CARTESIAN_POINT('',(0.000251019096584,0.000220506830615,0.000449999970198));
#10970=CARTESIAN_POINT('',(0.0002537381817,0.000217596559827,0.000450999970158));
#10971=CARTESIAN_POINT('',(0.0002537381817,0.000217596559827,0.000449999970198));
#10972=CARTESIAN_POINT('',(0.000243063648335,0.000221972587435,0.000449999970198));
#10973=CARTESIAN_POINT('',(0.000247460918796,0.000221972587435,0.000449999970198));
#10974=CARTESIAN_POINT('',(0.000251019096584,0.000220506830615,0.000449999970198));
#10975=CARTESIAN_POINT('',(0.0002537381817,0.000217596559827,0.000449999970198));
#10976=CARTESIAN_POINT('',(0.000243063648335,0.000221972587435,0.000449999970198));
#10977=CARTESIAN_POINT('',(0.000243063648335,0.000221972587435,0.000450999970158));
#10978=CARTESIAN_POINT('',(0.000232336007839,0.000219189773761,0.000450999970158));
#10979=CARTESIAN_POINT('',(0.000232336007839,0.000219189773761,0.000449999970198));
#10980=CARTESIAN_POINT('',(0.000235373735742,0.000221037901926,0.000450999970158));
#10981=CARTESIAN_POINT('',(0.000235373735742,0.000221037901926,0.000449999970198));
#10982=CARTESIAN_POINT('',(0.000238953156383,0.000221972587435,0.000450999970158));
#10983=CARTESIAN_POINT('',(0.000238953156383,0.000221972587435,0.000449999970198));
#10984=CARTESIAN_POINT('',(0.000243063648335,0.000221972587435,0.000450999970158));
#10985=CARTESIAN_POINT('',(0.000243063648335,0.000221972587435,0.000449999970198));
#10986=CARTESIAN_POINT('',(0.000232336007839,0.000219189773761,0.000449999970198));
#10987=CARTESIAN_POINT('',(0.000235373735742,0.000221037901926,0.000449999970198));
#10988=CARTESIAN_POINT('',(0.000238953156383,0.000221972587435,0.000449999970198));
#10989=CARTESIAN_POINT('',(0.000243063648335,0.000221972587435,0.000449999970198));
#10990=CARTESIAN_POINT('',(0.000232336007839,0.000219189773761,0.000449999970198));
#10991=CARTESIAN_POINT('',(0.000232336007839,0.000219189773761,0.000450999970158));
#10992=CARTESIAN_POINT('',(0.000232336007839,0.000185498609749,0.000450999970158));
#10993=CARTESIAN_POINT('',(0.000232336007839,0.000219189773761,0.000449999970198));
#10994=CARTESIAN_POINT('',(0.000232336007839,0.000224330544059,0.000449999970198));
#10995=CARTESIAN_POINT('',(0.000232336007839,0.000224330544059,0.000450999970158));
#10996=CARTESIAN_POINT('',(0.00024383901245,0.00022675222924,0.000450999970158));
#10997=CARTESIAN_POINT('',(0.00024383901245,0.00022675222924,0.000449999970198));
#10998=CARTESIAN_POINT('',(0.000239229313465,0.00022675222924,0.000450999970158));
#10999=CARTESIAN_POINT('',(0.000239229313465,0.00022675222924,0.000449999970198));
#11000=CARTESIAN_POINT('',(0.000235394978595,0.000225945000846,0.000450999970158));
#11001=CARTESIAN_POINT('',(0.000235394978595,0.000225945000846,0.000449999970198));
#11002=CARTESIAN_POINT('',(0.000232336007839,0.000224330544059,0.000450999970158));
#11003=CARTESIAN_POINT('',(0.000232336007839,0.000224330544059,0.000449999970198));
#11004=CARTESIAN_POINT('',(0.00024383901245,0.00022675222924,0.000449999970198));
#11005=CARTESIAN_POINT('',(0.000239229313465,0.00022675222924,0.000449999970198));
#11006=CARTESIAN_POINT('',(0.000235394978595,0.000225945000846,0.000449999970198));
#11007=CARTESIAN_POINT('',(0.000232336007839,0.000224330544059,0.000449999970198));
#11008=CARTESIAN_POINT('',(0.,0.,0.000450999970158));
#11009=CARTESIAN_POINT('',(0.000265145593474,0.000221314059008,0.000450999970158));
#11010=CARTESIAN_POINT('',(0.000265145593474,0.000226051215108,0.000450999970158));
#11011=CARTESIAN_POINT('',(0.000265145593474,0.000221314059008,0.000450999970158));
#11012=CARTESIAN_POINT('',(0.000281693775546,0.000221314059008,0.000450999970158));
#11013=CARTESIAN_POINT('',(0.000281693775546,0.000221314059008,0.000450999970158));
#11014=CARTESIAN_POINT('',(0.000281693775546,0.000184500195683,0.000450999970158));
#11015=CARTESIAN_POINT('',(0.000281693775546,0.000184500195683,0.000450999970158));
#11016=CARTESIAN_POINT('',(0.000287057595794,0.000184500195683,0.000450999970158));
#11017=CARTESIAN_POINT('',(0.000287057595794,0.000184500195683,0.000450999970158));
#11018=CARTESIAN_POINT('',(0.000287057595794,0.000226051215108,0.000450999970158));
#11019=CARTESIAN_POINT('',(0.000287057595794,0.000226051215108,0.000450999970158));
#11020=CARTESIAN_POINT('',(0.000265145593474,0.000226051215108,0.000450999970158));
#11021=CARTESIAN_POINT('',(0.000201671950303,0.000226051215108,0.000450999970158));
#11022=CARTESIAN_POINT('',(0.000265145593474,0.000226051215108,0.000449999970198));
#11023=CARTESIAN_POINT('',(0.000287057595794,0.000226051215108,0.000449999970198));
#11024=CARTESIAN_POINT('',(0.000265145593474,0.000226051215108,0.000449999970198));
#11025=CARTESIAN_POINT('',(0.000265145593474,0.000226051215108,0.000450999970158));
#11026=CARTESIAN_POINT('',(0.000287057595794,0.000226051215108,0.000450999970158));
#11027=CARTESIAN_POINT('',(0.000287057595794,0.000226051215108,0.000450999970158));
#11028=CARTESIAN_POINT('',(0.000287057595794,0.000226051215108,0.000449999970198));
#11029=CARTESIAN_POINT('',(0.000287057595794,0.000184500195683,0.000449999970198));
#11030=CARTESIAN_POINT('',(0.000287057595794,0.000184500195683,0.000450999970158));
#11031=CARTESIAN_POINT('',(0.000193822716317,0.000184500195683,0.000450999970158));
#11032=CARTESIAN_POINT('',(0.000287057595794,0.000184500195683,0.000449999970198));
#11033=CARTESIAN_POINT('',(0.000281693775546,0.000184500195683,0.000449999970198));
#11034=CARTESIAN_POINT('',(0.000281693775546,0.000184500195683,0.000450999970158));
#11035=CARTESIAN_POINT('',(0.000281693775546,0.000184500195683,0.000450999970158));
#11036=CARTESIAN_POINT('',(0.000281693775546,0.000184500195683,0.000449999970198));
#11037=CARTESIAN_POINT('',(0.000281693775546,0.000221314059008,0.000449999970198));
#11038=CARTESIAN_POINT('',(0.000281693775546,0.000221314059008,0.000450999970158));
#11039=CARTESIAN_POINT('',(0.000218655610851,0.000221314059008,0.000450999970158));
#11040=CARTESIAN_POINT('',(0.000281693775546,0.000221314059008,0.000449999970198));
#11041=CARTESIAN_POINT('',(0.000265145593474,0.000221314059008,0.000449999970198));
#11042=CARTESIAN_POINT('',(0.000265145593474,0.000221314059008,0.000450999970158));
#11043=CARTESIAN_POINT('',(0.000265145593474,0.000221314059008,0.000450999970158));
#11044=CARTESIAN_POINT('',(0.000265145593474,0.000221314059008,0.000449999970198));
#11045=CARTESIAN_POINT('',(0.,-0.00033999998649,0.000439999970595));
#11046=CARTESIAN_POINT('',(-0.000539999978542,-0.00033999998649,0.000439999970595));
#11047=CARTESIAN_POINT('',(-0.000539999978542,-0.00033999998649,0.000449999970197818));
#11048=CARTESIAN_POINT('',(-0.000539999978542,-0.000349999986092,0.000439999970595));
#11049=CARTESIAN_POINT('',(-0.000549999978145,-0.000349999986092,0.000439999970595));
#11050=CARTESIAN_POINT('',(0.000539999978542,-0.000349999986092,0.000439999970595));
#11051=CARTESIAN_POINT('',(0.000539999978542,-0.00033999998649,0.000439999970595));
#11052=CARTESIAN_POINT('',(0.000539999978542,-0.00033999998649,0.000449999970197818));
#11053=CARTESIAN_POINT('',(0.,-0.00033999998649,0.000449999970198));
#11054=CARTESIAN_POINT('',(0.000539999978542,-0.00033999998649,0.000439999970595));
#11055=CARTESIAN_POINT('',(0.000539999978542,-0.00033999998649,0.000439999970595));
#11056=CARTESIAN_POINT('',(0.000549999978144818,-0.00033999998649,0.000439999970595));
#11057=CARTESIAN_POINT('',(0.000539999978542,-0.00033999998649,0.000439999970595));
#11058=CARTESIAN_POINT('',(-0.000539999978542,-0.00033999998649,0.000439999970595));
#11059=CARTESIAN_POINT('',(-0.000539999978542,-0.00033999998649,0.000439999970595));
#11060=CARTESIAN_POINT('',(-0.000549999978145,-0.00033999998649,0.000439999970595));
#11061=CARTESIAN_POINT('',(-0.000539999978542,-0.00033999998649,0.000439999970595));
#11062=CARTESIAN_POINT('',(0.000539999978542,-0.00033999998649,9.999987681707E-6));
#11063=CARTESIAN_POINT('',(0.000539999978542,-0.00033999998649,9.999987681707E-6));
#11064=CARTESIAN_POINT('',(0.000549999978144879,-0.00033999998649,9.999987681707E-6));
#11065=CARTESIAN_POINT('',(0.000539999978542,-0.000349999986092,9.999987681707E-6));
#11066=CARTESIAN_POINT('',(0.000549999978145,-0.00033999998649,9.999987681707E-6));
#11067=CARTESIAN_POINT('',(0.000539999978542,-0.000349999986092,9.999987681707E-6));
#11068=CARTESIAN_POINT('',(0.000539999978542,-8.363844998253E-20,0.000439999970595));
#11069=CARTESIAN_POINT('',(0.000539999978542,0.00033999998649,0.000439999970595));
#11070=CARTESIAN_POINT('',(0.000549999978144818,0.00033999998649,0.000439999970595));
#11071=CARTESIAN_POINT('',(0.000539999978542,0.00033999998649,0.000449999970197818));
#11072=CARTESIAN_POINT('',(0.000539999978542,-8.363844998253E-20,0.000449999970198));
#11073=CARTESIAN_POINT('',(0.000549999978145,0.000349999986092,0.000439999970595));
#11074=CARTESIAN_POINT('',(-0.000539999978542,0.,0.000439999970595));
#11075=CARTESIAN_POINT('',(-0.000539999978542,0.00033999998649,0.000439999970595));
#11076=CARTESIAN_POINT('',(-0.000539999978542,0.00033999998649,0.000449999970197818));
#11077=CARTESIAN_POINT('',(-0.000549999978145,0.00033999998649,0.000439999970595));
#11078=CARTESIAN_POINT('',(-0.000549999978145,0.000349999986092,0.000439999970595));
#11079=CARTESIAN_POINT('',(-0.000539999978542,0.,0.000449999970198));
#11080=CARTESIAN_POINT('',(-0.000539999978542,-0.00033999998649,9.999987681707E-6));
#11081=CARTESIAN_POINT('',(-0.000539999978542,-0.00033999998649,9.999987681707E-6));
#11082=CARTESIAN_POINT('',(-0.000539999978542,-0.000349999986092,9.999987681707E-6));
#11083=CARTESIAN_POINT('',(-0.000549999978145,-0.00033999998649,9.999987681707E-6));
#11084=CARTESIAN_POINT('',(-0.000539999978542,-0.000349999986092,9.999987681707E-6));
#11085=CARTESIAN_POINT('',(-0.000549999978145,-0.00033999998649,9.999987681707E-6));
#11086=CARTESIAN_POINT('',(0.000539999978542,0.00033999998649,0.000439999970595));
#11087=CARTESIAN_POINT('',(0.000539999978542,0.00033999998649,0.000439999970595));
#11088=CARTESIAN_POINT('',(0.000539999978542,0.000349999986092,0.000439999970595));
#11089=CARTESIAN_POINT('',(0.000539999978542,0.00033999998649,0.000439999970595));
#11090=CARTESIAN_POINT('',(-0.000539999978542,0.00033999998649,0.000439999970595));
#11091=CARTESIAN_POINT('',(-0.000539999978542,0.00033999998649,0.000439999970595));
#11092=CARTESIAN_POINT('',(-0.000539999978542,0.000349999986092,0.000439999970595));
#11093=CARTESIAN_POINT('',(-0.000539999978542,0.00033999998649,0.000439999970595));
#11094=CARTESIAN_POINT('',(0.000539999978542,0.00033999998649,9.999987681707E-6));
#11095=CARTESIAN_POINT('',(0.000539999978542,0.00033999998649,9.999987681707E-6));
#11096=CARTESIAN_POINT('',(0.000539999978542,0.000349999986092,9.999987681707E-6));
#11097=CARTESIAN_POINT('',(0.000549999978144879,0.00033999998649,9.999987681707E-6));
#11098=CARTESIAN_POINT('',(0.000539999978542,0.000349999986092,9.999987681707E-6));
#11099=CARTESIAN_POINT('',(0.000549999978145,0.00033999998649,9.999987681707E-6));
#11100=CARTESIAN_POINT('',(0.,0.00033999998649,0.000439999970595));
#11101=CARTESIAN_POINT('',(-0.000549999978145,0.000349999986092,0.000439999970595));
#11102=CARTESIAN_POINT('',(0.,0.00033999998649,0.000449999970198));
#11103=CARTESIAN_POINT('',(-0.000539999978542,0.00033999998649,9.999987681707E-6));
#11104=CARTESIAN_POINT('',(-0.000539999978542,0.00033999998649,9.999987681707E-6));
#11105=CARTESIAN_POINT('',(-0.000549999978145,0.00033999998649,9.999987681707E-6));
#11106=CARTESIAN_POINT('',(-0.000539999978542,0.000349999986092,9.999987681707E-6));
#11107=CARTESIAN_POINT('',(-0.000549999978145,0.00033999998649,9.999987681707E-6));
#11108=CARTESIAN_POINT('',(-0.000539999978542,0.000349999986092,9.999987681707E-6));
#11109=CARTESIAN_POINT('',(0.000559999977748,0.,0.000449999970198));
#11110=CARTESIAN_POINT('',(0.000559999977748,-0.000199999992053,0.000159999981721));
#11111=CARTESIAN_POINT('',(0.000559999977748,-0.000199999992053,0.000159999981721));
#11112=CARTESIAN_POINT('',(0.000559999977748,-9.999999602636E-5,0.000159999981721));
#11113=CARTESIAN_POINT('',(0.000559999977748,-0.000199999992053,0.000159999981721));
#11114=CARTESIAN_POINT('',(0.000559999977748,-0.000199999992053,0.000109999983708));
#11115=CARTESIAN_POINT('',(0.000559999977748,-0.000199999992053,0.000109999983708));
#11116=CARTESIAN_POINT('',(0.000559999977748,-9.999999602636E-5,0.000109999983708));
#11117=CARTESIAN_POINT('',(0.000559999977748,-9.999999602636E-5,0.000159999981721));
#11118=CARTESIAN_POINT('',(-0.000479999980927,-9.999999602636E-5,-1.19209285776E-11));
#11119=CARTESIAN_POINT('',(0.000549999978145,-9.999999602636E-5,0.000159999981721));
#11120=CARTESIAN_POINT('',(0.000549999978145,-9.999999602636E-5,0.000159999981721));
#11121=CARTESIAN_POINT('',(0.000549999978145,-9.999999602636E-5,0.000109999983708));
#11122=CARTESIAN_POINT('',(0.000559999977748,-9.999999602636E-5,0.000159999981721));
#11123=CARTESIAN_POINT('',(0.000559999977748,-9.999999602636E-5,0.000109999983708));
#11124=CARTESIAN_POINT('',(-0.000499999980132,-0.000359999985695,0.000109999983708));
#11125=CARTESIAN_POINT('',(0.000549999978145,-0.000199999992053,0.000109999983708));
#11126=CARTESIAN_POINT('',(0.000549999978145,-0.000199999992053,0.000109999983708));
#11127=CARTESIAN_POINT('',(0.000559999977748,-0.000199999992053,0.000109999983708));
#11128=CARTESIAN_POINT('',(-0.000559999977748,-0.000199999992053,0.000159999981721));
#11129=CARTESIAN_POINT('',(0.000549999978145,-0.000199999992053,0.000159999981721));
#11130=CARTESIAN_POINT('',(0.000549999978145,-0.000199999992053,0.000159999981721));
#11131=CARTESIAN_POINT('',(0.000559999977748,-0.000199999992053,0.000159999981721));
#11132=CARTESIAN_POINT('',(-0.000499999980132,-0.000359999985695,0.000159999981721));
#11133=CARTESIAN_POINT('',(0.000549999978145,-0.000199999992053,0.000159999981721));
#11134=CARTESIAN_POINT('',(0.000559999977748,0.,0.000449999970198));
#11135=CARTESIAN_POINT('',(0.000559999977748,0.000199999992053,0.000109999983708));
#11136=CARTESIAN_POINT('',(0.000559999977748,0.000199999992053,0.000109999983708));
#11137=CARTESIAN_POINT('',(0.000559999977748,9.999999602636E-5,0.000109999983708));
#11138=CARTESIAN_POINT('',(0.000559999977748,0.000199999992053,0.000159999981721));
#11139=CARTESIAN_POINT('',(0.000559999977748,0.000199999992053,0.000159999981721));
#11140=CARTESIAN_POINT('',(0.000559999977748,0.000199999992053,0.000159999981721));
#11141=CARTESIAN_POINT('',(0.000559999977748,9.999999602636E-5,0.000159999981721));
#11142=CARTESIAN_POINT('',(0.000559999977748,9.999999602636E-5,0.000159999981721));
#11143=CARTESIAN_POINT('',(-0.000479999980927,9.999999602636E-5,-1.19209285776E-11));
#11144=CARTESIAN_POINT('',(0.000549999978145,9.999999602636E-5,0.000159999981721));
#11145=CARTESIAN_POINT('',(0.000549999978145,9.999999602636E-5,0.000109999983708));
#11146=CARTESIAN_POINT('',(0.000549999978145,9.999999602636E-5,0.000159999981721));
#11147=CARTESIAN_POINT('',(0.000559999977748,9.999999602636E-5,0.000109999983708));
#11148=CARTESIAN_POINT('',(0.000559999977748,9.999999602636E-5,0.000159999981721));
#11149=CARTESIAN_POINT('',(-0.000499999980132,-0.000359999985695,0.000159999981721));
#11150=CARTESIAN_POINT('',(0.000549999978145,0.000199999992053,0.000159999981721));
#11151=CARTESIAN_POINT('',(0.000549999978145,0.000199999992053,0.000159999981721));
#11152=CARTESIAN_POINT('',(0.000559999977748,0.000199999992053,0.000159999981721));
#11153=CARTESIAN_POINT('',(-0.000559999977748,0.000199999992053,0.000159999981721));
#11154=CARTESIAN_POINT('',(0.000549999978145,0.000199999992053,0.000159999981721));
#11155=CARTESIAN_POINT('',(0.000549999978145,0.000199999992053,0.000109999983708));
#11156=CARTESIAN_POINT('',(0.000559999977748,0.000199999992053,0.000109999983708));
#11157=CARTESIAN_POINT('',(-0.000499999980132,-0.000359999985695,0.000109999983708));
#11158=CARTESIAN_POINT('',(0.000549999978145,0.000199999992053,0.000109999983708));
#11159=CARTESIAN_POINT('',(-0.000559999977748,0.,0.000449999970198));
#11160=CARTESIAN_POINT('',(-0.000559999977748,-0.000199999992053,0.000159999981721));
#11161=CARTESIAN_POINT('',(-0.000559999977748,-0.000199999992053,0.000159999981721));
#11162=CARTESIAN_POINT('',(-0.000559999977748,-9.999999602636E-5,0.000159999981721));
#11163=CARTESIAN_POINT('',(-0.000559999977748,-9.999999602636E-5,0.000159999981721));
#11164=CARTESIAN_POINT('',(-0.000559999977748,-9.999999602636E-5,0.000109999983708));
#11165=CARTESIAN_POINT('',(-0.000559999977748,-0.000199999992053,0.000109999983708));
#11166=CARTESIAN_POINT('',(-0.000559999977748,-0.000199999992053,0.000109999983708));
#11167=CARTESIAN_POINT('',(-0.000559999977748,-0.000199999992053,0.000159999981721));
#11168=CARTESIAN_POINT('',(-0.000559999977748,-0.000199999992053,0.000159999981721));
#11169=CARTESIAN_POINT('',(-0.000549999978145,-0.000199999992053,0.000159999981721));
#11170=CARTESIAN_POINT('',(-0.000549999978145,-0.000199999992053,0.000109999983708));
#11171=CARTESIAN_POINT('',(-0.000549999978145,-0.000199999992053,0.000159999981721));
#11172=CARTESIAN_POINT('',(-0.000559999977748,-0.000199999992053,0.000159999981721));
#11173=CARTESIAN_POINT('',(-0.000559999977748,-0.000199999992053,0.000109999983708));
#11174=CARTESIAN_POINT('',(-0.000499999980132,-0.000359999985695,0.000109999983708));
#11175=CARTESIAN_POINT('',(-0.000549999978145,-0.000199999992053,0.000109999983708));
#11176=CARTESIAN_POINT('',(-0.000549999978145,-9.999999602636E-5,0.000109999983708));
#11177=CARTESIAN_POINT('',(-0.000559999977748,-9.999999602636E-5,0.000109999983708));
#11178=CARTESIAN_POINT('',(-0.000479999980927,-9.999999602636E-5,-1.19209285776E-11));
#11179=CARTESIAN_POINT('',(-0.000549999978145,-9.999999602636E-5,0.000159999981721));
#11180=CARTESIAN_POINT('',(-0.000549999978145,-9.999999602636E-5,0.000159999981721));
#11181=CARTESIAN_POINT('',(-0.000559999977748,-9.999999602636E-5,0.000159999981721));
#11182=CARTESIAN_POINT('',(-0.000499999980132,-0.000359999985695,0.000159999981721));
#11183=CARTESIAN_POINT('',(-0.000549999978145,-0.000199999992053,0.000159999981721));
#11184=CARTESIAN_POINT('',(-0.000559999977748,0.,0.000449999970198));
#11185=CARTESIAN_POINT('',(-0.000559999977748,0.000199999992053,0.000109999983708));
#11186=CARTESIAN_POINT('',(-0.000559999977748,0.000199999992053,0.000109999983708));
#11187=CARTESIAN_POINT('',(-0.000559999977748,9.999999602636E-5,0.000109999983708));
#11188=CARTESIAN_POINT('',(-0.000559999977748,9.999999602636E-5,0.000159999981721));
#11189=CARTESIAN_POINT('',(-0.000559999977748,9.999999602636E-5,0.000159999981721));
#11190=CARTESIAN_POINT('',(-0.000559999977748,0.000199999992053,0.000159999981721));
#11191=CARTESIAN_POINT('',(-0.000559999977748,0.000199999992053,0.000159999981721));
#11192=CARTESIAN_POINT('',(-0.000559999977748,0.000199999992053,0.000159999981721));
#11193=CARTESIAN_POINT('',(-0.000559999977748,0.000199999992053,0.000159999981721));
#11194=CARTESIAN_POINT('',(-0.000549999978145,0.000199999992053,0.000159999981721));
#11195=CARTESIAN_POINT('',(-0.000549999978145,0.000199999992053,0.000159999981721));
#11196=CARTESIAN_POINT('',(-0.000549999978145,0.000199999992053,0.000109999983708));
#11197=CARTESIAN_POINT('',(-0.000559999977748,0.000199999992053,0.000109999983708));
#11198=CARTESIAN_POINT('',(-0.000559999977748,0.000199999992053,0.000159999981721));
#11199=CARTESIAN_POINT('',(-0.000499999980132,-0.000359999985695,0.000159999981721));
#11200=CARTESIAN_POINT('',(-0.000549999978145,0.000199999992053,0.000159999981721));
#11201=CARTESIAN_POINT('',(-0.000549999978145,9.999999602636E-5,0.000159999981721));
#11202=CARTESIAN_POINT('',(-0.000559999977748,9.999999602636E-5,0.000159999981721));
#11203=CARTESIAN_POINT('',(-0.000479999980927,9.999999602636E-5,-1.19209285776E-11));
#11204=CARTESIAN_POINT('',(-0.000549999978145,9.999999602636E-5,0.000159999981721));
#11205=CARTESIAN_POINT('',(-0.000549999978145,9.999999602636E-5,0.000109999983708));
#11206=CARTESIAN_POINT('',(-0.000559999977748,9.999999602636E-5,0.000109999983708));
#11207=CARTESIAN_POINT('',(-0.000499999980132,-0.000359999985695,0.000109999983708));
#11208=CARTESIAN_POINT('',(-0.000549999978145,0.000199999992053,0.000109999983708));
#11209=CARTESIAN_POINT('',(0.,0.000359999985695,0.000449999970198));
#11210=CARTESIAN_POINT('',(0.000299999988079,0.000359999985695,0.000159999981721));
#11211=CARTESIAN_POINT('',(0.000499999980132,0.000359999985695,0.000159999981721));
#11212=CARTESIAN_POINT('',(0.000299999988079,0.000359999985695,0.000159999981721));
#11213=CARTESIAN_POINT('',(0.000499999980132,0.000359999985695,0.000159999981721));
#11214=CARTESIAN_POINT('',(0.000499999980132,0.000359999985695,0.000109999983708));
#11215=CARTESIAN_POINT('',(0.000299999988079,0.000359999985695,0.000109999983708));
#11216=CARTESIAN_POINT('',(0.000299999988079,0.000359999985695,0.000109999983708));
#11217=CARTESIAN_POINT('',(0.000299999988079,0.000359999985695,0.000159999981721));
#11218=CARTESIAN_POINT('',(0.000299999988079,-0.000279999988874,-1.19209285776E-11));
#11219=CARTESIAN_POINT('',(0.000299999988079,0.000349999986092,0.000159999981721));
#11220=CARTESIAN_POINT('',(0.000299999988079,0.000349999986092,0.000159999981721));
#11221=CARTESIAN_POINT('',(0.000299999988079,0.000349999986092,0.000109999983708));
#11222=CARTESIAN_POINT('',(0.000299999988079,0.000359999985695,0.000159999981721));
#11223=CARTESIAN_POINT('',(0.000299999988079,0.000359999985695,0.000109999983708));
#11224=CARTESIAN_POINT('',(-0.000499999980132,-0.000359999985695,0.000109999983708));
#11225=CARTESIAN_POINT('',(0.000299999988079,0.000349999986092,0.000109999983708));
#11226=CARTESIAN_POINT('',(0.000499999980132,0.000349999986092,0.000109999983708));
#11227=CARTESIAN_POINT('',(0.000499999980132,0.000359999985695,0.000109999983708));
#11228=CARTESIAN_POINT('',(0.000499999980132,-0.000279999988874,-1.19209285776E-11));
#11229=CARTESIAN_POINT('',(0.000499999980132,0.000349999986092,0.000159999981721));
#11230=CARTESIAN_POINT('',(0.000499999980132,0.000349999986092,0.000159999981721));
#11231=CARTESIAN_POINT('',(0.000499999980132,0.000359999985695,0.000159999981721));
#11232=CARTESIAN_POINT('',(-0.000499999980132,-0.000359999985695,0.000159999981721));
#11233=CARTESIAN_POINT('',(0.000299999988079,0.000349999986092,0.000159999981721));
#11234=CARTESIAN_POINT('',(0.,0.000359999985695,0.000449999970198));
#11235=CARTESIAN_POINT('',(-9.999999602636E-5,0.000359999985695,0.000159999981721));
#11236=CARTESIAN_POINT('',(9.999999602636E-5,0.000359999985695,0.000159999981721));
#11237=CARTESIAN_POINT('',(-9.999999602636E-5,0.000359999985695,0.000159999981721));
#11238=CARTESIAN_POINT('',(9.999999602636E-5,0.000359999985695,0.000159999981721));
#11239=CARTESIAN_POINT('',(9.999999602636E-5,0.000359999985695,0.000109999983708));
#11240=CARTESIAN_POINT('',(-9.999999602636E-5,0.000359999985695,0.000109999983708));
#11241=CARTESIAN_POINT('',(-9.999999602636E-5,0.000359999985695,0.000109999983708));
#11242=CARTESIAN_POINT('',(-9.999999602636E-5,0.000359999985695,0.000159999981721));
#11243=CARTESIAN_POINT('',(-9.999999602636E-5,-0.000279999988874,-1.19209285776E-11));
#11244=CARTESIAN_POINT('',(-9.999999602636E-5,0.000349999986092,0.000159999981721));
#11245=CARTESIAN_POINT('',(-9.999999602636E-5,0.000349999986092,0.000159999981721));
#11246=CARTESIAN_POINT('',(-9.999999602636E-5,0.000349999986092,0.000109999983708));
#11247=CARTESIAN_POINT('',(-9.999999602636E-5,0.000359999985695,0.000159999981721));
#11248=CARTESIAN_POINT('',(-9.999999602636E-5,0.000359999985695,0.000109999983708));
#11249=CARTESIAN_POINT('',(-0.000499999980132,-0.000359999985695,0.000109999983708));
#11250=CARTESIAN_POINT('',(-9.999999602636E-5,0.000349999986092,0.000109999983708));
#11251=CARTESIAN_POINT('',(9.999999602636E-5,0.000349999986092,0.000109999983708));
#11252=CARTESIAN_POINT('',(9.999999602636E-5,0.000359999985695,0.000109999983708));
#11253=CARTESIAN_POINT('',(9.999999602636E-5,-0.000279999988874,-1.19209285776E-11));
#11254=CARTESIAN_POINT('',(9.999999602636E-5,0.000349999986092,0.000159999981721));
#11255=CARTESIAN_POINT('',(9.999999602636E-5,0.000349999986092,0.000159999981721));
#11256=CARTESIAN_POINT('',(9.999999602636E-5,0.000359999985695,0.000159999981721));
#11257=CARTESIAN_POINT('',(-0.000499999980132,-0.000359999985695,0.000159999981721));
#11258=CARTESIAN_POINT('',(-9.999999602636E-5,0.000349999986092,0.000159999981721));
#11259=CARTESIAN_POINT('',(0.,0.000359999985695,0.000449999970198));
#11260=CARTESIAN_POINT('',(-0.000499999980132,0.000359999985695,0.000159999981721));
#11261=CARTESIAN_POINT('',(-0.000499999980132,0.000359999985695,0.000159999981721));
#11262=CARTESIAN_POINT('',(-0.000499999980132,0.000359999985695,0.000109999983708));
#11263=CARTESIAN_POINT('',(-0.000499999980132,0.000359999985695,0.000159999981721));
#11264=CARTESIAN_POINT('',(-0.000299999988079,0.000359999985695,0.000159999981721));
#11265=CARTESIAN_POINT('',(-0.000299999988079,0.000359999985695,0.000159999981721));
#11266=CARTESIAN_POINT('',(-0.000299999988079,0.000359999985695,0.000109999983708));
#11267=CARTESIAN_POINT('',(-0.000499999980132,0.000359999985695,0.000109999983708));
#11268=CARTESIAN_POINT('',(-0.000499999980132,-0.000359999985695,0.000109999983708));
#11269=CARTESIAN_POINT('',(-0.000499999980132,0.000349999986092,0.000109999983708));
#11270=CARTESIAN_POINT('',(-0.000499999980132,0.000349999986092,0.000109999983708));
#11271=CARTESIAN_POINT('',(-0.000299999988079,0.000349999986092,0.000109999983708));
#11272=CARTESIAN_POINT('',(-0.000499999980132,0.000359999985695,0.000109999983708));
#11273=CARTESIAN_POINT('',(-0.000299999988079,0.000359999985695,0.000109999983708));
#11274=CARTESIAN_POINT('',(-0.000299999988079,-0.000279999988874,-1.19209285776E-11));
#11275=CARTESIAN_POINT('',(-0.000299999988079,0.000349999986092,0.000159999981721));
#11276=CARTESIAN_POINT('',(-0.000299999988079,0.000349999986092,0.000159999981721));
#11277=CARTESIAN_POINT('',(-0.000299999988079,0.000359999985695,0.000159999981721));
#11278=CARTESIAN_POINT('',(-0.000499999980132,-0.000359999985695,0.000159999981721));
#11279=CARTESIAN_POINT('',(-0.000499999980132,0.000349999986092,0.000159999981721));
#11280=CARTESIAN_POINT('',(-0.000499999980132,0.000349999986092,0.000159999981721));
#11281=CARTESIAN_POINT('',(-0.000499999980132,0.000359999985695,0.000159999981721));
#11282=CARTESIAN_POINT('',(-0.000499999980132,0.000279999988874,-1.19209285776E-11));
#11283=CARTESIAN_POINT('',(-0.000499999980132,0.000349999986092,0.000159999981721));
#11284=CARTESIAN_POINT('',(0.,-0.000359999985695,0.000449999970198));
#11285=CARTESIAN_POINT('',(0.000299999988079,-0.000359999985695,0.000159999981721));
#11286=CARTESIAN_POINT('',(0.000499999980132,-0.000359999985695,0.000159999981721));
#11287=CARTESIAN_POINT('',(0.000299999988079,-0.000359999985695,0.000159999981721));
#11288=CARTESIAN_POINT('',(0.000299999988079,-0.000359999985695,0.000159999981721));
#11289=CARTESIAN_POINT('',(0.000299999988079,-0.000359999985695,0.000109999983708));
#11290=CARTESIAN_POINT('',(0.000299999988079,-0.000359999985695,0.000109999983708));
#11291=CARTESIAN_POINT('',(0.000499999980132,-0.000359999985695,0.000109999983708));
#11292=CARTESIAN_POINT('',(0.000499999980132,-0.000359999985695,0.000159999981721));
#11293=CARTESIAN_POINT('',(0.000499999980132,-0.000279999988874,-1.19209285776E-11));
#11294=CARTESIAN_POINT('',(0.000499999980132,-0.000349999986092,0.000159999981721));
#11295=CARTESIAN_POINT('',(0.000499999980132,-0.000349999986092,0.000109999983708));
#11296=CARTESIAN_POINT('',(0.000499999980132,-0.000349999986092,0.000159999981721));
#11297=CARTESIAN_POINT('',(0.000499999980132,-0.000359999985695,0.000159999981721));
#11298=CARTESIAN_POINT('',(0.000499999980132,-0.000359999985695,0.000109999983708));
#11299=CARTESIAN_POINT('',(-0.000499999980132,-0.000359999985695,0.000109999983708));
#11300=CARTESIAN_POINT('',(0.000299999988079,-0.000349999986092,0.000109999983708));
#11301=CARTESIAN_POINT('',(0.000299999988079,-0.000349999986092,0.000109999983708));
#11302=CARTESIAN_POINT('',(0.000299999988079,-0.000359999985695,0.000109999983708));
#11303=CARTESIAN_POINT('',(0.000299999988079,-0.000279999988874,-1.19209285776E-11));
#11304=CARTESIAN_POINT('',(0.000299999988079,-0.000349999986092,0.000159999981721));
#11305=CARTESIAN_POINT('',(0.000299999988079,-0.000349999986092,0.000159999981721));
#11306=CARTESIAN_POINT('',(0.000299999988079,-0.000359999985695,0.000159999981721));
#11307=CARTESIAN_POINT('',(-0.000499999980132,-0.000359999985695,0.000159999981721));
#11308=CARTESIAN_POINT('',(0.000299999988079,-0.000349999986092,0.000159999981721));
#11309=CARTESIAN_POINT('',(0.,-0.000359999985695,0.000449999970198));
#11310=CARTESIAN_POINT('',(-9.999999602636E-5,-0.000359999985695,0.000159999981721));
#11311=CARTESIAN_POINT('',(9.999999602636E-5,-0.000359999985695,0.000159999981721));
#11312=CARTESIAN_POINT('',(-9.999999602636E-5,-0.000359999985695,0.000159999981721));
#11313=CARTESIAN_POINT('',(-9.999999602636E-5,-0.000359999985695,0.000159999981721));
#11314=CARTESIAN_POINT('',(-9.999999602636E-5,-0.000359999985695,0.000109999983708));
#11315=CARTESIAN_POINT('',(-9.999999602636E-5,-0.000359999985695,0.000109999983708));
#11316=CARTESIAN_POINT('',(9.999999602636E-5,-0.000359999985695,0.000109999983708));
#11317=CARTESIAN_POINT('',(9.999999602636E-5,-0.000359999985695,0.000159999981721));
#11318=CARTESIAN_POINT('',(9.999999602636E-5,-0.000279999988874,-1.19209285776E-11));
#11319=CARTESIAN_POINT('',(9.999999602636E-5,-0.000349999986092,0.000159999981721));
#11320=CARTESIAN_POINT('',(9.999999602636E-5,-0.000349999986092,0.000109999983708));
#11321=CARTESIAN_POINT('',(9.999999602636E-5,-0.000349999986092,0.000159999981721));
#11322=CARTESIAN_POINT('',(9.999999602636E-5,-0.000359999985695,0.000159999981721));
#11323=CARTESIAN_POINT('',(9.999999602636E-5,-0.000359999985695,0.000109999983708));
#11324=CARTESIAN_POINT('',(-0.000499999980132,-0.000359999985695,0.000109999983708));
#11325=CARTESIAN_POINT('',(-9.999999602636E-5,-0.000349999986092,0.000109999983708));
#11326=CARTESIAN_POINT('',(-9.999999602636E-5,-0.000349999986092,0.000109999983708));
#11327=CARTESIAN_POINT('',(-9.999999602636E-5,-0.000359999985695,0.000109999983708));
#11328=CARTESIAN_POINT('',(-9.999999602636E-5,-0.000279999988874,-1.19209285776E-11));
#11329=CARTESIAN_POINT('',(-9.999999602636E-5,-0.000349999986092,0.000159999981721));
#11330=CARTESIAN_POINT('',(-9.999999602636E-5,-0.000349999986092,0.000159999981721));
#11331=CARTESIAN_POINT('',(-9.999999602636E-5,-0.000359999985695,0.000159999981721));
#11332=CARTESIAN_POINT('',(-0.000499999980132,-0.000359999985695,0.000159999981721));
#11333=CARTESIAN_POINT('',(-9.999999602636E-5,-0.000349999986092,0.000159999981721));
#11334=CARTESIAN_POINT('',(0.,-0.000359999985695,0.000449999970198));
#11335=CARTESIAN_POINT('',(-0.000499999980132,-0.000359999985695,0.000159999981721));
#11336=CARTESIAN_POINT('',(-0.000499999980132,-0.000359999985695,0.000159999981721));
#11337=CARTESIAN_POINT('',(-0.000499999980132,-0.000359999985695,0.000109999983708));
#11338=CARTESIAN_POINT('',(-0.000499999980132,-0.000359999985695,0.000109999983708));
#11339=CARTESIAN_POINT('',(-0.000299999988079,-0.000359999985695,0.000109999983708));
#11340=CARTESIAN_POINT('',(-0.000299999988079,-0.000359999985695,0.000159999981721));
#11341=CARTESIAN_POINT('',(-0.000299999988079,-0.000359999985695,0.000159999981721));
#11342=CARTESIAN_POINT('',(-0.000499999980132,-0.000359999985695,0.000159999981721));
#11343=CARTESIAN_POINT('',(-0.000499999980132,-0.000359999985695,0.000159999981721));
#11344=CARTESIAN_POINT('',(-0.000499999980132,-0.000349999986092,0.000159999981721));
#11345=CARTESIAN_POINT('',(-0.000299999988079,-0.000349999986092,0.000159999981721));
#11346=CARTESIAN_POINT('',(-0.000499999980132,-0.000349999986092,0.000159999981721));
#11347=CARTESIAN_POINT('',(-0.000499999980132,-0.000359999985695,0.000159999981721));
#11348=CARTESIAN_POINT('',(-0.000299999988079,-0.000359999985695,0.000159999981721));
#11349=CARTESIAN_POINT('',(-0.000299999988079,-0.000279999988874,-1.19209285776E-11));
#11350=CARTESIAN_POINT('',(-0.000299999988079,-0.000349999986092,0.000159999981721));
#11351=CARTESIAN_POINT('',(-0.000299999988079,-0.000349999986092,0.000109999983708));
#11352=CARTESIAN_POINT('',(-0.000299999988079,-0.000359999985695,0.000109999983708));
#11353=CARTESIAN_POINT('',(-0.000499999980132,-0.000359999985695,0.000109999983708));
#11354=CARTESIAN_POINT('',(-0.000499999980132,-0.000349999986092,0.000109999983708));
#11355=CARTESIAN_POINT('',(-0.000499999980132,-0.000349999986092,0.000109999983708));
#11356=CARTESIAN_POINT('',(-0.000499999980132,-0.000359999985695,0.000109999983708));
#11357=CARTESIAN_POINT('',(-0.000499999980132,0.000279999988874,-1.19209285776E-11));
#11358=CARTESIAN_POINT('',(-0.000499999980132,-0.000349999986092,0.000159999981721));
#11359=CARTESIAN_POINT('',(-0.000404018318825,-0.000163578148597,0.000439999970595));
#11360=CARTESIAN_POINT('',(-0.000404018318825,-0.000163578148597,0.000439999970595));
#11361=CARTESIAN_POINT('',(-0.00034935689392836,-0.000163578148597,0.000439999970595));
#11362=CARTESIAN_POINT('',(-0.000424999983112,-0.000299999988079,9.999987681707E-6));
#11363=CARTESIAN_POINT('',(-0.000424999983112,-0.000299999988079,-1.19209285776E-11));
#11364=CARTESIAN_POINT('',(-0.000499999980132,-0.000224999991059,-1.19209285780478E-11));
#11365=CARTESIAN_POINT('',(-0.000424999983112,-0.000299999988079,-1.19209285776324E-11));
#11366=CARTESIAN_POINT('',(-0.000424999983112,-0.000299999988079,9.999987681707E-6));
#11367=CARTESIAN_POINT('',(-0.000424999983112,-0.000299999988079,9.999987681707E-6));
#11368=CARTESIAN_POINT('',(-0.000424999983112,-0.000299999988079,9.999987681707E-6));
#11369=CARTESIAN_POINT('',(-0.000499999980132,-0.000224999991059,9.999987681707E-6));
#11370=CARTESIAN_POINT('',(-0.000499999980132,-0.000224999991059,9.999987681707E-6));
#11371=CARTESIAN_POINT('',(0.,0.,-1.19209285776E-11));
#11372=CARTESIAN_POINT('',(-0.000499999980132,0.000279999988874,-1.19209285776E-11));
#11373=CARTESIAN_POINT('',(-0.000499999980132,0.000119999995232,-1.19209285776E-11));
#11374=CARTESIAN_POINT('',(-0.000499999980132,0.000279999988874,-1.19209285776E-11));
#11375=CARTESIAN_POINT('',(-0.000499999980132,0.000279999988874,-1.19209285776E-11));
#11376=CARTESIAN_POINT('',(-0.000479999980927,0.000299999988079,-1.19209285776E-11));
#11377=CARTESIAN_POINT('',(-0.000479999980927,0.000299999988079,-1.19209285776E-11));
#11378=CARTESIAN_POINT('',(-0.000319999987284,0.000299999988079,-1.19209285776E-11));
#11379=CARTESIAN_POINT('',(-0.000319999987284,0.000299999988079,-1.19209285776E-11));
#11380=CARTESIAN_POINT('',(-0.000299999988079,0.000279999988874,-1.19209285776E-11));
#11381=CARTESIAN_POINT('',(-0.000299999988079,0.000279999988874,-1.19209285776E-11));
#11382=CARTESIAN_POINT('',(-0.000299999988079,0.000119999995231573,-1.19209285776E-11));
#11383=CARTESIAN_POINT('',(-0.000319999987284,9.999999602636E-5,-1.19209285776E-11));
#11384=CARTESIAN_POINT('',(-0.000319999987284,9.999999602636E-5,-1.19209285776E-11));
#11385=CARTESIAN_POINT('',(-0.000479999980927,9.999999602636E-5,-1.19209285776E-11));
#11386=CARTESIAN_POINT('',(-0.000479999980926573,9.999999602636E-5,-1.19209285776E-11));
#11387=CARTESIAN_POINT('',(-0.000499999980132,0.000119999995232,-1.19209285776E-11));
#11388=CARTESIAN_POINT('',(-9.999999602636E-5,-0.000279999988874,-1.19209285776E-11));
#11389=CARTESIAN_POINT('',(-0.000499999980132,0.000119999995232,9.999987681707E-6));
#11390=CARTESIAN_POINT('',(-0.000479999980926573,9.999999602636E-5,9.999987681707E-6));
#11391=CARTESIAN_POINT('',(-0.000499999980132,0.000119999995232,9.999987681707E-6));
#11392=CARTESIAN_POINT('',(-0.000499999980132,0.000119999995232,-1.19209285776E-11));
#11393=CARTESIAN_POINT('',(-0.000479999980927,9.999999602636E-5,-1.19209285776E-11));
#11394=CARTESIAN_POINT('',(-0.000479999980927,9.999999602636E-5,-1.19209285776E-11));
#11395=CARTESIAN_POINT('',(-0.000479999980927,9.999999602636E-5,9.999987681707E-6));
#11396=CARTESIAN_POINT('',(-0.000319999987284,9.99999960263601E-5,9.999987681707E-6));
#11397=CARTESIAN_POINT('',(-0.000319999987284,9.999999602636E-5,-1.19209285776E-11));
#11398=CARTESIAN_POINT('',(-0.000319999987284,9.999999602636E-5,-1.19209285776E-11));
#11399=CARTESIAN_POINT('',(-0.000319999987284,9.999999602636E-5,9.999987681707E-6));
#11400=CARTESIAN_POINT('',(-0.000299999988079,0.000119999995231573,9.999987681707E-6));
#11401=CARTESIAN_POINT('',(-0.000299999988079,0.000119999995232,-1.19209285776E-11));
#11402=CARTESIAN_POINT('',(-0.000299999988079,-0.000279999988874,-1.19209285776E-11));
#11403=CARTESIAN_POINT('',(-0.000299999988079,0.000279999988874,9.999987681707E-6));
#11404=CARTESIAN_POINT('',(-0.000299999988079,0.000279999988874,9.999987681707E-6));
#11405=CARTESIAN_POINT('',(-0.000299999988079,0.000279999988874,-1.19209285776E-11));
#11406=CARTESIAN_POINT('',(7.999999682109E-5,-9.999999602636E-5,-1.19209285776E-11));
#11407=CARTESIAN_POINT('',(-0.000319999987284,0.000299999988079,9.999987681707E-6));
#11408=CARTESIAN_POINT('',(-0.000319999987284,0.000299999988079,9.999987681707E-6));
#11409=CARTESIAN_POINT('',(-0.000319999987284,0.000299999988079,-1.19209285776E-11));
#11410=CARTESIAN_POINT('',(-0.000479999980927,0.000299999988079,-1.19209285776E-11));
#11411=CARTESIAN_POINT('',(-0.000479999980927,0.000299999988079,9.999987681707E-6));
#11412=CARTESIAN_POINT('',(-0.000479999980927,0.000299999988079,9.999987681707E-6));
#11413=CARTESIAN_POINT('',(-0.000479999980927,0.000299999988079,-1.19209285776E-11));
#11414=CARTESIAN_POINT('',(-0.000499999980132,0.000279999988874,-1.19209285776E-11));
#11415=CARTESIAN_POINT('',(-0.000499999980132,0.000279999988874,9.999987681707E-6));
#11416=CARTESIAN_POINT('',(-0.000499999980132,0.000279999988874,9.999987681707E-6));
#11417=CARTESIAN_POINT('',(-0.000499999980132,0.000279999988874,-1.19209285776E-11));
#11418=CARTESIAN_POINT('',(-0.000499999980132,0.000279999988874,-1.19209285776E-11));
#11419=CARTESIAN_POINT('',(-0.000499999980132,0.000279999988874,9.999987681707E-6));
#11420=CARTESIAN_POINT('',(0.,0.,-1.19209285776E-11));
#11421=CARTESIAN_POINT('',(-9.999999602636E-5,0.000119999995232,-1.19209285776E-11));
#11422=CARTESIAN_POINT('',(-7.99999968208434E-5,9.999999602636E-5,-1.19209285776E-11));
#11423=CARTESIAN_POINT('',(-9.999999602636E-5,0.000119999995232,-1.19209285776E-11));
#11424=CARTESIAN_POINT('',(-9.999999602636E-5,0.000279999988874,-1.19209285776E-11));
#11425=CARTESIAN_POINT('',(-9.999999602636E-5,0.000279999988874,-1.19209285776E-11));
#11426=CARTESIAN_POINT('',(-9.999999602636E-5,0.000279999988874,-1.19209285776E-11));
#11427=CARTESIAN_POINT('',(-7.999999682127E-5,0.000299999988079,-1.19209285776E-11));
#11428=CARTESIAN_POINT('',(-7.999999682109E-5,0.000299999988079,-1.19209285776E-11));
#11429=CARTESIAN_POINT('',(7.999999682109E-5,0.000299999988079,-1.19209285776E-11));
#11430=CARTESIAN_POINT('',(7.999999682109E-5,0.000299999988079,-1.19209285776E-11));
#11431=CARTESIAN_POINT('',(9.999999602636E-5,0.00027999998887382,-1.19209285776E-11));
#11432=CARTESIAN_POINT('',(9.999999602636E-5,0.000279999988874,-1.19209285776E-11));
#11433=CARTESIAN_POINT('',(9.999999602636E-5,0.000119999995231753,-1.19209285776E-11));
#11434=CARTESIAN_POINT('',(7.999999682109E-5,9.999999602636E-5,-1.19209285776E-11));
#11435=CARTESIAN_POINT('',(7.999999682109E-5,9.999999602636E-5,-1.19209285776E-11));
#11436=CARTESIAN_POINT('',(-7.999999682109E-5,9.999999602636E-5,-1.19209285776E-11));
#11437=CARTESIAN_POINT('',(-0.000479999980927,9.999999602636E-5,-1.19209285776E-11));
#11438=CARTESIAN_POINT('',(-7.999999682109E-5,9.999999602636E-5,9.999987681707E-6));
#11439=CARTESIAN_POINT('',(7.99999968210901E-5,9.99999960263601E-5,9.999987681707E-6));
#11440=CARTESIAN_POINT('',(-7.99999968208434E-5,9.999999602636E-5,9.999987681707E-6));
#11441=CARTESIAN_POINT('',(-7.999999682109E-5,9.999999602636E-5,-1.19209285776E-11));
#11442=CARTESIAN_POINT('',(7.999999682109E-5,9.999999602636E-5,-1.19209285776E-11));
#11443=CARTESIAN_POINT('',(-0.000319999987284,-0.000299999988079,-1.19209285776E-11));
#11444=CARTESIAN_POINT('',(7.999999682109E-5,9.999999602636E-5,9.999987681707E-6));
#11445=CARTESIAN_POINT('',(9.999999602636E-5,0.000119999995231753,9.999987681707E-6));
#11446=CARTESIAN_POINT('',(9.999999602636E-5,0.000119999995232,-1.19209285776E-11));
#11447=CARTESIAN_POINT('',(9.999999602636E-5,-0.000279999988874,-1.19209285776E-11));
#11448=CARTESIAN_POINT('',(9.999999602636E-5,0.000279999988874,9.999987681707E-6));
#11449=CARTESIAN_POINT('',(9.999999602636E-5,0.00027999998887382,9.999987681707E-6));
#11450=CARTESIAN_POINT('',(9.999999602636E-5,0.000279999988874,-1.19209285776E-11));
#11451=CARTESIAN_POINT('',(0.000499999980132,-0.000119999995232,-1.19209285776E-11));
#11452=CARTESIAN_POINT('',(7.999999682109E-5,0.000299999988079,9.999987681707E-6));
#11453=CARTESIAN_POINT('',(7.999999682109E-5,0.000299999988079,9.999987681707E-6));
#11454=CARTESIAN_POINT('',(7.999999682109E-5,0.000299999988079,-1.19209285776E-11));
#11455=CARTESIAN_POINT('',(-0.000479999980927,0.000299999988079,-1.19209285776E-11));
#11456=CARTESIAN_POINT('',(-7.999999682109E-5,0.000299999988079,9.999987681707E-6));
#11457=CARTESIAN_POINT('',(-7.999999682127E-5,0.000299999988079,9.999987681707E-6));
#11458=CARTESIAN_POINT('',(-7.999999682109E-5,0.000299999988079,-1.19209285776E-11));
#11459=CARTESIAN_POINT('',(-0.000499999980132,-0.000119999995232,-1.19209285776E-11));
#11460=CARTESIAN_POINT('',(-9.999999602636E-5,0.000279999988874,9.999987681707E-6));
#11461=CARTESIAN_POINT('',(-9.999999602636E-5,0.000279999988874,9.999987681707E-6));
#11462=CARTESIAN_POINT('',(-9.999999602636E-5,0.000279999988874,-1.19209285776E-11));
#11463=CARTESIAN_POINT('',(-9.999999602636E-5,-0.000279999988874,-1.19209285776E-11));
#11464=CARTESIAN_POINT('',(-9.999999602636E-5,0.000279999988874,9.999987681707E-6));
#11465=CARTESIAN_POINT('',(-9.999999602636E-5,0.000119999995232,9.999987681707E-6));
#11466=CARTESIAN_POINT('',(-9.999999602636E-5,0.000119999995232,-1.19209285776E-11));
#11467=CARTESIAN_POINT('',(0.000319999987284,-0.000299999988079,-1.19209285776E-11));
#11468=CARTESIAN_POINT('',(-9.999999602636E-5,0.000119999995232,9.999987681707E-6));
#11469=CARTESIAN_POINT('',(0.,0.,-1.19209285776E-11));
#11470=CARTESIAN_POINT('',(0.000499999980132,0.000279999988874,-1.19209285776E-11));
#11471=CARTESIAN_POINT('',(0.000479999980927,0.000299999988079,-1.19209285776E-11));
#11472=CARTESIAN_POINT('',(0.000499999980132,0.000279999988874,-1.19209285776E-11));
#11473=CARTESIAN_POINT('',(0.000499999980132,0.000279999988874,-1.19209285776E-11));
#11474=CARTESIAN_POINT('',(0.000499999980132,0.000119999995232,-1.19209285776E-11));
#11475=CARTESIAN_POINT('',(0.000499999980132,0.000119999995232,-1.19209285776E-11));
#11476=CARTESIAN_POINT('',(0.000479999980926573,9.999999602636E-5,-1.19209285776E-11));
#11477=CARTESIAN_POINT('',(0.000479999980927,9.999999602636E-5,-1.19209285776E-11));
#11478=CARTESIAN_POINT('',(0.000319999987284,9.99999960263601E-5,-1.19209285776E-11));
#11479=CARTESIAN_POINT('',(0.000319999987284,9.999999602636E-5,-1.19209285776E-11));
#11480=CARTESIAN_POINT('',(0.000299999988079,0.000119999995231573,-1.19209285776E-11));
#11481=CARTESIAN_POINT('',(0.000299999988079,0.000279999988874,-1.19209285776E-11));
#11482=CARTESIAN_POINT('',(0.000299999988079,0.000279999988874,-1.19209285776E-11));
#11483=CARTESIAN_POINT('',(0.000319999987284,0.000299999988079,-1.19209285776E-11));
#11484=CARTESIAN_POINT('',(0.000319999987284,0.000299999988079,-1.19209285776E-11));
#11485=CARTESIAN_POINT('',(0.000479999980927,0.000299999988079,-1.19209285776E-11));
#11486=CARTESIAN_POINT('',(-0.000479999980927,0.000299999988079,-1.19209285776E-11));
#11487=CARTESIAN_POINT('',(0.000479999980927,0.000299999988079,9.999987681707E-6));
#11488=CARTESIAN_POINT('',(0.000319999987284,0.000299999988079,9.999987681707E-6));
#11489=CARTESIAN_POINT('',(0.000479999980927,0.000299999988079,9.999987681707E-6));
#11490=CARTESIAN_POINT('',(0.000479999980927,0.000299999988079,-1.19209285776E-11));
#11491=CARTESIAN_POINT('',(0.000319999987284,0.000299999988079,-1.19209285776E-11));
#11492=CARTESIAN_POINT('',(-9.999999602636E-5,-0.000119999995232,-1.19209285776E-11));
#11493=CARTESIAN_POINT('',(0.000319999987284,0.000299999988079,9.999987681707E-6));
#11494=CARTESIAN_POINT('',(0.000299999988079,0.000279999988874,9.999987681707E-6));
#11495=CARTESIAN_POINT('',(0.000299999988079,0.000279999988874,-1.19209285776E-11));
#11496=CARTESIAN_POINT('',(0.000299999988079,-0.000279999988874,-1.19209285776E-11));
#11497=CARTESIAN_POINT('',(0.000299999988079,0.000279999988874,9.999987681707E-6));
#11498=CARTESIAN_POINT('',(0.000299999988079,0.000119999995231573,9.999987681707E-6));
#11499=CARTESIAN_POINT('',(0.000299999988079,0.000119999995232,-1.19209285776E-11));
#11500=CARTESIAN_POINT('',(0.000319999987284,9.999999602636E-5,-1.19209285776E-11));
#11501=CARTESIAN_POINT('',(0.000319999987284,9.999999602636E-5,9.999987681707E-6));
#11502=CARTESIAN_POINT('',(0.000319999987284,9.999999602636E-5,9.999987681707E-6));
#11503=CARTESIAN_POINT('',(0.000319999987284,9.999999602636E-5,-1.19209285776E-11));
#11504=CARTESIAN_POINT('',(-0.000479999980927,9.999999602636E-5,-1.19209285776E-11));
#11505=CARTESIAN_POINT('',(0.000479999980927,9.999999602636E-5,9.999987681707E-6));
#11506=CARTESIAN_POINT('',(0.000479999980926573,9.999999602636E-5,9.999987681707E-6));
#11507=CARTESIAN_POINT('',(0.000479999980927,9.999999602636E-5,-1.19209285776E-11));
#11508=CARTESIAN_POINT('',(7.999999682109E-5,-0.000299999988079,-1.19209285776E-11));
#11509=CARTESIAN_POINT('',(0.000499999980132,0.000119999995232,9.999987681707E-6));
#11510=CARTESIAN_POINT('',(0.000499999980132,0.000119999995232,9.999987681707E-6));
#11511=CARTESIAN_POINT('',(0.000499999980132,0.000119999995232,-1.19209285776E-11));
#11512=CARTESIAN_POINT('',(0.000499999980132,-0.000279999988874,-1.19209285776E-11));
#11513=CARTESIAN_POINT('',(0.000499999980132,0.000279999988874,9.999987681707E-6));
#11514=CARTESIAN_POINT('',(0.000499999980132,0.000279999988874,9.999987681707E-6));
#11515=CARTESIAN_POINT('',(0.000499999980132,0.000279999988874,-1.19209285776E-11));
#11516=CARTESIAN_POINT('',(0.000499999980132,0.000279999988874,-1.19209285776E-11));
#11517=CARTESIAN_POINT('',(0.000499999980132,0.000279999988874,9.999987681707E-6));
#11518=CARTESIAN_POINT('',(0.,0.,-1.19209285776E-11));
#11519=CARTESIAN_POINT('',(-0.000479999980927,-0.000299999988079,-1.19209285776E-11));
#11520=CARTESIAN_POINT('',(-0.000319999987284,-0.000299999988079,-1.19209285776E-11));
#11521=CARTESIAN_POINT('',(-0.000499999980132,-0.000279999988874,-1.19209285776E-11));
#11522=CARTESIAN_POINT('',(-0.000499999980132,-0.000119999995232,-1.19209285776E-11));
#11523=CARTESIAN_POINT('',(-0.000499999980132,-0.000119999995232,-1.19209285776E-11));
#11524=CARTESIAN_POINT('',(-0.000479999980926573,-9.999999602636E-5,-1.19209285776E-11));
#11525=CARTESIAN_POINT('',(-0.000479999980927,-9.999999602636E-5,-1.19209285776E-11));
#11526=CARTESIAN_POINT('',(-0.000319999987284,-9.999999602636E-5,-1.19209285776E-11));
#11527=CARTESIAN_POINT('',(-0.000319999987284,-9.999999602636E-5,-1.19209285776E-11));
#11528=CARTESIAN_POINT('',(-0.000299999988079,-0.000119999995232,-1.19209285776E-11));
#11529=CARTESIAN_POINT('',(-0.000299999988079,-0.000279999988874,-1.19209285776E-11));
#11530=CARTESIAN_POINT('',(-0.000299999988079,-0.000279999988874,-1.19209285776E-11));
#11531=CARTESIAN_POINT('',(-0.000319999987284,-0.000299999988079,-1.19209285776E-11));
#11532=CARTESIAN_POINT('',(-0.000319999987284,-0.000299999988079,-1.19209285776E-11));
#11533=CARTESIAN_POINT('',(-0.000319999987284,-0.000299999988079,9.999987681707E-6));
#11534=CARTESIAN_POINT('',(-0.000299999988079,-0.000279999988874,9.999987681707E-6));
#11535=CARTESIAN_POINT('',(-0.000319999987284,-0.000299999988079,9.999987681707E-6));
#11536=CARTESIAN_POINT('',(-0.000319999987284,-0.000299999988079,-1.19209285776E-11));
#11537=CARTESIAN_POINT('',(-0.000299999988079,-0.000279999988874,-1.19209285776E-11));
#11538=CARTESIAN_POINT('',(-0.000299999988079,-0.000279999988874,-1.19209285776E-11));
#11539=CARTESIAN_POINT('',(-0.000299999988079,-0.000279999988874,9.999987681707E-6));
#11540=CARTESIAN_POINT('',(-0.000299999988079,-0.000119999995232,9.999987681707E-6));
#11541=CARTESIAN_POINT('',(-0.000299999988079,-0.000119999995232,-1.19209285776E-11));
#11542=CARTESIAN_POINT('',(-0.000319999987284,-9.999999602636E-5,-1.19209285776E-11));
#11543=CARTESIAN_POINT('',(-0.000319999987284,-9.999999602636E-5,9.999987681707E-6));
#11544=CARTESIAN_POINT('',(-0.000319999987284,-9.999999602636E-5,9.999987681707E-6));
#11545=CARTESIAN_POINT('',(-0.000319999987284,-9.999999602636E-5,-1.19209285776E-11));
#11546=CARTESIAN_POINT('',(-0.000479999980927,-9.999999602636E-5,-1.19209285776E-11));
#11547=CARTESIAN_POINT('',(-0.000479999980927,-9.999999602636E-5,9.999987681707E-6));
#11548=CARTESIAN_POINT('',(-0.000479999980926573,-9.999999602636E-5,9.999987681707E-6));
#11549=CARTESIAN_POINT('',(-0.000479999980927,-9.999999602636E-5,-1.19209285776E-11));
#11550=CARTESIAN_POINT('',(-0.000499999980132,-0.000119999995232,-1.19209285776E-11));
#11551=CARTESIAN_POINT('',(-0.000499999980132,-0.000119999995232,9.999987681707E-6));
#11552=CARTESIAN_POINT('',(-0.000499999980132,-0.000119999995232,9.999987681707E-6));
#11553=CARTESIAN_POINT('',(-0.000499999980132,-0.000119999995232,-1.19209285776E-11));
#11554=CARTESIAN_POINT('',(-0.000499999980132,0.000279999988874,-1.19209285776E-11));
#11555=CARTESIAN_POINT('',(-0.000499999980132,-0.000279999988874,9.999987681707E-6));
#11556=CARTESIAN_POINT('',(-7.999999682109E-5,-0.000299999988079,-1.19209285776E-11));
#11557=CARTESIAN_POINT('',(-0.000479999980927,-0.000299999988079,9.999987681707E-6));
#11558=CARTESIAN_POINT('',(0.,0.,-1.19209285776E-11));
#11559=CARTESIAN_POINT('',(0.000499999980132,-0.000279999988874,-1.19209285776E-11));
#11560=CARTESIAN_POINT('',(0.000499999980132,-0.000119999995232,-1.19209285776E-11));
#11561=CARTESIAN_POINT('',(0.000499999980132,-0.000279999988874,-1.19209285776E-11));
#11562=CARTESIAN_POINT('',(0.000499999980132,-0.000279999988874,-1.19209285776E-11));
#11563=CARTESIAN_POINT('',(0.000479999980927,-0.000299999988079,-1.19209285776E-11));
#11564=CARTESIAN_POINT('',(0.000479999980927,-0.000299999988079,-1.19209285776E-11));
#11565=CARTESIAN_POINT('',(0.000319999987284,-0.000299999988079,-1.19209285776E-11));
#11566=CARTESIAN_POINT('',(0.000319999987284,-0.000299999988079,-1.19209285776E-11));
#11567=CARTESIAN_POINT('',(0.000299999988079,-0.000279999988874,-1.19209285776E-11));
#11568=CARTESIAN_POINT('',(0.000299999988079,-0.000279999988874,-1.19209285776E-11));
#11569=CARTESIAN_POINT('',(0.000299999988079,-0.000119999995231573,-1.19209285776E-11));
#11570=CARTESIAN_POINT('',(0.000319999987284,-9.999999602636E-5,-1.19209285776E-11));
#11571=CARTESIAN_POINT('',(0.000319999987284,-9.999999602636E-5,-1.19209285776E-11));
#11572=CARTESIAN_POINT('',(0.000479999980927,-9.999999602636E-5,-1.19209285776E-11));
#11573=CARTESIAN_POINT('',(0.000479999980926573,-9.999999602636E-5,-1.19209285776E-11));
#11574=CARTESIAN_POINT('',(0.000499999980132,-0.000119999995232,-1.19209285776E-11));
#11575=CARTESIAN_POINT('',(0.000499999980132,-0.000119999995232,-1.19209285776E-11));
#11576=CARTESIAN_POINT('',(0.000499999980132,-0.000119999995232,9.999987681707E-6));
#11577=CARTESIAN_POINT('',(0.000479999980926573,-9.999999602636E-5,9.999987681707E-6));
#11578=CARTESIAN_POINT('',(0.000499999980132,-0.000119999995232,9.999987681707E-6));
#11579=CARTESIAN_POINT('',(0.000499999980132,-0.000119999995232,-1.19209285776E-11));
#11580=CARTESIAN_POINT('',(0.000479999980927,-9.999999602636E-5,-1.19209285776E-11));
#11581=CARTESIAN_POINT('',(-0.000479999980927,-9.999999602636E-5,-1.19209285776E-11));
#11582=CARTESIAN_POINT('',(0.000479999980927,-9.999999602636E-5,9.999987681707E-6));
#11583=CARTESIAN_POINT('',(0.000319999987284,-9.99999960263601E-5,9.999987681707E-6));
#11584=CARTESIAN_POINT('',(0.000319999987284,-9.999999602636E-5,-1.19209285776E-11));
#11585=CARTESIAN_POINT('',(0.000319999987284,-9.999999602636E-5,-1.19209285776E-11));
#11586=CARTESIAN_POINT('',(0.000319999987284,-9.999999602636E-5,9.999987681707E-6));
#11587=CARTESIAN_POINT('',(0.000299999988079,-0.000119999995231573,9.999987681707E-6));
#11588=CARTESIAN_POINT('',(0.000299999988079,-0.000119999995232,-1.19209285776E-11));
#11589=CARTESIAN_POINT('',(0.000299999988079,-0.000279999988874,-1.19209285776E-11));
#11590=CARTESIAN_POINT('',(0.000299999988079,-0.000279999988874,9.999987681707E-6));
#11591=CARTESIAN_POINT('',(0.000299999988079,-0.000279999988874,9.999987681707E-6));
#11592=CARTESIAN_POINT('',(0.000299999988079,-0.000279999988874,-1.19209285776E-11));
#11593=CARTESIAN_POINT('',(0.000319999987284,-0.000299999988079,-1.19209285776E-11));
#11594=CARTESIAN_POINT('',(0.000319999987284,-0.000299999988079,9.999987681707E-6));
#11595=CARTESIAN_POINT('',(0.000319999987284,-0.000299999988079,9.999987681707E-6));
#11596=CARTESIAN_POINT('',(0.000319999987284,-0.000299999988079,-1.19209285776E-11));
#11597=CARTESIAN_POINT('',(-7.999999682109E-5,-0.000299999988079,-1.19209285776E-11));
#11598=CARTESIAN_POINT('',(0.000479999980927,-0.000299999988079,9.999987681707E-6));
#11599=CARTESIAN_POINT('',(0.000479999980927,-0.000299999988079,9.999987681707E-6));
#11600=CARTESIAN_POINT('',(0.000479999980927,-0.000299999988079,-1.19209285776E-11));
#11601=CARTESIAN_POINT('',(0.000499999980132,-0.000279999988874,-1.19209285776E-11));
#11602=CARTESIAN_POINT('',(0.000499999980132,-0.000279999988874,9.999987681707E-6));
#11603=CARTESIAN_POINT('',(0.000499999980132,-0.000279999988874,9.999987681707E-6));
#11604=CARTESIAN_POINT('',(0.000499999980132,-0.000279999988874,-1.19209285776E-11));
#11605=CARTESIAN_POINT('',(0.000499999980132,-0.000279999988874,-1.19209285776E-11));
#11606=CARTESIAN_POINT('',(0.000499999980132,-0.000279999988874,9.999987681707E-6));
#11607=CARTESIAN_POINT('',(0.,0.,-1.19209285776E-11));
#11608=CARTESIAN_POINT('',(-7.999999682109E-5,-0.000299999988079,-1.19209285776E-11));
#11609=CARTESIAN_POINT('',(7.999999682109E-5,-0.000299999988079,-1.19209285776E-11));
#11610=CARTESIAN_POINT('',(-7.999999682109E-5,-0.000299999988079,-1.19209285776E-11));
#11611=CARTESIAN_POINT('',(-9.999999602636E-5,-0.000279999988874,-1.19209285776E-11));
#11612=CARTESIAN_POINT('',(-9.999999602636E-5,-0.000279999988874,-1.19209285776E-11));
#11613=CARTESIAN_POINT('',(-9.999999602636E-5,-0.000279999988874,-1.19209285776E-11));
#11614=CARTESIAN_POINT('',(-9.999999602636E-5,-0.000119999995232,-1.19209285776E-11));
#11615=CARTESIAN_POINT('',(-9.999999602636E-5,-0.000119999995232,-1.19209285776E-11));
#11616=CARTESIAN_POINT('',(-7.99999968208434E-5,-9.999999602636E-5,-1.19209285776E-11));
#11617=CARTESIAN_POINT('',(-7.999999682109E-5,-9.999999602636E-5,-1.19209285776E-11));
#11618=CARTESIAN_POINT('',(7.99999968210901E-5,-9.99999960263601E-5,-1.19209285776E-11));
#11619=CARTESIAN_POINT('',(7.999999682109E-5,-9.999999602636E-5,-1.19209285776E-11));
#11620=CARTESIAN_POINT('',(9.999999602636E-5,-0.000119999995232,-1.19209285776E-11));
#11621=CARTESIAN_POINT('',(9.999999602636E-5,-0.000279999988874,-1.19209285776E-11));
#11622=CARTESIAN_POINT('',(9.999999602636E-5,-0.00027999998887382,-1.19209285776E-11));
#11623=CARTESIAN_POINT('',(7.999999682109E-5,-0.000299999988079,-1.19209285776E-11));
#11624=CARTESIAN_POINT('',(7.999999682109E-5,-0.000299999988079,-1.19209285776E-11));
#11625=CARTESIAN_POINT('',(7.999999682109E-5,-0.000299999988079,9.999987681707E-6));
#11626=CARTESIAN_POINT('',(9.999999602636E-5,-0.00027999998887382,9.999987681707E-6));
#11627=CARTESIAN_POINT('',(7.999999682109E-5,-0.000299999988079,9.999987681707E-6));
#11628=CARTESIAN_POINT('',(7.999999682109E-5,-0.000299999988079,-1.19209285776E-11));
#11629=CARTESIAN_POINT('',(9.999999602636E-5,-0.000279999988874,-1.19209285776E-11));
#11630=CARTESIAN_POINT('',(9.999999602636E-5,-0.000279999988874,-1.19209285776E-11));
#11631=CARTESIAN_POINT('',(9.999999602636E-5,-0.000279999988874,9.999987681707E-6));
#11632=CARTESIAN_POINT('',(9.999999602636E-5,-0.000119999995232,9.999987681707E-6));
#11633=CARTESIAN_POINT('',(9.999999602636E-5,-0.000119999995232,-1.19209285776E-11));
#11634=CARTESIAN_POINT('',(7.999999682109E-5,-9.999999602636E-5,-1.19209285776E-11));
#11635=CARTESIAN_POINT('',(7.999999682109E-5,-9.999999602636E-5,9.999987681707E-6));
#11636=CARTESIAN_POINT('',(7.999999682109E-5,-9.999999602636E-5,9.999987681707E-6));
#11637=CARTESIAN_POINT('',(7.999999682109E-5,-9.999999602636E-5,-1.19209285776E-11));
#11638=CARTESIAN_POINT('',(-0.000479999980927,-9.999999602636E-5,-1.19209285776E-11));
#11639=CARTESIAN_POINT('',(-7.999999682109E-5,-9.999999602636E-5,9.999987681707E-6));
#11640=CARTESIAN_POINT('',(-7.99999968208434E-5,-9.999999602636E-5,9.999987681707E-6));
#11641=CARTESIAN_POINT('',(-7.999999682109E-5,-9.999999602636E-5,-1.19209285776E-11));
#11642=CARTESIAN_POINT('',(-9.999999602636E-5,-0.000119999995232,-1.19209285776E-11));
#11643=CARTESIAN_POINT('',(-9.999999602636E-5,-0.000119999995232,9.999987681707E-6));
#11644=CARTESIAN_POINT('',(-9.999999602636E-5,-0.000119999995232,9.999987681707E-6));
#11645=CARTESIAN_POINT('',(-9.999999602636E-5,-0.000119999995232,-1.19209285776E-11));
#11646=CARTESIAN_POINT('',(-9.999999602636E-5,-0.000279999988874,-1.19209285776E-11));
#11647=CARTESIAN_POINT('',(-9.999999602636E-5,-0.000279999988874,9.999987681707E-6));
#11648=CARTESIAN_POINT('',(-9.999999602636E-5,-0.000279999988874,9.999987681707E-6));
#11649=CARTESIAN_POINT('',(-9.999999602636E-5,-0.000279999988874,-1.19209285776E-11));
#11650=CARTESIAN_POINT('',(-9.999999602636E-5,-0.000279999988874,-1.19209285776E-11));
#11651=CARTESIAN_POINT('',(-9.999999602636E-5,-0.000279999988874,9.999987681707E-6));
#11652=CARTESIAN_POINT('',(-7.999999682109E-5,-0.000299999988079,9.999987681707E-6));
#11653=CARTESIAN_POINT('',(-7.999999682109E-5,-0.000299999988079,-1.19209285776E-11));
#11654=CARTESIAN_POINT('',(-7.999999682109E-5,-0.000299999988079,-1.19209285776E-11));
#11655=CARTESIAN_POINT('',(-7.999999682109E-5,-0.000299999988079,9.999987681707E-6));
#11656=CARTESIAN_POINT('',(-0.000549999978145,0.000349999986092,9.999987681707E-6));
#11657=CARTESIAN_POINT('',(-0.000549999978145,0.000349999986092,9.999987681707E-6));
#11658=CARTESIAN_POINT('',(0.000549999978145,0.000349999986092,9.999987681707E-6));
#11659=CARTESIAN_POINT('',(0.000549999978145,0.000349999986092,9.999987681707E-6));
#11660=CARTESIAN_POINT('',(0.,0.,9.999987681707E-6));
#11661=CARTESIAN_POINT('',(-0.000549999978145,0.000349999986092,9.999987681707E-6));
#11662=CARTESIAN_POINT('',(-0.000549999978145,-0.000349999986092,9.999987681707E-6));
#11663=CARTESIAN_POINT('',(-0.000549999978145,-0.000349999986092,9.999987681707E-6));
#11664=CARTESIAN_POINT('',(-0.000549999978145,0.000349999986092,9.999987681707E-6));
#11665=CARTESIAN_POINT('',(0.,0.,0.000449999970197636));
#11666=CARTESIAN_POINT('',(-0.000404018318825,-0.000163578148597,0.000449999970198));
#11667=CARTESIAN_POINT('',(-0.00033935689432572,-0.000163578148597,0.000449999970198));
#11668=CARTESIAN_POINT('',(-0.000404018318825,-0.000163578148597,0.000439999970595));
#11669=CARTESIAN_POINT('',(0.,0.,0.));
#11670=MECHANICAL_DESIGN_GEOMETRIC_PRESENTATION_REPRESENTATION('',(#6540,
#6113,#6114,#6115,#6116,#6117,#6118,#6119,#6120,#6121,#6122,#6123,#6124,
#6125,#6126,#6127,#6128,#6129,#6130,#6131,#6132,#6133,#6134,#6135,#6136,
#6137,#6138,#6139,#6140,#6141,#6142,#6143,#6144,#6145,#6146,#6147,#6148,
#6149,#6150,#6151,#6152,#6153,#6154,#6155,#6156,#6157,#6158,#6159,#6160,
#6161,#6162,#6163,#6164,#6165,#6166,#6167,#6168,#6169,#6170,#6171,#6172,
#6173,#6174,#6175,#6176,#6177,#6178,#6179,#6180,#6181,#6182,#6183,#6184,
#6185,#6186,#6187,#6188),#11671);
#11671=(
GEOMETRIC_REPRESENTATION_CONTEXT(3)
GLOBAL_UNCERTAINTY_ASSIGNED_CONTEXT((#11673))
GLOBAL_UNIT_ASSIGNED_CONTEXT((#11677,#11676,#11675))
REPRESENTATION_CONTEXT(
'R1~DFN-6_L1.1-W0.7-P0.40-BL~DFN-6_L1.1-W0.7-H0.5-P0.40-BL~Votm',
'TOP_LEVEL_ASSEMBLY_PART')
);
#11672=(
GEOMETRIC_REPRESENTATION_CONTEXT(3)
GLOBAL_UNCERTAINTY_ASSIGNED_CONTEXT((#11674))
GLOBAL_UNIT_ASSIGNED_CONTEXT((#11677,#11676,#11675))
REPRESENTATION_CONTEXT(
'DFN-6_L1.1-W0.7-P0.40-BL~DFN-6_L1.1-W0.7-H0.5-P0.40-BL~Votm',
'COMPONENT_PART')
);
#11673=UNCERTAINTY_MEASURE_WITH_UNIT(LENGTH_MEASURE(1.E-8),#11677,
'DISTANCE_ACCURACY_VALUE','Maximum Tolerance applied to model');
#11674=UNCERTAINTY_MEASURE_WITH_UNIT(LENGTH_MEASURE(1.E-6),#11677,
'DISTANCE_ACCURACY_VALUE','Maximum Tolerance applied to model');
#11675=(
NAMED_UNIT(*)
SI_UNIT($,.STERADIAN.)
SOLID_ANGLE_UNIT()
);
#11676=(
NAMED_UNIT(*)
PLANE_ANGLE_UNIT()
SI_UNIT($,.RADIAN.)
);
#11677=(
LENGTH_UNIT()
NAMED_UNIT(*)
SI_UNIT($,.METRE.)
);
#11678=PRODUCT_DEFINITION_SHAPE('','',#11681);
#11679=PRODUCT_DEFINITION_SHAPE('','',#11682);
#11680=PRODUCT_DEFINITION_SHAPE(' ','NAUO PRDDFN',#11);
#11681=PRODUCT_DEFINITION('','',#11685,#11683);
#11682=PRODUCT_DEFINITION('','',#11686,#11684);
#11683=PRODUCT_DEFINITION_CONTEXT('',#11696,'design');
#11684=PRODUCT_DEFINITION_CONTEXT('',#11696,'design');
#11685=PRODUCT_DEFINITION_FORMATION_WITH_SPECIFIED_SOURCE('','',#11689,
 .NOT_KNOWN.);
#11686=PRODUCT_DEFINITION_FORMATION_WITH_SPECIFIED_SOURCE('','',#11690,
 .NOT_KNOWN.);
#11687=PRODUCT_RELATED_PRODUCT_CATEGORY('','',(#11689));
#11688=PRODUCT_RELATED_PRODUCT_CATEGORY('','',(#11690));
#11689=PRODUCT(
'R1~DFN-6_L1.1-W0.7-P0.40-BL~DFN-6_L1.1-W0.7-H0.5-P0.40-BL~Votm',
'R1~DFN-6_L1.1-W0.7-P0.40-BL~DFN-6_L1.1-W0.7-H0.5-P0.40-BL~Votm',
'R1~DFN-6_L1.1-W0.7-P0.40-BL~DFN-6_L1.1-W0.7-H0.5-P0.40-BL~Votm',(#11693));
#11690=PRODUCT(
'DFN-6_L1.1-W0.7-P0.40-BL~DFN-6_L1.1-W0.7-H0.5-P0.40-BL~Votm',
'DFN-6_L1.1-W0.7-P0.40-BL~DFN-6_L1.1-W0.7-H0.5-P0.40-BL~Votm',
'DFN-6_L1.1-W0.7-P0.40-BL~DFN-6_L1.1-W0.7-H0.5-P0.40-BL~Votm',(#11694));
#11691=PRODUCT_CATEGORY('','');
#11692=PRODUCT_CATEGORY('','');
#11693=PRODUCT_CONTEXT('',#11696,'mechanical');
#11694=PRODUCT_CONTEXT('',#11696,'mechanical');
#11695=APPLICATION_PROTOCOL_DEFINITION('international standard',
'ap242_managed_model_based_3d_engineering',2011,#11696);
#11696=APPLICATION_CONTEXT('managed model based 3d engineering');
ENDSEC;
END-ISO-10303-21;
