ISO-10303-21;
HEADER;
/* Generated by software containing ST-Developer
 * from STEP Tools, Inc. (www.steptools.com) 
 */
/* OPTION: using custom renumber hook */

FILE_DESCRIPTION(
/* description */ ('STEP AP242 Edition 2',
'CAx-IF Rec.Pracs.---Representation and Presentation of Product Manufa
cturing Information (PMI)---4.0---2014-10-13',
'CAx-IF Rec.Pracs.---3D Tessellated Geometry---0.4---2014-09-14','2;1',
'CAx-IF Rec.Pracs.---User Defined Attributes---1.5---2016-08-15'),
/* implementation_level */ '2;1');

FILE_NAME(
/* name */ '6964c8785ea4ce59ee5e78be',
/* time_stamp */ '2026-01-12T10:10:01Z',
/* author */ (''),
/* organization */ (''),
/* preprocessor_version */ 'ST-DEVELOPER v20',
/* originating_system */ 'ONSHAPE BY PTC INC, 1.209',
/* authorisation */ '  ');

FILE_SCHEMA (('AP242_MANAGED_MODEL_BASED_3D_ENGINEERING_MIM_LF { 1 0 10303 442 3 1 4 }'));
ENDSEC;

DATA;
#10=SHAPE_REPRESENTATION_RELATIONSHIP('','',#6453,#11);
#11=ADVANCED_BREP_SHAPE_REPRESENTATION('',(#6451),#11313);
#12=SPHERICAL_SURFACE('',#6723,1.97912629006421E-5);
#13=SPHERICAL_SURFACE('',#6884,9.85813412253325E-5);
#14=B_SPLINE_SURFACE_WITH_KNOTS('',3,1,((#9298,#9299),(#9300,#9301),(#9302,
#9303),(#9304,#9305)),.SURF_OF_LINEAR_EXTRUSION.,.F.,.F.,.F.,(4,4),(2,2),
(12.,13.),(0.,1.),.UNSPECIFIED.);
#15=B_SPLINE_SURFACE_WITH_KNOTS('',3,1,((#9390,#9391),(#9392,#9393),(#9394,
#9395),(#9396,#9397)),.SURF_OF_LINEAR_EXTRUSION.,.F.,.F.,.F.,(4,4),(2,2),
(4.,5.),(0.,1.),.UNSPECIFIED.);
#16=B_SPLINE_SURFACE_WITH_KNOTS('',3,1,((#9471,#9472),(#9473,#9474),(#9475,
#9476),(#9477,#9478)),.SURF_OF_LINEAR_EXTRUSION.,.F.,.F.,.F.,(4,4),(2,2),
(15.,16.),(0.,1.),.UNSPECIFIED.);
#17=B_SPLINE_SURFACE_WITH_KNOTS('',3,1,((#9625,#9626),(#9627,#9628),(#9629,
#9630),(#9631,#9632)),.SURF_OF_LINEAR_EXTRUSION.,.F.,.F.,.F.,(4,4),(2,2),
(6.,7.),(0.,1.),.UNSPECIFIED.);
#18=B_SPLINE_SURFACE_WITH_KNOTS('',3,1,((#10383,#10384),(#10385,#10386),
(#10387,#10388),(#10389,#10390),(#10391,#10392),(#10393,#10394),(#10395,
#10396),(#10397,#10398),(#10399,#10400),(#10401,#10402),(#10403,#10404),
(#10405,#10406),(#10407,#10408),(#10409,#10410),(#10411,#10412),(#10413,
#10414),(#10415,#10416),(#10417,#10418),(#10419,#10420)),
 .SURF_OF_LINEAR_EXTRUSION.,.F.,.F.,.F.,(4,1,1,1,1,1,1,1,1,1,1,1,1,1,1,
1,4),(2,2),(1.81279721318256E-8,0.07378258718587,0.144095652163,0.211372776945,
0.276108573914,0.338559771335,0.399646477988,0.460022357923,0.520364180104,
0.579989743327,0.638421673378,0.696329698138,0.753973538922,0.812784195164,
0.872739820247,0.935174557152,0.999997184084919),(0.,1.),.UNSPECIFIED.);
#19=B_SPLINE_SURFACE_WITH_KNOTS('',3,1,((#10442,#10443),(#10444,#10445),
(#10446,#10447),(#10448,#10449),(#10450,#10451),(#10452,#10453),(#10454,
#10455),(#10456,#10457),(#10458,#10459),(#10460,#10461),(#10462,#10463),
(#10464,#10465),(#10466,#10467),(#10468,#10469),(#10470,#10471),(#10472,
#10473),(#10474,#10475),(#10476,#10477),(#10478,#10479)),
 .SURF_OF_LINEAR_EXTRUSION.,.F.,.F.,.F.,(4,1,1,1,1,1,1,1,1,1,1,1,1,1,1,
1,4),(2,2),(0.,0.06460651091173,0.126707396677,0.186764158456,0.24561607929,
0.303634260101,0.361487584679,0.420227043541,0.48002251282,0.540669691743,
0.601185743116,0.662329843678,0.725019474255,0.789459456756,0.856499216937,
0.92630919798,0.999999986714132),(0.,1.),.UNSPECIFIED.);
#20=B_SPLINE_SURFACE_WITH_KNOTS('',3,1,((#10519,#10520),(#10521,#10522),
(#10523,#10524),(#10525,#10526),(#10527,#10528),(#10529,#10530),(#10531,
#10532),(#10533,#10534),(#10535,#10536),(#10537,#10538),(#10539,#10540),
(#10541,#10542),(#10543,#10544),(#10545,#10546),(#10547,#10548),(#10549,
#10550),(#10551,#10552),(#10553,#10554),(#10555,#10556)),
 .SURF_OF_LINEAR_EXTRUSION.,.F.,.F.,.F.,(4,1,1,1,1,1,1,1,1,1,1,1,1,1,1,
1,4),(2,2),(0.,0.07063927843666,0.13824802572,0.203351342261,0.266307354651,
0.328095924853,0.388723973634,0.449593764798,0.511027386645,0.572085699882,
0.63187552745,0.691136624653,0.750375720002,0.81004484045,0.871370536028,
0.934431262653,1.),(0.,1.),.UNSPECIFIED.);
#21=B_SPLINE_SURFACE_WITH_KNOTS('',3,1,((#10578,#10579),(#10580,#10581),
(#10582,#10583),(#10584,#10585),(#10586,#10587),(#10588,#10589),(#10590,
#10591),(#10592,#10593),(#10594,#10595),(#10596,#10597),(#10598,#10599),
(#10600,#10601),(#10602,#10603),(#10604,#10605),(#10606,#10607),(#10608,
#10609),(#10610,#10611),(#10612,#10613),(#10614,#10615)),
 .SURF_OF_LINEAR_EXTRUSION.,.F.,.F.,.F.,(4,1,1,1,1,1,1,1,1,1,1,1,1,1,1,
1,4),(2,2),(1.95657893336726E-8,0.070799322316,0.138546804846,0.20340077596,
0.266155107068,0.327381725325,0.387477458512,0.447317780016,0.507556930198,
0.567440496373,0.62638417413,0.685183371606,0.744502298055,0.804953896644,
0.867347714878,0.93216841413623,1.),(0.,1.),.UNSPECIFIED.);
#22=B_SPLINE_SURFACE_WITH_KNOTS('',3,1,((#10739,#10740),(#10741,#10742),
(#10743,#10744),(#10745,#10746),(#10747,#10748),(#10749,#10750),(#10751,
#10752),(#10753,#10754),(#10755,#10756),(#10757,#10758),(#10759,#10760),
(#10761,#10762),(#10763,#10764),(#10765,#10766),(#10767,#10768),(#10769,
#10770),(#10771,#10772),(#10773,#10774),(#10775,#10776),(#10777,#10778),
(#10779,#10780),(#10781,#10782)),.SURF_OF_LINEAR_EXTRUSION.,.F.,.F.,.F.,
(4,3,1,1,1,1,1,1,1,1,1,1,1,1,1,1,1,4),(2,2),(-0.000471017688307977,0.,0.07430465465555,
0.144395278118,0.210501927383,0.273252216031,0.33381705022,0.392522656094,
0.450081103081,0.507814926858,0.565459893874,0.623144369682,0.681293511757,
0.740910505694,0.801853463619,0.86523968125,0.930940859419,0.999999984170523),
(0.,1.),.UNSPECIFIED.);
#23=B_SPLINE_SURFACE_WITH_KNOTS('',3,1,((#10847,#10848),(#10849,#10850),
(#10851,#10852),(#10853,#10854),(#10855,#10856),(#10857,#10858),(#10859,
#10860),(#10861,#10862),(#10863,#10864),(#10865,#10866),(#10867,#10868),
(#10869,#10870),(#10871,#10872),(#10873,#10874),(#10875,#10876),(#10877,
#10878),(#10879,#10880),(#10881,#10882),(#10883,#10884)),
 .SURF_OF_LINEAR_EXTRUSION.,.F.,.F.,.F.,(4,1,1,1,1,1,1,1,1,1,1,1,1,1,1,
1,4),(2,2),(1.78107698730302E-6,0.067686205162,0.132351976886,0.194566874895,
0.254981479759,0.31462273004,0.374060663196,0.433947333342,0.495022353355,
0.556612837748,0.617423163526,0.678029449019,0.739233397142,0.801689461827,
0.86544548638,0.93137491725944,0.999999988337724),(0.,1.),.UNSPECIFIED.);
#24=LINE('',#8697,#628);
#25=LINE('',#8699,#629);
#26=LINE('',#8701,#630);
#27=LINE('',#8703,#631);
#28=LINE('',#8727,#632);
#29=LINE('',#8729,#633);
#30=LINE('',#8731,#634);
#31=LINE('',#8756,#635);
#32=LINE('',#8758,#636);
#33=LINE('',#8760,#637);
#34=LINE('',#8775,#638);
#35=LINE('',#8799,#639);
#36=LINE('',#8814,#640);
#37=LINE('',#8816,#641);
#38=LINE('',#8818,#642);
#39=LINE('',#8820,#643);
#40=LINE('',#8822,#644);
#41=LINE('',#8824,#645);
#42=LINE('',#8826,#646);
#43=LINE('',#8828,#647);
#44=LINE('',#8830,#648);
#45=LINE('',#8832,#649);
#46=LINE('',#8834,#650);
#47=LINE('',#8836,#651);
#48=LINE('',#8838,#652);
#49=LINE('',#8853,#653);
#50=LINE('',#8891,#654);
#51=LINE('',#8893,#655);
#52=LINE('',#8895,#656);
#53=LINE('',#8928,#657);
#54=LINE('',#8934,#658);
#55=LINE('',#8937,#659);
#56=LINE('',#8939,#660);
#57=LINE('',#8950,#661);
#58=LINE('',#8952,#662);
#59=LINE('',#8954,#663);
#60=LINE('',#8958,#664);
#61=LINE('',#8962,#665);
#62=LINE('',#8964,#666);
#63=LINE('',#8966,#667);
#64=LINE('',#8968,#668);
#65=LINE('',#8971,#669);
#66=LINE('',#8973,#670);
#67=LINE('',#8975,#671);
#68=LINE('',#8977,#672);
#69=LINE('',#8979,#673);
#70=LINE('',#8981,#674);
#71=LINE('',#8983,#675);
#72=LINE('',#8985,#676);
#73=LINE('',#8987,#677);
#74=LINE('',#8989,#678);
#75=LINE('',#8991,#679);
#76=LINE('',#8993,#680);
#77=LINE('',#8995,#681);
#78=LINE('',#8997,#682);
#79=LINE('',#8999,#683);
#80=LINE('',#9001,#684);
#81=LINE('',#9003,#685);
#82=LINE('',#9005,#686);
#83=LINE('',#9007,#687);
#84=LINE('',#9009,#688);
#85=LINE('',#9011,#689);
#86=LINE('',#9013,#690);
#87=LINE('',#9014,#691);
#88=LINE('',#9020,#692);
#89=LINE('',#9022,#693);
#90=LINE('',#9024,#694);
#91=LINE('',#9065,#695);
#92=LINE('',#9067,#696);
#93=LINE('',#9069,#697);
#94=LINE('',#9071,#698);
#95=LINE('',#9073,#699);
#96=LINE('',#9075,#700);
#97=LINE('',#9078,#701);
#98=LINE('',#9080,#702);
#99=LINE('',#9082,#703);
#100=LINE('',#9084,#704);
#101=LINE('',#9086,#705);
#102=LINE('',#9129,#706);
#103=LINE('',#9130,#707);
#104=LINE('',#9133,#708);
#105=LINE('',#9136,#709);
#106=LINE('',#9138,#710);
#107=LINE('',#9140,#711);
#108=LINE('',#9142,#712);
#109=LINE('',#9144,#713);
#110=LINE('',#9146,#714);
#111=LINE('',#9148,#715);
#112=LINE('',#9150,#716);
#113=LINE('',#9152,#717);
#114=LINE('',#9154,#718);
#115=LINE('',#9156,#719);
#116=LINE('',#9158,#720);
#117=LINE('',#9161,#721);
#118=LINE('',#9162,#722);
#119=LINE('',#9164,#723);
#120=LINE('',#9166,#724);
#121=LINE('',#9168,#725);
#122=LINE('',#9170,#726);
#123=LINE('',#9172,#727);
#124=LINE('',#9174,#728);
#125=LINE('',#9176,#729);
#126=LINE('',#9178,#730);
#127=LINE('',#9180,#731);
#128=LINE('',#9182,#732);
#129=LINE('',#9184,#733);
#130=LINE('',#9186,#734);
#131=LINE('',#9188,#735);
#132=LINE('',#9190,#736);
#133=LINE('',#9192,#737);
#134=LINE('',#9194,#738);
#135=LINE('',#9196,#739);
#136=LINE('',#9198,#740);
#137=LINE('',#9200,#741);
#138=LINE('',#9202,#742);
#139=LINE('',#9204,#743);
#140=LINE('',#9206,#744);
#141=LINE('',#9209,#745);
#142=LINE('',#9213,#746);
#143=LINE('',#9215,#747);
#144=LINE('',#9217,#748);
#145=LINE('',#9219,#749);
#146=LINE('',#9221,#750);
#147=LINE('',#9223,#751);
#148=LINE('',#9229,#752);
#149=LINE('',#9235,#753);
#150=LINE('',#9237,#754);
#151=LINE('',#9240,#755);
#152=LINE('',#9255,#756);
#153=LINE('',#9257,#757);
#154=LINE('',#9259,#758);
#155=LINE('',#9275,#759);
#156=LINE('',#9277,#760);
#157=LINE('',#9279,#761);
#158=LINE('',#9281,#762);
#159=LINE('',#9283,#763);
#160=LINE('',#9285,#764);
#161=LINE('',#9287,#765);
#162=LINE('',#9289,#766);
#163=LINE('',#9291,#767);
#164=LINE('',#9293,#768);
#165=LINE('',#9295,#769);
#166=LINE('',#9297,#770);
#167=LINE('',#9308,#771);
#168=LINE('',#9310,#772);
#169=LINE('',#9312,#773);
#170=LINE('',#9314,#774);
#171=LINE('',#9319,#775);
#172=LINE('',#9344,#776);
#173=LINE('',#9431,#777);
#174=LINE('',#9433,#778);
#175=LINE('',#9435,#779);
#176=LINE('',#9491,#780);
#177=LINE('',#9509,#781);
#178=LINE('',#9511,#782);
#179=LINE('',#9513,#783);
#180=LINE('',#9517,#784);
#181=LINE('',#9532,#785);
#182=LINE('',#9534,#786);
#183=LINE('',#9536,#787);
#184=LINE('',#9548,#788);
#185=LINE('',#9602,#789);
#186=LINE('',#9604,#790);
#187=LINE('',#9606,#791);
#188=LINE('',#9608,#792);
#189=LINE('',#9610,#793);
#190=LINE('',#9612,#794);
#191=LINE('',#9614,#795);
#192=LINE('',#9616,#796);
#193=LINE('',#9618,#797);
#194=LINE('',#9620,#798);
#195=LINE('',#9622,#799);
#196=LINE('',#9624,#800);
#197=LINE('',#9675,#801);
#198=LINE('',#9677,#802);
#199=LINE('',#9679,#803);
#200=LINE('',#9694,#804);
#201=LINE('',#9696,#805);
#202=LINE('',#9698,#806);
#203=LINE('',#9700,#807);
#204=LINE('',#9706,#808);
#205=LINE('',#9709,#809);
#206=LINE('',#9711,#810);
#207=LINE('',#9713,#811);
#208=LINE('',#9715,#812);
#209=LINE('',#9717,#813);
#210=LINE('',#9719,#814);
#211=LINE('',#9721,#815);
#212=LINE('',#9723,#816);
#213=LINE('',#9725,#817);
#214=LINE('',#9727,#818);
#215=LINE('',#9729,#819);
#216=LINE('',#9731,#820);
#217=LINE('',#9734,#821);
#218=LINE('',#9735,#822);
#219=LINE('',#9737,#823);
#220=LINE('',#9739,#824);
#221=LINE('',#9741,#825);
#222=LINE('',#9743,#826);
#223=LINE('',#9745,#827);
#224=LINE('',#9747,#828);
#225=LINE('',#9749,#829);
#226=LINE('',#9751,#830);
#227=LINE('',#9753,#831);
#228=LINE('',#9755,#832);
#229=LINE('',#9757,#833);
#230=LINE('',#9759,#834);
#231=LINE('',#9761,#835);
#232=LINE('',#9763,#836);
#233=LINE('',#9765,#837);
#234=LINE('',#9767,#838);
#235=LINE('',#9769,#839);
#236=LINE('',#9771,#840);
#237=LINE('',#9773,#841);
#238=LINE('',#9775,#842);
#239=LINE('',#9777,#843);
#240=LINE('',#9779,#844);
#241=LINE('',#9782,#845);
#242=LINE('',#9784,#846);
#243=LINE('',#9795,#847);
#244=LINE('',#9797,#848);
#245=LINE('',#9799,#849);
#246=LINE('',#9803,#850);
#247=LINE('',#9807,#851);
#248=LINE('',#9809,#852);
#249=LINE('',#9811,#853);
#250=LINE('',#9813,#854);
#251=LINE('',#9816,#855);
#252=LINE('',#9818,#856);
#253=LINE('',#9820,#857);
#254=LINE('',#9822,#858);
#255=LINE('',#9824,#859);
#256=LINE('',#9826,#860);
#257=LINE('',#9828,#861);
#258=LINE('',#9830,#862);
#259=LINE('',#9832,#863);
#260=LINE('',#9834,#864);
#261=LINE('',#9836,#865);
#262=LINE('',#9838,#866);
#263=LINE('',#9840,#867);
#264=LINE('',#9842,#868);
#265=LINE('',#9844,#869);
#266=LINE('',#9846,#870);
#267=LINE('',#9848,#871);
#268=LINE('',#9850,#872);
#269=LINE('',#9852,#873);
#270=LINE('',#9854,#874);
#271=LINE('',#9856,#875);
#272=LINE('',#9858,#876);
#273=LINE('',#9859,#877);
#274=LINE('',#9865,#878);
#275=LINE('',#9867,#879);
#276=LINE('',#9869,#880);
#277=LINE('',#9910,#881);
#278=LINE('',#9912,#882);
#279=LINE('',#9914,#883);
#280=LINE('',#9916,#884);
#281=LINE('',#9918,#885);
#282=LINE('',#9920,#886);
#283=LINE('',#9923,#887);
#284=LINE('',#9925,#888);
#285=LINE('',#9927,#889);
#286=LINE('',#9929,#890);
#287=LINE('',#9931,#891);
#288=LINE('',#9974,#892);
#289=LINE('',#9975,#893);
#290=LINE('',#9978,#894);
#291=LINE('',#9981,#895);
#292=LINE('',#9983,#896);
#293=LINE('',#9985,#897);
#294=LINE('',#9987,#898);
#295=LINE('',#9989,#899);
#296=LINE('',#9991,#900);
#297=LINE('',#9993,#901);
#298=LINE('',#9995,#902);
#299=LINE('',#9997,#903);
#300=LINE('',#9999,#904);
#301=LINE('',#10001,#905);
#302=LINE('',#10003,#906);
#303=LINE('',#10006,#907);
#304=LINE('',#10007,#908);
#305=LINE('',#10009,#909);
#306=LINE('',#10011,#910);
#307=LINE('',#10013,#911);
#308=LINE('',#10015,#912);
#309=LINE('',#10017,#913);
#310=LINE('',#10019,#914);
#311=LINE('',#10021,#915);
#312=LINE('',#10023,#916);
#313=LINE('',#10025,#917);
#314=LINE('',#10027,#918);
#315=LINE('',#10029,#919);
#316=LINE('',#10031,#920);
#317=LINE('',#10033,#921);
#318=LINE('',#10035,#922);
#319=LINE('',#10037,#923);
#320=LINE('',#10039,#924);
#321=LINE('',#10041,#925);
#322=LINE('',#10043,#926);
#323=LINE('',#10045,#927);
#324=LINE('',#10047,#928);
#325=LINE('',#10049,#929);
#326=LINE('',#10054,#930);
#327=LINE('',#10068,#931);
#328=LINE('',#10115,#932);
#329=LINE('',#10117,#933);
#330=LINE('',#10119,#934);
#331=LINE('',#10158,#935);
#332=LINE('',#10160,#936);
#333=LINE('',#10162,#937);
#334=LINE('',#10166,#938);
#335=LINE('',#10169,#939);
#336=LINE('',#10171,#940);
#337=LINE('',#10173,#941);
#338=LINE('',#10175,#942);
#339=LINE('',#10177,#943);
#340=LINE('',#10179,#944);
#341=LINE('',#10182,#945);
#342=LINE('',#10183,#946);
#343=LINE('',#10185,#947);
#344=LINE('',#10187,#948);
#345=LINE('',#10189,#949);
#346=LINE('',#10191,#950);
#347=LINE('',#10193,#951);
#348=LINE('',#10195,#952);
#349=LINE('',#10197,#953);
#350=LINE('',#10199,#954);
#351=LINE('',#10201,#955);
#352=LINE('',#10224,#956);
#353=LINE('',#10226,#957);
#354=LINE('',#10228,#958);
#355=LINE('',#10232,#959);
#356=LINE('',#10235,#960);
#357=LINE('',#10237,#961);
#358=LINE('',#10241,#962);
#359=LINE('',#10243,#963);
#360=LINE('',#10245,#964);
#361=LINE('',#10248,#965);
#362=LINE('',#10250,#966);
#363=LINE('',#10252,#967);
#364=LINE('',#10254,#968);
#365=LINE('',#10256,#969);
#366=LINE('',#10258,#970);
#367=LINE('',#10261,#971);
#368=LINE('',#10262,#972);
#369=LINE('',#10264,#973);
#370=LINE('',#10266,#974);
#371=LINE('',#10268,#975);
#372=LINE('',#10270,#976);
#373=LINE('',#10272,#977);
#374=LINE('',#10274,#978);
#375=LINE('',#10276,#979);
#376=LINE('',#10278,#980);
#377=LINE('',#10280,#981);
#378=LINE('',#10282,#982);
#379=LINE('',#10329,#983);
#380=LINE('',#10382,#984);
#381=LINE('',#10441,#985);
#382=LINE('',#10507,#986);
#383=LINE('',#10509,#987);
#384=LINE('',#10511,#988);
#385=LINE('',#10577,#989);
#386=LINE('',#10645,#990);
#387=LINE('',#10647,#991);
#388=LINE('',#10650,#992);
#389=LINE('',#10652,#993);
#390=LINE('',#10654,#994);
#391=LINE('',#10656,#995);
#392=LINE('',#10658,#996);
#393=LINE('',#10660,#997);
#394=LINE('',#10662,#998);
#395=LINE('',#10664,#999);
#396=LINE('',#10666,#1000);
#397=LINE('',#10668,#1001);
#398=LINE('',#10670,#1002);
#399=LINE('',#10672,#1003);
#400=LINE('',#10675,#1004);
#401=LINE('',#10676,#1005);
#402=LINE('',#10678,#1006);
#403=LINE('',#10680,#1007);
#404=LINE('',#10682,#1008);
#405=LINE('',#10684,#1009);
#406=LINE('',#10686,#1010);
#407=LINE('',#10688,#1011);
#408=LINE('',#10690,#1012);
#409=LINE('',#10692,#1013);
#410=LINE('',#10694,#1014);
#411=LINE('',#10696,#1015);
#412=LINE('',#10698,#1016);
#413=LINE('',#10700,#1017);
#414=LINE('',#10702,#1018);
#415=LINE('',#10704,#1019);
#416=LINE('',#10706,#1020);
#417=LINE('',#10708,#1021);
#418=LINE('',#10710,#1022);
#419=LINE('',#10712,#1023);
#420=LINE('',#10714,#1024);
#421=LINE('',#10716,#1025);
#422=LINE('',#10718,#1026);
#423=LINE('',#10720,#1027);
#424=LINE('',#10722,#1028);
#425=LINE('',#10724,#1029);
#426=LINE('',#10726,#1030);
#427=LINE('',#10803,#1031);
#428=LINE('',#10805,#1032);
#429=LINE('',#10807,#1033);
#430=LINE('',#10832,#1034);
#431=LINE('',#10834,#1035);
#432=LINE('',#10905,#1036);
#433=LINE('',#10907,#1037);
#434=LINE('',#10909,#1038);
#435=LINE('',#10911,#1039);
#436=LINE('',#10913,#1040);
#437=LINE('',#10915,#1041);
#438=LINE('',#10917,#1042);
#439=LINE('',#10919,#1043);
#440=LINE('',#10921,#1044);
#441=LINE('',#10925,#1045);
#442=LINE('',#10927,#1046);
#443=LINE('',#10929,#1047);
#444=LINE('',#10931,#1048);
#445=LINE('',#10938,#1049);
#446=LINE('',#10940,#1050);
#447=LINE('',#10942,#1051);
#448=LINE('',#10944,#1052);
#449=LINE('',#10947,#1053);
#450=LINE('',#10949,#1054);
#451=LINE('',#10951,#1055);
#452=LINE('',#10953,#1056);
#453=LINE('',#10955,#1057);
#454=LINE('',#10957,#1058);
#455=LINE('',#10959,#1059);
#456=LINE('',#10961,#1060);
#457=LINE('',#10964,#1061);
#458=LINE('',#10965,#1062);
#459=LINE('',#10967,#1063);
#460=LINE('',#10969,#1064);
#461=LINE('',#10971,#1065);
#462=LINE('',#10973,#1066);
#463=LINE('',#10975,#1067);
#464=LINE('',#10977,#1068);
#465=LINE('',#10979,#1069);
#466=LINE('',#10981,#1070);
#467=LINE('',#10983,#1071);
#468=LINE('',#10985,#1072);
#469=LINE('',#10987,#1073);
#470=LINE('',#10989,#1074);
#471=LINE('',#10991,#1075);
#472=LINE('',#10993,#1076);
#473=LINE('',#10996,#1077);
#474=LINE('',#10998,#1078);
#475=LINE('',#11000,#1079);
#476=LINE('',#11002,#1080);
#477=LINE('',#11005,#1081);
#478=LINE('',#11007,#1082);
#479=LINE('',#11008,#1083);
#480=LINE('',#11010,#1084);
#481=LINE('',#11012,#1085);
#482=LINE('',#11014,#1086);
#483=LINE('',#11016,#1087);
#484=LINE('',#11018,#1088);
#485=LINE('',#11020,#1089);
#486=LINE('',#11022,#1090);
#487=LINE('',#11024,#1091);
#488=LINE('',#11026,#1092);
#489=LINE('',#11028,#1093);
#490=LINE('',#11031,#1094);
#491=LINE('',#11033,#1095);
#492=LINE('',#11035,#1096);
#493=LINE('',#11037,#1097);
#494=LINE('',#11040,#1098);
#495=LINE('',#11042,#1099);
#496=LINE('',#11043,#1100);
#497=LINE('',#11045,#1101);
#498=LINE('',#11047,#1102);
#499=LINE('',#11049,#1103);
#500=LINE('',#11051,#1104);
#501=LINE('',#11053,#1105);
#502=LINE('',#11055,#1106);
#503=LINE('',#11057,#1107);
#504=LINE('',#11059,#1108);
#505=LINE('',#11061,#1109);
#506=LINE('',#11063,#1110);
#507=LINE('',#11066,#1111);
#508=LINE('',#11068,#1112);
#509=LINE('',#11070,#1113);
#510=LINE('',#11072,#1114);
#511=LINE('',#11075,#1115);
#512=LINE('',#11077,#1116);
#513=LINE('',#11078,#1117);
#514=LINE('',#11080,#1118);
#515=LINE('',#11082,#1119);
#516=LINE('',#11084,#1120);
#517=LINE('',#11086,#1121);
#518=LINE('',#11088,#1122);
#519=LINE('',#11090,#1123);
#520=LINE('',#11092,#1124);
#521=LINE('',#11094,#1125);
#522=LINE('',#11096,#1126);
#523=LINE('',#11098,#1127);
#524=LINE('',#11101,#1128);
#525=LINE('',#11103,#1129);
#526=LINE('',#11105,#1130);
#527=LINE('',#11107,#1131);
#528=LINE('',#11110,#1132);
#529=LINE('',#11112,#1133);
#530=LINE('',#11113,#1134);
#531=LINE('',#11115,#1135);
#532=LINE('',#11117,#1136);
#533=LINE('',#11119,#1137);
#534=LINE('',#11121,#1138);
#535=LINE('',#11123,#1139);
#536=LINE('',#11125,#1140);
#537=LINE('',#11127,#1141);
#538=LINE('',#11129,#1142);
#539=LINE('',#11131,#1143);
#540=LINE('',#11133,#1144);
#541=LINE('',#11136,#1145);
#542=LINE('',#11138,#1146);
#543=LINE('',#11140,#1147);
#544=LINE('',#11142,#1148);
#545=LINE('',#11145,#1149);
#546=LINE('',#11146,#1150);
#547=LINE('',#11148,#1151);
#548=LINE('',#11150,#1152);
#549=LINE('',#11152,#1153);
#550=LINE('',#11154,#1154);
#551=LINE('',#11156,#1155);
#552=LINE('',#11158,#1156);
#553=LINE('',#11160,#1157);
#554=LINE('',#11162,#1158);
#555=LINE('',#11164,#1159);
#556=LINE('',#11166,#1160);
#557=LINE('',#11168,#1161);
#558=LINE('',#11171,#1162);
#559=LINE('',#11173,#1163);
#560=LINE('',#11175,#1164);
#561=LINE('',#11177,#1165);
#562=LINE('',#11180,#1166);
#563=LINE('',#11181,#1167);
#564=LINE('',#11183,#1168);
#565=LINE('',#11185,#1169);
#566=LINE('',#11187,#1170);
#567=LINE('',#11189,#1171);
#568=LINE('',#11191,#1172);
#569=LINE('',#11193,#1173);
#570=LINE('',#11195,#1174);
#571=LINE('',#11197,#1175);
#572=LINE('',#11199,#1176);
#573=LINE('',#11201,#1177);
#574=LINE('',#11203,#1178);
#575=LINE('',#11206,#1179);
#576=LINE('',#11208,#1180);
#577=LINE('',#11210,#1181);
#578=LINE('',#11212,#1182);
#579=LINE('',#11215,#1183);
#580=LINE('',#11216,#1184);
#581=LINE('',#11218,#1185);
#582=LINE('',#11220,#1186);
#583=LINE('',#11222,#1187);
#584=LINE('',#11224,#1188);
#585=LINE('',#11226,#1189);
#586=LINE('',#11228,#1190);
#587=LINE('',#11230,#1191);
#588=LINE('',#11232,#1192);
#589=LINE('',#11234,#1193);
#590=LINE('',#11236,#1194);
#591=LINE('',#11238,#1195);
#592=LINE('',#11241,#1196);
#593=LINE('',#11243,#1197);
#594=LINE('',#11245,#1198);
#595=LINE('',#11247,#1199);
#596=LINE('',#11250,#1200);
#597=LINE('',#11251,#1201);
#598=LINE('',#11253,#1202);
#599=LINE('',#11255,#1203);
#600=LINE('',#11257,#1204);
#601=LINE('',#11259,#1205);
#602=LINE('',#11261,#1206);
#603=LINE('',#11263,#1207);
#604=LINE('',#11265,#1208);
#605=LINE('',#11267,#1209);
#606=LINE('',#11269,#1210);
#607=LINE('',#11271,#1211);
#608=LINE('',#11276,#1212);
#609=LINE('',#11279,#1213);
#610=LINE('',#11281,#1214);
#611=LINE('',#11283,#1215);
#612=LINE('',#11285,#1216);
#613=LINE('',#11288,#1217);
#614=LINE('',#11290,#1218);
#615=LINE('',#11292,#1219);
#616=LINE('',#11294,#1220);
#617=LINE('',#11295,#1221);
#618=LINE('',#11296,#1222);
#619=LINE('',#11297,#1223);
#620=LINE('',#11298,#1224);
#621=LINE('',#11299,#1225);
#622=LINE('',#11301,#1226);
#623=LINE('',#11302,#1227);
#624=LINE('',#11303,#1228);
#625=LINE('',#11304,#1229);
#626=LINE('',#11305,#1230);
#627=LINE('',#11306,#1231);
#628=VECTOR('',#7015,1.);
#629=VECTOR('',#7018,1.);
#630=VECTOR('',#7019,1.);
#631=VECTOR('',#7020,1.);
#632=VECTOR('',#7039,1.);
#633=VECTOR('',#7042,1.);
#634=VECTOR('',#7043,1.);
#635=VECTOR('',#7058,1.);
#636=VECTOR('',#7059,1.);
#637=VECTOR('',#7060,1.);
#638=VECTOR('',#7073,1.);
#639=VECTOR('',#7092,1.);
#640=VECTOR('',#7105,1.);
#641=VECTOR('',#7108,1.);
#642=VECTOR('',#7109,1.);
#643=VECTOR('',#7110,1.);
#644=VECTOR('',#7113,1.);
#645=VECTOR('',#7114,1.);
#646=VECTOR('',#7115,1.);
#647=VECTOR('',#7118,1.);
#648=VECTOR('',#7119,1.);
#649=VECTOR('',#7120,1.);
#650=VECTOR('',#7123,1.);
#651=VECTOR('',#7124,1.);
#652=VECTOR('',#7125,1.);
#653=VECTOR('',#7138,1.);
#654=VECTOR('',#7165,1.);
#655=VECTOR('',#7166,1.);
#656=VECTOR('',#7167,1.);
#657=VECTOR('',#7192,1.);
#658=VECTOR('',#7203,1.);
#659=VECTOR('',#7204,1.);
#660=VECTOR('',#7205,1.);
#661=VECTOR('',#7212,1.);
#662=VECTOR('',#7213,1.);
#663=VECTOR('',#7216,1.);
#664=VECTOR('',#7221,1.);
#665=VECTOR('',#7226,1.);
#666=VECTOR('',#7227,1.);
#667=VECTOR('',#7230,1.);
#668=VECTOR('',#7233,1.);
#669=VECTOR('',#7234,1.);
#670=VECTOR('',#7235,1.);
#671=VECTOR('',#7236,1.);
#672=VECTOR('',#7239,1.);
#673=VECTOR('',#7240,1.);
#674=VECTOR('',#7241,1.);
#675=VECTOR('',#7244,1.);
#676=VECTOR('',#7245,1.);
#677=VECTOR('',#7246,1.);
#678=VECTOR('',#7249,1.);
#679=VECTOR('',#7250,1.);
#680=VECTOR('',#7251,1.);
#681=VECTOR('',#7254,1.);
#682=VECTOR('',#7255,1.);
#683=VECTOR('',#7256,1.);
#684=VECTOR('',#7259,1.);
#685=VECTOR('',#7260,1.);
#686=VECTOR('',#7261,1.);
#687=VECTOR('',#7264,1.);
#688=VECTOR('',#7265,1.);
#689=VECTOR('',#7266,1.);
#690=VECTOR('',#7269,1.);
#691=VECTOR('',#7270,1.);
#692=VECTOR('',#7277,1.);
#693=VECTOR('',#7278,1.);
#694=VECTOR('',#7279,1.);
#695=VECTOR('',#7304,1.);
#696=VECTOR('',#7305,1.);
#697=VECTOR('',#7308,1.);
#698=VECTOR('',#7309,1.);
#699=VECTOR('',#7312,1.);
#700=VECTOR('',#7315,1.);
#701=VECTOR('',#7316,1.);
#702=VECTOR('',#7317,1.);
#703=VECTOR('',#7318,1.);
#704=VECTOR('',#7321,1.);
#705=VECTOR('',#7322,1.);
#706=VECTOR('',#7349,1.);
#707=VECTOR('',#7350,1.);
#708=VECTOR('',#7355,1.);
#709=VECTOR('',#7356,1.);
#710=VECTOR('',#7357,1.);
#711=VECTOR('',#7358,1.);
#712=VECTOR('',#7359,1.);
#713=VECTOR('',#7360,1.);
#714=VECTOR('',#7361,1.);
#715=VECTOR('',#7362,1.);
#716=VECTOR('',#7363,1.);
#717=VECTOR('',#7364,1.);
#718=VECTOR('',#7365,1.);
#719=VECTOR('',#7366,1.);
#720=VECTOR('',#7369,1.);
#721=VECTOR('',#7370,1.);
#722=VECTOR('',#7371,1.);
#723=VECTOR('',#7374,1.);
#724=VECTOR('',#7375,1.);
#725=VECTOR('',#7378,1.);
#726=VECTOR('',#7379,1.);
#727=VECTOR('',#7382,1.);
#728=VECTOR('',#7383,1.);
#729=VECTOR('',#7386,1.);
#730=VECTOR('',#7387,1.);
#731=VECTOR('',#7390,1.);
#732=VECTOR('',#7391,1.);
#733=VECTOR('',#7394,1.);
#734=VECTOR('',#7395,1.);
#735=VECTOR('',#7398,1.);
#736=VECTOR('',#7399,1.);
#737=VECTOR('',#7402,1.);
#738=VECTOR('',#7403,1.);
#739=VECTOR('',#7406,1.);
#740=VECTOR('',#7407,1.);
#741=VECTOR('',#7410,1.);
#742=VECTOR('',#7411,1.);
#743=VECTOR('',#7414,1.);
#744=VECTOR('',#7417,1.);
#745=VECTOR('',#7418,1.);
#746=VECTOR('',#7421,1.);
#747=VECTOR('',#7422,1.);
#748=VECTOR('',#7423,1.);
#749=VECTOR('',#7424,1.);
#750=VECTOR('',#7425,1.);
#751=VECTOR('',#7426,1.);
#752=VECTOR('',#7431,1.);
#753=VECTOR('',#7436,1.);
#754=VECTOR('',#7439,1.);
#755=VECTOR('',#7440,1.);
#756=VECTOR('',#7449,1.);
#757=VECTOR('',#7452,1.);
#758=VECTOR('',#7453,1.);
#759=VECTOR('',#7464,1.);
#760=VECTOR('',#7465,1.);
#761=VECTOR('',#7468,1.);
#762=VECTOR('',#7469,1.);
#763=VECTOR('',#7472,1.);
#764=VECTOR('',#7473,1.);
#765=VECTOR('',#7476,1.);
#766=VECTOR('',#7477,1.);
#767=VECTOR('',#7480,1.);
#768=VECTOR('',#7481,1.);
#769=VECTOR('',#7484,1.);
#770=VECTOR('',#7485,1.);
#771=VECTOR('',#7488,1.);
#772=VECTOR('',#7491,1.);
#773=VECTOR('',#7492,1.);
#774=VECTOR('',#7495,1.);
#775=VECTOR('',#7500,1.);
#776=VECTOR('',#7519,1.);
#777=VECTOR('',#7562,1.);
#778=VECTOR('',#7565,1.);
#779=VECTOR('',#7566,1.);
#780=VECTOR('',#7591,1.);
#781=VECTOR('',#7604,1.);
#782=VECTOR('',#7607,1.);
#783=VECTOR('',#7608,1.);
#784=VECTOR('',#7615,1.);
#785=VECTOR('',#7628,1.);
#786=VECTOR('',#7631,1.);
#787=VECTOR('',#7632,1.);
#788=VECTOR('',#7635,1.);
#789=VECTOR('',#7668,1.);
#790=VECTOR('',#7669,1.);
#791=VECTOR('',#7670,1.);
#792=VECTOR('',#7673,1.);
#793=VECTOR('',#7674,1.);
#794=VECTOR('',#7675,1.);
#795=VECTOR('',#7678,1.);
#796=VECTOR('',#7679,1.);
#797=VECTOR('',#7680,1.);
#798=VECTOR('',#7683,1.);
#799=VECTOR('',#7684,1.);
#800=VECTOR('',#7685,1.);
#801=VECTOR('',#7706,1.);
#802=VECTOR('',#7707,1.);
#803=VECTOR('',#7708,1.);
#804=VECTOR('',#7721,1.);
#805=VECTOR('',#7724,1.);
#806=VECTOR('',#7725,1.);
#807=VECTOR('',#7726,1.);
#808=VECTOR('',#7737,1.);
#809=VECTOR('',#7738,1.);
#810=VECTOR('',#7739,1.);
#811=VECTOR('',#7740,1.);
#812=VECTOR('',#7741,1.);
#813=VECTOR('',#7742,1.);
#814=VECTOR('',#7743,1.);
#815=VECTOR('',#7744,1.);
#816=VECTOR('',#7745,1.);
#817=VECTOR('',#7746,1.);
#818=VECTOR('',#7747,1.);
#819=VECTOR('',#7748,1.);
#820=VECTOR('',#7751,1.);
#821=VECTOR('',#7752,1.);
#822=VECTOR('',#7753,1.);
#823=VECTOR('',#7756,1.);
#824=VECTOR('',#7757,1.);
#825=VECTOR('',#7760,1.);
#826=VECTOR('',#7761,1.);
#827=VECTOR('',#7764,1.);
#828=VECTOR('',#7765,1.);
#829=VECTOR('',#7768,1.);
#830=VECTOR('',#7769,1.);
#831=VECTOR('',#7772,1.);
#832=VECTOR('',#7773,1.);
#833=VECTOR('',#7776,1.);
#834=VECTOR('',#7777,1.);
#835=VECTOR('',#7780,1.);
#836=VECTOR('',#7781,1.);
#837=VECTOR('',#7784,1.);
#838=VECTOR('',#7785,1.);
#839=VECTOR('',#7788,1.);
#840=VECTOR('',#7789,1.);
#841=VECTOR('',#7792,1.);
#842=VECTOR('',#7793,1.);
#843=VECTOR('',#7796,1.);
#844=VECTOR('',#7799,1.);
#845=VECTOR('',#7800,1.);
#846=VECTOR('',#7801,1.);
#847=VECTOR('',#7808,1.);
#848=VECTOR('',#7809,1.);
#849=VECTOR('',#7812,1.);
#850=VECTOR('',#7817,1.);
#851=VECTOR('',#7822,1.);
#852=VECTOR('',#7823,1.);
#853=VECTOR('',#7826,1.);
#854=VECTOR('',#7829,1.);
#855=VECTOR('',#7830,1.);
#856=VECTOR('',#7831,1.);
#857=VECTOR('',#7832,1.);
#858=VECTOR('',#7835,1.);
#859=VECTOR('',#7836,1.);
#860=VECTOR('',#7837,1.);
#861=VECTOR('',#7840,1.);
#862=VECTOR('',#7841,1.);
#863=VECTOR('',#7842,1.);
#864=VECTOR('',#7845,1.);
#865=VECTOR('',#7846,1.);
#866=VECTOR('',#7847,1.);
#867=VECTOR('',#7850,1.);
#868=VECTOR('',#7851,1.);
#869=VECTOR('',#7852,1.);
#870=VECTOR('',#7855,1.);
#871=VECTOR('',#7856,1.);
#872=VECTOR('',#7857,1.);
#873=VECTOR('',#7860,1.);
#874=VECTOR('',#7861,1.);
#875=VECTOR('',#7862,1.);
#876=VECTOR('',#7865,1.);
#877=VECTOR('',#7866,1.);
#878=VECTOR('',#7873,1.);
#879=VECTOR('',#7874,1.);
#880=VECTOR('',#7875,1.);
#881=VECTOR('',#7900,1.);
#882=VECTOR('',#7901,1.);
#883=VECTOR('',#7904,1.);
#884=VECTOR('',#7905,1.);
#885=VECTOR('',#7908,1.);
#886=VECTOR('',#7911,1.);
#887=VECTOR('',#7912,1.);
#888=VECTOR('',#7913,1.);
#889=VECTOR('',#7914,1.);
#890=VECTOR('',#7917,1.);
#891=VECTOR('',#7918,1.);
#892=VECTOR('',#7945,1.);
#893=VECTOR('',#7946,1.);
#894=VECTOR('',#7951,1.);
#895=VECTOR('',#7952,1.);
#896=VECTOR('',#7953,1.);
#897=VECTOR('',#7954,1.);
#898=VECTOR('',#7955,1.);
#899=VECTOR('',#7956,1.);
#900=VECTOR('',#7957,1.);
#901=VECTOR('',#7958,1.);
#902=VECTOR('',#7959,1.);
#903=VECTOR('',#7960,1.);
#904=VECTOR('',#7961,1.);
#905=VECTOR('',#7962,1.);
#906=VECTOR('',#7965,1.);
#907=VECTOR('',#7966,1.);
#908=VECTOR('',#7967,1.);
#909=VECTOR('',#7970,1.);
#910=VECTOR('',#7971,1.);
#911=VECTOR('',#7974,1.);
#912=VECTOR('',#7975,1.);
#913=VECTOR('',#7978,1.);
#914=VECTOR('',#7979,1.);
#915=VECTOR('',#7982,1.);
#916=VECTOR('',#7983,1.);
#917=VECTOR('',#7986,1.);
#918=VECTOR('',#7987,1.);
#919=VECTOR('',#7990,1.);
#920=VECTOR('',#7991,1.);
#921=VECTOR('',#7994,1.);
#922=VECTOR('',#7995,1.);
#923=VECTOR('',#7998,1.);
#924=VECTOR('',#7999,1.);
#925=VECTOR('',#8002,1.);
#926=VECTOR('',#8003,1.);
#927=VECTOR('',#8006,1.);
#928=VECTOR('',#8007,1.);
#929=VECTOR('',#8010,1.);
#930=VECTOR('',#8015,1.);
#931=VECTOR('',#8028,1.);
#932=VECTOR('',#8059,1.);
#933=VECTOR('',#8062,1.);
#934=VECTOR('',#8063,1.);
#935=VECTOR('',#8088,1.);
#936=VECTOR('',#8091,1.);
#937=VECTOR('',#8092,1.);
#938=VECTOR('',#8099,1.);
#939=VECTOR('',#8100,1.);
#940=VECTOR('',#8101,1.);
#941=VECTOR('',#8102,1.);
#942=VECTOR('',#8103,1.);
#943=VECTOR('',#8104,1.);
#944=VECTOR('',#8107,1.);
#945=VECTOR('',#8108,1.);
#946=VECTOR('',#8109,1.);
#947=VECTOR('',#8112,1.);
#948=VECTOR('',#8113,1.);
#949=VECTOR('',#8116,1.);
#950=VECTOR('',#8117,1.);
#951=VECTOR('',#8120,1.);
#952=VECTOR('',#8121,1.);
#953=VECTOR('',#8124,1.);
#954=VECTOR('',#8125,1.);
#955=VECTOR('',#8128,1.);
#956=VECTOR('',#8131,1.);
#957=VECTOR('',#8132,1.);
#958=VECTOR('',#8133,1.);
#959=VECTOR('',#8138,1.);
#960=VECTOR('',#8139,1.);
#961=VECTOR('',#8140,1.);
#962=VECTOR('',#8143,1.);
#963=VECTOR('',#8144,1.);
#964=VECTOR('',#8147,1.);
#965=VECTOR('',#8148,1.);
#966=VECTOR('',#8149,1.);
#967=VECTOR('',#8150,1.);
#968=VECTOR('',#8151,1.);
#969=VECTOR('',#8152,1.);
#970=VECTOR('',#8155,1.);
#971=VECTOR('',#8156,1.);
#972=VECTOR('',#8157,1.);
#973=VECTOR('',#8160,1.);
#974=VECTOR('',#8161,1.);
#975=VECTOR('',#8164,1.);
#976=VECTOR('',#8165,1.);
#977=VECTOR('',#8168,1.);
#978=VECTOR('',#8169,1.);
#979=VECTOR('',#8172,1.);
#980=VECTOR('',#8173,1.);
#981=VECTOR('',#8176,1.);
#982=VECTOR('',#8179,1.);
#983=VECTOR('',#8184,1.);
#984=VECTOR('',#8193,1.);
#985=VECTOR('',#8194,1.);
#986=VECTOR('',#8199,1.);
#987=VECTOR('',#8202,1.);
#988=VECTOR('',#8203,1.);
#989=VECTOR('',#8208,1.);
#990=VECTOR('',#8217,1.);
#991=VECTOR('',#8220,1.);
#992=VECTOR('',#8221,1.);
#993=VECTOR('',#8222,1.);
#994=VECTOR('',#8223,1.);
#995=VECTOR('',#8224,1.);
#996=VECTOR('',#8225,1.);
#997=VECTOR('',#8226,1.);
#998=VECTOR('',#8227,1.);
#999=VECTOR('',#8228,1.);
#1000=VECTOR('',#8229,1.);
#1001=VECTOR('',#8230,1.);
#1002=VECTOR('',#8231,1.);
#1003=VECTOR('',#8234,1.);
#1004=VECTOR('',#8235,1.);
#1005=VECTOR('',#8236,1.);
#1006=VECTOR('',#8239,1.);
#1007=VECTOR('',#8240,1.);
#1008=VECTOR('',#8243,1.);
#1009=VECTOR('',#8244,1.);
#1010=VECTOR('',#8247,1.);
#1011=VECTOR('',#8248,1.);
#1012=VECTOR('',#8251,1.);
#1013=VECTOR('',#8252,1.);
#1014=VECTOR('',#8255,1.);
#1015=VECTOR('',#8256,1.);
#1016=VECTOR('',#8259,1.);
#1017=VECTOR('',#8260,1.);
#1018=VECTOR('',#8263,1.);
#1019=VECTOR('',#8264,1.);
#1020=VECTOR('',#8267,1.);
#1021=VECTOR('',#8268,1.);
#1022=VECTOR('',#8271,1.);
#1023=VECTOR('',#8272,1.);
#1024=VECTOR('',#8275,1.);
#1025=VECTOR('',#8276,1.);
#1026=VECTOR('',#8279,1.);
#1027=VECTOR('',#8282,1.);
#1028=VECTOR('',#8283,1.);
#1029=VECTOR('',#8284,1.);
#1030=VECTOR('',#8287,1.);
#1031=VECTOR('',#8292,1.);
#1032=VECTOR('',#8295,1.);
#1033=VECTOR('',#8298,1.);
#1034=VECTOR('',#8301,1.);
#1035=VECTOR('',#8302,1.);
#1036=VECTOR('',#8307,1.);
#1037=VECTOR('',#8310,1.);
#1038=VECTOR('',#8311,1.);
#1039=VECTOR('',#8314,1.);
#1040=VECTOR('',#8315,1.);
#1041=VECTOR('',#8318,1.);
#1042=VECTOR('',#8321,1.);
#1043=VECTOR('',#8322,1.);
#1044=VECTOR('',#8323,1.);
#1045=VECTOR('',#8328,1.);
#1046=VECTOR('',#8331,1.);
#1047=VECTOR('',#8332,1.);
#1048=VECTOR('',#8335,1.);
#1049=VECTOR('',#8338,1.);
#1050=VECTOR('',#8339,1.);
#1051=VECTOR('',#8342,1.);
#1052=VECTOR('',#8345,1.);
#1053=VECTOR('',#8346,1.);
#1054=VECTOR('',#8347,1.);
#1055=VECTOR('',#8348,1.);
#1056=VECTOR('',#8349,1.);
#1057=VECTOR('',#8350,1.);
#1058=VECTOR('',#8351,1.);
#1059=VECTOR('',#8352,1.);
#1060=VECTOR('',#8355,1.);
#1061=VECTOR('',#8356,1.);
#1062=VECTOR('',#8357,1.);
#1063=VECTOR('',#8360,1.);
#1064=VECTOR('',#8361,1.);
#1065=VECTOR('',#8364,1.);
#1066=VECTOR('',#8365,1.);
#1067=VECTOR('',#8368,1.);
#1068=VECTOR('',#8369,1.);
#1069=VECTOR('',#8372,1.);
#1070=VECTOR('',#8373,1.);
#1071=VECTOR('',#8376,1.);
#1072=VECTOR('',#8377,1.);
#1073=VECTOR('',#8380,1.);
#1074=VECTOR('',#8381,1.);
#1075=VECTOR('',#8384,1.);
#1076=VECTOR('',#8387,1.);
#1077=VECTOR('',#8388,1.);
#1078=VECTOR('',#8389,1.);
#1079=VECTOR('',#8390,1.);
#1080=VECTOR('',#8393,1.);
#1081=VECTOR('',#8394,1.);
#1082=VECTOR('',#8395,1.);
#1083=VECTOR('',#8396,1.);
#1084=VECTOR('',#8397,1.);
#1085=VECTOR('',#8400,1.);
#1086=VECTOR('',#8401,1.);
#1087=VECTOR('',#8404,1.);
#1088=VECTOR('',#8405,1.);
#1089=VECTOR('',#8406,1.);
#1090=VECTOR('',#8407,1.);
#1091=VECTOR('',#8410,1.);
#1092=VECTOR('',#8413,1.);
#1093=VECTOR('',#8416,1.);
#1094=VECTOR('',#8417,1.);
#1095=VECTOR('',#8418,1.);
#1096=VECTOR('',#8419,1.);
#1097=VECTOR('',#8422,1.);
#1098=VECTOR('',#8423,1.);
#1099=VECTOR('',#8424,1.);
#1100=VECTOR('',#8425,1.);
#1101=VECTOR('',#8426,1.);
#1102=VECTOR('',#8429,1.);
#1103=VECTOR('',#8430,1.);
#1104=VECTOR('',#8433,1.);
#1105=VECTOR('',#8434,1.);
#1106=VECTOR('',#8435,1.);
#1107=VECTOR('',#8436,1.);
#1108=VECTOR('',#8439,1.);
#1109=VECTOR('',#8442,1.);
#1110=VECTOR('',#8445,1.);
#1111=VECTOR('',#8446,1.);
#1112=VECTOR('',#8447,1.);
#1113=VECTOR('',#8448,1.);
#1114=VECTOR('',#8451,1.);
#1115=VECTOR('',#8452,1.);
#1116=VECTOR('',#8453,1.);
#1117=VECTOR('',#8454,1.);
#1118=VECTOR('',#8455,1.);
#1119=VECTOR('',#8458,1.);
#1120=VECTOR('',#8459,1.);
#1121=VECTOR('',#8462,1.);
#1122=VECTOR('',#8463,1.);
#1123=VECTOR('',#8464,1.);
#1124=VECTOR('',#8465,1.);
#1125=VECTOR('',#8468,1.);
#1126=VECTOR('',#8471,1.);
#1127=VECTOR('',#8474,1.);
#1128=VECTOR('',#8475,1.);
#1129=VECTOR('',#8476,1.);
#1130=VECTOR('',#8477,1.);
#1131=VECTOR('',#8480,1.);
#1132=VECTOR('',#8481,1.);
#1133=VECTOR('',#8482,1.);
#1134=VECTOR('',#8483,1.);
#1135=VECTOR('',#8484,1.);
#1136=VECTOR('',#8487,1.);
#1137=VECTOR('',#8488,1.);
#1138=VECTOR('',#8491,1.);
#1139=VECTOR('',#8492,1.);
#1140=VECTOR('',#8493,1.);
#1141=VECTOR('',#8494,1.);
#1142=VECTOR('',#8497,1.);
#1143=VECTOR('',#8500,1.);
#1144=VECTOR('',#8503,1.);
#1145=VECTOR('',#8504,1.);
#1146=VECTOR('',#8505,1.);
#1147=VECTOR('',#8506,1.);
#1148=VECTOR('',#8509,1.);
#1149=VECTOR('',#8510,1.);
#1150=VECTOR('',#8511,1.);
#1151=VECTOR('',#8514,1.);
#1152=VECTOR('',#8515,1.);
#1153=VECTOR('',#8516,1.);
#1154=VECTOR('',#8519,1.);
#1155=VECTOR('',#8520,1.);
#1156=VECTOR('',#8521,1.);
#1157=VECTOR('',#8524,1.);
#1158=VECTOR('',#8525,1.);
#1159=VECTOR('',#8526,1.);
#1160=VECTOR('',#8529,1.);
#1161=VECTOR('',#8532,1.);
#1162=VECTOR('',#8533,1.);
#1163=VECTOR('',#8534,1.);
#1164=VECTOR('',#8535,1.);
#1165=VECTOR('',#8538,1.);
#1166=VECTOR('',#8539,1.);
#1167=VECTOR('',#8540,1.);
#1168=VECTOR('',#8543,1.);
#1169=VECTOR('',#8544,1.);
#1170=VECTOR('',#8545,1.);
#1171=VECTOR('',#8548,1.);
#1172=VECTOR('',#8549,1.);
#1173=VECTOR('',#8550,1.);
#1174=VECTOR('',#8553,1.);
#1175=VECTOR('',#8554,1.);
#1176=VECTOR('',#8555,1.);
#1177=VECTOR('',#8558,1.);
#1178=VECTOR('',#8561,1.);
#1179=VECTOR('',#8562,1.);
#1180=VECTOR('',#8563,1.);
#1181=VECTOR('',#8564,1.);
#1182=VECTOR('',#8567,1.);
#1183=VECTOR('',#8568,1.);
#1184=VECTOR('',#8569,1.);
#1185=VECTOR('',#8572,1.);
#1186=VECTOR('',#8573,1.);
#1187=VECTOR('',#8574,1.);
#1188=VECTOR('',#8577,1.);
#1189=VECTOR('',#8578,1.);
#1190=VECTOR('',#8579,1.);
#1191=VECTOR('',#8582,1.);
#1192=VECTOR('',#8583,1.);
#1193=VECTOR('',#8584,1.);
#1194=VECTOR('',#8587,1.);
#1195=VECTOR('',#8590,1.);
#1196=VECTOR('',#8591,1.);
#1197=VECTOR('',#8592,1.);
#1198=VECTOR('',#8593,1.);
#1199=VECTOR('',#8596,1.);
#1200=VECTOR('',#8597,1.);
#1201=VECTOR('',#8598,1.);
#1202=VECTOR('',#8601,1.);
#1203=VECTOR('',#8602,1.);
#1204=VECTOR('',#8603,1.);
#1205=VECTOR('',#8606,1.);
#1206=VECTOR('',#8607,1.);
#1207=VECTOR('',#8608,1.);
#1208=VECTOR('',#8611,1.);
#1209=VECTOR('',#8612,1.);
#1210=VECTOR('',#8613,1.);
#1211=VECTOR('',#8616,1.);
#1212=VECTOR('',#8623,1.);
#1213=VECTOR('',#8624,1.);
#1214=VECTOR('',#8625,1.);
#1215=VECTOR('',#8626,1.);
#1216=VECTOR('',#8629,1.);
#1217=VECTOR('',#8630,1.);
#1218=VECTOR('',#8631,1.);
#1219=VECTOR('',#8632,1.);
#1220=VECTOR('',#8635,1.);
#1221=VECTOR('',#8636,1.);
#1222=VECTOR('',#8637,1.);
#1223=VECTOR('',#8638,1.);
#1224=VECTOR('',#8639,1.);
#1225=VECTOR('',#8640,1.);
#1226=VECTOR('',#8643,1.);
#1227=VECTOR('',#8644,1.);
#1228=VECTOR('',#8645,1.);
#1229=VECTOR('',#8646,1.);
#1230=VECTOR('',#8647,1.);
#1231=VECTOR('',#8648,1.);
#1232=B_SPLINE_CURVE_WITH_KNOTS('',3,(#8664,#8665,#8666,#8667),
 .UNSPECIFIED.,.F.,.F.,(4,4),(0.,1.),.UNSPECIFIED.);
#1233=B_SPLINE_CURVE_WITH_KNOTS('',3,(#8671,#8672,#8673,#8674),
 .UNSPECIFIED.,.F.,.F.,(4,4),(2.50001255383393E-5,1.),.UNSPECIFIED.);
#1234=B_SPLINE_CURVE_WITH_KNOTS('',3,(#8681,#8682,#8683,#8684),
 .UNSPECIFIED.,.F.,.F.,(4,4),(0.,1.),.UNSPECIFIED.);
#1235=B_SPLINE_CURVE_WITH_KNOTS('',3,(#8688,#8689,#8690,#8691),
 .UNSPECIFIED.,.F.,.F.,(4,4),(2.50001255058131E-5,1.),.UNSPECIFIED.);
#1236=B_SPLINE_CURVE_WITH_KNOTS('',3,(#8709,#8710,#8711,#8712),
 .UNSPECIFIED.,.F.,.F.,(4,4),(0.,1.),.UNSPECIFIED.);
#1237=B_SPLINE_CURVE_WITH_KNOTS('',3,(#8718,#8719,#8720,#8721),
 .UNSPECIFIED.,.F.,.F.,(4,4),(0.,1.),.UNSPECIFIED.);
#1238=B_SPLINE_CURVE_WITH_KNOTS('',3,(#8733,#8734,#8735,#8736),
 .UNSPECIFIED.,.F.,.F.,(4,4),(2.50001255058131E-5,1.),.UNSPECIFIED.);
#1239=B_SPLINE_CURVE_WITH_KNOTS('',3,(#8742,#8743,#8744,#8745),
 .UNSPECIFIED.,.F.,.F.,(4,4),(0.,1.),.UNSPECIFIED.);
#1240=B_SPLINE_CURVE_WITH_KNOTS('',3,(#8751,#8752,#8753,#8754),
 .UNSPECIFIED.,.F.,.F.,(4,4),(0.,1.),.UNSPECIFIED.);
#1241=B_SPLINE_CURVE_WITH_KNOTS('',3,(#8766,#8767,#8768,#8769),
 .UNSPECIFIED.,.F.,.F.,(4,4),(2.50001254841289E-5,1.),.UNSPECIFIED.);
#1242=B_SPLINE_CURVE_WITH_KNOTS('',3,(#8781,#8782,#8783,#8784),
 .UNSPECIFIED.,.F.,.F.,(4,4),(2.49975126088279E-5,1.),.UNSPECIFIED.);
#1243=B_SPLINE_CURVE_WITH_KNOTS('',3,(#8790,#8791,#8792,#8793),
 .UNSPECIFIED.,.F.,.F.,(4,4),(2.50001255058131E-5,1.),.UNSPECIFIED.);
#1244=B_SPLINE_CURVE_WITH_KNOTS('',3,(#8805,#8806,#8807,#8808),
 .UNSPECIFIED.,.F.,.F.,(4,4),(2.50001255058131E-5,1.),.UNSPECIFIED.);
#1245=B_SPLINE_CURVE_WITH_KNOTS('',3,(#8844,#8845,#8846,#8847),
 .UNSPECIFIED.,.F.,.F.,(4,4),(2.50001255058131E-5,1.),.UNSPECIFIED.);
#1246=B_SPLINE_CURVE_WITH_KNOTS('',3,(#8859,#8860,#8861,#8862),
 .UNSPECIFIED.,.F.,.F.,(4,4),(2.50001255058131E-5,1.),.UNSPECIFIED.);
#1247=B_SPLINE_CURVE_WITH_KNOTS('',3,(#8868,#8869,#8870,#8871),
 .UNSPECIFIED.,.F.,.F.,(4,4),(2.50001255058131E-5,1.),.UNSPECIFIED.);
#1248=B_SPLINE_CURVE_WITH_KNOTS('',3,(#8877,#8878,#8879,#8880),
 .UNSPECIFIED.,.F.,.F.,(4,4),(2.50001255058131E-5,1.),.UNSPECIFIED.);
#1249=B_SPLINE_CURVE_WITH_KNOTS('',3,(#8886,#8887,#8888,#8889),
 .UNSPECIFIED.,.F.,.F.,(4,4),(0.,0.999974999874494),.UNSPECIFIED.);
#1250=B_SPLINE_CURVE_WITH_KNOTS('',3,(#8901,#8902,#8903,#8904),
 .UNSPECIFIED.,.F.,.F.,(4,4),(2.50001255058131E-5,1.),.UNSPECIFIED.);
#1251=B_SPLINE_CURVE_WITH_KNOTS('',3,(#8910,#8911,#8912,#8913),
 .UNSPECIFIED.,.F.,.F.,(4,4),(2.50001255058131E-5,1.),.UNSPECIFIED.);
#1252=B_SPLINE_CURVE_WITH_KNOTS('',3,(#8919,#8920,#8921,#8922),
 .UNSPECIFIED.,.F.,.F.,(4,4),(2.50001255058131E-5,1.),.UNSPECIFIED.);
#1253=B_SPLINE_CURVE_WITH_KNOTS('',3,(#8945,#8946,#8947,#8948),
 .UNSPECIFIED.,.F.,.F.,(4,4),(0.,1.),.UNSPECIFIED.);
#1254=B_SPLINE_CURVE_WITH_KNOTS('',3,(#9032,#9033,#9034,#9035),
 .UNSPECIFIED.,.F.,.F.,(4,4),(0.,1.),.UNSPECIFIED.);
#1255=B_SPLINE_CURVE_WITH_KNOTS('',3,(#9039,#9040,#9041,#9042),
 .UNSPECIFIED.,.F.,.F.,(4,4),(0.,1.),.UNSPECIFIED.);
#1256=B_SPLINE_CURVE_WITH_KNOTS('',3,(#9044,#9045,#9046,#9047),
 .UNSPECIFIED.,.F.,.F.,(4,4),(0.,1.),.UNSPECIFIED.);
#1257=B_SPLINE_CURVE_WITH_KNOTS('',3,(#9051,#9052,#9053,#9054),
 .UNSPECIFIED.,.F.,.F.,(4,4),(0.,1.),.UNSPECIFIED.);
#1258=B_SPLINE_CURVE_WITH_KNOTS('',3,(#9058,#9059,#9060,#9061),
 .UNSPECIFIED.,.F.,.F.,(4,4),(2.50001255058131E-5,1.),.UNSPECIFIED.);
#1259=B_SPLINE_CURVE_WITH_KNOTS('',3,(#9088,#9089,#9090,#9091),
 .UNSPECIFIED.,.F.,.F.,(4,4),(2.50001255058131E-5,1.),.UNSPECIFIED.);
#1260=B_SPLINE_CURVE_WITH_KNOTS('',3,(#9097,#9098,#9099,#9100),
 .UNSPECIFIED.,.F.,.F.,(4,4),(2.50001255058131E-5,1.),.UNSPECIFIED.);
#1261=B_SPLINE_CURVE_WITH_KNOTS('',3,(#9106,#9107,#9108,#9109),
 .UNSPECIFIED.,.F.,.F.,(4,4),(0.,1.),.UNSPECIFIED.);
#1262=B_SPLINE_CURVE_WITH_KNOTS('',3,(#9115,#9116,#9117,#9118),
 .UNSPECIFIED.,.F.,.F.,(4,4),(2.50001255058131E-5,1.),.UNSPECIFIED.);
#1263=B_SPLINE_CURVE_WITH_KNOTS('',3,(#9124,#9125,#9126,#9127),
 .UNSPECIFIED.,.F.,.F.,(4,4),(0.,1.),.UNSPECIFIED.);
#1264=B_SPLINE_CURVE_WITH_KNOTS('',3,(#9241,#9242,#9243,#9244),
 .UNSPECIFIED.,.F.,.F.,(4,4),(1.20000602501629E-5,1.),.UNSPECIFIED.);
#1265=B_SPLINE_CURVE_WITH_KNOTS('',3,(#9248,#9249,#9250,#9251),
 .UNSPECIFIED.,.F.,.F.,(4,4),(0.,1.),.UNSPECIFIED.);
#1266=B_SPLINE_CURVE_WITH_KNOTS('',3,(#9263,#9264,#9265,#9266),
 .UNSPECIFIED.,.F.,.F.,(4,4),(1.20000602501629E-5,1.),.UNSPECIFIED.);
#1267=B_SPLINE_CURVE_WITH_KNOTS('',3,(#9270,#9271,#9272,#9273),
 .UNSPECIFIED.,.F.,.F.,(4,4),(0.,1.),.UNSPECIFIED.);
#1268=B_SPLINE_CURVE_WITH_KNOTS('',3,(#9329,#9330,#9331,#9332),
 .UNSPECIFIED.,.F.,.F.,(4,4),(15.,16.),.UNSPECIFIED.);
#1269=B_SPLINE_CURVE_WITH_KNOTS('',3,(#9354,#9355,#9356,#9357),
 .UNSPECIFIED.,.F.,.F.,(4,4),(4.,5.),.UNSPECIFIED.);
#1270=B_SPLINE_CURVE_WITH_KNOTS('',3,(#9368,#9369,#9370,#9371),
 .UNSPECIFIED.,.F.,.F.,(4,4),(0.,1.),.UNSPECIFIED.);
#1271=B_SPLINE_CURVE_WITH_KNOTS('',3,(#9372,#9373,#9374,#9375),
 .UNSPECIFIED.,.F.,.F.,(4,4),(0.,1.),.UNSPECIFIED.);
#1272=B_SPLINE_CURVE_WITH_KNOTS('',3,(#9379,#9380,#9381,#9382),
 .UNSPECIFIED.,.F.,.F.,(4,4),(2.50001255058131E-5,1.),.UNSPECIFIED.);
#1273=B_SPLINE_CURVE_WITH_KNOTS('',3,(#9386,#9387,#9388,#9389),
 .UNSPECIFIED.,.F.,.F.,(4,4),(0.,1.),.UNSPECIFIED.);
#1274=B_SPLINE_CURVE_WITH_KNOTS('',3,(#9398,#9399,#9400,#9401),
 .UNSPECIFIED.,.F.,.F.,(4,4),(4.,5.),.UNSPECIFIED.);
#1275=B_SPLINE_CURVE_WITH_KNOTS('',3,(#9403,#9404,#9405,#9406),
 .UNSPECIFIED.,.F.,.F.,(4,4),(0.,1.),.UNSPECIFIED.);
#1276=B_SPLINE_CURVE_WITH_KNOTS('',3,(#9410,#9411,#9412,#9413),
 .UNSPECIFIED.,.F.,.F.,(4,4),(0.,1.),.UNSPECIFIED.);
#1277=B_SPLINE_CURVE_WITH_KNOTS('',3,(#9417,#9418,#9419,#9420),
 .UNSPECIFIED.,.F.,.F.,(4,4),(2.50001255058131E-5,1.),.UNSPECIFIED.);
#1278=B_SPLINE_CURVE_WITH_KNOTS('',3,(#9424,#9425,#9426,#9427),
 .UNSPECIFIED.,.F.,.F.,(4,4),(2.50001255058131E-5,1.),.UNSPECIFIED.);
#1279=B_SPLINE_CURVE_WITH_KNOTS('',3,(#9439,#9440,#9441,#9442),
 .UNSPECIFIED.,.F.,.F.,(4,4),(0.,1.),.UNSPECIFIED.);
#1280=B_SPLINE_CURVE_WITH_KNOTS('',3,(#9446,#9447,#9448,#9449),
 .UNSPECIFIED.,.F.,.F.,(4,4),(2.50001255058131E-5,1.),.UNSPECIFIED.);
#1281=B_SPLINE_CURVE_WITH_KNOTS('',3,(#9453,#9454,#9455,#9456),
 .UNSPECIFIED.,.F.,.F.,(4,4),(0.,1.),.UNSPECIFIED.);
#1282=B_SPLINE_CURVE_WITH_KNOTS('',3,(#9460,#9461,#9462,#9463),
 .UNSPECIFIED.,.F.,.F.,(4,4),(2.50001255058131E-5,1.),.UNSPECIFIED.);
#1283=B_SPLINE_CURVE_WITH_KNOTS('',3,(#9467,#9468,#9469,#9470),
 .UNSPECIFIED.,.F.,.F.,(4,4),(0.,1.),.UNSPECIFIED.);
#1284=B_SPLINE_CURVE_WITH_KNOTS('',3,(#9479,#9480,#9481,#9482),
 .UNSPECIFIED.,.F.,.F.,(4,4),(15.,16.),.UNSPECIFIED.);
#1285=B_SPLINE_CURVE_WITH_KNOTS('',3,(#9484,#9485,#9486,#9487),
 .UNSPECIFIED.,.F.,.F.,(4,4),(0.,1.),.UNSPECIFIED.);
#1286=B_SPLINE_CURVE_WITH_KNOTS('',3,(#9495,#9496,#9497,#9498),
 .UNSPECIFIED.,.F.,.F.,(4,4),(2.50001255058131E-5,1.),.UNSPECIFIED.);
#1287=B_SPLINE_CURVE_WITH_KNOTS('',3,(#9502,#9503,#9504,#9505),
 .UNSPECIFIED.,.F.,.F.,(4,4),(0.,1.),.UNSPECIFIED.);
#1288=B_SPLINE_CURVE_WITH_KNOTS('',3,(#9538,#9539,#9540,#9541),
 .UNSPECIFIED.,.F.,.F.,(4,4),(2.50001255058131E-5,1.),.UNSPECIFIED.);
#1289=B_SPLINE_CURVE_WITH_KNOTS('',3,(#9543,#9544,#9545,#9546),
 .UNSPECIFIED.,.F.,.F.,(4,4),(0.,1.),.UNSPECIFIED.);
#1290=B_SPLINE_CURVE_WITH_KNOTS('',3,(#9550,#9551,#9552,#9553),
 .UNSPECIFIED.,.F.,.F.,(4,4),(0.,1.),.UNSPECIFIED.);
#1291=B_SPLINE_CURVE_WITH_KNOTS('',3,(#9557,#9558,#9559,#9560),
 .UNSPECIFIED.,.F.,.F.,(4,4),(0.,1.),.UNSPECIFIED.);
#1292=B_SPLINE_CURVE_WITH_KNOTS('',3,(#9564,#9565,#9566,#9567),
 .UNSPECIFIED.,.F.,.F.,(4,4),(0.,1.),.UNSPECIFIED.);
#1293=B_SPLINE_CURVE_WITH_KNOTS('',3,(#9571,#9572,#9573,#9574),
 .UNSPECIFIED.,.F.,.F.,(4,4),(0.,1.),.UNSPECIFIED.);
#1294=B_SPLINE_CURVE_WITH_KNOTS('',3,(#9578,#9579,#9580,#9581),
 .UNSPECIFIED.,.F.,.F.,(4,4),(0.,1.),.UNSPECIFIED.);
#1295=B_SPLINE_CURVE_WITH_KNOTS('',3,(#9590,#9591,#9592,#9593),
 .UNSPECIFIED.,.F.,.F.,(4,4),(0.,1.),.UNSPECIFIED.);
#1296=B_SPLINE_CURVE_WITH_KNOTS('',3,(#9597,#9598,#9599,#9600),
 .UNSPECIFIED.,.F.,.F.,(4,4),(0.,1.),.UNSPECIFIED.);
#1297=B_SPLINE_CURVE_WITH_KNOTS('',3,(#9633,#9634,#9635,#9636),
 .UNSPECIFIED.,.F.,.F.,(4,4),(6.,7.),.UNSPECIFIED.);
#1298=B_SPLINE_CURVE_WITH_KNOTS('',3,(#9638,#9639,#9640,#9641),
 .UNSPECIFIED.,.F.,.F.,(4,4),(6.,7.),.UNSPECIFIED.);
#1299=B_SPLINE_CURVE_WITH_KNOTS('',3,(#9643,#9644,#9645,#9646),
 .UNSPECIFIED.,.F.,.F.,(4,4),(0.,1.),.UNSPECIFIED.);
#1300=B_SPLINE_CURVE_WITH_KNOTS('',3,(#9652,#9653,#9654,#9655),
 .UNSPECIFIED.,.F.,.F.,(4,4),(2.50001231747666E-5,1.),.UNSPECIFIED.);
#1301=B_SPLINE_CURVE_WITH_KNOTS('',3,(#9661,#9662,#9663,#9664),
 .UNSPECIFIED.,.F.,.F.,(4,4),(0.,0.998622692957142),.UNSPECIFIED.);
#1302=B_SPLINE_CURVE_WITH_KNOTS('',3,(#9670,#9671,#9672,#9673),
 .UNSPECIFIED.,.F.,.F.,(4,4),(0.00147500630218214,1.),.UNSPECIFIED.);
#1303=B_SPLINE_CURVE_WITH_KNOTS('',3,(#9685,#9686,#9687,#9688),
 .UNSPECIFIED.,.F.,.F.,(4,4),(2.50001255058131E-5,1.),.UNSPECIFIED.);
#1304=B_SPLINE_CURVE_WITH_KNOTS('',3,(#9790,#9791,#9792,#9793),
 .UNSPECIFIED.,.F.,.F.,(4,4),(0.,1.),.UNSPECIFIED.);
#1305=B_SPLINE_CURVE_WITH_KNOTS('',3,(#9877,#9878,#9879,#9880),
 .UNSPECIFIED.,.F.,.F.,(4,4),(0.,1.),.UNSPECIFIED.);
#1306=B_SPLINE_CURVE_WITH_KNOTS('',3,(#9884,#9885,#9886,#9887),
 .UNSPECIFIED.,.F.,.F.,(4,4),(0.,1.),.UNSPECIFIED.);
#1307=B_SPLINE_CURVE_WITH_KNOTS('',3,(#9889,#9890,#9891,#9892),
 .UNSPECIFIED.,.F.,.F.,(4,4),(0.,1.),.UNSPECIFIED.);
#1308=B_SPLINE_CURVE_WITH_KNOTS('',3,(#9896,#9897,#9898,#9899),
 .UNSPECIFIED.,.F.,.F.,(4,4),(0.,1.),.UNSPECIFIED.);
#1309=B_SPLINE_CURVE_WITH_KNOTS('',3,(#9903,#9904,#9905,#9906),
 .UNSPECIFIED.,.F.,.F.,(4,4),(2.50001255058131E-5,1.),.UNSPECIFIED.);
#1310=B_SPLINE_CURVE_WITH_KNOTS('',3,(#9933,#9934,#9935,#9936),
 .UNSPECIFIED.,.F.,.F.,(4,4),(2.50001255058131E-5,1.),.UNSPECIFIED.);
#1311=B_SPLINE_CURVE_WITH_KNOTS('',3,(#9942,#9943,#9944,#9945),
 .UNSPECIFIED.,.F.,.F.,(4,4),(2.50001255058131E-5,1.),.UNSPECIFIED.);
#1312=B_SPLINE_CURVE_WITH_KNOTS('',3,(#9951,#9952,#9953,#9954),
 .UNSPECIFIED.,.F.,.F.,(4,4),(0.,1.),.UNSPECIFIED.);
#1313=B_SPLINE_CURVE_WITH_KNOTS('',3,(#9960,#9961,#9962,#9963),
 .UNSPECIFIED.,.F.,.F.,(4,4),(2.50001255058131E-5,1.),.UNSPECIFIED.);
#1314=B_SPLINE_CURVE_WITH_KNOTS('',3,(#9969,#9970,#9971,#9972),
 .UNSPECIFIED.,.F.,.F.,(4,4),(0.,1.),.UNSPECIFIED.);
#1315=B_SPLINE_CURVE_WITH_KNOTS('',3,(#10083,#10084,#10085,#10086),
 .UNSPECIFIED.,.F.,.F.,(4,4),(0.,1.),.UNSPECIFIED.);
#1316=B_SPLINE_CURVE_WITH_KNOTS('',3,(#10087,#10088,#10089,#10090),
 .UNSPECIFIED.,.F.,.F.,(4,4),(2.50001255058131E-5,1.),.UNSPECIFIED.);
#1317=B_SPLINE_CURVE_WITH_KNOTS('',3,(#10094,#10095,#10096,#10097),
 .UNSPECIFIED.,.F.,.F.,(4,4),(0.,1.),.UNSPECIFIED.);
#1318=B_SPLINE_CURVE_WITH_KNOTS('',3,(#10101,#10102,#10103,#10104),
 .UNSPECIFIED.,.F.,.F.,(4,4),(2.50001255058131E-5,1.),.UNSPECIFIED.);
#1319=B_SPLINE_CURVE_WITH_KNOTS('',3,(#10108,#10109,#10110,#10111),
 .UNSPECIFIED.,.F.,.F.,(4,4),(0.,1.),.UNSPECIFIED.);
#1320=B_SPLINE_CURVE_WITH_KNOTS('',3,(#10123,#10124,#10125,#10126),
 .UNSPECIFIED.,.F.,.F.,(4,4),(2.50001255058131E-5,1.),.UNSPECIFIED.);
#1321=B_SPLINE_CURVE_WITH_KNOTS('',3,(#10130,#10131,#10132,#10133),
 .UNSPECIFIED.,.F.,.F.,(4,4),(2.50001255058131E-5,1.),.UNSPECIFIED.);
#1322=B_SPLINE_CURVE_WITH_KNOTS('',3,(#10137,#10138,#10139,#10140),
 .UNSPECIFIED.,.F.,.F.,(4,4),(0.,1.),.UNSPECIFIED.);
#1323=B_SPLINE_CURVE_WITH_KNOTS('',3,(#10144,#10145,#10146,#10147),
 .UNSPECIFIED.,.F.,.F.,(4,4),(2.50001239011858E-5,1.),.UNSPECIFIED.);
#1324=B_SPLINE_CURVE_WITH_KNOTS('',3,(#10151,#10152,#10153,#10154),
 .UNSPECIFIED.,.F.,.F.,(4,4),(0.,1.),.UNSPECIFIED.);
#1325=B_SPLINE_CURVE_WITH_KNOTS('',3,(#10203,#10204,#10205,#10206,#10207,
#10208,#10209,#10210,#10211,#10212,#10213,#10214,#10215,#10216,#10217,#10218,
#10219,#10220,#10221),.UNSPECIFIED.,.F.,.F.,(4,1,1,1,1,1,1,1,1,1,1,1,1,
1,1,1,4),(0.,0.07430465465555,0.144395278118,0.210501927383,0.273252216031,
0.33381705022,0.392522656094,0.450081103081,0.507814926858,0.565459893874,
0.623144369682,0.681293511757,0.740910505694,0.801853463619,0.86523968125,
0.930940859419,1.),.UNSPECIFIED.);
#1326=B_SPLINE_CURVE_WITH_KNOTS('',3,(#10287,#10288,#10289,#10290,#10291,
#10292,#10293,#10294,#10295,#10296,#10297,#10298,#10299,#10300,#10301,#10302,
#10303,#10304,#10305),.UNSPECIFIED.,.F.,.F.,(4,1,1,1,1,1,1,1,1,1,1,1,1,
1,1,1,4),(0.,0.07378258718587,0.144095652163,0.211372776945,0.276108573914,
0.338559771335,0.399646477988,0.460022357923,0.520364180104,0.579989743327,
0.638421673378,0.696329698138,0.753973538922,0.812784195164,0.872739820247,
0.935174557152,1.),.UNSPECIFIED.);
#1327=B_SPLINE_CURVE_WITH_KNOTS('',3,(#10307,#10308,#10309,#10310,#10311,
#10312,#10313,#10314,#10315,#10316,#10317,#10318,#10319,#10320,#10321,#10322,
#10323,#10324,#10325),.UNSPECIFIED.,.F.,.F.,(4,1,1,1,1,1,1,1,1,1,1,1,1,
1,1,1,4),(0.,0.06460651091173,0.126707396677,0.186764158456,0.24561607929,
0.303634260101,0.361487584679,0.420227043541,0.48002251282,0.540669691743,
0.601185743116,0.662329843678,0.725019474255,0.789459456756,0.856499216937,
0.92630919798,1.),.UNSPECIFIED.);
#1328=B_SPLINE_CURVE_WITH_KNOTS('',3,(#10333,#10334,#10335,#10336,#10337,
#10338,#10339,#10340,#10341,#10342,#10343,#10344,#10345,#10346,#10347,#10348,
#10349,#10350,#10351),.UNSPECIFIED.,.F.,.F.,(4,1,1,1,1,1,1,1,1,1,1,1,1,
1,1,1,4),(0.,0.07063927843666,0.13824802572,0.203351342261,0.266307354651,
0.328095924853,0.388723973634,0.449593764798,0.511027386645,0.572085699882,
0.63187552745,0.691136624653,0.750375720002,0.81004484045,0.871370536028,
0.934431262653,1.),.UNSPECIFIED.);
#1329=B_SPLINE_CURVE_WITH_KNOTS('',3,(#10353,#10354,#10355,#10356,#10357,
#10358,#10359,#10360,#10361,#10362,#10363,#10364,#10365,#10366,#10367,#10368,
#10369,#10370,#10371),.UNSPECIFIED.,.F.,.F.,(4,1,1,1,1,1,1,1,1,1,1,1,1,
1,1,1,4),(0.,0.06783158586377,0.132652285122,0.195046103356,0.255497701945,
0.314816628394,0.37361582587,0.432559503627,0.492443069802,0.552682219984,
0.612522541488,0.672618274675,0.733844892932,0.79659922404,0.861453195154,
0.929200677684,1.),.UNSPECIFIED.);
#1330=B_SPLINE_CURVE_WITH_KNOTS('',3,(#10378,#10379,#10380,#10381),
 .UNSPECIFIED.,.F.,.F.,(4,4),(0.,1.),.UNSPECIFIED.);
#1331=B_SPLINE_CURVE_WITH_KNOTS('',3,(#10421,#10422,#10423,#10424,#10425,
#10426,#10427,#10428,#10429,#10430,#10431,#10432,#10433,#10434,#10435,#10436,
#10437,#10438,#10439),.UNSPECIFIED.,.F.,.F.,(4,1,1,1,1,1,1,1,1,1,1,1,1,
1,1,1,4),(0.,0.07378258718587,0.144095652163,0.211372776945,0.276108573914,
0.338559771335,0.399646477988,0.460022357923,0.520364180104,0.579989743327,
0.638421673378,0.696329698138,0.753973538922,0.812784195164,0.872739820247,
0.935174557152,1.),.UNSPECIFIED.);
#1332=B_SPLINE_CURVE_WITH_KNOTS('',3,(#10480,#10481,#10482,#10483,#10484,
#10485,#10486,#10487,#10488,#10489,#10490,#10491,#10492,#10493,#10494,#10495,
#10496,#10497,#10498),.UNSPECIFIED.,.F.,.F.,(4,1,1,1,1,1,1,1,1,1,1,1,1,
1,1,1,4),(0.,0.06460651091173,0.126707396677,0.186764158456,0.24561607929,
0.303634260101,0.361487584679,0.420227043541,0.48002251282,0.540669691743,
0.601185743116,0.662329843678,0.725019474255,0.789459456756,0.856499216937,
0.92630919798,1.),.UNSPECIFIED.);
#1333=B_SPLINE_CURVE_WITH_KNOTS('',3,(#10500,#10501,#10502,#10503),
 .UNSPECIFIED.,.F.,.F.,(4,4),(0.,1.),.UNSPECIFIED.);
#1334=B_SPLINE_CURVE_WITH_KNOTS('',3,(#10515,#10516,#10517,#10518),
 .UNSPECIFIED.,.F.,.F.,(4,4),(0.,1.),.UNSPECIFIED.);
#1335=B_SPLINE_CURVE_WITH_KNOTS('',3,(#10557,#10558,#10559,#10560,#10561,
#10562,#10563,#10564,#10565,#10566,#10567,#10568,#10569,#10570,#10571,#10572,
#10573,#10574,#10575),.UNSPECIFIED.,.F.,.F.,(4,1,1,1,1,1,1,1,1,1,1,1,1,
1,1,1,4),(0.,0.07063927843666,0.13824802572,0.203351342261,0.266307354651,
0.328095924853,0.388723973634,0.449593764798,0.511027386645,0.572085699882,
0.63187552745,0.691136624653,0.750375720002,0.81004484045,0.871370536028,
0.934431262653,1.),.UNSPECIFIED.);
#1336=B_SPLINE_CURVE_WITH_KNOTS('',3,(#10616,#10617,#10618,#10619,#10620,
#10621,#10622,#10623,#10624,#10625,#10626,#10627,#10628,#10629,#10630,#10631,
#10632,#10633,#10634),.UNSPECIFIED.,.F.,.F.,(4,1,1,1,1,1,1,1,1,1,1,1,1,
1,1,1,4),(0.,0.06783158586377,0.132652285122,0.195046103356,0.255497701945,
0.314816628394,0.37361582587,0.432559503627,0.492443069802,0.552682219984,
0.612522541488,0.672618274675,0.733844892932,0.79659922404,0.861453195154,
0.929200677684,1.),.UNSPECIFIED.);
#1337=B_SPLINE_CURVE_WITH_KNOTS('',3,(#10636,#10637,#10638,#10639),
 .UNSPECIFIED.,.F.,.F.,(4,4),(0.,1.),.UNSPECIFIED.);
#1338=B_SPLINE_CURVE_WITH_KNOTS('',3,(#10728,#10729,#10730,#10731),
 .UNSPECIFIED.,.F.,.F.,(4,4),(2.50001255074649E-5,1.),.UNSPECIFIED.);
#1339=B_SPLINE_CURVE_WITH_KNOTS('',3,(#10735,#10736,#10737,#10738),
 .UNSPECIFIED.,.F.,.F.,(4,4),(0.,1.),.UNSPECIFIED.);
#1340=B_SPLINE_CURVE_WITH_KNOTS('',3,(#10783,#10784,#10785,#10786,#10787,
#10788,#10789,#10790,#10791,#10792,#10793,#10794,#10795,#10796,#10797,#10798,
#10799,#10800,#10801),.UNSPECIFIED.,.F.,.F.,(4,1,1,1,1,1,1,1,1,1,1,1,1,
1,1,1,4),(0.,0.07430465465555,0.144395278118,0.210501927383,0.273252216031,
0.33381705022,0.392522656094,0.450081103081,0.507814926858,0.565459893874,
0.623144369682,0.681293511757,0.740910505694,0.801853463619,0.86523968125,
0.930940859419,1.),.UNSPECIFIED.);
#1341=B_SPLINE_CURVE_WITH_KNOTS('',3,(#10812,#10813,#10814,#10815,#10816,
#10817,#10818,#10819,#10820,#10821,#10822,#10823,#10824,#10825,#10826,#10827,
#10828,#10829,#10830),.UNSPECIFIED.,.F.,.F.,(4,1,1,1,1,1,1,1,1,1,1,1,1,
1,1,1,4),(0.,0.06862508274056,0.13455451362,0.198310538173,0.260766602858,
0.321970550981,0.382576836474,0.443387162252,0.504977646645,0.566052666658,
0.625939336804,0.68537726996,0.745018520241,0.805433125105,0.867648023114,
0.932313794838,1.),.UNSPECIFIED.);
#1342=B_SPLINE_CURVE_WITH_KNOTS('',3,(#10839,#10840,#10841,#10842),
 .UNSPECIFIED.,.F.,.F.,(4,4),(0.,1.),.UNSPECIFIED.);
#1343=B_SPLINE_CURVE_WITH_KNOTS('',3,(#10843,#10844,#10845,#10846),
 .UNSPECIFIED.,.F.,.F.,(4,4),(0.,1.),.UNSPECIFIED.);
#1344=B_SPLINE_CURVE_WITH_KNOTS('',3,(#10885,#10886,#10887,#10888,#10889,
#10890,#10891,#10892,#10893,#10894,#10895,#10896,#10897,#10898,#10899,#10900,
#10901,#10902,#10903),.UNSPECIFIED.,.F.,.F.,(4,1,1,1,1,1,1,1,1,1,1,1,1,
1,1,1,4),(0.,0.06862508274056,0.13455451362,0.198310538173,0.260766602858,
0.321970550981,0.382576836474,0.443387162252,0.504977646645,0.566052666658,
0.625939336804,0.68537726996,0.745018520241,0.805433125105,0.867648023114,
0.932313794838,1.),.UNSPECIFIED.);
#1345=B_SPLINE_CURVE_WITH_KNOTS('',3,(#10933,#10934,#10935,#10936),
 .UNSPECIFIED.,.F.,.F.,(4,4),(0.,1.),.UNSPECIFIED.);
#1346=CYLINDRICAL_SURFACE('',#6458,2.24757059390156E-5);
#1347=CYLINDRICAL_SURFACE('',#6460,2.26345774518842E-5);
#1348=CYLINDRICAL_SURFACE('',#6462,8.06218727564875E-5);
#1349=CYLINDRICAL_SURFACE('',#6465,7.97179435938501E-5);
#1350=CYLINDRICAL_SURFACE('',#6469,1.8363776271987E-5);
#1351=CYLINDRICAL_SURFACE('',#6472,1.80331779418167E-5);
#1352=CYLINDRICAL_SURFACE('',#6475,1.11111619086149E-5);
#1353=CYLINDRICAL_SURFACE('',#6479,4.51363226894204E-5);
#1354=CYLINDRICAL_SURFACE('',#6482,4.51527351304195E-5);
#1355=CYLINDRICAL_SURFACE('',#6486,8.16629742873515E-5);
#1356=CYLINDRICAL_SURFACE('',#6489,8.16454765749498E-5);
#1357=CYLINDRICAL_SURFACE('',#6492,5.99410255749884E-5);
#1358=CYLINDRICAL_SURFACE('',#6495,5.80132564065445E-5);
#1359=CYLINDRICAL_SURFACE('',#6498,5.99604696609762E-5);
#1360=CYLINDRICAL_SURFACE('',#6501,5.78008633071775E-5);
#1361=CYLINDRICAL_SURFACE('',#6504,5.62501221631342E-5);
#1362=CYLINDRICAL_SURFACE('',#6511,5.80132564085873E-5);
#1363=CYLINDRICAL_SURFACE('',#6514,5.69541468003922E-5);
#1364=CYLINDRICAL_SURFACE('',#6517,9.30051175807697E-5);
#1365=CYLINDRICAL_SURFACE('',#6520,9.41797072859591E-5);
#1366=CYLINDRICAL_SURFACE('',#6523,9.28376425109869E-5);
#1367=CYLINDRICAL_SURFACE('',#6526,9.29478798564022E-5);
#1368=CYLINDRICAL_SURFACE('',#6530,0.000104196349278152);
#1369=CYLINDRICAL_SURFACE('',#6533,0.000116525175852759);
#1370=CYLINDRICAL_SURFACE('',#6536,0.00012302132558004);
#1371=CYLINDRICAL_SURFACE('',#6539,0.000112887108664723);
#1372=CYLINDRICAL_SURFACE('',#6542,8.09275122139623E-5);
#1373=CYLINDRICAL_SURFACE('',#6550,4.28579014802768E-5);
#1374=CYLINDRICAL_SURFACE('',#6552,2.57236500484134E-5);
#1375=CYLINDRICAL_SURFACE('',#6570,3.06607976141196E-5);
#1376=CYLINDRICAL_SURFACE('',#6572,3.28776987366008E-5);
#1377=CYLINDRICAL_SURFACE('',#6574,2.73424621704637E-5);
#1378=CYLINDRICAL_SURFACE('',#6576,3.77315714787347E-5);
#1379=CYLINDRICAL_SURFACE('',#6583,4.14929977693299E-5);
#1380=CYLINDRICAL_SURFACE('',#6586,3.83056237065357E-5);
#1381=CYLINDRICAL_SURFACE('',#6589,3.65457832806004E-5);
#1382=CYLINDRICAL_SURFACE('',#6592,4.79519723066543E-5);
#1383=CYLINDRICAL_SURFACE('',#6617,2.40147977950319E-5);
#1384=CYLINDRICAL_SURFACE('',#6619,2.0259872958157E-5);
#1385=CYLINDRICAL_SURFACE('',#6622,1.4690181698279E-5);
#1386=CYLINDRICAL_SURFACE('',#6624,1.28227463693189E-5);
#1387=CYLINDRICAL_SURFACE('',#6653,9.4712381772914E-6);
#1388=CYLINDRICAL_SURFACE('',#6655,6.87320932426001E-6);
#1389=CYLINDRICAL_SURFACE('',#6657,6.3053499487257E-5);
#1390=CYLINDRICAL_SURFACE('',#6659,1.56936182865391E-5);
#1391=CYLINDRICAL_SURFACE('',#6661,1.47225759750551E-5);
#1392=CYLINDRICAL_SURFACE('',#6663,2.97783671877424E-5);
#1393=CYLINDRICAL_SURFACE('',#6665,3.38210126304435E-5);
#1394=CYLINDRICAL_SURFACE('',#6668,2.73996123537486E-5);
#1395=CYLINDRICAL_SURFACE('',#6670,1.16576834470048E-5);
#1396=CYLINDRICAL_SURFACE('',#6672,6.2753592111486E-6);
#1397=CYLINDRICAL_SURFACE('',#6674,6.12802133137838E-6);
#1398=CYLINDRICAL_SURFACE('',#6676,6.0592366931423E-5);
#1399=CYLINDRICAL_SURFACE('',#6678,1.4757323819156E-5);
#1400=CYLINDRICAL_SURFACE('',#6680,1.42759460742193E-5);
#1401=CYLINDRICAL_SURFACE('',#6682,3.29052287061193E-5);
#1402=CYLINDRICAL_SURFACE('',#6684,3.19313706988605E-5);
#1403=CYLINDRICAL_SURFACE('',#6687,2.69315631071943E-5);
#1404=CYLINDRICAL_SURFACE('',#6698,1.55437837376022E-5);
#1405=CYLINDRICAL_SURFACE('',#6700,1.46003207408093E-5);
#1406=CYLINDRICAL_SURFACE('',#6702,9.95878728491053E-6);
#1407=CYLINDRICAL_SURFACE('',#6704,8.79241926136692E-6);
#1408=CYLINDRICAL_SURFACE('',#6706,8.60321518933965E-6);
#1409=CYLINDRICAL_SURFACE('',#6708,2.56090439991004E-5);
#1410=CYLINDRICAL_SURFACE('',#6710,1.88830828552415E-5);
#1411=CYLINDRICAL_SURFACE('',#6717,1.68864991740328E-5);
#1412=CYLINDRICAL_SURFACE('',#6720,1.70955417750892E-5);
#1413=CYLINDRICAL_SURFACE('',#6727,1.14910581287678E-5);
#1414=CYLINDRICAL_SURFACE('',#6730,3.05534705161722E-5);
#1415=CYLINDRICAL_SURFACE('',#6734,3.89827560561724E-5);
#1416=CYLINDRICAL_SURFACE('',#6755,4.28579014640747E-5);
#1417=CYLINDRICAL_SURFACE('',#6757,2.57236500344469E-5);
#1418=CYLINDRICAL_SURFACE('',#6775,3.06607976141184E-5);
#1419=CYLINDRICAL_SURFACE('',#6777,3.28776987352659E-5);
#1420=CYLINDRICAL_SURFACE('',#6779,2.73424621741942E-5);
#1421=CYLINDRICAL_SURFACE('',#6781,3.7731571478735E-5);
#1422=CYLINDRICAL_SURFACE('',#6788,4.14929977693305E-5);
#1423=CYLINDRICAL_SURFACE('',#6791,3.83056237044313E-5);
#1424=CYLINDRICAL_SURFACE('',#6794,3.65457832858056E-5);
#1425=CYLINDRICAL_SURFACE('',#6797,4.79519723090571E-5);
#1426=CYLINDRICAL_SURFACE('',#6828,3.35059812150961E-5);
#1427=CYLINDRICAL_SURFACE('',#6830,4.5306667096391E-5);
#1428=CYLINDRICAL_SURFACE('',#6832,3.91663274894605E-5);
#1429=CYLINDRICAL_SURFACE('',#6834,4.15228264410146E-5);
#1430=CYLINDRICAL_SURFACE('',#6836,4.09484386461004E-5);
#1431=CYLINDRICAL_SURFACE('',#6839,3.97719588397669E-5);
#1432=CYLINDRICAL_SURFACE('',#6841,2.74471334730551E-5);
#1433=CYLINDRICAL_SURFACE('',#6843,3.81889755107937E-5);
#1434=CYLINDRICAL_SURFACE('',#6845,2.88393258878527E-5);
#1435=CYLINDRICAL_SURFACE('',#6847,2.85500804921986E-5);
#1436=CYLINDRICAL_SURFACE('',#6849,3.67002701637369E-5);
#1437=CYLINDRICAL_SURFACE('',#6852,5.55011086176892E-5);
#1438=CYLINDRICAL_SURFACE('',#6877,0.000109926895535812);
#1439=CYLINDRICAL_SURFACE('',#6879,8.90111387136502E-5);
#1440=CYLINDRICAL_SURFACE('',#6882,0.000148210083650106);
#1441=CYLINDRICAL_SURFACE('',#6903,7.18285518226545E-5);
#1442=CYLINDRICAL_SURFACE('',#6908,9.84648348505114E-5);
#1443=CYLINDRICAL_SURFACE('',#6914,6.07240525212471E-5);
#1444=CYLINDRICAL_SURFACE('',#6986,0.000124999372466);
#1445=ORIENTED_EDGE('',*,*,#3291,.T.);
#1446=ORIENTED_EDGE('',*,*,#3292,.T.);
#1447=ORIENTED_EDGE('',*,*,#3291,.F.);
#1448=ORIENTED_EDGE('',*,*,#3293,.F.);
#1449=ORIENTED_EDGE('',*,*,#3294,.T.);
#1450=ORIENTED_EDGE('',*,*,#3295,.T.);
#1451=ORIENTED_EDGE('',*,*,#3292,.F.);
#1452=ORIENTED_EDGE('',*,*,#3295,.F.);
#1453=ORIENTED_EDGE('',*,*,#3296,.T.);
#1454=ORIENTED_EDGE('',*,*,#3293,.T.);
#1455=ORIENTED_EDGE('',*,*,#3297,.T.);
#1456=ORIENTED_EDGE('',*,*,#3298,.F.);
#1457=ORIENTED_EDGE('',*,*,#3299,.F.);
#1458=ORIENTED_EDGE('',*,*,#3300,.T.);
#1459=ORIENTED_EDGE('',*,*,#3301,.T.);
#1460=ORIENTED_EDGE('',*,*,#3300,.F.);
#1461=ORIENTED_EDGE('',*,*,#3302,.F.);
#1462=ORIENTED_EDGE('',*,*,#3303,.T.);
#1463=ORIENTED_EDGE('',*,*,#3304,.T.);
#1464=ORIENTED_EDGE('',*,*,#3303,.F.);
#1465=ORIENTED_EDGE('',*,*,#3305,.F.);
#1466=ORIENTED_EDGE('',*,*,#3306,.T.);
#1467=ORIENTED_EDGE('',*,*,#3307,.T.);
#1468=ORIENTED_EDGE('',*,*,#3306,.F.);
#1469=ORIENTED_EDGE('',*,*,#3308,.F.);
#1470=ORIENTED_EDGE('',*,*,#3309,.T.);
#1471=ORIENTED_EDGE('',*,*,#3310,.T.);
#1472=ORIENTED_EDGE('',*,*,#3309,.F.);
#1473=ORIENTED_EDGE('',*,*,#3311,.F.);
#1474=ORIENTED_EDGE('',*,*,#3312,.T.);
#1475=ORIENTED_EDGE('',*,*,#3313,.T.);
#1476=ORIENTED_EDGE('',*,*,#3312,.F.);
#1477=ORIENTED_EDGE('',*,*,#3314,.F.);
#1478=ORIENTED_EDGE('',*,*,#3315,.T.);
#1479=ORIENTED_EDGE('',*,*,#3316,.T.);
#1480=ORIENTED_EDGE('',*,*,#3315,.F.);
#1481=ORIENTED_EDGE('',*,*,#3317,.F.);
#1482=ORIENTED_EDGE('',*,*,#3318,.T.);
#1483=ORIENTED_EDGE('',*,*,#3319,.T.);
#1484=ORIENTED_EDGE('',*,*,#3318,.F.);
#1485=ORIENTED_EDGE('',*,*,#3320,.F.);
#1486=ORIENTED_EDGE('',*,*,#3321,.T.);
#1487=ORIENTED_EDGE('',*,*,#3322,.T.);
#1488=ORIENTED_EDGE('',*,*,#3321,.F.);
#1489=ORIENTED_EDGE('',*,*,#3323,.F.);
#1490=ORIENTED_EDGE('',*,*,#3324,.T.);
#1491=ORIENTED_EDGE('',*,*,#3325,.T.);
#1492=ORIENTED_EDGE('',*,*,#3324,.F.);
#1493=ORIENTED_EDGE('',*,*,#3326,.F.);
#1494=ORIENTED_EDGE('',*,*,#3327,.T.);
#1495=ORIENTED_EDGE('',*,*,#3328,.T.);
#1496=ORIENTED_EDGE('',*,*,#3327,.F.);
#1497=ORIENTED_EDGE('',*,*,#3329,.F.);
#1498=ORIENTED_EDGE('',*,*,#3330,.T.);
#1499=ORIENTED_EDGE('',*,*,#3331,.T.);
#1500=ORIENTED_EDGE('',*,*,#3330,.F.);
#1501=ORIENTED_EDGE('',*,*,#3332,.F.);
#1502=ORIENTED_EDGE('',*,*,#3333,.T.);
#1503=ORIENTED_EDGE('',*,*,#3334,.T.);
#1504=ORIENTED_EDGE('',*,*,#3333,.F.);
#1505=ORIENTED_EDGE('',*,*,#3335,.F.);
#1506=ORIENTED_EDGE('',*,*,#3336,.T.);
#1507=ORIENTED_EDGE('',*,*,#3337,.T.);
#1508=ORIENTED_EDGE('',*,*,#3336,.F.);
#1509=ORIENTED_EDGE('',*,*,#3338,.F.);
#1510=ORIENTED_EDGE('',*,*,#3339,.T.);
#1511=ORIENTED_EDGE('',*,*,#3340,.T.);
#1512=ORIENTED_EDGE('',*,*,#3339,.F.);
#1513=ORIENTED_EDGE('',*,*,#3341,.F.);
#1514=ORIENTED_EDGE('',*,*,#3342,.T.);
#1515=ORIENTED_EDGE('',*,*,#3343,.T.);
#1516=ORIENTED_EDGE('',*,*,#3342,.F.);
#1517=ORIENTED_EDGE('',*,*,#3344,.F.);
#1518=ORIENTED_EDGE('',*,*,#3345,.T.);
#1519=ORIENTED_EDGE('',*,*,#3346,.T.);
#1520=ORIENTED_EDGE('',*,*,#3345,.F.);
#1521=ORIENTED_EDGE('',*,*,#3347,.F.);
#1522=ORIENTED_EDGE('',*,*,#3348,.T.);
#1523=ORIENTED_EDGE('',*,*,#3349,.T.);
#1524=ORIENTED_EDGE('',*,*,#3348,.F.);
#1525=ORIENTED_EDGE('',*,*,#3350,.F.);
#1526=ORIENTED_EDGE('',*,*,#3351,.T.);
#1527=ORIENTED_EDGE('',*,*,#3352,.T.);
#1528=ORIENTED_EDGE('',*,*,#3351,.F.);
#1529=ORIENTED_EDGE('',*,*,#3353,.F.);
#1530=ORIENTED_EDGE('',*,*,#3354,.T.);
#1531=ORIENTED_EDGE('',*,*,#3355,.T.);
#1532=ORIENTED_EDGE('',*,*,#3354,.F.);
#1533=ORIENTED_EDGE('',*,*,#3356,.F.);
#1534=ORIENTED_EDGE('',*,*,#3357,.T.);
#1535=ORIENTED_EDGE('',*,*,#3358,.T.);
#1536=ORIENTED_EDGE('',*,*,#3357,.F.);
#1537=ORIENTED_EDGE('',*,*,#3359,.F.);
#1538=ORIENTED_EDGE('',*,*,#3360,.T.);
#1539=ORIENTED_EDGE('',*,*,#3361,.T.);
#1540=ORIENTED_EDGE('',*,*,#3360,.F.);
#1541=ORIENTED_EDGE('',*,*,#3362,.F.);
#1542=ORIENTED_EDGE('',*,*,#3363,.T.);
#1543=ORIENTED_EDGE('',*,*,#3364,.T.);
#1544=ORIENTED_EDGE('',*,*,#3363,.F.);
#1545=ORIENTED_EDGE('',*,*,#3365,.F.);
#1546=ORIENTED_EDGE('',*,*,#3366,.T.);
#1547=ORIENTED_EDGE('',*,*,#3367,.T.);
#1548=ORIENTED_EDGE('',*,*,#3366,.F.);
#1549=ORIENTED_EDGE('',*,*,#3368,.F.);
#1550=ORIENTED_EDGE('',*,*,#3369,.T.);
#1551=ORIENTED_EDGE('',*,*,#3370,.T.);
#1552=ORIENTED_EDGE('',*,*,#3369,.F.);
#1553=ORIENTED_EDGE('',*,*,#3371,.F.);
#1554=ORIENTED_EDGE('',*,*,#3372,.T.);
#1555=ORIENTED_EDGE('',*,*,#3373,.T.);
#1556=ORIENTED_EDGE('',*,*,#3372,.F.);
#1557=ORIENTED_EDGE('',*,*,#3374,.F.);
#1558=ORIENTED_EDGE('',*,*,#3375,.T.);
#1559=ORIENTED_EDGE('',*,*,#3376,.T.);
#1560=ORIENTED_EDGE('',*,*,#3375,.F.);
#1561=ORIENTED_EDGE('',*,*,#3377,.F.);
#1562=ORIENTED_EDGE('',*,*,#3378,.T.);
#1563=ORIENTED_EDGE('',*,*,#3379,.T.);
#1564=ORIENTED_EDGE('',*,*,#3378,.F.);
#1565=ORIENTED_EDGE('',*,*,#3380,.F.);
#1566=ORIENTED_EDGE('',*,*,#3381,.T.);
#1567=ORIENTED_EDGE('',*,*,#3382,.T.);
#1568=ORIENTED_EDGE('',*,*,#3381,.F.);
#1569=ORIENTED_EDGE('',*,*,#3383,.F.);
#1570=ORIENTED_EDGE('',*,*,#3384,.T.);
#1571=ORIENTED_EDGE('',*,*,#3385,.T.);
#1572=ORIENTED_EDGE('',*,*,#3384,.F.);
#1573=ORIENTED_EDGE('',*,*,#3386,.F.);
#1574=ORIENTED_EDGE('',*,*,#3387,.T.);
#1575=ORIENTED_EDGE('',*,*,#3388,.T.);
#1576=ORIENTED_EDGE('',*,*,#3387,.F.);
#1577=ORIENTED_EDGE('',*,*,#3389,.F.);
#1578=ORIENTED_EDGE('',*,*,#3390,.T.);
#1579=ORIENTED_EDGE('',*,*,#3391,.T.);
#1580=ORIENTED_EDGE('',*,*,#3390,.F.);
#1581=ORIENTED_EDGE('',*,*,#3392,.F.);
#1582=ORIENTED_EDGE('',*,*,#3393,.T.);
#1583=ORIENTED_EDGE('',*,*,#3394,.T.);
#1584=ORIENTED_EDGE('',*,*,#3393,.F.);
#1585=ORIENTED_EDGE('',*,*,#3395,.F.);
#1586=ORIENTED_EDGE('',*,*,#3298,.T.);
#1587=ORIENTED_EDGE('',*,*,#3296,.F.);
#1588=ORIENTED_EDGE('',*,*,#3294,.F.);
#1589=ORIENTED_EDGE('',*,*,#3395,.T.);
#1590=ORIENTED_EDGE('',*,*,#3392,.T.);
#1591=ORIENTED_EDGE('',*,*,#3389,.T.);
#1592=ORIENTED_EDGE('',*,*,#3386,.T.);
#1593=ORIENTED_EDGE('',*,*,#3383,.T.);
#1594=ORIENTED_EDGE('',*,*,#3380,.T.);
#1595=ORIENTED_EDGE('',*,*,#3377,.T.);
#1596=ORIENTED_EDGE('',*,*,#3374,.T.);
#1597=ORIENTED_EDGE('',*,*,#3371,.T.);
#1598=ORIENTED_EDGE('',*,*,#3368,.T.);
#1599=ORIENTED_EDGE('',*,*,#3365,.T.);
#1600=ORIENTED_EDGE('',*,*,#3362,.T.);
#1601=ORIENTED_EDGE('',*,*,#3359,.T.);
#1602=ORIENTED_EDGE('',*,*,#3356,.T.);
#1603=ORIENTED_EDGE('',*,*,#3353,.T.);
#1604=ORIENTED_EDGE('',*,*,#3350,.T.);
#1605=ORIENTED_EDGE('',*,*,#3347,.T.);
#1606=ORIENTED_EDGE('',*,*,#3344,.T.);
#1607=ORIENTED_EDGE('',*,*,#3341,.T.);
#1608=ORIENTED_EDGE('',*,*,#3338,.T.);
#1609=ORIENTED_EDGE('',*,*,#3335,.T.);
#1610=ORIENTED_EDGE('',*,*,#3332,.T.);
#1611=ORIENTED_EDGE('',*,*,#3329,.T.);
#1612=ORIENTED_EDGE('',*,*,#3326,.T.);
#1613=ORIENTED_EDGE('',*,*,#3323,.T.);
#1614=ORIENTED_EDGE('',*,*,#3320,.T.);
#1615=ORIENTED_EDGE('',*,*,#3317,.T.);
#1616=ORIENTED_EDGE('',*,*,#3314,.T.);
#1617=ORIENTED_EDGE('',*,*,#3311,.T.);
#1618=ORIENTED_EDGE('',*,*,#3308,.T.);
#1619=ORIENTED_EDGE('',*,*,#3305,.T.);
#1620=ORIENTED_EDGE('',*,*,#3302,.T.);
#1621=ORIENTED_EDGE('',*,*,#3299,.T.);
#1622=ORIENTED_EDGE('',*,*,#3396,.T.);
#1623=ORIENTED_EDGE('',*,*,#3397,.T.);
#1624=ORIENTED_EDGE('',*,*,#3398,.T.);
#1625=ORIENTED_EDGE('',*,*,#3399,.T.);
#1626=ORIENTED_EDGE('',*,*,#3400,.T.);
#1627=ORIENTED_EDGE('',*,*,#3396,.F.);
#1628=ORIENTED_EDGE('',*,*,#3401,.F.);
#1629=ORIENTED_EDGE('',*,*,#3402,.T.);
#1630=ORIENTED_EDGE('',*,*,#3403,.T.);
#1631=ORIENTED_EDGE('',*,*,#3400,.F.);
#1632=ORIENTED_EDGE('',*,*,#3404,.F.);
#1633=ORIENTED_EDGE('',*,*,#3405,.T.);
#1634=ORIENTED_EDGE('',*,*,#3401,.T.);
#1635=ORIENTED_EDGE('',*,*,#3399,.F.);
#1636=ORIENTED_EDGE('',*,*,#3406,.F.);
#1637=ORIENTED_EDGE('',*,*,#3407,.T.);
#1638=ORIENTED_EDGE('',*,*,#3404,.T.);
#1639=ORIENTED_EDGE('',*,*,#3398,.F.);
#1640=ORIENTED_EDGE('',*,*,#3408,.F.);
#1641=ORIENTED_EDGE('',*,*,#3409,.T.);
#1642=ORIENTED_EDGE('',*,*,#3406,.T.);
#1643=ORIENTED_EDGE('',*,*,#3397,.F.);
#1644=ORIENTED_EDGE('',*,*,#3403,.F.);
#1645=ORIENTED_EDGE('',*,*,#3410,.T.);
#1646=ORIENTED_EDGE('',*,*,#3408,.T.);
#1647=ORIENTED_EDGE('',*,*,#3411,.T.);
#1648=ORIENTED_EDGE('',*,*,#3412,.F.);
#1649=ORIENTED_EDGE('',*,*,#3413,.F.);
#1650=ORIENTED_EDGE('',*,*,#3414,.T.);
#1651=ORIENTED_EDGE('',*,*,#3415,.T.);
#1652=ORIENTED_EDGE('',*,*,#3414,.F.);
#1653=ORIENTED_EDGE('',*,*,#3416,.F.);
#1654=ORIENTED_EDGE('',*,*,#3417,.T.);
#1655=ORIENTED_EDGE('',*,*,#3418,.T.);
#1656=ORIENTED_EDGE('',*,*,#3417,.F.);
#1657=ORIENTED_EDGE('',*,*,#3419,.F.);
#1658=ORIENTED_EDGE('',*,*,#3420,.T.);
#1659=ORIENTED_EDGE('',*,*,#3421,.T.);
#1660=ORIENTED_EDGE('',*,*,#3420,.F.);
#1661=ORIENTED_EDGE('',*,*,#3422,.F.);
#1662=ORIENTED_EDGE('',*,*,#3423,.T.);
#1663=ORIENTED_EDGE('',*,*,#3424,.T.);
#1664=ORIENTED_EDGE('',*,*,#3423,.F.);
#1665=ORIENTED_EDGE('',*,*,#3425,.F.);
#1666=ORIENTED_EDGE('',*,*,#3426,.T.);
#1667=ORIENTED_EDGE('',*,*,#3427,.T.);
#1668=ORIENTED_EDGE('',*,*,#3426,.F.);
#1669=ORIENTED_EDGE('',*,*,#3428,.F.);
#1670=ORIENTED_EDGE('',*,*,#3429,.T.);
#1671=ORIENTED_EDGE('',*,*,#3430,.T.);
#1672=ORIENTED_EDGE('',*,*,#3429,.F.);
#1673=ORIENTED_EDGE('',*,*,#3431,.F.);
#1674=ORIENTED_EDGE('',*,*,#3432,.T.);
#1675=ORIENTED_EDGE('',*,*,#3433,.T.);
#1676=ORIENTED_EDGE('',*,*,#3432,.F.);
#1677=ORIENTED_EDGE('',*,*,#3434,.F.);
#1678=ORIENTED_EDGE('',*,*,#3412,.T.);
#1679=ORIENTED_EDGE('',*,*,#3410,.F.);
#1680=ORIENTED_EDGE('',*,*,#3402,.F.);
#1681=ORIENTED_EDGE('',*,*,#3405,.F.);
#1682=ORIENTED_EDGE('',*,*,#3407,.F.);
#1683=ORIENTED_EDGE('',*,*,#3409,.F.);
#1684=ORIENTED_EDGE('',*,*,#3434,.T.);
#1685=ORIENTED_EDGE('',*,*,#3431,.T.);
#1686=ORIENTED_EDGE('',*,*,#3428,.T.);
#1687=ORIENTED_EDGE('',*,*,#3425,.T.);
#1688=ORIENTED_EDGE('',*,*,#3422,.T.);
#1689=ORIENTED_EDGE('',*,*,#3419,.T.);
#1690=ORIENTED_EDGE('',*,*,#3416,.T.);
#1691=ORIENTED_EDGE('',*,*,#3413,.T.);
#1692=ORIENTED_EDGE('',*,*,#3435,.T.);
#1693=ORIENTED_EDGE('',*,*,#3436,.T.);
#1694=ORIENTED_EDGE('',*,*,#3437,.T.);
#1695=ORIENTED_EDGE('',*,*,#3438,.T.);
#1696=ORIENTED_EDGE('',*,*,#3439,.T.);
#1697=ORIENTED_EDGE('',*,*,#3440,.T.);
#1698=ORIENTED_EDGE('',*,*,#3441,.T.);
#1699=ORIENTED_EDGE('',*,*,#3435,.F.);
#1700=ORIENTED_EDGE('',*,*,#3442,.F.);
#1701=ORIENTED_EDGE('',*,*,#3443,.T.);
#1702=ORIENTED_EDGE('',*,*,#3444,.T.);
#1703=ORIENTED_EDGE('',*,*,#3441,.F.);
#1704=ORIENTED_EDGE('',*,*,#3445,.F.);
#1705=ORIENTED_EDGE('',*,*,#3446,.T.);
#1706=ORIENTED_EDGE('',*,*,#3442,.T.);
#1707=ORIENTED_EDGE('',*,*,#3440,.F.);
#1708=ORIENTED_EDGE('',*,*,#3447,.F.);
#1709=ORIENTED_EDGE('',*,*,#3448,.T.);
#1710=ORIENTED_EDGE('',*,*,#3445,.T.);
#1711=ORIENTED_EDGE('',*,*,#3439,.F.);
#1712=ORIENTED_EDGE('',*,*,#3449,.F.);
#1713=ORIENTED_EDGE('',*,*,#3450,.T.);
#1714=ORIENTED_EDGE('',*,*,#3447,.T.);
#1715=ORIENTED_EDGE('',*,*,#3438,.F.);
#1716=ORIENTED_EDGE('',*,*,#3451,.F.);
#1717=ORIENTED_EDGE('',*,*,#3452,.T.);
#1718=ORIENTED_EDGE('',*,*,#3449,.T.);
#1719=ORIENTED_EDGE('',*,*,#3437,.F.);
#1720=ORIENTED_EDGE('',*,*,#3453,.F.);
#1721=ORIENTED_EDGE('',*,*,#3454,.T.);
#1722=ORIENTED_EDGE('',*,*,#3451,.T.);
#1723=ORIENTED_EDGE('',*,*,#3436,.F.);
#1724=ORIENTED_EDGE('',*,*,#3444,.F.);
#1725=ORIENTED_EDGE('',*,*,#3455,.T.);
#1726=ORIENTED_EDGE('',*,*,#3453,.T.);
#1727=ORIENTED_EDGE('',*,*,#3456,.T.);
#1728=ORIENTED_EDGE('',*,*,#3457,.F.);
#1729=ORIENTED_EDGE('',*,*,#3458,.F.);
#1730=ORIENTED_EDGE('',*,*,#3459,.T.);
#1731=ORIENTED_EDGE('',*,*,#3460,.T.);
#1732=ORIENTED_EDGE('',*,*,#3459,.F.);
#1733=ORIENTED_EDGE('',*,*,#3461,.F.);
#1734=ORIENTED_EDGE('',*,*,#3462,.T.);
#1735=ORIENTED_EDGE('',*,*,#3463,.T.);
#1736=ORIENTED_EDGE('',*,*,#3462,.F.);
#1737=ORIENTED_EDGE('',*,*,#3464,.F.);
#1738=ORIENTED_EDGE('',*,*,#3465,.T.);
#1739=ORIENTED_EDGE('',*,*,#3466,.T.);
#1740=ORIENTED_EDGE('',*,*,#3465,.F.);
#1741=ORIENTED_EDGE('',*,*,#3467,.F.);
#1742=ORIENTED_EDGE('',*,*,#3468,.T.);
#1743=ORIENTED_EDGE('',*,*,#3469,.T.);
#1744=ORIENTED_EDGE('',*,*,#3468,.F.);
#1745=ORIENTED_EDGE('',*,*,#3470,.F.);
#1746=ORIENTED_EDGE('',*,*,#3471,.T.);
#1747=ORIENTED_EDGE('',*,*,#3472,.T.);
#1748=ORIENTED_EDGE('',*,*,#3471,.F.);
#1749=ORIENTED_EDGE('',*,*,#3473,.F.);
#1750=ORIENTED_EDGE('',*,*,#3474,.T.);
#1751=ORIENTED_EDGE('',*,*,#3475,.T.);
#1752=ORIENTED_EDGE('',*,*,#3474,.F.);
#1753=ORIENTED_EDGE('',*,*,#3476,.F.);
#1754=ORIENTED_EDGE('',*,*,#3457,.T.);
#1755=ORIENTED_EDGE('',*,*,#3454,.F.);
#1756=ORIENTED_EDGE('',*,*,#3455,.F.);
#1757=ORIENTED_EDGE('',*,*,#3443,.F.);
#1758=ORIENTED_EDGE('',*,*,#3446,.F.);
#1759=ORIENTED_EDGE('',*,*,#3448,.F.);
#1760=ORIENTED_EDGE('',*,*,#3450,.F.);
#1761=ORIENTED_EDGE('',*,*,#3452,.F.);
#1762=ORIENTED_EDGE('',*,*,#3476,.T.);
#1763=ORIENTED_EDGE('',*,*,#3473,.T.);
#1764=ORIENTED_EDGE('',*,*,#3470,.T.);
#1765=ORIENTED_EDGE('',*,*,#3467,.T.);
#1766=ORIENTED_EDGE('',*,*,#3464,.T.);
#1767=ORIENTED_EDGE('',*,*,#3461,.T.);
#1768=ORIENTED_EDGE('',*,*,#3458,.T.);
#1769=ORIENTED_EDGE('',*,*,#3477,.T.);
#1770=ORIENTED_EDGE('',*,*,#3478,.T.);
#1771=ORIENTED_EDGE('',*,*,#3479,.T.);
#1772=ORIENTED_EDGE('',*,*,#3480,.T.);
#1773=ORIENTED_EDGE('',*,*,#3481,.T.);
#1774=ORIENTED_EDGE('',*,*,#3482,.T.);
#1775=ORIENTED_EDGE('',*,*,#3483,.T.);
#1776=ORIENTED_EDGE('',*,*,#3484,.T.);
#1777=ORIENTED_EDGE('',*,*,#3485,.T.);
#1778=ORIENTED_EDGE('',*,*,#3486,.T.);
#1779=ORIENTED_EDGE('',*,*,#3487,.T.);
#1780=ORIENTED_EDGE('',*,*,#3488,.T.);
#1781=ORIENTED_EDGE('',*,*,#3489,.T.);
#1782=ORIENTED_EDGE('',*,*,#3490,.F.);
#1783=ORIENTED_EDGE('',*,*,#3488,.F.);
#1784=ORIENTED_EDGE('',*,*,#3491,.T.);
#1785=ORIENTED_EDGE('',*,*,#3492,.T.);
#1786=ORIENTED_EDGE('',*,*,#3491,.F.);
#1787=ORIENTED_EDGE('',*,*,#3487,.F.);
#1788=ORIENTED_EDGE('',*,*,#3493,.T.);
#1789=ORIENTED_EDGE('',*,*,#3494,.T.);
#1790=ORIENTED_EDGE('',*,*,#3493,.F.);
#1791=ORIENTED_EDGE('',*,*,#3486,.F.);
#1792=ORIENTED_EDGE('',*,*,#3495,.T.);
#1793=ORIENTED_EDGE('',*,*,#3496,.T.);
#1794=ORIENTED_EDGE('',*,*,#3495,.F.);
#1795=ORIENTED_EDGE('',*,*,#3485,.F.);
#1796=ORIENTED_EDGE('',*,*,#3497,.T.);
#1797=ORIENTED_EDGE('',*,*,#3498,.T.);
#1798=ORIENTED_EDGE('',*,*,#3497,.F.);
#1799=ORIENTED_EDGE('',*,*,#3484,.F.);
#1800=ORIENTED_EDGE('',*,*,#3499,.T.);
#1801=ORIENTED_EDGE('',*,*,#3500,.T.);
#1802=ORIENTED_EDGE('',*,*,#3499,.F.);
#1803=ORIENTED_EDGE('',*,*,#3483,.F.);
#1804=ORIENTED_EDGE('',*,*,#3501,.T.);
#1805=ORIENTED_EDGE('',*,*,#3502,.T.);
#1806=ORIENTED_EDGE('',*,*,#3501,.F.);
#1807=ORIENTED_EDGE('',*,*,#3482,.F.);
#1808=ORIENTED_EDGE('',*,*,#3503,.T.);
#1809=ORIENTED_EDGE('',*,*,#3504,.T.);
#1810=ORIENTED_EDGE('',*,*,#3503,.F.);
#1811=ORIENTED_EDGE('',*,*,#3481,.F.);
#1812=ORIENTED_EDGE('',*,*,#3505,.T.);
#1813=ORIENTED_EDGE('',*,*,#3506,.T.);
#1814=ORIENTED_EDGE('',*,*,#3505,.F.);
#1815=ORIENTED_EDGE('',*,*,#3480,.F.);
#1816=ORIENTED_EDGE('',*,*,#3507,.T.);
#1817=ORIENTED_EDGE('',*,*,#3508,.T.);
#1818=ORIENTED_EDGE('',*,*,#3507,.F.);
#1819=ORIENTED_EDGE('',*,*,#3479,.F.);
#1820=ORIENTED_EDGE('',*,*,#3509,.T.);
#1821=ORIENTED_EDGE('',*,*,#3510,.T.);
#1822=ORIENTED_EDGE('',*,*,#3509,.F.);
#1823=ORIENTED_EDGE('',*,*,#3478,.F.);
#1824=ORIENTED_EDGE('',*,*,#3511,.T.);
#1825=ORIENTED_EDGE('',*,*,#3512,.T.);
#1826=ORIENTED_EDGE('',*,*,#3511,.F.);
#1827=ORIENTED_EDGE('',*,*,#3477,.F.);
#1828=ORIENTED_EDGE('',*,*,#3490,.T.);
#1829=ORIENTED_EDGE('',*,*,#3513,.T.);
#1830=ORIENTED_EDGE('',*,*,#3514,.T.);
#1831=ORIENTED_EDGE('',*,*,#3515,.T.);
#1832=ORIENTED_EDGE('',*,*,#3516,.T.);
#1833=ORIENTED_EDGE('',*,*,#3517,.T.);
#1834=ORIENTED_EDGE('',*,*,#3518,.T.);
#1835=ORIENTED_EDGE('',*,*,#3519,.T.);
#1836=ORIENTED_EDGE('',*,*,#3520,.T.);
#1837=ORIENTED_EDGE('',*,*,#3521,.T.);
#1838=ORIENTED_EDGE('',*,*,#3522,.T.);
#1839=ORIENTED_EDGE('',*,*,#3523,.T.);
#1840=ORIENTED_EDGE('',*,*,#3524,.T.);
#1841=ORIENTED_EDGE('',*,*,#3525,.T.);
#1842=ORIENTED_EDGE('',*,*,#3526,.T.);
#1843=ORIENTED_EDGE('',*,*,#3527,.T.);
#1844=ORIENTED_EDGE('',*,*,#3528,.T.);
#1845=ORIENTED_EDGE('',*,*,#3529,.F.);
#1846=ORIENTED_EDGE('',*,*,#3527,.F.);
#1847=ORIENTED_EDGE('',*,*,#3530,.T.);
#1848=ORIENTED_EDGE('',*,*,#3531,.T.);
#1849=ORIENTED_EDGE('',*,*,#3530,.F.);
#1850=ORIENTED_EDGE('',*,*,#3526,.F.);
#1851=ORIENTED_EDGE('',*,*,#3532,.T.);
#1852=ORIENTED_EDGE('',*,*,#3533,.T.);
#1853=ORIENTED_EDGE('',*,*,#3532,.F.);
#1854=ORIENTED_EDGE('',*,*,#3525,.F.);
#1855=ORIENTED_EDGE('',*,*,#3534,.T.);
#1856=ORIENTED_EDGE('',*,*,#3535,.T.);
#1857=ORIENTED_EDGE('',*,*,#3534,.F.);
#1858=ORIENTED_EDGE('',*,*,#3524,.F.);
#1859=ORIENTED_EDGE('',*,*,#3536,.T.);
#1860=ORIENTED_EDGE('',*,*,#3537,.T.);
#1861=ORIENTED_EDGE('',*,*,#3536,.F.);
#1862=ORIENTED_EDGE('',*,*,#3523,.F.);
#1863=ORIENTED_EDGE('',*,*,#3538,.T.);
#1864=ORIENTED_EDGE('',*,*,#3539,.T.);
#1865=ORIENTED_EDGE('',*,*,#3538,.F.);
#1866=ORIENTED_EDGE('',*,*,#3522,.F.);
#1867=ORIENTED_EDGE('',*,*,#3540,.T.);
#1868=ORIENTED_EDGE('',*,*,#3541,.T.);
#1869=ORIENTED_EDGE('',*,*,#3540,.F.);
#1870=ORIENTED_EDGE('',*,*,#3521,.F.);
#1871=ORIENTED_EDGE('',*,*,#3542,.T.);
#1872=ORIENTED_EDGE('',*,*,#3543,.T.);
#1873=ORIENTED_EDGE('',*,*,#3542,.F.);
#1874=ORIENTED_EDGE('',*,*,#3520,.F.);
#1875=ORIENTED_EDGE('',*,*,#3544,.T.);
#1876=ORIENTED_EDGE('',*,*,#3545,.T.);
#1877=ORIENTED_EDGE('',*,*,#3544,.F.);
#1878=ORIENTED_EDGE('',*,*,#3519,.F.);
#1879=ORIENTED_EDGE('',*,*,#3546,.T.);
#1880=ORIENTED_EDGE('',*,*,#3547,.T.);
#1881=ORIENTED_EDGE('',*,*,#3546,.F.);
#1882=ORIENTED_EDGE('',*,*,#3518,.F.);
#1883=ORIENTED_EDGE('',*,*,#3548,.T.);
#1884=ORIENTED_EDGE('',*,*,#3549,.T.);
#1885=ORIENTED_EDGE('',*,*,#3548,.F.);
#1886=ORIENTED_EDGE('',*,*,#3517,.F.);
#1887=ORIENTED_EDGE('',*,*,#3550,.T.);
#1888=ORIENTED_EDGE('',*,*,#3551,.T.);
#1889=ORIENTED_EDGE('',*,*,#3550,.F.);
#1890=ORIENTED_EDGE('',*,*,#3516,.F.);
#1891=ORIENTED_EDGE('',*,*,#3552,.T.);
#1892=ORIENTED_EDGE('',*,*,#3553,.T.);
#1893=ORIENTED_EDGE('',*,*,#3552,.F.);
#1894=ORIENTED_EDGE('',*,*,#3515,.F.);
#1895=ORIENTED_EDGE('',*,*,#3554,.T.);
#1896=ORIENTED_EDGE('',*,*,#3555,.T.);
#1897=ORIENTED_EDGE('',*,*,#3554,.F.);
#1898=ORIENTED_EDGE('',*,*,#3514,.F.);
#1899=ORIENTED_EDGE('',*,*,#3556,.T.);
#1900=ORIENTED_EDGE('',*,*,#3557,.T.);
#1901=ORIENTED_EDGE('',*,*,#3556,.F.);
#1902=ORIENTED_EDGE('',*,*,#3513,.F.);
#1903=ORIENTED_EDGE('',*,*,#3529,.T.);
#1904=ORIENTED_EDGE('',*,*,#3558,.T.);
#1905=ORIENTED_EDGE('',*,*,#3559,.T.);
#1906=ORIENTED_EDGE('',*,*,#3560,.T.);
#1907=ORIENTED_EDGE('',*,*,#3561,.T.);
#1908=ORIENTED_EDGE('',*,*,#3562,.T.);
#1909=ORIENTED_EDGE('',*,*,#3563,.T.);
#1910=ORIENTED_EDGE('',*,*,#3564,.T.);
#1911=ORIENTED_EDGE('',*,*,#3565,.T.);
#1912=ORIENTED_EDGE('',*,*,#3566,.T.);
#1913=ORIENTED_EDGE('',*,*,#3567,.T.);
#1914=ORIENTED_EDGE('',*,*,#3568,.T.);
#1915=ORIENTED_EDGE('',*,*,#3569,.T.);
#1916=ORIENTED_EDGE('',*,*,#3570,.T.);
#1917=ORIENTED_EDGE('',*,*,#3571,.T.);
#1918=ORIENTED_EDGE('',*,*,#3572,.T.);
#1919=ORIENTED_EDGE('',*,*,#3573,.T.);
#1920=ORIENTED_EDGE('',*,*,#3574,.T.);
#1921=ORIENTED_EDGE('',*,*,#3575,.T.);
#1922=ORIENTED_EDGE('',*,*,#3576,.T.);
#1923=ORIENTED_EDGE('',*,*,#3577,.T.);
#1924=ORIENTED_EDGE('',*,*,#3578,.T.);
#1925=ORIENTED_EDGE('',*,*,#3579,.T.);
#1926=ORIENTED_EDGE('',*,*,#3580,.F.);
#1927=ORIENTED_EDGE('',*,*,#3578,.F.);
#1928=ORIENTED_EDGE('',*,*,#3581,.T.);
#1929=ORIENTED_EDGE('',*,*,#3582,.T.);
#1930=ORIENTED_EDGE('',*,*,#3581,.F.);
#1931=ORIENTED_EDGE('',*,*,#3577,.F.);
#1932=ORIENTED_EDGE('',*,*,#3583,.T.);
#1933=ORIENTED_EDGE('',*,*,#3584,.T.);
#1934=ORIENTED_EDGE('',*,*,#3583,.F.);
#1935=ORIENTED_EDGE('',*,*,#3576,.F.);
#1936=ORIENTED_EDGE('',*,*,#3585,.T.);
#1937=ORIENTED_EDGE('',*,*,#3586,.T.);
#1938=ORIENTED_EDGE('',*,*,#3585,.F.);
#1939=ORIENTED_EDGE('',*,*,#3575,.F.);
#1940=ORIENTED_EDGE('',*,*,#3587,.T.);
#1941=ORIENTED_EDGE('',*,*,#3588,.T.);
#1942=ORIENTED_EDGE('',*,*,#3587,.F.);
#1943=ORIENTED_EDGE('',*,*,#3574,.F.);
#1944=ORIENTED_EDGE('',*,*,#3589,.T.);
#1945=ORIENTED_EDGE('',*,*,#3590,.T.);
#1946=ORIENTED_EDGE('',*,*,#3589,.F.);
#1947=ORIENTED_EDGE('',*,*,#3573,.F.);
#1948=ORIENTED_EDGE('',*,*,#3591,.T.);
#1949=ORIENTED_EDGE('',*,*,#3592,.T.);
#1950=ORIENTED_EDGE('',*,*,#3591,.F.);
#1951=ORIENTED_EDGE('',*,*,#3572,.F.);
#1952=ORIENTED_EDGE('',*,*,#3593,.T.);
#1953=ORIENTED_EDGE('',*,*,#3594,.T.);
#1954=ORIENTED_EDGE('',*,*,#3593,.F.);
#1955=ORIENTED_EDGE('',*,*,#3571,.F.);
#1956=ORIENTED_EDGE('',*,*,#3595,.T.);
#1957=ORIENTED_EDGE('',*,*,#3596,.T.);
#1958=ORIENTED_EDGE('',*,*,#3595,.F.);
#1959=ORIENTED_EDGE('',*,*,#3570,.F.);
#1960=ORIENTED_EDGE('',*,*,#3597,.T.);
#1961=ORIENTED_EDGE('',*,*,#3598,.T.);
#1962=ORIENTED_EDGE('',*,*,#3597,.F.);
#1963=ORIENTED_EDGE('',*,*,#3569,.F.);
#1964=ORIENTED_EDGE('',*,*,#3599,.T.);
#1965=ORIENTED_EDGE('',*,*,#3600,.T.);
#1966=ORIENTED_EDGE('',*,*,#3599,.F.);
#1967=ORIENTED_EDGE('',*,*,#3568,.F.);
#1968=ORIENTED_EDGE('',*,*,#3601,.T.);
#1969=ORIENTED_EDGE('',*,*,#3602,.T.);
#1970=ORIENTED_EDGE('',*,*,#3601,.F.);
#1971=ORIENTED_EDGE('',*,*,#3567,.F.);
#1972=ORIENTED_EDGE('',*,*,#3603,.T.);
#1973=ORIENTED_EDGE('',*,*,#3604,.T.);
#1974=ORIENTED_EDGE('',*,*,#3603,.F.);
#1975=ORIENTED_EDGE('',*,*,#3566,.F.);
#1976=ORIENTED_EDGE('',*,*,#3605,.T.);
#1977=ORIENTED_EDGE('',*,*,#3606,.T.);
#1978=ORIENTED_EDGE('',*,*,#3605,.F.);
#1979=ORIENTED_EDGE('',*,*,#3565,.F.);
#1980=ORIENTED_EDGE('',*,*,#3607,.T.);
#1981=ORIENTED_EDGE('',*,*,#3608,.T.);
#1982=ORIENTED_EDGE('',*,*,#3607,.F.);
#1983=ORIENTED_EDGE('',*,*,#3564,.F.);
#1984=ORIENTED_EDGE('',*,*,#3609,.T.);
#1985=ORIENTED_EDGE('',*,*,#3610,.T.);
#1986=ORIENTED_EDGE('',*,*,#3609,.F.);
#1987=ORIENTED_EDGE('',*,*,#3563,.F.);
#1988=ORIENTED_EDGE('',*,*,#3611,.T.);
#1989=ORIENTED_EDGE('',*,*,#3612,.T.);
#1990=ORIENTED_EDGE('',*,*,#3611,.F.);
#1991=ORIENTED_EDGE('',*,*,#3562,.F.);
#1992=ORIENTED_EDGE('',*,*,#3613,.T.);
#1993=ORIENTED_EDGE('',*,*,#3614,.T.);
#1994=ORIENTED_EDGE('',*,*,#3613,.F.);
#1995=ORIENTED_EDGE('',*,*,#3561,.F.);
#1996=ORIENTED_EDGE('',*,*,#3615,.T.);
#1997=ORIENTED_EDGE('',*,*,#3616,.T.);
#1998=ORIENTED_EDGE('',*,*,#3615,.F.);
#1999=ORIENTED_EDGE('',*,*,#3560,.F.);
#2000=ORIENTED_EDGE('',*,*,#3617,.T.);
#2001=ORIENTED_EDGE('',*,*,#3618,.T.);
#2002=ORIENTED_EDGE('',*,*,#3617,.F.);
#2003=ORIENTED_EDGE('',*,*,#3559,.F.);
#2004=ORIENTED_EDGE('',*,*,#3619,.T.);
#2005=ORIENTED_EDGE('',*,*,#3620,.T.);
#2006=ORIENTED_EDGE('',*,*,#3619,.F.);
#2007=ORIENTED_EDGE('',*,*,#3558,.F.);
#2008=ORIENTED_EDGE('',*,*,#3580,.T.);
#2009=ORIENTED_EDGE('',*,*,#3621,.T.);
#2010=ORIENTED_EDGE('',*,*,#3622,.T.);
#2011=ORIENTED_EDGE('',*,*,#3623,.T.);
#2012=ORIENTED_EDGE('',*,*,#3624,.T.);
#2013=ORIENTED_EDGE('',*,*,#3625,.T.);
#2014=ORIENTED_EDGE('',*,*,#3626,.T.);
#2015=ORIENTED_EDGE('',*,*,#3627,.T.);
#2016=ORIENTED_EDGE('',*,*,#3628,.T.);
#2017=ORIENTED_EDGE('',*,*,#3621,.F.);
#2018=ORIENTED_EDGE('',*,*,#3629,.F.);
#2019=ORIENTED_EDGE('',*,*,#3630,.T.);
#2020=ORIENTED_EDGE('',*,*,#3631,.T.);
#2021=ORIENTED_EDGE('',*,*,#3628,.F.);
#2022=ORIENTED_EDGE('',*,*,#3632,.F.);
#2023=ORIENTED_EDGE('',*,*,#3633,.T.);
#2024=ORIENTED_EDGE('',*,*,#3629,.T.);
#2025=ORIENTED_EDGE('',*,*,#3627,.F.);
#2026=ORIENTED_EDGE('',*,*,#3634,.F.);
#2027=ORIENTED_EDGE('',*,*,#3635,.T.);
#2028=ORIENTED_EDGE('',*,*,#3632,.T.);
#2029=ORIENTED_EDGE('',*,*,#3626,.F.);
#2030=ORIENTED_EDGE('',*,*,#3636,.F.);
#2031=ORIENTED_EDGE('',*,*,#3637,.T.);
#2032=ORIENTED_EDGE('',*,*,#3634,.T.);
#2033=ORIENTED_EDGE('',*,*,#3625,.F.);
#2034=ORIENTED_EDGE('',*,*,#3638,.F.);
#2035=ORIENTED_EDGE('',*,*,#3639,.T.);
#2036=ORIENTED_EDGE('',*,*,#3636,.T.);
#2037=ORIENTED_EDGE('',*,*,#3624,.F.);
#2038=ORIENTED_EDGE('',*,*,#3640,.F.);
#2039=ORIENTED_EDGE('',*,*,#3641,.T.);
#2040=ORIENTED_EDGE('',*,*,#3638,.T.);
#2041=ORIENTED_EDGE('',*,*,#3623,.F.);
#2042=ORIENTED_EDGE('',*,*,#3642,.F.);
#2043=ORIENTED_EDGE('',*,*,#3643,.T.);
#2044=ORIENTED_EDGE('',*,*,#3640,.T.);
#2045=ORIENTED_EDGE('',*,*,#3622,.F.);
#2046=ORIENTED_EDGE('',*,*,#3631,.F.);
#2047=ORIENTED_EDGE('',*,*,#3644,.T.);
#2048=ORIENTED_EDGE('',*,*,#3642,.T.);
#2049=ORIENTED_EDGE('',*,*,#3645,.T.);
#2050=ORIENTED_EDGE('',*,*,#3646,.F.);
#2051=ORIENTED_EDGE('',*,*,#3647,.F.);
#2052=ORIENTED_EDGE('',*,*,#3648,.T.);
#2053=ORIENTED_EDGE('',*,*,#3649,.T.);
#2054=ORIENTED_EDGE('',*,*,#3648,.F.);
#2055=ORIENTED_EDGE('',*,*,#3650,.F.);
#2056=ORIENTED_EDGE('',*,*,#3651,.T.);
#2057=ORIENTED_EDGE('',*,*,#3652,.T.);
#2058=ORIENTED_EDGE('',*,*,#3651,.F.);
#2059=ORIENTED_EDGE('',*,*,#3653,.F.);
#2060=ORIENTED_EDGE('',*,*,#3654,.T.);
#2061=ORIENTED_EDGE('',*,*,#3655,.T.);
#2062=ORIENTED_EDGE('',*,*,#3654,.F.);
#2063=ORIENTED_EDGE('',*,*,#3656,.F.);
#2064=ORIENTED_EDGE('',*,*,#3657,.T.);
#2065=ORIENTED_EDGE('',*,*,#3658,.T.);
#2066=ORIENTED_EDGE('',*,*,#3657,.F.);
#2067=ORIENTED_EDGE('',*,*,#3659,.F.);
#2068=ORIENTED_EDGE('',*,*,#3660,.T.);
#2069=ORIENTED_EDGE('',*,*,#3661,.T.);
#2070=ORIENTED_EDGE('',*,*,#3660,.F.);
#2071=ORIENTED_EDGE('',*,*,#3662,.F.);
#2072=ORIENTED_EDGE('',*,*,#3663,.T.);
#2073=ORIENTED_EDGE('',*,*,#3664,.T.);
#2074=ORIENTED_EDGE('',*,*,#3663,.F.);
#2075=ORIENTED_EDGE('',*,*,#3665,.F.);
#2076=ORIENTED_EDGE('',*,*,#3666,.T.);
#2077=ORIENTED_EDGE('',*,*,#3667,.T.);
#2078=ORIENTED_EDGE('',*,*,#3666,.F.);
#2079=ORIENTED_EDGE('',*,*,#3668,.F.);
#2080=ORIENTED_EDGE('',*,*,#3669,.T.);
#2081=ORIENTED_EDGE('',*,*,#3670,.T.);
#2082=ORIENTED_EDGE('',*,*,#3669,.F.);
#2083=ORIENTED_EDGE('',*,*,#3671,.F.);
#2084=ORIENTED_EDGE('',*,*,#3672,.T.);
#2085=ORIENTED_EDGE('',*,*,#3673,.T.);
#2086=ORIENTED_EDGE('',*,*,#3672,.F.);
#2087=ORIENTED_EDGE('',*,*,#3674,.F.);
#2088=ORIENTED_EDGE('',*,*,#3675,.T.);
#2089=ORIENTED_EDGE('',*,*,#3676,.T.);
#2090=ORIENTED_EDGE('',*,*,#3675,.F.);
#2091=ORIENTED_EDGE('',*,*,#3677,.F.);
#2092=ORIENTED_EDGE('',*,*,#3678,.T.);
#2093=ORIENTED_EDGE('',*,*,#3679,.T.);
#2094=ORIENTED_EDGE('',*,*,#3678,.F.);
#2095=ORIENTED_EDGE('',*,*,#3680,.F.);
#2096=ORIENTED_EDGE('',*,*,#3681,.T.);
#2097=ORIENTED_EDGE('',*,*,#3682,.T.);
#2098=ORIENTED_EDGE('',*,*,#3681,.F.);
#2099=ORIENTED_EDGE('',*,*,#3683,.F.);
#2100=ORIENTED_EDGE('',*,*,#3684,.T.);
#2101=ORIENTED_EDGE('',*,*,#3685,.T.);
#2102=ORIENTED_EDGE('',*,*,#3684,.F.);
#2103=ORIENTED_EDGE('',*,*,#3686,.F.);
#2104=ORIENTED_EDGE('',*,*,#3646,.T.);
#2105=ORIENTED_EDGE('',*,*,#3643,.F.);
#2106=ORIENTED_EDGE('',*,*,#3644,.F.);
#2107=ORIENTED_EDGE('',*,*,#3630,.F.);
#2108=ORIENTED_EDGE('',*,*,#3633,.F.);
#2109=ORIENTED_EDGE('',*,*,#3635,.F.);
#2110=ORIENTED_EDGE('',*,*,#3637,.F.);
#2111=ORIENTED_EDGE('',*,*,#3639,.F.);
#2112=ORIENTED_EDGE('',*,*,#3641,.F.);
#2113=ORIENTED_EDGE('',*,*,#3686,.T.);
#2114=ORIENTED_EDGE('',*,*,#3683,.T.);
#2115=ORIENTED_EDGE('',*,*,#3680,.T.);
#2116=ORIENTED_EDGE('',*,*,#3677,.T.);
#2117=ORIENTED_EDGE('',*,*,#3674,.T.);
#2118=ORIENTED_EDGE('',*,*,#3671,.T.);
#2119=ORIENTED_EDGE('',*,*,#3668,.T.);
#2120=ORIENTED_EDGE('',*,*,#3665,.T.);
#2121=ORIENTED_EDGE('',*,*,#3662,.T.);
#2122=ORIENTED_EDGE('',*,*,#3659,.T.);
#2123=ORIENTED_EDGE('',*,*,#3656,.T.);
#2124=ORIENTED_EDGE('',*,*,#3653,.T.);
#2125=ORIENTED_EDGE('',*,*,#3650,.T.);
#2126=ORIENTED_EDGE('',*,*,#3647,.T.);
#2127=ORIENTED_EDGE('',*,*,#3687,.T.);
#2128=ORIENTED_EDGE('',*,*,#3688,.T.);
#2129=ORIENTED_EDGE('',*,*,#3689,.T.);
#2130=ORIENTED_EDGE('',*,*,#3690,.T.);
#2131=ORIENTED_EDGE('',*,*,#3691,.T.);
#2132=ORIENTED_EDGE('',*,*,#3692,.T.);
#2133=ORIENTED_EDGE('',*,*,#3693,.T.);
#2134=ORIENTED_EDGE('',*,*,#3694,.T.);
#2135=ORIENTED_EDGE('',*,*,#3695,.T.);
#2136=ORIENTED_EDGE('',*,*,#3696,.T.);
#2137=ORIENTED_EDGE('',*,*,#3697,.T.);
#2138=ORIENTED_EDGE('',*,*,#3698,.T.);
#2139=ORIENTED_EDGE('',*,*,#3699,.T.);
#2140=ORIENTED_EDGE('',*,*,#3700,.F.);
#2141=ORIENTED_EDGE('',*,*,#3698,.F.);
#2142=ORIENTED_EDGE('',*,*,#3701,.T.);
#2143=ORIENTED_EDGE('',*,*,#3702,.T.);
#2144=ORIENTED_EDGE('',*,*,#3701,.F.);
#2145=ORIENTED_EDGE('',*,*,#3697,.F.);
#2146=ORIENTED_EDGE('',*,*,#3703,.T.);
#2147=ORIENTED_EDGE('',*,*,#3704,.T.);
#2148=ORIENTED_EDGE('',*,*,#3703,.F.);
#2149=ORIENTED_EDGE('',*,*,#3696,.F.);
#2150=ORIENTED_EDGE('',*,*,#3705,.T.);
#2151=ORIENTED_EDGE('',*,*,#3706,.T.);
#2152=ORIENTED_EDGE('',*,*,#3705,.F.);
#2153=ORIENTED_EDGE('',*,*,#3695,.F.);
#2154=ORIENTED_EDGE('',*,*,#3707,.T.);
#2155=ORIENTED_EDGE('',*,*,#3708,.T.);
#2156=ORIENTED_EDGE('',*,*,#3707,.F.);
#2157=ORIENTED_EDGE('',*,*,#3694,.F.);
#2158=ORIENTED_EDGE('',*,*,#3709,.T.);
#2159=ORIENTED_EDGE('',*,*,#3710,.T.);
#2160=ORIENTED_EDGE('',*,*,#3709,.F.);
#2161=ORIENTED_EDGE('',*,*,#3693,.F.);
#2162=ORIENTED_EDGE('',*,*,#3711,.T.);
#2163=ORIENTED_EDGE('',*,*,#3712,.T.);
#2164=ORIENTED_EDGE('',*,*,#3711,.F.);
#2165=ORIENTED_EDGE('',*,*,#3692,.F.);
#2166=ORIENTED_EDGE('',*,*,#3713,.T.);
#2167=ORIENTED_EDGE('',*,*,#3714,.T.);
#2168=ORIENTED_EDGE('',*,*,#3713,.F.);
#2169=ORIENTED_EDGE('',*,*,#3691,.F.);
#2170=ORIENTED_EDGE('',*,*,#3715,.T.);
#2171=ORIENTED_EDGE('',*,*,#3716,.T.);
#2172=ORIENTED_EDGE('',*,*,#3715,.F.);
#2173=ORIENTED_EDGE('',*,*,#3690,.F.);
#2174=ORIENTED_EDGE('',*,*,#3717,.T.);
#2175=ORIENTED_EDGE('',*,*,#3718,.T.);
#2176=ORIENTED_EDGE('',*,*,#3717,.F.);
#2177=ORIENTED_EDGE('',*,*,#3689,.F.);
#2178=ORIENTED_EDGE('',*,*,#3719,.T.);
#2179=ORIENTED_EDGE('',*,*,#3720,.T.);
#2180=ORIENTED_EDGE('',*,*,#3719,.F.);
#2181=ORIENTED_EDGE('',*,*,#3688,.F.);
#2182=ORIENTED_EDGE('',*,*,#3721,.T.);
#2183=ORIENTED_EDGE('',*,*,#3722,.T.);
#2184=ORIENTED_EDGE('',*,*,#3721,.F.);
#2185=ORIENTED_EDGE('',*,*,#3687,.F.);
#2186=ORIENTED_EDGE('',*,*,#3700,.T.);
#2187=ORIENTED_EDGE('',*,*,#3723,.T.);
#2188=ORIENTED_EDGE('',*,*,#3724,.T.);
#2189=ORIENTED_EDGE('',*,*,#3725,.T.);
#2190=ORIENTED_EDGE('',*,*,#3726,.T.);
#2191=ORIENTED_EDGE('',*,*,#3727,.T.);
#2192=ORIENTED_EDGE('',*,*,#3723,.F.);
#2193=ORIENTED_EDGE('',*,*,#3728,.F.);
#2194=ORIENTED_EDGE('',*,*,#3729,.T.);
#2195=ORIENTED_EDGE('',*,*,#3730,.T.);
#2196=ORIENTED_EDGE('',*,*,#3727,.F.);
#2197=ORIENTED_EDGE('',*,*,#3731,.F.);
#2198=ORIENTED_EDGE('',*,*,#3732,.T.);
#2199=ORIENTED_EDGE('',*,*,#3728,.T.);
#2200=ORIENTED_EDGE('',*,*,#3726,.F.);
#2201=ORIENTED_EDGE('',*,*,#3733,.F.);
#2202=ORIENTED_EDGE('',*,*,#3734,.T.);
#2203=ORIENTED_EDGE('',*,*,#3731,.T.);
#2204=ORIENTED_EDGE('',*,*,#3725,.F.);
#2205=ORIENTED_EDGE('',*,*,#3735,.F.);
#2206=ORIENTED_EDGE('',*,*,#3736,.T.);
#2207=ORIENTED_EDGE('',*,*,#3733,.T.);
#2208=ORIENTED_EDGE('',*,*,#3724,.F.);
#2209=ORIENTED_EDGE('',*,*,#3730,.F.);
#2210=ORIENTED_EDGE('',*,*,#3737,.T.);
#2211=ORIENTED_EDGE('',*,*,#3735,.T.);
#2212=ORIENTED_EDGE('',*,*,#3738,.T.);
#2213=ORIENTED_EDGE('',*,*,#3739,.F.);
#2214=ORIENTED_EDGE('',*,*,#3740,.F.);
#2215=ORIENTED_EDGE('',*,*,#3741,.T.);
#2216=ORIENTED_EDGE('',*,*,#3742,.T.);
#2217=ORIENTED_EDGE('',*,*,#3741,.F.);
#2218=ORIENTED_EDGE('',*,*,#3743,.F.);
#2219=ORIENTED_EDGE('',*,*,#3744,.T.);
#2220=ORIENTED_EDGE('',*,*,#3745,.T.);
#2221=ORIENTED_EDGE('',*,*,#3744,.F.);
#2222=ORIENTED_EDGE('',*,*,#3746,.F.);
#2223=ORIENTED_EDGE('',*,*,#3747,.T.);
#2224=ORIENTED_EDGE('',*,*,#3748,.T.);
#2225=ORIENTED_EDGE('',*,*,#3747,.F.);
#2226=ORIENTED_EDGE('',*,*,#3749,.F.);
#2227=ORIENTED_EDGE('',*,*,#3750,.T.);
#2228=ORIENTED_EDGE('',*,*,#3751,.T.);
#2229=ORIENTED_EDGE('',*,*,#3750,.F.);
#2230=ORIENTED_EDGE('',*,*,#3752,.F.);
#2231=ORIENTED_EDGE('',*,*,#3753,.T.);
#2232=ORIENTED_EDGE('',*,*,#3754,.T.);
#2233=ORIENTED_EDGE('',*,*,#3753,.F.);
#2234=ORIENTED_EDGE('',*,*,#3755,.F.);
#2235=ORIENTED_EDGE('',*,*,#3756,.T.);
#2236=ORIENTED_EDGE('',*,*,#3757,.T.);
#2237=ORIENTED_EDGE('',*,*,#3756,.F.);
#2238=ORIENTED_EDGE('',*,*,#3758,.F.);
#2239=ORIENTED_EDGE('',*,*,#3759,.T.);
#2240=ORIENTED_EDGE('',*,*,#3760,.T.);
#2241=ORIENTED_EDGE('',*,*,#3759,.F.);
#2242=ORIENTED_EDGE('',*,*,#3761,.F.);
#2243=ORIENTED_EDGE('',*,*,#3739,.T.);
#2244=ORIENTED_EDGE('',*,*,#3737,.F.);
#2245=ORIENTED_EDGE('',*,*,#3729,.F.);
#2246=ORIENTED_EDGE('',*,*,#3732,.F.);
#2247=ORIENTED_EDGE('',*,*,#3734,.F.);
#2248=ORIENTED_EDGE('',*,*,#3736,.F.);
#2249=ORIENTED_EDGE('',*,*,#3761,.T.);
#2250=ORIENTED_EDGE('',*,*,#3758,.T.);
#2251=ORIENTED_EDGE('',*,*,#3755,.T.);
#2252=ORIENTED_EDGE('',*,*,#3752,.T.);
#2253=ORIENTED_EDGE('',*,*,#3749,.T.);
#2254=ORIENTED_EDGE('',*,*,#3746,.T.);
#2255=ORIENTED_EDGE('',*,*,#3743,.T.);
#2256=ORIENTED_EDGE('',*,*,#3740,.T.);
#2257=ORIENTED_EDGE('',*,*,#3762,.T.);
#2258=ORIENTED_EDGE('',*,*,#3763,.T.);
#2259=ORIENTED_EDGE('',*,*,#3764,.T.);
#2260=ORIENTED_EDGE('',*,*,#3765,.T.);
#2261=ORIENTED_EDGE('',*,*,#3766,.T.);
#2262=ORIENTED_EDGE('',*,*,#3767,.T.);
#2263=ORIENTED_EDGE('',*,*,#3768,.T.);
#2264=ORIENTED_EDGE('',*,*,#3762,.F.);
#2265=ORIENTED_EDGE('',*,*,#3769,.F.);
#2266=ORIENTED_EDGE('',*,*,#3770,.T.);
#2267=ORIENTED_EDGE('',*,*,#3771,.T.);
#2268=ORIENTED_EDGE('',*,*,#3768,.F.);
#2269=ORIENTED_EDGE('',*,*,#3772,.F.);
#2270=ORIENTED_EDGE('',*,*,#3773,.T.);
#2271=ORIENTED_EDGE('',*,*,#3769,.T.);
#2272=ORIENTED_EDGE('',*,*,#3767,.F.);
#2273=ORIENTED_EDGE('',*,*,#3774,.F.);
#2274=ORIENTED_EDGE('',*,*,#3775,.T.);
#2275=ORIENTED_EDGE('',*,*,#3772,.T.);
#2276=ORIENTED_EDGE('',*,*,#3766,.F.);
#2277=ORIENTED_EDGE('',*,*,#3776,.F.);
#2278=ORIENTED_EDGE('',*,*,#3777,.T.);
#2279=ORIENTED_EDGE('',*,*,#3774,.T.);
#2280=ORIENTED_EDGE('',*,*,#3765,.F.);
#2281=ORIENTED_EDGE('',*,*,#3778,.F.);
#2282=ORIENTED_EDGE('',*,*,#3779,.T.);
#2283=ORIENTED_EDGE('',*,*,#3776,.T.);
#2284=ORIENTED_EDGE('',*,*,#3764,.F.);
#2285=ORIENTED_EDGE('',*,*,#3780,.F.);
#2286=ORIENTED_EDGE('',*,*,#3781,.T.);
#2287=ORIENTED_EDGE('',*,*,#3778,.T.);
#2288=ORIENTED_EDGE('',*,*,#3763,.F.);
#2289=ORIENTED_EDGE('',*,*,#3771,.F.);
#2290=ORIENTED_EDGE('',*,*,#3782,.T.);
#2291=ORIENTED_EDGE('',*,*,#3780,.T.);
#2292=ORIENTED_EDGE('',*,*,#3783,.T.);
#2293=ORIENTED_EDGE('',*,*,#3784,.F.);
#2294=ORIENTED_EDGE('',*,*,#3785,.F.);
#2295=ORIENTED_EDGE('',*,*,#3786,.T.);
#2296=ORIENTED_EDGE('',*,*,#3787,.T.);
#2297=ORIENTED_EDGE('',*,*,#3786,.F.);
#2298=ORIENTED_EDGE('',*,*,#3788,.F.);
#2299=ORIENTED_EDGE('',*,*,#3789,.T.);
#2300=ORIENTED_EDGE('',*,*,#3790,.T.);
#2301=ORIENTED_EDGE('',*,*,#3789,.F.);
#2302=ORIENTED_EDGE('',*,*,#3791,.F.);
#2303=ORIENTED_EDGE('',*,*,#3792,.T.);
#2304=ORIENTED_EDGE('',*,*,#3793,.T.);
#2305=ORIENTED_EDGE('',*,*,#3792,.F.);
#2306=ORIENTED_EDGE('',*,*,#3794,.F.);
#2307=ORIENTED_EDGE('',*,*,#3795,.T.);
#2308=ORIENTED_EDGE('',*,*,#3796,.T.);
#2309=ORIENTED_EDGE('',*,*,#3795,.F.);
#2310=ORIENTED_EDGE('',*,*,#3797,.F.);
#2311=ORIENTED_EDGE('',*,*,#3798,.T.);
#2312=ORIENTED_EDGE('',*,*,#3799,.T.);
#2313=ORIENTED_EDGE('',*,*,#3798,.F.);
#2314=ORIENTED_EDGE('',*,*,#3800,.F.);
#2315=ORIENTED_EDGE('',*,*,#3801,.T.);
#2316=ORIENTED_EDGE('',*,*,#3802,.T.);
#2317=ORIENTED_EDGE('',*,*,#3801,.F.);
#2318=ORIENTED_EDGE('',*,*,#3803,.F.);
#2319=ORIENTED_EDGE('',*,*,#3784,.T.);
#2320=ORIENTED_EDGE('',*,*,#3781,.F.);
#2321=ORIENTED_EDGE('',*,*,#3782,.F.);
#2322=ORIENTED_EDGE('',*,*,#3770,.F.);
#2323=ORIENTED_EDGE('',*,*,#3773,.F.);
#2324=ORIENTED_EDGE('',*,*,#3775,.F.);
#2325=ORIENTED_EDGE('',*,*,#3777,.F.);
#2326=ORIENTED_EDGE('',*,*,#3779,.F.);
#2327=ORIENTED_EDGE('',*,*,#3803,.T.);
#2328=ORIENTED_EDGE('',*,*,#3800,.T.);
#2329=ORIENTED_EDGE('',*,*,#3797,.T.);
#2330=ORIENTED_EDGE('',*,*,#3794,.T.);
#2331=ORIENTED_EDGE('',*,*,#3791,.T.);
#2332=ORIENTED_EDGE('',*,*,#3788,.T.);
#2333=ORIENTED_EDGE('',*,*,#3785,.T.);
#2334=ORIENTED_EDGE('',*,*,#3804,.T.);
#2335=ORIENTED_EDGE('',*,*,#3805,.T.);
#2336=ORIENTED_EDGE('',*,*,#3806,.T.);
#2337=ORIENTED_EDGE('',*,*,#3807,.T.);
#2338=ORIENTED_EDGE('',*,*,#3808,.T.);
#2339=ORIENTED_EDGE('',*,*,#3809,.T.);
#2340=ORIENTED_EDGE('',*,*,#3810,.T.);
#2341=ORIENTED_EDGE('',*,*,#3811,.T.);
#2342=ORIENTED_EDGE('',*,*,#3812,.T.);
#2343=ORIENTED_EDGE('',*,*,#3813,.T.);
#2344=ORIENTED_EDGE('',*,*,#3814,.T.);
#2345=ORIENTED_EDGE('',*,*,#3815,.T.);
#2346=ORIENTED_EDGE('',*,*,#3816,.T.);
#2347=ORIENTED_EDGE('',*,*,#3817,.F.);
#2348=ORIENTED_EDGE('',*,*,#3815,.F.);
#2349=ORIENTED_EDGE('',*,*,#3818,.T.);
#2350=ORIENTED_EDGE('',*,*,#3819,.T.);
#2351=ORIENTED_EDGE('',*,*,#3818,.F.);
#2352=ORIENTED_EDGE('',*,*,#3814,.F.);
#2353=ORIENTED_EDGE('',*,*,#3820,.T.);
#2354=ORIENTED_EDGE('',*,*,#3821,.T.);
#2355=ORIENTED_EDGE('',*,*,#3820,.F.);
#2356=ORIENTED_EDGE('',*,*,#3813,.F.);
#2357=ORIENTED_EDGE('',*,*,#3822,.T.);
#2358=ORIENTED_EDGE('',*,*,#3823,.T.);
#2359=ORIENTED_EDGE('',*,*,#3822,.F.);
#2360=ORIENTED_EDGE('',*,*,#3812,.F.);
#2361=ORIENTED_EDGE('',*,*,#3824,.T.);
#2362=ORIENTED_EDGE('',*,*,#3825,.T.);
#2363=ORIENTED_EDGE('',*,*,#3824,.F.);
#2364=ORIENTED_EDGE('',*,*,#3811,.F.);
#2365=ORIENTED_EDGE('',*,*,#3826,.T.);
#2366=ORIENTED_EDGE('',*,*,#3827,.T.);
#2367=ORIENTED_EDGE('',*,*,#3826,.F.);
#2368=ORIENTED_EDGE('',*,*,#3810,.F.);
#2369=ORIENTED_EDGE('',*,*,#3828,.T.);
#2370=ORIENTED_EDGE('',*,*,#3829,.T.);
#2371=ORIENTED_EDGE('',*,*,#3828,.F.);
#2372=ORIENTED_EDGE('',*,*,#3809,.F.);
#2373=ORIENTED_EDGE('',*,*,#3830,.T.);
#2374=ORIENTED_EDGE('',*,*,#3831,.T.);
#2375=ORIENTED_EDGE('',*,*,#3830,.F.);
#2376=ORIENTED_EDGE('',*,*,#3808,.F.);
#2377=ORIENTED_EDGE('',*,*,#3832,.T.);
#2378=ORIENTED_EDGE('',*,*,#3833,.T.);
#2379=ORIENTED_EDGE('',*,*,#3832,.F.);
#2380=ORIENTED_EDGE('',*,*,#3807,.F.);
#2381=ORIENTED_EDGE('',*,*,#3834,.T.);
#2382=ORIENTED_EDGE('',*,*,#3835,.T.);
#2383=ORIENTED_EDGE('',*,*,#3834,.F.);
#2384=ORIENTED_EDGE('',*,*,#3806,.F.);
#2385=ORIENTED_EDGE('',*,*,#3836,.T.);
#2386=ORIENTED_EDGE('',*,*,#3837,.T.);
#2387=ORIENTED_EDGE('',*,*,#3836,.F.);
#2388=ORIENTED_EDGE('',*,*,#3805,.F.);
#2389=ORIENTED_EDGE('',*,*,#3838,.T.);
#2390=ORIENTED_EDGE('',*,*,#3839,.T.);
#2391=ORIENTED_EDGE('',*,*,#3838,.F.);
#2392=ORIENTED_EDGE('',*,*,#3804,.F.);
#2393=ORIENTED_EDGE('',*,*,#3817,.T.);
#2394=ORIENTED_EDGE('',*,*,#3840,.T.);
#2395=ORIENTED_EDGE('',*,*,#3841,.T.);
#2396=ORIENTED_EDGE('',*,*,#3842,.T.);
#2397=ORIENTED_EDGE('',*,*,#3843,.T.);
#2398=ORIENTED_EDGE('',*,*,#3844,.T.);
#2399=ORIENTED_EDGE('',*,*,#3845,.T.);
#2400=ORIENTED_EDGE('',*,*,#3846,.T.);
#2401=ORIENTED_EDGE('',*,*,#3847,.T.);
#2402=ORIENTED_EDGE('',*,*,#3848,.T.);
#2403=ORIENTED_EDGE('',*,*,#3849,.T.);
#2404=ORIENTED_EDGE('',*,*,#3850,.T.);
#2405=ORIENTED_EDGE('',*,*,#3851,.T.);
#2406=ORIENTED_EDGE('',*,*,#3852,.T.);
#2407=ORIENTED_EDGE('',*,*,#3853,.T.);
#2408=ORIENTED_EDGE('',*,*,#3854,.T.);
#2409=ORIENTED_EDGE('',*,*,#3855,.F.);
#2410=ORIENTED_EDGE('',*,*,#3853,.F.);
#2411=ORIENTED_EDGE('',*,*,#3856,.T.);
#2412=ORIENTED_EDGE('',*,*,#3857,.T.);
#2413=ORIENTED_EDGE('',*,*,#3856,.F.);
#2414=ORIENTED_EDGE('',*,*,#3852,.F.);
#2415=ORIENTED_EDGE('',*,*,#3858,.T.);
#2416=ORIENTED_EDGE('',*,*,#3859,.T.);
#2417=ORIENTED_EDGE('',*,*,#3858,.F.);
#2418=ORIENTED_EDGE('',*,*,#3851,.F.);
#2419=ORIENTED_EDGE('',*,*,#3860,.T.);
#2420=ORIENTED_EDGE('',*,*,#3861,.T.);
#2421=ORIENTED_EDGE('',*,*,#3860,.F.);
#2422=ORIENTED_EDGE('',*,*,#3850,.F.);
#2423=ORIENTED_EDGE('',*,*,#3862,.T.);
#2424=ORIENTED_EDGE('',*,*,#3863,.T.);
#2425=ORIENTED_EDGE('',*,*,#3862,.F.);
#2426=ORIENTED_EDGE('',*,*,#3849,.F.);
#2427=ORIENTED_EDGE('',*,*,#3864,.T.);
#2428=ORIENTED_EDGE('',*,*,#3865,.T.);
#2429=ORIENTED_EDGE('',*,*,#3864,.F.);
#2430=ORIENTED_EDGE('',*,*,#3848,.F.);
#2431=ORIENTED_EDGE('',*,*,#3866,.T.);
#2432=ORIENTED_EDGE('',*,*,#3867,.T.);
#2433=ORIENTED_EDGE('',*,*,#3866,.F.);
#2434=ORIENTED_EDGE('',*,*,#3847,.F.);
#2435=ORIENTED_EDGE('',*,*,#3868,.T.);
#2436=ORIENTED_EDGE('',*,*,#3869,.T.);
#2437=ORIENTED_EDGE('',*,*,#3868,.F.);
#2438=ORIENTED_EDGE('',*,*,#3846,.F.);
#2439=ORIENTED_EDGE('',*,*,#3870,.T.);
#2440=ORIENTED_EDGE('',*,*,#3871,.T.);
#2441=ORIENTED_EDGE('',*,*,#3870,.F.);
#2442=ORIENTED_EDGE('',*,*,#3845,.F.);
#2443=ORIENTED_EDGE('',*,*,#3872,.T.);
#2444=ORIENTED_EDGE('',*,*,#3873,.T.);
#2445=ORIENTED_EDGE('',*,*,#3872,.F.);
#2446=ORIENTED_EDGE('',*,*,#3844,.F.);
#2447=ORIENTED_EDGE('',*,*,#3874,.T.);
#2448=ORIENTED_EDGE('',*,*,#3875,.T.);
#2449=ORIENTED_EDGE('',*,*,#3874,.F.);
#2450=ORIENTED_EDGE('',*,*,#3843,.F.);
#2451=ORIENTED_EDGE('',*,*,#3876,.T.);
#2452=ORIENTED_EDGE('',*,*,#3877,.T.);
#2453=ORIENTED_EDGE('',*,*,#3876,.F.);
#2454=ORIENTED_EDGE('',*,*,#3842,.F.);
#2455=ORIENTED_EDGE('',*,*,#3878,.T.);
#2456=ORIENTED_EDGE('',*,*,#3879,.T.);
#2457=ORIENTED_EDGE('',*,*,#3878,.F.);
#2458=ORIENTED_EDGE('',*,*,#3841,.F.);
#2459=ORIENTED_EDGE('',*,*,#3880,.T.);
#2460=ORIENTED_EDGE('',*,*,#3881,.T.);
#2461=ORIENTED_EDGE('',*,*,#3880,.F.);
#2462=ORIENTED_EDGE('',*,*,#3840,.F.);
#2463=ORIENTED_EDGE('',*,*,#3855,.T.);
#2464=ORIENTED_EDGE('',*,*,#3882,.T.);
#2465=ORIENTED_EDGE('',*,*,#3883,.T.);
#2466=ORIENTED_EDGE('',*,*,#3884,.T.);
#2467=ORIENTED_EDGE('',*,*,#3885,.T.);
#2468=ORIENTED_EDGE('',*,*,#3886,.T.);
#2469=ORIENTED_EDGE('',*,*,#3887,.T.);
#2470=ORIENTED_EDGE('',*,*,#3888,.T.);
#2471=ORIENTED_EDGE('',*,*,#3889,.F.);
#2472=ORIENTED_EDGE('',*,*,#3887,.F.);
#2473=ORIENTED_EDGE('',*,*,#3890,.T.);
#2474=ORIENTED_EDGE('',*,*,#3891,.T.);
#2475=ORIENTED_EDGE('',*,*,#3890,.F.);
#2476=ORIENTED_EDGE('',*,*,#3886,.F.);
#2477=ORIENTED_EDGE('',*,*,#3892,.T.);
#2478=ORIENTED_EDGE('',*,*,#3893,.T.);
#2479=ORIENTED_EDGE('',*,*,#3892,.F.);
#2480=ORIENTED_EDGE('',*,*,#3885,.F.);
#2481=ORIENTED_EDGE('',*,*,#3894,.T.);
#2482=ORIENTED_EDGE('',*,*,#3895,.T.);
#2483=ORIENTED_EDGE('',*,*,#3894,.F.);
#2484=ORIENTED_EDGE('',*,*,#3884,.F.);
#2485=ORIENTED_EDGE('',*,*,#3896,.T.);
#2486=ORIENTED_EDGE('',*,*,#3897,.T.);
#2487=ORIENTED_EDGE('',*,*,#3896,.F.);
#2488=ORIENTED_EDGE('',*,*,#3883,.F.);
#2489=ORIENTED_EDGE('',*,*,#3898,.T.);
#2490=ORIENTED_EDGE('',*,*,#3899,.T.);
#2491=ORIENTED_EDGE('',*,*,#3898,.F.);
#2492=ORIENTED_EDGE('',*,*,#3882,.F.);
#2493=ORIENTED_EDGE('',*,*,#3889,.T.);
#2494=ORIENTED_EDGE('',*,*,#3900,.T.);
#2495=ORIENTED_EDGE('',*,*,#3901,.T.);
#2496=ORIENTED_EDGE('',*,*,#3902,.T.);
#2497=ORIENTED_EDGE('',*,*,#3903,.T.);
#2498=ORIENTED_EDGE('',*,*,#3904,.T.);
#2499=ORIENTED_EDGE('',*,*,#3905,.T.);
#2500=ORIENTED_EDGE('',*,*,#3906,.T.);
#2501=ORIENTED_EDGE('',*,*,#3907,.T.);
#2502=ORIENTED_EDGE('',*,*,#3908,.T.);
#2503=ORIENTED_EDGE('',*,*,#3909,.T.);
#2504=ORIENTED_EDGE('',*,*,#3910,.T.);
#2505=ORIENTED_EDGE('',*,*,#3911,.F.);
#2506=ORIENTED_EDGE('',*,*,#3912,.F.);
#2507=ORIENTED_EDGE('',*,*,#3913,.F.);
#2508=ORIENTED_EDGE('',*,*,#3914,.F.);
#2509=ORIENTED_EDGE('',*,*,#3915,.F.);
#2510=ORIENTED_EDGE('',*,*,#3916,.F.);
#2511=ORIENTED_EDGE('',*,*,#3917,.F.);
#2512=ORIENTED_EDGE('',*,*,#3918,.F.);
#2513=ORIENTED_EDGE('',*,*,#3912,.T.);
#2514=ORIENTED_EDGE('',*,*,#3919,.T.);
#2515=ORIENTED_EDGE('',*,*,#3920,.F.);
#2516=ORIENTED_EDGE('',*,*,#3921,.F.);
#2517=ORIENTED_EDGE('',*,*,#3913,.T.);
#2518=ORIENTED_EDGE('',*,*,#3918,.T.);
#2519=ORIENTED_EDGE('',*,*,#3922,.F.);
#2520=ORIENTED_EDGE('',*,*,#3923,.F.);
#2521=ORIENTED_EDGE('',*,*,#3914,.T.);
#2522=ORIENTED_EDGE('',*,*,#3921,.T.);
#2523=ORIENTED_EDGE('',*,*,#3924,.F.);
#2524=ORIENTED_EDGE('',*,*,#3925,.F.);
#2525=ORIENTED_EDGE('',*,*,#3915,.T.);
#2526=ORIENTED_EDGE('',*,*,#3923,.T.);
#2527=ORIENTED_EDGE('',*,*,#3926,.F.);
#2528=ORIENTED_EDGE('',*,*,#3927,.F.);
#2529=ORIENTED_EDGE('',*,*,#3916,.T.);
#2530=ORIENTED_EDGE('',*,*,#3925,.T.);
#2531=ORIENTED_EDGE('',*,*,#3928,.F.);
#2532=ORIENTED_EDGE('',*,*,#3919,.F.);
#2533=ORIENTED_EDGE('',*,*,#3911,.T.);
#2534=ORIENTED_EDGE('',*,*,#3927,.T.);
#2535=ORIENTED_EDGE('',*,*,#3929,.F.);
#2536=ORIENTED_EDGE('',*,*,#3930,.F.);
#2537=ORIENTED_EDGE('',*,*,#3931,.F.);
#2538=ORIENTED_EDGE('',*,*,#3932,.F.);
#2539=ORIENTED_EDGE('',*,*,#3933,.F.);
#2540=ORIENTED_EDGE('',*,*,#3934,.F.);
#2541=ORIENTED_EDGE('',*,*,#3935,.F.);
#2542=ORIENTED_EDGE('',*,*,#3936,.F.);
#2543=ORIENTED_EDGE('',*,*,#3937,.F.);
#2544=ORIENTED_EDGE('',*,*,#3938,.F.);
#2545=ORIENTED_EDGE('',*,*,#3939,.F.);
#2546=ORIENTED_EDGE('',*,*,#3940,.F.);
#2547=ORIENTED_EDGE('',*,*,#3930,.T.);
#2548=ORIENTED_EDGE('',*,*,#3941,.T.);
#2549=ORIENTED_EDGE('',*,*,#3942,.F.);
#2550=ORIENTED_EDGE('',*,*,#3943,.F.);
#2551=ORIENTED_EDGE('',*,*,#3931,.T.);
#2552=ORIENTED_EDGE('',*,*,#3940,.T.);
#2553=ORIENTED_EDGE('',*,*,#3944,.F.);
#2554=ORIENTED_EDGE('',*,*,#3945,.F.);
#2555=ORIENTED_EDGE('',*,*,#3932,.T.);
#2556=ORIENTED_EDGE('',*,*,#3943,.T.);
#2557=ORIENTED_EDGE('',*,*,#3946,.F.);
#2558=ORIENTED_EDGE('',*,*,#3947,.F.);
#2559=ORIENTED_EDGE('',*,*,#3933,.T.);
#2560=ORIENTED_EDGE('',*,*,#3945,.T.);
#2561=ORIENTED_EDGE('',*,*,#3948,.F.);
#2562=ORIENTED_EDGE('',*,*,#3949,.F.);
#2563=ORIENTED_EDGE('',*,*,#3934,.T.);
#2564=ORIENTED_EDGE('',*,*,#3947,.T.);
#2565=ORIENTED_EDGE('',*,*,#3950,.F.);
#2566=ORIENTED_EDGE('',*,*,#3951,.F.);
#2567=ORIENTED_EDGE('',*,*,#3935,.T.);
#2568=ORIENTED_EDGE('',*,*,#3949,.T.);
#2569=ORIENTED_EDGE('',*,*,#3952,.F.);
#2570=ORIENTED_EDGE('',*,*,#3953,.F.);
#2571=ORIENTED_EDGE('',*,*,#3936,.T.);
#2572=ORIENTED_EDGE('',*,*,#3951,.T.);
#2573=ORIENTED_EDGE('',*,*,#3954,.F.);
#2574=ORIENTED_EDGE('',*,*,#3955,.F.);
#2575=ORIENTED_EDGE('',*,*,#3937,.T.);
#2576=ORIENTED_EDGE('',*,*,#3953,.T.);
#2577=ORIENTED_EDGE('',*,*,#3956,.F.);
#2578=ORIENTED_EDGE('',*,*,#3957,.F.);
#2579=ORIENTED_EDGE('',*,*,#3938,.T.);
#2580=ORIENTED_EDGE('',*,*,#3955,.T.);
#2581=ORIENTED_EDGE('',*,*,#3958,.F.);
#2582=ORIENTED_EDGE('',*,*,#3941,.F.);
#2583=ORIENTED_EDGE('',*,*,#3929,.T.);
#2584=ORIENTED_EDGE('',*,*,#3957,.T.);
#2585=ORIENTED_EDGE('',*,*,#3959,.F.);
#2586=ORIENTED_EDGE('',*,*,#3960,.F.);
#2587=ORIENTED_EDGE('',*,*,#3961,.F.);
#2588=ORIENTED_EDGE('',*,*,#3962,.F.);
#2589=ORIENTED_EDGE('',*,*,#3963,.F.);
#2590=ORIENTED_EDGE('',*,*,#3964,.F.);
#2591=ORIENTED_EDGE('',*,*,#3965,.F.);
#2592=ORIENTED_EDGE('',*,*,#3966,.F.);
#2593=ORIENTED_EDGE('',*,*,#3967,.F.);
#2594=ORIENTED_EDGE('',*,*,#3968,.F.);
#2595=ORIENTED_EDGE('',*,*,#3969,.F.);
#2596=ORIENTED_EDGE('',*,*,#3970,.F.);
#2597=ORIENTED_EDGE('',*,*,#3971,.F.);
#2598=ORIENTED_EDGE('',*,*,#3972,.F.);
#2599=ORIENTED_EDGE('',*,*,#3960,.T.);
#2600=ORIENTED_EDGE('',*,*,#3973,.T.);
#2601=ORIENTED_EDGE('',*,*,#3974,.F.);
#2602=ORIENTED_EDGE('',*,*,#3975,.F.);
#2603=ORIENTED_EDGE('',*,*,#3961,.T.);
#2604=ORIENTED_EDGE('',*,*,#3972,.T.);
#2605=ORIENTED_EDGE('',*,*,#3976,.F.);
#2606=ORIENTED_EDGE('',*,*,#3977,.F.);
#2607=ORIENTED_EDGE('',*,*,#3962,.T.);
#2608=ORIENTED_EDGE('',*,*,#3975,.T.);
#2609=ORIENTED_EDGE('',*,*,#3978,.F.);
#2610=ORIENTED_EDGE('',*,*,#3979,.F.);
#2611=ORIENTED_EDGE('',*,*,#3963,.T.);
#2612=ORIENTED_EDGE('',*,*,#3977,.T.);
#2613=ORIENTED_EDGE('',*,*,#3980,.F.);
#2614=ORIENTED_EDGE('',*,*,#3981,.F.);
#2615=ORIENTED_EDGE('',*,*,#3964,.T.);
#2616=ORIENTED_EDGE('',*,*,#3979,.T.);
#2617=ORIENTED_EDGE('',*,*,#3982,.F.);
#2618=ORIENTED_EDGE('',*,*,#3983,.F.);
#2619=ORIENTED_EDGE('',*,*,#3965,.T.);
#2620=ORIENTED_EDGE('',*,*,#3981,.T.);
#2621=ORIENTED_EDGE('',*,*,#3984,.F.);
#2622=ORIENTED_EDGE('',*,*,#3985,.F.);
#2623=ORIENTED_EDGE('',*,*,#3966,.T.);
#2624=ORIENTED_EDGE('',*,*,#3983,.T.);
#2625=ORIENTED_EDGE('',*,*,#3986,.F.);
#2626=ORIENTED_EDGE('',*,*,#3987,.F.);
#2627=ORIENTED_EDGE('',*,*,#3967,.T.);
#2628=ORIENTED_EDGE('',*,*,#3985,.T.);
#2629=ORIENTED_EDGE('',*,*,#3988,.F.);
#2630=ORIENTED_EDGE('',*,*,#3989,.F.);
#2631=ORIENTED_EDGE('',*,*,#3968,.T.);
#2632=ORIENTED_EDGE('',*,*,#3987,.T.);
#2633=ORIENTED_EDGE('',*,*,#3990,.F.);
#2634=ORIENTED_EDGE('',*,*,#3991,.F.);
#2635=ORIENTED_EDGE('',*,*,#3969,.T.);
#2636=ORIENTED_EDGE('',*,*,#3989,.T.);
#2637=ORIENTED_EDGE('',*,*,#3992,.F.);
#2638=ORIENTED_EDGE('',*,*,#3993,.F.);
#2639=ORIENTED_EDGE('',*,*,#3970,.T.);
#2640=ORIENTED_EDGE('',*,*,#3991,.T.);
#2641=ORIENTED_EDGE('',*,*,#3994,.F.);
#2642=ORIENTED_EDGE('',*,*,#3973,.F.);
#2643=ORIENTED_EDGE('',*,*,#3959,.T.);
#2644=ORIENTED_EDGE('',*,*,#3993,.T.);
#2645=ORIENTED_EDGE('',*,*,#3902,.F.);
#2646=ORIENTED_EDGE('',*,*,#3995,.F.);
#2647=ORIENTED_EDGE('',*,*,#3996,.T.);
#2648=ORIENTED_EDGE('',*,*,#3997,.T.);
#2649=ORIENTED_EDGE('',*,*,#3903,.F.);
#2650=ORIENTED_EDGE('',*,*,#3997,.F.);
#2651=ORIENTED_EDGE('',*,*,#3998,.T.);
#2652=ORIENTED_EDGE('',*,*,#3999,.T.);
#2653=ORIENTED_EDGE('',*,*,#3904,.F.);
#2654=ORIENTED_EDGE('',*,*,#3999,.F.);
#2655=ORIENTED_EDGE('',*,*,#4000,.T.);
#2656=ORIENTED_EDGE('',*,*,#4001,.T.);
#2657=ORIENTED_EDGE('',*,*,#3900,.F.);
#2658=ORIENTED_EDGE('',*,*,#4001,.F.);
#2659=ORIENTED_EDGE('',*,*,#4002,.T.);
#2660=ORIENTED_EDGE('',*,*,#4003,.T.);
#2661=ORIENTED_EDGE('',*,*,#3901,.F.);
#2662=ORIENTED_EDGE('',*,*,#4003,.F.);
#2663=ORIENTED_EDGE('',*,*,#4004,.T.);
#2664=ORIENTED_EDGE('',*,*,#3995,.T.);
#2665=ORIENTED_EDGE('',*,*,#4005,.F.);
#2666=ORIENTED_EDGE('',*,*,#4006,.F.);
#2667=ORIENTED_EDGE('',*,*,#4007,.F.);
#2668=ORIENTED_EDGE('',*,*,#4008,.F.);
#2669=ORIENTED_EDGE('',*,*,#4009,.F.);
#2670=ORIENTED_EDGE('',*,*,#4002,.F.);
#2671=ORIENTED_EDGE('',*,*,#4000,.F.);
#2672=ORIENTED_EDGE('',*,*,#3998,.F.);
#2673=ORIENTED_EDGE('',*,*,#3996,.F.);
#2674=ORIENTED_EDGE('',*,*,#4004,.F.);
#2675=ORIENTED_EDGE('',*,*,#4010,.F.);
#2676=ORIENTED_EDGE('',*,*,#4011,.F.);
#2677=ORIENTED_EDGE('',*,*,#4006,.T.);
#2678=ORIENTED_EDGE('',*,*,#4012,.T.);
#2679=ORIENTED_EDGE('',*,*,#4013,.F.);
#2680=ORIENTED_EDGE('',*,*,#4014,.F.);
#2681=ORIENTED_EDGE('',*,*,#4007,.T.);
#2682=ORIENTED_EDGE('',*,*,#4011,.T.);
#2683=ORIENTED_EDGE('',*,*,#4015,.F.);
#2684=ORIENTED_EDGE('',*,*,#4016,.F.);
#2685=ORIENTED_EDGE('',*,*,#4008,.T.);
#2686=ORIENTED_EDGE('',*,*,#4014,.T.);
#2687=ORIENTED_EDGE('',*,*,#4017,.F.);
#2688=ORIENTED_EDGE('',*,*,#4018,.F.);
#2689=ORIENTED_EDGE('',*,*,#4009,.T.);
#2690=ORIENTED_EDGE('',*,*,#4016,.T.);
#2691=ORIENTED_EDGE('',*,*,#4019,.F.);
#2692=ORIENTED_EDGE('',*,*,#4012,.F.);
#2693=ORIENTED_EDGE('',*,*,#4005,.T.);
#2694=ORIENTED_EDGE('',*,*,#4018,.T.);
#2695=ORIENTED_EDGE('',*,*,#3907,.F.);
#2696=ORIENTED_EDGE('',*,*,#4020,.F.);
#2697=ORIENTED_EDGE('',*,*,#4021,.T.);
#2698=ORIENTED_EDGE('',*,*,#4022,.T.);
#2699=ORIENTED_EDGE('',*,*,#3908,.F.);
#2700=ORIENTED_EDGE('',*,*,#4022,.F.);
#2701=ORIENTED_EDGE('',*,*,#4023,.T.);
#2702=ORIENTED_EDGE('',*,*,#4024,.T.);
#2703=ORIENTED_EDGE('',*,*,#3909,.F.);
#2704=ORIENTED_EDGE('',*,*,#4024,.F.);
#2705=ORIENTED_EDGE('',*,*,#4025,.T.);
#2706=ORIENTED_EDGE('',*,*,#4026,.T.);
#2707=ORIENTED_EDGE('',*,*,#3910,.F.);
#2708=ORIENTED_EDGE('',*,*,#4026,.F.);
#2709=ORIENTED_EDGE('',*,*,#4027,.T.);
#2710=ORIENTED_EDGE('',*,*,#4028,.T.);
#2711=ORIENTED_EDGE('',*,*,#3905,.F.);
#2712=ORIENTED_EDGE('',*,*,#4028,.F.);
#2713=ORIENTED_EDGE('',*,*,#4029,.T.);
#2714=ORIENTED_EDGE('',*,*,#4030,.T.);
#2715=ORIENTED_EDGE('',*,*,#3906,.F.);
#2716=ORIENTED_EDGE('',*,*,#4030,.F.);
#2717=ORIENTED_EDGE('',*,*,#4031,.T.);
#2718=ORIENTED_EDGE('',*,*,#4020,.T.);
#2719=ORIENTED_EDGE('',*,*,#4032,.F.);
#2720=ORIENTED_EDGE('',*,*,#4033,.F.);
#2721=ORIENTED_EDGE('',*,*,#4034,.F.);
#2722=ORIENTED_EDGE('',*,*,#4035,.F.);
#2723=ORIENTED_EDGE('',*,*,#4036,.F.);
#2724=ORIENTED_EDGE('',*,*,#4037,.F.);
#2725=ORIENTED_EDGE('',*,*,#4038,.F.);
#2726=ORIENTED_EDGE('',*,*,#4039,.F.);
#2727=ORIENTED_EDGE('',*,*,#4031,.F.);
#2728=ORIENTED_EDGE('',*,*,#4029,.F.);
#2729=ORIENTED_EDGE('',*,*,#4027,.F.);
#2730=ORIENTED_EDGE('',*,*,#4025,.F.);
#2731=ORIENTED_EDGE('',*,*,#4023,.F.);
#2732=ORIENTED_EDGE('',*,*,#4021,.F.);
#2733=ORIENTED_EDGE('',*,*,#4040,.F.);
#2734=ORIENTED_EDGE('',*,*,#4041,.F.);
#2735=ORIENTED_EDGE('',*,*,#4033,.T.);
#2736=ORIENTED_EDGE('',*,*,#4042,.T.);
#2737=ORIENTED_EDGE('',*,*,#4043,.F.);
#2738=ORIENTED_EDGE('',*,*,#4044,.F.);
#2739=ORIENTED_EDGE('',*,*,#4034,.T.);
#2740=ORIENTED_EDGE('',*,*,#4041,.T.);
#2741=ORIENTED_EDGE('',*,*,#4045,.F.);
#2742=ORIENTED_EDGE('',*,*,#4046,.F.);
#2743=ORIENTED_EDGE('',*,*,#4035,.T.);
#2744=ORIENTED_EDGE('',*,*,#4044,.T.);
#2745=ORIENTED_EDGE('',*,*,#4047,.F.);
#2746=ORIENTED_EDGE('',*,*,#4048,.F.);
#2747=ORIENTED_EDGE('',*,*,#4036,.T.);
#2748=ORIENTED_EDGE('',*,*,#4046,.T.);
#2749=ORIENTED_EDGE('',*,*,#4049,.F.);
#2750=ORIENTED_EDGE('',*,*,#4050,.F.);
#2751=ORIENTED_EDGE('',*,*,#4037,.T.);
#2752=ORIENTED_EDGE('',*,*,#4048,.T.);
#2753=ORIENTED_EDGE('',*,*,#4051,.F.);
#2754=ORIENTED_EDGE('',*,*,#4052,.F.);
#2755=ORIENTED_EDGE('',*,*,#4038,.T.);
#2756=ORIENTED_EDGE('',*,*,#4050,.T.);
#2757=ORIENTED_EDGE('',*,*,#4053,.F.);
#2758=ORIENTED_EDGE('',*,*,#4054,.F.);
#2759=ORIENTED_EDGE('',*,*,#4039,.T.);
#2760=ORIENTED_EDGE('',*,*,#4052,.T.);
#2761=ORIENTED_EDGE('',*,*,#4055,.F.);
#2762=ORIENTED_EDGE('',*,*,#4042,.F.);
#2763=ORIENTED_EDGE('',*,*,#4032,.T.);
#2764=ORIENTED_EDGE('',*,*,#4054,.T.);
#2765=ORIENTED_EDGE('',*,*,#4056,.T.);
#2766=ORIENTED_EDGE('',*,*,#4057,.T.);
#2767=ORIENTED_EDGE('',*,*,#4058,.T.);
#2768=ORIENTED_EDGE('',*,*,#4059,.T.);
#2769=ORIENTED_EDGE('',*,*,#4060,.F.);
#2770=ORIENTED_EDGE('',*,*,#4061,.T.);
#2771=ORIENTED_EDGE('',*,*,#4062,.T.);
#2772=ORIENTED_EDGE('',*,*,#4057,.F.);
#2773=ORIENTED_EDGE('',*,*,#4063,.F.);
#2774=ORIENTED_EDGE('',*,*,#4064,.T.);
#2775=ORIENTED_EDGE('',*,*,#4062,.F.);
#2776=ORIENTED_EDGE('',*,*,#4065,.T.);
#2777=ORIENTED_EDGE('',*,*,#4066,.T.);
#2778=ORIENTED_EDGE('',*,*,#4058,.F.);
#2779=ORIENTED_EDGE('',*,*,#4066,.F.);
#2780=ORIENTED_EDGE('',*,*,#4067,.T.);
#2781=ORIENTED_EDGE('',*,*,#4068,.F.);
#2782=ORIENTED_EDGE('',*,*,#4069,.T.);
#2783=ORIENTED_EDGE('',*,*,#4070,.T.);
#2784=ORIENTED_EDGE('',*,*,#4059,.F.);
#2785=ORIENTED_EDGE('',*,*,#4056,.F.);
#2786=ORIENTED_EDGE('',*,*,#4070,.F.);
#2787=ORIENTED_EDGE('',*,*,#4071,.T.);
#2788=ORIENTED_EDGE('',*,*,#4063,.T.);
#2789=ORIENTED_EDGE('',*,*,#4072,.F.);
#2790=ORIENTED_EDGE('',*,*,#4064,.F.);
#2791=ORIENTED_EDGE('',*,*,#4071,.F.);
#2792=ORIENTED_EDGE('',*,*,#4069,.F.);
#2793=ORIENTED_EDGE('',*,*,#4073,.T.);
#2794=ORIENTED_EDGE('',*,*,#4074,.T.);
#2795=ORIENTED_EDGE('',*,*,#4075,.T.);
#2796=ORIENTED_EDGE('',*,*,#4076,.T.);
#2797=ORIENTED_EDGE('',*,*,#4077,.F.);
#2798=ORIENTED_EDGE('',*,*,#4078,.T.);
#2799=ORIENTED_EDGE('',*,*,#4079,.T.);
#2800=ORIENTED_EDGE('',*,*,#4074,.F.);
#2801=ORIENTED_EDGE('',*,*,#4080,.F.);
#2802=ORIENTED_EDGE('',*,*,#4081,.T.);
#2803=ORIENTED_EDGE('',*,*,#4079,.F.);
#2804=ORIENTED_EDGE('',*,*,#4082,.T.);
#2805=ORIENTED_EDGE('',*,*,#4083,.T.);
#2806=ORIENTED_EDGE('',*,*,#4075,.F.);
#2807=ORIENTED_EDGE('',*,*,#4083,.F.);
#2808=ORIENTED_EDGE('',*,*,#4084,.T.);
#2809=ORIENTED_EDGE('',*,*,#4085,.F.);
#2810=ORIENTED_EDGE('',*,*,#4086,.T.);
#2811=ORIENTED_EDGE('',*,*,#4087,.T.);
#2812=ORIENTED_EDGE('',*,*,#4076,.F.);
#2813=ORIENTED_EDGE('',*,*,#4073,.F.);
#2814=ORIENTED_EDGE('',*,*,#4087,.F.);
#2815=ORIENTED_EDGE('',*,*,#4088,.T.);
#2816=ORIENTED_EDGE('',*,*,#4080,.T.);
#2817=ORIENTED_EDGE('',*,*,#4089,.F.);
#2818=ORIENTED_EDGE('',*,*,#4081,.F.);
#2819=ORIENTED_EDGE('',*,*,#4088,.F.);
#2820=ORIENTED_EDGE('',*,*,#4086,.F.);
#2821=ORIENTED_EDGE('',*,*,#4090,.T.);
#2822=ORIENTED_EDGE('',*,*,#4091,.T.);
#2823=ORIENTED_EDGE('',*,*,#4092,.T.);
#2824=ORIENTED_EDGE('',*,*,#4093,.T.);
#2825=ORIENTED_EDGE('',*,*,#4094,.F.);
#2826=ORIENTED_EDGE('',*,*,#4095,.T.);
#2827=ORIENTED_EDGE('',*,*,#4096,.T.);
#2828=ORIENTED_EDGE('',*,*,#4091,.F.);
#2829=ORIENTED_EDGE('',*,*,#4097,.F.);
#2830=ORIENTED_EDGE('',*,*,#4098,.T.);
#2831=ORIENTED_EDGE('',*,*,#4096,.F.);
#2832=ORIENTED_EDGE('',*,*,#4099,.T.);
#2833=ORIENTED_EDGE('',*,*,#4100,.T.);
#2834=ORIENTED_EDGE('',*,*,#4092,.F.);
#2835=ORIENTED_EDGE('',*,*,#4100,.F.);
#2836=ORIENTED_EDGE('',*,*,#4101,.T.);
#2837=ORIENTED_EDGE('',*,*,#4102,.F.);
#2838=ORIENTED_EDGE('',*,*,#4103,.T.);
#2839=ORIENTED_EDGE('',*,*,#4104,.T.);
#2840=ORIENTED_EDGE('',*,*,#4093,.F.);
#2841=ORIENTED_EDGE('',*,*,#4090,.F.);
#2842=ORIENTED_EDGE('',*,*,#4104,.F.);
#2843=ORIENTED_EDGE('',*,*,#4105,.T.);
#2844=ORIENTED_EDGE('',*,*,#4097,.T.);
#2845=ORIENTED_EDGE('',*,*,#4106,.F.);
#2846=ORIENTED_EDGE('',*,*,#4098,.F.);
#2847=ORIENTED_EDGE('',*,*,#4105,.F.);
#2848=ORIENTED_EDGE('',*,*,#4103,.F.);
#2849=ORIENTED_EDGE('',*,*,#4107,.T.);
#2850=ORIENTED_EDGE('',*,*,#4108,.T.);
#2851=ORIENTED_EDGE('',*,*,#4109,.T.);
#2852=ORIENTED_EDGE('',*,*,#4110,.T.);
#2853=ORIENTED_EDGE('',*,*,#4111,.F.);
#2854=ORIENTED_EDGE('',*,*,#4112,.T.);
#2855=ORIENTED_EDGE('',*,*,#4113,.T.);
#2856=ORIENTED_EDGE('',*,*,#4108,.F.);
#2857=ORIENTED_EDGE('',*,*,#4114,.F.);
#2858=ORIENTED_EDGE('',*,*,#4115,.T.);
#2859=ORIENTED_EDGE('',*,*,#4113,.F.);
#2860=ORIENTED_EDGE('',*,*,#4116,.T.);
#2861=ORIENTED_EDGE('',*,*,#4117,.T.);
#2862=ORIENTED_EDGE('',*,*,#4109,.F.);
#2863=ORIENTED_EDGE('',*,*,#4117,.F.);
#2864=ORIENTED_EDGE('',*,*,#4118,.T.);
#2865=ORIENTED_EDGE('',*,*,#4119,.F.);
#2866=ORIENTED_EDGE('',*,*,#4120,.T.);
#2867=ORIENTED_EDGE('',*,*,#4121,.T.);
#2868=ORIENTED_EDGE('',*,*,#4110,.F.);
#2869=ORIENTED_EDGE('',*,*,#4107,.F.);
#2870=ORIENTED_EDGE('',*,*,#4121,.F.);
#2871=ORIENTED_EDGE('',*,*,#4122,.T.);
#2872=ORIENTED_EDGE('',*,*,#4114,.T.);
#2873=ORIENTED_EDGE('',*,*,#4123,.F.);
#2874=ORIENTED_EDGE('',*,*,#4115,.F.);
#2875=ORIENTED_EDGE('',*,*,#4122,.F.);
#2876=ORIENTED_EDGE('',*,*,#4120,.F.);
#2877=ORIENTED_EDGE('',*,*,#4124,.F.);
#2878=ORIENTED_EDGE('',*,*,#4125,.F.);
#2879=ORIENTED_EDGE('',*,*,#4126,.F.);
#2880=ORIENTED_EDGE('',*,*,#4127,.F.);
#2881=ORIENTED_EDGE('',*,*,#4128,.F.);
#2882=ORIENTED_EDGE('',*,*,#4129,.T.);
#2883=ORIENTED_EDGE('',*,*,#4126,.T.);
#2884=ORIENTED_EDGE('',*,*,#4130,.F.);
#2885=ORIENTED_EDGE('',*,*,#4124,.T.);
#2886=ORIENTED_EDGE('',*,*,#4131,.F.);
#2887=ORIENTED_EDGE('',*,*,#4132,.F.);
#2888=ORIENTED_EDGE('',*,*,#4133,.T.);
#2889=ORIENTED_EDGE('',*,*,#4134,.F.);
#2890=ORIENTED_EDGE('',*,*,#4135,.T.);
#2891=ORIENTED_EDGE('',*,*,#4136,.F.);
#2892=ORIENTED_EDGE('',*,*,#4130,.T.);
#2893=ORIENTED_EDGE('',*,*,#4125,.T.);
#2894=ORIENTED_EDGE('',*,*,#4133,.F.);
#2895=ORIENTED_EDGE('',*,*,#4137,.F.);
#2896=ORIENTED_EDGE('',*,*,#4138,.T.);
#2897=ORIENTED_EDGE('',*,*,#4139,.F.);
#2898=ORIENTED_EDGE('',*,*,#4131,.T.);
#2899=ORIENTED_EDGE('',*,*,#4127,.T.);
#2900=ORIENTED_EDGE('',*,*,#4129,.F.);
#2901=ORIENTED_EDGE('',*,*,#4140,.F.);
#2902=ORIENTED_EDGE('',*,*,#4134,.T.);
#2903=ORIENTED_EDGE('',*,*,#4132,.T.);
#2904=ORIENTED_EDGE('',*,*,#4139,.T.);
#2905=ORIENTED_EDGE('',*,*,#4141,.F.);
#2906=ORIENTED_EDGE('',*,*,#4142,.F.);
#2907=ORIENTED_EDGE('',*,*,#4143,.F.);
#2908=ORIENTED_EDGE('',*,*,#4144,.F.);
#2909=ORIENTED_EDGE('',*,*,#4145,.F.);
#2910=ORIENTED_EDGE('',*,*,#4146,.T.);
#2911=ORIENTED_EDGE('',*,*,#4143,.T.);
#2912=ORIENTED_EDGE('',*,*,#4147,.F.);
#2913=ORIENTED_EDGE('',*,*,#4141,.T.);
#2914=ORIENTED_EDGE('',*,*,#4148,.F.);
#2915=ORIENTED_EDGE('',*,*,#4149,.F.);
#2916=ORIENTED_EDGE('',*,*,#4150,.T.);
#2917=ORIENTED_EDGE('',*,*,#4151,.F.);
#2918=ORIENTED_EDGE('',*,*,#4152,.T.);
#2919=ORIENTED_EDGE('',*,*,#4153,.F.);
#2920=ORIENTED_EDGE('',*,*,#4147,.T.);
#2921=ORIENTED_EDGE('',*,*,#4142,.T.);
#2922=ORIENTED_EDGE('',*,*,#4150,.F.);
#2923=ORIENTED_EDGE('',*,*,#4154,.F.);
#2924=ORIENTED_EDGE('',*,*,#4155,.T.);
#2925=ORIENTED_EDGE('',*,*,#4156,.F.);
#2926=ORIENTED_EDGE('',*,*,#4148,.T.);
#2927=ORIENTED_EDGE('',*,*,#4144,.T.);
#2928=ORIENTED_EDGE('',*,*,#4146,.F.);
#2929=ORIENTED_EDGE('',*,*,#4157,.F.);
#2930=ORIENTED_EDGE('',*,*,#4151,.T.);
#2931=ORIENTED_EDGE('',*,*,#4149,.T.);
#2932=ORIENTED_EDGE('',*,*,#4156,.T.);
#2933=ORIENTED_EDGE('',*,*,#4158,.F.);
#2934=ORIENTED_EDGE('',*,*,#4159,.F.);
#2935=ORIENTED_EDGE('',*,*,#4160,.F.);
#2936=ORIENTED_EDGE('',*,*,#4161,.F.);
#2937=ORIENTED_EDGE('',*,*,#4162,.F.);
#2938=ORIENTED_EDGE('',*,*,#4163,.T.);
#2939=ORIENTED_EDGE('',*,*,#4160,.T.);
#2940=ORIENTED_EDGE('',*,*,#4164,.F.);
#2941=ORIENTED_EDGE('',*,*,#4158,.T.);
#2942=ORIENTED_EDGE('',*,*,#4165,.F.);
#2943=ORIENTED_EDGE('',*,*,#4166,.F.);
#2944=ORIENTED_EDGE('',*,*,#4167,.T.);
#2945=ORIENTED_EDGE('',*,*,#4168,.F.);
#2946=ORIENTED_EDGE('',*,*,#4169,.T.);
#2947=ORIENTED_EDGE('',*,*,#4170,.F.);
#2948=ORIENTED_EDGE('',*,*,#4164,.T.);
#2949=ORIENTED_EDGE('',*,*,#4159,.T.);
#2950=ORIENTED_EDGE('',*,*,#4167,.F.);
#2951=ORIENTED_EDGE('',*,*,#4171,.F.);
#2952=ORIENTED_EDGE('',*,*,#4172,.T.);
#2953=ORIENTED_EDGE('',*,*,#4173,.F.);
#2954=ORIENTED_EDGE('',*,*,#4165,.T.);
#2955=ORIENTED_EDGE('',*,*,#4161,.T.);
#2956=ORIENTED_EDGE('',*,*,#4163,.F.);
#2957=ORIENTED_EDGE('',*,*,#4174,.F.);
#2958=ORIENTED_EDGE('',*,*,#4168,.T.);
#2959=ORIENTED_EDGE('',*,*,#4166,.T.);
#2960=ORIENTED_EDGE('',*,*,#4173,.T.);
#2961=ORIENTED_EDGE('',*,*,#4175,.F.);
#2962=ORIENTED_EDGE('',*,*,#4176,.F.);
#2963=ORIENTED_EDGE('',*,*,#4177,.F.);
#2964=ORIENTED_EDGE('',*,*,#4178,.F.);
#2965=ORIENTED_EDGE('',*,*,#4179,.F.);
#2966=ORIENTED_EDGE('',*,*,#4180,.T.);
#2967=ORIENTED_EDGE('',*,*,#4177,.T.);
#2968=ORIENTED_EDGE('',*,*,#4181,.F.);
#2969=ORIENTED_EDGE('',*,*,#4175,.T.);
#2970=ORIENTED_EDGE('',*,*,#4182,.F.);
#2971=ORIENTED_EDGE('',*,*,#4183,.F.);
#2972=ORIENTED_EDGE('',*,*,#4184,.T.);
#2973=ORIENTED_EDGE('',*,*,#4185,.F.);
#2974=ORIENTED_EDGE('',*,*,#4186,.T.);
#2975=ORIENTED_EDGE('',*,*,#4187,.F.);
#2976=ORIENTED_EDGE('',*,*,#4181,.T.);
#2977=ORIENTED_EDGE('',*,*,#4176,.T.);
#2978=ORIENTED_EDGE('',*,*,#4184,.F.);
#2979=ORIENTED_EDGE('',*,*,#4188,.F.);
#2980=ORIENTED_EDGE('',*,*,#4189,.T.);
#2981=ORIENTED_EDGE('',*,*,#4190,.F.);
#2982=ORIENTED_EDGE('',*,*,#4182,.T.);
#2983=ORIENTED_EDGE('',*,*,#4178,.T.);
#2984=ORIENTED_EDGE('',*,*,#4180,.F.);
#2985=ORIENTED_EDGE('',*,*,#4191,.F.);
#2986=ORIENTED_EDGE('',*,*,#4185,.T.);
#2987=ORIENTED_EDGE('',*,*,#4183,.T.);
#2988=ORIENTED_EDGE('',*,*,#4190,.T.);
#2989=ORIENTED_EDGE('',*,*,#4192,.T.);
#2990=ORIENTED_EDGE('',*,*,#4193,.T.);
#2991=ORIENTED_EDGE('',*,*,#4194,.F.);
#2992=ORIENTED_EDGE('',*,*,#4195,.F.);
#2993=ORIENTED_EDGE('',*,*,#4196,.T.);
#2994=ORIENTED_EDGE('',*,*,#4197,.T.);
#2995=ORIENTED_EDGE('',*,*,#4198,.F.);
#2996=ORIENTED_EDGE('',*,*,#4199,.F.);
#2997=ORIENTED_EDGE('',*,*,#4200,.T.);
#2998=ORIENTED_EDGE('',*,*,#4072,.T.);
#2999=ORIENTED_EDGE('',*,*,#4068,.T.);
#3000=ORIENTED_EDGE('',*,*,#4201,.T.);
#3001=ORIENTED_EDGE('',*,*,#4077,.T.);
#3002=ORIENTED_EDGE('',*,*,#4089,.T.);
#3003=ORIENTED_EDGE('',*,*,#4085,.T.);
#3004=ORIENTED_EDGE('',*,*,#4202,.T.);
#3005=ORIENTED_EDGE('',*,*,#4094,.T.);
#3006=ORIENTED_EDGE('',*,*,#4106,.T.);
#3007=ORIENTED_EDGE('',*,*,#4102,.T.);
#3008=ORIENTED_EDGE('',*,*,#4203,.T.);
#3009=ORIENTED_EDGE('',*,*,#4111,.T.);
#3010=ORIENTED_EDGE('',*,*,#4123,.T.);
#3011=ORIENTED_EDGE('',*,*,#4119,.T.);
#3012=ORIENTED_EDGE('',*,*,#4204,.T.);
#3013=ORIENTED_EDGE('',*,*,#4200,.F.);
#3014=ORIENTED_EDGE('',*,*,#4205,.F.);
#3015=ORIENTED_EDGE('',*,*,#4194,.T.);
#3016=ORIENTED_EDGE('',*,*,#4206,.T.);
#3017=ORIENTED_EDGE('',*,*,#4060,.T.);
#3018=ORIENTED_EDGE('',*,*,#4138,.F.);
#3019=ORIENTED_EDGE('',*,*,#4207,.T.);
#3020=ORIENTED_EDGE('',*,*,#4196,.F.);
#3021=ORIENTED_EDGE('',*,*,#4208,.F.);
#3022=ORIENTED_EDGE('',*,*,#4198,.T.);
#3023=ORIENTED_EDGE('',*,*,#4209,.T.);
#3024=ORIENTED_EDGE('',*,*,#4186,.F.);
#3025=ORIENTED_EDGE('',*,*,#4191,.T.);
#3026=ORIENTED_EDGE('',*,*,#4189,.F.);
#3027=ORIENTED_EDGE('',*,*,#4210,.T.);
#3028=ORIENTED_EDGE('',*,*,#4169,.F.);
#3029=ORIENTED_EDGE('',*,*,#4174,.T.);
#3030=ORIENTED_EDGE('',*,*,#4172,.F.);
#3031=ORIENTED_EDGE('',*,*,#4211,.T.);
#3032=ORIENTED_EDGE('',*,*,#4152,.F.);
#3033=ORIENTED_EDGE('',*,*,#4157,.T.);
#3034=ORIENTED_EDGE('',*,*,#4155,.F.);
#3035=ORIENTED_EDGE('',*,*,#4212,.T.);
#3036=ORIENTED_EDGE('',*,*,#4135,.F.);
#3037=ORIENTED_EDGE('',*,*,#4140,.T.);
#3038=ORIENTED_EDGE('',*,*,#3917,.T.);
#3039=ORIENTED_EDGE('',*,*,#3928,.T.);
#3040=ORIENTED_EDGE('',*,*,#3926,.T.);
#3041=ORIENTED_EDGE('',*,*,#3924,.T.);
#3042=ORIENTED_EDGE('',*,*,#3922,.T.);
#3043=ORIENTED_EDGE('',*,*,#3920,.T.);
#3044=ORIENTED_EDGE('',*,*,#3939,.T.);
#3045=ORIENTED_EDGE('',*,*,#3958,.T.);
#3046=ORIENTED_EDGE('',*,*,#3956,.T.);
#3047=ORIENTED_EDGE('',*,*,#3954,.T.);
#3048=ORIENTED_EDGE('',*,*,#3952,.T.);
#3049=ORIENTED_EDGE('',*,*,#3950,.T.);
#3050=ORIENTED_EDGE('',*,*,#3948,.T.);
#3051=ORIENTED_EDGE('',*,*,#3946,.T.);
#3052=ORIENTED_EDGE('',*,*,#3944,.T.);
#3053=ORIENTED_EDGE('',*,*,#3942,.T.);
#3054=ORIENTED_EDGE('',*,*,#3971,.T.);
#3055=ORIENTED_EDGE('',*,*,#3994,.T.);
#3056=ORIENTED_EDGE('',*,*,#3992,.T.);
#3057=ORIENTED_EDGE('',*,*,#3990,.T.);
#3058=ORIENTED_EDGE('',*,*,#3988,.T.);
#3059=ORIENTED_EDGE('',*,*,#3986,.T.);
#3060=ORIENTED_EDGE('',*,*,#3984,.T.);
#3061=ORIENTED_EDGE('',*,*,#3982,.T.);
#3062=ORIENTED_EDGE('',*,*,#3980,.T.);
#3063=ORIENTED_EDGE('',*,*,#3978,.T.);
#3064=ORIENTED_EDGE('',*,*,#3976,.T.);
#3065=ORIENTED_EDGE('',*,*,#3974,.T.);
#3066=ORIENTED_EDGE('',*,*,#4010,.T.);
#3067=ORIENTED_EDGE('',*,*,#4019,.T.);
#3068=ORIENTED_EDGE('',*,*,#4017,.T.);
#3069=ORIENTED_EDGE('',*,*,#4015,.T.);
#3070=ORIENTED_EDGE('',*,*,#4013,.T.);
#3071=ORIENTED_EDGE('',*,*,#4067,.F.);
#3072=ORIENTED_EDGE('',*,*,#4065,.F.);
#3073=ORIENTED_EDGE('',*,*,#4061,.F.);
#3074=ORIENTED_EDGE('',*,*,#4206,.F.);
#3075=ORIENTED_EDGE('',*,*,#4193,.F.);
#3076=ORIENTED_EDGE('',*,*,#4207,.F.);
#3077=ORIENTED_EDGE('',*,*,#4137,.T.);
#3078=ORIENTED_EDGE('',*,*,#4128,.T.);
#3079=ORIENTED_EDGE('',*,*,#4136,.T.);
#3080=ORIENTED_EDGE('',*,*,#4212,.F.);
#3081=ORIENTED_EDGE('',*,*,#4154,.T.);
#3082=ORIENTED_EDGE('',*,*,#4145,.T.);
#3083=ORIENTED_EDGE('',*,*,#4153,.T.);
#3084=ORIENTED_EDGE('',*,*,#4211,.F.);
#3085=ORIENTED_EDGE('',*,*,#4171,.T.);
#3086=ORIENTED_EDGE('',*,*,#4162,.T.);
#3087=ORIENTED_EDGE('',*,*,#4170,.T.);
#3088=ORIENTED_EDGE('',*,*,#4210,.F.);
#3089=ORIENTED_EDGE('',*,*,#4188,.T.);
#3090=ORIENTED_EDGE('',*,*,#4179,.T.);
#3091=ORIENTED_EDGE('',*,*,#4187,.T.);
#3092=ORIENTED_EDGE('',*,*,#4209,.F.);
#3093=ORIENTED_EDGE('',*,*,#4197,.F.);
#3094=ORIENTED_EDGE('',*,*,#4204,.F.);
#3095=ORIENTED_EDGE('',*,*,#4118,.F.);
#3096=ORIENTED_EDGE('',*,*,#4116,.F.);
#3097=ORIENTED_EDGE('',*,*,#4112,.F.);
#3098=ORIENTED_EDGE('',*,*,#4203,.F.);
#3099=ORIENTED_EDGE('',*,*,#4101,.F.);
#3100=ORIENTED_EDGE('',*,*,#4099,.F.);
#3101=ORIENTED_EDGE('',*,*,#4095,.F.);
#3102=ORIENTED_EDGE('',*,*,#4202,.F.);
#3103=ORIENTED_EDGE('',*,*,#4084,.F.);
#3104=ORIENTED_EDGE('',*,*,#4082,.F.);
#3105=ORIENTED_EDGE('',*,*,#4078,.F.);
#3106=ORIENTED_EDGE('',*,*,#4201,.F.);
#3107=ORIENTED_EDGE('',*,*,#4040,.T.);
#3108=ORIENTED_EDGE('',*,*,#4055,.T.);
#3109=ORIENTED_EDGE('',*,*,#4053,.T.);
#3110=ORIENTED_EDGE('',*,*,#4051,.T.);
#3111=ORIENTED_EDGE('',*,*,#4049,.T.);
#3112=ORIENTED_EDGE('',*,*,#4047,.T.);
#3113=ORIENTED_EDGE('',*,*,#4045,.T.);
#3114=ORIENTED_EDGE('',*,*,#4043,.T.);
#3115=ORIENTED_EDGE('',*,*,#3394,.F.);
#3116=ORIENTED_EDGE('',*,*,#3297,.F.);
#3117=ORIENTED_EDGE('',*,*,#3301,.F.);
#3118=ORIENTED_EDGE('',*,*,#3304,.F.);
#3119=ORIENTED_EDGE('',*,*,#3307,.F.);
#3120=ORIENTED_EDGE('',*,*,#3310,.F.);
#3121=ORIENTED_EDGE('',*,*,#3313,.F.);
#3122=ORIENTED_EDGE('',*,*,#3316,.F.);
#3123=ORIENTED_EDGE('',*,*,#3319,.F.);
#3124=ORIENTED_EDGE('',*,*,#3322,.F.);
#3125=ORIENTED_EDGE('',*,*,#3325,.F.);
#3126=ORIENTED_EDGE('',*,*,#3328,.F.);
#3127=ORIENTED_EDGE('',*,*,#3331,.F.);
#3128=ORIENTED_EDGE('',*,*,#3334,.F.);
#3129=ORIENTED_EDGE('',*,*,#3337,.F.);
#3130=ORIENTED_EDGE('',*,*,#3340,.F.);
#3131=ORIENTED_EDGE('',*,*,#3343,.F.);
#3132=ORIENTED_EDGE('',*,*,#3346,.F.);
#3133=ORIENTED_EDGE('',*,*,#3349,.F.);
#3134=ORIENTED_EDGE('',*,*,#3352,.F.);
#3135=ORIENTED_EDGE('',*,*,#3355,.F.);
#3136=ORIENTED_EDGE('',*,*,#3358,.F.);
#3137=ORIENTED_EDGE('',*,*,#3361,.F.);
#3138=ORIENTED_EDGE('',*,*,#3364,.F.);
#3139=ORIENTED_EDGE('',*,*,#3367,.F.);
#3140=ORIENTED_EDGE('',*,*,#3370,.F.);
#3141=ORIENTED_EDGE('',*,*,#3373,.F.);
#3142=ORIENTED_EDGE('',*,*,#3376,.F.);
#3143=ORIENTED_EDGE('',*,*,#3379,.F.);
#3144=ORIENTED_EDGE('',*,*,#3382,.F.);
#3145=ORIENTED_EDGE('',*,*,#3385,.F.);
#3146=ORIENTED_EDGE('',*,*,#3388,.F.);
#3147=ORIENTED_EDGE('',*,*,#3391,.F.);
#3148=ORIENTED_EDGE('',*,*,#3433,.F.);
#3149=ORIENTED_EDGE('',*,*,#3411,.F.);
#3150=ORIENTED_EDGE('',*,*,#3415,.F.);
#3151=ORIENTED_EDGE('',*,*,#3418,.F.);
#3152=ORIENTED_EDGE('',*,*,#3421,.F.);
#3153=ORIENTED_EDGE('',*,*,#3424,.F.);
#3154=ORIENTED_EDGE('',*,*,#3427,.F.);
#3155=ORIENTED_EDGE('',*,*,#3430,.F.);
#3156=ORIENTED_EDGE('',*,*,#3475,.F.);
#3157=ORIENTED_EDGE('',*,*,#3456,.F.);
#3158=ORIENTED_EDGE('',*,*,#3460,.F.);
#3159=ORIENTED_EDGE('',*,*,#3463,.F.);
#3160=ORIENTED_EDGE('',*,*,#3466,.F.);
#3161=ORIENTED_EDGE('',*,*,#3469,.F.);
#3162=ORIENTED_EDGE('',*,*,#3472,.F.);
#3163=ORIENTED_EDGE('',*,*,#3512,.F.);
#3164=ORIENTED_EDGE('',*,*,#3489,.F.);
#3165=ORIENTED_EDGE('',*,*,#3492,.F.);
#3166=ORIENTED_EDGE('',*,*,#3494,.F.);
#3167=ORIENTED_EDGE('',*,*,#3496,.F.);
#3168=ORIENTED_EDGE('',*,*,#3498,.F.);
#3169=ORIENTED_EDGE('',*,*,#3500,.F.);
#3170=ORIENTED_EDGE('',*,*,#3502,.F.);
#3171=ORIENTED_EDGE('',*,*,#3504,.F.);
#3172=ORIENTED_EDGE('',*,*,#3506,.F.);
#3173=ORIENTED_EDGE('',*,*,#3508,.F.);
#3174=ORIENTED_EDGE('',*,*,#3510,.F.);
#3175=ORIENTED_EDGE('',*,*,#3620,.F.);
#3176=ORIENTED_EDGE('',*,*,#3579,.F.);
#3177=ORIENTED_EDGE('',*,*,#3582,.F.);
#3178=ORIENTED_EDGE('',*,*,#3584,.F.);
#3179=ORIENTED_EDGE('',*,*,#3586,.F.);
#3180=ORIENTED_EDGE('',*,*,#3588,.F.);
#3181=ORIENTED_EDGE('',*,*,#3590,.F.);
#3182=ORIENTED_EDGE('',*,*,#3592,.F.);
#3183=ORIENTED_EDGE('',*,*,#3594,.F.);
#3184=ORIENTED_EDGE('',*,*,#3596,.F.);
#3185=ORIENTED_EDGE('',*,*,#3598,.F.);
#3186=ORIENTED_EDGE('',*,*,#3600,.F.);
#3187=ORIENTED_EDGE('',*,*,#3602,.F.);
#3188=ORIENTED_EDGE('',*,*,#3604,.F.);
#3189=ORIENTED_EDGE('',*,*,#3606,.F.);
#3190=ORIENTED_EDGE('',*,*,#3608,.F.);
#3191=ORIENTED_EDGE('',*,*,#3610,.F.);
#3192=ORIENTED_EDGE('',*,*,#3612,.F.);
#3193=ORIENTED_EDGE('',*,*,#3614,.F.);
#3194=ORIENTED_EDGE('',*,*,#3616,.F.);
#3195=ORIENTED_EDGE('',*,*,#3618,.F.);
#3196=ORIENTED_EDGE('',*,*,#3760,.F.);
#3197=ORIENTED_EDGE('',*,*,#3738,.F.);
#3198=ORIENTED_EDGE('',*,*,#3742,.F.);
#3199=ORIENTED_EDGE('',*,*,#3745,.F.);
#3200=ORIENTED_EDGE('',*,*,#3748,.F.);
#3201=ORIENTED_EDGE('',*,*,#3751,.F.);
#3202=ORIENTED_EDGE('',*,*,#3754,.F.);
#3203=ORIENTED_EDGE('',*,*,#3757,.F.);
#3204=ORIENTED_EDGE('',*,*,#3802,.F.);
#3205=ORIENTED_EDGE('',*,*,#3783,.F.);
#3206=ORIENTED_EDGE('',*,*,#3787,.F.);
#3207=ORIENTED_EDGE('',*,*,#3790,.F.);
#3208=ORIENTED_EDGE('',*,*,#3793,.F.);
#3209=ORIENTED_EDGE('',*,*,#3796,.F.);
#3210=ORIENTED_EDGE('',*,*,#3799,.F.);
#3211=ORIENTED_EDGE('',*,*,#3839,.F.);
#3212=ORIENTED_EDGE('',*,*,#3816,.F.);
#3213=ORIENTED_EDGE('',*,*,#3819,.F.);
#3214=ORIENTED_EDGE('',*,*,#3821,.F.);
#3215=ORIENTED_EDGE('',*,*,#3823,.F.);
#3216=ORIENTED_EDGE('',*,*,#3825,.F.);
#3217=ORIENTED_EDGE('',*,*,#3827,.F.);
#3218=ORIENTED_EDGE('',*,*,#3829,.F.);
#3219=ORIENTED_EDGE('',*,*,#3831,.F.);
#3220=ORIENTED_EDGE('',*,*,#3833,.F.);
#3221=ORIENTED_EDGE('',*,*,#3835,.F.);
#3222=ORIENTED_EDGE('',*,*,#3837,.F.);
#3223=ORIENTED_EDGE('',*,*,#3899,.F.);
#3224=ORIENTED_EDGE('',*,*,#3888,.F.);
#3225=ORIENTED_EDGE('',*,*,#3891,.F.);
#3226=ORIENTED_EDGE('',*,*,#3893,.F.);
#3227=ORIENTED_EDGE('',*,*,#3895,.F.);
#3228=ORIENTED_EDGE('',*,*,#3897,.F.);
#3229=ORIENTED_EDGE('',*,*,#4213,.F.);
#3230=ORIENTED_EDGE('',*,*,#4205,.T.);
#3231=ORIENTED_EDGE('',*,*,#4199,.T.);
#3232=ORIENTED_EDGE('',*,*,#4208,.T.);
#3233=ORIENTED_EDGE('',*,*,#4195,.T.);
#3234=ORIENTED_EDGE('',*,*,#3881,.F.);
#3235=ORIENTED_EDGE('',*,*,#3854,.F.);
#3236=ORIENTED_EDGE('',*,*,#3857,.F.);
#3237=ORIENTED_EDGE('',*,*,#3859,.F.);
#3238=ORIENTED_EDGE('',*,*,#3861,.F.);
#3239=ORIENTED_EDGE('',*,*,#3863,.F.);
#3240=ORIENTED_EDGE('',*,*,#3865,.F.);
#3241=ORIENTED_EDGE('',*,*,#3867,.F.);
#3242=ORIENTED_EDGE('',*,*,#3869,.F.);
#3243=ORIENTED_EDGE('',*,*,#3871,.F.);
#3244=ORIENTED_EDGE('',*,*,#3873,.F.);
#3245=ORIENTED_EDGE('',*,*,#3875,.F.);
#3246=ORIENTED_EDGE('',*,*,#3877,.F.);
#3247=ORIENTED_EDGE('',*,*,#3879,.F.);
#3248=ORIENTED_EDGE('',*,*,#3722,.F.);
#3249=ORIENTED_EDGE('',*,*,#3699,.F.);
#3250=ORIENTED_EDGE('',*,*,#3702,.F.);
#3251=ORIENTED_EDGE('',*,*,#3704,.F.);
#3252=ORIENTED_EDGE('',*,*,#3706,.F.);
#3253=ORIENTED_EDGE('',*,*,#3708,.F.);
#3254=ORIENTED_EDGE('',*,*,#3710,.F.);
#3255=ORIENTED_EDGE('',*,*,#3712,.F.);
#3256=ORIENTED_EDGE('',*,*,#3714,.F.);
#3257=ORIENTED_EDGE('',*,*,#3716,.F.);
#3258=ORIENTED_EDGE('',*,*,#3718,.F.);
#3259=ORIENTED_EDGE('',*,*,#3720,.F.);
#3260=ORIENTED_EDGE('',*,*,#3685,.F.);
#3261=ORIENTED_EDGE('',*,*,#3645,.F.);
#3262=ORIENTED_EDGE('',*,*,#3649,.F.);
#3263=ORIENTED_EDGE('',*,*,#3652,.F.);
#3264=ORIENTED_EDGE('',*,*,#3655,.F.);
#3265=ORIENTED_EDGE('',*,*,#3658,.F.);
#3266=ORIENTED_EDGE('',*,*,#3661,.F.);
#3267=ORIENTED_EDGE('',*,*,#3664,.F.);
#3268=ORIENTED_EDGE('',*,*,#3667,.F.);
#3269=ORIENTED_EDGE('',*,*,#3670,.F.);
#3270=ORIENTED_EDGE('',*,*,#3673,.F.);
#3271=ORIENTED_EDGE('',*,*,#3676,.F.);
#3272=ORIENTED_EDGE('',*,*,#3679,.F.);
#3273=ORIENTED_EDGE('',*,*,#3682,.F.);
#3274=ORIENTED_EDGE('',*,*,#3557,.F.);
#3275=ORIENTED_EDGE('',*,*,#3528,.F.);
#3276=ORIENTED_EDGE('',*,*,#3531,.F.);
#3277=ORIENTED_EDGE('',*,*,#3533,.F.);
#3278=ORIENTED_EDGE('',*,*,#3535,.F.);
#3279=ORIENTED_EDGE('',*,*,#3537,.F.);
#3280=ORIENTED_EDGE('',*,*,#3539,.F.);
#3281=ORIENTED_EDGE('',*,*,#3541,.F.);
#3282=ORIENTED_EDGE('',*,*,#3543,.F.);
#3283=ORIENTED_EDGE('',*,*,#3545,.F.);
#3284=ORIENTED_EDGE('',*,*,#3547,.F.);
#3285=ORIENTED_EDGE('',*,*,#3549,.F.);
#3286=ORIENTED_EDGE('',*,*,#3551,.F.);
#3287=ORIENTED_EDGE('',*,*,#3553,.F.);
#3288=ORIENTED_EDGE('',*,*,#3555,.F.);
#3289=ORIENTED_EDGE('',*,*,#4213,.T.);
#3290=ORIENTED_EDGE('',*,*,#4192,.F.);
#3291=EDGE_CURVE('',#4214,#4215,#4830,.T.);
#3292=EDGE_CURVE('',#4215,#4214,#4831,.T.);
#3293=EDGE_CURVE('',#4216,#4214,#1232,.F.);
#3294=EDGE_CURVE('',#4216,#4217,#4832,.T.);
#3295=EDGE_CURVE('',#4217,#4215,#1233,.T.);
#3296=EDGE_CURVE('',#4217,#4216,#4833,.T.);
#3297=EDGE_CURVE('',#4218,#4219,#4834,.T.);
#3298=EDGE_CURVE('',#4220,#4219,#1234,.F.);
#3299=EDGE_CURVE('',#4221,#4220,#4835,.T.);
#3300=EDGE_CURVE('',#4221,#4218,#1235,.T.);
#3301=EDGE_CURVE('',#4222,#4218,#4836,.T.);
#3302=EDGE_CURVE('',#4223,#4221,#4837,.T.);
#3303=EDGE_CURVE('',#4223,#4222,#24,.T.);
#3304=EDGE_CURVE('',#4224,#4222,#25,.T.);
#3305=EDGE_CURVE('',#4225,#4223,#26,.T.);
#3306=EDGE_CURVE('',#4225,#4224,#27,.F.);
#3307=EDGE_CURVE('',#4226,#4224,#4838,.T.);
#3308=EDGE_CURVE('',#4227,#4225,#4839,.T.);
#3309=EDGE_CURVE('',#4227,#4226,#1236,.T.);
#3310=EDGE_CURVE('',#4228,#4226,#4840,.T.);
#3311=EDGE_CURVE('',#4229,#4227,#4841,.T.);
#3312=EDGE_CURVE('',#4229,#4228,#1237,.T.);
#3313=EDGE_CURVE('',#4230,#4228,#4842,.T.);
#3314=EDGE_CURVE('',#4231,#4229,#4843,.T.);
#3315=EDGE_CURVE('',#4231,#4230,#28,.T.);
#3316=EDGE_CURVE('',#4232,#4230,#29,.T.);
#3317=EDGE_CURVE('',#4233,#4231,#30,.T.);
#3318=EDGE_CURVE('',#4233,#4232,#1238,.T.);
#3319=EDGE_CURVE('',#4234,#4232,#4844,.T.);
#3320=EDGE_CURVE('',#4235,#4233,#4845,.T.);
#3321=EDGE_CURVE('',#4235,#4234,#1239,.T.);
#3322=EDGE_CURVE('',#4236,#4234,#4846,.T.);
#3323=EDGE_CURVE('',#4237,#4235,#4847,.T.);
#3324=EDGE_CURVE('',#4237,#4236,#1240,.F.);
#3325=EDGE_CURVE('',#4238,#4236,#31,.T.);
#3326=EDGE_CURVE('',#4239,#4237,#32,.T.);
#3327=EDGE_CURVE('',#4239,#4238,#33,.T.);
#3328=EDGE_CURVE('',#4240,#4238,#4848,.T.);
#3329=EDGE_CURVE('',#4241,#4239,#4849,.T.);
#3330=EDGE_CURVE('',#4241,#4240,#1241,.T.);
#3331=EDGE_CURVE('',#4242,#4240,#4850,.T.);
#3332=EDGE_CURVE('',#4243,#4241,#4851,.T.);
#3333=EDGE_CURVE('',#4243,#4242,#34,.T.);
#3334=EDGE_CURVE('',#4244,#4242,#4852,.T.);
#3335=EDGE_CURVE('',#4245,#4243,#4853,.T.);
#3336=EDGE_CURVE('',#4245,#4244,#1242,.T.);
#3337=EDGE_CURVE('',#4246,#4244,#4854,.T.);
#3338=EDGE_CURVE('',#4247,#4245,#4855,.T.);
#3339=EDGE_CURVE('',#4247,#4246,#1243,.T.);
#3340=EDGE_CURVE('',#4248,#4246,#4856,.T.);
#3341=EDGE_CURVE('',#4249,#4247,#4857,.T.);
#3342=EDGE_CURVE('',#4249,#4248,#35,.T.);
#3343=EDGE_CURVE('',#4250,#4248,#4858,.T.);
#3344=EDGE_CURVE('',#4251,#4249,#4859,.T.);
#3345=EDGE_CURVE('',#4251,#4250,#1244,.T.);
#3346=EDGE_CURVE('',#4252,#4250,#4860,.T.);
#3347=EDGE_CURVE('',#4253,#4251,#4861,.T.);
#3348=EDGE_CURVE('',#4253,#4252,#36,.T.);
#3349=EDGE_CURVE('',#4254,#4252,#37,.T.);
#3350=EDGE_CURVE('',#4255,#4253,#38,.T.);
#3351=EDGE_CURVE('',#4255,#4254,#39,.T.);
#3352=EDGE_CURVE('',#4256,#4254,#40,.T.);
#3353=EDGE_CURVE('',#4257,#4255,#41,.T.);
#3354=EDGE_CURVE('',#4257,#4256,#42,.T.);
#3355=EDGE_CURVE('',#4258,#4256,#43,.T.);
#3356=EDGE_CURVE('',#4259,#4257,#44,.T.);
#3357=EDGE_CURVE('',#4259,#4258,#45,.T.);
#3358=EDGE_CURVE('',#4260,#4258,#46,.T.);
#3359=EDGE_CURVE('',#4261,#4259,#47,.T.);
#3360=EDGE_CURVE('',#4261,#4260,#48,.T.);
#3361=EDGE_CURVE('',#4262,#4260,#4862,.T.);
#3362=EDGE_CURVE('',#4263,#4261,#4863,.T.);
#3363=EDGE_CURVE('',#4263,#4262,#1245,.T.);
#3364=EDGE_CURVE('',#4264,#4262,#4864,.T.);
#3365=EDGE_CURVE('',#4265,#4263,#4865,.T.);
#3366=EDGE_CURVE('',#4265,#4264,#49,.F.);
#3367=EDGE_CURVE('',#4266,#4264,#4866,.T.);
#3368=EDGE_CURVE('',#4267,#4265,#4867,.T.);
#3369=EDGE_CURVE('',#4267,#4266,#1246,.T.);
#3370=EDGE_CURVE('',#4268,#4266,#4868,.T.);
#3371=EDGE_CURVE('',#4269,#4267,#4869,.T.);
#3372=EDGE_CURVE('',#4269,#4268,#1247,.T.);
#3373=EDGE_CURVE('',#4270,#4268,#4870,.T.);
#3374=EDGE_CURVE('',#4271,#4269,#4871,.T.);
#3375=EDGE_CURVE('',#4271,#4270,#1248,.T.);
#3376=EDGE_CURVE('',#4272,#4270,#4872,.T.);
#3377=EDGE_CURVE('',#4273,#4271,#4873,.T.);
#3378=EDGE_CURVE('',#4273,#4272,#1249,.F.);
#3379=EDGE_CURVE('',#4274,#4272,#50,.F.);
#3380=EDGE_CURVE('',#4275,#4273,#51,.T.);
#3381=EDGE_CURVE('',#4275,#4274,#52,.F.);
#3382=EDGE_CURVE('',#4276,#4274,#4874,.T.);
#3383=EDGE_CURVE('',#4277,#4275,#4875,.T.);
#3384=EDGE_CURVE('',#4277,#4276,#1250,.T.);
#3385=EDGE_CURVE('',#4278,#4276,#4876,.T.);
#3386=EDGE_CURVE('',#4279,#4277,#4877,.T.);
#3387=EDGE_CURVE('',#4279,#4278,#1251,.T.);
#3388=EDGE_CURVE('',#4280,#4278,#4878,.T.);
#3389=EDGE_CURVE('',#4281,#4279,#4879,.T.);
#3390=EDGE_CURVE('',#4281,#4280,#1252,.T.);
#3391=EDGE_CURVE('',#4282,#4280,#4880,.T.);
#3392=EDGE_CURVE('',#4283,#4281,#4881,.T.);
#3393=EDGE_CURVE('',#4283,#4282,#53,.F.);
#3394=EDGE_CURVE('',#4219,#4282,#4882,.T.);
#3395=EDGE_CURVE('',#4220,#4283,#4883,.T.);
#3396=EDGE_CURVE('',#4284,#4285,#54,.T.);
#3397=EDGE_CURVE('',#4285,#4286,#55,.T.);
#3398=EDGE_CURVE('',#4286,#4287,#56,.T.);
#3399=EDGE_CURVE('',#4287,#4288,#4884,.T.);
#3400=EDGE_CURVE('',#4288,#4284,#4885,.T.);
#3401=EDGE_CURVE('',#4289,#4284,#1253,.F.);
#3402=EDGE_CURVE('',#4289,#4290,#57,.T.);
#3403=EDGE_CURVE('',#4290,#4285,#58,.T.);
#3404=EDGE_CURVE('',#4291,#4288,#59,.T.);
#3405=EDGE_CURVE('',#4291,#4289,#4886,.T.);
#3406=EDGE_CURVE('',#4292,#4287,#60,.T.);
#3407=EDGE_CURVE('',#4292,#4291,#4887,.T.);
#3408=EDGE_CURVE('',#4293,#4286,#61,.T.);
#3409=EDGE_CURVE('',#4293,#4292,#62,.T.);
#3410=EDGE_CURVE('',#4290,#4293,#63,.T.);
#3411=EDGE_CURVE('',#4294,#4295,#64,.T.);
#3412=EDGE_CURVE('',#4296,#4295,#65,.T.);
#3413=EDGE_CURVE('',#4297,#4296,#66,.T.);
#3414=EDGE_CURVE('',#4297,#4294,#67,.T.);
#3415=EDGE_CURVE('',#4298,#4294,#68,.T.);
#3416=EDGE_CURVE('',#4299,#4297,#69,.T.);
#3417=EDGE_CURVE('',#4299,#4298,#70,.T.);
#3418=EDGE_CURVE('',#4300,#4298,#71,.T.);
#3419=EDGE_CURVE('',#4301,#4299,#72,.T.);
#3420=EDGE_CURVE('',#4301,#4300,#73,.T.);
#3421=EDGE_CURVE('',#4302,#4300,#74,.T.);
#3422=EDGE_CURVE('',#4303,#4301,#75,.T.);
#3423=EDGE_CURVE('',#4303,#4302,#76,.T.);
#3424=EDGE_CURVE('',#4304,#4302,#77,.T.);
#3425=EDGE_CURVE('',#4305,#4303,#78,.T.);
#3426=EDGE_CURVE('',#4305,#4304,#79,.T.);
#3427=EDGE_CURVE('',#4306,#4304,#80,.T.);
#3428=EDGE_CURVE('',#4307,#4305,#81,.T.);
#3429=EDGE_CURVE('',#4307,#4306,#82,.T.);
#3430=EDGE_CURVE('',#4308,#4306,#83,.T.);
#3431=EDGE_CURVE('',#4309,#4307,#84,.T.);
#3432=EDGE_CURVE('',#4309,#4308,#85,.T.);
#3433=EDGE_CURVE('',#4295,#4308,#86,.T.);
#3434=EDGE_CURVE('',#4296,#4309,#87,.T.);
#3435=EDGE_CURVE('',#4310,#4311,#4888,.T.);
#3436=EDGE_CURVE('',#4311,#4312,#88,.T.);
#3437=EDGE_CURVE('',#4312,#4313,#89,.T.);
#3438=EDGE_CURVE('',#4313,#4314,#90,.T.);
#3439=EDGE_CURVE('',#4314,#4315,#4889,.T.);
#3440=EDGE_CURVE('',#4315,#4316,#4890,.T.);
#3441=EDGE_CURVE('',#4316,#4310,#4891,.T.);
#3442=EDGE_CURVE('',#4317,#4310,#1254,.F.);
#3443=EDGE_CURVE('',#4317,#4318,#4892,.T.);
#3444=EDGE_CURVE('',#4318,#4311,#1255,.F.);
#3445=EDGE_CURVE('',#4319,#4316,#1256,.F.);
#3446=EDGE_CURVE('',#4319,#4317,#4893,.T.);
#3447=EDGE_CURVE('',#4320,#4315,#1257,.F.);
#3448=EDGE_CURVE('',#4320,#4319,#4894,.T.);
#3449=EDGE_CURVE('',#4321,#4314,#1258,.T.);
#3450=EDGE_CURVE('',#4321,#4320,#4895,.T.);
#3451=EDGE_CURVE('',#4322,#4313,#91,.T.);
#3452=EDGE_CURVE('',#4322,#4321,#92,.T.);
#3453=EDGE_CURVE('',#4323,#4312,#93,.T.);
#3454=EDGE_CURVE('',#4323,#4322,#94,.T.);
#3455=EDGE_CURVE('',#4318,#4323,#95,.T.);
#3456=EDGE_CURVE('',#4324,#4325,#96,.T.);
#3457=EDGE_CURVE('',#4326,#4325,#97,.T.);
#3458=EDGE_CURVE('',#4327,#4326,#98,.T.);
#3459=EDGE_CURVE('',#4327,#4324,#99,.T.);
#3460=EDGE_CURVE('',#4328,#4324,#100,.T.);
#3461=EDGE_CURVE('',#4329,#4327,#101,.T.);
#3462=EDGE_CURVE('',#4329,#4328,#1259,.T.);
#3463=EDGE_CURVE('',#4330,#4328,#4896,.T.);
#3464=EDGE_CURVE('',#4331,#4329,#4897,.T.);
#3465=EDGE_CURVE('',#4331,#4330,#1260,.T.);
#3466=EDGE_CURVE('',#4332,#4330,#4898,.T.);
#3467=EDGE_CURVE('',#4333,#4331,#4899,.T.);
#3468=EDGE_CURVE('',#4333,#4332,#1261,.T.);
#3469=EDGE_CURVE('',#4334,#4332,#4900,.T.);
#3470=EDGE_CURVE('',#4335,#4333,#4901,.T.);
#3471=EDGE_CURVE('',#4335,#4334,#1262,.T.);
#3472=EDGE_CURVE('',#4336,#4334,#4902,.T.);
#3473=EDGE_CURVE('',#4337,#4335,#4903,.T.);
#3474=EDGE_CURVE('',#4337,#4336,#1263,.F.);
#3475=EDGE_CURVE('',#4325,#4336,#102,.T.);
#3476=EDGE_CURVE('',#4326,#4337,#103,.T.);
#3477=EDGE_CURVE('',#4338,#4339,#104,.T.);
#3478=EDGE_CURVE('',#4339,#4340,#105,.T.);
#3479=EDGE_CURVE('',#4340,#4341,#106,.T.);
#3480=EDGE_CURVE('',#4341,#4342,#107,.T.);
#3481=EDGE_CURVE('',#4342,#4343,#108,.T.);
#3482=EDGE_CURVE('',#4343,#4344,#109,.T.);
#3483=EDGE_CURVE('',#4344,#4345,#110,.T.);
#3484=EDGE_CURVE('',#4345,#4346,#111,.T.);
#3485=EDGE_CURVE('',#4346,#4347,#112,.T.);
#3486=EDGE_CURVE('',#4347,#4348,#113,.T.);
#3487=EDGE_CURVE('',#4348,#4349,#114,.T.);
#3488=EDGE_CURVE('',#4349,#4338,#115,.T.);
#3489=EDGE_CURVE('',#4350,#4351,#116,.T.);
#3490=EDGE_CURVE('',#4338,#4351,#117,.T.);
#3491=EDGE_CURVE('',#4349,#4350,#118,.T.);
#3492=EDGE_CURVE('',#4352,#4350,#119,.T.);
#3493=EDGE_CURVE('',#4348,#4352,#120,.T.);
#3494=EDGE_CURVE('',#4353,#4352,#121,.T.);
#3495=EDGE_CURVE('',#4347,#4353,#122,.T.);
#3496=EDGE_CURVE('',#4354,#4353,#123,.T.);
#3497=EDGE_CURVE('',#4346,#4354,#124,.T.);
#3498=EDGE_CURVE('',#4355,#4354,#125,.T.);
#3499=EDGE_CURVE('',#4345,#4355,#126,.T.);
#3500=EDGE_CURVE('',#4356,#4355,#127,.T.);
#3501=EDGE_CURVE('',#4344,#4356,#128,.T.);
#3502=EDGE_CURVE('',#4357,#4356,#129,.T.);
#3503=EDGE_CURVE('',#4343,#4357,#130,.T.);
#3504=EDGE_CURVE('',#4358,#4357,#131,.T.);
#3505=EDGE_CURVE('',#4342,#4358,#132,.T.);
#3506=EDGE_CURVE('',#4359,#4358,#133,.T.);
#3507=EDGE_CURVE('',#4341,#4359,#134,.T.);
#3508=EDGE_CURVE('',#4360,#4359,#135,.T.);
#3509=EDGE_CURVE('',#4340,#4360,#136,.T.);
#3510=EDGE_CURVE('',#4361,#4360,#137,.T.);
#3511=EDGE_CURVE('',#4339,#4361,#138,.T.);
#3512=EDGE_CURVE('',#4351,#4361,#139,.T.);
#3513=EDGE_CURVE('',#4362,#4363,#140,.T.);
#3514=EDGE_CURVE('',#4363,#4364,#141,.T.);
#3515=EDGE_CURVE('',#4364,#4365,#4904,.T.);
#3516=EDGE_CURVE('',#4365,#4366,#142,.T.);
#3517=EDGE_CURVE('',#4366,#4367,#143,.T.);
#3518=EDGE_CURVE('',#4367,#4368,#144,.T.);
#3519=EDGE_CURVE('',#4368,#4369,#145,.T.);
#3520=EDGE_CURVE('',#4369,#4370,#146,.T.);
#3521=EDGE_CURVE('',#4370,#4371,#147,.T.);
#3522=EDGE_CURVE('',#4371,#4372,#4905,.T.);
#3523=EDGE_CURVE('',#4372,#4373,#4906,.T.);
#3524=EDGE_CURVE('',#4373,#4374,#148,.T.);
#3525=EDGE_CURVE('',#4374,#4375,#4907,.F.);
#3526=EDGE_CURVE('',#4375,#4376,#4908,.T.);
#3527=EDGE_CURVE('',#4376,#4362,#149,.T.);
#3528=EDGE_CURVE('',#4377,#4378,#150,.T.);
#3529=EDGE_CURVE('',#4362,#4378,#151,.T.);
#3530=EDGE_CURVE('',#4376,#4377,#1264,.T.);
#3531=EDGE_CURVE('',#4379,#4377,#4909,.T.);
#3532=EDGE_CURVE('',#4375,#4379,#1265,.T.);
#3533=EDGE_CURVE('',#4380,#4379,#4910,.T.);
#3534=EDGE_CURVE('',#4374,#4380,#152,.T.);
#3535=EDGE_CURVE('',#4381,#4380,#153,.T.);
#3536=EDGE_CURVE('',#4373,#4381,#154,.T.);
#3537=EDGE_CURVE('',#4382,#4381,#4911,.T.);
#3538=EDGE_CURVE('',#4372,#4382,#1266,.T.);
#3539=EDGE_CURVE('',#4383,#4382,#4912,.T.);
#3540=EDGE_CURVE('',#4371,#4383,#1267,.F.);
#3541=EDGE_CURVE('',#4384,#4383,#155,.T.);
#3542=EDGE_CURVE('',#4370,#4384,#156,.T.);
#3543=EDGE_CURVE('',#4385,#4384,#157,.T.);
#3544=EDGE_CURVE('',#4369,#4385,#158,.T.);
#3545=EDGE_CURVE('',#4386,#4385,#159,.T.);
#3546=EDGE_CURVE('',#4368,#4386,#160,.T.);
#3547=EDGE_CURVE('',#4387,#4386,#161,.T.);
#3548=EDGE_CURVE('',#4367,#4387,#162,.T.);
#3549=EDGE_CURVE('',#4388,#4387,#163,.T.);
#3550=EDGE_CURVE('',#4366,#4388,#164,.T.);
#3551=EDGE_CURVE('',#4389,#4388,#165,.T.);
#3552=EDGE_CURVE('',#4365,#4389,#166,.T.);
#3553=EDGE_CURVE('',#4390,#4389,#4913,.T.);
#3554=EDGE_CURVE('',#4364,#4390,#167,.T.);
#3555=EDGE_CURVE('',#4391,#4390,#168,.T.);
#3556=EDGE_CURVE('',#4363,#4391,#169,.T.);
#3557=EDGE_CURVE('',#4378,#4391,#170,.T.);
#3558=EDGE_CURVE('',#4392,#4393,#4914,.T.);
#3559=EDGE_CURVE('',#4393,#4394,#171,.T.);
#3560=EDGE_CURVE('',#4394,#4395,#4915,.T.);
#3561=EDGE_CURVE('',#4395,#4396,#4916,.T.);
#3562=EDGE_CURVE('',#4396,#4397,#4917,.T.);
#3563=EDGE_CURVE('',#4397,#4398,#4918,.T.);
#3564=EDGE_CURVE('',#4398,#4399,#1268,.T.);
#3565=EDGE_CURVE('',#4399,#4400,#4919,.T.);
#3566=EDGE_CURVE('',#4400,#4401,#4920,.T.);
#3567=EDGE_CURVE('',#4401,#4402,#4921,.T.);
#3568=EDGE_CURVE('',#4402,#4403,#4922,.T.);
#3569=EDGE_CURVE('',#4403,#4404,#4923,.T.);
#3570=EDGE_CURVE('',#4404,#4405,#172,.T.);
#3571=EDGE_CURVE('',#4405,#4406,#4924,.T.);
#3572=EDGE_CURVE('',#4406,#4407,#4925,.T.);
#3573=EDGE_CURVE('',#4407,#4408,#4926,.T.);
#3574=EDGE_CURVE('',#4408,#4409,#4927,.T.);
#3575=EDGE_CURVE('',#4409,#4410,#1269,.T.);
#3576=EDGE_CURVE('',#4410,#4411,#4928,.T.);
#3577=EDGE_CURVE('',#4411,#4412,#4929,.T.);
#3578=EDGE_CURVE('',#4412,#4392,#4930,.T.);
#3579=EDGE_CURVE('',#4413,#4414,#4931,.T.);
#3580=EDGE_CURVE('',#4392,#4414,#1270,.F.);
#3581=EDGE_CURVE('',#4412,#4413,#1271,.T.);
#3582=EDGE_CURVE('',#4415,#4413,#4932,.T.);
#3583=EDGE_CURVE('',#4411,#4415,#1272,.T.);
#3584=EDGE_CURVE('',#4416,#4415,#4933,.T.);
#3585=EDGE_CURVE('',#4410,#4416,#1273,.T.);
#3586=EDGE_CURVE('',#4417,#4416,#1274,.T.);
#3587=EDGE_CURVE('',#4409,#4417,#1275,.F.);
#3588=EDGE_CURVE('',#4418,#4417,#4934,.T.);
#3589=EDGE_CURVE('',#4408,#4418,#1276,.T.);
#3590=EDGE_CURVE('',#4419,#4418,#4935,.T.);
#3591=EDGE_CURVE('',#4407,#4419,#1277,.T.);
#3592=EDGE_CURVE('',#4420,#4419,#4936,.T.);
#3593=EDGE_CURVE('',#4406,#4420,#1278,.T.);
#3594=EDGE_CURVE('',#4421,#4420,#4937,.T.);
#3595=EDGE_CURVE('',#4405,#4421,#173,.T.);
#3596=EDGE_CURVE('',#4422,#4421,#174,.T.);
#3597=EDGE_CURVE('',#4404,#4422,#175,.T.);
#3598=EDGE_CURVE('',#4423,#4422,#4938,.T.);
#3599=EDGE_CURVE('',#4403,#4423,#1279,.T.);
#3600=EDGE_CURVE('',#4424,#4423,#4939,.T.);
#3601=EDGE_CURVE('',#4402,#4424,#1280,.T.);
#3602=EDGE_CURVE('',#4425,#4424,#4940,.T.);
#3603=EDGE_CURVE('',#4401,#4425,#1281,.T.);
#3604=EDGE_CURVE('',#4426,#4425,#4941,.T.);
#3605=EDGE_CURVE('',#4400,#4426,#1282,.T.);
#3606=EDGE_CURVE('',#4427,#4426,#4942,.T.);
#3607=EDGE_CURVE('',#4399,#4427,#1283,.T.);
#3608=EDGE_CURVE('',#4428,#4427,#1284,.T.);
#3609=EDGE_CURVE('',#4398,#4428,#1285,.F.);
#3610=EDGE_CURVE('',#4429,#4428,#4943,.T.);
#3611=EDGE_CURVE('',#4397,#4429,#176,.F.);
#3612=EDGE_CURVE('',#4430,#4429,#4944,.T.);
#3613=EDGE_CURVE('',#4396,#4430,#1286,.T.);
#3614=EDGE_CURVE('',#4431,#4430,#4945,.T.);
#3615=EDGE_CURVE('',#4395,#4431,#1287,.T.);
#3616=EDGE_CURVE('',#4432,#4431,#4946,.T.);
#3617=EDGE_CURVE('',#4394,#4432,#177,.T.);
#3618=EDGE_CURVE('',#4433,#4432,#178,.T.);
#3619=EDGE_CURVE('',#4393,#4433,#179,.T.);
#3620=EDGE_CURVE('',#4414,#4433,#4947,.T.);
#3621=EDGE_CURVE('',#4434,#4435,#180,.T.);
#3622=EDGE_CURVE('',#4435,#4436,#4948,.T.);
#3623=EDGE_CURVE('',#4436,#4437,#4949,.T.);
#3624=EDGE_CURVE('',#4437,#4438,#4950,.T.);
#3625=EDGE_CURVE('',#4438,#4439,#4951,.T.);
#3626=EDGE_CURVE('',#4439,#4440,#4952,.T.);
#3627=EDGE_CURVE('',#4440,#4441,#4953,.T.);
#3628=EDGE_CURVE('',#4441,#4434,#181,.T.);
#3629=EDGE_CURVE('',#4442,#4434,#182,.T.);
#3630=EDGE_CURVE('',#4442,#4443,#183,.T.);
#3631=EDGE_CURVE('',#4443,#4435,#1288,.T.);
#3632=EDGE_CURVE('',#4444,#4441,#1289,.F.);
#3633=EDGE_CURVE('',#4444,#4442,#184,.T.);
#3634=EDGE_CURVE('',#4445,#4440,#1290,.F.);
#3635=EDGE_CURVE('',#4445,#4444,#4954,.T.);
#3636=EDGE_CURVE('',#4446,#4439,#1291,.F.);
#3637=EDGE_CURVE('',#4446,#4445,#4955,.T.);
#3638=EDGE_CURVE('',#4447,#4438,#1292,.F.);
#3639=EDGE_CURVE('',#4447,#4446,#4956,.T.);
#3640=EDGE_CURVE('',#4448,#4437,#1293,.F.);
#3641=EDGE_CURVE('',#4448,#4447,#4957,.T.);
#3642=EDGE_CURVE('',#4449,#4436,#1294,.F.);
#3643=EDGE_CURVE('',#4449,#4448,#4958,.T.);
#3644=EDGE_CURVE('',#4443,#4449,#4959,.T.);
#3645=EDGE_CURVE('',#4450,#4451,#4960,.T.);
#3646=EDGE_CURVE('',#4452,#4451,#1295,.F.);
#3647=EDGE_CURVE('',#4453,#4452,#4961,.T.);
#3648=EDGE_CURVE('',#4453,#4450,#1296,.F.);
#3649=EDGE_CURVE('',#4454,#4450,#185,.T.);
#3650=EDGE_CURVE('',#4455,#4453,#186,.T.);
#3651=EDGE_CURVE('',#4455,#4454,#187,.T.);
#3652=EDGE_CURVE('',#4456,#4454,#188,.T.);
#3653=EDGE_CURVE('',#4457,#4455,#189,.T.);
#3654=EDGE_CURVE('',#4457,#4456,#190,.T.);
#3655=EDGE_CURVE('',#4458,#4456,#191,.T.);
#3656=EDGE_CURVE('',#4459,#4457,#192,.T.);
#3657=EDGE_CURVE('',#4459,#4458,#193,.T.);
#3658=EDGE_CURVE('',#4460,#4458,#194,.T.);
#3659=EDGE_CURVE('',#4461,#4459,#195,.T.);
#3660=EDGE_CURVE('',#4461,#4460,#196,.T.);
#3661=EDGE_CURVE('',#4462,#4460,#1297,.T.);
#3662=EDGE_CURVE('',#4463,#4461,#1298,.T.);
#3663=EDGE_CURVE('',#4463,#4462,#1299,.F.);
#3664=EDGE_CURVE('',#4464,#4462,#4962,.T.);
#3665=EDGE_CURVE('',#4465,#4463,#4963,.T.);
#3666=EDGE_CURVE('',#4465,#4464,#1300,.T.);
#3667=EDGE_CURVE('',#4466,#4464,#4964,.T.);
#3668=EDGE_CURVE('',#4467,#4465,#4965,.T.);
#3669=EDGE_CURVE('',#4467,#4466,#1301,.T.);
#3670=EDGE_CURVE('',#4468,#4466,#4966,.F.);
#3671=EDGE_CURVE('',#4469,#4467,#4967,.F.);
#3672=EDGE_CURVE('',#4469,#4468,#1302,.F.);
#3673=EDGE_CURVE('',#4470,#4468,#197,.T.);
#3674=EDGE_CURVE('',#4471,#4469,#198,.T.);
#3675=EDGE_CURVE('',#4471,#4470,#199,.T.);
#3676=EDGE_CURVE('',#4472,#4470,#4968,.T.);
#3677=EDGE_CURVE('',#4473,#4471,#4969,.T.);
#3678=EDGE_CURVE('',#4473,#4472,#1303,.T.);
#3679=EDGE_CURVE('',#4474,#4472,#4970,.T.);
#3680=EDGE_CURVE('',#4475,#4473,#4971,.T.);
#3681=EDGE_CURVE('',#4475,#4474,#200,.T.);
#3682=EDGE_CURVE('',#4476,#4474,#201,.T.);
#3683=EDGE_CURVE('',#4477,#4475,#202,.T.);
#3684=EDGE_CURVE('',#4477,#4476,#203,.F.);
#3685=EDGE_CURVE('',#4451,#4476,#4972,.T.);
#3686=EDGE_CURVE('',#4452,#4477,#4973,.T.);
#3687=EDGE_CURVE('',#4478,#4479,#204,.T.);
#3688=EDGE_CURVE('',#4479,#4480,#205,.T.);
#3689=EDGE_CURVE('',#4480,#4481,#206,.T.);
#3690=EDGE_CURVE('',#4481,#4482,#207,.T.);
#3691=EDGE_CURVE('',#4482,#4483,#208,.T.);
#3692=EDGE_CURVE('',#4483,#4484,#209,.T.);
#3693=EDGE_CURVE('',#4484,#4485,#210,.T.);
#3694=EDGE_CURVE('',#4485,#4486,#211,.T.);
#3695=EDGE_CURVE('',#4486,#4487,#212,.T.);
#3696=EDGE_CURVE('',#4487,#4488,#213,.T.);
#3697=EDGE_CURVE('',#4488,#4489,#214,.T.);
#3698=EDGE_CURVE('',#4489,#4478,#215,.T.);
#3699=EDGE_CURVE('',#4490,#4491,#216,.T.);
#3700=EDGE_CURVE('',#4478,#4491,#217,.T.);
#3701=EDGE_CURVE('',#4489,#4490,#218,.T.);
#3702=EDGE_CURVE('',#4492,#4490,#219,.T.);
#3703=EDGE_CURVE('',#4488,#4492,#220,.T.);
#3704=EDGE_CURVE('',#4493,#4492,#221,.T.);
#3705=EDGE_CURVE('',#4487,#4493,#222,.T.);
#3706=EDGE_CURVE('',#4494,#4493,#223,.T.);
#3707=EDGE_CURVE('',#4486,#4494,#224,.T.);
#3708=EDGE_CURVE('',#4495,#4494,#225,.T.);
#3709=EDGE_CURVE('',#4485,#4495,#226,.T.);
#3710=EDGE_CURVE('',#4496,#4495,#227,.T.);
#3711=EDGE_CURVE('',#4484,#4496,#228,.T.);
#3712=EDGE_CURVE('',#4497,#4496,#229,.T.);
#3713=EDGE_CURVE('',#4483,#4497,#230,.T.);
#3714=EDGE_CURVE('',#4498,#4497,#231,.T.);
#3715=EDGE_CURVE('',#4482,#4498,#232,.T.);
#3716=EDGE_CURVE('',#4499,#4498,#233,.T.);
#3717=EDGE_CURVE('',#4481,#4499,#234,.T.);
#3718=EDGE_CURVE('',#4500,#4499,#235,.T.);
#3719=EDGE_CURVE('',#4480,#4500,#236,.T.);
#3720=EDGE_CURVE('',#4501,#4500,#237,.T.);
#3721=EDGE_CURVE('',#4479,#4501,#238,.T.);
#3722=EDGE_CURVE('',#4491,#4501,#239,.T.);
#3723=EDGE_CURVE('',#4502,#4503,#240,.T.);
#3724=EDGE_CURVE('',#4503,#4504,#241,.T.);
#3725=EDGE_CURVE('',#4504,#4505,#242,.T.);
#3726=EDGE_CURVE('',#4505,#4506,#4974,.T.);
#3727=EDGE_CURVE('',#4506,#4502,#4975,.T.);
#3728=EDGE_CURVE('',#4507,#4502,#1304,.F.);
#3729=EDGE_CURVE('',#4507,#4508,#243,.T.);
#3730=EDGE_CURVE('',#4508,#4503,#244,.T.);
#3731=EDGE_CURVE('',#4509,#4506,#245,.T.);
#3732=EDGE_CURVE('',#4509,#4507,#4976,.T.);
#3733=EDGE_CURVE('',#4510,#4505,#246,.T.);
#3734=EDGE_CURVE('',#4510,#4509,#4977,.T.);
#3735=EDGE_CURVE('',#4511,#4504,#247,.T.);
#3736=EDGE_CURVE('',#4511,#4510,#248,.T.);
#3737=EDGE_CURVE('',#4508,#4511,#249,.T.);
#3738=EDGE_CURVE('',#4512,#4513,#250,.T.);
#3739=EDGE_CURVE('',#4514,#4513,#251,.T.);
#3740=EDGE_CURVE('',#4515,#4514,#252,.T.);
#3741=EDGE_CURVE('',#4515,#4512,#253,.T.);
#3742=EDGE_CURVE('',#4516,#4512,#254,.T.);
#3743=EDGE_CURVE('',#4517,#4515,#255,.T.);
#3744=EDGE_CURVE('',#4517,#4516,#256,.T.);
#3745=EDGE_CURVE('',#4518,#4516,#257,.T.);
#3746=EDGE_CURVE('',#4519,#4517,#258,.T.);
#3747=EDGE_CURVE('',#4519,#4518,#259,.T.);
#3748=EDGE_CURVE('',#4520,#4518,#260,.T.);
#3749=EDGE_CURVE('',#4521,#4519,#261,.T.);
#3750=EDGE_CURVE('',#4521,#4520,#262,.T.);
#3751=EDGE_CURVE('',#4522,#4520,#263,.T.);
#3752=EDGE_CURVE('',#4523,#4521,#264,.T.);
#3753=EDGE_CURVE('',#4523,#4522,#265,.T.);
#3754=EDGE_CURVE('',#4524,#4522,#266,.T.);
#3755=EDGE_CURVE('',#4525,#4523,#267,.T.);
#3756=EDGE_CURVE('',#4525,#4524,#268,.T.);
#3757=EDGE_CURVE('',#4526,#4524,#269,.T.);
#3758=EDGE_CURVE('',#4527,#4525,#270,.T.);
#3759=EDGE_CURVE('',#4527,#4526,#271,.T.);
#3760=EDGE_CURVE('',#4513,#4526,#272,.T.);
#3761=EDGE_CURVE('',#4514,#4527,#273,.T.);
#3762=EDGE_CURVE('',#4528,#4529,#4978,.T.);
#3763=EDGE_CURVE('',#4529,#4530,#274,.T.);
#3764=EDGE_CURVE('',#4530,#4531,#275,.T.);
#3765=EDGE_CURVE('',#4531,#4532,#276,.T.);
#3766=EDGE_CURVE('',#4532,#4533,#4979,.T.);
#3767=EDGE_CURVE('',#4533,#4534,#4980,.T.);
#3768=EDGE_CURVE('',#4534,#4528,#4981,.T.);
#3769=EDGE_CURVE('',#4535,#4528,#1305,.F.);
#3770=EDGE_CURVE('',#4535,#4536,#4982,.T.);
#3771=EDGE_CURVE('',#4536,#4529,#1306,.F.);
#3772=EDGE_CURVE('',#4537,#4534,#1307,.F.);
#3773=EDGE_CURVE('',#4537,#4535,#4983,.T.);
#3774=EDGE_CURVE('',#4538,#4533,#1308,.F.);
#3775=EDGE_CURVE('',#4538,#4537,#4984,.T.);
#3776=EDGE_CURVE('',#4539,#4532,#1309,.T.);
#3777=EDGE_CURVE('',#4539,#4538,#4985,.T.);
#3778=EDGE_CURVE('',#4540,#4531,#277,.T.);
#3779=EDGE_CURVE('',#4540,#4539,#278,.T.);
#3780=EDGE_CURVE('',#4541,#4530,#279,.T.);
#3781=EDGE_CURVE('',#4541,#4540,#280,.T.);
#3782=EDGE_CURVE('',#4536,#4541,#281,.T.);
#3783=EDGE_CURVE('',#4542,#4543,#282,.T.);
#3784=EDGE_CURVE('',#4544,#4543,#283,.T.);
#3785=EDGE_CURVE('',#4545,#4544,#284,.T.);
#3786=EDGE_CURVE('',#4545,#4542,#285,.T.);
#3787=EDGE_CURVE('',#4546,#4542,#286,.T.);
#3788=EDGE_CURVE('',#4547,#4545,#287,.T.);
#3789=EDGE_CURVE('',#4547,#4546,#1310,.T.);
#3790=EDGE_CURVE('',#4548,#4546,#4986,.T.);
#3791=EDGE_CURVE('',#4549,#4547,#4987,.T.);
#3792=EDGE_CURVE('',#4549,#4548,#1311,.T.);
#3793=EDGE_CURVE('',#4550,#4548,#4988,.T.);
#3794=EDGE_CURVE('',#4551,#4549,#4989,.T.);
#3795=EDGE_CURVE('',#4551,#4550,#1312,.T.);
#3796=EDGE_CURVE('',#4552,#4550,#4990,.T.);
#3797=EDGE_CURVE('',#4553,#4551,#4991,.T.);
#3798=EDGE_CURVE('',#4553,#4552,#1313,.T.);
#3799=EDGE_CURVE('',#4554,#4552,#4992,.T.);
#3800=EDGE_CURVE('',#4555,#4553,#4993,.T.);
#3801=EDGE_CURVE('',#4555,#4554,#1314,.F.);
#3802=EDGE_CURVE('',#4543,#4554,#288,.T.);
#3803=EDGE_CURVE('',#4544,#4555,#289,.T.);
#3804=EDGE_CURVE('',#4556,#4557,#290,.T.);
#3805=EDGE_CURVE('',#4557,#4558,#291,.T.);
#3806=EDGE_CURVE('',#4558,#4559,#292,.T.);
#3807=EDGE_CURVE('',#4559,#4560,#293,.T.);
#3808=EDGE_CURVE('',#4560,#4561,#294,.T.);
#3809=EDGE_CURVE('',#4561,#4562,#295,.T.);
#3810=EDGE_CURVE('',#4562,#4563,#296,.T.);
#3811=EDGE_CURVE('',#4563,#4564,#297,.T.);
#3812=EDGE_CURVE('',#4564,#4565,#298,.T.);
#3813=EDGE_CURVE('',#4565,#4566,#299,.T.);
#3814=EDGE_CURVE('',#4566,#4567,#300,.T.);
#3815=EDGE_CURVE('',#4567,#4556,#301,.T.);
#3816=EDGE_CURVE('',#4568,#4569,#302,.T.);
#3817=EDGE_CURVE('',#4556,#4569,#303,.T.);
#3818=EDGE_CURVE('',#4567,#4568,#304,.T.);
#3819=EDGE_CURVE('',#4570,#4568,#305,.T.);
#3820=EDGE_CURVE('',#4566,#4570,#306,.T.);
#3821=EDGE_CURVE('',#4571,#4570,#307,.T.);
#3822=EDGE_CURVE('',#4565,#4571,#308,.T.);
#3823=EDGE_CURVE('',#4572,#4571,#309,.T.);
#3824=EDGE_CURVE('',#4564,#4572,#310,.T.);
#3825=EDGE_CURVE('',#4573,#4572,#311,.T.);
#3826=EDGE_CURVE('',#4563,#4573,#312,.T.);
#3827=EDGE_CURVE('',#4574,#4573,#313,.T.);
#3828=EDGE_CURVE('',#4562,#4574,#314,.T.);
#3829=EDGE_CURVE('',#4575,#4574,#315,.T.);
#3830=EDGE_CURVE('',#4561,#4575,#316,.T.);
#3831=EDGE_CURVE('',#4576,#4575,#317,.T.);
#3832=EDGE_CURVE('',#4560,#4576,#318,.T.);
#3833=EDGE_CURVE('',#4577,#4576,#319,.T.);
#3834=EDGE_CURVE('',#4559,#4577,#320,.T.);
#3835=EDGE_CURVE('',#4578,#4577,#321,.T.);
#3836=EDGE_CURVE('',#4558,#4578,#322,.T.);
#3837=EDGE_CURVE('',#4579,#4578,#323,.T.);
#3838=EDGE_CURVE('',#4557,#4579,#324,.T.);
#3839=EDGE_CURVE('',#4569,#4579,#325,.T.);
#3840=EDGE_CURVE('',#4580,#4581,#4994,.T.);
#3841=EDGE_CURVE('',#4581,#4582,#326,.T.);
#3842=EDGE_CURVE('',#4582,#4583,#4995,.T.);
#3843=EDGE_CURVE('',#4583,#4584,#4996,.T.);
#3844=EDGE_CURVE('',#4584,#4585,#4997,.T.);
#3845=EDGE_CURVE('',#4585,#4586,#4998,.T.);
#3846=EDGE_CURVE('',#4586,#4587,#4999,.T.);
#3847=EDGE_CURVE('',#4587,#4588,#5000,.T.);
#3848=EDGE_CURVE('',#4588,#4589,#327,.T.);
#3849=EDGE_CURVE('',#4589,#4590,#5001,.T.);
#3850=EDGE_CURVE('',#4590,#4591,#5002,.T.);
#3851=EDGE_CURVE('',#4591,#4592,#5003,.T.);
#3852=EDGE_CURVE('',#4592,#4593,#5004,.T.);
#3853=EDGE_CURVE('',#4593,#4580,#5005,.T.);
#3854=EDGE_CURVE('',#4594,#4595,#5006,.T.);
#3855=EDGE_CURVE('',#4580,#4595,#1315,.F.);
#3856=EDGE_CURVE('',#4593,#4594,#1316,.T.);
#3857=EDGE_CURVE('',#4596,#4594,#5007,.T.);
#3858=EDGE_CURVE('',#4592,#4596,#1317,.T.);
#3859=EDGE_CURVE('',#4597,#4596,#5008,.T.);
#3860=EDGE_CURVE('',#4591,#4597,#1318,.T.);
#3861=EDGE_CURVE('',#4598,#4597,#5009,.T.);
#3862=EDGE_CURVE('',#4590,#4598,#1319,.T.);
#3863=EDGE_CURVE('',#4599,#4598,#5010,.T.);
#3864=EDGE_CURVE('',#4589,#4599,#328,.F.);
#3865=EDGE_CURVE('',#4600,#4599,#329,.T.);
#3866=EDGE_CURVE('',#4588,#4600,#330,.T.);
#3867=EDGE_CURVE('',#4601,#4600,#5011,.T.);
#3868=EDGE_CURVE('',#4587,#4601,#1320,.T.);
#3869=EDGE_CURVE('',#4602,#4601,#5012,.T.);
#3870=EDGE_CURVE('',#4586,#4602,#1321,.T.);
#3871=EDGE_CURVE('',#4603,#4602,#5013,.T.);
#3872=EDGE_CURVE('',#4585,#4603,#1322,.T.);
#3873=EDGE_CURVE('',#4604,#4603,#5014,.T.);
#3874=EDGE_CURVE('',#4584,#4604,#1323,.T.);
#3875=EDGE_CURVE('',#4605,#4604,#5015,.T.);
#3876=EDGE_CURVE('',#4583,#4605,#1324,.T.);
#3877=EDGE_CURVE('',#4606,#4605,#5016,.T.);
#3878=EDGE_CURVE('',#4582,#4606,#331,.T.);
#3879=EDGE_CURVE('',#4607,#4606,#332,.T.);
#3880=EDGE_CURVE('',#4581,#4607,#333,.F.);
#3881=EDGE_CURVE('',#4595,#4607,#5017,.T.);
#3882=EDGE_CURVE('',#4608,#4609,#334,.T.);
#3883=EDGE_CURVE('',#4609,#4610,#335,.T.);
#3884=EDGE_CURVE('',#4610,#4611,#336,.T.);
#3885=EDGE_CURVE('',#4611,#4612,#337,.T.);
#3886=EDGE_CURVE('',#4612,#4613,#338,.T.);
#3887=EDGE_CURVE('',#4613,#4608,#339,.T.);
#3888=EDGE_CURVE('',#4614,#4615,#340,.T.);
#3889=EDGE_CURVE('',#4608,#4615,#341,.T.);
#3890=EDGE_CURVE('',#4613,#4614,#342,.T.);
#3891=EDGE_CURVE('',#4616,#4614,#343,.T.);
#3892=EDGE_CURVE('',#4612,#4616,#344,.T.);
#3893=EDGE_CURVE('',#4617,#4616,#345,.T.);
#3894=EDGE_CURVE('',#4611,#4617,#346,.T.);
#3895=EDGE_CURVE('',#4618,#4617,#347,.T.);
#3896=EDGE_CURVE('',#4610,#4618,#348,.T.);
#3897=EDGE_CURVE('',#4619,#4618,#349,.T.);
#3898=EDGE_CURVE('',#4609,#4619,#350,.T.);
#3899=EDGE_CURVE('',#4615,#4619,#351,.T.);
#3900=EDGE_CURVE('',#4620,#4621,#1325,.T.);
#3901=EDGE_CURVE('',#4621,#4622,#352,.T.);
#3902=EDGE_CURVE('',#4622,#4623,#353,.T.);
#3903=EDGE_CURVE('',#4623,#4624,#354,.T.);
#3904=EDGE_CURVE('',#4624,#4620,#5018,.T.);
#3905=EDGE_CURVE('',#4625,#4626,#355,.T.);
#3906=EDGE_CURVE('',#4626,#4627,#356,.T.);
#3907=EDGE_CURVE('',#4627,#4628,#357,.T.);
#3908=EDGE_CURVE('',#4628,#4629,#5019,.F.);
#3909=EDGE_CURVE('',#4629,#4630,#358,.T.);
#3910=EDGE_CURVE('',#4630,#4625,#359,.T.);
#3911=EDGE_CURVE('',#4631,#4632,#360,.T.);
#3912=EDGE_CURVE('',#4633,#4631,#361,.T.);
#3913=EDGE_CURVE('',#4634,#4633,#362,.T.);
#3914=EDGE_CURVE('',#4635,#4634,#363,.T.);
#3915=EDGE_CURVE('',#4636,#4635,#364,.T.);
#3916=EDGE_CURVE('',#4632,#4636,#365,.T.);
#3917=EDGE_CURVE('',#4637,#4638,#366,.T.);
#3918=EDGE_CURVE('',#4633,#4637,#367,.T.);
#3919=EDGE_CURVE('',#4631,#4638,#368,.T.);
#3920=EDGE_CURVE('',#4639,#4637,#369,.T.);
#3921=EDGE_CURVE('',#4634,#4639,#370,.T.);
#3922=EDGE_CURVE('',#4640,#4639,#371,.T.);
#3923=EDGE_CURVE('',#4635,#4640,#372,.T.);
#3924=EDGE_CURVE('',#4641,#4640,#373,.T.);
#3925=EDGE_CURVE('',#4636,#4641,#374,.T.);
#3926=EDGE_CURVE('',#4642,#4641,#375,.T.);
#3927=EDGE_CURVE('',#4632,#4642,#376,.T.);
#3928=EDGE_CURVE('',#4638,#4642,#377,.T.);
#3929=EDGE_CURVE('',#4643,#4644,#378,.T.);
#3930=EDGE_CURVE('',#4645,#4643,#5020,.T.);
#3931=EDGE_CURVE('',#4646,#4645,#1326,.T.);
#3932=EDGE_CURVE('',#4647,#4646,#1327,.T.);
#3933=EDGE_CURVE('',#4648,#4647,#5021,.T.);
#3934=EDGE_CURVE('',#4649,#4648,#379,.T.);
#3935=EDGE_CURVE('',#4650,#4649,#5022,.T.);
#3936=EDGE_CURVE('',#4651,#4650,#1328,.T.);
#3937=EDGE_CURVE('',#4652,#4651,#1329,.T.);
#3938=EDGE_CURVE('',#4644,#4652,#5023,.T.);
#3939=EDGE_CURVE('',#4653,#4654,#5024,.T.);
#3940=EDGE_CURVE('',#4645,#4653,#1330,.F.);
#3941=EDGE_CURVE('',#4643,#4654,#380,.T.);
#3942=EDGE_CURVE('',#4655,#4653,#1331,.T.);
#3943=EDGE_CURVE('',#4646,#4655,#381,.T.);
#3944=EDGE_CURVE('',#4656,#4655,#1332,.T.);
#3945=EDGE_CURVE('',#4647,#4656,#1333,.T.);
#3946=EDGE_CURVE('',#4657,#4656,#5025,.T.);
#3947=EDGE_CURVE('',#4648,#4657,#382,.T.);
#3948=EDGE_CURVE('',#4658,#4657,#383,.T.);
#3949=EDGE_CURVE('',#4649,#4658,#384,.F.);
#3950=EDGE_CURVE('',#4659,#4658,#5026,.T.);
#3951=EDGE_CURVE('',#4650,#4659,#1334,.F.);
#3952=EDGE_CURVE('',#4660,#4659,#1335,.T.);
#3953=EDGE_CURVE('',#4651,#4660,#385,.T.);
#3954=EDGE_CURVE('',#4661,#4660,#1336,.T.);
#3955=EDGE_CURVE('',#4652,#4661,#1337,.T.);
#3956=EDGE_CURVE('',#4662,#4661,#5027,.F.);
#3957=EDGE_CURVE('',#4644,#4662,#5028,.T.);
#3958=EDGE_CURVE('',#4654,#4662,#386,.T.);
#3959=EDGE_CURVE('',#4663,#4664,#387,.T.);
#3960=EDGE_CURVE('',#4665,#4663,#388,.T.);
#3961=EDGE_CURVE('',#4666,#4665,#389,.T.);
#3962=EDGE_CURVE('',#4667,#4666,#390,.T.);
#3963=EDGE_CURVE('',#4668,#4667,#391,.T.);
#3964=EDGE_CURVE('',#4669,#4668,#392,.T.);
#3965=EDGE_CURVE('',#4670,#4669,#393,.T.);
#3966=EDGE_CURVE('',#4671,#4670,#394,.T.);
#3967=EDGE_CURVE('',#4672,#4671,#395,.T.);
#3968=EDGE_CURVE('',#4673,#4672,#396,.T.);
#3969=EDGE_CURVE('',#4674,#4673,#397,.T.);
#3970=EDGE_CURVE('',#4664,#4674,#398,.T.);
#3971=EDGE_CURVE('',#4675,#4676,#399,.T.);
#3972=EDGE_CURVE('',#4665,#4675,#400,.T.);
#3973=EDGE_CURVE('',#4663,#4676,#401,.T.);
#3974=EDGE_CURVE('',#4677,#4675,#402,.T.);
#3975=EDGE_CURVE('',#4666,#4677,#403,.T.);
#3976=EDGE_CURVE('',#4678,#4677,#404,.T.);
#3977=EDGE_CURVE('',#4667,#4678,#405,.T.);
#3978=EDGE_CURVE('',#4679,#4678,#406,.T.);
#3979=EDGE_CURVE('',#4668,#4679,#407,.T.);
#3980=EDGE_CURVE('',#4680,#4679,#408,.T.);
#3981=EDGE_CURVE('',#4669,#4680,#409,.T.);
#3982=EDGE_CURVE('',#4681,#4680,#410,.T.);
#3983=EDGE_CURVE('',#4670,#4681,#411,.T.);
#3984=EDGE_CURVE('',#4682,#4681,#412,.T.);
#3985=EDGE_CURVE('',#4671,#4682,#413,.T.);
#3986=EDGE_CURVE('',#4683,#4682,#414,.T.);
#3987=EDGE_CURVE('',#4672,#4683,#415,.T.);
#3988=EDGE_CURVE('',#4684,#4683,#416,.T.);
#3989=EDGE_CURVE('',#4673,#4684,#417,.T.);
#3990=EDGE_CURVE('',#4685,#4684,#418,.T.);
#3991=EDGE_CURVE('',#4674,#4685,#419,.T.);
#3992=EDGE_CURVE('',#4686,#4685,#420,.T.);
#3993=EDGE_CURVE('',#4664,#4686,#421,.T.);
#3994=EDGE_CURVE('',#4676,#4686,#422,.T.);
#3995=EDGE_CURVE('',#4687,#4622,#423,.T.);
#3996=EDGE_CURVE('',#4687,#4688,#424,.T.);
#3997=EDGE_CURVE('',#4688,#4623,#425,.T.);
#3998=EDGE_CURVE('',#4688,#4689,#426,.T.);
#3999=EDGE_CURVE('',#4689,#4624,#1338,.T.);
#4000=EDGE_CURVE('',#4689,#4690,#5029,.T.);
#4001=EDGE_CURVE('',#4690,#4620,#1339,.T.);
#4002=EDGE_CURVE('',#4690,#4691,#1340,.T.);
#4003=EDGE_CURVE('',#4691,#4621,#427,.T.);
#4004=EDGE_CURVE('',#4691,#4687,#428,.T.);
#4005=EDGE_CURVE('',#4692,#4693,#429,.T.);
#4006=EDGE_CURVE('',#4694,#4692,#5030,.T.);
#4007=EDGE_CURVE('',#4695,#4694,#1341,.T.);
#4008=EDGE_CURVE('',#4696,#4695,#430,.T.);
#4009=EDGE_CURVE('',#4693,#4696,#431,.T.);
#4010=EDGE_CURVE('',#4697,#4698,#5031,.T.);
#4011=EDGE_CURVE('',#4694,#4697,#1342,.F.);
#4012=EDGE_CURVE('',#4692,#4698,#1343,.F.);
#4013=EDGE_CURVE('',#4699,#4697,#1344,.T.);
#4014=EDGE_CURVE('',#4695,#4699,#432,.T.);
#4015=EDGE_CURVE('',#4700,#4699,#433,.T.);
#4016=EDGE_CURVE('',#4696,#4700,#434,.T.);
#4017=EDGE_CURVE('',#4701,#4700,#435,.T.);
#4018=EDGE_CURVE('',#4693,#4701,#436,.T.);
#4019=EDGE_CURVE('',#4698,#4701,#437,.T.);
#4020=EDGE_CURVE('',#4702,#4627,#438,.T.);
#4021=EDGE_CURVE('',#4702,#4703,#439,.T.);
#4022=EDGE_CURVE('',#4703,#4628,#440,.T.);
#4023=EDGE_CURVE('',#4703,#4704,#5032,.T.);
#4024=EDGE_CURVE('',#4704,#4629,#441,.F.);
#4025=EDGE_CURVE('',#4704,#4705,#442,.T.);
#4026=EDGE_CURVE('',#4705,#4630,#443,.T.);
#4027=EDGE_CURVE('',#4705,#4706,#444,.F.);
#4028=EDGE_CURVE('',#4706,#4625,#1345,.T.);
#4029=EDGE_CURVE('',#4706,#4707,#445,.T.);
#4030=EDGE_CURVE('',#4707,#4626,#446,.T.);
#4031=EDGE_CURVE('',#4707,#4702,#447,.T.);
#4032=EDGE_CURVE('',#4708,#4709,#448,.T.);
#4033=EDGE_CURVE('',#4710,#4708,#449,.T.);
#4034=EDGE_CURVE('',#4711,#4710,#450,.T.);
#4035=EDGE_CURVE('',#4712,#4711,#451,.T.);
#4036=EDGE_CURVE('',#4713,#4712,#452,.T.);
#4037=EDGE_CURVE('',#4714,#4713,#453,.T.);
#4038=EDGE_CURVE('',#4715,#4714,#454,.T.);
#4039=EDGE_CURVE('',#4709,#4715,#455,.T.);
#4040=EDGE_CURVE('',#4716,#4717,#456,.T.);
#4041=EDGE_CURVE('',#4710,#4716,#457,.T.);
#4042=EDGE_CURVE('',#4708,#4717,#458,.T.);
#4043=EDGE_CURVE('',#4718,#4716,#459,.T.);
#4044=EDGE_CURVE('',#4711,#4718,#460,.T.);
#4045=EDGE_CURVE('',#4719,#4718,#461,.T.);
#4046=EDGE_CURVE('',#4712,#4719,#462,.T.);
#4047=EDGE_CURVE('',#4720,#4719,#463,.T.);
#4048=EDGE_CURVE('',#4713,#4720,#464,.T.);
#4049=EDGE_CURVE('',#4721,#4720,#465,.T.);
#4050=EDGE_CURVE('',#4714,#4721,#466,.T.);
#4051=EDGE_CURVE('',#4722,#4721,#467,.T.);
#4052=EDGE_CURVE('',#4715,#4722,#468,.T.);
#4053=EDGE_CURVE('',#4723,#4722,#469,.T.);
#4054=EDGE_CURVE('',#4709,#4723,#470,.T.);
#4055=EDGE_CURVE('',#4717,#4723,#471,.T.);
#4056=EDGE_CURVE('',#4724,#4725,#472,.T.);
#4057=EDGE_CURVE('',#4725,#4726,#473,.T.);
#4058=EDGE_CURVE('',#4726,#4727,#474,.T.);
#4059=EDGE_CURVE('',#4727,#4724,#475,.T.);
#4060=EDGE_CURVE('',#4728,#4729,#476,.T.);
#4061=EDGE_CURVE('',#4728,#4730,#477,.T.);
#4062=EDGE_CURVE('',#4730,#4726,#478,.T.);
#4063=EDGE_CURVE('',#4731,#4725,#479,.T.);
#4064=EDGE_CURVE('',#4731,#4729,#480,.T.);
#4065=EDGE_CURVE('',#4730,#4732,#481,.T.);
#4066=EDGE_CURVE('',#4732,#4727,#482,.T.);
#4067=EDGE_CURVE('',#4732,#4733,#483,.T.);
#4068=EDGE_CURVE('',#4734,#4733,#484,.T.);
#4069=EDGE_CURVE('',#4734,#4735,#485,.T.);
#4070=EDGE_CURVE('',#4735,#4724,#486,.T.);
#4071=EDGE_CURVE('',#4735,#4731,#487,.T.);
#4072=EDGE_CURVE('',#4729,#4734,#488,.T.);
#4073=EDGE_CURVE('',#4736,#4737,#489,.T.);
#4074=EDGE_CURVE('',#4737,#4738,#490,.T.);
#4075=EDGE_CURVE('',#4738,#4739,#491,.T.);
#4076=EDGE_CURVE('',#4739,#4736,#492,.T.);
#4077=EDGE_CURVE('',#4740,#4741,#493,.T.);
#4078=EDGE_CURVE('',#4740,#4742,#494,.T.);
#4079=EDGE_CURVE('',#4742,#4738,#495,.T.);
#4080=EDGE_CURVE('',#4743,#4737,#496,.T.);
#4081=EDGE_CURVE('',#4743,#4741,#497,.T.);
#4082=EDGE_CURVE('',#4742,#4744,#498,.T.);
#4083=EDGE_CURVE('',#4744,#4739,#499,.T.);
#4084=EDGE_CURVE('',#4744,#4745,#500,.T.);
#4085=EDGE_CURVE('',#4746,#4745,#501,.T.);
#4086=EDGE_CURVE('',#4746,#4747,#502,.T.);
#4087=EDGE_CURVE('',#4747,#4736,#503,.T.);
#4088=EDGE_CURVE('',#4747,#4743,#504,.T.);
#4089=EDGE_CURVE('',#4741,#4746,#505,.T.);
#4090=EDGE_CURVE('',#4748,#4749,#506,.T.);
#4091=EDGE_CURVE('',#4749,#4750,#507,.T.);
#4092=EDGE_CURVE('',#4750,#4751,#508,.T.);
#4093=EDGE_CURVE('',#4751,#4748,#509,.T.);
#4094=EDGE_CURVE('',#4752,#4753,#510,.T.);
#4095=EDGE_CURVE('',#4752,#4754,#511,.T.);
#4096=EDGE_CURVE('',#4754,#4750,#512,.T.);
#4097=EDGE_CURVE('',#4755,#4749,#513,.T.);
#4098=EDGE_CURVE('',#4755,#4753,#514,.T.);
#4099=EDGE_CURVE('',#4754,#4756,#515,.T.);
#4100=EDGE_CURVE('',#4756,#4751,#516,.T.);
#4101=EDGE_CURVE('',#4756,#4757,#517,.T.);
#4102=EDGE_CURVE('',#4758,#4757,#518,.T.);
#4103=EDGE_CURVE('',#4758,#4759,#519,.T.);
#4104=EDGE_CURVE('',#4759,#4748,#520,.T.);
#4105=EDGE_CURVE('',#4759,#4755,#521,.T.);
#4106=EDGE_CURVE('',#4753,#4758,#522,.T.);
#4107=EDGE_CURVE('',#4760,#4761,#523,.T.);
#4108=EDGE_CURVE('',#4761,#4762,#524,.T.);
#4109=EDGE_CURVE('',#4762,#4763,#525,.T.);
#4110=EDGE_CURVE('',#4763,#4760,#526,.T.);
#4111=EDGE_CURVE('',#4764,#4765,#527,.T.);
#4112=EDGE_CURVE('',#4764,#4766,#528,.T.);
#4113=EDGE_CURVE('',#4766,#4762,#529,.T.);
#4114=EDGE_CURVE('',#4767,#4761,#530,.T.);
#4115=EDGE_CURVE('',#4767,#4765,#531,.T.);
#4116=EDGE_CURVE('',#4766,#4768,#532,.T.);
#4117=EDGE_CURVE('',#4768,#4763,#533,.T.);
#4118=EDGE_CURVE('',#4768,#4769,#534,.T.);
#4119=EDGE_CURVE('',#4770,#4769,#535,.T.);
#4120=EDGE_CURVE('',#4770,#4771,#536,.T.);
#4121=EDGE_CURVE('',#4771,#4760,#537,.T.);
#4122=EDGE_CURVE('',#4771,#4767,#538,.T.);
#4123=EDGE_CURVE('',#4765,#4770,#539,.T.);
#4124=EDGE_CURVE('',#4772,#4773,#540,.T.);
#4125=EDGE_CURVE('',#4774,#4772,#541,.T.);
#4126=EDGE_CURVE('',#4775,#4774,#542,.T.);
#4127=EDGE_CURVE('',#4773,#4775,#543,.T.);
#4128=EDGE_CURVE('',#4776,#4777,#544,.T.);
#4129=EDGE_CURVE('',#4776,#4775,#545,.T.);
#4130=EDGE_CURVE('',#4777,#4774,#546,.T.);
#4131=EDGE_CURVE('',#4778,#4773,#547,.T.);
#4132=EDGE_CURVE('',#4779,#4778,#548,.T.);
#4133=EDGE_CURVE('',#4779,#4772,#549,.T.);
#4134=EDGE_CURVE('',#4780,#4779,#550,.T.);
#4135=EDGE_CURVE('',#4780,#4781,#551,.T.);
#4136=EDGE_CURVE('',#4777,#4781,#552,.T.);
#4137=EDGE_CURVE('',#4782,#4776,#553,.T.);
#4138=EDGE_CURVE('',#4782,#4783,#554,.T.);
#4139=EDGE_CURVE('',#4778,#4783,#555,.T.);
#4140=EDGE_CURVE('',#4780,#4783,#556,.T.);
#4141=EDGE_CURVE('',#4784,#4785,#557,.T.);
#4142=EDGE_CURVE('',#4786,#4784,#558,.T.);
#4143=EDGE_CURVE('',#4787,#4786,#559,.T.);
#4144=EDGE_CURVE('',#4785,#4787,#560,.T.);
#4145=EDGE_CURVE('',#4788,#4789,#561,.T.);
#4146=EDGE_CURVE('',#4788,#4787,#562,.T.);
#4147=EDGE_CURVE('',#4789,#4786,#563,.T.);
#4148=EDGE_CURVE('',#4790,#4785,#564,.T.);
#4149=EDGE_CURVE('',#4791,#4790,#565,.T.);
#4150=EDGE_CURVE('',#4791,#4784,#566,.T.);
#4151=EDGE_CURVE('',#4792,#4791,#567,.T.);
#4152=EDGE_CURVE('',#4792,#4793,#568,.T.);
#4153=EDGE_CURVE('',#4789,#4793,#569,.T.);
#4154=EDGE_CURVE('',#4794,#4788,#570,.T.);
#4155=EDGE_CURVE('',#4794,#4795,#571,.T.);
#4156=EDGE_CURVE('',#4790,#4795,#572,.T.);
#4157=EDGE_CURVE('',#4792,#4795,#573,.T.);
#4158=EDGE_CURVE('',#4796,#4797,#574,.T.);
#4159=EDGE_CURVE('',#4798,#4796,#575,.T.);
#4160=EDGE_CURVE('',#4799,#4798,#576,.T.);
#4161=EDGE_CURVE('',#4797,#4799,#577,.T.);
#4162=EDGE_CURVE('',#4800,#4801,#578,.T.);
#4163=EDGE_CURVE('',#4800,#4799,#579,.T.);
#4164=EDGE_CURVE('',#4801,#4798,#580,.T.);
#4165=EDGE_CURVE('',#4802,#4797,#581,.T.);
#4166=EDGE_CURVE('',#4803,#4802,#582,.T.);
#4167=EDGE_CURVE('',#4803,#4796,#583,.T.);
#4168=EDGE_CURVE('',#4804,#4803,#584,.T.);
#4169=EDGE_CURVE('',#4804,#4805,#585,.T.);
#4170=EDGE_CURVE('',#4801,#4805,#586,.T.);
#4171=EDGE_CURVE('',#4806,#4800,#587,.T.);
#4172=EDGE_CURVE('',#4806,#4807,#588,.T.);
#4173=EDGE_CURVE('',#4802,#4807,#589,.T.);
#4174=EDGE_CURVE('',#4804,#4807,#590,.T.);
#4175=EDGE_CURVE('',#4808,#4809,#591,.T.);
#4176=EDGE_CURVE('',#4810,#4808,#592,.T.);
#4177=EDGE_CURVE('',#4811,#4810,#593,.T.);
#4178=EDGE_CURVE('',#4809,#4811,#594,.T.);
#4179=EDGE_CURVE('',#4812,#4813,#595,.T.);
#4180=EDGE_CURVE('',#4812,#4811,#596,.T.);
#4181=EDGE_CURVE('',#4813,#4810,#597,.T.);
#4182=EDGE_CURVE('',#4814,#4809,#598,.T.);
#4183=EDGE_CURVE('',#4815,#4814,#599,.T.);
#4184=EDGE_CURVE('',#4815,#4808,#600,.T.);
#4185=EDGE_CURVE('',#4816,#4815,#601,.T.);
#4186=EDGE_CURVE('',#4816,#4817,#602,.T.);
#4187=EDGE_CURVE('',#4813,#4817,#603,.T.);
#4188=EDGE_CURVE('',#4818,#4812,#604,.T.);
#4189=EDGE_CURVE('',#4818,#4819,#605,.T.);
#4190=EDGE_CURVE('',#4814,#4819,#606,.T.);
#4191=EDGE_CURVE('',#4816,#4819,#607,.T.);
#4192=EDGE_CURVE('',#4820,#4820,#5033,.T.);
#4193=EDGE_CURVE('',#4821,#4822,#608,.T.);
#4194=EDGE_CURVE('',#4823,#4822,#609,.T.);
#4195=EDGE_CURVE('',#4824,#4823,#610,.T.);
#4196=EDGE_CURVE('',#4824,#4821,#611,.T.);
#4197=EDGE_CURVE('',#4825,#4826,#612,.T.);
#4198=EDGE_CURVE('',#4827,#4826,#613,.T.);
#4199=EDGE_CURVE('',#4828,#4827,#614,.T.);
#4200=EDGE_CURVE('',#4828,#4825,#615,.T.);
#4201=EDGE_CURVE('',#4733,#4740,#616,.T.);
#4202=EDGE_CURVE('',#4745,#4752,#617,.T.);
#4203=EDGE_CURVE('',#4757,#4764,#618,.T.);
#4204=EDGE_CURVE('',#4769,#4825,#619,.T.);
#4205=EDGE_CURVE('',#4823,#4828,#620,.T.);
#4206=EDGE_CURVE('',#4822,#4728,#621,.T.);
#4207=EDGE_CURVE('',#4782,#4821,#622,.T.);
#4208=EDGE_CURVE('',#4827,#4824,#623,.T.);
#4209=EDGE_CURVE('',#4826,#4817,#624,.T.);
#4210=EDGE_CURVE('',#4818,#4805,#625,.T.);
#4211=EDGE_CURVE('',#4806,#4793,#626,.T.);
#4212=EDGE_CURVE('',#4794,#4781,#627,.T.);
#4213=EDGE_CURVE('',#4829,#4829,#5034,.T.);
#4214=VERTEX_POINT('',#8660);
#4215=VERTEX_POINT('',#8661);
#4216=VERTEX_POINT('',#8668);
#4217=VERTEX_POINT('',#8670);
#4218=VERTEX_POINT('',#8679);
#4219=VERTEX_POINT('',#8680);
#4220=VERTEX_POINT('',#8685);
#4221=VERTEX_POINT('',#8687);
#4222=VERTEX_POINT('',#8694);
#4223=VERTEX_POINT('',#8696);
#4224=VERTEX_POINT('',#8700);
#4225=VERTEX_POINT('',#8702);
#4226=VERTEX_POINT('',#8706);
#4227=VERTEX_POINT('',#8708);
#4228=VERTEX_POINT('',#8715);
#4229=VERTEX_POINT('',#8717);
#4230=VERTEX_POINT('',#8724);
#4231=VERTEX_POINT('',#8726);
#4232=VERTEX_POINT('',#8730);
#4233=VERTEX_POINT('',#8732);
#4234=VERTEX_POINT('',#8739);
#4235=VERTEX_POINT('',#8741);
#4236=VERTEX_POINT('',#8748);
#4237=VERTEX_POINT('',#8750);
#4238=VERTEX_POINT('',#8757);
#4239=VERTEX_POINT('',#8759);
#4240=VERTEX_POINT('',#8763);
#4241=VERTEX_POINT('',#8765);
#4242=VERTEX_POINT('',#8772);
#4243=VERTEX_POINT('',#8774);
#4244=VERTEX_POINT('',#8778);
#4245=VERTEX_POINT('',#8780);
#4246=VERTEX_POINT('',#8787);
#4247=VERTEX_POINT('',#8789);
#4248=VERTEX_POINT('',#8796);
#4249=VERTEX_POINT('',#8798);
#4250=VERTEX_POINT('',#8802);
#4251=VERTEX_POINT('',#8804);
#4252=VERTEX_POINT('',#8811);
#4253=VERTEX_POINT('',#8813);
#4254=VERTEX_POINT('',#8817);
#4255=VERTEX_POINT('',#8819);
#4256=VERTEX_POINT('',#8823);
#4257=VERTEX_POINT('',#8825);
#4258=VERTEX_POINT('',#8829);
#4259=VERTEX_POINT('',#8831);
#4260=VERTEX_POINT('',#8835);
#4261=VERTEX_POINT('',#8837);
#4262=VERTEX_POINT('',#8841);
#4263=VERTEX_POINT('',#8843);
#4264=VERTEX_POINT('',#8850);
#4265=VERTEX_POINT('',#8852);
#4266=VERTEX_POINT('',#8856);
#4267=VERTEX_POINT('',#8858);
#4268=VERTEX_POINT('',#8865);
#4269=VERTEX_POINT('',#8867);
#4270=VERTEX_POINT('',#8874);
#4271=VERTEX_POINT('',#8876);
#4272=VERTEX_POINT('',#8883);
#4273=VERTEX_POINT('',#8885);
#4274=VERTEX_POINT('',#8892);
#4275=VERTEX_POINT('',#8894);
#4276=VERTEX_POINT('',#8898);
#4277=VERTEX_POINT('',#8900);
#4278=VERTEX_POINT('',#8907);
#4279=VERTEX_POINT('',#8909);
#4280=VERTEX_POINT('',#8916);
#4281=VERTEX_POINT('',#8918);
#4282=VERTEX_POINT('',#8925);
#4283=VERTEX_POINT('',#8927);
#4284=VERTEX_POINT('',#8935);
#4285=VERTEX_POINT('',#8936);
#4286=VERTEX_POINT('',#8938);
#4287=VERTEX_POINT('',#8940);
#4288=VERTEX_POINT('',#8942);
#4289=VERTEX_POINT('',#8949);
#4290=VERTEX_POINT('',#8951);
#4291=VERTEX_POINT('',#8955);
#4292=VERTEX_POINT('',#8959);
#4293=VERTEX_POINT('',#8963);
#4294=VERTEX_POINT('',#8969);
#4295=VERTEX_POINT('',#8970);
#4296=VERTEX_POINT('',#8972);
#4297=VERTEX_POINT('',#8974);
#4298=VERTEX_POINT('',#8978);
#4299=VERTEX_POINT('',#8980);
#4300=VERTEX_POINT('',#8984);
#4301=VERTEX_POINT('',#8986);
#4302=VERTEX_POINT('',#8990);
#4303=VERTEX_POINT('',#8992);
#4304=VERTEX_POINT('',#8996);
#4305=VERTEX_POINT('',#8998);
#4306=VERTEX_POINT('',#9002);
#4307=VERTEX_POINT('',#9004);
#4308=VERTEX_POINT('',#9008);
#4309=VERTEX_POINT('',#9010);
#4310=VERTEX_POINT('',#9018);
#4311=VERTEX_POINT('',#9019);
#4312=VERTEX_POINT('',#9021);
#4313=VERTEX_POINT('',#9023);
#4314=VERTEX_POINT('',#9025);
#4315=VERTEX_POINT('',#9027);
#4316=VERTEX_POINT('',#9029);
#4317=VERTEX_POINT('',#9036);
#4318=VERTEX_POINT('',#9038);
#4319=VERTEX_POINT('',#9048);
#4320=VERTEX_POINT('',#9055);
#4321=VERTEX_POINT('',#9062);
#4322=VERTEX_POINT('',#9066);
#4323=VERTEX_POINT('',#9070);
#4324=VERTEX_POINT('',#9076);
#4325=VERTEX_POINT('',#9077);
#4326=VERTEX_POINT('',#9079);
#4327=VERTEX_POINT('',#9081);
#4328=VERTEX_POINT('',#9085);
#4329=VERTEX_POINT('',#9087);
#4330=VERTEX_POINT('',#9094);
#4331=VERTEX_POINT('',#9096);
#4332=VERTEX_POINT('',#9103);
#4333=VERTEX_POINT('',#9105);
#4334=VERTEX_POINT('',#9112);
#4335=VERTEX_POINT('',#9114);
#4336=VERTEX_POINT('',#9121);
#4337=VERTEX_POINT('',#9123);
#4338=VERTEX_POINT('',#9134);
#4339=VERTEX_POINT('',#9135);
#4340=VERTEX_POINT('',#9137);
#4341=VERTEX_POINT('',#9139);
#4342=VERTEX_POINT('',#9141);
#4343=VERTEX_POINT('',#9143);
#4344=VERTEX_POINT('',#9145);
#4345=VERTEX_POINT('',#9147);
#4346=VERTEX_POINT('',#9149);
#4347=VERTEX_POINT('',#9151);
#4348=VERTEX_POINT('',#9153);
#4349=VERTEX_POINT('',#9155);
#4350=VERTEX_POINT('',#9159);
#4351=VERTEX_POINT('',#9160);
#4352=VERTEX_POINT('',#9165);
#4353=VERTEX_POINT('',#9169);
#4354=VERTEX_POINT('',#9173);
#4355=VERTEX_POINT('',#9177);
#4356=VERTEX_POINT('',#9181);
#4357=VERTEX_POINT('',#9185);
#4358=VERTEX_POINT('',#9189);
#4359=VERTEX_POINT('',#9193);
#4360=VERTEX_POINT('',#9197);
#4361=VERTEX_POINT('',#9201);
#4362=VERTEX_POINT('',#9207);
#4363=VERTEX_POINT('',#9208);
#4364=VERTEX_POINT('',#9210);
#4365=VERTEX_POINT('',#9212);
#4366=VERTEX_POINT('',#9214);
#4367=VERTEX_POINT('',#9216);
#4368=VERTEX_POINT('',#9218);
#4369=VERTEX_POINT('',#9220);
#4370=VERTEX_POINT('',#9222);
#4371=VERTEX_POINT('',#9224);
#4372=VERTEX_POINT('',#9226);
#4373=VERTEX_POINT('',#9228);
#4374=VERTEX_POINT('',#9230);
#4375=VERTEX_POINT('',#9232);
#4376=VERTEX_POINT('',#9234);
#4377=VERTEX_POINT('',#9238);
#4378=VERTEX_POINT('',#9239);
#4379=VERTEX_POINT('',#9247);
#4380=VERTEX_POINT('',#9254);
#4381=VERTEX_POINT('',#9258);
#4382=VERTEX_POINT('',#9262);
#4383=VERTEX_POINT('',#9269);
#4384=VERTEX_POINT('',#9276);
#4385=VERTEX_POINT('',#9280);
#4386=VERTEX_POINT('',#9284);
#4387=VERTEX_POINT('',#9288);
#4388=VERTEX_POINT('',#9292);
#4389=VERTEX_POINT('',#9296);
#4390=VERTEX_POINT('',#9307);
#4391=VERTEX_POINT('',#9311);
#4392=VERTEX_POINT('',#9317);
#4393=VERTEX_POINT('',#9318);
#4394=VERTEX_POINT('',#9320);
#4395=VERTEX_POINT('',#9322);
#4396=VERTEX_POINT('',#9324);
#4397=VERTEX_POINT('',#9326);
#4398=VERTEX_POINT('',#9328);
#4399=VERTEX_POINT('',#9333);
#4400=VERTEX_POINT('',#9335);
#4401=VERTEX_POINT('',#9337);
#4402=VERTEX_POINT('',#9339);
#4403=VERTEX_POINT('',#9341);
#4404=VERTEX_POINT('',#9343);
#4405=VERTEX_POINT('',#9345);
#4406=VERTEX_POINT('',#9347);
#4407=VERTEX_POINT('',#9349);
#4408=VERTEX_POINT('',#9351);
#4409=VERTEX_POINT('',#9353);
#4410=VERTEX_POINT('',#9358);
#4411=VERTEX_POINT('',#9360);
#4412=VERTEX_POINT('',#9362);
#4413=VERTEX_POINT('',#9366);
#4414=VERTEX_POINT('',#9367);
#4415=VERTEX_POINT('',#9378);
#4416=VERTEX_POINT('',#9385);
#4417=VERTEX_POINT('',#9402);
#4418=VERTEX_POINT('',#9409);
#4419=VERTEX_POINT('',#9416);
#4420=VERTEX_POINT('',#9423);
#4421=VERTEX_POINT('',#9430);
#4422=VERTEX_POINT('',#9434);
#4423=VERTEX_POINT('',#9438);
#4424=VERTEX_POINT('',#9445);
#4425=VERTEX_POINT('',#9452);
#4426=VERTEX_POINT('',#9459);
#4427=VERTEX_POINT('',#9466);
#4428=VERTEX_POINT('',#9483);
#4429=VERTEX_POINT('',#9490);
#4430=VERTEX_POINT('',#9494);
#4431=VERTEX_POINT('',#9501);
#4432=VERTEX_POINT('',#9508);
#4433=VERTEX_POINT('',#9512);
#4434=VERTEX_POINT('',#9518);
#4435=VERTEX_POINT('',#9519);
#4436=VERTEX_POINT('',#9521);
#4437=VERTEX_POINT('',#9523);
#4438=VERTEX_POINT('',#9525);
#4439=VERTEX_POINT('',#9527);
#4440=VERTEX_POINT('',#9529);
#4441=VERTEX_POINT('',#9531);
#4442=VERTEX_POINT('',#9535);
#4443=VERTEX_POINT('',#9537);
#4444=VERTEX_POINT('',#9547);
#4445=VERTEX_POINT('',#9554);
#4446=VERTEX_POINT('',#9561);
#4447=VERTEX_POINT('',#9568);
#4448=VERTEX_POINT('',#9575);
#4449=VERTEX_POINT('',#9582);
#4450=VERTEX_POINT('',#9588);
#4451=VERTEX_POINT('',#9589);
#4452=VERTEX_POINT('',#9594);
#4453=VERTEX_POINT('',#9596);
#4454=VERTEX_POINT('',#9603);
#4455=VERTEX_POINT('',#9605);
#4456=VERTEX_POINT('',#9609);
#4457=VERTEX_POINT('',#9611);
#4458=VERTEX_POINT('',#9615);
#4459=VERTEX_POINT('',#9617);
#4460=VERTEX_POINT('',#9621);
#4461=VERTEX_POINT('',#9623);
#4462=VERTEX_POINT('',#9637);
#4463=VERTEX_POINT('',#9642);
#4464=VERTEX_POINT('',#9649);
#4465=VERTEX_POINT('',#9651);
#4466=VERTEX_POINT('',#9658);
#4467=VERTEX_POINT('',#9660);
#4468=VERTEX_POINT('',#9667);
#4469=VERTEX_POINT('',#9669);
#4470=VERTEX_POINT('',#9676);
#4471=VERTEX_POINT('',#9678);
#4472=VERTEX_POINT('',#9682);
#4473=VERTEX_POINT('',#9684);
#4474=VERTEX_POINT('',#9691);
#4475=VERTEX_POINT('',#9693);
#4476=VERTEX_POINT('',#9697);
#4477=VERTEX_POINT('',#9699);
#4478=VERTEX_POINT('',#9707);
#4479=VERTEX_POINT('',#9708);
#4480=VERTEX_POINT('',#9710);
#4481=VERTEX_POINT('',#9712);
#4482=VERTEX_POINT('',#9714);
#4483=VERTEX_POINT('',#9716);
#4484=VERTEX_POINT('',#9718);
#4485=VERTEX_POINT('',#9720);
#4486=VERTEX_POINT('',#9722);
#4487=VERTEX_POINT('',#9724);
#4488=VERTEX_POINT('',#9726);
#4489=VERTEX_POINT('',#9728);
#4490=VERTEX_POINT('',#9732);
#4491=VERTEX_POINT('',#9733);
#4492=VERTEX_POINT('',#9738);
#4493=VERTEX_POINT('',#9742);
#4494=VERTEX_POINT('',#9746);
#4495=VERTEX_POINT('',#9750);
#4496=VERTEX_POINT('',#9754);
#4497=VERTEX_POINT('',#9758);
#4498=VERTEX_POINT('',#9762);
#4499=VERTEX_POINT('',#9766);
#4500=VERTEX_POINT('',#9770);
#4501=VERTEX_POINT('',#9774);
#4502=VERTEX_POINT('',#9780);
#4503=VERTEX_POINT('',#9781);
#4504=VERTEX_POINT('',#9783);
#4505=VERTEX_POINT('',#9785);
#4506=VERTEX_POINT('',#9787);
#4507=VERTEX_POINT('',#9794);
#4508=VERTEX_POINT('',#9796);
#4509=VERTEX_POINT('',#9800);
#4510=VERTEX_POINT('',#9804);
#4511=VERTEX_POINT('',#9808);
#4512=VERTEX_POINT('',#9814);
#4513=VERTEX_POINT('',#9815);
#4514=VERTEX_POINT('',#9817);
#4515=VERTEX_POINT('',#9819);
#4516=VERTEX_POINT('',#9823);
#4517=VERTEX_POINT('',#9825);
#4518=VERTEX_POINT('',#9829);
#4519=VERTEX_POINT('',#9831);
#4520=VERTEX_POINT('',#9835);
#4521=VERTEX_POINT('',#9837);
#4522=VERTEX_POINT('',#9841);
#4523=VERTEX_POINT('',#9843);
#4524=VERTEX_POINT('',#9847);
#4525=VERTEX_POINT('',#9849);
#4526=VERTEX_POINT('',#9853);
#4527=VERTEX_POINT('',#9855);
#4528=VERTEX_POINT('',#9863);
#4529=VERTEX_POINT('',#9864);
#4530=VERTEX_POINT('',#9866);
#4531=VERTEX_POINT('',#9868);
#4532=VERTEX_POINT('',#9870);
#4533=VERTEX_POINT('',#9872);
#4534=VERTEX_POINT('',#9874);
#4535=VERTEX_POINT('',#9881);
#4536=VERTEX_POINT('',#9883);
#4537=VERTEX_POINT('',#9893);
#4538=VERTEX_POINT('',#9900);
#4539=VERTEX_POINT('',#9907);
#4540=VERTEX_POINT('',#9911);
#4541=VERTEX_POINT('',#9915);
#4542=VERTEX_POINT('',#9921);
#4543=VERTEX_POINT('',#9922);
#4544=VERTEX_POINT('',#9924);
#4545=VERTEX_POINT('',#9926);
#4546=VERTEX_POINT('',#9930);
#4547=VERTEX_POINT('',#9932);
#4548=VERTEX_POINT('',#9939);
#4549=VERTEX_POINT('',#9941);
#4550=VERTEX_POINT('',#9948);
#4551=VERTEX_POINT('',#9950);
#4552=VERTEX_POINT('',#9957);
#4553=VERTEX_POINT('',#9959);
#4554=VERTEX_POINT('',#9966);
#4555=VERTEX_POINT('',#9968);
#4556=VERTEX_POINT('',#9979);
#4557=VERTEX_POINT('',#9980);
#4558=VERTEX_POINT('',#9982);
#4559=VERTEX_POINT('',#9984);
#4560=VERTEX_POINT('',#9986);
#4561=VERTEX_POINT('',#9988);
#4562=VERTEX_POINT('',#9990);
#4563=VERTEX_POINT('',#9992);
#4564=VERTEX_POINT('',#9994);
#4565=VERTEX_POINT('',#9996);
#4566=VERTEX_POINT('',#9998);
#4567=VERTEX_POINT('',#10000);
#4568=VERTEX_POINT('',#10004);
#4569=VERTEX_POINT('',#10005);
#4570=VERTEX_POINT('',#10010);
#4571=VERTEX_POINT('',#10014);
#4572=VERTEX_POINT('',#10018);
#4573=VERTEX_POINT('',#10022);
#4574=VERTEX_POINT('',#10026);
#4575=VERTEX_POINT('',#10030);
#4576=VERTEX_POINT('',#10034);
#4577=VERTEX_POINT('',#10038);
#4578=VERTEX_POINT('',#10042);
#4579=VERTEX_POINT('',#10046);
#4580=VERTEX_POINT('',#10052);
#4581=VERTEX_POINT('',#10053);
#4582=VERTEX_POINT('',#10055);
#4583=VERTEX_POINT('',#10057);
#4584=VERTEX_POINT('',#10059);
#4585=VERTEX_POINT('',#10061);
#4586=VERTEX_POINT('',#10063);
#4587=VERTEX_POINT('',#10065);
#4588=VERTEX_POINT('',#10067);
#4589=VERTEX_POINT('',#10069);
#4590=VERTEX_POINT('',#10071);
#4591=VERTEX_POINT('',#10073);
#4592=VERTEX_POINT('',#10075);
#4593=VERTEX_POINT('',#10077);
#4594=VERTEX_POINT('',#10081);
#4595=VERTEX_POINT('',#10082);
#4596=VERTEX_POINT('',#10093);
#4597=VERTEX_POINT('',#10100);
#4598=VERTEX_POINT('',#10107);
#4599=VERTEX_POINT('',#10114);
#4600=VERTEX_POINT('',#10118);
#4601=VERTEX_POINT('',#10122);
#4602=VERTEX_POINT('',#10129);
#4603=VERTEX_POINT('',#10136);
#4604=VERTEX_POINT('',#10143);
#4605=VERTEX_POINT('',#10150);
#4606=VERTEX_POINT('',#10157);
#4607=VERTEX_POINT('',#10161);
#4608=VERTEX_POINT('',#10167);
#4609=VERTEX_POINT('',#10168);
#4610=VERTEX_POINT('',#10170);
#4611=VERTEX_POINT('',#10172);
#4612=VERTEX_POINT('',#10174);
#4613=VERTEX_POINT('',#10176);
#4614=VERTEX_POINT('',#10180);
#4615=VERTEX_POINT('',#10181);
#4616=VERTEX_POINT('',#10186);
#4617=VERTEX_POINT('',#10190);
#4618=VERTEX_POINT('',#10194);
#4619=VERTEX_POINT('',#10198);
#4620=VERTEX_POINT('',#10222);
#4621=VERTEX_POINT('',#10223);
#4622=VERTEX_POINT('',#10225);
#4623=VERTEX_POINT('',#10227);
#4624=VERTEX_POINT('',#10229);
#4625=VERTEX_POINT('',#10233);
#4626=VERTEX_POINT('',#10234);
#4627=VERTEX_POINT('',#10236);
#4628=VERTEX_POINT('',#10238);
#4629=VERTEX_POINT('',#10240);
#4630=VERTEX_POINT('',#10242);
#4631=VERTEX_POINT('',#10246);
#4632=VERTEX_POINT('',#10247);
#4633=VERTEX_POINT('',#10249);
#4634=VERTEX_POINT('',#10251);
#4635=VERTEX_POINT('',#10253);
#4636=VERTEX_POINT('',#10255);
#4637=VERTEX_POINT('',#10259);
#4638=VERTEX_POINT('',#10260);
#4639=VERTEX_POINT('',#10265);
#4640=VERTEX_POINT('',#10269);
#4641=VERTEX_POINT('',#10273);
#4642=VERTEX_POINT('',#10277);
#4643=VERTEX_POINT('',#10283);
#4644=VERTEX_POINT('',#10284);
#4645=VERTEX_POINT('',#10286);
#4646=VERTEX_POINT('',#10306);
#4647=VERTEX_POINT('',#10326);
#4648=VERTEX_POINT('',#10328);
#4649=VERTEX_POINT('',#10330);
#4650=VERTEX_POINT('',#10332);
#4651=VERTEX_POINT('',#10352);
#4652=VERTEX_POINT('',#10372);
#4653=VERTEX_POINT('',#10376);
#4654=VERTEX_POINT('',#10377);
#4655=VERTEX_POINT('',#10440);
#4656=VERTEX_POINT('',#10499);
#4657=VERTEX_POINT('',#10506);
#4658=VERTEX_POINT('',#10510);
#4659=VERTEX_POINT('',#10514);
#4660=VERTEX_POINT('',#10576);
#4661=VERTEX_POINT('',#10635);
#4662=VERTEX_POINT('',#10642);
#4663=VERTEX_POINT('',#10648);
#4664=VERTEX_POINT('',#10649);
#4665=VERTEX_POINT('',#10651);
#4666=VERTEX_POINT('',#10653);
#4667=VERTEX_POINT('',#10655);
#4668=VERTEX_POINT('',#10657);
#4669=VERTEX_POINT('',#10659);
#4670=VERTEX_POINT('',#10661);
#4671=VERTEX_POINT('',#10663);
#4672=VERTEX_POINT('',#10665);
#4673=VERTEX_POINT('',#10667);
#4674=VERTEX_POINT('',#10669);
#4675=VERTEX_POINT('',#10673);
#4676=VERTEX_POINT('',#10674);
#4677=VERTEX_POINT('',#10679);
#4678=VERTEX_POINT('',#10683);
#4679=VERTEX_POINT('',#10687);
#4680=VERTEX_POINT('',#10691);
#4681=VERTEX_POINT('',#10695);
#4682=VERTEX_POINT('',#10699);
#4683=VERTEX_POINT('',#10703);
#4684=VERTEX_POINT('',#10707);
#4685=VERTEX_POINT('',#10711);
#4686=VERTEX_POINT('',#10715);
#4687=VERTEX_POINT('',#10721);
#4688=VERTEX_POINT('',#10723);
#4689=VERTEX_POINT('',#10727);
#4690=VERTEX_POINT('',#10734);
#4691=VERTEX_POINT('',#10802);
#4692=VERTEX_POINT('',#10808);
#4693=VERTEX_POINT('',#10809);
#4694=VERTEX_POINT('',#10811);
#4695=VERTEX_POINT('',#10831);
#4696=VERTEX_POINT('',#10833);
#4697=VERTEX_POINT('',#10837);
#4698=VERTEX_POINT('',#10838);
#4699=VERTEX_POINT('',#10904);
#4700=VERTEX_POINT('',#10908);
#4701=VERTEX_POINT('',#10912);
#4702=VERTEX_POINT('',#10918);
#4703=VERTEX_POINT('',#10920);
#4704=VERTEX_POINT('',#10924);
#4705=VERTEX_POINT('',#10928);
#4706=VERTEX_POINT('',#10932);
#4707=VERTEX_POINT('',#10939);
#4708=VERTEX_POINT('',#10945);
#4709=VERTEX_POINT('',#10946);
#4710=VERTEX_POINT('',#10948);
#4711=VERTEX_POINT('',#10950);
#4712=VERTEX_POINT('',#10952);
#4713=VERTEX_POINT('',#10954);
#4714=VERTEX_POINT('',#10956);
#4715=VERTEX_POINT('',#10958);
#4716=VERTEX_POINT('',#10962);
#4717=VERTEX_POINT('',#10963);
#4718=VERTEX_POINT('',#10968);
#4719=VERTEX_POINT('',#10972);
#4720=VERTEX_POINT('',#10976);
#4721=VERTEX_POINT('',#10980);
#4722=VERTEX_POINT('',#10984);
#4723=VERTEX_POINT('',#10988);
#4724=VERTEX_POINT('',#10994);
#4725=VERTEX_POINT('',#10995);
#4726=VERTEX_POINT('',#10997);
#4727=VERTEX_POINT('',#10999);
#4728=VERTEX_POINT('',#11003);
#4729=VERTEX_POINT('',#11004);
#4730=VERTEX_POINT('',#11006);
#4731=VERTEX_POINT('',#11009);
#4732=VERTEX_POINT('',#11013);
#4733=VERTEX_POINT('',#11017);
#4734=VERTEX_POINT('',#11019);
#4735=VERTEX_POINT('',#11021);
#4736=VERTEX_POINT('',#11029);
#4737=VERTEX_POINT('',#11030);
#4738=VERTEX_POINT('',#11032);
#4739=VERTEX_POINT('',#11034);
#4740=VERTEX_POINT('',#11038);
#4741=VERTEX_POINT('',#11039);
#4742=VERTEX_POINT('',#11041);
#4743=VERTEX_POINT('',#11044);
#4744=VERTEX_POINT('',#11048);
#4745=VERTEX_POINT('',#11052);
#4746=VERTEX_POINT('',#11054);
#4747=VERTEX_POINT('',#11056);
#4748=VERTEX_POINT('',#11064);
#4749=VERTEX_POINT('',#11065);
#4750=VERTEX_POINT('',#11067);
#4751=VERTEX_POINT('',#11069);
#4752=VERTEX_POINT('',#11073);
#4753=VERTEX_POINT('',#11074);
#4754=VERTEX_POINT('',#11076);
#4755=VERTEX_POINT('',#11079);
#4756=VERTEX_POINT('',#11083);
#4757=VERTEX_POINT('',#11087);
#4758=VERTEX_POINT('',#11089);
#4759=VERTEX_POINT('',#11091);
#4760=VERTEX_POINT('',#11099);
#4761=VERTEX_POINT('',#11100);
#4762=VERTEX_POINT('',#11102);
#4763=VERTEX_POINT('',#11104);
#4764=VERTEX_POINT('',#11108);
#4765=VERTEX_POINT('',#11109);
#4766=VERTEX_POINT('',#11111);
#4767=VERTEX_POINT('',#11114);
#4768=VERTEX_POINT('',#11118);
#4769=VERTEX_POINT('',#11122);
#4770=VERTEX_POINT('',#11124);
#4771=VERTEX_POINT('',#11126);
#4772=VERTEX_POINT('',#11134);
#4773=VERTEX_POINT('',#11135);
#4774=VERTEX_POINT('',#11137);
#4775=VERTEX_POINT('',#11139);
#4776=VERTEX_POINT('',#11143);
#4777=VERTEX_POINT('',#11144);
#4778=VERTEX_POINT('',#11149);
#4779=VERTEX_POINT('',#11151);
#4780=VERTEX_POINT('',#11155);
#4781=VERTEX_POINT('',#11157);
#4782=VERTEX_POINT('',#11161);
#4783=VERTEX_POINT('',#11163);
#4784=VERTEX_POINT('',#11169);
#4785=VERTEX_POINT('',#11170);
#4786=VERTEX_POINT('',#11172);
#4787=VERTEX_POINT('',#11174);
#4788=VERTEX_POINT('',#11178);
#4789=VERTEX_POINT('',#11179);
#4790=VERTEX_POINT('',#11184);
#4791=VERTEX_POINT('',#11186);
#4792=VERTEX_POINT('',#11190);
#4793=VERTEX_POINT('',#11192);
#4794=VERTEX_POINT('',#11196);
#4795=VERTEX_POINT('',#11198);
#4796=VERTEX_POINT('',#11204);
#4797=VERTEX_POINT('',#11205);
#4798=VERTEX_POINT('',#11207);
#4799=VERTEX_POINT('',#11209);
#4800=VERTEX_POINT('',#11213);
#4801=VERTEX_POINT('',#11214);
#4802=VERTEX_POINT('',#11219);
#4803=VERTEX_POINT('',#11221);
#4804=VERTEX_POINT('',#11225);
#4805=VERTEX_POINT('',#11227);
#4806=VERTEX_POINT('',#11231);
#4807=VERTEX_POINT('',#11233);
#4808=VERTEX_POINT('',#11239);
#4809=VERTEX_POINT('',#11240);
#4810=VERTEX_POINT('',#11242);
#4811=VERTEX_POINT('',#11244);
#4812=VERTEX_POINT('',#11248);
#4813=VERTEX_POINT('',#11249);
#4814=VERTEX_POINT('',#11254);
#4815=VERTEX_POINT('',#11256);
#4816=VERTEX_POINT('',#11260);
#4817=VERTEX_POINT('',#11262);
#4818=VERTEX_POINT('',#11266);
#4819=VERTEX_POINT('',#11268);
#4820=VERTEX_POINT('',#11274);
#4821=VERTEX_POINT('',#11277);
#4822=VERTEX_POINT('',#11278);
#4823=VERTEX_POINT('',#11280);
#4824=VERTEX_POINT('',#11282);
#4825=VERTEX_POINT('',#11286);
#4826=VERTEX_POINT('',#11287);
#4827=VERTEX_POINT('',#11289);
#4828=VERTEX_POINT('',#11291);
#4829=VERTEX_POINT('',#11310);
#4830=CIRCLE('',#6456,2.24757059390156E-5);
#4831=CIRCLE('',#6457,2.26345774518842E-5);
#4832=CIRCLE('',#6459,2.24757059390156E-5);
#4833=CIRCLE('',#6461,2.26345774518842E-5);
#4834=CIRCLE('',#6463,8.06218727564875E-5);
#4835=CIRCLE('',#6464,8.06218727564875E-5);
#4836=CIRCLE('',#6466,7.97179435938501E-5);
#4837=CIRCLE('',#6467,7.97179435938501E-5);
#4838=CIRCLE('',#6470,1.8363776271987E-5);
#4839=CIRCLE('',#6471,1.8363776271987E-5);
#4840=CIRCLE('',#6473,1.80331779418167E-5);
#4841=CIRCLE('',#6474,1.80331779418167E-5);
#4842=CIRCLE('',#6476,1.11111619086149E-5);
#4843=CIRCLE('',#6477,1.11111619086149E-5);
#4844=CIRCLE('',#6480,4.51363226894204E-5);
#4845=CIRCLE('',#6481,4.51363226894204E-5);
#4846=CIRCLE('',#6483,4.51527351304195E-5);
#4847=CIRCLE('',#6484,4.51527351304195E-5);
#4848=CIRCLE('',#6487,8.16629742873515E-5);
#4849=CIRCLE('',#6488,8.16629742873515E-5);
#4850=CIRCLE('',#6490,8.16454765749498E-5);
#4851=CIRCLE('',#6491,8.16454765749498E-5);
#4852=CIRCLE('',#6493,5.99410255749884E-5);
#4853=CIRCLE('',#6494,5.99410255749884E-5);
#4854=CIRCLE('',#6496,5.80132564065445E-5);
#4855=CIRCLE('',#6497,5.80132564065445E-5);
#4856=CIRCLE('',#6499,5.99604696609762E-5);
#4857=CIRCLE('',#6500,5.99604696609762E-5);
#4858=CIRCLE('',#6502,5.78008633071775E-5);
#4859=CIRCLE('',#6503,5.78008633071775E-5);
#4860=CIRCLE('',#6505,5.62501221631342E-5);
#4861=CIRCLE('',#6506,5.62501221631342E-5);
#4862=CIRCLE('',#6512,5.80132564085873E-5);
#4863=CIRCLE('',#6513,5.80132564085873E-5);
#4864=CIRCLE('',#6515,5.69541468003922E-5);
#4865=CIRCLE('',#6516,5.69541468003922E-5);
#4866=CIRCLE('',#6518,9.30051175807697E-5);
#4867=CIRCLE('',#6519,9.30051175807697E-5);
#4868=CIRCLE('',#6521,9.41797072859591E-5);
#4869=CIRCLE('',#6522,9.41797072859591E-5);
#4870=CIRCLE('',#6524,9.28376425109869E-5);
#4871=CIRCLE('',#6525,9.28376425109869E-5);
#4872=CIRCLE('',#6527,9.29478798564022E-5);
#4873=CIRCLE('',#6528,9.29478798564022E-5);
#4874=CIRCLE('',#6531,0.000104196349278152);
#4875=CIRCLE('',#6532,0.000104196349278152);
#4876=CIRCLE('',#6534,0.000116525175852759);
#4877=CIRCLE('',#6535,0.000116525175852759);
#4878=CIRCLE('',#6537,0.00012302132558004);
#4879=CIRCLE('',#6538,0.00012302132558004);
#4880=CIRCLE('',#6540,0.000112887108664723);
#4881=CIRCLE('',#6541,0.000112887108664723);
#4882=CIRCLE('',#6543,8.09275122139623E-5);
#4883=CIRCLE('',#6544,8.09275122139623E-5);
#4884=CIRCLE('',#6547,2.57236500484134E-5);
#4885=CIRCLE('',#6548,4.28579014802768E-5);
#4886=CIRCLE('',#6551,4.28579014802768E-5);
#4887=CIRCLE('',#6553,2.57236500484134E-5);
#4888=CIRCLE('',#6566,3.06607976141196E-5);
#4889=CIRCLE('',#6567,3.77315714787347E-5);
#4890=CIRCLE('',#6568,2.73424621704637E-5);
#4891=CIRCLE('',#6569,3.28776987366008E-5);
#4892=CIRCLE('',#6571,3.06607976141196E-5);
#4893=CIRCLE('',#6573,3.28776987366008E-5);
#4894=CIRCLE('',#6575,2.73424621704637E-5);
#4895=CIRCLE('',#6577,3.77315714787347E-5);
#4896=CIRCLE('',#6584,4.14929977693299E-5);
#4897=CIRCLE('',#6585,4.14929977693299E-5);
#4898=CIRCLE('',#6587,3.83056237065357E-5);
#4899=CIRCLE('',#6588,3.83056237065357E-5);
#4900=CIRCLE('',#6590,3.65457832806004E-5);
#4901=CIRCLE('',#6591,3.65457832806004E-5);
#4902=CIRCLE('',#6593,4.79519723066543E-5);
#4903=CIRCLE('',#6594,4.79519723066543E-5);
#4904=CIRCLE('',#6611,4.99586566719999E-5);
#4905=CIRCLE('',#6612,1.28227463693189E-5);
#4906=CIRCLE('',#6613,1.4690181698279E-5);
#4907=CIRCLE('',#6614,2.0259872958157E-5);
#4908=CIRCLE('',#6615,2.40147977950319E-5);
#4909=CIRCLE('',#6618,2.40147977950319E-5);
#4910=CIRCLE('',#6620,2.0259872958157E-5);
#4911=CIRCLE('',#6623,1.4690181698279E-5);
#4912=CIRCLE('',#6625,1.28227463693189E-5);
#4913=CIRCLE('',#6632,4.99586566719999E-5);
#4914=CIRCLE('',#6636,2.69315631071943E-5);
#4915=CIRCLE('',#6637,3.19313706988605E-5);
#4916=CIRCLE('',#6638,3.29052287061193E-5);
#4917=CIRCLE('',#6639,1.42759460742193E-5);
#4918=CIRCLE('',#6640,1.4757323819156E-5);
#4919=CIRCLE('',#6641,6.0592366931423E-5);
#4920=CIRCLE('',#6642,6.12802133137838E-6);
#4921=CIRCLE('',#6643,6.2753592111486E-6);
#4922=CIRCLE('',#6644,1.16576834470048E-5);
#4923=CIRCLE('',#6645,2.73996123537486E-5);
#4924=CIRCLE('',#6646,3.38210126304435E-5);
#4925=CIRCLE('',#6647,2.97783671877424E-5);
#4926=CIRCLE('',#6648,1.47225759750551E-5);
#4927=CIRCLE('',#6649,1.56936182865391E-5);
#4928=CIRCLE('',#6650,6.3053499487257E-5);
#4929=CIRCLE('',#6651,6.87320932426001E-6);
#4930=CIRCLE('',#6652,9.4712381772914E-6);
#4931=CIRCLE('',#6654,9.4712381772914E-6);
#4932=CIRCLE('',#6656,6.87320932426001E-6);
#4933=CIRCLE('',#6658,6.3053499487257E-5);
#4934=CIRCLE('',#6660,1.56936182865391E-5);
#4935=CIRCLE('',#6662,1.47225759750551E-5);
#4936=CIRCLE('',#6664,2.97783671877424E-5);
#4937=CIRCLE('',#6666,3.38210126304435E-5);
#4938=CIRCLE('',#6669,2.73996123537486E-5);
#4939=CIRCLE('',#6671,1.16576834470048E-5);
#4940=CIRCLE('',#6673,6.2753592111486E-6);
#4941=CIRCLE('',#6675,6.12802133137838E-6);
#4942=CIRCLE('',#6677,6.0592366931423E-5);
#4943=CIRCLE('',#6679,1.4757323819156E-5);
#4944=CIRCLE('',#6681,1.42759460742193E-5);
#4945=CIRCLE('',#6683,3.29052287061193E-5);
#4946=CIRCLE('',#6685,3.19313706988605E-5);
#4947=CIRCLE('',#6688,2.69315631071943E-5);
#4948=CIRCLE('',#6690,2.56090439991004E-5);
#4949=CIRCLE('',#6691,8.60321518933965E-6);
#4950=CIRCLE('',#6692,8.79241926136692E-6);
#4951=CIRCLE('',#6693,9.95878728491053E-6);
#4952=CIRCLE('',#6694,1.46003207408093E-5);
#4953=CIRCLE('',#6695,1.55437837376022E-5);
#4954=CIRCLE('',#6699,1.55437837376022E-5);
#4955=CIRCLE('',#6701,1.46003207408093E-5);
#4956=CIRCLE('',#6703,9.95878728491053E-6);
#4957=CIRCLE('',#6705,8.79241926136692E-6);
#4958=CIRCLE('',#6707,8.60321518933965E-6);
#4959=CIRCLE('',#6709,2.56090439991004E-5);
#4960=CIRCLE('',#6711,1.88830828552415E-5);
#4961=CIRCLE('',#6712,1.88830828552415E-5);
#4962=CIRCLE('',#6718,1.68864991740328E-5);
#4963=CIRCLE('',#6719,1.68864991740328E-5);
#4964=CIRCLE('',#6721,1.70955417750892E-5);
#4965=CIRCLE('',#6722,1.70955417750892E-5);
#4966=CIRCLE('',#6724,1.88287066607412E-5);
#4967=CIRCLE('',#6725,1.9402612703189E-5);
#4968=CIRCLE('',#6728,1.14910581287678E-5);
#4969=CIRCLE('',#6729,1.14910581287678E-5);
#4970=CIRCLE('',#6731,3.05534705161722E-5);
#4971=CIRCLE('',#6732,3.05534705161722E-5);
#4972=CIRCLE('',#6735,3.89827560561724E-5);
#4973=CIRCLE('',#6736,3.89827560561724E-5);
#4974=CIRCLE('',#6752,2.57236500344469E-5);
#4975=CIRCLE('',#6753,4.28579014640747E-5);
#4976=CIRCLE('',#6756,4.28579014640747E-5);
#4977=CIRCLE('',#6758,2.57236500344469E-5);
#4978=CIRCLE('',#6771,3.06607976141184E-5);
#4979=CIRCLE('',#6772,3.7731571478735E-5);
#4980=CIRCLE('',#6773,2.73424621741942E-5);
#4981=CIRCLE('',#6774,3.28776987352659E-5);
#4982=CIRCLE('',#6776,3.06607976141184E-5);
#4983=CIRCLE('',#6778,3.28776987352659E-5);
#4984=CIRCLE('',#6780,2.73424621741942E-5);
#4985=CIRCLE('',#6782,3.7731571478735E-5);
#4986=CIRCLE('',#6789,4.14929977693305E-5);
#4987=CIRCLE('',#6790,4.14929977693305E-5);
#4988=CIRCLE('',#6792,3.83056237044313E-5);
#4989=CIRCLE('',#6793,3.83056237044313E-5);
#4990=CIRCLE('',#6795,3.65457832858056E-5);
#4991=CIRCLE('',#6796,3.65457832858056E-5);
#4992=CIRCLE('',#6798,4.79519723090571E-5);
#4993=CIRCLE('',#6799,4.79519723090571E-5);
#4994=CIRCLE('',#6816,5.55011086176892E-5);
#4995=CIRCLE('',#6817,3.67002701637369E-5);
#4996=CIRCLE('',#6818,2.85500804921986E-5);
#4997=CIRCLE('',#6819,2.88393258878527E-5);
#4998=CIRCLE('',#6820,3.81889755107937E-5);
#4999=CIRCLE('',#6821,2.74471334730551E-5);
#5000=CIRCLE('',#6822,3.97719588397669E-5);
#5001=CIRCLE('',#6823,4.09484386461004E-5);
#5002=CIRCLE('',#6824,4.15228264410146E-5);
#5003=CIRCLE('',#6825,3.91663274894605E-5);
#5004=CIRCLE('',#6826,4.5306667096391E-5);
#5005=CIRCLE('',#6827,3.35059812150961E-5);
#5006=CIRCLE('',#6829,3.35059812150961E-5);
#5007=CIRCLE('',#6831,4.5306667096391E-5);
#5008=CIRCLE('',#6833,3.91663274894605E-5);
#5009=CIRCLE('',#6835,4.15228264410146E-5);
#5010=CIRCLE('',#6837,4.09484386461004E-5);
#5011=CIRCLE('',#6840,3.97719588397669E-5);
#5012=CIRCLE('',#6842,2.74471334730551E-5);
#5013=CIRCLE('',#6844,3.81889755107937E-5);
#5014=CIRCLE('',#6846,2.88393258878527E-5);
#5015=CIRCLE('',#6848,2.85500804921986E-5);
#5016=CIRCLE('',#6850,3.67002701637369E-5);
#5017=CIRCLE('',#6853,5.55011086176892E-5);
#5018=CIRCLE('',#6862,7.18285518226545E-5);
#5019=CIRCLE('',#6864,6.07240525212471E-5);
#5020=CIRCLE('',#6873,0.000109926895535812);
#5021=CIRCLE('',#6874,8.90111387136502E-5);
#5022=CIRCLE('',#6875,0.000148210083650106);
#5023=CIRCLE('',#6876,9.85040513394865E-5);
#5024=CIRCLE('',#6878,0.000109926895535812);
#5025=CIRCLE('',#6880,8.90111387136502E-5);
#5026=CIRCLE('',#6883,0.000148210083650106);
#5027=CIRCLE('',#6885,9.83926163139146E-5);
#5028=CIRCLE('',#6886,8.59686359182725E-5);
#5029=CIRCLE('',#6904,7.18285518226545E-5);
#5030=CIRCLE('',#6907,9.84648348505114E-5);
#5031=CIRCLE('',#6909,9.84648348505114E-5);
#5032=CIRCLE('',#6915,6.07240525212471E-5);
#5033=CIRCLE('',#6978,0.000124999372466);
#5034=CIRCLE('',#6985,0.000124999372466);
#5035=EDGE_LOOP('',(#1445,#1446));
#5036=EDGE_LOOP('',(#1447,#1448,#1449,#1450));
#5037=EDGE_LOOP('',(#1451,#1452,#1453,#1454));
#5038=EDGE_LOOP('',(#1455,#1456,#1457,#1458));
#5039=EDGE_LOOP('',(#1459,#1460,#1461,#1462));
#5040=EDGE_LOOP('',(#1463,#1464,#1465,#1466));
#5041=EDGE_LOOP('',(#1467,#1468,#1469,#1470));
#5042=EDGE_LOOP('',(#1471,#1472,#1473,#1474));
#5043=EDGE_LOOP('',(#1475,#1476,#1477,#1478));
#5044=EDGE_LOOP('',(#1479,#1480,#1481,#1482));
#5045=EDGE_LOOP('',(#1483,#1484,#1485,#1486));
#5046=EDGE_LOOP('',(#1487,#1488,#1489,#1490));
#5047=EDGE_LOOP('',(#1491,#1492,#1493,#1494));
#5048=EDGE_LOOP('',(#1495,#1496,#1497,#1498));
#5049=EDGE_LOOP('',(#1499,#1500,#1501,#1502));
#5050=EDGE_LOOP('',(#1503,#1504,#1505,#1506));
#5051=EDGE_LOOP('',(#1507,#1508,#1509,#1510));
#5052=EDGE_LOOP('',(#1511,#1512,#1513,#1514));
#5053=EDGE_LOOP('',(#1515,#1516,#1517,#1518));
#5054=EDGE_LOOP('',(#1519,#1520,#1521,#1522));
#5055=EDGE_LOOP('',(#1523,#1524,#1525,#1526));
#5056=EDGE_LOOP('',(#1527,#1528,#1529,#1530));
#5057=EDGE_LOOP('',(#1531,#1532,#1533,#1534));
#5058=EDGE_LOOP('',(#1535,#1536,#1537,#1538));
#5059=EDGE_LOOP('',(#1539,#1540,#1541,#1542));
#5060=EDGE_LOOP('',(#1543,#1544,#1545,#1546));
#5061=EDGE_LOOP('',(#1547,#1548,#1549,#1550));
#5062=EDGE_LOOP('',(#1551,#1552,#1553,#1554));
#5063=EDGE_LOOP('',(#1555,#1556,#1557,#1558));
#5064=EDGE_LOOP('',(#1559,#1560,#1561,#1562));
#5065=EDGE_LOOP('',(#1563,#1564,#1565,#1566));
#5066=EDGE_LOOP('',(#1567,#1568,#1569,#1570));
#5067=EDGE_LOOP('',(#1571,#1572,#1573,#1574));
#5068=EDGE_LOOP('',(#1575,#1576,#1577,#1578));
#5069=EDGE_LOOP('',(#1579,#1580,#1581,#1582));
#5070=EDGE_LOOP('',(#1583,#1584,#1585,#1586));
#5071=EDGE_LOOP('',(#1587,#1588));
#5072=EDGE_LOOP('',(#1589,#1590,#1591,#1592,#1593,#1594,#1595,#1596,#1597,
#1598,#1599,#1600,#1601,#1602,#1603,#1604,#1605,#1606,#1607,#1608,#1609,
#1610,#1611,#1612,#1613,#1614,#1615,#1616,#1617,#1618,#1619,#1620,#1621));
#5073=EDGE_LOOP('',(#1622,#1623,#1624,#1625,#1626));
#5074=EDGE_LOOP('',(#1627,#1628,#1629,#1630));
#5075=EDGE_LOOP('',(#1631,#1632,#1633,#1634));
#5076=EDGE_LOOP('',(#1635,#1636,#1637,#1638));
#5077=EDGE_LOOP('',(#1639,#1640,#1641,#1642));
#5078=EDGE_LOOP('',(#1643,#1644,#1645,#1646));
#5079=EDGE_LOOP('',(#1647,#1648,#1649,#1650));
#5080=EDGE_LOOP('',(#1651,#1652,#1653,#1654));
#5081=EDGE_LOOP('',(#1655,#1656,#1657,#1658));
#5082=EDGE_LOOP('',(#1659,#1660,#1661,#1662));
#5083=EDGE_LOOP('',(#1663,#1664,#1665,#1666));
#5084=EDGE_LOOP('',(#1667,#1668,#1669,#1670));
#5085=EDGE_LOOP('',(#1671,#1672,#1673,#1674));
#5086=EDGE_LOOP('',(#1675,#1676,#1677,#1678));
#5087=EDGE_LOOP('',(#1679,#1680,#1681,#1682,#1683));
#5088=EDGE_LOOP('',(#1684,#1685,#1686,#1687,#1688,#1689,#1690,#1691));
#5089=EDGE_LOOP('',(#1692,#1693,#1694,#1695,#1696,#1697,#1698));
#5090=EDGE_LOOP('',(#1699,#1700,#1701,#1702));
#5091=EDGE_LOOP('',(#1703,#1704,#1705,#1706));
#5092=EDGE_LOOP('',(#1707,#1708,#1709,#1710));
#5093=EDGE_LOOP('',(#1711,#1712,#1713,#1714));
#5094=EDGE_LOOP('',(#1715,#1716,#1717,#1718));
#5095=EDGE_LOOP('',(#1719,#1720,#1721,#1722));
#5096=EDGE_LOOP('',(#1723,#1724,#1725,#1726));
#5097=EDGE_LOOP('',(#1727,#1728,#1729,#1730));
#5098=EDGE_LOOP('',(#1731,#1732,#1733,#1734));
#5099=EDGE_LOOP('',(#1735,#1736,#1737,#1738));
#5100=EDGE_LOOP('',(#1739,#1740,#1741,#1742));
#5101=EDGE_LOOP('',(#1743,#1744,#1745,#1746));
#5102=EDGE_LOOP('',(#1747,#1748,#1749,#1750));
#5103=EDGE_LOOP('',(#1751,#1752,#1753,#1754));
#5104=EDGE_LOOP('',(#1755,#1756,#1757,#1758,#1759,#1760,#1761));
#5105=EDGE_LOOP('',(#1762,#1763,#1764,#1765,#1766,#1767,#1768));
#5106=EDGE_LOOP('',(#1769,#1770,#1771,#1772,#1773,#1774,#1775,#1776,#1777,
#1778,#1779,#1780));
#5107=EDGE_LOOP('',(#1781,#1782,#1783,#1784));
#5108=EDGE_LOOP('',(#1785,#1786,#1787,#1788));
#5109=EDGE_LOOP('',(#1789,#1790,#1791,#1792));
#5110=EDGE_LOOP('',(#1793,#1794,#1795,#1796));
#5111=EDGE_LOOP('',(#1797,#1798,#1799,#1800));
#5112=EDGE_LOOP('',(#1801,#1802,#1803,#1804));
#5113=EDGE_LOOP('',(#1805,#1806,#1807,#1808));
#5114=EDGE_LOOP('',(#1809,#1810,#1811,#1812));
#5115=EDGE_LOOP('',(#1813,#1814,#1815,#1816));
#5116=EDGE_LOOP('',(#1817,#1818,#1819,#1820));
#5117=EDGE_LOOP('',(#1821,#1822,#1823,#1824));
#5118=EDGE_LOOP('',(#1825,#1826,#1827,#1828));
#5119=EDGE_LOOP('',(#1829,#1830,#1831,#1832,#1833,#1834,#1835,#1836,#1837,
#1838,#1839,#1840,#1841,#1842,#1843));
#5120=EDGE_LOOP('',(#1844,#1845,#1846,#1847));
#5121=EDGE_LOOP('',(#1848,#1849,#1850,#1851));
#5122=EDGE_LOOP('',(#1852,#1853,#1854,#1855));
#5123=EDGE_LOOP('',(#1856,#1857,#1858,#1859));
#5124=EDGE_LOOP('',(#1860,#1861,#1862,#1863));
#5125=EDGE_LOOP('',(#1864,#1865,#1866,#1867));
#5126=EDGE_LOOP('',(#1868,#1869,#1870,#1871));
#5127=EDGE_LOOP('',(#1872,#1873,#1874,#1875));
#5128=EDGE_LOOP('',(#1876,#1877,#1878,#1879));
#5129=EDGE_LOOP('',(#1880,#1881,#1882,#1883));
#5130=EDGE_LOOP('',(#1884,#1885,#1886,#1887));
#5131=EDGE_LOOP('',(#1888,#1889,#1890,#1891));
#5132=EDGE_LOOP('',(#1892,#1893,#1894,#1895));
#5133=EDGE_LOOP('',(#1896,#1897,#1898,#1899));
#5134=EDGE_LOOP('',(#1900,#1901,#1902,#1903));
#5135=EDGE_LOOP('',(#1904,#1905,#1906,#1907,#1908,#1909,#1910,#1911,#1912,
#1913,#1914,#1915,#1916,#1917,#1918,#1919,#1920,#1921,#1922,#1923,#1924));
#5136=EDGE_LOOP('',(#1925,#1926,#1927,#1928));
#5137=EDGE_LOOP('',(#1929,#1930,#1931,#1932));
#5138=EDGE_LOOP('',(#1933,#1934,#1935,#1936));
#5139=EDGE_LOOP('',(#1937,#1938,#1939,#1940));
#5140=EDGE_LOOP('',(#1941,#1942,#1943,#1944));
#5141=EDGE_LOOP('',(#1945,#1946,#1947,#1948));
#5142=EDGE_LOOP('',(#1949,#1950,#1951,#1952));
#5143=EDGE_LOOP('',(#1953,#1954,#1955,#1956));
#5144=EDGE_LOOP('',(#1957,#1958,#1959,#1960));
#5145=EDGE_LOOP('',(#1961,#1962,#1963,#1964));
#5146=EDGE_LOOP('',(#1965,#1966,#1967,#1968));
#5147=EDGE_LOOP('',(#1969,#1970,#1971,#1972));
#5148=EDGE_LOOP('',(#1973,#1974,#1975,#1976));
#5149=EDGE_LOOP('',(#1977,#1978,#1979,#1980));
#5150=EDGE_LOOP('',(#1981,#1982,#1983,#1984));
#5151=EDGE_LOOP('',(#1985,#1986,#1987,#1988));
#5152=EDGE_LOOP('',(#1989,#1990,#1991,#1992));
#5153=EDGE_LOOP('',(#1993,#1994,#1995,#1996));
#5154=EDGE_LOOP('',(#1997,#1998,#1999,#2000));
#5155=EDGE_LOOP('',(#2001,#2002,#2003,#2004));
#5156=EDGE_LOOP('',(#2005,#2006,#2007,#2008));
#5157=EDGE_LOOP('',(#2009,#2010,#2011,#2012,#2013,#2014,#2015,#2016));
#5158=EDGE_LOOP('',(#2017,#2018,#2019,#2020));
#5159=EDGE_LOOP('',(#2021,#2022,#2023,#2024));
#5160=EDGE_LOOP('',(#2025,#2026,#2027,#2028));
#5161=EDGE_LOOP('',(#2029,#2030,#2031,#2032));
#5162=EDGE_LOOP('',(#2033,#2034,#2035,#2036));
#5163=EDGE_LOOP('',(#2037,#2038,#2039,#2040));
#5164=EDGE_LOOP('',(#2041,#2042,#2043,#2044));
#5165=EDGE_LOOP('',(#2045,#2046,#2047,#2048));
#5166=EDGE_LOOP('',(#2049,#2050,#2051,#2052));
#5167=EDGE_LOOP('',(#2053,#2054,#2055,#2056));
#5168=EDGE_LOOP('',(#2057,#2058,#2059,#2060));
#5169=EDGE_LOOP('',(#2061,#2062,#2063,#2064));
#5170=EDGE_LOOP('',(#2065,#2066,#2067,#2068));
#5171=EDGE_LOOP('',(#2069,#2070,#2071,#2072));
#5172=EDGE_LOOP('',(#2073,#2074,#2075,#2076));
#5173=EDGE_LOOP('',(#2077,#2078,#2079,#2080));
#5174=EDGE_LOOP('',(#2081,#2082,#2083,#2084));
#5175=EDGE_LOOP('',(#2085,#2086,#2087,#2088));
#5176=EDGE_LOOP('',(#2089,#2090,#2091,#2092));
#5177=EDGE_LOOP('',(#2093,#2094,#2095,#2096));
#5178=EDGE_LOOP('',(#2097,#2098,#2099,#2100));
#5179=EDGE_LOOP('',(#2101,#2102,#2103,#2104));
#5180=EDGE_LOOP('',(#2105,#2106,#2107,#2108,#2109,#2110,#2111,#2112));
#5181=EDGE_LOOP('',(#2113,#2114,#2115,#2116,#2117,#2118,#2119,#2120,#2121,
#2122,#2123,#2124,#2125,#2126));
#5182=EDGE_LOOP('',(#2127,#2128,#2129,#2130,#2131,#2132,#2133,#2134,#2135,
#2136,#2137,#2138));
#5183=EDGE_LOOP('',(#2139,#2140,#2141,#2142));
#5184=EDGE_LOOP('',(#2143,#2144,#2145,#2146));
#5185=EDGE_LOOP('',(#2147,#2148,#2149,#2150));
#5186=EDGE_LOOP('',(#2151,#2152,#2153,#2154));
#5187=EDGE_LOOP('',(#2155,#2156,#2157,#2158));
#5188=EDGE_LOOP('',(#2159,#2160,#2161,#2162));
#5189=EDGE_LOOP('',(#2163,#2164,#2165,#2166));
#5190=EDGE_LOOP('',(#2167,#2168,#2169,#2170));
#5191=EDGE_LOOP('',(#2171,#2172,#2173,#2174));
#5192=EDGE_LOOP('',(#2175,#2176,#2177,#2178));
#5193=EDGE_LOOP('',(#2179,#2180,#2181,#2182));
#5194=EDGE_LOOP('',(#2183,#2184,#2185,#2186));
#5195=EDGE_LOOP('',(#2187,#2188,#2189,#2190,#2191));
#5196=EDGE_LOOP('',(#2192,#2193,#2194,#2195));
#5197=EDGE_LOOP('',(#2196,#2197,#2198,#2199));
#5198=EDGE_LOOP('',(#2200,#2201,#2202,#2203));
#5199=EDGE_LOOP('',(#2204,#2205,#2206,#2207));
#5200=EDGE_LOOP('',(#2208,#2209,#2210,#2211));
#5201=EDGE_LOOP('',(#2212,#2213,#2214,#2215));
#5202=EDGE_LOOP('',(#2216,#2217,#2218,#2219));
#5203=EDGE_LOOP('',(#2220,#2221,#2222,#2223));
#5204=EDGE_LOOP('',(#2224,#2225,#2226,#2227));
#5205=EDGE_LOOP('',(#2228,#2229,#2230,#2231));
#5206=EDGE_LOOP('',(#2232,#2233,#2234,#2235));
#5207=EDGE_LOOP('',(#2236,#2237,#2238,#2239));
#5208=EDGE_LOOP('',(#2240,#2241,#2242,#2243));
#5209=EDGE_LOOP('',(#2244,#2245,#2246,#2247,#2248));
#5210=EDGE_LOOP('',(#2249,#2250,#2251,#2252,#2253,#2254,#2255,#2256));
#5211=EDGE_LOOP('',(#2257,#2258,#2259,#2260,#2261,#2262,#2263));
#5212=EDGE_LOOP('',(#2264,#2265,#2266,#2267));
#5213=EDGE_LOOP('',(#2268,#2269,#2270,#2271));
#5214=EDGE_LOOP('',(#2272,#2273,#2274,#2275));
#5215=EDGE_LOOP('',(#2276,#2277,#2278,#2279));
#5216=EDGE_LOOP('',(#2280,#2281,#2282,#2283));
#5217=EDGE_LOOP('',(#2284,#2285,#2286,#2287));
#5218=EDGE_LOOP('',(#2288,#2289,#2290,#2291));
#5219=EDGE_LOOP('',(#2292,#2293,#2294,#2295));
#5220=EDGE_LOOP('',(#2296,#2297,#2298,#2299));
#5221=EDGE_LOOP('',(#2300,#2301,#2302,#2303));
#5222=EDGE_LOOP('',(#2304,#2305,#2306,#2307));
#5223=EDGE_LOOP('',(#2308,#2309,#2310,#2311));
#5224=EDGE_LOOP('',(#2312,#2313,#2314,#2315));
#5225=EDGE_LOOP('',(#2316,#2317,#2318,#2319));
#5226=EDGE_LOOP('',(#2320,#2321,#2322,#2323,#2324,#2325,#2326));
#5227=EDGE_LOOP('',(#2327,#2328,#2329,#2330,#2331,#2332,#2333));
#5228=EDGE_LOOP('',(#2334,#2335,#2336,#2337,#2338,#2339,#2340,#2341,#2342,
#2343,#2344,#2345));
#5229=EDGE_LOOP('',(#2346,#2347,#2348,#2349));
#5230=EDGE_LOOP('',(#2350,#2351,#2352,#2353));
#5231=EDGE_LOOP('',(#2354,#2355,#2356,#2357));
#5232=EDGE_LOOP('',(#2358,#2359,#2360,#2361));
#5233=EDGE_LOOP('',(#2362,#2363,#2364,#2365));
#5234=EDGE_LOOP('',(#2366,#2367,#2368,#2369));
#5235=EDGE_LOOP('',(#2370,#2371,#2372,#2373));
#5236=EDGE_LOOP('',(#2374,#2375,#2376,#2377));
#5237=EDGE_LOOP('',(#2378,#2379,#2380,#2381));
#5238=EDGE_LOOP('',(#2382,#2383,#2384,#2385));
#5239=EDGE_LOOP('',(#2386,#2387,#2388,#2389));
#5240=EDGE_LOOP('',(#2390,#2391,#2392,#2393));
#5241=EDGE_LOOP('',(#2394,#2395,#2396,#2397,#2398,#2399,#2400,#2401,#2402,
#2403,#2404,#2405,#2406,#2407));
#5242=EDGE_LOOP('',(#2408,#2409,#2410,#2411));
#5243=EDGE_LOOP('',(#2412,#2413,#2414,#2415));
#5244=EDGE_LOOP('',(#2416,#2417,#2418,#2419));
#5245=EDGE_LOOP('',(#2420,#2421,#2422,#2423));
#5246=EDGE_LOOP('',(#2424,#2425,#2426,#2427));
#5247=EDGE_LOOP('',(#2428,#2429,#2430,#2431));
#5248=EDGE_LOOP('',(#2432,#2433,#2434,#2435));
#5249=EDGE_LOOP('',(#2436,#2437,#2438,#2439));
#5250=EDGE_LOOP('',(#2440,#2441,#2442,#2443));
#5251=EDGE_LOOP('',(#2444,#2445,#2446,#2447));
#5252=EDGE_LOOP('',(#2448,#2449,#2450,#2451));
#5253=EDGE_LOOP('',(#2452,#2453,#2454,#2455));
#5254=EDGE_LOOP('',(#2456,#2457,#2458,#2459));
#5255=EDGE_LOOP('',(#2460,#2461,#2462,#2463));
#5256=EDGE_LOOP('',(#2464,#2465,#2466,#2467,#2468,#2469));
#5257=EDGE_LOOP('',(#2470,#2471,#2472,#2473));
#5258=EDGE_LOOP('',(#2474,#2475,#2476,#2477));
#5259=EDGE_LOOP('',(#2478,#2479,#2480,#2481));
#5260=EDGE_LOOP('',(#2482,#2483,#2484,#2485));
#5261=EDGE_LOOP('',(#2486,#2487,#2488,#2489));
#5262=EDGE_LOOP('',(#2490,#2491,#2492,#2493));
#5263=EDGE_LOOP('',(#2494,#2495,#2496,#2497,#2498));
#5264=EDGE_LOOP('',(#2499,#2500,#2501,#2502,#2503,#2504));
#5265=EDGE_LOOP('',(#2505,#2506,#2507,#2508,#2509,#2510));
#5266=EDGE_LOOP('',(#2511,#2512,#2513,#2514));
#5267=EDGE_LOOP('',(#2515,#2516,#2517,#2518));
#5268=EDGE_LOOP('',(#2519,#2520,#2521,#2522));
#5269=EDGE_LOOP('',(#2523,#2524,#2525,#2526));
#5270=EDGE_LOOP('',(#2527,#2528,#2529,#2530));
#5271=EDGE_LOOP('',(#2531,#2532,#2533,#2534));
#5272=EDGE_LOOP('',(#2535,#2536,#2537,#2538,#2539,#2540,#2541,#2542,#2543,
#2544));
#5273=EDGE_LOOP('',(#2545,#2546,#2547,#2548));
#5274=EDGE_LOOP('',(#2549,#2550,#2551,#2552));
#5275=EDGE_LOOP('',(#2553,#2554,#2555,#2556));
#5276=EDGE_LOOP('',(#2557,#2558,#2559,#2560));
#5277=EDGE_LOOP('',(#2561,#2562,#2563,#2564));
#5278=EDGE_LOOP('',(#2565,#2566,#2567,#2568));
#5279=EDGE_LOOP('',(#2569,#2570,#2571,#2572));
#5280=EDGE_LOOP('',(#2573,#2574,#2575,#2576));
#5281=EDGE_LOOP('',(#2577,#2578,#2579,#2580));
#5282=EDGE_LOOP('',(#2581,#2582,#2583,#2584));
#5283=EDGE_LOOP('',(#2585,#2586,#2587,#2588,#2589,#2590,#2591,#2592,#2593,
#2594,#2595,#2596));
#5284=EDGE_LOOP('',(#2597,#2598,#2599,#2600));
#5285=EDGE_LOOP('',(#2601,#2602,#2603,#2604));
#5286=EDGE_LOOP('',(#2605,#2606,#2607,#2608));
#5287=EDGE_LOOP('',(#2609,#2610,#2611,#2612));
#5288=EDGE_LOOP('',(#2613,#2614,#2615,#2616));
#5289=EDGE_LOOP('',(#2617,#2618,#2619,#2620));
#5290=EDGE_LOOP('',(#2621,#2622,#2623,#2624));
#5291=EDGE_LOOP('',(#2625,#2626,#2627,#2628));
#5292=EDGE_LOOP('',(#2629,#2630,#2631,#2632));
#5293=EDGE_LOOP('',(#2633,#2634,#2635,#2636));
#5294=EDGE_LOOP('',(#2637,#2638,#2639,#2640));
#5295=EDGE_LOOP('',(#2641,#2642,#2643,#2644));
#5296=EDGE_LOOP('',(#2645,#2646,#2647,#2648));
#5297=EDGE_LOOP('',(#2649,#2650,#2651,#2652));
#5298=EDGE_LOOP('',(#2653,#2654,#2655,#2656));
#5299=EDGE_LOOP('',(#2657,#2658,#2659,#2660));
#5300=EDGE_LOOP('',(#2661,#2662,#2663,#2664));
#5301=EDGE_LOOP('',(#2665,#2666,#2667,#2668,#2669));
#5302=EDGE_LOOP('',(#2670,#2671,#2672,#2673,#2674));
#5303=EDGE_LOOP('',(#2675,#2676,#2677,#2678));
#5304=EDGE_LOOP('',(#2679,#2680,#2681,#2682));
#5305=EDGE_LOOP('',(#2683,#2684,#2685,#2686));
#5306=EDGE_LOOP('',(#2687,#2688,#2689,#2690));
#5307=EDGE_LOOP('',(#2691,#2692,#2693,#2694));
#5308=EDGE_LOOP('',(#2695,#2696,#2697,#2698));
#5309=EDGE_LOOP('',(#2699,#2700,#2701,#2702));
#5310=EDGE_LOOP('',(#2703,#2704,#2705,#2706));
#5311=EDGE_LOOP('',(#2707,#2708,#2709,#2710));
#5312=EDGE_LOOP('',(#2711,#2712,#2713,#2714));
#5313=EDGE_LOOP('',(#2715,#2716,#2717,#2718));
#5314=EDGE_LOOP('',(#2719,#2720,#2721,#2722,#2723,#2724,#2725,#2726));
#5315=EDGE_LOOP('',(#2727,#2728,#2729,#2730,#2731,#2732));
#5316=EDGE_LOOP('',(#2733,#2734,#2735,#2736));
#5317=EDGE_LOOP('',(#2737,#2738,#2739,#2740));
#5318=EDGE_LOOP('',(#2741,#2742,#2743,#2744));
#5319=EDGE_LOOP('',(#2745,#2746,#2747,#2748));
#5320=EDGE_LOOP('',(#2749,#2750,#2751,#2752));
#5321=EDGE_LOOP('',(#2753,#2754,#2755,#2756));
#5322=EDGE_LOOP('',(#2757,#2758,#2759,#2760));
#5323=EDGE_LOOP('',(#2761,#2762,#2763,#2764));
#5324=EDGE_LOOP('',(#2765,#2766,#2767,#2768));
#5325=EDGE_LOOP('',(#2769,#2770,#2771,#2772,#2773,#2774));
#5326=EDGE_LOOP('',(#2775,#2776,#2777,#2778));
#5327=EDGE_LOOP('',(#2779,#2780,#2781,#2782,#2783,#2784));
#5328=EDGE_LOOP('',(#2785,#2786,#2787,#2788));
#5329=EDGE_LOOP('',(#2789,#2790,#2791,#2792));
#5330=EDGE_LOOP('',(#2793,#2794,#2795,#2796));
#5331=EDGE_LOOP('',(#2797,#2798,#2799,#2800,#2801,#2802));
#5332=EDGE_LOOP('',(#2803,#2804,#2805,#2806));
#5333=EDGE_LOOP('',(#2807,#2808,#2809,#2810,#2811,#2812));
#5334=EDGE_LOOP('',(#2813,#2814,#2815,#2816));
#5335=EDGE_LOOP('',(#2817,#2818,#2819,#2820));
#5336=EDGE_LOOP('',(#2821,#2822,#2823,#2824));
#5337=EDGE_LOOP('',(#2825,#2826,#2827,#2828,#2829,#2830));
#5338=EDGE_LOOP('',(#2831,#2832,#2833,#2834));
#5339=EDGE_LOOP('',(#2835,#2836,#2837,#2838,#2839,#2840));
#5340=EDGE_LOOP('',(#2841,#2842,#2843,#2844));
#5341=EDGE_LOOP('',(#2845,#2846,#2847,#2848));
#5342=EDGE_LOOP('',(#2849,#2850,#2851,#2852));
#5343=EDGE_LOOP('',(#2853,#2854,#2855,#2856,#2857,#2858));
#5344=EDGE_LOOP('',(#2859,#2860,#2861,#2862));
#5345=EDGE_LOOP('',(#2863,#2864,#2865,#2866,#2867,#2868));
#5346=EDGE_LOOP('',(#2869,#2870,#2871,#2872));
#5347=EDGE_LOOP('',(#2873,#2874,#2875,#2876));
#5348=EDGE_LOOP('',(#2877,#2878,#2879,#2880));
#5349=EDGE_LOOP('',(#2881,#2882,#2883,#2884));
#5350=EDGE_LOOP('',(#2885,#2886,#2887,#2888));
#5351=EDGE_LOOP('',(#2889,#2890,#2891,#2892,#2893,#2894));
#5352=EDGE_LOOP('',(#2895,#2896,#2897,#2898,#2899,#2900));
#5353=EDGE_LOOP('',(#2901,#2902,#2903,#2904));
#5354=EDGE_LOOP('',(#2905,#2906,#2907,#2908));
#5355=EDGE_LOOP('',(#2909,#2910,#2911,#2912));
#5356=EDGE_LOOP('',(#2913,#2914,#2915,#2916));
#5357=EDGE_LOOP('',(#2917,#2918,#2919,#2920,#2921,#2922));
#5358=EDGE_LOOP('',(#2923,#2924,#2925,#2926,#2927,#2928));
#5359=EDGE_LOOP('',(#2929,#2930,#2931,#2932));
#5360=EDGE_LOOP('',(#2933,#2934,#2935,#2936));
#5361=EDGE_LOOP('',(#2937,#2938,#2939,#2940));
#5362=EDGE_LOOP('',(#2941,#2942,#2943,#2944));
#5363=EDGE_LOOP('',(#2945,#2946,#2947,#2948,#2949,#2950));
#5364=EDGE_LOOP('',(#2951,#2952,#2953,#2954,#2955,#2956));
#5365=EDGE_LOOP('',(#2957,#2958,#2959,#2960));
#5366=EDGE_LOOP('',(#2961,#2962,#2963,#2964));
#5367=EDGE_LOOP('',(#2965,#2966,#2967,#2968));
#5368=EDGE_LOOP('',(#2969,#2970,#2971,#2972));
#5369=EDGE_LOOP('',(#2973,#2974,#2975,#2976,#2977,#2978));
#5370=EDGE_LOOP('',(#2979,#2980,#2981,#2982,#2983,#2984));
#5371=EDGE_LOOP('',(#2985,#2986,#2987,#2988));
#5372=EDGE_LOOP('',(#2989));
#5373=EDGE_LOOP('',(#2990,#2991,#2992,#2993));
#5374=EDGE_LOOP('',(#2994,#2995,#2996,#2997));
#5375=EDGE_LOOP('',(#2998,#2999,#3000,#3001,#3002,#3003,#3004,#3005,#3006,
#3007,#3008,#3009,#3010,#3011,#3012,#3013,#3014,#3015,#3016,#3017));
#5376=EDGE_LOOP('',(#3018,#3019,#3020,#3021,#3022,#3023,#3024,#3025,#3026,
#3027,#3028,#3029,#3030,#3031,#3032,#3033,#3034,#3035,#3036,#3037));
#5377=EDGE_LOOP('',(#3038,#3039,#3040,#3041,#3042,#3043));
#5378=EDGE_LOOP('',(#3044,#3045,#3046,#3047,#3048,#3049,#3050,#3051,#3052,
#3053));
#5379=EDGE_LOOP('',(#3054,#3055,#3056,#3057,#3058,#3059,#3060,#3061,#3062,
#3063,#3064,#3065));
#5380=EDGE_LOOP('',(#3066,#3067,#3068,#3069,#3070));
#5381=EDGE_LOOP('',(#3071,#3072,#3073,#3074,#3075,#3076,#3077,#3078,#3079,
#3080,#3081,#3082,#3083,#3084,#3085,#3086,#3087,#3088,#3089,#3090,#3091,
#3092,#3093,#3094,#3095,#3096,#3097,#3098,#3099,#3100,#3101,#3102,#3103,
#3104,#3105,#3106));
#5382=EDGE_LOOP('',(#3107,#3108,#3109,#3110,#3111,#3112,#3113,#3114));
#5383=EDGE_LOOP('',(#3115,#3116,#3117,#3118,#3119,#3120,#3121,#3122,#3123,
#3124,#3125,#3126,#3127,#3128,#3129,#3130,#3131,#3132,#3133,#3134,#3135,
#3136,#3137,#3138,#3139,#3140,#3141,#3142,#3143,#3144,#3145,#3146,#3147));
#5384=EDGE_LOOP('',(#3148,#3149,#3150,#3151,#3152,#3153,#3154,#3155));
#5385=EDGE_LOOP('',(#3156,#3157,#3158,#3159,#3160,#3161,#3162));
#5386=EDGE_LOOP('',(#3163,#3164,#3165,#3166,#3167,#3168,#3169,#3170,#3171,
#3172,#3173,#3174));
#5387=EDGE_LOOP('',(#3175,#3176,#3177,#3178,#3179,#3180,#3181,#3182,#3183,
#3184,#3185,#3186,#3187,#3188,#3189,#3190,#3191,#3192,#3193,#3194,#3195));
#5388=EDGE_LOOP('',(#3196,#3197,#3198,#3199,#3200,#3201,#3202,#3203));
#5389=EDGE_LOOP('',(#3204,#3205,#3206,#3207,#3208,#3209,#3210));
#5390=EDGE_LOOP('',(#3211,#3212,#3213,#3214,#3215,#3216,#3217,#3218,#3219,
#3220,#3221,#3222));
#5391=EDGE_LOOP('',(#3223,#3224,#3225,#3226,#3227,#3228));
#5392=EDGE_LOOP('',(#3229));
#5393=EDGE_LOOP('',(#3230,#3231,#3232,#3233));
#5394=EDGE_LOOP('',(#3234,#3235,#3236,#3237,#3238,#3239,#3240,#3241,#3242,
#3243,#3244,#3245,#3246,#3247));
#5395=EDGE_LOOP('',(#3248,#3249,#3250,#3251,#3252,#3253,#3254,#3255,#3256,
#3257,#3258,#3259));
#5396=EDGE_LOOP('',(#3260,#3261,#3262,#3263,#3264,#3265,#3266,#3267,#3268,
#3269,#3270,#3271,#3272,#3273));
#5397=EDGE_LOOP('',(#3274,#3275,#3276,#3277,#3278,#3279,#3280,#3281,#3282,
#3283,#3284,#3285,#3286,#3287,#3288));
#5398=EDGE_LOOP('',(#3289));
#5399=EDGE_LOOP('',(#3290));
#5400=FACE_BOUND('',#5035,.T.);
#5401=FACE_BOUND('',#5036,.T.);
#5402=FACE_BOUND('',#5037,.T.);
#5403=FACE_BOUND('',#5038,.T.);
#5404=FACE_BOUND('',#5039,.T.);
#5405=FACE_BOUND('',#5040,.T.);
#5406=FACE_BOUND('',#5041,.T.);
#5407=FACE_BOUND('',#5042,.T.);
#5408=FACE_BOUND('',#5043,.T.);
#5409=FACE_BOUND('',#5044,.T.);
#5410=FACE_BOUND('',#5045,.T.);
#5411=FACE_BOUND('',#5046,.T.);
#5412=FACE_BOUND('',#5047,.T.);
#5413=FACE_BOUND('',#5048,.T.);
#5414=FACE_BOUND('',#5049,.T.);
#5415=FACE_BOUND('',#5050,.T.);
#5416=FACE_BOUND('',#5051,.T.);
#5417=FACE_BOUND('',#5052,.T.);
#5418=FACE_BOUND('',#5053,.T.);
#5419=FACE_BOUND('',#5054,.T.);
#5420=FACE_BOUND('',#5055,.T.);
#5421=FACE_BOUND('',#5056,.T.);
#5422=FACE_BOUND('',#5057,.T.);
#5423=FACE_BOUND('',#5058,.T.);
#5424=FACE_BOUND('',#5059,.T.);
#5425=FACE_BOUND('',#5060,.T.);
#5426=FACE_BOUND('',#5061,.T.);
#5427=FACE_BOUND('',#5062,.T.);
#5428=FACE_BOUND('',#5063,.T.);
#5429=FACE_BOUND('',#5064,.T.);
#5430=FACE_BOUND('',#5065,.T.);
#5431=FACE_BOUND('',#5066,.T.);
#5432=FACE_BOUND('',#5067,.T.);
#5433=FACE_BOUND('',#5068,.T.);
#5434=FACE_BOUND('',#5069,.T.);
#5435=FACE_BOUND('',#5070,.T.);
#5436=FACE_BOUND('',#5071,.T.);
#5437=FACE_BOUND('',#5072,.T.);
#5438=FACE_BOUND('',#5073,.T.);
#5439=FACE_BOUND('',#5074,.T.);
#5440=FACE_BOUND('',#5075,.T.);
#5441=FACE_BOUND('',#5076,.T.);
#5442=FACE_BOUND('',#5077,.T.);
#5443=FACE_BOUND('',#5078,.T.);
#5444=FACE_BOUND('',#5079,.T.);
#5445=FACE_BOUND('',#5080,.T.);
#5446=FACE_BOUND('',#5081,.T.);
#5447=FACE_BOUND('',#5082,.T.);
#5448=FACE_BOUND('',#5083,.T.);
#5449=FACE_BOUND('',#5084,.T.);
#5450=FACE_BOUND('',#5085,.T.);
#5451=FACE_BOUND('',#5086,.T.);
#5452=FACE_BOUND('',#5087,.T.);
#5453=FACE_BOUND('',#5088,.T.);
#5454=FACE_BOUND('',#5089,.T.);
#5455=FACE_BOUND('',#5090,.T.);
#5456=FACE_BOUND('',#5091,.T.);
#5457=FACE_BOUND('',#5092,.T.);
#5458=FACE_BOUND('',#5093,.T.);
#5459=FACE_BOUND('',#5094,.T.);
#5460=FACE_BOUND('',#5095,.T.);
#5461=FACE_BOUND('',#5096,.T.);
#5462=FACE_BOUND('',#5097,.T.);
#5463=FACE_BOUND('',#5098,.T.);
#5464=FACE_BOUND('',#5099,.T.);
#5465=FACE_BOUND('',#5100,.T.);
#5466=FACE_BOUND('',#5101,.T.);
#5467=FACE_BOUND('',#5102,.T.);
#5468=FACE_BOUND('',#5103,.T.);
#5469=FACE_BOUND('',#5104,.T.);
#5470=FACE_BOUND('',#5105,.T.);
#5471=FACE_BOUND('',#5106,.T.);
#5472=FACE_BOUND('',#5107,.T.);
#5473=FACE_BOUND('',#5108,.T.);
#5474=FACE_BOUND('',#5109,.T.);
#5475=FACE_BOUND('',#5110,.T.);
#5476=FACE_BOUND('',#5111,.T.);
#5477=FACE_BOUND('',#5112,.T.);
#5478=FACE_BOUND('',#5113,.T.);
#5479=FACE_BOUND('',#5114,.T.);
#5480=FACE_BOUND('',#5115,.T.);
#5481=FACE_BOUND('',#5116,.T.);
#5482=FACE_BOUND('',#5117,.T.);
#5483=FACE_BOUND('',#5118,.T.);
#5484=FACE_BOUND('',#5119,.T.);
#5485=FACE_BOUND('',#5120,.T.);
#5486=FACE_BOUND('',#5121,.T.);
#5487=FACE_BOUND('',#5122,.T.);
#5488=FACE_BOUND('',#5123,.T.);
#5489=FACE_BOUND('',#5124,.T.);
#5490=FACE_BOUND('',#5125,.T.);
#5491=FACE_BOUND('',#5126,.T.);
#5492=FACE_BOUND('',#5127,.T.);
#5493=FACE_BOUND('',#5128,.T.);
#5494=FACE_BOUND('',#5129,.T.);
#5495=FACE_BOUND('',#5130,.T.);
#5496=FACE_BOUND('',#5131,.T.);
#5497=FACE_BOUND('',#5132,.T.);
#5498=FACE_BOUND('',#5133,.T.);
#5499=FACE_BOUND('',#5134,.T.);
#5500=FACE_BOUND('',#5135,.T.);
#5501=FACE_BOUND('',#5136,.T.);
#5502=FACE_BOUND('',#5137,.T.);
#5503=FACE_BOUND('',#5138,.T.);
#5504=FACE_BOUND('',#5139,.T.);
#5505=FACE_BOUND('',#5140,.T.);
#5506=FACE_BOUND('',#5141,.T.);
#5507=FACE_BOUND('',#5142,.T.);
#5508=FACE_BOUND('',#5143,.T.);
#5509=FACE_BOUND('',#5144,.T.);
#5510=FACE_BOUND('',#5145,.T.);
#5511=FACE_BOUND('',#5146,.T.);
#5512=FACE_BOUND('',#5147,.T.);
#5513=FACE_BOUND('',#5148,.T.);
#5514=FACE_BOUND('',#5149,.T.);
#5515=FACE_BOUND('',#5150,.T.);
#5516=FACE_BOUND('',#5151,.T.);
#5517=FACE_BOUND('',#5152,.T.);
#5518=FACE_BOUND('',#5153,.T.);
#5519=FACE_BOUND('',#5154,.T.);
#5520=FACE_BOUND('',#5155,.T.);
#5521=FACE_BOUND('',#5156,.T.);
#5522=FACE_BOUND('',#5157,.T.);
#5523=FACE_BOUND('',#5158,.T.);
#5524=FACE_BOUND('',#5159,.T.);
#5525=FACE_BOUND('',#5160,.T.);
#5526=FACE_BOUND('',#5161,.T.);
#5527=FACE_BOUND('',#5162,.T.);
#5528=FACE_BOUND('',#5163,.T.);
#5529=FACE_BOUND('',#5164,.T.);
#5530=FACE_BOUND('',#5165,.T.);
#5531=FACE_BOUND('',#5166,.T.);
#5532=FACE_BOUND('',#5167,.T.);
#5533=FACE_BOUND('',#5168,.T.);
#5534=FACE_BOUND('',#5169,.T.);
#5535=FACE_BOUND('',#5170,.T.);
#5536=FACE_BOUND('',#5171,.T.);
#5537=FACE_BOUND('',#5172,.T.);
#5538=FACE_BOUND('',#5173,.T.);
#5539=FACE_BOUND('',#5174,.T.);
#5540=FACE_BOUND('',#5175,.T.);
#5541=FACE_BOUND('',#5176,.T.);
#5542=FACE_BOUND('',#5177,.T.);
#5543=FACE_BOUND('',#5178,.T.);
#5544=FACE_BOUND('',#5179,.T.);
#5545=FACE_BOUND('',#5180,.T.);
#5546=FACE_BOUND('',#5181,.T.);
#5547=FACE_BOUND('',#5182,.T.);
#5548=FACE_BOUND('',#5183,.T.);
#5549=FACE_BOUND('',#5184,.T.);
#5550=FACE_BOUND('',#5185,.T.);
#5551=FACE_BOUND('',#5186,.T.);
#5552=FACE_BOUND('',#5187,.T.);
#5553=FACE_BOUND('',#5188,.T.);
#5554=FACE_BOUND('',#5189,.T.);
#5555=FACE_BOUND('',#5190,.T.);
#5556=FACE_BOUND('',#5191,.T.);
#5557=FACE_BOUND('',#5192,.T.);
#5558=FACE_BOUND('',#5193,.T.);
#5559=FACE_BOUND('',#5194,.T.);
#5560=FACE_BOUND('',#5195,.T.);
#5561=FACE_BOUND('',#5196,.T.);
#5562=FACE_BOUND('',#5197,.T.);
#5563=FACE_BOUND('',#5198,.T.);
#5564=FACE_BOUND('',#5199,.T.);
#5565=FACE_BOUND('',#5200,.T.);
#5566=FACE_BOUND('',#5201,.T.);
#5567=FACE_BOUND('',#5202,.T.);
#5568=FACE_BOUND('',#5203,.T.);
#5569=FACE_BOUND('',#5204,.T.);
#5570=FACE_BOUND('',#5205,.T.);
#5571=FACE_BOUND('',#5206,.T.);
#5572=FACE_BOUND('',#5207,.T.);
#5573=FACE_BOUND('',#5208,.T.);
#5574=FACE_BOUND('',#5209,.T.);
#5575=FACE_BOUND('',#5210,.T.);
#5576=FACE_BOUND('',#5211,.T.);
#5577=FACE_BOUND('',#5212,.T.);
#5578=FACE_BOUND('',#5213,.T.);
#5579=FACE_BOUND('',#5214,.T.);
#5580=FACE_BOUND('',#5215,.T.);
#5581=FACE_BOUND('',#5216,.T.);
#5582=FACE_BOUND('',#5217,.T.);
#5583=FACE_BOUND('',#5218,.T.);
#5584=FACE_BOUND('',#5219,.T.);
#5585=FACE_BOUND('',#5220,.T.);
#5586=FACE_BOUND('',#5221,.T.);
#5587=FACE_BOUND('',#5222,.T.);
#5588=FACE_BOUND('',#5223,.T.);
#5589=FACE_BOUND('',#5224,.T.);
#5590=FACE_BOUND('',#5225,.T.);
#5591=FACE_BOUND('',#5226,.T.);
#5592=FACE_BOUND('',#5227,.T.);
#5593=FACE_BOUND('',#5228,.T.);
#5594=FACE_BOUND('',#5229,.T.);
#5595=FACE_BOUND('',#5230,.T.);
#5596=FACE_BOUND('',#5231,.T.);
#5597=FACE_BOUND('',#5232,.T.);
#5598=FACE_BOUND('',#5233,.T.);
#5599=FACE_BOUND('',#5234,.T.);
#5600=FACE_BOUND('',#5235,.T.);
#5601=FACE_BOUND('',#5236,.T.);
#5602=FACE_BOUND('',#5237,.T.);
#5603=FACE_BOUND('',#5238,.T.);
#5604=FACE_BOUND('',#5239,.T.);
#5605=FACE_BOUND('',#5240,.T.);
#5606=FACE_BOUND('',#5241,.T.);
#5607=FACE_BOUND('',#5242,.T.);
#5608=FACE_BOUND('',#5243,.T.);
#5609=FACE_BOUND('',#5244,.T.);
#5610=FACE_BOUND('',#5245,.T.);
#5611=FACE_BOUND('',#5246,.T.);
#5612=FACE_BOUND('',#5247,.T.);
#5613=FACE_BOUND('',#5248,.T.);
#5614=FACE_BOUND('',#5249,.T.);
#5615=FACE_BOUND('',#5250,.T.);
#5616=FACE_BOUND('',#5251,.T.);
#5617=FACE_BOUND('',#5252,.T.);
#5618=FACE_BOUND('',#5253,.T.);
#5619=FACE_BOUND('',#5254,.T.);
#5620=FACE_BOUND('',#5255,.T.);
#5621=FACE_BOUND('',#5256,.T.);
#5622=FACE_BOUND('',#5257,.T.);
#5623=FACE_BOUND('',#5258,.T.);
#5624=FACE_BOUND('',#5259,.T.);
#5625=FACE_BOUND('',#5260,.T.);
#5626=FACE_BOUND('',#5261,.T.);
#5627=FACE_BOUND('',#5262,.T.);
#5628=FACE_BOUND('',#5263,.T.);
#5629=FACE_BOUND('',#5264,.T.);
#5630=FACE_BOUND('',#5265,.T.);
#5631=FACE_BOUND('',#5266,.T.);
#5632=FACE_BOUND('',#5267,.T.);
#5633=FACE_BOUND('',#5268,.T.);
#5634=FACE_BOUND('',#5269,.T.);
#5635=FACE_BOUND('',#5270,.T.);
#5636=FACE_BOUND('',#5271,.T.);
#5637=FACE_BOUND('',#5272,.T.);
#5638=FACE_BOUND('',#5273,.T.);
#5639=FACE_BOUND('',#5274,.T.);
#5640=FACE_BOUND('',#5275,.T.);
#5641=FACE_BOUND('',#5276,.T.);
#5642=FACE_BOUND('',#5277,.T.);
#5643=FACE_BOUND('',#5278,.T.);
#5644=FACE_BOUND('',#5279,.T.);
#5645=FACE_BOUND('',#5280,.T.);
#5646=FACE_BOUND('',#5281,.T.);
#5647=FACE_BOUND('',#5282,.T.);
#5648=FACE_BOUND('',#5283,.T.);
#5649=FACE_BOUND('',#5284,.T.);
#5650=FACE_BOUND('',#5285,.T.);
#5651=FACE_BOUND('',#5286,.T.);
#5652=FACE_BOUND('',#5287,.T.);
#5653=FACE_BOUND('',#5288,.T.);
#5654=FACE_BOUND('',#5289,.T.);
#5655=FACE_BOUND('',#5290,.T.);
#5656=FACE_BOUND('',#5291,.T.);
#5657=FACE_BOUND('',#5292,.T.);
#5658=FACE_BOUND('',#5293,.T.);
#5659=FACE_BOUND('',#5294,.T.);
#5660=FACE_BOUND('',#5295,.T.);
#5661=FACE_BOUND('',#5296,.T.);
#5662=FACE_BOUND('',#5297,.T.);
#5663=FACE_BOUND('',#5298,.T.);
#5664=FACE_BOUND('',#5299,.T.);
#5665=FACE_BOUND('',#5300,.T.);
#5666=FACE_BOUND('',#5301,.T.);
#5667=FACE_BOUND('',#5302,.T.);
#5668=FACE_BOUND('',#5303,.T.);
#5669=FACE_BOUND('',#5304,.T.);
#5670=FACE_BOUND('',#5305,.T.);
#5671=FACE_BOUND('',#5306,.T.);
#5672=FACE_BOUND('',#5307,.T.);
#5673=FACE_BOUND('',#5308,.T.);
#5674=FACE_BOUND('',#5309,.T.);
#5675=FACE_BOUND('',#5310,.T.);
#5676=FACE_BOUND('',#5311,.T.);
#5677=FACE_BOUND('',#5312,.T.);
#5678=FACE_BOUND('',#5313,.T.);
#5679=FACE_BOUND('',#5314,.T.);
#5680=FACE_BOUND('',#5315,.T.);
#5681=FACE_BOUND('',#5316,.T.);
#5682=FACE_BOUND('',#5317,.T.);
#5683=FACE_BOUND('',#5318,.T.);
#5684=FACE_BOUND('',#5319,.T.);
#5685=FACE_BOUND('',#5320,.T.);
#5686=FACE_BOUND('',#5321,.T.);
#5687=FACE_BOUND('',#5322,.T.);
#5688=FACE_BOUND('',#5323,.T.);
#5689=FACE_BOUND('',#5324,.T.);
#5690=FACE_BOUND('',#5325,.T.);
#5691=FACE_BOUND('',#5326,.T.);
#5692=FACE_BOUND('',#5327,.T.);
#5693=FACE_BOUND('',#5328,.T.);
#5694=FACE_BOUND('',#5329,.T.);
#5695=FACE_BOUND('',#5330,.T.);
#5696=FACE_BOUND('',#5331,.T.);
#5697=FACE_BOUND('',#5332,.T.);
#5698=FACE_BOUND('',#5333,.T.);
#5699=FACE_BOUND('',#5334,.T.);
#5700=FACE_BOUND('',#5335,.T.);
#5701=FACE_BOUND('',#5336,.T.);
#5702=FACE_BOUND('',#5337,.T.);
#5703=FACE_BOUND('',#5338,.T.);
#5704=FACE_BOUND('',#5339,.T.);
#5705=FACE_BOUND('',#5340,.T.);
#5706=FACE_BOUND('',#5341,.T.);
#5707=FACE_BOUND('',#5342,.T.);
#5708=FACE_BOUND('',#5343,.T.);
#5709=FACE_BOUND('',#5344,.T.);
#5710=FACE_BOUND('',#5345,.T.);
#5711=FACE_BOUND('',#5346,.T.);
#5712=FACE_BOUND('',#5347,.T.);
#5713=FACE_BOUND('',#5348,.T.);
#5714=FACE_BOUND('',#5349,.T.);
#5715=FACE_BOUND('',#5350,.T.);
#5716=FACE_BOUND('',#5351,.T.);
#5717=FACE_BOUND('',#5352,.T.);
#5718=FACE_BOUND('',#5353,.T.);
#5719=FACE_BOUND('',#5354,.T.);
#5720=FACE_BOUND('',#5355,.T.);
#5721=FACE_BOUND('',#5356,.T.);
#5722=FACE_BOUND('',#5357,.T.);
#5723=FACE_BOUND('',#5358,.T.);
#5724=FACE_BOUND('',#5359,.T.);
#5725=FACE_BOUND('',#5360,.T.);
#5726=FACE_BOUND('',#5361,.T.);
#5727=FACE_BOUND('',#5362,.T.);
#5728=FACE_BOUND('',#5363,.T.);
#5729=FACE_BOUND('',#5364,.T.);
#5730=FACE_BOUND('',#5365,.T.);
#5731=FACE_BOUND('',#5366,.T.);
#5732=FACE_BOUND('',#5367,.T.);
#5733=FACE_BOUND('',#5368,.T.);
#5734=FACE_BOUND('',#5369,.T.);
#5735=FACE_BOUND('',#5370,.T.);
#5736=FACE_BOUND('',#5371,.T.);
#5737=FACE_BOUND('',#5372,.T.);
#5738=FACE_BOUND('',#5373,.T.);
#5739=FACE_BOUND('',#5374,.T.);
#5740=FACE_BOUND('',#5375,.T.);
#5741=FACE_BOUND('',#5376,.T.);
#5742=FACE_BOUND('',#5377,.T.);
#5743=FACE_BOUND('',#5378,.T.);
#5744=FACE_BOUND('',#5379,.T.);
#5745=FACE_BOUND('',#5380,.T.);
#5746=FACE_BOUND('',#5381,.T.);
#5747=FACE_BOUND('',#5382,.T.);
#5748=FACE_BOUND('',#5383,.T.);
#5749=FACE_BOUND('',#5384,.T.);
#5750=FACE_BOUND('',#5385,.T.);
#5751=FACE_BOUND('',#5386,.T.);
#5752=FACE_BOUND('',#5387,.T.);
#5753=FACE_BOUND('',#5388,.T.);
#5754=FACE_BOUND('',#5389,.T.);
#5755=FACE_BOUND('',#5390,.T.);
#5756=FACE_BOUND('',#5391,.T.);
#5757=FACE_BOUND('',#5392,.T.);
#5758=FACE_BOUND('',#5393,.T.);
#5759=FACE_BOUND('',#5394,.T.);
#5760=FACE_BOUND('',#5395,.T.);
#5761=FACE_BOUND('',#5396,.T.);
#5762=FACE_BOUND('',#5397,.T.);
#5763=FACE_BOUND('',#5398,.T.);
#5764=FACE_BOUND('',#5399,.T.);
#5765=PLANE('',#6455);
#5766=PLANE('',#6468);
#5767=PLANE('',#6478);
#5768=PLANE('',#6485);
#5769=PLANE('',#6507);
#5770=PLANE('',#6508);
#5771=PLANE('',#6509);
#5772=PLANE('',#6510);
#5773=PLANE('',#6529);
#5774=PLANE('',#6545);
#5775=PLANE('',#6546);
#5776=PLANE('',#6549);
#5777=PLANE('',#6554);
#5778=PLANE('',#6555);
#5779=PLANE('',#6556);
#5780=PLANE('',#6557);
#5781=PLANE('',#6558);
#5782=PLANE('',#6559);
#5783=PLANE('',#6560);
#5784=PLANE('',#6561);
#5785=PLANE('',#6562);
#5786=PLANE('',#6563);
#5787=PLANE('',#6564);
#5788=PLANE('',#6565);
#5789=PLANE('',#6578);
#5790=PLANE('',#6579);
#5791=PLANE('',#6580);
#5792=PLANE('',#6581);
#5793=PLANE('',#6582);
#5794=PLANE('',#6595);
#5795=PLANE('',#6596);
#5796=PLANE('',#6597);
#5797=PLANE('',#6598);
#5798=PLANE('',#6599);
#5799=PLANE('',#6600);
#5800=PLANE('',#6601);
#5801=PLANE('',#6602);
#5802=PLANE('',#6603);
#5803=PLANE('',#6604);
#5804=PLANE('',#6605);
#5805=PLANE('',#6606);
#5806=PLANE('',#6607);
#5807=PLANE('',#6608);
#5808=PLANE('',#6609);
#5809=PLANE('',#6610);
#5810=PLANE('',#6616);
#5811=PLANE('',#6621);
#5812=PLANE('',#6626);
#5813=PLANE('',#6627);
#5814=PLANE('',#6628);
#5815=PLANE('',#6629);
#5816=PLANE('',#6630);
#5817=PLANE('',#6631);
#5818=PLANE('',#6633);
#5819=PLANE('',#6634);
#5820=PLANE('',#6635);
#5821=PLANE('',#6667);
#5822=PLANE('',#6686);
#5823=PLANE('',#6689);
#5824=PLANE('',#6696);
#5825=PLANE('',#6697);
#5826=PLANE('',#6713);
#5827=PLANE('',#6714);
#5828=PLANE('',#6715);
#5829=PLANE('',#6716);
#5830=PLANE('',#6726);
#5831=PLANE('',#6733);
#5832=PLANE('',#6737);
#5833=PLANE('',#6738);
#5834=PLANE('',#6739);
#5835=PLANE('',#6740);
#5836=PLANE('',#6741);
#5837=PLANE('',#6742);
#5838=PLANE('',#6743);
#5839=PLANE('',#6744);
#5840=PLANE('',#6745);
#5841=PLANE('',#6746);
#5842=PLANE('',#6747);
#5843=PLANE('',#6748);
#5844=PLANE('',#6749);
#5845=PLANE('',#6750);
#5846=PLANE('',#6751);
#5847=PLANE('',#6754);
#5848=PLANE('',#6759);
#5849=PLANE('',#6760);
#5850=PLANE('',#6761);
#5851=PLANE('',#6762);
#5852=PLANE('',#6763);
#5853=PLANE('',#6764);
#5854=PLANE('',#6765);
#5855=PLANE('',#6766);
#5856=PLANE('',#6767);
#5857=PLANE('',#6768);
#5858=PLANE('',#6769);
#5859=PLANE('',#6770);
#5860=PLANE('',#6783);
#5861=PLANE('',#6784);
#5862=PLANE('',#6785);
#5863=PLANE('',#6786);
#5864=PLANE('',#6787);
#5865=PLANE('',#6800);
#5866=PLANE('',#6801);
#5867=PLANE('',#6802);
#5868=PLANE('',#6803);
#5869=PLANE('',#6804);
#5870=PLANE('',#6805);
#5871=PLANE('',#6806);
#5872=PLANE('',#6807);
#5873=PLANE('',#6808);
#5874=PLANE('',#6809);
#5875=PLANE('',#6810);
#5876=PLANE('',#6811);
#5877=PLANE('',#6812);
#5878=PLANE('',#6813);
#5879=PLANE('',#6814);
#5880=PLANE('',#6815);
#5881=PLANE('',#6838);
#5882=PLANE('',#6851);
#5883=PLANE('',#6854);
#5884=PLANE('',#6855);
#5885=PLANE('',#6856);
#5886=PLANE('',#6857);
#5887=PLANE('',#6858);
#5888=PLANE('',#6859);
#5889=PLANE('',#6860);
#5890=PLANE('',#6861);
#5891=PLANE('',#6863);
#5892=PLANE('',#6865);
#5893=PLANE('',#6866);
#5894=PLANE('',#6867);
#5895=PLANE('',#6868);
#5896=PLANE('',#6869);
#5897=PLANE('',#6870);
#5898=PLANE('',#6871);
#5899=PLANE('',#6872);
#5900=PLANE('',#6881);
#5901=PLANE('',#6887);
#5902=PLANE('',#6888);
#5903=PLANE('',#6889);
#5904=PLANE('',#6890);
#5905=PLANE('',#6891);
#5906=PLANE('',#6892);
#5907=PLANE('',#6893);
#5908=PLANE('',#6894);
#5909=PLANE('',#6895);
#5910=PLANE('',#6896);
#5911=PLANE('',#6897);
#5912=PLANE('',#6898);
#5913=PLANE('',#6899);
#5914=PLANE('',#6900);
#5915=PLANE('',#6901);
#5916=PLANE('',#6902);
#5917=PLANE('',#6905);
#5918=PLANE('',#6906);
#5919=PLANE('',#6910);
#5920=PLANE('',#6911);
#5921=PLANE('',#6912);
#5922=PLANE('',#6913);
#5923=PLANE('',#6916);
#5924=PLANE('',#6917);
#5925=PLANE('',#6918);
#5926=PLANE('',#6919);
#5927=PLANE('',#6920);
#5928=PLANE('',#6921);
#5929=PLANE('',#6922);
#5930=PLANE('',#6923);
#5931=PLANE('',#6924);
#5932=PLANE('',#6925);
#5933=PLANE('',#6926);
#5934=PLANE('',#6927);
#5935=PLANE('',#6928);
#5936=PLANE('',#6929);
#5937=PLANE('',#6930);
#5938=PLANE('',#6931);
#5939=PLANE('',#6932);
#5940=PLANE('',#6933);
#5941=PLANE('',#6934);
#5942=PLANE('',#6935);
#5943=PLANE('',#6936);
#5944=PLANE('',#6937);
#5945=PLANE('',#6938);
#5946=PLANE('',#6939);
#5947=PLANE('',#6940);
#5948=PLANE('',#6941);
#5949=PLANE('',#6942);
#5950=PLANE('',#6943);
#5951=PLANE('',#6944);
#5952=PLANE('',#6945);
#5953=PLANE('',#6946);
#5954=PLANE('',#6947);
#5955=PLANE('',#6948);
#5956=PLANE('',#6949);
#5957=PLANE('',#6950);
#5958=PLANE('',#6951);
#5959=PLANE('',#6952);
#5960=PLANE('',#6953);
#5961=PLANE('',#6954);
#5962=PLANE('',#6955);
#5963=PLANE('',#6956);
#5964=PLANE('',#6957);
#5965=PLANE('',#6958);
#5966=PLANE('',#6959);
#5967=PLANE('',#6960);
#5968=PLANE('',#6961);
#5969=PLANE('',#6962);
#5970=PLANE('',#6963);
#5971=PLANE('',#6964);
#5972=PLANE('',#6965);
#5973=PLANE('',#6966);
#5974=PLANE('',#6967);
#5975=PLANE('',#6968);
#5976=PLANE('',#6969);
#5977=PLANE('',#6970);
#5978=PLANE('',#6971);
#5979=PLANE('',#6972);
#5980=PLANE('',#6973);
#5981=PLANE('',#6974);
#5982=PLANE('',#6975);
#5983=PLANE('',#6976);
#5984=PLANE('',#6977);
#5985=PLANE('',#6979);
#5986=PLANE('',#6980);
#5987=PLANE('',#6981);
#5988=PLANE('',#6982);
#5989=PLANE('',#6983);
#5990=PLANE('',#6984);
#5991=OVER_RIDING_STYLED_ITEM('',(#6349),#6009,#6347);
#5992=OVER_RIDING_STYLED_ITEM('',(#6350),#6046,#6347);
#5993=OVER_RIDING_STYLED_ITEM('',(#6351),#6061,#6347);
#5994=OVER_RIDING_STYLED_ITEM('',(#6352),#6128,#6347);
#5995=OVER_RIDING_STYLED_ITEM('',(#6353),#6165,#6347);
#5996=OVER_RIDING_STYLED_ITEM('',(#6354),#6180,#6347);
#5997=OVER_RIDING_STYLED_ITEM('',(#6355),#6231,#6347);
#5998=OVER_RIDING_STYLED_ITEM('',(#6356),#6232,#6347);
#5999=OVER_RIDING_STYLED_ITEM('',(#6357),#6338,#6347);
#6000=OVER_RIDING_STYLED_ITEM('',(#6358),#6339,#6347);
#6001=OVER_RIDING_STYLED_ITEM('',(#6359),#6340,#6347);
#6002=OVER_RIDING_STYLED_ITEM('',(#6360),#6341,#6347);
#6003=OVER_RIDING_STYLED_ITEM('',(#6361),#6342,#6347);
#6004=OVER_RIDING_STYLED_ITEM('',(#6362),#6343,#6347);
#6005=OVER_RIDING_STYLED_ITEM('',(#6363),#6344,#6347);
#6006=OVER_RIDING_STYLED_ITEM('',(#6364),#6345,#6347);
#6007=COLOUR_RGB('',0.250980392156863,0.250980392156863,0.250980392156863);
#6008=COLOUR_RGB('',0.850980392156863,0.850980392156863,0.850980392156863);
#6009=ADVANCED_FACE('',(#5400),#5765,.F.);
#6010=ADVANCED_FACE('',(#5401),#1346,.F.);
#6011=ADVANCED_FACE('',(#5402),#1347,.F.);
#6012=ADVANCED_FACE('',(#5403),#1348,.T.);
#6013=ADVANCED_FACE('',(#5404),#1349,.T.);
#6014=ADVANCED_FACE('',(#5405),#5766,.F.);
#6015=ADVANCED_FACE('',(#5406),#1350,.T.);
#6016=ADVANCED_FACE('',(#5407),#1351,.T.);
#6017=ADVANCED_FACE('',(#5408),#1352,.F.);
#6018=ADVANCED_FACE('',(#5409),#5767,.F.);
#6019=ADVANCED_FACE('',(#5410),#1353,.F.);
#6020=ADVANCED_FACE('',(#5411),#1354,.F.);
#6021=ADVANCED_FACE('',(#5412),#5768,.F.);
#6022=ADVANCED_FACE('',(#5413),#1355,.F.);
#6023=ADVANCED_FACE('',(#5414),#1356,.F.);
#6024=ADVANCED_FACE('',(#5415),#1357,.F.);
#6025=ADVANCED_FACE('',(#5416),#1358,.F.);
#6026=ADVANCED_FACE('',(#5417),#1359,.F.);
#6027=ADVANCED_FACE('',(#5418),#1360,.T.);
#6028=ADVANCED_FACE('',(#5419),#1361,.T.);
#6029=ADVANCED_FACE('',(#5420),#5769,.F.);
#6030=ADVANCED_FACE('',(#5421),#5770,.F.);
#6031=ADVANCED_FACE('',(#5422),#5771,.F.);
#6032=ADVANCED_FACE('',(#5423),#5772,.F.);
#6033=ADVANCED_FACE('',(#5424),#1362,.T.);
#6034=ADVANCED_FACE('',(#5425),#1363,.T.);
#6035=ADVANCED_FACE('',(#5426),#1364,.T.);
#6036=ADVANCED_FACE('',(#5427),#1365,.T.);
#6037=ADVANCED_FACE('',(#5428),#1366,.T.);
#6038=ADVANCED_FACE('',(#5429),#1367,.T.);
#6039=ADVANCED_FACE('',(#5430),#5773,.F.);
#6040=ADVANCED_FACE('',(#5431),#1368,.T.);
#6041=ADVANCED_FACE('',(#5432),#1369,.T.);
#6042=ADVANCED_FACE('',(#5433),#1370,.T.);
#6043=ADVANCED_FACE('',(#5434),#1371,.T.);
#6044=ADVANCED_FACE('',(#5435),#1372,.T.);
#6045=ADVANCED_FACE('',(#5436,#5437),#5774,.F.);
#6046=ADVANCED_FACE('',(#5438),#5775,.F.);
#6047=ADVANCED_FACE('',(#5439),#5776,.T.);
#6048=ADVANCED_FACE('',(#5440),#1373,.T.);
#6049=ADVANCED_FACE('',(#5441),#1374,.T.);
#6050=ADVANCED_FACE('',(#5442),#5777,.T.);
#6051=ADVANCED_FACE('',(#5443),#5778,.T.);
#6052=ADVANCED_FACE('',(#5444),#5779,.F.);
#6053=ADVANCED_FACE('',(#5445),#5780,.F.);
#6054=ADVANCED_FACE('',(#5446),#5781,.F.);
#6055=ADVANCED_FACE('',(#5447),#5782,.F.);
#6056=ADVANCED_FACE('',(#5448),#5783,.F.);
#6057=ADVANCED_FACE('',(#5449),#5784,.F.);
#6058=ADVANCED_FACE('',(#5450),#5785,.F.);
#6059=ADVANCED_FACE('',(#5451),#5786,.F.);
#6060=ADVANCED_FACE('',(#5452,#5453),#5787,.F.);
#6061=ADVANCED_FACE('',(#5454),#5788,.F.);
#6062=ADVANCED_FACE('',(#5455),#1375,.F.);
#6063=ADVANCED_FACE('',(#5456),#1376,.F.);
#6064=ADVANCED_FACE('',(#5457),#1377,.F.);
#6065=ADVANCED_FACE('',(#5458),#1378,.F.);
#6066=ADVANCED_FACE('',(#5459),#5789,.F.);
#6067=ADVANCED_FACE('',(#5460),#5790,.T.);
#6068=ADVANCED_FACE('',(#5461),#5791,.F.);
#6069=ADVANCED_FACE('',(#5462),#5792,.F.);
#6070=ADVANCED_FACE('',(#5463),#5793,.F.);
#6071=ADVANCED_FACE('',(#5464),#1379,.T.);
#6072=ADVANCED_FACE('',(#5465),#1380,.T.);
#6073=ADVANCED_FACE('',(#5466),#1381,.T.);
#6074=ADVANCED_FACE('',(#5467),#1382,.T.);
#6075=ADVANCED_FACE('',(#5468),#5794,.F.);
#6076=ADVANCED_FACE('',(#5469,#5470),#5795,.F.);
#6077=ADVANCED_FACE('',(#5471),#5796,.F.);
#6078=ADVANCED_FACE('',(#5472),#5797,.F.);
#6079=ADVANCED_FACE('',(#5473),#5798,.F.);
#6080=ADVANCED_FACE('',(#5474),#5799,.F.);
#6081=ADVANCED_FACE('',(#5475),#5800,.F.);
#6082=ADVANCED_FACE('',(#5476),#5801,.F.);
#6083=ADVANCED_FACE('',(#5477),#5802,.F.);
#6084=ADVANCED_FACE('',(#5478),#5803,.F.);
#6085=ADVANCED_FACE('',(#5479),#5804,.F.);
#6086=ADVANCED_FACE('',(#5480),#5805,.F.);
#6087=ADVANCED_FACE('',(#5481),#5806,.F.);
#6088=ADVANCED_FACE('',(#5482),#5807,.F.);
#6089=ADVANCED_FACE('',(#5483),#5808,.F.);
#6090=ADVANCED_FACE('',(#5484),#5809,.F.);
#6091=ADVANCED_FACE('',(#5485),#5810,.F.);
#6092=ADVANCED_FACE('',(#5486),#1383,.T.);
#6093=ADVANCED_FACE('',(#5487),#1384,.T.);
#6094=ADVANCED_FACE('',(#5488),#5811,.F.);
#6095=ADVANCED_FACE('',(#5489),#1385,.F.);
#6096=ADVANCED_FACE('',(#5490),#1386,.F.);
#6097=ADVANCED_FACE('',(#5491),#5812,.F.);
#6098=ADVANCED_FACE('',(#5492),#5813,.F.);
#6099=ADVANCED_FACE('',(#5493),#5814,.F.);
#6100=ADVANCED_FACE('',(#5494),#5815,.F.);
#6101=ADVANCED_FACE('',(#5495),#5816,.F.);
#6102=ADVANCED_FACE('',(#5496),#5817,.F.);
#6103=ADVANCED_FACE('',(#5497),#14,.F.);
#6104=ADVANCED_FACE('',(#5498),#5818,.F.);
#6105=ADVANCED_FACE('',(#5499),#5819,.F.);
#6106=ADVANCED_FACE('',(#5500),#5820,.F.);
#6107=ADVANCED_FACE('',(#5501),#1387,.F.);
#6108=ADVANCED_FACE('',(#5502),#1388,.F.);
#6109=ADVANCED_FACE('',(#5503),#1389,.F.);
#6110=ADVANCED_FACE('',(#5504),#15,.F.);
#6111=ADVANCED_FACE('',(#5505),#1390,.T.);
#6112=ADVANCED_FACE('',(#5506),#1391,.T.);
#6113=ADVANCED_FACE('',(#5507),#1392,.T.);
#6114=ADVANCED_FACE('',(#5508),#1393,.T.);
#6115=ADVANCED_FACE('',(#5509),#5821,.F.);
#6116=ADVANCED_FACE('',(#5510),#1394,.F.);
#6117=ADVANCED_FACE('',(#5511),#1395,.F.);
#6118=ADVANCED_FACE('',(#5512),#1396,.F.);
#6119=ADVANCED_FACE('',(#5513),#1397,.F.);
#6120=ADVANCED_FACE('',(#5514),#1398,.F.);
#6121=ADVANCED_FACE('',(#5515),#16,.F.);
#6122=ADVANCED_FACE('',(#5516),#1399,.T.);
#6123=ADVANCED_FACE('',(#5517),#1400,.T.);
#6124=ADVANCED_FACE('',(#5518),#1401,.T.);
#6125=ADVANCED_FACE('',(#5519),#1402,.T.);
#6126=ADVANCED_FACE('',(#5520),#5822,.F.);
#6127=ADVANCED_FACE('',(#5521),#1403,.F.);
#6128=ADVANCED_FACE('',(#5522),#5823,.F.);
#6129=ADVANCED_FACE('',(#5523),#5824,.T.);
#6130=ADVANCED_FACE('',(#5524),#5825,.F.);
#6131=ADVANCED_FACE('',(#5525),#1404,.F.);
#6132=ADVANCED_FACE('',(#5526),#1405,.F.);
#6133=ADVANCED_FACE('',(#5527),#1406,.F.);
#6134=ADVANCED_FACE('',(#5528),#1407,.F.);
#6135=ADVANCED_FACE('',(#5529),#1408,.F.);
#6136=ADVANCED_FACE('',(#5530),#1409,.F.);
#6137=ADVANCED_FACE('',(#5531),#1410,.T.);
#6138=ADVANCED_FACE('',(#5532),#5826,.F.);
#6139=ADVANCED_FACE('',(#5533),#5827,.F.);
#6140=ADVANCED_FACE('',(#5534),#5828,.F.);
#6141=ADVANCED_FACE('',(#5535),#5829,.F.);
#6142=ADVANCED_FACE('',(#5536),#17,.F.);
#6143=ADVANCED_FACE('',(#5537),#1411,.T.);
#6144=ADVANCED_FACE('',(#5538),#1412,.T.);
#6145=ADVANCED_FACE('',(#5539),#12,.T.);
#6146=ADVANCED_FACE('',(#5540),#5830,.F.);
#6147=ADVANCED_FACE('',(#5541),#1413,.F.);
#6148=ADVANCED_FACE('',(#5542),#1414,.F.);
#6149=ADVANCED_FACE('',(#5543),#5831,.F.);
#6150=ADVANCED_FACE('',(#5544),#1415,.T.);
#6151=ADVANCED_FACE('',(#5545,#5546),#5832,.F.);
#6152=ADVANCED_FACE('',(#5547),#5833,.F.);
#6153=ADVANCED_FACE('',(#5548),#5834,.F.);
#6154=ADVANCED_FACE('',(#5549),#5835,.F.);
#6155=ADVANCED_FACE('',(#5550),#5836,.F.);
#6156=ADVANCED_FACE('',(#5551),#5837,.F.);
#6157=ADVANCED_FACE('',(#5552),#5838,.F.);
#6158=ADVANCED_FACE('',(#5553),#5839,.F.);
#6159=ADVANCED_FACE('',(#5554),#5840,.F.);
#6160=ADVANCED_FACE('',(#5555),#5841,.F.);
#6161=ADVANCED_FACE('',(#5556),#5842,.F.);
#6162=ADVANCED_FACE('',(#5557),#5843,.F.);
#6163=ADVANCED_FACE('',(#5558),#5844,.F.);
#6164=ADVANCED_FACE('',(#5559),#5845,.F.);
#6165=ADVANCED_FACE('',(#5560),#5846,.F.);
#6166=ADVANCED_FACE('',(#5561),#5847,.T.);
#6167=ADVANCED_FACE('',(#5562),#1416,.T.);
#6168=ADVANCED_FACE('',(#5563),#1417,.T.);
#6169=ADVANCED_FACE('',(#5564),#5848,.T.);
#6170=ADVANCED_FACE('',(#5565),#5849,.T.);
#6171=ADVANCED_FACE('',(#5566),#5850,.F.);
#6172=ADVANCED_FACE('',(#5567),#5851,.F.);
#6173=ADVANCED_FACE('',(#5568),#5852,.F.);
#6174=ADVANCED_FACE('',(#5569),#5853,.F.);
#6175=ADVANCED_FACE('',(#5570),#5854,.F.);
#6176=ADVANCED_FACE('',(#5571),#5855,.F.);
#6177=ADVANCED_FACE('',(#5572),#5856,.F.);
#6178=ADVANCED_FACE('',(#5573),#5857,.F.);
#6179=ADVANCED_FACE('',(#5574,#5575),#5858,.F.);
#6180=ADVANCED_FACE('',(#5576),#5859,.F.);
#6181=ADVANCED_FACE('',(#5577),#1418,.F.);
#6182=ADVANCED_FACE('',(#5578),#1419,.F.);
#6183=ADVANCED_FACE('',(#5579),#1420,.F.);
#6184=ADVANCED_FACE('',(#5580),#1421,.F.);
#6185=ADVANCED_FACE('',(#5581),#5860,.F.);
#6186=ADVANCED_FACE('',(#5582),#5861,.T.);
#6187=ADVANCED_FACE('',(#5583),#5862,.F.);
#6188=ADVANCED_FACE('',(#5584),#5863,.F.);
#6189=ADVANCED_FACE('',(#5585),#5864,.F.);
#6190=ADVANCED_FACE('',(#5586),#1422,.T.);
#6191=ADVANCED_FACE('',(#5587),#1423,.T.);
#6192=ADVANCED_FACE('',(#5588),#1424,.T.);
#6193=ADVANCED_FACE('',(#5589),#1425,.T.);
#6194=ADVANCED_FACE('',(#5590),#5865,.F.);
#6195=ADVANCED_FACE('',(#5591,#5592),#5866,.F.);
#6196=ADVANCED_FACE('',(#5593),#5867,.F.);
#6197=ADVANCED_FACE('',(#5594),#5868,.F.);
#6198=ADVANCED_FACE('',(#5595),#5869,.F.);
#6199=ADVANCED_FACE('',(#5596),#5870,.F.);
#6200=ADVANCED_FACE('',(#5597),#5871,.F.);
#6201=ADVANCED_FACE('',(#5598),#5872,.F.);
#6202=ADVANCED_FACE('',(#5599),#5873,.F.);
#6203=ADVANCED_FACE('',(#5600),#5874,.F.);
#6204=ADVANCED_FACE('',(#5601),#5875,.F.);
#6205=ADVANCED_FACE('',(#5602),#5876,.F.);
#6206=ADVANCED_FACE('',(#5603),#5877,.F.);
#6207=ADVANCED_FACE('',(#5604),#5878,.F.);
#6208=ADVANCED_FACE('',(#5605),#5879,.F.);
#6209=ADVANCED_FACE('',(#5606),#5880,.F.);
#6210=ADVANCED_FACE('',(#5607),#1426,.T.);
#6211=ADVANCED_FACE('',(#5608),#1427,.T.);
#6212=ADVANCED_FACE('',(#5609),#1428,.T.);
#6213=ADVANCED_FACE('',(#5610),#1429,.T.);
#6214=ADVANCED_FACE('',(#5611),#1430,.T.);
#6215=ADVANCED_FACE('',(#5612),#5881,.F.);
#6216=ADVANCED_FACE('',(#5613),#1431,.F.);
#6217=ADVANCED_FACE('',(#5614),#1432,.F.);
#6218=ADVANCED_FACE('',(#5615),#1433,.F.);
#6219=ADVANCED_FACE('',(#5616),#1434,.F.);
#6220=ADVANCED_FACE('',(#5617),#1435,.F.);
#6221=ADVANCED_FACE('',(#5618),#1436,.F.);
#6222=ADVANCED_FACE('',(#5619),#5882,.F.);
#6223=ADVANCED_FACE('',(#5620),#1437,.T.);
#6224=ADVANCED_FACE('',(#5621),#5883,.F.);
#6225=ADVANCED_FACE('',(#5622),#5884,.F.);
#6226=ADVANCED_FACE('',(#5623),#5885,.F.);
#6227=ADVANCED_FACE('',(#5624),#5886,.F.);
#6228=ADVANCED_FACE('',(#5625),#5887,.F.);
#6229=ADVANCED_FACE('',(#5626),#5888,.F.);
#6230=ADVANCED_FACE('',(#5627),#5889,.F.);
#6231=ADVANCED_FACE('',(#5628),#5890,.T.);
#6232=ADVANCED_FACE('',(#5629),#5891,.T.);
#6233=ADVANCED_FACE('',(#5630),#5892,.F.);
#6234=ADVANCED_FACE('',(#5631),#5893,.T.);
#6235=ADVANCED_FACE('',(#5632),#5894,.T.);
#6236=ADVANCED_FACE('',(#5633),#5895,.T.);
#6237=ADVANCED_FACE('',(#5634),#5896,.T.);
#6238=ADVANCED_FACE('',(#5635),#5897,.T.);
#6239=ADVANCED_FACE('',(#5636),#5898,.T.);
#6240=ADVANCED_FACE('',(#5637),#5899,.F.);
#6241=ADVANCED_FACE('',(#5638),#1438,.T.);
#6242=ADVANCED_FACE('',(#5639),#18,.T.);
#6243=ADVANCED_FACE('',(#5640),#19,.T.);
#6244=ADVANCED_FACE('',(#5641),#1439,.T.);
#6245=ADVANCED_FACE('',(#5642),#5900,.T.);
#6246=ADVANCED_FACE('',(#5643),#1440,.F.);
#6247=ADVANCED_FACE('',(#5644),#20,.T.);
#6248=ADVANCED_FACE('',(#5645),#21,.T.);
#6249=ADVANCED_FACE('',(#5646),#13,.F.);
#6250=ADVANCED_FACE('',(#5647),#5901,.T.);
#6251=ADVANCED_FACE('',(#5648),#5902,.F.);
#6252=ADVANCED_FACE('',(#5649),#5903,.T.);
#6253=ADVANCED_FACE('',(#5650),#5904,.T.);
#6254=ADVANCED_FACE('',(#5651),#5905,.T.);
#6255=ADVANCED_FACE('',(#5652),#5906,.T.);
#6256=ADVANCED_FACE('',(#5653),#5907,.T.);
#6257=ADVANCED_FACE('',(#5654),#5908,.T.);
#6258=ADVANCED_FACE('',(#5655),#5909,.T.);
#6259=ADVANCED_FACE('',(#5656),#5910,.T.);
#6260=ADVANCED_FACE('',(#5657),#5911,.T.);
#6261=ADVANCED_FACE('',(#5658),#5912,.T.);
#6262=ADVANCED_FACE('',(#5659),#5913,.T.);
#6263=ADVANCED_FACE('',(#5660),#5914,.T.);
#6264=ADVANCED_FACE('',(#5661),#5915,.T.);
#6265=ADVANCED_FACE('',(#5662),#5916,.T.);
#6266=ADVANCED_FACE('',(#5663),#1441,.T.);
#6267=ADVANCED_FACE('',(#5664),#22,.T.);
#6268=ADVANCED_FACE('',(#5665),#5917,.T.);
#6269=ADVANCED_FACE('',(#5666,#5667),#5918,.F.);
#6270=ADVANCED_FACE('',(#5668),#1442,.F.);
#6271=ADVANCED_FACE('',(#5669),#23,.T.);
#6272=ADVANCED_FACE('',(#5670),#5919,.T.);
#6273=ADVANCED_FACE('',(#5671),#5920,.T.);
#6274=ADVANCED_FACE('',(#5672),#5921,.T.);
#6275=ADVANCED_FACE('',(#5673),#5922,.T.);
#6276=ADVANCED_FACE('',(#5674),#1443,.F.);
#6277=ADVANCED_FACE('',(#5675),#5923,.T.);
#6278=ADVANCED_FACE('',(#5676),#5924,.T.);
#6279=ADVANCED_FACE('',(#5677),#5925,.T.);
#6280=ADVANCED_FACE('',(#5678),#5926,.T.);
#6281=ADVANCED_FACE('',(#5679,#5680),#5927,.F.);
#6282=ADVANCED_FACE('',(#5681),#5928,.T.);
#6283=ADVANCED_FACE('',(#5682),#5929,.T.);
#6284=ADVANCED_FACE('',(#5683),#5930,.T.);
#6285=ADVANCED_FACE('',(#5684),#5931,.T.);
#6286=ADVANCED_FACE('',(#5685),#5932,.T.);
#6287=ADVANCED_FACE('',(#5686),#5933,.T.);
#6288=ADVANCED_FACE('',(#5687),#5934,.T.);
#6289=ADVANCED_FACE('',(#5688),#5935,.T.);
#6290=ADVANCED_FACE('',(#5689),#5936,.F.);
#6291=ADVANCED_FACE('',(#5690),#5937,.F.);
#6292=ADVANCED_FACE('',(#5691),#5938,.T.);
#6293=ADVANCED_FACE('',(#5692),#5939,.F.);
#6294=ADVANCED_FACE('',(#5693),#5940,.T.);
#6295=ADVANCED_FACE('',(#5694),#5941,.T.);
#6296=ADVANCED_FACE('',(#5695),#5942,.F.);
#6297=ADVANCED_FACE('',(#5696),#5943,.F.);
#6298=ADVANCED_FACE('',(#5697),#5944,.T.);
#6299=ADVANCED_FACE('',(#5698),#5945,.F.);
#6300=ADVANCED_FACE('',(#5699),#5946,.T.);
#6301=ADVANCED_FACE('',(#5700),#5947,.T.);
#6302=ADVANCED_FACE('',(#5701),#5948,.F.);
#6303=ADVANCED_FACE('',(#5702),#5949,.F.);
#6304=ADVANCED_FACE('',(#5703),#5950,.T.);
#6305=ADVANCED_FACE('',(#5704),#5951,.F.);
#6306=ADVANCED_FACE('',(#5705),#5952,.T.);
#6307=ADVANCED_FACE('',(#5706),#5953,.T.);
#6308=ADVANCED_FACE('',(#5707),#5954,.F.);
#6309=ADVANCED_FACE('',(#5708),#5955,.F.);
#6310=ADVANCED_FACE('',(#5709),#5956,.T.);
#6311=ADVANCED_FACE('',(#5710),#5957,.F.);
#6312=ADVANCED_FACE('',(#5711),#5958,.T.);
#6313=ADVANCED_FACE('',(#5712),#5959,.T.);
#6314=ADVANCED_FACE('',(#5713),#5960,.F.);
#6315=ADVANCED_FACE('',(#5714),#5961,.F.);
#6316=ADVANCED_FACE('',(#5715),#5962,.F.);
#6317=ADVANCED_FACE('',(#5716),#5963,.F.);
#6318=ADVANCED_FACE('',(#5717),#5964,.F.);
#6319=ADVANCED_FACE('',(#5718),#5965,.T.);
#6320=ADVANCED_FACE('',(#5719),#5966,.F.);
#6321=ADVANCED_FACE('',(#5720),#5967,.F.);
#6322=ADVANCED_FACE('',(#5721),#5968,.F.);
#6323=ADVANCED_FACE('',(#5722),#5969,.F.);
#6324=ADVANCED_FACE('',(#5723),#5970,.F.);
#6325=ADVANCED_FACE('',(#5724),#5971,.T.);
#6326=ADVANCED_FACE('',(#5725),#5972,.F.);
#6327=ADVANCED_FACE('',(#5726),#5973,.F.);
#6328=ADVANCED_FACE('',(#5727),#5974,.F.);
#6329=ADVANCED_FACE('',(#5728),#5975,.F.);
#6330=ADVANCED_FACE('',(#5729),#5976,.F.);
#6331=ADVANCED_FACE('',(#5730),#5977,.T.);
#6332=ADVANCED_FACE('',(#5731),#5978,.F.);
#6333=ADVANCED_FACE('',(#5732),#5979,.F.);
#6334=ADVANCED_FACE('',(#5733),#5980,.F.);
#6335=ADVANCED_FACE('',(#5734),#5981,.F.);
#6336=ADVANCED_FACE('',(#5735),#5982,.F.);
#6337=ADVANCED_FACE('',(#5736),#5983,.T.);
#6338=ADVANCED_FACE('',(#5737),#5984,.T.);
#6339=ADVANCED_FACE('',(#5738),#5985,.F.);
#6340=ADVANCED_FACE('',(#5739),#5986,.F.);
#6341=ADVANCED_FACE('',(#5740),#5987,.F.);
#6342=ADVANCED_FACE('',(#5741),#5988,.F.);
#6343=ADVANCED_FACE('',(#5742,#5743,#5744,#5745,#5746,#5747),#5989,.T.);
#6344=ADVANCED_FACE('',(#5748,#5749,#5750,#5751,#5752,#5753,#5754,#5755,
#5756,#5757,#5758,#5759,#5760,#5761,#5762),#5990,.F.);
#6345=ADVANCED_FACE('',(#5763,#5764),#1444,.F.);
#6346=CLOSED_SHELL('',(#6009,#6010,#6011,#6012,#6013,#6014,#6015,#6016,
#6017,#6018,#6019,#6020,#6021,#6022,#6023,#6024,#6025,#6026,#6027,#6028,
#6029,#6030,#6031,#6032,#6033,#6034,#6035,#6036,#6037,#6038,#6039,#6040,
#6041,#6042,#6043,#6044,#6045,#6046,#6047,#6048,#6049,#6050,#6051,#6052,
#6053,#6054,#6055,#6056,#6057,#6058,#6059,#6060,#6061,#6062,#6063,#6064,
#6065,#6066,#6067,#6068,#6069,#6070,#6071,#6072,#6073,#6074,#6075,#6076,
#6077,#6078,#6079,#6080,#6081,#6082,#6083,#6084,#6085,#6086,#6087,#6088,
#6089,#6090,#6091,#6092,#6093,#6094,#6095,#6096,#6097,#6098,#6099,#6100,
#6101,#6102,#6103,#6104,#6105,#6106,#6107,#6108,#6109,#6110,#6111,#6112,
#6113,#6114,#6115,#6116,#6117,#6118,#6119,#6120,#6121,#6122,#6123,#6124,
#6125,#6126,#6127,#6128,#6129,#6130,#6131,#6132,#6133,#6134,#6135,#6136,
#6137,#6138,#6139,#6140,#6141,#6142,#6143,#6144,#6145,#6146,#6147,#6148,
#6149,#6150,#6151,#6152,#6153,#6154,#6155,#6156,#6157,#6158,#6159,#6160,
#6161,#6162,#6163,#6164,#6165,#6166,#6167,#6168,#6169,#6170,#6171,#6172,
#6173,#6174,#6175,#6176,#6177,#6178,#6179,#6180,#6181,#6182,#6183,#6184,
#6185,#6186,#6187,#6188,#6189,#6190,#6191,#6192,#6193,#6194,#6195,#6196,
#6197,#6198,#6199,#6200,#6201,#6202,#6203,#6204,#6205,#6206,#6207,#6208,
#6209,#6210,#6211,#6212,#6213,#6214,#6215,#6216,#6217,#6218,#6219,#6220,
#6221,#6222,#6223,#6224,#6225,#6226,#6227,#6228,#6229,#6230,#6231,#6232,
#6233,#6234,#6235,#6236,#6237,#6238,#6239,#6240,#6241,#6242,#6243,#6244,
#6245,#6246,#6247,#6248,#6249,#6250,#6251,#6252,#6253,#6254,#6255,#6256,
#6257,#6258,#6259,#6260,#6261,#6262,#6263,#6264,#6265,#6266,#6267,#6268,
#6269,#6270,#6271,#6272,#6273,#6274,#6275,#6276,#6277,#6278,#6279,#6280,
#6281,#6282,#6283,#6284,#6285,#6286,#6287,#6288,#6289,#6290,#6291,#6292,
#6293,#6294,#6295,#6296,#6297,#6298,#6299,#6300,#6301,#6302,#6303,#6304,
#6305,#6306,#6307,#6308,#6309,#6310,#6311,#6312,#6313,#6314,#6315,#6316,
#6317,#6318,#6319,#6320,#6321,#6322,#6323,#6324,#6325,#6326,#6327,#6328,
#6329,#6330,#6331,#6332,#6333,#6334,#6335,#6336,#6337,#6338,#6339,#6340,
#6341,#6342,#6343,#6344,#6345));
#6347=STYLED_ITEM('',(#6348),#6451);
#6348=PRESENTATION_STYLE_ASSIGNMENT((#6365));
#6349=PRESENTATION_STYLE_ASSIGNMENT((#6366));
#6350=PRESENTATION_STYLE_ASSIGNMENT((#6367));
#6351=PRESENTATION_STYLE_ASSIGNMENT((#6368));
#6352=PRESENTATION_STYLE_ASSIGNMENT((#6369));
#6353=PRESENTATION_STYLE_ASSIGNMENT((#6370));
#6354=PRESENTATION_STYLE_ASSIGNMENT((#6371));
#6355=PRESENTATION_STYLE_ASSIGNMENT((#6372));
#6356=PRESENTATION_STYLE_ASSIGNMENT((#6373));
#6357=PRESENTATION_STYLE_ASSIGNMENT((#6374));
#6358=PRESENTATION_STYLE_ASSIGNMENT((#6375));
#6359=PRESENTATION_STYLE_ASSIGNMENT((#6376));
#6360=PRESENTATION_STYLE_ASSIGNMENT((#6377));
#6361=PRESENTATION_STYLE_ASSIGNMENT((#6378));
#6362=PRESENTATION_STYLE_ASSIGNMENT((#6379));
#6363=PRESENTATION_STYLE_ASSIGNMENT((#6380));
#6364=PRESENTATION_STYLE_ASSIGNMENT((#6381));
#6365=SURFACE_STYLE_USAGE(.BOTH.,#6382);
#6366=SURFACE_STYLE_USAGE(.BOTH.,#6383);
#6367=SURFACE_STYLE_USAGE(.BOTH.,#6384);
#6368=SURFACE_STYLE_USAGE(.BOTH.,#6385);
#6369=SURFACE_STYLE_USAGE(.BOTH.,#6386);
#6370=SURFACE_STYLE_USAGE(.BOTH.,#6387);
#6371=SURFACE_STYLE_USAGE(.BOTH.,#6388);
#6372=SURFACE_STYLE_USAGE(.BOTH.,#6389);
#6373=SURFACE_STYLE_USAGE(.BOTH.,#6390);
#6374=SURFACE_STYLE_USAGE(.BOTH.,#6391);
#6375=SURFACE_STYLE_USAGE(.BOTH.,#6392);
#6376=SURFACE_STYLE_USAGE(.BOTH.,#6393);
#6377=SURFACE_STYLE_USAGE(.BOTH.,#6394);
#6378=SURFACE_STYLE_USAGE(.BOTH.,#6395);
#6379=SURFACE_STYLE_USAGE(.BOTH.,#6396);
#6380=SURFACE_STYLE_USAGE(.BOTH.,#6397);
#6381=SURFACE_STYLE_USAGE(.BOTH.,#6398);
#6382=SURFACE_SIDE_STYLE('',(#6399));
#6383=SURFACE_SIDE_STYLE('',(#6400));
#6384=SURFACE_SIDE_STYLE('',(#6401));
#6385=SURFACE_SIDE_STYLE('',(#6402));
#6386=SURFACE_SIDE_STYLE('',(#6403));
#6387=SURFACE_SIDE_STYLE('',(#6404));
#6388=SURFACE_SIDE_STYLE('',(#6405));
#6389=SURFACE_SIDE_STYLE('',(#6406));
#6390=SURFACE_SIDE_STYLE('',(#6407));
#6391=SURFACE_SIDE_STYLE('',(#6408));
#6392=SURFACE_SIDE_STYLE('',(#6409));
#6393=SURFACE_SIDE_STYLE('',(#6410));
#6394=SURFACE_SIDE_STYLE('',(#6411));
#6395=SURFACE_SIDE_STYLE('',(#6412));
#6396=SURFACE_SIDE_STYLE('',(#6413));
#6397=SURFACE_SIDE_STYLE('',(#6414));
#6398=SURFACE_SIDE_STYLE('',(#6415));
#6399=SURFACE_STYLE_FILL_AREA(#6416);
#6400=SURFACE_STYLE_FILL_AREA(#6417);
#6401=SURFACE_STYLE_FILL_AREA(#6418);
#6402=SURFACE_STYLE_FILL_AREA(#6419);
#6403=SURFACE_STYLE_FILL_AREA(#6420);
#6404=SURFACE_STYLE_FILL_AREA(#6421);
#6405=SURFACE_STYLE_FILL_AREA(#6422);
#6406=SURFACE_STYLE_FILL_AREA(#6423);
#6407=SURFACE_STYLE_FILL_AREA(#6424);
#6408=SURFACE_STYLE_FILL_AREA(#6425);
#6409=SURFACE_STYLE_FILL_AREA(#6426);
#6410=SURFACE_STYLE_FILL_AREA(#6427);
#6411=SURFACE_STYLE_FILL_AREA(#6428);
#6412=SURFACE_STYLE_FILL_AREA(#6429);
#6413=SURFACE_STYLE_FILL_AREA(#6430);
#6414=SURFACE_STYLE_FILL_AREA(#6431);
#6415=SURFACE_STYLE_FILL_AREA(#6432);
#6416=FILL_AREA_STYLE('',(#6433));
#6417=FILL_AREA_STYLE('',(#6434));
#6418=FILL_AREA_STYLE('',(#6435));
#6419=FILL_AREA_STYLE('',(#6436));
#6420=FILL_AREA_STYLE('',(#6437));
#6421=FILL_AREA_STYLE('',(#6438));
#6422=FILL_AREA_STYLE('',(#6439));
#6423=FILL_AREA_STYLE('',(#6440));
#6424=FILL_AREA_STYLE('',(#6441));
#6425=FILL_AREA_STYLE('',(#6442));
#6426=FILL_AREA_STYLE('',(#6443));
#6427=FILL_AREA_STYLE('',(#6444));
#6428=FILL_AREA_STYLE('',(#6445));
#6429=FILL_AREA_STYLE('',(#6446));
#6430=FILL_AREA_STYLE('',(#6447));
#6431=FILL_AREA_STYLE('',(#6448));
#6432=FILL_AREA_STYLE('',(#6449));
#6433=FILL_AREA_STYLE_COLOUR('',#6450);
#6434=FILL_AREA_STYLE_COLOUR('',#6007);
#6435=FILL_AREA_STYLE_COLOUR('',#6007);
#6436=FILL_AREA_STYLE_COLOUR('',#6007);
#6437=FILL_AREA_STYLE_COLOUR('',#6007);
#6438=FILL_AREA_STYLE_COLOUR('',#6007);
#6439=FILL_AREA_STYLE_COLOUR('',#6007);
#6440=FILL_AREA_STYLE_COLOUR('',#6007);
#6441=FILL_AREA_STYLE_COLOUR('',#6007);
#6442=FILL_AREA_STYLE_COLOUR('',#6008);
#6443=FILL_AREA_STYLE_COLOUR('',#6007);
#6444=FILL_AREA_STYLE_COLOUR('',#6007);
#6445=FILL_AREA_STYLE_COLOUR('',#6007);
#6446=FILL_AREA_STYLE_COLOUR('',#6007);
#6447=FILL_AREA_STYLE_COLOUR('',#6007);
#6448=FILL_AREA_STYLE_COLOUR('',#6007);
#6449=FILL_AREA_STYLE_COLOUR('',#6008);
#6450=DRAUGHTING_PRE_DEFINED_COLOUR('white');
#6451=MANIFOLD_SOLID_BREP(
'DFN-8_L2.0-W2.0-P0.50-LS2.0-TL-EP~DFN-8_L2.0-W2.0-H0.8-P0.50~bRkH',#6346);
#6452=SHAPE_DEFINITION_REPRESENTATION(#11318,#6453);
#6453=SHAPE_REPRESENTATION(
'DFN-8_L2.0-W2.0-P0.50-LS2.0-TL-EP~DFN-8_L2.0-W2.0-H0.8-P0.50~bRkH',(#6454),
#11313);
#6454=AXIS2_PLACEMENT_3D('',#8657,#6987,#6988);
#6455=AXIS2_PLACEMENT_3D('',#8658,#6989,#6990);
#6456=AXIS2_PLACEMENT_3D('',#8659,#6991,#6992);
#6457=AXIS2_PLACEMENT_3D('',#8662,#6993,#6994);
#6458=AXIS2_PLACEMENT_3D('',#8663,#6995,#6996);
#6459=AXIS2_PLACEMENT_3D('',#8669,#6997,#6998);
#6460=AXIS2_PLACEMENT_3D('',#8675,#6999,#7000);
#6461=AXIS2_PLACEMENT_3D('',#8676,#7001,#7002);
#6462=AXIS2_PLACEMENT_3D('',#8677,#7003,#7004);
#6463=AXIS2_PLACEMENT_3D('',#8678,#7005,#7006);
#6464=AXIS2_PLACEMENT_3D('',#8686,#7007,#7008);
#6465=AXIS2_PLACEMENT_3D('',#8692,#7009,#7010);
#6466=AXIS2_PLACEMENT_3D('',#8693,#7011,#7012);
#6467=AXIS2_PLACEMENT_3D('',#8695,#7013,#7014);
#6468=AXIS2_PLACEMENT_3D('',#8698,#7016,#7017);
#6469=AXIS2_PLACEMENT_3D('',#8704,#7021,#7022);
#6470=AXIS2_PLACEMENT_3D('',#8705,#7023,#7024);
#6471=AXIS2_PLACEMENT_3D('',#8707,#7025,#7026);
#6472=AXIS2_PLACEMENT_3D('',#8713,#7027,#7028);
#6473=AXIS2_PLACEMENT_3D('',#8714,#7029,#7030);
#6474=AXIS2_PLACEMENT_3D('',#8716,#7031,#7032);
#6475=AXIS2_PLACEMENT_3D('',#8722,#7033,#7034);
#6476=AXIS2_PLACEMENT_3D('',#8723,#7035,#7036);
#6477=AXIS2_PLACEMENT_3D('',#8725,#7037,#7038);
#6478=AXIS2_PLACEMENT_3D('',#8728,#7040,#7041);
#6479=AXIS2_PLACEMENT_3D('',#8737,#7044,#7045);
#6480=AXIS2_PLACEMENT_3D('',#8738,#7046,#7047);
#6481=AXIS2_PLACEMENT_3D('',#8740,#7048,#7049);
#6482=AXIS2_PLACEMENT_3D('',#8746,#7050,#7051);
#6483=AXIS2_PLACEMENT_3D('',#8747,#7052,#7053);
#6484=AXIS2_PLACEMENT_3D('',#8749,#7054,#7055);
#6485=AXIS2_PLACEMENT_3D('',#8755,#7056,#7057);
#6486=AXIS2_PLACEMENT_3D('',#8761,#7061,#7062);
#6487=AXIS2_PLACEMENT_3D('',#8762,#7063,#7064);
#6488=AXIS2_PLACEMENT_3D('',#8764,#7065,#7066);
#6489=AXIS2_PLACEMENT_3D('',#8770,#7067,#7068);
#6490=AXIS2_PLACEMENT_3D('',#8771,#7069,#7070);
#6491=AXIS2_PLACEMENT_3D('',#8773,#7071,#7072);
#6492=AXIS2_PLACEMENT_3D('',#8776,#7074,#7075);
#6493=AXIS2_PLACEMENT_3D('',#8777,#7076,#7077);
#6494=AXIS2_PLACEMENT_3D('',#8779,#7078,#7079);
#6495=AXIS2_PLACEMENT_3D('',#8785,#7080,#7081);
#6496=AXIS2_PLACEMENT_3D('',#8786,#7082,#7083);
#6497=AXIS2_PLACEMENT_3D('',#8788,#7084,#7085);
#6498=AXIS2_PLACEMENT_3D('',#8794,#7086,#7087);
#6499=AXIS2_PLACEMENT_3D('',#8795,#7088,#7089);
#6500=AXIS2_PLACEMENT_3D('',#8797,#7090,#7091);
#6501=AXIS2_PLACEMENT_3D('',#8800,#7093,#7094);
#6502=AXIS2_PLACEMENT_3D('',#8801,#7095,#7096);
#6503=AXIS2_PLACEMENT_3D('',#8803,#7097,#7098);
#6504=AXIS2_PLACEMENT_3D('',#8809,#7099,#7100);
#6505=AXIS2_PLACEMENT_3D('',#8810,#7101,#7102);
#6506=AXIS2_PLACEMENT_3D('',#8812,#7103,#7104);
#6507=AXIS2_PLACEMENT_3D('',#8815,#7106,#7107);
#6508=AXIS2_PLACEMENT_3D('',#8821,#7111,#7112);
#6509=AXIS2_PLACEMENT_3D('',#8827,#7116,#7117);
#6510=AXIS2_PLACEMENT_3D('',#8833,#7121,#7122);
#6511=AXIS2_PLACEMENT_3D('',#8839,#7126,#7127);
#6512=AXIS2_PLACEMENT_3D('',#8840,#7128,#7129);
#6513=AXIS2_PLACEMENT_3D('',#8842,#7130,#7131);
#6514=AXIS2_PLACEMENT_3D('',#8848,#7132,#7133);
#6515=AXIS2_PLACEMENT_3D('',#8849,#7134,#7135);
#6516=AXIS2_PLACEMENT_3D('',#8851,#7136,#7137);
#6517=AXIS2_PLACEMENT_3D('',#8854,#7139,#7140);
#6518=AXIS2_PLACEMENT_3D('',#8855,#7141,#7142);
#6519=AXIS2_PLACEMENT_3D('',#8857,#7143,#7144);
#6520=AXIS2_PLACEMENT_3D('',#8863,#7145,#7146);
#6521=AXIS2_PLACEMENT_3D('',#8864,#7147,#7148);
#6522=AXIS2_PLACEMENT_3D('',#8866,#7149,#7150);
#6523=AXIS2_PLACEMENT_3D('',#8872,#7151,#7152);
#6524=AXIS2_PLACEMENT_3D('',#8873,#7153,#7154);
#6525=AXIS2_PLACEMENT_3D('',#8875,#7155,#7156);
#6526=AXIS2_PLACEMENT_3D('',#8881,#7157,#7158);
#6527=AXIS2_PLACEMENT_3D('',#8882,#7159,#7160);
#6528=AXIS2_PLACEMENT_3D('',#8884,#7161,#7162);
#6529=AXIS2_PLACEMENT_3D('',#8890,#7163,#7164);
#6530=AXIS2_PLACEMENT_3D('',#8896,#7168,#7169);
#6531=AXIS2_PLACEMENT_3D('',#8897,#7170,#7171);
#6532=AXIS2_PLACEMENT_3D('',#8899,#7172,#7173);
#6533=AXIS2_PLACEMENT_3D('',#8905,#7174,#7175);
#6534=AXIS2_PLACEMENT_3D('',#8906,#7176,#7177);
#6535=AXIS2_PLACEMENT_3D('',#8908,#7178,#7179);
#6536=AXIS2_PLACEMENT_3D('',#8914,#7180,#7181);
#6537=AXIS2_PLACEMENT_3D('',#8915,#7182,#7183);
#6538=AXIS2_PLACEMENT_3D('',#8917,#7184,#7185);
#6539=AXIS2_PLACEMENT_3D('',#8923,#7186,#7187);
#6540=AXIS2_PLACEMENT_3D('',#8924,#7188,#7189);
#6541=AXIS2_PLACEMENT_3D('',#8926,#7190,#7191);
#6542=AXIS2_PLACEMENT_3D('',#8929,#7193,#7194);
#6543=AXIS2_PLACEMENT_3D('',#8930,#7195,#7196);
#6544=AXIS2_PLACEMENT_3D('',#8931,#7197,#7198);
#6545=AXIS2_PLACEMENT_3D('',#8932,#7199,#7200);
#6546=AXIS2_PLACEMENT_3D('',#8933,#7201,#7202);
#6547=AXIS2_PLACEMENT_3D('',#8941,#7206,#7207);
#6548=AXIS2_PLACEMENT_3D('',#8943,#7208,#7209);
#6549=AXIS2_PLACEMENT_3D('',#8944,#7210,#7211);
#6550=AXIS2_PLACEMENT_3D('',#8953,#7214,#7215);
#6551=AXIS2_PLACEMENT_3D('',#8956,#7217,#7218);
#6552=AXIS2_PLACEMENT_3D('',#8957,#7219,#7220);
#6553=AXIS2_PLACEMENT_3D('',#8960,#7222,#7223);
#6554=AXIS2_PLACEMENT_3D('',#8961,#7224,#7225);
#6555=AXIS2_PLACEMENT_3D('',#8965,#7228,#7229);
#6556=AXIS2_PLACEMENT_3D('',#8967,#7231,#7232);
#6557=AXIS2_PLACEMENT_3D('',#8976,#7237,#7238);
#6558=AXIS2_PLACEMENT_3D('',#8982,#7242,#7243);
#6559=AXIS2_PLACEMENT_3D('',#8988,#7247,#7248);
#6560=AXIS2_PLACEMENT_3D('',#8994,#7252,#7253);
#6561=AXIS2_PLACEMENT_3D('',#9000,#7257,#7258);
#6562=AXIS2_PLACEMENT_3D('',#9006,#7262,#7263);
#6563=AXIS2_PLACEMENT_3D('',#9012,#7267,#7268);
#6564=AXIS2_PLACEMENT_3D('',#9015,#7271,#7272);
#6565=AXIS2_PLACEMENT_3D('',#9016,#7273,#7274);
#6566=AXIS2_PLACEMENT_3D('',#9017,#7275,#7276);
#6567=AXIS2_PLACEMENT_3D('',#9026,#7280,#7281);
#6568=AXIS2_PLACEMENT_3D('',#9028,#7282,#7283);
#6569=AXIS2_PLACEMENT_3D('',#9030,#7284,#7285);
#6570=AXIS2_PLACEMENT_3D('',#9031,#7286,#7287);
#6571=AXIS2_PLACEMENT_3D('',#9037,#7288,#7289);
#6572=AXIS2_PLACEMENT_3D('',#9043,#7290,#7291);
#6573=AXIS2_PLACEMENT_3D('',#9049,#7292,#7293);
#6574=AXIS2_PLACEMENT_3D('',#9050,#7294,#7295);
#6575=AXIS2_PLACEMENT_3D('',#9056,#7296,#7297);
#6576=AXIS2_PLACEMENT_3D('',#9057,#7298,#7299);
#6577=AXIS2_PLACEMENT_3D('',#9063,#7300,#7301);
#6578=AXIS2_PLACEMENT_3D('',#9064,#7302,#7303);
#6579=AXIS2_PLACEMENT_3D('',#9068,#7306,#7307);
#6580=AXIS2_PLACEMENT_3D('',#9072,#7310,#7311);
#6581=AXIS2_PLACEMENT_3D('',#9074,#7313,#7314);
#6582=AXIS2_PLACEMENT_3D('',#9083,#7319,#7320);
#6583=AXIS2_PLACEMENT_3D('',#9092,#7323,#7324);
#6584=AXIS2_PLACEMENT_3D('',#9093,#7325,#7326);
#6585=AXIS2_PLACEMENT_3D('',#9095,#7327,#7328);
#6586=AXIS2_PLACEMENT_3D('',#9101,#7329,#7330);
#6587=AXIS2_PLACEMENT_3D('',#9102,#7331,#7332);
#6588=AXIS2_PLACEMENT_3D('',#9104,#7333,#7334);
#6589=AXIS2_PLACEMENT_3D('',#9110,#7335,#7336);
#6590=AXIS2_PLACEMENT_3D('',#9111,#7337,#7338);
#6591=AXIS2_PLACEMENT_3D('',#9113,#7339,#7340);
#6592=AXIS2_PLACEMENT_3D('',#9119,#7341,#7342);
#6593=AXIS2_PLACEMENT_3D('',#9120,#7343,#7344);
#6594=AXIS2_PLACEMENT_3D('',#9122,#7345,#7346);
#6595=AXIS2_PLACEMENT_3D('',#9128,#7347,#7348);
#6596=AXIS2_PLACEMENT_3D('',#9131,#7351,#7352);
#6597=AXIS2_PLACEMENT_3D('',#9132,#7353,#7354);
#6598=AXIS2_PLACEMENT_3D('',#9157,#7367,#7368);
#6599=AXIS2_PLACEMENT_3D('',#9163,#7372,#7373);
#6600=AXIS2_PLACEMENT_3D('',#9167,#7376,#7377);
#6601=AXIS2_PLACEMENT_3D('',#9171,#7380,#7381);
#6602=AXIS2_PLACEMENT_3D('',#9175,#7384,#7385);
#6603=AXIS2_PLACEMENT_3D('',#9179,#7388,#7389);
#6604=AXIS2_PLACEMENT_3D('',#9183,#7392,#7393);
#6605=AXIS2_PLACEMENT_3D('',#9187,#7396,#7397);
#6606=AXIS2_PLACEMENT_3D('',#9191,#7400,#7401);
#6607=AXIS2_PLACEMENT_3D('',#9195,#7404,#7405);
#6608=AXIS2_PLACEMENT_3D('',#9199,#7408,#7409);
#6609=AXIS2_PLACEMENT_3D('',#9203,#7412,#7413);
#6610=AXIS2_PLACEMENT_3D('',#9205,#7415,#7416);
#6611=AXIS2_PLACEMENT_3D('',#9211,#7419,#7420);
#6612=AXIS2_PLACEMENT_3D('',#9225,#7427,#7428);
#6613=AXIS2_PLACEMENT_3D('',#9227,#7429,#7430);
#6614=AXIS2_PLACEMENT_3D('',#9231,#7432,#7433);
#6615=AXIS2_PLACEMENT_3D('',#9233,#7434,#7435);
#6616=AXIS2_PLACEMENT_3D('',#9236,#7437,#7438);
#6617=AXIS2_PLACEMENT_3D('',#9245,#7441,#7442);
#6618=AXIS2_PLACEMENT_3D('',#9246,#7443,#7444);
#6619=AXIS2_PLACEMENT_3D('',#9252,#7445,#7446);
#6620=AXIS2_PLACEMENT_3D('',#9253,#7447,#7448);
#6621=AXIS2_PLACEMENT_3D('',#9256,#7450,#7451);
#6622=AXIS2_PLACEMENT_3D('',#9260,#7454,#7455);
#6623=AXIS2_PLACEMENT_3D('',#9261,#7456,#7457);
#6624=AXIS2_PLACEMENT_3D('',#9267,#7458,#7459);
#6625=AXIS2_PLACEMENT_3D('',#9268,#7460,#7461);
#6626=AXIS2_PLACEMENT_3D('',#9274,#7462,#7463);
#6627=AXIS2_PLACEMENT_3D('',#9278,#7466,#7467);
#6628=AXIS2_PLACEMENT_3D('',#9282,#7470,#7471);
#6629=AXIS2_PLACEMENT_3D('',#9286,#7474,#7475);
#6630=AXIS2_PLACEMENT_3D('',#9290,#7478,#7479);
#6631=AXIS2_PLACEMENT_3D('',#9294,#7482,#7483);
#6632=AXIS2_PLACEMENT_3D('',#9306,#7486,#7487);
#6633=AXIS2_PLACEMENT_3D('',#9309,#7489,#7490);
#6634=AXIS2_PLACEMENT_3D('',#9313,#7493,#7494);
#6635=AXIS2_PLACEMENT_3D('',#9315,#7496,#7497);
#6636=AXIS2_PLACEMENT_3D('',#9316,#7498,#7499);
#6637=AXIS2_PLACEMENT_3D('',#9321,#7501,#7502);
#6638=AXIS2_PLACEMENT_3D('',#9323,#7503,#7504);
#6639=AXIS2_PLACEMENT_3D('',#9325,#7505,#7506);
#6640=AXIS2_PLACEMENT_3D('',#9327,#7507,#7508);
#6641=AXIS2_PLACEMENT_3D('',#9334,#7509,#7510);
#6642=AXIS2_PLACEMENT_3D('',#9336,#7511,#7512);
#6643=AXIS2_PLACEMENT_3D('',#9338,#7513,#7514);
#6644=AXIS2_PLACEMENT_3D('',#9340,#7515,#7516);
#6645=AXIS2_PLACEMENT_3D('',#9342,#7517,#7518);
#6646=AXIS2_PLACEMENT_3D('',#9346,#7520,#7521);
#6647=AXIS2_PLACEMENT_3D('',#9348,#7522,#7523);
#6648=AXIS2_PLACEMENT_3D('',#9350,#7524,#7525);
#6649=AXIS2_PLACEMENT_3D('',#9352,#7526,#7527);
#6650=AXIS2_PLACEMENT_3D('',#9359,#7528,#7529);
#6651=AXIS2_PLACEMENT_3D('',#9361,#7530,#7531);
#6652=AXIS2_PLACEMENT_3D('',#9363,#7532,#7533);
#6653=AXIS2_PLACEMENT_3D('',#9364,#7534,#7535);
#6654=AXIS2_PLACEMENT_3D('',#9365,#7536,#7537);
#6655=AXIS2_PLACEMENT_3D('',#9376,#7538,#7539);
#6656=AXIS2_PLACEMENT_3D('',#9377,#7540,#7541);
#6657=AXIS2_PLACEMENT_3D('',#9383,#7542,#7543);
#6658=AXIS2_PLACEMENT_3D('',#9384,#7544,#7545);
#6659=AXIS2_PLACEMENT_3D('',#9407,#7546,#7547);
#6660=AXIS2_PLACEMENT_3D('',#9408,#7548,#7549);
#6661=AXIS2_PLACEMENT_3D('',#9414,#7550,#7551);
#6662=AXIS2_PLACEMENT_3D('',#9415,#7552,#7553);
#6663=AXIS2_PLACEMENT_3D('',#9421,#7554,#7555);
#6664=AXIS2_PLACEMENT_3D('',#9422,#7556,#7557);
#6665=AXIS2_PLACEMENT_3D('',#9428,#7558,#7559);
#6666=AXIS2_PLACEMENT_3D('',#9429,#7560,#7561);
#6667=AXIS2_PLACEMENT_3D('',#9432,#7563,#7564);
#6668=AXIS2_PLACEMENT_3D('',#9436,#7567,#7568);
#6669=AXIS2_PLACEMENT_3D('',#9437,#7569,#7570);
#6670=AXIS2_PLACEMENT_3D('',#9443,#7571,#7572);
#6671=AXIS2_PLACEMENT_3D('',#9444,#7573,#7574);
#6672=AXIS2_PLACEMENT_3D('',#9450,#7575,#7576);
#6673=AXIS2_PLACEMENT_3D('',#9451,#7577,#7578);
#6674=AXIS2_PLACEMENT_3D('',#9457,#7579,#7580);
#6675=AXIS2_PLACEMENT_3D('',#9458,#7581,#7582);
#6676=AXIS2_PLACEMENT_3D('',#9464,#7583,#7584);
#6677=AXIS2_PLACEMENT_3D('',#9465,#7585,#7586);
#6678=AXIS2_PLACEMENT_3D('',#9488,#7587,#7588);
#6679=AXIS2_PLACEMENT_3D('',#9489,#7589,#7590);
#6680=AXIS2_PLACEMENT_3D('',#9492,#7592,#7593);
#6681=AXIS2_PLACEMENT_3D('',#9493,#7594,#7595);
#6682=AXIS2_PLACEMENT_3D('',#9499,#7596,#7597);
#6683=AXIS2_PLACEMENT_3D('',#9500,#7598,#7599);
#6684=AXIS2_PLACEMENT_3D('',#9506,#7600,#7601);
#6685=AXIS2_PLACEMENT_3D('',#9507,#7602,#7603);
#6686=AXIS2_PLACEMENT_3D('',#9510,#7605,#7606);
#6687=AXIS2_PLACEMENT_3D('',#9514,#7609,#7610);
#6688=AXIS2_PLACEMENT_3D('',#9515,#7611,#7612);
#6689=AXIS2_PLACEMENT_3D('',#9516,#7613,#7614);
#6690=AXIS2_PLACEMENT_3D('',#9520,#7616,#7617);
#6691=AXIS2_PLACEMENT_3D('',#9522,#7618,#7619);
#6692=AXIS2_PLACEMENT_3D('',#9524,#7620,#7621);
#6693=AXIS2_PLACEMENT_3D('',#9526,#7622,#7623);
#6694=AXIS2_PLACEMENT_3D('',#9528,#7624,#7625);
#6695=AXIS2_PLACEMENT_3D('',#9530,#7626,#7627);
#6696=AXIS2_PLACEMENT_3D('',#9533,#7629,#7630);
#6697=AXIS2_PLACEMENT_3D('',#9542,#7633,#7634);
#6698=AXIS2_PLACEMENT_3D('',#9549,#7636,#7637);
#6699=AXIS2_PLACEMENT_3D('',#9555,#7638,#7639);
#6700=AXIS2_PLACEMENT_3D('',#9556,#7640,#7641);
#6701=AXIS2_PLACEMENT_3D('',#9562,#7642,#7643);
#6702=AXIS2_PLACEMENT_3D('',#9563,#7644,#7645);
#6703=AXIS2_PLACEMENT_3D('',#9569,#7646,#7647);
#6704=AXIS2_PLACEMENT_3D('',#9570,#7648,#7649);
#6705=AXIS2_PLACEMENT_3D('',#9576,#7650,#7651);
#6706=AXIS2_PLACEMENT_3D('',#9577,#7652,#7653);
#6707=AXIS2_PLACEMENT_3D('',#9583,#7654,#7655);
#6708=AXIS2_PLACEMENT_3D('',#9584,#7656,#7657);
#6709=AXIS2_PLACEMENT_3D('',#9585,#7658,#7659);
#6710=AXIS2_PLACEMENT_3D('',#9586,#7660,#7661);
#6711=AXIS2_PLACEMENT_3D('',#9587,#7662,#7663);
#6712=AXIS2_PLACEMENT_3D('',#9595,#7664,#7665);
#6713=AXIS2_PLACEMENT_3D('',#9601,#7666,#7667);
#6714=AXIS2_PLACEMENT_3D('',#9607,#7671,#7672);
#6715=AXIS2_PLACEMENT_3D('',#9613,#7676,#7677);
#6716=AXIS2_PLACEMENT_3D('',#9619,#7681,#7682);
#6717=AXIS2_PLACEMENT_3D('',#9647,#7686,#7687);
#6718=AXIS2_PLACEMENT_3D('',#9648,#7688,#7689);
#6719=AXIS2_PLACEMENT_3D('',#9650,#7690,#7691);
#6720=AXIS2_PLACEMENT_3D('',#9656,#7692,#7693);
#6721=AXIS2_PLACEMENT_3D('',#9657,#7694,#7695);
#6722=AXIS2_PLACEMENT_3D('',#9659,#7696,#7697);
#6723=AXIS2_PLACEMENT_3D('',#9665,#7698,#7699);
#6724=AXIS2_PLACEMENT_3D('',#9666,#7700,#7701);
#6725=AXIS2_PLACEMENT_3D('',#9668,#7702,#7703);
#6726=AXIS2_PLACEMENT_3D('',#9674,#7704,#7705);
#6727=AXIS2_PLACEMENT_3D('',#9680,#7709,#7710);
#6728=AXIS2_PLACEMENT_3D('',#9681,#7711,#7712);
#6729=AXIS2_PLACEMENT_3D('',#9683,#7713,#7714);
#6730=AXIS2_PLACEMENT_3D('',#9689,#7715,#7716);
#6731=AXIS2_PLACEMENT_3D('',#9690,#7717,#7718);
#6732=AXIS2_PLACEMENT_3D('',#9692,#7719,#7720);
#6733=AXIS2_PLACEMENT_3D('',#9695,#7722,#7723);
#6734=AXIS2_PLACEMENT_3D('',#9701,#7727,#7728);
#6735=AXIS2_PLACEMENT_3D('',#9702,#7729,#7730);
#6736=AXIS2_PLACEMENT_3D('',#9703,#7731,#7732);
#6737=AXIS2_PLACEMENT_3D('',#9704,#7733,#7734);
#6738=AXIS2_PLACEMENT_3D('',#9705,#7735,#7736);
#6739=AXIS2_PLACEMENT_3D('',#9730,#7749,#7750);
#6740=AXIS2_PLACEMENT_3D('',#9736,#7754,#7755);
#6741=AXIS2_PLACEMENT_3D('',#9740,#7758,#7759);
#6742=AXIS2_PLACEMENT_3D('',#9744,#7762,#7763);
#6743=AXIS2_PLACEMENT_3D('',#9748,#7766,#7767);
#6744=AXIS2_PLACEMENT_3D('',#9752,#7770,#7771);
#6745=AXIS2_PLACEMENT_3D('',#9756,#7774,#7775);
#6746=AXIS2_PLACEMENT_3D('',#9760,#7778,#7779);
#6747=AXIS2_PLACEMENT_3D('',#9764,#7782,#7783);
#6748=AXIS2_PLACEMENT_3D('',#9768,#7786,#7787);
#6749=AXIS2_PLACEMENT_3D('',#9772,#7790,#7791);
#6750=AXIS2_PLACEMENT_3D('',#9776,#7794,#7795);
#6751=AXIS2_PLACEMENT_3D('',#9778,#7797,#7798);
#6752=AXIS2_PLACEMENT_3D('',#9786,#7802,#7803);
#6753=AXIS2_PLACEMENT_3D('',#9788,#7804,#7805);
#6754=AXIS2_PLACEMENT_3D('',#9789,#7806,#7807);
#6755=AXIS2_PLACEMENT_3D('',#9798,#7810,#7811);
#6756=AXIS2_PLACEMENT_3D('',#9801,#7813,#7814);
#6757=AXIS2_PLACEMENT_3D('',#9802,#7815,#7816);
#6758=AXIS2_PLACEMENT_3D('',#9805,#7818,#7819);
#6759=AXIS2_PLACEMENT_3D('',#9806,#7820,#7821);
#6760=AXIS2_PLACEMENT_3D('',#9810,#7824,#7825);
#6761=AXIS2_PLACEMENT_3D('',#9812,#7827,#7828);
#6762=AXIS2_PLACEMENT_3D('',#9821,#7833,#7834);
#6763=AXIS2_PLACEMENT_3D('',#9827,#7838,#7839);
#6764=AXIS2_PLACEMENT_3D('',#9833,#7843,#7844);
#6765=AXIS2_PLACEMENT_3D('',#9839,#7848,#7849);
#6766=AXIS2_PLACEMENT_3D('',#9845,#7853,#7854);
#6767=AXIS2_PLACEMENT_3D('',#9851,#7858,#7859);
#6768=AXIS2_PLACEMENT_3D('',#9857,#7863,#7864);
#6769=AXIS2_PLACEMENT_3D('',#9860,#7867,#7868);
#6770=AXIS2_PLACEMENT_3D('',#9861,#7869,#7870);
#6771=AXIS2_PLACEMENT_3D('',#9862,#7871,#7872);
#6772=AXIS2_PLACEMENT_3D('',#9871,#7876,#7877);
#6773=AXIS2_PLACEMENT_3D('',#9873,#7878,#7879);
#6774=AXIS2_PLACEMENT_3D('',#9875,#7880,#7881);
#6775=AXIS2_PLACEMENT_3D('',#9876,#7882,#7883);
#6776=AXIS2_PLACEMENT_3D('',#9882,#7884,#7885);
#6777=AXIS2_PLACEMENT_3D('',#9888,#7886,#7887);
#6778=AXIS2_PLACEMENT_3D('',#9894,#7888,#7889);
#6779=AXIS2_PLACEMENT_3D('',#9895,#7890,#7891);
#6780=AXIS2_PLACEMENT_3D('',#9901,#7892,#7893);
#6781=AXIS2_PLACEMENT_3D('',#9902,#7894,#7895);
#6782=AXIS2_PLACEMENT_3D('',#9908,#7896,#7897);
#6783=AXIS2_PLACEMENT_3D('',#9909,#7898,#7899);
#6784=AXIS2_PLACEMENT_3D('',#9913,#7902,#7903);
#6785=AXIS2_PLACEMENT_3D('',#9917,#7906,#7907);
#6786=AXIS2_PLACEMENT_3D('',#9919,#7909,#7910);
#6787=AXIS2_PLACEMENT_3D('',#9928,#7915,#7916);
#6788=AXIS2_PLACEMENT_3D('',#9937,#7919,#7920);
#6789=AXIS2_PLACEMENT_3D('',#9938,#7921,#7922);
#6790=AXIS2_PLACEMENT_3D('',#9940,#7923,#7924);
#6791=AXIS2_PLACEMENT_3D('',#9946,#7925,#7926);
#6792=AXIS2_PLACEMENT_3D('',#9947,#7927,#7928);
#6793=AXIS2_PLACEMENT_3D('',#9949,#7929,#7930);
#6794=AXIS2_PLACEMENT_3D('',#9955,#7931,#7932);
#6795=AXIS2_PLACEMENT_3D('',#9956,#7933,#7934);
#6796=AXIS2_PLACEMENT_3D('',#9958,#7935,#7936);
#6797=AXIS2_PLACEMENT_3D('',#9964,#7937,#7938);
#6798=AXIS2_PLACEMENT_3D('',#9965,#7939,#7940);
#6799=AXIS2_PLACEMENT_3D('',#9967,#7941,#7942);
#6800=AXIS2_PLACEMENT_3D('',#9973,#7943,#7944);
#6801=AXIS2_PLACEMENT_3D('',#9976,#7947,#7948);
#6802=AXIS2_PLACEMENT_3D('',#9977,#7949,#7950);
#6803=AXIS2_PLACEMENT_3D('',#10002,#7963,#7964);
#6804=AXIS2_PLACEMENT_3D('',#10008,#7968,#7969);
#6805=AXIS2_PLACEMENT_3D('',#10012,#7972,#7973);
#6806=AXIS2_PLACEMENT_3D('',#10016,#7976,#7977);
#6807=AXIS2_PLACEMENT_3D('',#10020,#7980,#7981);
#6808=AXIS2_PLACEMENT_3D('',#10024,#7984,#7985);
#6809=AXIS2_PLACEMENT_3D('',#10028,#7988,#7989);
#6810=AXIS2_PLACEMENT_3D('',#10032,#7992,#7993);
#6811=AXIS2_PLACEMENT_3D('',#10036,#7996,#7997);
#6812=AXIS2_PLACEMENT_3D('',#10040,#8000,#8001);
#6813=AXIS2_PLACEMENT_3D('',#10044,#8004,#8005);
#6814=AXIS2_PLACEMENT_3D('',#10048,#8008,#8009);
#6815=AXIS2_PLACEMENT_3D('',#10050,#8011,#8012);
#6816=AXIS2_PLACEMENT_3D('',#10051,#8013,#8014);
#6817=AXIS2_PLACEMENT_3D('',#10056,#8016,#8017);
#6818=AXIS2_PLACEMENT_3D('',#10058,#8018,#8019);
#6819=AXIS2_PLACEMENT_3D('',#10060,#8020,#8021);
#6820=AXIS2_PLACEMENT_3D('',#10062,#8022,#8023);
#6821=AXIS2_PLACEMENT_3D('',#10064,#8024,#8025);
#6822=AXIS2_PLACEMENT_3D('',#10066,#8026,#8027);
#6823=AXIS2_PLACEMENT_3D('',#10070,#8029,#8030);
#6824=AXIS2_PLACEMENT_3D('',#10072,#8031,#8032);
#6825=AXIS2_PLACEMENT_3D('',#10074,#8033,#8034);
#6826=AXIS2_PLACEMENT_3D('',#10076,#8035,#8036);
#6827=AXIS2_PLACEMENT_3D('',#10078,#8037,#8038);
#6828=AXIS2_PLACEMENT_3D('',#10079,#8039,#8040);
#6829=AXIS2_PLACEMENT_3D('',#10080,#8041,#8042);
#6830=AXIS2_PLACEMENT_3D('',#10091,#8043,#8044);
#6831=AXIS2_PLACEMENT_3D('',#10092,#8045,#8046);
#6832=AXIS2_PLACEMENT_3D('',#10098,#8047,#8048);
#6833=AXIS2_PLACEMENT_3D('',#10099,#8049,#8050);
#6834=AXIS2_PLACEMENT_3D('',#10105,#8051,#8052);
#6835=AXIS2_PLACEMENT_3D('',#10106,#8053,#8054);
#6836=AXIS2_PLACEMENT_3D('',#10112,#8055,#8056);
#6837=AXIS2_PLACEMENT_3D('',#10113,#8057,#8058);
#6838=AXIS2_PLACEMENT_3D('',#10116,#8060,#8061);
#6839=AXIS2_PLACEMENT_3D('',#10120,#8064,#8065);
#6840=AXIS2_PLACEMENT_3D('',#10121,#8066,#8067);
#6841=AXIS2_PLACEMENT_3D('',#10127,#8068,#8069);
#6842=AXIS2_PLACEMENT_3D('',#10128,#8070,#8071);
#6843=AXIS2_PLACEMENT_3D('',#10134,#8072,#8073);
#6844=AXIS2_PLACEMENT_3D('',#10135,#8074,#8075);
#6845=AXIS2_PLACEMENT_3D('',#10141,#8076,#8077);
#6846=AXIS2_PLACEMENT_3D('',#10142,#8078,#8079);
#6847=AXIS2_PLACEMENT_3D('',#10148,#8080,#8081);
#6848=AXIS2_PLACEMENT_3D('',#10149,#8082,#8083);
#6849=AXIS2_PLACEMENT_3D('',#10155,#8084,#8085);
#6850=AXIS2_PLACEMENT_3D('',#10156,#8086,#8087);
#6851=AXIS2_PLACEMENT_3D('',#10159,#8089,#8090);
#6852=AXIS2_PLACEMENT_3D('',#10163,#8093,#8094);
#6853=AXIS2_PLACEMENT_3D('',#10164,#8095,#8096);
#6854=AXIS2_PLACEMENT_3D('',#10165,#8097,#8098);
#6855=AXIS2_PLACEMENT_3D('',#10178,#8105,#8106);
#6856=AXIS2_PLACEMENT_3D('',#10184,#8110,#8111);
#6857=AXIS2_PLACEMENT_3D('',#10188,#8114,#8115);
#6858=AXIS2_PLACEMENT_3D('',#10192,#8118,#8119);
#6859=AXIS2_PLACEMENT_3D('',#10196,#8122,#8123);
#6860=AXIS2_PLACEMENT_3D('',#10200,#8126,#8127);
#6861=AXIS2_PLACEMENT_3D('',#10202,#8129,#8130);
#6862=AXIS2_PLACEMENT_3D('',#10230,#8134,#8135);
#6863=AXIS2_PLACEMENT_3D('',#10231,#8136,#8137);
#6864=AXIS2_PLACEMENT_3D('',#10239,#8141,#8142);
#6865=AXIS2_PLACEMENT_3D('',#10244,#8145,#8146);
#6866=AXIS2_PLACEMENT_3D('',#10257,#8153,#8154);
#6867=AXIS2_PLACEMENT_3D('',#10263,#8158,#8159);
#6868=AXIS2_PLACEMENT_3D('',#10267,#8162,#8163);
#6869=AXIS2_PLACEMENT_3D('',#10271,#8166,#8167);
#6870=AXIS2_PLACEMENT_3D('',#10275,#8170,#8171);
#6871=AXIS2_PLACEMENT_3D('',#10279,#8174,#8175);
#6872=AXIS2_PLACEMENT_3D('',#10281,#8177,#8178);
#6873=AXIS2_PLACEMENT_3D('',#10285,#8180,#8181);
#6874=AXIS2_PLACEMENT_3D('',#10327,#8182,#8183);
#6875=AXIS2_PLACEMENT_3D('',#10331,#8185,#8186);
#6876=AXIS2_PLACEMENT_3D('',#10373,#8187,#8188);
#6877=AXIS2_PLACEMENT_3D('',#10374,#8189,#8190);
#6878=AXIS2_PLACEMENT_3D('',#10375,#8191,#8192);
#6879=AXIS2_PLACEMENT_3D('',#10504,#8195,#8196);
#6880=AXIS2_PLACEMENT_3D('',#10505,#8197,#8198);
#6881=AXIS2_PLACEMENT_3D('',#10508,#8200,#8201);
#6882=AXIS2_PLACEMENT_3D('',#10512,#8204,#8205);
#6883=AXIS2_PLACEMENT_3D('',#10513,#8206,#8207);
#6884=AXIS2_PLACEMENT_3D('',#10640,#8209,#8210);
#6885=AXIS2_PLACEMENT_3D('',#10641,#8211,#8212);
#6886=AXIS2_PLACEMENT_3D('',#10643,#8213,#8214);
#6887=AXIS2_PLACEMENT_3D('',#10644,#8215,#8216);
#6888=AXIS2_PLACEMENT_3D('',#10646,#8218,#8219);
#6889=AXIS2_PLACEMENT_3D('',#10671,#8232,#8233);
#6890=AXIS2_PLACEMENT_3D('',#10677,#8237,#8238);
#6891=AXIS2_PLACEMENT_3D('',#10681,#8241,#8242);
#6892=AXIS2_PLACEMENT_3D('',#10685,#8245,#8246);
#6893=AXIS2_PLACEMENT_3D('',#10689,#8249,#8250);
#6894=AXIS2_PLACEMENT_3D('',#10693,#8253,#8254);
#6895=AXIS2_PLACEMENT_3D('',#10697,#8257,#8258);
#6896=AXIS2_PLACEMENT_3D('',#10701,#8261,#8262);
#6897=AXIS2_PLACEMENT_3D('',#10705,#8265,#8266);
#6898=AXIS2_PLACEMENT_3D('',#10709,#8269,#8270);
#6899=AXIS2_PLACEMENT_3D('',#10713,#8273,#8274);
#6900=AXIS2_PLACEMENT_3D('',#10717,#8277,#8278);
#6901=AXIS2_PLACEMENT_3D('',#10719,#8280,#8281);
#6902=AXIS2_PLACEMENT_3D('',#10725,#8285,#8286);
#6903=AXIS2_PLACEMENT_3D('',#10732,#8288,#8289);
#6904=AXIS2_PLACEMENT_3D('',#10733,#8290,#8291);
#6905=AXIS2_PLACEMENT_3D('',#10804,#8293,#8294);
#6906=AXIS2_PLACEMENT_3D('',#10806,#8296,#8297);
#6907=AXIS2_PLACEMENT_3D('',#10810,#8299,#8300);
#6908=AXIS2_PLACEMENT_3D('',#10835,#8303,#8304);
#6909=AXIS2_PLACEMENT_3D('',#10836,#8305,#8306);
#6910=AXIS2_PLACEMENT_3D('',#10906,#8308,#8309);
#6911=AXIS2_PLACEMENT_3D('',#10910,#8312,#8313);
#6912=AXIS2_PLACEMENT_3D('',#10914,#8316,#8317);
#6913=AXIS2_PLACEMENT_3D('',#10916,#8319,#8320);
#6914=AXIS2_PLACEMENT_3D('',#10922,#8324,#8325);
#6915=AXIS2_PLACEMENT_3D('',#10923,#8326,#8327);
#6916=AXIS2_PLACEMENT_3D('',#10926,#8329,#8330);
#6917=AXIS2_PLACEMENT_3D('',#10930,#8333,#8334);
#6918=AXIS2_PLACEMENT_3D('',#10937,#8336,#8337);
#6919=AXIS2_PLACEMENT_3D('',#10941,#8340,#8341);
#6920=AXIS2_PLACEMENT_3D('',#10943,#8343,#8344);
#6921=AXIS2_PLACEMENT_3D('',#10960,#8353,#8354);
#6922=AXIS2_PLACEMENT_3D('',#10966,#8358,#8359);
#6923=AXIS2_PLACEMENT_3D('',#10970,#8362,#8363);
#6924=AXIS2_PLACEMENT_3D('',#10974,#8366,#8367);
#6925=AXIS2_PLACEMENT_3D('',#10978,#8370,#8371);
#6926=AXIS2_PLACEMENT_3D('',#10982,#8374,#8375);
#6927=AXIS2_PLACEMENT_3D('',#10986,#8378,#8379);
#6928=AXIS2_PLACEMENT_3D('',#10990,#8382,#8383);
#6929=AXIS2_PLACEMENT_3D('',#10992,#8385,#8386);
#6930=AXIS2_PLACEMENT_3D('',#11001,#8391,#8392);
#6931=AXIS2_PLACEMENT_3D('',#11011,#8398,#8399);
#6932=AXIS2_PLACEMENT_3D('',#11015,#8402,#8403);
#6933=AXIS2_PLACEMENT_3D('',#11023,#8408,#8409);
#6934=AXIS2_PLACEMENT_3D('',#11025,#8411,#8412);
#6935=AXIS2_PLACEMENT_3D('',#11027,#8414,#8415);
#6936=AXIS2_PLACEMENT_3D('',#11036,#8420,#8421);
#6937=AXIS2_PLACEMENT_3D('',#11046,#8427,#8428);
#6938=AXIS2_PLACEMENT_3D('',#11050,#8431,#8432);
#6939=AXIS2_PLACEMENT_3D('',#11058,#8437,#8438);
#6940=AXIS2_PLACEMENT_3D('',#11060,#8440,#8441);
#6941=AXIS2_PLACEMENT_3D('',#11062,#8443,#8444);
#6942=AXIS2_PLACEMENT_3D('',#11071,#8449,#8450);
#6943=AXIS2_PLACEMENT_3D('',#11081,#8456,#8457);
#6944=AXIS2_PLACEMENT_3D('',#11085,#8460,#8461);
#6945=AXIS2_PLACEMENT_3D('',#11093,#8466,#8467);
#6946=AXIS2_PLACEMENT_3D('',#11095,#8469,#8470);
#6947=AXIS2_PLACEMENT_3D('',#11097,#8472,#8473);
#6948=AXIS2_PLACEMENT_3D('',#11106,#8478,#8479);
#6949=AXIS2_PLACEMENT_3D('',#11116,#8485,#8486);
#6950=AXIS2_PLACEMENT_3D('',#11120,#8489,#8490);
#6951=AXIS2_PLACEMENT_3D('',#11128,#8495,#8496);
#6952=AXIS2_PLACEMENT_3D('',#11130,#8498,#8499);
#6953=AXIS2_PLACEMENT_3D('',#11132,#8501,#8502);
#6954=AXIS2_PLACEMENT_3D('',#11141,#8507,#8508);
#6955=AXIS2_PLACEMENT_3D('',#11147,#8512,#8513);
#6956=AXIS2_PLACEMENT_3D('',#11153,#8517,#8518);
#6957=AXIS2_PLACEMENT_3D('',#11159,#8522,#8523);
#6958=AXIS2_PLACEMENT_3D('',#11165,#8527,#8528);
#6959=AXIS2_PLACEMENT_3D('',#11167,#8530,#8531);
#6960=AXIS2_PLACEMENT_3D('',#11176,#8536,#8537);
#6961=AXIS2_PLACEMENT_3D('',#11182,#8541,#8542);
#6962=AXIS2_PLACEMENT_3D('',#11188,#8546,#8547);
#6963=AXIS2_PLACEMENT_3D('',#11194,#8551,#8552);
#6964=AXIS2_PLACEMENT_3D('',#11200,#8556,#8557);
#6965=AXIS2_PLACEMENT_3D('',#11202,#8559,#8560);
#6966=AXIS2_PLACEMENT_3D('',#11211,#8565,#8566);
#6967=AXIS2_PLACEMENT_3D('',#11217,#8570,#8571);
#6968=AXIS2_PLACEMENT_3D('',#11223,#8575,#8576);
#6969=AXIS2_PLACEMENT_3D('',#11229,#8580,#8581);
#6970=AXIS2_PLACEMENT_3D('',#11235,#8585,#8586);
#6971=AXIS2_PLACEMENT_3D('',#11237,#8588,#8589);
#6972=AXIS2_PLACEMENT_3D('',#11246,#8594,#8595);
#6973=AXIS2_PLACEMENT_3D('',#11252,#8599,#8600);
#6974=AXIS2_PLACEMENT_3D('',#11258,#8604,#8605);
#6975=AXIS2_PLACEMENT_3D('',#11264,#8609,#8610);
#6976=AXIS2_PLACEMENT_3D('',#11270,#8614,#8615);
#6977=AXIS2_PLACEMENT_3D('',#11272,#8617,#8618);
#6978=AXIS2_PLACEMENT_3D('',#11273,#8619,#8620);
#6979=AXIS2_PLACEMENT_3D('',#11275,#8621,#8622);
#6980=AXIS2_PLACEMENT_3D('',#11284,#8627,#8628);
#6981=AXIS2_PLACEMENT_3D('',#11293,#8633,#8634);
#6982=AXIS2_PLACEMENT_3D('',#11300,#8641,#8642);
#6983=AXIS2_PLACEMENT_3D('',#11307,#8649,#8650);
#6984=AXIS2_PLACEMENT_3D('',#11308,#8651,#8652);
#6985=AXIS2_PLACEMENT_3D('',#11309,#8653,#8654);
#6986=AXIS2_PLACEMENT_3D('',#11311,#8655,#8656);
#6987=DIRECTION('',(0.,0.,1.));
#6988=DIRECTION('',(1.,0.,0.));
#6989=DIRECTION('',(0.,0.,-1.));
#6990=DIRECTION('',(-1.,0.,0.));
#6991=DIRECTION('',(-1.61359266466771E-15,-1.47159762352264E-14,1.));
#6992=DIRECTION('',(0.,-1.,-1.47159762352264E-14));
#6993=DIRECTION('',(0.,0.,1.));
#6994=DIRECTION('',(1.,0.,0.));
#6995=DIRECTION('',(-1.61359266466771E-15,-1.47159762352264E-14,1.));
#6996=DIRECTION('',(0.,-1.,-1.47159762352264E-14));
#6997=DIRECTION('',(-1.61359266466771E-15,-1.47159762352264E-14,1.));
#6998=DIRECTION('',(0.,-1.,-1.47159762352264E-14));
#6999=DIRECTION('',(0.,0.,1.));
#7000=DIRECTION('',(1.,0.,0.));
#7001=DIRECTION('',(0.,0.,1.));
#7002=DIRECTION('',(1.,0.,0.));
#7003=DIRECTION('',(0.,0.,1.));
#7004=DIRECTION('',(1.,0.,0.));
#7005=DIRECTION('',(0.,0.,1.));
#7006=DIRECTION('',(1.,0.,0.));
#7007=DIRECTION('',(0.,0.,1.));
#7008=DIRECTION('',(1.,0.,0.));
#7009=DIRECTION('',(0.,0.,1.));
#7010=DIRECTION('',(1.,0.,0.));
#7011=DIRECTION('',(0.,0.,1.));
#7012=DIRECTION('',(1.,0.,0.));
#7013=DIRECTION('',(0.,0.,1.));
#7014=DIRECTION('',(1.,0.,0.));
#7015=DIRECTION('',(0.,0.,-1.));
#7016=DIRECTION('',(0.,1.,0.));
#7017=DIRECTION('',(0.,0.,1.));
#7018=DIRECTION('',(1.,0.,0.));
#7019=DIRECTION('',(1.,0.,0.));
#7020=DIRECTION('',(0.,0.,1.));
#7021=DIRECTION('',(0.,0.,1.));
#7022=DIRECTION('',(1.,0.,0.));
#7023=DIRECTION('',(0.,0.,1.));
#7024=DIRECTION('',(1.,0.,0.));
#7025=DIRECTION('',(0.,0.,1.));
#7026=DIRECTION('',(1.,0.,0.));
#7027=DIRECTION('',(0.,0.,1.));
#7028=DIRECTION('',(1.,0.,0.));
#7029=DIRECTION('',(0.,0.,1.));
#7030=DIRECTION('',(1.,0.,0.));
#7031=DIRECTION('',(0.,0.,1.));
#7032=DIRECTION('',(1.,0.,0.));
#7033=DIRECTION('',(0.,0.,-1.));
#7034=DIRECTION('',(-1.,0.,0.));
#7035=DIRECTION('',(0.,0.,-1.));
#7036=DIRECTION('',(-1.,0.,0.));
#7037=DIRECTION('',(0.,0.,-1.));
#7038=DIRECTION('',(-1.,0.,0.));
#7039=DIRECTION('',(0.,0.,-1.));
#7040=DIRECTION('',(0.,-1.,0.));
#7041=DIRECTION('',(0.,0.,-1.));
#7042=DIRECTION('',(-1.,0.,0.));
#7043=DIRECTION('',(-1.,0.,0.));
#7044=DIRECTION('',(0.,0.,-1.));
#7045=DIRECTION('',(-1.,0.,0.));
#7046=DIRECTION('',(0.,0.,-1.));
#7047=DIRECTION('',(-1.,0.,0.));
#7048=DIRECTION('',(0.,0.,-1.));
#7049=DIRECTION('',(-1.,0.,0.));
#7050=DIRECTION('',(0.,0.,-1.));
#7051=DIRECTION('',(-1.,0.,0.));
#7052=DIRECTION('',(0.,0.,-1.));
#7053=DIRECTION('',(-1.,0.,0.));
#7054=DIRECTION('',(0.,0.,-1.));
#7055=DIRECTION('',(-1.,0.,0.));
#7056=DIRECTION('',(0.,1.,0.));
#7057=DIRECTION('',(0.,0.,1.));
#7058=DIRECTION('',(1.,0.,0.));
#7059=DIRECTION('',(1.,0.,0.));
#7060=DIRECTION('',(0.,0.,-1.));
#7061=DIRECTION('',(0.,0.,-1.));
#7062=DIRECTION('',(-1.,0.,0.));
#7063=DIRECTION('',(0.,0.,-1.));
#7064=DIRECTION('',(-1.,0.,0.));
#7065=DIRECTION('',(0.,0.,-1.));
#7066=DIRECTION('',(-1.,0.,0.));
#7067=DIRECTION('',(0.,0.,-1.));
#7068=DIRECTION('',(-1.,0.,0.));
#7069=DIRECTION('',(0.,0.,-1.));
#7070=DIRECTION('',(-1.,0.,0.));
#7071=DIRECTION('',(0.,0.,-1.));
#7072=DIRECTION('',(-1.,0.,0.));
#7073=DIRECTION('',(0.,0.,-1.));
#7074=DIRECTION('',(0.,0.,-1.));
#7075=DIRECTION('',(-1.,0.,0.));
#7076=DIRECTION('',(0.,0.,-1.));
#7077=DIRECTION('',(-1.,0.,0.));
#7078=DIRECTION('',(0.,0.,-1.));
#7079=DIRECTION('',(-1.,0.,0.));
#7080=DIRECTION('',(0.,0.,-1.));
#7081=DIRECTION('',(-1.,0.,0.));
#7082=DIRECTION('',(0.,0.,-1.));
#7083=DIRECTION('',(-1.,0.,0.));
#7084=DIRECTION('',(0.,0.,-1.));
#7085=DIRECTION('',(-1.,0.,0.));
#7086=DIRECTION('',(0.,0.,-1.));
#7087=DIRECTION('',(-1.,0.,0.));
#7088=DIRECTION('',(0.,0.,-1.));
#7089=DIRECTION('',(-1.,0.,0.));
#7090=DIRECTION('',(0.,0.,-1.));
#7091=DIRECTION('',(-1.,0.,0.));
#7092=DIRECTION('',(0.,0.,-1.));
#7093=DIRECTION('',(0.,0.,1.));
#7094=DIRECTION('',(1.,0.,0.));
#7095=DIRECTION('',(0.,0.,1.));
#7096=DIRECTION('',(1.,0.,0.));
#7097=DIRECTION('',(0.,0.,1.));
#7098=DIRECTION('',(1.,0.,0.));
#7099=DIRECTION('',(0.,0.,1.));
#7100=DIRECTION('',(1.,0.,0.));
#7101=DIRECTION('',(0.,0.,1.));
#7102=DIRECTION('',(1.,0.,0.));
#7103=DIRECTION('',(0.,0.,1.));
#7104=DIRECTION('',(1.,0.,0.));
#7105=DIRECTION('',(0.,0.,-1.));
#7106=DIRECTION('',(0.463018065386878,-0.886348842795766,0.));
#7107=DIRECTION('',(0.886348842795766,0.463018065386878,0.));
#7108=DIRECTION('',(-0.886348842795766,-0.463018065386878,0.));
#7109=DIRECTION('',(-0.886348842795766,-0.463018065386878,0.));
#7110=DIRECTION('',(0.,0.,-1.));
#7111=DIRECTION('',(-0.863187758941128,-0.504883048650075,0.));
#7112=DIRECTION('',(0.504883048650075,-0.863187758941128,0.));
#7113=DIRECTION('',(-0.504883048650075,0.863187758941128,0.));
#7114=DIRECTION('',(-0.504883048650075,0.863187758941128,0.));
#7115=DIRECTION('',(0.,0.,-1.));
#7116=DIRECTION('',(-0.467307306754854,0.884094950247724,0.));
#7117=DIRECTION('',(-0.884094950247724,-0.467307306754854,0.));
#7118=DIRECTION('',(0.884094950247724,0.467307306754854,0.));
#7119=DIRECTION('',(0.884094950247724,0.467307306754854,0.));
#7120=DIRECTION('',(0.,0.,-1.));
#7121=DIRECTION('',(-1.,0.,0.));
#7122=DIRECTION('',(0.,0.,1.));
#7123=DIRECTION('',(0.,1.,0.));
#7124=DIRECTION('',(0.,1.,0.));
#7125=DIRECTION('',(0.,0.,-1.));
#7126=DIRECTION('',(0.,0.,1.));
#7127=DIRECTION('',(1.,0.,0.));
#7128=DIRECTION('',(0.,0.,1.));
#7129=DIRECTION('',(1.,0.,0.));
#7130=DIRECTION('',(0.,0.,1.));
#7131=DIRECTION('',(1.,0.,0.));
#7132=DIRECTION('',(0.,0.,1.));
#7133=DIRECTION('',(1.,0.,0.));
#7134=DIRECTION('',(0.,0.,1.));
#7135=DIRECTION('',(1.,0.,0.));
#7136=DIRECTION('',(0.,0.,1.));
#7137=DIRECTION('',(1.,0.,0.));
#7138=DIRECTION('',(0.,0.,1.));
#7139=DIRECTION('',(0.,0.,1.));
#7140=DIRECTION('',(1.,0.,0.));
#7141=DIRECTION('',(0.,0.,1.));
#7142=DIRECTION('',(1.,0.,0.));
#7143=DIRECTION('',(0.,0.,1.));
#7144=DIRECTION('',(1.,0.,0.));
#7145=DIRECTION('',(0.,0.,1.));
#7146=DIRECTION('',(1.,0.,0.));
#7147=DIRECTION('',(0.,0.,1.));
#7148=DIRECTION('',(1.,0.,0.));
#7149=DIRECTION('',(0.,0.,1.));
#7150=DIRECTION('',(1.,0.,0.));
#7151=DIRECTION('',(0.,0.,1.));
#7152=DIRECTION('',(1.,0.,0.));
#7153=DIRECTION('',(0.,0.,1.));
#7154=DIRECTION('',(1.,0.,0.));
#7155=DIRECTION('',(0.,0.,1.));
#7156=DIRECTION('',(1.,0.,0.));
#7157=DIRECTION('',(0.,0.,1.));
#7158=DIRECTION('',(1.,0.,0.));
#7159=DIRECTION('',(0.,0.,1.));
#7160=DIRECTION('',(1.,0.,0.));
#7161=DIRECTION('',(0.,0.,1.));
#7162=DIRECTION('',(1.,0.,0.));
#7163=DIRECTION('',(-0.0995034683725141,-0.995037215274806,0.));
#7164=DIRECTION('',(0.995037215274806,-0.0995034683725141,0.));
#7165=DIRECTION('',(0.995037215274806,-0.0995034683725141,0.));
#7166=DIRECTION('',(-0.995037215274806,0.0995034683725141,0.));
#7167=DIRECTION('',(0.,0.,1.));
#7168=DIRECTION('',(0.,0.,1.));
#7169=DIRECTION('',(1.,0.,0.));
#7170=DIRECTION('',(0.,0.,1.));
#7171=DIRECTION('',(1.,0.,0.));
#7172=DIRECTION('',(0.,0.,1.));
#7173=DIRECTION('',(1.,0.,0.));
#7174=DIRECTION('',(0.,0.,1.));
#7175=DIRECTION('',(1.,0.,0.));
#7176=DIRECTION('',(0.,0.,1.));
#7177=DIRECTION('',(1.,0.,0.));
#7178=DIRECTION('',(0.,0.,1.));
#7179=DIRECTION('',(1.,0.,0.));
#7180=DIRECTION('',(0.,0.,1.));
#7181=DIRECTION('',(1.,0.,0.));
#7182=DIRECTION('',(0.,0.,1.));
#7183=DIRECTION('',(1.,0.,0.));
#7184=DIRECTION('',(0.,0.,1.));
#7185=DIRECTION('',(1.,0.,0.));
#7186=DIRECTION('',(0.,0.,1.));
#7187=DIRECTION('',(1.,0.,0.));
#7188=DIRECTION('',(0.,0.,1.));
#7189=DIRECTION('',(1.,0.,0.));
#7190=DIRECTION('',(0.,0.,1.));
#7191=DIRECTION('',(1.,0.,0.));
#7192=DIRECTION('',(0.,0.,1.));
#7193=DIRECTION('',(0.,0.,1.));
#7194=DIRECTION('',(1.,0.,0.));
#7195=DIRECTION('',(0.,0.,1.));
#7196=DIRECTION('',(1.,0.,0.));
#7197=DIRECTION('',(0.,0.,1.));
#7198=DIRECTION('',(1.,0.,0.));
#7199=DIRECTION('',(0.,0.,-1.));
#7200=DIRECTION('',(-1.,0.,0.));
#7201=DIRECTION('',(0.,0.,-1.));
#7202=DIRECTION('',(-1.,0.,0.));
#7203=DIRECTION('',(-0.338535034295869,-0.940953787682634,0.));
#7204=DIRECTION('',(1.,0.,0.));
#7205=DIRECTION('',(-0.341603830689971,0.93984404177392,0.));
#7206=DIRECTION('',(0.,0.,-1.));
#7207=DIRECTION('',(-1.,0.,0.));
#7208=DIRECTION('',(0.,0.,-1.));
#7209=DIRECTION('',(-1.,0.,0.));
#7210=DIRECTION('',(0.940953787682634,-0.338535034295869,0.));
#7211=DIRECTION('',(0.338535034295869,0.940953787682634,0.));
#7212=DIRECTION('',(-0.338535034295869,-0.940953787682634,0.));
#7213=DIRECTION('',(0.,0.,-1.));
#7214=DIRECTION('',(0.,0.,-1.));
#7215=DIRECTION('',(-1.,0.,0.));
#7216=DIRECTION('',(0.,0.,-1.));
#7217=DIRECTION('',(0.,0.,-1.));
#7218=DIRECTION('',(-1.,0.,0.));
#7219=DIRECTION('',(0.,0.,-1.));
#7220=DIRECTION('',(-1.,0.,0.));
#7221=DIRECTION('',(0.,0.,-1.));
#7222=DIRECTION('',(0.,0.,-1.));
#7223=DIRECTION('',(-1.,0.,0.));
#7224=DIRECTION('',(-0.93984404177392,-0.341603830689971,0.));
#7225=DIRECTION('',(0.341603830689971,-0.93984404177392,0.));
#7226=DIRECTION('',(0.,0.,-1.));
#7227=DIRECTION('',(-0.341603830689971,0.93984404177392,0.));
#7228=DIRECTION('',(0.,1.,0.));
#7229=DIRECTION('',(0.,0.,1.));
#7230=DIRECTION('',(1.,0.,0.));
#7231=DIRECTION('',(0.,1.,0.));
#7232=DIRECTION('',(0.,0.,1.));
#7233=DIRECTION('',(1.,0.,0.));
#7234=DIRECTION('',(0.,0.,-1.));
#7235=DIRECTION('',(1.,0.,0.));
#7236=DIRECTION('',(0.,0.,-1.));
#7237=DIRECTION('',(0.936975345944086,0.349395479497032,0.));
#7238=DIRECTION('',(-0.349395479497032,0.936975345944086,0.));
#7239=DIRECTION('',(0.349395479497032,-0.936975345944086,0.));
#7240=DIRECTION('',(0.349395479497032,-0.936975345944086,0.));
#7241=DIRECTION('',(0.,0.,-1.));
#7242=DIRECTION('',(0.,1.,0.));
#7243=DIRECTION('',(0.,0.,1.));
#7244=DIRECTION('',(1.,0.,0.));
#7245=DIRECTION('',(1.,0.,0.));
#7246=DIRECTION('',(0.,0.,-1.));
#7247=DIRECTION('',(-0.943445233079843,0.331528418357945,0.));
#7248=DIRECTION('',(-0.331528418357945,-0.943445233079843,0.));
#7249=DIRECTION('',(0.331528418357945,0.943445233079843,0.));
#7250=DIRECTION('',(0.331528418357945,0.943445233079843,0.));
#7251=DIRECTION('',(0.,0.,-1.));
#7252=DIRECTION('',(0.,1.,0.));
#7253=DIRECTION('',(0.,0.,1.));
#7254=DIRECTION('',(1.,0.,0.));
#7255=DIRECTION('',(1.,0.,0.));
#7256=DIRECTION('',(0.,0.,-1.));
#7257=DIRECTION('',(0.934510438741738,-0.3559357243699,0.));
#7258=DIRECTION('',(0.3559357243699,0.934510438741738,0.));
#7259=DIRECTION('',(-0.3559357243699,-0.934510438741738,0.));
#7260=DIRECTION('',(-0.3559357243699,-0.934510438741738,0.));
#7261=DIRECTION('',(0.,0.,-1.));
#7262=DIRECTION('',(0.,-1.,0.));
#7263=DIRECTION('',(0.,0.,-1.));
#7264=DIRECTION('',(-1.,0.,0.));
#7265=DIRECTION('',(-1.,0.,0.));
#7266=DIRECTION('',(0.,0.,-1.));
#7267=DIRECTION('',(-0.934510438743987,-0.355935724363995,0.));
#7268=DIRECTION('',(0.355935724363995,-0.934510438743987,0.));
#7269=DIRECTION('',(-0.355935724363995,0.934510438743987,0.));
#7270=DIRECTION('',(-0.355935724363995,0.934510438743987,0.));
#7271=DIRECTION('',(0.,0.,-1.));
#7272=DIRECTION('',(-1.,0.,0.));
#7273=DIRECTION('',(0.,0.,-1.));
#7274=DIRECTION('',(-1.,0.,0.));
#7275=DIRECTION('',(0.,0.,1.));
#7276=DIRECTION('',(1.,0.,0.));
#7277=DIRECTION('',(-1.,0.,0.));
#7278=DIRECTION('',(0.,-1.,0.));
#7279=DIRECTION('',(1.,0.,0.));
#7280=DIRECTION('',(0.,0.,1.));
#7281=DIRECTION('',(1.,0.,0.));
#7282=DIRECTION('',(0.,0.,1.));
#7283=DIRECTION('',(1.,0.,0.));
#7284=DIRECTION('',(0.,0.,1.));
#7285=DIRECTION('',(1.,0.,0.));
#7286=DIRECTION('',(0.,0.,1.));
#7287=DIRECTION('',(1.,0.,0.));
#7288=DIRECTION('',(0.,0.,1.));
#7289=DIRECTION('',(1.,0.,0.));
#7290=DIRECTION('',(0.,0.,1.));
#7291=DIRECTION('',(1.,0.,0.));
#7292=DIRECTION('',(0.,0.,1.));
#7293=DIRECTION('',(1.,0.,0.));
#7294=DIRECTION('',(0.,0.,1.));
#7295=DIRECTION('',(1.,0.,0.));
#7296=DIRECTION('',(0.,0.,1.));
#7297=DIRECTION('',(1.,0.,0.));
#7298=DIRECTION('',(0.,0.,1.));
#7299=DIRECTION('',(1.,0.,0.));
#7300=DIRECTION('',(0.,0.,1.));
#7301=DIRECTION('',(1.,0.,0.));
#7302=DIRECTION('',(0.,-1.,0.));
#7303=DIRECTION('',(0.,0.,-1.));
#7304=DIRECTION('',(0.,0.,-1.));
#7305=DIRECTION('',(1.,0.,0.));
#7306=DIRECTION('',(1.,0.,0.));
#7307=DIRECTION('',(0.,0.,-1.));
#7308=DIRECTION('',(0.,0.,-1.));
#7309=DIRECTION('',(0.,-1.,0.));
#7310=DIRECTION('',(0.,1.,0.));
#7311=DIRECTION('',(0.,0.,1.));
#7312=DIRECTION('',(-1.,0.,0.));
#7313=DIRECTION('',(1.,0.,0.));
#7314=DIRECTION('',(0.,0.,-1.));
#7315=DIRECTION('',(0.,-1.,0.));
#7316=DIRECTION('',(0.,0.,-1.));
#7317=DIRECTION('',(0.,-1.,0.));
#7318=DIRECTION('',(0.,0.,-1.));
#7319=DIRECTION('',(0.,-1.,0.));
#7320=DIRECTION('',(0.,0.,-1.));
#7321=DIRECTION('',(-1.,0.,0.));
#7322=DIRECTION('',(-1.,0.,0.));
#7323=DIRECTION('',(0.,0.,1.));
#7324=DIRECTION('',(1.,0.,0.));
#7325=DIRECTION('',(0.,0.,1.));
#7326=DIRECTION('',(1.,0.,0.));
#7327=DIRECTION('',(0.,0.,1.));
#7328=DIRECTION('',(1.,0.,0.));
#7329=DIRECTION('',(0.,0.,1.));
#7330=DIRECTION('',(1.,0.,0.));
#7331=DIRECTION('',(0.,0.,1.));
#7332=DIRECTION('',(1.,0.,0.));
#7333=DIRECTION('',(0.,0.,1.));
#7334=DIRECTION('',(1.,0.,0.));
#7335=DIRECTION('',(0.,0.,1.));
#7336=DIRECTION('',(1.,0.,0.));
#7337=DIRECTION('',(0.,0.,1.));
#7338=DIRECTION('',(1.,0.,0.));
#7339=DIRECTION('',(0.,0.,1.));
#7340=DIRECTION('',(1.,0.,0.));
#7341=DIRECTION('',(0.,0.,1.));
#7342=DIRECTION('',(1.,0.,0.));
#7343=DIRECTION('',(0.,0.,1.));
#7344=DIRECTION('',(1.,0.,0.));
#7345=DIRECTION('',(0.,0.,1.));
#7346=DIRECTION('',(1.,0.,0.));
#7347=DIRECTION('',(0.,1.,0.));
#7348=DIRECTION('',(0.,0.,1.));
#7349=DIRECTION('',(1.,0.,0.));
#7350=DIRECTION('',(1.,0.,0.));
#7351=DIRECTION('',(0.,0.,-1.));
#7352=DIRECTION('',(-1.,0.,0.));
#7353=DIRECTION('',(0.,0.,-1.));
#7354=DIRECTION('',(-1.,0.,0.));
#7355=DIRECTION('',(0.,1.,0.));
#7356=DIRECTION('',(-1.,0.,0.));
#7357=DIRECTION('',(0.,1.,0.));
#7358=DIRECTION('',(1.,0.,0.));
#7359=DIRECTION('',(0.,1.,0.));
#7360=DIRECTION('',(-1.,0.,0.));
#7361=DIRECTION('',(0.,1.,0.));
#7362=DIRECTION('',(1.,0.,0.));
#7363=DIRECTION('',(0.,1.,0.));
#7364=DIRECTION('',(-1.,0.,0.));
#7365=DIRECTION('',(0.,-1.,0.));
#7366=DIRECTION('',(1.,0.,0.));
#7367=DIRECTION('',(0.,1.,0.));
#7368=DIRECTION('',(0.,0.,1.));
#7369=DIRECTION('',(1.,0.,0.));
#7370=DIRECTION('',(0.,0.,-1.));
#7371=DIRECTION('',(0.,0.,-1.));
#7372=DIRECTION('',(1.,0.,0.));
#7373=DIRECTION('',(0.,0.,-1.));
#7374=DIRECTION('',(0.,-1.,0.));
#7375=DIRECTION('',(0.,0.,-1.));
#7376=DIRECTION('',(0.,-1.,0.));
#7377=DIRECTION('',(0.,0.,-1.));
#7378=DIRECTION('',(-1.,0.,0.));
#7379=DIRECTION('',(0.,0.,-1.));
#7380=DIRECTION('',(-1.,0.,0.));
#7381=DIRECTION('',(0.,0.,1.));
#7382=DIRECTION('',(0.,1.,0.));
#7383=DIRECTION('',(0.,0.,-1.));
#7384=DIRECTION('',(0.,1.,0.));
#7385=DIRECTION('',(0.,0.,1.));
#7386=DIRECTION('',(1.,0.,0.));
#7387=DIRECTION('',(0.,0.,-1.));
#7388=DIRECTION('',(-1.,0.,0.));
#7389=DIRECTION('',(0.,0.,1.));
#7390=DIRECTION('',(0.,1.,0.));
#7391=DIRECTION('',(0.,0.,-1.));
#7392=DIRECTION('',(0.,-1.,0.));
#7393=DIRECTION('',(0.,0.,-1.));
#7394=DIRECTION('',(-1.,0.,0.));
#7395=DIRECTION('',(0.,0.,-1.));
#7396=DIRECTION('',(-1.,0.,0.));
#7397=DIRECTION('',(0.,0.,1.));
#7398=DIRECTION('',(0.,1.,0.));
#7399=DIRECTION('',(0.,0.,-1.));
#7400=DIRECTION('',(0.,1.,0.));
#7401=DIRECTION('',(0.,0.,1.));
#7402=DIRECTION('',(1.,0.,0.));
#7403=DIRECTION('',(0.,0.,-1.));
#7404=DIRECTION('',(-1.,0.,0.));
#7405=DIRECTION('',(0.,0.,1.));
#7406=DIRECTION('',(0.,1.,0.));
#7407=DIRECTION('',(0.,0.,-1.));
#7408=DIRECTION('',(0.,-1.,0.));
#7409=DIRECTION('',(0.,0.,-1.));
#7410=DIRECTION('',(-1.,0.,0.));
#7411=DIRECTION('',(0.,0.,-1.));
#7412=DIRECTION('',(-1.,0.,0.));
#7413=DIRECTION('',(0.,0.,1.));
#7414=DIRECTION('',(0.,1.,0.));
#7415=DIRECTION('',(0.,0.,-1.));
#7416=DIRECTION('',(-1.,0.,0.));
#7417=DIRECTION('',(-1.,0.,0.));
#7418=DIRECTION('',(-0.340917796218937,-0.940093110399828,0.));
#7419=DIRECTION('',(3.71867414681501E-14,-9.87258623244323E-15,1.));
#7420=DIRECTION('',(-0.952885743410803,0.303329457858021,3.90635785763169E-14));
#7421=DIRECTION('',(-1.,0.,0.));
#7422=DIRECTION('',(-0.252421897188036,0.967617272386139,0.));
#7423=DIRECTION('',(-0.328346164813084,0.944557460429242,0.));
#7424=DIRECTION('',(-1.,0.,0.));
#7425=DIRECTION('',(0.365858921668963,-0.930670322635907,0.));
#7426=DIRECTION('',(-0.389758265065169,-0.920917203017399,0.));
#7427=DIRECTION('',(0.,0.,-1.));
#7428=DIRECTION('',(-1.,0.,0.));
#7429=DIRECTION('',(0.,0.,-1.));
#7430=DIRECTION('',(-1.,0.,0.));
#7431=DIRECTION('',(0.,-1.,0.));
#7432=DIRECTION('',(0.,0.,-1.));
#7433=DIRECTION('',(-1.,0.,0.));
#7434=DIRECTION('',(0.,0.,1.));
#7435=DIRECTION('',(1.,0.,0.));
#7436=DIRECTION('',(0.366797678951053,0.930300737781133,0.));
#7437=DIRECTION('',(-0.930300737781133,0.366797678951053,0.));
#7438=DIRECTION('',(-0.366797678951053,-0.930300737781133,0.));
#7439=DIRECTION('',(0.366797678951053,0.930300737781133,0.));
#7440=DIRECTION('',(0.,0.,-1.));
#7441=DIRECTION('',(0.,0.,1.));
#7442=DIRECTION('',(0.626374400063073,-0.77952236077333,0.));
#7443=DIRECTION('',(0.,0.,1.));
#7444=DIRECTION('',(1.,0.,0.));
#7445=DIRECTION('',(0.,0.,1.));
#7446=DIRECTION('',(1.,0.,0.));
#7447=DIRECTION('',(0.,0.,1.));
#7448=DIRECTION('',(1.,0.,0.));
#7449=DIRECTION('',(0.,0.,-1.));
#7450=DIRECTION('',(1.,0.,0.));
#7451=DIRECTION('',(0.,0.,-1.));
#7452=DIRECTION('',(0.,-1.,0.));
#7453=DIRECTION('',(0.,0.,-1.));
#7454=DIRECTION('',(0.,0.,-1.));
#7455=DIRECTION('',(-1.,0.,0.));
#7456=DIRECTION('',(0.,0.,-1.));
#7457=DIRECTION('',(-1.,0.,0.));
#7458=DIRECTION('',(0.,0.,-1.));
#7459=DIRECTION('',(-1.,0.,0.));
#7460=DIRECTION('',(0.,0.,-1.));
#7461=DIRECTION('',(-1.,0.,0.));
#7462=DIRECTION('',(0.920917203017399,-0.389758265065169,0.));
#7463=DIRECTION('',(0.389758265065169,0.920917203017399,0.));
#7464=DIRECTION('',(-0.389758265065169,-0.920917203017399,0.));
#7465=DIRECTION('',(0.,0.,-1.));
#7466=DIRECTION('',(0.930670322635907,0.365858921668963,0.));
#7467=DIRECTION('',(-0.365858921668963,0.930670322635907,0.));
#7468=DIRECTION('',(0.365858921668963,-0.930670322635907,0.));
#7469=DIRECTION('',(0.,0.,-1.));
#7470=DIRECTION('',(0.,-1.,0.));
#7471=DIRECTION('',(0.,0.,-1.));
#7472=DIRECTION('',(-1.,0.,0.));
#7473=DIRECTION('',(0.,0.,-1.));
#7474=DIRECTION('',(-0.944557460429242,-0.328346164813084,0.));
#7475=DIRECTION('',(0.328346164813084,-0.944557460429242,0.));
#7476=DIRECTION('',(-0.328346164813084,0.944557460429242,0.));
#7477=DIRECTION('',(0.,0.,-1.));
#7478=DIRECTION('',(-0.967617272386139,-0.252421897188036,0.));
#7479=DIRECTION('',(0.252421897188036,-0.967617272386139,0.));
#7480=DIRECTION('',(-0.252421897188036,0.967617272386139,0.));
#7481=DIRECTION('',(0.,0.,-1.));
#7482=DIRECTION('',(0.,-1.,0.));
#7483=DIRECTION('',(0.,0.,-1.));
#7484=DIRECTION('',(-1.,0.,0.));
#7485=DIRECTION('',(0.,0.,-1.));
#7486=DIRECTION('',(5.91821758089579E-17,-1.57120820762954E-17,1.));
#7487=DIRECTION('',(-0.952885743410803,0.303329457858021,0.));
#7488=DIRECTION('',(0.,0.,-1.));
#7489=DIRECTION('',(0.940093110399828,-0.340917796218937,0.));
#7490=DIRECTION('',(0.340917796218937,0.940093110399828,0.));
#7491=DIRECTION('',(-0.340917796218937,-0.940093110399828,0.));
#7492=DIRECTION('',(0.,0.,-1.));
#7493=DIRECTION('',(0.,-1.,0.));
#7494=DIRECTION('',(0.,0.,-1.));
#7495=DIRECTION('',(-1.,0.,0.));
#7496=DIRECTION('',(0.,0.,-1.));
#7497=DIRECTION('',(-1.,0.,0.));
#7498=DIRECTION('',(0.,0.,-1.));
#7499=DIRECTION('',(-1.,0.,0.));
#7500=DIRECTION('',(0.,-1.,0.));
#7501=DIRECTION('',(0.,0.,1.));
#7502=DIRECTION('',(1.,0.,0.));
#7503=DIRECTION('',(0.,0.,1.));
#7504=DIRECTION('',(1.,0.,0.));
#7505=DIRECTION('',(0.,0.,1.));
#7506=DIRECTION('',(1.,0.,0.));
#7507=DIRECTION('',(0.,0.,1.));
#7508=DIRECTION('',(1.,0.,0.));
#7509=DIRECTION('',(0.,0.,-1.));
#7510=DIRECTION('',(-1.,0.,0.));
#7511=DIRECTION('',(0.,0.,-1.));
#7512=DIRECTION('',(-1.,0.,0.));
#7513=DIRECTION('',(0.,0.,-1.));
#7514=DIRECTION('',(-1.,0.,0.));
#7515=DIRECTION('',(0.,0.,-1.));
#7516=DIRECTION('',(-1.,0.,0.));
#7517=DIRECTION('',(0.,0.,-1.));
#7518=DIRECTION('',(-1.,0.,0.));
#7519=DIRECTION('',(0.,1.,0.));
#7520=DIRECTION('',(0.,0.,1.));
#7521=DIRECTION('',(1.,0.,0.));
#7522=DIRECTION('',(0.,0.,1.));
#7523=DIRECTION('',(1.,0.,0.));
#7524=DIRECTION('',(0.,0.,1.));
#7525=DIRECTION('',(1.,0.,0.));
#7526=DIRECTION('',(0.,0.,1.));
#7527=DIRECTION('',(1.,0.,0.));
#7528=DIRECTION('',(0.,0.,-1.));
#7529=DIRECTION('',(-1.,0.,0.));
#7530=DIRECTION('',(0.,0.,-1.));
#7531=DIRECTION('',(-1.,0.,0.));
#7532=DIRECTION('',(0.,0.,-1.));
#7533=DIRECTION('',(-1.,0.,0.));
#7534=DIRECTION('',(0.,0.,-1.));
#7535=DIRECTION('',(0.626792182869172,-0.779186472863909,0.));
#7536=DIRECTION('',(0.,0.,-1.));
#7537=DIRECTION('',(-1.,0.,0.));
#7538=DIRECTION('',(0.,0.,-1.));
#7539=DIRECTION('',(-1.,0.,0.));
#7540=DIRECTION('',(0.,0.,-1.));
#7541=DIRECTION('',(-1.,0.,0.));
#7542=DIRECTION('',(0.,0.,-1.));
#7543=DIRECTION('',(-1.,0.,0.));
#7544=DIRECTION('',(0.,0.,-1.));
#7545=DIRECTION('',(-1.,0.,0.));
#7546=DIRECTION('',(0.,0.,1.));
#7547=DIRECTION('',(1.,0.,0.));
#7548=DIRECTION('',(0.,0.,1.));
#7549=DIRECTION('',(1.,0.,0.));
#7550=DIRECTION('',(0.,0.,1.));
#7551=DIRECTION('',(1.,0.,0.));
#7552=DIRECTION('',(0.,0.,1.));
#7553=DIRECTION('',(1.,0.,0.));
#7554=DIRECTION('',(0.,0.,1.));
#7555=DIRECTION('',(1.,0.,0.));
#7556=DIRECTION('',(0.,0.,1.));
#7557=DIRECTION('',(1.,0.,0.));
#7558=DIRECTION('',(0.,0.,1.));
#7559=DIRECTION('',(1.,0.,0.));
#7560=DIRECTION('',(0.,0.,1.));
#7561=DIRECTION('',(1.,0.,0.));
#7562=DIRECTION('',(0.,0.,-1.));
#7563=DIRECTION('',(-1.,0.,0.));
#7564=DIRECTION('',(0.,0.,1.));
#7565=DIRECTION('',(0.,1.,0.));
#7566=DIRECTION('',(0.,0.,-1.));
#7567=DIRECTION('',(0.,0.,-1.));
#7568=DIRECTION('',(-1.,0.,0.));
#7569=DIRECTION('',(0.,0.,-1.));
#7570=DIRECTION('',(-1.,0.,0.));
#7571=DIRECTION('',(0.,0.,-1.));
#7572=DIRECTION('',(-1.,0.,0.));
#7573=DIRECTION('',(0.,0.,-1.));
#7574=DIRECTION('',(-1.,0.,0.));
#7575=DIRECTION('',(0.,0.,-1.));
#7576=DIRECTION('',(-1.,0.,0.));
#7577=DIRECTION('',(0.,0.,-1.));
#7578=DIRECTION('',(-1.,0.,0.));
#7579=DIRECTION('',(0.,0.,-1.));
#7580=DIRECTION('',(-1.,0.,0.));
#7581=DIRECTION('',(0.,0.,-1.));
#7582=DIRECTION('',(-1.,0.,0.));
#7583=DIRECTION('',(0.,0.,-1.));
#7584=DIRECTION('',(-1.,0.,0.));
#7585=DIRECTION('',(0.,0.,-1.));
#7586=DIRECTION('',(-1.,0.,0.));
#7587=DIRECTION('',(0.,0.,1.));
#7588=DIRECTION('',(1.,0.,0.));
#7589=DIRECTION('',(0.,0.,1.));
#7590=DIRECTION('',(1.,0.,0.));
#7591=DIRECTION('',(0.,0.,1.));
#7592=DIRECTION('',(0.,0.,1.));
#7593=DIRECTION('',(1.,0.,0.));
#7594=DIRECTION('',(0.,0.,1.));
#7595=DIRECTION('',(1.,0.,0.));
#7596=DIRECTION('',(0.,0.,1.));
#7597=DIRECTION('',(1.,0.,0.));
#7598=DIRECTION('',(0.,0.,1.));
#7599=DIRECTION('',(1.,0.,0.));
#7600=DIRECTION('',(0.,0.,1.));
#7601=DIRECTION('',(1.,0.,0.));
#7602=DIRECTION('',(0.,0.,1.));
#7603=DIRECTION('',(1.,0.,0.));
#7604=DIRECTION('',(0.,0.,-1.));
#7605=DIRECTION('',(1.,0.,0.));
#7606=DIRECTION('',(0.,0.,-1.));
#7607=DIRECTION('',(0.,-1.,0.));
#7608=DIRECTION('',(0.,0.,-1.));
#7609=DIRECTION('',(0.,0.,-1.));
#7610=DIRECTION('',(-1.,0.,0.));
#7611=DIRECTION('',(0.,0.,-1.));
#7612=DIRECTION('',(-1.,0.,0.));
#7613=DIRECTION('',(0.,0.,-1.));
#7614=DIRECTION('',(-1.,0.,0.));
#7615=DIRECTION('',(-0.99106836629976,-0.133354764893968,0.));
#7616=DIRECTION('',(0.,0.,1.));
#7617=DIRECTION('',(1.,0.,0.));
#7618=DIRECTION('',(0.,0.,1.));
#7619=DIRECTION('',(1.,0.,0.));
#7620=DIRECTION('',(0.,0.,1.));
#7621=DIRECTION('',(1.,0.,0.));
#7622=DIRECTION('',(0.,0.,1.));
#7623=DIRECTION('',(1.,0.,0.));
#7624=DIRECTION('',(0.,0.,1.));
#7625=DIRECTION('',(1.,0.,0.));
#7626=DIRECTION('',(0.,0.,1.));
#7627=DIRECTION('',(1.,0.,0.));
#7628=DIRECTION('',(0.,1.,0.));
#7629=DIRECTION('',(0.133354764893968,-0.99106836629976,0.));
#7630=DIRECTION('',(0.99106836629976,0.133354764893968,0.));
#7631=DIRECTION('',(0.,0.,-1.));
#7632=DIRECTION('',(-0.99106836629976,-0.133354764893968,0.));
#7633=DIRECTION('',(1.,0.,0.));
#7634=DIRECTION('',(0.,0.,-1.));
#7635=DIRECTION('',(0.,1.,0.));
#7636=DIRECTION('',(0.,0.,1.));
#7637=DIRECTION('',(1.,0.,0.));
#7638=DIRECTION('',(0.,0.,1.));
#7639=DIRECTION('',(1.,0.,0.));
#7640=DIRECTION('',(0.,0.,1.));
#7641=DIRECTION('',(1.,0.,0.));
#7642=DIRECTION('',(0.,0.,1.));
#7643=DIRECTION('',(1.,0.,0.));
#7644=DIRECTION('',(0.,0.,1.));
#7645=DIRECTION('',(1.,0.,0.));
#7646=DIRECTION('',(0.,0.,1.));
#7647=DIRECTION('',(1.,0.,0.));
#7648=DIRECTION('',(0.,0.,1.));
#7649=DIRECTION('',(1.,0.,0.));
#7650=DIRECTION('',(0.,0.,1.));
#7651=DIRECTION('',(1.,0.,0.));
#7652=DIRECTION('',(0.,0.,1.));
#7653=DIRECTION('',(1.,0.,0.));
#7654=DIRECTION('',(0.,0.,1.));
#7655=DIRECTION('',(1.,0.,0.));
#7656=DIRECTION('',(0.,0.,1.));
#7657=DIRECTION('',(1.,0.,0.));
#7658=DIRECTION('',(0.,0.,1.));
#7659=DIRECTION('',(1.,0.,0.));
#7660=DIRECTION('',(0.,0.,1.));
#7661=DIRECTION('',(1.,0.,0.));
#7662=DIRECTION('',(0.,0.,1.));
#7663=DIRECTION('',(1.,0.,0.));
#7664=DIRECTION('',(0.,0.,1.));
#7665=DIRECTION('',(1.,0.,0.));
#7666=DIRECTION('',(-1.,0.,0.));
#7667=DIRECTION('',(0.,0.,1.));
#7668=DIRECTION('',(0.,1.,0.));
#7669=DIRECTION('',(0.,1.,0.));
#7670=DIRECTION('',(0.,0.,-1.));
#7671=DIRECTION('',(0.,1.,0.));
#7672=DIRECTION('',(0.,0.,1.));
#7673=DIRECTION('',(1.,0.,0.));
#7674=DIRECTION('',(1.,0.,0.));
#7675=DIRECTION('',(0.,0.,-1.));
#7676=DIRECTION('',(1.,0.,0.));
#7677=DIRECTION('',(0.,0.,-1.));
#7678=DIRECTION('',(0.,-1.,0.));
#7679=DIRECTION('',(0.,-1.,0.));
#7680=DIRECTION('',(0.,0.,-1.));
#7681=DIRECTION('',(0.,1.,0.));
#7682=DIRECTION('',(0.,0.,1.));
#7683=DIRECTION('',(1.,0.,0.));
#7684=DIRECTION('',(1.,0.,0.));
#7685=DIRECTION('',(0.,0.,-1.));
#7686=DIRECTION('',(0.,0.,1.));
#7687=DIRECTION('',(1.,0.,0.));
#7688=DIRECTION('',(0.,0.,1.));
#7689=DIRECTION('',(1.,0.,0.));
#7690=DIRECTION('',(0.,0.,1.));
#7691=DIRECTION('',(1.,0.,0.));
#7692=DIRECTION('',(0.,0.,1.));
#7693=DIRECTION('',(1.,0.,0.));
#7694=DIRECTION('',(0.,0.,1.));
#7695=DIRECTION('',(1.,0.,0.));
#7696=DIRECTION('',(0.,0.,1.));
#7697=DIRECTION('',(1.,0.,0.));
#7698=DIRECTION('',(1.,0.,0.));
#7699=DIRECTION('',(0.,0.,-1.));
#7700=DIRECTION('',(0.,0.,-1.));
#7701=DIRECTION('',(-1.,0.,0.));
#7702=DIRECTION('',(0.,0.,-1.));
#7703=DIRECTION('',(-1.,0.,0.));
#7704=DIRECTION('',(0.138741688482024,-0.99032860398817,0.));
#7705=DIRECTION('',(0.99032860398817,0.138741688482024,0.));
#7706=DIRECTION('',(-0.99032860398817,-0.138741688482024,0.));
#7707=DIRECTION('',(-0.99032860398817,-0.138741688482024,0.));
#7708=DIRECTION('',(0.,0.,-1.));
#7709=DIRECTION('',(0.,0.,-1.));
#7710=DIRECTION('',(0.738307422980118,0.674464342402516,0.));
#7711=DIRECTION('',(0.,0.,-1.));
#7712=DIRECTION('',(-1.,0.,0.));
#7713=DIRECTION('',(0.,0.,-1.));
#7714=DIRECTION('',(-1.,0.,0.));
#7715=DIRECTION('',(0.,0.,-1.));
#7716=DIRECTION('',(-1.,0.,0.));
#7717=DIRECTION('',(0.,0.,-1.));
#7718=DIRECTION('',(-1.,0.,0.));
#7719=DIRECTION('',(0.,0.,-1.));
#7720=DIRECTION('',(-1.,0.,0.));
#7721=DIRECTION('',(0.,0.,-1.));
#7722=DIRECTION('',(1.,0.,0.));
#7723=DIRECTION('',(0.,0.,-1.));
#7724=DIRECTION('',(0.,-1.,0.));
#7725=DIRECTION('',(0.,-1.,0.));
#7726=DIRECTION('',(0.,0.,1.));
#7727=DIRECTION('',(0.,0.,1.));
#7728=DIRECTION('',(1.,0.,0.));
#7729=DIRECTION('',(0.,0.,1.));
#7730=DIRECTION('',(1.,0.,0.));
#7731=DIRECTION('',(0.,0.,1.));
#7732=DIRECTION('',(1.,0.,0.));
#7733=DIRECTION('',(0.,0.,-1.));
#7734=DIRECTION('',(-1.,0.,0.));
#7735=DIRECTION('',(0.,0.,-1.));
#7736=DIRECTION('',(-1.,0.,0.));
#7737=DIRECTION('',(0.,1.,0.));
#7738=DIRECTION('',(-1.,0.,0.));
#7739=DIRECTION('',(0.,1.,0.));
#7740=DIRECTION('',(1.,0.,0.));
#7741=DIRECTION('',(0.,1.,0.));
#7742=DIRECTION('',(-1.,0.,0.));
#7743=DIRECTION('',(0.,1.,0.));
#7744=DIRECTION('',(1.,0.,0.));
#7745=DIRECTION('',(0.,1.,0.));
#7746=DIRECTION('',(-1.,0.,0.));
#7747=DIRECTION('',(0.,-1.,0.));
#7748=DIRECTION('',(1.,0.,0.));
#7749=DIRECTION('',(0.,1.,0.));
#7750=DIRECTION('',(0.,0.,1.));
#7751=DIRECTION('',(1.,0.,0.));
#7752=DIRECTION('',(0.,0.,-1.));
#7753=DIRECTION('',(0.,0.,-1.));
#7754=DIRECTION('',(1.,0.,0.));
#7755=DIRECTION('',(0.,0.,-1.));
#7756=DIRECTION('',(0.,-1.,0.));
#7757=DIRECTION('',(0.,0.,-1.));
#7758=DIRECTION('',(0.,-1.,0.));
#7759=DIRECTION('',(0.,0.,-1.));
#7760=DIRECTION('',(-1.,0.,0.));
#7761=DIRECTION('',(0.,0.,-1.));
#7762=DIRECTION('',(-1.,0.,0.));
#7763=DIRECTION('',(0.,0.,1.));
#7764=DIRECTION('',(0.,1.,0.));
#7765=DIRECTION('',(0.,0.,-1.));
#7766=DIRECTION('',(0.,1.,0.));
#7767=DIRECTION('',(0.,0.,1.));
#7768=DIRECTION('',(1.,0.,0.));
#7769=DIRECTION('',(0.,0.,-1.));
#7770=DIRECTION('',(-1.,0.,0.));
#7771=DIRECTION('',(0.,0.,1.));
#7772=DIRECTION('',(0.,1.,0.));
#7773=DIRECTION('',(0.,0.,-1.));
#7774=DIRECTION('',(0.,-1.,0.));
#7775=DIRECTION('',(0.,0.,-1.));
#7776=DIRECTION('',(-1.,0.,0.));
#7777=DIRECTION('',(0.,0.,-1.));
#7778=DIRECTION('',(-1.,0.,0.));
#7779=DIRECTION('',(0.,0.,1.));
#7780=DIRECTION('',(0.,1.,0.));
#7781=DIRECTION('',(0.,0.,-1.));
#7782=DIRECTION('',(0.,1.,0.));
#7783=DIRECTION('',(0.,0.,1.));
#7784=DIRECTION('',(1.,0.,0.));
#7785=DIRECTION('',(0.,0.,-1.));
#7786=DIRECTION('',(-1.,0.,0.));
#7787=DIRECTION('',(0.,0.,1.));
#7788=DIRECTION('',(0.,1.,0.));
#7789=DIRECTION('',(0.,0.,-1.));
#7790=DIRECTION('',(0.,-1.,0.));
#7791=DIRECTION('',(0.,0.,-1.));
#7792=DIRECTION('',(-1.,0.,0.));
#7793=DIRECTION('',(0.,0.,-1.));
#7794=DIRECTION('',(-1.,0.,0.));
#7795=DIRECTION('',(0.,0.,1.));
#7796=DIRECTION('',(0.,1.,0.));
#7797=DIRECTION('',(0.,0.,-1.));
#7798=DIRECTION('',(-1.,0.,0.));
#7799=DIRECTION('',(-0.338535034314035,-0.940953787676098,0.));
#7800=DIRECTION('',(1.,0.,0.));
#7801=DIRECTION('',(-0.341603830681942,0.939844041776838,0.));
#7802=DIRECTION('',(0.,0.,-1.));
#7803=DIRECTION('',(-1.,0.,0.));
#7804=DIRECTION('',(0.,0.,-1.));
#7805=DIRECTION('',(-1.,0.,0.));
#7806=DIRECTION('',(0.940953787682634,-0.338535034295869,0.));
#7807=DIRECTION('',(0.338535034295869,0.940953787682634,0.));
#7808=DIRECTION('',(-0.338535034314035,-0.940953787676098,0.));
#7809=DIRECTION('',(0.,0.,-1.));
#7810=DIRECTION('',(0.,0.,-1.));
#7811=DIRECTION('',(-1.,0.,0.));
#7812=DIRECTION('',(0.,0.,-1.));
#7813=DIRECTION('',(0.,0.,-1.));
#7814=DIRECTION('',(-1.,0.,0.));
#7815=DIRECTION('',(0.,0.,-1.));
#7816=DIRECTION('',(-1.,0.,0.));
#7817=DIRECTION('',(0.,0.,-1.));
#7818=DIRECTION('',(0.,0.,-1.));
#7819=DIRECTION('',(-1.,0.,0.));
#7820=DIRECTION('',(-0.939844041776838,-0.341603830681942,0.));
#7821=DIRECTION('',(0.341603830681942,-0.939844041776838,0.));
#7822=DIRECTION('',(0.,0.,-1.));
#7823=DIRECTION('',(-0.341603830681942,0.939844041776838,0.));
#7824=DIRECTION('',(0.,1.,0.));
#7825=DIRECTION('',(0.,0.,1.));
#7826=DIRECTION('',(1.,0.,0.));
#7827=DIRECTION('',(0.,1.,0.));
#7828=DIRECTION('',(0.,0.,1.));
#7829=DIRECTION('',(1.,0.,0.));
#7830=DIRECTION('',(0.,0.,-1.));
#7831=DIRECTION('',(1.,0.,0.));
#7832=DIRECTION('',(0.,0.,-1.));
#7833=DIRECTION('',(0.936975345944086,0.349395479497032,0.));
#7834=DIRECTION('',(-0.349395479497032,0.936975345944086,0.));
#7835=DIRECTION('',(0.349395479469176,-0.936975345954473,0.));
#7836=DIRECTION('',(0.349395479469176,-0.936975345954473,0.));
#7837=DIRECTION('',(0.,0.,-1.));
#7838=DIRECTION('',(0.,1.,0.));
#7839=DIRECTION('',(0.,0.,1.));
#7840=DIRECTION('',(1.,0.,0.));
#7841=DIRECTION('',(1.,0.,0.));
#7842=DIRECTION('',(0.,0.,-1.));
#7843=DIRECTION('',(-0.943445233082565,0.331528418350198,0.));
#7844=DIRECTION('',(-0.331528418350198,-0.943445233082565,0.));
#7845=DIRECTION('',(0.331528418350198,0.943445233082565,0.));
#7846=DIRECTION('',(0.331528418350198,0.943445233082565,0.));
#7847=DIRECTION('',(0.,0.,-1.));
#7848=DIRECTION('',(0.,1.,0.));
#7849=DIRECTION('',(0.,0.,1.));
#7850=DIRECTION('',(1.,0.,0.));
#7851=DIRECTION('',(1.,0.,0.));
#7852=DIRECTION('',(0.,0.,-1.));
#7853=DIRECTION('',(0.934510438743987,-0.355935724363995,0.));
#7854=DIRECTION('',(0.355935724363995,0.934510438743987,0.));
#7855=DIRECTION('',(-0.355935724363995,-0.934510438743987,0.));
#7856=DIRECTION('',(-0.355935724363995,-0.934510438743987,0.));
#7857=DIRECTION('',(0.,0.,-1.));
#7858=DIRECTION('',(0.,-1.,0.));
#7859=DIRECTION('',(0.,0.,-1.));
#7860=DIRECTION('',(-1.,0.,0.));
#7861=DIRECTION('',(-1.,0.,0.));
#7862=DIRECTION('',(0.,0.,-1.));
#7863=DIRECTION('',(-0.934510438741738,-0.3559357243699,0.));
#7864=DIRECTION('',(0.3559357243699,-0.934510438741738,0.));
#7865=DIRECTION('',(-0.3559357243699,0.934510438741738,0.));
#7866=DIRECTION('',(-0.3559357243699,0.934510438741738,0.));
#7867=DIRECTION('',(0.,0.,-1.));
#7868=DIRECTION('',(-1.,0.,0.));
#7869=DIRECTION('',(0.,0.,-1.));
#7870=DIRECTION('',(-1.,0.,0.));
#7871=DIRECTION('',(0.,0.,1.));
#7872=DIRECTION('',(1.,0.,0.));
#7873=DIRECTION('',(-1.,0.,0.));
#7874=DIRECTION('',(0.,-1.,0.));
#7875=DIRECTION('',(1.,0.,0.));
#7876=DIRECTION('',(0.,0.,1.));
#7877=DIRECTION('',(1.,0.,0.));
#7878=DIRECTION('',(0.,0.,1.));
#7879=DIRECTION('',(1.,0.,0.));
#7880=DIRECTION('',(0.,0.,1.));
#7881=DIRECTION('',(1.,0.,0.));
#7882=DIRECTION('',(0.,0.,1.));
#7883=DIRECTION('',(1.,0.,0.));
#7884=DIRECTION('',(0.,0.,1.));
#7885=DIRECTION('',(1.,0.,0.));
#7886=DIRECTION('',(0.,0.,1.));
#7887=DIRECTION('',(1.,0.,0.));
#7888=DIRECTION('',(0.,0.,1.));
#7889=DIRECTION('',(1.,0.,0.));
#7890=DIRECTION('',(0.,0.,1.));
#7891=DIRECTION('',(1.,0.,0.));
#7892=DIRECTION('',(0.,0.,1.));
#7893=DIRECTION('',(1.,0.,0.));
#7894=DIRECTION('',(0.,0.,1.));
#7895=DIRECTION('',(1.,0.,0.));
#7896=DIRECTION('',(0.,0.,1.));
#7897=DIRECTION('',(1.,0.,0.));
#7898=DIRECTION('',(0.,-1.,0.));
#7899=DIRECTION('',(0.,0.,-1.));
#7900=DIRECTION('',(0.,0.,-1.));
#7901=DIRECTION('',(1.,0.,0.));
#7902=DIRECTION('',(1.,0.,0.));
#7903=DIRECTION('',(0.,0.,-1.));
#7904=DIRECTION('',(0.,0.,-1.));
#7905=DIRECTION('',(0.,-1.,0.));
#7906=DIRECTION('',(0.,1.,0.));
#7907=DIRECTION('',(0.,0.,1.));
#7908=DIRECTION('',(-1.,0.,0.));
#7909=DIRECTION('',(1.,0.,0.));
#7910=DIRECTION('',(0.,0.,-1.));
#7911=DIRECTION('',(0.,-1.,0.));
#7912=DIRECTION('',(0.,0.,-1.));
#7913=DIRECTION('',(0.,-1.,0.));
#7914=DIRECTION('',(0.,0.,-1.));
#7915=DIRECTION('',(0.,-1.,0.));
#7916=DIRECTION('',(0.,0.,-1.));
#7917=DIRECTION('',(-1.,0.,0.));
#7918=DIRECTION('',(-1.,0.,0.));
#7919=DIRECTION('',(0.,0.,1.));
#7920=DIRECTION('',(1.,0.,0.));
#7921=DIRECTION('',(0.,0.,1.));
#7922=DIRECTION('',(1.,0.,0.));
#7923=DIRECTION('',(0.,0.,1.));
#7924=DIRECTION('',(1.,0.,0.));
#7925=DIRECTION('',(0.,0.,1.));
#7926=DIRECTION('',(1.,0.,0.));
#7927=DIRECTION('',(0.,0.,1.));
#7928=DIRECTION('',(1.,0.,0.));
#7929=DIRECTION('',(0.,0.,1.));
#7930=DIRECTION('',(1.,0.,0.));
#7931=DIRECTION('',(0.,0.,1.));
#7932=DIRECTION('',(1.,0.,0.));
#7933=DIRECTION('',(0.,0.,1.));
#7934=DIRECTION('',(1.,0.,0.));
#7935=DIRECTION('',(0.,0.,1.));
#7936=DIRECTION('',(1.,0.,0.));
#7937=DIRECTION('',(0.,0.,1.));
#7938=DIRECTION('',(1.,0.,0.));
#7939=DIRECTION('',(0.,0.,1.));
#7940=DIRECTION('',(1.,0.,0.));
#7941=DIRECTION('',(0.,0.,1.));
#7942=DIRECTION('',(1.,0.,0.));
#7943=DIRECTION('',(0.,1.,0.));
#7944=DIRECTION('',(0.,0.,1.));
#7945=DIRECTION('',(1.,0.,0.));
#7946=DIRECTION('',(1.,0.,0.));
#7947=DIRECTION('',(0.,0.,-1.));
#7948=DIRECTION('',(-1.,0.,0.));
#7949=DIRECTION('',(0.,0.,-1.));
#7950=DIRECTION('',(-1.,0.,0.));
#7951=DIRECTION('',(0.,1.,0.));
#7952=DIRECTION('',(-1.,0.,0.));
#7953=DIRECTION('',(0.,1.,0.));
#7954=DIRECTION('',(1.,0.,0.));
#7955=DIRECTION('',(0.,1.,0.));
#7956=DIRECTION('',(-1.,0.,0.));
#7957=DIRECTION('',(0.,1.,0.));
#7958=DIRECTION('',(1.,0.,0.));
#7959=DIRECTION('',(0.,1.,0.));
#7960=DIRECTION('',(-1.,0.,0.));
#7961=DIRECTION('',(0.,-1.,0.));
#7962=DIRECTION('',(1.,0.,0.));
#7963=DIRECTION('',(0.,1.,0.));
#7964=DIRECTION('',(0.,0.,1.));
#7965=DIRECTION('',(1.,0.,0.));
#7966=DIRECTION('',(0.,0.,-1.));
#7967=DIRECTION('',(0.,0.,-1.));
#7968=DIRECTION('',(1.,0.,0.));
#7969=DIRECTION('',(0.,0.,-1.));
#7970=DIRECTION('',(0.,-1.,0.));
#7971=DIRECTION('',(0.,0.,-1.));
#7972=DIRECTION('',(0.,-1.,0.));
#7973=DIRECTION('',(0.,0.,-1.));
#7974=DIRECTION('',(-1.,0.,0.));
#7975=DIRECTION('',(0.,0.,-1.));
#7976=DIRECTION('',(-1.,0.,0.));
#7977=DIRECTION('',(0.,0.,1.));
#7978=DIRECTION('',(0.,1.,0.));
#7979=DIRECTION('',(0.,0.,-1.));
#7980=DIRECTION('',(0.,1.,0.));
#7981=DIRECTION('',(0.,0.,1.));
#7982=DIRECTION('',(1.,0.,0.));
#7983=DIRECTION('',(0.,0.,-1.));
#7984=DIRECTION('',(-1.,0.,0.));
#7985=DIRECTION('',(0.,0.,1.));
#7986=DIRECTION('',(0.,1.,0.));
#7987=DIRECTION('',(0.,0.,-1.));
#7988=DIRECTION('',(0.,-1.,0.));
#7989=DIRECTION('',(0.,0.,-1.));
#7990=DIRECTION('',(-1.,0.,0.));
#7991=DIRECTION('',(0.,0.,-1.));
#7992=DIRECTION('',(-1.,0.,0.));
#7993=DIRECTION('',(0.,0.,1.));
#7994=DIRECTION('',(0.,1.,0.));
#7995=DIRECTION('',(0.,0.,-1.));
#7996=DIRECTION('',(0.,1.,0.));
#7997=DIRECTION('',(0.,0.,1.));
#7998=DIRECTION('',(1.,0.,0.));
#7999=DIRECTION('',(0.,0.,-1.));
#8000=DIRECTION('',(-1.,0.,0.));
#8001=DIRECTION('',(0.,0.,1.));
#8002=DIRECTION('',(0.,1.,0.));
#8003=DIRECTION('',(0.,0.,-1.));
#8004=DIRECTION('',(0.,-1.,0.));
#8005=DIRECTION('',(0.,0.,-1.));
#8006=DIRECTION('',(-1.,0.,0.));
#8007=DIRECTION('',(0.,0.,-1.));
#8008=DIRECTION('',(-1.,0.,0.));
#8009=DIRECTION('',(0.,0.,1.));
#8010=DIRECTION('',(0.,1.,0.));
#8011=DIRECTION('',(0.,0.,-1.));
#8012=DIRECTION('',(-1.,0.,0.));
#8013=DIRECTION('',(0.,0.,1.));
#8014=DIRECTION('',(1.,0.,0.));
#8015=DIRECTION('',(0.,1.,0.));
#8016=DIRECTION('',(0.,0.,-1.));
#8017=DIRECTION('',(-1.,0.,0.));
#8018=DIRECTION('',(0.,0.,-1.));
#8019=DIRECTION('',(-1.,0.,0.));
#8020=DIRECTION('',(0.,0.,-1.));
#8021=DIRECTION('',(-1.,0.,0.));
#8022=DIRECTION('',(0.,0.,-1.));
#8023=DIRECTION('',(-1.,0.,0.));
#8024=DIRECTION('',(0.,0.,-1.));
#8025=DIRECTION('',(-1.,0.,0.));
#8026=DIRECTION('',(0.,0.,-1.));
#8027=DIRECTION('',(-1.,0.,0.));
#8028=DIRECTION('',(0.,1.,0.));
#8029=DIRECTION('',(0.,0.,1.));
#8030=DIRECTION('',(1.,0.,0.));
#8031=DIRECTION('',(0.,0.,1.));
#8032=DIRECTION('',(1.,0.,0.));
#8033=DIRECTION('',(0.,0.,1.));
#8034=DIRECTION('',(1.,0.,0.));
#8035=DIRECTION('',(0.,0.,1.));
#8036=DIRECTION('',(1.,0.,0.));
#8037=DIRECTION('',(0.,0.,1.));
#8038=DIRECTION('',(1.,0.,0.));
#8039=DIRECTION('',(0.,0.,1.));
#8040=DIRECTION('',(1.,0.,0.));
#8041=DIRECTION('',(0.,0.,1.));
#8042=DIRECTION('',(1.,0.,0.));
#8043=DIRECTION('',(0.,0.,1.));
#8044=DIRECTION('',(1.,0.,0.));
#8045=DIRECTION('',(0.,0.,1.));
#8046=DIRECTION('',(1.,0.,0.));
#8047=DIRECTION('',(0.,0.,1.));
#8048=DIRECTION('',(1.,0.,0.));
#8049=DIRECTION('',(0.,0.,1.));
#8050=DIRECTION('',(1.,0.,0.));
#8051=DIRECTION('',(0.,0.,1.));
#8052=DIRECTION('',(1.,0.,0.));
#8053=DIRECTION('',(0.,0.,1.));
#8054=DIRECTION('',(1.,0.,0.));
#8055=DIRECTION('',(0.,0.,1.));
#8056=DIRECTION('',(1.,0.,0.));
#8057=DIRECTION('',(0.,0.,1.));
#8058=DIRECTION('',(1.,0.,0.));
#8059=DIRECTION('',(0.,0.,1.));
#8060=DIRECTION('',(-1.,0.,0.));
#8061=DIRECTION('',(0.,0.,1.));
#8062=DIRECTION('',(0.,1.,0.));
#8063=DIRECTION('',(0.,0.,-1.));
#8064=DIRECTION('',(0.,0.,-1.));
#8065=DIRECTION('',(-1.,0.,0.));
#8066=DIRECTION('',(0.,0.,-1.));
#8067=DIRECTION('',(-1.,0.,0.));
#8068=DIRECTION('',(0.,0.,-1.));
#8069=DIRECTION('',(-1.,0.,0.));
#8070=DIRECTION('',(0.,0.,-1.));
#8071=DIRECTION('',(-1.,0.,0.));
#8072=DIRECTION('',(0.,0.,-1.));
#8073=DIRECTION('',(-1.,0.,0.));
#8074=DIRECTION('',(0.,0.,-1.));
#8075=DIRECTION('',(-1.,0.,0.));
#8076=DIRECTION('',(0.,0.,-1.));
#8077=DIRECTION('',(-1.,0.,0.));
#8078=DIRECTION('',(0.,0.,-1.));
#8079=DIRECTION('',(-1.,0.,0.));
#8080=DIRECTION('',(0.,0.,-1.));
#8081=DIRECTION('',(-1.,0.,0.));
#8082=DIRECTION('',(0.,0.,-1.));
#8083=DIRECTION('',(-1.,0.,0.));
#8084=DIRECTION('',(0.,0.,-1.));
#8085=DIRECTION('',(-1.,0.,0.));
#8086=DIRECTION('',(0.,0.,-1.));
#8087=DIRECTION('',(-1.,0.,0.));
#8088=DIRECTION('',(0.,0.,-1.));
#8089=DIRECTION('',(-1.,0.,0.));
#8090=DIRECTION('',(0.,0.,1.));
#8091=DIRECTION('',(0.,1.,0.));
#8092=DIRECTION('',(0.,0.,1.));
#8093=DIRECTION('',(0.,0.,1.));
#8094=DIRECTION('',(1.,0.,0.));
#8095=DIRECTION('',(0.,0.,1.));
#8096=DIRECTION('',(1.,0.,0.));
#8097=DIRECTION('',(0.,0.,-1.));
#8098=DIRECTION('',(-1.,0.,0.));
#8099=DIRECTION('',(0.,1.,0.));
#8100=DIRECTION('',(-1.,0.,0.));
#8101=DIRECTION('',(0.,1.,0.));
#8102=DIRECTION('',(-1.,0.,0.));
#8103=DIRECTION('',(0.,-1.,0.));
#8104=DIRECTION('',(1.,0.,0.));
#8105=DIRECTION('',(0.,1.,0.));
#8106=DIRECTION('',(0.,0.,1.));
#8107=DIRECTION('',(1.,0.,0.));
#8108=DIRECTION('',(0.,0.,-1.));
#8109=DIRECTION('',(0.,0.,-1.));
#8110=DIRECTION('',(1.,0.,0.));
#8111=DIRECTION('',(0.,0.,-1.));
#8112=DIRECTION('',(0.,-1.,0.));
#8113=DIRECTION('',(0.,0.,-1.));
#8114=DIRECTION('',(0.,-1.,0.));
#8115=DIRECTION('',(0.,0.,-1.));
#8116=DIRECTION('',(-1.,0.,0.));
#8117=DIRECTION('',(0.,0.,-1.));
#8118=DIRECTION('',(-1.,0.,0.));
#8119=DIRECTION('',(0.,0.,1.));
#8120=DIRECTION('',(0.,1.,0.));
#8121=DIRECTION('',(0.,0.,-1.));
#8122=DIRECTION('',(0.,-1.,0.));
#8123=DIRECTION('',(0.,0.,-1.));
#8124=DIRECTION('',(-1.,0.,0.));
#8125=DIRECTION('',(0.,0.,-1.));
#8126=DIRECTION('',(-1.,0.,0.));
#8127=DIRECTION('',(0.,0.,1.));
#8128=DIRECTION('',(0.,1.,0.));
#8129=DIRECTION('',(0.,0.,-1.));
#8130=DIRECTION('',(-1.,0.,0.));
#8131=DIRECTION('',(0.,-1.,0.));
#8132=DIRECTION('',(-1.,0.,0.));
#8133=DIRECTION('',(0.,1.,0.));
#8134=DIRECTION('',(0.,0.,-1.));
#8135=DIRECTION('',(-1.,0.,0.));
#8136=DIRECTION('',(0.,0.,-1.));
#8137=DIRECTION('',(-1.,0.,0.));
#8138=DIRECTION('',(-0.94172247029727,-0.336390827665096,0.));
#8139=DIRECTION('',(0.,1.,0.));
#8140=DIRECTION('',(0.940766986967117,-0.339053795485042,0.));
#8141=DIRECTION('',(0.,0.,-1.));
#8142=DIRECTION('',(-1.,0.,0.));
#8143=DIRECTION('',(0.,-1.,0.));
#8144=DIRECTION('',(-0.978045686961658,-0.208390580918858,0.));
#8145=DIRECTION('',(0.,0.,1.));
#8146=DIRECTION('',(1.,0.,0.));
#8147=DIRECTION('',(-1.,0.,0.));
#8148=DIRECTION('',(0.,1.,0.));
#8149=DIRECTION('',(-1.,0.,0.));
#8150=DIRECTION('',(0.,1.,0.));
#8151=DIRECTION('',(1.,0.,0.));
#8152=DIRECTION('',(0.,-1.,0.));
#8153=DIRECTION('',(-1.,0.,0.));
#8154=DIRECTION('',(0.,0.,1.));
#8155=DIRECTION('',(0.,1.,0.));
#8156=DIRECTION('',(0.,0.,-1.));
#8157=DIRECTION('',(0.,0.,-1.));
#8158=DIRECTION('',(0.,-1.,0.));
#8159=DIRECTION('',(0.,0.,-1.));
#8160=DIRECTION('',(-1.,0.,0.));
#8161=DIRECTION('',(0.,0.,-1.));
#8162=DIRECTION('',(-1.,0.,0.));
#8163=DIRECTION('',(0.,0.,1.));
#8164=DIRECTION('',(0.,1.,0.));
#8165=DIRECTION('',(0.,0.,-1.));
#8166=DIRECTION('',(0.,1.,0.));
#8167=DIRECTION('',(0.,0.,1.));
#8168=DIRECTION('',(1.,0.,0.));
#8169=DIRECTION('',(0.,0.,-1.));
#8170=DIRECTION('',(1.,0.,0.));
#8171=DIRECTION('',(0.,0.,-1.));
#8172=DIRECTION('',(0.,-1.,0.));
#8173=DIRECTION('',(0.,0.,-1.));
#8174=DIRECTION('',(0.,-1.,0.));
#8175=DIRECTION('',(0.,0.,-1.));
#8176=DIRECTION('',(-1.,0.,0.));
#8177=DIRECTION('',(0.,0.,1.));
#8178=DIRECTION('',(1.,0.,0.));
#8179=DIRECTION('',(-1.,0.,0.));
#8180=DIRECTION('',(0.,0.,-1.));
#8181=DIRECTION('',(-1.,0.,0.));
#8182=DIRECTION('',(3.16754329242648E-15,-1.09241414751837E-14,-1.));
#8183=DIRECTION('',(0.,1.,-1.09241414751837E-14));
#8184=DIRECTION('',(-1.,0.,0.));
#8185=DIRECTION('',(5.18787917318314E-15,-3.67116457833262E-14,1.));
#8186=DIRECTION('',(0.,-1.,-3.67116457833262E-14));
#8187=DIRECTION('',(0.,0.,1.));
#8188=DIRECTION('',(1.,0.,0.));
#8189=DIRECTION('',(0.,0.,-1.));
#8190=DIRECTION('',(-1.,0.,0.));
#8191=DIRECTION('',(0.,0.,-1.));
#8192=DIRECTION('',(-1.,0.,0.));
#8193=DIRECTION('',(0.,0.,-1.));
#8194=DIRECTION('',(0.,0.,-1.));
#8195=DIRECTION('',(3.16754329242648E-15,-1.09241414751837E-14,-1.));
#8196=DIRECTION('',(0.,1.,-1.09241414751837E-14));
#8197=DIRECTION('',(3.16754329242648E-15,-1.09241414751837E-14,-1.));
#8198=DIRECTION('',(0.,1.,-1.09241414751837E-14));
#8199=DIRECTION('',(3.16754329242648E-15,-1.09241414751837E-14,-1.));
#8200=DIRECTION('',(0.,-1.,0.));
#8201=DIRECTION('',(0.,0.,-1.));
#8202=DIRECTION('',(-1.,0.,0.));
#8203=DIRECTION('',(5.18787917318314E-15,-3.67116457833262E-14,1.));
#8204=DIRECTION('',(5.18787917318314E-15,-3.67116457833262E-14,1.));
#8205=DIRECTION('',(0.,-1.,-3.67116457833262E-14));
#8206=DIRECTION('',(5.18787917318314E-15,-3.67116457833262E-14,1.));
#8207=DIRECTION('',(0.,-1.,-3.67116457833262E-14));
#8208=DIRECTION('',(0.,0.,-1.));
#8209=DIRECTION('',(1.,0.,0.));
#8210=DIRECTION('',(0.,0.,-1.));
#8211=DIRECTION('',(0.,0.,-1.));
#8212=DIRECTION('',(-1.,0.,0.));
#8213=DIRECTION('',(0.,-1.,0.));
#8214=DIRECTION('',(0.,0.,-1.));
#8215=DIRECTION('',(0.,-1.,0.));
#8216=DIRECTION('',(0.,0.,-1.));
#8217=DIRECTION('',(-1.,0.,0.));
#8218=DIRECTION('',(0.,0.,1.));
#8219=DIRECTION('',(1.,0.,0.));
#8220=DIRECTION('',(-1.,0.,0.));
#8221=DIRECTION('',(0.,1.,0.));
#8222=DIRECTION('',(-1.,0.,0.));
#8223=DIRECTION('',(0.,-1.,0.));
#8224=DIRECTION('',(-1.,0.,0.));
#8225=DIRECTION('',(0.,1.,0.));
#8226=DIRECTION('',(-1.,0.,0.));
#8227=DIRECTION('',(0.,-1.,0.));
#8228=DIRECTION('',(-1.,0.,0.));
#8229=DIRECTION('',(0.,1.,0.));
#8230=DIRECTION('',(1.,0.,0.));
#8231=DIRECTION('',(0.,-1.,0.));
#8232=DIRECTION('',(-1.,0.,0.));
#8233=DIRECTION('',(0.,0.,1.));
#8234=DIRECTION('',(0.,1.,0.));
#8235=DIRECTION('',(0.,0.,-1.));
#8236=DIRECTION('',(0.,0.,-1.));
#8237=DIRECTION('',(0.,-1.,0.));
#8238=DIRECTION('',(0.,0.,-1.));
#8239=DIRECTION('',(-1.,0.,0.));
#8240=DIRECTION('',(0.,0.,-1.));
#8241=DIRECTION('',(1.,0.,0.));
#8242=DIRECTION('',(0.,0.,-1.));
#8243=DIRECTION('',(0.,-1.,0.));
#8244=DIRECTION('',(0.,0.,-1.));
#8245=DIRECTION('',(0.,-1.,0.));
#8246=DIRECTION('',(0.,0.,-1.));
#8247=DIRECTION('',(-1.,0.,0.));
#8248=DIRECTION('',(0.,0.,-1.));
#8249=DIRECTION('',(-1.,0.,0.));
#8250=DIRECTION('',(0.,0.,1.));
#8251=DIRECTION('',(0.,1.,0.));
#8252=DIRECTION('',(0.,0.,-1.));
#8253=DIRECTION('',(0.,-1.,0.));
#8254=DIRECTION('',(0.,0.,-1.));
#8255=DIRECTION('',(-1.,0.,0.));
#8256=DIRECTION('',(0.,0.,-1.));
#8257=DIRECTION('',(1.,0.,0.));
#8258=DIRECTION('',(0.,0.,-1.));
#8259=DIRECTION('',(0.,-1.,0.));
#8260=DIRECTION('',(0.,0.,-1.));
#8261=DIRECTION('',(0.,-1.,0.));
#8262=DIRECTION('',(0.,0.,-1.));
#8263=DIRECTION('',(-1.,0.,0.));
#8264=DIRECTION('',(0.,0.,-1.));
#8265=DIRECTION('',(-1.,0.,0.));
#8266=DIRECTION('',(0.,0.,1.));
#8267=DIRECTION('',(0.,1.,0.));
#8268=DIRECTION('',(0.,0.,-1.));
#8269=DIRECTION('',(0.,1.,0.));
#8270=DIRECTION('',(0.,0.,1.));
#8271=DIRECTION('',(1.,0.,0.));
#8272=DIRECTION('',(0.,0.,-1.));
#8273=DIRECTION('',(1.,0.,0.));
#8274=DIRECTION('',(0.,0.,-1.));
#8275=DIRECTION('',(0.,-1.,0.));
#8276=DIRECTION('',(0.,0.,-1.));
#8277=DIRECTION('',(0.,-1.,0.));
#8278=DIRECTION('',(0.,0.,-1.));
#8279=DIRECTION('',(-1.,0.,0.));
#8280=DIRECTION('',(0.,-1.,0.));
#8281=DIRECTION('',(0.,0.,-1.));
#8282=DIRECTION('',(0.,0.,-1.));
#8283=DIRECTION('',(-1.,0.,0.));
#8284=DIRECTION('',(0.,0.,-1.));
#8285=DIRECTION('',(-1.,0.,0.));
#8286=DIRECTION('',(0.,0.,1.));
#8287=DIRECTION('',(0.,1.,0.));
#8288=DIRECTION('',(0.,0.,-1.));
#8289=DIRECTION('',(-0.701779969063965,0.712393764024209,0.));
#8290=DIRECTION('',(0.,0.,-1.));
#8291=DIRECTION('',(-1.,0.,0.));
#8292=DIRECTION('',(0.,0.,-1.));
#8293=DIRECTION('',(1.,0.,0.));
#8294=DIRECTION('',(0.,0.,-1.));
#8295=DIRECTION('',(0.,-1.,0.));
#8296=DIRECTION('',(0.,0.,1.));
#8297=DIRECTION('',(1.,0.,0.));
#8298=DIRECTION('',(0.,-1.,0.));
#8299=DIRECTION('',(1.5252570329664E-15,3.26140852381156E-17,1.));
#8300=DIRECTION('',(1.,0.,-1.5252570329664E-15));
#8301=DIRECTION('',(0.,1.,0.));
#8302=DIRECTION('',(1.,0.,0.));
#8303=DIRECTION('',(1.5252570329664E-15,3.26140852381156E-17,1.));
#8304=DIRECTION('',(-0.722619347876077,0.691246177620646,1.08245364343765E-15));
#8305=DIRECTION('',(1.5252570329664E-15,3.26140852381156E-17,1.));
#8306=DIRECTION('',(1.,0.,-1.5252570329664E-15));
#8307=DIRECTION('',(0.,0.,-1.));
#8308=DIRECTION('',(-1.,0.,0.));
#8309=DIRECTION('',(0.,0.,1.));
#8310=DIRECTION('',(0.,1.,0.));
#8311=DIRECTION('',(0.,0.,-1.));
#8312=DIRECTION('',(0.,1.,0.));
#8313=DIRECTION('',(0.,0.,1.));
#8314=DIRECTION('',(1.,0.,0.));
#8315=DIRECTION('',(0.,0.,-1.));
#8316=DIRECTION('',(1.,0.,0.));
#8317=DIRECTION('',(0.,0.,-1.));
#8318=DIRECTION('',(0.,-1.,0.));
#8319=DIRECTION('',(0.339053795485042,0.940766986967117,0.));
#8320=DIRECTION('',(-0.940766986967117,0.339053795485042,0.));
#8321=DIRECTION('',(0.,0.,-1.));
#8322=DIRECTION('',(0.940766986967117,-0.339053795485042,0.));
#8323=DIRECTION('',(0.,0.,-1.));
#8324=DIRECTION('',(0.,0.,1.));
#8325=DIRECTION('',(1.,0.,0.));
#8326=DIRECTION('',(0.,0.,1.));
#8327=DIRECTION('',(1.,0.,0.));
#8328=DIRECTION('',(0.,0.,1.));
#8329=DIRECTION('',(1.,0.,0.));
#8330=DIRECTION('',(0.,0.,-1.));
#8331=DIRECTION('',(0.,-1.,0.));
#8332=DIRECTION('',(0.,0.,-1.));
#8333=DIRECTION('',(0.208390580918858,-0.978045686961658,0.));
#8334=DIRECTION('',(0.978045686961658,0.208390580918858,0.));
#8335=DIRECTION('',(0.978045686961658,0.208390580918858,0.));
#8336=DIRECTION('',(0.336390827665096,-0.94172247029727,0.));
#8337=DIRECTION('',(0.94172247029727,0.336390827665096,0.));
#8338=DIRECTION('',(-0.94172247029727,-0.336390827665096,0.));
#8339=DIRECTION('',(0.,0.,-1.));
#8340=DIRECTION('',(-1.,0.,0.));
#8341=DIRECTION('',(0.,0.,1.));
#8342=DIRECTION('',(0.,1.,0.));
#8343=DIRECTION('',(0.,0.,1.));
#8344=DIRECTION('',(1.,0.,0.));
#8345=DIRECTION('',(-0.931577619484953,0.363542485652982,0.));
#8346=DIRECTION('',(0.,1.,0.));
#8347=DIRECTION('',(0.935388263580144,0.353622392329055,0.));
#8348=DIRECTION('',(0.,-1.,0.));
#8349=DIRECTION('',(-0.946670776072262,-0.322202485606089,0.));
#8350=DIRECTION('',(0.,-1.,0.));
#8351=DIRECTION('',(0.940766986967117,-0.339053795485042,0.));
#8352=DIRECTION('',(0.,-1.,0.));
#8353=DIRECTION('',(-1.,0.,0.));
#8354=DIRECTION('',(0.,0.,1.));
#8355=DIRECTION('',(0.,1.,0.));
#8356=DIRECTION('',(0.,0.,-1.));
#8357=DIRECTION('',(0.,0.,-1.));
#8358=DIRECTION('',(-0.353622392329055,0.935388263580144,0.));
#8359=DIRECTION('',(-0.935388263580144,-0.353622392329055,0.));
#8360=DIRECTION('',(0.935388263580144,0.353622392329055,0.));
#8361=DIRECTION('',(0.,0.,-1.));
#8362=DIRECTION('',(1.,0.,0.));
#8363=DIRECTION('',(0.,0.,-1.));
#8364=DIRECTION('',(0.,-1.,0.));
#8365=DIRECTION('',(0.,0.,-1.));
#8366=DIRECTION('',(0.322202485606089,-0.946670776072262,0.));
#8367=DIRECTION('',(0.946670776072262,0.322202485606089,0.));
#8368=DIRECTION('',(-0.946670776072262,-0.322202485606089,0.));
#8369=DIRECTION('',(0.,0.,-1.));
#8370=DIRECTION('',(1.,0.,0.));
#8371=DIRECTION('',(0.,0.,-1.));
#8372=DIRECTION('',(0.,-1.,0.));
#8373=DIRECTION('',(0.,0.,-1.));
#8374=DIRECTION('',(0.339053795485042,0.940766986967117,0.));
#8375=DIRECTION('',(-0.940766986967117,0.339053795485042,0.));
#8376=DIRECTION('',(0.940766986967117,-0.339053795485042,0.));
#8377=DIRECTION('',(0.,0.,-1.));
#8378=DIRECTION('',(1.,0.,0.));
#8379=DIRECTION('',(0.,0.,-1.));
#8380=DIRECTION('',(0.,-1.,0.));
#8381=DIRECTION('',(0.,0.,-1.));
#8382=DIRECTION('',(-0.363542485652982,-0.931577619484953,0.));
#8383=DIRECTION('',(0.931577619484953,-0.363542485652982,0.));
#8384=DIRECTION('',(-0.931577619484953,0.363542485652982,0.));
#8385=DIRECTION('',(0.,0.,1.));
#8386=DIRECTION('',(1.,0.,0.));
#8387=DIRECTION('',(0.,-1.,0.));
#8388=DIRECTION('',(-1.,5.860552283705E-16,0.));
#8389=DIRECTION('',(2.710505431214E-16,1.,0.));
#8390=DIRECTION('',(1.,0.,0.));
#8391=DIRECTION('',(-5.860552283705E-16,1.,0.));
#8392=DIRECTION('',(-1.,-5.860552283705E-16,0.));
#8393=DIRECTION('',(0.,0.,1.));
#8394=DIRECTION('',(-1.,5.860552283705E-16,0.));
#8395=DIRECTION('',(0.,0.,-1.));
#8396=DIRECTION('',(0.,0.,-1.));
#8397=DIRECTION('',(-1.,5.860552283705E-16,0.));
#8398=DIRECTION('',(-1.,0.,0.));
#8399=DIRECTION('',(0.,-1.,0.));
#8400=DIRECTION('',(2.710505431214E-16,1.,0.));
#8401=DIRECTION('',(0.,0.,-1.));
#8402=DIRECTION('',(0.,-1.,0.));
#8403=DIRECTION('',(0.,0.,-1.));
#8404=DIRECTION('',(1.,0.,0.));
#8405=DIRECTION('',(0.,0.,-1.));
#8406=DIRECTION('',(1.,0.,0.));
#8407=DIRECTION('',(0.,0.,-1.));
#8408=DIRECTION('',(1.,0.,0.));
#8409=DIRECTION('',(0.,0.,-1.));
#8410=DIRECTION('',(0.,-1.,0.));
#8411=DIRECTION('',(0.,0.,1.));
#8412=DIRECTION('',(1.,0.,0.));
#8413=DIRECTION('',(0.,1.,0.));
#8414=DIRECTION('',(0.,0.,1.));
#8415=DIRECTION('',(1.,0.,0.));
#8416=DIRECTION('',(0.,-1.,0.));
#8417=DIRECTION('',(-1.,5.860552283705E-16,0.));
#8418=DIRECTION('',(2.710505431214E-16,1.,0.));
#8419=DIRECTION('',(1.,0.,0.));
#8420=DIRECTION('',(-5.860552283705E-16,1.,0.));
#8421=DIRECTION('',(-1.,-5.860552283705E-16,0.));
#8422=DIRECTION('',(0.,0.,1.));
#8423=DIRECTION('',(-1.,5.860552283705E-16,0.));
#8424=DIRECTION('',(0.,0.,-1.));
#8425=DIRECTION('',(0.,0.,-1.));
#8426=DIRECTION('',(-1.,5.860552283705E-16,0.));
#8427=DIRECTION('',(-1.,0.,0.));
#8428=DIRECTION('',(0.,-1.,0.));
#8429=DIRECTION('',(2.710505431214E-16,1.,0.));
#8430=DIRECTION('',(0.,0.,-1.));
#8431=DIRECTION('',(0.,-1.,0.));
#8432=DIRECTION('',(0.,0.,-1.));
#8433=DIRECTION('',(1.,0.,0.));
#8434=DIRECTION('',(0.,0.,-1.));
#8435=DIRECTION('',(1.,0.,0.));
#8436=DIRECTION('',(0.,0.,-1.));
#8437=DIRECTION('',(1.,0.,0.));
#8438=DIRECTION('',(0.,0.,-1.));
#8439=DIRECTION('',(0.,-1.,0.));
#8440=DIRECTION('',(0.,0.,1.));
#8441=DIRECTION('',(1.,0.,0.));
#8442=DIRECTION('',(0.,1.,0.));
#8443=DIRECTION('',(0.,0.,1.));
#8444=DIRECTION('',(1.,0.,0.));
#8445=DIRECTION('',(0.,-1.,0.));
#8446=DIRECTION('',(-1.,5.860552283705E-16,0.));
#8447=DIRECTION('',(2.710505431214E-16,1.,0.));
#8448=DIRECTION('',(1.,0.,0.));
#8449=DIRECTION('',(-5.860552283705E-16,1.,0.));
#8450=DIRECTION('',(-1.,-5.860552283705E-16,0.));
#8451=DIRECTION('',(0.,0.,1.));
#8452=DIRECTION('',(-1.,5.860552283705E-16,0.));
#8453=DIRECTION('',(0.,0.,-1.));
#8454=DIRECTION('',(0.,0.,-1.));
#8455=DIRECTION('',(-1.,5.860552283705E-16,0.));
#8456=DIRECTION('',(-1.,0.,0.));
#8457=DIRECTION('',(0.,-1.,0.));
#8458=DIRECTION('',(2.710505431214E-16,1.,0.));
#8459=DIRECTION('',(0.,0.,-1.));
#8460=DIRECTION('',(0.,-1.,0.));
#8461=DIRECTION('',(0.,0.,-1.));
#8462=DIRECTION('',(1.,0.,0.));
#8463=DIRECTION('',(0.,0.,-1.));
#8464=DIRECTION('',(1.,0.,0.));
#8465=DIRECTION('',(0.,0.,-1.));
#8466=DIRECTION('',(1.,0.,0.));
#8467=DIRECTION('',(0.,0.,-1.));
#8468=DIRECTION('',(0.,-1.,0.));
#8469=DIRECTION('',(0.,0.,1.));
#8470=DIRECTION('',(1.,0.,0.));
#8471=DIRECTION('',(0.,1.,0.));
#8472=DIRECTION('',(0.,0.,1.));
#8473=DIRECTION('',(1.,0.,0.));
#8474=DIRECTION('',(0.,-1.,0.));
#8475=DIRECTION('',(-1.,5.860552283705E-16,0.));
#8476=DIRECTION('',(2.710505431214E-16,1.,0.));
#8477=DIRECTION('',(1.,0.,0.));
#8478=DIRECTION('',(-5.860552283705E-16,1.,0.));
#8479=DIRECTION('',(-1.,-5.860552283705E-16,0.));
#8480=DIRECTION('',(0.,0.,1.));
#8481=DIRECTION('',(-1.,5.860552283705E-16,0.));
#8482=DIRECTION('',(0.,0.,-1.));
#8483=DIRECTION('',(0.,0.,-1.));
#8484=DIRECTION('',(-1.,5.860552283705E-16,0.));
#8485=DIRECTION('',(-1.,0.,0.));
#8486=DIRECTION('',(0.,-1.,0.));
#8487=DIRECTION('',(2.710505431214E-16,1.,0.));
#8488=DIRECTION('',(0.,0.,-1.));
#8489=DIRECTION('',(0.,-1.,0.));
#8490=DIRECTION('',(0.,0.,-1.));
#8491=DIRECTION('',(1.,0.,0.));
#8492=DIRECTION('',(0.,0.,-1.));
#8493=DIRECTION('',(1.,0.,0.));
#8494=DIRECTION('',(0.,0.,-1.));
#8495=DIRECTION('',(1.,0.,0.));
#8496=DIRECTION('',(0.,0.,-1.));
#8497=DIRECTION('',(0.,-1.,0.));
#8498=DIRECTION('',(0.,0.,1.));
#8499=DIRECTION('',(1.,0.,0.));
#8500=DIRECTION('',(0.,1.,0.));
#8501=DIRECTION('',(0.,0.,1.));
#8502=DIRECTION('',(1.,0.,0.));
#8503=DIRECTION('',(0.,-1.,0.));
#8504=DIRECTION('',(-1.,0.,0.));
#8505=DIRECTION('',(-2.710505431214E-16,1.,0.));
#8506=DIRECTION('',(1.,5.860552283705E-16,0.));
#8507=DIRECTION('',(-1.,0.,0.));
#8508=DIRECTION('',(0.,-1.,0.));
#8509=DIRECTION('',(-2.710505431214E-16,1.,0.));
#8510=DIRECTION('',(0.,0.,-1.));
#8511=DIRECTION('',(0.,0.,-1.));
#8512=DIRECTION('',(1.,0.,0.));
#8513=DIRECTION('',(0.,0.,-1.));
#8514=DIRECTION('',(0.,0.,-1.));
#8515=DIRECTION('',(0.,-1.,0.));
#8516=DIRECTION('',(0.,0.,-1.));
#8517=DIRECTION('',(0.,-1.,0.));
#8518=DIRECTION('',(0.,0.,-1.));
#8519=DIRECTION('',(-1.,0.,0.));
#8520=DIRECTION('',(0.,0.,-1.));
#8521=DIRECTION('',(-1.,0.,0.));
#8522=DIRECTION('',(-5.860552283705E-16,1.,0.));
#8523=DIRECTION('',(-1.,-5.860552283705E-16,0.));
#8524=DIRECTION('',(1.,5.860552283705E-16,0.));
#8525=DIRECTION('',(0.,0.,1.));
#8526=DIRECTION('',(1.,5.860552283705E-16,0.));
#8527=DIRECTION('',(0.,0.,1.));
#8528=DIRECTION('',(1.,0.,0.));
#8529=DIRECTION('',(0.,-1.,0.));
#8530=DIRECTION('',(0.,0.,1.));
#8531=DIRECTION('',(1.,0.,0.));
#8532=DIRECTION('',(0.,-1.,0.));
#8533=DIRECTION('',(-1.,0.,0.));
#8534=DIRECTION('',(-2.710505431214E-16,1.,0.));
#8535=DIRECTION('',(1.,5.860552283705E-16,0.));
#8536=DIRECTION('',(-1.,0.,0.));
#8537=DIRECTION('',(0.,-1.,0.));
#8538=DIRECTION('',(-2.710505431214E-16,1.,0.));
#8539=DIRECTION('',(0.,0.,-1.));
#8540=DIRECTION('',(0.,0.,-1.));
#8541=DIRECTION('',(1.,0.,0.));
#8542=DIRECTION('',(0.,0.,-1.));
#8543=DIRECTION('',(0.,0.,-1.));
#8544=DIRECTION('',(0.,-1.,0.));
#8545=DIRECTION('',(0.,0.,-1.));
#8546=DIRECTION('',(0.,-1.,0.));
#8547=DIRECTION('',(0.,0.,-1.));
#8548=DIRECTION('',(-1.,0.,0.));
#8549=DIRECTION('',(0.,0.,-1.));
#8550=DIRECTION('',(-1.,0.,0.));
#8551=DIRECTION('',(-5.860552283705E-16,1.,0.));
#8552=DIRECTION('',(-1.,-5.860552283705E-16,0.));
#8553=DIRECTION('',(1.,5.860552283705E-16,0.));
#8554=DIRECTION('',(0.,0.,1.));
#8555=DIRECTION('',(1.,5.860552283705E-16,0.));
#8556=DIRECTION('',(0.,0.,1.));
#8557=DIRECTION('',(1.,0.,0.));
#8558=DIRECTION('',(0.,-1.,0.));
#8559=DIRECTION('',(0.,0.,1.));
#8560=DIRECTION('',(1.,0.,0.));
#8561=DIRECTION('',(0.,-1.,0.));
#8562=DIRECTION('',(-1.,0.,0.));
#8563=DIRECTION('',(-2.710505431214E-16,1.,0.));
#8564=DIRECTION('',(1.,5.860552283705E-16,0.));
#8565=DIRECTION('',(-1.,0.,0.));
#8566=DIRECTION('',(0.,-1.,0.));
#8567=DIRECTION('',(-2.710505431214E-16,1.,0.));
#8568=DIRECTION('',(0.,0.,-1.));
#8569=DIRECTION('',(0.,0.,-1.));
#8570=DIRECTION('',(1.,0.,0.));
#8571=DIRECTION('',(0.,0.,-1.));
#8572=DIRECTION('',(0.,0.,-1.));
#8573=DIRECTION('',(0.,-1.,0.));
#8574=DIRECTION('',(0.,0.,-1.));
#8575=DIRECTION('',(0.,-1.,0.));
#8576=DIRECTION('',(0.,0.,-1.));
#8577=DIRECTION('',(-1.,0.,0.));
#8578=DIRECTION('',(0.,0.,-1.));
#8579=DIRECTION('',(-1.,0.,0.));
#8580=DIRECTION('',(-5.860552283705E-16,1.,0.));
#8581=DIRECTION('',(-1.,-5.860552283705E-16,0.));
#8582=DIRECTION('',(1.,5.860552283705E-16,0.));
#8583=DIRECTION('',(0.,0.,1.));
#8584=DIRECTION('',(1.,5.860552283705E-16,0.));
#8585=DIRECTION('',(0.,0.,1.));
#8586=DIRECTION('',(1.,0.,0.));
#8587=DIRECTION('',(0.,-1.,0.));
#8588=DIRECTION('',(0.,0.,1.));
#8589=DIRECTION('',(1.,0.,0.));
#8590=DIRECTION('',(0.,-1.,0.));
#8591=DIRECTION('',(-1.,0.,0.));
#8592=DIRECTION('',(-2.710505431214E-16,1.,0.));
#8593=DIRECTION('',(1.,5.860552283705E-16,0.));
#8594=DIRECTION('',(-1.,0.,0.));
#8595=DIRECTION('',(0.,-1.,0.));
#8596=DIRECTION('',(-2.710505431214E-16,1.,0.));
#8597=DIRECTION('',(0.,0.,-1.));
#8598=DIRECTION('',(0.,0.,-1.));
#8599=DIRECTION('',(1.,0.,0.));
#8600=DIRECTION('',(0.,0.,-1.));
#8601=DIRECTION('',(0.,0.,-1.));
#8602=DIRECTION('',(0.,-1.,0.));
#8603=DIRECTION('',(0.,0.,-1.));
#8604=DIRECTION('',(0.,-1.,0.));
#8605=DIRECTION('',(0.,0.,-1.));
#8606=DIRECTION('',(-1.,0.,0.));
#8607=DIRECTION('',(0.,0.,-1.));
#8608=DIRECTION('',(-1.,0.,0.));
#8609=DIRECTION('',(-5.860552283705E-16,1.,0.));
#8610=DIRECTION('',(-1.,-5.860552283705E-16,0.));
#8611=DIRECTION('',(1.,5.860552283705E-16,0.));
#8612=DIRECTION('',(0.,0.,1.));
#8613=DIRECTION('',(1.,5.860552283705E-16,0.));
#8614=DIRECTION('',(0.,0.,1.));
#8615=DIRECTION('',(1.,0.,0.));
#8616=DIRECTION('',(0.,-1.,0.));
#8617=DIRECTION('',(0.,0.,1.));
#8618=DIRECTION('',(1.,0.,0.));
#8619=DIRECTION('',(0.,0.,1.));
#8620=DIRECTION('',(1.,0.,0.));
#8621=DIRECTION('',(0.,1.,0.));
#8622=DIRECTION('',(0.,0.,1.));
#8623=DIRECTION('',(1.,0.,0.));
#8624=DIRECTION('',(0.,0.,-1.));
#8625=DIRECTION('',(1.,0.,0.));
#8626=DIRECTION('',(0.,0.,-1.));
#8627=DIRECTION('',(0.,-1.,0.));
#8628=DIRECTION('',(0.,0.,-1.));
#8629=DIRECTION('',(-1.,0.,0.));
#8630=DIRECTION('',(0.,0.,-1.));
#8631=DIRECTION('',(-1.,0.,0.));
#8632=DIRECTION('',(0.,0.,-1.));
#8633=DIRECTION('',(-1.,0.,0.));
#8634=DIRECTION('',(0.,0.,1.));
#8635=DIRECTION('',(0.,1.,0.));
#8636=DIRECTION('',(0.,1.,0.));
#8637=DIRECTION('',(0.,1.,0.));
#8638=DIRECTION('',(0.,1.,0.));
#8639=DIRECTION('',(0.,1.,0.));
#8640=DIRECTION('',(0.,1.,0.));
#8641=DIRECTION('',(1.,0.,0.));
#8642=DIRECTION('',(0.,0.,-1.));
#8643=DIRECTION('',(0.,-1.,0.));
#8644=DIRECTION('',(0.,-1.,0.));
#8645=DIRECTION('',(0.,-1.,0.));
#8646=DIRECTION('',(0.,-1.,0.));
#8647=DIRECTION('',(0.,-1.,0.));
#8648=DIRECTION('',(0.,-1.,0.));
#8649=DIRECTION('',(0.,0.,-1.));
#8650=DIRECTION('',(-1.,0.,0.));
#8651=DIRECTION('',(0.,0.,-1.));
#8652=DIRECTION('',(-1.,0.,0.));
#8653=DIRECTION('',(0.,0.,1.));
#8654=DIRECTION('',(1.,0.,0.));
#8655=DIRECTION('',(0.,0.,1.));
#8656=DIRECTION('',(1.,0.,0.));
#8657=CARTESIAN_POINT('',(0.,0.,0.));
#8658=CARTESIAN_POINT('',(0.003526060452121,-0.0070499491998982,0.002410046733683));
#8659=CARTESIAN_POINT('',(0.00359448882759887,-0.00787714525888216,0.002410046733683));
#8660=CARTESIAN_POINT('',(0.00359453185957036,-0.00785460310199525,0.002410046733683));
#8661=CARTESIAN_POINT('',(0.00359451052041555,-0.0078997131409117,0.002410046733683));
#8662=CARTESIAN_POINT('',(0.00359443144407325,-0.00787717096386365,0.002410046733683));
#8663=CARTESIAN_POINT('',(0.00359448882759887,-0.00787714525888216,0.0024180466935206));
#8664=CARTESIAN_POINT('',(0.00359453158354046,-0.00785466959361088,0.002410046733683));
#8665=CARTESIAN_POINT('',(0.00359453158354046,-0.00785466959361088,0.002413380050282));
#8666=CARTESIAN_POINT('',(0.00359453158354046,-0.00785466959361088,0.002416713366881));
#8667=CARTESIAN_POINT('',(0.00359453158354046,-0.00785466959361088,0.00242004668348));
#8668=CARTESIAN_POINT('',(0.00359453185957036,-0.00785460310199525,0.00242004668348));
#8669=CARTESIAN_POINT('',(0.00359448882759887,-0.00787714525888216,0.00242004668348));
#8670=CARTESIAN_POINT('',(0.00359451052041555,-0.0078997131409117,0.00242004643348));
#8671=CARTESIAN_POINT('',(0.00359453139230858,-0.00789962092451641,0.00242004643348));
#8672=CARTESIAN_POINT('',(0.00359453139230858,-0.00789962092451641,0.00241671320021433));
#8673=CARTESIAN_POINT('',(0.00359453139230858,-0.00789962092451641,0.00241337996694867));
#8674=CARTESIAN_POINT('',(0.00359453139230858,-0.00789962092451641,0.002410046733683));
#8675=CARTESIAN_POINT('',(0.00359443144407325,-0.00787717096386365,0.0024180466935206));
#8676=CARTESIAN_POINT('',(0.00359443144407325,-0.00787717096386365,0.00242004668348));
#8677=CARTESIAN_POINT('',(0.00375794426199865,-0.00781560513103195,0.0024180466935206));
#8678=CARTESIAN_POINT('',(0.00375794426199865,-0.00781560513103195,0.002410046733683));
#8679=CARTESIAN_POINT('',(0.00381716476640483,-0.00787021213669834,0.002410046733683));
#8680=CARTESIAN_POINT('',(0.00383863049194014,-0.00781545493991379,0.002410046733683));
#8681=CARTESIAN_POINT('',(0.00383856558731124,-0.00781530802565611,0.002410046733683));
#8682=CARTESIAN_POINT('',(0.00383856558731124,-0.00781530802565611,0.002413380050282));
#8683=CARTESIAN_POINT('',(0.00383856558731124,-0.00781530802565611,0.002416713366881));
#8684=CARTESIAN_POINT('',(0.00383856558731124,-0.00781530802565611,0.00242004668348));
#8685=CARTESIAN_POINT('',(0.00383863049194014,-0.00781545493991379,0.00242004668348));
#8686=CARTESIAN_POINT('',(0.00375794426199865,-0.00781560513103195,0.00242004668348));
#8687=CARTESIAN_POINT('',(0.00381716476980849,-0.00787021213291567,0.00242004643348));
#8688=CARTESIAN_POINT('',(0.00381721500052976,-0.00787025735807477,0.00242004643348));
#8689=CARTESIAN_POINT('',(0.00381721500052976,-0.00787025735807477,0.00241671320021433));
#8690=CARTESIAN_POINT('',(0.00381721500052976,-0.00787025735807477,0.00241337996694867));
#8691=CARTESIAN_POINT('',(0.00381721500052976,-0.00787025735807477,0.002410046733683));
#8692=CARTESIAN_POINT('',(0.00375785484109605,-0.00781684487924274,0.0024180466935206));
#8693=CARTESIAN_POINT('',(0.00375785484109605,-0.00781684487924274,0.002410046733683));
#8694=CARTESIAN_POINT('',(0.0037673205904907,-0.00789599972306179,0.002410046733683));
#8695=CARTESIAN_POINT('',(0.00375785484109605,-0.00781684487924274,0.00242004668348));
#8696=CARTESIAN_POINT('',(0.00376732050027683,-0.00789599973384993,0.00242004668348));
#8697=CARTESIAN_POINT('',(0.00376732069414444,-0.007896000589839,0.00242004668348));
#8698=CARTESIAN_POINT('',(0.003948990116173,-0.007896000589839,0.00242004668348));
#8699=CARTESIAN_POINT('',(0.003526060452121,-0.007896000589839,0.002410046733683));
#8700=CARTESIAN_POINT('',(0.00372819072408005,-0.007896000589839,0.002410046733683));
#8701=CARTESIAN_POINT('',(0.003526060452121,-0.007896000589839,0.00242004668348));
#8702=CARTESIAN_POINT('',(0.00372819072408005,-0.007896000589839,0.00242004668348));
#8703=CARTESIAN_POINT('',(0.00372819072408005,-0.007896000589839,0.00242004668348));
#8704=CARTESIAN_POINT('',(0.00373199994240309,-0.00787803623249633,0.0024180466935206));
#8705=CARTESIAN_POINT('',(0.00373199994240309,-0.00787803623249633,0.002410046733683));
#8706=CARTESIAN_POINT('',(0.00371365931086997,-0.00787835316783279,0.002410046733683));
#8707=CARTESIAN_POINT('',(0.00373199994240309,-0.00787803623249633,0.00242004668348));
#8708=CARTESIAN_POINT('',(0.00371365964655873,-0.00787835294192436,0.00242004668348));
#8709=CARTESIAN_POINT('',(0.00371363890356847,-0.00787835330012472,0.00242004668348));
#8710=CARTESIAN_POINT('',(0.00371363890356847,-0.00787835330012472,0.002416713366881));
#8711=CARTESIAN_POINT('',(0.00371363890356847,-0.00787835330012472,0.002413380050282));
#8712=CARTESIAN_POINT('',(0.00371363890356847,-0.00787835330012472,0.002410046733683));
#8713=CARTESIAN_POINT('',(0.00373171269776441,-0.00787843761375825,0.0024180466935206));
#8714=CARTESIAN_POINT('',(0.00373171269776441,-0.00787843761375825,0.002410046733683));
#8715=CARTESIAN_POINT('',(0.00373166501224411,-0.00786028341395134,0.002410046733683));
#8716=CARTESIAN_POINT('',(0.00373171269776441,-0.00787843761375825,0.00242004668348));
#8717=CARTESIAN_POINT('',(0.00373166778757755,-0.00786031199267817,0.00242004668348));
#8718=CARTESIAN_POINT('',(0.00373161043115434,-0.00786040472579704,0.00242004668348));
#8719=CARTESIAN_POINT('',(0.00373161043115434,-0.00786040472579704,0.002416713366881));
#8720=CARTESIAN_POINT('',(0.00373161043115434,-0.00786040472579704,0.002413380050282));
#8721=CARTESIAN_POINT('',(0.00373161043115434,-0.00786040472579704,0.002410046733683));
#8722=CARTESIAN_POINT('',(0.003736142228453,-0.00784996905519064,0.0024180466935206));
#8723=CARTESIAN_POINT('',(0.003736142228453,-0.00784996905519064,0.002410046733683));
#8724=CARTESIAN_POINT('',(0.00373481634063339,-0.007861000824788,0.002410046733683));
#8725=CARTESIAN_POINT('',(0.003736142228453,-0.00784996905519064,0.00242004668348));
#8726=CARTESIAN_POINT('',(0.00373481634063339,-0.007861000824788,0.00242004668348));
#8727=CARTESIAN_POINT('',(0.00373481634063339,-0.007861000824788,0.00242004668348));
#8728=CARTESIAN_POINT('',(0.003761108512989,-0.007861000824788,0.00242004668348));
#8729=CARTESIAN_POINT('',(0.003761108512989,-0.007861000824788,0.002410046733683));
#8730=CARTESIAN_POINT('',(0.00376111376326994,-0.00786106779188615,0.002410046733683));
#8731=CARTESIAN_POINT('',(0.003761108512989,-0.007861000824788,0.00242004668348));
#8732=CARTESIAN_POINT('',(0.00376111376326994,-0.00786106779188615,0.00242004643348));
#8733=CARTESIAN_POINT('',(0.003761108512989,-0.007861000824788,0.00242004643348));
#8734=CARTESIAN_POINT('',(0.003761108512989,-0.007861000824788,0.00241671320021433));
#8735=CARTESIAN_POINT('',(0.003761108512989,-0.007861000824788,0.00241337996694867));
#8736=CARTESIAN_POINT('',(0.003761108512989,-0.007861000824788,0.002410046733683));
#8737=CARTESIAN_POINT('',(0.00375759111098275,-0.00781613651980327,0.0024180466935206));
#8738=CARTESIAN_POINT('',(0.00375759111098275,-0.00781613651980327,0.002410046733683));
#8739=CARTESIAN_POINT('',(0.00380273406961554,-0.00781588636364577,0.002410046733683));
#8740=CARTESIAN_POINT('',(0.00375759111098275,-0.00781613651980327,0.00242004668348));
#8741=CARTESIAN_POINT('',(0.0038027397390943,-0.00781588627742878,0.00242004668348));
#8742=CARTESIAN_POINT('',(0.00380272674065629,-0.00781588640003737,0.00242004668348));
#8743=CARTESIAN_POINT('',(0.00380272674065629,-0.00781588640003737,0.002416713366881));
#8744=CARTESIAN_POINT('',(0.00380272674065629,-0.00781588640003737,0.002413380050282));
#8745=CARTESIAN_POINT('',(0.00380272674065629,-0.00781588640003737,0.002410046733683));
#8746=CARTESIAN_POINT('',(0.00375758866827771,-0.0078159072191687,0.0024180466935206));
#8747=CARTESIAN_POINT('',(0.00375758866827771,-0.0078159072191687,0.002410046733683));
#8748=CARTESIAN_POINT('',(0.00375763817944574,-0.00777076309917039,0.002410046733683));
#8749=CARTESIAN_POINT('',(0.00375758866827771,-0.0078159072191687,0.00242004668348));
#8750=CARTESIAN_POINT('',(0.00375763817944574,-0.00777076309917039,0.00242004668348));
#8751=CARTESIAN_POINT('',(0.003757638170027,-0.007770771687147,0.002410046733683));
#8752=CARTESIAN_POINT('',(0.003757638170027,-0.007770771687147,0.002413380050282));
#8753=CARTESIAN_POINT('',(0.003757638170027,-0.007770771687147,0.002416713366881));
#8754=CARTESIAN_POINT('',(0.003757638170027,-0.007770771687147,0.00242004668348));
#8755=CARTESIAN_POINT('',(0.003753011038724,-0.007770771687147,0.00242004668348));
#8756=CARTESIAN_POINT('',(0.003753011038724,-0.007770771687147,0.002410046733683));
#8757=CARTESIAN_POINT('',(0.00375288525544511,-0.007770771687147,0.002410046733683));
#8758=CARTESIAN_POINT('',(0.003526060452121,-0.007770771687147,0.00242004668348));
#8759=CARTESIAN_POINT('',(0.00375288525544511,-0.007770771687147,0.00242004668348));
#8760=CARTESIAN_POINT('',(0.00375288525544512,-0.007770771687147,0.00242004668348));
#8761=CARTESIAN_POINT('',(0.00367175502615438,-0.00778008443457669,0.0024180466935206));
#8762=CARTESIAN_POINT('',(0.00367175502615438,-0.00778008443457669,0.002410046733683));
#8763=CARTESIAN_POINT('',(0.00367203634436188,-0.0076983820840058,0.002410046733683));
#8764=CARTESIAN_POINT('',(0.00367175502615438,-0.00778008443457669,0.00242004668348));
#8765=CARTESIAN_POINT('',(0.00367203628873117,-0.00769840745741485,0.00242004643348));
#8766=CARTESIAN_POINT('',(0.0036720363385033,-0.00769842194482271,0.00242004643348));
#8767=CARTESIAN_POINT('',(0.0036720363385033,-0.00769842194482271,0.00241671320021433));
#8768=CARTESIAN_POINT('',(0.0036720363385033,-0.00769842194482271,0.00241337996694867));
#8769=CARTESIAN_POINT('',(0.0036720363385033,-0.00769842194482271,0.002410046733683));
#8770=CARTESIAN_POINT('',(0.00367195932830823,-0.00777998766343371,0.0024180466935206));
#8771=CARTESIAN_POINT('',(0.00367195932830823,-0.00777998766343371,0.002410046733683));
#8772=CARTESIAN_POINT('',(0.0035945316536806,-0.007753998289287,0.002410046733683));
#8773=CARTESIAN_POINT('',(0.00367195932830823,-0.00777998766343371,0.00242004668348));
#8774=CARTESIAN_POINT('',(0.00359453156243889,-0.00775399803947778,0.00242004668348));
#8775=CARTESIAN_POINT('',(0.00359452742260329,-0.00775409782832582,0.00242004668348));
#8776=CARTESIAN_POINT('',(0.00356325057165364,-0.00780523182224481,0.0024180466935206));
#8777=CARTESIAN_POINT('',(0.00356325057165364,-0.00780523182224481,0.002410046733683));
#8778=CARTESIAN_POINT('',(0.00356387713109004,-0.00774531180232656,0.002410046733683));
#8779=CARTESIAN_POINT('',(0.00356325057165364,-0.00780523182224481,0.00242004668348));
#8780=CARTESIAN_POINT('',(0.00356387722168877,-0.00774531180396733,0.00242004643350613));
#8781=CARTESIAN_POINT('',(0.00356387718022625,-0.00774529407196439,0.00242004643350613));
#8782=CARTESIAN_POINT('',(0.00356387718022625,-0.00774529407196439,0.00241671320023175));
#8783=CARTESIAN_POINT('',(0.00356387718022625,-0.00774529407196439,0.00241337996695738));
#8784=CARTESIAN_POINT('',(0.00356387718022625,-0.00774529407196439,0.002410046733683));
#8785=CARTESIAN_POINT('',(0.00356401303850362,-0.00780334262978479,0.0024180466935206));
#8786=CARTESIAN_POINT('',(0.00356401303850362,-0.00780334262978479,0.002410046733683));
#8787=CARTESIAN_POINT('',(0.00350583536239767,-0.00780316547806102,0.002410046733683));
#8788=CARTESIAN_POINT('',(0.00356401303850362,-0.00780334262978479,0.00242004668348));
#8789=CARTESIAN_POINT('',(0.00350585416818445,-0.00780316683703734,0.00242004643348));
#8790=CARTESIAN_POINT('',(0.00350600006489569,-0.00780316148879729,0.00242004643348));
#8791=CARTESIAN_POINT('',(0.00350600006489569,-0.00780316148879729,0.00241671320021433));
#8792=CARTESIAN_POINT('',(0.00350600006489569,-0.00780316148879729,0.00241337996694867));
#8793=CARTESIAN_POINT('',(0.00350600006489569,-0.00780316148879729,0.002410046733683));
#8794=CARTESIAN_POINT('',(0.00356561562787258,-0.00780180611247376,0.0024180466935206));
#8795=CARTESIAN_POINT('',(0.00356561562787258,-0.00780180611247376,0.002410046733683));
#8796=CARTESIAN_POINT('',(0.00354095010992103,-0.00785645837817418,0.002410046733683));
#8797=CARTESIAN_POINT('',(0.00356561562787258,-0.00780180611247376,0.00242004668348));
#8798=CARTESIAN_POINT('',(0.00354095010992103,-0.00785645837817418,0.00242004668348));
#8799=CARTESIAN_POINT('',(0.00354095010992057,-0.00785645837817437,0.00242004668348));
#8800=CARTESIAN_POINT('',(0.00359535947355008,-0.00787596634958539,0.0024180466935206));
#8801=CARTESIAN_POINT('',(0.00359535947355008,-0.00787596634958539,0.002410046733683));
#8802=CARTESIAN_POINT('',(0.00359511088737147,-0.00781824432428108,0.002410046733683));
#8803=CARTESIAN_POINT('',(0.00359535947355008,-0.00787596634958539,0.00242004668348));
#8804=CARTESIAN_POINT('',(0.00359511096540318,-0.0078182443232211,0.00242004643348));
#8805=CARTESIAN_POINT('',(0.00359510990201948,-0.00781816602507847,0.00242004643348));
#8806=CARTESIAN_POINT('',(0.00359510990201948,-0.00781816602507847,0.00241671320021433));
#8807=CARTESIAN_POINT('',(0.00359510990201948,-0.00781816602507847,0.00241337996694867));
#8808=CARTESIAN_POINT('',(0.00359510990201948,-0.00781816602507847,0.002410046733683));
#8809=CARTESIAN_POINT('',(0.00359587590319708,-0.00787456755659575,0.0024180466935206));
#8810=CARTESIAN_POINT('',(0.00359587590319708,-0.00787456755659575,0.002410046733683));
#8811=CARTESIAN_POINT('',(0.003638489445191,-0.007837865124143,0.002410046733683));
#8812=CARTESIAN_POINT('',(0.00359587590319708,-0.00787456755659575,0.00242004668348));
#8813=CARTESIAN_POINT('',(0.00363848944519103,-0.00783786512414306,0.00242004668348));
#8814=CARTESIAN_POINT('',(0.003638489445191,-0.007837865124143,0.00242004668348));
#8815=CARTESIAN_POINT('',(0.003715993966232,-0.007797377686626,0.00242004668348));
#8816=CARTESIAN_POINT('',(0.003715993966232,-0.007797377686626,0.002410046733683));
#8817=CARTESIAN_POINT('',(0.003715993966232,-0.007797377686626,0.002410046733683));
#8818=CARTESIAN_POINT('',(0.003715993966232,-0.007797377686626,0.00242004668348));
#8819=CARTESIAN_POINT('',(0.003715993966232,-0.007797377686626,0.00242004668348));
#8820=CARTESIAN_POINT('',(0.003715993966232,-0.007797377686626,0.00242004668348));
#8821=CARTESIAN_POINT('',(0.003733924108307,-0.007828032467365,0.00242004668348));
#8822=CARTESIAN_POINT('',(0.003733924108307,-0.007828032467365,0.002410046733683));
#8823=CARTESIAN_POINT('',(0.003733924108307,-0.007828032467365,0.002410046733683));
#8824=CARTESIAN_POINT('',(0.003733924108307,-0.007828032467365,0.00242004668348));
#8825=CARTESIAN_POINT('',(0.0037339241083071,-0.00782803246736517,0.00242004668348));
#8826=CARTESIAN_POINT('',(0.003733924108307,-0.007828032467365,0.00242004668348));
#8827=CARTESIAN_POINT('',(0.003652949233273,-0.007870833470534,0.00242004668348));
#8828=CARTESIAN_POINT('',(0.003652949233273,-0.007870833470534,0.002410046733683));
#8829=CARTESIAN_POINT('',(0.003652949233273,-0.007870833470534,0.002410046733683));
#8830=CARTESIAN_POINT('',(0.003652949233273,-0.007870833470534,0.00242004668348));
#8831=CARTESIAN_POINT('',(0.003652949233273,-0.007870833470534,0.00242004668348));
#8832=CARTESIAN_POINT('',(0.003652949233273,-0.007870833470534,0.00242004668348));
#8833=CARTESIAN_POINT('',(0.003652949233273,-0.00787661739018,0.00242004668348));
#8834=CARTESIAN_POINT('',(0.003652949233273,-0.00787661739018,0.002410046733683));
#8835=CARTESIAN_POINT('',(0.00365294567162601,-0.00787661738182198,0.002410046733683));
#8836=CARTESIAN_POINT('',(0.003652949233273,-0.0070499491998982,0.00242004668348));
#8837=CARTESIAN_POINT('',(0.00365294567162601,-0.00787661738182198,0.00242004668348));
#8838=CARTESIAN_POINT('',(0.003652949233273,-0.00787661739018,0.00242004668348));
#8839=CARTESIAN_POINT('',(0.00359492901330575,-0.00787648123564764,0.0024180466935206));
#8840=CARTESIAN_POINT('',(0.00359492901330575,-0.00787648123564764,0.002410046733683));
#8841=CARTESIAN_POINT('',(0.00359510818133983,-0.00793436051060505,0.002410046733683));
#8842=CARTESIAN_POINT('',(0.00359492901330575,-0.00787648123564764,0.00242004668348));
#8843=CARTESIAN_POINT('',(0.00359510806416816,-0.00793436051243732,0.00242004643348));
#8844=CARTESIAN_POINT('',(0.00359511015429343,-0.00793449420925761,0.00242004643348));
#8845=CARTESIAN_POINT('',(0.00359511015429343,-0.00793449420925761,0.00241671320021433));
#8846=CARTESIAN_POINT('',(0.00359511015429343,-0.00793449420925761,0.00241337996694867));
#8847=CARTESIAN_POINT('',(0.00359511015429343,-0.00793449420925761,0.002410046733683));
#8848=CARTESIAN_POINT('',(0.0035942157003843,-0.00787727962735831,0.0024180466935206));
#8849=CARTESIAN_POINT('',(0.0035942157003843,-0.00787727962735831,0.002410046733683));
#8850=CARTESIAN_POINT('',(0.00354011841665134,-0.00789509138556674,0.002410046733683));
#8851=CARTESIAN_POINT('',(0.0035942157003843,-0.00787727962735831,0.00242004668348));
#8852=CARTESIAN_POINT('',(0.00354011841665134,-0.00789509138556674,0.00242004668348));
#8853=CARTESIAN_POINT('',(0.00354011841665134,-0.00789509138556674,0.00242004668348));
#8854=CARTESIAN_POINT('',(0.00356283852629062,-0.00780490408871074,0.0024180466935206));
#8855=CARTESIAN_POINT('',(0.00356283852629062,-0.00780490408871074,0.002410046733683));
#8856=CARTESIAN_POINT('',(0.00349391839424984,-0.00786733872320268,0.002410046733683));
#8857=CARTESIAN_POINT('',(0.00356283852629062,-0.00780490408871074,0.00242004668348));
#8858=CARTESIAN_POINT('',(0.00349390864103462,-0.00786734749496335,0.00242004643348));
#8859=CARTESIAN_POINT('',(0.00349391088080225,-0.00786734551393184,0.00242004643348));
#8860=CARTESIAN_POINT('',(0.00349391088080225,-0.00786734551393184,0.00241671320021433));
#8861=CARTESIAN_POINT('',(0.00349391088080225,-0.00786734551393184,0.00241337996694867));
#8862=CARTESIAN_POINT('',(0.00349391088080225,-0.00786734551393184,0.002410046733683));
#8863=CARTESIAN_POINT('',(0.00356376810679721,-0.00780415057059063,0.0024180466935206));
#8864=CARTESIAN_POINT('',(0.00356376810679721,-0.00780415057059063,0.002410046733683));
#8865=CARTESIAN_POINT('',(0.00346962400571316,-0.00780431830064344,0.002410046733683));
#8866=CARTESIAN_POINT('',(0.00356376810679721,-0.00780415057059063,0.00242004668348));
#8867=CARTESIAN_POINT('',(0.00346962400569075,-0.00780431829498,0.00242004643348));
#8868=CARTESIAN_POINT('',(0.00346958854911126,-0.00780431843526197,0.00242004643348));
#8869=CARTESIAN_POINT('',(0.00346958854911126,-0.00780431843526197,0.00241671320021433));
#8870=CARTESIAN_POINT('',(0.00346958854911126,-0.00780431843526196,0.00241337996694867));
#8871=CARTESIAN_POINT('',(0.00346958854911126,-0.00780431843526197,0.002410046733683));
#8872=CARTESIAN_POINT('',(0.0035624963781752,-0.00780395085066735,0.0024180466935206));
#8873=CARTESIAN_POINT('',(0.0035624963781752,-0.00780395085066735,0.002410046733683));
#8874=CARTESIAN_POINT('',(0.00349682053961928,-0.00773841813424613,0.002410046733683));
#8875=CARTESIAN_POINT('',(0.0035624963781752,-0.00780395085066735,0.00242004668348));
#8876=CARTESIAN_POINT('',(0.00349682053452311,-0.00773841813943752,0.00242004643348));
#8877=CARTESIAN_POINT('',(0.00349677835844868,-0.00773837669607714,0.00242004643348));
#8878=CARTESIAN_POINT('',(0.00349677835844868,-0.00773837669607714,0.00241671320021433));
#8879=CARTESIAN_POINT('',(0.00349677835844868,-0.00773837669607714,0.00241337996694867));
#8880=CARTESIAN_POINT('',(0.00349677835844868,-0.00773837669607714,0.002410046733683));
#8881=CARTESIAN_POINT('',(0.00356319223855739,-0.00780357257758715,0.0024180466935206));
#8882=CARTESIAN_POINT('',(0.00356319223855739,-0.00780357257758715,0.002410046733683));
#8883=CARTESIAN_POINT('',(0.00356331351886896,-0.00771047151736,0.002410046733683));
#8884=CARTESIAN_POINT('',(0.00356319223855739,-0.00780357257758715,0.00242004668348));
#8885=CARTESIAN_POINT('',(0.00356331351886896,-0.00771047151736,0.00242004643348));
#8886=CARTESIAN_POINT('',(0.00356332855460345,-0.00771031827626752,0.002410046733683));
#8887=CARTESIAN_POINT('',(0.00356332855460345,-0.00771031827626752,0.00241337996694867));
#8888=CARTESIAN_POINT('',(0.00356332855460345,-0.00771031827626752,0.00241671320021433));
#8889=CARTESIAN_POINT('',(0.00356332855460345,-0.00771031827626752,0.00242004643348));
#8890=CARTESIAN_POINT('',(0.00356994999518814,-0.00771098041864138,0.0024150467085815));
#8891=CARTESIAN_POINT('',(0.00356994999518814,-0.00771098041864138,0.002410046733683));
#8892=CARTESIAN_POINT('',(0.00357710880663603,-0.00771169629796484,0.002410046733683));
#8893=CARTESIAN_POINT('',(0.00346104652755955,-0.00770009009958547,0.00242004668348));
#8894=CARTESIAN_POINT('',(0.00357710880663603,-0.00771169629796484,0.00242004668348));
#8895=CARTESIAN_POINT('',(0.00357710880663603,-0.00771169629796484,0.00242004668348));
#8896=CARTESIAN_POINT('',(0.00366283608770097,-0.00777092224231451,0.0024180466935206));
#8897=CARTESIAN_POINT('',(0.00366283608770097,-0.00777092224231451,0.002410046733683));
#8898=CARTESIAN_POINT('',(0.00360209649782933,-0.00768638820248836,0.002410046733683));
#8899=CARTESIAN_POINT('',(0.00366283608770097,-0.00777092224231451,0.00242004668348));
#8900=CARTESIAN_POINT('',(0.00360209656043261,-0.00768638815639096,0.00242004643348));
#8901=CARTESIAN_POINT('',(0.00360203513202293,-0.00768630473235628,0.00242004643348));
#8902=CARTESIAN_POINT('',(0.00360203513202293,-0.00768630473235628,0.00241671320021433));
#8903=CARTESIAN_POINT('',(0.00360203513202293,-0.00768630473235628,0.00241337996694867));
#8904=CARTESIAN_POINT('',(0.00360203513202293,-0.00768630473235628,0.002410046733683));
#8905=CARTESIAN_POINT('',(0.00367125004038893,-0.0077803033715233,0.0024180466935206));
#8906=CARTESIAN_POINT('',(0.00367125004038893,-0.0077803033715233,0.002410046733683));
#8907=CARTESIAN_POINT('',(0.00367146126013938,-0.00766359671495087,0.002410046733683));
#8908=CARTESIAN_POINT('',(0.00367125004038893,-0.0077803033715233,0.00242004668348));
#8909=CARTESIAN_POINT('',(0.00367146126013938,-0.00766359671495087,0.00242004643348));
#8910=CARTESIAN_POINT('',(0.0036714577641369,-0.00766377838082019,0.00242004643348));
#8911=CARTESIAN_POINT('',(0.0036714577641369,-0.00766377838082019,0.00241671320021433));
#8912=CARTESIAN_POINT('',(0.0036714577641369,-0.00766377838082019,0.00241337996694867));
#8913=CARTESIAN_POINT('',(0.0036714577641369,-0.00766377838082019,0.002410046733683));
#8914=CARTESIAN_POINT('',(0.00366904193645392,-0.00778641251447101,0.0024180466935206));
#8915=CARTESIAN_POINT('',(0.00366904193645392,-0.00778641251447101,0.002410046733683));
#8916=CARTESIAN_POINT('',(0.00375001752340223,-0.00769396167628017,0.002410046733683));
#8917=CARTESIAN_POINT('',(0.00366904193645392,-0.00778641251447101,0.00242004668348));
#8918=CARTESIAN_POINT('',(0.00375002809182172,-0.00769394959962397,0.00242004643348));
#8919=CARTESIAN_POINT('',(0.00375009793160855,-0.00769386970169247,0.00242004643348));
#8920=CARTESIAN_POINT('',(0.00375009793160855,-0.00769386970169247,0.00241671320021433));
#8921=CARTESIAN_POINT('',(0.00375009793160855,-0.00769386970169247,0.00241337996694867));
#8922=CARTESIAN_POINT('',(0.00375009793160855,-0.00769386970169247,0.002410046733683));
#8923=CARTESIAN_POINT('',(0.00367563200359783,-0.00777903747105194,0.0024180466935206));
#8924=CARTESIAN_POINT('',(0.00367563200359783,-0.00777903747105194,0.002410046733683));
#8925=CARTESIAN_POINT('',(0.00378155242395165,-0.00773999436852694,0.002410046733683));
#8926=CARTESIAN_POINT('',(0.00367563200359783,-0.00777903747105194,0.00242004668348));
#8927=CARTESIAN_POINT('',(0.00378155242395165,-0.00773999436852694,0.00242004668348));
#8928=CARTESIAN_POINT('',(0.00378155242395171,-0.00773999436852679,0.00242004668348));
#8929=CARTESIAN_POINT('',(0.00375779332847084,-0.00781735564834507,0.0024180466935206));
#8930=CARTESIAN_POINT('',(0.00375779332847084,-0.00781735564834507,0.002410046733683));
#8931=CARTESIAN_POINT('',(0.00375779332847084,-0.00781735564834507,0.00242004668348));
#8932=CARTESIAN_POINT('',(0.003526060452121,-0.0070499491998982,0.00242004668348));
#8933=CARTESIAN_POINT('',(0.003526060452121,-0.0070499491998982,0.002410046733683));
#8934=CARTESIAN_POINT('',(0.004295310944306,-0.00783074571061,0.002410046733683));
#8935=CARTESIAN_POINT('',(0.00429534136588651,-0.00783075465219057,0.002410046733683));
#8936=CARTESIAN_POINT('',(0.004283145837758,-0.007864558468299,0.002410046733683));
#8937=CARTESIAN_POINT('',(0.004283145837758,-0.007864558468299,0.002410046733683));
#8938=CARTESIAN_POINT('',(0.004310449743567,-0.007864558468299,0.002410046733683));
#8939=CARTESIAN_POINT('',(0.004310449743567,-0.007864558468299,0.002410046733683));
#8940=CARTESIAN_POINT('',(0.004298159866695,-0.00783074571061,0.002410046733683));
#8941=CARTESIAN_POINT('',(0.00432266816348047,-0.00782296421695867,0.002410046733683));
#8942=CARTESIAN_POINT('',(0.00429683344875196,-0.00782499371741658,0.002410046733683));
#8943=CARTESIAN_POINT('',(0.0042542532214817,-0.00781867793075237,0.002410046733683));
#8944=CARTESIAN_POINT('',(0.004295310944306,-0.00783074571061,0.00242004668348));
#8945=CARTESIAN_POINT('',(0.004295310944306,-0.00783074571061,0.002410046733683));
#8946=CARTESIAN_POINT('',(0.004295310944306,-0.00783074571061,0.002413380050282));
#8947=CARTESIAN_POINT('',(0.004295310944306,-0.00783074571061,0.002416713366881));
#8948=CARTESIAN_POINT('',(0.004295310944306,-0.00783074571061,0.00242004668348));
#8949=CARTESIAN_POINT('',(0.00429534136588651,-0.00783075465219057,0.00242004668348));
#8950=CARTESIAN_POINT('',(0.004295310944306,-0.00783074571061,0.00242004668348));
#8951=CARTESIAN_POINT('',(0.004283145837758,-0.007864558468299,0.00242004668348));
#8952=CARTESIAN_POINT('',(0.004283145837758,-0.007864558468299,0.00242004668348));
#8953=CARTESIAN_POINT('',(0.0042542532214817,-0.00781867793075237,0.0024180466935206));
#8954=CARTESIAN_POINT('',(0.004296891368405,-0.007825047865834,0.00242004668348));
#8955=CARTESIAN_POINT('',(0.00429683336925091,-0.00782499612991117,0.00242004668348));
#8956=CARTESIAN_POINT('',(0.0042542532214817,-0.00781867793075237,0.00242004668348));
#8957=CARTESIAN_POINT('',(0.00432266816348047,-0.00782296421695867,0.0024180466935206));
#8958=CARTESIAN_POINT('',(0.004298159866695,-0.00783074571061,0.00242004668348));
#8959=CARTESIAN_POINT('',(0.004298159866695,-0.00783074571061,0.00242004668348));
#8960=CARTESIAN_POINT('',(0.00432266816348047,-0.00782296421695867,0.00242004668348));
#8961=CARTESIAN_POINT('',(0.004310449743567,-0.007864558468299,0.00242004668348));
#8962=CARTESIAN_POINT('',(0.004310449743567,-0.007864558468299,0.00242004668348));
#8963=CARTESIAN_POINT('',(0.004310449743567,-0.007864558468299,0.00242004668348));
#8964=CARTESIAN_POINT('',(0.004310449743567,-0.007864558468299,0.00242004668348));
#8965=CARTESIAN_POINT('',(0.004283145837758,-0.007864558468299,0.00242004668348));
#8966=CARTESIAN_POINT('',(0.004283145837758,-0.007864558468299,0.00242004668348));
#8967=CARTESIAN_POINT('',(0.003948990116173,-0.007896000589839,0.00242004668348));
#8968=CARTESIAN_POINT('',(0.00433359463859,-0.007896000589839,0.002410046733683));
#8969=CARTESIAN_POINT('',(0.004321990998498,-0.007896000589839,0.002410046733683));
#8970=CARTESIAN_POINT('',(0.00433359463858986,-0.00789600058983901,0.002410046733683));
#8971=CARTESIAN_POINT('',(0.00433359463859,-0.007896000589839,0.00242004668348));
#8972=CARTESIAN_POINT('',(0.00433359463858986,-0.00789600058983901,0.00242004668348));
#8973=CARTESIAN_POINT('',(0.00433359463859,-0.007896000589839,0.00242004668348));
#8974=CARTESIAN_POINT('',(0.004321990998498,-0.007896000589839,0.00242004668348));
#8975=CARTESIAN_POINT('',(0.004321990998498,-0.007896000589839,0.00242004668348));
#8976=CARTESIAN_POINT('',(0.004321990998498,-0.007896000589839,0.00242004668348));
#8977=CARTESIAN_POINT('',(0.004321990998498,-0.007896000589839,0.002410046733683));
#8978=CARTESIAN_POINT('',(0.00431369377198,-0.007873749882135,0.002410046733683));
#8979=CARTESIAN_POINT('',(0.004321990998498,-0.007896000589839,0.00242004668348));
#8980=CARTESIAN_POINT('',(0.00431369377198,-0.007873749882135,0.00242004668348));
#8981=CARTESIAN_POINT('',(0.00431369377198,-0.007873749882135,0.00242004668348));
#8982=CARTESIAN_POINT('',(0.00431369377198,-0.007873749882135,0.00242004668348));
#8983=CARTESIAN_POINT('',(0.00431369377198,-0.007873749882135,0.002410046733683));
#8984=CARTESIAN_POINT('',(0.004279818629129,-0.007873749882135,0.002410046733683));
#8985=CARTESIAN_POINT('',(0.00431369377198,-0.007873749882135,0.00242004668348));
#8986=CARTESIAN_POINT('',(0.004279818629129,-0.007873749882135,0.00242004668348));
#8987=CARTESIAN_POINT('',(0.004279818629129,-0.007873749882135,0.00242004668348));
#8988=CARTESIAN_POINT('',(0.004279818629129,-0.007873749882135,0.00242004668348));
#8989=CARTESIAN_POINT('',(0.004279818629129,-0.007873749882135,0.002410046733683));
#8990=CARTESIAN_POINT('',(0.00427199968885173,-0.007896000589839,0.002410046733683));
#8991=CARTESIAN_POINT('',(0.004279818629129,-0.007873749882135,0.00242004668348));
#8992=CARTESIAN_POINT('',(0.00427199968885173,-0.007896000589839,0.00242004668348));
#8993=CARTESIAN_POINT('',(0.004271999688852,-0.007896000589839,0.00242004668348));
#8994=CARTESIAN_POINT('',(0.003948990116173,-0.007896000589839,0.00242004668348));
#8995=CARTESIAN_POINT('',(0.004271999688852,-0.007896000589839,0.002410046733683));
#8996=CARTESIAN_POINT('',(0.004260396048759,-0.007896000589839,0.002410046733683));
#8997=CARTESIAN_POINT('',(0.004271999688852,-0.007896000589839,0.00242004668348));
#8998=CARTESIAN_POINT('',(0.004260396048759,-0.007896000589839,0.00242004668348));
#8999=CARTESIAN_POINT('',(0.004260396048759,-0.007896000589839,0.00242004668348));
#9000=CARTESIAN_POINT('',(0.004260396048759,-0.007896000589839,0.00242004668348));
#9001=CARTESIAN_POINT('',(0.004260396048759,-0.007896000589839,0.002410046733683));
#9002=CARTESIAN_POINT('',(0.00429138067911356,-0.007814650338869,0.002410046733683));
#9003=CARTESIAN_POINT('',(0.004260396048759,-0.007896000589839,0.00242004668348));
#9004=CARTESIAN_POINT('',(0.00429138067911356,-0.007814650338869,0.00242004668348));
#9005=CARTESIAN_POINT('',(0.004291380679114,-0.007814650338869,0.00242004668348));
#9006=CARTESIAN_POINT('',(0.003905237322706,-0.007814650338869,0.00242004668348));
#9007=CARTESIAN_POINT('',(0.004291380679114,-0.007814650338869,0.002410046733683));
#9008=CARTESIAN_POINT('',(0.004302610008236,-0.007814650338869,0.002410046733683));
#9009=CARTESIAN_POINT('',(0.004291380679114,-0.007814650338869,0.00242004668348));
#9010=CARTESIAN_POINT('',(0.004302610008236,-0.007814650338869,0.00242004668348));
#9011=CARTESIAN_POINT('',(0.004302610008236,-0.007814650338869,0.00242004668348));
#9012=CARTESIAN_POINT('',(0.004302610008236,-0.007814650338869,0.00242004668348));
#9013=CARTESIAN_POINT('',(0.004302610008236,-0.007814650338869,0.002410046733683));
#9014=CARTESIAN_POINT('',(0.004302610008236,-0.007814650338869,0.00242004668348));
#9015=CARTESIAN_POINT('',(0.003526060452121,-0.0070499491998982,0.00242004668348));
#9016=CARTESIAN_POINT('',(0.003526060452121,-0.0070499491998982,0.002410046733683));
#9017=CARTESIAN_POINT('',(0.00421616620142251,-0.00785508055516723,0.002410046733683));
#9018=CARTESIAN_POINT('',(0.00423619440576534,-0.00783141380295714,0.002410046733683));
#9019=CARTESIAN_POINT('',(0.00421248036928888,-0.00782432283824246,0.002410046733683));
#9020=CARTESIAN_POINT('',(0.004212442654399,-0.007824008113137,0.002410046733683));
#9021=CARTESIAN_POINT('',(0.004200152777527,-0.007824008113137,0.002410046733683));
#9022=CARTESIAN_POINT('',(0.004200152777527,-0.007824008113137,0.002410046733683));
#9023=CARTESIAN_POINT('',(0.004200152777527,-0.007886725995787,0.002410046733683));
#9024=CARTESIAN_POINT('',(0.004200152777527,-0.007886725995787,0.002410046733683));
#9025=CARTESIAN_POINT('',(0.00421196622161952,-0.00788667712387787,0.002410046733683));
#9026=CARTESIAN_POINT('',(0.00421339801184103,-0.00784892378582593,0.002410046733683));
#9027=CARTESIAN_POINT('',(0.00423634746964752,-0.00787849431999077,0.002410046733683));
#9028=CARTESIAN_POINT('',(0.00421699159557529,-0.00785876210128837,0.002410046733683));
#9029=CARTESIAN_POINT('',(0.00424437570956723,-0.00785462940276153,0.002410046733683));
#9030=CARTESIAN_POINT('',(0.00421188124919981,-0.00785302702617325,0.002410046733683));
#9031=CARTESIAN_POINT('',(0.00421616620142251,-0.00785508055516723,0.0024180466935206));
#9032=CARTESIAN_POINT('',(0.00423593469398835,-0.00783164359265055,0.002410046733683));
#9033=CARTESIAN_POINT('',(0.00423593469398835,-0.00783164359265055,0.002413380050282));
#9034=CARTESIAN_POINT('',(0.00423593469398835,-0.00783164359265055,0.002416713366881));
#9035=CARTESIAN_POINT('',(0.00423593469398835,-0.00783164359265055,0.00242004668348));
#9036=CARTESIAN_POINT('',(0.00423619440576534,-0.00783141380295714,0.00242004668348));
#9037=CARTESIAN_POINT('',(0.00421616620142251,-0.00785508055516723,0.00242004668348));
#9038=CARTESIAN_POINT('',(0.00421248036928888,-0.00782432283824246,0.00242004668348));
#9039=CARTESIAN_POINT('',(0.004212442654399,-0.007824008113137,0.002410046733683));
#9040=CARTESIAN_POINT('',(0.004212442654399,-0.007824008113137,0.002413380050282));
#9041=CARTESIAN_POINT('',(0.004212442654399,-0.007824008113137,0.002416713366881));
#9042=CARTESIAN_POINT('',(0.004212442654399,-0.007824008113137,0.00242004668348));
#9043=CARTESIAN_POINT('',(0.00421188124919981,-0.00785302702617325,0.0024180466935206));
#9044=CARTESIAN_POINT('',(0.00424472266224706,-0.00785457126167157,0.002410046733683));
#9045=CARTESIAN_POINT('',(0.00424472266224706,-0.00785457126167157,0.002413380050282));
#9046=CARTESIAN_POINT('',(0.00424472266224706,-0.00785457126167157,0.002416713366881));
#9047=CARTESIAN_POINT('',(0.00424472266224706,-0.00785457126167157,0.00242004668348));
#9048=CARTESIAN_POINT('',(0.00424437570956723,-0.00785462940276153,0.00242004668348));
#9049=CARTESIAN_POINT('',(0.00421188124919981,-0.00785302702617325,0.00242004668348));
#9050=CARTESIAN_POINT('',(0.00421699159557529,-0.00785876210128837,0.0024180466935206));
#9051=CARTESIAN_POINT('',(0.0042361637938862,-0.00787825664025368,0.002410046733683));
#9052=CARTESIAN_POINT('',(0.0042361637938862,-0.00787825664025368,0.002413380050282));
#9053=CARTESIAN_POINT('',(0.0042361637938862,-0.00787825664025368,0.002416713366881));
#9054=CARTESIAN_POINT('',(0.0042361637938862,-0.00787825664025368,0.00242004668348));
#9055=CARTESIAN_POINT('',(0.00423634746964752,-0.00787849431999077,0.00242004668348));
#9056=CARTESIAN_POINT('',(0.00421699159557529,-0.00785876210128837,0.00242004668348));
#9057=CARTESIAN_POINT('',(0.00421339801184103,-0.00784892378582593,0.0024180466935206));
#9058=CARTESIAN_POINT('',(0.004211964368159,-0.007886725995787,0.00242004643348));
#9059=CARTESIAN_POINT('',(0.004211964368159,-0.007886725995787,0.00241671320021433));
#9060=CARTESIAN_POINT('',(0.004211964368159,-0.007886725995787,0.00241337996694867));
#9061=CARTESIAN_POINT('',(0.004211964368159,-0.007886725995787,0.002410046733683));
#9062=CARTESIAN_POINT('',(0.00421196622161952,-0.00788667712387787,0.00242004643348));
#9063=CARTESIAN_POINT('',(0.00421339801184103,-0.00784892378582593,0.00242004668348));
#9064=CARTESIAN_POINT('',(0.00391573882494,-0.007886725995787,0.00242004668348));
#9065=CARTESIAN_POINT('',(0.004200152777527,-0.007886725995787,0.00242004668348));
#9066=CARTESIAN_POINT('',(0.004200152777527,-0.007886725995787,0.00242004668348));
#9067=CARTESIAN_POINT('',(0.004200152777527,-0.007886725995787,0.00242004668348));
#9068=CARTESIAN_POINT('',(0.004200152777527,-0.007824008113137,0.00242004668348));
#9069=CARTESIAN_POINT('',(0.004200152777527,-0.007824008113137,0.00242004668348));
#9070=CARTESIAN_POINT('',(0.004200152777527,-0.007824008113137,0.00242004668348));
#9071=CARTESIAN_POINT('',(0.004200152777527,-0.007824008113137,0.00242004668348));
#9072=CARTESIAN_POINT('',(0.003947139356373,-0.007824008113137,0.00242004668348));
#9073=CARTESIAN_POINT('',(0.004212442654399,-0.007824008113137,0.00242004668348));
#9074=CARTESIAN_POINT('',(0.004189651275294,-0.007896000589839,0.00242004668348));
#9075=CARTESIAN_POINT('',(0.004189651275294,-0.007896000589839,0.002410046733683));
#9076=CARTESIAN_POINT('',(0.004189651275294,-0.007814650338869,0.002410046733683));
#9077=CARTESIAN_POINT('',(0.004189651275294,-0.007896000589839,0.002410046733683));
#9078=CARTESIAN_POINT('',(0.004189651275294,-0.007896000589839,0.00242004668348));
#9079=CARTESIAN_POINT('',(0.004189651275294,-0.007896000589839,0.00242004668348));
#9080=CARTESIAN_POINT('',(0.004189651275294,-0.007896000589839,0.00242004668348));
#9081=CARTESIAN_POINT('',(0.004189651275294,-0.007814650338869,0.00242004668348));
#9082=CARTESIAN_POINT('',(0.004189651275294,-0.007814650338869,0.00242004668348));
#9083=CARTESIAN_POINT('',(0.003905237322706,-0.007814650338869,0.00242004668348));
#9084=CARTESIAN_POINT('',(0.004189651275294,-0.007814650338869,0.002410046733683));
#9085=CARTESIAN_POINT('',(0.0042128778536162,-0.00781489718519793,0.002410046733683));
#9086=CARTESIAN_POINT('',(0.004189651275294,-0.007814650338869,0.00242004668348));
#9087=CARTESIAN_POINT('',(0.0042128778536162,-0.00781489718519793,0.00242004643348));
#9088=CARTESIAN_POINT('',(0.004212858555478,-0.007814650338869,0.00242004643348));
#9089=CARTESIAN_POINT('',(0.004212858555478,-0.007814650338869,0.00241671320021433));
#9090=CARTESIAN_POINT('',(0.004212858555478,-0.007814650338869,0.00241337996694867));
#9091=CARTESIAN_POINT('',(0.004212858555478,-0.007814650338869,0.002410046733683));
#9092=CARTESIAN_POINT('',(0.00421613115465665,-0.00785651080671074,0.0024180466935206));
#9093=CARTESIAN_POINT('',(0.00421613115465665,-0.00785651080671074,0.002410046733683));
#9094=CARTESIAN_POINT('',(0.0042437393359972,-0.00782529062371644,0.002410046733683));
#9095=CARTESIAN_POINT('',(0.00421613115465665,-0.00785651080671074,0.00242004668348));
#9096=CARTESIAN_POINT('',(0.00424373932957559,-0.00782529061762275,0.00242004643348));
#9097=CARTESIAN_POINT('',(0.00424361312311715,-0.00782542366671007,0.00242004643348));
#9098=CARTESIAN_POINT('',(0.00424361312311715,-0.00782542366671007,0.00241671320021433));
#9099=CARTESIAN_POINT('',(0.00424361312311715,-0.00782542366671007,0.00241337996694867));
#9100=CARTESIAN_POINT('',(0.00424361312311715,-0.00782542366671007,0.002410046733683));
#9101=CARTESIAN_POINT('',(0.00421749813089858,-0.00785294390967583,0.0024180466935206));
#9102=CARTESIAN_POINT('',(0.00421749813089858,-0.00785294390967583,0.002410046733683));
#9103=CARTESIAN_POINT('',(0.00425555323986335,-0.00785430593067175,0.002410046733683));
#9104=CARTESIAN_POINT('',(0.00421749813089858,-0.00785294390967583,0.00242004668348));
#9105=CARTESIAN_POINT('',(0.0042556042395787,-0.0078543159955592,0.00242004668348));
#9106=CARTESIAN_POINT('',(0.00425578037271175,-0.00785428210596344,0.00242004668348));
#9107=CARTESIAN_POINT('',(0.00425578037271175,-0.00785428210596344,0.002416713366881));
#9108=CARTESIAN_POINT('',(0.00425578037271175,-0.00785428210596344,0.002413380050282));
#9109=CARTESIAN_POINT('',(0.00425578037271175,-0.00785428210596344,0.002410046733683));
#9110=CARTESIAN_POINT('',(0.00421892956828838,-0.007857629180152,0.0024180466935206));
#9111=CARTESIAN_POINT('',(0.00421892956828838,-0.007857629180152,0.002410046733683));
#9112=CARTESIAN_POINT('',(0.00424376322495852,-0.0078847866679272,0.002410046733683));
#9113=CARTESIAN_POINT('',(0.00421892956828838,-0.007857629180152,0.00242004668348));
#9114=CARTESIAN_POINT('',(0.00424376302608656,-0.00788478683179717,0.00242004643348));
#9115=CARTESIAN_POINT('',(0.00424360116121385,-0.00788459038891779,0.00242004643348));
#9116=CARTESIAN_POINT('',(0.00424360116121385,-0.00788459038891779,0.00241671320021433));
#9117=CARTESIAN_POINT('',(0.00424360116121385,-0.00788459038891779,0.00241337996694867));
#9118=CARTESIAN_POINT('',(0.00424360116121385,-0.00788459038891779,0.002410046733683));
#9119=CARTESIAN_POINT('',(0.00421343155388287,-0.00784797586944403,0.0024180466935206));
#9120=CARTESIAN_POINT('',(0.00421343155388287,-0.00784797586944403,0.002410046733683));
#9121=CARTESIAN_POINT('',(0.00421202811717968,-0.00789595396476396,0.002410046733683));
#9122=CARTESIAN_POINT('',(0.00421343155388287,-0.00784797586944403,0.00242004668348));
#9123=CARTESIAN_POINT('',(0.00421202811717968,-0.00789595396476396,0.00242004668348));
#9124=CARTESIAN_POINT('',(0.004212026753321,-0.007896000589839,0.002410046733683));
#9125=CARTESIAN_POINT('',(0.004212026753321,-0.007896000589839,0.002413380050282));
#9126=CARTESIAN_POINT('',(0.004212026753321,-0.007896000589839,0.002416713366881));
#9127=CARTESIAN_POINT('',(0.004212026753321,-0.007896000589839,0.00242004668348));
#9128=CARTESIAN_POINT('',(0.003948990116173,-0.007896000589839,0.00242004668348));
#9129=CARTESIAN_POINT('',(0.004212026753321,-0.007896000589839,0.002410046733683));
#9130=CARTESIAN_POINT('',(0.004212026753321,-0.007896000589839,0.00242004668348));
#9131=CARTESIAN_POINT('',(0.003526060452121,-0.0070499491998982,0.00242004668348));
#9132=CARTESIAN_POINT('',(0.003526060452121,-0.0070499491998982,0.00242004668348));
#9133=CARTESIAN_POINT('',(0.00417428373044,-0.007886725995787,0.00242004668348));
#9134=CARTESIAN_POINT('',(0.00417428373044,-0.007896000589839,0.00242004668348));
#9135=CARTESIAN_POINT('',(0.00417428373044,-0.007886725995787,0.00242004668348));
#9136=CARTESIAN_POINT('',(0.004141032439207,-0.007886725995787,0.00242004668348));
#9137=CARTESIAN_POINT('',(0.004141032439207,-0.007886725995787,0.00242004668348));
#9138=CARTESIAN_POINT('',(0.004141032439207,-0.007859359704816,0.00242004668348));
#9139=CARTESIAN_POINT('',(0.004141032439207,-0.007859359704816,0.00242004668348));
#9140=CARTESIAN_POINT('',(0.004170124719654,-0.007859359704816,0.00242004668348));
#9141=CARTESIAN_POINT('',(0.004170124719654,-0.007859359704816,0.00242004668348));
#9142=CARTESIAN_POINT('',(0.004170124719654,-0.007850043520656,0.00242004668348));
#9143=CARTESIAN_POINT('',(0.004170124719654,-0.007850043520656,0.00242004668348));
#9144=CARTESIAN_POINT('',(0.004141032439207,-0.007850043520656,0.00242004668348));
#9145=CARTESIAN_POINT('',(0.004141032439207,-0.007850043520656,0.00242004668348));
#9146=CARTESIAN_POINT('',(0.004141032439207,-0.007824008113137,0.00242004668348));
#9147=CARTESIAN_POINT('',(0.004141032439207,-0.007824008113137,0.00242004668348));
#9148=CARTESIAN_POINT('',(0.00417243297064,-0.007824008113137,0.00242004668348));
#9149=CARTESIAN_POINT('',(0.00417243297064,-0.007824008113137,0.00242004668348));
#9150=CARTESIAN_POINT('',(0.00417243297064,-0.007814650338869,0.00242004668348));
#9151=CARTESIAN_POINT('',(0.00417243297064,-0.007814650338869,0.00242004668348));
#9152=CARTESIAN_POINT('',(0.004130530936973,-0.007814650338869,0.00242004668348));
#9153=CARTESIAN_POINT('',(0.004130530936973,-0.007814650338869,0.00242004668348));
#9154=CARTESIAN_POINT('',(0.004130530936973,-0.007896000589839,0.00242004668348));
#9155=CARTESIAN_POINT('',(0.004130530936973,-0.007896000589839,0.00242004668348));
#9156=CARTESIAN_POINT('',(0.00417428373044,-0.007896000589839,0.00242004668348));
#9157=CARTESIAN_POINT('',(0.003948990116173,-0.007896000589839,0.00242004668348));
#9158=CARTESIAN_POINT('',(0.00417428373044,-0.007896000589839,0.002410046733683));
#9159=CARTESIAN_POINT('',(0.004130530936973,-0.007896000589839,0.002410046733683));
#9160=CARTESIAN_POINT('',(0.00417428373044,-0.007896000589839,0.002410046733683));
#9161=CARTESIAN_POINT('',(0.00417428373044,-0.007896000589839,0.00242004668348));
#9162=CARTESIAN_POINT('',(0.004130530936973,-0.007896000589839,0.00242004668348));
#9163=CARTESIAN_POINT('',(0.004130530936973,-0.007896000589839,0.00242004668348));
#9164=CARTESIAN_POINT('',(0.004130530936973,-0.007896000589839,0.002410046733683));
#9165=CARTESIAN_POINT('',(0.004130530936973,-0.007814650338869,0.002410046733683));
#9166=CARTESIAN_POINT('',(0.004130530936973,-0.007814650338869,0.00242004668348));
#9167=CARTESIAN_POINT('',(0.003905237322706,-0.007814650338869,0.00242004668348));
#9168=CARTESIAN_POINT('',(0.004130530936973,-0.007814650338869,0.002410046733683));
#9169=CARTESIAN_POINT('',(0.00417243297064,-0.007814650338869,0.002410046733683));
#9170=CARTESIAN_POINT('',(0.00417243297064,-0.007814650338869,0.00242004668348));
#9171=CARTESIAN_POINT('',(0.00417243297064,-0.007814650338869,0.00242004668348));
#9172=CARTESIAN_POINT('',(0.00417243297064,-0.007814650338869,0.002410046733683));
#9173=CARTESIAN_POINT('',(0.00417243297064,-0.007824008113137,0.002410046733683));
#9174=CARTESIAN_POINT('',(0.00417243297064,-0.007824008113137,0.00242004668348));
#9175=CARTESIAN_POINT('',(0.003947139356373,-0.007824008113137,0.00242004668348));
#9176=CARTESIAN_POINT('',(0.00417243297064,-0.007824008113137,0.002410046733683));
#9177=CARTESIAN_POINT('',(0.004141032439207,-0.007824008113137,0.002410046733683));
#9178=CARTESIAN_POINT('',(0.004141032439207,-0.007824008113137,0.00242004668348));
#9179=CARTESIAN_POINT('',(0.004141032439207,-0.007859359704816,0.00242004668348));
#9180=CARTESIAN_POINT('',(0.004141032439207,-0.007824008113137,0.002410046733683));
#9181=CARTESIAN_POINT('',(0.004141032439207,-0.007850043520656,0.002410046733683));
#9182=CARTESIAN_POINT('',(0.004141032439207,-0.007850043520656,0.00242004668348));
#9183=CARTESIAN_POINT('',(0.00391573882494,-0.007850043520656,0.00242004668348));
#9184=CARTESIAN_POINT('',(0.004141032439207,-0.007850043520656,0.002410046733683));
#9185=CARTESIAN_POINT('',(0.004170124719654,-0.007850043520656,0.002410046733683));
#9186=CARTESIAN_POINT('',(0.004170124719654,-0.007850043520656,0.00242004668348));
#9187=CARTESIAN_POINT('',(0.004170124719654,-0.007850043520656,0.00242004668348));
#9188=CARTESIAN_POINT('',(0.004170124719654,-0.007850043520656,0.002410046733683));
#9189=CARTESIAN_POINT('',(0.004170124719654,-0.007859359704816,0.002410046733683));
#9190=CARTESIAN_POINT('',(0.004170124719654,-0.007859359704816,0.00242004668348));
#9191=CARTESIAN_POINT('',(0.003944831105387,-0.007859359704816,0.00242004668348));
#9192=CARTESIAN_POINT('',(0.004170124719654,-0.007859359704816,0.002410046733683));
#9193=CARTESIAN_POINT('',(0.004141032439207,-0.007859359704816,0.002410046733683));
#9194=CARTESIAN_POINT('',(0.004141032439207,-0.007859359704816,0.00242004668348));
#9195=CARTESIAN_POINT('',(0.004141032439207,-0.007859359704816,0.00242004668348));
#9196=CARTESIAN_POINT('',(0.004141032439207,-0.007859359704816,0.002410046733683));
#9197=CARTESIAN_POINT('',(0.004141032439207,-0.007886725995787,0.002410046733683));
#9198=CARTESIAN_POINT('',(0.004141032439207,-0.007886725995787,0.00242004668348));
#9199=CARTESIAN_POINT('',(0.00391573882494,-0.007886725995787,0.00242004668348));
#9200=CARTESIAN_POINT('',(0.004141032439207,-0.007886725995787,0.002410046733683));
#9201=CARTESIAN_POINT('',(0.00417428373044,-0.007886725995787,0.002410046733683));
#9202=CARTESIAN_POINT('',(0.00417428373044,-0.007886725995787,0.00242004668348));
#9203=CARTESIAN_POINT('',(0.00417428373044,-0.007886725995787,0.00242004668348));
#9204=CARTESIAN_POINT('',(0.00417428373044,-0.007886725995787,0.002410046733683));
#9205=CARTESIAN_POINT('',(0.003526060452121,-0.0070499491998982,0.00242004668348));
#9206=CARTESIAN_POINT('',(0.004108987261103,-0.007837899209161,0.00242004668348));
#9207=CARTESIAN_POINT('',(0.004119551148498,-0.007837899209161,0.00242004668348));
#9208=CARTESIAN_POINT('',(0.0041089872611031,-0.00783789920916101,0.00242004668348));
#9209=CARTESIAN_POINT('',(0.004093120634955,-0.007881652002628,0.00242004668348));
#9210=CARTESIAN_POINT('',(0.004093120634955,-0.007881652002628,0.00242004668348));
#9211=CARTESIAN_POINT('',(0.0041407255266577,-0.00789680593487163,0.00242004668348));
#9212=CARTESIAN_POINT('',(0.004091872931719,-0.007886351684816,0.00242004668348));
#9213=CARTESIAN_POINT('',(0.004091602596018,-0.007886351684816,0.00242004668348));
#9214=CARTESIAN_POINT('',(0.00409160259601789,-0.00788635168481601,0.00242004668348));
#9215=CARTESIAN_POINT('',(0.004090354892782,-0.007881568822413,0.00242004668348));
#9216=CARTESIAN_POINT('',(0.00409035489278115,-0.00788156882240975,0.00242004668348));
#9217=CARTESIAN_POINT('',(0.004075174503414,-0.007837899209161,0.00242004668348));
#9218=CARTESIAN_POINT('',(0.004075174503414,-0.007837899209161,0.00242004668348));
#9219=CARTESIAN_POINT('',(0.004063778813861,-0.007837899209161,0.00242004668348));
#9220=CARTESIAN_POINT('',(0.00406377881386086,-0.00783789920916101,0.00242004668348));
#9221=CARTESIAN_POINT('',(0.004086570192967,-0.007895875819515,0.00242004668348));
#9222=CARTESIAN_POINT('',(0.0040865701929671,-0.00789587581951523,0.00242004668348));
#9223=CARTESIAN_POINT('',(0.004082099256372,-0.007906439706912,0.00242004668348));
#9224=CARTESIAN_POINT('',(0.00408203486874347,-0.00790641936392863,0.00242004668348));
#9225=CARTESIAN_POINT('',(0.00406974348049608,-0.00790253595476432,0.00242004668348));
#9226=CARTESIAN_POINT('',(0.0040717083926821,-0.00791486048065289,0.00242004656348));
#9227=CARTESIAN_POINT('',(0.00407170489164123,-0.00789994443360107,0.00242004668348));
#9228=CARTESIAN_POINT('',(0.004065879114308,-0.007913468435139,0.00242004668348));
#9229=CARTESIAN_POINT('',(0.004065879114308,-0.007922535078653,0.00242004668348));
#9230=CARTESIAN_POINT('',(0.004065879114308,-0.00792253834178139,0.00242004668348));
#9231=CARTESIAN_POINT('',(0.00407142971176809,-0.00790305691040059,0.00242004668348));
#9232=CARTESIAN_POINT('',(0.00407247323249046,-0.00792350931087887,0.00242004668348));
#9233=CARTESIAN_POINT('',(0.00406922901992741,-0.00789993632533584,0.00242004668348));
#9234=CARTESIAN_POINT('',(0.00409301269050999,-0.00790475367542664,0.00242004656348));
#9235=CARTESIAN_POINT('',(0.004119551148498,-0.007837899209161,0.00242004668348));
#9236=CARTESIAN_POINT('',(0.004119551148498,-0.007837899209161,0.00242004668348));
#9237=CARTESIAN_POINT('',(0.004119551148498,-0.007837899209161,0.002410046733683));
#9238=CARTESIAN_POINT('',(0.00409297559282116,-0.0079047341930246,0.002410046733683));
#9239=CARTESIAN_POINT('',(0.004119551148498,-0.007837899209161,0.002410046733683));
#9240=CARTESIAN_POINT('',(0.004119551148498,-0.007837899209161,0.00242004668348));
#9241=CARTESIAN_POINT('',(0.00409318302011591,-0.00790477610259696,0.00242004656348));
#9242=CARTESIAN_POINT('',(0.00409318302011591,-0.00790477610259696,0.002416713286881));
#9243=CARTESIAN_POINT('',(0.00409318302011591,-0.00790477610259696,0.002413380010282));
#9244=CARTESIAN_POINT('',(0.00409318302011591,-0.00790477610259696,0.002410046733683));
#9245=CARTESIAN_POINT('',(0.00406922901992741,-0.00789993632533584,0.0024150467085815));
#9246=CARTESIAN_POINT('',(0.00406922901992741,-0.00789993632533584,0.002410046733683));
#9247=CARTESIAN_POINT('',(0.00407248478174436,-0.00792350870174318,0.002410046733683));
#9248=CARTESIAN_POINT('',(0.00407249990715251,-0.00792372732804478,0.00242004668348));
#9249=CARTESIAN_POINT('',(0.00407249990715251,-0.00792372732804478,0.002416713366881));
#9250=CARTESIAN_POINT('',(0.00407249990715251,-0.00792372732804478,0.002413380050282));
#9251=CARTESIAN_POINT('',(0.00407249990715251,-0.00792372732804478,0.002410046733683));
#9252=CARTESIAN_POINT('',(0.00407142971176809,-0.00790305691040059,0.0024180466935206));
#9253=CARTESIAN_POINT('',(0.00407142971176809,-0.00790305691040059,0.002410046733683));
#9254=CARTESIAN_POINT('',(0.004065879114308,-0.00792253834178139,0.002410046733683));
#9255=CARTESIAN_POINT('',(0.004065879114308,-0.007922535078653,0.00242004668348));
#9256=CARTESIAN_POINT('',(0.004065879114308,-0.007922535078653,0.00242004668348));
#9257=CARTESIAN_POINT('',(0.004065879114308,-0.007922535078653,0.002410046733683));
#9258=CARTESIAN_POINT('',(0.004065879114308,-0.007913468435139,0.002410046733683));
#9259=CARTESIAN_POINT('',(0.004065879114308,-0.00791343004655682,0.00242004668348));
#9260=CARTESIAN_POINT('',(0.00407170489164123,-0.00789994443360107,0.0024180466935206));
#9261=CARTESIAN_POINT('',(0.00407170489164123,-0.00789994443360107,0.002410046733683));
#9262=CARTESIAN_POINT('',(0.00407170511532076,-0.00791491763433771,0.002410046733683));
#9263=CARTESIAN_POINT('',(0.00407166013445884,-0.00791463454711741,0.00242004656348));
#9264=CARTESIAN_POINT('',(0.00407166013445884,-0.00791463454711741,0.002416713286881));
#9265=CARTESIAN_POINT('',(0.00407166013445884,-0.00791463454711741,0.002413380010282));
#9266=CARTESIAN_POINT('',(0.00407166013445884,-0.00791463454711741,0.002410046733683));
#9267=CARTESIAN_POINT('',(0.00406974348049608,-0.00790253595476432,0.0024180466935206));
#9268=CARTESIAN_POINT('',(0.00406974348049608,-0.00790253595476432,0.002410046733683));
#9269=CARTESIAN_POINT('',(0.00408203486874347,-0.00790641936392863,0.002410046733683));
#9270=CARTESIAN_POINT('',(0.004082099256372,-0.007906439706912,0.002410046733683));
#9271=CARTESIAN_POINT('',(0.004082099256372,-0.007906439706912,0.002413380050282));
#9272=CARTESIAN_POINT('',(0.004082099256372,-0.007906439706912,0.002416713366881));
#9273=CARTESIAN_POINT('',(0.004082099256372,-0.007906439706912,0.00242004668348));
#9274=CARTESIAN_POINT('',(0.004082099256372,-0.007906439706912,0.00242004668348));
#9275=CARTESIAN_POINT('',(0.004082099256372,-0.007906439706912,0.002410046733683));
#9276=CARTESIAN_POINT('',(0.004086570192967,-0.007895875819515,0.002410046733683));
#9277=CARTESIAN_POINT('',(0.004086570192967,-0.007895875819515,0.00242004668348));
#9278=CARTESIAN_POINT('',(0.004086570192967,-0.007895875819515,0.00242004668348));
#9279=CARTESIAN_POINT('',(0.004086570192967,-0.007895875819515,0.002410046733683));
#9280=CARTESIAN_POINT('',(0.004063778813861,-0.007837899209161,0.002410046733683));
#9281=CARTESIAN_POINT('',(0.004063778813861,-0.007837899209161,0.00242004668348));
#9282=CARTESIAN_POINT('',(0.004063778813861,-0.007837899209161,0.00242004668348));
#9283=CARTESIAN_POINT('',(0.004063778813861,-0.007837899209161,0.002410046733683));
#9284=CARTESIAN_POINT('',(0.004075174503414,-0.007837899209161,0.002410046733683));
#9285=CARTESIAN_POINT('',(0.004075174503414,-0.007837899209161,0.00242004668348));
#9286=CARTESIAN_POINT('',(0.004075174503414,-0.007837899209161,0.00242004668348));
#9287=CARTESIAN_POINT('',(0.004075174503414,-0.007837899209161,0.002410046733683));
#9288=CARTESIAN_POINT('',(0.004090354892782,-0.007881568822413,0.002410046733683));
#9289=CARTESIAN_POINT('',(0.004090354892782,-0.007881568822413,0.00242004668348));
#9290=CARTESIAN_POINT('',(0.004090354892782,-0.007881568822413,0.00242004668348));
#9291=CARTESIAN_POINT('',(0.004090354892782,-0.007881568822413,0.002410046733683));
#9292=CARTESIAN_POINT('',(0.00409160259601789,-0.00788635168481601,0.002410046733683));
#9293=CARTESIAN_POINT('',(0.004091602596018,-0.007886351684816,0.00242004668348));
#9294=CARTESIAN_POINT('',(0.004091602596018,-0.007886351684816,0.00242004668348));
#9295=CARTESIAN_POINT('',(0.004091602596018,-0.007886351684816,0.002410046733683));
#9296=CARTESIAN_POINT('',(0.004091872931719,-0.007886351684816,0.002410046733683));
#9297=CARTESIAN_POINT('',(0.004091872931719,-0.007886351684816,0.00242004668348));
#9298=CARTESIAN_POINT('',(0.004093120634955,-0.007881652002628,0.00242004668348));
#9299=CARTESIAN_POINT('',(0.004093120634955,-0.007881652002628,0.002410046733683));
#9300=CARTESIAN_POINT('',(0.004092496783337,-0.007883689917913,0.00242004668348));
#9301=CARTESIAN_POINT('',(0.004092496783337,-0.007883689917913,0.002410046733683));
#9302=CARTESIAN_POINT('',(0.004092080882258,-0.007885270342012,0.00242004668348));
#9303=CARTESIAN_POINT('',(0.004092080882258,-0.007885270342012,0.002410046733683));
#9304=CARTESIAN_POINT('',(0.004091872931719,-0.007886351684816,0.00242004668348));
#9305=CARTESIAN_POINT('',(0.004091872931719,-0.007886351684816,0.002410046733683));
#9306=CARTESIAN_POINT('',(0.0041407255266577,-0.00789680593487163,0.002410046733683));
#9307=CARTESIAN_POINT('',(0.004093120634955,-0.007881652002628,0.002410046733683));
#9308=CARTESIAN_POINT('',(0.004093120634955,-0.007881652002628,0.00242004668348));
#9309=CARTESIAN_POINT('',(0.004093120634955,-0.007881652002628,0.00242004668348));
#9310=CARTESIAN_POINT('',(0.004093120634955,-0.007881652002628,0.002410046733683));
#9311=CARTESIAN_POINT('',(0.0041089872611031,-0.00783789920916101,0.002410046733683));
#9312=CARTESIAN_POINT('',(0.004108987261103,-0.007837899209161,0.00242004668348));
#9313=CARTESIAN_POINT('',(0.004063778813861,-0.007837899209161,0.00242004668348));
#9314=CARTESIAN_POINT('',(0.004108987261103,-0.007837899209161,0.002410046733683));
#9315=CARTESIAN_POINT('',(0.003526060452121,-0.0070499491998982,0.00242004668348));
#9316=CARTESIAN_POINT('',(0.00403588620673865,-0.00786211864341365,0.00242004668348));
#9317=CARTESIAN_POINT('',(0.00403612620667051,-0.00788885250291906,0.00242004668348));
#9318=CARTESIAN_POINT('',(0.004019235808345,-0.007883440377266,0.00242004668348));
#9319=CARTESIAN_POINT('',(0.004019235808345,-0.007893962674554,0.00242004668348));
#9320=CARTESIAN_POINT('',(0.004019235808345,-0.007893962674554,0.00242004668348));
#9321=CARTESIAN_POINT('',(0.0040333021513257,-0.00786530756649897,0.00242004668348));
#9322=CARTESIAN_POINT('',(0.00403499586535738,-0.00789728335776679,0.00242004668348));
#9323=CARTESIAN_POINT('',(0.00403585819805638,-0.00786443358092352,0.00242004668348));
#9324=CARTESIAN_POINT('',(0.00405199657834586,-0.00789288678179923,0.00242004643348));
#9325=CARTESIAN_POINT('',(0.00404417957375863,-0.00788071049572292,0.00242004668348));
#9326=CARTESIAN_POINT('',(0.00405845016762759,-0.00788031961602046,0.00242004668348));
#9327=CARTESIAN_POINT('',(0.00404370049730018,-0.00787984439866324,0.00242004668348));
#9328=CARTESIAN_POINT('',(0.004055065686264,-0.007870589033938,0.00242004668348));
#9329=CARTESIAN_POINT('',(0.004055065686264,-0.007870589033938,0.00242004668348));
#9330=CARTESIAN_POINT('',(0.004052778230332,-0.007868010447251,0.00242004668348));
#9331=CARTESIAN_POINT('',(0.004048411269007,-0.007865473450671,0.00242004668348));
#9332=CARTESIAN_POINT('',(0.004041923212181,-0.007863061224416,0.00242004668348));
#9333=CARTESIAN_POINT('',(0.004041923212181,-0.007863061224416,0.00242004668348));
#9334=CARTESIAN_POINT('',(0.00406276788655784,-0.00780613604264629,0.00242004668348));
#9335=CARTESIAN_POINT('',(0.00403196423683176,-0.0078581730802316,0.00242004643348));
#9336=CARTESIAN_POINT('',(0.00403602409538224,-0.00785342416084864,0.00242004668348));
#9337=CARTESIAN_POINT('',(0.004029876394471,-0.00785259119934414,0.00242004668348));
#9338=CARTESIAN_POINT('',(0.00403608684447577,-0.00785250140034746,0.00242004668348));
#9339=CARTESIAN_POINT('',(0.00403291336598249,-0.00784703547602252,0.00242004643348));
#9340=CARTESIAN_POINT('',(0.00403943657433851,-0.0078566429784602,0.00242004668348));
#9341=CARTESIAN_POINT('',(0.0040409044326397,-0.00784496119634343,0.00242004668348));
#9342=CARTESIAN_POINT('',(0.00404124456146459,-0.00787225823630004,0.00242004668348));
#9343=CARTESIAN_POINT('',(0.004055689537882,-0.00784897559440879,0.00242004668348));
#9344=CARTESIAN_POINT('',(0.004055689537882,-0.007839146912397,0.00242004668348));
#9345=CARTESIAN_POINT('',(0.004055689537882,-0.00783914486389484,0.00242004668348));
#9346=CARTESIAN_POINT('',(0.00404290649216442,-0.0078704550276673,0.00242004668348));
#9347=CARTESIAN_POINT('',(0.00404192350947956,-0.00783660830997681,0.00242004643348));
#9348=CARTESIAN_POINT('',(0.00404128214098922,-0.00786637401146896,0.00242004668348));
#9349=CARTESIAN_POINT('',(0.0040257838061902,-0.00784110986727853,0.00242004643348));
#9350=CARTESIAN_POINT('',(0.00403394946743271,-0.00785352738462926,0.00242004668348));
#9351=CARTESIAN_POINT('',(0.00401927148610557,-0.00785357898260438,0.00242004663346861));
#9352=CARTESIAN_POINT('',(0.00403500646893824,-0.00785389306268265,0.00242004668348));
#9353=CARTESIAN_POINT('',(0.004022188706003,-0.00786277009366,0.00242004668348));
#9354=CARTESIAN_POINT('',(0.004022188706003,-0.00786277009366,0.00242004668348));
#9355=CARTESIAN_POINT('',(0.004024101850964,-0.00786530709024,0.00242004668348));
#9356=CARTESIAN_POINT('',(0.004028302451858,-0.007867885676927,0.00242004668348));
#9357=CARTESIAN_POINT('',(0.004034728123522,-0.007870464263614,0.00242004668348));
#9358=CARTESIAN_POINT('',(0.004034728123522,-0.007870464263614,0.00242004668348));
#9359=CARTESIAN_POINT('',(0.00401389834311126,-0.00793000807151438,0.00242004668348));
#9360=CARTESIAN_POINT('',(0.004045449973433,-0.00787556517360851,0.00242004643348));
#9361=CARTESIAN_POINT('',(0.0040411526881233,-0.00788109172306199,0.00242004668348));
#9362=CARTESIAN_POINT('',(0.00404817641418904,-0.00788122707639132,0.00242004668348));
#9363=CARTESIAN_POINT('',(0.00403900687412402,-0.0078796288643094,0.00242004668348));
#9364=CARTESIAN_POINT('',(0.00403900687412402,-0.0078796288643094,0.0024150467085815));
#9365=CARTESIAN_POINT('',(0.00403900687412402,-0.0078796288643094,0.002410046733683));
#9366=CARTESIAN_POINT('',(0.00404818080472473,-0.00788124687875476,0.002410046733683));
#9367=CARTESIAN_POINT('',(0.00403612620667051,-0.00788885250291906,0.002410046733683));
#9368=CARTESIAN_POINT('',(0.00403612558870757,-0.00788865120031289,0.002410046733683));
#9369=CARTESIAN_POINT('',(0.00403612558870757,-0.00788865120031289,0.002413380050282));
#9370=CARTESIAN_POINT('',(0.00403612558870757,-0.00788865120031289,0.002416713366881));
#9371=CARTESIAN_POINT('',(0.00403612558870757,-0.00788865120031289,0.00242004668348));
#9372=CARTESIAN_POINT('',(0.00404833825654564,-0.00788125048532322,0.00242004668348));
#9373=CARTESIAN_POINT('',(0.00404833825654564,-0.00788125048532322,0.002416713366881));
#9374=CARTESIAN_POINT('',(0.00404833825654564,-0.00788125048532322,0.002413380050282));
#9375=CARTESIAN_POINT('',(0.00404833825654564,-0.00788125048532322,0.002410046733683));
#9376=CARTESIAN_POINT('',(0.0040411526881233,-0.00788109172306199,0.0024180466935206));
#9377=CARTESIAN_POINT('',(0.0040411526881233,-0.00788109172306199,0.002410046733683));
#9378=CARTESIAN_POINT('',(0.00404545048485975,-0.00787556547001164,0.002410046733683));
#9379=CARTESIAN_POINT('',(0.00404538545736992,-0.00787567649721999,0.00242004643348));
#9380=CARTESIAN_POINT('',(0.00404538545736992,-0.00787567649721998,0.00241671320021433));
#9381=CARTESIAN_POINT('',(0.00404538545736992,-0.00787567649721999,0.00241337996694867));
#9382=CARTESIAN_POINT('',(0.00404538545736992,-0.00787567649721999,0.002410046733683));
#9383=CARTESIAN_POINT('',(0.00401389834311126,-0.00793000807151438,0.0024180466935206));
#9384=CARTESIAN_POINT('',(0.00401389834311126,-0.00793000807151438,0.002410046733683));
#9385=CARTESIAN_POINT('',(0.004034728123522,-0.007870464263614,0.002410046733683));
#9386=CARTESIAN_POINT('',(0.00403471869668115,-0.00787049121108967,0.00242004668348));
#9387=CARTESIAN_POINT('',(0.00403471869668115,-0.00787049121108967,0.002416713366881));
#9388=CARTESIAN_POINT('',(0.00403471869668115,-0.00787049121108967,0.002413380050282));
#9389=CARTESIAN_POINT('',(0.00403471869668115,-0.00787049121108967,0.002410046733683));
#9390=CARTESIAN_POINT('',(0.004022188706003,-0.00786277009366,0.00242004668348));
#9391=CARTESIAN_POINT('',(0.004022188706003,-0.00786277009366,0.002410046733683));
#9392=CARTESIAN_POINT('',(0.004024101850964,-0.00786530709024,0.00242004668348));
#9393=CARTESIAN_POINT('',(0.004024101850964,-0.00786530709024,0.002410046733683));
#9394=CARTESIAN_POINT('',(0.004028302451858,-0.007867885676927,0.00242004668348));
#9395=CARTESIAN_POINT('',(0.004028302451858,-0.007867885676927,0.002410046733683));
#9396=CARTESIAN_POINT('',(0.004034728123522,-0.007870464263614,0.00242004668348));
#9397=CARTESIAN_POINT('',(0.004034728123522,-0.007870464263614,0.002410046733683));
#9398=CARTESIAN_POINT('',(0.004022188706003,-0.00786277009366,0.002410046733683));
#9399=CARTESIAN_POINT('',(0.004024101850964,-0.00786530709024,0.002410046733683));
#9400=CARTESIAN_POINT('',(0.004028302451858,-0.007867885676927,0.002410046733683));
#9401=CARTESIAN_POINT('',(0.004034728123522,-0.007870464263614,0.002410046733683));
#9402=CARTESIAN_POINT('',(0.004022188706003,-0.00786277009366,0.002410046733683));
#9403=CARTESIAN_POINT('',(0.00402210480380188,-0.00786282820071364,0.002410046733683));
#9404=CARTESIAN_POINT('',(0.00402210480380188,-0.00786282820071364,0.002413380050282));
#9405=CARTESIAN_POINT('',(0.00402210480380188,-0.00786282820071364,0.002416713366881));
#9406=CARTESIAN_POINT('',(0.00402210480380188,-0.00786282820071364,0.00242004668348));
#9407=CARTESIAN_POINT('',(0.00403500646893824,-0.00785389306268265,0.0024180466935206));
#9408=CARTESIAN_POINT('',(0.00403500646893824,-0.00785389306268265,0.002410046733683));
#9409=CARTESIAN_POINT('',(0.004019271487602,-0.00785357908787098,0.002410046733683));
#9410=CARTESIAN_POINT('',(0.0040193159927759,-0.00785357903605566,0.00242004668348));
#9411=CARTESIAN_POINT('',(0.0040193159927759,-0.00785357903605566,0.002416713366881));
#9412=CARTESIAN_POINT('',(0.0040193159927759,-0.00785357903605566,0.002413380050282));
#9413=CARTESIAN_POINT('',(0.0040193159927759,-0.00785357903605566,0.002410046733683));
#9414=CARTESIAN_POINT('',(0.00403394946743271,-0.00785352738462926,0.0024180466935206));
#9415=CARTESIAN_POINT('',(0.00403394946743271,-0.00785352738462926,0.002410046733683));
#9416=CARTESIAN_POINT('',(0.00402578344921741,-0.00784111008627795,0.002410046733683));
#9417=CARTESIAN_POINT('',(0.00402585663708349,-0.00784122859036803,0.00242004643348));
#9418=CARTESIAN_POINT('',(0.00402585663708349,-0.00784122859036803,0.00241671320021433));
#9419=CARTESIAN_POINT('',(0.00402585663708349,-0.00784122859036803,0.00241337996694867));
#9420=CARTESIAN_POINT('',(0.00402585663708349,-0.00784122859036803,0.002410046733683));
#9421=CARTESIAN_POINT('',(0.00404128214098922,-0.00786637401146896,0.0024180466935206));
#9422=CARTESIAN_POINT('',(0.00404128214098922,-0.00786637401146896,0.002410046733683));
#9423=CARTESIAN_POINT('',(0.00404192357273612,-0.0078366253994849,0.002410046733683));
#9424=CARTESIAN_POINT('',(0.00404192247650811,-0.00783660252976598,0.00242004643348));
#9425=CARTESIAN_POINT('',(0.00404192247650811,-0.00783660252976598,0.00241671320021433));
#9426=CARTESIAN_POINT('',(0.00404192247650811,-0.00783660252976598,0.00241337996694867));
#9427=CARTESIAN_POINT('',(0.00404192247650811,-0.00783660252976598,0.002410046733683));
#9428=CARTESIAN_POINT('',(0.00404290649216442,-0.0078704550276673,0.0024180466935206));
#9429=CARTESIAN_POINT('',(0.00404290649216442,-0.0078704550276673,0.002410046733683));
#9430=CARTESIAN_POINT('',(0.004055689537882,-0.00783914486389484,0.002410046733683));
#9431=CARTESIAN_POINT('',(0.004055689537882,-0.007839146912397,0.00242004668348));
#9432=CARTESIAN_POINT('',(0.004055689537882,-0.007839146912397,0.00242004668348));
#9433=CARTESIAN_POINT('',(0.004055689537882,-0.007839146912397,0.002410046733683));
#9434=CARTESIAN_POINT('',(0.004055689537882,-0.00784897559440879,0.002410046733683));
#9435=CARTESIAN_POINT('',(0.004055689537882,-0.00784897559440879,0.00242004668348));
#9436=CARTESIAN_POINT('',(0.00404124456146459,-0.00787225823630004,0.0024180466935206));
#9437=CARTESIAN_POINT('',(0.00404124456146459,-0.00787225823630004,0.002410046733683));
#9438=CARTESIAN_POINT('',(0.00404091101625988,-0.00784496879716709,0.002410046733683));
#9439=CARTESIAN_POINT('',(0.00404092523290312,-0.00784486048481556,0.00242004668348));
#9440=CARTESIAN_POINT('',(0.00404092523290312,-0.00784486048481556,0.002416713366881));
#9441=CARTESIAN_POINT('',(0.00404092523290312,-0.00784486048481556,0.002413380050282));
#9442=CARTESIAN_POINT('',(0.00404092523290312,-0.00784486048481556,0.002410046733683));
#9443=CARTESIAN_POINT('',(0.00403943657433851,-0.0078566429784602,0.0024180466935206));
#9444=CARTESIAN_POINT('',(0.00403943657433851,-0.0078566429784602,0.002410046733683));
#9445=CARTESIAN_POINT('',(0.00403291356339043,-0.00784703536142801,0.002410046733683));
#9446=CARTESIAN_POINT('',(0.00403289075733867,-0.00784699653542895,0.00242004643348));
#9447=CARTESIAN_POINT('',(0.00403289075733867,-0.00784699653542895,0.00241671320021433));
#9448=CARTESIAN_POINT('',(0.00403289075733867,-0.00784699653542895,0.00241337996694867));
#9449=CARTESIAN_POINT('',(0.00403289075733867,-0.00784699653542895,0.002410046733683));
#9450=CARTESIAN_POINT('',(0.00403608684447577,-0.00785250140034746,0.0024180466935206));
#9451=CARTESIAN_POINT('',(0.00403608684447577,-0.00785250140034746,0.002410046733683));
#9452=CARTESIAN_POINT('',(0.00402987651571201,-0.00785259020832669,0.002410046733683));
#9453=CARTESIAN_POINT('',(0.00402981357506922,-0.0078526633391686,0.00242004668348));
#9454=CARTESIAN_POINT('',(0.00402981357506922,-0.0078526633391686,0.002416713366881));
#9455=CARTESIAN_POINT('',(0.00402981357506922,-0.0078526633391686,0.002413380050282));
#9456=CARTESIAN_POINT('',(0.00402981357506922,-0.0078526633391686,0.002410046733683));
#9457=CARTESIAN_POINT('',(0.00403602409538224,-0.00785342416084864,0.0024180466935206));
#9458=CARTESIAN_POINT('',(0.00403602409538224,-0.00785342416084864,0.002410046733683));
#9459=CARTESIAN_POINT('',(0.00403196423683176,-0.0078581730802316,0.002410046733683));
#9460=CARTESIAN_POINT('',(0.00403202634340898,-0.00785806857949882,0.00242004643348));
#9461=CARTESIAN_POINT('',(0.00403202634340898,-0.00785806857949882,0.00241671320021433));
#9462=CARTESIAN_POINT('',(0.00403202634340898,-0.00785806857949882,0.00241337996694867));
#9463=CARTESIAN_POINT('',(0.00403202634340898,-0.00785806857949882,0.002410046733683));
#9464=CARTESIAN_POINT('',(0.00406276788655784,-0.00780613604264629,0.0024180466935206));
#9465=CARTESIAN_POINT('',(0.00406276788655784,-0.00780613604264629,0.002410046733683));
#9466=CARTESIAN_POINT('',(0.004041923212181,-0.007863061224416,0.002410046733683));
#9467=CARTESIAN_POINT('',(0.00404193325935723,-0.00786303378636047,0.00242004668348));
#9468=CARTESIAN_POINT('',(0.00404193325935723,-0.00786303378636047,0.002416713366881));
#9469=CARTESIAN_POINT('',(0.00404193325935723,-0.00786303378636047,0.002413380050282));
#9470=CARTESIAN_POINT('',(0.00404193325935723,-0.00786303378636047,0.002410046733683));
#9471=CARTESIAN_POINT('',(0.004055065686264,-0.007870589033938,0.00242004668348));
#9472=CARTESIAN_POINT('',(0.004055065686264,-0.007870589033938,0.002410046733683));
#9473=CARTESIAN_POINT('',(0.004052778230332,-0.007868010447251,0.00242004668348));
#9474=CARTESIAN_POINT('',(0.004052778230332,-0.007868010447251,0.002410046733683));
#9475=CARTESIAN_POINT('',(0.004048411269007,-0.007865473450671,0.00242004668348));
#9476=CARTESIAN_POINT('',(0.004048411269007,-0.007865473450671,0.002410046733683));
#9477=CARTESIAN_POINT('',(0.004041923212181,-0.007863061224416,0.00242004668348));
#9478=CARTESIAN_POINT('',(0.004041923212181,-0.007863061224416,0.002410046733683));
#9479=CARTESIAN_POINT('',(0.004055065686264,-0.007870589033938,0.002410046733683));
#9480=CARTESIAN_POINT('',(0.004052778230332,-0.007868010447251,0.002410046733683));
#9481=CARTESIAN_POINT('',(0.004048411269007,-0.007865473450671,0.002410046733683));
#9482=CARTESIAN_POINT('',(0.004041923212181,-0.007863061224416,0.002410046733683));
#9483=CARTESIAN_POINT('',(0.004055065686264,-0.007870589033938,0.002410046733683));
#9484=CARTESIAN_POINT('',(0.00405514343451373,-0.00787052571880877,0.002410046733683));
#9485=CARTESIAN_POINT('',(0.00405514343451373,-0.00787052571880877,0.002413380050282));
#9486=CARTESIAN_POINT('',(0.00405514343451373,-0.00787052571880877,0.002416713366881));
#9487=CARTESIAN_POINT('',(0.00405514343451373,-0.00787052571880877,0.00242004668348));
#9488=CARTESIAN_POINT('',(0.00404370049730018,-0.00787984439866324,0.0024180466935206));
#9489=CARTESIAN_POINT('',(0.00404370049730018,-0.00787984439866324,0.002410046733683));
#9490=CARTESIAN_POINT('',(0.00405845016762759,-0.00788031961602046,0.002410046733683));
#9491=CARTESIAN_POINT('',(0.00405845016762759,-0.00788031961602046,0.00242004668348));
#9492=CARTESIAN_POINT('',(0.00404417957375863,-0.00788071049572292,0.0024180466935206));
#9493=CARTESIAN_POINT('',(0.00404417957375863,-0.00788071049572292,0.002410046733683));
#9494=CARTESIAN_POINT('',(0.00405199713540485,-0.0078928864658121,0.002410046733683));
#9495=CARTESIAN_POINT('',(0.00405190092339647,-0.00789271813479496,0.00242004643348));
#9496=CARTESIAN_POINT('',(0.00405190092339647,-0.00789271813479496,0.00241671320021433));
#9497=CARTESIAN_POINT('',(0.00405190092339647,-0.00789271813479496,0.00241337996694867));
#9498=CARTESIAN_POINT('',(0.00405190092339647,-0.00789271813479496,0.002410046733683));
#9499=CARTESIAN_POINT('',(0.00403585819805638,-0.00786443358092352,0.0024180466935206));
#9500=CARTESIAN_POINT('',(0.00403585819805638,-0.00786443358092352,0.002410046733683));
#9501=CARTESIAN_POINT('',(0.00403499521689098,-0.00789726093135899,0.002410046733683));
#9502=CARTESIAN_POINT('',(0.00403499964565535,-0.00789732760718934,0.00242004668348));
#9503=CARTESIAN_POINT('',(0.00403499964565535,-0.00789732760718934,0.002416713366881));
#9504=CARTESIAN_POINT('',(0.00403499964565535,-0.00789732760718934,0.002413380050282));
#9505=CARTESIAN_POINT('',(0.00403499964565535,-0.00789732760718934,0.002410046733683));
#9506=CARTESIAN_POINT('',(0.0040333021513257,-0.00786530756649897,0.0024180466935206));
#9507=CARTESIAN_POINT('',(0.0040333021513257,-0.00786530756649897,0.002410046733683));
#9508=CARTESIAN_POINT('',(0.004019235808345,-0.007893962674554,0.002410046733683));
#9509=CARTESIAN_POINT('',(0.004019235808345,-0.007893962674554,0.00242004668348));
#9510=CARTESIAN_POINT('',(0.004019235808345,-0.007893962674554,0.00242004668348));
#9511=CARTESIAN_POINT('',(0.004019235808345,-0.007893962674554,0.002410046733683));
#9512=CARTESIAN_POINT('',(0.004019235808345,-0.007883440377266,0.002410046733683));
#9513=CARTESIAN_POINT('',(0.004019235808345,-0.00788328638596527,0.00242004668348));
#9514=CARTESIAN_POINT('',(0.00403588620673865,-0.00786211864341365,0.0024180466935206));
#9515=CARTESIAN_POINT('',(0.00403588620673865,-0.00786211864341365,0.002410046733683));
#9516=CARTESIAN_POINT('',(0.003526060452121,-0.0070499491998982,0.002410046733683));
#9517=CARTESIAN_POINT('',(0.003995238316111,-0.00786684592423,0.002410046733683));
#9518=CARTESIAN_POINT('',(0.003995238316111,-0.00786684592423,0.002410046733683));
#9519=CARTESIAN_POINT('',(0.0039816407397167,-0.00786869990871568,0.002410046733683));
#9520=CARTESIAN_POINT('',(0.00398417756454508,-0.0078942072518052,0.002410046733683));
#9521=CARTESIAN_POINT('',(0.00397168186188914,-0.00787207780793599,0.002410046733683));
#9522=CARTESIAN_POINT('',(0.00397783449687286,-0.00787835772164971,0.002410046733683));
#9523=CARTESIAN_POINT('',(0.00396920930937487,-0.00787959810483624,0.002410046733683));
#9524=CARTESIAN_POINT('',(0.00397788773997737,-0.00787989739868856,0.002410046733683));
#9525=CARTESIAN_POINT('',(0.00397201340131749,-0.00788641289716554,0.002410046733683));
#9526=CARTESIAN_POINT('',(0.00397860042027302,-0.00787891739741506,0.002410046733683));
#9527=CARTESIAN_POINT('',(0.00397979740072541,-0.0078888947141457,0.002410046733683));
#9528=CARTESIAN_POINT('',(0.00398020552340538,-0.00787438908014938,0.002410046733683));
#9529=CARTESIAN_POINT('',(0.00399089176208648,-0.00788429106635089,0.002410046733683));
#9530=CARTESIAN_POINT('',(0.00397955821686178,-0.00787360714970737,0.002410046733683));
#9531=CARTESIAN_POINT('',(0.00399514794177942,-0.00787242584675,0.002410046733683));
#9532=CARTESIAN_POINT('',(0.003995238316111,-0.007872418998684,0.002410046733683));
#9533=CARTESIAN_POINT('',(0.003995238316111,-0.00786684592423,0.00242004668348));
#9534=CARTESIAN_POINT('',(0.003995238316111,-0.00786684592423,0.00242004668348));
#9535=CARTESIAN_POINT('',(0.003995238316111,-0.00786684592423,0.00242004668348));
#9536=CARTESIAN_POINT('',(0.003995238316111,-0.00786684592423,0.00242004668348));
#9537=CARTESIAN_POINT('',(0.0039816407397167,-0.00786869990871568,0.00242004643348));
#9538=CARTESIAN_POINT('',(0.00398163835084099,-0.00786867588897595,0.00242004643348));
#9539=CARTESIAN_POINT('',(0.00398163835084099,-0.00786867588897594,0.00241671320021433));
#9540=CARTESIAN_POINT('',(0.00398163835084099,-0.00786867588897595,0.00241337996694867));
#9541=CARTESIAN_POINT('',(0.00398163835084099,-0.00786867588897595,0.002410046733683));
#9542=CARTESIAN_POINT('',(0.003995238316111,-0.007896000589839,0.00242004668348));
#9543=CARTESIAN_POINT('',(0.003995238316111,-0.007872418998684,0.002410046733683));
#9544=CARTESIAN_POINT('',(0.003995238316111,-0.007872418998684,0.002413380050282));
#9545=CARTESIAN_POINT('',(0.003995238316111,-0.007872418998684,0.002416713366881));
#9546=CARTESIAN_POINT('',(0.003995238316111,-0.007872418998684,0.00242004668348));
#9547=CARTESIAN_POINT('',(0.00399514794177942,-0.00787242584675,0.00242004668348));
#9548=CARTESIAN_POINT('',(0.003995238316111,-0.007872418998684,0.00242004668348));
#9549=CARTESIAN_POINT('',(0.00397955821686178,-0.00787360714970737,0.0024180466935206));
#9550=CARTESIAN_POINT('',(0.00399086852917497,-0.00788426951568587,0.002410046733683));
#9551=CARTESIAN_POINT('',(0.00399086852917497,-0.00788426951568587,0.002413380050282));
#9552=CARTESIAN_POINT('',(0.00399086852917497,-0.00788426951568587,0.002416713366881));
#9553=CARTESIAN_POINT('',(0.00399086852917497,-0.00788426951568587,0.00242004668348));
#9554=CARTESIAN_POINT('',(0.00399089176208648,-0.00788429106635089,0.00242004668348));
#9555=CARTESIAN_POINT('',(0.00397955821686178,-0.00787360714970737,0.00242004668348));
#9556=CARTESIAN_POINT('',(0.00398020552340538,-0.00787438908014938,0.0024180466935206));
#9557=CARTESIAN_POINT('',(0.00397980918532675,-0.0078889840204323,0.002410046733683));
#9558=CARTESIAN_POINT('',(0.00397980918532675,-0.0078889840204323,0.002413380050282));
#9559=CARTESIAN_POINT('',(0.00397980918532675,-0.0078889840204323,0.002416713366881));
#9560=CARTESIAN_POINT('',(0.00397980918532675,-0.0078889840204323,0.00242004668348));
#9561=CARTESIAN_POINT('',(0.00397979740072541,-0.0078888947141457,0.00242004668348));
#9562=CARTESIAN_POINT('',(0.00398020552340538,-0.00787438908014938,0.00242004668348));
#9563=CARTESIAN_POINT('',(0.00397860042027302,-0.00787891739741506,0.0024180466935206));
#9564=CARTESIAN_POINT('',(0.00397202666348841,-0.00788639825070348,0.002410046733683));
#9565=CARTESIAN_POINT('',(0.00397202666348841,-0.00788639825070348,0.002413380050282));
#9566=CARTESIAN_POINT('',(0.00397202666348841,-0.00788639825070348,0.002416713366881));
#9567=CARTESIAN_POINT('',(0.00397202666348841,-0.00788639825070348,0.00242004668348));
#9568=CARTESIAN_POINT('',(0.00397201340131749,-0.00788641289716554,0.00242004668348));
#9569=CARTESIAN_POINT('',(0.00397860042027302,-0.00787891739741506,0.00242004668348));
#9570=CARTESIAN_POINT('',(0.00397788773997737,-0.00787989739868856,0.0024180466935206));
#9571=CARTESIAN_POINT('',(0.00396909986386594,-0.00787961478602481,0.002410046733683));
#9572=CARTESIAN_POINT('',(0.00396909986386594,-0.00787961478602481,0.002413380050282));
#9573=CARTESIAN_POINT('',(0.00396909986386594,-0.00787961478602481,0.002416713366881));
#9574=CARTESIAN_POINT('',(0.00396909986386594,-0.00787961478602481,0.00242004668348));
#9575=CARTESIAN_POINT('',(0.00396920930937487,-0.00787959810483624,0.00242004668348));
#9576=CARTESIAN_POINT('',(0.00397788773997737,-0.00787989739868856,0.00242004668348));
#9577=CARTESIAN_POINT('',(0.00397783449687286,-0.00787835772164971,0.0024180466935206));
#9578=CARTESIAN_POINT('',(0.00397177722018157,-0.00787224832637037,0.002410046733683));
#9579=CARTESIAN_POINT('',(0.00397177722018157,-0.00787224832637037,0.002413380050282));
#9580=CARTESIAN_POINT('',(0.00397177722018157,-0.00787224832637037,0.002416713366881));
#9581=CARTESIAN_POINT('',(0.00397177722018157,-0.00787224832637037,0.00242004668348));
#9582=CARTESIAN_POINT('',(0.00397168186188914,-0.00787207780793599,0.00242004668348));
#9583=CARTESIAN_POINT('',(0.00397783449687286,-0.00787835772164971,0.00242004668348));
#9584=CARTESIAN_POINT('',(0.00398417756454508,-0.0078942072518052,0.0024180466935206));
#9585=CARTESIAN_POINT('',(0.00398417756454508,-0.0078942072518052,0.00242004668348));
#9586=CARTESIAN_POINT('',(0.00398621793074986,-0.00785504045007896,0.0024180466935206));
#9587=CARTESIAN_POINT('',(0.00398621793074986,-0.00785504045007896,0.002410046733683));
#9588=CARTESIAN_POINT('',(0.00400510546253168,-0.00785855115151435,0.002410046733683));
#9589=CARTESIAN_POINT('',(0.00398439074713392,-0.00783642099530598,0.002410046733683));
#9590=CARTESIAN_POINT('',(0.0039843935718538,-0.00783624570260164,0.002410046733683));
#9591=CARTESIAN_POINT('',(0.0039843935718538,-0.00783624570260164,0.002413380050282));
#9592=CARTESIAN_POINT('',(0.0039843935718538,-0.00783624570260164,0.002416713366881));
#9593=CARTESIAN_POINT('',(0.0039843935718538,-0.00783624570260164,0.00242004668348));
#9594=CARTESIAN_POINT('',(0.00398439074713392,-0.00783642099530598,0.00242004668348));
#9595=CARTESIAN_POINT('',(0.00398621793074986,-0.00785504045007896,0.00242004668348));
#9596=CARTESIAN_POINT('',(0.00400510546253168,-0.00785855115151435,0.00242004668348));
#9597=CARTESIAN_POINT('',(0.004005427892536,-0.007858611082875,0.002410046733683));
#9598=CARTESIAN_POINT('',(0.004005427892536,-0.007858611082875,0.002413380050282));
#9599=CARTESIAN_POINT('',(0.004005427892536,-0.007858611082875,0.002416713366881));
#9600=CARTESIAN_POINT('',(0.004005427892536,-0.007858611082875,0.00242004668348));
#9601=CARTESIAN_POINT('',(0.004005427892536,-0.007858611082875,0.00242004668348));
#9602=CARTESIAN_POINT('',(0.004005427892536,-0.007858611082875,0.002410046733683));
#9603=CARTESIAN_POINT('',(0.004005427892536,-0.007896000589839,0.002410046733683));
#9604=CARTESIAN_POINT('',(0.004005427892536,-0.007858611082875,0.00242004668348));
#9605=CARTESIAN_POINT('',(0.004005427892536,-0.007896000589839,0.00242004668348));
#9606=CARTESIAN_POINT('',(0.004005427892536,-0.007896000589839,0.00242004668348));
#9607=CARTESIAN_POINT('',(0.003948990116173,-0.007896000589839,0.00242004668348));
#9608=CARTESIAN_POINT('',(0.004005427892536,-0.007896000589839,0.002410046733683));
#9609=CARTESIAN_POINT('',(0.003995238316111,-0.007896000589839,0.002410046733683));
#9610=CARTESIAN_POINT('',(0.004005427892536,-0.007896000589839,0.00242004668348));
#9611=CARTESIAN_POINT('',(0.003995238316111,-0.007896000589839,0.00242004668348));
#9612=CARTESIAN_POINT('',(0.003995238316111,-0.007896000589839,0.00242004668348));
#9613=CARTESIAN_POINT('',(0.003995238316111,-0.007896000589839,0.00242004668348));
#9614=CARTESIAN_POINT('',(0.003995238316111,-0.007896000589839,0.002410046733683));
#9615=CARTESIAN_POINT('',(0.003995238316111,-0.007887017126542,0.002410046733683));
#9616=CARTESIAN_POINT('',(0.003995238316111,-0.007896000589839,0.00242004668348));
#9617=CARTESIAN_POINT('',(0.003995238316111,-0.007887017126542,0.00242004668348));
#9618=CARTESIAN_POINT('',(0.003995238316111,-0.007887017126542,0.00242004668348));
#9619=CARTESIAN_POINT('',(0.003995238316111,-0.007887017126542,0.00242004668348));
#9620=CARTESIAN_POINT('',(0.003995238316111,-0.007887017126542,0.002410046733683));
#9621=CARTESIAN_POINT('',(0.00399496798041,-0.007887017126542,0.002410046733683));
#9622=CARTESIAN_POINT('',(0.003995238316111,-0.007887017126542,0.00242004668348));
#9623=CARTESIAN_POINT('',(0.00399496798041,-0.007887017126542,0.00242004668348));
#9624=CARTESIAN_POINT('',(0.00399496798041,-0.007887017126542,0.00242004668348));
#9625=CARTESIAN_POINT('',(0.003977167414246,-0.007897373063398,0.00242004668348));
#9626=CARTESIAN_POINT('',(0.003977167414246,-0.007897373063398,0.002410046733683));
#9627=CARTESIAN_POINT('',(0.003985007149578,-0.007897373063398,0.00242004668348));
#9628=CARTESIAN_POINT('',(0.003985007149578,-0.007897373063398,0.002410046733683));
#9629=CARTESIAN_POINT('',(0.003990954535001,-0.007893921084446,0.00242004668348));
#9630=CARTESIAN_POINT('',(0.003990954535001,-0.007893921084446,0.002410046733683));
#9631=CARTESIAN_POINT('',(0.00399496798041,-0.007887017126542,0.00242004668348));
#9632=CARTESIAN_POINT('',(0.00399496798041,-0.007887017126542,0.002410046733683));
#9633=CARTESIAN_POINT('',(0.003977167414246,-0.007897373063398,0.002410046733683));
#9634=CARTESIAN_POINT('',(0.003985007149578,-0.007897373063398,0.002410046733683));
#9635=CARTESIAN_POINT('',(0.003990954535001,-0.007893921084446,0.002410046733683));
#9636=CARTESIAN_POINT('',(0.00399496798041,-0.007887017126542,0.002410046733683));
#9637=CARTESIAN_POINT('',(0.003977167414246,-0.007897373063398,0.002410046733683));
#9638=CARTESIAN_POINT('',(0.003977167414246,-0.007897373063398,0.00242004668348));
#9639=CARTESIAN_POINT('',(0.003985007149578,-0.007897373063398,0.00242004668348));
#9640=CARTESIAN_POINT('',(0.003990954535001,-0.007893921084446,0.00242004668348));
#9641=CARTESIAN_POINT('',(0.00399496798041,-0.007887017126542,0.00242004668348));
#9642=CARTESIAN_POINT('',(0.003977167414246,-0.007897373063398,0.00242004668348));
#9643=CARTESIAN_POINT('',(0.00397711931928308,-0.00789699210110014,0.002410046733683));
#9644=CARTESIAN_POINT('',(0.00397711931928308,-0.00789699210110014,0.002413380050282));
#9645=CARTESIAN_POINT('',(0.00397711931928308,-0.00789699210110014,0.002416713366881));
#9646=CARTESIAN_POINT('',(0.00397711931928308,-0.00789699210110014,0.00242004668348));
#9647=CARTESIAN_POINT('',(0.0039750042548289,-0.0078802385833588,0.0024180466935206));
#9648=CARTESIAN_POINT('',(0.0039750042548289,-0.0078802385833588,0.002410046733683));
#9649=CARTESIAN_POINT('',(0.00396365220474336,-0.00789287783509723,0.002410046733683));
#9650=CARTESIAN_POINT('',(0.0039750042548289,-0.0078802385833588,0.00242004668348));
#9651=CARTESIAN_POINT('',(0.00396365618821633,-0.00789287370580394,0.00242004643348002));
#9652=CARTESIAN_POINT('',(0.00396372613070109,-0.00789280670853769,0.00242004643348002));
#9653=CARTESIAN_POINT('',(0.00396372613070109,-0.00789280670853769,0.00241671320021435));
#9654=CARTESIAN_POINT('',(0.00396372613070109,-0.00789280670853769,0.00241337996694867));
#9655=CARTESIAN_POINT('',(0.00396372613070109,-0.00789280670853769,0.002410046733683));
#9656=CARTESIAN_POINT('',(0.00397587394908452,-0.00788107150231933,0.0024180466935206));
#9657=CARTESIAN_POINT('',(0.00397587394908452,-0.00788107150231933,0.002410046733683));
#9658=CARTESIAN_POINT('',(0.00395898103018719,-0.00788045018031337,0.00241006050668429));
#9659=CARTESIAN_POINT('',(0.00397587394908452,-0.00788107150231933,0.00242004668348));
#9660=CARTESIAN_POINT('',(0.00395869695211325,-0.00788044575681163,0.00242006075876831));
#9661=CARTESIAN_POINT('',(0.00395878979582145,-0.00788044759858635,0.00242004668348));
#9662=CARTESIAN_POINT('',(0.00395878979582145,-0.00788044759858635,0.00241671795788143));
#9663=CARTESIAN_POINT('',(0.00395878979582145,-0.00788044759858635,0.00241338923228286));
#9664=CARTESIAN_POINT('',(0.00395878979582145,-0.00788044759858635,0.00241006050668428));
#9665=CARTESIAN_POINT('',(0.00397799907975591,-0.00788071963996833,0.00241614377334878));
#9666=CARTESIAN_POINT('',(0.00397799907975591,-0.00788071963996833,0.002410046733683));
#9667=CARTESIAN_POINT('',(0.00397801978834026,-0.0078616858723843,0.00241006148367197));
#9668=CARTESIAN_POINT('',(0.00397799907975591,-0.00788071963996833,0.00242004668348));
#9669=CARTESIAN_POINT('',(0.00397802010055578,-0.00786139890744684,0.00242004668859325));
#9670=CARTESIAN_POINT('',(0.003978020011457,-0.007861480800317,0.00241006148367197));
#9671=CARTESIAN_POINT('',(0.003978020011457,-0.007861480800317,0.00241338988360798));
#9672=CARTESIAN_POINT('',(0.003978020011457,-0.007861480800317,0.00241671828354399));
#9673=CARTESIAN_POINT('',(0.003978020011457,-0.007861480800317,0.00242004668348));
#9674=CARTESIAN_POINT('',(0.003978020011457,-0.007861480800317,0.00242004668348));
#9675=CARTESIAN_POINT('',(0.003978020011457,-0.007861480800317,0.002410046733683));
#9676=CARTESIAN_POINT('',(0.00399484939767863,-0.00785912358684288,0.002410046733683));
#9677=CARTESIAN_POINT('',(0.003978020011457,-0.007861480800317,0.00242004668348));
#9678=CARTESIAN_POINT('',(0.00399484939767863,-0.00785912358684288,0.00242004668348));
#9679=CARTESIAN_POINT('',(0.00399484981462187,-0.00785912405505512,0.00242004668348));
#9680=CARTESIAN_POINT('',(0.00398372972890061,-0.00785622369531667,0.0024150467085815));
#9681=CARTESIAN_POINT('',(0.00398372972890061,-0.00785622369531667,0.002410046733683));
#9682=CARTESIAN_POINT('',(0.00398346560543491,-0.00784472497941476,0.002410046733683));
#9683=CARTESIAN_POINT('',(0.00398372972890061,-0.00785622369531667,0.00242004668348));
#9684=CARTESIAN_POINT('',(0.00398346682863191,-0.00784477952447721,0.00242004643348));
#9685=CARTESIAN_POINT('',(0.00398346580944197,-0.00784473566835648,0.00242004643348));
#9686=CARTESIAN_POINT('',(0.00398346580944197,-0.00784473566835648,0.00241671320021433));
#9687=CARTESIAN_POINT('',(0.00398346580944197,-0.00784473566835648,0.00241337996694867));
#9688=CARTESIAN_POINT('',(0.00398346580944197,-0.00784473566835648,0.002410046733683));
#9689=CARTESIAN_POINT('',(0.00398413375687864,-0.00787526044999549,0.0024180466935206));
#9690=CARTESIAN_POINT('',(0.00398413375687864,-0.00787526044999549,0.002410046733683));
#9691=CARTESIAN_POINT('',(0.003964420046188,-0.007851873485402,0.002410046733683));
#9692=CARTESIAN_POINT('',(0.00398413375687864,-0.00787526044999549,0.00242004668348));
#9693=CARTESIAN_POINT('',(0.003964420046188,-0.007851873485402,0.00242004668348));
#9694=CARTESIAN_POINT('',(0.003964420046188,-0.00785191769584375,0.00242004668348));
#9695=CARTESIAN_POINT('',(0.003964420046188,-0.007851873485402,0.00242004668348));
#9696=CARTESIAN_POINT('',(0.003964420046188,-0.007851873485402,0.002410046733683));
#9697=CARTESIAN_POINT('',(0.003964420046188,-0.00784177808815293,0.002410046733683));
#9698=CARTESIAN_POINT('',(0.003964420046188,-0.007851873485402,0.00242004668348));
#9699=CARTESIAN_POINT('',(0.003964420046188,-0.00784177808815293,0.00242004668348));
#9700=CARTESIAN_POINT('',(0.003964420046188,-0.00784177808815289,0.00242004668348));
#9701=CARTESIAN_POINT('',(0.00398384793662762,-0.00787557472027513,0.0024180466935206));
#9702=CARTESIAN_POINT('',(0.00398384793662762,-0.00787557472027513,0.002410046733683));
#9703=CARTESIAN_POINT('',(0.00398384793662762,-0.00787557472027513,0.00242004668348));
#9704=CARTESIAN_POINT('',(0.003526060452121,-0.0070499491998982,0.00242004668348));
#9705=CARTESIAN_POINT('',(0.003526060452121,-0.0070499491998982,0.00242004668348));
#9706=CARTESIAN_POINT('',(0.003948137518962,-0.0070499491998982,0.00242004668348));
#9707=CARTESIAN_POINT('',(0.003948137518962,-0.007896000589839,0.00242004668348));
#9708=CARTESIAN_POINT('',(0.003948137518962,-0.007886725995787,0.00242004668348));
#9709=CARTESIAN_POINT('',(0.00391573882494,-0.007886725995787,0.00242004668348));
#9710=CARTESIAN_POINT('',(0.00391573882494,-0.007886725995787,0.00242004668348));
#9711=CARTESIAN_POINT('',(0.00391573882494,-0.007859359704816,0.00242004668348));
#9712=CARTESIAN_POINT('',(0.00391573882494,-0.007859359704816,0.00242004668348));
#9713=CARTESIAN_POINT('',(0.003944831105387,-0.007859359704816,0.00242004668348));
#9714=CARTESIAN_POINT('',(0.003944831105387,-0.007859359704816,0.00242004668348));
#9715=CARTESIAN_POINT('',(0.003944831105387,-0.007850043520656,0.00242004668348));
#9716=CARTESIAN_POINT('',(0.003944831105387,-0.007850043520656,0.00242004668348));
#9717=CARTESIAN_POINT('',(0.00391573882494,-0.007850043520656,0.00242004668348));
#9718=CARTESIAN_POINT('',(0.00391573882494,-0.007850043520656,0.00242004668348));
#9719=CARTESIAN_POINT('',(0.00391573882494,-0.007824008113137,0.00242004668348));
#9720=CARTESIAN_POINT('',(0.00391573882494,-0.007824008113137,0.00242004668348));
#9721=CARTESIAN_POINT('',(0.003947139356373,-0.007824008113137,0.00242004668348));
#9722=CARTESIAN_POINT('',(0.003948137518962,-0.007824008113137,0.00242004668348));
#9723=CARTESIAN_POINT('',(0.003948137518962,-0.0070499491998982,0.00242004668348));
#9724=CARTESIAN_POINT('',(0.003948137518962,-0.007814650338869,0.00242004668348));
#9725=CARTESIAN_POINT('',(0.003905237322706,-0.007814650338869,0.00242004668348));
#9726=CARTESIAN_POINT('',(0.003905237322706,-0.007814650338869,0.00242004668348));
#9727=CARTESIAN_POINT('',(0.003905237322706,-0.007896000589839,0.00242004668348));
#9728=CARTESIAN_POINT('',(0.003905237322706,-0.007896000589839,0.00242004668348));
#9729=CARTESIAN_POINT('',(0.003948990116173,-0.007896000589839,0.00242004668348));
#9730=CARTESIAN_POINT('',(0.003948990116173,-0.007896000589839,0.00242004668348));
#9731=CARTESIAN_POINT('',(0.003948990116173,-0.007896000589839,0.002410046733683));
#9732=CARTESIAN_POINT('',(0.003905237322706,-0.007896000589839,0.002410046733683));
#9733=CARTESIAN_POINT('',(0.003948137518962,-0.007896000589839,0.002410046733683));
#9734=CARTESIAN_POINT('',(0.003948137518962,-0.007896000589839,0.00242004668348));
#9735=CARTESIAN_POINT('',(0.003905237322706,-0.007896000589839,0.00242004668348));
#9736=CARTESIAN_POINT('',(0.003905237322706,-0.007896000589839,0.00242004668348));
#9737=CARTESIAN_POINT('',(0.003905237322706,-0.007896000589839,0.002410046733683));
#9738=CARTESIAN_POINT('',(0.003905237322706,-0.007814650338869,0.002410046733683));
#9739=CARTESIAN_POINT('',(0.003905237322706,-0.007814650338869,0.00242004668348));
#9740=CARTESIAN_POINT('',(0.003905237322706,-0.007814650338869,0.00242004668348));
#9741=CARTESIAN_POINT('',(0.003905237322706,-0.007814650338869,0.002410046733683));
#9742=CARTESIAN_POINT('',(0.003948137518962,-0.007814650338869,0.002410046733683));
#9743=CARTESIAN_POINT('',(0.003948137518962,-0.007814650338869,0.00242004668348));
#9744=CARTESIAN_POINT('',(0.003948137518962,-0.007757671891103,0.00242004668348));
#9745=CARTESIAN_POINT('',(0.003948137518962,-0.0070499491998982,0.002410046733683));
#9746=CARTESIAN_POINT('',(0.003948137518962,-0.007824008113137,0.002410046733683));
#9747=CARTESIAN_POINT('',(0.003948137518962,-0.007824008113137,0.00242004668348));
#9748=CARTESIAN_POINT('',(0.003947139356373,-0.007824008113137,0.00242004668348));
#9749=CARTESIAN_POINT('',(0.003947139356373,-0.007824008113137,0.002410046733683));
#9750=CARTESIAN_POINT('',(0.00391573882494,-0.007824008113137,0.002410046733683));
#9751=CARTESIAN_POINT('',(0.00391573882494,-0.007824008113137,0.00242004668348));
#9752=CARTESIAN_POINT('',(0.00391573882494,-0.007685596234185,0.00242004668348));
#9753=CARTESIAN_POINT('',(0.00391573882494,-0.007824008113137,0.002410046733683));
#9754=CARTESIAN_POINT('',(0.00391573882494,-0.007850043520656,0.002410046733683));
#9755=CARTESIAN_POINT('',(0.00391573882494,-0.007850043520656,0.00242004668348));
#9756=CARTESIAN_POINT('',(0.00391573882494,-0.007850043520656,0.00242004668348));
#9757=CARTESIAN_POINT('',(0.00391573882494,-0.007850043520656,0.002410046733683));
#9758=CARTESIAN_POINT('',(0.003944831105387,-0.007850043520656,0.002410046733683));
#9759=CARTESIAN_POINT('',(0.003944831105387,-0.007850043520656,0.00242004668348));
#9760=CARTESIAN_POINT('',(0.003944831105387,-0.007850043520656,0.00242004668348));
#9761=CARTESIAN_POINT('',(0.003944831105387,-0.007850043520656,0.002410046733683));
#9762=CARTESIAN_POINT('',(0.003944831105387,-0.007859359704816,0.002410046733683));
#9763=CARTESIAN_POINT('',(0.003944831105387,-0.007859359704816,0.00242004668348));
#9764=CARTESIAN_POINT('',(0.003944831105387,-0.007859359704816,0.00242004668348));
#9765=CARTESIAN_POINT('',(0.003944831105387,-0.007859359704816,0.002410046733683));
#9766=CARTESIAN_POINT('',(0.00391573882494,-0.007859359704816,0.002410046733683));
#9767=CARTESIAN_POINT('',(0.00391573882494,-0.007859359704816,0.00242004668348));
#9768=CARTESIAN_POINT('',(0.00391573882494,-0.007685596234185,0.00242004668348));
#9769=CARTESIAN_POINT('',(0.00391573882494,-0.007859359704816,0.002410046733683));
#9770=CARTESIAN_POINT('',(0.00391573882494,-0.007886725995787,0.002410046733683));
#9771=CARTESIAN_POINT('',(0.00391573882494,-0.007886725995787,0.00242004668348));
#9772=CARTESIAN_POINT('',(0.00391573882494,-0.007886725995787,0.00242004668348));
#9773=CARTESIAN_POINT('',(0.00391573882494,-0.007886725995787,0.002410046733683));
#9774=CARTESIAN_POINT('',(0.003948137518962,-0.007886725995787,0.002410046733683));
#9775=CARTESIAN_POINT('',(0.003948137518962,-0.007886725995787,0.00242004668348));
#9776=CARTESIAN_POINT('',(0.003948137518962,-0.007757671891103,0.00242004668348));
#9777=CARTESIAN_POINT('',(0.003948137518962,-0.0070499491998982,0.002410046733683));
#9778=CARTESIAN_POINT('',(0.003526060452121,-0.0070499491998982,0.002410046733683));
#9779=CARTESIAN_POINT('',(0.004193435975108,-0.007701691605926,0.002410046733683));
#9780=CARTESIAN_POINT('',(0.00419346639668809,-0.00770170054750644,0.002410046733683));
#9781=CARTESIAN_POINT('',(0.00418127086855952,-0.007735504363615,0.002410046733683));
#9782=CARTESIAN_POINT('',(0.00418127086856,-0.007735504363615,0.002410046733683));
#9783=CARTESIAN_POINT('',(0.004208574774368,-0.007735504363615,0.002410046733683));
#9784=CARTESIAN_POINT('',(0.004208574774368,-0.007735504363615,0.002410046733683));
#9785=CARTESIAN_POINT('',(0.004196284897497,-0.007701691605926,0.002410046733683));
#9786=CARTESIAN_POINT('',(0.00422079319426867,-0.00769391011227729,0.002410046733683));
#9787=CARTESIAN_POINT('',(0.00419495590398621,-0.00769597749549206,0.002410046733683));
#9788=CARTESIAN_POINT('',(0.00415237825230048,-0.0076896238260662,0.002410046733683));
#9789=CARTESIAN_POINT('',(0.00419343597510767,-0.00770169160592588,0.00242004668348));
#9790=CARTESIAN_POINT('',(0.00419343597510767,-0.00770169160592588,0.002410046733683));
#9791=CARTESIAN_POINT('',(0.00419343597510767,-0.00770169160592588,0.002413380050282));
#9792=CARTESIAN_POINT('',(0.00419343597510767,-0.00770169160592588,0.002416713366881));
#9793=CARTESIAN_POINT('',(0.00419343597510767,-0.00770169160592588,0.00242004668348));
#9794=CARTESIAN_POINT('',(0.00419346639668809,-0.00770170054750644,0.00242004668348));
#9795=CARTESIAN_POINT('',(0.004193435975108,-0.007701691605926,0.00242004668348));
#9796=CARTESIAN_POINT('',(0.00418127086855952,-0.007735504363615,0.00242004668348));
#9797=CARTESIAN_POINT('',(0.00418127086856,-0.007735504363615,0.00242004668348));
#9798=CARTESIAN_POINT('',(0.00415237825230048,-0.0076896238260662,0.0024180466935206));
#9799=CARTESIAN_POINT('',(0.00419476685856,-0.00769599376115,0.00242004668348));
#9800=CARTESIAN_POINT('',(0.00419495630108874,-0.0076959824317076,0.00242004668348));
#9801=CARTESIAN_POINT('',(0.00415237825230048,-0.0076896238260662,0.00242004668348));
#9802=CARTESIAN_POINT('',(0.00422079319426867,-0.00769391011227729,0.0024180466935206));
#9803=CARTESIAN_POINT('',(0.004196284897497,-0.007701691605926,0.00242004668348));
#9804=CARTESIAN_POINT('',(0.004196284897497,-0.007701691605926,0.00242004668348));
#9805=CARTESIAN_POINT('',(0.00422079319426867,-0.00769391011227729,0.00242004668348));
#9806=CARTESIAN_POINT('',(0.004208574774368,-0.007735504363615,0.00242004668348));
#9807=CARTESIAN_POINT('',(0.004208574774368,-0.007735504363615,0.00242004668348));
#9808=CARTESIAN_POINT('',(0.004208574774368,-0.007735504363615,0.00242004668348));
#9809=CARTESIAN_POINT('',(0.004208574774368,-0.007735504363615,0.00242004668348));
#9810=CARTESIAN_POINT('',(0.00418127086856,-0.007735504363615,0.00242004668348));
#9811=CARTESIAN_POINT('',(0.00418127086856,-0.007735504363615,0.00242004668348));
#9812=CARTESIAN_POINT('',(0.003948137518962,-0.007766946485156,0.00242004668348));
#9813=CARTESIAN_POINT('',(0.004231719669392,-0.007766946485156,0.002410046733683));
#9814=CARTESIAN_POINT('',(0.004220116029299,-0.007766946485156,0.002410046733683));
#9815=CARTESIAN_POINT('',(0.00423171966939181,-0.007766946485156,0.002410046733683));
#9816=CARTESIAN_POINT('',(0.004231719669392,-0.007766946485156,0.00242004668348));
#9817=CARTESIAN_POINT('',(0.00423171966939181,-0.007766946485156,0.00242004668348));
#9818=CARTESIAN_POINT('',(0.004231719669392,-0.007766946485156,0.00242004668348));
#9819=CARTESIAN_POINT('',(0.004220116029299,-0.007766946485156,0.00242004668348));
#9820=CARTESIAN_POINT('',(0.004220116029299,-0.007766946485156,0.00242004668348));
#9821=CARTESIAN_POINT('',(0.00422011602929933,-0.00776694648515588,0.00242004668348));
#9822=CARTESIAN_POINT('',(0.004220116029299,-0.007766946485156,0.002410046733683));
#9823=CARTESIAN_POINT('',(0.00421181880278137,-0.007744695777451,0.002410046733683));
#9824=CARTESIAN_POINT('',(0.004220116029299,-0.007766946485156,0.00242004668348));
#9825=CARTESIAN_POINT('',(0.00421181880278137,-0.007744695777451,0.00242004668348));
#9826=CARTESIAN_POINT('',(0.004211818802782,-0.007744695777451,0.00242004668348));
#9827=CARTESIAN_POINT('',(0.004211818802782,-0.007744695777451,0.00242004668348));
#9828=CARTESIAN_POINT('',(0.004211818802782,-0.007744695777451,0.002410046733683));
#9829=CARTESIAN_POINT('',(0.004177943659931,-0.007744695777451,0.002410046733683));
#9830=CARTESIAN_POINT('',(0.004211818802782,-0.007744695777451,0.00242004668348));
#9831=CARTESIAN_POINT('',(0.004177943659931,-0.007744695777451,0.00242004668348));
#9832=CARTESIAN_POINT('',(0.004177943659931,-0.007744695777451,0.00242004668348));
#9833=CARTESIAN_POINT('',(0.004177943659931,-0.007744695777451,0.00242004668348));
#9834=CARTESIAN_POINT('',(0.004177943659931,-0.007744695777451,0.002410046733683));
#9835=CARTESIAN_POINT('',(0.00417012471965363,-0.007766946485156,0.002410046733683));
#9836=CARTESIAN_POINT('',(0.004177943659931,-0.007744695777451,0.00242004668348));
#9837=CARTESIAN_POINT('',(0.00417012471965363,-0.007766946485156,0.00242004668348));
#9838=CARTESIAN_POINT('',(0.004170124719654,-0.007766946485156,0.00242004668348));
#9839=CARTESIAN_POINT('',(0.003948137518962,-0.007766946485156,0.00242004668348));
#9840=CARTESIAN_POINT('',(0.004170124719654,-0.007766946485156,0.002410046733683));
#9841=CARTESIAN_POINT('',(0.004158521079562,-0.007766946485156,0.002410046733683));
#9842=CARTESIAN_POINT('',(0.004170124719654,-0.007766946485156,0.00242004668348));
#9843=CARTESIAN_POINT('',(0.004158521079562,-0.007766946485156,0.00242004668348));
#9844=CARTESIAN_POINT('',(0.004158521079562,-0.007766946485156,0.00242004668348));
#9845=CARTESIAN_POINT('',(0.004158521079562,-0.007766946485156,0.00242004668348));
#9846=CARTESIAN_POINT('',(0.004158521079562,-0.007766946485156,0.002410046733683));
#9847=CARTESIAN_POINT('',(0.00418950570991609,-0.007685596234185,0.002410046733683));
#9848=CARTESIAN_POINT('',(0.004158521079562,-0.007766946485156,0.00242004668348));
#9849=CARTESIAN_POINT('',(0.00418950570991609,-0.007685596234185,0.00242004668348));
#9850=CARTESIAN_POINT('',(0.004189505709916,-0.007685596234185,0.00242004668348));
#9851=CARTESIAN_POINT('',(0.004028655967775,-0.007685596234185,0.00242004668348));
#9852=CARTESIAN_POINT('',(0.004189505709916,-0.007685596234185,0.002410046733683));
#9853=CARTESIAN_POINT('',(0.004200735039037,-0.007685596234185,0.002410046733683));
#9854=CARTESIAN_POINT('',(0.004189505709916,-0.007685596234185,0.00242004668348));
#9855=CARTESIAN_POINT('',(0.004200735039037,-0.007685596234185,0.00242004668348));
#9856=CARTESIAN_POINT('',(0.004200735039037,-0.007685596234185,0.00242004668348));
#9857=CARTESIAN_POINT('',(0.004200735039037,-0.007685596234185,0.00242004668348));
#9858=CARTESIAN_POINT('',(0.004200735039037,-0.007685596234185,0.002410046733683));
#9859=CARTESIAN_POINT('',(0.004200735039037,-0.007685596234185,0.00242004668348));
#9860=CARTESIAN_POINT('',(0.003526060452121,-0.0070499491998982,0.00242004668348));
#9861=CARTESIAN_POINT('',(0.003526060452121,-0.0070499491998982,0.002410046733683));
#9862=CARTESIAN_POINT('',(0.00411429123222451,-0.00772602645048323,0.002410046733683));
#9863=CARTESIAN_POINT('',(0.00413431943656701,-0.0077023596982734,0.002410046733683));
#9864=CARTESIAN_POINT('',(0.00411060540009088,-0.00769526873355846,0.002410046733683));
#9865=CARTESIAN_POINT('',(0.004110567685201,-0.007694954008453,0.002410046733683));
#9866=CARTESIAN_POINT('',(0.004098277808329,-0.007694954008453,0.002410046733683));
#9867=CARTESIAN_POINT('',(0.004098277808329,-0.007694954008453,0.002410046733683));
#9868=CARTESIAN_POINT('',(0.004098277808329,-0.007757671891103,0.002410046733683));
#9869=CARTESIAN_POINT('',(0.004098277808329,-0.007757671891103,0.002410046733683));
#9870=CARTESIAN_POINT('',(0.00411009125242152,-0.00775762301919387,0.002410046733683));
#9871=CARTESIAN_POINT('',(0.00411152304264302,-0.00771986968114193,0.002410046733683));
#9872=CARTESIAN_POINT('',(0.0041344725004495,-0.00774944021530676,0.002410046733683));
#9873=CARTESIAN_POINT('',(0.00411511662637491,-0.00772970799660143,0.002410046733683));
#9874=CARTESIAN_POINT('',(0.00414250074037075,-0.0077255752980784,0.002410046733683));
#9875=CARTESIAN_POINT('',(0.00411000628000417,-0.00772397292149118,0.002410046733683));
#9876=CARTESIAN_POINT('',(0.00411429123222451,-0.00772602645048323,0.0024180466935206));
#9877=CARTESIAN_POINT('',(0.00413405972479035,-0.00770258948796655,0.002410046733683));
#9878=CARTESIAN_POINT('',(0.00413405972479035,-0.00770258948796655,0.002413380050282));
#9879=CARTESIAN_POINT('',(0.00413405972479035,-0.00770258948796655,0.002416713366881));
#9880=CARTESIAN_POINT('',(0.00413405972479035,-0.00770258948796655,0.00242004668348));
#9881=CARTESIAN_POINT('',(0.00413431943656701,-0.0077023596982734,0.00242004668348));
#9882=CARTESIAN_POINT('',(0.00411429123222451,-0.00772602645048323,0.00242004668348));
#9883=CARTESIAN_POINT('',(0.00411060540009088,-0.00769526873355846,0.00242004668348));
#9884=CARTESIAN_POINT('',(0.004110567685201,-0.007694954008453,0.002410046733683));
#9885=CARTESIAN_POINT('',(0.004110567685201,-0.007694954008453,0.002413380050282));
#9886=CARTESIAN_POINT('',(0.004110567685201,-0.007694954008453,0.002416713366881));
#9887=CARTESIAN_POINT('',(0.004110567685201,-0.007694954008453,0.00242004668348));
#9888=CARTESIAN_POINT('',(0.00411000628000417,-0.00772397292149118,0.0024180466935206));
#9889=CARTESIAN_POINT('',(0.00414284769305013,-0.00772551715698859,0.002410046733683));
#9890=CARTESIAN_POINT('',(0.00414284769305013,-0.00772551715698859,0.002413380050282));
#9891=CARTESIAN_POINT('',(0.00414284769305013,-0.00772551715698859,0.002416713366881));
#9892=CARTESIAN_POINT('',(0.00414284769305013,-0.00772551715698859,0.00242004668348));
#9893=CARTESIAN_POINT('',(0.00414250074037075,-0.0077255752980784,0.00242004668348));
#9894=CARTESIAN_POINT('',(0.00411000628000417,-0.00772397292149118,0.00242004668348));
#9895=CARTESIAN_POINT('',(0.00411511662637491,-0.00772970799660143,0.0024180466935206));
#9896=CARTESIAN_POINT('',(0.00413428882468818,-0.00774920253556966,0.002410046733683));
#9897=CARTESIAN_POINT('',(0.00413428882468818,-0.00774920253556966,0.002413380050282));
#9898=CARTESIAN_POINT('',(0.00413428882468818,-0.00774920253556966,0.002416713366881));
#9899=CARTESIAN_POINT('',(0.00413428882468818,-0.00774920253556966,0.00242004668348));
#9900=CARTESIAN_POINT('',(0.0041344725004495,-0.00774944021530676,0.00242004668348));
#9901=CARTESIAN_POINT('',(0.00411511662637491,-0.00772970799660143,0.00242004668348));
#9902=CARTESIAN_POINT('',(0.00411152304264302,-0.00771986968114193,0.0024180466935206));
#9903=CARTESIAN_POINT('',(0.004110089398961,-0.007757671891103,0.00242004643348));
#9904=CARTESIAN_POINT('',(0.004110089398961,-0.007757671891103,0.00241671320021433));
#9905=CARTESIAN_POINT('',(0.004110089398961,-0.007757671891103,0.00241337996694867));
#9906=CARTESIAN_POINT('',(0.004110089398961,-0.007757671891103,0.002410046733683));
#9907=CARTESIAN_POINT('',(0.00411009125242152,-0.00775762301919387,0.00242004643348));
#9908=CARTESIAN_POINT('',(0.00411152304264302,-0.00771986968114193,0.00242004668348));
#9909=CARTESIAN_POINT('',(0.00391573882494,-0.007757671891103,0.00242004668348));
#9910=CARTESIAN_POINT('',(0.004098277808329,-0.007757671891103,0.00242004668348));
#9911=CARTESIAN_POINT('',(0.004098277808329,-0.007757671891103,0.00242004668348));
#9912=CARTESIAN_POINT('',(0.004098277808329,-0.007757671891103,0.00242004668348));
#9913=CARTESIAN_POINT('',(0.004098277808329,-0.007694954008453,0.00242004668348));
#9914=CARTESIAN_POINT('',(0.004098277808329,-0.007694954008453,0.00242004668348));
#9915=CARTESIAN_POINT('',(0.004098277808329,-0.007694954008453,0.00242004668348));
#9916=CARTESIAN_POINT('',(0.004098277808329,-0.007694954008453,0.00242004668348));
#9917=CARTESIAN_POINT('',(0.004070558001442,-0.007694954008453,0.00242004668348));
#9918=CARTESIAN_POINT('',(0.004110567685201,-0.007694954008453,0.00242004668348));
#9919=CARTESIAN_POINT('',(0.004087776306095,-0.007766946485156,0.00242004668348));
#9920=CARTESIAN_POINT('',(0.004087776306095,-0.007766946485156,0.002410046733683));
#9921=CARTESIAN_POINT('',(0.004087776306095,-0.007685596234185,0.002410046733683));
#9922=CARTESIAN_POINT('',(0.004087776306095,-0.007766946485156,0.002410046733683));
#9923=CARTESIAN_POINT('',(0.004087776306095,-0.007766946485156,0.00242004668348));
#9924=CARTESIAN_POINT('',(0.004087776306095,-0.007766946485156,0.00242004668348));
#9925=CARTESIAN_POINT('',(0.004087776306095,-0.007766946485156,0.00242004668348));
#9926=CARTESIAN_POINT('',(0.004087776306095,-0.007685596234185,0.00242004668348));
#9927=CARTESIAN_POINT('',(0.004087776306095,-0.007685596234185,0.00242004668348));
#9928=CARTESIAN_POINT('',(0.004028655967775,-0.007685596234185,0.00242004668348));
#9929=CARTESIAN_POINT('',(0.004087776306095,-0.007685596234185,0.002410046733683));
#9930=CARTESIAN_POINT('',(0.00411100288441819,-0.00768584308051393,0.002410046733683));
#9931=CARTESIAN_POINT('',(0.004087776306095,-0.007685596234185,0.00242004668348));
#9932=CARTESIAN_POINT('',(0.00411100288441819,-0.00768584308051393,0.00242004643348));
#9933=CARTESIAN_POINT('',(0.00411098358628,-0.007685596234185,0.00242004643348));
#9934=CARTESIAN_POINT('',(0.00411098358628,-0.007685596234185,0.00241671320021433));
#9935=CARTESIAN_POINT('',(0.00411098358628,-0.007685596234185,0.00241337996694867));
#9936=CARTESIAN_POINT('',(0.00411098358628,-0.007685596234185,0.002410046733683));
#9937=CARTESIAN_POINT('',(0.00411425618545865,-0.00772745670202674,0.0024180466935206));
#9938=CARTESIAN_POINT('',(0.00411425618545865,-0.00772745670202674,0.002410046733683));
#9939=CARTESIAN_POINT('',(0.00414186436679898,-0.00769623651903266,0.002410046733683));
#9940=CARTESIAN_POINT('',(0.00411425618545865,-0.00772745670202674,0.00242004668348));
#9941=CARTESIAN_POINT('',(0.00414186436037737,-0.00769623651293896,0.00242004643348));
#9942=CARTESIAN_POINT('',(0.00414173815391915,-0.00769636956202606,0.00242004643348));
#9943=CARTESIAN_POINT('',(0.00414173815391915,-0.00769636956202606,0.00241671320021433));
#9944=CARTESIAN_POINT('',(0.00414173815391915,-0.00769636956202606,0.00241337996694867));
#9945=CARTESIAN_POINT('',(0.00414173815391915,-0.00769636956202606,0.002410046733683));
#9946=CARTESIAN_POINT('',(0.00411562316170268,-0.00772388980499176,0.0024180466935206));
#9947=CARTESIAN_POINT('',(0.00411562316170268,-0.00772388980499176,0.002410046733683));
#9948=CARTESIAN_POINT('',(0.00415367827066556,-0.00772525182598771,0.002410046733683));
#9949=CARTESIAN_POINT('',(0.00411562316170268,-0.00772388980499176,0.00242004668348));
#9950=CARTESIAN_POINT('',(0.00415372927038092,-0.00772526189087515,0.00242004668348));
#9951=CARTESIAN_POINT('',(0.00415390540351374,-0.00772522800127945,0.00242004668348));
#9952=CARTESIAN_POINT('',(0.00415390540351374,-0.00772522800127945,0.002416713366881));
#9953=CARTESIAN_POINT('',(0.00415390540351374,-0.00772522800127945,0.002413380050282));
#9954=CARTESIAN_POINT('',(0.00415390540351374,-0.00772522800127945,0.002410046733683));
#9955=CARTESIAN_POINT('',(0.00411705459908544,-0.00772857507546641,0.0024180466935206));
#9956=CARTESIAN_POINT('',(0.00411705459908544,-0.00772857507546641,0.002410046733683));
#9957=CARTESIAN_POINT('',(0.0041418882557603,-0.00775573256324395,0.002410046733683));
#9958=CARTESIAN_POINT('',(0.00411705459908544,-0.00772857507546641,0.00242004668348));
#9959=CARTESIAN_POINT('',(0.00414188805688834,-0.00775573272711392,0.00242004643348));
#9960=CARTESIAN_POINT('',(0.00414172619201582,-0.00775553628423476,0.00242004643348));
#9961=CARTESIAN_POINT('',(0.00414172619201582,-0.00775553628423476,0.00241671320021433));
#9962=CARTESIAN_POINT('',(0.00414172619201582,-0.00775553628423476,0.00241337996694867));
#9963=CARTESIAN_POINT('',(0.00414172619201582,-0.00775553628423476,0.002410046733683));
#9964=CARTESIAN_POINT('',(0.00411155658468293,-0.00771892176475871,0.0024180466935206));
#9965=CARTESIAN_POINT('',(0.00411155658468293,-0.00771892176475871,0.002410046733683));
#9966=CARTESIAN_POINT('',(0.00411015314798168,-0.00776689986008103,0.002410046733683));
#9967=CARTESIAN_POINT('',(0.00411155658468293,-0.00771892176475871,0.00242004668348));
#9968=CARTESIAN_POINT('',(0.00411015314798168,-0.00776689986008103,0.00242004668348));
#9969=CARTESIAN_POINT('',(0.004110151784123,-0.007766946485156,0.002410046733683));
#9970=CARTESIAN_POINT('',(0.004110151784123,-0.007766946485156,0.002413380050282));
#9971=CARTESIAN_POINT('',(0.004110151784123,-0.007766946485156,0.002416713366881));
#9972=CARTESIAN_POINT('',(0.004110151784123,-0.007766946485156,0.00242004668348));
#9973=CARTESIAN_POINT('',(0.003948137518962,-0.007766946485156,0.00242004668348));
#9974=CARTESIAN_POINT('',(0.004110151784123,-0.007766946485156,0.002410046733683));
#9975=CARTESIAN_POINT('',(0.004110151784123,-0.007766946485156,0.00242004668348));
#9976=CARTESIAN_POINT('',(0.003526060452121,-0.0070499491998982,0.00242004668348));
#9977=CARTESIAN_POINT('',(0.003526060452121,-0.0070499491998982,0.00242004668348));
#9978=CARTESIAN_POINT('',(0.004072408761241,-0.007757671891103,0.00242004668348));
#9979=CARTESIAN_POINT('',(0.004072408761241,-0.007766946485156,0.00242004668348));
#9980=CARTESIAN_POINT('',(0.004072408761241,-0.007757671891103,0.00242004668348));
#9981=CARTESIAN_POINT('',(0.004039157470009,-0.007757671891103,0.00242004668348));
#9982=CARTESIAN_POINT('',(0.004039157470009,-0.007757671891103,0.00242004668348));
#9983=CARTESIAN_POINT('',(0.004039157470009,-0.007730305600133,0.00242004668348));
#9984=CARTESIAN_POINT('',(0.004039157470009,-0.007730305600133,0.00242004668348));
#9985=CARTESIAN_POINT('',(0.004068249750455,-0.007730305600133,0.00242004668348));
#9986=CARTESIAN_POINT('',(0.004068249750455,-0.007730305600133,0.00242004668348));
#9987=CARTESIAN_POINT('',(0.004068249750455,-0.007720989415973,0.00242004668348));
#9988=CARTESIAN_POINT('',(0.004068249750455,-0.007720989415973,0.00242004668348));
#9989=CARTESIAN_POINT('',(0.004039157470009,-0.007720989415973,0.00242004668348));
#9990=CARTESIAN_POINT('',(0.004039157470009,-0.007720989415973,0.00242004668348));
#9991=CARTESIAN_POINT('',(0.004039157470009,-0.007694954008453,0.00242004668348));
#9992=CARTESIAN_POINT('',(0.004039157470009,-0.007694954008453,0.00242004668348));
#9993=CARTESIAN_POINT('',(0.004070558001442,-0.007694954008453,0.00242004668348));
#9994=CARTESIAN_POINT('',(0.004070558001442,-0.007694954008453,0.00242004668348));
#9995=CARTESIAN_POINT('',(0.004070558001442,-0.007685596234185,0.00242004668348));
#9996=CARTESIAN_POINT('',(0.004070558001442,-0.007685596234185,0.00242004668348));
#9997=CARTESIAN_POINT('',(0.004028655967775,-0.007685596234185,0.00242004668348));
#9998=CARTESIAN_POINT('',(0.004028655967775,-0.007685596234185,0.00242004668348));
#9999=CARTESIAN_POINT('',(0.004028655967775,-0.007766946485156,0.00242004668348));
#10000=CARTESIAN_POINT('',(0.004028655967775,-0.007766946485156,0.00242004668348));
#10001=CARTESIAN_POINT('',(0.004072408761241,-0.007766946485156,0.00242004668348));
#10002=CARTESIAN_POINT('',(0.003948137518962,-0.007766946485156,0.00242004668348));
#10003=CARTESIAN_POINT('',(0.004072408761241,-0.007766946485156,0.002410046733683));
#10004=CARTESIAN_POINT('',(0.004028655967775,-0.007766946485156,0.002410046733683));
#10005=CARTESIAN_POINT('',(0.004072408761241,-0.007766946485156,0.002410046733683));
#10006=CARTESIAN_POINT('',(0.004072408761241,-0.007766946485156,0.00242004668348));
#10007=CARTESIAN_POINT('',(0.004028655967775,-0.007766946485156,0.00242004668348));
#10008=CARTESIAN_POINT('',(0.004028655967775,-0.007766946485156,0.00242004668348));
#10009=CARTESIAN_POINT('',(0.004028655967775,-0.007766946485156,0.002410046733683));
#10010=CARTESIAN_POINT('',(0.004028655967775,-0.007685596234185,0.002410046733683));
#10011=CARTESIAN_POINT('',(0.004028655967775,-0.007685596234185,0.00242004668348));
#10012=CARTESIAN_POINT('',(0.004028655967775,-0.007685596234185,0.00242004668348));
#10013=CARTESIAN_POINT('',(0.004028655967775,-0.007685596234185,0.002410046733683));
#10014=CARTESIAN_POINT('',(0.004070558001442,-0.007685596234185,0.002410046733683));
#10015=CARTESIAN_POINT('',(0.004070558001442,-0.007685596234185,0.00242004668348));
#10016=CARTESIAN_POINT('',(0.004070558001442,-0.007685596234185,0.00242004668348));
#10017=CARTESIAN_POINT('',(0.004070558001442,-0.007685596234185,0.002410046733683));
#10018=CARTESIAN_POINT('',(0.004070558001442,-0.007694954008453,0.002410046733683));
#10019=CARTESIAN_POINT('',(0.004070558001442,-0.007694954008453,0.00242004668348));
#10020=CARTESIAN_POINT('',(0.004070558001442,-0.007694954008453,0.00242004668348));
#10021=CARTESIAN_POINT('',(0.004070558001442,-0.007694954008453,0.002410046733683));
#10022=CARTESIAN_POINT('',(0.004039157470009,-0.007694954008453,0.002410046733683));
#10023=CARTESIAN_POINT('',(0.004039157470009,-0.007694954008453,0.00242004668348));
#10024=CARTESIAN_POINT('',(0.004039157470009,-0.007730305600133,0.00242004668348));
#10025=CARTESIAN_POINT('',(0.004039157470009,-0.007694954008453,0.002410046733683));
#10026=CARTESIAN_POINT('',(0.004039157470009,-0.007720989415973,0.002410046733683));
#10027=CARTESIAN_POINT('',(0.004039157470009,-0.007720989415973,0.00242004668348));
#10028=CARTESIAN_POINT('',(0.004039157470009,-0.007720989415973,0.00242004668348));
#10029=CARTESIAN_POINT('',(0.004039157470009,-0.007720989415973,0.002410046733683));
#10030=CARTESIAN_POINT('',(0.004068249750455,-0.007720989415973,0.002410046733683));
#10031=CARTESIAN_POINT('',(0.004068249750455,-0.007720989415973,0.00242004668348));
#10032=CARTESIAN_POINT('',(0.004068249750455,-0.007720989415973,0.00242004668348));
#10033=CARTESIAN_POINT('',(0.004068249750455,-0.007720989415973,0.002410046733683));
#10034=CARTESIAN_POINT('',(0.004068249750455,-0.007730305600133,0.002410046733683));
#10035=CARTESIAN_POINT('',(0.004068249750455,-0.007730305600133,0.00242004668348));
#10036=CARTESIAN_POINT('',(0.004068249750455,-0.007730305600133,0.00242004668348));
#10037=CARTESIAN_POINT('',(0.004068249750455,-0.007730305600133,0.002410046733683));
#10038=CARTESIAN_POINT('',(0.004039157470009,-0.007730305600133,0.002410046733683));
#10039=CARTESIAN_POINT('',(0.004039157470009,-0.007730305600133,0.00242004668348));
#10040=CARTESIAN_POINT('',(0.004039157470009,-0.007730305600133,0.00242004668348));
#10041=CARTESIAN_POINT('',(0.004039157470009,-0.007730305600133,0.002410046733683));
#10042=CARTESIAN_POINT('',(0.004039157470009,-0.007757671891103,0.002410046733683));
#10043=CARTESIAN_POINT('',(0.004039157470009,-0.007757671891103,0.00242004668348));
#10044=CARTESIAN_POINT('',(0.00391573882494,-0.007757671891103,0.00242004668348));
#10045=CARTESIAN_POINT('',(0.004039157470009,-0.007757671891103,0.002410046733683));
#10046=CARTESIAN_POINT('',(0.004072408761241,-0.007757671891103,0.002410046733683));
#10047=CARTESIAN_POINT('',(0.004072408761241,-0.007757671891103,0.00242004668348));
#10048=CARTESIAN_POINT('',(0.004072408761241,-0.007757671891103,0.00242004668348));
#10049=CARTESIAN_POINT('',(0.004072408761241,-0.007757671891103,0.002410046733683));
#10050=CARTESIAN_POINT('',(0.003526060452121,-0.0070499491998982,0.00242004668348));
#10051=CARTESIAN_POINT('',(0.00399092890118346,-0.00771278404875191,0.00242004668348));
#10052=CARTESIAN_POINT('',(0.00398978902610617,-0.00776800434997734,0.00242004668348));
#10053=CARTESIAN_POINT('',(0.004012373440548,-0.00776397491501992,0.00242004668348));
#10054=CARTESIAN_POINT('',(0.004012373440548,-0.007753512880317,0.00242004668348));
#10055=CARTESIAN_POINT('',(0.004012373440548,-0.00775352493604606,0.00242004668348));
#10056=CARTESIAN_POINT('',(0.00399346724928581,-0.00772206916134492,0.00242004668348));
#10057=CARTESIAN_POINT('',(0.00399137468328904,-0.00775883557651277,0.00242004668348));
#10058=CARTESIAN_POINT('',(0.00399047525826438,-0.00773035911983481,0.00242004668348));
#10059=CARTESIAN_POINT('',(0.00397038675450056,-0.00775047774306898,0.00242004643348001));
#10060=CARTESIAN_POINT('',(0.00399176138264445,-0.00773096953940447,0.00242004668348));
#10061=CARTESIAN_POINT('',(0.00396279083524759,-0.00772723310061832,0.00242004668348));
#10062=CARTESIAN_POINT('',(0.00400073934148966,-0.00772589351635787,0.00242004668348));
#10063=CARTESIAN_POINT('',(0.00397083549197229,-0.00770257986503468,0.00242004643348));
#10064=CARTESIAN_POINT('',(0.00399119600286159,-0.00772138667719805,0.00242004668348));
#10065=CARTESIAN_POINT('',(0.00399318411267894,-0.00769385896114356,0.00242004643348));
#10066=CARTESIAN_POINT('',(0.00399357391849487,-0.00773349266499419,0.00242004668348));
#10067=CARTESIAN_POINT('',(0.004012373440548,-0.00769844431723675,0.00242004668348));
#10068=CARTESIAN_POINT('',(0.004012373440548,-0.007687550969255,0.00242004668348));
#10069=CARTESIAN_POINT('',(0.004012373440548,-0.00768751827080744,0.00242004668348));
#10070=CARTESIAN_POINT('',(0.00399685481443875,-0.00772541216043671,0.00242004668348));
#10071=CARTESIAN_POINT('',(0.00399311749837805,-0.00768442896617686,0.00242004668348));
#10072=CARTESIAN_POINT('',(0.00399194631375835,-0.0077258123275677,0.00242004668348));
#10073=CARTESIAN_POINT('',(0.003963122210883,-0.007696107185928,0.00242004643348));
#10074=CARTESIAN_POINT('',(0.00399112274153355,-0.00772367947593814,0.00242004668348));
#10075=CARTESIAN_POINT('',(0.00395178530314618,-0.00772777250306972,0.00242004668348));
#10076=CARTESIAN_POINT('',(0.0039968455631561,-0.00772927468558818,0.00242004668348));
#10077=CARTESIAN_POINT('',(0.00396168581726792,-0.00775738768362521,0.00242004643348));
#10078=CARTESIAN_POINT('',(0.00398645341728682,-0.00773439541123066,0.00242004668348));
#10079=CARTESIAN_POINT('',(0.00398645341728682,-0.00773439541123066,0.0024180466935206));
#10080=CARTESIAN_POINT('',(0.00398645341728682,-0.00773439541123066,0.002410046733683));
#10081=CARTESIAN_POINT('',(0.00396168594648915,-0.00775738784523374,0.002410046733683));
#10082=CARTESIAN_POINT('',(0.00398978902610617,-0.00776800434997734,0.002410046733683));
#10083=CARTESIAN_POINT('',(0.00398979383345849,-0.00776773446336155,0.002410046733683));
#10084=CARTESIAN_POINT('',(0.00398979383345849,-0.00776773446336155,0.002413380050282));
#10085=CARTESIAN_POINT('',(0.00398979383345849,-0.00776773446336155,0.002416713366881));
#10086=CARTESIAN_POINT('',(0.00398979383345849,-0.00776773446336155,0.00242004668348));
#10087=CARTESIAN_POINT('',(0.00396191189869284,-0.00775720691364254,0.00242004643348));
#10088=CARTESIAN_POINT('',(0.00396191189869283,-0.00775720691364254,0.00241671320021433));
#10089=CARTESIAN_POINT('',(0.00396191189869284,-0.00775720691364254,0.00241337996694867));
#10090=CARTESIAN_POINT('',(0.00396191189869284,-0.00775720691364254,0.002410046733683));
#10091=CARTESIAN_POINT('',(0.0039968455631561,-0.00772927468558818,0.0024180466935206));
#10092=CARTESIAN_POINT('',(0.0039968455631561,-0.00772927468558818,0.002410046733683));
#10093=CARTESIAN_POINT('',(0.00395186515264655,-0.00772777843609548,0.002410046733683));
#10094=CARTESIAN_POINT('',(0.00395156246945044,-0.00772781334790362,0.00242004668348));
#10095=CARTESIAN_POINT('',(0.00395156246945044,-0.00772781334790362,0.002416713366881));
#10096=CARTESIAN_POINT('',(0.00395156246945044,-0.00772781334790362,0.002413380050282));
#10097=CARTESIAN_POINT('',(0.00395156246945044,-0.00772781334790362,0.002410046733683));
#10098=CARTESIAN_POINT('',(0.00399112274153355,-0.00772367947593814,0.0024180466935206));
#10099=CARTESIAN_POINT('',(0.00399112274153355,-0.00772367947593814,0.002410046733683));
#10100=CARTESIAN_POINT('',(0.00396312188297746,-0.00769610686308688,0.002410046733683));
#10101=CARTESIAN_POINT('',(0.00396321327724893,-0.00769620106600676,0.00242004643348));
#10102=CARTESIAN_POINT('',(0.00396321327724893,-0.00769620106600676,0.00241671320021433));
#10103=CARTESIAN_POINT('',(0.00396321327724893,-0.00769620106600676,0.00241337996694867));
#10104=CARTESIAN_POINT('',(0.00396321327724893,-0.00769620106600676,0.002410046733683));
#10105=CARTESIAN_POINT('',(0.00399194631375835,-0.0077258123275677,0.0024180466935206));
#10106=CARTESIAN_POINT('',(0.00399194631375835,-0.0077258123275677,0.002410046733683));
#10107=CARTESIAN_POINT('',(0.00399311158817516,-0.00768446947276955,0.002410046733683));
#10108=CARTESIAN_POINT('',(0.0039930941686941,-0.00768430536978112,0.00242004668348));
#10109=CARTESIAN_POINT('',(0.0039930941686941,-0.00768430536978112,0.002416713366881));
#10110=CARTESIAN_POINT('',(0.0039930941686941,-0.00768430536978112,0.002413380050282));
#10111=CARTESIAN_POINT('',(0.0039930941686941,-0.00768430536978112,0.002410046733683));
#10112=CARTESIAN_POINT('',(0.00399685481443875,-0.00772541216043671,0.0024180466935206));
#10113=CARTESIAN_POINT('',(0.00399685481443875,-0.00772541216043671,0.002410046733683));
#10114=CARTESIAN_POINT('',(0.004012373440548,-0.00768751827080744,0.002410046733683));
#10115=CARTESIAN_POINT('',(0.004012373440548,-0.00768751827080744,0.00242004668348));
#10116=CARTESIAN_POINT('',(0.004012373440548,-0.007753512880317,0.00242004668348));
#10117=CARTESIAN_POINT('',(0.004012373440548,-0.007687550969255,0.002410046733683));
#10118=CARTESIAN_POINT('',(0.004012373440548,-0.00769844431723675,0.002410046733683));
#10119=CARTESIAN_POINT('',(0.004012373440548,-0.00769844431723675,0.00242004668348));
#10120=CARTESIAN_POINT('',(0.00399357391849487,-0.00773349266499419,0.0024180466935206));
#10121=CARTESIAN_POINT('',(0.00399357391849487,-0.00773349266499419,0.002410046733683));
#10122=CARTESIAN_POINT('',(0.00399318976198359,-0.00769386686388435,0.002410046733683));
#10123=CARTESIAN_POINT('',(0.00399320055247635,-0.00769372245871149,0.00242004643348));
#10124=CARTESIAN_POINT('',(0.00399320055247635,-0.00769372245871149,0.00241671320021433));
#10125=CARTESIAN_POINT('',(0.00399320055247635,-0.00769372245871149,0.00241337996694867));
#10126=CARTESIAN_POINT('',(0.00399320055247635,-0.00769372245871149,0.002410046733683));
#10127=CARTESIAN_POINT('',(0.00399119600286159,-0.00772138667719805,0.0024180466935206));
#10128=CARTESIAN_POINT('',(0.00399119600286159,-0.00772138667719805,0.002410046733683));
#10129=CARTESIAN_POINT('',(0.00397083578557716,-0.00770257948845433,0.002410046733683));
#10130=CARTESIAN_POINT('',(0.00397104928108458,-0.00770274653938935,0.00242004643348));
#10131=CARTESIAN_POINT('',(0.00397104928108458,-0.00770274653938935,0.00241671320021433));
#10132=CARTESIAN_POINT('',(0.00397104928108458,-0.00770274653938935,0.00241337996694867));
#10133=CARTESIAN_POINT('',(0.00397104928108458,-0.00770274653938935,0.002410046733683));
#10134=CARTESIAN_POINT('',(0.00400073934148966,-0.00772589351635787,0.0024180466935206));
#10135=CARTESIAN_POINT('',(0.00400073934148966,-0.00772589351635787,0.002410046733683));
#10136=CARTESIAN_POINT('',(0.00396286646118041,-0.00772722504420703,0.002410046733683));
#10137=CARTESIAN_POINT('',(0.00396257215710962,-0.00772718343382203,0.00242004668348));
#10138=CARTESIAN_POINT('',(0.00396257215710962,-0.00772718343382203,0.002416713366881));
#10139=CARTESIAN_POINT('',(0.00396257215710962,-0.00772718343382203,0.002413380050282));
#10140=CARTESIAN_POINT('',(0.00396257215710962,-0.00772718343382203,0.002410046733683));
#10141=CARTESIAN_POINT('',(0.00399176138264445,-0.00773096953940447,0.0024180466935206));
#10142=CARTESIAN_POINT('',(0.00399176138264445,-0.00773096953940447,0.002410046733683));
#10143=CARTESIAN_POINT('',(0.00397037956138575,-0.00775048462164833,0.002410046733683));
#10144=CARTESIAN_POINT('',(0.00397045669002209,-0.00775040704927412,0.00242004643348002));
#10145=CARTESIAN_POINT('',(0.00397045669002209,-0.00775040704927412,0.00241671320021434));
#10146=CARTESIAN_POINT('',(0.00397045669002209,-0.00775040704927412,0.00241337996694867));
#10147=CARTESIAN_POINT('',(0.00397045669002209,-0.00775040704927412,0.002410046733683));
#10148=CARTESIAN_POINT('',(0.00399047525826438,-0.00773035911983481,0.0024180466935206));
#10149=CARTESIAN_POINT('',(0.00399047525826438,-0.00773035911983481,0.002410046733683));
#10150=CARTESIAN_POINT('',(0.00399137509243117,-0.0077588026801031,0.002410046733683));
#10151=CARTESIAN_POINT('',(0.00399136837178363,-0.00775889522756436,0.00242004668348));
#10152=CARTESIAN_POINT('',(0.00399136837178363,-0.00775889522756436,0.002416713366881));
#10153=CARTESIAN_POINT('',(0.00399136837178363,-0.00775889522756436,0.002413380050282));
#10154=CARTESIAN_POINT('',(0.00399136837178363,-0.00775889522756436,0.002410046733683));
#10155=CARTESIAN_POINT('',(0.00399346724928581,-0.00772206916134492,0.0024180466935206));
#10156=CARTESIAN_POINT('',(0.00399346724928581,-0.00772206916134492,0.002410046733683));
#10157=CARTESIAN_POINT('',(0.004012373440548,-0.00775352493604606,0.002410046733683));
#10158=CARTESIAN_POINT('',(0.004012373440548,-0.00775352493604606,0.00242004668348));
#10159=CARTESIAN_POINT('',(0.004012373440548,-0.007753512880317,0.00242004668348));
#10160=CARTESIAN_POINT('',(0.004012373440548,-0.007753512880317,0.002410046733683));
#10161=CARTESIAN_POINT('',(0.004012373440548,-0.00776397491501992,0.002410046733683));
#10162=CARTESIAN_POINT('',(0.004012373440548,-0.00776397491502026,0.00242004668348));
#10163=CARTESIAN_POINT('',(0.00399092890118346,-0.00771278404875191,0.0024180466935206));
#10164=CARTESIAN_POINT('',(0.00399092890118346,-0.00771278404875191,0.002410046733683));
#10165=CARTESIAN_POINT('',(0.003526060452121,-0.0070499491998982,0.00242004668348));
#10166=CARTESIAN_POINT('',(0.003948137518962,-0.007757671891103,0.00242004668348));
#10167=CARTESIAN_POINT('',(0.003948137518962,-0.007766946485156,0.00242004668348));
#10168=CARTESIAN_POINT('',(0.003948137518962,-0.007757671891103,0.00242004668348));
#10169=CARTESIAN_POINT('',(0.00391573882494,-0.007757671891103,0.00242004668348));
#10170=CARTESIAN_POINT('',(0.00391573882494,-0.007757671891103,0.00242004668348));
#10171=CARTESIAN_POINT('',(0.00391573882494,-0.007685596234185,0.00242004668348));
#10172=CARTESIAN_POINT('',(0.00391573882494,-0.007685596234185,0.00242004668348));
#10173=CARTESIAN_POINT('',(0.003905237322706,-0.007685596234185,0.00242004668348));
#10174=CARTESIAN_POINT('',(0.003905237322706,-0.007685596234185,0.00242004668348));
#10175=CARTESIAN_POINT('',(0.003905237322706,-0.007766946485156,0.00242004668348));
#10176=CARTESIAN_POINT('',(0.003905237322706,-0.007766946485156,0.00242004668348));
#10177=CARTESIAN_POINT('',(0.003948137518962,-0.007766946485156,0.00242004668348));
#10178=CARTESIAN_POINT('',(0.003948137518962,-0.007766946485156,0.00242004668348));
#10179=CARTESIAN_POINT('',(0.003948137518962,-0.007766946485156,0.002410046733683));
#10180=CARTESIAN_POINT('',(0.003905237322706,-0.007766946485156,0.002410046733683));
#10181=CARTESIAN_POINT('',(0.003948137518962,-0.007766946485156,0.002410046733683));
#10182=CARTESIAN_POINT('',(0.003948137518962,-0.007766946485156,0.00242004668348));
#10183=CARTESIAN_POINT('',(0.003905237322706,-0.007766946485156,0.00242004668348));
#10184=CARTESIAN_POINT('',(0.003905237322706,-0.007896000589839,0.00242004668348));
#10185=CARTESIAN_POINT('',(0.003905237322706,-0.007766946485156,0.002410046733683));
#10186=CARTESIAN_POINT('',(0.003905237322706,-0.007685596234185,0.002410046733683));
#10187=CARTESIAN_POINT('',(0.003905237322706,-0.007685596234185,0.00242004668348));
#10188=CARTESIAN_POINT('',(0.004028655967775,-0.007685596234185,0.00242004668348));
#10189=CARTESIAN_POINT('',(0.003905237322706,-0.007685596234185,0.002410046733683));
#10190=CARTESIAN_POINT('',(0.00391573882494,-0.007685596234185,0.002410046733683));
#10191=CARTESIAN_POINT('',(0.00391573882494,-0.007685596234185,0.00242004668348));
#10192=CARTESIAN_POINT('',(0.00391573882494,-0.007685596234185,0.00242004668348));
#10193=CARTESIAN_POINT('',(0.00391573882494,-0.007685596234185,0.002410046733683));
#10194=CARTESIAN_POINT('',(0.00391573882494,-0.007757671891103,0.002410046733683));
#10195=CARTESIAN_POINT('',(0.00391573882494,-0.007757671891103,0.00242004668348));
#10196=CARTESIAN_POINT('',(0.00391573882494,-0.007757671891103,0.00242004668348));
#10197=CARTESIAN_POINT('',(0.00391573882494,-0.007757671891103,0.002410046733683));
#10198=CARTESIAN_POINT('',(0.003948137518962,-0.007757671891103,0.002410046733683));
#10199=CARTESIAN_POINT('',(0.003948137518962,-0.007757671891103,0.00242004668348));
#10200=CARTESIAN_POINT('',(0.003948137518962,-0.007757671891103,0.00242004668348));
#10201=CARTESIAN_POINT('',(0.003948137518962,-0.007757671891103,0.002410046733683));
#10202=CARTESIAN_POINT('',(0.003526060452121,-0.0070499491998982,0.00161005074989929));
#10203=CARTESIAN_POINT('',(0.00353485401923911,-0.006852321670741,0.00161005074989929));
#10204=CARTESIAN_POINT('',(0.00353791824024584,-0.006852387055733,0.00161005074989929));
#10205=CARTESIAN_POINT('',(0.00354387290145158,-0.006852514117546,0.00161005074989929));
#10206=CARTESIAN_POINT('',(0.00355250824742793,-0.006853507692365,0.00161005074989929));
#10207=CARTESIAN_POINT('',(0.00356055656417729,-0.006855158281378,0.00161005074989929));
#10208=CARTESIAN_POINT('',(0.00356800644422261,-0.006857546403371,0.00161005074989929));
#10209=CARTESIAN_POINT('',(0.00357490902769227,-0.006860531895627,0.00161005074989929));
#10210=CARTESIAN_POINT('',(0.00358119866983894,-0.006864256648629,0.00161005074989929));
#10211=CARTESIAN_POINT('',(0.00358690433077161,-0.006868635490345,0.00161005074989929));
#10212=CARTESIAN_POINT('',(0.00359196602068964,-0.006873684652316,0.00161005074989929));
#10213=CARTESIAN_POINT('',(0.00359641620504608,-0.00687927730128,0.00161005074989929));
#10214=CARTESIAN_POINT('',(0.00360033252510017,-0.006885276704384,0.00161005074989929));
#10215=CARTESIAN_POINT('',(0.00360362084054812,-0.006891734698548,0.00161005074989929));
#10216=CARTESIAN_POINT('',(0.00360632301111551,-0.006898600753031,0.00161005074989929));
#10217=CARTESIAN_POINT('',(0.00360843151154228,-0.006905898090236,0.00161005074989929));
#10218=CARTESIAN_POINT('',(0.00360989502429818,-0.00691360432657,0.00161005074989929));
#10219=CARTESIAN_POINT('',(0.00361078587380487,-0.006921736353855,0.00161005074989929));
#10220=CARTESIAN_POINT('',(0.00361090022155936,-0.006927293561065,0.00161005074989929));
#10221=CARTESIAN_POINT('',(0.00361095882009731,-0.006930141402014,0.00161005074989929));
#10222=CARTESIAN_POINT('',(0.00353485401923911,-0.006852321670741,0.00161005074989929));
#10223=CARTESIAN_POINT('',(0.00361095882009731,-0.006930141402014,0.00161005074989929));
#10224=CARTESIAN_POINT('',(0.00361095882009731,-0.006930141402014,0.00161005074989929));
#10225=CARTESIAN_POINT('',(0.00361095882009731,-0.00695963820515053,0.00161005074989929));
#10226=CARTESIAN_POINT('',(0.00361095882009731,-0.00695963820515053,0.00161005074989929));
#10227=CARTESIAN_POINT('',(0.00345486204277372,-0.00695963820515053,0.00161005074989929));
#10228=CARTESIAN_POINT('',(0.00345486204277372,-0.00695963820515053,0.00161005074989929));
#10229=CARTESIAN_POINT('',(0.00345510052332863,-0.00693122375750157,0.00161005074989929));
#10230=CARTESIAN_POINT('',(0.00352684089723962,-0.00692435841389499,0.00161005074989929));
#10231=CARTESIAN_POINT('',(0.003526060452121,-0.0070499491998982,0.00161005074989929));
#10232=CARTESIAN_POINT('',(0.00359449548811396,-0.006725912244378,0.00161005074989929));
#10233=CARTESIAN_POINT('',(0.0035944499515989,-0.00672569852650286,0.00161005074989929));
#10234=CARTESIAN_POINT('',(0.00351095932212439,-0.006755752033598,0.00161005074989929));
#10235=CARTESIAN_POINT('',(0.00351095932212439,-0.006755752033598,0.00161005074989929));
#10236=CARTESIAN_POINT('',(0.00351095932212439,-0.006688869747415,0.00161005074989929));
#10237=CARTESIAN_POINT('',(0.00351095932212439,-0.006688869747415,0.00161005074989929));
#10238=CARTESIAN_POINT('',(0.00359449445922277,-0.00671897950374882,0.00161005074989929));
#10239=CARTESIAN_POINT('',(0.00361307993684913,-0.00666117308247783,0.00161005074989929));
#10240=CARTESIAN_POINT('',(0.00360851980795163,-0.00672172566936795,0.00161005074989929));
#10241=CARTESIAN_POINT('',(0.00360851980795163,-0.006722063178335,0.00161005074989929));
#10242=CARTESIAN_POINT('',(0.00360851980795163,-0.00672247726515728,0.00161005074989929));
#10243=CARTESIAN_POINT('',(0.00346289752538409,-0.00675350476465298,0.00161005074989929));
#10244=CARTESIAN_POINT('',(0.003526060452121,-0.0070499491998982,0.00162005069969658));
#10245=CARTESIAN_POINT('',(0.00345486204277372,-0.007337685087731,0.00162005069969658));
#10246=CARTESIAN_POINT('',(0.00345486204277372,-0.007337685087731,0.00162005069969658));
#10247=CARTESIAN_POINT('',(0.00343291093346259,-0.007337685087731,0.00162005069969658));
#10248=CARTESIAN_POINT('',(0.00345486204277372,-0.007413294464247,0.00162005069969658));
#10249=CARTESIAN_POINT('',(0.00345486204277372,-0.007413294464247,0.00162005069969658));
#10250=CARTESIAN_POINT('',(0.003632909929408,-0.007413294464247,0.00162005069969658));
#10251=CARTESIAN_POINT('',(0.003632909929408,-0.007413294464247,0.00162005069969658));
#10252=CARTESIAN_POINT('',(0.003632909929408,-0.00744012359785,0.00162005069969658));
#10253=CARTESIAN_POINT('',(0.003632909929408,-0.00744012359785,0.00162005069969658));
#10254=CARTESIAN_POINT('',(0.00343291093346259,-0.00744012359785,0.00162005069969658));
#10255=CARTESIAN_POINT('',(0.00343291093346259,-0.00744012359785,0.00162005069969658));
#10256=CARTESIAN_POINT('',(0.00343291093346259,-0.007337685087731,0.00162005069969658));
#10257=CARTESIAN_POINT('',(0.00345486204277372,-0.0071059789338914,0.00162005069969658));
#10258=CARTESIAN_POINT('',(0.00345486204277372,-0.007413294464247,0.00161005074989929));
#10259=CARTESIAN_POINT('',(0.00345486204277372,-0.007413294464247,0.00161005074989929));
#10260=CARTESIAN_POINT('',(0.00345486204277372,-0.007337685087731,0.00161005074989929));
#10261=CARTESIAN_POINT('',(0.00345486204277372,-0.007413294464247,0.00162005069969658));
#10262=CARTESIAN_POINT('',(0.00345486204277372,-0.007337685087731,0.00162005069969658));
#10263=CARTESIAN_POINT('',(0.003632909929408,-0.007413294464247,0.00162005069969658));
#10264=CARTESIAN_POINT('',(0.003632909929408,-0.007413294464247,0.00161005074989929));
#10265=CARTESIAN_POINT('',(0.003632909929408,-0.007413294464247,0.00161005074989929));
#10266=CARTESIAN_POINT('',(0.003632909929408,-0.007413294464247,0.00162005069969658));
#10267=CARTESIAN_POINT('',(0.003632909929408,-0.00713280806749389,0.00162005069969658));
#10268=CARTESIAN_POINT('',(0.003632909929408,-0.00744012359785,0.00161005074989929));
#10269=CARTESIAN_POINT('',(0.003632909929408,-0.00744012359785,0.00161005074989929));
#10270=CARTESIAN_POINT('',(0.003632909929408,-0.00744012359785,0.00162005069969658));
#10271=CARTESIAN_POINT('',(0.00343291093346259,-0.00744012359785,0.00162005069969658));
#10272=CARTESIAN_POINT('',(0.00343291093346259,-0.00744012359785,0.00161005074989929));
#10273=CARTESIAN_POINT('',(0.00343291093346259,-0.00744012359785,0.00161005074989929));
#10274=CARTESIAN_POINT('',(0.00343291093346259,-0.00744012359785,0.00162005069969658));
#10275=CARTESIAN_POINT('',(0.00343291093346259,-0.007337685087731,0.00162005069969658));
#10276=CARTESIAN_POINT('',(0.00343291093346259,-0.007337685087731,0.00161005074989929));
#10277=CARTESIAN_POINT('',(0.00343291093346259,-0.007337685087731,0.00161005074989929));
#10278=CARTESIAN_POINT('',(0.00343291093346259,-0.007337685087731,0.00162005069969658));
#10279=CARTESIAN_POINT('',(0.00345486204277372,-0.007337685087731,0.00162005069969658));
#10280=CARTESIAN_POINT('',(0.00345486204277372,-0.007337685087731,0.00161005074989929));
#10281=CARTESIAN_POINT('',(0.003526060452121,-0.0070499491998982,0.00162005069969658));
#10282=CARTESIAN_POINT('',(0.00346522784439287,-0.007171832261825,0.00162005069969658));
#10283=CARTESIAN_POINT('',(0.00346458362978674,-0.007171832261825,0.00162005069969658));
#10284=CARTESIAN_POINT('',(0.00344327673508174,-0.007171832261825,0.00162005069969658));
#10285=CARTESIAN_POINT('',(0.00356236570183345,-0.00722205764135006,0.00162005069969658));
#10286=CARTESIAN_POINT('',(0.00345242303062804,-0.007223165845578,0.00162005069969658));
#10287=CARTESIAN_POINT('',(0.00353077629580804,-0.007293782869109,0.00162005069969658));
#10288=CARTESIAN_POINT('',(0.00352785206274844,-0.007293727318138,0.00162005069969658));
#10289=CARTESIAN_POINT('',(0.00352214110456885,-0.007293618828402,0.00162005069969658));
#10290=CARTESIAN_POINT('',(0.00351380570271523,-0.007292686338697,0.00162005069969658));
#10291=CARTESIAN_POINT('',(0.00350592407081192,-0.007291176727751,0.00162005069969658));
#10292=CARTESIAN_POINT('',(0.00349850505539879,-0.007289052047145,0.00162005069969658));
#10293=CARTESIAN_POINT('',(0.00349155928329777,-0.007286296510721,0.00162005069969658));
#10294=CARTESIAN_POINT('',(0.0034850808302944,-0.007282931450065,0.00162005069969658));
#10295=CARTESIAN_POINT('',(0.00347906278859698,-0.007278947351724,0.00162005069969658));
#10296=CARTESIAN_POINT('',(0.00347354805155457,-0.007274382000325,0.00162005069969658));
#10297=CARTESIAN_POINT('',(0.0034685970774665,-0.007269318651396,0.00162005069969658));
#10298=CARTESIAN_POINT('',(0.00346426147507757,-0.007263841877904,0.00162005069969658));
#10299=CARTESIAN_POINT('',(0.00346058388912891,-0.007257993775256,0.00162005069969658));
#10300=CARTESIAN_POINT('',(0.00345758625727554,-0.007251753658055,0.00162005069969658));
#10301=CARTESIAN_POINT('',(0.00345525789184505,-0.0072451472218,0.00162005069969658));
#10302=CARTESIAN_POINT('',(0.00345362896225277,-0.007238143372229,0.00162005069969658));
#10303=CARTESIAN_POINT('',(0.00345261919137397,-0.007230779091928,0.00162005069969658));
#10304=CARTESIAN_POINT('',(0.00345248923135172,-0.007225735179292,0.00162005069969658));
#10305=CARTESIAN_POINT('',(0.00345242303062804,-0.007223165845578,0.00162005069969658));
#10306=CARTESIAN_POINT('',(0.00353077629580804,-0.007293782869109,0.00162005069969658));
#10307=CARTESIAN_POINT('',(0.00361339783224299,-0.007218668916935,0.00162005069969658));
#10308=CARTESIAN_POINT('',(0.0036133399569942,-0.007221378923677,0.00162005069969658));
#10309=CARTESIAN_POINT('',(0.00361322645106419,-0.007226693835354,0.00162005069969658));
#10310=CARTESIAN_POINT('',(0.00361209896122297,-0.007234456002884,0.00162005069969658));
#10311=CARTESIAN_POINT('',(0.00361043948900671,-0.00724187313972,0.00162005069969658));
#10312=CARTESIAN_POINT('',(0.00360790987707209,-0.007248861271746,0.00162005069969658));
#10313=CARTESIAN_POINT('',(0.00360480905161855,-0.007255511749085,0.00162005069969658));
#10314=CARTESIAN_POINT('',(0.00360089647900866,-0.007261716903583,0.00162005069969658));
#10315=CARTESIAN_POINT('',(0.00359636245180607,-0.007267573436095,0.00162005069969658));
#10316=CARTESIAN_POINT('',(0.00359112282090659,-0.007272973552028,0.00162005069969658));
#10317=CARTESIAN_POINT('',(0.00358533078700401,-0.007277895875836,0.00162005069969658));
#10318=CARTESIAN_POINT('',(0.00357894472007301,-0.007282118657527,0.00162005069969658));
#10319=CARTESIAN_POINT('',(0.00357213163459867,-0.007285794109849,0.00162005069969658));
#10320=CARTESIAN_POINT('',(0.00356477703531074,-0.007288700460031,0.00162005069969658));
#10321=CARTESIAN_POINT('',(0.00355695801789427,-0.007290996966058,0.00162005069969658));
#10322=CARTESIAN_POINT('',(0.00354866793637004,-0.007292626998627,0.00162005069969658));
#10323=CARTESIAN_POINT('',(0.00353988135714687,-0.007293579172717,0.00162005069969658));
#10324=CARTESIAN_POINT('',(0.00353386554658286,-0.007293713757083,0.00162005069969658));
#10325=CARTESIAN_POINT('',(0.00353077629580804,-0.007293782869109,0.00162005069969658));
#10326=CARTESIAN_POINT('',(0.00361339783224299,-0.007218668916935,0.00162005069969658));
#10327=CARTESIAN_POINT('',(0.00352428689788299,-0.0072175758370622,0.00162005069969658));
#10328=CARTESIAN_POINT('',(0.0036006446619913,-0.007171832261825,0.00162005069969658));
#10329=CARTESIAN_POINT('',(0.003627422152081,-0.007171832261825,0.00162005069969658));
#10330=CARTESIAN_POINT('',(0.00362819061032551,-0.007171832261825,0.00162005069969658));
#10331=CARTESIAN_POINT('',(0.0034871225497537,-0.00721728587754663,0.00162005069969658));
#10332=CARTESIAN_POINT('',(0.003635348941554,-0.007218897574323,0.00162005069969658));
#10333=CARTESIAN_POINT('',(0.00352913758452266,-0.007320612002711,0.00162005069969658));
#10334=CARTESIAN_POINT('',(0.0035330286933865,-0.007320524953772,0.00162005069969658));
#10335=CARTESIAN_POINT('',(0.00354064397669902,-0.007320354590424,0.00162005069969658));
#10336=CARTESIAN_POINT('',(0.00355177894539838,-0.007318998798405,0.00162005069969658));
#10337=CARTESIAN_POINT('',(0.00356233900957101,-0.007316778223221,0.00162005069969658));
#10338=CARTESIAN_POINT('',(0.00357231156444107,-0.007313582810481,0.00162005069969658));
#10339=CARTESIAN_POINT('',(0.00358171549983045,-0.007309565015246,0.00162005069969658));
#10340=CARTESIAN_POINT('',(0.0035905217061512,-0.007304592287481,0.00162005069969658));
#10341=CARTESIAN_POINT('',(0.00359875259795979,-0.007298750628253,0.00162005069969658));
#10342=CARTESIAN_POINT('',(0.00360630130407173,-0.007292012456704,0.00162005069969658));
#10343=CARTESIAN_POINT('',(0.00361308596717598,-0.007284596497587,0.00162005069969658));
#10344=CARTESIAN_POINT('',(0.00361910992907932,-0.007276691723713,0.00162005069969658));
#10345=CARTESIAN_POINT('',(0.00362408869680372,-0.007268206703634,0.00162005069969658));
#10346=CARTESIAN_POINT('',(0.00362825170703,-0.007259303440921,0.00162005069969658));
#10347=CARTESIAN_POINT('',(0.003631414715223,-0.007249873629974,0.00162005069969658));
#10348=CARTESIAN_POINT('',(0.003633690710673,-0.007239984035168,0.00162005069969658));
#10349=CARTESIAN_POINT('',(0.003635099951929,-0.007229596013637,0.00162005069969658));
#10350=CARTESIAN_POINT('',(0.003635264873137,-0.007222509776458,0.00162005069969658));
#10351=CARTESIAN_POINT('',(0.003635348941554,-0.007218897574323,0.00162005069969658));
#10352=CARTESIAN_POINT('',(0.00352913758452266,-0.007320612002711,0.00162005069969658));
#10353=CARTESIAN_POINT('',(0.00343047192131691,-0.007226862473362,0.00162005069969658));
#10354=CARTESIAN_POINT('',(0.00343054976271099,-0.007230334120241,0.00162005069969658));
#10355=CARTESIAN_POINT('',(0.0034307019903004,-0.007237123315654,0.00162005069969658));
#10356=CARTESIAN_POINT('',(0.00343196995156294,-0.007247043829422,0.00162005069969658));
#10357=CARTESIAN_POINT('',(0.00343411616855068,-0.007256415654577,0.00162005069969658));
#10358=CARTESIAN_POINT('',(0.00343703007883353,-0.007265288305243,0.00162005069969658));
#10359=CARTESIAN_POINT('',(0.00344087624935933,-0.007273596333246,0.00162005069969658));
#10360=CARTESIAN_POINT('',(0.0034455269711642,-0.007281395421151,0.00162005069969658));
#10361=CARTESIAN_POINT('',(0.00345112689518855,-0.007288577404324,0.00162005069969658));
#10362=CARTESIAN_POINT('',(0.00345742298679567,-0.007295254960369,0.00162005069969658));
#10363=CARTESIAN_POINT('',(0.00346446934478475,-0.007301212440112,0.00162005069969658));
#10364=CARTESIAN_POINT('',(0.00347209054419662,-0.007306427272888,0.00162005069969658));
#10365=CARTESIAN_POINT('',(0.00348026347744579,-0.007310838948898,0.00162005069969658));
#10366=CARTESIAN_POINT('',(0.00348899247121582,-0.0073144187384,0.00162005069969658));
#10367=CARTESIAN_POINT('',(0.00349825984985055,-0.007317208450196,0.00162005069969658));
#10368=CARTESIAN_POINT('',(0.00350807394329384,-0.007319159348015,0.00162005069969658));
#10369=CARTESIAN_POINT('',(0.00351842098588634,-0.007320427169041,0.00162005069969658));
#10370=CARTESIAN_POINT('',(0.00352551330958971,-0.007320549493322,0.00162005069969658));
#10371=CARTESIAN_POINT('',(0.00352913758452266,-0.007320612002711,0.00162005069969658));
#10372=CARTESIAN_POINT('',(0.00343047192131691,-0.007226862473362,0.00162005069969658));
#10373=CARTESIAN_POINT('',(0.00352943350229194,-0.00722007824068477,0.00162005069969658));
#10374=CARTESIAN_POINT('',(0.00356236570183345,-0.00722205764135006,0.00161805070973712));
#10375=CARTESIAN_POINT('',(0.00356236570183345,-0.00722205764135006,0.00161005074989929));
#10376=CARTESIAN_POINT('',(0.00345242303062804,-0.007223165845578,0.00161005074989929));
#10377=CARTESIAN_POINT('',(0.00346458362978674,-0.007171832261825,0.00161005074989929));
#10378=CARTESIAN_POINT('',(0.00345244439032981,-0.00722316563027568,0.00161005074989929));
#10379=CARTESIAN_POINT('',(0.00345244439032981,-0.00722316563027568,0.00161338406649839));
#10380=CARTESIAN_POINT('',(0.00345244439032981,-0.00722316563027568,0.00161671738309748));
#10381=CARTESIAN_POINT('',(0.00345244439032981,-0.00722316563027568,0.00162005069969658));
#10382=CARTESIAN_POINT('',(0.00346458362978651,-0.007171832261825,0.00162005069969658));
#10383=CARTESIAN_POINT('',(0.00353077629580804,-0.007293782869109,0.00162005069969658));
#10384=CARTESIAN_POINT('',(0.00353077629580804,-0.007293782869109,0.00161005074989929));
#10385=CARTESIAN_POINT('',(0.00352785206274844,-0.007293727318138,0.00162005069969658));
#10386=CARTESIAN_POINT('',(0.00352785206274844,-0.007293727318138,0.00161005074989929));
#10387=CARTESIAN_POINT('',(0.00352214110456885,-0.007293618828402,0.00162005069969658));
#10388=CARTESIAN_POINT('',(0.00352214110456885,-0.007293618828402,0.00161005074989929));
#10389=CARTESIAN_POINT('',(0.00351380570271523,-0.007292686338697,0.00162005069969658));
#10390=CARTESIAN_POINT('',(0.00351380570271523,-0.007292686338697,0.00161005074989929));
#10391=CARTESIAN_POINT('',(0.00350592407081192,-0.007291176727751,0.00162005069969658));
#10392=CARTESIAN_POINT('',(0.00350592407081192,-0.007291176727751,0.00161005074989929));
#10393=CARTESIAN_POINT('',(0.00349850505539879,-0.007289052047145,0.00162005069969658));
#10394=CARTESIAN_POINT('',(0.00349850505539879,-0.007289052047145,0.00161005074989929));
#10395=CARTESIAN_POINT('',(0.00349155928329777,-0.007286296510721,0.00162005069969658));
#10396=CARTESIAN_POINT('',(0.00349155928329777,-0.007286296510721,0.00161005074989929));
#10397=CARTESIAN_POINT('',(0.0034850808302944,-0.007282931450065,0.00162005069969658));
#10398=CARTESIAN_POINT('',(0.0034850808302944,-0.007282931450065,0.00161005074989929));
#10399=CARTESIAN_POINT('',(0.00347906278859698,-0.007278947351724,0.00162005069969658));
#10400=CARTESIAN_POINT('',(0.00347906278859698,-0.007278947351724,0.00161005074989929));
#10401=CARTESIAN_POINT('',(0.00347354805155457,-0.007274382000325,0.00162005069969658));
#10402=CARTESIAN_POINT('',(0.00347354805155457,-0.007274382000325,0.00161005074989929));
#10403=CARTESIAN_POINT('',(0.0034685970774665,-0.007269318651396,0.00162005069969658));
#10404=CARTESIAN_POINT('',(0.0034685970774665,-0.007269318651396,0.00161005074989929));
#10405=CARTESIAN_POINT('',(0.00346426147507757,-0.007263841877904,0.00162005069969658));
#10406=CARTESIAN_POINT('',(0.00346426147507757,-0.007263841877904,0.00161005074989929));
#10407=CARTESIAN_POINT('',(0.00346058388912891,-0.007257993775256,0.00162005069969658));
#10408=CARTESIAN_POINT('',(0.00346058388912891,-0.007257993775256,0.00161005074989929));
#10409=CARTESIAN_POINT('',(0.00345758625727554,-0.007251753658055,0.00162005069969658));
#10410=CARTESIAN_POINT('',(0.00345758625727554,-0.007251753658055,0.00161005074989929));
#10411=CARTESIAN_POINT('',(0.00345525789184505,-0.0072451472218,0.00162005069969658));
#10412=CARTESIAN_POINT('',(0.00345525789184505,-0.0072451472218,0.00161005074989929));
#10413=CARTESIAN_POINT('',(0.00345362896225277,-0.007238143372229,0.00162005069969658));
#10414=CARTESIAN_POINT('',(0.00345362896225277,-0.007238143372229,0.00161005074989929));
#10415=CARTESIAN_POINT('',(0.00345261919137397,-0.007230779091928,0.00162005069969658));
#10416=CARTESIAN_POINT('',(0.00345261919137397,-0.007230779091928,0.00161005074989929));
#10417=CARTESIAN_POINT('',(0.00345248923135172,-0.007225735179292,0.00162005069969658));
#10418=CARTESIAN_POINT('',(0.00345248923135172,-0.007225735179292,0.00161005074989929));
#10419=CARTESIAN_POINT('',(0.00345242303062804,-0.007223165845578,0.00162005069969658));
#10420=CARTESIAN_POINT('',(0.00345242303062804,-0.007223165845578,0.00161005074989929));
#10421=CARTESIAN_POINT('',(0.00353077629580804,-0.007293782869109,0.00161005074989929));
#10422=CARTESIAN_POINT('',(0.00352785206274844,-0.007293727318138,0.00161005074989929));
#10423=CARTESIAN_POINT('',(0.00352214110456885,-0.007293618828402,0.00161005074989929));
#10424=CARTESIAN_POINT('',(0.00351380570271523,-0.007292686338697,0.00161005074989929));
#10425=CARTESIAN_POINT('',(0.00350592407081192,-0.007291176727751,0.00161005074989929));
#10426=CARTESIAN_POINT('',(0.00349850505539879,-0.007289052047145,0.00161005074989929));
#10427=CARTESIAN_POINT('',(0.00349155928329777,-0.007286296510721,0.00161005074989929));
#10428=CARTESIAN_POINT('',(0.0034850808302944,-0.007282931450065,0.00161005074989929));
#10429=CARTESIAN_POINT('',(0.00347906278859698,-0.007278947351724,0.00161005074989929));
#10430=CARTESIAN_POINT('',(0.00347354805155457,-0.007274382000325,0.00161005074989929));
#10431=CARTESIAN_POINT('',(0.0034685970774665,-0.007269318651396,0.00161005074989929));
#10432=CARTESIAN_POINT('',(0.00346426147507757,-0.007263841877904,0.00161005074989929));
#10433=CARTESIAN_POINT('',(0.00346058388912891,-0.007257993775256,0.00161005074989929));
#10434=CARTESIAN_POINT('',(0.00345758625727554,-0.007251753658055,0.00161005074989929));
#10435=CARTESIAN_POINT('',(0.00345525789184505,-0.0072451472218,0.00161005074989929));
#10436=CARTESIAN_POINT('',(0.00345362896225277,-0.007238143372229,0.00161005074989929));
#10437=CARTESIAN_POINT('',(0.00345261919137397,-0.007230779091928,0.00161005074989929));
#10438=CARTESIAN_POINT('',(0.00345248923135172,-0.007225735179292,0.00161005074989929));
#10439=CARTESIAN_POINT('',(0.00345242303062804,-0.007223165845578,0.00161005074989929));
#10440=CARTESIAN_POINT('',(0.00353077629580804,-0.007293782869109,0.00161005074989929));
#10441=CARTESIAN_POINT('',(0.00353077629580804,-0.007293782869109,0.00162005069969658));
#10442=CARTESIAN_POINT('',(0.00361339783224299,-0.007218668916935,0.00162005069969658));
#10443=CARTESIAN_POINT('',(0.00361339783224299,-0.007218668916935,0.00161005074989929));
#10444=CARTESIAN_POINT('',(0.0036133399569942,-0.007221378923677,0.00162005069969658));
#10445=CARTESIAN_POINT('',(0.0036133399569942,-0.007221378923677,0.00161005074989929));
#10446=CARTESIAN_POINT('',(0.00361322645106419,-0.007226693835354,0.00162005069969658));
#10447=CARTESIAN_POINT('',(0.00361322645106419,-0.007226693835354,0.00161005074989929));
#10448=CARTESIAN_POINT('',(0.00361209896122297,-0.007234456002884,0.00162005069969658));
#10449=CARTESIAN_POINT('',(0.00361209896122297,-0.007234456002884,0.00161005074989929));
#10450=CARTESIAN_POINT('',(0.00361043948900671,-0.00724187313972,0.00162005069969658));
#10451=CARTESIAN_POINT('',(0.00361043948900671,-0.00724187313972,0.00161005074989929));
#10452=CARTESIAN_POINT('',(0.00360790987707209,-0.007248861271746,0.00162005069969658));
#10453=CARTESIAN_POINT('',(0.00360790987707209,-0.007248861271746,0.00161005074989929));
#10454=CARTESIAN_POINT('',(0.00360480905161855,-0.007255511749085,0.00162005069969658));
#10455=CARTESIAN_POINT('',(0.00360480905161855,-0.007255511749085,0.00161005074989929));
#10456=CARTESIAN_POINT('',(0.00360089647900866,-0.007261716903583,0.00162005069969658));
#10457=CARTESIAN_POINT('',(0.00360089647900866,-0.007261716903583,0.00161005074989929));
#10458=CARTESIAN_POINT('',(0.00359636245180607,-0.007267573436095,0.00162005069969658));
#10459=CARTESIAN_POINT('',(0.00359636245180607,-0.007267573436095,0.00161005074989929));
#10460=CARTESIAN_POINT('',(0.00359112282090659,-0.007272973552028,0.00162005069969658));
#10461=CARTESIAN_POINT('',(0.00359112282090659,-0.007272973552028,0.00161005074989929));
#10462=CARTESIAN_POINT('',(0.00358533078700401,-0.007277895875836,0.00162005069969658));
#10463=CARTESIAN_POINT('',(0.00358533078700401,-0.007277895875836,0.00161005074989929));
#10464=CARTESIAN_POINT('',(0.00357894472007301,-0.007282118657527,0.00162005069969658));
#10465=CARTESIAN_POINT('',(0.00357894472007301,-0.007282118657527,0.00161005074989929));
#10466=CARTESIAN_POINT('',(0.00357213163459867,-0.007285794109849,0.00162005069969658));
#10467=CARTESIAN_POINT('',(0.00357213163459867,-0.007285794109849,0.00161005074989929));
#10468=CARTESIAN_POINT('',(0.00356477703531074,-0.007288700460031,0.00162005069969658));
#10469=CARTESIAN_POINT('',(0.00356477703531074,-0.007288700460031,0.00161005074989929));
#10470=CARTESIAN_POINT('',(0.00355695801789427,-0.007290996966058,0.00162005069969658));
#10471=CARTESIAN_POINT('',(0.00355695801789427,-0.007290996966058,0.00161005074989929));
#10472=CARTESIAN_POINT('',(0.00354866793637004,-0.007292626998627,0.00162005069969658));
#10473=CARTESIAN_POINT('',(0.00354866793637004,-0.007292626998627,0.00161005074989929));
#10474=CARTESIAN_POINT('',(0.00353988135714687,-0.007293579172717,0.00162005069969658));
#10475=CARTESIAN_POINT('',(0.00353988135714687,-0.007293579172717,0.00161005074989929));
#10476=CARTESIAN_POINT('',(0.00353386554658286,-0.007293713757083,0.00162005069969658));
#10477=CARTESIAN_POINT('',(0.00353386554658286,-0.007293713757083,0.00161005074989929));
#10478=CARTESIAN_POINT('',(0.00353077629580804,-0.007293782869109,0.00162005069969658));
#10479=CARTESIAN_POINT('',(0.00353077629580804,-0.007293782869109,0.00161005074989929));
#10480=CARTESIAN_POINT('',(0.00361339783224299,-0.007218668916935,0.00161005074989929));
#10481=CARTESIAN_POINT('',(0.0036133399569942,-0.007221378923677,0.00161005074989929));
#10482=CARTESIAN_POINT('',(0.00361322645106419,-0.007226693835354,0.00161005074989929));
#10483=CARTESIAN_POINT('',(0.00361209896122297,-0.007234456002884,0.00161005074989929));
#10484=CARTESIAN_POINT('',(0.00361043948900671,-0.00724187313972,0.00161005074989929));
#10485=CARTESIAN_POINT('',(0.00360790987707209,-0.007248861271746,0.00161005074989929));
#10486=CARTESIAN_POINT('',(0.00360480905161855,-0.007255511749085,0.00161005074989929));
#10487=CARTESIAN_POINT('',(0.00360089647900866,-0.007261716903583,0.00161005074989929));
#10488=CARTESIAN_POINT('',(0.00359636245180607,-0.007267573436095,0.00161005074989929));
#10489=CARTESIAN_POINT('',(0.00359112282090659,-0.007272973552028,0.00161005074989929));
#10490=CARTESIAN_POINT('',(0.00358533078700401,-0.007277895875836,0.00161005074989929));
#10491=CARTESIAN_POINT('',(0.00357894472007301,-0.007282118657527,0.00161005074989929));
#10492=CARTESIAN_POINT('',(0.00357213163459867,-0.007285794109849,0.00161005074989929));
#10493=CARTESIAN_POINT('',(0.00356477703531074,-0.007288700460031,0.00161005074989929));
#10494=CARTESIAN_POINT('',(0.00355695801789427,-0.007290996966058,0.00161005074989929));
#10495=CARTESIAN_POINT('',(0.00354866793637004,-0.007292626998627,0.00161005074989929));
#10496=CARTESIAN_POINT('',(0.00353988135714687,-0.007293579172717,0.00161005074989929));
#10497=CARTESIAN_POINT('',(0.00353386554658286,-0.007293713757083,0.00161005074989929));
#10498=CARTESIAN_POINT('',(0.00353077629580804,-0.007293782869109,0.00161005074989929));
#10499=CARTESIAN_POINT('',(0.00361339783224299,-0.007218668916935,0.00161005074989929));
#10500=CARTESIAN_POINT('',(0.00361329134072446,-0.00721866761065608,0.00162005069969658));
#10501=CARTESIAN_POINT('',(0.00361329134072446,-0.00721866761065608,0.00161671738309749));
#10502=CARTESIAN_POINT('',(0.00361329134072446,-0.00721866761065608,0.00161338406649839));
#10503=CARTESIAN_POINT('',(0.00361329134072446,-0.00721866761065608,0.00161005074989929));
#10504=CARTESIAN_POINT('',(0.00352428689788299,-0.0072175758370622,0.00161805070973712));
#10505=CARTESIAN_POINT('',(0.00352428689788299,-0.0072175758370622,0.00161005074989929));
#10506=CARTESIAN_POINT('',(0.0036006446619913,-0.007171832261825,0.00161005074989929));
#10507=CARTESIAN_POINT('',(0.0036006446619913,-0.007171832261825,0.00162005069969658));
#10508=CARTESIAN_POINT('',(0.00346522784439287,-0.007171832261825,0.00162005069969658));
#10509=CARTESIAN_POINT('',(0.003627422152081,-0.007171832261825,0.00161005074989929));
#10510=CARTESIAN_POINT('',(0.00362819061032551,-0.007171832261825,0.00161005074989929));
#10511=CARTESIAN_POINT('',(0.00362819061032584,-0.007171832261825,0.00162005069969658));
#10512=CARTESIAN_POINT('',(0.0034871225497537,-0.00721728587754663,0.00161805070973712));
#10513=CARTESIAN_POINT('',(0.0034871225497537,-0.00721728587754663,0.00161005074989929));
#10514=CARTESIAN_POINT('',(0.003635348941554,-0.007218897574323,0.00161005074989929));
#10515=CARTESIAN_POINT('',(0.00363532387298537,-0.00721889730174717,0.00161005074989929));
#10516=CARTESIAN_POINT('',(0.00363532387298537,-0.00721889730174717,0.00161338406649839));
#10517=CARTESIAN_POINT('',(0.00363532387298537,-0.00721889730174717,0.00161671738309749));
#10518=CARTESIAN_POINT('',(0.00363532387298537,-0.00721889730174717,0.00162005069969658));
#10519=CARTESIAN_POINT('',(0.00352913758452266,-0.007320612002711,0.00162005069969658));
#10520=CARTESIAN_POINT('',(0.00352913758452266,-0.007320612002711,0.00161005074989929));
#10521=CARTESIAN_POINT('',(0.0035330286933865,-0.007320524953772,0.00162005069969658));
#10522=CARTESIAN_POINT('',(0.0035330286933865,-0.007320524953772,0.00161005074989929));
#10523=CARTESIAN_POINT('',(0.00354064397669902,-0.007320354590424,0.00162005069969658));
#10524=CARTESIAN_POINT('',(0.00354064397669902,-0.007320354590424,0.00161005074989929));
#10525=CARTESIAN_POINT('',(0.00355177894539838,-0.007318998798405,0.00162005069969658));
#10526=CARTESIAN_POINT('',(0.00355177894539838,-0.007318998798405,0.00161005074989929));
#10527=CARTESIAN_POINT('',(0.00356233900957101,-0.007316778223221,0.00162005069969658));
#10528=CARTESIAN_POINT('',(0.00356233900957101,-0.007316778223221,0.00161005074989929));
#10529=CARTESIAN_POINT('',(0.00357231156444107,-0.007313582810481,0.00162005069969658));
#10530=CARTESIAN_POINT('',(0.00357231156444107,-0.007313582810481,0.00161005074989929));
#10531=CARTESIAN_POINT('',(0.00358171549983045,-0.007309565015246,0.00162005069969658));
#10532=CARTESIAN_POINT('',(0.00358171549983045,-0.007309565015246,0.00161005074989929));
#10533=CARTESIAN_POINT('',(0.0035905217061512,-0.007304592287481,0.00162005069969658));
#10534=CARTESIAN_POINT('',(0.0035905217061512,-0.007304592287481,0.00161005074989929));
#10535=CARTESIAN_POINT('',(0.00359875259795979,-0.007298750628253,0.00162005069969658));
#10536=CARTESIAN_POINT('',(0.00359875259795979,-0.007298750628253,0.00161005074989929));
#10537=CARTESIAN_POINT('',(0.00360630130407173,-0.007292012456704,0.00162005069969658));
#10538=CARTESIAN_POINT('',(0.00360630130407173,-0.007292012456704,0.00161005074989929));
#10539=CARTESIAN_POINT('',(0.00361308596717598,-0.007284596497587,0.00162005069969658));
#10540=CARTESIAN_POINT('',(0.00361308596717598,-0.007284596497587,0.00161005074989929));
#10541=CARTESIAN_POINT('',(0.00361910992907932,-0.007276691723713,0.00162005069969658));
#10542=CARTESIAN_POINT('',(0.00361910992907932,-0.007276691723713,0.00161005074989929));
#10543=CARTESIAN_POINT('',(0.00362408869680372,-0.007268206703634,0.00162005069969658));
#10544=CARTESIAN_POINT('',(0.00362408869680372,-0.007268206703634,0.00161005074989929));
#10545=CARTESIAN_POINT('',(0.00362825170703,-0.007259303440921,0.00162005069969658));
#10546=CARTESIAN_POINT('',(0.00362825170703,-0.007259303440921,0.00161005074989929));
#10547=CARTESIAN_POINT('',(0.003631414715223,-0.007249873629974,0.00162005069969658));
#10548=CARTESIAN_POINT('',(0.003631414715223,-0.007249873629974,0.00161005074989929));
#10549=CARTESIAN_POINT('',(0.003633690710673,-0.007239984035168,0.00162005069969658));
#10550=CARTESIAN_POINT('',(0.003633690710673,-0.007239984035168,0.00161005074989929));
#10551=CARTESIAN_POINT('',(0.003635099951929,-0.007229596013637,0.00162005069969658));
#10552=CARTESIAN_POINT('',(0.003635099951929,-0.007229596013637,0.00161005074989929));
#10553=CARTESIAN_POINT('',(0.003635264873137,-0.007222509776458,0.00162005069969658));
#10554=CARTESIAN_POINT('',(0.003635264873137,-0.007222509776458,0.00161005074989929));
#10555=CARTESIAN_POINT('',(0.003635348941554,-0.007218897574323,0.00162005069969658));
#10556=CARTESIAN_POINT('',(0.003635348941554,-0.007218897574323,0.00161005074989929));
#10557=CARTESIAN_POINT('',(0.00352913758452266,-0.007320612002711,0.00161005074989929));
#10558=CARTESIAN_POINT('',(0.0035330286933865,-0.007320524953772,0.00161005074989929));
#10559=CARTESIAN_POINT('',(0.00354064397669902,-0.007320354590424,0.00161005074989929));
#10560=CARTESIAN_POINT('',(0.00355177894539838,-0.007318998798405,0.00161005074989929));
#10561=CARTESIAN_POINT('',(0.00356233900957101,-0.007316778223221,0.00161005074989929));
#10562=CARTESIAN_POINT('',(0.00357231156444107,-0.007313582810481,0.00161005074989929));
#10563=CARTESIAN_POINT('',(0.00358171549983045,-0.007309565015246,0.00161005074989929));
#10564=CARTESIAN_POINT('',(0.0035905217061512,-0.007304592287481,0.00161005074989929));
#10565=CARTESIAN_POINT('',(0.00359875259795979,-0.007298750628253,0.00161005074989929));
#10566=CARTESIAN_POINT('',(0.00360630130407173,-0.007292012456704,0.00161005074989929));
#10567=CARTESIAN_POINT('',(0.00361308596717598,-0.007284596497587,0.00161005074989929));
#10568=CARTESIAN_POINT('',(0.00361910992907932,-0.007276691723713,0.00161005074989929));
#10569=CARTESIAN_POINT('',(0.00362408869680372,-0.007268206703634,0.00161005074989929));
#10570=CARTESIAN_POINT('',(0.00362825170703,-0.007259303440921,0.00161005074989929));
#10571=CARTESIAN_POINT('',(0.003631414715223,-0.007249873629974,0.00161005074989929));
#10572=CARTESIAN_POINT('',(0.003633690710673,-0.007239984035168,0.00161005074989929));
#10573=CARTESIAN_POINT('',(0.003635099951929,-0.007229596013637,0.00161005074989929));
#10574=CARTESIAN_POINT('',(0.003635264873137,-0.007222509776458,0.00161005074989929));
#10575=CARTESIAN_POINT('',(0.003635348941554,-0.007218897574323,0.00161005074989929));
#10576=CARTESIAN_POINT('',(0.00352913758452266,-0.007320612002711,0.00161005074989929));
#10577=CARTESIAN_POINT('',(0.00352913758452266,-0.007320612002711,0.00162005069969658));
#10578=CARTESIAN_POINT('',(0.00352913758452266,-0.007320612002711,0.00161005074989929));
#10579=CARTESIAN_POINT('',(0.00352913758452266,-0.007320612002711,0.00162005069969658));
#10580=CARTESIAN_POINT('',(0.00352551330958971,-0.007320549493322,0.00161005074989929));
#10581=CARTESIAN_POINT('',(0.00352551330958971,-0.007320549493322,0.00162005069969658));
#10582=CARTESIAN_POINT('',(0.00351842098588634,-0.007320427169041,0.00161005074989929));
#10583=CARTESIAN_POINT('',(0.00351842098588634,-0.007320427169041,0.00162005069969658));
#10584=CARTESIAN_POINT('',(0.00350807394329384,-0.007319159348015,0.00161005074989929));
#10585=CARTESIAN_POINT('',(0.00350807394329384,-0.007319159348015,0.00162005069969658));
#10586=CARTESIAN_POINT('',(0.00349825984985055,-0.007317208450196,0.00161005074989929));
#10587=CARTESIAN_POINT('',(0.00349825984985055,-0.007317208450196,0.00162005069969658));
#10588=CARTESIAN_POINT('',(0.00348899247121582,-0.0073144187384,0.00161005074989929));
#10589=CARTESIAN_POINT('',(0.00348899247121582,-0.0073144187384,0.00162005069969658));
#10590=CARTESIAN_POINT('',(0.00348026347744579,-0.007310838948898,0.00161005074989929));
#10591=CARTESIAN_POINT('',(0.00348026347744579,-0.007310838948898,0.00162005069969658));
#10592=CARTESIAN_POINT('',(0.00347209054419662,-0.007306427272888,0.00161005074989929));
#10593=CARTESIAN_POINT('',(0.00347209054419662,-0.007306427272888,0.00162005069969658));
#10594=CARTESIAN_POINT('',(0.00346446934478475,-0.007301212440112,0.00161005074989929));
#10595=CARTESIAN_POINT('',(0.00346446934478475,-0.007301212440112,0.00162005069969658));
#10596=CARTESIAN_POINT('',(0.00345742298679567,-0.007295254960369,0.00161005074989929));
#10597=CARTESIAN_POINT('',(0.00345742298679567,-0.007295254960369,0.00162005069969658));
#10598=CARTESIAN_POINT('',(0.00345112689518855,-0.007288577404324,0.00161005074989929));
#10599=CARTESIAN_POINT('',(0.00345112689518855,-0.007288577404324,0.00162005069969658));
#10600=CARTESIAN_POINT('',(0.0034455269711642,-0.007281395421151,0.00161005074989929));
#10601=CARTESIAN_POINT('',(0.0034455269711642,-0.007281395421151,0.00162005069969658));
#10602=CARTESIAN_POINT('',(0.00344087624935933,-0.007273596333246,0.00161005074989929));
#10603=CARTESIAN_POINT('',(0.00344087624935933,-0.007273596333246,0.00162005069969658));
#10604=CARTESIAN_POINT('',(0.00343703007883353,-0.007265288305243,0.00161005074989929));
#10605=CARTESIAN_POINT('',(0.00343703007883353,-0.007265288305243,0.00162005069969658));
#10606=CARTESIAN_POINT('',(0.00343411616855068,-0.007256415654577,0.00161005074989929));
#10607=CARTESIAN_POINT('',(0.00343411616855068,-0.007256415654577,0.00162005069969658));
#10608=CARTESIAN_POINT('',(0.00343196995156294,-0.007247043829422,0.00161005074989929));
#10609=CARTESIAN_POINT('',(0.00343196995156294,-0.007247043829422,0.00162005069969658));
#10610=CARTESIAN_POINT('',(0.0034307019903004,-0.007237123315654,0.00161005074989929));
#10611=CARTESIAN_POINT('',(0.0034307019903004,-0.007237123315654,0.00162005069969658));
#10612=CARTESIAN_POINT('',(0.00343054976271099,-0.007230334120241,0.00161005074989929));
#10613=CARTESIAN_POINT('',(0.00343054976271099,-0.007230334120241,0.00162005069969658));
#10614=CARTESIAN_POINT('',(0.00343047192131691,-0.007226862473362,0.00161005074989929));
#10615=CARTESIAN_POINT('',(0.00343047192131691,-0.007226862473362,0.00162005069969658));
#10616=CARTESIAN_POINT('',(0.00343047192131691,-0.007226862473362,0.00161005074989929));
#10617=CARTESIAN_POINT('',(0.00343054976271099,-0.007230334120241,0.00161005074989929));
#10618=CARTESIAN_POINT('',(0.0034307019903004,-0.007237123315654,0.00161005074989929));
#10619=CARTESIAN_POINT('',(0.00343196995156294,-0.007247043829422,0.00161005074989929));
#10620=CARTESIAN_POINT('',(0.00343411616855068,-0.007256415654577,0.00161005074989929));
#10621=CARTESIAN_POINT('',(0.00343703007883353,-0.007265288305243,0.00161005074989929));
#10622=CARTESIAN_POINT('',(0.00344087624935933,-0.007273596333246,0.00161005074989929));
#10623=CARTESIAN_POINT('',(0.0034455269711642,-0.007281395421151,0.00161005074989929));
#10624=CARTESIAN_POINT('',(0.00345112689518855,-0.007288577404324,0.00161005074989929));
#10625=CARTESIAN_POINT('',(0.00345742298679567,-0.007295254960369,0.00161005074989929));
#10626=CARTESIAN_POINT('',(0.00346446934478475,-0.007301212440112,0.00161005074989929));
#10627=CARTESIAN_POINT('',(0.00347209054419662,-0.007306427272888,0.00161005074989929));
#10628=CARTESIAN_POINT('',(0.00348026347744579,-0.007310838948898,0.00161005074989929));
#10629=CARTESIAN_POINT('',(0.00348899247121582,-0.0073144187384,0.00161005074989929));
#10630=CARTESIAN_POINT('',(0.00349825984985055,-0.007317208450196,0.00161005074989929));
#10631=CARTESIAN_POINT('',(0.00350807394329384,-0.007319159348015,0.00161005074989929));
#10632=CARTESIAN_POINT('',(0.00351842098588634,-0.007320427169041,0.00161005074989929));
#10633=CARTESIAN_POINT('',(0.00352551330958971,-0.007320549493322,0.00161005074989929));
#10634=CARTESIAN_POINT('',(0.00352913758452266,-0.007320612002711,0.00161005074989929));
#10635=CARTESIAN_POINT('',(0.00343047192131691,-0.007226862473362,0.00161005074989929));
#10636=CARTESIAN_POINT('',(0.00343115903951317,-0.00722681536851915,0.00162002360068964));
#10637=CARTESIAN_POINT('',(0.00343099341706366,-0.00722682672263479,0.00161580436738514));
#10638=CARTESIAN_POINT('',(0.00343099712274552,-0.00722682646859471,0.00161452135089916));
#10639=CARTESIAN_POINT('',(0.00343126826021329,-0.0072268078809807,0.00161009981247278));
#10640=CARTESIAN_POINT('',(0.00352943350229194,-0.00722007824068477,0.00161614778956525));
#10641=CARTESIAN_POINT('',(0.00352943350229194,-0.00722007824068477,0.00161005074989929));
#10642=CARTESIAN_POINT('',(0.00344327673508174,-0.007171832261825,0.00161005074989929));
#10643=CARTESIAN_POINT('',(0.00352943350229194,-0.007171832261825,0.00161614778956525));
#10644=CARTESIAN_POINT('',(0.00346522784439287,-0.007171832261825,0.00162005069969658));
#10645=CARTESIAN_POINT('',(0.00346522784439287,-0.007171832261825,0.00161005074989929));
#10646=CARTESIAN_POINT('',(0.003526060452121,-0.0070499491998982,0.00162005069969658));
#10647=CARTESIAN_POINT('',(0.00345486204277372,-0.00702549153308392,0.00162005069969658));
#10648=CARTESIAN_POINT('',(0.00345486204277372,-0.00702549153308392,0.00162005069969658));
#10649=CARTESIAN_POINT('',(0.00343291093346259,-0.00702549153308392,0.00162005069969658));
#10650=CARTESIAN_POINT('',(0.00345486204277372,-0.0071059789338914,0.00162005069969658));
#10651=CARTESIAN_POINT('',(0.00345486204277372,-0.0071059789338914,0.00162005069969658));
#10652=CARTESIAN_POINT('',(0.00352315438285279,-0.0071059789338914,0.00162005069969658));
#10653=CARTESIAN_POINT('',(0.00352315438285279,-0.0071059789338914,0.00162005069969658));
#10654=CARTESIAN_POINT('',(0.00352315438285279,-0.00703524758166665,0.00162005069969658));
#10655=CARTESIAN_POINT('',(0.00352315438285279,-0.00703524758166665,0.00162005069969658));
#10656=CARTESIAN_POINT('',(0.00354510549216392,-0.00703524758166665,0.00162005069969658));
#10657=CARTESIAN_POINT('',(0.00354510549216392,-0.00703524758166665,0.00162005069969658));
#10658=CARTESIAN_POINT('',(0.00354510549216392,-0.0071059789338914,0.00162005069969658));
#10659=CARTESIAN_POINT('',(0.00354510549216392,-0.0071059789338914,0.00162005069969658));
#10660=CARTESIAN_POINT('',(0.00361095882009731,-0.0071059789338914,0.00162005069969658));
#10661=CARTESIAN_POINT('',(0.00361095882009731,-0.0071059789338914,0.00162005069969658));
#10662=CARTESIAN_POINT('',(0.00361095882009731,-0.00703036955737528,0.00162005069969658));
#10663=CARTESIAN_POINT('',(0.00361095882009731,-0.00703036955737528,0.00162005069969658));
#10664=CARTESIAN_POINT('',(0.003632909929408,-0.00703036955737528,0.00162005069969658));
#10665=CARTESIAN_POINT('',(0.003632909929408,-0.00703036955737528,0.00162005069969658));
#10666=CARTESIAN_POINT('',(0.003632909929408,-0.00713280806749389,0.00162005069969658));
#10667=CARTESIAN_POINT('',(0.003632909929408,-0.00713280806749389,0.00162005069969658));
#10668=CARTESIAN_POINT('',(0.00343291093346259,-0.00713280806749389,0.00162005069969658));
#10669=CARTESIAN_POINT('',(0.00343291093346259,-0.00713280806749389,0.00162005069969658));
#10670=CARTESIAN_POINT('',(0.00343291093346259,-0.00702549153308392,0.00162005069969658));
#10671=CARTESIAN_POINT('',(0.00345486204277372,-0.0071059789338914,0.00162005069969658));
#10672=CARTESIAN_POINT('',(0.00345486204277372,-0.0071059789338914,0.00161005074989929));
#10673=CARTESIAN_POINT('',(0.00345486204277372,-0.0071059789338914,0.00161005074989929));
#10674=CARTESIAN_POINT('',(0.00345486204277372,-0.00702549153308392,0.00161005074989929));
#10675=CARTESIAN_POINT('',(0.00345486204277372,-0.0071059789338914,0.00162005069969658));
#10676=CARTESIAN_POINT('',(0.00345486204277372,-0.00702549153308392,0.00162005069969658));
#10677=CARTESIAN_POINT('',(0.00352315438285279,-0.0071059789338914,0.00162005069969658));
#10678=CARTESIAN_POINT('',(0.00352315438285279,-0.0071059789338914,0.00161005074989929));
#10679=CARTESIAN_POINT('',(0.00352315438285279,-0.0071059789338914,0.00161005074989929));
#10680=CARTESIAN_POINT('',(0.00352315438285279,-0.0071059789338914,0.00162005069969658));
#10681=CARTESIAN_POINT('',(0.00352315438285279,-0.00703524758166665,0.00162005069969658));
#10682=CARTESIAN_POINT('',(0.00352315438285279,-0.00703524758166665,0.00161005074989929));
#10683=CARTESIAN_POINT('',(0.00352315438285279,-0.00703524758166665,0.00161005074989929));
#10684=CARTESIAN_POINT('',(0.00352315438285279,-0.00703524758166665,0.00162005069969658));
#10685=CARTESIAN_POINT('',(0.00354510549216392,-0.00703524758166665,0.00162005069969658));
#10686=CARTESIAN_POINT('',(0.00354510549216392,-0.00703524758166665,0.00161005074989929));
#10687=CARTESIAN_POINT('',(0.00354510549216392,-0.00703524758166665,0.00161005074989929));
#10688=CARTESIAN_POINT('',(0.00354510549216392,-0.00703524758166665,0.00162005069969658));
#10689=CARTESIAN_POINT('',(0.00354510549216392,-0.0071059789338914,0.00162005069969658));
#10690=CARTESIAN_POINT('',(0.00354510549216392,-0.0071059789338914,0.00161005074989929));
#10691=CARTESIAN_POINT('',(0.00354510549216392,-0.0071059789338914,0.00161005074989929));
#10692=CARTESIAN_POINT('',(0.00354510549216392,-0.0071059789338914,0.00162005069969658));
#10693=CARTESIAN_POINT('',(0.00352315438285279,-0.0071059789338914,0.00162005069969658));
#10694=CARTESIAN_POINT('',(0.00361095882009731,-0.0071059789338914,0.00161005074989929));
#10695=CARTESIAN_POINT('',(0.00361095882009731,-0.0071059789338914,0.00161005074989929));
#10696=CARTESIAN_POINT('',(0.00361095882009731,-0.0071059789338914,0.00162005069969658));
#10697=CARTESIAN_POINT('',(0.00361095882009731,-0.00703036955737528,0.00162005069969658));
#10698=CARTESIAN_POINT('',(0.00361095882009731,-0.00703036955737528,0.00161005074989929));
#10699=CARTESIAN_POINT('',(0.00361095882009731,-0.00703036955737528,0.00161005074989929));
#10700=CARTESIAN_POINT('',(0.00361095882009731,-0.00703036955737528,0.00162005069969658));
#10701=CARTESIAN_POINT('',(0.003632909929408,-0.00703036955737528,0.00162005069969658));
#10702=CARTESIAN_POINT('',(0.003632909929408,-0.00703036955737528,0.00161005074989929));
#10703=CARTESIAN_POINT('',(0.003632909929408,-0.00703036955737528,0.00161005074989929));
#10704=CARTESIAN_POINT('',(0.003632909929408,-0.00703036955737528,0.00162005069969658));
#10705=CARTESIAN_POINT('',(0.003632909929408,-0.00713280806749389,0.00162005069969658));
#10706=CARTESIAN_POINT('',(0.003632909929408,-0.00713280806749389,0.00161005074989929));
#10707=CARTESIAN_POINT('',(0.003632909929408,-0.00713280806749389,0.00161005074989929));
#10708=CARTESIAN_POINT('',(0.003632909929408,-0.00713280806749389,0.00162005069969658));
#10709=CARTESIAN_POINT('',(0.00343291093346259,-0.00713280806749389,0.00162005069969658));
#10710=CARTESIAN_POINT('',(0.00343291093346259,-0.00713280806749389,0.00161005074989929));
#10711=CARTESIAN_POINT('',(0.00343291093346259,-0.00713280806749389,0.00161005074989929));
#10712=CARTESIAN_POINT('',(0.00343291093346259,-0.00713280806749389,0.00162005069969658));
#10713=CARTESIAN_POINT('',(0.00343291093346259,-0.007337685087731,0.00162005069969658));
#10714=CARTESIAN_POINT('',(0.00343291093346259,-0.00702549153308392,0.00161005074989929));
#10715=CARTESIAN_POINT('',(0.00343291093346259,-0.00702549153308392,0.00161005074989929));
#10716=CARTESIAN_POINT('',(0.00343291093346259,-0.00702549153308392,0.00162005069969658));
#10717=CARTESIAN_POINT('',(0.00345486204277372,-0.00702549153308392,0.00162005069969658));
#10718=CARTESIAN_POINT('',(0.00345486204277372,-0.00702549153308392,0.00161005074989929));
#10719=CARTESIAN_POINT('',(0.00361095882009731,-0.00695963820515053,0.00162005069969658));
#10720=CARTESIAN_POINT('',(0.00361095882009731,-0.00695963820515053,0.00162005069969658));
#10721=CARTESIAN_POINT('',(0.00361095882009731,-0.00695963820515053,0.00162005069969658));
#10722=CARTESIAN_POINT('',(0.00361095882009731,-0.00695963820515053,0.00162005069969658));
#10723=CARTESIAN_POINT('',(0.00345486204277372,-0.00695963820515053,0.00162005069969659));
#10724=CARTESIAN_POINT('',(0.00345486204277372,-0.00695963820515053,0.00162005069969658));
#10725=CARTESIAN_POINT('',(0.00345486204277372,-0.0071059789338914,0.00162005069969658));
#10726=CARTESIAN_POINT('',(0.00345486204277372,-0.00695963820515053,0.00162005069969658));
#10727=CARTESIAN_POINT('',(0.00345510052332863,-0.00693122375750157,0.00162005044969658));
#10728=CARTESIAN_POINT('',(0.00345486204277372,-0.006931246579392,0.00162005044969658));
#10729=CARTESIAN_POINT('',(0.00345486204277372,-0.006931246579392,0.00161671721643082));
#10730=CARTESIAN_POINT('',(0.00345486204277372,-0.006931246579392,0.00161338398316505));
#10731=CARTESIAN_POINT('',(0.00345486204277372,-0.006931246579392,0.00161005074989929));
#10732=CARTESIAN_POINT('',(0.00352684089723962,-0.00692435841389499,0.00161505072479794));
#10733=CARTESIAN_POINT('',(0.00352684089723962,-0.00692435841389499,0.00162005069969658));
#10734=CARTESIAN_POINT('',(0.00353485401923911,-0.006852321670741,0.00162005069969658));
#10735=CARTESIAN_POINT('',(0.00353478188257872,-0.00685297016830243,0.00162005069969658));
#10736=CARTESIAN_POINT('',(0.00353478188257872,-0.00685297016830243,0.00161671738309748));
#10737=CARTESIAN_POINT('',(0.00353478188257872,-0.00685297016830243,0.00161338406649839));
#10738=CARTESIAN_POINT('',(0.00353478188257872,-0.00685297016830243,0.00161005074989929));
#10739=CARTESIAN_POINT('',(0.00353479574688853,-0.00685232042731333,0.00162005069969658));
#10740=CARTESIAN_POINT('',(0.00353479574688853,-0.00685232042731333,0.00161005074989929));
#10741=CARTESIAN_POINT('',(0.00353481517100539,-0.00685232084178922,0.00162005069969658));
#10742=CARTESIAN_POINT('',(0.00353481517100539,-0.00685232084178922,0.00161005074989929));
#10743=CARTESIAN_POINT('',(0.00353483459512225,-0.00685232125626511,0.00162005069969658));
#10744=CARTESIAN_POINT('',(0.00353483459512225,-0.00685232125626511,0.00161005074989929));
#10745=CARTESIAN_POINT('',(0.00353485401923911,-0.006852321670741,0.00162005069969658));
#10746=CARTESIAN_POINT('',(0.00353485401923911,-0.006852321670741,0.00161005074989929));
#10747=CARTESIAN_POINT('',(0.00353791824024584,-0.006852387055733,0.00162005069969658));
#10748=CARTESIAN_POINT('',(0.00353791824024584,-0.006852387055733,0.00161005074989929));
#10749=CARTESIAN_POINT('',(0.00354387290145158,-0.006852514117546,0.00162005069969658));
#10750=CARTESIAN_POINT('',(0.00354387290145158,-0.006852514117546,0.00161005074989929));
#10751=CARTESIAN_POINT('',(0.00355250824742793,-0.006853507692365,0.00162005069969658));
#10752=CARTESIAN_POINT('',(0.00355250824742793,-0.006853507692365,0.00161005074989929));
#10753=CARTESIAN_POINT('',(0.00356055656417729,-0.006855158281378,0.00162005069969658));
#10754=CARTESIAN_POINT('',(0.00356055656417729,-0.006855158281378,0.00161005074989929));
#10755=CARTESIAN_POINT('',(0.00356800644422261,-0.006857546403371,0.00162005069969658));
#10756=CARTESIAN_POINT('',(0.00356800644422261,-0.006857546403371,0.00161005074989929));
#10757=CARTESIAN_POINT('',(0.00357490902769227,-0.006860531895627,0.00162005069969658));
#10758=CARTESIAN_POINT('',(0.00357490902769227,-0.006860531895627,0.00161005074989929));
#10759=CARTESIAN_POINT('',(0.00358119866983894,-0.006864256648629,0.00162005069969658));
#10760=CARTESIAN_POINT('',(0.00358119866983894,-0.006864256648629,0.00161005074989929));
#10761=CARTESIAN_POINT('',(0.00358690433077161,-0.006868635490345,0.00162005069969658));
#10762=CARTESIAN_POINT('',(0.00358690433077161,-0.006868635490345,0.00161005074989929));
#10763=CARTESIAN_POINT('',(0.00359196602068964,-0.006873684652316,0.00162005069969658));
#10764=CARTESIAN_POINT('',(0.00359196602068964,-0.006873684652316,0.00161005074989929));
#10765=CARTESIAN_POINT('',(0.00359641620504608,-0.00687927730128,0.00162005069969658));
#10766=CARTESIAN_POINT('',(0.00359641620504608,-0.00687927730128,0.00161005074989929));
#10767=CARTESIAN_POINT('',(0.00360033252510017,-0.006885276704384,0.00162005069969658));
#10768=CARTESIAN_POINT('',(0.00360033252510017,-0.006885276704384,0.00161005074989929));
#10769=CARTESIAN_POINT('',(0.00360362084054812,-0.006891734698548,0.00162005069969658));
#10770=CARTESIAN_POINT('',(0.00360362084054812,-0.006891734698548,0.00161005074989929));
#10771=CARTESIAN_POINT('',(0.00360632301111551,-0.006898600753031,0.00162005069969658));
#10772=CARTESIAN_POINT('',(0.00360632301111551,-0.006898600753031,0.00161005074989929));
#10773=CARTESIAN_POINT('',(0.00360843151154228,-0.006905898090236,0.00162005069969658));
#10774=CARTESIAN_POINT('',(0.00360843151154228,-0.006905898090236,0.00161005074989929));
#10775=CARTESIAN_POINT('',(0.00360989502429818,-0.00691360432657,0.00162005069969658));
#10776=CARTESIAN_POINT('',(0.00360989502429818,-0.00691360432657,0.00161005074989929));
#10777=CARTESIAN_POINT('',(0.00361078587380487,-0.006921736353855,0.00162005069969658));
#10778=CARTESIAN_POINT('',(0.00361078587380487,-0.006921736353855,0.00161005074989929));
#10779=CARTESIAN_POINT('',(0.00361090022155936,-0.006927293561065,0.00162005069969658));
#10780=CARTESIAN_POINT('',(0.00361090022155936,-0.006927293561065,0.00161005074989929));
#10781=CARTESIAN_POINT('',(0.00361095882009731,-0.006930141402014,0.00162005069969658));
#10782=CARTESIAN_POINT('',(0.00361095882009731,-0.006930141402014,0.00161005074989929));
#10783=CARTESIAN_POINT('',(0.00353485401923911,-0.006852321670741,0.00162005069969658));
#10784=CARTESIAN_POINT('',(0.00353791824024584,-0.006852387055733,0.00162005069969658));
#10785=CARTESIAN_POINT('',(0.00354387290145158,-0.006852514117546,0.00162005069969658));
#10786=CARTESIAN_POINT('',(0.00355250824742793,-0.006853507692365,0.00162005069969658));
#10787=CARTESIAN_POINT('',(0.00356055656417729,-0.006855158281378,0.00162005069969658));
#10788=CARTESIAN_POINT('',(0.00356800644422261,-0.006857546403371,0.00162005069969658));
#10789=CARTESIAN_POINT('',(0.00357490902769227,-0.006860531895627,0.00162005069969658));
#10790=CARTESIAN_POINT('',(0.00358119866983894,-0.006864256648629,0.00162005069969658));
#10791=CARTESIAN_POINT('',(0.00358690433077161,-0.006868635490345,0.00162005069969658));
#10792=CARTESIAN_POINT('',(0.00359196602068964,-0.006873684652316,0.00162005069969658));
#10793=CARTESIAN_POINT('',(0.00359641620504608,-0.00687927730128,0.00162005069969658));
#10794=CARTESIAN_POINT('',(0.00360033252510017,-0.006885276704384,0.00162005069969658));
#10795=CARTESIAN_POINT('',(0.00360362084054812,-0.006891734698548,0.00162005069969658));
#10796=CARTESIAN_POINT('',(0.00360632301111551,-0.006898600753031,0.00162005069969658));
#10797=CARTESIAN_POINT('',(0.00360843151154228,-0.006905898090236,0.00162005069969658));
#10798=CARTESIAN_POINT('',(0.00360989502429818,-0.00691360432657,0.00162005069969658));
#10799=CARTESIAN_POINT('',(0.00361078587380487,-0.006921736353855,0.00162005069969658));
#10800=CARTESIAN_POINT('',(0.00361090022155936,-0.006927293561065,0.00162005069969658));
#10801=CARTESIAN_POINT('',(0.00361095882009731,-0.006930141402014,0.00162005069969658));
#10802=CARTESIAN_POINT('',(0.00361095882009731,-0.006930141402014,0.00162005069969658));
#10803=CARTESIAN_POINT('',(0.00361095882009731,-0.006930141402014,0.00162005069969658));
#10804=CARTESIAN_POINT('',(0.00361095882009731,-0.00703036955737528,0.00162005069969658));
#10805=CARTESIAN_POINT('',(0.00361095882009731,-0.006930141402014,0.00162005069969658));
#10806=CARTESIAN_POINT('',(0.003526060452121,-0.0070499491998982,0.00162005069969658));
#10807=CARTESIAN_POINT('',(0.00343291093346259,-0.006932084989817,0.00162005069969658));
#10808=CARTESIAN_POINT('',(0.00343328010784109,-0.00693205431660353,0.00162005069969658));
#10809=CARTESIAN_POINT('',(0.00343291093346259,-0.00698646733875302,0.00162005069969658));
#10810=CARTESIAN_POINT('',(0.00353177600151452,-0.00692387068916763,0.00162005069969658));
#10811=CARTESIAN_POINT('',(0.00353542566271075,-0.006825492537138,0.00162005069969658));
#10812=CARTESIAN_POINT('',(0.003632909929408,-0.006930027073319,0.00162005069969658));
#10813=CARTESIAN_POINT('',(0.003632828010882,-0.006926352729841,0.00162005069969658));
#10814=CARTESIAN_POINT('',(0.003632667391659,-0.006919148374233,0.00162005069969658));
#10815=CARTESIAN_POINT('',(0.003631447896618,-0.00690858344482,0.00162005069969658));
#10816=CARTESIAN_POINT('',(0.003629330122878,-0.006898504883446,0.00162005069969658));
#10817=CARTESIAN_POINT('',(0.003626446234061,-0.006888881694545,0.00162005069969658));
#10818=CARTESIAN_POINT('',(0.00362274567234789,-0.006879720142793,0.00162005069969658));
#10819=CARTESIAN_POINT('',(0.00361817888516903,-0.006871056879543,0.00162005069969658));
#10820=CARTESIAN_POINT('',(0.00361277494686998,-0.006862866711717,0.00162005069969658));
#10821=CARTESIAN_POINT('',(0.00360660268945314,-0.006855206530864,0.00162005069969658));
#10822=CARTESIAN_POINT('',(0.00359973271953533,-0.00684822957441,0.00162005069969658));
#10823=CARTESIAN_POINT('',(0.00359221871706452,-0.006842130542736,0.00162005069969658));
#10824=CARTESIAN_POINT('',(0.00358413659492154,-0.006836945603236,0.00162005069969658));
#10825=CARTESIAN_POINT('',(0.00357547215618237,-0.006832740361679,0.00162005069969658));
#10826=CARTESIAN_POINT('',(0.00356625053479744,-0.006829487715478,0.00162005069969658));
#10827=CARTESIAN_POINT('',(0.00355647764891102,-0.006827182113524,0.00162005069969658));
#10828=CARTESIAN_POINT('',(0.00354613998457492,-0.006825728512474,0.00162005069969658));
#10829=CARTESIAN_POINT('',(0.00353905102953044,-0.006825572383269,0.00162005069969658));
#10830=CARTESIAN_POINT('',(0.00353542566271075,-0.006825492537138,0.00162005069969658));
#10831=CARTESIAN_POINT('',(0.003632909929408,-0.006930027073319,0.00162005069969658));
#10832=CARTESIAN_POINT('',(0.003632909929408,-0.00698646733875302,0.00162005069969658));
#10833=CARTESIAN_POINT('',(0.003632909929408,-0.00698646733875302,0.00162005069969658));
#10834=CARTESIAN_POINT('',(0.00343291093346259,-0.00698646733875302,0.00162005069969658));
#10835=CARTESIAN_POINT('',(0.00353177600151452,-0.00692387068916763,0.00161505072479794));
#10836=CARTESIAN_POINT('',(0.00353177600151452,-0.00692387068916763,0.00161005074989929));
#10837=CARTESIAN_POINT('',(0.00353542566271075,-0.006825492537138,0.00161005074989929));
#10838=CARTESIAN_POINT('',(0.00343328010784109,-0.00693205431660353,0.00161005074989929));
#10839=CARTESIAN_POINT('',(0.00353542636739042,-0.00682547354220132,0.00161005074989929));
#10840=CARTESIAN_POINT('',(0.00353542636739042,-0.00682547354220131,0.00161338406649839));
#10841=CARTESIAN_POINT('',(0.00353542636739042,-0.00682547354220131,0.00161671738309748));
#10842=CARTESIAN_POINT('',(0.00353542636739042,-0.00682547354220132,0.00162005069969658));
#10843=CARTESIAN_POINT('',(0.00343291093346259,-0.006932084989817,0.00161005074989929));
#10844=CARTESIAN_POINT('',(0.00343291093346259,-0.006932084989817,0.00161338406649839));
#10845=CARTESIAN_POINT('',(0.00343291093346259,-0.006932084989817,0.00161671738309748));
#10846=CARTESIAN_POINT('',(0.00343291093346259,-0.006932084989817,0.00162005069969658));
#10847=CARTESIAN_POINT('',(0.00353542566271075,-0.006825492537138,0.00161005074989929));
#10848=CARTESIAN_POINT('',(0.00353542566271075,-0.006825492537138,0.00162005069969658));
#10849=CARTESIAN_POINT('',(0.00353905102953044,-0.006825572383269,0.00161005074989929));
#10850=CARTESIAN_POINT('',(0.00353905102953044,-0.006825572383269,0.00162005069969658));
#10851=CARTESIAN_POINT('',(0.00354613998457492,-0.006825728512474,0.00161005074989929));
#10852=CARTESIAN_POINT('',(0.00354613998457492,-0.006825728512474,0.00162005069969658));
#10853=CARTESIAN_POINT('',(0.00355647764891102,-0.006827182113524,0.00161005074989929));
#10854=CARTESIAN_POINT('',(0.00355647764891102,-0.006827182113524,0.00162005069969658));
#10855=CARTESIAN_POINT('',(0.00356625053479744,-0.006829487715478,0.00161005074989929));
#10856=CARTESIAN_POINT('',(0.00356625053479744,-0.006829487715478,0.00162005069969658));
#10857=CARTESIAN_POINT('',(0.00357547215618237,-0.006832740361679,0.00161005074989929));
#10858=CARTESIAN_POINT('',(0.00357547215618237,-0.006832740361679,0.00162005069969658));
#10859=CARTESIAN_POINT('',(0.00358413659492154,-0.006836945603236,0.00161005074989929));
#10860=CARTESIAN_POINT('',(0.00358413659492154,-0.006836945603236,0.00162005069969658));
#10861=CARTESIAN_POINT('',(0.00359221871706452,-0.006842130542736,0.00161005074989929));
#10862=CARTESIAN_POINT('',(0.00359221871706452,-0.006842130542736,0.00162005069969658));
#10863=CARTESIAN_POINT('',(0.00359973271953533,-0.00684822957441,0.00161005074989929));
#10864=CARTESIAN_POINT('',(0.00359973271953533,-0.00684822957441,0.00162005069969658));
#10865=CARTESIAN_POINT('',(0.00360660268945314,-0.006855206530864,0.00161005074989929));
#10866=CARTESIAN_POINT('',(0.00360660268945314,-0.006855206530864,0.00162005069969658));
#10867=CARTESIAN_POINT('',(0.00361277494686998,-0.006862866711717,0.00161005074989929));
#10868=CARTESIAN_POINT('',(0.00361277494686998,-0.006862866711717,0.00162005069969658));
#10869=CARTESIAN_POINT('',(0.00361817888516903,-0.006871056879543,0.00161005074989929));
#10870=CARTESIAN_POINT('',(0.00361817888516903,-0.006871056879543,0.00162005069969658));
#10871=CARTESIAN_POINT('',(0.00362274567234789,-0.006879720142793,0.00161005074989929));
#10872=CARTESIAN_POINT('',(0.00362274567234789,-0.006879720142793,0.00162005069969658));
#10873=CARTESIAN_POINT('',(0.003626446234061,-0.006888881694545,0.00161005074989929));
#10874=CARTESIAN_POINT('',(0.003626446234061,-0.006888881694545,0.00162005069969658));
#10875=CARTESIAN_POINT('',(0.003629330122878,-0.006898504883446,0.00161005074989929));
#10876=CARTESIAN_POINT('',(0.003629330122878,-0.006898504883446,0.00162005069969658));
#10877=CARTESIAN_POINT('',(0.003631447896618,-0.00690858344482,0.00161005074989929));
#10878=CARTESIAN_POINT('',(0.003631447896618,-0.00690858344482,0.00162005069969658));
#10879=CARTESIAN_POINT('',(0.003632667391659,-0.006919148374233,0.00161005074989929));
#10880=CARTESIAN_POINT('',(0.003632667391659,-0.006919148374233,0.00162005069969658));
#10881=CARTESIAN_POINT('',(0.003632828010882,-0.006926352729841,0.00161005074989929));
#10882=CARTESIAN_POINT('',(0.003632828010882,-0.006926352729841,0.00162005069969658));
#10883=CARTESIAN_POINT('',(0.003632909929408,-0.006930027073319,0.00161005074989929));
#10884=CARTESIAN_POINT('',(0.003632909929408,-0.006930027073319,0.00162005069969658));
#10885=CARTESIAN_POINT('',(0.003632909929408,-0.006930027073319,0.00161005074989929));
#10886=CARTESIAN_POINT('',(0.003632828010882,-0.006926352729841,0.00161005074989929));
#10887=CARTESIAN_POINT('',(0.003632667391659,-0.006919148374233,0.00161005074989929));
#10888=CARTESIAN_POINT('',(0.003631447896618,-0.00690858344482,0.00161005074989929));
#10889=CARTESIAN_POINT('',(0.003629330122878,-0.006898504883446,0.00161005074989929));
#10890=CARTESIAN_POINT('',(0.003626446234061,-0.006888881694545,0.00161005074989929));
#10891=CARTESIAN_POINT('',(0.00362274567234789,-0.006879720142793,0.00161005074989929));
#10892=CARTESIAN_POINT('',(0.00361817888516903,-0.006871056879543,0.00161005074989929));
#10893=CARTESIAN_POINT('',(0.00361277494686998,-0.006862866711717,0.00161005074989929));
#10894=CARTESIAN_POINT('',(0.00360660268945314,-0.006855206530864,0.00161005074989929));
#10895=CARTESIAN_POINT('',(0.00359973271953533,-0.00684822957441,0.00161005074989929));
#10896=CARTESIAN_POINT('',(0.00359221871706452,-0.006842130542736,0.00161005074989929));
#10897=CARTESIAN_POINT('',(0.00358413659492154,-0.006836945603236,0.00161005074989929));
#10898=CARTESIAN_POINT('',(0.00357547215618237,-0.006832740361679,0.00161005074989929));
#10899=CARTESIAN_POINT('',(0.00356625053479744,-0.006829487715478,0.00161005074989929));
#10900=CARTESIAN_POINT('',(0.00355647764891102,-0.006827182113524,0.00161005074989929));
#10901=CARTESIAN_POINT('',(0.00354613998457492,-0.006825728512474,0.00161005074989929));
#10902=CARTESIAN_POINT('',(0.00353905102953044,-0.006825572383269,0.00161005074989929));
#10903=CARTESIAN_POINT('',(0.00353542566271075,-0.006825492537138,0.00161005074989929));
#10904=CARTESIAN_POINT('',(0.003632909929408,-0.006930027073319,0.00161005074989929));
#10905=CARTESIAN_POINT('',(0.003632909929408,-0.006930027073319,0.00162005069969658));
#10906=CARTESIAN_POINT('',(0.003632909929408,-0.00713280806749389,0.00162005069969658));
#10907=CARTESIAN_POINT('',(0.003632909929408,-0.00698646733875302,0.00161005074989929));
#10908=CARTESIAN_POINT('',(0.003632909929408,-0.00698646733875302,0.00161005074989929));
#10909=CARTESIAN_POINT('',(0.003632909929408,-0.00698646733875302,0.00162005069969658));
#10910=CARTESIAN_POINT('',(0.00343291093346259,-0.00698646733875302,0.00162005069969658));
#10911=CARTESIAN_POINT('',(0.00343291093346259,-0.00698646733875302,0.00161005074989929));
#10912=CARTESIAN_POINT('',(0.00343291093346259,-0.00698646733875302,0.00161005074989929));
#10913=CARTESIAN_POINT('',(0.00343291093346259,-0.00698646733875302,0.00162005069969658));
#10914=CARTESIAN_POINT('',(0.00343291093346259,-0.007337685087731,0.00162005069969658));
#10915=CARTESIAN_POINT('',(0.00343291093346259,-0.006932084989817,0.00161005074989929));
#10916=CARTESIAN_POINT('',(0.00351095932212439,-0.006688869747415,0.00162005069969658));
#10917=CARTESIAN_POINT('',(0.00351095932212439,-0.006688869747415,0.00162005069969658));
#10918=CARTESIAN_POINT('',(0.00351095932212439,-0.006688869747415,0.00162005069969658));
#10919=CARTESIAN_POINT('',(0.00351095932212439,-0.006688869747415,0.00162005069969658));
#10920=CARTESIAN_POINT('',(0.00359449445922277,-0.00671897950374882,0.00162005069969658));
#10921=CARTESIAN_POINT('',(0.00359449548811396,-0.006718976303588,0.00162005069969658));
#10922=CARTESIAN_POINT('',(0.00361307993684913,-0.00666117308247783,0.00161805070973712));
#10923=CARTESIAN_POINT('',(0.00361307993684913,-0.00666117308247783,0.00162005069969658));
#10924=CARTESIAN_POINT('',(0.00360851980795163,-0.00672172566936795,0.00162005069969658));
#10925=CARTESIAN_POINT('',(0.00360851980795163,-0.00672172566936831,0.00162005069969658));
#10926=CARTESIAN_POINT('',(0.00360851980795163,-0.006722063178335,0.00162005069969658));
#10927=CARTESIAN_POINT('',(0.00360851980795163,-0.006722063178335,0.00162005069969658));
#10928=CARTESIAN_POINT('',(0.00360851980795163,-0.00672247726515728,0.00162005069969658));
#10929=CARTESIAN_POINT('',(0.00360851980795163,-0.00672247726515728,0.00162005069969658));
#10930=CARTESIAN_POINT('',(0.00360143189648951,-0.00672398747475871,0.00161505072479794));
#10931=CARTESIAN_POINT('',(0.00360143189648951,-0.00672398747475871,0.00162005069969658));
#10932=CARTESIAN_POINT('',(0.0035944499515989,-0.00672569852650286,0.00162005069969658));
#10933=CARTESIAN_POINT('',(0.00359440441508384,-0.00672548480862772,0.00162005069969658));
#10934=CARTESIAN_POINT('',(0.00359440441508384,-0.00672548480862772,0.00161671738309748));
#10935=CARTESIAN_POINT('',(0.00359440441508384,-0.00672548480862772,0.00161338406649839));
#10936=CARTESIAN_POINT('',(0.00359440441508384,-0.00672548480862772,0.00161005074989929));
#10937=CARTESIAN_POINT('',(0.00359449548811396,-0.006725912244378,0.00162005069969658));
#10938=CARTESIAN_POINT('',(0.00359449548811396,-0.006725912244378,0.00162005069969658));
#10939=CARTESIAN_POINT('',(0.00351095932212439,-0.006755752033598,0.00162005069969658));
#10940=CARTESIAN_POINT('',(0.00351095932212439,-0.006755752033598,0.00162005069969658));
#10941=CARTESIAN_POINT('',(0.00351095932212439,-0.006755752033598,0.00162005069969658));
#10942=CARTESIAN_POINT('',(0.00351095932212439,-0.006755752033598,0.00162005069969658));
#10943=CARTESIAN_POINT('',(0.003526060452121,-0.0070499491998982,0.00162005069969658));
#10944=CARTESIAN_POINT('',(0.003632909929408,-0.006708419954145,0.00162005069969658));
#10945=CARTESIAN_POINT('',(0.003632909929408,-0.006708419954145,0.00162005069969658));
#10946=CARTESIAN_POINT('',(0.00343291093346259,-0.00663037156548354,0.00162005069969658));
#10947=CARTESIAN_POINT('',(0.003632909929408,-0.006735249087748,0.00162005069969658));
#10948=CARTESIAN_POINT('',(0.003632909929408,-0.00673524908774804,0.00162005069969658));
#10949=CARTESIAN_POINT('',(0.00343291093346259,-0.006810858464264,0.00162005069969658));
#10950=CARTESIAN_POINT('',(0.00343291093346259,-0.006810858464264,0.00162005069969658));
#10951=CARTESIAN_POINT('',(0.00343291093346259,-0.006781590318516,0.00162005069969658));
#10952=CARTESIAN_POINT('',(0.00343291093346259,-0.00678159031851594,0.00162005069969658));
#10953=CARTESIAN_POINT('',(0.00348900821281326,-0.006762497426563,0.00162005069969658));
#10954=CARTESIAN_POINT('',(0.00348900821281326,-0.006762497426563,0.00162005069969658));
#10955=CARTESIAN_POINT('',(0.00348900821281326,-0.006679875890128,0.00162005069969658));
#10956=CARTESIAN_POINT('',(0.00348900821281326,-0.006679871230747,0.00162005069969658));
#10957=CARTESIAN_POINT('',(0.00343290795983882,-0.00665964795829585,0.00162005069969658));
#10958=CARTESIAN_POINT('',(0.00343291093346259,-0.0066596443706131,0.00162005069969658));
#10959=CARTESIAN_POINT('',(0.00343291093346259,-0.006630371565484,0.00162005069969658));
#10960=CARTESIAN_POINT('',(0.003632909929408,-0.00713280806749389,0.00162005069969658));
#10961=CARTESIAN_POINT('',(0.003632909929408,-0.006735249087748,0.00161005074989929));
#10962=CARTESIAN_POINT('',(0.003632909929408,-0.00673524908774804,0.00161005074989929));
#10963=CARTESIAN_POINT('',(0.003632909929408,-0.006708419954145,0.00161005074989929));
#10964=CARTESIAN_POINT('',(0.003632909929408,-0.006735249087748,0.00162005069969658));
#10965=CARTESIAN_POINT('',(0.003632909929408,-0.006708419954145,0.00162005069969658));
#10966=CARTESIAN_POINT('',(0.00343291093346259,-0.006810858464264,0.00162005069969658));
#10967=CARTESIAN_POINT('',(0.00343291093346259,-0.006810858464264,0.00161005074989929));
#10968=CARTESIAN_POINT('',(0.00343291093346259,-0.006810858464264,0.00161005074989929));
#10969=CARTESIAN_POINT('',(0.00343291093346259,-0.006810858464264,0.00162005069969658));
#10970=CARTESIAN_POINT('',(0.00343291093346259,-0.007337685087731,0.00162005069969658));
#10971=CARTESIAN_POINT('',(0.00343291093346259,-0.006781590318516,0.00161005074989929));
#10972=CARTESIAN_POINT('',(0.00343291093346259,-0.00678159031851594,0.00161005074989929));
#10973=CARTESIAN_POINT('',(0.00343291093346259,-0.006781590318516,0.00162005069969658));
#10974=CARTESIAN_POINT('',(0.00348900821281326,-0.006762497426563,0.00162005069969658));
#10975=CARTESIAN_POINT('',(0.00348900821281326,-0.006762497426563,0.00161005074989929));
#10976=CARTESIAN_POINT('',(0.00348900821281326,-0.006762497426563,0.00161005074989929));
#10977=CARTESIAN_POINT('',(0.00348900821281326,-0.006762497426563,0.00162005069969658));
#10978=CARTESIAN_POINT('',(0.00348900821281326,-0.006679875890128,0.00162005069969658));
#10979=CARTESIAN_POINT('',(0.00348900821281326,-0.006679875890128,0.00161005074989929));
#10980=CARTESIAN_POINT('',(0.00348900786304428,-0.00667987159621316,0.00161005074989929));
#10981=CARTESIAN_POINT('',(0.00348900821281326,-0.006679866571366,0.00162005069969658));
#10982=CARTESIAN_POINT('',(0.00343290795983882,-0.00665964795829585,0.00162005069969658));
#10983=CARTESIAN_POINT('',(0.0036398465047867,-0.00673422891199505,0.00161005074989929));
#10984=CARTESIAN_POINT('',(0.00343291093346259,-0.0066596443706131,0.00161005074989929));
#10985=CARTESIAN_POINT('',(0.00343291093346259,-0.0066596490299942,0.00162005069969658));
#10986=CARTESIAN_POINT('',(0.00343291093346259,-0.007337685087731,0.00162005069969658));
#10987=CARTESIAN_POINT('',(0.00343291093346259,-0.006630371565484,0.00161005074989929));
#10988=CARTESIAN_POINT('',(0.00343291093346259,-0.00663037156548354,0.00161005074989929));
#10989=CARTESIAN_POINT('',(0.00343291093346259,-0.006630371565484,0.00162005069969658));
#10990=CARTESIAN_POINT('',(0.003632909929408,-0.006708419954145,0.00162005069969658));
#10991=CARTESIAN_POINT('',(0.003632909929408,-0.006708419954145,0.00161005074989929));
#10992=CARTESIAN_POINT('',(0.003526060452121,-0.008549941669492,0.001600050800102));
#10993=CARTESIAN_POINT('',(0.004536055381648,-0.007699945936722,0.001600050800102));
#10994=CARTESIAN_POINT('',(0.004536055381648,-0.007699945936722,0.001600050800102));
#10995=CARTESIAN_POINT('',(0.004536055381648,-0.007899944932668,0.001600050800102));
#10996=CARTESIAN_POINT('',(0.004536055381648,-0.007899944932668,0.001600050800102));
#10997=CARTESIAN_POINT('',(0.003981058167898,-0.007899944932668,0.001600050800102));
#10998=CARTESIAN_POINT('',(0.003981058167898,-0.007699945936722,0.001600050800102));
#10999=CARTESIAN_POINT('',(0.003981058167898,-0.007699945936722,0.001600050800102));
#11000=CARTESIAN_POINT('',(0.004536055381648,-0.007699945936722,0.001600050800102));
#11001=CARTESIAN_POINT('',(0.002516065522594,-0.007899944932668,0.001800049796048));
#11002=CARTESIAN_POINT('',(0.00452605543185,-0.007899944932668,0.002410046733683));
#11003=CARTESIAN_POINT('',(0.00452605543185,-0.007899944932668,0.00161005074989929));
#11004=CARTESIAN_POINT('',(0.00452605543185,-0.007899944932668,0.001800049796048));
#11005=CARTESIAN_POINT('',(0.003526060452121,-0.007899944932668,0.00161005074989929));
#11006=CARTESIAN_POINT('',(0.003981058167898,-0.007899944932668,0.00161005074989929));
#11007=CARTESIAN_POINT('',(0.003981058167898,-0.007899944932668,0.001800049796048));
#11008=CARTESIAN_POINT('',(0.004536055381648,-0.007899944932668,0.001800049796048));
#11009=CARTESIAN_POINT('',(0.004536055381648,-0.007899944932668,0.001800049796048));
#11010=CARTESIAN_POINT('',(0.004536055381648,-0.007899944932668,0.001800049796048));
#11011=CARTESIAN_POINT('',(0.003981058167898,-0.007699945936722,0.001800049796048));
#11012=CARTESIAN_POINT('',(0.003981058167898,-0.0070499491998982,0.00161005074989929));
#11013=CARTESIAN_POINT('',(0.003981058167898,-0.007699945936722,0.00161005074989929));
#11014=CARTESIAN_POINT('',(0.003981058167898,-0.007699945936722,0.001800049796048));
#11015=CARTESIAN_POINT('',(0.002516065522594,-0.007699945936722,0.001800049796048));
#11016=CARTESIAN_POINT('',(0.003526060452121,-0.007699945936722,0.00161005074989929));
#11017=CARTESIAN_POINT('',(0.00452605543185,-0.007699945936722,0.00161005074989929));
#11018=CARTESIAN_POINT('',(0.00452605543185,-0.007699945936722,0.002410046733683));
#11019=CARTESIAN_POINT('',(0.00452605543185,-0.007699945936722,0.001800049796048));
#11020=CARTESIAN_POINT('',(0.004536055381648,-0.007699945936722,0.001800049796048));
#11021=CARTESIAN_POINT('',(0.004536055381648,-0.007699945936722,0.001800049796048));
#11022=CARTESIAN_POINT('',(0.004536055381648,-0.007699945936722,0.001800049796048));
#11023=CARTESIAN_POINT('',(0.004536055381648,-0.007699945936722,0.001800049796048));
#11024=CARTESIAN_POINT('',(0.004536055381648,-0.007699945936722,0.001800049796048));
#11025=CARTESIAN_POINT('',(0.003526060452121,-0.008549941669492,0.001800049796048));
#11026=CARTESIAN_POINT('',(0.00452605543185,-0.008049944179627,0.001800049796048));
#11027=CARTESIAN_POINT('',(0.003526060452121,-0.008549941669492,0.001600050800102));
#11028=CARTESIAN_POINT('',(0.004536055381648,-0.007199948446858,0.001600050800102));
#11029=CARTESIAN_POINT('',(0.004536055381648,-0.007199948446858,0.001600050800102));
#11030=CARTESIAN_POINT('',(0.004536055381648,-0.007399947442803,0.001600050800102));
#11031=CARTESIAN_POINT('',(0.004536055381648,-0.007399947442803,0.001600050800102));
#11032=CARTESIAN_POINT('',(0.003981058167898,-0.007399947442803,0.001600050800102));
#11033=CARTESIAN_POINT('',(0.003981058167898,-0.007199948446858,0.001600050800102));
#11034=CARTESIAN_POINT('',(0.003981058167898,-0.007199948446858,0.001600050800102));
#11035=CARTESIAN_POINT('',(0.004536055381648,-0.007199948446858,0.001600050800102));
#11036=CARTESIAN_POINT('',(0.002516065522594,-0.007399947442803,0.001800049796048));
#11037=CARTESIAN_POINT('',(0.00452605543185,-0.007399947442803,0.002410046733683));
#11038=CARTESIAN_POINT('',(0.00452605543185,-0.007399947442803,0.00161005074989929));
#11039=CARTESIAN_POINT('',(0.00452605543185,-0.007399947442803,0.001800049796048));
#11040=CARTESIAN_POINT('',(0.003526060452121,-0.007399947442803,0.00161005074989929));
#11041=CARTESIAN_POINT('',(0.003981058167898,-0.007399947442803,0.00161005074989929));
#11042=CARTESIAN_POINT('',(0.003981058167898,-0.007399947442803,0.001800049796048));
#11043=CARTESIAN_POINT('',(0.004536055381648,-0.007399947442803,0.001800049796048));
#11044=CARTESIAN_POINT('',(0.004536055381648,-0.007399947442803,0.001800049796048));
#11045=CARTESIAN_POINT('',(0.004536055381648,-0.007399947442803,0.001800049796048));
#11046=CARTESIAN_POINT('',(0.003981058167898,-0.007699945936722,0.001800049796048));
#11047=CARTESIAN_POINT('',(0.003981058167898,-0.0070499491998982,0.00161005074989929));
#11048=CARTESIAN_POINT('',(0.003981058167898,-0.007199948446858,0.00161005074989929));
#11049=CARTESIAN_POINT('',(0.003981058167898,-0.007199948446858,0.001800049796048));
#11050=CARTESIAN_POINT('',(0.002516065522594,-0.007199948446858,0.001800049796048));
#11051=CARTESIAN_POINT('',(0.003526060452121,-0.007199948446858,0.00161005074989929));
#11052=CARTESIAN_POINT('',(0.00452605543185,-0.007199948446858,0.00161005074989929));
#11053=CARTESIAN_POINT('',(0.00452605543185,-0.007199948446858,0.002410046733683));
#11054=CARTESIAN_POINT('',(0.00452605543185,-0.007199948446858,0.001800049796048));
#11055=CARTESIAN_POINT('',(0.004536055381648,-0.007199948446858,0.001800049796048));
#11056=CARTESIAN_POINT('',(0.004536055381648,-0.007199948446858,0.001800049796048));
#11057=CARTESIAN_POINT('',(0.004536055381648,-0.007199948446858,0.001800049796048));
#11058=CARTESIAN_POINT('',(0.004536055381648,-0.007699945936722,0.001800049796048));
#11059=CARTESIAN_POINT('',(0.004536055381648,-0.007199948446858,0.001800049796048));
#11060=CARTESIAN_POINT('',(0.003526060452121,-0.008549941669492,0.001800049796048));
#11061=CARTESIAN_POINT('',(0.00452605543185,-0.008049944179627,0.001800049796048));
#11062=CARTESIAN_POINT('',(0.003526060452121,-0.008549941669492,0.001600050800102));
#11063=CARTESIAN_POINT('',(0.004536055381648,-0.006699950956993,0.001600050800102));
#11064=CARTESIAN_POINT('',(0.004536055381648,-0.006699950956993,0.001600050800102));
#11065=CARTESIAN_POINT('',(0.004536055381648,-0.006899949952939,0.001600050800102));
#11066=CARTESIAN_POINT('',(0.004536055381648,-0.006899949952939,0.001600050800102));
#11067=CARTESIAN_POINT('',(0.003981058167898,-0.006899949952939,0.001600050800102));
#11068=CARTESIAN_POINT('',(0.003981058167898,-0.006699950956993,0.001600050800102));
#11069=CARTESIAN_POINT('',(0.003981058167898,-0.006699950956993,0.001600050800102));
#11070=CARTESIAN_POINT('',(0.004536055381648,-0.006699950956993,0.001600050800102));
#11071=CARTESIAN_POINT('',(0.002516065522594,-0.006899949952939,0.001800049796048));
#11072=CARTESIAN_POINT('',(0.00452605543185,-0.006899949952939,0.002410046733683));
#11073=CARTESIAN_POINT('',(0.00452605543185,-0.006899949952939,0.00161005074989929));
#11074=CARTESIAN_POINT('',(0.00452605543185,-0.006899949952939,0.001800049796048));
#11075=CARTESIAN_POINT('',(0.003526060452121,-0.006899949952939,0.00161005074989929));
#11076=CARTESIAN_POINT('',(0.003981058167898,-0.006899949952939,0.00161005074989929));
#11077=CARTESIAN_POINT('',(0.003981058167898,-0.006899949952939,0.001800049796048));
#11078=CARTESIAN_POINT('',(0.004536055381648,-0.006899949952939,0.001800049796048));
#11079=CARTESIAN_POINT('',(0.004536055381648,-0.006899949952939,0.001800049796048));
#11080=CARTESIAN_POINT('',(0.004536055381648,-0.006899949952939,0.001800049796048));
#11081=CARTESIAN_POINT('',(0.003981058167898,-0.007699945936722,0.001800049796048));
#11082=CARTESIAN_POINT('',(0.003981058167898,-0.0070499491998982,0.00161005074989929));
#11083=CARTESIAN_POINT('',(0.003981058167898,-0.006699950956993,0.00161005074989929));
#11084=CARTESIAN_POINT('',(0.003981058167898,-0.006699950956993,0.001800049796048));
#11085=CARTESIAN_POINT('',(0.002516065522594,-0.006699950956993,0.001800049796048));
#11086=CARTESIAN_POINT('',(0.003526060452121,-0.006699950956993,0.00161005074989929));
#11087=CARTESIAN_POINT('',(0.00452605543185,-0.006699950956993,0.00161005074989929));
#11088=CARTESIAN_POINT('',(0.00452605543185,-0.006699950956993,0.002410046733683));
#11089=CARTESIAN_POINT('',(0.00452605543185,-0.006699950956993,0.001800049796048));
#11090=CARTESIAN_POINT('',(0.004536055381648,-0.006699950956993,0.001800049796048));
#11091=CARTESIAN_POINT('',(0.004536055381648,-0.006699950956993,0.001800049796048));
#11092=CARTESIAN_POINT('',(0.004536055381648,-0.006699950956993,0.001800049796048));
#11093=CARTESIAN_POINT('',(0.004536055381648,-0.007699945936722,0.001800049796048));
#11094=CARTESIAN_POINT('',(0.004536055381648,-0.006699950956993,0.001800049796048));
#11095=CARTESIAN_POINT('',(0.003526060452121,-0.008549941669492,0.001800049796048));
#11096=CARTESIAN_POINT('',(0.00452605543185,-0.008049944179627,0.001800049796048));
#11097=CARTESIAN_POINT('',(0.003526060452121,-0.008549941669492,0.001600050800102));
#11098=CARTESIAN_POINT('',(0.004536055381648,-0.006199953467128,0.001600050800102));
#11099=CARTESIAN_POINT('',(0.004536055381648,-0.006199953467128,0.001600050800102));
#11100=CARTESIAN_POINT('',(0.004536055381648,-0.006399952463074,0.001600050800102));
#11101=CARTESIAN_POINT('',(0.004536055381648,-0.006399952463074,0.001600050800102));
#11102=CARTESIAN_POINT('',(0.003981058167898,-0.006399952463074,0.001600050800102));
#11103=CARTESIAN_POINT('',(0.003981058167898,-0.006199953467128,0.001600050800102));
#11104=CARTESIAN_POINT('',(0.003981058167898,-0.006199953467128,0.001600050800102));
#11105=CARTESIAN_POINT('',(0.004536055381648,-0.006199953467128,0.001600050800102));
#11106=CARTESIAN_POINT('',(0.002516065522594,-0.006399952463074,0.001800049796048));
#11107=CARTESIAN_POINT('',(0.00452605543185,-0.006399952463074,0.002410046733683));
#11108=CARTESIAN_POINT('',(0.00452605543185,-0.006399952463074,0.00161005074989929));
#11109=CARTESIAN_POINT('',(0.00452605543185,-0.006399952463074,0.001800049796048));
#11110=CARTESIAN_POINT('',(0.003526060452121,-0.006399952463074,0.00161005074989929));
#11111=CARTESIAN_POINT('',(0.003981058167898,-0.006399952463074,0.00161005074989929));
#11112=CARTESIAN_POINT('',(0.003981058167898,-0.006399952463074,0.001800049796048));
#11113=CARTESIAN_POINT('',(0.004536055381648,-0.006399952463074,0.001800049796048));
#11114=CARTESIAN_POINT('',(0.004536055381648,-0.006399952463074,0.001800049796048));
#11115=CARTESIAN_POINT('',(0.004536055381648,-0.006399952463074,0.001800049796048));
#11116=CARTESIAN_POINT('',(0.003981058167898,-0.007699945936722,0.001800049796048));
#11117=CARTESIAN_POINT('',(0.003981058167898,-0.0070499491998982,0.00161005074989929));
#11118=CARTESIAN_POINT('',(0.003981058167898,-0.006199953467128,0.00161005074989929));
#11119=CARTESIAN_POINT('',(0.003981058167898,-0.006199953467128,0.001800049796048));
#11120=CARTESIAN_POINT('',(0.002516065522594,-0.006199953467128,0.001800049796048));
#11121=CARTESIAN_POINT('',(0.003526060452121,-0.006199953467128,0.00161005074989929));
#11122=CARTESIAN_POINT('',(0.00452605543185,-0.006199953467128,0.00161005074989929));
#11123=CARTESIAN_POINT('',(0.00452605543185,-0.006199953467128,0.002410046733683));
#11124=CARTESIAN_POINT('',(0.00452605543185,-0.006199953467128,0.001800049796048));
#11125=CARTESIAN_POINT('',(0.004536055381648,-0.006199953467128,0.001800049796048));
#11126=CARTESIAN_POINT('',(0.004536055381648,-0.006199953467128,0.001800049796048));
#11127=CARTESIAN_POINT('',(0.004536055381648,-0.006199953467128,0.001800049796048));
#11128=CARTESIAN_POINT('',(0.004536055381648,-0.007699945936722,0.001800049796048));
#11129=CARTESIAN_POINT('',(0.004536055381648,-0.006199953467128,0.001800049796048));
#11130=CARTESIAN_POINT('',(0.003526060452121,-0.008549941669492,0.001800049796048));
#11131=CARTESIAN_POINT('',(0.00452605543185,-0.008049944179627,0.001800049796048));
#11132=CARTESIAN_POINT('',(0.003526060452121,-0.008549941669492,0.001600050800102));
#11133=CARTESIAN_POINT('',(0.002516065522594,-0.007699945936722,0.001600050800102));
#11134=CARTESIAN_POINT('',(0.002516065522594,-0.007699945936722,0.001600050800102));
#11135=CARTESIAN_POINT('',(0.002516065522594,-0.007899944932668,0.001600050800102));
#11136=CARTESIAN_POINT('',(0.002516065522594,-0.007699945936722,0.001600050800102));
#11137=CARTESIAN_POINT('',(0.003071062736344,-0.007699945936722,0.001600050800102));
#11138=CARTESIAN_POINT('',(0.003071062736344,-0.007699945936722,0.001600050800102));
#11139=CARTESIAN_POINT('',(0.003071062736344,-0.007899944932668,0.001600050800102));
#11140=CARTESIAN_POINT('',(0.002516065522594,-0.007899944932668,0.001600050800102));
#11141=CARTESIAN_POINT('',(0.003071062736344,-0.007699945936722,0.001800049796048));
#11142=CARTESIAN_POINT('',(0.003071062736344,-0.0070499491998982,0.00161005074989929));
#11143=CARTESIAN_POINT('',(0.003071062736344,-0.007899944932668,0.00161005074989929));
#11144=CARTESIAN_POINT('',(0.003071062736344,-0.007699945936722,0.00161005074989929));
#11145=CARTESIAN_POINT('',(0.003071062736344,-0.007899944932668,0.001800049796048));
#11146=CARTESIAN_POINT('',(0.003071062736344,-0.007699945936722,0.001800049796048));
#11147=CARTESIAN_POINT('',(0.002516065522594,-0.007699945936722,0.001800049796048));
#11148=CARTESIAN_POINT('',(0.002516065522594,-0.007899944932668,0.001800049796048));
#11149=CARTESIAN_POINT('',(0.002516065522594,-0.007899944932668,0.001800049796048));
#11150=CARTESIAN_POINT('',(0.002516065522594,-0.007699945936722,0.001800049796048));
#11151=CARTESIAN_POINT('',(0.002516065522594,-0.007699945936722,0.001800049796048));
#11152=CARTESIAN_POINT('',(0.002516065522594,-0.007699945936722,0.001800049796048));
#11153=CARTESIAN_POINT('',(0.002516065522594,-0.007699945936722,0.001800049796048));
#11154=CARTESIAN_POINT('',(0.002516065522594,-0.007699945936722,0.001800049796048));
#11155=CARTESIAN_POINT('',(0.002526065472392,-0.007699945936722,0.001800049796048));
#11156=CARTESIAN_POINT('',(0.002526065472392,-0.007699945936722,0.002410046733683));
#11157=CARTESIAN_POINT('',(0.002526065472392,-0.007699945936722,0.00161005074989929));
#11158=CARTESIAN_POINT('',(0.003526060452121,-0.007699945936722,0.00161005074989929));
#11159=CARTESIAN_POINT('',(0.002516065522594,-0.007899944932668,0.001800049796048));
#11160=CARTESIAN_POINT('',(0.003526060452121,-0.007899944932668,0.00161005074989929));
#11161=CARTESIAN_POINT('',(0.002526065472392,-0.007899944932668,0.00161005074989929));
#11162=CARTESIAN_POINT('',(0.002526065472392,-0.007899944932668,0.002410046733683));
#11163=CARTESIAN_POINT('',(0.002526065472392,-0.007899944932668,0.001800049796048));
#11164=CARTESIAN_POINT('',(0.002516065522594,-0.007899944932668,0.001800049796048));
#11165=CARTESIAN_POINT('',(0.003526060452121,-0.008549941669492,0.001800049796048));
#11166=CARTESIAN_POINT('',(0.002526065472392,-0.008049944179627,0.001800049796048));
#11167=CARTESIAN_POINT('',(0.003526060452121,-0.008549941669492,0.001600050800102));
#11168=CARTESIAN_POINT('',(0.002516065522594,-0.007199948446858,0.001600050800102));
#11169=CARTESIAN_POINT('',(0.002516065522594,-0.007199948446858,0.001600050800102));
#11170=CARTESIAN_POINT('',(0.002516065522594,-0.007399947442803,0.001600050800102));
#11171=CARTESIAN_POINT('',(0.002516065522594,-0.007199948446858,0.001600050800102));
#11172=CARTESIAN_POINT('',(0.003071062736344,-0.007199948446858,0.001600050800102));
#11173=CARTESIAN_POINT('',(0.003071062736344,-0.007199948446858,0.001600050800102));
#11174=CARTESIAN_POINT('',(0.003071062736344,-0.007399947442803,0.001600050800102));
#11175=CARTESIAN_POINT('',(0.002516065522594,-0.007399947442803,0.001600050800102));
#11176=CARTESIAN_POINT('',(0.003071062736344,-0.007699945936722,0.001800049796048));
#11177=CARTESIAN_POINT('',(0.003071062736344,-0.0070499491998982,0.00161005074989929));
#11178=CARTESIAN_POINT('',(0.003071062736344,-0.007399947442803,0.00161005074989929));
#11179=CARTESIAN_POINT('',(0.003071062736344,-0.007199948446858,0.00161005074989929));
#11180=CARTESIAN_POINT('',(0.003071062736344,-0.007399947442803,0.001800049796048));
#11181=CARTESIAN_POINT('',(0.003071062736344,-0.007199948446858,0.001800049796048));
#11182=CARTESIAN_POINT('',(0.002516065522594,-0.007699945936722,0.001800049796048));
#11183=CARTESIAN_POINT('',(0.002516065522594,-0.007399947442803,0.001800049796048));
#11184=CARTESIAN_POINT('',(0.002516065522594,-0.007399947442803,0.001800049796048));
#11185=CARTESIAN_POINT('',(0.002516065522594,-0.007199948446858,0.001800049796048));
#11186=CARTESIAN_POINT('',(0.002516065522594,-0.007199948446858,0.001800049796048));
#11187=CARTESIAN_POINT('',(0.002516065522594,-0.007199948446858,0.001800049796048));
#11188=CARTESIAN_POINT('',(0.002516065522594,-0.007199948446858,0.001800049796048));
#11189=CARTESIAN_POINT('',(0.002516065522594,-0.007199948446858,0.001800049796048));
#11190=CARTESIAN_POINT('',(0.002526065472392,-0.007199948446858,0.001800049796048));
#11191=CARTESIAN_POINT('',(0.002526065472392,-0.007199948446858,0.002410046733683));
#11192=CARTESIAN_POINT('',(0.002526065472392,-0.007199948446858,0.00161005074989929));
#11193=CARTESIAN_POINT('',(0.003526060452121,-0.007199948446858,0.00161005074989929));
#11194=CARTESIAN_POINT('',(0.002516065522594,-0.007399947442803,0.001800049796048));
#11195=CARTESIAN_POINT('',(0.003526060452121,-0.007399947442803,0.00161005074989929));
#11196=CARTESIAN_POINT('',(0.002526065472392,-0.007399947442803,0.00161005074989929));
#11197=CARTESIAN_POINT('',(0.002526065472392,-0.007399947442803,0.002410046733683));
#11198=CARTESIAN_POINT('',(0.002526065472392,-0.007399947442803,0.001800049796048));
#11199=CARTESIAN_POINT('',(0.002516065522594,-0.007399947442803,0.001800049796048));
#11200=CARTESIAN_POINT('',(0.003526060452121,-0.008549941669492,0.001800049796048));
#11201=CARTESIAN_POINT('',(0.002526065472392,-0.008049944179627,0.001800049796048));
#11202=CARTESIAN_POINT('',(0.003526060452121,-0.008549941669492,0.001600050800102));
#11203=CARTESIAN_POINT('',(0.002516065522594,-0.006699950956993,0.001600050800102));
#11204=CARTESIAN_POINT('',(0.002516065522594,-0.006699950956993,0.001600050800102));
#11205=CARTESIAN_POINT('',(0.002516065522594,-0.006899949952939,0.001600050800102));
#11206=CARTESIAN_POINT('',(0.002516065522594,-0.006699950956993,0.001600050800102));
#11207=CARTESIAN_POINT('',(0.003071062736344,-0.006699950956993,0.001600050800102));
#11208=CARTESIAN_POINT('',(0.003071062736344,-0.006699950956993,0.001600050800102));
#11209=CARTESIAN_POINT('',(0.003071062736344,-0.006899949952939,0.001600050800102));
#11210=CARTESIAN_POINT('',(0.002516065522594,-0.006899949952939,0.001600050800102));
#11211=CARTESIAN_POINT('',(0.003071062736344,-0.007699945936722,0.001800049796048));
#11212=CARTESIAN_POINT('',(0.003071062736344,-0.0070499491998982,0.00161005074989929));
#11213=CARTESIAN_POINT('',(0.003071062736344,-0.006899949952939,0.00161005074989929));
#11214=CARTESIAN_POINT('',(0.003071062736344,-0.006699950956993,0.00161005074989929));
#11215=CARTESIAN_POINT('',(0.003071062736344,-0.006899949952939,0.001800049796048));
#11216=CARTESIAN_POINT('',(0.003071062736344,-0.006699950956993,0.001800049796048));
#11217=CARTESIAN_POINT('',(0.002516065522594,-0.007699945936722,0.001800049796048));
#11218=CARTESIAN_POINT('',(0.002516065522594,-0.006899949952939,0.001800049796048));
#11219=CARTESIAN_POINT('',(0.002516065522594,-0.006899949952939,0.001800049796048));
#11220=CARTESIAN_POINT('',(0.002516065522594,-0.006699950956993,0.001800049796048));
#11221=CARTESIAN_POINT('',(0.002516065522594,-0.006699950956993,0.001800049796048));
#11222=CARTESIAN_POINT('',(0.002516065522594,-0.006699950956993,0.001800049796048));
#11223=CARTESIAN_POINT('',(0.002516065522594,-0.006699950956993,0.001800049796048));
#11224=CARTESIAN_POINT('',(0.002516065522594,-0.006699950956993,0.001800049796048));
#11225=CARTESIAN_POINT('',(0.002526065472392,-0.006699950956993,0.001800049796048));
#11226=CARTESIAN_POINT('',(0.002526065472392,-0.006699950956993,0.002410046733683));
#11227=CARTESIAN_POINT('',(0.002526065472392,-0.006699950956993,0.00161005074989929));
#11228=CARTESIAN_POINT('',(0.003526060452121,-0.006699950956993,0.00161005074989929));
#11229=CARTESIAN_POINT('',(0.002516065522594,-0.006899949952939,0.001800049796048));
#11230=CARTESIAN_POINT('',(0.003526060452121,-0.006899949952939,0.00161005074989929));
#11231=CARTESIAN_POINT('',(0.002526065472392,-0.006899949952939,0.00161005074989929));
#11232=CARTESIAN_POINT('',(0.002526065472392,-0.006899949952939,0.002410046733683));
#11233=CARTESIAN_POINT('',(0.002526065472392,-0.006899949952939,0.001800049796048));
#11234=CARTESIAN_POINT('',(0.002516065522594,-0.006899949952939,0.001800049796048));
#11235=CARTESIAN_POINT('',(0.003526060452121,-0.008549941669492,0.001800049796048));
#11236=CARTESIAN_POINT('',(0.002526065472392,-0.008049944179627,0.001800049796048));
#11237=CARTESIAN_POINT('',(0.003526060452121,-0.008549941669492,0.001600050800102));
#11238=CARTESIAN_POINT('',(0.002516065522594,-0.006199953467128,0.001600050800102));
#11239=CARTESIAN_POINT('',(0.002516065522594,-0.006199953467128,0.001600050800102));
#11240=CARTESIAN_POINT('',(0.002516065522594,-0.006399952463074,0.001600050800102));
#11241=CARTESIAN_POINT('',(0.002516065522594,-0.006199953467128,0.001600050800102));
#11242=CARTESIAN_POINT('',(0.003071062736344,-0.006199953467128,0.001600050800102));
#11243=CARTESIAN_POINT('',(0.003071062736344,-0.006199953467128,0.001600050800102));
#11244=CARTESIAN_POINT('',(0.003071062736344,-0.006399952463074,0.001600050800102));
#11245=CARTESIAN_POINT('',(0.002516065522594,-0.006399952463074,0.001600050800102));
#11246=CARTESIAN_POINT('',(0.003071062736344,-0.007699945936722,0.001800049796048));
#11247=CARTESIAN_POINT('',(0.003071062736344,-0.0070499491998982,0.00161005074989929));
#11248=CARTESIAN_POINT('',(0.003071062736344,-0.006399952463074,0.00161005074989929));
#11249=CARTESIAN_POINT('',(0.003071062736344,-0.006199953467128,0.00161005074989929));
#11250=CARTESIAN_POINT('',(0.003071062736344,-0.006399952463074,0.001800049796048));
#11251=CARTESIAN_POINT('',(0.003071062736344,-0.006199953467128,0.001800049796048));
#11252=CARTESIAN_POINT('',(0.002516065522594,-0.007699945936722,0.001800049796048));
#11253=CARTESIAN_POINT('',(0.002516065522594,-0.006399952463074,0.001800049796048));
#11254=CARTESIAN_POINT('',(0.002516065522594,-0.006399952463074,0.001800049796048));
#11255=CARTESIAN_POINT('',(0.002516065522594,-0.006199953467128,0.001800049796048));
#11256=CARTESIAN_POINT('',(0.002516065522594,-0.006199953467128,0.001800049796048));
#11257=CARTESIAN_POINT('',(0.002516065522594,-0.006199953467128,0.001800049796048));
#11258=CARTESIAN_POINT('',(0.002516065522594,-0.006199953467128,0.001800049796048));
#11259=CARTESIAN_POINT('',(0.002516065522594,-0.006199953467128,0.001800049796048));
#11260=CARTESIAN_POINT('',(0.002526065472392,-0.006199953467128,0.001800049796048));
#11261=CARTESIAN_POINT('',(0.002526065472392,-0.006199953467128,0.002410046733683));
#11262=CARTESIAN_POINT('',(0.002526065472392,-0.006199953467128,0.00161005074989929));
#11263=CARTESIAN_POINT('',(0.003526060452121,-0.006199953467128,0.00161005074989929));
#11264=CARTESIAN_POINT('',(0.002516065522594,-0.006399952463074,0.001800049796048));
#11265=CARTESIAN_POINT('',(0.003526060452121,-0.006399952463074,0.00161005074989929));
#11266=CARTESIAN_POINT('',(0.002526065472392,-0.006399952463074,0.00161005074989929));
#11267=CARTESIAN_POINT('',(0.002526065472392,-0.006399952463074,0.002410046733683));
#11268=CARTESIAN_POINT('',(0.002526065472392,-0.006399952463074,0.001800049796048));
#11269=CARTESIAN_POINT('',(0.002516065522594,-0.006399952463074,0.001800049796048));
#11270=CARTESIAN_POINT('',(0.003526060452121,-0.008549941669492,0.001800049796048));
#11271=CARTESIAN_POINT('',(0.002526065472392,-0.008049944179627,0.001800049796048));
#11272=CARTESIAN_POINT('',(0.002826063966311,-0.006349952714088,0.002390046834088));
#11273=CARTESIAN_POINT('',(0.002826063966311,-0.006349952714088,0.002390046834088));
#11274=CARTESIAN_POINT('',(0.002951063338777,-0.006349952714088,0.002390046834088));
#11275=CARTESIAN_POINT('',(0.002526065472392,-0.008049944179627,0.002410046733683));
#11276=CARTESIAN_POINT('',(0.002526065472392,-0.008049944179627,0.00161005074989929));
#11277=CARTESIAN_POINT('',(0.002526065472392,-0.008049944179627,0.00161005074989929));
#11278=CARTESIAN_POINT('',(0.00452605543185,-0.008049944179627,0.00161005074989929));
#11279=CARTESIAN_POINT('',(0.00452605543185,-0.008049944179627,0.002410046733683));
#11280=CARTESIAN_POINT('',(0.00452605543185,-0.008049944179627,0.002410046733683));
#11281=CARTESIAN_POINT('',(0.002526065472392,-0.008049944179627,0.002410046733683));
#11282=CARTESIAN_POINT('',(0.002526065472392,-0.008049944179627,0.002410046733683));
#11283=CARTESIAN_POINT('',(0.002526065472392,-0.008049944179627,0.002410046733683));
#11284=CARTESIAN_POINT('',(0.002526065472392,-0.006049954220169,0.002410046733683));
#11285=CARTESIAN_POINT('',(0.002526065472392,-0.006049954220169,0.00161005074989929));
#11286=CARTESIAN_POINT('',(0.00452605543185,-0.006049954220169,0.00161005074989929));
#11287=CARTESIAN_POINT('',(0.002526065472392,-0.006049954220169,0.00161005074989929));
#11288=CARTESIAN_POINT('',(0.002526065472392,-0.006049954220169,0.002410046733683));
#11289=CARTESIAN_POINT('',(0.002526065472392,-0.006049954220169,0.002410046733683));
#11290=CARTESIAN_POINT('',(0.002526065472392,-0.006049954220169,0.002410046733683));
#11291=CARTESIAN_POINT('',(0.00452605543185,-0.006049954220169,0.002410046733683));
#11292=CARTESIAN_POINT('',(0.00452605543185,-0.006049954220169,0.002410046733683));
#11293=CARTESIAN_POINT('',(0.00452605543185,-0.008049944179627,0.002410046733683));
#11294=CARTESIAN_POINT('',(0.00452605543185,-0.008049944179627,0.00161005074989929));
#11295=CARTESIAN_POINT('',(0.00452605543185,-0.008049944179627,0.00161005074989929));
#11296=CARTESIAN_POINT('',(0.00452605543185,-0.008049944179627,0.00161005074989929));
#11297=CARTESIAN_POINT('',(0.00452605543185,-0.008049944179627,0.00161005074989929));
#11298=CARTESIAN_POINT('',(0.00452605543185,-0.008049944179627,0.002410046733683));
#11299=CARTESIAN_POINT('',(0.00452605543185,-0.008049944179627,0.00161005074989929));
#11300=CARTESIAN_POINT('',(0.002526065472392,-0.008049944179627,0.002410046733683));
#11301=CARTESIAN_POINT('',(0.002526065472392,-0.008049944179627,0.00161005074989929));
#11302=CARTESIAN_POINT('',(0.002526065472392,-0.008049944179627,0.002410046733683));
#11303=CARTESIAN_POINT('',(0.002526065472392,-0.008049944179627,0.00161005074989929));
#11304=CARTESIAN_POINT('',(0.002526065472392,-0.008049944179627,0.00161005074989929));
#11305=CARTESIAN_POINT('',(0.002526065472392,-0.008049944179627,0.00161005074989929));
#11306=CARTESIAN_POINT('',(0.002526065472392,-0.008049944179627,0.00161005074989929));
#11307=CARTESIAN_POINT('',(0.003526060452121,-0.0070499491998982,0.00161005074989929));
#11308=CARTESIAN_POINT('',(0.003526060452121,-0.0070499491998982,0.002410046733683));
#11309=CARTESIAN_POINT('',(0.002826063966311,-0.006349952714088,0.002410046733683));
#11310=CARTESIAN_POINT('',(0.002951063338777,-0.006349952714088,0.002410046733683));
#11311=CARTESIAN_POINT('',(0.002826063966311,-0.006349952714088,0.002390046834088));
#11312=MECHANICAL_DESIGN_GEOMETRIC_PRESENTATION_REPRESENTATION('',(#6347,
#5991,#5992,#5993,#5994,#5995,#5996,#5997,#5998,#5999,#6000,#6001,#6002,
#6003,#6004,#6005,#6006),#11313);
#11313=(
GEOMETRIC_REPRESENTATION_CONTEXT(3)
GLOBAL_UNCERTAINTY_ASSIGNED_CONTEXT((#11314))
GLOBAL_UNIT_ASSIGNED_CONTEXT((#11317,#11316,#11315))
REPRESENTATION_CONTEXT(
'DFN-8_L2.0-W2.0-P0.50-LS2.0-TL-EP~DFN-8_L2.0-W2.0-H0.8-P0.50~bRkH',
'TOP_LEVEL_ASSEMBLY_PART')
);
#11314=UNCERTAINTY_MEASURE_WITH_UNIT(LENGTH_MEASURE(2.E-5),#11317,
'DISTANCE_ACCURACY_VALUE','Maximum Tolerance applied to model');
#11315=(
NAMED_UNIT(*)
SI_UNIT($,.STERADIAN.)
SOLID_ANGLE_UNIT()
);
#11316=(
NAMED_UNIT(*)
PLANE_ANGLE_UNIT()
SI_UNIT($,.RADIAN.)
);
#11317=(
LENGTH_UNIT()
NAMED_UNIT(*)
SI_UNIT($,.METRE.)
);
#11318=PRODUCT_DEFINITION_SHAPE('','',#11319);
#11319=PRODUCT_DEFINITION('','',#11321,#11320);
#11320=PRODUCT_DEFINITION_CONTEXT('',#11327,'design');
#11321=PRODUCT_DEFINITION_FORMATION_WITH_SPECIFIED_SOURCE('','',#11323,
 .NOT_KNOWN.);
#11322=PRODUCT_RELATED_PRODUCT_CATEGORY('','',(#11323));
#11323=PRODUCT(
'DFN-8_L2.0-W2.0-P0.50-LS2.0-TL-EP~DFN-8_L2.0-W2.0-H0.8-P0.50~bRkH',
'DFN-8_L2.0-W2.0-P0.50-LS2.0-TL-EP~DFN-8_L2.0-W2.0-H0.8-P0.50~bRkH',
'DFN-8_L2.0-W2.0-P0.50-LS2.0-TL-EP~DFN-8_L2.0-W2.0-H0.8-P0.50~bRkH',(#11325));
#11324=PRODUCT_CATEGORY('','');
#11325=PRODUCT_CONTEXT('',#11327,'mechanical');
#11326=APPLICATION_PROTOCOL_DEFINITION('international standard',
'ap242_managed_model_based_3d_engineering',2020,#11327);
#11327=APPLICATION_CONTEXT('managed model based 3d engineering');
ENDSEC;
END-ISO-10303-21;
