ISO-10303-21;
HEADER;
FILE_DESCRIPTION (( 'STEP AP214' ),
    '1' );
FILE_NAME ('21BA50CA-00C4-4626-A937-133D57E8A9E2.STEP',
    '2025-09-08T06:18:07',
    ( '' ),
    ( '' ),
    'SwSTEP 2.0',
    'SolidWorks 2022',
    '' );
FILE_SCHEMA (( 'AUTOMOTIVE_DESIGN' ));
ENDSEC;

DATA;
#1 = DIRECTION ( 'NONE',  ( 0.0000000000000000000, 0.0000000000000000000, 1.000000000000000000 ) ) ;
#2 = DIRECTION ( 'NONE',  ( 0.0000000000000000000, 0.0000000000000000000, -1.000000000000000000 ) ) ;
#3 = EDGE_LOOP ( 'NONE', ( #2731, #2067, #2085, #2420, #1137, #2693 ) ) ;
#4 = CARTESIAN_POINT ( 'NONE',  ( 1.304999999999999938, 0.3750000000000000000, 0.2030000000000000138 ) ) ;
#5 = CARTESIAN_POINT ( 'NONE',  ( 1.204999999999999849, 0.0000000000000000000, 0.01000000000000000021 ) ) ;
#6 = ADVANCED_FACE ( 'NONE', ( #1051 ), #1356, .F. ) ;
#7 = ORIENTED_EDGE ( 'NONE', *, *, #1928, .T. ) ;
#8 = DIRECTION ( 'NONE',  ( 0.0000000000000000000, 1.000000000000000000, 0.0000000000000000000 ) ) ;
#9 = LINE ( 'NONE', #2836, #1122 ) ;
#10 = ORIENTED_EDGE ( 'NONE', *, *, #528, .F. ) ;
#11 = ORIENTED_EDGE ( 'NONE', *, *, #1998, .F. ) ;
#12 = CARTESIAN_POINT ( 'NONE',  ( 1.500000000000000000, 1.500000000000000000, 0.2030000000000000138 ) ) ;
#13 = CARTESIAN_POINT ( 'NONE',  ( -1.304999999999999938, 1.125000000000000000, 0.01000000000000000021 ) ) ;
#14 = DIRECTION ( 'NONE',  ( 0.0000000000000000000, -1.000000000000000000, 0.0000000000000000000 ) ) ;
#15 = ORIENTED_EDGE ( 'NONE', *, *, #46, .T. ) ;
#16 = DIRECTION ( 'NONE',  ( -1.000000000000000000, 0.0000000000000000000, 0.0000000000000000000 ) ) ;
#17 = DIRECTION ( 'NONE',  ( 0.0000000000000000000, 0.0000000000000000000, 1.000000000000000000 ) ) ;
#18 = EDGE_CURVE ( 'NONE', #292, #281, #2814, .T. ) ;
#19 = ORIENTED_EDGE ( 'NONE', *, *, #1978, .F. ) ;
#20 = CARTESIAN_POINT ( 'NONE',  ( 1.304999999999985949, -0.3750000000000000000, 0.0000000000000000000 ) ) ;
#21 = DIRECTION ( 'NONE',  ( -0.0000000000000000000, 1.000000000000000000, 0.0000000000000000000 ) ) ;
#22 = EDGE_CURVE ( 'NONE', #991, #1008, #735, .T. ) ;
#23 = FACE_OUTER_BOUND ( 'NONE', #1969, .T. ) ;
#24 = ORIENTED_EDGE ( 'NONE', *, *, #1341, .T. ) ;
#25 = AXIS2_PLACEMENT_3D ( 'NONE', #1775, #1039, #1926 ) ;
#26 = CARTESIAN_POINT ( 'NONE',  ( 1.505000000000000115, 0.8249999999999999556, 0.2030000000000000138 ) ) ;
#27 = DIRECTION ( 'NONE',  ( 0.0000000000000000000, 0.0000000000000000000, 1.000000000000000000 ) ) ;
#28 = LINE ( 'NONE', #2628, #535 ) ;
#29 = CIRCLE ( 'NONE', #391, 0.1000000000000000472 ) ;
#30 = EDGE_LOOP ( 'NONE', ( #963, #2124, #147, #2754 ) ) ;
#31 = DIRECTION ( 'NONE',  ( -1.000000000000000000, 0.0000000000000000000, 0.0000000000000000000 ) ) ;
#32 = AXIS2_PLACEMENT_3D ( 'NONE', #2020, #715, #2734 ) ;
#33 = DIRECTION ( 'NONE',  ( 1.000000000000000000, 0.0000000000000000000, 0.0000000000000000000 ) ) ;
#34 = AXIS2_PLACEMENT_3D ( 'NONE', #2770, #2806, #1438 ) ;
#35 = EDGE_LOOP ( 'NONE', ( #1973, #1806, #1570, #2488 ) ) ;
#36 = VECTOR ( 'NONE', #2221, 1000.000000000000000 ) ;
#37 = VECTOR ( 'NONE', #1598, 1000.000000000000000 ) ;
#38 = ORIENTED_EDGE ( 'NONE', *, *, #2055, .T. ) ;
#39 = LINE ( 'NONE', #905, #1024 ) ;
#40 = AXIS2_PLACEMENT_3D ( 'NONE', #2410, #1742, #1555 ) ;
#41 = AXIS2_PLACEMENT_3D ( 'NONE', #2531, #2768, #2301 ) ;
#42 = EDGE_CURVE ( 'NONE', #692, #1698, #996, .T. ) ;
#43 = CARTESIAN_POINT ( 'NONE',  ( 0.7500000000000000000, 1.050000000000000044, 0.0000000000000000000 ) ) ;
#44 = VECTOR ( 'NONE', #1550, 1000.000000000000000 ) ;
#45 = ORIENTED_EDGE ( 'NONE', *, *, #2794, .F. ) ;
#46 = EDGE_CURVE ( 'NONE', #2683, #1332, #521, .T. ) ;
#47 = LINE ( 'NONE', #2160, #1671 ) ;
#48 = ORIENTED_EDGE ( 'NONE', *, *, #1078, .T. ) ;
#49 = DIRECTION ( 'NONE',  ( 1.000000000000000000, 0.0000000000000000000, 0.0000000000000000000 ) ) ;
#50 = EDGE_CURVE ( 'NONE', #2458, #2590, #1386, .T. ) ;
#51 = ORIENTED_EDGE ( 'NONE', *, *, #2079, .T. ) ;
#52 = CARTESIAN_POINT ( 'NONE',  ( 1.505000000000000115, 1.125000000000000000, 0.2030000000000000138 ) ) ;
#53 = DIRECTION ( 'NONE',  ( 0.0000000000000000000, 0.0000000000000000000, -1.000000000000000000 ) ) ;
#54 = VERTEX_POINT ( 'NONE', #94 ) ;
#55 = VERTEX_POINT ( 'NONE', #2763 ) ;
#56 = CARTESIAN_POINT ( 'NONE',  ( 1.505000000000000115, 0.8249999999999999556, 0.0000000000000000000 ) ) ;
#57 = LINE ( 'NONE', #69, #982 ) ;
#58 = VERTEX_POINT ( 'NONE', #295 ) ;
#59 = EDGE_CURVE ( 'NONE', #389, #1892, #1832, .T. ) ;
#60 = ORIENTED_EDGE ( 'NONE', *, *, #1436, .T. ) ;
#61 = DIRECTION ( 'NONE',  ( 0.0000000000000000000, 0.0000000000000000000, -1.000000000000000000 ) ) ;
#62 = APPLICATION_PROTOCOL_DEFINITION ( 'draft international standard', 'automotive_design', 1998, #1168 ) ;
#63 = EDGE_CURVE ( 'NONE', #2267, #2148, #1818, .T. ) ;
#64 = CARTESIAN_POINT ( 'NONE',  ( -1.304999999999999938, 0.1749999999999999889, 0.0000000000000000000 ) ) ;
#65 = CARTESIAN_POINT ( 'NONE',  ( 1.304999999999985949, -0.2750000000000000222, 0.0000000000000000000 ) ) ;
#66 = ORIENTED_EDGE ( 'NONE', *, *, #2314, .F. ) ;
#67 = ORIENTED_EDGE ( 'NONE', *, *, #1936, .T. ) ;
#68 = DIRECTION ( 'NONE',  ( 1.000000000000000000, 0.0000000000000000000, 0.0000000000000000000 ) ) ;
#69 = CARTESIAN_POINT ( 'NONE',  ( 1.505000000000000115, -0.4749999999999999778, 0.2030000000000000138 ) ) ;
#70 = ORIENTED_EDGE ( 'NONE', *, *, #1203, .T. ) ;
#71 = LINE ( 'NONE', #2516, #847 ) ;
#72 = ORIENTED_EDGE ( 'NONE', *, *, #277, .T. ) ;
#73 = CARTESIAN_POINT ( 'NONE',  ( 1.304999999999999938, 1.125000000000000000, 0.01000000000000000021 ) ) ;
#74 = DIRECTION ( 'NONE',  ( 1.000000000000000000, 1.445602896647339903E-16, 0.0000000000000000000 ) ) ;
#75 = EDGE_CURVE ( 'NONE', #1008, #2031, #2752, .T. ) ;
#76 = ORIENTED_EDGE ( 'NONE', *, *, #2310, .F. ) ;
#77 = DIRECTION ( 'NONE',  ( 1.000000000000000000, 0.0000000000000000000, 0.0000000000000000000 ) ) ;
#78 = DIRECTION ( 'NONE',  ( 0.0000000000000000000, 0.0000000000000000000, 1.000000000000000000 ) ) ;
#79 = FACE_OUTER_BOUND ( 'NONE', #278, .T. ) ;
#80 = EDGE_CURVE ( 'NONE', #1372, #1576, #761, .T. ) ;
#81 = ORIENTED_EDGE ( 'NONE', *, *, #2776, .F. ) ;
#82 = VECTOR ( 'NONE', #1323, 1000.000000000000000 ) ;
#83 = LINE ( 'NONE', #511, #850 ) ;
#84 = CARTESIAN_POINT ( 'NONE',  ( 0.7500000000000000000, -1.050000000000000044, 0.0000000000000000000 ) ) ;
#85 = VECTOR ( 'NONE', #1108, 1000.000000000000000 ) ;
#86 = ORIENTED_EDGE ( 'NONE', *, *, #2263, .T. ) ;
#87 = DIRECTION ( 'NONE',  ( 0.0000000000000000000, 0.0000000000000000000, -1.000000000000000000 ) ) ;
#88 = AXIS2_PLACEMENT_3D ( 'NONE', #2285, #1189, #1899 ) ;
#89 = ORIENTED_EDGE ( 'NONE', *, *, #158, .F. ) ;
#90 = SURFACE_STYLE_FILL_AREA ( #2042 ) ;
#91 = VERTEX_POINT ( 'NONE', #2725 ) ;
#92 = DIRECTION ( 'NONE',  ( 0.0000000000000000000, 0.0000000000000000000, 1.000000000000000000 ) ) ;
#93 = LINE ( 'NONE', #926, #675 ) ;
#94 = CARTESIAN_POINT ( 'NONE',  ( 1.500000000000000000, -0.8249999999999999556, 0.2030000000000000138 ) ) ;
#95 = ORIENTED_EDGE ( 'NONE', *, *, #1743, .T. ) ;
#96 = ADVANCED_FACE ( 'NONE', ( #1874 ), #971, .F. ) ;
#97 = CARTESIAN_POINT ( 'NONE',  ( -1.505000000000000115, -0.8249999999999999556, 0.2030000000000000138 ) ) ;
#98 = ORIENTED_EDGE ( 'NONE', *, *, #213, .T. ) ;
#99 = CARTESIAN_POINT ( 'NONE',  ( -1.505000000000000115, 0.4749999999999999778, 0.2030000000000000138 ) ) ;
#100 = CARTESIAN_POINT ( 'NONE',  ( -1.199999999999999956, 1.199999999999999956, 0.8899999999999999023 ) ) ;
#101 = ORIENTED_EDGE ( 'NONE', *, *, #628, .T. ) ;
#102 = DIRECTION ( 'NONE',  ( 0.0000000000000000000, -1.000000000000000000, 0.0000000000000000000 ) ) ;
#103 = CARTESIAN_POINT ( 'NONE',  ( 1.204999999999985860, -0.2750000000000000222, 0.01000000000000000021 ) ) ;
#104 = DIRECTION ( 'NONE',  ( 1.000000000000000000, 0.0000000000000000000, 0.0000000000000000000 ) ) ;
#105 = ORIENTED_EDGE ( 'NONE', *, *, #1402, .T. ) ;
#106 = CARTESIAN_POINT ( 'NONE',  ( -1.505000000000000115, 0.8249999999999999556, 0.2030000000000000138 ) ) ;
#107 = EDGE_CURVE ( 'NONE', #1626, #1372, #775, .T. ) ;
#108 = EDGE_LOOP ( 'NONE', ( #807, #179, #1523, #2784 ) ) ;
#109 = DIRECTION ( 'NONE',  ( 0.0000000000000000000, -1.000000000000000000, 0.0000000000000000000 ) ) ;
#110 = ADVANCED_FACE ( 'NONE', ( #747 ), #1605, .F. ) ;
#111 = VERTEX_POINT ( 'NONE', #1863 ) ;
#112 = CARTESIAN_POINT ( 'NONE',  ( 1.500000000000000000, 1.500000000000000000, 0.2030000000000000138 ) ) ;
#113 = ORIENTED_EDGE ( 'NONE', *, *, #2363, .F. ) ;
#114 = DIRECTION ( 'NONE',  ( 1.000000000000000000, 0.0000000000000000000, 0.0000000000000000000 ) ) ;
#115 = CARTESIAN_POINT ( 'NONE',  ( 1.304999999999979954, -1.025000000000000133, 0.2030000000000000138 ) ) ;
#116 = CARTESIAN_POINT ( 'NONE',  ( 0.0000000000000000000, -1.149999999999999911, 0.01000000000000000021 ) ) ;
#117 = EDGE_LOOP ( 'NONE', ( #197, #60, #372, #220 ) ) ;
#118 = DIRECTION ( 'NONE',  ( 0.0000000000000000000, 0.0000000000000000000, -1.000000000000000000 ) ) ;
#119 = VECTOR ( 'NONE', #2222, 1000.000000000000000 ) ;
#120 = LINE ( 'NONE', #2489, #262 ) ;
#121 = EDGE_CURVE ( 'NONE', #2073, #1892, #509, .T. ) ;
#122 = VECTOR ( 'NONE', #1103, 1000.000000000000000 ) ;
#123 = VECTOR ( 'NONE', #378, 1000.000000000000000 ) ;
#124 = CARTESIAN_POINT ( 'NONE',  ( -0.6500000000000000222, -1.050000000000000044, 0.2030000000000000138 ) ) ;
#125 = VECTOR ( 'NONE', #1878, 1000.000000000000000 ) ;
#126 = VECTOR ( 'NONE', #1131, 1000.000000000000000 ) ;
#127 = ORIENTED_EDGE ( 'NONE', *, *, #776, .T. ) ;
#128 = EDGE_CURVE ( 'NONE', #2458, #2471, #532, .T. ) ;
#129 = CARTESIAN_POINT ( 'NONE',  ( -1.505000000000000115, 0.8249999999999999556, 0.2030000000000000138 ) ) ;
#130 = AXIS2_PLACEMENT_3D ( 'NONE', #881, #1359, #68 ) ;
#131 = AXIS2_PLACEMENT_3D ( 'NONE', #1916, #2313, #1231 ) ;
#132 = EDGE_LOOP ( 'NONE', ( #1989, #2379, #2816, #1096 ) ) ;
#133 = VECTOR ( 'NONE', #531, 1000.000000000000000 ) ;
#134 = DIRECTION ( 'NONE',  ( 0.0000000000000000000, -1.000000000000000000, 0.0000000000000000000 ) ) ;
#135 = FACE_OUTER_BOUND ( 'NONE', #740, .T. ) ;
#136 = CARTESIAN_POINT ( 'NONE',  ( -1.500000000000000000, 1.125000000000000000, 0.2030000000000000138 ) ) ;
#137 = ORIENTED_EDGE ( 'NONE', *, *, #517, .F. ) ;
#138 = DIRECTION ( 'NONE',  ( 0.0000000000000000000, 0.0000000000000000000, -1.000000000000000000 ) ) ;
#139 = CARTESIAN_POINT ( 'NONE',  ( -1.204999999999999849, 0.9250000000000000444, 0.0000000000000000000 ) ) ;
#140 = PLANE ( 'NONE',  #2604 ) ;
#141 = ORIENTED_EDGE ( 'NONE', *, *, #80, .F. ) ;
#142 = DIRECTION ( 'NONE',  ( 0.0000000000000000000, 0.0000000000000000000, 1.000000000000000000 ) ) ;
#143 = ADVANCED_FACE ( 'NONE', ( #79 ), #549, .F. ) ;
#144 = PLANE ( 'NONE',  #1395 ) ;
#145 = CARTESIAN_POINT ( 'NONE',  ( 0.0000000000000000000, 1.125000000000000000, 0.01000000000000000021 ) ) ;
#146 = ADVANCED_FACE ( 'NONE', ( #2076 ), #1428, .T. ) ;
#147 = ORIENTED_EDGE ( 'NONE', *, *, #577, .T. ) ;
#148 = CARTESIAN_POINT ( 'NONE',  ( -1.304999999999999938, 0.4749999999999999778, 0.01000000000000000021 ) ) ;
#149 = DIRECTION ( 'NONE',  ( 0.0000000000000000000, -1.000000000000000000, 0.0000000000000000000 ) ) ;
#150 = DIRECTION ( 'NONE',  ( 0.0000000000000000000, -1.000000000000000000, 0.0000000000000000000 ) ) ;
#151 = ORIENTED_EDGE ( 'NONE', *, *, #287, .F. ) ;
#152 = LINE ( 'NONE', #2785, #1213 ) ;
#153 = DIRECTION ( 'NONE',  ( 0.0000000000000000000, 0.0000000000000000000, -1.000000000000000000 ) ) ;
#154 = EDGE_CURVE ( 'NONE', #1694, #1347, #938, .T. ) ;
#155 = LINE ( 'NONE', #2327, #1579 ) ;
#156 = ORIENTED_EDGE ( 'NONE', *, *, #336, .F. ) ;
#157 = CARTESIAN_POINT ( 'NONE',  ( -1.505000000000000115, -0.8249999999999999556, 0.2030000000000000138 ) ) ;
#158 = EDGE_CURVE ( 'NONE', #1043, #827, #981, .T. ) ;
#159 = VECTOR ( 'NONE', #2713, 1000.000000000000000 ) ;
#160 =( LENGTH_UNIT ( ) NAMED_UNIT ( * ) SI_UNIT ( .MILLI., .METRE. ) );
#161 = CARTESIAN_POINT ( 'NONE',  ( 1.204999999999999849, 1.025000000000000133, 0.0000000000000000000 ) ) ;
#162 = AXIS2_PLACEMENT_3D ( 'NONE', #683, #2841, #208 ) ;
#163 = VECTOR ( 'NONE', #566, 1000.000000000000000 ) ;
#164 = LINE ( 'NONE', #1650, #1447 ) ;
#165 = AXIS2_PLACEMENT_3D ( 'NONE', #917, #1127, #2024 ) ;
#166 = VECTOR ( 'NONE', #977, 1000.000000000000000 ) ;
#167 = ORIENTED_EDGE ( 'NONE', *, *, #739, .F. ) ;
#168 = CARTESIAN_POINT ( 'NONE',  ( -0.4000000000000000222, 1.149999999999999911, 0.2030000000000000138 ) ) ;
#169 = VECTOR ( 'NONE', #690, 1000.000000000000000 ) ;
#170 = PLANE ( 'NONE',  #989 ) ;
#171 = AXIS2_PLACEMENT_3D ( 'NONE', #920, #1792, #1363 ) ;
#172 = CARTESIAN_POINT ( 'NONE',  ( -1.304999999999979954, -1.125000000000000000, 0.2030000000000000138 ) ) ;
#173 = AXIS2_PLACEMENT_3D ( 'NONE', #185, #810, #1681 ) ;
#174 = ORIENTED_EDGE ( 'NONE', *, *, #2747, .F. ) ;
#175 = LINE ( 'NONE', #588, #2128 ) ;
#176 = EDGE_CURVE ( 'NONE', #615, #1662, #843, .T. ) ;
#177 = EDGE_LOOP ( 'NONE', ( #1820, #101, #2414, #1914 ) ) ;
#178 = LINE ( 'NONE', #1038, #896 ) ;
#179 = ORIENTED_EDGE ( 'NONE', *, *, #1054, .T. ) ;
#180 = DIRECTION ( 'NONE',  ( 0.0000000000000000000, 0.0000000000000000000, -1.000000000000000000 ) ) ;
#181 = ADVANCED_FACE ( 'NONE', ( #1060 ), #1237, .T. ) ;
#182 = PLANE ( 'NONE',  #2651 ) ;
#183 = ORIENTED_EDGE ( 'NONE', *, *, #1655, .T. ) ;
#184 = CARTESIAN_POINT ( 'NONE',  ( 1.505000000000000115, -0.1749999999999999889, 0.2030000000000000138 ) ) ;
#185 = CARTESIAN_POINT ( 'NONE',  ( -1.505000000000000115, 0.4749999999999999778, 0.2030000000000000138 ) ) ;
#186 = CARTESIAN_POINT ( 'NONE',  ( 1.500000000000000000, 0.1749999999999999889, 0.2030000000000000138 ) ) ;
#187 = ORIENTED_EDGE ( 'NONE', *, *, #2679, .F. ) ;
#188 = DIRECTION ( 'NONE',  ( 0.0000000000000000000, -1.000000000000000000, 0.0000000000000000000 ) ) ;
#189 = EDGE_LOOP ( 'NONE', ( #2648, #437, #619, #2001, #2616, #793, #848, #885, #670, #2764, #770, #907, #1996, #822, #1937, #1481, #2203, #1562, #2733, #2166 ) ) ;
#190 = EDGE_LOOP ( 'NONE', ( #975, #2199, #2138, #2208, #1330, #787, #1505, #1457 ) ) ;
#191 = ORIENTED_EDGE ( 'NONE', *, *, #1915, .F. ) ;
#192 = EDGE_CURVE ( 'NONE', #2146, #2390, #1706, .T. ) ;
#193 = ORIENTED_EDGE ( 'NONE', *, *, #493, .F. ) ;
#194 = CARTESIAN_POINT ( 'NONE',  ( -1.500000000000000000, 1.500000000000000000, 0.2030000000000000138 ) ) ;
#195 = CARTESIAN_POINT ( 'NONE',  ( -1.304999999999999938, 0.3750000000000000000, 0.0000000000000000000 ) ) ;
#196 = DIRECTION ( 'NONE',  ( -1.000000000000000000, 0.0000000000000000000, 0.0000000000000000000 ) ) ;
#197 = ORIENTED_EDGE ( 'NONE', *, *, #2428, .F. ) ;
#198 = DIRECTION ( 'NONE',  ( 0.0000000000000000000, 0.0000000000000000000, -1.000000000000000000 ) ) ;
#199 = CARTESIAN_POINT ( 'NONE',  ( -1.500000000000000000, -0.8249999999999999556, 0.01000000000000000021 ) ) ;
#200 = VERTEX_POINT ( 'NONE', #1046 ) ;
#201 = SURFACE_STYLE_USAGE ( .BOTH. , #1482 ) ;
#202 = DIRECTION ( 'NONE',  ( 0.0000000000000000000, 0.0000000000000000000, -1.000000000000000000 ) ) ;
#203 = ORIENTED_EDGE ( 'NONE', *, *, #2260, .F. ) ;
#204 = DIRECTION ( 'NONE',  ( 1.000000000000000000, 0.0000000000000000000, 0.0000000000000000000 ) ) ;
#205 = AXIS2_PLACEMENT_3D ( 'NONE', #918, #2037, #1342 ) ;
#206 = EDGE_CURVE ( 'NONE', #1753, #2248, #402, .T. ) ;
#207 = VERTEX_POINT ( 'NONE', #821 ) ;
#208 = DIRECTION ( 'NONE',  ( 1.000000000000000000, 0.0000000000000000000, 0.0000000000000000000 ) ) ;
#209 = DIRECTION ( 'NONE',  ( -1.000000000000000000, 0.0000000000000000000, 0.0000000000000000000 ) ) ;
#210 = PLANE ( 'NONE',  #1857 ) ;
#211 = AXIS2_PLACEMENT_3D ( 'NONE', #1881, #2772, #1663 ) ;
#212 = VECTOR ( 'NONE', #1247, 1000.000000000000000 ) ;
#213 = EDGE_CURVE ( 'NONE', #948, #611, #1227, .T. ) ;
#214 = ORIENTED_EDGE ( 'NONE', *, *, #1191, .F. ) ;
#215 = AXIS2_PLACEMENT_3D ( 'NONE', #1731, #2622, #367 ) ;
#216 = VECTOR ( 'NONE', #394, 1000.000000000000000 ) ;
#217 = CARTESIAN_POINT ( 'NONE',  ( 1.500000000000000000, 1.500000000000000000, 0.9000000000000000222 ) ) ;
#218 = CYLINDRICAL_SURFACE ( 'NONE', #500, 0.1000000000000000472 ) ;
#219 = VECTOR ( 'NONE', #914, 1000.000000000000000 ) ;
#220 = ORIENTED_EDGE ( 'NONE', *, *, #107, .T. ) ;
#221 = CIRCLE ( 'NONE', #1819, 0.1000000000000000472 ) ;
#222 = LINE ( 'NONE', #1789, #1864 ) ;
#223 = DIRECTION ( 'NONE',  ( -1.000000000000000000, 0.0000000000000000000, 0.0000000000000000000 ) ) ;
#224 = DIRECTION ( 'NONE',  ( 1.000000000000000000, 0.0000000000000000000, 0.0000000000000000000 ) ) ;
#225 = ORIENTED_EDGE ( 'NONE', *, *, #1170, .T. ) ;
#226 = CARTESIAN_POINT ( 'NONE',  ( 1.500000000000000000, -1.500000000000000000, 0.9000000000000000222 ) ) ;
#227 = FACE_OUTER_BOUND ( 'NONE', #1740, .T. ) ;
#228 = DIRECTION ( 'NONE',  ( 1.000000000000000000, 0.0000000000000000000, 0.0000000000000000000 ) ) ;
#229 = EDGE_CURVE ( 'NONE', #2289, #2632, #382, .T. ) ;
#230 = ORIENTED_EDGE ( 'NONE', *, *, #2805, .F. ) ;
#231 = FACE_OUTER_BOUND ( 'NONE', #2635, .T. ) ;
#232 = CARTESIAN_POINT ( 'NONE',  ( 1.500000000000000000, 1.500000000000000000, 0.01000000000000000021 ) ) ;
#233 = EDGE_CURVE ( 'NONE', #2031, #425, #2809, .T. ) ;
#234 = VERTEX_POINT ( 'NONE', #568 ) ;
#235 = CARTESIAN_POINT ( 'NONE',  ( 1.500000000000000000, -0.1749999999999999889, 0.2030000000000000138 ) ) ;
#236 = CARTESIAN_POINT ( 'NONE',  ( 0.0000000000000000000, 0.0000000000000000000, 0.9000000000000000222 ) ) ;
#237 = ORIENTED_EDGE ( 'NONE', *, *, #789, .T. ) ;
#238 = CARTESIAN_POINT ( 'NONE',  ( 1.204999999999999849, 0.3750000000000000000, 0.2030000000000000138 ) ) ;
#239 = ORIENTED_EDGE ( 'NONE', *, *, #63, .T. ) ;
#240 = CARTESIAN_POINT ( 'NONE',  ( -1.199999999999999956, 1.199999999999999956, 0.8899999999999999023 ) ) ;
#241 = DIRECTION ( 'NONE',  ( 0.0000000000000000000, -1.000000000000000000, 0.0000000000000000000 ) ) ;
#242 = CARTESIAN_POINT ( 'NONE',  ( 0.0000000000000000000, -0.4749999999999999778, 0.01000000000000000021 ) ) ;
#243 = ORIENTED_EDGE ( 'NONE', *, *, #2283, .T. ) ;
#244 = EDGE_CURVE ( 'NONE', #2113, #687, #1263, .T. ) ;
#245 = DIRECTION ( 'NONE',  ( 0.0000000000000000000, 0.0000000000000000000, -1.000000000000000000 ) ) ;
#246 = CARTESIAN_POINT ( 'NONE',  ( 1.505000000000000115, 0.4749999999999999778, 0.2030000000000000138 ) ) ;
#247 = CARTESIAN_POINT ( 'NONE',  ( -1.050000000000000044, 1.199999999999999956, 0.8899999999999999023 ) ) ;
#248 = ORIENTED_EDGE ( 'NONE', *, *, #686, .T. ) ;
#249 = EDGE_CURVE ( 'NONE', #2404, #1018, #2695, .T. ) ;
#250 = DIRECTION ( 'NONE',  ( 0.0000000000000000000, -1.000000000000000000, 0.0000000000000000000 ) ) ;
#251 =( NAMED_UNIT ( * ) SI_UNIT ( $, .STERADIAN. ) SOLID_ANGLE_UNIT ( ) );
#252 = ORIENTED_EDGE ( 'NONE', *, *, #772, .F. ) ;
#253 = SURFACE_STYLE_FILL_AREA ( #987 ) ;
#254 = CARTESIAN_POINT ( 'NONE',  ( -1.204999999999979865, -1.025000000000000133, 0.0000000000000000000 ) ) ;
#255 = LINE ( 'NONE', #2440, #2700 ) ;
#256 = AXIS2_PLACEMENT_3D ( 'NONE', #433, #2587, #658 ) ;
#257 = ORIENTED_EDGE ( 'NONE', *, *, #832, .F. ) ;
#258 = PLANE ( 'NONE',  #2171 ) ;
#259 = VECTOR ( 'NONE', #1537, 1000.000000000000000 ) ;
#260 = DIRECTION ( 'NONE',  ( 1.000000000000000000, 0.0000000000000000000, 0.0000000000000000000 ) ) ;
#261 = ORIENTED_EDGE ( 'NONE', *, *, #2577, .F. ) ;
#262 = VECTOR ( 'NONE', #779, 1000.000000000000000 ) ;
#263 = VECTOR ( 'NONE', #1735, 1000.000000000000000 ) ;
#264 = ORIENTED_EDGE ( 'NONE', *, *, #785, .F. ) ;
#265 = DIRECTION ( 'NONE',  ( 0.0000000000000000000, 0.0000000000000000000, -1.000000000000000000 ) ) ;
#266 = AXIS2_PLACEMENT_3D ( 'NONE', #2811, #188, #1911 ) ;
#267 = CARTESIAN_POINT ( 'NONE',  ( -1.505000000000000115, 0.1749999999999999889, 0.0000000000000000000 ) ) ;
#268 = EDGE_CURVE ( 'NONE', #2342, #1897, #155, .T. ) ;
#269 = VECTOR ( 'NONE', #280, 1000.000000000000000 ) ;
#270 = ORIENTED_EDGE ( 'NONE', *, *, #2225, .T. ) ;
#271 =( NAMED_UNIT ( * ) PLANE_ANGLE_UNIT ( ) SI_UNIT ( $, .RADIAN. ) );
#272 = VECTOR ( 'NONE', #2709, 1000.000000000000000 ) ;
#273 = EDGE_CURVE ( 'NONE', #2148, #420, #836, .T. ) ;
#274 = VERTEX_POINT ( 'NONE', #2382 ) ;
#275 = DIRECTION ( 'NONE',  ( 0.0000000000000000000, 0.0000000000000000000, 1.000000000000000000 ) ) ;
#276 = DIRECTION ( 'NONE',  ( 0.0000000000000000000, 0.0000000000000000000, 1.000000000000000000 ) ) ;
#277 = EDGE_CURVE ( 'NONE', #998, #1700, #29, .T. ) ;
#278 = EDGE_LOOP ( 'NONE', ( #555, #404, #2398, #2761, #1442, #1187 ) ) ;
#279 = DIRECTION ( 'NONE',  ( 0.0000000000000000000, 0.0000000000000000000, -1.000000000000000000 ) ) ;
#280 = DIRECTION ( 'NONE',  ( 0.0000000000000000000, 0.0000000000000000000, -1.000000000000000000 ) ) ;
#281 = VERTEX_POINT ( 'NONE', #796 ) ;
#282 = ORIENTED_EDGE ( 'NONE', *, *, #2503, .T. ) ;
#283 = ORIENTED_EDGE ( 'NONE', *, *, #459, .T. ) ;
#284 = LINE ( 'NONE', #1777, #1628 ) ;
#285 = FILL_AREA_STYLE_COLOUR ( '', #1632 ) ;
#286 = ORIENTED_EDGE ( 'NONE', *, *, #739, .T. ) ;
#287 = EDGE_CURVE ( 'NONE', #2718, #939, #1456, .T. ) ;
#288 = SURFACE_STYLE_USAGE ( .BOTH. , #2039 ) ;
#289 = ORIENTED_EDGE ( 'NONE', *, *, #976, .F. ) ;
#290 = PLANE ( 'NONE',  #2702 ) ;
#291 =( NAMED_UNIT ( * ) PLANE_ANGLE_UNIT ( ) SI_UNIT ( $, .RADIAN. ) );
#292 = VERTEX_POINT ( 'NONE', #2581 ) ;
#293 = LINE ( 'NONE', #2676, #1856 ) ;
#294 = LINE ( 'NONE', #2690, #727 ) ;
#295 = CARTESIAN_POINT ( 'NONE',  ( -1.304999999999999938, 0.4749999999999999778, 0.0000000000000000000 ) ) ;
#296 = ORIENTED_EDGE ( 'NONE', *, *, #2066, .T. ) ;
#297 = CARTESIAN_POINT ( 'NONE',  ( -1.304999999999999938, 0.1749999999999999889, 0.01000000000000000021 ) ) ;
#298 = FACE_OUTER_BOUND ( 'NONE', #189, .T. ) ;
#299 = ORIENTED_EDGE ( 'NONE', *, *, #1361, .T. ) ;
#300 = CARTESIAN_POINT ( 'NONE',  ( -1.204999999999985860, 0.0000000000000000000, 0.01000000000000000021 ) ) ;
#301 = VERTEX_POINT ( 'NONE', #1476 ) ;
#302 = SURFACE_STYLE_FILL_AREA ( #1367 ) ;
#303 = DIRECTION ( 'NONE',  ( 1.000000000000000000, 0.0000000000000000000, 0.0000000000000000000 ) ) ;
#304 = LINE ( 'NONE', #1370, #1867 ) ;
#305 = DIRECTION ( 'NONE',  ( 1.445602896647339903E-16, -1.000000000000000000, 0.0000000000000000000 ) ) ;
#306 = EDGE_CURVE ( 'NONE', #2146, #664, #1653, .T. ) ;
#307 = ORIENTED_EDGE ( 'NONE', *, *, #1928, .F. ) ;
#308 = CIRCLE ( 'NONE', #844, 0.1499999999999999667 ) ;
#309 = DIRECTION ( 'NONE',  ( -1.000000000000000000, 0.0000000000000000000, 0.0000000000000000000 ) ) ;
#310 = PRESENTATION_STYLE_ASSIGNMENT (( #2269 ) ) ;
#311 = AXIS2_PLACEMENT_3D ( 'NONE', #2820, #849, #1725 ) ;
#312 = STYLED_ITEM ( 'NONE', ( #340 ), #499 ) ;
#313 = ORIENTED_EDGE ( 'NONE', *, *, #1010, .T. ) ;
#314 = CIRCLE ( 'NONE', #898, 0.1000000000000000472 ) ;
#315 = PRESENTATION_LAYER_ASSIGNMENT (  '', '', ( #767 ) ) ;
#316 = CARTESIAN_POINT ( 'NONE',  ( -1.505000000000000115, -1.125000000000000000, 0.2030000000000000138 ) ) ;
#317 = ORIENTED_EDGE ( 'NONE', *, *, #2319, .F. ) ;
#318 = VERTEX_POINT ( 'NONE', #186 ) ;
#319 = CARTESIAN_POINT ( 'NONE',  ( 1.204999999999999849, 1.025000000000000133, 0.0000000000000000000 ) ) ;
#320 = CARTESIAN_POINT ( 'NONE',  ( 0.0000000000000000000, 0.4749999999999999778, 0.01000000000000000021 ) ) ;
#321 = EDGE_CURVE ( 'NONE', #2810, #948, #2341, .T. ) ;
#322 = CARTESIAN_POINT ( 'NONE',  ( 0.6500000000000000222, -1.149999999999999911, 0.2030000000000000138 ) ) ;
#323 = EDGE_LOOP ( 'NONE', ( #2077, #2274, #2437, #2675, #11, #711 ) ) ;
#324 = CARTESIAN_POINT ( 'NONE',  ( -1.505000000000000115, 1.125000000000000000, 0.01000000000000000021 ) ) ;
#325 = ORIENTED_EDGE ( 'NONE', *, *, #2729, .F. ) ;
#326 = CARTESIAN_POINT ( 'NONE',  ( 1.304999999999985949, -0.3750000000000000000, 0.2030000000000000138 ) ) ;
#327 = ORIENTED_EDGE ( 'NONE', *, *, #593, .T. ) ;
#328 = CARTESIAN_POINT ( 'NONE',  ( -1.304999999999985949, -0.4749999999999999778, 0.2030000000000000138 ) ) ;
#329 = EDGE_LOOP ( 'NONE', ( #2161, #1980, #2840, #1463 ) ) ;
#330 = CARTESIAN_POINT ( 'NONE',  ( -1.304999999999985949, -0.4749999999999999778, 0.0000000000000000000 ) ) ;
#331 = DIRECTION ( 'NONE',  ( 0.0000000000000000000, 0.0000000000000000000, 1.000000000000000000 ) ) ;
#332 = CARTESIAN_POINT ( 'NONE',  ( -1.304999999999979954, -1.125000000000000000, 0.2030000000000000138 ) ) ;
#333 = EDGE_CURVE ( 'NONE', #2178, #1326, #2112, .T. ) ;
#334 = ORIENTED_EDGE ( 'NONE', *, *, #1495, .T. ) ;
#335 = CARTESIAN_POINT ( 'NONE',  ( -0.7500000000000000000, -1.050000000000000044, 0.2030000000000000138 ) ) ;
#336 = EDGE_CURVE ( 'NONE', #234, #855, #1682, .T. ) ;
#337 = DIRECTION ( 'NONE',  ( 1.000000000000000000, 0.0000000000000000000, 0.0000000000000000000 ) ) ;
#338 = EDGE_CURVE ( 'NONE', #1503, #2396, #596, .T. ) ;
#339 = ORIENTED_EDGE ( 'NONE', *, *, #1128, .T. ) ;
#340 = PRESENTATION_STYLE_ASSIGNMENT (( #2275 ) ) ;
#341 = EDGE_LOOP ( 'NONE', ( #1519, #2466, #1368, #1280 ) ) ;
#342 = CARTESIAN_POINT ( 'NONE',  ( 1.500000000000000000, -0.8249999999999999556, 0.9000000000000000222 ) ) ;
#343 = LINE ( 'NONE', #1465, #1175 ) ;
#344 = DIRECTION ( 'NONE',  ( 0.0000000000000000000, 0.0000000000000000000, -1.000000000000000000 ) ) ;
#345 = ORIENTED_EDGE ( 'NONE', *, *, #2541, .F. ) ;
#346 = DIRECTION ( 'NONE',  ( 1.445602896647339903E-16, -1.000000000000000000, 0.0000000000000000000 ) ) ;
#347 = VECTOR ( 'NONE', #2034, 1000.000000000000000 ) ;
#348 = PRESENTATION_LAYER_ASSIGNMENT (  '', '', ( #359 ) ) ;
#349 = VERTEX_POINT ( 'NONE', #1522 ) ;
#350 = DIRECTION ( 'NONE',  ( 0.0000000000000000000, 0.0000000000000000000, -1.000000000000000000 ) ) ;
#351 = VECTOR ( 'NONE', #759, 1000.000000000000000 ) ;
#352 = ADVANCED_FACE ( 'NONE', ( #864 ), #1739, .T. ) ;
#353 = AXIS2_PLACEMENT_3D ( 'NONE', #1268, #1242, #1459 ) ;
#354 = CIRCLE ( 'NONE', #2829, 0.1000000000000000472 ) ;
#355 = VERTEX_POINT ( 'NONE', #1088 ) ;
#356 = EDGE_CURVE ( 'NONE', #2248, #687, #255, .T. ) ;
#357 = FACE_OUTER_BOUND ( 'NONE', #1316, .T. ) ;
#358 = CIRCLE ( 'NONE', #130, 0.1499999999999999667 ) ;
#359 = STYLED_ITEM ( 'NONE', ( #2634 ), #990 ) ;
#360 = ORIENTED_EDGE ( 'NONE', *, *, #1238, .T. ) ;
#361 = CIRCLE ( 'NONE', #2096, 0.1000000000000000472 ) ;
#362 = DIRECTION ( 'NONE',  ( 0.0000000000000000000, 0.0000000000000000000, -1.000000000000000000 ) ) ;
#363 = PLANE ( 'NONE',  #2234 ) ;
#364 = DIRECTION ( 'NONE',  ( -1.000000000000000000, 0.0000000000000000000, 0.0000000000000000000 ) ) ;
#365 = ORIENTED_EDGE ( 'NONE', *, *, #1690, .F. ) ;
#366 = FACE_OUTER_BOUND ( 'NONE', #1841, .T. ) ;
#367 = DIRECTION ( 'NONE',  ( 1.000000000000000000, 0.0000000000000000000, 0.0000000000000000000 ) ) ;
#368 = FILL_AREA_STYLE ('',( #1202 ) ) ;
#369 = EDGE_CURVE ( 'NONE', #948, #1503, #1994, .T. ) ;
#370 = CARTESIAN_POINT ( 'NONE',  ( 1.304999999999999938, 0.8249999999999999556, 0.0000000000000000000 ) ) ;
#371 = EDGE_CURVE ( 'NONE', #2258, #1606, #1119, .T. ) ;
#372 = ORIENTED_EDGE ( 'NONE', *, *, #1462, .T. ) ;
#373 = CARTESIAN_POINT ( 'NONE',  ( 1.304999999999999938, 1.025000000000000133, 0.2030000000000000138 ) ) ;
#374 = CARTESIAN_POINT ( 'NONE',  ( 1.304999999999985949, -0.4749999999999999778, 0.2030000000000000138 ) ) ;
#375 = CARTESIAN_POINT ( 'NONE',  ( -1.500000000000000000, 0.8249999999999999556, 0.2030000000000000138 ) ) ;
#376 = VERTEX_POINT ( 'NONE', #1136 ) ;
#377 = DIRECTION ( 'NONE',  ( 1.000000000000000000, 1.517883041479705577E-14, 0.0000000000000000000 ) ) ;
#378 = DIRECTION ( 'NONE',  ( 0.0000000000000000000, 0.0000000000000000000, -1.000000000000000000 ) ) ;
#379 = ORIENTED_EDGE ( 'NONE', *, *, #1995, .T. ) ;
#380 = LINE ( 'NONE', #168, #2780 ) ;
#381 = LINE ( 'NONE', #2325, #2419 ) ;
#382 = LINE ( 'NONE', #1006, #1757 ) ;
#383 = ORIENTED_EDGE ( 'NONE', *, *, #610, .T. ) ;
#384 = DIRECTION ( 'NONE',  ( 1.000000000000000000, 0.0000000000000000000, 0.0000000000000000000 ) ) ;
#385 = EDGE_CURVE ( 'NONE', #2737, #736, #2004, .T. ) ;
#386 = ORIENTED_EDGE ( 'NONE', *, *, #2225, .F. ) ;
#387 = VECTOR ( 'NONE', #559, 1000.000000000000000 ) ;
#388 = SURFACE_STYLE_FILL_AREA ( #1470 ) ;
#389 = VERTEX_POINT ( 'NONE', #1508 ) ;
#390 = CARTESIAN_POINT ( 'NONE',  ( 1.304999999999999938, 0.8249999999999999556, 0.01000000000000000021 ) ) ;
#391 = AXIS2_PLACEMENT_3D ( 'NONE', #586, #2774, #2351 ) ;
#392 = AXIS2_PLACEMENT_3D ( 'NONE', #940, #547, #114 ) ;
#393 = AXIS2_PLACEMENT_3D ( 'NONE', #2453, #2185, #14 ) ;
#394 = DIRECTION ( 'NONE',  ( 0.0000000000000000000, 0.0000000000000000000, 1.000000000000000000 ) ) ;
#395 = AXIS2_PLACEMENT_3D ( 'NONE', #1981, #2438, #2425 ) ;
#396 =( GEOMETRIC_REPRESENTATION_CONTEXT ( 3 ) GLOBAL_UNCERTAINTY_ASSIGNED_CONTEXT ( ( #1511 ) ) GLOBAL_UNIT_ASSIGNED_CONTEXT ( ( #1331, #2636, #251 ) ) REPRESENTATION_CONTEXT ( 'NONE', 'WORKASPACE' ) );
#397 = ORIENTED_EDGE ( 'NONE', *, *, #1970, .T. ) ;
#398 = CARTESIAN_POINT ( 'NONE',  ( 1.204999999999999849, 0.9250000000000000444, 0.01000000000000000021 ) ) ;
#399 = AXIS2_PLACEMENT_3D ( 'NONE', #838, #1240, #598 ) ;
#400 = CARTESIAN_POINT ( 'NONE',  ( 1.204999999999979865, -1.025000000000000133, 0.0000000000000000000 ) ) ;
#401 = CIRCLE ( 'NONE', #2329, 0.1000000000000000472 ) ;
#402 = LINE ( 'NONE', #145, #1299 ) ;
#403 = VECTOR ( 'NONE', #2021, 1000.000000000000000 ) ;
#404 = ORIENTED_EDGE ( 'NONE', *, *, #1336, .T. ) ;
#405 = EDGE_CURVE ( 'NONE', #1696, #2667, #1349, .T. ) ;
#406 = CARTESIAN_POINT ( 'NONE',  ( 1.500000000000000000, 1.500000000000000000, 0.9000000000000000222 ) ) ;
#407 = ORIENTED_EDGE ( 'NONE', *, *, #2697, .T. ) ;
#408 = CARTESIAN_POINT ( 'NONE',  ( 0.6500000000000000222, 1.149999999999999911, 0.2030000000000000138 ) ) ;
#409 = EDGE_LOOP ( 'NONE', ( #296, #230, #2545, #965 ) ) ;
#410 = DIRECTION ( 'NONE',  ( 0.0000000000000000000, 0.0000000000000000000, -1.000000000000000000 ) ) ;
#411 = ORIENTED_EDGE ( 'NONE', *, *, #1687, .T. ) ;
#412 = CARTESIAN_POINT ( 'NONE',  ( 0.0000000000000000000, 0.0000000000000000000, 0.01000000000000000021 ) ) ;
#413 = EDGE_LOOP ( 'NONE', ( #1762, #243, #978, #48 ) ) ;
#414 = DIRECTION ( 'NONE',  ( 0.0000000000000000000, 0.0000000000000000000, -1.000000000000000000 ) ) ;
#415 = DIRECTION ( 'NONE',  ( 0.0000000000000000000, -1.000000000000000000, 0.0000000000000000000 ) ) ;
#416 = DIRECTION ( 'NONE',  ( 0.0000000000000000000, 0.0000000000000000000, -1.000000000000000000 ) ) ;
#417 = PLANE ( 'NONE',  #32 ) ;
#418 = CARTESIAN_POINT ( 'NONE',  ( 1.500000000000000000, 1.125000000000000000, 0.01000000000000000021 ) ) ;
#419 = ORIENTED_EDGE ( 'NONE', *, *, #722, .T. ) ;
#420 = VERTEX_POINT ( 'NONE', #1540 ) ;
#421 = CARTESIAN_POINT ( 'NONE',  ( 1.304999999999985949, -0.3750000000000000000, 0.01000000000000000021 ) ) ;
#422 = ADVANCED_FACE ( 'NONE', ( #2212 ), #441, .F. ) ;
#423 = ORIENTED_EDGE ( 'NONE', *, *, #2729, .T. ) ;
#424 = CARTESIAN_POINT ( 'NONE',  ( 1.304999999999985949, -0.4749999999999999778, 0.2030000000000000138 ) ) ;
#425 = VERTEX_POINT ( 'NONE', #876 ) ;
#426 = CARTESIAN_POINT ( 'NONE',  ( 1.304999999999999938, 0.4749999999999999778, 0.2030000000000000138 ) ) ;
#427 = CYLINDRICAL_SURFACE ( 'NONE', #2333, 0.1000000000000000472 ) ;
#428 = CARTESIAN_POINT ( 'NONE',  ( -1.505000000000000115, -0.8249999999999999556, 0.0000000000000000000 ) ) ;
#429 = ORIENTED_EDGE ( 'NONE', *, *, #2697, .F. ) ;
#430 = LINE ( 'NONE', #2155, #2000 ) ;
#431 = DIRECTION ( 'NONE',  ( 0.0000000000000000000, 0.0000000000000000000, 1.000000000000000000 ) ) ;
#432 = VERTEX_POINT ( 'NONE', #2823 ) ;
#433 = CARTESIAN_POINT ( 'NONE',  ( 1.204999999999985860, -0.2750000000000000222, 0.2030000000000000138 ) ) ;
#434 = EDGE_CURVE ( 'NONE', #111, #2632, #1783, .T. ) ;
#435 = DIRECTION ( 'NONE',  ( 0.0000000000000000000, 0.0000000000000000000, -1.000000000000000000 ) ) ;
#436 = VECTOR ( 'NONE', #1588, 1000.000000000000000 ) ;
#437 = ORIENTED_EDGE ( 'NONE', *, *, #1573, .T. ) ;
#438 = EDGE_CURVE ( 'NONE', #1430, #1892, #28, .T. ) ;
#439 = LINE ( 'NONE', #834, #1480 ) ;
#440 = CARTESIAN_POINT ( 'NONE',  ( 1.505000000000000115, -0.1749999999999999889, 0.2030000000000000138 ) ) ;
#441 = PLANE ( 'NONE',  #984 ) ;
#442 = AXIS2_PLACEMENT_3D ( 'NONE', #1133, #275, #2312 ) ;
#443 = VECTOR ( 'NONE', #2673, 1000.000000000000000 ) ;
#444 = EDGE_LOOP ( 'NONE', ( #567, #2216, #2492, #648 ) ) ;
#445 = VECTOR ( 'NONE', #2831, 1000.000000000000000 ) ;
#446 = VECTOR ( 'NONE', #1517, 1000.000000000000000 ) ;
#447 = DIRECTION ( 'NONE',  ( -1.445602896647339903E-16, 1.000000000000000000, 0.0000000000000000000 ) ) ;
#448 = VECTOR ( 'NONE', #1774, 1000.000000000000000 ) ;
#449 = ORIENTED_EDGE ( 'NONE', *, *, #434, .F. ) ;
#450 = AXIS2_PLACEMENT_3D ( 'NONE', #115, #2536, #1400 ) ;
#451 = CARTESIAN_POINT ( 'NONE',  ( 1.500000000000000000, 0.8249999999999999556, 0.9000000000000000222 ) ) ;
#452 = VERTEX_POINT ( 'NONE', #428 ) ;
#453 = FILL_AREA_STYLE ('',( #2403 ) ) ;
#454 = EDGE_CURVE ( 'NONE', #1183, #200, #1752, .T. ) ;
#455 = ORIENTED_EDGE ( 'NONE', *, *, #1835, .T. ) ;
#456 = DIRECTION ( 'NONE',  ( 0.0000000000000000000, 0.0000000000000000000, 1.000000000000000000 ) ) ;
#457 = LINE ( 'NONE', #1118, #541 ) ;
#458 = CARTESIAN_POINT ( 'NONE',  ( 1.304999999999999938, 0.4749999999999999778, 0.0000000000000000000 ) ) ;
#459 = EDGE_CURVE ( 'NONE', #1276, #998, #2165, .T. ) ;
#460 = VERTEX_POINT ( 'NONE', #853 ) ;
#461 = LINE ( 'NONE', #2830, #2521 ) ;
#462 = LINE ( 'NONE', #1986, #445 ) ;
#463 = EDGE_CURVE ( 'NONE', #1142, #1587, #1292, .T. ) ;
#464 = ORIENTED_EDGE ( 'NONE', *, *, #233, .T. ) ;
#465 = PLANE ( 'NONE',  #165 ) ;
#466 = CARTESIAN_POINT ( 'NONE',  ( -1.304999999999985949, -0.2750000000000000222, 0.0000000000000000000 ) ) ;
#467 = SURFACE_STYLE_USAGE ( .BOTH. , #2149 ) ;
#468 = EDGE_LOOP ( 'NONE', ( #480, #2451 ) ) ;
#469 = LINE ( 'NONE', #620, #1216 ) ;
#470 = DIRECTION ( 'NONE',  ( 1.000000000000000000, 0.0000000000000000000, 0.0000000000000000000 ) ) ;
#471 = CARTESIAN_POINT ( 'NONE',  ( 1.204999999999979865, -1.025000000000000133, 0.2030000000000000138 ) ) ;
#472 = DIRECTION ( 'NONE',  ( 0.0000000000000000000, 0.0000000000000000000, -1.000000000000000000 ) ) ;
#473 = LINE ( 'NONE', #2201, #219 ) ;
#474 = EDGE_CURVE ( 'NONE', #2667, #301, #1810, .T. ) ;
#475 = ORIENTED_EDGE ( 'NONE', *, *, #1007, .T. ) ;
#476 = EDGE_LOOP ( 'NONE', ( #1414, #1362, #1778, #1509 ) ) ;
#477 = FACE_OUTER_BOUND ( 'NONE', #444, .T. ) ;
#478 = ADVANCED_FACE ( 'NONE', ( #1955 ), #210, .F. ) ;
#479 = PLANE ( 'NONE',  #205 ) ;
#480 = ORIENTED_EDGE ( 'NONE', *, *, #1420, .F. ) ;
#481 =( LENGTH_UNIT ( ) NAMED_UNIT ( * ) SI_UNIT ( .MILLI., .METRE. ) );
#482 = VERTEX_POINT ( 'NONE', #458 ) ;
#483 = FACE_OUTER_BOUND ( 'NONE', #2812, .T. ) ;
#484 = LINE ( 'NONE', #543, #1178 ) ;
#485 = CARTESIAN_POINT ( 'NONE',  ( -1.304999999999999938, 0.8249999999999999556, 0.2030000000000000138 ) ) ;
#486 = VECTOR ( 'NONE', #1958, 1000.000000000000000 ) ;
#487 = ORIENTED_EDGE ( 'NONE', *, *, #2484, .T. ) ;
#488 = DIRECTION ( 'NONE',  ( 1.000000000000000000, 0.0000000000000000000, 0.0000000000000000000 ) ) ;
#489 = CARTESIAN_POINT ( 'NONE',  ( 1.204999999999985860, -0.2750000000000000222, 0.0000000000000000000 ) ) ;
#490 = AXIS2_PLACEMENT_3D ( 'NONE', #100, #756, #2505 ) ;
#491 = ORIENTED_EDGE ( 'NONE', *, *, #1888, .T. ) ;
#492 = CIRCLE ( 'NONE', #1997, 0.1499999999999999667 ) ;
#493 = EDGE_CURVE ( 'NONE', #1347, #880, #2198, .T. ) ;
#494 = EDGE_LOOP ( 'NONE', ( #1141, #2827, #1254, #2213 ) ) ;
#495 = LINE ( 'NONE', #1962, #85 ) ;
#496 = VECTOR ( 'NONE', #656, 1000.000000000000000 ) ;
#497 =( GEOMETRIC_REPRESENTATION_CONTEXT ( 3 ) GLOBAL_UNCERTAINTY_ASSIGNED_CONTEXT ( ( #1799 ) ) GLOBAL_UNIT_ASSIGNED_CONTEXT ( ( #2401, #2192, #1515 ) ) REPRESENTATION_CONTEXT ( 'NONE', 'WORKASPACE' ) );
#498 = CARTESIAN_POINT ( 'NONE',  ( 1.500000000000000000, -1.125000000000000000, 0.2030000000000000138 ) ) ;
#499 = ADVANCED_FACE ( 'NONE', ( #1335 ), #1983, .F. ) ;
#500 = AXIS2_PLACEMENT_3D ( 'NONE', #2189, #1081, #1959 ) ;
#501 = ORIENTED_EDGE ( 'NONE', *, *, #1022, .F. ) ;
#502 = FACE_OUTER_BOUND ( 'NONE', #2195, .T. ) ;
#503 = EDGE_CURVE ( 'NONE', #1698, #1318, #1531, .T. ) ;
#504 = ORIENTED_EDGE ( 'NONE', *, *, #2335, .T. ) ;
#505 = CARTESIAN_POINT ( 'NONE',  ( 1.505000000000000115, 0.8249999999999999556, 0.0000000000000000000 ) ) ;
#506 = ORIENTED_EDGE ( 'NONE', *, *, #1364, .F. ) ;
#507 = LINE ( 'NONE', #956, #1298 ) ;
#508 = CARTESIAN_POINT ( 'NONE',  ( 1.304999999999985949, -0.2750000000000000222, 0.0000000000000000000 ) ) ;
#509 = LINE ( 'NONE', #2527, #1935 ) ;
#510 = VERTEX_POINT ( 'NONE', #1795 ) ;
#511 = CARTESIAN_POINT ( 'NONE',  ( -1.505000000000000115, -0.8249999999999999556, 0.0000000000000000000 ) ) ;
#512 = CARTESIAN_POINT ( 'NONE',  ( 1.304999999999979954, -0.9250000000000000444, 0.0000000000000000000 ) ) ;
#513 = EDGE_LOOP ( 'NONE', ( #1031, #812, #750, #237 ) ) ;
#514 = DIRECTION ( 'NONE',  ( 0.0000000000000000000, 0.0000000000000000000, 1.000000000000000000 ) ) ;
#515 = ORIENTED_EDGE ( 'NONE', *, *, #1547, .F. ) ;
#516 =( NAMED_UNIT ( * ) SI_UNIT ( $, .STERADIAN. ) SOLID_ANGLE_UNIT ( ) );
#517 = EDGE_CURVE ( 'NONE', #2737, #2304, #1585, .T. ) ;
#518 = CARTESIAN_POINT ( 'NONE',  ( 0.0000000000000000000, -1.125000000000000000, 0.01000000000000000021 ) ) ;
#519 = UNCERTAINTY_MEASURE_WITH_UNIT (LENGTH_MEASURE( 1.000000000000000082E-05 ), #2474, 'distance_accuracy_value', 'NONE');
#520 = DIRECTION ( 'NONE',  ( 1.000000000000000000, 0.0000000000000000000, 0.0000000000000000000 ) ) ;
#521 = LINE ( 'NONE', #1418, #660 ) ;
#522 = VERTEX_POINT ( 'NONE', #2291 ) ;
#523 = CYLINDRICAL_SURFACE ( 'NONE', #2276, 0.1000000000000000472 ) ;
#524 = LINE ( 'NONE', #43, #1076 ) ;
#525 = ORIENTED_EDGE ( 'NONE', *, *, #1054, .F. ) ;
#526 = LINE ( 'NONE', #316, #2089 ) ;
#527 = ORIENTED_EDGE ( 'NONE', *, *, #2389, .F. ) ;
#528 = EDGE_CURVE ( 'NONE', #1347, #1487, #2250, .T. ) ;
#529 = VERTEX_POINT ( 'NONE', #1194 ) ;
#530 = CARTESIAN_POINT ( 'NONE',  ( -1.199999999999999956, 1.199999999999999956, 0.9000000000000000222 ) ) ;
#531 = DIRECTION ( 'NONE',  ( 0.0000000000000000000, 0.0000000000000000000, -1.000000000000000000 ) ) ;
#532 = LINE ( 'NONE', #116, #387 ) ;
#533 = ORIENTED_EDGE ( 'NONE', *, *, #816, .F. ) ;
#534 = VECTOR ( 'NONE', #1842, 1000.000000000000000 ) ;
#535 = VECTOR ( 'NONE', #699, 1000.000000000000000 ) ;
#536 = VECTOR ( 'NONE', #2767, 1000.000000000000000 ) ;
#537 = EDGE_LOOP ( 'NONE', ( #264, #1948, #1049, #1132, #360, #1207 ) ) ;
#538 = AXIS2_PLACEMENT_3D ( 'NONE', #2298, #138, #2068 ) ;
#539 = PRESENTATION_LAYER_ASSIGNMENT (  '', '', ( #1534 ) ) ;
#540 = CARTESIAN_POINT ( 'NONE',  ( -1.304999999999985949, -0.3750000000000000000, 0.0000000000000000000 ) ) ;
#541 = VECTOR ( 'NONE', #1967, 1000.000000000000000 ) ;
#542 = MECHANICAL_DESIGN_GEOMETRIC_PRESENTATION_REPRESENTATION (  '', ( #1312 ), #2136 ) ;
#543 = CARTESIAN_POINT ( 'NONE',  ( -1.505000000000000115, 0.1749999999999999889, 0.2030000000000000138 ) ) ;
#544 = DIRECTION ( 'NONE',  ( -1.000000000000000000, 0.0000000000000000000, 0.0000000000000000000 ) ) ;
#545 = EDGE_CURVE ( 'NONE', #1683, #1195, #2072, .T. ) ;
#546 = EDGE_LOOP ( 'NONE', ( #1313, #397, #968, #829 ) ) ;
#547 = DIRECTION ( 'NONE',  ( 0.0000000000000000000, 0.0000000000000000000, 1.000000000000000000 ) ) ;
#548 = LINE ( 'NONE', #1416, #1902 ) ;
#549 = PLANE ( 'NONE',  #1988 ) ;
#550 = EDGE_CURVE ( 'NONE', #318, #91, #1812, .T. ) ;
#551 = ORIENTED_EDGE ( 'NONE', *, *, #816, .T. ) ;
#552 = DIRECTION ( 'NONE',  ( 0.0000000000000000000, 0.0000000000000000000, -1.000000000000000000 ) ) ;
#553 = ADVANCED_FACE ( 'NONE', ( #771 ), #2030, .F. ) ;
#554 = CARTESIAN_POINT ( 'NONE',  ( 1.304999999999999938, 1.125000000000000000, 0.0000000000000000000 ) ) ;
#555 = ORIENTED_EDGE ( 'NONE', *, *, #229, .F. ) ;
#556 = ORIENTED_EDGE ( 'NONE', *, *, #1886, .F. ) ;
#557 = FILL_AREA_STYLE ('',( #1464 ) ) ;
#558 = CARTESIAN_POINT ( 'NONE',  ( -1.500000000000000000, 0.4749999999999999778, 0.9000000000000000222 ) ) ;
#559 = DIRECTION ( 'NONE',  ( -1.000000000000000000, 0.0000000000000000000, 0.0000000000000000000 ) ) ;
#560 = ORIENTED_EDGE ( 'NONE', *, *, #503, .F. ) ;
#561 = ADVANCED_FACE ( 'NONE', ( #1394 ), #967, .F. ) ;
#562 = DIRECTION ( 'NONE',  ( 1.000000000000000000, 0.0000000000000000000, 0.0000000000000000000 ) ) ;
#563 = EDGE_CURVE ( 'NONE', #2799, #692, #1223, .T. ) ;
#564 = PRESENTATION_STYLE_ASSIGNMENT (( #910 ) ) ;
#565 = ORIENTED_EDGE ( 'NONE', *, *, #2012, .T. ) ;
#566 = DIRECTION ( 'NONE',  ( 0.0000000000000000000, 1.000000000000000000, 0.0000000000000000000 ) ) ;
#567 = ORIENTED_EDGE ( 'NONE', *, *, #2467, .T. ) ;
#568 = CARTESIAN_POINT ( 'NONE',  ( -1.204999999999985860, -0.2750000000000000222, 0.01000000000000000021 ) ) ;
#569 = ORIENTED_EDGE ( 'NONE', *, *, #1361, .F. ) ;
#570 = CARTESIAN_POINT ( 'NONE',  ( -1.304999999999985949, -0.1749999999999999889, 0.2030000000000000138 ) ) ;
#571 = ADVANCED_FACE ( 'NONE', ( #1918 ), #1701, .F. ) ;
#572 = STYLED_ITEM ( 'NONE', ( #310 ), #1163 ) ;
#573 = CARTESIAN_POINT ( 'NONE',  ( 1.505000000000000115, -1.125000000000000000, 0.2030000000000000138 ) ) ;
#574 = AXIS2_PLACEMENT_3D ( 'NONE', #2442, #1090, #1337 ) ;
#575 = AXIS2_PLACEMENT_3D ( 'NONE', #1855, #1162, #544 ) ;
#576 = PRESENTATION_STYLE_ASSIGNMENT (( #1686 ) ) ;
#577 = EDGE_CURVE ( 'NONE', #2046, #2404, #1232, .T. ) ;
#578 = VECTOR ( 'NONE', #677, 1000.000000000000000 ) ;
#579 = VECTOR ( 'NONE', #1068, 1000.000000000000000 ) ;
#580 = LINE ( 'NONE', #2568, #2703 ) ;
#581 = AXIS2_PLACEMENT_3D ( 'NONE', #20, #1758, #1991 ) ;
#582 = EDGE_LOOP ( 'NONE', ( #1382, #1793, #2271, #491 ) ) ;
#583 = CIRCLE ( 'NONE', #2834, 0.1000000000000000472 ) ;
#584 = PLANE ( 'NONE',  #1809 ) ;
#585 = DIRECTION ( 'NONE',  ( 1.000000000000000000, 1.758165685111629851E-16, 0.0000000000000000000 ) ) ;
#586 = CARTESIAN_POINT ( 'NONE',  ( -1.304999999999999938, 0.9250000000000000444, 0.0000000000000000000 ) ) ;
#587 =( GEOMETRIC_REPRESENTATION_CONTEXT ( 3 ) GLOBAL_UNCERTAINTY_ASSIGNED_CONTEXT ( ( #519 ) ) GLOBAL_UNIT_ASSIGNED_CONTEXT ( ( #2474, #2490, #755 ) ) REPRESENTATION_CONTEXT ( 'NONE', 'WORKASPACE' ) );
#588 = CARTESIAN_POINT ( 'NONE',  ( 1.304999999999999938, 0.8249999999999999556, 0.0000000000000000000 ) ) ;
#589 = DIRECTION ( 'NONE',  ( 0.0000000000000000000, 0.0000000000000000000, -1.000000000000000000 ) ) ;
#590 = ADVANCED_FACE ( 'NONE', ( #2118 ), #2137, .F. ) ;
#591 = FACE_OUTER_BOUND ( 'NONE', #2070, .T. ) ;
#592 = ORIENTED_EDGE ( 'NONE', *, *, #1308, .F. ) ;
#593 = EDGE_CURVE ( 'NONE', #818, #1977, #2759, .T. ) ;
#594 = PLANE ( 'NONE',  #1941 ) ;
#595 = DIRECTION ( 'NONE',  ( 0.0000000000000000000, 1.000000000000000000, 0.0000000000000000000 ) ) ;
#596 = LINE ( 'NONE', #2121, #2321 ) ;
#597 = VERTEX_POINT ( 'NONE', #2553 ) ;
#598 = DIRECTION ( 'NONE',  ( -1.000000000000000000, 0.0000000000000000000, 0.0000000000000000000 ) ) ;
#599 = FILL_AREA_STYLE_COLOUR ( '', #1302 ) ;
#600 = FACE_OUTER_BOUND ( 'NONE', #329, .T. ) ;
#601 = DIRECTION ( 'NONE',  ( 0.0000000000000000000, 0.0000000000000000000, -1.000000000000000000 ) ) ;
#602 = EDGE_CURVE ( 'NONE', #952, #460, #1712, .T. ) ;
#603 = ORIENTED_EDGE ( 'NONE', *, *, #1225, .T. ) ;
#604 = FACE_OUTER_BOUND ( 'NONE', #2584, .T. ) ;
#605 = CARTESIAN_POINT ( 'NONE',  ( -0.6500000000000000222, -1.050000000000000044, 0.0000000000000000000 ) ) ;
#606 = DIRECTION ( 'NONE',  ( 0.0000000000000000000, 0.0000000000000000000, -1.000000000000000000 ) ) ;
#607 = ADVANCED_FACE ( 'NONE', ( #357 ), #1002, .F. ) ;
#608 = ORIENTED_EDGE ( 'NONE', *, *, #2035, .F. ) ;
#609 = PLANE ( 'NONE',  #2746 ) ;
#610 = EDGE_CURVE ( 'NONE', #2523, #432, #1688, .T. ) ;
#611 = VERTEX_POINT ( 'NONE', #370 ) ;
#612 = LINE ( 'NONE', #408, #1586 ) ;
#613 = VERTEX_POINT ( 'NONE', #2346 ) ;
#614 = FILL_AREA_STYLE_COLOUR ( '', #1949 ) ;
#615 = VERTEX_POINT ( 'NONE', #1244 ) ;
#616 = VECTOR ( 'NONE', #874, 1000.000000000000000 ) ;
#617 = DIRECTION ( 'NONE',  ( 0.0000000000000000000, 0.0000000000000000000, 1.000000000000000000 ) ) ;
#618 = AXIS2_PLACEMENT_3D ( 'NONE', #2624, #647, #1765 ) ;
#619 = ORIENTED_EDGE ( 'NONE', *, *, #356, .F. ) ;
#620 = CARTESIAN_POINT ( 'NONE',  ( -1.505000000000000115, 1.125000000000000000, 0.2030000000000000138 ) ) ;
#621 = VECTOR ( 'NONE', #2114, 1000.000000000000000 ) ;
#622 = EDGE_CURVE ( 'NONE', #1636, #2683, #1660, .T. ) ;
#623 = DIRECTION ( 'NONE',  ( 0.0000000000000000000, 0.0000000000000000000, -1.000000000000000000 ) ) ;
#624 = CIRCLE ( 'NONE', #2279, 0.1000000000000000472 ) ;
#625 = DIRECTION ( 'NONE',  ( 0.0000000000000000000, -1.000000000000000000, 0.0000000000000000000 ) ) ;
#626 = UNCERTAINTY_MEASURE_WITH_UNIT (LENGTH_MEASURE( 1.000000000000000082E-05 ), #906, 'distance_accuracy_value', 'NONE');
#627 = LINE ( 'NONE', #798, #2561 ) ;
#628 = EDGE_CURVE ( 'NONE', #1159, #207, #580, .T. ) ;
#629 = PRESENTATION_LAYER_ASSIGNMENT (  '', '', ( #1312 ) ) ;
#630 = EDGE_LOOP ( 'NONE', ( #1880, #2296, #915, #2315, #2062, #449 ) ) ;
#631 = DIRECTION ( 'NONE',  ( -1.000000000000000000, 0.0000000000000000000, 0.0000000000000000000 ) ) ;
#632 = EDGE_CURVE ( 'NONE', #425, #2109, #164, .T. ) ;
#633 = ORIENTED_EDGE ( 'NONE', *, *, #371, .F. ) ;
#634 = DIRECTION ( 'NONE',  ( 0.0000000000000000000, -1.000000000000000000, 0.0000000000000000000 ) ) ;
#635 = ORIENTED_EDGE ( 'NONE', *, *, #2623, .F. ) ;
#636 = CARTESIAN_POINT ( 'NONE',  ( 1.304999999999999938, 0.1749999999999999889, 0.0000000000000000000 ) ) ;
#637 = EDGE_LOOP ( 'NONE', ( #783, #691, #1785, #1781, #533, #1228 ) ) ;
#638 = PLANE ( 'NONE',  #442 ) ;
#639 = DIRECTION ( 'NONE',  ( -1.000000000000000000, 0.0000000000000000000, 0.0000000000000000000 ) ) ;
#640 = CARTESIAN_POINT ( 'NONE',  ( 0.0000000000000000000, -0.8249999999999999556, 0.01000000000000000021 ) ) ;
#641 = DIRECTION ( 'NONE',  ( -1.000000000000000000, -1.445602896647339903E-16, 0.0000000000000000000 ) ) ;
#642 = FACE_OUTER_BOUND ( 'NONE', #2496, .T. ) ;
#643 = EDGE_CURVE ( 'NONE', #597, #2775, #2336, .T. ) ;
#644 = ORIENTED_EDGE ( 'NONE', *, *, #2310, .T. ) ;
#645 = DIRECTION ( 'NONE',  ( 0.0000000000000000000, 0.0000000000000000000, 1.000000000000000000 ) ) ;
#646 = ADVANCED_FACE ( 'NONE', ( #591 ), #182, .F. ) ;
#647 = DIRECTION ( 'NONE',  ( 0.0000000000000000000, 0.0000000000000000000, -1.000000000000000000 ) ) ;
#648 = ORIENTED_EDGE ( 'NONE', *, *, #997, .T. ) ;
#649 = DIRECTION ( 'NONE',  ( 0.0000000000000000000, 0.0000000000000000000, -1.000000000000000000 ) ) ;
#650 = DIRECTION ( 'NONE',  ( 0.0000000000000000000, 0.0000000000000000000, 1.000000000000000000 ) ) ;
#651 = DIRECTION ( 'NONE',  ( -1.000000000000000000, 0.0000000000000000000, 0.0000000000000000000 ) ) ;
#652 = ORIENTED_EDGE ( 'NONE', *, *, #1325, .F. ) ;
#653 = PLANE ( 'NONE',  #574 ) ;
#654 = LINE ( 'NONE', #1525, #2132 ) ;
#655 = VERTEX_POINT ( 'NONE', #1906 ) ;
#656 = DIRECTION ( 'NONE',  ( 0.0000000000000000000, 1.000000000000000000, 0.0000000000000000000 ) ) ;
#657 = ADVANCED_FACE ( 'NONE', ( #817 ), #2108, .T. ) ;
#658 = DIRECTION ( 'NONE',  ( 0.0000000000000000000, 1.000000000000000000, 0.0000000000000000000 ) ) ;
#659 = VECTOR ( 'NONE', #1155, 1000.000000000000000 ) ;
#660 = VECTOR ( 'NONE', #1644, 1000.000000000000000 ) ;
#661 = DIRECTION ( 'NONE',  ( 0.0000000000000000000, -1.000000000000000000, 0.0000000000000000000 ) ) ;
#662 = STYLED_ITEM ( 'NONE', ( #2349 ), #1518 ) ;
#663 = AXIS2_PLACEMENT_3D ( 'NONE', #1693, #1922, #2593 ) ;
#664 = VERTEX_POINT ( 'NONE', #2781 ) ;
#665 = CARTESIAN_POINT ( 'NONE',  ( -1.500000000000000000, 1.500000000000000000, 0.2030000000000000138 ) ) ;
#666 = CARTESIAN_POINT ( 'NONE',  ( -1.304999999999979954, -0.9250000000000000444, 0.0000000000000000000 ) ) ;
#667 = EDGE_CURVE ( 'NONE', #880, #719, #805, .T. ) ;
#668 = DIRECTION ( 'NONE',  ( 1.000000000000000000, 0.0000000000000000000, 0.0000000000000000000 ) ) ;
#669 = AXIS2_PLACEMENT_3D ( 'NONE', #1011, #2356, #631 ) ;
#670 = ORIENTED_EDGE ( 'NONE', *, *, #1225, .F. ) ;
#671 = VECTOR ( 'NONE', #1804, 1000.000000000000000 ) ;
#672 = VECTOR ( 'NONE', #1610, 1000.000000000000000 ) ;
#673 = LINE ( 'NONE', #2430, #486 ) ;
#674 = CARTESIAN_POINT ( 'NONE',  ( -1.505000000000000115, -0.4749999999999999778, 0.0000000000000000000 ) ) ;
#675 = VECTOR ( 'NONE', #1831, 1000.000000000000000 ) ;
#676 = ORIENTED_EDGE ( 'NONE', *, *, #2484, .F. ) ;
#677 = DIRECTION ( 'NONE',  ( 1.000000000000000000, 0.0000000000000000000, 0.0000000000000000000 ) ) ;
#678 = PLANE ( 'NONE',  #852 ) ;
#679 = ORIENTED_EDGE ( 'NONE', *, *, #1672, .F. ) ;
#680 = FACE_OUTER_BOUND ( 'NONE', #839, .T. ) ;
#681 = EDGE_CURVE ( 'NONE', #2807, #349, #47, .T. ) ;
#682 = ORIENTED_EDGE ( 'NONE', *, *, #338, .T. ) ;
#683 = CARTESIAN_POINT ( 'NONE',  ( 1.304999999999999938, 0.3750000000000000000, 0.2030000000000000138 ) ) ;
#684 = CARTESIAN_POINT ( 'NONE',  ( -0.4000000000000000222, 1.149999999999999911, 0.0000000000000000000 ) ) ;
#685 = CARTESIAN_POINT ( 'NONE',  ( -1.304999999999999938, 0.8249999999999999556, 0.2030000000000000138 ) ) ;
#686 = EDGE_CURVE ( 'NONE', #2532, #833, #1317, .T. ) ;
#687 = VERTEX_POINT ( 'NONE', #1504 ) ;
#688 = FACE_OUTER_BOUND ( 'NONE', #30, .T. ) ;
#689 = UNCERTAINTY_MEASURE_WITH_UNIT (LENGTH_MEASURE( 1.000000000000000082E-05 ), #2110, 'distance_accuracy_value', 'NONE');
#690 = DIRECTION ( 'NONE',  ( 1.000000000000000000, 0.0000000000000000000, 0.0000000000000000000 ) ) ;
#691 = ORIENTED_EDGE ( 'NONE', *, *, #463, .T. ) ;
#692 = VERTEX_POINT ( 'NONE', #1779 ) ;
#693 = DIRECTION ( 'NONE',  ( -1.000000000000000000, 0.0000000000000000000, 0.0000000000000000000 ) ) ;
#694 =( NAMED_UNIT ( * ) PLANE_ANGLE_UNIT ( ) SI_UNIT ( $, .RADIAN. ) );
#695 = ORIENTED_EDGE ( 'NONE', *, *, #2297, .T. ) ;
#696 = CARTESIAN_POINT ( 'NONE',  ( -1.505000000000000115, 0.1749999999999999889, 0.2030000000000000138 ) ) ;
#697 = ORIENTED_EDGE ( 'NONE', *, *, #754, .F. ) ;
#698 = LINE ( 'NONE', #2300, #2368 ) ;
#699 = DIRECTION ( 'NONE',  ( -1.445602896647339903E-16, 1.000000000000000000, 0.0000000000000000000 ) ) ;
#700 = EDGE_CURVE ( 'NONE', #2367, #2582, #1301, .T. ) ;
#701 = ORIENTED_EDGE ( 'NONE', *, *, #577, .F. ) ;
#702 = DIRECTION ( 'NONE',  ( 0.0000000000000000000, 0.0000000000000000000, -1.000000000000000000 ) ) ;
#703 = CARTESIAN_POINT ( 'NONE',  ( -1.500000000000000000, -0.8249999999999999556, 0.9000000000000000222 ) ) ;
#704 = ORIENTED_EDGE ( 'NONE', *, *, #1930, .F. ) ;
#705 = EDGE_CURVE ( 'NONE', #1858, #818, #1979, .T. ) ;
#706 = ORIENTED_EDGE ( 'NONE', *, *, #268, .F. ) ;
#707 = DIRECTION ( 'NONE',  ( 0.0000000000000000000, 0.0000000000000000000, -1.000000000000000000 ) ) ;
#708 = DIRECTION ( 'NONE',  ( 1.000000000000000000, 0.0000000000000000000, 0.0000000000000000000 ) ) ;
#709 = ORIENTED_EDGE ( 'NONE', *, *, #438, .F. ) ;
#710 = CARTESIAN_POINT ( 'NONE',  ( -1.500000000000000000, -0.4749999999999999778, 0.01000000000000000021 ) ) ;
#711 = ORIENTED_EDGE ( 'NONE', *, *, #2347, .F. ) ;
#712 = CARTESIAN_POINT ( 'NONE',  ( -0.6500000000000000222, -1.149999999999999911, 0.2030000000000000138 ) ) ;
#713 = PRESENTATION_LAYER_ASSIGNMENT (  '', '', ( #572 ) ) ;
#714 = VECTOR ( 'NONE', #1017, 1000.000000000000000 ) ;
#715 = DIRECTION ( 'NONE',  ( 1.000000000000000000, 0.0000000000000000000, 0.0000000000000000000 ) ) ;
#716 = VECTOR ( 'NONE', #1166, 1000.000000000000000 ) ;
#717 = DIRECTION ( 'NONE',  ( 0.0000000000000000000, 0.0000000000000000000, -1.000000000000000000 ) ) ;
#718 = PRESENTATION_LAYER_ASSIGNMENT (  '', '', ( #312 ) ) ;
#719 = VERTEX_POINT ( 'NONE', #2391 ) ;
#720 = AXIS2_PLACEMENT_3D ( 'NONE', #2344, #1903, #1685 ) ;
#721 = VERTEX_POINT ( 'NONE', #636 ) ;
#722 = EDGE_CURVE ( 'NONE', #1165, #355, #1287, .T. ) ;
#723 = DIRECTION ( 'NONE',  ( 0.0000000000000000000, 1.000000000000000000, 0.0000000000000000000 ) ) ;
#724 = AXIS2_PLACEMENT_3D ( 'NONE', #2127, #1035, #2549 ) ;
#725 = VECTOR ( 'NONE', #634, 1000.000000000000000 ) ;
#726 = CARTESIAN_POINT ( 'NONE',  ( 1.505000000000000115, 0.1749999999999999889, 0.0000000000000000000 ) ) ;
#727 = VECTOR ( 'NONE', #1385, 1000.000000000000000 ) ;
#728 = VERTEX_POINT ( 'NONE', #2611 ) ;
#729 = ADVANCED_FACE ( 'NONE', ( #23 ), #2668, .F. ) ;
#730 = FILL_AREA_STYLE_COLOUR ( '', #1814 ) ;
#731 = ORIENTED_EDGE ( 'NONE', *, *, #474, .T. ) ;
#732 = CARTESIAN_POINT ( 'NONE',  ( 1.304999999999979954, -1.125000000000000000, 0.2030000000000000138 ) ) ;
#733 = DIRECTION ( 'NONE',  ( -1.000000000000000000, 0.0000000000000000000, 0.0000000000000000000 ) ) ;
#734 = PLANE ( 'NONE',  #1030 ) ;
#735 = LINE ( 'NONE', #136, #1661 ) ;
#736 = VERTEX_POINT ( 'NONE', #2839 ) ;
#737 = DIRECTION ( 'NONE',  ( -1.000000000000000000, 0.0000000000000000000, 0.0000000000000000000 ) ) ;
#738 = CARTESIAN_POINT ( 'NONE',  ( 1.505000000000000115, -1.125000000000000000, 0.0000000000000000000 ) ) ;
#739 = EDGE_CURVE ( 'NONE', #1430, #2408, #1950, .T. ) ;
#740 = EDGE_LOOP ( 'NONE', ( #1066, #455, #1736, #1161, #2586, #214 ) ) ;
#741 = DIRECTION ( 'NONE',  ( -0.0000000000000000000, 1.000000000000000000, 0.0000000000000000000 ) ) ;
#742 = EDGE_CURVE ( 'NONE', #615, #1599, #2421, .T. ) ;
#743 = ORIENTED_EDGE ( 'NONE', *, *, #2079, .F. ) ;
#744 = LINE ( 'NONE', #2525, #2515 ) ;
#745 = UNCERTAINTY_MEASURE_WITH_UNIT (LENGTH_MEASURE( 1.000000000000000082E-05 ), #160, 'distance_accuracy_value', 'NONE');
#746 = CYLINDRICAL_SURFACE ( 'NONE', #2749, 0.1000000000000000472 ) ;
#747 = FACE_OUTER_BOUND ( 'NONE', #1056, .T. ) ;
#748 = EDGE_LOOP ( 'NONE', ( #2023, #2534, #327, #2154, #2022, #325 ) ) ;
#749 = LINE ( 'NONE', #2078, #1121 ) ;
#750 = ORIENTED_EDGE ( 'NONE', *, *, #63, .F. ) ;
#751 = ADVANCED_FACE ( 'NONE', ( #1085 ), #860, .T. ) ;
#752 = CYLINDRICAL_SURFACE ( 'NONE', #2518, 0.1000000000000000472 ) ;
#753 = ORIENTED_EDGE ( 'NONE', *, *, #997, .F. ) ;
#754 = EDGE_CURVE ( 'NONE', #2190, #58, #1561, .T. ) ;
#755 =( NAMED_UNIT ( * ) SI_UNIT ( $, .STERADIAN. ) SOLID_ANGLE_UNIT ( ) );
#756 = DIRECTION ( 'NONE',  ( 0.0000000000000000000, 0.0000000000000000000, 1.000000000000000000 ) ) ;
#757 = ORIENTED_EDGE ( 'NONE', *, *, #1848, .F. ) ;
#758 = ADVANCED_FACE ( 'NONE', ( #680, #1546 ), #2436, .F. ) ;
#759 = DIRECTION ( 'NONE',  ( 0.0000000000000000000, 1.000000000000000000, 0.0000000000000000000 ) ) ;
#760 = LINE ( 'NONE', #2281, #854 ) ;
#761 = LINE ( 'NONE', #2538, #347 ) ;
#762 = VECTOR ( 'NONE', #2364, 1000.000000000000000 ) ;
#763 = VERTEX_POINT ( 'NONE', #1837 ) ;
#764 = VECTOR ( 'NONE', #733, 1000.000000000000000 ) ;
#765 = VECTOR ( 'NONE', #276, 1000.000000000000000 ) ;
#766 = CARTESIAN_POINT ( 'NONE',  ( 1.304999999999999938, 0.3750000000000000000, 0.0000000000000000000 ) ) ;
#767 = STYLED_ITEM ( 'NONE', ( #576 ), #944 ) ;
#768 = AXIS2_PLACEMENT_3D ( 'NONE', #2765, #1656, #384 ) ;
#769 = VECTOR ( 'NONE', #882, 1000.000000000000000 ) ;
#770 = ORIENTED_EDGE ( 'NONE', *, *, #1477, .F. ) ;
#771 = FACE_OUTER_BOUND ( 'NONE', #1619, .T. ) ;
#772 = EDGE_CURVE ( 'NONE', #234, #1694, #2486, .T. ) ;
#773 = ORIENTED_EDGE ( 'NONE', *, *, #273, .T. ) ;
#774 = DIRECTION ( 'NONE',  ( -1.000000000000000000, 0.0000000000000000000, 0.0000000000000000000 ) ) ;
#775 = LINE ( 'NONE', #1169, #1206 ) ;
#776 = EDGE_CURVE ( 'NONE', #2706, #1636, #2450, .T. ) ;
#777 = ORIENTED_EDGE ( 'NONE', *, *, #2338, .T. ) ;
#778 = DIRECTION ( 'NONE',  ( -1.000000000000000000, 0.0000000000000000000, 0.0000000000000000000 ) ) ;
#779 = DIRECTION ( 'NONE',  ( 0.0000000000000000000, 1.000000000000000000, 0.0000000000000000000 ) ) ;
#780 = CARTESIAN_POINT ( 'NONE',  ( 1.500000000000000000, 0.1749999999999999889, 0.9000000000000000222 ) ) ;
#781 = ORIENTED_EDGE ( 'NONE', *, *, #42, .T. ) ;
#782 = DIRECTION ( 'NONE',  ( 1.000000000000000000, 0.0000000000000000000, 0.0000000000000000000 ) ) ;
#783 = ORIENTED_EDGE ( 'NONE', *, *, #888, .T. ) ;
#784 =( NAMED_UNIT ( * ) SI_UNIT ( $, .STERADIAN. ) SOLID_ANGLE_UNIT ( ) );
#785 = EDGE_CURVE ( 'NONE', #1753, #1716, #1826, .T. ) ;
#786 = CARTESIAN_POINT ( 'NONE',  ( 1.304999999999999938, 0.8249999999999999556, 0.2030000000000000138 ) ) ;
#787 = ORIENTED_EDGE ( 'NONE', *, *, #1176, .F. ) ;
#788 = DIRECTION ( 'NONE',  ( -1.758165685111629851E-16, 1.000000000000000000, 0.0000000000000000000 ) ) ;
#789 = EDGE_CURVE ( 'NONE', #2267, #452, #1391, .T. ) ;
#790 = LINE ( 'NONE', #1811, #2087 ) ;
#791 = LINE ( 'NONE', #2080, #1578 ) ;
#792 = CARTESIAN_POINT ( 'NONE',  ( 0.0000000000000000000, 1.149999999999999911, 0.01000000000000000021 ) ) ;
#793 = ORIENTED_EDGE ( 'NONE', *, *, #2674, .F. ) ;
#794 = CARTESIAN_POINT ( 'NONE',  ( -1.505000000000000115, 1.125000000000000000, 0.2030000000000000138 ) ) ;
#795 = PLANE ( 'NONE',  #2653 ) ;
#796 = CARTESIAN_POINT ( 'NONE',  ( -1.050000000000000044, 1.199999999999999956, 0.9000000000000000222 ) ) ;
#797 = ORIENTED_EDGE ( 'NONE', *, *, #1417, .F. ) ;
#798 = CARTESIAN_POINT ( 'NONE',  ( 1.500000000000000000, 1.500000000000000000, 0.2030000000000000138 ) ) ;
#799 = EDGE_CURVE ( 'NONE', #1636, #2289, #1717, .T. ) ;
#800 = CARTESIAN_POINT ( 'NONE',  ( 1.304999999999979954, -1.125000000000000000, 0.0000000000000000000 ) ) ;
#801 = VECTOR ( 'NONE', #1297, 1000.000000000000000 ) ;
#802 =( LENGTH_UNIT ( ) NAMED_UNIT ( * ) SI_UNIT ( .MILLI., .METRE. ) );
#803 = ADVANCED_FACE ( 'NONE', ( #2013 ), #2272, .F. ) ;
#804 = VECTOR ( 'NONE', #552, 1000.000000000000000 ) ;
#805 = LINE ( 'NONE', #1472, #216 ) ;
#806 = CIRCLE ( 'NONE', #2606, 0.1000000000000000472 ) ;
#807 = ORIENTED_EDGE ( 'NONE', *, *, #1402, .F. ) ;
#808 = AXIS2_PLACEMENT_3D ( 'NONE', #1185, #2064, #2253 ) ;
#809 = DIRECTION ( 'NONE',  ( 0.0000000000000000000, 0.0000000000000000000, -1.000000000000000000 ) ) ;
#810 = DIRECTION ( 'NONE',  ( 0.0000000000000000000, -1.000000000000000000, 0.0000000000000000000 ) ) ;
#811 = DIRECTION ( 'NONE',  ( -1.000000000000000000, 0.0000000000000000000, 0.0000000000000000000 ) ) ;
#812 = ORIENTED_EDGE ( 'NONE', *, *, #830, .F. ) ;
#813 = LINE ( 'NONE', #1279, #1218 ) ;
#814 = ADVANCED_FACE ( 'NONE', ( #2058 ), #752, .T. ) ;
#815 = FACE_OUTER_BOUND ( 'NONE', #2357, .T. ) ;
#816 = EDGE_CURVE ( 'NONE', #2715, #1084, #2730, .T. ) ;
#817 = FACE_OUTER_BOUND ( 'NONE', #1365, .T. ) ;
#818 = VERTEX_POINT ( 'NONE', #974 ) ;
#819 = FACE_OUTER_BOUND ( 'NONE', #35, .T. ) ;
#820 = CARTESIAN_POINT ( 'NONE',  ( -1.304999999999999938, 1.025000000000000133, 0.2030000000000000138 ) ) ;
#821 = CARTESIAN_POINT ( 'NONE',  ( 1.505000000000000115, -1.125000000000000000, 0.2030000000000000138 ) ) ;
#822 = ORIENTED_EDGE ( 'NONE', *, *, #438, .T. ) ;
#823 = UNCERTAINTY_MEASURE_WITH_UNIT (LENGTH_MEASURE( 1.000000000000000082E-05 ), #802, 'distance_accuracy_value', 'NONE');
#824 = CARTESIAN_POINT ( 'NONE',  ( 0.6500000000000000222, 1.050000000000000044, 0.01000000000000000021 ) ) ;
#825 = ORIENTED_EDGE ( 'NONE', *, *, #405, .T. ) ;
#826 = LINE ( 'NONE', #1697, #578 ) ;
#827 = VERTEX_POINT ( 'NONE', #1620 ) ;
#828 = CARTESIAN_POINT ( 'NONE',  ( 1.500000000000000000, -0.4749999999999999778, 0.9000000000000000222 ) ) ;
#829 = ORIENTED_EDGE ( 'NONE', *, *, #1364, .T. ) ;
#830 = EDGE_CURVE ( 'NONE', #2148, #111, #526, .T. ) ;
#831 = CARTESIAN_POINT ( 'NONE',  ( -1.304999999999999938, 0.1749999999999999889, 0.2030000000000000138 ) ) ;
#832 = EDGE_CURVE ( 'NONE', #1907, #2810, #71, .T. ) ;
#833 = VERTEX_POINT ( 'NONE', #1160 ) ;
#834 = CARTESIAN_POINT ( 'NONE',  ( 0.7500000000000000000, 1.050000000000000044, 0.2030000000000000138 ) ) ;
#835 = DIRECTION ( 'NONE',  ( 0.0000000000000000000, 0.0000000000000000000, 1.000000000000000000 ) ) ;
#836 = LINE ( 'NONE', #172, #886 ) ;
#837 = ORIENTED_EDGE ( 'NONE', *, *, #2467, .F. ) ;
#838 = CARTESIAN_POINT ( 'NONE',  ( 1.304999999999979954, -0.9250000000000000444, 0.2030000000000000138 ) ) ;
#839 = EDGE_LOOP ( 'NONE', ( #865, #257, #676, #2100, #2355, #1398, #1720, #527, #1339, #1797, #261, #2311, #1501, #2353, #1082, #2005, #797, #2081, #1952, #1566, #1912, #891, #1541, #935, #1608, #1343, #633, #2833, #193, #1583, #252, #1545, #706, #76, #345, #1498, #525, #2011, #2612, #1666, #423, #24, #916, #2130, #2302, #501, #2728, #2255, #2182, #2620, #1387, #2528 ) ) ;
#840 = PRESENTATION_STYLE_ASSIGNMENT (( #201 ) ) ;
#841 = ORIENTED_EDGE ( 'NONE', *, *, #1322, .T. ) ;
#842 = CIRCLE ( 'NONE', #988, 0.1000000000000000472 ) ;
#843 = CIRCLE ( 'NONE', #663, 0.1000000000000000472 ) ;
#844 = AXIS2_PLACEMENT_3D ( 'NONE', #530, #2456, #303 ) ;
#845 = VECTOR ( 'NONE', #1565, 1000.000000000000000 ) ;
#846 = DIRECTION ( 'NONE',  ( 0.0000000000000000000, 0.0000000000000000000, -1.000000000000000000 ) ) ;
#847 = VECTOR ( 'NONE', #1849, 1000.000000000000000 ) ;
#848 = ORIENTED_EDGE ( 'NONE', *, *, #1569, .T. ) ;
#849 = DIRECTION ( 'NONE',  ( 1.000000000000000000, 0.0000000000000000000, 0.0000000000000000000 ) ) ;
#850 = VECTOR ( 'NONE', #737, 1000.000000000000000 ) ;
#851 = LINE ( 'NONE', #1726, #44 ) ;
#852 = AXIS2_PLACEMENT_3D ( 'NONE', #1270, #21, #2176 ) ;
#853 = CARTESIAN_POINT ( 'NONE',  ( 0.6500000000000000222, 1.149999999999999911, 0.0000000000000000000 ) ) ;
#854 = VECTOR ( 'NONE', #980, 1000.000000000000000 ) ;
#855 = VERTEX_POINT ( 'NONE', #1146 ) ;
#856 = DIRECTION ( 'NONE',  ( 0.0000000000000000000, 0.0000000000000000000, -1.000000000000000000 ) ) ;
#857 = ADVANCED_FACE ( 'NONE', ( #502 ), #2259, .T. ) ;
#858 = EDGE_LOOP ( 'NONE', ( #1865, #38, #1156, #1787 ) ) ;
#859 = DIRECTION ( 'NONE',  ( 1.000000000000000000, 0.0000000000000000000, 0.0000000000000000000 ) ) ;
#860 = CYLINDRICAL_SURFACE ( 'NONE', #618, 0.1000000000000000472 ) ;
#861 = ORIENTED_EDGE ( 'NONE', *, *, #385, .T. ) ;
#862 = CARTESIAN_POINT ( 'NONE',  ( 1.304999999999999938, 0.1749999999999999889, 0.01000000000000000021 ) ) ;
#863 = CARTESIAN_POINT ( 'NONE',  ( -1.500000000000000000, -1.500000000000000000, 0.01000000000000000021 ) ) ;
#864 = FACE_OUTER_BOUND ( 'NONE', #1222, .T. ) ;
#865 = ORIENTED_EDGE ( 'NONE', *, *, #321, .F. ) ;
#866 = DIRECTION ( 'NONE',  ( 0.0000000000000000000, 0.0000000000000000000, -1.000000000000000000 ) ) ;
#867 = DIRECTION ( 'NONE',  ( 0.0000000000000000000, 1.000000000000000000, 0.0000000000000000000 ) ) ;
#868 = ORIENTED_EDGE ( 'NONE', *, *, #2691, .T. ) ;
#869 = EDGE_CURVE ( 'NONE', #2514, #529, #1192, .T. ) ;
#870 = CARTESIAN_POINT ( 'NONE',  ( 1.304999999999985949, -0.4749999999999999778, 0.2030000000000000138 ) ) ;
#871 = SURFACE_STYLE_USAGE ( .BOTH. , #2147 ) ;
#872 = ORIENTED_EDGE ( 'NONE', *, *, #2319, .T. ) ;
#873 = ORIENTED_EDGE ( 'NONE', *, *, #1848, .T. ) ;
#874 = DIRECTION ( 'NONE',  ( -1.445602896647339903E-16, 1.000000000000000000, 0.0000000000000000000 ) ) ;
#875 = LINE ( 'NONE', #1982, #903 ) ;
#876 = CARTESIAN_POINT ( 'NONE',  ( -1.500000000000000000, 0.8249999999999999556, 0.01000000000000000021 ) ) ;
#877 = ORIENTED_EDGE ( 'NONE', *, *, #1609, .F. ) ;
#878 = FACE_OUTER_BOUND ( 'NONE', #1824, .T. ) ;
#879 = CYLINDRICAL_SURFACE ( 'NONE', #1591, 0.1000000000000000472 ) ;
#880 = VERTEX_POINT ( 'NONE', #710 ) ;
#881 = CARTESIAN_POINT ( 'NONE',  ( -1.199999999999999956, 1.199999999999999956, 0.9000000000000000222 ) ) ;
#882 = DIRECTION ( 'NONE',  ( 0.0000000000000000000, -1.000000000000000000, 0.0000000000000000000 ) ) ;
#883 = EDGE_CURVE ( 'NONE', #1487, #2041, #354, .T. ) ;
#884 = MANIFOLD_SOLID_BREP ( 'NONE', #1891 ) ;
#885 = ORIENTED_EDGE ( 'NONE', *, *, #2602, .T. ) ;
#886 = VECTOR ( 'NONE', #1493, 1000.000000000000000 ) ;
#887 = CARTESIAN_POINT ( 'NONE',  ( 1.304999999999999938, 0.3750000000000000000, 0.0000000000000000000 ) ) ;
#888 = EDGE_CURVE ( 'NONE', #318, #1142, #1580, .T. ) ;
#889 = AXIS2_PLACEMENT_3D ( 'NONE', #1554, #198, #2630 ) ;
#890 = VECTOR ( 'NONE', #1101, 1000.000000000000000 ) ;
#891 = ORIENTED_EDGE ( 'NONE', *, *, #643, .F. ) ;
#892 = CARTESIAN_POINT ( 'NONE',  ( -1.505000000000000115, 1.125000000000000000, 0.0000000000000000000 ) ) ;
#893 = DIRECTION ( 'NONE',  ( -1.000000000000000000, 0.0000000000000000000, 0.0000000000000000000 ) ) ;
#894 = PRODUCT ( '21BA50CA-00C4-4626-A937-133D57E8A9E2', '21BA50CA-00C4-4626-A937-133D57E8A9E2', '', ( #1348 ) ) ;
#895 = CARTESIAN_POINT ( 'NONE',  ( -1.500000000000000000, 0.1749999999999999889, 0.9000000000000000222 ) ) ;
#896 = VECTOR ( 'NONE', #1887, 1000.000000000000000 ) ;
#897 = COLOUR_RGB ( '',0.2000000000000000111, 0.2000000000000000111, 0.2000000000000000111 ) ;
#898 = AXIS2_PLACEMENT_3D ( 'NONE', #1478, #2156, #1249 ) ;
#899 = CIRCLE ( 'NONE', #1709, 0.1000000000000000472 ) ;
#900 = CARTESIAN_POINT ( 'NONE',  ( -1.500000000000000000, 0.1749999999999999889, 0.01000000000000000021 ) ) ;
#901 = CARTESIAN_POINT ( 'NONE',  ( 1.304999999999999938, 0.9250000000000000444, 0.0000000000000000000 ) ) ;
#902 = ORIENTED_EDGE ( 'NONE', *, *, #1325, .T. ) ;
#903 = VECTOR ( 'NONE', #49, 1000.000000000000000 ) ;
#904 = VERTEX_POINT ( 'NONE', #1659 ) ;
#905 = CARTESIAN_POINT ( 'NONE',  ( -1.304999999999999938, 0.8249999999999999556, 0.0000000000000000000 ) ) ;
#906 =( LENGTH_UNIT ( ) NAMED_UNIT ( * ) SI_UNIT ( .MILLI., .METRE. ) );
#907 = ORIENTED_EDGE ( 'NONE', *, *, #1429, .T. ) ;
#908 = EDGE_CURVE ( 'NONE', #833, #2284, #1243, .T. ) ;
#909 = ORIENTED_EDGE ( 'NONE', *, *, #2428, .T. ) ;
#910 = SURFACE_STYLE_USAGE ( .BOTH. , #2472 ) ;
#911 = DIRECTION ( 'NONE',  ( 0.0000000000000000000, 0.0000000000000000000, -1.000000000000000000 ) ) ;
#912 = CARTESIAN_POINT ( 'NONE',  ( 1.304999999999999938, 0.9250000000000000444, 0.01000000000000000021 ) ) ;
#913 = DIRECTION ( 'NONE',  ( 0.0000000000000000000, 0.0000000000000000000, -1.000000000000000000 ) ) ;
#914 = DIRECTION ( 'NONE',  ( 0.0000000000000000000, 0.0000000000000000000, -1.000000000000000000 ) ) ;
#915 = ORIENTED_EDGE ( 'NONE', *, *, #2743, .F. ) ;
#916 = ORIENTED_EDGE ( 'NONE', *, *, #563, .T. ) ;
#917 = CARTESIAN_POINT ( 'NONE',  ( -1.304999999999985949, -0.2750000000000000222, 0.2030000000000000138 ) ) ;
#918 = CARTESIAN_POINT ( 'NONE',  ( -1.505000000000000115, -0.8249999999999999556, 0.2030000000000000138 ) ) ;
#919 = ORIENTED_EDGE ( 'NONE', *, *, #80, .T. ) ;
#920 = CARTESIAN_POINT ( 'NONE',  ( -1.304999999999979954, -1.025000000000000133, 0.01000000000000000021 ) ) ;
#921 = ORIENTED_EDGE ( 'NONE', *, *, #2375, .T. ) ;
#922 = CARTESIAN_POINT ( 'NONE',  ( 1.204999999999979865, -1.025000000000000133, 0.01000000000000000021 ) ) ;
#923 =( NAMED_UNIT ( * ) SI_UNIT ( $, .STERADIAN. ) SOLID_ANGLE_UNIT ( ) );
#924 = ADVANCED_FACE ( 'NONE', ( #815 ), #2117, .F. ) ;
#925 = DIRECTION ( 'NONE',  ( 0.0000000000000000000, 1.000000000000000000, 0.0000000000000000000 ) ) ;
#926 = CARTESIAN_POINT ( 'NONE',  ( 0.0000000000000000000, 0.1749999999999999889, 0.01000000000000000021 ) ) ;
#927 = VERTEX_POINT ( 'NONE', #1012 ) ;
#928 = ADVANCED_FACE ( 'NONE', ( #600 ), #1675, .T. ) ;
#929 = ORIENTED_EDGE ( 'NONE', *, *, #602, .T. ) ;
#930 = CARTESIAN_POINT ( 'NONE',  ( -1.204999999999999849, 0.2750000000000000222, 0.01000000000000000021 ) ) ;
#931 = CARTESIAN_POINT ( 'NONE',  ( -0.6500000000000000222, -1.149999999999999911, 0.2030000000000000138 ) ) ;
#932 = EDGE_LOOP ( 'NONE', ( #1776, #2245, #1961, #2241, #2278, #187 ) ) ;
#933 = DIRECTION ( 'NONE',  ( 0.0000000000000000000, 0.0000000000000000000, -1.000000000000000000 ) ) ;
#934 = ADVANCED_BREP_SHAPE_REPRESENTATION ( '21BA50CA-00C4-4626-A937-133D57E8A9E2', ( #884, #2753 ), #587 ) ;
#935 = ORIENTED_EDGE ( 'NONE', *, *, #799, .F. ) ;
#936 = DIRECTION ( 'NONE',  ( -0.0000000000000000000, 1.000000000000000000, 0.0000000000000000000 ) ) ;
#937 = SHAPE_DEFINITION_REPRESENTATION ( #2822, #934 ) ;
#938 = CIRCLE ( 'NONE', #1250, 0.1000000000000000472 ) ;
#939 = VERTEX_POINT ( 'NONE', #161 ) ;
#940 = CARTESIAN_POINT ( 'NONE',  ( -1.304999999999999938, 0.9250000000000000444, 0.01000000000000000021 ) ) ;
#941 = MECHANICAL_DESIGN_GEOMETRIC_PRESENTATION_REPRESENTATION (  '', ( #662 ), #2644 ) ;
#942 = CYLINDRICAL_SURFACE ( 'NONE', #450, 0.1000000000000000472 ) ;
#943 = VECTOR ( 'NONE', #1381, 1000.000000000000000 ) ;
#944 = ADVANCED_FACE ( 'NONE', ( #1637 ), #1026, .F. ) ;
#945 = DIRECTION ( 'NONE',  ( -1.000000000000000000, 0.0000000000000000000, 0.0000000000000000000 ) ) ;
#946 = PRESENTATION_LAYER_ASSIGNMENT (  '', '', ( #2125 ) ) ;
#947 =( GEOMETRIC_REPRESENTATION_CONTEXT ( 3 ) GLOBAL_UNCERTAINTY_ASSIGNED_CONTEXT ( ( #1139 ) ) GLOBAL_UNIT_ASSIGNED_CONTEXT ( ( #481, #271, #2793 ) ) REPRESENTATION_CONTEXT ( 'NONE', 'WORKASPACE' ) );
#948 = VERTEX_POINT ( 'NONE', #390 ) ;
#949 = LINE ( 'NONE', #2095, #1900 ) ;
#950 = CIRCLE ( 'NONE', #1403, 0.1000000000000000472 ) ;
#951 = DIRECTION ( 'NONE',  ( 0.0000000000000000000, 0.0000000000000000000, 1.000000000000000000 ) ) ;
#952 = VERTEX_POINT ( 'NONE', #1422 ) ;
#953 = CARTESIAN_POINT ( 'NONE',  ( 1.505000000000000115, 0.1749999999999999889, 0.2030000000000000138 ) ) ;
#954 = VERTEX_POINT ( 'NONE', #1256 ) ;
#955 = ORIENTED_EDGE ( 'NONE', *, *, #1640, .T. ) ;
#956 = CARTESIAN_POINT ( 'NONE',  ( -1.349999999999999867, 1.199999999999999956, 0.8899999999999999023 ) ) ;
#957 = CARTESIAN_POINT ( 'NONE',  ( 1.505000000000000115, -0.4749999999999999778, 0.2030000000000000138 ) ) ;
#958 = DIRECTION ( 'NONE',  ( 0.0000000000000000000, 0.0000000000000000000, -1.000000000000000000 ) ) ;
#959 = ADVANCED_FACE ( 'NONE', ( #2135 ), #1435, .T. ) ;
#960 = ORIENTED_EDGE ( 'NONE', *, *, #158, .T. ) ;
#961 = DIRECTION ( 'NONE',  ( 0.0000000000000000000, -1.000000000000000000, 0.0000000000000000000 ) ) ;
#962 = EDGE_CURVE ( 'NONE', #1965, #2046, #2818, .T. ) ;
#963 = ORIENTED_EDGE ( 'NONE', *, *, #2669, .F. ) ;
#964 = CARTESIAN_POINT ( 'NONE',  ( -1.304999999999979954, -0.9250000000000000444, 0.2030000000000000138 ) ) ;
#965 = ORIENTED_EDGE ( 'NONE', *, *, #2817, .T. ) ;
#966 = CARTESIAN_POINT ( 'NONE',  ( -1.204999999999999849, 0.9250000000000000444, 0.01000000000000000021 ) ) ;
#967 = PLANE ( 'NONE',  #1396 ) ;
#968 = ORIENTED_EDGE ( 'NONE', *, *, #287, .T. ) ;
#969 = CARTESIAN_POINT ( 'NONE',  ( -0.7500000000000000000, 0.8000000000000000444, 0.0000000000000000000 ) ) ;
#970 = CARTESIAN_POINT ( 'NONE',  ( -0.6500000000000000222, -1.149999999999999911, 0.01000000000000000021 ) ) ;
#971 = PLANE ( 'NONE',  #1575 ) ;
#972 = ORIENTED_EDGE ( 'NONE', *, *, #700, .F. ) ;
#973 = ORIENTED_EDGE ( 'NONE', *, *, #18, .T. ) ;
#974 = CARTESIAN_POINT ( 'NONE',  ( -1.505000000000000115, 0.8249999999999999556, 0.2030000000000000138 ) ) ;
#975 = ORIENTED_EDGE ( 'NONE', *, *, #610, .F. ) ;
#976 = EDGE_CURVE ( 'NONE', #376, #1641, #791, .T. ) ;
#977 = DIRECTION ( 'NONE',  ( -1.445602896647339903E-16, 1.000000000000000000, 0.0000000000000000000 ) ) ;
#978 = ORIENTED_EDGE ( 'NONE', *, *, #517, .T. ) ;
#979 = LINE ( 'NONE', #2361, #1529 ) ;
#980 = DIRECTION ( 'NONE',  ( 0.0000000000000000000, 0.0000000000000000000, -1.000000000000000000 ) ) ;
#981 = LINE ( 'NONE', #2254, #2220 ) ;
#982 = VECTOR ( 'NONE', #1559, 1000.000000000000000 ) ;
#983 = VECTOR ( 'NONE', #2141, 1000.000000000000000 ) ;
#984 = AXIS2_PLACEMENT_3D ( 'NONE', #485, #1321, #2395 ) ;
#985 = DIRECTION ( 'NONE',  ( 0.0000000000000000000, 1.000000000000000000, 0.0000000000000000000 ) ) ;
#986 = VECTOR ( 'NONE', #778, 1000.000000000000000 ) ;
#987 = FILL_AREA_STYLE ('',( #2210 ) ) ;
#988 = AXIS2_PLACEMENT_3D ( 'NONE', #421, #410, #1733 ) ;
#989 = AXIS2_PLACEMENT_3D ( 'NONE', #2558, #585, #1236 ) ;
#990 = ADVANCED_FACE ( 'NONE', ( #1220, #2098 ), #140, .T. ) ;
#991 = VERTEX_POINT ( 'NONE', #1976 ) ;
#992 = CARTESIAN_POINT ( 'NONE',  ( 1.304999999999999938, 1.025000000000000133, 0.0000000000000000000 ) ) ;
#993 = ADVANCED_FACE ( 'NONE', ( #1109 ), #678, .F. ) ;
#994 = VERTEX_POINT ( 'NONE', #1052 ) ;
#995 = DIRECTION ( 'NONE',  ( -1.000000000000000000, 0.0000000000000000000, 0.0000000000000000000 ) ) ;
#996 = LINE ( 'NONE', #1590, #2270 ) ;
#997 = EDGE_CURVE ( 'NONE', #2532, #510, #1927, .T. ) ;
#998 = VERTEX_POINT ( 'NONE', #1963 ) ;
#999 = CARTESIAN_POINT ( 'NONE',  ( 1.500000000000000000, 1.500000000000000000, 0.01000000000000000021 ) ) ;
#1000 =( NAMED_UNIT ( * ) PLANE_ANGLE_UNIT ( ) SI_UNIT ( $, .RADIAN. ) );
#1001 = DIRECTION ( 'NONE',  ( 1.000000000000000000, 0.0000000000000000000, 0.0000000000000000000 ) ) ;
#1002 = PLANE ( 'NONE',  #1582 ) ;
#1003 = ORIENTED_EDGE ( 'NONE', *, *, #1596, .T. ) ;
#1004 = DIRECTION ( 'NONE',  ( 0.0000000000000000000, -1.000000000000000000, 0.0000000000000000000 ) ) ;
#1005 = DIRECTION ( 'NONE',  ( 1.000000000000000000, 0.0000000000000000000, 0.0000000000000000000 ) ) ;
#1006 = CARTESIAN_POINT ( 'NONE',  ( -1.304999999999979954, -1.125000000000000000, 0.2030000000000000138 ) ) ;
#1007 = EDGE_CURVE ( 'NONE', #994, #2485, #842, .T. ) ;
#1008 = VERTEX_POINT ( 'NONE', #1946 ) ;
#1009 = DIRECTION ( 'NONE',  ( 0.0000000000000000000, 1.000000000000000000, 0.0000000000000000000 ) ) ;
#1010 = EDGE_CURVE ( 'NONE', #613, #994, #1746, .T. ) ;
#1011 = CARTESIAN_POINT ( 'NONE',  ( 0.6500000000000000222, 1.050000000000000044, 0.2030000000000000138 ) ) ;
#1012 = CARTESIAN_POINT ( 'NONE',  ( 1.505000000000000115, 1.125000000000000000, 0.0000000000000000000 ) ) ;
#1013 = CARTESIAN_POINT ( 'NONE',  ( 0.6500000000000000222, 1.050000000000000044, 0.0000000000000000000 ) ) ;
#1014 = EDGE_LOOP ( 'NONE', ( #972, #921, #1990, #7 ) ) ;
#1015 = CARTESIAN_POINT ( 'NONE',  ( -1.500000000000000000, -1.500000000000000000, 0.9000000000000000222 ) ) ;
#1016 = CARTESIAN_POINT ( 'NONE',  ( -0.7500000000000000000, 0.8000000000000000444, 0.2030000000000000138 ) ) ;
#1017 = DIRECTION ( 'NONE',  ( 0.0000000000000000000, 0.0000000000000000000, -1.000000000000000000 ) ) ;
#1018 = VERTEX_POINT ( 'NONE', #1284 ) ;
#1019 = ADVANCED_FACE ( 'NONE', ( #1759 ), #2652, .F. ) ;
#1020 = DIRECTION ( 'NONE',  ( 0.0000000000000000000, 0.0000000000000000000, -1.000000000000000000 ) ) ;
#1021 = VECTOR ( 'NONE', #1208, 1000.000000000000000 ) ;
#1022 = EDGE_CURVE ( 'NONE', #2014, #991, #9, .T. ) ;
#1023 = CYLINDRICAL_SURFACE ( 'NONE', #669, 0.1000000000000000472 ) ;
#1024 = VECTOR ( 'NONE', #2447, 1000.000000000000000 ) ;
#1025 =( GEOMETRIC_REPRESENTATION_CONTEXT ( 3 ) GLOBAL_UNCERTAINTY_ASSIGNED_CONTEXT ( ( #1310 ) ) GLOBAL_UNIT_ASSIGNED_CONTEXT ( ( #1424, #2303, #923 ) ) REPRESENTATION_CONTEXT ( 'NONE', 'WORKASPACE' ) );
#1026 = CYLINDRICAL_SURFACE ( 'NONE', #1721, 0.1499999999999999667 ) ;
#1027 = AXIS2_PLACEMENT_3D ( 'NONE', #824, #2354, #377 ) ;
#1028 = PRESENTATION_LAYER_ASSIGNMENT (  '', '', ( #2326 ) ) ;
#1029 = CARTESIAN_POINT ( 'NONE',  ( -1.500000000000000000, 1.500000000000000000, 0.01000000000000000021 ) ) ;
#1030 = AXIS2_PLACEMENT_3D ( 'NONE', #1140, #2494, #1167 ) ;
#1031 = ORIENTED_EDGE ( 'NONE', *, *, #1974, .T. ) ;
#1032 = DIRECTION ( 'NONE',  ( 1.000000000000000000, 0.0000000000000000000, 0.0000000000000000000 ) ) ;
#1033 = DIRECTION ( 'NONE',  ( 0.0000000000000000000, 0.0000000000000000000, -1.000000000000000000 ) ) ;
#1034 = ORIENTED_EDGE ( 'NONE', *, *, #1303, .F. ) ;
#1035 = DIRECTION ( 'NONE',  ( 0.0000000000000000000, 0.0000000000000000000, -1.000000000000000000 ) ) ;
#1036 = EDGE_CURVE ( 'NONE', #1430, #613, #2815, .T. ) ;
#1037 = ORIENTED_EDGE ( 'NONE', *, *, #1233, .F. ) ;
#1038 = CARTESIAN_POINT ( 'NONE',  ( 1.505000000000000115, -0.1749999999999999889, 0.0000000000000000000 ) ) ;
#1039 = DIRECTION ( 'NONE',  ( -1.000000000000000000, 0.0000000000000000000, 0.0000000000000000000 ) ) ;
#1040 = CARTESIAN_POINT ( 'NONE',  ( -1.199999999999999956, 1.199999999999999956, 0.8899999999999999023 ) ) ;
#1041 = EDGE_CURVE ( 'NONE', #1072, #1696, #1065, .T. ) ;
#1042 = DIRECTION ( 'NONE',  ( 1.000000000000000000, 0.0000000000000000000, 0.0000000000000000000 ) ) ;
#1043 = VERTEX_POINT ( 'NONE', #2608 ) ;
#1044 = FACE_OUTER_BOUND ( 'NONE', #537, .T. ) ;
#1045 = DIRECTION ( 'NONE',  ( 0.0000000000000000000, 0.0000000000000000000, -1.000000000000000000 ) ) ;
#1046 = CARTESIAN_POINT ( 'NONE',  ( -1.500000000000000000, 0.1749999999999999889, 0.2030000000000000138 ) ) ;
#1047 = ORIENTED_EDGE ( 'NONE', *, *, #2102, .F. ) ;
#1048 = FACE_OUTER_BOUND ( 'NONE', #2629, .T. ) ;
#1049 = ORIENTED_EDGE ( 'NONE', *, *, #356, .T. ) ;
#1050 = LINE ( 'NONE', #800, #2412 ) ;
#1051 = FACE_OUTER_BOUND ( 'NONE', #2654, .T. ) ;
#1052 = CARTESIAN_POINT ( 'NONE',  ( 1.304999999999985949, -0.4749999999999999778, 0.01000000000000000021 ) ) ;
#1053 = ORIENTED_EDGE ( 'NONE', *, *, #563, .F. ) ;
#1054 = EDGE_CURVE ( 'NONE', #1513, #1965, #1544, .T. ) ;
#1055 = DIRECTION ( 'NONE',  ( 1.000000000000000000, 0.0000000000000000000, 0.0000000000000000000 ) ) ;
#1056 = EDGE_LOOP ( 'NONE', ( #137, #861, #1116, #679, #960, #1876 ) ) ;
#1057 = EDGE_CURVE ( 'NONE', #855, #763, #401, .T. ) ;
#1058 = PLANE ( 'NONE',  #311 ) ;
#1059 = CARTESIAN_POINT ( 'NONE',  ( 1.500000000000000000, 1.500000000000000000, 0.9000000000000000222 ) ) ;
#1060 = FACE_OUTER_BOUND ( 'NONE', #1713, .T. ) ;
#1061 = ORIENTED_EDGE ( 'NONE', *, *, #128, .T. ) ;
#1062 = CARTESIAN_POINT ( 'NONE',  ( 1.304999999999979954, -0.8249999999999999556, 0.0000000000000000000 ) ) ;
#1063 = ORIENTED_EDGE ( 'NONE', *, *, #503, .T. ) ;
#1064 = DIRECTION ( 'NONE',  ( 1.000000000000000000, 0.0000000000000000000, 0.0000000000000000000 ) ) ;
#1065 = CIRCLE ( 'NONE', #1939, 0.1000000000000000472 ) ;
#1066 = ORIENTED_EDGE ( 'NONE', *, *, #2445, .T. ) ;
#1067 = VECTOR ( 'NONE', #228, 1000.000000000000000 ) ;
#1068 = DIRECTION ( 'NONE',  ( 0.0000000000000000000, 0.0000000000000000000, -1.000000000000000000 ) ) ;
#1069 = VECTOR ( 'NONE', #2659, 1000.000000000000000 ) ;
#1070 = VECTOR ( 'NONE', #661, 1000.000000000000000 ) ;
#1071 = EDGE_CURVE ( 'NONE', #2775, #1098, #1485, .T. ) ;
#1072 = VERTEX_POINT ( 'NONE', #1158 ) ;
#1073 = CARTESIAN_POINT ( 'NONE',  ( -1.204999999999979865, -1.025000000000000133, 0.01000000000000000021 ) ) ;
#1074 = AXIS2_PLACEMENT_3D ( 'NONE', #2268, #118, #961 ) ;
#1075 = CARTESIAN_POINT ( 'NONE',  ( 1.204999999999999849, 1.025000000000000133, 0.01000000000000000021 ) ) ;
#1076 = VECTOR ( 'NONE', #2682, 1000.000000000000000 ) ;
#1077 = CARTESIAN_POINT ( 'NONE',  ( 1.204999999999999849, 0.3750000000000000000, 0.2030000000000000138 ) ) ;
#1078 = EDGE_CURVE ( 'NONE', #2304, #655, #2316, .T. ) ;
#1079 = CIRCLE ( 'NONE', #2524, 0.1000000000000000472 ) ;
#1080 = VERTEX_POINT ( 'NONE', #738 ) ;
#1081 = DIRECTION ( 'NONE',  ( 0.0000000000000000000, 0.0000000000000000000, -1.000000000000000000 ) ) ;
#1082 = ORIENTED_EDGE ( 'NONE', *, *, #385, .F. ) ;
#1083 = CARTESIAN_POINT ( 'NONE',  ( -1.500000000000000000, -1.500000000000000000, 0.9000000000000000222 ) ) ;
#1084 = VERTEX_POINT ( 'NONE', #726 ) ;
#1085 = FACE_OUTER_BOUND ( 'NONE', #1836, .T. ) ;
#1086 = DIRECTION ( 'NONE',  ( 1.000000000000000000, 0.0000000000000000000, 0.0000000000000000000 ) ) ;
#1087 = LINE ( 'NONE', #2439, #2837 ) ;
#1088 = CARTESIAN_POINT ( 'NONE',  ( -1.505000000000000115, 0.1749999999999999889, 0.2030000000000000138 ) ) ;
#1089 = VERTEX_POINT ( 'NONE', #267 ) ;
#1090 = DIRECTION ( 'NONE',  ( -1.000000000000000000, 0.0000000000000000000, 0.0000000000000000000 ) ) ;
#1091 = CARTESIAN_POINT ( 'NONE',  ( 1.204999999999999849, 0.9250000000000000444, 0.0000000000000000000 ) ) ;
#1092 = EDGE_CURVE ( 'NONE', #2408, #389, #57, .T. ) ;
#1093 = VERTEX_POINT ( 'NONE', #84 ) ;
#1094 = LINE ( 'NONE', #2462, #1533 ) ;
#1095 = ADVANCED_FACE ( 'NONE', ( #1144 ), #479, .F. ) ;
#1096 = ORIENTED_EDGE ( 'NONE', *, *, #883, .T. ) ;
#1097 = SURFACE_STYLE_FILL_AREA ( #453 ) ;
#1098 = VERTEX_POINT ( 'NONE', #2498 ) ;
#1099 = LINE ( 'NONE', #1953, #2324 ) ;
#1100 = PLANE ( 'NONE',  #1951 ) ;
#1101 = DIRECTION ( 'NONE',  ( -1.000000000000000000, 0.0000000000000000000, 0.0000000000000000000 ) ) ;
#1102 = ORIENTED_EDGE ( 'NONE', *, *, #1499, .F. ) ;
#1103 = DIRECTION ( 'NONE',  ( -1.000000000000000000, 0.0000000000000000000, 0.0000000000000000000 ) ) ;
#1104 = LINE ( 'NONE', #2677, #2047 ) ;
#1105 = EDGE_LOOP ( 'NONE', ( #773, #1272, #955, #239 ) ) ;
#1106 = EDGE_CURVE ( 'NONE', #2190, #1513, #2589, .T. ) ;
#1107 = EDGE_LOOP ( 'NONE', ( #2530, #2142, #682, #872 ) ) ;
#1108 = DIRECTION ( 'NONE',  ( -1.445602896647339903E-16, 1.000000000000000000, 0.0000000000000000000 ) ) ;
#1109 = FACE_OUTER_BOUND ( 'NONE', #637, .T. ) ;
#1110 = VECTOR ( 'NONE', #945, 1000.000000000000000 ) ;
#1111 = ADVANCED_FACE ( 'NONE', ( #1823 ), #2448, .F. ) ;
#1112 = VERTEX_POINT ( 'NONE', #1360 ) ;
#1113 = CARTESIAN_POINT ( 'NONE',  ( -1.505000000000000115, 0.8249999999999999556, 0.2030000000000000138 ) ) ;
#1114 = VECTOR ( 'NONE', #1549, 1000.000000000000000 ) ;
#1115 = AXIS2_PLACEMENT_3D ( 'NONE', #2101, #1890, #2318 ) ;
#1116 = ORIENTED_EDGE ( 'NONE', *, *, #1477, .T. ) ;
#1117 = DIRECTION ( 'NONE',  ( 0.0000000000000000000, 1.000000000000000000, 0.0000000000000000000 ) ) ;
#1118 = CARTESIAN_POINT ( 'NONE',  ( -1.505000000000000115, 0.8249999999999999556, 0.0000000000000000000 ) ) ;
#1119 = LINE ( 'NONE', #640, #1067 ) ;
#1120 = VECTOR ( 'NONE', #2378, 1000.000000000000000 ) ;
#1121 = VECTOR ( 'NONE', #1157, 1000.000000000000000 ) ;
#1122 = VECTOR ( 'NONE', #2158, 1000.000000000000000 ) ;
#1123 = DIRECTION ( 'NONE',  ( -1.445602896647339903E-16, 1.000000000000000000, 0.0000000000000000000 ) ) ;
#1124 = DIRECTION ( 'NONE',  ( 1.445602896647339903E-16, -1.000000000000000000, 0.0000000000000000000 ) ) ;
#1125 = ORIENTED_EDGE ( 'NONE', *, *, #1577, .F. ) ;
#1126 = ORIENTED_EDGE ( 'NONE', *, *, #1657, .F. ) ;
#1127 = DIRECTION ( 'NONE',  ( 0.0000000000000000000, 0.0000000000000000000, -1.000000000000000000 ) ) ;
#1128 = EDGE_CURVE ( 'NONE', #2471, #2348, #2716, .T. ) ;
#1129 = CARTESIAN_POINT ( 'NONE',  ( -1.500000000000000000, -1.500000000000000000, 0.9000000000000000222 ) ) ;
#1130 = ORIENTED_EDGE ( 'NONE', *, *, #1690, .T. ) ;
#1131 = DIRECTION ( 'NONE',  ( 0.0000000000000000000, -1.000000000000000000, 0.0000000000000000000 ) ) ;
#1132 = ORIENTED_EDGE ( 'NONE', *, *, #244, .F. ) ;
#1133 = CARTESIAN_POINT ( 'NONE',  ( 1.304999999999979954, -0.9250000000000000444, 0.2030000000000000138 ) ) ;
#1134 = DIRECTION ( 'NONE',  ( 0.0000000000000000000, 0.0000000000000000000, -1.000000000000000000 ) ) ;
#1135 = EDGE_CURVE ( 'NONE', #954, #55, #1374, .T. ) ;
#1136 = CARTESIAN_POINT ( 'NONE',  ( 1.500000000000000000, 0.8249999999999999556, 0.2030000000000000138 ) ) ;
#1137 = ORIENTED_EDGE ( 'NONE', *, *, #686, .F. ) ;
#1138 = CARTESIAN_POINT ( 'NONE',  ( -1.505000000000000115, 1.125000000000000000, 0.0000000000000000000 ) ) ;
#1139 = UNCERTAINTY_MEASURE_WITH_UNIT (LENGTH_MEASURE( 1.000000000000000082E-05 ), #481, 'distance_accuracy_value', 'NONE');
#1140 = CARTESIAN_POINT ( 'NONE',  ( -1.204999999999999849, 0.3750000000000000000, 0.2030000000000000138 ) ) ;
#1141 = ORIENTED_EDGE ( 'NONE', *, *, #1188, .F. ) ;
#1142 = VERTEX_POINT ( 'NONE', #2244 ) ;
#1143 = CARTESIAN_POINT ( 'NONE',  ( -1.505000000000000115, -1.125000000000000000, 0.0000000000000000000 ) ) ;
#1144 = FACE_OUTER_BOUND ( 'NONE', #2506, .T. ) ;
#1145 = EDGE_LOOP ( 'NONE', ( #1872, #841, #67, #2432 ) ) ;
#1146 = CARTESIAN_POINT ( 'NONE',  ( -1.204999999999985860, -0.2750000000000000222, 0.0000000000000000000 ) ) ;
#1147 = EDGE_CURVE ( 'NONE', #1195, #522, #2010, .T. ) ;
#1148 = ORIENTED_EDGE ( 'NONE', *, *, #1057, .T. ) ;
#1149 = LINE ( 'NONE', #2029, #125 ) ;
#1150 =( LENGTH_UNIT ( ) NAMED_UNIT ( * ) SI_UNIT ( .MILLI., .METRE. ) );
#1151 = EDGE_CURVE ( 'NONE', #1093, #952, #524, .T. ) ;
#1152 = ORIENTED_EDGE ( 'NONE', *, *, #1303, .T. ) ;
#1153 = DIRECTION ( 'NONE',  ( -1.445602896647339903E-16, 1.000000000000000000, 0.0000000000000000000 ) ) ;
#1154 = LINE ( 'NONE', #558, #133 ) ;
#1155 = DIRECTION ( 'NONE',  ( 0.0000000000000000000, 0.0000000000000000000, -1.000000000000000000 ) ) ;
#1156 = ORIENTED_EDGE ( 'NONE', *, *, #2314, .T. ) ;
#1157 = DIRECTION ( 'NONE',  ( 0.0000000000000000000, -1.000000000000000000, 0.0000000000000000000 ) ) ;
#1158 = CARTESIAN_POINT ( 'NONE',  ( 1.304999999999979954, -1.125000000000000000, 0.01000000000000000021 ) ) ;
#1159 = VERTEX_POINT ( 'NONE', #498 ) ;
#1160 = CARTESIAN_POINT ( 'NONE',  ( -1.505000000000000115, -0.1749999999999999889, 0.0000000000000000000 ) ) ;
#1161 = ORIENTED_EDGE ( 'NONE', *, *, #1233, .T. ) ;
#1162 = DIRECTION ( 'NONE',  ( 0.0000000000000000000, 0.0000000000000000000, 1.000000000000000000 ) ) ;
#1163 = ADVANCED_FACE ( 'NONE', ( #298 ), #2483, .F. ) ;
#1164 = AXIS2_PLACEMENT_3D ( 'NONE', #794, #1004, #1893 ) ;
#1165 = VERTEX_POINT ( 'NONE', #1510 ) ;
#1166 = DIRECTION ( 'NONE',  ( 0.0000000000000000000, 0.0000000000000000000, -1.000000000000000000 ) ) ;
#1167 = DIRECTION ( 'NONE',  ( 0.0000000000000000000, 0.0000000000000000000, 1.000000000000000000 ) ) ;
#1168 = APPLICATION_CONTEXT ( 'automotive_design' ) ;
#1169 = CARTESIAN_POINT ( 'NONE',  ( -0.7500000000000000000, 0.8000000000000000444, 0.0000000000000000000 ) ) ;
#1170 = EDGE_CURVE ( 'NONE', #1326, #1093, #430, .T. ) ;
#1171 = CIRCLE ( 'NONE', #88, 0.1000000000000000472 ) ;
#1172 = COLOUR_RGB ( '',0.8431372549019607865, 0.8156862745098039102, 0.7529411764705882248 ) ;
#1173 = ORIENTED_EDGE ( 'NONE', *, *, #1998, .T. ) ;
#1174 = CARTESIAN_POINT ( 'NONE',  ( -1.505000000000000115, -0.1749999999999999889, 0.2030000000000000138 ) ) ;
#1175 = VECTOR ( 'NONE', #1908, 1000.000000000000000 ) ;
#1176 = EDGE_CURVE ( 'NONE', #1326, #2458, #899, .T. ) ;
#1177 = DIRECTION ( 'NONE',  ( 1.000000000000000000, 0.0000000000000000000, 0.0000000000000000000 ) ) ;
#1178 = VECTOR ( 'NONE', #1380, 1000.000000000000000 ) ;
#1179 = ORIENTED_EDGE ( 'NONE', *, *, #1383, .F. ) ;
#1180 = CARTESIAN_POINT ( 'NONE',  ( -1.204999999999979865, 0.0000000000000000000, 0.01000000000000000021 ) ) ;
#1181 = EDGE_LOOP ( 'NONE', ( #2007, #1351, #98, #270, #2744, #289 ) ) ;
#1182 = SURFACE_SIDE_STYLE ('',( #90 ) ) ;
#1183 = VERTEX_POINT ( 'NONE', #900 ) ;
#1184 = LINE ( 'NONE', #2063, #1760 ) ;
#1185 = CARTESIAN_POINT ( 'NONE',  ( -1.304999999999985949, -0.2750000000000000222, 0.01000000000000000021 ) ) ;
#1186 = DIRECTION ( 'NONE',  ( 1.000000000000000000, 0.0000000000000000000, 0.0000000000000000000 ) ) ;
#1187 = ORIENTED_EDGE ( 'NONE', *, *, #434, .T. ) ;
#1188 = EDGE_CURVE ( 'NONE', #2485, #1112, #673, .T. ) ;
#1189 = DIRECTION ( 'NONE',  ( 0.0000000000000000000, 0.0000000000000000000, -1.000000000000000000 ) ) ;
#1190 = ORIENTED_EDGE ( 'NONE', *, *, #2202, .F. ) ;
#1191 = EDGE_CURVE ( 'NONE', #904, #1165, #461, .T. ) ;
#1192 = LINE ( 'NONE', #2684, #2175 ) ;
#1193 = PRESENTATION_STYLE_ASSIGNMENT (( #1366 ) ) ;
#1194 = CARTESIAN_POINT ( 'NONE',  ( 1.204999999999985860, -0.2750000000000000222, 0.0000000000000000000 ) ) ;
#1195 = VERTEX_POINT ( 'NONE', #2397 ) ;
#1196 = DIRECTION ( 'NONE',  ( 0.0000000000000000000, 0.0000000000000000000, 1.000000000000000000 ) ) ;
#1197 = DIRECTION ( 'NONE',  ( 1.000000000000000000, 0.0000000000000000000, 0.0000000000000000000 ) ) ;
#1198 = DIRECTION ( 'NONE',  ( 0.0000000000000000000, 0.0000000000000000000, -1.000000000000000000 ) ) ;
#1199 = ORIENTED_EDGE ( 'NONE', *, *, #371, .T. ) ;
#1200 = CARTESIAN_POINT ( 'NONE',  ( -1.204999999999985860, -0.3750000000000000000, 0.0000000000000000000 ) ) ;
#1201 = EDGE_CURVE ( 'NONE', #2390, #2014, #2188, .T. ) ;
#1202 = FILL_AREA_STYLE_COLOUR ( '', #1172 ) ;
#1203 = EDGE_CURVE ( 'NONE', #1827, #1072, #2200, .T. ) ;
#1204 = ORIENTED_EDGE ( 'NONE', *, *, #405, .F. ) ;
#1205 = DIRECTION ( 'NONE',  ( 0.0000000000000000000, 1.000000000000000000, 0.0000000000000000000 ) ) ;
#1206 = VECTOR ( 'NONE', #2051, 1000.000000000000000 ) ;
#1207 = ORIENTED_EDGE ( 'NONE', *, *, #2102, .T. ) ;
#1208 = DIRECTION ( 'NONE',  ( 0.0000000000000000000, 0.0000000000000000000, 1.000000000000000000 ) ) ;
#1209 = DIRECTION ( 'NONE',  ( 0.0000000000000000000, 0.0000000000000000000, -1.000000000000000000 ) ) ;
#1210 = DIRECTION ( 'NONE',  ( 0.0000000000000000000, -1.000000000000000000, 0.0000000000000000000 ) ) ;
#1211 = VECTOR ( 'NONE', #1718, 1000.000000000000000 ) ;
#1212 = ORIENTED_EDGE ( 'NONE', *, *, #2794, .T. ) ;
#1213 = VECTOR ( 'NONE', #134, 1000.000000000000000 ) ;
#1214 = VECTOR ( 'NONE', #782, 1000.000000000000000 ) ;
#1215 = DIRECTION ( 'NONE',  ( 0.0000000000000000000, 0.0000000000000000000, 1.000000000000000000 ) ) ;
#1216 = VECTOR ( 'NONE', #649, 1000.000000000000000 ) ;
#1217 = AXIS2_PLACEMENT_3D ( 'NONE', #326, #87, #1808 ) ;
#1218 = VECTOR ( 'NONE', #1009, 1000.000000000000000 ) ;
#1219 =( LENGTH_UNIT ( ) NAMED_UNIT ( * ) SI_UNIT ( .MILLI., .METRE. ) );
#1220 = FACE_OUTER_BOUND ( 'NONE', #2578, .T. ) ;
#1221 = VECTOR ( 'NONE', #1738, 1000.000000000000000 ) ;
#1222 = EDGE_LOOP ( 'NONE', ( #2701, #1037, #1845, #1571, #1910, #569 ) ) ;
#1223 = LINE ( 'NONE', #2588, #163 ) ;
#1224 = ORIENTED_EDGE ( 'NONE', *, *, #1995, .F. ) ;
#1225 = EDGE_CURVE ( 'NONE', #1159, #1827, #2600, .T. ) ;
#1226 = SURFACE_STYLE_USAGE ( .BOTH. , #1235 ) ;
#1227 = LINE ( 'NONE', #786, #983 ) ;
#1228 = ORIENTED_EDGE ( 'NONE', *, *, #2335, .F. ) ;
#1229 = CARTESIAN_POINT ( 'NONE',  ( -0.7500000000000000000, -1.318624263833722142E-16, 0.01000000000000000021 ) ) ;
#1230 = FACE_OUTER_BOUND ( 'NONE', #546, .T. ) ;
#1231 = DIRECTION ( 'NONE',  ( -1.000000000000000000, 0.0000000000000000000, 0.0000000000000000000 ) ) ;
#1232 = LINE ( 'NONE', #831, #1761 ) ;
#1233 = EDGE_CURVE ( 'NONE', #58, #1803, #1754, .T. ) ;
#1234 = VERTEX_POINT ( 'NONE', #1524 ) ;
#1235 = SURFACE_SIDE_STYLE ('',( #1859 ) ) ;
#1236 = DIRECTION ( 'NONE',  ( -1.758165685111629851E-16, 1.000000000000000000, 0.0000000000000000000 ) ) ;
#1237 = CYLINDRICAL_SURFACE ( 'NONE', #2460, 0.1000000000000000472 ) ;
#1238 = EDGE_CURVE ( 'NONE', #2113, #927, #2618, .T. ) ;
#1239 = VERTEX_POINT ( 'NONE', #1773 ) ;
#1240 = DIRECTION ( 'NONE',  ( 0.0000000000000000000, 0.0000000000000000000, -1.000000000000000000 ) ) ;
#1241 = ADVANCED_FACE ( 'NONE', ( #231 ), #2167, .T. ) ;
#1242 = DIRECTION ( 'NONE',  ( 0.0000000000000000000, 0.0000000000000000000, 1.000000000000000000 ) ) ;
#1243 = LINE ( 'NONE', #2779, #2277 ) ;
#1244 = CARTESIAN_POINT ( 'NONE',  ( 1.204999999999999849, 0.3750000000000000000, 0.01000000000000000021 ) ) ;
#1245 = ORIENTED_EDGE ( 'NONE', *, *, #2144, .F. ) ;
#1246 = DIRECTION ( 'NONE',  ( -1.000000000000000000, 0.0000000000000000000, 0.0000000000000000000 ) ) ;
#1247 = DIRECTION ( 'NONE',  ( 0.0000000000000000000, 0.0000000000000000000, -1.000000000000000000 ) ) ;
#1248 = ORIENTED_EDGE ( 'NONE', *, *, #1041, .T. ) ;
#1249 = DIRECTION ( 'NONE',  ( 1.000000000000000000, 0.0000000000000000000, 0.0000000000000000000 ) ) ;
#1250 = AXIS2_PLACEMENT_3D ( 'NONE', #2736, #1198, #2307 ) ;
#1251 = ADVANCED_FACE ( 'NONE', ( #688 ), #1741, .T. ) ;
#1252 = PRESENTATION_LAYER_ASSIGNMENT (  '', '', ( #662 ) ) ;
#1253 = STYLED_ITEM ( 'NONE', ( #2533 ), #553 ) ;
#1254 = ORIENTED_EDGE ( 'NONE', *, *, #869, .T. ) ;
#1255 = ORIENTED_EDGE ( 'NONE', *, *, #1499, .T. ) ;
#1256 = CARTESIAN_POINT ( 'NONE',  ( -1.500000000000000000, -1.500000000000000000, 0.9000000000000000222 ) ) ;
#1257 = AXIS2_PLACEMENT_3D ( 'NONE', #1924, #1885, #2573 ) ;
#1258 = CARTESIAN_POINT ( 'NONE',  ( -1.304999999999985949, -0.4749999999999999778, 0.2030000000000000138 ) ) ;
#1259 = AXIS2_PLACEMENT_3D ( 'NONE', #1954, #1782, #27 ) ;
#1260 = ORIENTED_EDGE ( 'NONE', *, *, #628, .F. ) ;
#1261 = FACE_OUTER_BOUND ( 'NONE', #630, .T. ) ;
#1262 = CARTESIAN_POINT ( 'NONE',  ( -1.204999999999999849, 0.2750000000000000222, 0.2030000000000000138 ) ) ;
#1263 = LINE ( 'NONE', #2104, #2642 ) ;
#1264 = ORIENTED_EDGE ( 'NONE', *, *, #1479, .F. ) ;
#1265 = PLANE ( 'NONE',  #1486 ) ;
#1266 = ADVANCED_FACE ( 'NONE', ( #2214 ), #653, .F. ) ;
#1267 = ORIENTED_EDGE ( 'NONE', *, *, #2717, .T. ) ;
#1268 = CARTESIAN_POINT ( 'NONE',  ( -1.199999999999999956, 1.199999999999999956, 0.8899999999999999023 ) ) ;
#1269 = ORIENTED_EDGE ( 'NONE', *, *, #602, .F. ) ;
#1270 = CARTESIAN_POINT ( 'NONE',  ( 1.304999999999999938, 0.1749999999999999889, 0.2030000000000000138 ) ) ;
#1271 = DIRECTION ( 'NONE',  ( 0.0000000000000000000, 0.0000000000000000000, 1.000000000000000000 ) ) ;
#1272 = ORIENTED_EDGE ( 'NONE', *, *, #1577, .T. ) ;
#1273 = DIRECTION ( 'NONE',  ( -1.445602896647339903E-16, 1.000000000000000000, 0.0000000000000000000 ) ) ;
#1274 = LINE ( 'NONE', #2211, #1770 ) ;
#1275 = DIRECTION ( 'NONE',  ( 1.000000000000000000, 0.0000000000000000000, 0.0000000000000000000 ) ) ;
#1276 = VERTEX_POINT ( 'NONE', #1971 ) ;
#1277 =( NAMED_UNIT ( * ) SI_UNIT ( $, .STERADIAN. ) SOLID_ANGLE_UNIT ( ) );
#1278 = UNCERTAINTY_MEASURE_WITH_UNIT (LENGTH_MEASURE( 1.000000000000000082E-05 ), #1219, 'distance_accuracy_value', 'NONE');
#1279 = CARTESIAN_POINT ( 'NONE',  ( 1.505000000000000115, -1.125000000000000000, 0.0000000000000000000 ) ) ;
#1280 = ORIENTED_EDGE ( 'NONE', *, *, #2522, .T. ) ;
#1281 = CARTESIAN_POINT ( 'NONE',  ( -1.505000000000000115, 0.4749999999999999778, 0.0000000000000000000 ) ) ;
#1282 = EDGE_LOOP ( 'NONE', ( #2059, #504, #51, #1633 ) ) ;
#1283 = ADVANCED_FACE ( 'NONE', ( #878 ), #258, .F. ) ;
#1284 = CARTESIAN_POINT ( 'NONE',  ( -1.204999999999999849, 0.2750000000000000222, 0.0000000000000000000 ) ) ;
#1285 = EDGE_LOOP ( 'NONE', ( #2374, #1703, #225, #2685 ) ) ;
#1286 = ADVANCED_FACE ( 'NONE', ( #2384 ), #417, .F. ) ;
#1287 = LINE ( 'NONE', #696, #1070 ) ;
#1288 = ORIENTED_EDGE ( 'NONE', *, *, #176, .T. ) ;
#1289 = CARTESIAN_POINT ( 'NONE',  ( -1.500000000000000000, -0.8249999999999999556, 0.2030000000000000138 ) ) ;
#1290 = CARTESIAN_POINT ( 'NONE',  ( -1.199999999999999956, 1.199999999999999956, 0.8899999999999999023 ) ) ;
#1291 = EDGE_CURVE ( 'NONE', #1318, #1654, #1816, .T. ) ;
#1292 = LINE ( 'NONE', #1551, #1942 ) ;
#1293 = ORIENTED_EDGE ( 'NONE', *, *, #1625, .T. ) ;
#1294 = CARTESIAN_POINT ( 'NONE',  ( 0.6500000000000000222, -1.050000000000000044, 0.01000000000000000021 ) ) ;
#1295 = CARTESIAN_POINT ( 'NONE',  ( -1.304999999999979954, -1.125000000000000000, 0.01000000000000000021 ) ) ;
#1296 = ORIENTED_EDGE ( 'NONE', *, *, #1057, .F. ) ;
#1297 = DIRECTION ( 'NONE',  ( 1.000000000000000000, 0.0000000000000000000, 0.0000000000000000000 ) ) ;
#1298 = VECTOR ( 'NONE', #92, 1000.000000000000000 ) ;
#1299 = VECTOR ( 'NONE', #2547, 1000.000000000000000 ) ;
#1300 = VECTOR ( 'NONE', #196, 1000.000000000000000 ) ;
#1301 = LINE ( 'NONE', #2656, #2468 ) ;
#1302 = COLOUR_RGB ( '',0.8431372549019607865, 0.8156862745098039102, 0.7529411764705882248 ) ;
#1303 = EDGE_CURVE ( 'NONE', #355, #200, #2048, .T. ) ;
#1304 = ORIENTED_EDGE ( 'NONE', *, *, #2487, .T. ) ;
#1305 = LINE ( 'NONE', #426, #2554 ) ;
#1306 = DIRECTION ( 'NONE',  ( 0.0000000000000000000, 0.0000000000000000000, -1.000000000000000000 ) ) ;
#1307 = DIRECTION ( 'NONE',  ( 0.0000000000000000000, 0.0000000000000000000, 1.000000000000000000 ) ) ;
#1308 = EDGE_CURVE ( 'NONE', #597, #420, #2477, .T. ) ;
#1309 = CARTESIAN_POINT ( 'NONE',  ( 1.500000000000000000, -1.125000000000000000, 0.9000000000000000222 ) ) ;
#1310 = UNCERTAINTY_MEASURE_WITH_UNIT (LENGTH_MEASURE( 1.000000000000000082E-05 ), #1424, 'distance_accuracy_value', 'NONE');
#1311 = LINE ( 'NONE', #2443, #1999 ) ;
#1312 = STYLED_ITEM ( 'NONE', ( #1193 ), #934 ) ;
#1313 = ORIENTED_EDGE ( 'NONE', *, *, #338, .F. ) ;
#1314 = LINE ( 'NONE', #2205, #496 ) ;
#1315 = SURFACE_STYLE_FILL_AREA ( #2207 ) ;
#1316 = EDGE_LOOP ( 'NONE', ( #2838, #1047, #2454, #386, #317, #506 ) ) ;
#1317 = LINE ( 'NONE', #2194, #263 ) ;
#1318 = VERTEX_POINT ( 'NONE', #2032 ) ;
#1319 = PLANE ( 'NONE',  #395 ) ;
#1320 = DIRECTION ( 'NONE',  ( 0.0000000000000000000, 0.0000000000000000000, -1.000000000000000000 ) ) ;
#1321 = DIRECTION ( 'NONE',  ( -0.0000000000000000000, 1.000000000000000000, 0.0000000000000000000 ) ) ;
#1322 = EDGE_CURVE ( 'NONE', #2771, #274, #507, .T. ) ;
#1323 = DIRECTION ( 'NONE',  ( -1.000000000000000000, 0.0000000000000000000, 0.0000000000000000000 ) ) ;
#1324 = CARTESIAN_POINT ( 'NONE',  ( -1.304999999999999938, 1.125000000000000000, 0.2030000000000000138 ) ) ;
#1325 = EDGE_CURVE ( 'NONE', #2284, #1487, #1369, .T. ) ;
#1326 = VERTEX_POINT ( 'NONE', #1830 ) ;
#1327 = DIRECTION ( 'NONE',  ( 1.000000000000000000, 0.0000000000000000000, 0.0000000000000000000 ) ) ;
#1328 = EDGE_CURVE ( 'NONE', #1587, #721, #1614, .T. ) ;
#1329 = DIRECTION ( 'NONE',  ( 0.0000000000000000000, 0.0000000000000000000, 1.000000000000000000 ) ) ;
#1330 = ORIENTED_EDGE ( 'NONE', *, *, #128, .F. ) ;
#1331 =( LENGTH_UNIT ( ) NAMED_UNIT ( * ) SI_UNIT ( .MILLI., .METRE. ) );
#1332 = VERTEX_POINT ( 'NONE', #2074 ) ;
#1333 = DIRECTION ( 'NONE',  ( 1.000000000000000000, 0.0000000000000000000, 0.0000000000000000000 ) ) ;
#1334 = CARTESIAN_POINT ( 'NONE',  ( -1.505000000000000115, 1.125000000000000000, 0.2030000000000000138 ) ) ;
#1335 = FACE_OUTER_BOUND ( 'NONE', #1145, .T. ) ;
#1336 = EDGE_CURVE ( 'NONE', #2289, #597, #2252, .T. ) ;
#1337 = DIRECTION ( 'NONE',  ( 0.0000000000000000000, 0.0000000000000000000, 1.000000000000000000 ) ) ;
#1338 = FACE_OUTER_BOUND ( 'NONE', #1285, .T. ) ;
#1339 = ORIENTED_EDGE ( 'NONE', *, *, #1875, .F. ) ;
#1340 = ORIENTED_EDGE ( 'NONE', *, *, #277, .F. ) ;
#1341 = EDGE_CURVE ( 'NONE', #1276, #2799, #1624, .T. ) ;
#1342 = DIRECTION ( 'NONE',  ( 0.0000000000000000000, 0.0000000000000000000, -1.000000000000000000 ) ) ;
#1343 = ORIENTED_EDGE ( 'NONE', *, *, #2055, .F. ) ;
#1344 = AXIS2_PLACEMENT_3D ( 'NONE', #2698, #1574, #1177 ) ;
#1345 = VECTOR ( 'NONE', #1354, 1000.000000000000000 ) ;
#1346 = VECTOR ( 'NONE', #1413, 1000.000000000000000 ) ;
#1347 = VERTEX_POINT ( 'NONE', #2238 ) ;
#1348 = PRODUCT_CONTEXT ( 'NONE', #1168, 'mechanical' ) ;
#1349 = LINE ( 'NONE', #471, #1444 ) ;
#1350 = VECTOR ( 'NONE', #2027, 1000.000000000000000 ) ;
#1351 = ORIENTED_EDGE ( 'NONE', *, *, #321, .T. ) ;
#1352 = CIRCLE ( 'NONE', #768, 0.1000000000000000472 ) ;
#1353 = AXIS2_PLACEMENT_3D ( 'NONE', #2463, #1790, #951 ) ;
#1354 = DIRECTION ( 'NONE',  ( -1.000000000000000000, 0.0000000000000000000, 0.0000000000000000000 ) ) ;
#1355 = LINE ( 'NONE', #1324, #2044 ) ;
#1356 = PLANE ( 'NONE',  #25 ) ;
#1357 = CIRCLE ( 'NONE', #808, 0.1000000000000000472 ) ;
#1358 = ORIENTED_EDGE ( 'NONE', *, *, #2050, .T. ) ;
#1359 = DIRECTION ( 'NONE',  ( 0.0000000000000000000, 0.0000000000000000000, 1.000000000000000000 ) ) ;
#1360 = CARTESIAN_POINT ( 'NONE',  ( 1.204999999999985860, -0.3750000000000000000, 0.0000000000000000000 ) ) ;
#1361 = EDGE_CURVE ( 'NONE', #1089, #2404, #1384, .T. ) ;
#1362 = ORIENTED_EDGE ( 'NONE', *, *, #1176, .T. ) ;
#1363 = DIRECTION ( 'NONE',  ( 1.000000000000000000, 0.0000000000000000000, 0.0000000000000000000 ) ) ;
#1364 = EDGE_CURVE ( 'NONE', #939, #2396, #2711, .T. ) ;
#1365 = EDGE_LOOP ( 'NONE', ( #174, #1269, #2237, #19, #45, #1756, #141, #1411 ) ) ;
#1366 = SURFACE_STYLE_USAGE ( .BOTH. , #1182 ) ;
#1367 = FILL_AREA_STYLE ('',( #1840 ) ) ;
#1368 = ORIENTED_EDGE ( 'NONE', *, *, #681, .T. ) ;
#1369 = LINE ( 'NONE', #330, #2699 ) ;
#1370 = CARTESIAN_POINT ( 'NONE',  ( -1.304999999999985949, -0.4749999999999999778, 0.2030000000000000138 ) ) ;
#1371 = CARTESIAN_POINT ( 'NONE',  ( 1.304999999999999938, 0.8249999999999999556, 0.2030000000000000138 ) ) ;
#1372 = VERTEX_POINT ( 'NONE', #969 ) ;
#1373 = CARTESIAN_POINT ( 'NONE',  ( -1.500000000000000000, 1.500000000000000000, 0.9000000000000000222 ) ) ;
#1374 = LINE ( 'NONE', #1129, #1807 ) ;
#1375 = ORIENTED_EDGE ( 'NONE', *, *, #1702, .F. ) ;
#1376 = ADVANCED_FACE ( 'NONE', ( #2280 ), #2493, .F. ) ;
#1377 = FILL_AREA_STYLE ('',( #730 ) ) ;
#1378 = EDGE_LOOP ( 'NONE', ( #10, #1553, #1984, #837, #2499, #902 ) ) ;
#1379 = EDGE_CURVE ( 'NONE', #1084, #1239, #1627, .T. ) ;
#1380 = DIRECTION ( 'NONE',  ( 0.0000000000000000000, 0.0000000000000000000, -1.000000000000000000 ) ) ;
#1381 = DIRECTION ( 'NONE',  ( 0.0000000000000000000, 0.0000000000000000000, -1.000000000000000000 ) ) ;
#1382 = ORIENTED_EDGE ( 'NONE', *, *, #75, .F. ) ;
#1383 = EDGE_CURVE ( 'NONE', #721, #1084, #293, .T. ) ;
#1384 = LINE ( 'NONE', #64, #1711 ) ;
#1385 = DIRECTION ( 'NONE',  ( 0.0000000000000000000, 0.0000000000000000000, -1.000000000000000000 ) ) ;
#1386 = LINE ( 'NONE', #322, #659 ) ;
#1387 = ORIENTED_EDGE ( 'NONE', *, *, #1970, .F. ) ;
#1388 = LINE ( 'NONE', #324, #1815 ) ;
#1389 = SURFACE_STYLE_FILL_AREA ( #2025 ) ;
#1390 = ORIENTED_EDGE ( 'NONE', *, *, #2778, .T. ) ;
#1391 = LINE ( 'NONE', #97, #1350 ) ;
#1392 = AXIS2_PLACEMENT_3D ( 'NONE', #1616, #1210, #2510 ) ;
#1393 = ORIENTED_EDGE ( 'NONE', *, *, #2778, .F. ) ;
#1394 = FACE_OUTER_BOUND ( 'NONE', #1378, .T. ) ;
#1395 = AXIS2_PLACEMENT_3D ( 'NONE', #1015, #1642, #2535 ) ;
#1396 = AXIS2_PLACEMENT_3D ( 'NONE', #1258, #1461, #1042 ) ;
#1397 = EDGE_CURVE ( 'NONE', #1606, #2145, #1184, .T. ) ;
#1398 = ORIENTED_EDGE ( 'NONE', *, *, #2263, .F. ) ;
#1399 = LINE ( 'NONE', #1798, #1896 ) ;
#1400 = DIRECTION ( 'NONE',  ( -1.000000000000000000, 0.0000000000000000000, 0.0000000000000000000 ) ) ;
#1401 = DIRECTION ( 'NONE',  ( -1.000000000000000000, 0.0000000000000000000, 0.0000000000000000000 ) ) ;
#1402 = EDGE_CURVE ( 'NONE', #1513, #2376, #744, .T. ) ;
#1403 = AXIS2_PLACEMENT_3D ( 'NONE', #901, #17, #260 ) ;
#1404 = VECTOR ( 'NONE', #1722, 1000.000000000000000 ) ;
#1405 = EDGE_LOOP ( 'NONE', ( #1617, #1126, #1296, #1453, #1744, #652 ) ) ;
#1406 = CARTESIAN_POINT ( 'NONE',  ( 1.505000000000000115, 1.125000000000000000, 0.2030000000000000138 ) ) ;
#1407 = AXIS2_PLACEMENT_3D ( 'NONE', #1016, #2580, #1894 ) ;
#1408 = COLOUR_RGB ( '',0.7921568627450980005, 0.8196078431372548767, 0.9333333333333333481 ) ;
#1409 = ORIENTED_EDGE ( 'NONE', *, *, #1796, .T. ) ;
#1410 = PRESENTATION_STYLE_ASSIGNMENT (( #288 ) ) ;
#1411 = ORIENTED_EDGE ( 'NONE', *, *, #107, .F. ) ;
#1412 = FILL_AREA_STYLE_COLOUR ( '', #1408 ) ;
#1413 = DIRECTION ( 'NONE',  ( 0.0000000000000000000, 0.0000000000000000000, -1.000000000000000000 ) ) ;
#1414 = ORIENTED_EDGE ( 'NONE', *, *, #1170, .F. ) ;
#1415 = CARTESIAN_POINT ( 'NONE',  ( -1.304999999999979954, -0.9250000000000000444, 0.2030000000000000138 ) ) ;
#1416 = CARTESIAN_POINT ( 'NONE',  ( -1.500000000000000000, -0.1749999999999999889, 0.9000000000000000222 ) ) ;
#1417 = EDGE_CURVE ( 'NONE', #1696, #1234, #2507, .T. ) ;
#1418 = CARTESIAN_POINT ( 'NONE',  ( -1.204999999999979865, -0.9250000000000000444, 0.0000000000000000000 ) ) ;
#1419 = DIRECTION ( 'NONE',  ( 1.000000000000000000, 0.0000000000000000000, 0.0000000000000000000 ) ) ;
#1420 = EDGE_CURVE ( 'NONE', #281, #274, #308, .T. ) ;
#1421 = DIRECTION ( 'NONE',  ( -1.000000000000000000, 0.0000000000000000000, 0.0000000000000000000 ) ) ;
#1422 = CARTESIAN_POINT ( 'NONE',  ( 0.7500000000000000000, 1.050000000000000044, 0.0000000000000000000 ) ) ;
#1423 = ORIENTED_EDGE ( 'NONE', *, *, #2552, .F. ) ;
#1424 =( LENGTH_UNIT ( ) NAMED_UNIT ( * ) SI_UNIT ( .MILLI., .METRE. ) );
#1425 = ORIENTED_EDGE ( 'NONE', *, *, #1596, .F. ) ;
#1426 = FACE_OUTER_BOUND ( 'NONE', #932, .T. ) ;
#1427 = CARTESIAN_POINT ( 'NONE',  ( 1.204999999999979865, -0.9250000000000000444, 0.2030000000000000138 ) ) ;
#1428 = CYLINDRICAL_SURFACE ( 'NONE', #2513, 0.1000000000000000472 ) ;
#1429 = EDGE_CURVE ( 'NONE', #736, #613, #1399, .T. ) ;
#1430 = VERTEX_POINT ( 'NONE', #2570 ) ;
#1431 = CARTESIAN_POINT ( 'NONE',  ( 1.505000000000000115, 1.125000000000000000, 0.0000000000000000000 ) ) ;
#1432 = ADVANCED_FACE ( 'NONE', ( #1426 ), #1474, .F. ) ;
#1433 = ORIENTED_EDGE ( 'NONE', *, *, #306, .T. ) ;
#1434 = DIRECTION ( 'NONE',  ( 0.0000000000000000000, -1.000000000000000000, 0.0000000000000000000 ) ) ;
#1435 = CYLINDRICAL_SURFACE ( 'NONE', #131, 0.1000000000000000472 ) ;
#1436 = EDGE_CURVE ( 'NONE', #2028, #2523, #2323, .T. ) ;
#1437 = ORIENTED_EDGE ( 'NONE', *, *, #1702, .T. ) ;
#1438 = DIRECTION ( 'NONE',  ( 0.0000000000000000000, 0.0000000000000000000, 1.000000000000000000 ) ) ;
#1439 = ORIENTED_EDGE ( 'NONE', *, *, #2674, .T. ) ;
#1440 = DIRECTION ( 'NONE',  ( 0.0000000000000000000, 0.0000000000000000000, 1.000000000000000000 ) ) ;
#1441 =( GEOMETRIC_REPRESENTATION_CONTEXT ( 3 ) GLOBAL_UNCERTAINTY_ASSIGNED_CONTEXT ( ( #823 ) ) GLOBAL_UNIT_ASSIGNED_CONTEXT ( ( #802, #1471, #2345 ) ) REPRESENTATION_CONTEXT ( 'NONE', 'WORKASPACE' ) );
#1442 = ORIENTED_EDGE ( 'NONE', *, *, #830, .T. ) ;
#1443 = VECTOR ( 'NONE', #31, 1000.000000000000000 ) ;
#1444 = VECTOR ( 'NONE', #2661, 1000.000000000000000 ) ;
#1445 = CARTESIAN_POINT ( 'NONE',  ( -1.304999999999979954, -0.8249999999999999556, 0.0000000000000000000 ) ) ;
#1446 = VECTOR ( 'NONE', #1064, 1000.000000000000000 ) ;
#1447 = VECTOR ( 'NONE', #1452, 1000.000000000000000 ) ;
#1448 = VECTOR ( 'NONE', #707, 1000.000000000000000 ) ;
#1449 = LINE ( 'NONE', #2334, #1813 ) ;
#1450 = DIRECTION ( 'NONE',  ( -1.000000000000000000, 0.0000000000000000000, 0.0000000000000000000 ) ) ;
#1451 = VECTOR ( 'NONE', #867, 1000.000000000000000 ) ;
#1452 = DIRECTION ( 'NONE',  ( 1.445602896647339903E-16, -1.000000000000000000, 0.0000000000000000000 ) ) ;
#1453 = ORIENTED_EDGE ( 'NONE', *, *, #2826, .F. ) ;
#1454 = CARTESIAN_POINT ( 'NONE',  ( -1.500000000000000000, 1.500000000000000000, 0.01000000000000000021 ) ) ;
#1455 = DIRECTION ( 'NONE',  ( 0.0000000000000000000, 0.0000000000000000000, 1.000000000000000000 ) ) ;
#1456 = LINE ( 'NONE', #1665, #714 ) ;
#1457 = ORIENTED_EDGE ( 'NONE', *, *, #2186, .F. ) ;
#1458 = CYLINDRICAL_SURFACE ( 'NONE', #399, 0.1000000000000000472 ) ;
#1459 = DIRECTION ( 'NONE',  ( 1.000000000000000000, 0.0000000000000000000, 0.0000000000000000000 ) ) ;
#1460 = PRODUCT_DEFINITION ( 'UNKNOWN', '', #2609, #2168 ) ;
#1461 = DIRECTION ( 'NONE',  ( -0.0000000000000000000, 1.000000000000000000, 0.0000000000000000000 ) ) ;
#1462 = EDGE_CURVE ( 'NONE', #2523, #1626, #380, .T. ) ;
#1463 = ORIENTED_EDGE ( 'NONE', *, *, #2567, .T. ) ;
#1464 = FILL_AREA_STYLE_COLOUR ( '', #2320 ) ;
#1465 = CARTESIAN_POINT ( 'NONE',  ( 1.500000000000000000, 1.500000000000000000, 0.01000000000000000021 ) ) ;
#1466 = CARTESIAN_POINT ( 'NONE',  ( -1.500000000000000000, 1.500000000000000000, 0.9000000000000000222 ) ) ;
#1467 = ORIENTED_EDGE ( 'NONE', *, *, #59, .F. ) ;
#1468 = LINE ( 'NONE', #1877, #621 ) ;
#1469 = ORIENTED_EDGE ( 'NONE', *, *, #1875, .T. ) ;
#1470 = FILL_AREA_STYLE ('',( #599 ) ) ;
#1471 =( NAMED_UNIT ( * ) PLANE_ANGLE_UNIT ( ) SI_UNIT ( $, .RADIAN. ) );
#1472 = CARTESIAN_POINT ( 'NONE',  ( -1.500000000000000000, -0.4749999999999999778, 0.9000000000000000222 ) ) ;
#1473 = ORIENTED_EDGE ( 'NONE', *, *, #643, .T. ) ;
#1474 = PLANE ( 'NONE',  #1164 ) ;
#1475 = DIRECTION ( 'NONE',  ( -0.0000000000000000000, 1.000000000000000000, 0.0000000000000000000 ) ) ;
#1476 = CARTESIAN_POINT ( 'NONE',  ( 1.304999999999979954, -1.125000000000000000, 0.0000000000000000000 ) ) ;
#1477 = EDGE_CURVE ( 'NONE', #736, #54, #2546, .T. ) ;
#1478 = CARTESIAN_POINT ( 'NONE',  ( 1.304999999999985949, -0.2750000000000000222, 0.01000000000000000021 ) ) ;
#1479 = EDGE_CURVE ( 'NONE', #655, #2667, #152, .T. ) ;
#1480 = VECTOR ( 'NONE', #414, 1000.000000000000000 ) ;
#1481 = ORIENTED_EDGE ( 'NONE', *, *, #2389, .T. ) ;
#1482 = SURFACE_SIDE_STYLE ('',( #388 ) ) ;
#1483 = ORIENTED_EDGE ( 'NONE', *, *, #2566, .T. ) ;
#1484 = AXIS2_PLACEMENT_3D ( 'NONE', #2741, #741, #2229 ) ;
#1485 = LINE ( 'NONE', #2377, #2694 ) ;
#1486 = AXIS2_PLACEMENT_3D ( 'NONE', #2777, #1684, #2385 ) ;
#1487 = VERTEX_POINT ( 'NONE', #2305 ) ;
#1488 = CARTESIAN_POINT ( 'NONE',  ( -1.204999999999979865, -1.025000000000000133, 0.2030000000000000138 ) ) ;
#1489 = AXIS2_PLACEMENT_3D ( 'NONE', #508, #78, #1197 ) ;
#1490 = ORIENTED_EDGE ( 'NONE', *, *, #2541, .T. ) ;
#1491 = DIRECTION ( 'NONE',  ( -1.000000000000000000, 0.0000000000000000000, 0.0000000000000000000 ) ) ;
#1492 = CARTESIAN_POINT ( 'NONE',  ( 1.304999999999979954, -0.8249999999999999556, 0.01000000000000000021 ) ) ;
#1493 = DIRECTION ( 'NONE',  ( 1.000000000000000000, 0.0000000000000000000, 0.0000000000000000000 ) ) ;
#1494 = ORIENTED_EDGE ( 'NONE', *, *, #75, .T. ) ;
#1495 = EDGE_CURVE ( 'NONE', #880, #2258, #1691, .T. ) ;
#1496 = DIRECTION ( 'NONE',  ( 0.0000000000000000000, 0.0000000000000000000, -1.000000000000000000 ) ) ;
#1497 = CARTESIAN_POINT ( 'NONE',  ( 0.7500000000000000000, 1.050000000000000044, 0.01000000000000000021 ) ) ;
#1498 = ORIENTED_EDGE ( 'NONE', *, *, #962, .F. ) ;
#1499 = EDGE_CURVE ( 'NONE', #664, #2014, #979, .T. ) ;
#1500 =( NAMED_UNIT ( * ) SI_UNIT ( $, .STERADIAN. ) SOLID_ANGLE_UNIT ( ) );
#1501 = ORIENTED_EDGE ( 'NONE', *, *, #1010, .F. ) ;
#1502 = DIRECTION ( 'NONE',  ( -1.000000000000000000, 0.0000000000000000000, 0.0000000000000000000 ) ) ;
#1503 = VERTEX_POINT ( 'NONE', #398 ) ;
#1504 = CARTESIAN_POINT ( 'NONE',  ( 1.500000000000000000, 1.125000000000000000, 0.2030000000000000138 ) ) ;
#1505 = ORIENTED_EDGE ( 'NONE', *, *, #333, .F. ) ;
#1506 = LINE ( 'NONE', #665, #1114 ) ;
#1507 = DIRECTION ( 'NONE',  ( 0.0000000000000000000, 0.0000000000000000000, 1.000000000000000000 ) ) ;
#1508 = CARTESIAN_POINT ( 'NONE',  ( 1.505000000000000115, -0.1749999999999999889, 0.2030000000000000138 ) ) ;
#1509 = ORIENTED_EDGE ( 'NONE', *, *, #1978, .T. ) ;
#1510 = CARTESIAN_POINT ( 'NONE',  ( -1.505000000000000115, 0.4749999999999999778, 0.2030000000000000138 ) ) ;
#1511 = UNCERTAINTY_MEASURE_WITH_UNIT (LENGTH_MEASURE( 1.000000000000000082E-05 ), #1331, 'distance_accuracy_value', 'NONE');
#1512 = PLANE ( 'NONE',  #40 ) ;
#1513 = VERTEX_POINT ( 'NONE', #1680 ) ;
#1514 = LINE ( 'NONE', #56, #1631 ) ;
#1515 =( NAMED_UNIT ( * ) SI_UNIT ( $, .STERADIAN. ) SOLID_ANGLE_UNIT ( ) );
#1516 = ADVANCED_FACE ( 'NONE', ( #1261 ), #594, .T. ) ;
#1517 = DIRECTION ( 'NONE',  ( 0.0000000000000000000, 0.0000000000000000000, -1.000000000000000000 ) ) ;
#1518 = ADVANCED_FACE ( 'NONE', ( #819 ), #144, .F. ) ;
#1519 = ORIENTED_EDGE ( 'NONE', *, *, #869, .F. ) ;
#1520 = LINE ( 'NONE', #2405, #1069 ) ;
#1521 = FACE_OUTER_BOUND ( 'NONE', #2218, .T. ) ;
#1522 = CARTESIAN_POINT ( 'NONE',  ( 1.304999999999985949, -0.1749999999999999889, 0.0000000000000000000 ) ) ;
#1523 = ORIENTED_EDGE ( 'NONE', *, *, #2669, .T. ) ;
#1524 = CARTESIAN_POINT ( 'NONE',  ( 1.204999999999979865, -0.9250000000000000444, 0.01000000000000000021 ) ) ;
#1525 = CARTESIAN_POINT ( 'NONE',  ( 1.500000000000000000, 1.500000000000000000, 0.01000000000000000021 ) ) ;
#1526 = ORIENTED_EDGE ( 'NONE', *, *, #976, .T. ) ;
#1527 = DIRECTION ( 'NONE',  ( 0.0000000000000000000, 0.0000000000000000000, -1.000000000000000000 ) ) ;
#1528 = CARTESIAN_POINT ( 'NONE',  ( 1.304999999999979954, -1.025000000000000133, 0.01000000000000000021 ) ) ;
#1529 = VECTOR ( 'NONE', #809, 1000.000000000000000 ) ;
#1530 = VECTOR ( 'NONE', #2452, 1000.000000000000000 ) ;
#1531 = CIRCLE ( 'NONE', #575, 0.1000000000000000472 ) ;
#1532 = ADVANCED_FACE ( 'NONE', ( #604 ), #2086, .F. ) ;
#1533 = VECTOR ( 'NONE', #1975, 1000.000000000000000 ) ;
#1534 = STYLED_ITEM ( 'NONE', ( #1410 ), #884 ) ;
#1535 = EDGE_LOOP ( 'NONE', ( #2097, #383, #1409, #2446 ) ) ;
#1536 = ADVANCED_FACE ( 'NONE', ( #2557 ), #584, .T. ) ;
#1537 = DIRECTION ( 'NONE',  ( 0.0000000000000000000, 0.0000000000000000000, -1.000000000000000000 ) ) ;
#1538 = VECTOR ( 'NONE', #209, 1000.000000000000000 ) ;
#1539 = LINE ( 'NONE', #1334, #1538 ) ;
#1540 = CARTESIAN_POINT ( 'NONE',  ( -1.500000000000000000, -1.125000000000000000, 0.2030000000000000138 ) ) ;
#1541 = ORIENTED_EDGE ( 'NONE', *, *, #1336, .F. ) ;
#1542 = DIRECTION ( 'NONE',  ( 0.0000000000000000000, 0.0000000000000000000, -1.000000000000000000 ) ) ;
#1543 = FACE_OUTER_BOUND ( 'NONE', #2539, .T. ) ;
#1544 = LINE ( 'NONE', #2418, #725 ) ;
#1545 = ORIENTED_EDGE ( 'NONE', *, *, #2503, .F. ) ;
#1546 = FACE_BOUND ( 'NONE', #190, .T. ) ;
#1547 = EDGE_CURVE ( 'NONE', #1662, #482, #1305, .T. ) ;
#1548 = ORIENTED_EDGE ( 'NONE', *, *, #622, .F. ) ;
#1549 = DIRECTION ( 'NONE',  ( -1.445602896647339903E-16, 1.000000000000000000, 0.0000000000000000000 ) ) ;
#1550 = DIRECTION ( 'NONE',  ( -1.000000000000000000, 0.0000000000000000000, 0.0000000000000000000 ) ) ;
#1551 = CARTESIAN_POINT ( 'NONE',  ( 0.0000000000000000000, 0.1749999999999999889, 0.01000000000000000021 ) ) ;
#1552 = ADVANCED_FACE ( 'NONE', ( #1750 ), #2163, .T. ) ;
#1553 = ORIENTED_EDGE ( 'NONE', *, *, #493, .T. ) ;
#1554 = CARTESIAN_POINT ( 'NONE',  ( -1.304999999999999938, 0.2750000000000000222, 0.2030000000000000138 ) ) ;
#1555 = DIRECTION ( 'NONE',  ( -1.032573497605241854E-16, 1.000000000000000000, 0.0000000000000000000 ) ) ;
#1556 = ORIENTED_EDGE ( 'NONE', *, *, #1036, .T. ) ;
#1557 = ORIENTED_EDGE ( 'NONE', *, *, #1078, .F. ) ;
#1558 = LINE ( 'NONE', #2666, #801 ) ;
#1559 = DIRECTION ( 'NONE',  ( 0.0000000000000000000, 1.000000000000000000, 0.0000000000000000000 ) ) ;
#1560 = ORIENTED_EDGE ( 'NONE', *, *, #1417, .T. ) ;
#1561 = LINE ( 'NONE', #1929, #446 ) ;
#1562 = ORIENTED_EDGE ( 'NONE', *, *, #550, .T. ) ;
#1563 = CARTESIAN_POINT ( 'NONE',  ( -1.500000000000000000, 1.500000000000000000, 0.9000000000000000222 ) ) ;
#1564 = DIRECTION ( 'NONE',  ( 0.0000000000000000000, 0.0000000000000000000, 1.000000000000000000 ) ) ;
#1565 = DIRECTION ( 'NONE',  ( 0.0000000000000000000, 0.0000000000000000000, -1.000000000000000000 ) ) ;
#1566 = ORIENTED_EDGE ( 'NONE', *, *, #2602, .F. ) ;
#1567 = CARTESIAN_POINT ( 'NONE',  ( 1.204999999999979865, 0.0000000000000000000, 0.01000000000000000021 ) ) ;
#1568 = CARTESIAN_POINT ( 'NONE',  ( -1.500000000000000000, -0.1749999999999999889, 0.01000000000000000021 ) ) ;
#1569 = EDGE_CURVE ( 'NONE', #55, #1098, #2196, .T. ) ;
#1570 = ORIENTED_EDGE ( 'NONE', *, *, #1135, .F. ) ;
#1571 = ORIENTED_EDGE ( 'NONE', *, *, #1764, .F. ) ;
#1572 = CARTESIAN_POINT ( 'NONE',  ( -1.505000000000000115, 0.8249999999999999556, 0.0000000000000000000 ) ) ;
#1573 = EDGE_CURVE ( 'NONE', #376, #687, #1920, .T. ) ;
#1574 = DIRECTION ( 'NONE',  ( 0.0000000000000000000, 0.0000000000000000000, -1.000000000000000000 ) ) ;
#1575 = AXIS2_PLACEMENT_3D ( 'NONE', #1371, #1630, #1186 ) ;
#1576 = VERTEX_POINT ( 'NONE', #2639 ) ;
#1577 = EDGE_CURVE ( 'NONE', #420, #1651, #1506, .T. ) ;
#1578 = VECTOR ( 'NONE', #337, 1000.000000000000000 ) ;
#1579 = VECTOR ( 'NONE', #1275, 1000.000000000000000 ) ;
#1580 = LINE ( 'NONE', #780, #1767 ) ;
#1581 = VECTOR ( 'NONE', #1652, 1000.000000000000000 ) ;
#1582 = AXIS2_PLACEMENT_3D ( 'NONE', #992, #142, #1879 ) ;
#1583 = ORIENTED_EDGE ( 'NONE', *, *, #154, .F. ) ;
#1584 = CARTESIAN_POINT ( 'NONE',  ( -1.204999999999999849, 1.025000000000000133, 0.0000000000000000000 ) ) ;
#1585 = LINE ( 'NONE', #2018, #1346 ) ;
#1586 = VECTOR ( 'NONE', #589, 1000.000000000000000 ) ;
#1587 = VERTEX_POINT ( 'NONE', #862 ) ;
#1588 = DIRECTION ( 'NONE',  ( 1.000000000000000000, 0.0000000000000000000, 0.0000000000000000000 ) ) ;
#1589 = DIRECTION ( 'NONE',  ( 0.0000000000000000000, 0.0000000000000000000, -1.000000000000000000 ) ) ;
#1590 = CARTESIAN_POINT ( 'NONE',  ( -1.204999999999999849, 1.025000000000000133, 0.2030000000000000138 ) ) ;
#1591 = AXIS2_PLACEMENT_3D ( 'NONE', #1755, #2645, #774 ) ;
#1592 = EDGE_CURVE ( 'NONE', #2178, #952, #439, .T. ) ;
#1593 = ORIENTED_EDGE ( 'NONE', *, *, #681, .F. ) ;
#1594 = LINE ( 'NONE', #1431, #986 ) ;
#1595 = DIRECTION ( 'NONE',  ( 1.000000000000000000, 0.0000000000000000000, 0.0000000000000000000 ) ) ;
#1596 = EDGE_CURVE ( 'NONE', #389, #522, #2591, .T. ) ;
#1597 = ORIENTED_EDGE ( 'NONE', *, *, #799, .T. ) ;
#1598 = DIRECTION ( 'NONE',  ( 0.0000000000000000000, 0.0000000000000000000, -1.000000000000000000 ) ) ;
#1599 = VERTEX_POINT ( 'NONE', #1737 ) ;
#1600 = FACE_OUTER_BOUND ( 'NONE', #2292, .T. ) ;
#1601 = LINE ( 'NONE', #99, #1868 ) ;
#1602 = EDGE_LOOP ( 'NONE', ( #2429, #89, #704, #407 ) ) ;
#1603 = CARTESIAN_POINT ( 'NONE',  ( -1.304999999999999938, 0.1749999999999999889, 0.2030000000000000138 ) ) ;
#1604 = PLANE ( 'NONE',  #1489 ) ;
#1605 = PLANE ( 'NONE',  #1392 ) ;
#1606 = VERTEX_POINT ( 'NONE', #2393 ) ;
#1607 = DIRECTION ( 'NONE',  ( 0.0000000000000000000, 0.0000000000000000000, -1.000000000000000000 ) ) ;
#1608 = ORIENTED_EDGE ( 'NONE', *, *, #776, .F. ) ;
#1609 = EDGE_CURVE ( 'NONE', #200, #904, #2626, .T. ) ;
#1610 = DIRECTION ( 'NONE',  ( 0.0000000000000000000, 0.0000000000000000000, -1.000000000000000000 ) ) ;
#1611 = ADVANCED_FACE ( 'NONE', ( #1044 ), #1319, .F. ) ;
#1612 = SURFACE_SIDE_STYLE ('',( #2710 ) ) ;
#1613 = ORIENTED_EDGE ( 'NONE', *, *, #22, .T. ) ;
#1614 = LINE ( 'NONE', #2689, #716 ) ;
#1615 = CARTESIAN_POINT ( 'NONE',  ( -1.304999999999999938, 0.1749999999999999889, 0.0000000000000000000 ) ) ;
#1616 = CARTESIAN_POINT ( 'NONE',  ( 1.505000000000000115, -0.8249999999999999556, 0.2030000000000000138 ) ) ;
#1617 = ORIENTED_EDGE ( 'NONE', *, *, #908, .F. ) ;
#1618 = LINE ( 'NONE', #1174, #1766 ) ;
#1619 = EDGE_LOOP ( 'NONE', ( #592, #1473, #191, #2722, #1255, #2748, #1613, #1494, #464, #2803, #2758, #877, #2232, #644, #1829, #2094, #2026, #334, #2435, #1125 ) ) ;
#1620 = CARTESIAN_POINT ( 'NONE',  ( 1.505000000000000115, -0.8249999999999999556, 0.0000000000000000000 ) ) ;
#1621 = VECTOR ( 'NONE', #1987, 1000.000000000000000 ) ;
#1622 = EDGE_LOOP ( 'NONE', ( #1801, #1425, #2804, #873 ) ) ;
#1623 = SURFACE_SIDE_STYLE ('',( #302 ) ) ;
#1624 = CIRCLE ( 'NONE', #392, 0.1000000000000000472 ) ;
#1625 = EDGE_CURVE ( 'NONE', #2771, #292, #492, .T. ) ;
#1626 = VERTEX_POINT ( 'NONE', #1932 ) ;
#1627 = LINE ( 'NONE', #2264, #351 ) ;
#1628 = VECTOR ( 'NONE', #250, 1000.000000000000000 ) ;
#1629 = CARTESIAN_POINT ( 'NONE',  ( 1.204999999999985860, -0.3750000000000000000, 0.01000000000000000021 ) ) ;
#1630 = DIRECTION ( 'NONE',  ( -0.0000000000000000000, 1.000000000000000000, 0.0000000000000000000 ) ) ;
#1631 = VECTOR ( 'NONE', #8, 1000.000000000000000 ) ;
#1632 = COLOUR_RGB ( '',0.2000000000000000111, 0.2000000000000000111, 0.2000000000000000111 ) ;
#1633 = ORIENTED_EDGE ( 'NONE', *, *, #2776, .T. ) ;
#1634 = CARTESIAN_POINT ( 'NONE',  ( -1.500000000000000000, 0.4749999999999999778, 0.01000000000000000021 ) ) ;
#1635 = CIRCLE ( 'NONE', #2002, 0.1499999999999999667 ) ;
#1636 = VERTEX_POINT ( 'NONE', #1073 ) ;
#1637 = FACE_OUTER_BOUND ( 'NONE', #2008, .T. ) ;
#1638 = ORIENTED_EDGE ( 'NONE', *, *, #2717, .F. ) ;
#1639 = SURFACE_STYLE_USAGE ( .BOTH. , #1612 ) ;
#1640 = EDGE_CURVE ( 'NONE', #1651, #2267, #1099, .T. ) ;
#1641 = VERTEX_POINT ( 'NONE', #26 ) ;
#1642 = DIRECTION ( 'NONE',  ( -0.0000000000000000000, 1.000000000000000000, 0.0000000000000000000 ) ) ;
#1643 = CARTESIAN_POINT ( 'NONE',  ( 0.6500000000000000222, -1.149999999999999911, 0.01000000000000000021 ) ) ;
#1644 = DIRECTION ( 'NONE',  ( 0.0000000000000000000, 1.000000000000000000, 0.0000000000000000000 ) ) ;
#1645 = ORIENTED_EDGE ( 'NONE', *, *, #1784, .F. ) ;
#1646 = FACE_OUTER_BOUND ( 'NONE', #2556, .T. ) ;
#1647 =( NAMED_UNIT ( * ) SI_UNIT ( $, .STERADIAN. ) SOLID_ANGLE_UNIT ( ) );
#1648 = DIRECTION ( 'NONE',  ( -1.000000000000000000, 0.0000000000000000000, 0.0000000000000000000 ) ) ;
#1649 = ORIENTED_EDGE ( 'NONE', *, *, #705, .F. ) ;
#1650 = CARTESIAN_POINT ( 'NONE',  ( -1.500000000000000000, 1.500000000000000000, 0.01000000000000000021 ) ) ;
#1651 = VERTEX_POINT ( 'NONE', #1289 ) ;
#1652 = DIRECTION ( 'NONE',  ( 1.445602896647339903E-16, -1.000000000000000000, 0.0000000000000000000 ) ) ;
#1653 = LINE ( 'NONE', #1466, #762 ) ;
#1654 = VERTEX_POINT ( 'NONE', #892 ) ;
#1655 = EDGE_CURVE ( 'NONE', #1858, #1654, #469, .T. ) ;
#1656 = DIRECTION ( 'NONE',  ( 0.0000000000000000000, 0.0000000000000000000, -1.000000000000000000 ) ) ;
#1657 = EDGE_CURVE ( 'NONE', #763, #833, #1966, .T. ) ;
#1658 = CARTESIAN_POINT ( 'NONE',  ( -1.204999999999985860, -0.3750000000000000000, 0.01000000000000000021 ) ) ;
#1659 = CARTESIAN_POINT ( 'NONE',  ( -1.500000000000000000, 0.4749999999999999778, 0.2030000000000000138 ) ) ;
#1660 = LINE ( 'NONE', #1488, #2825 ) ;
#1661 = VECTOR ( 'NONE', #2495, 1000.000000000000000 ) ;
#1662 = VERTEX_POINT ( 'NONE', #2183 ) ;
#1663 = DIRECTION ( 'NONE',  ( 1.000000000000000000, 0.0000000000000000000, 0.0000000000000000000 ) ) ;
#1664 = CARTESIAN_POINT ( 'NONE',  ( 1.304999999999999938, 0.2750000000000000222, 0.0000000000000000000 ) ) ;
#1665 = CARTESIAN_POINT ( 'NONE',  ( 1.204999999999999849, 1.025000000000000133, 0.2030000000000000138 ) ) ;
#1666 = ORIENTED_EDGE ( 'NONE', *, *, #632, .F. ) ;
#1667 = VECTOR ( 'NONE', #1527, 1000.000000000000000 ) ;
#1668 = PRESENTATION_LAYER_ASSIGNMENT (  '', '', ( #1253 ) ) ;
#1669 = DIRECTION ( 'NONE',  ( -1.445602896647339903E-16, 1.000000000000000000, 0.0000000000000000000 ) ) ;
#1670 = STYLED_ITEM ( 'NONE', ( #840 ), #1821 ) ;
#1671 = VECTOR ( 'NONE', #435, 1000.000000000000000 ) ;
#1672 = EDGE_CURVE ( 'NONE', #1043, #54, #1520, .T. ) ;
#1673 = VECTOR ( 'NONE', #53, 1000.000000000000000 ) ;
#1674 = FACE_OUTER_BOUND ( 'NONE', #1923, .T. ) ;
#1675 = CYLINDRICAL_SURFACE ( 'NONE', #2417, 0.1000000000000000472 ) ;
#1676 = ADVANCED_FACE ( 'NONE', ( #2380 ), #1058, .F. ) ;
#1677 = DIRECTION ( 'NONE',  ( -1.000000000000000000, 0.0000000000000000000, 0.0000000000000000000 ) ) ;
#1678 = ADVANCED_FACE ( 'NONE', ( #2613 ), #638, .T. ) ;
#1679 = ORIENTED_EDGE ( 'NONE', *, *, #2186, .T. ) ;
#1680 = CARTESIAN_POINT ( 'NONE',  ( -1.204999999999999849, 0.3750000000000000000, 0.01000000000000000021 ) ) ;
#1681 = DIRECTION ( 'NONE',  ( 0.0000000000000000000, 0.0000000000000000000, -1.000000000000000000 ) ) ;
#1682 = LINE ( 'NONE', #2571, #212 ) ;
#1683 = VERTEX_POINT ( 'NONE', #2542 ) ;
#1684 = DIRECTION ( 'NONE',  ( 0.0000000000000000000, 0.0000000000000000000, 1.000000000000000000 ) ) ;
#1685 = DIRECTION ( 'NONE',  ( 0.0000000000000000000, 1.000000000000000000, 0.0000000000000000000 ) ) ;
#1686 = SURFACE_STYLE_USAGE ( .BOTH. , #1904 ) ;
#1687 = EDGE_CURVE ( 'NONE', #1072, #301, #2707, .T. ) ;
#1688 = LINE ( 'NONE', #792, #1214 ) ;
#1689 = ORIENTED_EDGE ( 'NONE', *, *, #1796, .F. ) ;
#1690 = EDGE_CURVE ( 'NONE', #1641, #2113, #790, .T. ) ;
#1691 = LINE ( 'NONE', #1454, #1581 ) ;
#1692 = FACE_OUTER_BOUND ( 'NONE', #1884, .T. ) ;
#1693 = CARTESIAN_POINT ( 'NONE',  ( 1.304999999999999938, 0.3750000000000000000, 0.01000000000000000021 ) ) ;
#1694 = VERTEX_POINT ( 'NONE', #1658 ) ;
#1695 = PLANE ( 'NONE',  #266 ) ;
#1696 = VERTEX_POINT ( 'NONE', #922 ) ;
#1697 = CARTESIAN_POINT ( 'NONE',  ( 0.0000000000000000000, -0.1749999999999999889, 0.01000000000000000021 ) ) ;
#1698 = VERTEX_POINT ( 'NONE', #1584 ) ;
#1699 = DIRECTION ( 'NONE',  ( 1.000000000000000000, 0.0000000000000000000, 0.0000000000000000000 ) ) ;
#1700 = VERTEX_POINT ( 'NONE', #139 ) ;
#1701 = PLANE ( 'NONE',  #34 ) ;
#1702 = EDGE_CURVE ( 'NONE', #1700, #1698, #2550, .T. ) ;
#1703 = ORIENTED_EDGE ( 'NONE', *, *, #333, .T. ) ;
#1704 = DIRECTION ( 'NONE',  ( -1.000000000000000000, 0.0000000000000000000, 0.0000000000000000000 ) ) ;
#1705 = CARTESIAN_POINT ( 'NONE',  ( -1.304999999999979954, -1.125000000000000000, 0.0000000000000000000 ) ) ;
#1706 = LINE ( 'NONE', #1934, #2119 ) ;
#1707 = EDGE_CURVE ( 'NONE', #1694, #2041, #698, .T. ) ;
#1708 = ORIENTED_EDGE ( 'NONE', *, *, #1201, .T. ) ;
#1709 = AXIS2_PLACEMENT_3D ( 'NONE', #1294, #472, #1938 ) ;
#1710 = CARTESIAN_POINT ( 'NONE',  ( 1.505000000000000115, 0.4749999999999999778, 0.2030000000000000138 ) ) ;
#1711 = VECTOR ( 'NONE', #488, 1000.000000000000000 ) ;
#1712 = CIRCLE ( 'NONE', #2465, 0.1000000000000000472 ) ;
#1713 = EDGE_LOOP ( 'NONE', ( #697, #1833, #105, #868 ) ) ;
#1714 =( NAMED_UNIT ( * ) PLANE_ANGLE_UNIT ( ) SI_UNIT ( $, .RADIAN. ) );
#1715 =( GEOMETRIC_REPRESENTATION_CONTEXT ( 3 ) GLOBAL_UNCERTAINTY_ASSIGNED_CONTEXT ( ( #1278 ) ) GLOBAL_UNIT_ASSIGNED_CONTEXT ( ( #1219, #1000, #1647 ) ) REPRESENTATION_CONTEXT ( 'NONE', 'WORKASPACE' ) );
#1716 = VERTEX_POINT ( 'NONE', #554 ) ;
#1717 = CIRCLE ( 'NONE', #171, 0.1000000000000000472 ) ;
#1718 = DIRECTION ( 'NONE',  ( 0.0000000000000000000, 0.0000000000000000000, -1.000000000000000000 ) ) ;
#1719 = VECTOR ( 'NONE', #1822, 1000.000000000000000 ) ;
#1720 = ORIENTED_EDGE ( 'NONE', *, *, #463, .F. ) ;
#1721 = AXIS2_PLACEMENT_3D ( 'NONE', #1040, #2575, #1001 ) ;
#1722 = DIRECTION ( 'NONE',  ( 0.0000000000000000000, -1.000000000000000000, 0.0000000000000000000 ) ) ;
#1723 = CIRCLE ( 'NONE', #2422, 0.1000000000000000472 ) ;
#1724 = ORIENTED_EDGE ( 'NONE', *, *, #1905, .F. ) ;
#1725 = DIRECTION ( 'NONE',  ( 0.0000000000000000000, 1.000000000000000000, 0.0000000000000000000 ) ) ;
#1726 = CARTESIAN_POINT ( 'NONE',  ( 1.505000000000000115, 0.4749999999999999778, 0.2030000000000000138 ) ) ;
#1727 = CARTESIAN_POINT ( 'NONE',  ( 1.304999999999979954, -1.025000000000000133, 0.0000000000000000000 ) ) ;
#1728 = CARTESIAN_POINT ( 'NONE',  ( -1.500000000000000000, 1.500000000000000000, 0.01000000000000000021 ) ) ;
#1729 = ADVANCED_FACE ( 'NONE', ( #2016 ), #1869, .F. ) ;
#1730 = EDGE_LOOP ( 'NONE', ( #2657, #283, #72, #2242 ) ) ;
#1731 = CARTESIAN_POINT ( 'NONE',  ( 1.304999999999979954, -1.125000000000000000, 0.2030000000000000138 ) ) ;
#1732 = ADVANCED_FACE ( 'NONE', ( #1600 ), #290, .F. ) ;
#1733 = DIRECTION ( 'NONE',  ( 1.000000000000000000, 0.0000000000000000000, 0.0000000000000000000 ) ) ;
#1734 = ORIENTED_EDGE ( 'NONE', *, *, #622, .T. ) ;
#1735 = DIRECTION ( 'NONE',  ( 0.0000000000000000000, 0.0000000000000000000, -1.000000000000000000 ) ) ;
#1736 = ORIENTED_EDGE ( 'NONE', *, *, #754, .T. ) ;
#1737 = CARTESIAN_POINT ( 'NONE',  ( 1.204999999999999849, 0.3750000000000000000, 0.0000000000000000000 ) ) ;
#1738 = DIRECTION ( 'NONE',  ( -1.445602896647339903E-16, 1.000000000000000000, 0.0000000000000000000 ) ) ;
#1739 = PLANE ( 'NONE',  #393 ) ;
#1740 = EDGE_LOOP ( 'NONE', ( #2607, #2105, #365, #2819 ) ) ;
#1741 = CYLINDRICAL_SURFACE ( 'NONE', #889, 0.1000000000000000472 ) ;
#1742 = DIRECTION ( 'NONE',  ( -1.000000000000000000, -1.032573497605241854E-16, 0.0000000000000000000 ) ) ;
#1743 = EDGE_CURVE ( 'NONE', #1907, #91, #2756, .T. ) ;
#1744 = ORIENTED_EDGE ( 'NONE', *, *, #883, .F. ) ;
#1745 = DIRECTION ( 'NONE',  ( 0.0000000000000000000, 1.000000000000000000, 0.0000000000000000000 ) ) ;
#1746 = LINE ( 'NONE', #2434, #2129 ) ;
#1747 = EDGE_CURVE ( 'NONE', #2799, #1700, #1149, .T. ) ;
#1748 = VERTEX_POINT ( 'NONE', #505 ) ;
#1749 = EDGE_LOOP ( 'NONE', ( #701, #1490, #1839, #1034, #2387, #299 ) ) ;
#1750 = FACE_OUTER_BOUND ( 'NONE', #1282, .T. ) ;
#1751 = CARTESIAN_POINT ( 'NONE',  ( -1.204999999999979865, -0.9250000000000000444, 0.01000000000000000021 ) ) ;
#1752 = LINE ( 'NONE', #895, #765 ) ;
#1753 = VERTEX_POINT ( 'NONE', #73 ) ;
#1754 = LINE ( 'NONE', #2643, #122 ) ;
#1755 = CARTESIAN_POINT ( 'NONE',  ( 1.304999999999999938, 0.2750000000000000222, 0.2030000000000000138 ) ) ;
#1756 = ORIENTED_EDGE ( 'NONE', *, *, #2567, .F. ) ;
#1757 = VECTOR ( 'NONE', #606, 1000.000000000000000 ) ;
#1758 = DIRECTION ( 'NONE',  ( 0.0000000000000000000, 0.0000000000000000000, 1.000000000000000000 ) ) ;
#1759 = FACE_OUTER_BOUND ( 'NONE', #494, .T. ) ;
#1760 = VECTOR ( 'NONE', #279, 1000.000000000000000 ) ;
#1761 = VECTOR ( 'NONE', #2359, 1000.000000000000000 ) ;
#1762 = ORIENTED_EDGE ( 'NONE', *, *, #2487, .F. ) ;
#1763 = VECTOR ( 'NONE', #109, 1000.000000000000000 ) ;
#1764 = EDGE_CURVE ( 'NONE', #1018, #2376, #120, .T. ) ;
#1765 = DIRECTION ( 'NONE',  ( -1.000000000000000000, 0.0000000000000000000, 0.0000000000000000000 ) ) ;
#1766 = VECTOR ( 'NONE', #2529, 1000.000000000000000 ) ;
#1767 = VECTOR ( 'NONE', #1889, 1000.000000000000000 ) ;
#1768 = ORIENTED_EDGE ( 'NONE', *, *, #2297, .F. ) ;
#1769 = CARTESIAN_POINT ( 'NONE',  ( -1.505000000000000115, -0.1749999999999999889, 0.0000000000000000000 ) ) ;
#1770 = VECTOR ( 'NONE', #2184, 1000.000000000000000 ) ;
#1771 = FACE_OUTER_BOUND ( 'NONE', #2424, .T. ) ;
#1772 = DIRECTION ( 'NONE',  ( 0.0000000000000000000, 0.0000000000000000000, 1.000000000000000000 ) ) ;
#1773 = CARTESIAN_POINT ( 'NONE',  ( 1.505000000000000115, 0.4749999999999999778, 0.0000000000000000000 ) ) ;
#1774 = DIRECTION ( 'NONE',  ( 0.0000000000000000000, -1.000000000000000000, 0.0000000000000000000 ) ) ;
#1775 = CARTESIAN_POINT ( 'NONE',  ( -1.204999999999999849, 1.025000000000000133, 0.2030000000000000138 ) ) ;
#1776 = ORIENTED_EDGE ( 'NONE', *, *, #22, .F. ) ;
#1777 = CARTESIAN_POINT ( 'NONE',  ( 1.204999999999999849, 0.3750000000000000000, 0.0000000000000000000 ) ) ;
#1778 = ORIENTED_EDGE ( 'NONE', *, *, #50, .T. ) ;
#1779 = CARTESIAN_POINT ( 'NONE',  ( -1.204999999999999849, 1.025000000000000133, 0.01000000000000000021 ) ) ;
#1780 = ADVANCED_FACE ( 'NONE', ( #483 ), #2233, .F. ) ;
#1781 = ORIENTED_EDGE ( 'NONE', *, *, #1383, .T. ) ;
#1782 = DIRECTION ( 'NONE',  ( -1.000000000000000000, 0.0000000000000000000, 0.0000000000000000000 ) ) ;
#1783 = LINE ( 'NONE', #1968, #2172 ) ;
#1784 = EDGE_CURVE ( 'NONE', #301, #1080, #1050, .T. ) ;
#1785 = ORIENTED_EDGE ( 'NONE', *, *, #1328, .T. ) ;
#1786 = DIRECTION ( 'NONE',  ( 0.0000000000000000000, 0.0000000000000000000, -1.000000000000000000 ) ) ;
#1787 = ORIENTED_EDGE ( 'NONE', *, *, #2743, .T. ) ;
#1788 = ORIENTED_EDGE ( 'NONE', *, *, #1573, .F. ) ;
#1789 = CARTESIAN_POINT ( 'NONE',  ( 1.505000000000000115, -1.125000000000000000, 0.2030000000000000138 ) ) ;
#1790 = DIRECTION ( 'NONE',  ( -1.000000000000000000, 0.0000000000000000000, 0.0000000000000000000 ) ) ;
#1791 = ORIENTED_EDGE ( 'NONE', *, *, #1784, .T. ) ;
#1792 = DIRECTION ( 'NONE',  ( 0.0000000000000000000, 0.0000000000000000000, -1.000000000000000000 ) ) ;
#1793 = ORIENTED_EDGE ( 'NONE', *, *, #2679, .T. ) ;
#1794 = DIRECTION ( 'NONE',  ( 0.0000000000000000000, 0.0000000000000000000, 1.000000000000000000 ) ) ;
#1795 = CARTESIAN_POINT ( 'NONE',  ( -1.505000000000000115, -0.4749999999999999778, 0.2030000000000000138 ) ) ;
#1796 = EDGE_CURVE ( 'NONE', #432, #460, #612, .T. ) ;
#1797 = ORIENTED_EDGE ( 'NONE', *, *, #2246, .F. ) ;
#1798 = CARTESIAN_POINT ( 'NONE',  ( 1.500000000000000000, 1.500000000000000000, 0.01000000000000000021 ) ) ;
#1799 = UNCERTAINTY_MEASURE_WITH_UNIT (LENGTH_MEASURE( 1.000000000000000082E-05 ), #2401, 'distance_accuracy_value', 'NONE');
#1800 = CARTESIAN_POINT ( 'NONE',  ( -0.4000000000000000222, 1.149999999999999911, 0.01000000000000000021 ) ) ;
#1801 = ORIENTED_EDGE ( 'NONE', *, *, #1147, .T. ) ;
#1802 = ADVANCED_FACE ( 'NONE', ( #1925 ), #1023, .T. ) ;
#1803 = VERTEX_POINT ( 'NONE', #1281 ) ;
#1804 = DIRECTION ( 'NONE',  ( 0.0000000000000000000, -1.000000000000000000, 0.0000000000000000000 ) ) ;
#1805 = DIRECTION ( 'NONE',  ( 0.0000000000000000000, 0.0000000000000000000, 1.000000000000000000 ) ) ;
#1806 = ORIENTED_EDGE ( 'NONE', *, *, #1569, .F. ) ;
#1807 = VECTOR ( 'NONE', #1595, 1000.000000000000000 ) ;
#1808 = DIRECTION ( 'NONE',  ( -1.000000000000000000, 0.0000000000000000000, 0.0000000000000000000 ) ) ;
#1809 = AXIS2_PLACEMENT_3D ( 'NONE', #373, #2796, #1333 ) ;
#1810 = CIRCLE ( 'NONE', #2366, 0.1000000000000000472 ) ;
#1811 = CARTESIAN_POINT ( 'NONE',  ( 1.505000000000000115, 0.8249999999999999556, 0.2030000000000000138 ) ) ;
#1812 = LINE ( 'NONE', #112, #166 ) ;
#1813 = VECTOR ( 'NONE', #2107, 1000.000000000000000 ) ;
#1814 = COLOUR_RGB ( '',0.7686274509803920907, 0.7686274509803920907, 0.7686274509803920907 ) ;
#1815 = VECTOR ( 'NONE', #309, 1000.000000000000000 ) ;
#1816 = LINE ( 'NONE', #1138, #764 ) ;
#1817 = LINE ( 'NONE', #1427, #269 ) ;
#1818 = LINE ( 'NONE', #2282, #159 ) ;
#1819 = AXIS2_PLACEMENT_3D ( 'NONE', #195, #650, #2003 ) ;
#1820 = ORIENTED_EDGE ( 'NONE', *, *, #2181, .F. ) ;
#1821 = ADVANCED_FACE ( 'NONE', ( #1674 ), #2565, .T. ) ;
#1822 = DIRECTION ( 'NONE',  ( -1.445602896647339903E-16, 1.000000000000000000, 0.0000000000000000000 ) ) ;
#1823 = FACE_OUTER_BOUND ( 'NONE', #2360, .T. ) ;
#1824 = EDGE_LOOP ( 'NONE', ( #1152, #2103, #2625, #419 ) ) ;
#1825 = ADVANCED_FACE ( 'NONE', ( #1230 ), #2802, .F. ) ;
#1826 = LINE ( 'NONE', #2719, #672 ) ;
#1827 = VERTEX_POINT ( 'NONE', #2813 ) ;
#1828 = CARTESIAN_POINT ( 'NONE',  ( -1.500000000000000000, 1.500000000000000000, 0.9000000000000000222 ) ) ;
#1829 = ORIENTED_EDGE ( 'NONE', *, *, #2537, .F. ) ;
#1830 = CARTESIAN_POINT ( 'NONE',  ( 0.7500000000000000000, -1.050000000000000044, 0.01000000000000000021 ) ) ;
#1831 = DIRECTION ( 'NONE',  ( -1.000000000000000000, 0.0000000000000000000, 0.0000000000000000000 ) ) ;
#1832 = LINE ( 'NONE', #2091, #1110 ) ;
#1833 = ORIENTED_EDGE ( 'NONE', *, *, #1106, .T. ) ;
#1834 = DIRECTION ( 'NONE',  ( 0.0000000000000000000, 0.0000000000000000000, -1.000000000000000000 ) ) ;
#1835 = EDGE_CURVE ( 'NONE', #2109, #2190, #2792, .T. ) ;
#1836 = EDGE_LOOP ( 'NONE', ( #1548, #1597, #2511, #1483 ) ) ;
#1837 = CARTESIAN_POINT ( 'NONE',  ( -1.304999999999985949, -0.1749999999999999889, 0.0000000000000000000 ) ) ;
#1838 = ADVANCED_FACE ( 'NONE', ( #2835 ), #2133, .F. ) ;
#1839 = ORIENTED_EDGE ( 'NONE', *, *, #454, .T. ) ;
#1840 = FILL_AREA_STYLE_COLOUR ( '', #2413 ) ;
#1841 = EDGE_LOOP ( 'NONE', ( #1204, #1560, #1304, #2605 ) ) ;
#1842 = DIRECTION ( 'NONE',  ( 0.0000000000000000000, -1.000000000000000000, 0.0000000000000000000 ) ) ;
#1843 = DIRECTION ( 'NONE',  ( -1.000000000000000000, 0.0000000000000000000, 0.0000000000000000000 ) ) ;
#1844 = DIRECTION ( 'NONE',  ( 0.0000000000000000000, 0.0000000000000000000, -1.000000000000000000 ) ) ;
#1845 = ORIENTED_EDGE ( 'NONE', *, *, #2691, .F. ) ;
#1846 = FACE_OUTER_BOUND ( 'NONE', #2038, .T. ) ;
#1847 = ORIENTED_EDGE ( 'NONE', *, *, #1291, .F. ) ;
#1848 = EDGE_CURVE ( 'NONE', #2408, #1195, #1449, .T. ) ;
#1849 = DIRECTION ( 'NONE',  ( -1.445602896647339903E-16, 1.000000000000000000, 0.0000000000000000000 ) ) ;
#1850 = VECTOR ( 'NONE', #305, 1000.000000000000000 ) ;
#1851 = ORIENTED_EDGE ( 'NONE', *, *, #742, .F. ) ;
#1852 = AXIS2_PLACEMENT_3D ( 'NONE', #217, #641, #1123 ) ;
#1853 = EDGE_CURVE ( 'NONE', #522, #349, #178, .T. ) ;
#1854 = CARTESIAN_POINT ( 'NONE',  ( 1.500000000000000000, 0.8249999999999999556, 0.01000000000000000021 ) ) ;
#1855 = CARTESIAN_POINT ( 'NONE',  ( -1.304999999999999938, 1.025000000000000133, 0.0000000000000000000 ) ) ;
#1856 = VECTOR ( 'NONE', #2723, 1000.000000000000000 ) ;
#1857 = AXIS2_PLACEMENT_3D ( 'NONE', #1077, #2427, #2615 ) ;
#1858 = VERTEX_POINT ( 'NONE', #1913 ) ;
#1859 = SURFACE_STYLE_FILL_AREA ( #557 ) ;
#1860 = AXIS2_PLACEMENT_3D ( 'NONE', #712, #936, #2116 ) ;
#1861 = CARTESIAN_POINT ( 'NONE',  ( 1.304999999999999938, 1.025000000000000133, 0.01000000000000000021 ) ) ;
#1862 = VECTOR ( 'NONE', #204, 1000.000000000000000 ) ;
#1863 = CARTESIAN_POINT ( 'NONE',  ( -1.505000000000000115, -1.125000000000000000, 0.0000000000000000000 ) ) ;
#1864 = VECTOR ( 'NONE', #1745, 1000.000000000000000 ) ;
#1865 = ORIENTED_EDGE ( 'NONE', *, *, #1397, .F. ) ;
#1866 = FACE_OUTER_BOUND ( 'NONE', #1730, .T. ) ;
#1867 = VECTOR ( 'NONE', #2049, 1000.000000000000000 ) ;
#1868 = VECTOR ( 'NONE', #1134, 1000.000000000000000 ) ;
#1869 = PLANE ( 'NONE',  #1898 ) ;
#1870 = ORIENTED_EDGE ( 'NONE', *, *, #59, .T. ) ;
#1871 = DIRECTION ( 'NONE',  ( 1.000000000000000000, 0.0000000000000000000, 0.0000000000000000000 ) ) ;
#1872 = ORIENTED_EDGE ( 'NONE', *, *, #1625, .F. ) ;
#1873 = DIRECTION ( 'NONE',  ( 0.7071067811865470176, 0.7071067811865480168, 0.0000000000000000000 ) ) ;
#1874 = FACE_OUTER_BOUND ( 'NONE', #1181, .T. ) ;
#1875 = EDGE_CURVE ( 'NONE', #2807, #2073, #826, .T. ) ;
#1876 = ORIENTED_EDGE ( 'NONE', *, *, #2260, .T. ) ;
#1877 = CARTESIAN_POINT ( 'NONE',  ( 1.505000000000000115, -0.8249999999999999556, 0.0000000000000000000 ) ) ;
#1878 = DIRECTION ( 'NONE',  ( 0.0000000000000000000, 0.0000000000000000000, -1.000000000000000000 ) ) ;
#1879 = DIRECTION ( 'NONE',  ( 1.000000000000000000, 0.0000000000000000000, 0.0000000000000000000 ) ) ;
#1880 = ORIENTED_EDGE ( 'NONE', *, *, #1974, .F. ) ;
#1881 = CARTESIAN_POINT ( 'NONE',  ( 1.304999999999979954, -0.9250000000000000444, 0.0000000000000000000 ) ) ;
#1882 = EDGE_CURVE ( 'NONE', #719, #728, #495, .T. ) ;
#1883 = CARTESIAN_POINT ( 'NONE',  ( -1.304999999999999938, 0.2750000000000000222, 0.0000000000000000000 ) ) ;
#1884 = EDGE_LOOP ( 'NONE', ( #1556, #313, #2543, #2569, #757, #167 ) ) ;
#1885 = DIRECTION ( 'NONE',  ( 1.000000000000000000, 0.0000000000000000000, 0.0000000000000000000 ) ) ;
#1886 = EDGE_CURVE ( 'NONE', #994, #1683, #2009, .T. ) ;
#1887 = DIRECTION ( 'NONE',  ( -1.000000000000000000, 0.0000000000000000000, 0.0000000000000000000 ) ) ;
#1888 = EDGE_CURVE ( 'NONE', #818, #2031, #1558, .T. ) ;
#1889 = DIRECTION ( 'NONE',  ( 0.0000000000000000000, 0.0000000000000000000, -1.000000000000000000 ) ) ;
#1890 = DIRECTION ( 'NONE',  ( 0.0000000000000000000, -1.000000000000000000, 0.0000000000000000000 ) ) ;
#1891 = CLOSED_SHELL ( 'NONE', ( #499, #758, #1163, #553, #422, #2090, #6, #1901, #1432, #2621, #2099, #2069, #1732, #1518, #990, #1251, #2500, #181, #803, #2658, #1283, #1286, #352, #146, #1111, #2371, #561, #590, #1917, #646, #2732, #751, #1266, #814, #143, #1095, #1376, #1676, #1516, #2231, #2159, #2423, #1838, #110, #1678, #1729, #1532, #959, #1019, #857, #2596, #2720, #2206, #571, #2461, #1241, #478, #2400, #993, #2150, #1552, #924, #729, #2791, #1825, #2617, #96, #1611, #1536, #2760, #607, #2217, #2655, #2637, #928, #1780, #2402, #2286, #1802, #657, #944, #1821 ) ) ;
#1892 = VERTEX_POINT ( 'NONE', #235 ) ;
#1893 = DIRECTION ( 'NONE',  ( 0.0000000000000000000, 0.0000000000000000000, -1.000000000000000000 ) ) ;
#1894 = DIRECTION ( 'NONE',  ( 0.0000000000000000000, 0.0000000000000000000, -1.000000000000000000 ) ) ;
#1895 = CARTESIAN_POINT ( 'NONE',  ( 0.7500000000000000000, 7.744301232039330240E-17, 0.01000000000000000021 ) ) ;
#1896 = VECTOR ( 'NONE', #1153, 1000.000000000000000 ) ;
#1897 = VERTEX_POINT ( 'NONE', #2649 ) ;
#1898 = AXIS2_PLACEMENT_3D ( 'NONE', #573, #1421, #1794 ) ;
#1899 = DIRECTION ( 'NONE',  ( 1.000000000000000000, 0.0000000000000000000, 0.0000000000000000000 ) ) ;
#1900 = VECTOR ( 'NONE', #985, 1000.000000000000000 ) ;
#1901 = ADVANCED_FACE ( 'NONE', ( #1543 ), #2174, .T. ) ;
#1902 = VECTOR ( 'NONE', #2265, 1000.000000000000000 ) ;
#1903 = DIRECTION ( 'NONE',  ( 1.000000000000000000, 0.0000000000000000000, 0.0000000000000000000 ) ) ;
#1904 = SURFACE_SIDE_STYLE ('',( #2551 ) ) ;
#1905 = EDGE_CURVE ( 'NONE', #1977, #998, #39, .T. ) ;
#1906 = CARTESIAN_POINT ( 'NONE',  ( 1.204999999999979865, -0.9250000000000000444, 0.0000000000000000000 ) ) ;
#1907 = VERTEX_POINT ( 'NONE', #2415 ) ;
#1908 = DIRECTION ( 'NONE',  ( -1.445602896647339903E-16, 1.000000000000000000, 0.0000000000000000000 ) ) ;
#1909 = DIRECTION ( 'NONE',  ( -1.000000000000000000, 0.0000000000000000000, 0.0000000000000000000 ) ) ;
#1910 = ORIENTED_EDGE ( 'NONE', *, *, #249, .F. ) ;
#1911 = DIRECTION ( 'NONE',  ( 0.0000000000000000000, 0.0000000000000000000, -1.000000000000000000 ) ) ;
#1912 = ORIENTED_EDGE ( 'NONE', *, *, #1071, .F. ) ;
#1913 = CARTESIAN_POINT ( 'NONE',  ( -1.505000000000000115, 1.125000000000000000, 0.2030000000000000138 ) ) ;
#1914 = ORIENTED_EDGE ( 'NONE', *, *, #1672, .T. ) ;
#1915 = EDGE_CURVE ( 'NONE', #954, #2775, #2433, .T. ) ;
#1916 = CARTESIAN_POINT ( 'NONE',  ( 1.304999999999985949, -0.2750000000000000222, 0.2030000000000000138 ) ) ;
#1917 = ADVANCED_FACE ( 'NONE', ( #477 ), #465, .F. ) ;
#1918 = FACE_OUTER_BOUND ( 'NONE', #1622, .T. ) ;
#1919 = ORIENTED_EDGE ( 'NONE', *, *, #1379, .T. ) ;
#1920 = LINE ( 'NONE', #12, #2365 ) ;
#1921 = LINE ( 'NONE', #1262, #2473 ) ;
#1922 = DIRECTION ( 'NONE',  ( 0.0000000000000000000, 0.0000000000000000000, -1.000000000000000000 ) ) ;
#1923 = EDGE_LOOP ( 'NONE', ( #1390, #1293 ) ) ;
#1924 = CARTESIAN_POINT ( 'NONE',  ( 1.204999999999979865, -0.9250000000000000444, 0.2030000000000000138 ) ) ;
#1925 = FACE_OUTER_BOUND ( 'NONE', #2548, .T. ) ;
#1926 = DIRECTION ( 'NONE',  ( 0.0000000000000000000, 0.0000000000000000000, 1.000000000000000000 ) ) ;
#1927 = LINE ( 'NONE', #1992, #769 ) ;
#1928 = EDGE_CURVE ( 'NONE', #1599, #2582, #284, .T. ) ;
#1929 = CARTESIAN_POINT ( 'NONE',  ( -1.304999999999999938, 0.4749999999999999778, 0.2030000000000000138 ) ) ;
#1930 = EDGE_CURVE ( 'NONE', #207, #1043, #222, .T. ) ;
#1931 = ORIENTED_EDGE ( 'NONE', *, *, #1547, .T. ) ;
#1932 = CARTESIAN_POINT ( 'NONE',  ( -0.4000000000000000222, 1.149999999999999911, 0.0000000000000000000 ) ) ;
#1933 = CARTESIAN_POINT ( 'NONE',  ( 1.304999999999999938, 1.025000000000000133, 0.0000000000000000000 ) ) ;
#1934 = CARTESIAN_POINT ( 'NONE',  ( 1.500000000000000000, 1.500000000000000000, 0.9000000000000000222 ) ) ;
#1935 = VECTOR ( 'NONE', #2480, 1000.000000000000000 ) ;
#1936 = EDGE_CURVE ( 'NONE', #274, #281, #358, .T. ) ;
#1937 = ORIENTED_EDGE ( 'NONE', *, *, #121, .F. ) ;
#1938 = DIRECTION ( 'NONE',  ( 1.000000000000000000, 0.0000000000000000000, 0.0000000000000000000 ) ) ;
#1939 = AXIS2_PLACEMENT_3D ( 'NONE', #1528, #202, #1699 ) ;
#1940 = LINE ( 'NONE', #489, #448 ) ;
#1941 = AXIS2_PLACEMENT_3D ( 'NONE', #2339, #362, #2139 ) ;
#1942 = VECTOR ( 'NONE', #651, 1000.000000000000000 ) ;
#1943 = ORIENTED_EDGE ( 'NONE', *, *, #1592, .T. ) ;
#1944 = COLOUR_RGB ( '',0.2000000000000000111, 0.2000000000000000111, 0.2000000000000000111 ) ;
#1945 = MECHANICAL_DESIGN_GEOMETRIC_PRESENTATION_REPRESENTATION (  '', ( #2326 ), #396 ) ;
#1946 = CARTESIAN_POINT ( 'NONE',  ( -1.500000000000000000, 1.125000000000000000, 0.2030000000000000138 ) ) ;
#1947 = CIRCLE ( 'NONE', #724, 0.1000000000000000472 ) ;
#1948 = ORIENTED_EDGE ( 'NONE', *, *, #206, .T. ) ;
#1949 = COLOUR_RGB ( '',0.2000000000000000111, 0.2000000000000000111, 0.2000000000000000111 ) ;
#1950 = LINE ( 'NONE', #424, #1862 ) ;
#1951 = AXIS2_PLACEMENT_3D ( 'NONE', #440, #415, #1320 ) ;
#1952 = ORIENTED_EDGE ( 'NONE', *, *, #1203, .F. ) ;
#1953 = CARTESIAN_POINT ( 'NONE',  ( -1.505000000000000115, -0.8249999999999999556, 0.2030000000000000138 ) ) ;
#1954 = CARTESIAN_POINT ( 'NONE',  ( 1.505000000000000115, 0.8249999999999999556, 0.2030000000000000138 ) ) ;
#1955 = FACE_OUTER_BOUND ( 'NONE', #1014, .T. ) ;
#1956 = EDGE_CURVE ( 'NONE', #1748, #927, #1514, .T. ) ;
#1957 = ORIENTED_EDGE ( 'NONE', *, *, #1853, .T. ) ;
#1958 = DIRECTION ( 'NONE',  ( 0.0000000000000000000, 0.0000000000000000000, -1.000000000000000000 ) ) ;
#1959 = DIRECTION ( 'NONE',  ( -1.000000000000000000, 0.0000000000000000000, 0.0000000000000000000 ) ) ;
#1960 = EDGE_CURVE ( 'NONE', #376, #2810, #2681, .T. ) ;
#1961 = ORIENTED_EDGE ( 'NONE', *, *, #2363, .T. ) ;
#1962 = CARTESIAN_POINT ( 'NONE',  ( -1.500000000000000000, 1.500000000000000000, 0.2030000000000000138 ) ) ;
#1963 = CARTESIAN_POINT ( 'NONE',  ( -1.304999999999999938, 0.8249999999999999556, 0.0000000000000000000 ) ) ;
#1964 = PRESENTATION_STYLE_ASSIGNMENT (( #467 ) ) ;
#1965 = VERTEX_POINT ( 'NONE', #930 ) ;
#1966 = LINE ( 'NONE', #1769, #2040 ) ;
#1967 = DIRECTION ( 'NONE',  ( 0.0000000000000000000, -1.000000000000000000, 0.0000000000000000000 ) ) ;
#1968 = CARTESIAN_POINT ( 'NONE',  ( -1.304999999999979954, -1.125000000000000000, 0.0000000000000000000 ) ) ;
#1969 = EDGE_LOOP ( 'NONE', ( #2157, #1224, #2597, #1179, #635, #307 ) ) ;
#1970 = EDGE_CURVE ( 'NONE', #1503, #2718, #1314, .T. ) ;
#1971 = CARTESIAN_POINT ( 'NONE',  ( -1.304999999999999938, 0.8249999999999999556, 0.01000000000000000021 ) ) ;
#1972 = FACE_OUTER_BOUND ( 'NONE', #2789, .T. ) ;
#1973 = ORIENTED_EDGE ( 'NONE', *, *, #1071, .T. ) ;
#1974 = EDGE_CURVE ( 'NONE', #452, #111, #2191, .T. ) ;
#1975 = DIRECTION ( 'NONE',  ( -1.000000000000000000, 0.0000000000000000000, 0.0000000000000000000 ) ) ;
#1976 = CARTESIAN_POINT ( 'NONE',  ( -1.500000000000000000, 1.125000000000000000, 0.01000000000000000021 ) ) ;
#1977 = VERTEX_POINT ( 'NONE', #1572 ) ;
#1978 = EDGE_CURVE ( 'NONE', #2590, #1093, #2832, .T. ) ;
#1979 = LINE ( 'NONE', #1113, #1404 ) ;
#1980 = ORIENTED_EDGE ( 'NONE', *, *, #2131, .T. ) ;
#1981 = CARTESIAN_POINT ( 'NONE',  ( 1.505000000000000115, 1.125000000000000000, 0.2030000000000000138 ) ) ;
#1982 = CARTESIAN_POINT ( 'NONE',  ( -1.304999999999999938, 0.8249999999999999556, 0.01000000000000000021 ) ) ;
#1983 = CYLINDRICAL_SURFACE ( 'NONE', #490, 0.1499999999999999667 ) ;
#1984 = ORIENTED_EDGE ( 'NONE', *, *, #667, .T. ) ;
#1985 = DIRECTION ( 'NONE',  ( 0.0000000000000000000, 0.0000000000000000000, -1.000000000000000000 ) ) ;
#1986 = CARTESIAN_POINT ( 'NONE',  ( 1.505000000000000115, 0.8249999999999999556, 0.2030000000000000138 ) ) ;
#1987 = DIRECTION ( 'NONE',  ( 0.0000000000000000000, 0.0000000000000000000, 1.000000000000000000 ) ) ;
#1988 = AXIS2_PLACEMENT_3D ( 'NONE', #332, #2065, #104 ) ;
#1989 = ORIENTED_EDGE ( 'NONE', *, *, #1707, .F. ) ;
#1990 = ORIENTED_EDGE ( 'NONE', *, *, #742, .T. ) ;
#1991 = DIRECTION ( 'NONE',  ( 1.000000000000000000, 0.0000000000000000000, 0.0000000000000000000 ) ) ;
#1992 = CARTESIAN_POINT ( 'NONE',  ( -1.505000000000000115, -0.4749999999999999778, 0.2030000000000000138 ) ) ;
#1993 = VECTOR ( 'NONE', #1196, 1000.000000000000000 ) ;
#1994 = CIRCLE ( 'NONE', #2224, 0.1000000000000000472 ) ;
#1995 = EDGE_CURVE ( 'NONE', #1239, #482, #1094, .T. ) ;
#1996 = ORIENTED_EDGE ( 'NONE', *, *, #1036, .F. ) ;
#1997 = AXIS2_PLACEMENT_3D ( 'NONE', #240, #456, #1086 ) ;
#1998 = EDGE_CURVE ( 'NONE', #1112, #1683, #2092, .T. ) ;
#1999 = VECTOR ( 'NONE', #1124, 1000.000000000000000 ) ;
#2000 = VECTOR ( 'NONE', #1496, 1000.000000000000000 ) ;
#2001 = ORIENTED_EDGE ( 'NONE', *, *, #2082, .T. ) ;
#2002 = AXIS2_PLACEMENT_3D ( 'NONE', #1290, #1507, #2394 ) ;
#2003 = DIRECTION ( 'NONE',  ( -1.000000000000000000, 0.0000000000000000000, 0.0000000000000000000 ) ) ;
#2004 = LINE ( 'NONE', #2407, #443 ) ;
#2005 = ORIENTED_EDGE ( 'NONE', *, *, #2283, .F. ) ;
#2006 = CARTESIAN_POINT ( 'NONE',  ( -1.304999999999999938, 0.3750000000000000000, 0.2030000000000000138 ) ) ;
#2007 = ORIENTED_EDGE ( 'NONE', *, *, #1960, .T. ) ;
#2008 = EDGE_LOOP ( 'NONE', ( #2665, #1393, #973, #2476 ) ) ;
#2009 = LINE ( 'NONE', #870, #1667 ) ;
#2010 = LINE ( 'NONE', #2056, #119 ) ;
#2011 = ORIENTED_EDGE ( 'NONE', *, *, #1106, .F. ) ;
#2012 = EDGE_CURVE ( 'NONE', #664, #954, #2054, .T. ) ;
#2013 = FACE_OUTER_BOUND ( 'NONE', #1749, .T. ) ;
#2014 = VERTEX_POINT ( 'NONE', #2309 ) ;
#2015 = EDGE_CURVE ( 'NONE', #728, #2532, #1618, .T. ) ;
#2016 = FACE_OUTER_BOUND ( 'NONE', #1602, .T. ) ;
#2017 = LINE ( 'NONE', #2235, #272 ) ;
#2018 = CARTESIAN_POINT ( 'NONE',  ( 1.304999999999979954, -0.8249999999999999556, 0.2030000000000000138 ) ) ;
#2019 = ORIENTED_EDGE ( 'NONE', *, *, #1135, .T. ) ;
#2020 = CARTESIAN_POINT ( 'NONE',  ( -1.505000000000000115, 0.1749999999999999889, 0.2030000000000000138 ) ) ;
#2021 = DIRECTION ( 'NONE',  ( 1.000000000000000000, 0.0000000000000000000, 0.0000000000000000000 ) ) ;
#2022 = ORIENTED_EDGE ( 'NONE', *, *, #459, .F. ) ;
#2023 = ORIENTED_EDGE ( 'NONE', *, *, #233, .F. ) ;
#2024 = DIRECTION ( 'NONE',  ( 0.0000000000000000000, -1.000000000000000000, 0.0000000000000000000 ) ) ;
#2025 = FILL_AREA_STYLE ('',( #285 ) ) ;
#2026 = ORIENTED_EDGE ( 'NONE', *, *, #667, .F. ) ;
#2027 = DIRECTION ( 'NONE',  ( 0.0000000000000000000, 0.0000000000000000000, -1.000000000000000000 ) ) ;
#2028 = VERTEX_POINT ( 'NONE', #2540 ) ;
#2029 = CARTESIAN_POINT ( 'NONE',  ( -1.204999999999999849, 0.9250000000000000444, 0.2030000000000000138 ) ) ;
#2030 = PLANE ( 'NONE',  #2647 ) ;
#2031 = VERTEX_POINT ( 'NONE', #2497 ) ;
#2032 = CARTESIAN_POINT ( 'NONE',  ( -1.304999999999999938, 1.125000000000000000, 0.0000000000000000000 ) ) ;
#2033 = FACE_OUTER_BOUND ( 'NONE', #323, .T. ) ;
#2034 = DIRECTION ( 'NONE',  ( 1.758165685111629851E-16, -1.000000000000000000, 0.0000000000000000000 ) ) ;
#2035 = EDGE_CURVE ( 'NONE', #2801, #1576, #2256, .T. ) ;
#2036 = PLANE ( 'NONE',  #1074 ) ;
#2037 = DIRECTION ( 'NONE',  ( 0.0000000000000000000, -1.000000000000000000, 0.0000000000000000000 ) ) ;
#2038 = EDGE_LOOP ( 'NONE', ( #1638, #1847, #560, #1375, #1340, #1724 ) ) ;
#2039 = SURFACE_SIDE_STYLE ('',( #2469 ) ) ;
#2040 = VECTOR ( 'NONE', #1491, 1000.000000000000000 ) ;
#2041 = VERTEX_POINT ( 'NONE', #1200 ) ;
#2042 = FILL_AREA_STYLE ('',( #1412 ) ) ;
#2043 = FILL_AREA_STYLE ('',( #2262 ) ) ;
#2044 = VECTOR ( 'NONE', #856, 1000.000000000000000 ) ;
#2045 = MECHANICAL_DESIGN_GEOMETRIC_PRESENTATION_REPRESENTATION (  '', ( #1534 ), #947 ) ;
#2046 = VERTEX_POINT ( 'NONE', #297 ) ;
#2047 = VECTOR ( 'NONE', #1542, 1000.000000000000000 ) ;
#2048 = LINE ( 'NONE', #1603, #436 ) ;
#2049 = DIRECTION ( 'NONE',  ( 1.000000000000000000, 0.0000000000000000000, 0.0000000000000000000 ) ) ;
#2050 = EDGE_CURVE ( 'NONE', #482, #1599, #2328, .T. ) ;
#2051 = DIRECTION ( 'NONE',  ( -0.7071067811865470176, -0.7071067811865480168, 0.0000000000000000000 ) ) ;
#2052 = CIRCLE ( 'NONE', #2708, 0.1000000000000000472 ) ;
#2053 = ORIENTED_EDGE ( 'NONE', *, *, #2299, .F. ) ;
#2054 = LINE ( 'NONE', #1373, #2520 ) ;
#2055 = EDGE_CURVE ( 'NONE', #1606, #2706, #2416, .T. ) ;
#2056 = CARTESIAN_POINT ( 'NONE',  ( 1.505000000000000115, -0.4749999999999999778, 0.0000000000000000000 ) ) ;
#2057 = ORIENTED_EDGE ( 'NONE', *, *, #2826, .T. ) ;
#2058 = FACE_OUTER_BOUND ( 'NONE', #858, .T. ) ;
#2059 = ORIENTED_EDGE ( 'NONE', *, *, #550, .F. ) ;
#2060 = APPLICATION_PROTOCOL_DEFINITION ( 'draft international standard', 'automotive_design', 1998, #2509 ) ;
#2061 =( NAMED_UNIT ( * ) PLANE_ANGLE_UNIT ( ) SI_UNIT ( $, .RADIAN. ) );
#2062 = ORIENTED_EDGE ( 'NONE', *, *, #2566, .F. ) ;
#2063 = CARTESIAN_POINT ( 'NONE',  ( -1.304999999999979954, -0.8249999999999999556, 0.2030000000000000138 ) ) ;
#2064 = DIRECTION ( 'NONE',  ( 0.0000000000000000000, 0.0000000000000000000, -1.000000000000000000 ) ) ;
#2065 = DIRECTION ( 'NONE',  ( -0.0000000000000000000, 1.000000000000000000, 0.0000000000000000000 ) ) ;
#2066 = EDGE_CURVE ( 'NONE', #1803, #1089, #749, .T. ) ;
#2067 = ORIENTED_EDGE ( 'NONE', *, *, #268, .T. ) ;
#2068 = DIRECTION ( 'NONE',  ( 1.000000000000000000, 0.0000000000000000000, 0.0000000000000000000 ) ) ;
#2069 = ADVANCED_FACE ( 'NONE', ( #1846 ), #2036, .T. ) ;
#2070 = EDGE_LOOP ( 'NONE', ( #2173, #1423, #753, #248 ) ) ;
#2071 = CARTESIAN_POINT ( 'NONE',  ( 1.304999999999985949, -0.1749999999999999889, 0.01000000000000000021 ) ) ;
#2072 = LINE ( 'NONE', #2491, #2783 ) ;
#2073 = VERTEX_POINT ( 'NONE', #2482 ) ;
#2074 = CARTESIAN_POINT ( 'NONE',  ( -1.204999999999979865, -0.9250000000000000444, 0.0000000000000000000 ) ) ;
#2075 = CARTESIAN_POINT ( 'NONE',  ( 0.6500000000000000222, -1.050000000000000044, 0.2030000000000000138 ) ) ;
#2076 = FACE_OUTER_BOUND ( 'NONE', #132, .T. ) ;
#2077 = ORIENTED_EDGE ( 'NONE', *, *, #2522, .F. ) ;
#2078 = CARTESIAN_POINT ( 'NONE',  ( -1.505000000000000115, 0.1749999999999999889, 0.0000000000000000000 ) ) ;
#2079 = EDGE_CURVE ( 'NONE', #2715, #2330, #949, .T. ) ;
#2080 = CARTESIAN_POINT ( 'NONE',  ( 1.304999999999999938, 0.8249999999999999556, 0.2030000000000000138 ) ) ;
#2081 = ORIENTED_EDGE ( 'NONE', *, *, #1041, .F. ) ;
#2082 = EDGE_CURVE ( 'NONE', #2248, #2390, #2512, .T. ) ;
#2083 = CARTESIAN_POINT ( 'NONE',  ( 0.6500000000000000222, 1.050000000000000044, 0.0000000000000000000 ) ) ;
#2084 = AXIS2_PLACEMENT_3D ( 'NONE', #1415, #1786, #102 ) ;
#2085 = ORIENTED_EDGE ( 'NONE', *, *, #2144, .T. ) ;
#2086 = PLANE ( 'NONE',  #211 ) ;
#2087 = VECTOR ( 'NONE', #1117, 1000.000000000000000 ) ;
#2088 = CYLINDRICAL_SURFACE ( 'NONE', #2564, 0.1000000000000000472 ) ;
#2089 = VECTOR ( 'NONE', #933, 1000.000000000000000 ) ;
#2090 = ADVANCED_FACE ( 'NONE', ( #1866 ), #523, .T. ) ;
#2091 = CARTESIAN_POINT ( 'NONE',  ( 1.505000000000000115, -0.1749999999999999889, 0.2030000000000000138 ) ) ;
#2092 = CIRCLE ( 'NONE', #581, 0.1000000000000000472 ) ;
#2093 = VECTOR ( 'NONE', #1607, 1000.000000000000000 ) ;
#2094 = ORIENTED_EDGE ( 'NONE', *, *, #1882, .F. ) ;
#2095 = CARTESIAN_POINT ( 'NONE',  ( 1.505000000000000115, 0.1749999999999999889, 0.2030000000000000138 ) ) ;
#2096 = AXIS2_PLACEMENT_3D ( 'NONE', #1664, #1455, #2340 ) ;
#2097 = ORIENTED_EDGE ( 'NONE', *, *, #1462, .F. ) ;
#2098 = FACE_BOUND ( 'NONE', #468, .T. ) ;
#2099 = ADVANCED_FACE ( 'NONE', ( #1646 ), #2755, .F. ) ;
#2100 = ORIENTED_EDGE ( 'NONE', *, *, #176, .F. ) ;
#2101 = CARTESIAN_POINT ( 'NONE',  ( -1.505000000000000115, -0.1749999999999999889, 0.2030000000000000138 ) ) ;
#2102 = EDGE_CURVE ( 'NONE', #927, #1716, #1594, .T. ) ;
#2103 = ORIENTED_EDGE ( 'NONE', *, *, #1609, .T. ) ;
#2104 = CARTESIAN_POINT ( 'NONE',  ( 1.505000000000000115, 1.125000000000000000, 0.2030000000000000138 ) ) ;
#2105 = ORIENTED_EDGE ( 'NONE', *, *, #1238, .F. ) ;
#2106 = PLANE ( 'NONE',  #1257 ) ;
#2107 = DIRECTION ( 'NONE',  ( 0.0000000000000000000, 0.0000000000000000000, -1.000000000000000000 ) ) ;
#2108 = PLANE ( 'NONE',  #2742 ) ;
#2109 = VERTEX_POINT ( 'NONE', #1634 ) ;
#2110 =( LENGTH_UNIT ( ) NAMED_UNIT ( * ) SI_UNIT ( .MILLI., .METRE. ) );
#2111 = PLANE ( 'NONE',  #1407 ) ;
#2112 = LINE ( 'NONE', #1895, #2740 ) ;
#2113 = VERTEX_POINT ( 'NONE', #1406 ) ;
#2114 = DIRECTION ( 'NONE',  ( -1.000000000000000000, 0.0000000000000000000, 0.0000000000000000000 ) ) ;
#2115 = EDGE_CURVE ( 'NONE', #2145, #452, #83, .T. ) ;
#2116 = DIRECTION ( 'NONE',  ( 1.000000000000000000, 0.0000000000000000000, 0.0000000000000000000 ) ) ;
#2117 = PLANE ( 'NONE',  #2559 ) ;
#2118 = FACE_OUTER_BOUND ( 'NONE', #3, .T. ) ;
#2119 = VECTOR ( 'NONE', #416, 1000.000000000000000 ) ;
#2120 = DIRECTION ( 'NONE',  ( 0.0000000000000000000, -1.000000000000000000, 0.0000000000000000000 ) ) ;
#2121 = CARTESIAN_POINT ( 'NONE',  ( 1.204999999999999849, 0.9250000000000000444, 0.2030000000000000138 ) ) ;
#2122 = AXIS2_PLACEMENT_3D ( 'NONE', #4, #866, #2662 ) ;
#2123 =( GEOMETRIC_REPRESENTATION_CONTEXT ( 3 ) GLOBAL_UNCERTAINTY_ASSIGNED_CONTEXT ( ( #2478 ) ) GLOBAL_UNIT_ASSIGNED_CONTEXT ( ( #1150, #2061, #2475 ) ) REPRESENTATION_CONTEXT ( 'NONE', 'WORKASPACE' ) );
#2124 = ORIENTED_EDGE ( 'NONE', *, *, #962, .T. ) ;
#2125 = STYLED_ITEM ( 'NONE', ( #564 ), #1732 ) ;
#2126 = EDGE_CURVE ( 'NONE', #2680, #991, #1388, .T. ) ;
#2127 = CARTESIAN_POINT ( 'NONE',  ( 1.304999999999979954, -0.9250000000000000444, 0.01000000000000000021 ) ) ;
#2128 = VECTOR ( 'NONE', #2343, 1000.000000000000000 ) ;
#2129 = VECTOR ( 'NONE', #223, 1000.000000000000000 ) ;
#2130 = ORIENTED_EDGE ( 'NONE', *, *, #2299, .T. ) ;
#2131 = EDGE_CURVE ( 'NONE', #2471, #2801, #1171, .T. ) ;
#2132 = VECTOR ( 'NONE', #447, 1000.000000000000000 ) ;
#2133 = PLANE ( 'NONE',  #215 ) ;
#2134 = ORIENTED_EDGE ( 'NONE', *, *, #785, .T. ) ;
#2135 = FACE_OUTER_BOUND ( 'NONE', #341, .T. ) ;
#2136 =( GEOMETRIC_REPRESENTATION_CONTEXT ( 3 ) GLOBAL_UNCERTAINTY_ASSIGNED_CONTEXT ( ( #2239 ) ) GLOBAL_UNIT_ASSIGNED_CONTEXT ( ( #2261, #291, #516 ) ) REPRESENTATION_CONTEXT ( 'NONE', 'WORKASPACE' ) );
#2137 = PLANE ( 'NONE',  #1115 ) ;
#2138 = ORIENTED_EDGE ( 'NONE', *, *, #2162, .F. ) ;
#2139 = DIRECTION ( 'NONE',  ( 0.0000000000000000000, -1.000000000000000000, 0.0000000000000000000 ) ) ;
#2140 = FACE_OUTER_BOUND ( 'NONE', #2692, .T. ) ;
#2141 = DIRECTION ( 'NONE',  ( 0.0000000000000000000, 0.0000000000000000000, -1.000000000000000000 ) ) ;
#2142 = ORIENTED_EDGE ( 'NONE', *, *, #369, .T. ) ;
#2143 = FACE_OUTER_BOUND ( 'NONE', #1535, .T. ) ;
#2144 = EDGE_CURVE ( 'NONE', #1897, #763, #2370, .T. ) ;
#2145 = VERTEX_POINT ( 'NONE', #1445 ) ;
#2146 = VERTEX_POINT ( 'NONE', #406 ) ;
#2147 = SURFACE_SIDE_STYLE ('',( #1315 ) ) ;
#2148 = VERTEX_POINT ( 'NONE', #2331 ) ;
#2149 = SURFACE_SIDE_STYLE ('',( #1097 ) ) ;
#2150 = ADVANCED_FACE ( 'NONE', ( #2790 ), #609, .F. ) ;
#2151 = DIRECTION ( 'NONE',  ( 0.0000000000000000000, 0.0000000000000000000, -1.000000000000000000 ) ) ;
#2152 = DIRECTION ( 'NONE',  ( 0.0000000000000000000, 0.0000000000000000000, 1.000000000000000000 ) ) ;
#2153 = CARTESIAN_POINT ( 'NONE',  ( 0.0000000000000000000, 0.8249999999999999556, 0.01000000000000000021 ) ) ;
#2154 = ORIENTED_EDGE ( 'NONE', *, *, #1905, .T. ) ;
#2155 = CARTESIAN_POINT ( 'NONE',  ( 0.7500000000000000000, -1.050000000000000044, 0.2030000000000000138 ) ) ;
#2156 = DIRECTION ( 'NONE',  ( 0.0000000000000000000, 0.0000000000000000000, -1.000000000000000000 ) ) ;
#2157 = ORIENTED_EDGE ( 'NONE', *, *, #2050, .F. ) ;
#2158 = DIRECTION ( 'NONE',  ( 1.445602896647339903E-16, -1.000000000000000000, 0.0000000000000000000 ) ) ;
#2159 = ADVANCED_FACE ( 'NONE', ( #366 ), #2106, .F. ) ;
#2160 = CARTESIAN_POINT ( 'NONE',  ( 1.304999999999985949, -0.1749999999999999889, 0.2030000000000000138 ) ) ;
#2161 = ORIENTED_EDGE ( 'NONE', *, *, #1128, .F. ) ;
#2162 = EDGE_CURVE ( 'NONE', #2801, #2028, #2563, .T. ) ;
#2163 = PLANE ( 'NONE',  #162 ) ;
#2164 = DIRECTION ( 'NONE',  ( 1.000000000000000000, 0.0000000000000000000, 0.0000000000000000000 ) ) ;
#2165 = LINE ( 'NONE', #685, #845 ) ;
#2166 = ORIENTED_EDGE ( 'NONE', *, *, #832, .T. ) ;
#2167 = CYLINDRICAL_SURFACE ( 'NONE', #2122, 0.1000000000000000472 ) ;
#2168 = PRODUCT_DEFINITION_CONTEXT ( 'detailed design', #2509, 'design' ) ;
#2169 = MECHANICAL_DESIGN_GEOMETRIC_PRESENTATION_REPRESENTATION (  '', ( #572 ), #2738 ) ;
#2170 = LINE ( 'NONE', #2457, #169 ) ;
#2171 = AXIS2_PLACEMENT_3D ( 'NONE', #2006, #913, #625 ) ;
#2172 = VECTOR ( 'NONE', #2236, 1000.000000000000000 ) ;
#2173 = ORIENTED_EDGE ( 'NONE', *, *, #908, .T. ) ;
#2174 = CYLINDRICAL_SURFACE ( 'NONE', #2646, 0.1000000000000000472 ) ;
#2175 = VECTOR ( 'NONE', #2501, 1000.000000000000000 ) ;
#2176 = DIRECTION ( 'NONE',  ( 1.000000000000000000, 0.0000000000000000000, 0.0000000000000000000 ) ) ;
#2177 = CIRCLE ( 'NONE', #1027, 0.1000000000000000472 ) ;
#2178 = VERTEX_POINT ( 'NONE', #1497 ) ;
#2179 = DIRECTION ( 'NONE',  ( 0.0000000000000000000, 0.0000000000000000000, 1.000000000000000000 ) ) ;
#2180 = VECTOR ( 'NONE', #2614, 1000.000000000000000 ) ;
#2181 = EDGE_CURVE ( 'NONE', #1159, #54, #627, .T. ) ;
#2182 = ORIENTED_EDGE ( 'NONE', *, *, #206, .F. ) ;
#2183 = CARTESIAN_POINT ( 'NONE',  ( 1.304999999999999938, 0.4749999999999999778, 0.01000000000000000021 ) ) ;
#2184 = DIRECTION ( 'NONE',  ( 0.0000000000000000000, 0.0000000000000000000, -1.000000000000000000 ) ) ;
#2185 = DIRECTION ( 'NONE',  ( 0.0000000000000000000, 0.0000000000000000000, -1.000000000000000000 ) ) ;
#2186 = EDGE_CURVE ( 'NONE', #432, #2178, #2177, .T. ) ;
#2187 = ORIENTED_EDGE ( 'NONE', *, *, #1092, .T. ) ;
#2188 = LINE ( 'NONE', #1728, #82 ) ;
#2189 = CARTESIAN_POINT ( 'NONE',  ( -1.304999999999985949, -0.2750000000000000222, 0.2030000000000000138 ) ) ;
#2190 = VERTEX_POINT ( 'NONE', #148 ) ;
#2191 = LINE ( 'NONE', #1143, #671 ) ;
#2192 =( NAMED_UNIT ( * ) PLANE_ANGLE_UNIT ( ) SI_UNIT ( $, .RADIAN. ) );
#2193 = EDGE_LOOP ( 'NONE', ( #515, #487, #95, #81, #695, #379 ) ) ;
#2194 = CARTESIAN_POINT ( 'NONE',  ( -1.505000000000000115, -0.1749999999999999889, 0.2030000000000000138 ) ) ;
#2195 = EDGE_LOOP ( 'NONE', ( #556, #475, #2769, #1173 ) ) ;
#2196 = LINE ( 'NONE', #226, #2739 ) ;
#2197 = FACE_OUTER_BOUND ( 'NONE', #1405, .T. ) ;
#2198 = LINE ( 'NONE', #242, #890 ) ;
#2199 = ORIENTED_EDGE ( 'NONE', *, *, #1436, .F. ) ;
#2200 = LINE ( 'NONE', #2409, #1443 ) ;
#2201 = CARTESIAN_POINT ( 'NONE',  ( -1.204999999999979865, -0.9250000000000000444, 0.2030000000000000138 ) ) ;
#2202 = EDGE_CURVE ( 'NONE', #1080, #827, #813, .T. ) ;
#2203 = ORIENTED_EDGE ( 'NONE', *, *, #888, .F. ) ;
#2204 = ORIENTED_EDGE ( 'NONE', *, *, #244, .T. ) ;
#2205 = CARTESIAN_POINT ( 'NONE',  ( 1.204999999999999849, 0.0000000000000000000, 0.01000000000000000021 ) ) ;
#2206 = ADVANCED_FACE ( 'NONE', ( #1048 ), #1265, .T. ) ;
#2207 = FILL_AREA_STYLE ('',( #614 ) ) ;
#2208 = ORIENTED_EDGE ( 'NONE', *, *, #2131, .F. ) ;
#2209 = ORIENTED_EDGE ( 'NONE', *, *, #1707, .T. ) ;
#2210 = FILL_AREA_STYLE_COLOUR ( '', #1944 ) ;
#2211 = CARTESIAN_POINT ( 'NONE',  ( 1.505000000000000115, -1.125000000000000000, 0.2030000000000000138 ) ) ;
#2212 = FACE_OUTER_BOUND ( 'NONE', #748, .T. ) ;
#2213 = ORIENTED_EDGE ( 'NONE', *, *, #2347, .T. ) ;
#2214 = FACE_OUTER_BOUND ( 'NONE', #2519, .T. ) ;
#2215 = CARTESIAN_POINT ( 'NONE',  ( -1.304999999999999938, 1.025000000000000133, 0.01000000000000000021 ) ) ;
#2216 = ORIENTED_EDGE ( 'NONE', *, *, #1882, .T. ) ;
#2217 = ADVANCED_FACE ( 'NONE', ( #2143 ), #1695, .F. ) ;
#2218 = EDGE_LOOP ( 'NONE', ( #151, #2444, #2134, #2572 ) ) ;
#2219 = MECHANICAL_DESIGN_GEOMETRIC_PRESENTATION_REPRESENTATION (  '', ( #359 ), #497 ) ;
#2220 = VECTOR ( 'NONE', #344, 1000.000000000000000 ) ;
#2221 = DIRECTION ( 'NONE',  ( 0.0000000000000000000, 0.0000000000000000000, -1.000000000000000000 ) ) ;
#2222 = DIRECTION ( 'NONE',  ( 0.0000000000000000000, 1.000000000000000000, 0.0000000000000000000 ) ) ;
#2223 = VECTOR ( 'NONE', #1985, 1000.000000000000000 ) ;
#2224 = AXIS2_PLACEMENT_3D ( 'NONE', #912, #2, #668 ) ;
#2225 = EDGE_CURVE ( 'NONE', #611, #1748, #175, .T. ) ;
#2226 = ORIENTED_EDGE ( 'NONE', *, *, #700, .T. ) ;
#2227 = PRESENTATION_LAYER_ASSIGNMENT (  '', '', ( #1670 ) ) ;
#2228 = AXIS2_PLACEMENT_3D ( 'NONE', #887, #2179, #224 ) ;
#2229 = DIRECTION ( 'NONE',  ( 1.000000000000000000, 0.0000000000000000000, 0.0000000000000000000 ) ) ;
#2230 = AXIS2_PLACEMENT_3D ( 'NONE', #766, #1215, #1419 ) ;
#2231 = ADVANCED_FACE ( 'NONE', ( #2583 ), #1458, .T. ) ;
#2232 = ORIENTED_EDGE ( 'NONE', *, *, #454, .F. ) ;
#2233 = PLANE ( 'NONE',  #1860 ) ;
#2234 = AXIS2_PLACEMENT_3D ( 'NONE', #374, #1475, #1005 ) ;
#2235 = CARTESIAN_POINT ( 'NONE',  ( -1.204999999999985860, -0.2750000000000000222, 0.0000000000000000000 ) ) ;
#2236 = DIRECTION ( 'NONE',  ( 1.000000000000000000, 0.0000000000000000000, 0.0000000000000000000 ) ) ;
#2237 = ORIENTED_EDGE ( 'NONE', *, *, #1151, .F. ) ;
#2238 = CARTESIAN_POINT ( 'NONE',  ( -1.304999999999985949, -0.4749999999999999778, 0.01000000000000000021 ) ) ;
#2239 = UNCERTAINTY_MEASURE_WITH_UNIT (LENGTH_MEASURE( 1.000000000000000082E-05 ), #2261, 'distance_accuracy_value', 'NONE');
#2240 = LINE ( 'NONE', #703, #1673 ) ;
#2241 = ORIENTED_EDGE ( 'NONE', *, *, #1291, .T. ) ;
#2242 = ORIENTED_EDGE ( 'NONE', *, *, #1747, .F. ) ;
#2243 = CARTESIAN_POINT ( 'NONE',  ( 0.6500000000000000222, -1.050000000000000044, 0.0000000000000000000 ) ) ;
#2244 = CARTESIAN_POINT ( 'NONE',  ( 1.500000000000000000, 0.1749999999999999889, 0.01000000000000000021 ) ) ;
#2245 = ORIENTED_EDGE ( 'NONE', *, *, #2126, .F. ) ;
#2246 = EDGE_CURVE ( 'NONE', #2514, #2807, #314, .T. ) ;
#2247 = DIRECTION ( 'NONE',  ( -1.000000000000000000, 0.0000000000000000000, 0.0000000000000000000 ) ) ;
#2248 = VERTEX_POINT ( 'NONE', #418 ) ;
#2249 = DIRECTION ( 'NONE',  ( 0.0000000000000000000, 1.000000000000000000, 0.0000000000000000000 ) ) ;
#2250 = LINE ( 'NONE', #328, #943 ) ;
#2251 = ORIENTED_EDGE ( 'NONE', *, *, #1328, .F. ) ;
#2252 = LINE ( 'NONE', #518, #1345 ) ;
#2253 = DIRECTION ( 'NONE',  ( 1.000000000000000000, 0.0000000000000000000, 0.0000000000000000000 ) ) ;
#2254 = CARTESIAN_POINT ( 'NONE',  ( 1.505000000000000115, -0.8249999999999999556, 0.2030000000000000138 ) ) ;
#2255 = ORIENTED_EDGE ( 'NONE', *, *, #2082, .F. ) ;
#2256 = LINE ( 'NONE', #335, #804 ) ;
#2257 = SURFACE_SIDE_STYLE ('',( #1389 ) ) ;
#2258 = VERTEX_POINT ( 'NONE', #199 ) ;
#2259 = CYLINDRICAL_SURFACE ( 'NONE', #1217, 0.1000000000000000472 ) ;
#2260 = EDGE_CURVE ( 'NONE', #827, #2304, #1468, .T. ) ;
#2261 =( LENGTH_UNIT ( ) NAMED_UNIT ( * ) SI_UNIT ( .MILLI., .METRE. ) );
#2262 = FILL_AREA_STYLE_COLOUR ( '', #2555 ) ;
#2263 = EDGE_CURVE ( 'NONE', #1587, #2367, #1352, .T. ) ;
#2264 = CARTESIAN_POINT ( 'NONE',  ( 1.505000000000000115, 0.1749999999999999889, 0.0000000000000000000 ) ) ;
#2265 = DIRECTION ( 'NONE',  ( 0.0000000000000000000, 0.0000000000000000000, -1.000000000000000000 ) ) ;
#2266 = CARTESIAN_POINT ( 'NONE',  ( -1.500000000000000000, 1.025000000000000133, 0.2030000000000000138 ) ) ;
#2267 = VERTEX_POINT ( 'NONE', #157 ) ;
#2268 = CARTESIAN_POINT ( 'NONE',  ( -1.304999999999999938, 1.025000000000000133, 0.0000000000000000000 ) ) ;
#2269 = SURFACE_STYLE_USAGE ( .BOTH. , #2257 ) ;
#2270 = VECTOR ( 'NONE', #958, 1000.000000000000000 ) ;
#2271 = ORIENTED_EDGE ( 'NONE', *, *, #705, .T. ) ;
#2272 = PLANE ( 'NONE',  #1484 ) ;
#2273 = MECHANICAL_DESIGN_GEOMETRIC_PRESENTATION_REPRESENTATION (  '', ( #312 ), #2123 ) ;
#2274 = ORIENTED_EDGE ( 'NONE', *, *, #1853, .F. ) ;
#2275 = SURFACE_STYLE_USAGE ( .BOTH. , #1623 ) ;
#2276 = AXIS2_PLACEMENT_3D ( 'NONE', #2696, #1834, #2727 ) ;
#2277 = VECTOR ( 'NONE', #149, 1000.000000000000000 ) ;
#2278 = ORIENTED_EDGE ( 'NONE', *, *, #1655, .F. ) ;
#2279 = AXIS2_PLACEMENT_3D ( 'NONE', #2724, #331, #995 ) ;
#2280 = FACE_OUTER_BOUND ( 'NONE', #1105, .T. ) ;
#2281 = CARTESIAN_POINT ( 'NONE',  ( -0.7500000000000000000, 0.8000000000000000444, 0.2030000000000000138 ) ) ;
#2282 = CARTESIAN_POINT ( 'NONE',  ( -1.505000000000000115, -1.125000000000000000, 0.2030000000000000138 ) ) ;
#2283 = EDGE_CURVE ( 'NONE', #1234, #2737, #1947, .T. ) ;
#2284 = VERTEX_POINT ( 'NONE', #674 ) ;
#2285 = CARTESIAN_POINT ( 'NONE',  ( -0.6500000000000000222, -1.050000000000000044, 0.01000000000000000021 ) ) ;
#2286 = ADVANCED_FACE ( 'NONE', ( #1338 ), #1512, .F. ) ;
#2287 = ORIENTED_EDGE ( 'NONE', *, *, #1397, .T. ) ;
#2288 = DIRECTION ( 'NONE',  ( -1.000000000000000000, 0.0000000000000000000, 0.0000000000000000000 ) ) ;
#2289 = VERTEX_POINT ( 'NONE', #1295 ) ;
#2290 = CARTESIAN_POINT ( 'NONE',  ( 0.0000000000000000000, 0.0000000000000000000, 0.0000000000000000000 ) ) ;
#2291 = CARTESIAN_POINT ( 'NONE',  ( 1.505000000000000115, -0.1749999999999999889, 0.0000000000000000000 ) ) ;
#2292 = EDGE_LOOP ( 'NONE', ( #1708, #1102, #2688, #2664 ) ) ;
#2293 = CARTESIAN_POINT ( 'NONE',  ( -1.500000000000000000, -1.125000000000000000, 0.9000000000000000222 ) ) ;
#2294 = DIRECTION ( 'NONE',  ( 1.000000000000000000, 0.0000000000000000000, 0.0000000000000000000 ) ) ;
#2295 = CARTESIAN_POINT ( 'NONE',  ( -1.304999999999985949, -0.3750000000000000000, 0.2030000000000000138 ) ) ;
#2296 = ORIENTED_EDGE ( 'NONE', *, *, #2115, .F. ) ;
#2297 = EDGE_CURVE ( 'NONE', #2330, #1239, #1104, .T. ) ;
#2298 = CARTESIAN_POINT ( 'NONE',  ( -1.304999999999979954, -0.9250000000000000444, 0.01000000000000000021 ) ) ;
#2299 = EDGE_CURVE ( 'NONE', #692, #2680, #2705, .T. ) ;
#2300 = CARTESIAN_POINT ( 'NONE',  ( -1.204999999999985860, -0.3750000000000000000, 0.2030000000000000138 ) ) ;
#2301 = DIRECTION ( 'NONE',  ( 1.000000000000000000, 0.0000000000000000000, 0.0000000000000000000 ) ) ;
#2302 = ORIENTED_EDGE ( 'NONE', *, *, #2126, .T. ) ;
#2303 =( NAMED_UNIT ( * ) PLANE_ANGLE_UNIT ( ) SI_UNIT ( $, .RADIAN. ) );
#2304 = VERTEX_POINT ( 'NONE', #1062 ) ;
#2305 = CARTESIAN_POINT ( 'NONE',  ( -1.304999999999985949, -0.4749999999999999778, 0.0000000000000000000 ) ) ;
#2306 = CARTESIAN_POINT ( 'NONE',  ( 1.204999999999999849, 0.2750000000000000222, 0.0000000000000000000 ) ) ;
#2307 = DIRECTION ( 'NONE',  ( 1.000000000000000000, 0.0000000000000000000, 0.0000000000000000000 ) ) ;
#2308 = ORIENTED_EDGE ( 'NONE', *, *, #1747, .T. ) ;
#2309 = CARTESIAN_POINT ( 'NONE',  ( -1.500000000000000000, 1.500000000000000000, 0.01000000000000000021 ) ) ;
#2310 = EDGE_CURVE ( 'NONE', #1183, #2342, #1311, .T. ) ;
#2311 = ORIENTED_EDGE ( 'NONE', *, *, #1007, .F. ) ;
#2312 = DIRECTION ( 'NONE',  ( 1.000000000000000000, 0.0000000000000000000, 0.0000000000000000000 ) ) ;
#2313 = DIRECTION ( 'NONE',  ( 0.0000000000000000000, 0.0000000000000000000, -1.000000000000000000 ) ) ;
#2314 = EDGE_CURVE ( 'NONE', #2706, #1332, #473, .T. ) ;
#2315 = ORIENTED_EDGE ( 'NONE', *, *, #46, .F. ) ;
#2316 = CIRCLE ( 'NONE', #2373, 0.1000000000000000472 ) ;
#2317 = AXIS2_PLACEMENT_3D ( 'NONE', #1883, #1440, #1909 ) ;
#2318 = DIRECTION ( 'NONE',  ( 0.0000000000000000000, 0.0000000000000000000, -1.000000000000000000 ) ) ;
#2319 = EDGE_CURVE ( 'NONE', #2396, #611, #950, .T. ) ;
#2320 = COLOUR_RGB ( '',0.2000000000000000111, 0.2000000000000000111, 0.2000000000000000111 ) ;
#2321 = VECTOR ( 'NONE', #1033, 1000.000000000000000 ) ;
#2322 = ORIENTED_EDGE ( 'NONE', *, *, #593, .F. ) ;
#2323 = LINE ( 'NONE', #2750, #2464 ) ;
#2324 = VECTOR ( 'NONE', #1704, 1000.000000000000000 ) ;
#2325 = CARTESIAN_POINT ( 'NONE',  ( 1.204999999999985860, 0.0000000000000000000, 0.01000000000000000021 ) ) ;
#2326 = STYLED_ITEM ( 'NONE', ( #1964 ), #758 ) ;
#2327 = CARTESIAN_POINT ( 'NONE',  ( 0.0000000000000000000, -0.1749999999999999889, 0.01000000000000000021 ) ) ;
#2328 = CIRCLE ( 'NONE', #2230, 0.1000000000000000472 ) ;
#2329 = AXIS2_PLACEMENT_3D ( 'NONE', #466, #1329, #1502 ) ;
#2330 = VERTEX_POINT ( 'NONE', #246 ) ;
#2331 = CARTESIAN_POINT ( 'NONE',  ( -1.505000000000000115, -1.125000000000000000, 0.2030000000000000138 ) ) ;
#2332 = AXIS2_PLACEMENT_3D ( 'NONE', #2660, #911, #241 ) ;
#2333 = AXIS2_PLACEMENT_3D ( 'NONE', #2406, #1306, #893 ) ;
#2334 = CARTESIAN_POINT ( 'NONE',  ( 1.505000000000000115, -0.4749999999999999778, 0.2030000000000000138 ) ) ;
#2335 = EDGE_CURVE ( 'NONE', #318, #2715, #2170, .T. ) ;
#2336 = LINE ( 'NONE', #1029, #1120 ) ;
#2337 = ORIENTED_EDGE ( 'NONE', *, *, #42, .F. ) ;
#2338 = EDGE_CURVE ( 'NONE', #1651, #2258, #2240, .T. ) ;
#2339 = CARTESIAN_POINT ( 'NONE',  ( -1.304999999999979954, -0.9250000000000000444, 0.0000000000000000000 ) ) ;
#2340 = DIRECTION ( 'NONE',  ( 1.000000000000000000, 0.0000000000000000000, 0.0000000000000000000 ) ) ;
#2341 = LINE ( 'NONE', #2153, #1300 ) ;
#2342 = VERTEX_POINT ( 'NONE', #1568 ) ;
#2343 = DIRECTION ( 'NONE',  ( 1.000000000000000000, 0.0000000000000000000, 0.0000000000000000000 ) ) ;
#2344 = CARTESIAN_POINT ( 'NONE',  ( 1.204999999999999849, 1.025000000000000133, 0.2030000000000000138 ) ) ;
#2345 =( NAMED_UNIT ( * ) SI_UNIT ( $, .STERADIAN. ) SOLID_ANGLE_UNIT ( ) );
#2346 = CARTESIAN_POINT ( 'NONE',  ( 1.500000000000000000, -0.4749999999999999778, 0.01000000000000000021 ) ) ;
#2347 = EDGE_CURVE ( 'NONE', #529, #1112, #1940, .T. ) ;
#2348 = VERTEX_POINT ( 'NONE', #2431 ) ;
#2349 = PRESENTATION_STYLE_ASSIGNMENT (( #1226 ) ) ;
#2350 = CARTESIAN_POINT ( 'NONE',  ( 1.304999999999999938, 0.9250000000000000444, 0.2030000000000000138 ) ) ;
#2351 = DIRECTION ( 'NONE',  ( -1.000000000000000000, 0.0000000000000000000, 0.0000000000000000000 ) ) ;
#2352 = EDGE_CURVE ( 'NONE', #1641, #1748, #462, .T. ) ;
#2353 = ORIENTED_EDGE ( 'NONE', *, *, #1429, .F. ) ;
#2354 = DIRECTION ( 'NONE',  ( 0.0000000000000000000, 0.0000000000000000000, -1.000000000000000000 ) ) ;
#2355 = ORIENTED_EDGE ( 'NONE', *, *, #2375, .F. ) ;
#2356 = DIRECTION ( 'NONE',  ( 0.0000000000000000000, 0.0000000000000000000, -1.000000000000000000 ) ) ;
#2357 = EDGE_LOOP ( 'NONE', ( #1919, #1768, #743, #551 ) ) ;
#2358 = DIRECTION ( 'NONE',  ( 0.0000000000000000000, 0.0000000000000000000, 1.000000000000000000 ) ) ;
#2359 = DIRECTION ( 'NONE',  ( 0.0000000000000000000, 0.0000000000000000000, -1.000000000000000000 ) ) ;
#2360 = EDGE_LOOP ( 'NONE', ( #156, #2386, #2209, #2057 ) ) ;
#2361 = CARTESIAN_POINT ( 'NONE',  ( -1.500000000000000000, 1.500000000000000000, 0.9000000000000000222 ) ) ;
#2362 = CARTESIAN_POINT ( 'NONE',  ( 0.6500000000000000222, -1.149999999999999911, 0.0000000000000000000 ) ) ;
#2363 = EDGE_CURVE ( 'NONE', #2680, #1318, #1355, .T. ) ;
#2364 = DIRECTION ( 'NONE',  ( -1.000000000000000000, 0.0000000000000000000, 0.0000000000000000000 ) ) ;
#2365 = VECTOR ( 'NONE', #1273, 1000.000000000000000 ) ;
#2366 = AXIS2_PLACEMENT_3D ( 'NONE', #1727, #1307, #2641 ) ;
#2367 = VERTEX_POINT ( 'NONE', #2619 ) ;
#2368 = VECTOR ( 'NONE', #350, 1000.000000000000000 ) ;
#2369 = MECHANICAL_DESIGN_GEOMETRIC_PRESENTATION_REPRESENTATION (  '', ( #767 ), #1441 ) ;
#2370 = LINE ( 'NONE', #570, #2470 ) ;
#2371 = ADVANCED_FACE ( 'NONE', ( #642 ), #218, .T. ) ;
#2372 = AXIS2_PLACEMENT_3D ( 'NONE', #2243, #2399, #1327 ) ;
#2373 = AXIS2_PLACEMENT_3D ( 'NONE', #512, #1805, #708 ) ;
#2374 = ORIENTED_EDGE ( 'NONE', *, *, #1592, .F. ) ;
#2375 = EDGE_CURVE ( 'NONE', #2367, #615, #2663, .T. ) ;
#2376 = VERTEX_POINT ( 'NONE', #2631 ) ;
#2377 = CARTESIAN_POINT ( 'NONE',  ( -1.500000000000000000, -1.500000000000000000, 0.01000000000000000021 ) ) ;
#2378 = DIRECTION ( 'NONE',  ( 1.445602896647339903E-16, -1.000000000000000000, 0.0000000000000000000 ) ) ;
#2379 = ORIENTED_EDGE ( 'NONE', *, *, #154, .T. ) ;
#2380 = FACE_OUTER_BOUND ( 'NONE', #513, .T. ) ;
#2381 = CARTESIAN_POINT ( 'NONE',  ( -1.349999999999999867, 1.199999999999999956, 0.8899999999999999023 ) ) ;
#2382 = CARTESIAN_POINT ( 'NONE',  ( -1.349999999999999867, 1.199999999999999956, 0.9000000000000000222 ) ) ;
#2383 = ORIENTED_EDGE ( 'NONE', *, *, #2115, .T. ) ;
#2384 = FACE_OUTER_BOUND ( 'NONE', #409, .T. ) ;
#2385 = DIRECTION ( 'NONE',  ( 1.000000000000000000, 0.0000000000000000000, 0.0000000000000000000 ) ) ;
#2386 = ORIENTED_EDGE ( 'NONE', *, *, #772, .T. ) ;
#2387 = ORIENTED_EDGE ( 'NONE', *, *, #2805, .T. ) ;
#2388 = DIRECTION ( 'NONE',  ( 1.000000000000000000, 0.0000000000000000000, 0.0000000000000000000 ) ) ;
#2389 = EDGE_CURVE ( 'NONE', #2073, #1142, #654, .T. ) ;
#2390 = VERTEX_POINT ( 'NONE', #232 ) ;
#2391 = CARTESIAN_POINT ( 'NONE',  ( -1.500000000000000000, -0.4749999999999999778, 0.2030000000000000138 ) ) ;
#2392 = ORIENTED_EDGE ( 'NONE', *, *, #1687, .F. ) ;
#2393 = CARTESIAN_POINT ( 'NONE',  ( -1.304999999999979954, -0.8249999999999999556, 0.01000000000000000021 ) ) ;
#2394 = DIRECTION ( 'NONE',  ( 1.000000000000000000, 0.0000000000000000000, 0.0000000000000000000 ) ) ;
#2395 = DIRECTION ( 'NONE',  ( 1.000000000000000000, 0.0000000000000000000, 0.0000000000000000000 ) ) ;
#2396 = VERTEX_POINT ( 'NONE', #1091 ) ;
#2397 = CARTESIAN_POINT ( 'NONE',  ( 1.505000000000000115, -0.4749999999999999778, 0.0000000000000000000 ) ) ;
#2398 = ORIENTED_EDGE ( 'NONE', *, *, #1308, .T. ) ;
#2399 = DIRECTION ( 'NONE',  ( 0.0000000000000000000, 0.0000000000000000000, 1.000000000000000000 ) ) ;
#2400 = ADVANCED_FACE ( 'NONE', ( #1972 ), #879, .T. ) ;
#2401 =( LENGTH_UNIT ( ) NAMED_UNIT ( * ) SI_UNIT ( .MILLI., .METRE. ) );
#2402 = ADVANCED_FACE ( 'NONE', ( #2751 ), #746, .T. ) ;
#2403 = FILL_AREA_STYLE_COLOUR ( '', #897 ) ;
#2404 = VERTEX_POINT ( 'NONE', #1615 ) ;
#2405 = CARTESIAN_POINT ( 'NONE',  ( 1.505000000000000115, -0.8249999999999999556, 0.2030000000000000138 ) ) ;
#2406 = CARTESIAN_POINT ( 'NONE',  ( 1.304999999999999938, 1.025000000000000133, 0.2030000000000000138 ) ) ;
#2407 = CARTESIAN_POINT ( 'NONE',  ( 0.0000000000000000000, -0.8249999999999999556, 0.01000000000000000021 ) ) ;
#2408 = VERTEX_POINT ( 'NONE', #957 ) ;
#2409 = CARTESIAN_POINT ( 'NONE',  ( 0.0000000000000000000, -1.125000000000000000, 0.01000000000000000021 ) ) ;
#2410 = CARTESIAN_POINT ( 'NONE',  ( 0.7500000000000000000, 1.050000000000000044, 0.2030000000000000138 ) ) ;
#2411 = VECTOR ( 'NONE', #623, 1000.000000000000000 ) ;
#2412 = VECTOR ( 'NONE', #2585, 1000.000000000000000 ) ;
#2413 = COLOUR_RGB ( '',0.8431372549019607865, 0.8156862745098039102, 0.7529411764705882248 ) ;
#2414 = ORIENTED_EDGE ( 'NONE', *, *, #1930, .T. ) ;
#2415 = CARTESIAN_POINT ( 'NONE',  ( 1.500000000000000000, 0.4749999999999999778, 0.01000000000000000021 ) ) ;
#2416 = CIRCLE ( 'NONE', #538, 0.1000000000000000472 ) ;
#2417 = AXIS2_PLACEMENT_3D ( 'NONE', #124, #180, #1648 ) ;
#2418 = CARTESIAN_POINT ( 'NONE',  ( -1.204999999999999849, 0.0000000000000000000, 0.01000000000000000021 ) ) ;
#2419 = VECTOR ( 'NONE', #595, 1000.000000000000000 ) ;
#2420 = ORIENTED_EDGE ( 'NONE', *, *, #1657, .T. ) ;
#2421 = LINE ( 'NONE', #238, #579 ) ;
#2422 = AXIS2_PLACEMENT_3D ( 'NONE', #65, #2508, #520 ) ;
#2423 = ADVANCED_FACE ( 'NONE', ( #2479 ), #942, .T. ) ;
#2424 = EDGE_LOOP ( 'NONE', ( #1593, #1469, #2481, #1467, #1003, #1957 ) ) ;
#2425 = DIRECTION ( 'NONE',  ( 0.0000000000000000000, 0.0000000000000000000, -1.000000000000000000 ) ) ;
#2426 = LINE ( 'NONE', #1059, #1221 ) ;
#2427 = DIRECTION ( 'NONE',  ( 1.000000000000000000, 0.0000000000000000000, 0.0000000000000000000 ) ) ;
#2428 = EDGE_CURVE ( 'NONE', #2028, #1372, #760, .T. ) ;
#2429 = ORIENTED_EDGE ( 'NONE', *, *, #2202, .T. ) ;
#2430 = CARTESIAN_POINT ( 'NONE',  ( 1.204999999999985860, -0.3750000000000000000, 0.2030000000000000138 ) ) ;
#2431 = CARTESIAN_POINT ( 'NONE',  ( -0.6500000000000000222, -1.149999999999999911, 0.0000000000000000000 ) ) ;
#2432 = ORIENTED_EDGE ( 'NONE', *, *, #18, .F. ) ;
#2433 = LINE ( 'NONE', #1083, #36 ) ;
#2434 = CARTESIAN_POINT ( 'NONE',  ( 0.0000000000000000000, -0.4749999999999999778, 0.01000000000000000021 ) ) ;
#2435 = ORIENTED_EDGE ( 'NONE', *, *, #2338, .F. ) ;
#2436 = PLANE ( 'NONE',  #2599 ) ;
#2437 = ORIENTED_EDGE ( 'NONE', *, *, #1147, .F. ) ;
#2438 = DIRECTION ( 'NONE',  ( 0.0000000000000000000, -1.000000000000000000, 0.0000000000000000000 ) ) ;
#2439 = CARTESIAN_POINT ( 'NONE',  ( -0.6500000000000000222, -1.149999999999999911, 0.0000000000000000000 ) ) ;
#2440 = CARTESIAN_POINT ( 'NONE',  ( 1.500000000000000000, 1.125000000000000000, 0.9000000000000000222 ) ) ;
#2441 = EDGE_CURVE ( 'NONE', #2718, #1753, #2052, .T. ) ;
#2442 = CARTESIAN_POINT ( 'NONE',  ( -1.204999999999979865, -0.9250000000000000444, 0.2030000000000000138 ) ) ;
#2443 = CARTESIAN_POINT ( 'NONE',  ( -1.500000000000000000, 1.500000000000000000, 0.01000000000000000021 ) ) ;
#2444 = ORIENTED_EDGE ( 'NONE', *, *, #2441, .T. ) ;
#2445 = EDGE_CURVE ( 'NONE', #904, #2109, #1154, .T. ) ;
#2446 = ORIENTED_EDGE ( 'NONE', *, *, #2747, .T. ) ;
#2447 = DIRECTION ( 'NONE',  ( 1.000000000000000000, 0.0000000000000000000, 0.0000000000000000000 ) ) ;
#2448 = PLANE ( 'NONE',  #1353 ) ;
#2449 = EDGE_LOOP ( 'NONE', ( #2392, #1248, #825, #731 ) ) ;
#2450 = LINE ( 'NONE', #1180, #126 ) ;
#2451 = ORIENTED_EDGE ( 'NONE', *, *, #1936, .F. ) ;
#2452 = DIRECTION ( 'NONE',  ( 0.0000000000000000000, 0.0000000000000000000, 1.000000000000000000 ) ) ;
#2453 = CARTESIAN_POINT ( 'NONE',  ( -1.304999999999999938, 0.3750000000000000000, 0.0000000000000000000 ) ) ;
#2454 = ORIENTED_EDGE ( 'NONE', *, *, #1956, .F. ) ;
#2455 = PRODUCT_RELATED_PRODUCT_CATEGORY ( 'part', '', ( #894 ) ) ;
#2456 = DIRECTION ( 'NONE',  ( 0.0000000000000000000, 0.0000000000000000000, 1.000000000000000000 ) ) ;
#2457 = CARTESIAN_POINT ( 'NONE',  ( 1.304999999999999938, 0.1749999999999999889, 0.2030000000000000138 ) ) ;
#2458 = VERTEX_POINT ( 'NONE', #1643 ) ;
#2459 = ORIENTED_EDGE ( 'NONE', *, *, #789, .F. ) ;
#2460 = AXIS2_PLACEMENT_3D ( 'NONE', #2560, #2798, #364 ) ;
#2461 = ADVANCED_FACE ( 'NONE', ( #2033 ), #1604, .F. ) ;
#2462 = CARTESIAN_POINT ( 'NONE',  ( 1.505000000000000115, 0.4749999999999999778, 0.0000000000000000000 ) ) ;
#2463 = CARTESIAN_POINT ( 'NONE',  ( -1.204999999999985860, -0.2750000000000000222, 0.2030000000000000138 ) ) ;
#2464 = VECTOR ( 'NONE', #1873, 1000.000000000000000 ) ;
#2465 = AXIS2_PLACEMENT_3D ( 'NONE', #1013, #617, #1677 ) ;
#2466 = ORIENTED_EDGE ( 'NONE', *, *, #2246, .T. ) ;
#2467 = EDGE_CURVE ( 'NONE', #510, #719, #304, .T. ) ;
#2468 = VECTOR ( 'NONE', #846, 1000.000000000000000 ) ;
#2469 = SURFACE_STYLE_FILL_AREA ( #1377 ) ;
#2470 = VECTOR ( 'NONE', #2800, 1000.000000000000000 ) ;
#2471 = VERTEX_POINT ( 'NONE', #970 ) ;
#2472 = SURFACE_SIDE_STYLE ('',( #253 ) ) ;
#2473 = VECTOR ( 'NONE', #1045, 1000.000000000000000 ) ;
#2474 =( LENGTH_UNIT ( ) NAMED_UNIT ( * ) SI_UNIT ( .MILLI., .METRE. ) );
#2475 =( NAMED_UNIT ( * ) SI_UNIT ( $, .STERADIAN. ) SOLID_ANGLE_UNIT ( ) );
#2476 = ORIENTED_EDGE ( 'NONE', *, *, #1420, .T. ) ;
#2477 = LINE ( 'NONE', #2293, #1993 ) ;
#2478 = UNCERTAINTY_MEASURE_WITH_UNIT (LENGTH_MEASURE( 1.000000000000000082E-05 ), #1150, 'distance_accuracy_value', 'NONE');
#2479 = FACE_OUTER_BOUND ( 'NONE', #2449, .T. ) ;
#2480 = DIRECTION ( 'NONE',  ( 0.0000000000000000000, 0.0000000000000000000, 1.000000000000000000 ) ) ;
#2481 = ORIENTED_EDGE ( 'NONE', *, *, #121, .T. ) ;
#2482 = CARTESIAN_POINT ( 'NONE',  ( 1.500000000000000000, -0.1749999999999999889, 0.01000000000000000021 ) ) ;
#2483 = PLANE ( 'NONE',  #1852 ) ;
#2484 = EDGE_CURVE ( 'NONE', #1662, #1907, #2735, .T. ) ;
#2485 = VERTEX_POINT ( 'NONE', #1629 ) ;
#2486 = LINE ( 'NONE', #300, #1763 ) ;
#2487 = EDGE_CURVE ( 'NONE', #1234, #655, #1817, .T. ) ;
#2488 = ORIENTED_EDGE ( 'NONE', *, *, #1915, .T. ) ;
#2489 = CARTESIAN_POINT ( 'NONE',  ( -1.204999999999999849, 0.3750000000000000000, 0.0000000000000000000 ) ) ;
#2490 =( NAMED_UNIT ( * ) PLANE_ANGLE_UNIT ( ) SI_UNIT ( $, .RADIAN. ) );
#2491 = CARTESIAN_POINT ( 'NONE',  ( 1.304999999999985949, -0.4749999999999999778, 0.0000000000000000000 ) ) ;
#2492 = ORIENTED_EDGE ( 'NONE', *, *, #2015, .T. ) ;
#2493 = PLANE ( 'NONE',  #2084 ) ;
#2494 = DIRECTION ( 'NONE',  ( -1.000000000000000000, 0.0000000000000000000, 0.0000000000000000000 ) ) ;
#2495 = DIRECTION ( 'NONE',  ( 0.0000000000000000000, 0.0000000000000000000, 1.000000000000000000 ) ) ;
#2496 = EDGE_LOOP ( 'NONE', ( #1245, #282, #2726, #1148 ) ) ;
#2497 = CARTESIAN_POINT ( 'NONE',  ( -1.500000000000000000, 0.8249999999999999556, 0.2030000000000000138 ) ) ;
#2498 = CARTESIAN_POINT ( 'NONE',  ( 1.500000000000000000, -1.500000000000000000, 0.01000000000000000021 ) ) ;
#2499 = ORIENTED_EDGE ( 'NONE', *, *, #2552, .T. ) ;
#2500 = ADVANCED_FACE ( 'NONE', ( #2712 ), #734, .F. ) ;
#2501 = DIRECTION ( 'NONE',  ( 0.0000000000000000000, 0.0000000000000000000, -1.000000000000000000 ) ) ;
#2502 = ORIENTED_EDGE ( 'NONE', *, *, #474, .F. ) ;
#2503 = EDGE_CURVE ( 'NONE', #1897, #234, #1357, .T. ) ;
#2504 = DIRECTION ( 'NONE',  ( 1.000000000000000000, 0.0000000000000000000, 0.0000000000000000000 ) ) ;
#2505 = DIRECTION ( 'NONE',  ( 1.000000000000000000, 0.0000000000000000000, 0.0000000000000000000 ) ) ;
#2506 = EDGE_LOOP ( 'NONE', ( #777, #1199, #2287, #2383, #2459, #2678 ) ) ;
#2507 = LINE ( 'NONE', #1567, #2824 ) ;
#2508 = DIRECTION ( 'NONE',  ( 0.0000000000000000000, 0.0000000000000000000, 1.000000000000000000 ) ) ;
#2509 = APPLICATION_CONTEXT ( 'automotive_design' ) ;
#2510 = DIRECTION ( 'NONE',  ( 0.0000000000000000000, 0.0000000000000000000, -1.000000000000000000 ) ) ;
#2511 = ORIENTED_EDGE ( 'NONE', *, *, #229, .T. ) ;
#2512 = LINE ( 'NONE', #999, #1719 ) ;
#2513 = AXIS2_PLACEMENT_3D ( 'NONE', #2295, #1844, #1401 ) ;
#2514 = VERTEX_POINT ( 'NONE', #103 ) ;
#2515 = VECTOR ( 'NONE', #702, 1000.000000000000000 ) ;
#2516 = CARTESIAN_POINT ( 'NONE',  ( 1.500000000000000000, 1.500000000000000000, 0.01000000000000000021 ) ) ;
#2517 = MECHANICAL_DESIGN_GEOMETRIC_PRESENTATION_REPRESENTATION (  '', ( #1670 ), #2598 ) ;
#2518 = AXIS2_PLACEMENT_3D ( 'NONE', #964, #2704, #2288 ) ;
#2519 = EDGE_LOOP ( 'NONE', ( #66, #127, #1734, #15 ) ) ;
#2520 = VECTOR ( 'NONE', #346, 1000.000000000000000 ) ;
#2521 = VECTOR ( 'NONE', #16, 1000.000000000000000 ) ;
#2522 = EDGE_CURVE ( 'NONE', #349, #529, #1723, .T. ) ;
#2523 = VERTEX_POINT ( 'NONE', #1800 ) ;
#2524 = AXIS2_PLACEMENT_3D ( 'NONE', #666, #2152, #639 ) ;
#2525 = CARTESIAN_POINT ( 'NONE',  ( -1.204999999999999849, 0.3750000000000000000, 0.2030000000000000138 ) ) ;
#2526 = CARTESIAN_POINT ( 'NONE',  ( -1.505000000000000115, -0.1749999999999999889, 0.2030000000000000138 ) ) ;
#2527 = CARTESIAN_POINT ( 'NONE',  ( 1.500000000000000000, -0.1749999999999999889, 0.9000000000000000222 ) ) ;
#2528 = ORIENTED_EDGE ( 'NONE', *, *, #369, .F. ) ;
#2529 = DIRECTION ( 'NONE',  ( -1.000000000000000000, 0.0000000000000000000, 0.0000000000000000000 ) ) ;
#2530 = ORIENTED_EDGE ( 'NONE', *, *, #213, .F. ) ;
#2531 = CARTESIAN_POINT ( 'NONE',  ( -1.304999999999999938, 0.2750000000000000222, 0.01000000000000000021 ) ) ;
#2532 = VERTEX_POINT ( 'NONE', #2526 ) ;
#2533 = PRESENTATION_STYLE_ASSIGNMENT (( #1639 ) ) ;
#2534 = ORIENTED_EDGE ( 'NONE', *, *, #1888, .F. ) ;
#2535 = DIRECTION ( 'NONE',  ( 1.000000000000000000, 0.0000000000000000000, 0.0000000000000000000 ) ) ;
#2536 = DIRECTION ( 'NONE',  ( 0.0000000000000000000, 0.0000000000000000000, -1.000000000000000000 ) ) ;
#2537 = EDGE_CURVE ( 'NONE', #728, #2342, #548, .T. ) ;
#2538 = CARTESIAN_POINT ( 'NONE',  ( -0.7500000000000000000, 0.8000000000000000444, 0.0000000000000000000 ) ) ;
#2539 = EDGE_LOOP ( 'NONE', ( #2053, #781, #1063, #113 ) ) ;
#2540 = CARTESIAN_POINT ( 'NONE',  ( -0.7500000000000000000, 0.8000000000000000444, 0.01000000000000000021 ) ) ;
#2541 = EDGE_CURVE ( 'NONE', #2046, #1183, #93, .T. ) ;
#2542 = CARTESIAN_POINT ( 'NONE',  ( 1.304999999999985949, -0.4749999999999999778, 0.0000000000000000000 ) ) ;
#2543 = ORIENTED_EDGE ( 'NONE', *, *, #1886, .T. ) ;
#2544 = CARTESIAN_POINT ( 'NONE',  ( -1.505000000000000115, -0.4749999999999999778, 0.2030000000000000138 ) ) ;
#2545 = ORIENTED_EDGE ( 'NONE', *, *, #722, .F. ) ;
#2546 = LINE ( 'NONE', #342, #1021 ) ;
#2547 = DIRECTION ( 'NONE',  ( 1.000000000000000000, 0.0000000000000000000, 0.0000000000000000000 ) ) ;
#2548 = EDGE_LOOP ( 'NONE', ( #1689, #1679, #1943, #929 ) ) ;
#2549 = DIRECTION ( 'NONE',  ( 1.000000000000000000, 0.0000000000000000000, 0.0000000000000000000 ) ) ;
#2550 = LINE ( 'NONE', #2671, #2828 ) ;
#2551 = SURFACE_STYLE_FILL_AREA ( #368 ) ;
#2552 = EDGE_CURVE ( 'NONE', #510, #2284, #294, .T. ) ;
#2553 = CARTESIAN_POINT ( 'NONE',  ( -1.500000000000000000, -1.125000000000000000, 0.01000000000000000021 ) ) ;
#2554 = VECTOR ( 'NONE', #2151, 1000.000000000000000 ) ;
#2555 = COLOUR_RGB ( '',0.2000000000000000111, 0.2000000000000000111, 0.2000000000000000111 ) ;
#2556 = EDGE_LOOP ( 'NONE', ( #1267, #2322, #1649, #183 ) ) ;
#2557 = FACE_OUTER_BOUND ( 'NONE', #2766, .T. ) ;
#2558 = CARTESIAN_POINT ( 'NONE',  ( -0.7500000000000000000, 0.8000000000000000444, 0.2030000000000000138 ) ) ;
#2559 = AXIS2_PLACEMENT_3D ( 'NONE', #2757, #1450, #2358 ) ;
#2560 = CARTESIAN_POINT ( 'NONE',  ( -1.304999999999999938, 0.3750000000000000000, 0.2030000000000000138 ) ) ;
#2561 = VECTOR ( 'NONE', #1669, 1000.000000000000000 ) ;
#2562 = ORIENTED_EDGE ( 'NONE', *, *, #2623, .T. ) ;
#2563 = LINE ( 'NONE', #1229, #2786 ) ;
#2564 = AXIS2_PLACEMENT_3D ( 'NONE', #2350, #153, #1246 ) ;
#2565 = PLANE ( 'NONE',  #353 ) ;
#2566 = EDGE_CURVE ( 'NONE', #2632, #2683, #624, .T. ) ;
#2567 = EDGE_CURVE ( 'NONE', #1576, #2348, #806, .T. ) ;
#2568 = CARTESIAN_POINT ( 'NONE',  ( 1.304999999999979954, -1.125000000000000000, 0.2030000000000000138 ) ) ;
#2569 = ORIENTED_EDGE ( 'NONE', *, *, #545, .T. ) ;
#2570 = CARTESIAN_POINT ( 'NONE',  ( 1.500000000000000000, -0.4749999999999999778, 0.2030000000000000138 ) ) ;
#2571 = CARTESIAN_POINT ( 'NONE',  ( -1.204999999999985860, -0.2750000000000000222, 0.2030000000000000138 ) ) ;
#2572 = ORIENTED_EDGE ( 'NONE', *, *, #2714, .T. ) ;
#2573 = DIRECTION ( 'NONE',  ( 0.0000000000000000000, 1.000000000000000000, 0.0000000000000000000 ) ) ;
#2574 = CARTESIAN_POINT ( 'NONE',  ( 0.0000000000000000000, 0.4749999999999999778, 0.01000000000000000021 ) ) ;
#2575 = DIRECTION ( 'NONE',  ( 0.0000000000000000000, 0.0000000000000000000, 1.000000000000000000 ) ) ;
#2576 = DIRECTION ( 'NONE',  ( 0.0000000000000000000, 0.0000000000000000000, -1.000000000000000000 ) ) ;
#2577 = EDGE_CURVE ( 'NONE', #2485, #2514, #381, .T. ) ;
#2578 = EDGE_LOOP ( 'NONE', ( #1439, #1433, #565, #2019 ) ) ;
#2579 =( NAMED_UNIT ( * ) PLANE_ANGLE_UNIT ( ) SI_UNIT ( $, .RADIAN. ) );
#2580 = DIRECTION ( 'NONE',  ( 0.7071067811865480168, -0.7071067811865470176, 0.0000000000000000000 ) ) ;
#2581 = CARTESIAN_POINT ( 'NONE',  ( -1.050000000000000044, 1.199999999999999956, 0.8899999999999999023 ) ) ;
#2582 = VERTEX_POINT ( 'NONE', #2306 ) ;
#2583 = FACE_OUTER_BOUND ( 'NONE', #413, .T. ) ;
#2584 = EDGE_LOOP ( 'NONE', ( #1557, #203, #1190, #1645, #2502, #1264 ) ) ;
#2585 = DIRECTION ( 'NONE',  ( 1.000000000000000000, 0.0000000000000000000, 0.0000000000000000000 ) ) ;
#2586 = ORIENTED_EDGE ( 'NONE', *, *, #2817, .F. ) ;
#2587 = DIRECTION ( 'NONE',  ( 1.000000000000000000, 0.0000000000000000000, 0.0000000000000000000 ) ) ;
#2588 = CARTESIAN_POINT ( 'NONE',  ( -1.204999999999999849, 1.025000000000000133, 0.01000000000000000021 ) ) ;
#2589 = CIRCLE ( 'NONE', #1344, 0.1000000000000000472 ) ;
#2590 = VERTEX_POINT ( 'NONE', #2362 ) ;
#2591 = LINE ( 'NONE', #184, #259 ) ;
#2592 = FACE_OUTER_BOUND ( 'NONE', #117, .T. ) ;
#2593 = DIRECTION ( 'NONE',  ( 1.000000000000000000, 0.0000000000000000000, 0.0000000000000000000 ) ) ;
#2594 = VECTOR ( 'NONE', #245, 1000.000000000000000 ) ;
#2595 = MECHANICAL_DESIGN_GEOMETRIC_PRESENTATION_REPRESENTATION (  '', ( #1253 ), #1025 ) ;
#2596 = ADVANCED_FACE ( 'NONE', ( #1692 ), #363, .F. ) ;
#2597 = ORIENTED_EDGE ( 'NONE', *, *, #1379, .F. ) ;
#2598 =( GEOMETRIC_REPRESENTATION_CONTEXT ( 3 ) GLOBAL_UNCERTAINTY_ASSIGNED_CONTEXT ( ( #745 ) ) GLOBAL_UNIT_ASSIGNED_CONTEXT ( ( #160, #1714, #1500 ) ) REPRESENTATION_CONTEXT ( 'NONE', 'WORKASPACE' ) );
#2599 = AXIS2_PLACEMENT_3D ( 'NONE', #412, #1271, #1055 ) ;
#2600 = LINE ( 'NONE', #1309, #2594 ) ;
#2601 = DIRECTION ( 'NONE',  ( 0.0000000000000000000, -1.000000000000000000, 0.0000000000000000000 ) ) ;
#2602 = EDGE_CURVE ( 'NONE', #1098, #1827, #343, .T. ) ;
#2603 = AXIS2_PLACEMENT_3D ( 'NONE', #106, #562, #723 ) ;
#2604 = AXIS2_PLACEMENT_3D ( 'NONE', #236, #645, #859 ) ;
#2605 = ORIENTED_EDGE ( 'NONE', *, *, #1479, .T. ) ;
#2606 = AXIS2_PLACEMENT_3D ( 'NONE', #605, #835, #1032 ) ;
#2607 = ORIENTED_EDGE ( 'NONE', *, *, #1956, .T. ) ;
#2608 = CARTESIAN_POINT ( 'NONE',  ( 1.505000000000000115, -0.8249999999999999556, 0.2030000000000000138 ) ) ;
#2609 = PRODUCT_DEFINITION_FORMATION_WITH_SPECIFIED_SOURCE ( 'ANY', '', #894, .NOT_KNOWN. ) ;
#2610 = ORIENTED_EDGE ( 'NONE', *, *, #50, .F. ) ;
#2611 = CARTESIAN_POINT ( 'NONE',  ( -1.500000000000000000, -0.1749999999999999889, 0.2030000000000000138 ) ) ;
#2612 = ORIENTED_EDGE ( 'NONE', *, *, #1835, .F. ) ;
#2613 = FACE_OUTER_BOUND ( 'NONE', #177, .T. ) ;
#2614 = DIRECTION ( 'NONE',  ( -1.000000000000000000, 0.0000000000000000000, 0.0000000000000000000 ) ) ;
#2615 = DIRECTION ( 'NONE',  ( 0.0000000000000000000, 1.000000000000000000, 0.0000000000000000000 ) ) ;
#2616 = ORIENTED_EDGE ( 'NONE', *, *, #192, .F. ) ;
#2617 = ADVANCED_FACE ( 'NONE', ( #2773 ), #2088, .T. ) ;
#2618 = LINE ( 'NONE', #52, #2223 ) ;
#2619 = CARTESIAN_POINT ( 'NONE',  ( 1.204999999999999849, 0.2750000000000000222, 0.01000000000000000021 ) ) ;
#2620 = ORIENTED_EDGE ( 'NONE', *, *, #2441, .F. ) ;
#2621 = ADVANCED_FACE ( 'NONE', ( #2797 ), #795, .F. ) ;
#2622 = DIRECTION ( 'NONE',  ( -0.0000000000000000000, 1.000000000000000000, 0.0000000000000000000 ) ) ;
#2623 = EDGE_CURVE ( 'NONE', #2582, #721, #361, .T. ) ;
#2624 = CARTESIAN_POINT ( 'NONE',  ( -1.304999999999979954, -1.025000000000000133, 0.2030000000000000138 ) ) ;
#2625 = ORIENTED_EDGE ( 'NONE', *, *, #1191, .T. ) ;
#2626 = LINE ( 'NONE', #194, #616 ) ;
#2627 = CARTESIAN_POINT ( 'NONE',  ( 1.505000000000000115, 0.1749999999999999889, 0.2030000000000000138 ) ) ;
#2628 = CARTESIAN_POINT ( 'NONE',  ( 1.500000000000000000, 1.500000000000000000, 0.2030000000000000138 ) ) ;
#2629 = EDGE_LOOP ( 'NONE', ( #709, #286, #2187, #1870 ) ) ;
#2630 = DIRECTION ( 'NONE',  ( -1.000000000000000000, 0.0000000000000000000, 0.0000000000000000000 ) ) ;
#2631 = CARTESIAN_POINT ( 'NONE',  ( -1.204999999999999849, 0.3750000000000000000, 0.0000000000000000000 ) ) ;
#2632 = VERTEX_POINT ( 'NONE', #1705 ) ;
#2633 = CARTESIAN_POINT ( 'NONE',  ( -1.304999999999999938, 1.025000000000000133, 0.2030000000000000138 ) ) ;
#2634 = PRESENTATION_STYLE_ASSIGNMENT (( #871 ) ) ;
#2635 = EDGE_LOOP ( 'NONE', ( #1851, #1288, #1931, #1358 ) ) ;
#2636 =( NAMED_UNIT ( * ) PLANE_ANGLE_UNIT ( ) SI_UNIT ( $, .RADIAN. ) );
#2637 = ADVANCED_FACE ( 'NONE', ( #2140 ), #170, .F. ) ;
#2638 = EDGE_LOOP ( 'NONE', ( #603, #70, #411, #1791, #429, #1260 ) ) ;
#2639 = CARTESIAN_POINT ( 'NONE',  ( -0.7500000000000000000, -1.050000000000000044, 0.0000000000000000000 ) ) ;
#2640 = PLANE ( 'NONE',  #1259 ) ;
#2641 = DIRECTION ( 'NONE',  ( 1.000000000000000000, 0.0000000000000000000, 0.0000000000000000000 ) ) ;
#2642 = VECTOR ( 'NONE', #811, 1000.000000000000000 ) ;
#2643 = CARTESIAN_POINT ( 'NONE',  ( -1.505000000000000115, 0.4749999999999999778, 0.0000000000000000000 ) ) ;
#2644 =( GEOMETRIC_REPRESENTATION_CONTEXT ( 3 ) GLOBAL_UNCERTAINTY_ASSIGNED_CONTEXT ( ( #689 ) ) GLOBAL_UNIT_ASSIGNED_CONTEXT ( ( #2110, #2579, #784 ) ) REPRESENTATION_CONTEXT ( 'NONE', 'WORKASPACE' ) );
#2645 = DIRECTION ( 'NONE',  ( 0.0000000000000000000, 0.0000000000000000000, -1.000000000000000000 ) ) ;
#2646 = AXIS2_PLACEMENT_3D ( 'NONE', #2633, #265, #693 ) ;
#2647 = AXIS2_PLACEMENT_3D ( 'NONE', #1828, #74, #2721 ) ;
#2648 = ORIENTED_EDGE ( 'NONE', *, *, #1960, .F. ) ;
#2649 = CARTESIAN_POINT ( 'NONE',  ( -1.304999999999985949, -0.1749999999999999889, 0.01000000000000000021 ) ) ;
#2650 = AXIS2_PLACEMENT_3D ( 'NONE', #2215, #431, #33 ) ;
#2651 = AXIS2_PLACEMENT_3D ( 'NONE', #2544, #2795, #1205 ) ;
#2652 = PLANE ( 'NONE',  #256 ) ;
#2653 = AXIS2_PLACEMENT_3D ( 'NONE', #820, #1209, #2120 ) ;
#2654 = EDGE_LOOP ( 'NONE', ( #1053, #2308, #1437, #2337 ) ) ;
#2655 = ADVANCED_FACE ( 'NONE', ( #2592 ), #2111, .F. ) ;
#2656 = CARTESIAN_POINT ( 'NONE',  ( 1.204999999999999849, 0.2750000000000000222, 0.2030000000000000138 ) ) ;
#2657 = ORIENTED_EDGE ( 'NONE', *, *, #1341, .F. ) ;
#2658 = ADVANCED_FACE ( 'NONE', ( #135 ), #2787, .F. ) ;
#2659 = DIRECTION ( 'NONE',  ( -1.000000000000000000, 0.0000000000000000000, 0.0000000000000000000 ) ) ;
#2660 = CARTESIAN_POINT ( 'NONE',  ( -1.304999999999985949, -0.2750000000000000222, 0.0000000000000000000 ) ) ;
#2661 = DIRECTION ( 'NONE',  ( 0.0000000000000000000, 0.0000000000000000000, -1.000000000000000000 ) ) ;
#2662 = DIRECTION ( 'NONE',  ( -1.000000000000000000, 0.0000000000000000000, 0.0000000000000000000 ) ) ;
#2663 = LINE ( 'NONE', #5, #1451 ) ;
#2664 = ORIENTED_EDGE ( 'NONE', *, *, #192, .T. ) ;
#2665 = ORIENTED_EDGE ( 'NONE', *, *, #1322, .F. ) ;
#2666 = CARTESIAN_POINT ( 'NONE',  ( -1.304999999999999938, 0.8249999999999999556, 0.2030000000000000138 ) ) ;
#2667 = VERTEX_POINT ( 'NONE', #400 ) ;
#2668 = PLANE ( 'NONE',  #2228 ) ;
#2669 = EDGE_CURVE ( 'NONE', #1965, #1018, #1921, .T. ) ;
#2670 = ORIENTED_EDGE ( 'NONE', *, *, #2162, .T. ) ;
#2671 = CARTESIAN_POINT ( 'NONE',  ( -1.204999999999999849, 1.025000000000000133, 0.0000000000000000000 ) ) ;
#2672 = PLANE ( 'NONE',  #2332 ) ;
#2673 = DIRECTION ( 'NONE',  ( 1.000000000000000000, 0.0000000000000000000, 0.0000000000000000000 ) ) ;
#2674 = EDGE_CURVE ( 'NONE', #55, #2146, #2426, .T. ) ;
#2675 = ORIENTED_EDGE ( 'NONE', *, *, #545, .F. ) ;
#2676 = CARTESIAN_POINT ( 'NONE',  ( 1.304999999999999938, 0.1749999999999999889, 0.0000000000000000000 ) ) ;
#2677 = CARTESIAN_POINT ( 'NONE',  ( 1.505000000000000115, 0.4749999999999999778, 0.2030000000000000138 ) ) ;
#2678 = ORIENTED_EDGE ( 'NONE', *, *, #1640, .F. ) ;
#2679 = EDGE_CURVE ( 'NONE', #1008, #1858, #1539, .T. ) ;
#2680 = VERTEX_POINT ( 'NONE', #13 ) ;
#2681 = LINE ( 'NONE', #451, #1448 ) ;
#2682 = DIRECTION ( 'NONE',  ( -1.032573497605241854E-16, 1.000000000000000000, 0.0000000000000000000 ) ) ;
#2683 = VERTEX_POINT ( 'NONE', #254 ) ;
#2684 = CARTESIAN_POINT ( 'NONE',  ( 1.204999999999985860, -0.2750000000000000222, 0.2030000000000000138 ) ) ;
#2685 = ORIENTED_EDGE ( 'NONE', *, *, #1151, .T. ) ;
#2686 = CARTESIAN_POINT ( 'NONE',  ( 1.500000000000000000, 0.4749999999999999778, 0.9000000000000000222 ) ) ;
#2687 = CARTESIAN_POINT ( 'NONE',  ( -0.7500000000000000000, -1.050000000000000044, 0.01000000000000000021 ) ) ;
#2688 = ORIENTED_EDGE ( 'NONE', *, *, #306, .F. ) ;
#2689 = CARTESIAN_POINT ( 'NONE',  ( 1.304999999999999938, 0.1749999999999999889, 0.2030000000000000138 ) ) ;
#2690 = CARTESIAN_POINT ( 'NONE',  ( -1.505000000000000115, -0.4749999999999999778, 0.2030000000000000138 ) ) ;
#2691 = EDGE_CURVE ( 'NONE', #2376, #58, #221, .T. ) ;
#2692 = EDGE_LOOP ( 'NONE', ( #608, #2670, #909, #919 ) ) ;
#2693 = ORIENTED_EDGE ( 'NONE', *, *, #2015, .F. ) ;
#2694 = VECTOR ( 'NONE', #2388, 1000.000000000000000 ) ;
#2695 = CIRCLE ( 'NONE', #2317, 0.1000000000000000472 ) ;
#2696 = CARTESIAN_POINT ( 'NONE',  ( -1.304999999999999938, 0.9250000000000000444, 0.2030000000000000138 ) ) ;
#2697 = EDGE_CURVE ( 'NONE', #207, #1080, #1274, .T. ) ;
#2698 = CARTESIAN_POINT ( 'NONE',  ( -1.304999999999999938, 0.3750000000000000000, 0.01000000000000000021 ) ) ;
#2699 = VECTOR ( 'NONE', #77, 1000.000000000000000 ) ;
#2700 = VECTOR ( 'NONE', #1772, 1000.000000000000000 ) ;
#2701 = ORIENTED_EDGE ( 'NONE', *, *, #2066, .F. ) ;
#2702 = AXIS2_PLACEMENT_3D ( 'NONE', #1563, #1434, #61 ) ;
#2703 = VECTOR ( 'NONE', #1871, 1000.000000000000000 ) ;
#2704 = DIRECTION ( 'NONE',  ( 0.0000000000000000000, 0.0000000000000000000, -1.000000000000000000 ) ) ;
#2705 = CIRCLE ( 'NONE', #2650, 0.1000000000000000472 ) ;
#2706 = VERTEX_POINT ( 'NONE', #1751 ) ;
#2707 = LINE ( 'NONE', #732, #536 ) ;
#2708 = AXIS2_PLACEMENT_3D ( 'NONE', #1861, #1589, #2294 ) ;
#2709 = DIRECTION ( 'NONE',  ( 0.0000000000000000000, 1.000000000000000000, 0.0000000000000000000 ) ) ;
#2710 = SURFACE_STYLE_FILL_AREA ( #2043 ) ;
#2711 = LINE ( 'NONE', #319, #534 ) ;
#2712 = FACE_OUTER_BOUND ( 'NONE', #108, .T. ) ;
#2713 = DIRECTION ( 'NONE',  ( 0.0000000000000000000, -1.000000000000000000, 0.0000000000000000000 ) ) ;
#2714 = EDGE_CURVE ( 'NONE', #1716, #939, #583, .T. ) ;
#2715 = VERTEX_POINT ( 'NONE', #2627 ) ;
#2716 = LINE ( 'NONE', #931, #2093 ) ;
#2717 = EDGE_CURVE ( 'NONE', #1654, #1977, #457, .T. ) ;
#2718 = VERTEX_POINT ( 'NONE', #1075 ) ;
#2719 = CARTESIAN_POINT ( 'NONE',  ( 1.304999999999999938, 1.125000000000000000, 0.2030000000000000138 ) ) ;
#2720 = ADVANCED_FACE ( 'NONE', ( #1771 ), #1100, .F. ) ;
#2721 = DIRECTION ( 'NONE',  ( -1.445602896647339903E-16, 1.000000000000000000, 0.0000000000000000000 ) ) ;
#2722 = ORIENTED_EDGE ( 'NONE', *, *, #2012, .F. ) ;
#2723 = DIRECTION ( 'NONE',  ( 1.000000000000000000, 0.0000000000000000000, 0.0000000000000000000 ) ) ;
#2724 = CARTESIAN_POINT ( 'NONE',  ( -1.304999999999979954, -1.025000000000000133, 0.0000000000000000000 ) ) ;
#2725 = CARTESIAN_POINT ( 'NONE',  ( 1.500000000000000000, 0.4749999999999999778, 0.2030000000000000138 ) ) ;
#2726 = ORIENTED_EDGE ( 'NONE', *, *, #336, .T. ) ;
#2727 = DIRECTION ( 'NONE',  ( -1.000000000000000000, 0.0000000000000000000, 0.0000000000000000000 ) ) ;
#2728 = ORIENTED_EDGE ( 'NONE', *, *, #1201, .F. ) ;
#2729 = EDGE_CURVE ( 'NONE', #425, #1276, #875, .T. ) ;
#2730 = LINE ( 'NONE', #953, #37 ) ;
#2731 = ORIENTED_EDGE ( 'NONE', *, *, #2537, .T. ) ;
#2732 = ADVANCED_FACE ( 'NONE', ( #2197 ), #2672, .T. ) ;
#2733 = ORIENTED_EDGE ( 'NONE', *, *, #1743, .F. ) ;
#2734 = DIRECTION ( 'NONE',  ( 0.0000000000000000000, 1.000000000000000000, 0.0000000000000000000 ) ) ;
#2735 = LINE ( 'NONE', #320, #403 ) ;
#2736 = CARTESIAN_POINT ( 'NONE',  ( -1.304999999999985949, -0.3750000000000000000, 0.01000000000000000021 ) ) ;
#2737 = VERTEX_POINT ( 'NONE', #1492 ) ;
#2738 =( GEOMETRIC_REPRESENTATION_CONTEXT ( 3 ) GLOBAL_UNCERTAINTY_ASSIGNED_CONTEXT ( ( #626 ) ) GLOBAL_UNIT_ASSIGNED_CONTEXT ( ( #906, #694, #1277 ) ) REPRESENTATION_CONTEXT ( 'NONE', 'WORKASPACE' ) );
#2739 = VECTOR ( 'NONE', #2808, 1000.000000000000000 ) ;
#2740 = VECTOR ( 'NONE', #2788, 1000.000000000000000 ) ;
#2741 = CARTESIAN_POINT ( 'NONE',  ( -1.304999999999999938, 0.1749999999999999889, 0.2030000000000000138 ) ) ;
#2742 = AXIS2_PLACEMENT_3D ( 'NONE', #2083, #601, #150 ) ;
#2743 = EDGE_CURVE ( 'NONE', #1332, #2145, #1079, .T. ) ;
#2744 = ORIENTED_EDGE ( 'NONE', *, *, #2352, .F. ) ;
#2745 = DIRECTION ( 'NONE',  ( 1.000000000000000000, 0.0000000000000000000, 0.0000000000000000000 ) ) ;
#2746 = AXIS2_PLACEMENT_3D ( 'NONE', #1710, #2601, #1020 ) ;
#2747 = EDGE_CURVE ( 'NONE', #460, #1626, #2821, .T. ) ;
#2748 = ORIENTED_EDGE ( 'NONE', *, *, #1022, .T. ) ;
#2749 = AXIS2_PLACEMENT_3D ( 'NONE', #2075, #717, #1843 ) ;
#2750 = CARTESIAN_POINT ( 'NONE',  ( -0.7750000000000000222, 0.7750000000000000222, 0.01000000000000000021 ) ) ;
#2751 = FACE_OUTER_BOUND ( 'NONE', #476, .T. ) ;
#2752 = LINE ( 'NONE', #2266, #1850 ) ;
#2753 = AXIS2_PLACEMENT_3D ( 'NONE', #2290, #1564, #2504 ) ;
#2754 = ORIENTED_EDGE ( 'NONE', *, *, #249, .T. ) ;
#2755 = PLANE ( 'NONE',  #2603 ) ;
#2756 = LINE ( 'NONE', #2686, #1530 ) ;
#2757 = CARTESIAN_POINT ( 'NONE',  ( 1.505000000000000115, 0.1749999999999999889, 0.2030000000000000138 ) ) ;
#2758 = ORIENTED_EDGE ( 'NONE', *, *, #2445, .F. ) ;
#2759 = LINE ( 'NONE', #129, #123 ) ;
#2760 = ADVANCED_FACE ( 'NONE', ( #227 ), #2640, .F. ) ;
#2761 = ORIENTED_EDGE ( 'NONE', *, *, #273, .F. ) ;
#2762 = DIRECTION ( 'NONE',  ( 0.0000000000000000000, 0.0000000000000000000, -1.000000000000000000 ) ) ;
#2763 = CARTESIAN_POINT ( 'NONE',  ( 1.500000000000000000, -1.500000000000000000, 0.9000000000000000222 ) ) ;
#2764 = ORIENTED_EDGE ( 'NONE', *, *, #2181, .T. ) ;
#2765 = CARTESIAN_POINT ( 'NONE',  ( 1.304999999999999938, 0.2750000000000000222, 0.01000000000000000021 ) ) ;
#2766 = EDGE_LOOP ( 'NONE', ( #1788, #1526, #1130, #2204 ) ) ;
#2767 = DIRECTION ( 'NONE',  ( 0.0000000000000000000, 0.0000000000000000000, -1.000000000000000000 ) ) ;
#2768 = DIRECTION ( 'NONE',  ( 0.0000000000000000000, 0.0000000000000000000, -1.000000000000000000 ) ) ;
#2769 = ORIENTED_EDGE ( 'NONE', *, *, #1188, .T. ) ;
#2770 = CARTESIAN_POINT ( 'NONE',  ( 1.505000000000000115, -0.4749999999999999778, 0.2030000000000000138 ) ) ;
#2771 = VERTEX_POINT ( 'NONE', #2381 ) ;
#2772 = DIRECTION ( 'NONE',  ( 0.0000000000000000000, 0.0000000000000000000, 1.000000000000000000 ) ) ;
#2773 = FACE_OUTER_BOUND ( 'NONE', #1107, .T. ) ;
#2774 = DIRECTION ( 'NONE',  ( 0.0000000000000000000, 0.0000000000000000000, 1.000000000000000000 ) ) ;
#2775 = VERTEX_POINT ( 'NONE', #863 ) ;
#2776 = EDGE_CURVE ( 'NONE', #2330, #91, #851, .T. ) ;
#2777 = CARTESIAN_POINT ( 'NONE',  ( 1.304999999999985949, -0.2750000000000000222, 0.2030000000000000138 ) ) ;
#2778 = EDGE_CURVE ( 'NONE', #292, #2771, #1635, .T. ) ;
#2779 = CARTESIAN_POINT ( 'NONE',  ( -1.505000000000000115, -0.4749999999999999778, 0.0000000000000000000 ) ) ;
#2780 = VECTOR ( 'NONE', #2762, 1000.000000000000000 ) ;
#2781 = CARTESIAN_POINT ( 'NONE',  ( -1.500000000000000000, 1.500000000000000000, 0.9000000000000000222 ) ) ;
#2782 = MECHANICAL_DESIGN_GEOMETRIC_PRESENTATION_REPRESENTATION (  '', ( #2125 ), #1715 ) ;
#2783 = VECTOR ( 'NONE', #2745, 1000.000000000000000 ) ;
#2784 = ORIENTED_EDGE ( 'NONE', *, *, #1764, .T. ) ;
#2785 = CARTESIAN_POINT ( 'NONE',  ( 1.204999999999979865, -0.9250000000000000444, 0.0000000000000000000 ) ) ;
#2786 = VECTOR ( 'NONE', #788, 1000.000000000000000 ) ;
#2787 = PLANE ( 'NONE',  #173 ) ;
#2788 = DIRECTION ( 'NONE',  ( 1.032573497605241854E-16, -1.000000000000000000, 0.0000000000000000000 ) ) ;
#2789 = EDGE_LOOP ( 'NONE', ( #2251, #86, #2226, #2562 ) ) ;
#2790 = FACE_OUTER_BOUND ( 'NONE', #2193, .T. ) ;
#2791 = ADVANCED_FACE ( 'NONE', ( #1521 ), #427, .T. ) ;
#2792 = LINE ( 'NONE', #2574, #1446 ) ;
#2793 =( NAMED_UNIT ( * ) SI_UNIT ( $, .STERADIAN. ) SOLID_ANGLE_UNIT ( ) );
#2794 = EDGE_CURVE ( 'NONE', #2348, #2590, #1087, .T. ) ;
#2795 = DIRECTION ( 'NONE',  ( 1.000000000000000000, 0.0000000000000000000, 0.0000000000000000000 ) ) ;
#2796 = DIRECTION ( 'NONE',  ( 0.0000000000000000000, 0.0000000000000000000, 1.000000000000000000 ) ) ;
#2797 = FACE_OUTER_BOUND ( 'NONE', #582, .T. ) ;
#2798 = DIRECTION ( 'NONE',  ( 0.0000000000000000000, 0.0000000000000000000, -1.000000000000000000 ) ) ;
#2799 = VERTEX_POINT ( 'NONE', #966 ) ;
#2800 = DIRECTION ( 'NONE',  ( 0.0000000000000000000, 0.0000000000000000000, -1.000000000000000000 ) ) ;
#2801 = VERTEX_POINT ( 'NONE', #2687 ) ;
#2802 = PLANE ( 'NONE',  #720 ) ;
#2803 = ORIENTED_EDGE ( 'NONE', *, *, #632, .T. ) ;
#2804 = ORIENTED_EDGE ( 'NONE', *, *, #1092, .F. ) ;
#2805 = EDGE_CURVE ( 'NONE', #355, #1089, #484, .T. ) ;
#2806 = DIRECTION ( 'NONE',  ( -1.000000000000000000, 0.0000000000000000000, 0.0000000000000000000 ) ) ;
#2807 = VERTEX_POINT ( 'NONE', #2071 ) ;
#2808 = DIRECTION ( 'NONE',  ( 0.0000000000000000000, 0.0000000000000000000, -1.000000000000000000 ) ) ;
#2809 = LINE ( 'NONE', #375, #2411 ) ;
#2810 = VERTEX_POINT ( 'NONE', #1854 ) ;
#2811 = CARTESIAN_POINT ( 'NONE',  ( -0.4000000000000000222, 1.149999999999999911, 0.2030000000000000138 ) ) ;
#2812 = EDGE_LOOP ( 'NONE', ( #2610, #1061, #339, #1212 ) ) ;
#2813 = CARTESIAN_POINT ( 'NONE',  ( 1.500000000000000000, -1.125000000000000000, 0.01000000000000000021 ) ) ;
#2814 = LINE ( 'NONE', #247, #1621 ) ;
#2815 = LINE ( 'NONE', #828, #1211 ) ;
#2816 = ORIENTED_EDGE ( 'NONE', *, *, #528, .T. ) ;
#2817 = EDGE_CURVE ( 'NONE', #1165, #1803, #1601, .T. ) ;
#2818 = CIRCLE ( 'NONE', #41, 0.1000000000000000472 ) ;
#2819 = ORIENTED_EDGE ( 'NONE', *, *, #2352, .T. ) ;
#2820 = CARTESIAN_POINT ( 'NONE',  ( -1.505000000000000115, -1.125000000000000000, 0.2030000000000000138 ) ) ;
#2821 = LINE ( 'NONE', #684, #2180 ) ;
#2822 = PRODUCT_DEFINITION_SHAPE ( 'NONE', 'NONE',  #1460 ) ;
#2823 = CARTESIAN_POINT ( 'NONE',  ( 0.6500000000000000222, 1.149999999999999911, 0.01000000000000000021 ) ) ;
#2824 = VECTOR ( 'NONE', #925, 1000.000000000000000 ) ;
#2825 = VECTOR ( 'NONE', #2576, 1000.000000000000000 ) ;
#2826 = EDGE_CURVE ( 'NONE', #2041, #855, #2017, .T. ) ;
#2827 = ORIENTED_EDGE ( 'NONE', *, *, #2577, .T. ) ;
#2828 = VECTOR ( 'NONE', #2249, 1000.000000000000000 ) ;
#2829 = AXIS2_PLACEMENT_3D ( 'NONE', #540, #514, #2247 ) ;
#2830 = CARTESIAN_POINT ( 'NONE',  ( -1.505000000000000115, 0.4749999999999999778, 0.2030000000000000138 ) ) ;
#2831 = DIRECTION ( 'NONE',  ( 0.0000000000000000000, 0.0000000000000000000, -1.000000000000000000 ) ) ;
#2832 = CIRCLE ( 'NONE', #2372, 0.1000000000000000472 ) ;
#2833 = ORIENTED_EDGE ( 'NONE', *, *, #1495, .F. ) ;
#2834 = AXIS2_PLACEMENT_3D ( 'NONE', #1933, #1, #2164 ) ;
#2835 = FACE_OUTER_BOUND ( 'NONE', #2638, .T. ) ;
#2836 = CARTESIAN_POINT ( 'NONE',  ( -1.500000000000000000, 1.500000000000000000, 0.01000000000000000021 ) ) ;
#2837 = VECTOR ( 'NONE', #470, 1000.000000000000000 ) ;
#2838 = ORIENTED_EDGE ( 'NONE', *, *, #2714, .F. ) ;
#2839 = CARTESIAN_POINT ( 'NONE',  ( 1.500000000000000000, -0.8249999999999999556, 0.01000000000000000021 ) ) ;
#2840 = ORIENTED_EDGE ( 'NONE', *, *, #2035, .T. ) ;
#2841 = DIRECTION ( 'NONE',  ( 0.0000000000000000000, 0.0000000000000000000, 1.000000000000000000 ) ) ;
ENDSEC;
END-ISO-10303-21;
