ISO-10303-21;
HEADER;
FILE_DESCRIPTION(('FreeCAD Model'),'2;1');
FILE_NAME('Open CASCADE Shape Model','2025-09-16T00:54:47',(''),(''),
  'Open CASCADE STEP processor 7.8','FreeCAD','Unknown');
FILE_SCHEMA(('AUTOMOTIVE_DESIGN { 1 0 10303 214 1 1 1 1 }'));
ENDSEC;
DATA;
#1 = APPLICATION_PROTOCOL_DEFINITION('international standard',
  'automotive_design',2000,#2);
#2 = APPLICATION_CONTEXT(
  'core data for automotive mechanical design processes');
#3 = SHAPE_DEFINITION_REPRESENTATION(#4,#10);
#4 = PRODUCT_DEFINITION_SHAPE('','',#5);
#5 = PRODUCT_DEFINITION('design','',#6,#9);
#6 = PRODUCT_DEFINITION_FORMATION('','',#7);
#7 = PRODUCT('QFN_standard','QFN_standard','',(#8));
#8 = PRODUCT_CONTEXT('',#2,'mechanical');
#9 = PRODUCT_DEFINITION_CONTEXT('part definition',#2,'design');
#10 = SHAPE_REPRESENTATION('',(#11,#15,#19,#23,#27,#31,#35,#39,#43,#47,
    #51,#55,#59,#63,#67,#71),#75);
#11 = AXIS2_PLACEMENT_3D('',#12,#13,#14);
#12 = CARTESIAN_POINT('',(0.,0.,0.));
#13 = DIRECTION('',(0.,0.,1.));
#14 = DIRECTION('',(1.,0.,-0.));
#15 = AXIS2_PLACEMENT_3D('',#16,#17,#18);
#16 = CARTESIAN_POINT('',(0.,0.,0.));
#17 = DIRECTION('',(0.,0.,1.));
#18 = DIRECTION('',(1.,0.,0.));
#19 = AXIS2_PLACEMENT_3D('',#20,#21,#22);
#20 = CARTESIAN_POINT('',(0.,0.,0.));
#21 = DIRECTION('',(0.,0.,1.));
#22 = DIRECTION('',(1.,0.,0.));
#23 = AXIS2_PLACEMENT_3D('',#24,#25,#26);
#24 = CARTESIAN_POINT('',(0.,0.,0.));
#25 = DIRECTION('',(0.,0.,1.));
#26 = DIRECTION('',(1.,0.,0.));
#27 = AXIS2_PLACEMENT_3D('',#28,#29,#30);
#28 = CARTESIAN_POINT('',(-0.5,0.,0.));
#29 = DIRECTION('',(0.,0.,1.));
#30 = DIRECTION('',(1.,0.,0.));
#31 = AXIS2_PLACEMENT_3D('',#32,#33,#34);
#32 = CARTESIAN_POINT('',(-1.,0.,0.));
#33 = DIRECTION('',(0.,0.,1.));
#34 = DIRECTION('',(1.,0.,0.));
#35 = AXIS2_PLACEMENT_3D('',#36,#37,#38);
#36 = CARTESIAN_POINT('',(-0.5,0.,0.));
#37 = DIRECTION('',(0.,0.,1.));
#38 = DIRECTION('',(1.,0.,0.));
#39 = AXIS2_PLACEMENT_3D('',#40,#41,#42);
#40 = CARTESIAN_POINT('',(-1.,0.,0.));
#41 = DIRECTION('',(0.,0.,1.));
#42 = DIRECTION('',(1.,0.,0.));
#43 = AXIS2_PLACEMENT_3D('',#44,#45,#46);
#44 = CARTESIAN_POINT('',(0.,0.,0.));
#45 = DIRECTION('',(0.,0.,1.));
#46 = DIRECTION('',(1.,0.,0.));
#47 = AXIS2_PLACEMENT_3D('',#48,#49,#50);
#48 = CARTESIAN_POINT('',(0.,0.,0.));
#49 = DIRECTION('',(0.,0.,1.));
#50 = DIRECTION('',(1.,0.,0.));
#51 = AXIS2_PLACEMENT_3D('',#52,#53,#54);
#52 = CARTESIAN_POINT('',(0.,0.,-0.5));
#53 = DIRECTION('',(0.,0.,1.));
#54 = DIRECTION('',(1.,0.,0.));
#55 = AXIS2_PLACEMENT_3D('',#56,#57,#58);
#56 = CARTESIAN_POINT('',(0.,0.,-1.));
#57 = DIRECTION('',(0.,0.,1.));
#58 = DIRECTION('',(1.,0.,0.));
#59 = AXIS2_PLACEMENT_3D('',#60,#61,#62);
#60 = CARTESIAN_POINT('',(0.,0.,-0.5));
#61 = DIRECTION('',(0.,0.,1.));
#62 = DIRECTION('',(1.,0.,0.));
#63 = AXIS2_PLACEMENT_3D('',#64,#65,#66);
#64 = CARTESIAN_POINT('',(0.,0.,-1.));
#65 = DIRECTION('',(0.,0.,1.));
#66 = DIRECTION('',(1.,0.,0.));
#67 = AXIS2_PLACEMENT_3D('',#68,#69,#70);
#68 = CARTESIAN_POINT('',(0.,0.,0.));
#69 = DIRECTION('',(0.,0.,1.));
#70 = DIRECTION('',(1.,0.,0.));
#71 = AXIS2_PLACEMENT_3D('',#72,#73,#74);
#72 = CARTESIAN_POINT('',(0.,0.,0.));
#73 = DIRECTION('',(0.,0.,1.));
#74 = DIRECTION('',(1.,0.,0.));
#75 = ( GEOMETRIC_REPRESENTATION_CONTEXT(3) 
GLOBAL_UNCERTAINTY_ASSIGNED_CONTEXT((#79)) GLOBAL_UNIT_ASSIGNED_CONTEXT(
(#76,#77,#78)) REPRESENTATION_CONTEXT('Context #1',
  '3D Context with UNIT and UNCERTAINTY') );
#76 = ( LENGTH_UNIT() NAMED_UNIT(*) SI_UNIT(.MILLI.,.METRE.) );
#77 = ( NAMED_UNIT(*) PLANE_ANGLE_UNIT() SI_UNIT($,.RADIAN.) );
#78 = ( NAMED_UNIT(*) SI_UNIT($,.STERADIAN.) SOLID_ANGLE_UNIT() );
#79 = UNCERTAINTY_MEASURE_WITH_UNIT(LENGTH_MEASURE(5.E-07),#76,
  'distance_accuracy_value','confusion accuracy');
#80 = PRODUCT_RELATED_PRODUCT_CATEGORY('part',$,(#7));
#81 = SHAPE_DEFINITION_REPRESENTATION(#82,#88);
#82 = PRODUCT_DEFINITION_SHAPE('','',#83);
#83 = PRODUCT_DEFINITION('design','',#84,#87);
#84 = PRODUCT_DEFINITION_FORMATION('','',#85);
#85 = PRODUCT('Body_Solid1','Body_Solid1','',(#86));
#86 = PRODUCT_CONTEXT('',#2,'mechanical');
#87 = PRODUCT_DEFINITION_CONTEXT('part definition',#2,'design');
#88 = ADVANCED_BREP_SHAPE_REPRESENTATION('',(#11,#89),#1892);
#89 = MANIFOLD_SOLID_BREP('',#90);
#90 = CLOSED_SHELL('',(#91,#227,#627,#651,#676,#693,#717,#742,#759,#783,
    #808,#825,#918,#953,#1039,#1051,#1063,#1075,#1099,#1124,#1141,#1165,
    #1190,#1207,#1231,#1256,#1273,#1354,#1378,#1403,#1420,#1444,#1469,
    #1486,#1510,#1535,#1552,#1576,#1601,#1618,#1642,#1667,#1684,#1708,
    #1733,#1750,#1762,#1774,#1786,#1811,#1823,#1835,#1847,#1859,#1871,
    #1883));
#91 = ADVANCED_FACE('',(#92),#222,.T.);
#92 = FACE_BOUND('',#93,.T.);
#93 = EDGE_LOOP('',(#94,#104,#112,#120,#128,#136,#144,#152,#160,#168,
    #176,#184,#192,#200,#208,#216));
#94 = ORIENTED_EDGE('',*,*,#95,.F.);
#95 = EDGE_CURVE('',#96,#98,#100,.T.);
#96 = VERTEX_POINT('',#97);
#97 = CARTESIAN_POINT('',(1.5,5.E-02,-1.5));
#98 = VERTEX_POINT('',#99);
#99 = CARTESIAN_POINT('',(1.5,5.E-02,-0.63));
#100 = LINE('',#101,#102);
#101 = CARTESIAN_POINT('',(1.5,5.E-02,-1.5));
#102 = VECTOR('',#103,1.);
#103 = DIRECTION('',(0.,2.22044604925E-16,1.));
#104 = ORIENTED_EDGE('',*,*,#105,.T.);
#105 = EDGE_CURVE('',#96,#106,#108,.T.);
#106 = VERTEX_POINT('',#107);
#107 = CARTESIAN_POINT('',(1.5,1.,-1.5));
#108 = LINE('',#109,#110);
#109 = CARTESIAN_POINT('',(1.5,-3.330669073875E-16,-1.5));
#110 = VECTOR('',#111,1.);
#111 = DIRECTION('',(0.,1.,-2.22044604925E-16));
#112 = ORIENTED_EDGE('',*,*,#113,.T.);
#113 = EDGE_CURVE('',#106,#114,#116,.T.);
#114 = VERTEX_POINT('',#115);
#115 = CARTESIAN_POINT('',(1.5,1.,1.5));
#116 = LINE('',#117,#118);
#117 = CARTESIAN_POINT('',(1.5,1.,-1.5));
#118 = VECTOR('',#119,1.);
#119 = DIRECTION('',(0.,2.22044604925E-16,1.));
#120 = ORIENTED_EDGE('',*,*,#121,.F.);
#121 = EDGE_CURVE('',#122,#114,#124,.T.);
#122 = VERTEX_POINT('',#123);
#123 = CARTESIAN_POINT('',(1.5,5.E-02,1.5));
#124 = LINE('',#125,#126);
#125 = CARTESIAN_POINT('',(1.5,3.330669073875E-16,1.5));
#126 = VECTOR('',#127,1.);
#127 = DIRECTION('',(0.,1.,-2.22044604925E-16));
#128 = ORIENTED_EDGE('',*,*,#129,.F.);
#129 = EDGE_CURVE('',#130,#122,#132,.T.);
#130 = VERTEX_POINT('',#131);
#131 = CARTESIAN_POINT('',(1.5,5.E-02,0.63));
#132 = LINE('',#133,#134);
#133 = CARTESIAN_POINT('',(1.5,5.E-02,-1.5));
#134 = VECTOR('',#135,1.);
#135 = DIRECTION('',(0.,2.22044604925E-16,1.));
#136 = ORIENTED_EDGE('',*,*,#137,.T.);
#137 = EDGE_CURVE('',#130,#138,#140,.T.);
#138 = VERTEX_POINT('',#139);
#139 = CARTESIAN_POINT('',(1.5,0.2,0.63));
#140 = LINE('',#141,#142);
#141 = CARTESIAN_POINT('',(1.5,0.,0.63));
#142 = VECTOR('',#143,1.);
#143 = DIRECTION('',(0.,1.,-2.22044604925E-16));
#144 = ORIENTED_EDGE('',*,*,#145,.T.);
#145 = EDGE_CURVE('',#138,#146,#148,.T.);
#146 = VERTEX_POINT('',#147);
#147 = CARTESIAN_POINT('',(1.5,0.2,0.37));
#148 = LINE('',#149,#150);
#149 = CARTESIAN_POINT('',(1.5,0.2,0.63));
#150 = VECTOR('',#151,1.);
#151 = DIRECTION('',(0.,-2.22044604925E-16,-1.));
#152 = ORIENTED_EDGE('',*,*,#153,.F.);
#153 = EDGE_CURVE('',#154,#146,#156,.T.);
#154 = VERTEX_POINT('',#155);
#155 = CARTESIAN_POINT('',(1.5,5.E-02,0.37));
#156 = LINE('',#157,#158);
#157 = CARTESIAN_POINT('',(1.5,0.,0.37));
#158 = VECTOR('',#159,1.);
#159 = DIRECTION('',(0.,1.,-2.22044604925E-16));
#160 = ORIENTED_EDGE('',*,*,#161,.F.);
#161 = EDGE_CURVE('',#162,#154,#164,.T.);
#162 = VERTEX_POINT('',#163);
#163 = CARTESIAN_POINT('',(1.5,5.E-02,0.13));
#164 = LINE('',#165,#166);
#165 = CARTESIAN_POINT('',(1.5,5.E-02,-1.5));
#166 = VECTOR('',#167,1.);
#167 = DIRECTION('',(0.,2.22044604925E-16,1.));
#168 = ORIENTED_EDGE('',*,*,#169,.T.);
#169 = EDGE_CURVE('',#162,#170,#172,.T.);
#170 = VERTEX_POINT('',#171);
#171 = CARTESIAN_POINT('',(1.5,0.2,0.13));
#172 = LINE('',#173,#174);
#173 = CARTESIAN_POINT('',(1.5,0.,0.13));
#174 = VECTOR('',#175,1.);
#175 = DIRECTION('',(0.,1.,-2.22044604925E-16));
#176 = ORIENTED_EDGE('',*,*,#177,.T.);
#177 = EDGE_CURVE('',#170,#178,#180,.T.);
#178 = VERTEX_POINT('',#179);
#179 = CARTESIAN_POINT('',(1.5,0.2,-0.13));
#180 = LINE('',#181,#182);
#181 = CARTESIAN_POINT('',(1.5,0.2,0.13));
#182 = VECTOR('',#183,1.);
#183 = DIRECTION('',(0.,-2.22044604925E-16,-1.));
#184 = ORIENTED_EDGE('',*,*,#185,.F.);
#185 = EDGE_CURVE('',#186,#178,#188,.T.);
#186 = VERTEX_POINT('',#187);
#187 = CARTESIAN_POINT('',(1.5,5.E-02,-0.13));
#188 = LINE('',#189,#190);
#189 = CARTESIAN_POINT('',(1.5,-1.110223024625E-16,-0.13));
#190 = VECTOR('',#191,1.);
#191 = DIRECTION('',(0.,1.,-2.22044604925E-16));
#192 = ORIENTED_EDGE('',*,*,#193,.F.);
#193 = EDGE_CURVE('',#194,#186,#196,.T.);
#194 = VERTEX_POINT('',#195);
#195 = CARTESIAN_POINT('',(1.5,5.E-02,-0.37));
#196 = LINE('',#197,#198);
#197 = CARTESIAN_POINT('',(1.5,5.E-02,-1.5));
#198 = VECTOR('',#199,1.);
#199 = DIRECTION('',(0.,2.22044604925E-16,1.));
#200 = ORIENTED_EDGE('',*,*,#201,.T.);
#201 = EDGE_CURVE('',#194,#202,#204,.T.);
#202 = VERTEX_POINT('',#203);
#203 = CARTESIAN_POINT('',(1.5,0.2,-0.37));
#204 = LINE('',#205,#206);
#205 = CARTESIAN_POINT('',(1.5,-8.215650382226E-17,-0.37));
#206 = VECTOR('',#207,1.);
#207 = DIRECTION('',(0.,1.,-2.22044604925E-16));
#208 = ORIENTED_EDGE('',*,*,#209,.T.);
#209 = EDGE_CURVE('',#202,#210,#212,.T.);
#210 = VERTEX_POINT('',#211);
#211 = CARTESIAN_POINT('',(1.5,0.2,-0.63));
#212 = LINE('',#213,#214);
#213 = CARTESIAN_POINT('',(1.5,0.2,-0.37));
#214 = VECTOR('',#215,1.);
#215 = DIRECTION('',(0.,-2.22044604925E-16,-1.));
#216 = ORIENTED_EDGE('',*,*,#217,.F.);
#217 = EDGE_CURVE('',#98,#210,#218,.T.);
#218 = LINE('',#219,#220);
#219 = CARTESIAN_POINT('',(1.5,-1.398881011028E-16,-0.63));
#220 = VECTOR('',#221,1.);
#221 = DIRECTION('',(0.,1.,-2.22044604925E-16));
#222 = PLANE('',#223);
#223 = AXIS2_PLACEMENT_3D('',#224,#225,#226);
#224 = CARTESIAN_POINT('',(1.5,-3.330669073875E-16,-1.5));
#225 = DIRECTION('',(1.,0.,0.));
#226 = DIRECTION('',(0.,2.22044604925E-16,1.));
#227 = ADVANCED_FACE('',(#228),#622,.F.);
#228 = FACE_BOUND('',#229,.F.);
#229 = EDGE_LOOP('',(#230,#231,#239,#247,#256,#264,#272,#280,#289,#297,
    #305,#313,#322,#330,#338,#346,#354,#363,#371,#379,#387,#396,#404,
    #412,#420,#429,#437,#445,#453,#461,#470,#478,#486,#494,#503,#511,
    #519,#527,#536,#544,#550,#551,#559,#568,#574,#575,#583,#592,#598,
    #599,#607,#616));
#230 = ORIENTED_EDGE('',*,*,#95,.F.);
#231 = ORIENTED_EDGE('',*,*,#232,.F.);
#232 = EDGE_CURVE('',#233,#96,#235,.T.);
#233 = VERTEX_POINT('',#234);
#234 = CARTESIAN_POINT('',(0.63,5.E-02,-1.5));
#235 = LINE('',#236,#237);
#236 = CARTESIAN_POINT('',(-1.5,5.E-02,-1.5));
#237 = VECTOR('',#238,1.);
#238 = DIRECTION('',(1.,0.,0.));
#239 = ORIENTED_EDGE('',*,*,#240,.F.);
#240 = EDGE_CURVE('',#241,#233,#243,.T.);
#241 = VERTEX_POINT('',#242);
#242 = CARTESIAN_POINT('',(0.63,5.E-02,-0.995));
#243 = LINE('',#244,#245);
#244 = CARTESIAN_POINT('',(0.63,5.E-02,-0.75));
#245 = VECTOR('',#246,1.);
#246 = DIRECTION('',(0.,0.,-1.));
#247 = ORIENTED_EDGE('',*,*,#248,.T.);
#248 = EDGE_CURVE('',#241,#249,#251,.T.);
#249 = VERTEX_POINT('',#250);
#250 = CARTESIAN_POINT('',(0.37,5.E-02,-0.995));
#251 = CIRCLE('',#252,0.13);
#252 = AXIS2_PLACEMENT_3D('',#253,#254,#255);
#253 = CARTESIAN_POINT('',(0.5,5.E-02,-0.995));
#254 = DIRECTION('',(0.,-1.,2.22044604925E-16));
#255 = DIRECTION('',(1.,0.,0.));
#256 = ORIENTED_EDGE('',*,*,#257,.F.);
#257 = EDGE_CURVE('',#258,#249,#260,.T.);
#258 = VERTEX_POINT('',#259);
#259 = CARTESIAN_POINT('',(0.37,5.E-02,-1.5));
#260 = LINE('',#261,#262);
#261 = CARTESIAN_POINT('',(0.37,5.E-02,-0.4975));
#262 = VECTOR('',#263,1.);
#263 = DIRECTION('',(0.,0.,1.));
#264 = ORIENTED_EDGE('',*,*,#265,.F.);
#265 = EDGE_CURVE('',#266,#258,#268,.T.);
#266 = VERTEX_POINT('',#267);
#267 = CARTESIAN_POINT('',(0.13,5.E-02,-1.5));
#268 = LINE('',#269,#270);
#269 = CARTESIAN_POINT('',(-1.5,5.E-02,-1.5));
#270 = VECTOR('',#271,1.);
#271 = DIRECTION('',(1.,0.,0.));
#272 = ORIENTED_EDGE('',*,*,#273,.F.);
#273 = EDGE_CURVE('',#274,#266,#276,.T.);
#274 = VERTEX_POINT('',#275);
#275 = CARTESIAN_POINT('',(0.13,5.E-02,-0.995));
#276 = LINE('',#277,#278);
#277 = CARTESIAN_POINT('',(0.13,5.E-02,-0.75));
#278 = VECTOR('',#279,1.);
#279 = DIRECTION('',(0.,0.,-1.));
#280 = ORIENTED_EDGE('',*,*,#281,.T.);
#281 = EDGE_CURVE('',#274,#282,#284,.T.);
#282 = VERTEX_POINT('',#283);
#283 = CARTESIAN_POINT('',(-0.13,5.E-02,-0.995));
#284 = CIRCLE('',#285,0.13);
#285 = AXIS2_PLACEMENT_3D('',#286,#287,#288);
#286 = CARTESIAN_POINT('',(0.,5.E-02,-0.995));
#287 = DIRECTION('',(0.,-1.,2.22044604925E-16));
#288 = DIRECTION('',(1.,0.,0.));
#289 = ORIENTED_EDGE('',*,*,#290,.F.);
#290 = EDGE_CURVE('',#291,#282,#293,.T.);
#291 = VERTEX_POINT('',#292);
#292 = CARTESIAN_POINT('',(-0.13,5.E-02,-1.5));
#293 = LINE('',#294,#295);
#294 = CARTESIAN_POINT('',(-0.13,5.E-02,-0.4975));
#295 = VECTOR('',#296,1.);
#296 = DIRECTION('',(0.,0.,1.));
#297 = ORIENTED_EDGE('',*,*,#298,.F.);
#298 = EDGE_CURVE('',#299,#291,#301,.T.);
#299 = VERTEX_POINT('',#300);
#300 = CARTESIAN_POINT('',(-0.37,5.E-02,-1.5));
#301 = LINE('',#302,#303);
#302 = CARTESIAN_POINT('',(-1.5,5.E-02,-1.5));
#303 = VECTOR('',#304,1.);
#304 = DIRECTION('',(1.,0.,0.));
#305 = ORIENTED_EDGE('',*,*,#306,.F.);
#306 = EDGE_CURVE('',#307,#299,#309,.T.);
#307 = VERTEX_POINT('',#308);
#308 = CARTESIAN_POINT('',(-0.37,5.E-02,-0.995));
#309 = LINE('',#310,#311);
#310 = CARTESIAN_POINT('',(-0.37,5.E-02,-0.75));
#311 = VECTOR('',#312,1.);
#312 = DIRECTION('',(0.,0.,-1.));
#313 = ORIENTED_EDGE('',*,*,#314,.T.);
#314 = EDGE_CURVE('',#307,#315,#317,.T.);
#315 = VERTEX_POINT('',#316);
#316 = CARTESIAN_POINT('',(-0.63,5.E-02,-0.995));
#317 = CIRCLE('',#318,0.13);
#318 = AXIS2_PLACEMENT_3D('',#319,#320,#321);
#319 = CARTESIAN_POINT('',(-0.5,5.E-02,-0.995));
#320 = DIRECTION('',(0.,-1.,2.22044604925E-16));
#321 = DIRECTION('',(1.,0.,0.));
#322 = ORIENTED_EDGE('',*,*,#323,.F.);
#323 = EDGE_CURVE('',#324,#315,#326,.T.);
#324 = VERTEX_POINT('',#325);
#325 = CARTESIAN_POINT('',(-0.63,5.E-02,-1.5));
#326 = LINE('',#327,#328);
#327 = CARTESIAN_POINT('',(-0.63,5.E-02,-0.4975));
#328 = VECTOR('',#329,1.);
#329 = DIRECTION('',(0.,0.,1.));
#330 = ORIENTED_EDGE('',*,*,#331,.F.);
#331 = EDGE_CURVE('',#332,#324,#334,.T.);
#332 = VERTEX_POINT('',#333);
#333 = CARTESIAN_POINT('',(-1.5,5.E-02,-1.5));
#334 = LINE('',#335,#336);
#335 = CARTESIAN_POINT('',(-1.5,5.E-02,-1.5));
#336 = VECTOR('',#337,1.);
#337 = DIRECTION('',(1.,0.,0.));
#338 = ORIENTED_EDGE('',*,*,#339,.F.);
#339 = EDGE_CURVE('',#340,#332,#342,.T.);
#340 = VERTEX_POINT('',#341);
#341 = CARTESIAN_POINT('',(-1.5,5.E-02,-0.63));
#342 = LINE('',#343,#344);
#343 = CARTESIAN_POINT('',(-1.5,5.E-02,1.5));
#344 = VECTOR('',#345,1.);
#345 = DIRECTION('',(0.,-2.22044604925E-16,-1.));
#346 = ORIENTED_EDGE('',*,*,#347,.T.);
#347 = EDGE_CURVE('',#340,#348,#350,.T.);
#348 = VERTEX_POINT('',#349);
#349 = CARTESIAN_POINT('',(-0.995,5.E-02,-0.63));
#350 = LINE('',#351,#352);
#351 = CARTESIAN_POINT('',(-0.4975,5.E-02,-0.63));
#352 = VECTOR('',#353,1.);
#353 = DIRECTION('',(1.,0.,0.));
#354 = ORIENTED_EDGE('',*,*,#355,.T.);
#355 = EDGE_CURVE('',#348,#356,#358,.T.);
#356 = VERTEX_POINT('',#357);
#357 = CARTESIAN_POINT('',(-0.995,5.E-02,-0.37));
#358 = CIRCLE('',#359,0.13);
#359 = AXIS2_PLACEMENT_3D('',#360,#361,#362);
#360 = CARTESIAN_POINT('',(-0.995,5.E-02,-0.5));
#361 = DIRECTION('',(0.,-1.,2.22044604925E-16));
#362 = DIRECTION('',(1.,0.,0.));
#363 = ORIENTED_EDGE('',*,*,#364,.T.);
#364 = EDGE_CURVE('',#356,#365,#367,.T.);
#365 = VERTEX_POINT('',#366);
#366 = CARTESIAN_POINT('',(-1.5,5.E-02,-0.37));
#367 = LINE('',#368,#369);
#368 = CARTESIAN_POINT('',(-0.75,5.E-02,-0.37));
#369 = VECTOR('',#370,1.);
#370 = DIRECTION('',(-1.,0.,0.));
#371 = ORIENTED_EDGE('',*,*,#372,.F.);
#372 = EDGE_CURVE('',#373,#365,#375,.T.);
#373 = VERTEX_POINT('',#374);
#374 = CARTESIAN_POINT('',(-1.5,5.E-02,-0.13));
#375 = LINE('',#376,#377);
#376 = CARTESIAN_POINT('',(-1.5,5.E-02,1.5));
#377 = VECTOR('',#378,1.);
#378 = DIRECTION('',(0.,-2.22044604925E-16,-1.));
#379 = ORIENTED_EDGE('',*,*,#380,.T.);
#380 = EDGE_CURVE('',#373,#381,#383,.T.);
#381 = VERTEX_POINT('',#382);
#382 = CARTESIAN_POINT('',(-0.995,5.E-02,-0.13));
#383 = LINE('',#384,#385);
#384 = CARTESIAN_POINT('',(-0.4975,5.E-02,-0.13));
#385 = VECTOR('',#386,1.);
#386 = DIRECTION('',(1.,0.,0.));
#387 = ORIENTED_EDGE('',*,*,#388,.T.);
#388 = EDGE_CURVE('',#381,#389,#391,.T.);
#389 = VERTEX_POINT('',#390);
#390 = CARTESIAN_POINT('',(-0.995,5.E-02,0.13));
#391 = CIRCLE('',#392,0.13);
#392 = AXIS2_PLACEMENT_3D('',#393,#394,#395);
#393 = CARTESIAN_POINT('',(-0.995,5.E-02,-1.110223024625E-17));
#394 = DIRECTION('',(0.,-1.,2.22044604925E-16));
#395 = DIRECTION('',(1.,0.,0.));
#396 = ORIENTED_EDGE('',*,*,#397,.T.);
#397 = EDGE_CURVE('',#389,#398,#400,.T.);
#398 = VERTEX_POINT('',#399);
#399 = CARTESIAN_POINT('',(-1.5,5.E-02,0.13));
#400 = LINE('',#401,#402);
#401 = CARTESIAN_POINT('',(-0.75,5.E-02,0.13));
#402 = VECTOR('',#403,1.);
#403 = DIRECTION('',(-1.,0.,0.));
#404 = ORIENTED_EDGE('',*,*,#405,.F.);
#405 = EDGE_CURVE('',#406,#398,#408,.T.);
#406 = VERTEX_POINT('',#407);
#407 = CARTESIAN_POINT('',(-1.5,5.E-02,0.37));
#408 = LINE('',#409,#410);
#409 = CARTESIAN_POINT('',(-1.5,5.E-02,1.5));
#410 = VECTOR('',#411,1.);
#411 = DIRECTION('',(0.,-2.22044604925E-16,-1.));
#412 = ORIENTED_EDGE('',*,*,#413,.T.);
#413 = EDGE_CURVE('',#406,#414,#416,.T.);
#414 = VERTEX_POINT('',#415);
#415 = CARTESIAN_POINT('',(-0.995,5.E-02,0.37));
#416 = LINE('',#417,#418);
#417 = CARTESIAN_POINT('',(-0.4975,5.E-02,0.37));
#418 = VECTOR('',#419,1.);
#419 = DIRECTION('',(1.,0.,0.));
#420 = ORIENTED_EDGE('',*,*,#421,.T.);
#421 = EDGE_CURVE('',#414,#422,#424,.T.);
#422 = VERTEX_POINT('',#423);
#423 = CARTESIAN_POINT('',(-0.995,5.E-02,0.63));
#424 = CIRCLE('',#425,0.13);
#425 = AXIS2_PLACEMENT_3D('',#426,#427,#428);
#426 = CARTESIAN_POINT('',(-0.995,5.E-02,0.5));
#427 = DIRECTION('',(0.,-1.,2.22044604925E-16));
#428 = DIRECTION('',(1.,0.,0.));
#429 = ORIENTED_EDGE('',*,*,#430,.T.);
#430 = EDGE_CURVE('',#422,#431,#433,.T.);
#431 = VERTEX_POINT('',#432);
#432 = CARTESIAN_POINT('',(-1.5,5.E-02,0.63));
#433 = LINE('',#434,#435);
#434 = CARTESIAN_POINT('',(-0.75,5.E-02,0.63));
#435 = VECTOR('',#436,1.);
#436 = DIRECTION('',(-1.,0.,0.));
#437 = ORIENTED_EDGE('',*,*,#438,.F.);
#438 = EDGE_CURVE('',#439,#431,#441,.T.);
#439 = VERTEX_POINT('',#440);
#440 = CARTESIAN_POINT('',(-1.5,5.E-02,1.5));
#441 = LINE('',#442,#443);
#442 = CARTESIAN_POINT('',(-1.5,5.E-02,1.5));
#443 = VECTOR('',#444,1.);
#444 = DIRECTION('',(0.,-2.22044604925E-16,-1.));
#445 = ORIENTED_EDGE('',*,*,#446,.F.);
#446 = EDGE_CURVE('',#447,#439,#449,.T.);
#447 = VERTEX_POINT('',#448);
#448 = CARTESIAN_POINT('',(-0.63,5.E-02,1.5));
#449 = LINE('',#450,#451);
#450 = CARTESIAN_POINT('',(1.5,5.E-02,1.5));
#451 = VECTOR('',#452,1.);
#452 = DIRECTION('',(-1.,0.,0.));
#453 = ORIENTED_EDGE('',*,*,#454,.T.);
#454 = EDGE_CURVE('',#447,#455,#457,.T.);
#455 = VERTEX_POINT('',#456);
#456 = CARTESIAN_POINT('',(-0.63,5.E-02,0.995));
#457 = LINE('',#458,#459);
#458 = CARTESIAN_POINT('',(-0.63,5.E-02,0.4975));
#459 = VECTOR('',#460,1.);
#460 = DIRECTION('',(0.,0.,-1.));
#461 = ORIENTED_EDGE('',*,*,#462,.T.);
#462 = EDGE_CURVE('',#455,#463,#465,.T.);
#463 = VERTEX_POINT('',#464);
#464 = CARTESIAN_POINT('',(-0.37,5.E-02,0.995));
#465 = CIRCLE('',#466,0.13);
#466 = AXIS2_PLACEMENT_3D('',#467,#468,#469);
#467 = CARTESIAN_POINT('',(-0.5,5.E-02,0.995));
#468 = DIRECTION('',(0.,-1.,2.22044604925E-16));
#469 = DIRECTION('',(1.,0.,0.));
#470 = ORIENTED_EDGE('',*,*,#471,.T.);
#471 = EDGE_CURVE('',#463,#472,#474,.T.);
#472 = VERTEX_POINT('',#473);
#473 = CARTESIAN_POINT('',(-0.37,5.E-02,1.5));
#474 = LINE('',#475,#476);
#475 = CARTESIAN_POINT('',(-0.37,5.E-02,0.75));
#476 = VECTOR('',#477,1.);
#477 = DIRECTION('',(0.,0.,1.));
#478 = ORIENTED_EDGE('',*,*,#479,.F.);
#479 = EDGE_CURVE('',#480,#472,#482,.T.);
#480 = VERTEX_POINT('',#481);
#481 = CARTESIAN_POINT('',(-0.13,5.E-02,1.5));
#482 = LINE('',#483,#484);
#483 = CARTESIAN_POINT('',(1.5,5.E-02,1.5));
#484 = VECTOR('',#485,1.);
#485 = DIRECTION('',(-1.,0.,0.));
#486 = ORIENTED_EDGE('',*,*,#487,.T.);
#487 = EDGE_CURVE('',#480,#488,#490,.T.);
#488 = VERTEX_POINT('',#489);
#489 = CARTESIAN_POINT('',(-0.13,5.E-02,0.995));
#490 = LINE('',#491,#492);
#491 = CARTESIAN_POINT('',(-0.13,5.E-02,0.4975));
#492 = VECTOR('',#493,1.);
#493 = DIRECTION('',(0.,0.,-1.));
#494 = ORIENTED_EDGE('',*,*,#495,.T.);
#495 = EDGE_CURVE('',#488,#496,#498,.T.);
#496 = VERTEX_POINT('',#497);
#497 = CARTESIAN_POINT('',(0.13,5.E-02,0.995));
#498 = CIRCLE('',#499,0.13);
#499 = AXIS2_PLACEMENT_3D('',#500,#501,#502);
#500 = CARTESIAN_POINT('',(0.,5.E-02,0.995));
#501 = DIRECTION('',(0.,-1.,2.22044604925E-16));
#502 = DIRECTION('',(1.,0.,0.));
#503 = ORIENTED_EDGE('',*,*,#504,.T.);
#504 = EDGE_CURVE('',#496,#505,#507,.T.);
#505 = VERTEX_POINT('',#506);
#506 = CARTESIAN_POINT('',(0.13,5.E-02,1.5));
#507 = LINE('',#508,#509);
#508 = CARTESIAN_POINT('',(0.13,5.E-02,0.75));
#509 = VECTOR('',#510,1.);
#510 = DIRECTION('',(0.,0.,1.));
#511 = ORIENTED_EDGE('',*,*,#512,.F.);
#512 = EDGE_CURVE('',#513,#505,#515,.T.);
#513 = VERTEX_POINT('',#514);
#514 = CARTESIAN_POINT('',(0.37,5.E-02,1.5));
#515 = LINE('',#516,#517);
#516 = CARTESIAN_POINT('',(1.5,5.E-02,1.5));
#517 = VECTOR('',#518,1.);
#518 = DIRECTION('',(-1.,0.,0.));
#519 = ORIENTED_EDGE('',*,*,#520,.T.);
#520 = EDGE_CURVE('',#513,#521,#523,.T.);
#521 = VERTEX_POINT('',#522);
#522 = CARTESIAN_POINT('',(0.37,5.E-02,0.995));
#523 = LINE('',#524,#525);
#524 = CARTESIAN_POINT('',(0.37,5.E-02,0.4975));
#525 = VECTOR('',#526,1.);
#526 = DIRECTION('',(0.,0.,-1.));
#527 = ORIENTED_EDGE('',*,*,#528,.T.);
#528 = EDGE_CURVE('',#521,#529,#531,.T.);
#529 = VERTEX_POINT('',#530);
#530 = CARTESIAN_POINT('',(0.63,5.E-02,0.995));
#531 = CIRCLE('',#532,0.13);
#532 = AXIS2_PLACEMENT_3D('',#533,#534,#535);
#533 = CARTESIAN_POINT('',(0.5,5.E-02,0.995));
#534 = DIRECTION('',(0.,-1.,2.22044604925E-16));
#535 = DIRECTION('',(1.,0.,0.));
#536 = ORIENTED_EDGE('',*,*,#537,.T.);
#537 = EDGE_CURVE('',#529,#538,#540,.T.);
#538 = VERTEX_POINT('',#539);
#539 = CARTESIAN_POINT('',(0.63,5.E-02,1.5));
#540 = LINE('',#541,#542);
#541 = CARTESIAN_POINT('',(0.63,5.E-02,0.75));
#542 = VECTOR('',#543,1.);
#543 = DIRECTION('',(0.,0.,1.));
#544 = ORIENTED_EDGE('',*,*,#545,.F.);
#545 = EDGE_CURVE('',#122,#538,#546,.T.);
#546 = LINE('',#547,#548);
#547 = CARTESIAN_POINT('',(1.5,5.E-02,1.5));
#548 = VECTOR('',#549,1.);
#549 = DIRECTION('',(-1.,0.,0.));
#550 = ORIENTED_EDGE('',*,*,#129,.F.);
#551 = ORIENTED_EDGE('',*,*,#552,.T.);
#552 = EDGE_CURVE('',#130,#553,#555,.T.);
#553 = VERTEX_POINT('',#554);
#554 = CARTESIAN_POINT('',(0.995,5.E-02,0.63));
#555 = LINE('',#556,#557);
#556 = CARTESIAN_POINT('',(0.4975,5.E-02,0.63));
#557 = VECTOR('',#558,1.);
#558 = DIRECTION('',(-1.,0.,0.));
#559 = ORIENTED_EDGE('',*,*,#560,.T.);
#560 = EDGE_CURVE('',#553,#561,#563,.T.);
#561 = VERTEX_POINT('',#562);
#562 = CARTESIAN_POINT('',(0.995,5.E-02,0.37));
#563 = CIRCLE('',#564,0.13);
#564 = AXIS2_PLACEMENT_3D('',#565,#566,#567);
#565 = CARTESIAN_POINT('',(0.995,5.E-02,0.5));
#566 = DIRECTION('',(0.,-1.,2.22044604925E-16));
#567 = DIRECTION('',(1.,0.,0.));
#568 = ORIENTED_EDGE('',*,*,#569,.T.);
#569 = EDGE_CURVE('',#561,#154,#570,.T.);
#570 = LINE('',#571,#572);
#571 = CARTESIAN_POINT('',(0.75,5.E-02,0.37));
#572 = VECTOR('',#573,1.);
#573 = DIRECTION('',(1.,0.,0.));
#574 = ORIENTED_EDGE('',*,*,#161,.F.);
#575 = ORIENTED_EDGE('',*,*,#576,.T.);
#576 = EDGE_CURVE('',#162,#577,#579,.T.);
#577 = VERTEX_POINT('',#578);
#578 = CARTESIAN_POINT('',(0.995,5.E-02,0.13));
#579 = LINE('',#580,#581);
#580 = CARTESIAN_POINT('',(0.4975,5.E-02,0.13));
#581 = VECTOR('',#582,1.);
#582 = DIRECTION('',(-1.,0.,0.));
#583 = ORIENTED_EDGE('',*,*,#584,.T.);
#584 = EDGE_CURVE('',#577,#585,#587,.T.);
#585 = VERTEX_POINT('',#586);
#586 = CARTESIAN_POINT('',(0.995,5.E-02,-0.13));
#587 = CIRCLE('',#588,0.13);
#588 = AXIS2_PLACEMENT_3D('',#589,#590,#591);
#589 = CARTESIAN_POINT('',(0.995,5.E-02,-1.110223024625E-17));
#590 = DIRECTION('',(0.,-1.,2.22044604925E-16));
#591 = DIRECTION('',(1.,0.,0.));
#592 = ORIENTED_EDGE('',*,*,#593,.T.);
#593 = EDGE_CURVE('',#585,#186,#594,.T.);
#594 = LINE('',#595,#596);
#595 = CARTESIAN_POINT('',(0.75,5.E-02,-0.13));
#596 = VECTOR('',#597,1.);
#597 = DIRECTION('',(1.,0.,0.));
#598 = ORIENTED_EDGE('',*,*,#193,.F.);
#599 = ORIENTED_EDGE('',*,*,#600,.T.);
#600 = EDGE_CURVE('',#194,#601,#603,.T.);
#601 = VERTEX_POINT('',#602);
#602 = CARTESIAN_POINT('',(0.995,5.E-02,-0.37));
#603 = LINE('',#604,#605);
#604 = CARTESIAN_POINT('',(0.4975,5.E-02,-0.37));
#605 = VECTOR('',#606,1.);
#606 = DIRECTION('',(-1.,0.,0.));
#607 = ORIENTED_EDGE('',*,*,#608,.T.);
#608 = EDGE_CURVE('',#601,#609,#611,.T.);
#609 = VERTEX_POINT('',#610);
#610 = CARTESIAN_POINT('',(0.995,5.E-02,-0.63));
#611 = CIRCLE('',#612,0.13);
#612 = AXIS2_PLACEMENT_3D('',#613,#614,#615);
#613 = CARTESIAN_POINT('',(0.995,5.E-02,-0.5));
#614 = DIRECTION('',(0.,-1.,2.22044604925E-16));
#615 = DIRECTION('',(1.,0.,0.));
#616 = ORIENTED_EDGE('',*,*,#617,.T.);
#617 = EDGE_CURVE('',#609,#98,#618,.T.);
#618 = LINE('',#619,#620);
#619 = CARTESIAN_POINT('',(0.75,5.E-02,-0.63));
#620 = VECTOR('',#621,1.);
#621 = DIRECTION('',(1.,0.,0.));
#622 = PLANE('',#623);
#623 = AXIS2_PLACEMENT_3D('',#624,#625,#626);
#624 = CARTESIAN_POINT('',(0.,5.E-02,-1.387778780781E-17));
#625 = DIRECTION('',(0.,1.,0.));
#626 = DIRECTION('',(0.,0.,1.));
#627 = ADVANCED_FACE('',(#628),#646,.T.);
#628 = FACE_BOUND('',#629,.T.);
#629 = EDGE_LOOP('',(#630,#631,#632,#640));
#630 = ORIENTED_EDGE('',*,*,#617,.T.);
#631 = ORIENTED_EDGE('',*,*,#217,.T.);
#632 = ORIENTED_EDGE('',*,*,#633,.T.);
#633 = EDGE_CURVE('',#210,#634,#636,.T.);
#634 = VERTEX_POINT('',#635);
#635 = CARTESIAN_POINT('',(0.995,0.2,-0.63));
#636 = LINE('',#637,#638);
#637 = CARTESIAN_POINT('',(1.5,0.2,-0.63));
#638 = VECTOR('',#639,1.);
#639 = DIRECTION('',(-1.,0.,0.));
#640 = ORIENTED_EDGE('',*,*,#641,.F.);
#641 = EDGE_CURVE('',#609,#634,#642,.T.);
#642 = LINE('',#643,#644);
#643 = CARTESIAN_POINT('',(0.995,-1.398881011028E-16,-0.63));
#644 = VECTOR('',#645,1.);
#645 = DIRECTION('',(0.,1.,-2.22044604925E-16));
#646 = PLANE('',#647);
#647 = AXIS2_PLACEMENT_3D('',#648,#649,#650);
#648 = CARTESIAN_POINT('',(1.5,-1.398881011028E-16,-0.63));
#649 = DIRECTION('',(0.,2.22044604925E-16,1.));
#650 = DIRECTION('',(-1.,0.,0.));
#651 = ADVANCED_FACE('',(#652),#671,.F.);
#652 = FACE_BOUND('',#653,.F.);
#653 = EDGE_LOOP('',(#654,#655,#656,#665));
#654 = ORIENTED_EDGE('',*,*,#209,.T.);
#655 = ORIENTED_EDGE('',*,*,#633,.T.);
#656 = ORIENTED_EDGE('',*,*,#657,.F.);
#657 = EDGE_CURVE('',#658,#634,#660,.T.);
#658 = VERTEX_POINT('',#659);
#659 = CARTESIAN_POINT('',(0.995,0.2,-0.37));
#660 = CIRCLE('',#661,0.13);
#661 = AXIS2_PLACEMENT_3D('',#662,#663,#664);
#662 = CARTESIAN_POINT('',(0.995,0.2,-0.5));
#663 = DIRECTION('',(0.,-1.,2.22044604925E-16));
#664 = DIRECTION('',(1.,0.,0.));
#665 = ORIENTED_EDGE('',*,*,#666,.T.);
#666 = EDGE_CURVE('',#658,#202,#667,.T.);
#667 = LINE('',#668,#669);
#668 = CARTESIAN_POINT('',(0.995,0.2,-0.37));
#669 = VECTOR('',#670,1.);
#670 = DIRECTION('',(1.,0.,0.));
#671 = PLANE('',#672);
#672 = AXIS2_PLACEMENT_3D('',#673,#674,#675);
#673 = CARTESIAN_POINT('',(1.210092374308,0.2,-0.5));
#674 = DIRECTION('',(0.,1.,0.));
#675 = DIRECTION('',(0.,0.,1.));
#676 = ADVANCED_FACE('',(#677),#688,.T.);
#677 = FACE_BOUND('',#678,.T.);
#678 = EDGE_LOOP('',(#679,#680,#686,#687));
#679 = ORIENTED_EDGE('',*,*,#600,.T.);
#680 = ORIENTED_EDGE('',*,*,#681,.T.);
#681 = EDGE_CURVE('',#601,#658,#682,.T.);
#682 = LINE('',#683,#684);
#683 = CARTESIAN_POINT('',(0.995,-8.215650382226E-17,-0.37));
#684 = VECTOR('',#685,1.);
#685 = DIRECTION('',(0.,1.,-2.22044604925E-16));
#686 = ORIENTED_EDGE('',*,*,#666,.T.);
#687 = ORIENTED_EDGE('',*,*,#201,.F.);
#688 = PLANE('',#689);
#689 = AXIS2_PLACEMENT_3D('',#690,#691,#692);
#690 = CARTESIAN_POINT('',(0.995,-8.215650382226E-17,-0.37));
#691 = DIRECTION('',(0.,-2.22044604925E-16,-1.));
#692 = DIRECTION('',(1.,0.,0.));
#693 = ADVANCED_FACE('',(#694),#712,.T.);
#694 = FACE_BOUND('',#695,.T.);
#695 = EDGE_LOOP('',(#696,#697,#698,#706));
#696 = ORIENTED_EDGE('',*,*,#593,.T.);
#697 = ORIENTED_EDGE('',*,*,#185,.T.);
#698 = ORIENTED_EDGE('',*,*,#699,.T.);
#699 = EDGE_CURVE('',#178,#700,#702,.T.);
#700 = VERTEX_POINT('',#701);
#701 = CARTESIAN_POINT('',(0.995,0.2,-0.13));
#702 = LINE('',#703,#704);
#703 = CARTESIAN_POINT('',(1.5,0.2,-0.13));
#704 = VECTOR('',#705,1.);
#705 = DIRECTION('',(-1.,0.,0.));
#706 = ORIENTED_EDGE('',*,*,#707,.F.);
#707 = EDGE_CURVE('',#585,#700,#708,.T.);
#708 = LINE('',#709,#710);
#709 = CARTESIAN_POINT('',(0.995,-1.110223024625E-16,-0.13));
#710 = VECTOR('',#711,1.);
#711 = DIRECTION('',(0.,1.,-2.22044604925E-16));
#712 = PLANE('',#713);
#713 = AXIS2_PLACEMENT_3D('',#714,#715,#716);
#714 = CARTESIAN_POINT('',(1.5,-1.110223024625E-16,-0.13));
#715 = DIRECTION('',(0.,2.22044604925E-16,1.));
#716 = DIRECTION('',(-1.,0.,0.));
#717 = ADVANCED_FACE('',(#718),#737,.F.);
#718 = FACE_BOUND('',#719,.F.);
#719 = EDGE_LOOP('',(#720,#721,#722,#731));
#720 = ORIENTED_EDGE('',*,*,#177,.T.);
#721 = ORIENTED_EDGE('',*,*,#699,.T.);
#722 = ORIENTED_EDGE('',*,*,#723,.F.);
#723 = EDGE_CURVE('',#724,#700,#726,.T.);
#724 = VERTEX_POINT('',#725);
#725 = CARTESIAN_POINT('',(0.995,0.2,0.13));
#726 = CIRCLE('',#727,0.13);
#727 = AXIS2_PLACEMENT_3D('',#728,#729,#730);
#728 = CARTESIAN_POINT('',(0.995,0.2,-8.326672684689E-17));
#729 = DIRECTION('',(0.,-1.,2.22044604925E-16));
#730 = DIRECTION('',(1.,0.,0.));
#731 = ORIENTED_EDGE('',*,*,#732,.T.);
#732 = EDGE_CURVE('',#724,#170,#733,.T.);
#733 = LINE('',#734,#735);
#734 = CARTESIAN_POINT('',(0.995,0.2,0.13));
#735 = VECTOR('',#736,1.);
#736 = DIRECTION('',(1.,0.,0.));
#737 = PLANE('',#738);
#738 = AXIS2_PLACEMENT_3D('',#739,#740,#741);
#739 = CARTESIAN_POINT('',(1.210092374308,0.2,-1.665334536938E-16));
#740 = DIRECTION('',(0.,1.,0.));
#741 = DIRECTION('',(0.,0.,1.));
#742 = ADVANCED_FACE('',(#743),#754,.T.);
#743 = FACE_BOUND('',#744,.T.);
#744 = EDGE_LOOP('',(#745,#746,#752,#753));
#745 = ORIENTED_EDGE('',*,*,#576,.T.);
#746 = ORIENTED_EDGE('',*,*,#747,.T.);
#747 = EDGE_CURVE('',#577,#724,#748,.T.);
#748 = LINE('',#749,#750);
#749 = CARTESIAN_POINT('',(0.995,0.,0.13));
#750 = VECTOR('',#751,1.);
#751 = DIRECTION('',(0.,1.,-2.22044604925E-16));
#752 = ORIENTED_EDGE('',*,*,#732,.T.);
#753 = ORIENTED_EDGE('',*,*,#169,.F.);
#754 = PLANE('',#755);
#755 = AXIS2_PLACEMENT_3D('',#756,#757,#758);
#756 = CARTESIAN_POINT('',(0.995,0.,0.13));
#757 = DIRECTION('',(0.,-2.22044604925E-16,-1.));
#758 = DIRECTION('',(1.,0.,0.));
#759 = ADVANCED_FACE('',(#760),#778,.T.);
#760 = FACE_BOUND('',#761,.T.);
#761 = EDGE_LOOP('',(#762,#763,#764,#772));
#762 = ORIENTED_EDGE('',*,*,#569,.T.);
#763 = ORIENTED_EDGE('',*,*,#153,.T.);
#764 = ORIENTED_EDGE('',*,*,#765,.T.);
#765 = EDGE_CURVE('',#146,#766,#768,.T.);
#766 = VERTEX_POINT('',#767);
#767 = CARTESIAN_POINT('',(0.995,0.2,0.37));
#768 = LINE('',#769,#770);
#769 = CARTESIAN_POINT('',(1.5,0.2,0.37));
#770 = VECTOR('',#771,1.);
#771 = DIRECTION('',(-1.,0.,0.));
#772 = ORIENTED_EDGE('',*,*,#773,.F.);
#773 = EDGE_CURVE('',#561,#766,#774,.T.);
#774 = LINE('',#775,#776);
#775 = CARTESIAN_POINT('',(0.995,0.,0.37));
#776 = VECTOR('',#777,1.);
#777 = DIRECTION('',(0.,1.,-2.22044604925E-16));
#778 = PLANE('',#779);
#779 = AXIS2_PLACEMENT_3D('',#780,#781,#782);
#780 = CARTESIAN_POINT('',(1.5,0.,0.37));
#781 = DIRECTION('',(0.,2.22044604925E-16,1.));
#782 = DIRECTION('',(-1.,0.,0.));
#783 = ADVANCED_FACE('',(#784),#803,.F.);
#784 = FACE_BOUND('',#785,.F.);
#785 = EDGE_LOOP('',(#786,#787,#788,#797));
#786 = ORIENTED_EDGE('',*,*,#145,.T.);
#787 = ORIENTED_EDGE('',*,*,#765,.T.);
#788 = ORIENTED_EDGE('',*,*,#789,.F.);
#789 = EDGE_CURVE('',#790,#766,#792,.T.);
#790 = VERTEX_POINT('',#791);
#791 = CARTESIAN_POINT('',(0.995,0.2,0.63));
#792 = CIRCLE('',#793,0.13);
#793 = AXIS2_PLACEMENT_3D('',#794,#795,#796);
#794 = CARTESIAN_POINT('',(0.995,0.2,0.5));
#795 = DIRECTION('',(0.,-1.,2.22044604925E-16));
#796 = DIRECTION('',(1.,0.,0.));
#797 = ORIENTED_EDGE('',*,*,#798,.T.);
#798 = EDGE_CURVE('',#790,#138,#799,.T.);
#799 = LINE('',#800,#801);
#800 = CARTESIAN_POINT('',(0.995,0.2,0.63));
#801 = VECTOR('',#802,1.);
#802 = DIRECTION('',(1.,0.,0.));
#803 = PLANE('',#804);
#804 = AXIS2_PLACEMENT_3D('',#805,#806,#807);
#805 = CARTESIAN_POINT('',(1.210092374308,0.2,0.5));
#806 = DIRECTION('',(0.,1.,0.));
#807 = DIRECTION('',(0.,0.,1.));
#808 = ADVANCED_FACE('',(#809),#820,.T.);
#809 = FACE_BOUND('',#810,.T.);
#810 = EDGE_LOOP('',(#811,#812,#818,#819));
#811 = ORIENTED_EDGE('',*,*,#552,.T.);
#812 = ORIENTED_EDGE('',*,*,#813,.T.);
#813 = EDGE_CURVE('',#553,#790,#814,.T.);
#814 = LINE('',#815,#816);
#815 = CARTESIAN_POINT('',(0.995,0.,0.63));
#816 = VECTOR('',#817,1.);
#817 = DIRECTION('',(0.,1.,-2.22044604925E-16));
#818 = ORIENTED_EDGE('',*,*,#798,.T.);
#819 = ORIENTED_EDGE('',*,*,#137,.F.);
#820 = PLANE('',#821);
#821 = AXIS2_PLACEMENT_3D('',#822,#823,#824);
#822 = CARTESIAN_POINT('',(0.995,0.,0.63));
#823 = DIRECTION('',(0.,-2.22044604925E-16,-1.));
#824 = DIRECTION('',(1.,0.,0.));
#825 = ADVANCED_FACE('',(#826),#913,.T.);
#826 = FACE_BOUND('',#827,.T.);
#827 = EDGE_LOOP('',(#828,#829,#830,#838,#844,#845,#853,#861,#867,#868,
    #876,#884,#890,#891,#899,#907));
#828 = ORIENTED_EDGE('',*,*,#545,.F.);
#829 = ORIENTED_EDGE('',*,*,#121,.T.);
#830 = ORIENTED_EDGE('',*,*,#831,.T.);
#831 = EDGE_CURVE('',#114,#832,#834,.T.);
#832 = VERTEX_POINT('',#833);
#833 = CARTESIAN_POINT('',(-1.5,1.,1.5));
#834 = LINE('',#835,#836);
#835 = CARTESIAN_POINT('',(1.5,1.,1.5));
#836 = VECTOR('',#837,1.);
#837 = DIRECTION('',(-1.,0.,0.));
#838 = ORIENTED_EDGE('',*,*,#839,.F.);
#839 = EDGE_CURVE('',#439,#832,#840,.T.);
#840 = LINE('',#841,#842);
#841 = CARTESIAN_POINT('',(-1.5,3.330669073875E-16,1.5));
#842 = VECTOR('',#843,1.);
#843 = DIRECTION('',(0.,1.,-2.22044604925E-16));
#844 = ORIENTED_EDGE('',*,*,#446,.F.);
#845 = ORIENTED_EDGE('',*,*,#846,.T.);
#846 = EDGE_CURVE('',#447,#847,#849,.T.);
#847 = VERTEX_POINT('',#848);
#848 = CARTESIAN_POINT('',(-0.63,0.2,1.5));
#849 = LINE('',#850,#851);
#850 = CARTESIAN_POINT('',(-0.63,3.330669073875E-16,1.5));
#851 = VECTOR('',#852,1.);
#852 = DIRECTION('',(0.,1.,-2.22044604925E-16));
#853 = ORIENTED_EDGE('',*,*,#854,.T.);
#854 = EDGE_CURVE('',#847,#855,#857,.T.);
#855 = VERTEX_POINT('',#856);
#856 = CARTESIAN_POINT('',(-0.37,0.2,1.5));
#857 = LINE('',#858,#859);
#858 = CARTESIAN_POINT('',(-0.63,0.2,1.5));
#859 = VECTOR('',#860,1.);
#860 = DIRECTION('',(1.,0.,0.));
#861 = ORIENTED_EDGE('',*,*,#862,.F.);
#862 = EDGE_CURVE('',#472,#855,#863,.T.);
#863 = LINE('',#864,#865);
#864 = CARTESIAN_POINT('',(-0.37,3.330669073875E-16,1.5));
#865 = VECTOR('',#866,1.);
#866 = DIRECTION('',(0.,1.,-2.22044604925E-16));
#867 = ORIENTED_EDGE('',*,*,#479,.F.);
#868 = ORIENTED_EDGE('',*,*,#869,.T.);
#869 = EDGE_CURVE('',#480,#870,#872,.T.);
#870 = VERTEX_POINT('',#871);
#871 = CARTESIAN_POINT('',(-0.13,0.2,1.5));
#872 = LINE('',#873,#874);
#873 = CARTESIAN_POINT('',(-0.13,3.330669073875E-16,1.5));
#874 = VECTOR('',#875,1.);
#875 = DIRECTION('',(0.,1.,-2.22044604925E-16));
#876 = ORIENTED_EDGE('',*,*,#877,.T.);
#877 = EDGE_CURVE('',#870,#878,#880,.T.);
#878 = VERTEX_POINT('',#879);
#879 = CARTESIAN_POINT('',(0.13,0.2,1.5));
#880 = LINE('',#881,#882);
#881 = CARTESIAN_POINT('',(-0.13,0.2,1.5));
#882 = VECTOR('',#883,1.);
#883 = DIRECTION('',(1.,0.,0.));
#884 = ORIENTED_EDGE('',*,*,#885,.F.);
#885 = EDGE_CURVE('',#505,#878,#886,.T.);
#886 = LINE('',#887,#888);
#887 = CARTESIAN_POINT('',(0.13,3.330669073875E-16,1.5));
#888 = VECTOR('',#889,1.);
#889 = DIRECTION('',(0.,1.,-2.22044604925E-16));
#890 = ORIENTED_EDGE('',*,*,#512,.F.);
#891 = ORIENTED_EDGE('',*,*,#892,.T.);
#892 = EDGE_CURVE('',#513,#893,#895,.T.);
#893 = VERTEX_POINT('',#894);
#894 = CARTESIAN_POINT('',(0.37,0.2,1.5));
#895 = LINE('',#896,#897);
#896 = CARTESIAN_POINT('',(0.37,3.330669073875E-16,1.5));
#897 = VECTOR('',#898,1.);
#898 = DIRECTION('',(0.,1.,-2.22044604925E-16));
#899 = ORIENTED_EDGE('',*,*,#900,.T.);
#900 = EDGE_CURVE('',#893,#901,#903,.T.);
#901 = VERTEX_POINT('',#902);
#902 = CARTESIAN_POINT('',(0.63,0.2,1.5));
#903 = LINE('',#904,#905);
#904 = CARTESIAN_POINT('',(0.37,0.2,1.5));
#905 = VECTOR('',#906,1.);
#906 = DIRECTION('',(1.,0.,0.));
#907 = ORIENTED_EDGE('',*,*,#908,.F.);
#908 = EDGE_CURVE('',#538,#901,#909,.T.);
#909 = LINE('',#910,#911);
#910 = CARTESIAN_POINT('',(0.63,3.330669073875E-16,1.5));
#911 = VECTOR('',#912,1.);
#912 = DIRECTION('',(0.,1.,-2.22044604925E-16));
#913 = PLANE('',#914);
#914 = AXIS2_PLACEMENT_3D('',#915,#916,#917);
#915 = CARTESIAN_POINT('',(1.5,3.330669073875E-16,1.5));
#916 = DIRECTION('',(0.,2.22044604925E-16,1.));
#917 = DIRECTION('',(-1.,0.,0.));
#918 = ADVANCED_FACE('',(#919,#937),#948,.T.);
#919 = FACE_BOUND('',#920,.T.);
#920 = EDGE_LOOP('',(#921,#922,#930,#936));
#921 = ORIENTED_EDGE('',*,*,#113,.F.);
#922 = ORIENTED_EDGE('',*,*,#923,.F.);
#923 = EDGE_CURVE('',#924,#106,#926,.T.);
#924 = VERTEX_POINT('',#925);
#925 = CARTESIAN_POINT('',(-1.5,1.,-1.5));
#926 = LINE('',#927,#928);
#927 = CARTESIAN_POINT('',(-1.5,1.,-1.5));
#928 = VECTOR('',#929,1.);
#929 = DIRECTION('',(1.,0.,0.));
#930 = ORIENTED_EDGE('',*,*,#931,.F.);
#931 = EDGE_CURVE('',#832,#924,#932,.T.);
#932 = LINE('',#933,#934);
#933 = CARTESIAN_POINT('',(-1.5,1.,1.5));
#934 = VECTOR('',#935,1.);
#935 = DIRECTION('',(0.,-2.22044604925E-16,-1.));
#936 = ORIENTED_EDGE('',*,*,#831,.F.);
#937 = FACE_BOUND('',#938,.T.);
#938 = EDGE_LOOP('',(#939));
#939 = ORIENTED_EDGE('',*,*,#940,.F.);
#940 = EDGE_CURVE('',#941,#941,#943,.T.);
#941 = VERTEX_POINT('',#942);
#942 = CARTESIAN_POINT('',(-0.921428571429,1.,-1.071428571429));
#943 = CIRCLE('',#944,0.15);
#944 = AXIS2_PLACEMENT_3D('',#945,#946,#947);
#945 = CARTESIAN_POINT('',(-1.071428571429,1.,-1.071428571429));
#946 = DIRECTION('',(-0.,1.,2.22044604925E-16));
#947 = DIRECTION('',(1.,0.,0.));
#948 = PLANE('',#949);
#949 = AXIS2_PLACEMENT_3D('',#950,#951,#952);
#950 = CARTESIAN_POINT('',(0.,1.,-2.22044604925E-16));
#951 = DIRECTION('',(0.,1.,0.));
#952 = DIRECTION('',(0.,0.,1.));
#953 = ADVANCED_FACE('',(#954),#1034,.T.);
#954 = FACE_BOUND('',#955,.T.);
#955 = EDGE_LOOP('',(#956,#957,#963,#964,#965,#966,#974,#982,#988,#989,
    #997,#1005,#1011,#1012,#1020,#1028));
#956 = ORIENTED_EDGE('',*,*,#331,.F.);
#957 = ORIENTED_EDGE('',*,*,#958,.T.);
#958 = EDGE_CURVE('',#332,#924,#959,.T.);
#959 = LINE('',#960,#961);
#960 = CARTESIAN_POINT('',(-1.5,-3.330669073875E-16,-1.5));
#961 = VECTOR('',#962,1.);
#962 = DIRECTION('',(0.,1.,-2.22044604925E-16));
#963 = ORIENTED_EDGE('',*,*,#923,.T.);
#964 = ORIENTED_EDGE('',*,*,#105,.F.);
#965 = ORIENTED_EDGE('',*,*,#232,.F.);
#966 = ORIENTED_EDGE('',*,*,#967,.T.);
#967 = EDGE_CURVE('',#233,#968,#970,.T.);
#968 = VERTEX_POINT('',#969);
#969 = CARTESIAN_POINT('',(0.63,0.2,-1.5));
#970 = LINE('',#971,#972);
#971 = CARTESIAN_POINT('',(0.63,-3.330669073875E-16,-1.5));
#972 = VECTOR('',#973,1.);
#973 = DIRECTION('',(0.,1.,-2.22044604925E-16));
#974 = ORIENTED_EDGE('',*,*,#975,.F.);
#975 = EDGE_CURVE('',#976,#968,#978,.T.);
#976 = VERTEX_POINT('',#977);
#977 = CARTESIAN_POINT('',(0.37,0.2,-1.5));
#978 = LINE('',#979,#980);
#979 = CARTESIAN_POINT('',(0.37,0.2,-1.5));
#980 = VECTOR('',#981,1.);
#981 = DIRECTION('',(1.,0.,0.));
#982 = ORIENTED_EDGE('',*,*,#983,.F.);
#983 = EDGE_CURVE('',#258,#976,#984,.T.);
#984 = LINE('',#985,#986);
#985 = CARTESIAN_POINT('',(0.37,-3.330669073875E-16,-1.5));
#986 = VECTOR('',#987,1.);
#987 = DIRECTION('',(0.,1.,-2.22044604925E-16));
#988 = ORIENTED_EDGE('',*,*,#265,.F.);
#989 = ORIENTED_EDGE('',*,*,#990,.T.);
#990 = EDGE_CURVE('',#266,#991,#993,.T.);
#991 = VERTEX_POINT('',#992);
#992 = CARTESIAN_POINT('',(0.13,0.2,-1.5));
#993 = LINE('',#994,#995);
#994 = CARTESIAN_POINT('',(0.13,-3.330669073875E-16,-1.5));
#995 = VECTOR('',#996,1.);
#996 = DIRECTION('',(0.,1.,-2.22044604925E-16));
#997 = ORIENTED_EDGE('',*,*,#998,.F.);
#998 = EDGE_CURVE('',#999,#991,#1001,.T.);
#999 = VERTEX_POINT('',#1000);
#1000 = CARTESIAN_POINT('',(-0.13,0.2,-1.5));
#1001 = LINE('',#1002,#1003);
#1002 = CARTESIAN_POINT('',(-0.13,0.2,-1.5));
#1003 = VECTOR('',#1004,1.);
#1004 = DIRECTION('',(1.,0.,0.));
#1005 = ORIENTED_EDGE('',*,*,#1006,.F.);
#1006 = EDGE_CURVE('',#291,#999,#1007,.T.);
#1007 = LINE('',#1008,#1009);
#1008 = CARTESIAN_POINT('',(-0.13,-3.330669073875E-16,-1.5));
#1009 = VECTOR('',#1010,1.);
#1010 = DIRECTION('',(0.,1.,-2.22044604925E-16));
#1011 = ORIENTED_EDGE('',*,*,#298,.F.);
#1012 = ORIENTED_EDGE('',*,*,#1013,.T.);
#1013 = EDGE_CURVE('',#299,#1014,#1016,.T.);
#1014 = VERTEX_POINT('',#1015);
#1015 = CARTESIAN_POINT('',(-0.37,0.2,-1.5));
#1016 = LINE('',#1017,#1018);
#1017 = CARTESIAN_POINT('',(-0.37,-3.330669073875E-16,-1.5));
#1018 = VECTOR('',#1019,1.);
#1019 = DIRECTION('',(0.,1.,-2.22044604925E-16));
#1020 = ORIENTED_EDGE('',*,*,#1021,.F.);
#1021 = EDGE_CURVE('',#1022,#1014,#1024,.T.);
#1022 = VERTEX_POINT('',#1023);
#1023 = CARTESIAN_POINT('',(-0.63,0.2,-1.5));
#1024 = LINE('',#1025,#1026);
#1025 = CARTESIAN_POINT('',(-0.63,0.2,-1.5));
#1026 = VECTOR('',#1027,1.);
#1027 = DIRECTION('',(1.,0.,0.));
#1028 = ORIENTED_EDGE('',*,*,#1029,.F.);
#1029 = EDGE_CURVE('',#324,#1022,#1030,.T.);
#1030 = LINE('',#1031,#1032);
#1031 = CARTESIAN_POINT('',(-0.63,-3.330669073875E-16,-1.5));
#1032 = VECTOR('',#1033,1.);
#1033 = DIRECTION('',(0.,1.,-2.22044604925E-16));
#1034 = PLANE('',#1035);
#1035 = AXIS2_PLACEMENT_3D('',#1036,#1037,#1038);
#1036 = CARTESIAN_POINT('',(-1.5,-3.330669073875E-16,-1.5));
#1037 = DIRECTION('',(0.,-2.22044604925E-16,-1.));
#1038 = DIRECTION('',(1.,0.,0.));
#1039 = ADVANCED_FACE('',(#1040),#1046,.F.);
#1040 = FACE_BOUND('',#1041,.F.);
#1041 = EDGE_LOOP('',(#1042,#1043,#1044,#1045));
#1042 = ORIENTED_EDGE('',*,*,#608,.F.);
#1043 = ORIENTED_EDGE('',*,*,#681,.T.);
#1044 = ORIENTED_EDGE('',*,*,#657,.T.);
#1045 = ORIENTED_EDGE('',*,*,#641,.F.);
#1046 = CYLINDRICAL_SURFACE('',#1047,0.13);
#1047 = AXIS2_PLACEMENT_3D('',#1048,#1049,#1050);
#1048 = CARTESIAN_POINT('',(0.995,-1.110223024625E-16,-0.5));
#1049 = DIRECTION('',(0.,-1.,2.22044604925E-16));
#1050 = DIRECTION('',(1.,0.,0.));
#1051 = ADVANCED_FACE('',(#1052),#1058,.F.);
#1052 = FACE_BOUND('',#1053,.F.);
#1053 = EDGE_LOOP('',(#1054,#1055,#1056,#1057));
#1054 = ORIENTED_EDGE('',*,*,#584,.F.);
#1055 = ORIENTED_EDGE('',*,*,#747,.T.);
#1056 = ORIENTED_EDGE('',*,*,#723,.T.);
#1057 = ORIENTED_EDGE('',*,*,#707,.F.);
#1058 = CYLINDRICAL_SURFACE('',#1059,0.13);
#1059 = AXIS2_PLACEMENT_3D('',#1060,#1061,#1062);
#1060 = CARTESIAN_POINT('',(0.995,0.,5.551115123126E-17));
#1061 = DIRECTION('',(0.,-1.,2.22044604925E-16));
#1062 = DIRECTION('',(1.,0.,0.));
#1063 = ADVANCED_FACE('',(#1064),#1070,.F.);
#1064 = FACE_BOUND('',#1065,.F.);
#1065 = EDGE_LOOP('',(#1066,#1067,#1068,#1069));
#1066 = ORIENTED_EDGE('',*,*,#560,.F.);
#1067 = ORIENTED_EDGE('',*,*,#813,.T.);
#1068 = ORIENTED_EDGE('',*,*,#789,.T.);
#1069 = ORIENTED_EDGE('',*,*,#773,.F.);
#1070 = CYLINDRICAL_SURFACE('',#1071,0.13);
#1071 = AXIS2_PLACEMENT_3D('',#1072,#1073,#1074);
#1072 = CARTESIAN_POINT('',(0.995,0.,0.5));
#1073 = DIRECTION('',(0.,-1.,2.22044604925E-16));
#1074 = DIRECTION('',(1.,0.,0.));
#1075 = ADVANCED_FACE('',(#1076),#1094,.T.);
#1076 = FACE_BOUND('',#1077,.T.);
#1077 = EDGE_LOOP('',(#1078,#1079,#1080,#1088));
#1078 = ORIENTED_EDGE('',*,*,#537,.T.);
#1079 = ORIENTED_EDGE('',*,*,#908,.T.);
#1080 = ORIENTED_EDGE('',*,*,#1081,.T.);
#1081 = EDGE_CURVE('',#901,#1082,#1084,.T.);
#1082 = VERTEX_POINT('',#1083);
#1083 = CARTESIAN_POINT('',(0.63,0.2,0.995));
#1084 = LINE('',#1085,#1086);
#1085 = CARTESIAN_POINT('',(0.63,0.2,1.5));
#1086 = VECTOR('',#1087,1.);
#1087 = DIRECTION('',(0.,-2.22044604925E-16,-1.));
#1088 = ORIENTED_EDGE('',*,*,#1089,.F.);
#1089 = EDGE_CURVE('',#529,#1082,#1090,.T.);
#1090 = LINE('',#1091,#1092);
#1091 = CARTESIAN_POINT('',(0.63,2.209343819004E-16,0.995));
#1092 = VECTOR('',#1093,1.);
#1093 = DIRECTION('',(0.,1.,-2.22044604925E-16));
#1094 = PLANE('',#1095);
#1095 = AXIS2_PLACEMENT_3D('',#1096,#1097,#1098);
#1096 = CARTESIAN_POINT('',(0.63,3.330669073875E-16,1.5));
#1097 = DIRECTION('',(-1.,0.,0.));
#1098 = DIRECTION('',(0.,-2.22044604925E-16,-1.));
#1099 = ADVANCED_FACE('',(#1100),#1119,.F.);
#1100 = FACE_BOUND('',#1101,.F.);
#1101 = EDGE_LOOP('',(#1102,#1103,#1111,#1118));
#1102 = ORIENTED_EDGE('',*,*,#528,.F.);
#1103 = ORIENTED_EDGE('',*,*,#1104,.T.);
#1104 = EDGE_CURVE('',#521,#1105,#1107,.T.);
#1105 = VERTEX_POINT('',#1106);
#1106 = CARTESIAN_POINT('',(0.37,0.2,0.995));
#1107 = LINE('',#1108,#1109);
#1108 = CARTESIAN_POINT('',(0.37,2.209343819004E-16,0.995));
#1109 = VECTOR('',#1110,1.);
#1110 = DIRECTION('',(0.,1.,-2.22044604925E-16));
#1111 = ORIENTED_EDGE('',*,*,#1112,.T.);
#1112 = EDGE_CURVE('',#1105,#1082,#1113,.T.);
#1113 = CIRCLE('',#1114,0.13);
#1114 = AXIS2_PLACEMENT_3D('',#1115,#1116,#1117);
#1115 = CARTESIAN_POINT('',(0.5,0.2,0.995));
#1116 = DIRECTION('',(0.,-1.,2.22044604925E-16));
#1117 = DIRECTION('',(1.,0.,0.));
#1118 = ORIENTED_EDGE('',*,*,#1089,.F.);
#1119 = CYLINDRICAL_SURFACE('',#1120,0.13);
#1120 = AXIS2_PLACEMENT_3D('',#1121,#1122,#1123);
#1121 = CARTESIAN_POINT('',(0.5,2.209343819004E-16,0.995));
#1122 = DIRECTION('',(0.,-1.,2.22044604925E-16));
#1123 = DIRECTION('',(1.,0.,0.));
#1124 = ADVANCED_FACE('',(#1125),#1136,.T.);
#1125 = FACE_BOUND('',#1126,.T.);
#1126 = EDGE_LOOP('',(#1127,#1128,#1129,#1135));
#1127 = ORIENTED_EDGE('',*,*,#520,.T.);
#1128 = ORIENTED_EDGE('',*,*,#1104,.T.);
#1129 = ORIENTED_EDGE('',*,*,#1130,.T.);
#1130 = EDGE_CURVE('',#1105,#893,#1131,.T.);
#1131 = LINE('',#1132,#1133);
#1132 = CARTESIAN_POINT('',(0.37,0.2,0.995));
#1133 = VECTOR('',#1134,1.);
#1134 = DIRECTION('',(0.,2.22044604925E-16,1.));
#1135 = ORIENTED_EDGE('',*,*,#892,.F.);
#1136 = PLANE('',#1137);
#1137 = AXIS2_PLACEMENT_3D('',#1138,#1139,#1140);
#1138 = CARTESIAN_POINT('',(0.37,2.209343819004E-16,0.995));
#1139 = DIRECTION('',(1.,0.,0.));
#1140 = DIRECTION('',(0.,2.22044604925E-16,1.));
#1141 = ADVANCED_FACE('',(#1142),#1160,.T.);
#1142 = FACE_BOUND('',#1143,.T.);
#1143 = EDGE_LOOP('',(#1144,#1145,#1146,#1154));
#1144 = ORIENTED_EDGE('',*,*,#504,.T.);
#1145 = ORIENTED_EDGE('',*,*,#885,.T.);
#1146 = ORIENTED_EDGE('',*,*,#1147,.T.);
#1147 = EDGE_CURVE('',#878,#1148,#1150,.T.);
#1148 = VERTEX_POINT('',#1149);
#1149 = CARTESIAN_POINT('',(0.13,0.2,0.995));
#1150 = LINE('',#1151,#1152);
#1151 = CARTESIAN_POINT('',(0.13,0.2,1.5));
#1152 = VECTOR('',#1153,1.);
#1153 = DIRECTION('',(0.,-2.22044604925E-16,-1.));
#1154 = ORIENTED_EDGE('',*,*,#1155,.F.);
#1155 = EDGE_CURVE('',#496,#1148,#1156,.T.);
#1156 = LINE('',#1157,#1158);
#1157 = CARTESIAN_POINT('',(0.13,2.209343819004E-16,0.995));
#1158 = VECTOR('',#1159,1.);
#1159 = DIRECTION('',(0.,1.,-2.22044604925E-16));
#1160 = PLANE('',#1161);
#1161 = AXIS2_PLACEMENT_3D('',#1162,#1163,#1164);
#1162 = CARTESIAN_POINT('',(0.13,3.330669073875E-16,1.5));
#1163 = DIRECTION('',(-1.,0.,0.));
#1164 = DIRECTION('',(0.,-2.22044604925E-16,-1.));
#1165 = ADVANCED_FACE('',(#1166),#1185,.F.);
#1166 = FACE_BOUND('',#1167,.F.);
#1167 = EDGE_LOOP('',(#1168,#1169,#1177,#1184));
#1168 = ORIENTED_EDGE('',*,*,#495,.F.);
#1169 = ORIENTED_EDGE('',*,*,#1170,.T.);
#1170 = EDGE_CURVE('',#488,#1171,#1173,.T.);
#1171 = VERTEX_POINT('',#1172);
#1172 = CARTESIAN_POINT('',(-0.13,0.2,0.995));
#1173 = LINE('',#1174,#1175);
#1174 = CARTESIAN_POINT('',(-0.13,2.209343819004E-16,0.995));
#1175 = VECTOR('',#1176,1.);
#1176 = DIRECTION('',(0.,1.,-2.22044604925E-16));
#1177 = ORIENTED_EDGE('',*,*,#1178,.T.);
#1178 = EDGE_CURVE('',#1171,#1148,#1179,.T.);
#1179 = CIRCLE('',#1180,0.13);
#1180 = AXIS2_PLACEMENT_3D('',#1181,#1182,#1183);
#1181 = CARTESIAN_POINT('',(0.,0.2,0.995));
#1182 = DIRECTION('',(0.,-1.,2.22044604925E-16));
#1183 = DIRECTION('',(1.,0.,0.));
#1184 = ORIENTED_EDGE('',*,*,#1155,.F.);
#1185 = CYLINDRICAL_SURFACE('',#1186,0.13);
#1186 = AXIS2_PLACEMENT_3D('',#1187,#1188,#1189);
#1187 = CARTESIAN_POINT('',(0.,2.209343819004E-16,0.995));
#1188 = DIRECTION('',(0.,-1.,2.22044604925E-16));
#1189 = DIRECTION('',(1.,0.,0.));
#1190 = ADVANCED_FACE('',(#1191),#1202,.T.);
#1191 = FACE_BOUND('',#1192,.T.);
#1192 = EDGE_LOOP('',(#1193,#1194,#1195,#1201));
#1193 = ORIENTED_EDGE('',*,*,#487,.T.);
#1194 = ORIENTED_EDGE('',*,*,#1170,.T.);
#1195 = ORIENTED_EDGE('',*,*,#1196,.T.);
#1196 = EDGE_CURVE('',#1171,#870,#1197,.T.);
#1197 = LINE('',#1198,#1199);
#1198 = CARTESIAN_POINT('',(-0.13,0.2,0.995));
#1199 = VECTOR('',#1200,1.);
#1200 = DIRECTION('',(0.,2.22044604925E-16,1.));
#1201 = ORIENTED_EDGE('',*,*,#869,.F.);
#1202 = PLANE('',#1203);
#1203 = AXIS2_PLACEMENT_3D('',#1204,#1205,#1206);
#1204 = CARTESIAN_POINT('',(-0.13,2.209343819004E-16,0.995));
#1205 = DIRECTION('',(1.,0.,0.));
#1206 = DIRECTION('',(0.,2.22044604925E-16,1.));
#1207 = ADVANCED_FACE('',(#1208),#1226,.T.);
#1208 = FACE_BOUND('',#1209,.T.);
#1209 = EDGE_LOOP('',(#1210,#1211,#1212,#1220));
#1210 = ORIENTED_EDGE('',*,*,#471,.T.);
#1211 = ORIENTED_EDGE('',*,*,#862,.T.);
#1212 = ORIENTED_EDGE('',*,*,#1213,.T.);
#1213 = EDGE_CURVE('',#855,#1214,#1216,.T.);
#1214 = VERTEX_POINT('',#1215);
#1215 = CARTESIAN_POINT('',(-0.37,0.2,0.995));
#1216 = LINE('',#1217,#1218);
#1217 = CARTESIAN_POINT('',(-0.37,0.2,1.5));
#1218 = VECTOR('',#1219,1.);
#1219 = DIRECTION('',(0.,-2.22044604925E-16,-1.));
#1220 = ORIENTED_EDGE('',*,*,#1221,.F.);
#1221 = EDGE_CURVE('',#463,#1214,#1222,.T.);
#1222 = LINE('',#1223,#1224);
#1223 = CARTESIAN_POINT('',(-0.37,2.209343819004E-16,0.995));
#1224 = VECTOR('',#1225,1.);
#1225 = DIRECTION('',(0.,1.,-2.22044604925E-16));
#1226 = PLANE('',#1227);
#1227 = AXIS2_PLACEMENT_3D('',#1228,#1229,#1230);
#1228 = CARTESIAN_POINT('',(-0.37,3.330669073875E-16,1.5));
#1229 = DIRECTION('',(-1.,0.,0.));
#1230 = DIRECTION('',(0.,-2.22044604925E-16,-1.));
#1231 = ADVANCED_FACE('',(#1232),#1251,.F.);
#1232 = FACE_BOUND('',#1233,.F.);
#1233 = EDGE_LOOP('',(#1234,#1235,#1243,#1250));
#1234 = ORIENTED_EDGE('',*,*,#462,.F.);
#1235 = ORIENTED_EDGE('',*,*,#1236,.T.);
#1236 = EDGE_CURVE('',#455,#1237,#1239,.T.);
#1237 = VERTEX_POINT('',#1238);
#1238 = CARTESIAN_POINT('',(-0.63,0.2,0.995));
#1239 = LINE('',#1240,#1241);
#1240 = CARTESIAN_POINT('',(-0.63,2.209343819004E-16,0.995));
#1241 = VECTOR('',#1242,1.);
#1242 = DIRECTION('',(0.,1.,-2.22044604925E-16));
#1243 = ORIENTED_EDGE('',*,*,#1244,.T.);
#1244 = EDGE_CURVE('',#1237,#1214,#1245,.T.);
#1245 = CIRCLE('',#1246,0.13);
#1246 = AXIS2_PLACEMENT_3D('',#1247,#1248,#1249);
#1247 = CARTESIAN_POINT('',(-0.5,0.2,0.995));
#1248 = DIRECTION('',(0.,-1.,2.22044604925E-16));
#1249 = DIRECTION('',(1.,0.,0.));
#1250 = ORIENTED_EDGE('',*,*,#1221,.F.);
#1251 = CYLINDRICAL_SURFACE('',#1252,0.13);
#1252 = AXIS2_PLACEMENT_3D('',#1253,#1254,#1255);
#1253 = CARTESIAN_POINT('',(-0.5,2.209343819004E-16,0.995));
#1254 = DIRECTION('',(0.,-1.,2.22044604925E-16));
#1255 = DIRECTION('',(1.,0.,0.));
#1256 = ADVANCED_FACE('',(#1257),#1268,.T.);
#1257 = FACE_BOUND('',#1258,.T.);
#1258 = EDGE_LOOP('',(#1259,#1260,#1261,#1267));
#1259 = ORIENTED_EDGE('',*,*,#454,.T.);
#1260 = ORIENTED_EDGE('',*,*,#1236,.T.);
#1261 = ORIENTED_EDGE('',*,*,#1262,.T.);
#1262 = EDGE_CURVE('',#1237,#847,#1263,.T.);
#1263 = LINE('',#1264,#1265);
#1264 = CARTESIAN_POINT('',(-0.63,0.2,0.995));
#1265 = VECTOR('',#1266,1.);
#1266 = DIRECTION('',(0.,2.22044604925E-16,1.));
#1267 = ORIENTED_EDGE('',*,*,#846,.F.);
#1268 = PLANE('',#1269);
#1269 = AXIS2_PLACEMENT_3D('',#1270,#1271,#1272);
#1270 = CARTESIAN_POINT('',(-0.63,2.209343819004E-16,0.995));
#1271 = DIRECTION('',(1.,0.,0.));
#1272 = DIRECTION('',(0.,2.22044604925E-16,1.));
#1273 = ADVANCED_FACE('',(#1274),#1349,.T.);
#1274 = FACE_BOUND('',#1275,.T.);
#1275 = EDGE_LOOP('',(#1276,#1277,#1278,#1279,#1280,#1281,#1289,#1297,
    #1303,#1304,#1312,#1320,#1326,#1327,#1335,#1343));
#1276 = ORIENTED_EDGE('',*,*,#438,.F.);
#1277 = ORIENTED_EDGE('',*,*,#839,.T.);
#1278 = ORIENTED_EDGE('',*,*,#931,.T.);
#1279 = ORIENTED_EDGE('',*,*,#958,.F.);
#1280 = ORIENTED_EDGE('',*,*,#339,.F.);
#1281 = ORIENTED_EDGE('',*,*,#1282,.T.);
#1282 = EDGE_CURVE('',#340,#1283,#1285,.T.);
#1283 = VERTEX_POINT('',#1284);
#1284 = CARTESIAN_POINT('',(-1.5,0.2,-0.63));
#1285 = LINE('',#1286,#1287);
#1286 = CARTESIAN_POINT('',(-1.5,-1.398881011028E-16,-0.63));
#1287 = VECTOR('',#1288,1.);
#1288 = DIRECTION('',(0.,1.,-2.22044604925E-16));
#1289 = ORIENTED_EDGE('',*,*,#1290,.T.);
#1290 = EDGE_CURVE('',#1283,#1291,#1293,.T.);
#1291 = VERTEX_POINT('',#1292);
#1292 = CARTESIAN_POINT('',(-1.5,0.2,-0.37));
#1293 = LINE('',#1294,#1295);
#1294 = CARTESIAN_POINT('',(-1.5,0.2,-0.63));
#1295 = VECTOR('',#1296,1.);
#1296 = DIRECTION('',(0.,2.22044604925E-16,1.));
#1297 = ORIENTED_EDGE('',*,*,#1298,.F.);
#1298 = EDGE_CURVE('',#365,#1291,#1299,.T.);
#1299 = LINE('',#1300,#1301);
#1300 = CARTESIAN_POINT('',(-1.5,-8.215650382226E-17,-0.37));
#1301 = VECTOR('',#1302,1.);
#1302 = DIRECTION('',(0.,1.,-2.22044604925E-16));
#1303 = ORIENTED_EDGE('',*,*,#372,.F.);
#1304 = ORIENTED_EDGE('',*,*,#1305,.T.);
#1305 = EDGE_CURVE('',#373,#1306,#1308,.T.);
#1306 = VERTEX_POINT('',#1307);
#1307 = CARTESIAN_POINT('',(-1.5,0.2,-0.13));
#1308 = LINE('',#1309,#1310);
#1309 = CARTESIAN_POINT('',(-1.5,-1.110223024625E-16,-0.13));
#1310 = VECTOR('',#1311,1.);
#1311 = DIRECTION('',(0.,1.,-2.22044604925E-16));
#1312 = ORIENTED_EDGE('',*,*,#1313,.T.);
#1313 = EDGE_CURVE('',#1306,#1314,#1316,.T.);
#1314 = VERTEX_POINT('',#1315);
#1315 = CARTESIAN_POINT('',(-1.5,0.2,0.13));
#1316 = LINE('',#1317,#1318);
#1317 = CARTESIAN_POINT('',(-1.5,0.2,-0.13));
#1318 = VECTOR('',#1319,1.);
#1319 = DIRECTION('',(0.,2.22044604925E-16,1.));
#1320 = ORIENTED_EDGE('',*,*,#1321,.F.);
#1321 = EDGE_CURVE('',#398,#1314,#1322,.T.);
#1322 = LINE('',#1323,#1324);
#1323 = CARTESIAN_POINT('',(-1.5,0.,0.13));
#1324 = VECTOR('',#1325,1.);
#1325 = DIRECTION('',(0.,1.,-2.22044604925E-16));
#1326 = ORIENTED_EDGE('',*,*,#405,.F.);
#1327 = ORIENTED_EDGE('',*,*,#1328,.T.);
#1328 = EDGE_CURVE('',#406,#1329,#1331,.T.);
#1329 = VERTEX_POINT('',#1330);
#1330 = CARTESIAN_POINT('',(-1.5,0.2,0.37));
#1331 = LINE('',#1332,#1333);
#1332 = CARTESIAN_POINT('',(-1.5,0.,0.37));
#1333 = VECTOR('',#1334,1.);
#1334 = DIRECTION('',(0.,1.,-2.22044604925E-16));
#1335 = ORIENTED_EDGE('',*,*,#1336,.T.);
#1336 = EDGE_CURVE('',#1329,#1337,#1339,.T.);
#1337 = VERTEX_POINT('',#1338);
#1338 = CARTESIAN_POINT('',(-1.5,0.2,0.63));
#1339 = LINE('',#1340,#1341);
#1340 = CARTESIAN_POINT('',(-1.5,0.2,0.37));
#1341 = VECTOR('',#1342,1.);
#1342 = DIRECTION('',(0.,2.22044604925E-16,1.));
#1343 = ORIENTED_EDGE('',*,*,#1344,.F.);
#1344 = EDGE_CURVE('',#431,#1337,#1345,.T.);
#1345 = LINE('',#1346,#1347);
#1346 = CARTESIAN_POINT('',(-1.5,0.,0.63));
#1347 = VECTOR('',#1348,1.);
#1348 = DIRECTION('',(0.,1.,-2.22044604925E-16));
#1349 = PLANE('',#1350);
#1350 = AXIS2_PLACEMENT_3D('',#1351,#1352,#1353);
#1351 = CARTESIAN_POINT('',(-1.5,3.330669073875E-16,1.5));
#1352 = DIRECTION('',(-1.,0.,0.));
#1353 = DIRECTION('',(0.,-2.22044604925E-16,-1.));
#1354 = ADVANCED_FACE('',(#1355),#1373,.T.);
#1355 = FACE_BOUND('',#1356,.T.);
#1356 = EDGE_LOOP('',(#1357,#1358,#1359,#1367));
#1357 = ORIENTED_EDGE('',*,*,#430,.T.);
#1358 = ORIENTED_EDGE('',*,*,#1344,.T.);
#1359 = ORIENTED_EDGE('',*,*,#1360,.T.);
#1360 = EDGE_CURVE('',#1337,#1361,#1363,.T.);
#1361 = VERTEX_POINT('',#1362);
#1362 = CARTESIAN_POINT('',(-0.995,0.2,0.63));
#1363 = LINE('',#1364,#1365);
#1364 = CARTESIAN_POINT('',(-1.5,0.2,0.63));
#1365 = VECTOR('',#1366,1.);
#1366 = DIRECTION('',(1.,0.,0.));
#1367 = ORIENTED_EDGE('',*,*,#1368,.F.);
#1368 = EDGE_CURVE('',#422,#1361,#1369,.T.);
#1369 = LINE('',#1370,#1371);
#1370 = CARTESIAN_POINT('',(-0.995,0.,0.63));
#1371 = VECTOR('',#1372,1.);
#1372 = DIRECTION('',(0.,1.,-2.22044604925E-16));
#1373 = PLANE('',#1374);
#1374 = AXIS2_PLACEMENT_3D('',#1375,#1376,#1377);
#1375 = CARTESIAN_POINT('',(-1.5,0.,0.63));
#1376 = DIRECTION('',(0.,-2.22044604925E-16,-1.));
#1377 = DIRECTION('',(1.,0.,0.));
#1378 = ADVANCED_FACE('',(#1379),#1398,.F.);
#1379 = FACE_BOUND('',#1380,.F.);
#1380 = EDGE_LOOP('',(#1381,#1382,#1390,#1397));
#1381 = ORIENTED_EDGE('',*,*,#421,.F.);
#1382 = ORIENTED_EDGE('',*,*,#1383,.T.);
#1383 = EDGE_CURVE('',#414,#1384,#1386,.T.);
#1384 = VERTEX_POINT('',#1385);
#1385 = CARTESIAN_POINT('',(-0.995,0.2,0.37));
#1386 = LINE('',#1387,#1388);
#1387 = CARTESIAN_POINT('',(-0.995,0.,0.37));
#1388 = VECTOR('',#1389,1.);
#1389 = DIRECTION('',(0.,1.,-2.22044604925E-16));
#1390 = ORIENTED_EDGE('',*,*,#1391,.T.);
#1391 = EDGE_CURVE('',#1384,#1361,#1392,.T.);
#1392 = CIRCLE('',#1393,0.13);
#1393 = AXIS2_PLACEMENT_3D('',#1394,#1395,#1396);
#1394 = CARTESIAN_POINT('',(-0.995,0.2,0.5));
#1395 = DIRECTION('',(0.,-1.,2.22044604925E-16));
#1396 = DIRECTION('',(1.,0.,0.));
#1397 = ORIENTED_EDGE('',*,*,#1368,.F.);
#1398 = CYLINDRICAL_SURFACE('',#1399,0.13);
#1399 = AXIS2_PLACEMENT_3D('',#1400,#1401,#1402);
#1400 = CARTESIAN_POINT('',(-0.995,0.,0.5));
#1401 = DIRECTION('',(0.,-1.,2.22044604925E-16));
#1402 = DIRECTION('',(1.,0.,0.));
#1403 = ADVANCED_FACE('',(#1404),#1415,.T.);
#1404 = FACE_BOUND('',#1405,.T.);
#1405 = EDGE_LOOP('',(#1406,#1407,#1408,#1414));
#1406 = ORIENTED_EDGE('',*,*,#413,.T.);
#1407 = ORIENTED_EDGE('',*,*,#1383,.T.);
#1408 = ORIENTED_EDGE('',*,*,#1409,.T.);
#1409 = EDGE_CURVE('',#1384,#1329,#1410,.T.);
#1410 = LINE('',#1411,#1412);
#1411 = CARTESIAN_POINT('',(-0.995,0.2,0.37));
#1412 = VECTOR('',#1413,1.);
#1413 = DIRECTION('',(-1.,0.,0.));
#1414 = ORIENTED_EDGE('',*,*,#1328,.F.);
#1415 = PLANE('',#1416);
#1416 = AXIS2_PLACEMENT_3D('',#1417,#1418,#1419);
#1417 = CARTESIAN_POINT('',(-0.995,0.,0.37));
#1418 = DIRECTION('',(0.,2.22044604925E-16,1.));
#1419 = DIRECTION('',(-1.,0.,0.));
#1420 = ADVANCED_FACE('',(#1421),#1439,.T.);
#1421 = FACE_BOUND('',#1422,.T.);
#1422 = EDGE_LOOP('',(#1423,#1424,#1425,#1433));
#1423 = ORIENTED_EDGE('',*,*,#397,.T.);
#1424 = ORIENTED_EDGE('',*,*,#1321,.T.);
#1425 = ORIENTED_EDGE('',*,*,#1426,.T.);
#1426 = EDGE_CURVE('',#1314,#1427,#1429,.T.);
#1427 = VERTEX_POINT('',#1428);
#1428 = CARTESIAN_POINT('',(-0.995,0.2,0.13));
#1429 = LINE('',#1430,#1431);
#1430 = CARTESIAN_POINT('',(-1.5,0.2,0.13));
#1431 = VECTOR('',#1432,1.);
#1432 = DIRECTION('',(1.,0.,0.));
#1433 = ORIENTED_EDGE('',*,*,#1434,.F.);
#1434 = EDGE_CURVE('',#389,#1427,#1435,.T.);
#1435 = LINE('',#1436,#1437);
#1436 = CARTESIAN_POINT('',(-0.995,0.,0.13));
#1437 = VECTOR('',#1438,1.);
#1438 = DIRECTION('',(0.,1.,-2.22044604925E-16));
#1439 = PLANE('',#1440);
#1440 = AXIS2_PLACEMENT_3D('',#1441,#1442,#1443);
#1441 = CARTESIAN_POINT('',(-1.5,0.,0.13));
#1442 = DIRECTION('',(0.,-2.22044604925E-16,-1.));
#1443 = DIRECTION('',(1.,0.,0.));
#1444 = ADVANCED_FACE('',(#1445),#1464,.F.);
#1445 = FACE_BOUND('',#1446,.F.);
#1446 = EDGE_LOOP('',(#1447,#1448,#1456,#1463));
#1447 = ORIENTED_EDGE('',*,*,#388,.F.);
#1448 = ORIENTED_EDGE('',*,*,#1449,.T.);
#1449 = EDGE_CURVE('',#381,#1450,#1452,.T.);
#1450 = VERTEX_POINT('',#1451);
#1451 = CARTESIAN_POINT('',(-0.995,0.2,-0.13));
#1452 = LINE('',#1453,#1454);
#1453 = CARTESIAN_POINT('',(-0.995,-1.110223024625E-16,-0.13));
#1454 = VECTOR('',#1455,1.);
#1455 = DIRECTION('',(0.,1.,-2.22044604925E-16));
#1456 = ORIENTED_EDGE('',*,*,#1457,.T.);
#1457 = EDGE_CURVE('',#1450,#1427,#1458,.T.);
#1458 = CIRCLE('',#1459,0.13);
#1459 = AXIS2_PLACEMENT_3D('',#1460,#1461,#1462);
#1460 = CARTESIAN_POINT('',(-0.995,0.2,-8.326672684689E-17));
#1461 = DIRECTION('',(0.,-1.,2.22044604925E-16));
#1462 = DIRECTION('',(1.,0.,0.));
#1463 = ORIENTED_EDGE('',*,*,#1434,.F.);
#1464 = CYLINDRICAL_SURFACE('',#1465,0.13);
#1465 = AXIS2_PLACEMENT_3D('',#1466,#1467,#1468);
#1466 = CARTESIAN_POINT('',(-0.995,0.,5.551115123126E-17));
#1467 = DIRECTION('',(0.,-1.,2.22044604925E-16));
#1468 = DIRECTION('',(1.,0.,0.));
#1469 = ADVANCED_FACE('',(#1470),#1481,.T.);
#1470 = FACE_BOUND('',#1471,.T.);
#1471 = EDGE_LOOP('',(#1472,#1473,#1474,#1480));
#1472 = ORIENTED_EDGE('',*,*,#380,.T.);
#1473 = ORIENTED_EDGE('',*,*,#1449,.T.);
#1474 = ORIENTED_EDGE('',*,*,#1475,.T.);
#1475 = EDGE_CURVE('',#1450,#1306,#1476,.T.);
#1476 = LINE('',#1477,#1478);
#1477 = CARTESIAN_POINT('',(-0.995,0.2,-0.13));
#1478 = VECTOR('',#1479,1.);
#1479 = DIRECTION('',(-1.,0.,0.));
#1480 = ORIENTED_EDGE('',*,*,#1305,.F.);
#1481 = PLANE('',#1482);
#1482 = AXIS2_PLACEMENT_3D('',#1483,#1484,#1485);
#1483 = CARTESIAN_POINT('',(-0.995,-1.110223024625E-16,-0.13));
#1484 = DIRECTION('',(0.,2.22044604925E-16,1.));
#1485 = DIRECTION('',(-1.,0.,0.));
#1486 = ADVANCED_FACE('',(#1487),#1505,.T.);
#1487 = FACE_BOUND('',#1488,.T.);
#1488 = EDGE_LOOP('',(#1489,#1490,#1491,#1499));
#1489 = ORIENTED_EDGE('',*,*,#364,.T.);
#1490 = ORIENTED_EDGE('',*,*,#1298,.T.);
#1491 = ORIENTED_EDGE('',*,*,#1492,.T.);
#1492 = EDGE_CURVE('',#1291,#1493,#1495,.T.);
#1493 = VERTEX_POINT('',#1494);
#1494 = CARTESIAN_POINT('',(-0.995,0.2,-0.37));
#1495 = LINE('',#1496,#1497);
#1496 = CARTESIAN_POINT('',(-1.5,0.2,-0.37));
#1497 = VECTOR('',#1498,1.);
#1498 = DIRECTION('',(1.,0.,0.));
#1499 = ORIENTED_EDGE('',*,*,#1500,.F.);
#1500 = EDGE_CURVE('',#356,#1493,#1501,.T.);
#1501 = LINE('',#1502,#1503);
#1502 = CARTESIAN_POINT('',(-0.995,-8.215650382226E-17,-0.37));
#1503 = VECTOR('',#1504,1.);
#1504 = DIRECTION('',(0.,1.,-2.22044604925E-16));
#1505 = PLANE('',#1506);
#1506 = AXIS2_PLACEMENT_3D('',#1507,#1508,#1509);
#1507 = CARTESIAN_POINT('',(-1.5,-8.215650382226E-17,-0.37));
#1508 = DIRECTION('',(0.,-2.22044604925E-16,-1.));
#1509 = DIRECTION('',(1.,0.,0.));
#1510 = ADVANCED_FACE('',(#1511),#1530,.F.);
#1511 = FACE_BOUND('',#1512,.F.);
#1512 = EDGE_LOOP('',(#1513,#1514,#1522,#1529));
#1513 = ORIENTED_EDGE('',*,*,#355,.F.);
#1514 = ORIENTED_EDGE('',*,*,#1515,.T.);
#1515 = EDGE_CURVE('',#348,#1516,#1518,.T.);
#1516 = VERTEX_POINT('',#1517);
#1517 = CARTESIAN_POINT('',(-0.995,0.2,-0.63));
#1518 = LINE('',#1519,#1520);
#1519 = CARTESIAN_POINT('',(-0.995,-1.398881011028E-16,-0.63));
#1520 = VECTOR('',#1521,1.);
#1521 = DIRECTION('',(0.,1.,-2.22044604925E-16));
#1522 = ORIENTED_EDGE('',*,*,#1523,.T.);
#1523 = EDGE_CURVE('',#1516,#1493,#1524,.T.);
#1524 = CIRCLE('',#1525,0.13);
#1525 = AXIS2_PLACEMENT_3D('',#1526,#1527,#1528);
#1526 = CARTESIAN_POINT('',(-0.995,0.2,-0.5));
#1527 = DIRECTION('',(0.,-1.,2.22044604925E-16));
#1528 = DIRECTION('',(1.,0.,0.));
#1529 = ORIENTED_EDGE('',*,*,#1500,.F.);
#1530 = CYLINDRICAL_SURFACE('',#1531,0.13);
#1531 = AXIS2_PLACEMENT_3D('',#1532,#1533,#1534);
#1532 = CARTESIAN_POINT('',(-0.995,-1.110223024625E-16,-0.5));
#1533 = DIRECTION('',(0.,-1.,2.22044604925E-16));
#1534 = DIRECTION('',(1.,0.,0.));
#1535 = ADVANCED_FACE('',(#1536),#1547,.T.);
#1536 = FACE_BOUND('',#1537,.T.);
#1537 = EDGE_LOOP('',(#1538,#1539,#1540,#1546));
#1538 = ORIENTED_EDGE('',*,*,#347,.T.);
#1539 = ORIENTED_EDGE('',*,*,#1515,.T.);
#1540 = ORIENTED_EDGE('',*,*,#1541,.T.);
#1541 = EDGE_CURVE('',#1516,#1283,#1542,.T.);
#1542 = LINE('',#1543,#1544);
#1543 = CARTESIAN_POINT('',(-0.995,0.2,-0.63));
#1544 = VECTOR('',#1545,1.);
#1545 = DIRECTION('',(-1.,0.,0.));
#1546 = ORIENTED_EDGE('',*,*,#1282,.F.);
#1547 = PLANE('',#1548);
#1548 = AXIS2_PLACEMENT_3D('',#1549,#1550,#1551);
#1549 = CARTESIAN_POINT('',(-0.995,-1.398881011028E-16,-0.63));
#1550 = DIRECTION('',(0.,2.22044604925E-16,1.));
#1551 = DIRECTION('',(-1.,0.,0.));
#1552 = ADVANCED_FACE('',(#1553),#1571,.F.);
#1553 = FACE_BOUND('',#1554,.F.);
#1554 = EDGE_LOOP('',(#1555,#1556,#1564,#1570));
#1555 = ORIENTED_EDGE('',*,*,#323,.T.);
#1556 = ORIENTED_EDGE('',*,*,#1557,.T.);
#1557 = EDGE_CURVE('',#315,#1558,#1560,.T.);
#1558 = VERTEX_POINT('',#1559);
#1559 = CARTESIAN_POINT('',(-0.63,0.2,-0.995));
#1560 = LINE('',#1561,#1562);
#1561 = CARTESIAN_POINT('',(-0.63,-2.209343819004E-16,-0.995));
#1562 = VECTOR('',#1563,1.);
#1563 = DIRECTION('',(0.,1.,-2.22044604925E-16));
#1564 = ORIENTED_EDGE('',*,*,#1565,.T.);
#1565 = EDGE_CURVE('',#1558,#1022,#1566,.T.);
#1566 = LINE('',#1567,#1568);
#1567 = CARTESIAN_POINT('',(-0.63,0.2,-0.995));
#1568 = VECTOR('',#1569,1.);
#1569 = DIRECTION('',(0.,-2.22044604925E-16,-1.));
#1570 = ORIENTED_EDGE('',*,*,#1029,.F.);
#1571 = PLANE('',#1572);
#1572 = AXIS2_PLACEMENT_3D('',#1573,#1574,#1575);
#1573 = CARTESIAN_POINT('',(-0.63,-2.209343819004E-16,-0.995));
#1574 = DIRECTION('',(-1.,0.,0.));
#1575 = DIRECTION('',(0.,-2.22044604925E-16,-1.));
#1576 = ADVANCED_FACE('',(#1577),#1596,.F.);
#1577 = FACE_BOUND('',#1578,.F.);
#1578 = EDGE_LOOP('',(#1579,#1580,#1588,#1595));
#1579 = ORIENTED_EDGE('',*,*,#314,.F.);
#1580 = ORIENTED_EDGE('',*,*,#1581,.T.);
#1581 = EDGE_CURVE('',#307,#1582,#1584,.T.);
#1582 = VERTEX_POINT('',#1583);
#1583 = CARTESIAN_POINT('',(-0.37,0.2,-0.995));
#1584 = LINE('',#1585,#1586);
#1585 = CARTESIAN_POINT('',(-0.37,-2.209343819004E-16,-0.995));
#1586 = VECTOR('',#1587,1.);
#1587 = DIRECTION('',(0.,1.,-2.22044604925E-16));
#1588 = ORIENTED_EDGE('',*,*,#1589,.T.);
#1589 = EDGE_CURVE('',#1582,#1558,#1590,.T.);
#1590 = CIRCLE('',#1591,0.13);
#1591 = AXIS2_PLACEMENT_3D('',#1592,#1593,#1594);
#1592 = CARTESIAN_POINT('',(-0.5,0.2,-0.995));
#1593 = DIRECTION('',(0.,-1.,2.22044604925E-16));
#1594 = DIRECTION('',(1.,0.,0.));
#1595 = ORIENTED_EDGE('',*,*,#1557,.F.);
#1596 = CYLINDRICAL_SURFACE('',#1597,0.13);
#1597 = AXIS2_PLACEMENT_3D('',#1598,#1599,#1600);
#1598 = CARTESIAN_POINT('',(-0.5,-2.209343819004E-16,-0.995));
#1599 = DIRECTION('',(0.,-1.,2.22044604925E-16));
#1600 = DIRECTION('',(1.,0.,0.));
#1601 = ADVANCED_FACE('',(#1602),#1613,.F.);
#1602 = FACE_BOUND('',#1603,.F.);
#1603 = EDGE_LOOP('',(#1604,#1605,#1606,#1612));
#1604 = ORIENTED_EDGE('',*,*,#306,.T.);
#1605 = ORIENTED_EDGE('',*,*,#1013,.T.);
#1606 = ORIENTED_EDGE('',*,*,#1607,.T.);
#1607 = EDGE_CURVE('',#1014,#1582,#1608,.T.);
#1608 = LINE('',#1609,#1610);
#1609 = CARTESIAN_POINT('',(-0.37,0.2,-1.5));
#1610 = VECTOR('',#1611,1.);
#1611 = DIRECTION('',(0.,2.22044604925E-16,1.));
#1612 = ORIENTED_EDGE('',*,*,#1581,.F.);
#1613 = PLANE('',#1614);
#1614 = AXIS2_PLACEMENT_3D('',#1615,#1616,#1617);
#1615 = CARTESIAN_POINT('',(-0.37,-3.330669073875E-16,-1.5));
#1616 = DIRECTION('',(1.,0.,0.));
#1617 = DIRECTION('',(0.,2.22044604925E-16,1.));
#1618 = ADVANCED_FACE('',(#1619),#1637,.F.);
#1619 = FACE_BOUND('',#1620,.F.);
#1620 = EDGE_LOOP('',(#1621,#1622,#1630,#1636));
#1621 = ORIENTED_EDGE('',*,*,#290,.T.);
#1622 = ORIENTED_EDGE('',*,*,#1623,.T.);
#1623 = EDGE_CURVE('',#282,#1624,#1626,.T.);
#1624 = VERTEX_POINT('',#1625);
#1625 = CARTESIAN_POINT('',(-0.13,0.2,-0.995));
#1626 = LINE('',#1627,#1628);
#1627 = CARTESIAN_POINT('',(-0.13,-2.209343819004E-16,-0.995));
#1628 = VECTOR('',#1629,1.);
#1629 = DIRECTION('',(0.,1.,-2.22044604925E-16));
#1630 = ORIENTED_EDGE('',*,*,#1631,.T.);
#1631 = EDGE_CURVE('',#1624,#999,#1632,.T.);
#1632 = LINE('',#1633,#1634);
#1633 = CARTESIAN_POINT('',(-0.13,0.2,-0.995));
#1634 = VECTOR('',#1635,1.);
#1635 = DIRECTION('',(0.,-2.22044604925E-16,-1.));
#1636 = ORIENTED_EDGE('',*,*,#1006,.F.);
#1637 = PLANE('',#1638);
#1638 = AXIS2_PLACEMENT_3D('',#1639,#1640,#1641);
#1639 = CARTESIAN_POINT('',(-0.13,-2.209343819004E-16,-0.995));
#1640 = DIRECTION('',(-1.,0.,0.));
#1641 = DIRECTION('',(0.,-2.22044604925E-16,-1.));
#1642 = ADVANCED_FACE('',(#1643),#1662,.F.);
#1643 = FACE_BOUND('',#1644,.F.);
#1644 = EDGE_LOOP('',(#1645,#1646,#1654,#1661));
#1645 = ORIENTED_EDGE('',*,*,#281,.F.);
#1646 = ORIENTED_EDGE('',*,*,#1647,.T.);
#1647 = EDGE_CURVE('',#274,#1648,#1650,.T.);
#1648 = VERTEX_POINT('',#1649);
#1649 = CARTESIAN_POINT('',(0.13,0.2,-0.995));
#1650 = LINE('',#1651,#1652);
#1651 = CARTESIAN_POINT('',(0.13,-2.209343819004E-16,-0.995));
#1652 = VECTOR('',#1653,1.);
#1653 = DIRECTION('',(0.,1.,-2.22044604925E-16));
#1654 = ORIENTED_EDGE('',*,*,#1655,.T.);
#1655 = EDGE_CURVE('',#1648,#1624,#1656,.T.);
#1656 = CIRCLE('',#1657,0.13);
#1657 = AXIS2_PLACEMENT_3D('',#1658,#1659,#1660);
#1658 = CARTESIAN_POINT('',(0.,0.2,-0.995));
#1659 = DIRECTION('',(0.,-1.,2.22044604925E-16));
#1660 = DIRECTION('',(1.,0.,0.));
#1661 = ORIENTED_EDGE('',*,*,#1623,.F.);
#1662 = CYLINDRICAL_SURFACE('',#1663,0.13);
#1663 = AXIS2_PLACEMENT_3D('',#1664,#1665,#1666);
#1664 = CARTESIAN_POINT('',(0.,-2.209343819004E-16,-0.995));
#1665 = DIRECTION('',(0.,-1.,2.22044604925E-16));
#1666 = DIRECTION('',(1.,0.,0.));
#1667 = ADVANCED_FACE('',(#1668),#1679,.F.);
#1668 = FACE_BOUND('',#1669,.F.);
#1669 = EDGE_LOOP('',(#1670,#1671,#1672,#1678));
#1670 = ORIENTED_EDGE('',*,*,#273,.T.);
#1671 = ORIENTED_EDGE('',*,*,#990,.T.);
#1672 = ORIENTED_EDGE('',*,*,#1673,.T.);
#1673 = EDGE_CURVE('',#991,#1648,#1674,.T.);
#1674 = LINE('',#1675,#1676);
#1675 = CARTESIAN_POINT('',(0.13,0.2,-1.5));
#1676 = VECTOR('',#1677,1.);
#1677 = DIRECTION('',(0.,2.22044604925E-16,1.));
#1678 = ORIENTED_EDGE('',*,*,#1647,.F.);
#1679 = PLANE('',#1680);
#1680 = AXIS2_PLACEMENT_3D('',#1681,#1682,#1683);
#1681 = CARTESIAN_POINT('',(0.13,-3.330669073875E-16,-1.5));
#1682 = DIRECTION('',(1.,0.,0.));
#1683 = DIRECTION('',(0.,2.22044604925E-16,1.));
#1684 = ADVANCED_FACE('',(#1685),#1703,.F.);
#1685 = FACE_BOUND('',#1686,.F.);
#1686 = EDGE_LOOP('',(#1687,#1688,#1696,#1702));
#1687 = ORIENTED_EDGE('',*,*,#257,.T.);
#1688 = ORIENTED_EDGE('',*,*,#1689,.T.);
#1689 = EDGE_CURVE('',#249,#1690,#1692,.T.);
#1690 = VERTEX_POINT('',#1691);
#1691 = CARTESIAN_POINT('',(0.37,0.2,-0.995));
#1692 = LINE('',#1693,#1694);
#1693 = CARTESIAN_POINT('',(0.37,-2.209343819004E-16,-0.995));
#1694 = VECTOR('',#1695,1.);
#1695 = DIRECTION('',(0.,1.,-2.22044604925E-16));
#1696 = ORIENTED_EDGE('',*,*,#1697,.T.);
#1697 = EDGE_CURVE('',#1690,#976,#1698,.T.);
#1698 = LINE('',#1699,#1700);
#1699 = CARTESIAN_POINT('',(0.37,0.2,-0.995));
#1700 = VECTOR('',#1701,1.);
#1701 = DIRECTION('',(0.,-2.22044604925E-16,-1.));
#1702 = ORIENTED_EDGE('',*,*,#983,.F.);
#1703 = PLANE('',#1704);
#1704 = AXIS2_PLACEMENT_3D('',#1705,#1706,#1707);
#1705 = CARTESIAN_POINT('',(0.37,-2.209343819004E-16,-0.995));
#1706 = DIRECTION('',(-1.,0.,0.));
#1707 = DIRECTION('',(0.,-2.22044604925E-16,-1.));
#1708 = ADVANCED_FACE('',(#1709),#1728,.F.);
#1709 = FACE_BOUND('',#1710,.F.);
#1710 = EDGE_LOOP('',(#1711,#1712,#1720,#1727));
#1711 = ORIENTED_EDGE('',*,*,#248,.F.);
#1712 = ORIENTED_EDGE('',*,*,#1713,.T.);
#1713 = EDGE_CURVE('',#241,#1714,#1716,.T.);
#1714 = VERTEX_POINT('',#1715);
#1715 = CARTESIAN_POINT('',(0.63,0.2,-0.995));
#1716 = LINE('',#1717,#1718);
#1717 = CARTESIAN_POINT('',(0.63,-2.209343819004E-16,-0.995));
#1718 = VECTOR('',#1719,1.);
#1719 = DIRECTION('',(0.,1.,-2.22044604925E-16));
#1720 = ORIENTED_EDGE('',*,*,#1721,.T.);
#1721 = EDGE_CURVE('',#1714,#1690,#1722,.T.);
#1722 = CIRCLE('',#1723,0.13);
#1723 = AXIS2_PLACEMENT_3D('',#1724,#1725,#1726);
#1724 = CARTESIAN_POINT('',(0.5,0.2,-0.995));
#1725 = DIRECTION('',(0.,-1.,2.22044604925E-16));
#1726 = DIRECTION('',(1.,0.,0.));
#1727 = ORIENTED_EDGE('',*,*,#1689,.F.);
#1728 = CYLINDRICAL_SURFACE('',#1729,0.13);
#1729 = AXIS2_PLACEMENT_3D('',#1730,#1731,#1732);
#1730 = CARTESIAN_POINT('',(0.5,-2.209343819004E-16,-0.995));
#1731 = DIRECTION('',(0.,-1.,2.22044604925E-16));
#1732 = DIRECTION('',(1.,0.,0.));
#1733 = ADVANCED_FACE('',(#1734),#1745,.F.);
#1734 = FACE_BOUND('',#1735,.F.);
#1735 = EDGE_LOOP('',(#1736,#1737,#1738,#1744));
#1736 = ORIENTED_EDGE('',*,*,#240,.T.);
#1737 = ORIENTED_EDGE('',*,*,#967,.T.);
#1738 = ORIENTED_EDGE('',*,*,#1739,.T.);
#1739 = EDGE_CURVE('',#968,#1714,#1740,.T.);
#1740 = LINE('',#1741,#1742);
#1741 = CARTESIAN_POINT('',(0.63,0.2,-1.5));
#1742 = VECTOR('',#1743,1.);
#1743 = DIRECTION('',(0.,2.22044604925E-16,1.));
#1744 = ORIENTED_EDGE('',*,*,#1713,.F.);
#1745 = PLANE('',#1746);
#1746 = AXIS2_PLACEMENT_3D('',#1747,#1748,#1749);
#1747 = CARTESIAN_POINT('',(0.63,-3.330669073875E-16,-1.5));
#1748 = DIRECTION('',(1.,0.,0.));
#1749 = DIRECTION('',(0.,2.22044604925E-16,1.));
#1750 = ADVANCED_FACE('',(#1751),#1757,.F.);
#1751 = FACE_BOUND('',#1752,.F.);
#1752 = EDGE_LOOP('',(#1753,#1754,#1755,#1756));
#1753 = ORIENTED_EDGE('',*,*,#900,.T.);
#1754 = ORIENTED_EDGE('',*,*,#1081,.T.);
#1755 = ORIENTED_EDGE('',*,*,#1112,.F.);
#1756 = ORIENTED_EDGE('',*,*,#1130,.T.);
#1757 = PLANE('',#1758);
#1758 = AXIS2_PLACEMENT_3D('',#1759,#1760,#1761);
#1759 = CARTESIAN_POINT('',(0.5,0.2,1.210092374308));
#1760 = DIRECTION('',(0.,1.,0.));
#1761 = DIRECTION('',(0.,0.,1.));
#1762 = ADVANCED_FACE('',(#1763),#1769,.F.);
#1763 = FACE_BOUND('',#1764,.F.);
#1764 = EDGE_LOOP('',(#1765,#1766,#1767,#1768));
#1765 = ORIENTED_EDGE('',*,*,#877,.T.);
#1766 = ORIENTED_EDGE('',*,*,#1147,.T.);
#1767 = ORIENTED_EDGE('',*,*,#1178,.F.);
#1768 = ORIENTED_EDGE('',*,*,#1196,.T.);
#1769 = PLANE('',#1770);
#1770 = AXIS2_PLACEMENT_3D('',#1771,#1772,#1773);
#1771 = CARTESIAN_POINT('',(1.110223024625E-16,0.2,1.210092374308));
#1772 = DIRECTION('',(0.,1.,0.));
#1773 = DIRECTION('',(0.,0.,1.));
#1774 = ADVANCED_FACE('',(#1775),#1781,.F.);
#1775 = FACE_BOUND('',#1776,.F.);
#1776 = EDGE_LOOP('',(#1777,#1778,#1779,#1780));
#1777 = ORIENTED_EDGE('',*,*,#854,.T.);
#1778 = ORIENTED_EDGE('',*,*,#1213,.T.);
#1779 = ORIENTED_EDGE('',*,*,#1244,.F.);
#1780 = ORIENTED_EDGE('',*,*,#1262,.T.);
#1781 = PLANE('',#1782);
#1782 = AXIS2_PLACEMENT_3D('',#1783,#1784,#1785);
#1783 = CARTESIAN_POINT('',(-0.5,0.2,1.210092374308));
#1784 = DIRECTION('',(0.,1.,0.));
#1785 = DIRECTION('',(0.,0.,1.));
#1786 = ADVANCED_FACE('',(#1787),#1806,.F.);
#1787 = FACE_BOUND('',#1788,.F.);
#1788 = EDGE_LOOP('',(#1789,#1797,#1804,#1805));
#1789 = ORIENTED_EDGE('',*,*,#1790,.T.);
#1790 = EDGE_CURVE('',#941,#1791,#1793,.T.);
#1791 = VERTEX_POINT('',#1792);
#1792 = CARTESIAN_POINT('',(-0.921428571429,0.999,-1.071428571429));
#1793 = LINE('',#1794,#1795);
#1794 = CARTESIAN_POINT('',(-0.921428571429,1.,-1.071428571429));
#1795 = VECTOR('',#1796,1.);
#1796 = DIRECTION('',(0.,-1.,-2.22044604925E-16));
#1797 = ORIENTED_EDGE('',*,*,#1798,.T.);
#1798 = EDGE_CURVE('',#1791,#1791,#1799,.T.);
#1799 = CIRCLE('',#1800,0.15);
#1800 = AXIS2_PLACEMENT_3D('',#1801,#1802,#1803);
#1801 = CARTESIAN_POINT('',(-1.071428571429,0.999,-1.071428571429));
#1802 = DIRECTION('',(-0.,1.,2.22044604925E-16));
#1803 = DIRECTION('',(1.,0.,0.));
#1804 = ORIENTED_EDGE('',*,*,#1790,.F.);
#1805 = ORIENTED_EDGE('',*,*,#940,.F.);
#1806 = CYLINDRICAL_SURFACE('',#1807,0.15);
#1807 = AXIS2_PLACEMENT_3D('',#1808,#1809,#1810);
#1808 = CARTESIAN_POINT('',(-1.071428571429,1.,-1.071428571429));
#1809 = DIRECTION('',(0.,1.,2.22044604925E-16));
#1810 = DIRECTION('',(1.,0.,0.));
#1811 = ADVANCED_FACE('',(#1812),#1818,.F.);
#1812 = FACE_BOUND('',#1813,.T.);
#1813 = EDGE_LOOP('',(#1814,#1815,#1816,#1817));
#1814 = ORIENTED_EDGE('',*,*,#1607,.T.);
#1815 = ORIENTED_EDGE('',*,*,#1589,.T.);
#1816 = ORIENTED_EDGE('',*,*,#1565,.T.);
#1817 = ORIENTED_EDGE('',*,*,#1021,.T.);
#1818 = PLANE('',#1819);
#1819 = AXIS2_PLACEMENT_3D('',#1820,#1821,#1822);
#1820 = CARTESIAN_POINT('',(-0.5,0.2,-1.210092374308));
#1821 = DIRECTION('',(0.,1.,0.));
#1822 = DIRECTION('',(0.,0.,1.));
#1823 = ADVANCED_FACE('',(#1824),#1830,.F.);
#1824 = FACE_BOUND('',#1825,.T.);
#1825 = EDGE_LOOP('',(#1826,#1827,#1828,#1829));
#1826 = ORIENTED_EDGE('',*,*,#1673,.T.);
#1827 = ORIENTED_EDGE('',*,*,#1655,.T.);
#1828 = ORIENTED_EDGE('',*,*,#1631,.T.);
#1829 = ORIENTED_EDGE('',*,*,#998,.T.);
#1830 = PLANE('',#1831);
#1831 = AXIS2_PLACEMENT_3D('',#1832,#1833,#1834);
#1832 = CARTESIAN_POINT('',(-1.110223024625E-16,0.2,-1.210092374308));
#1833 = DIRECTION('',(0.,1.,0.));
#1834 = DIRECTION('',(0.,0.,1.));
#1835 = ADVANCED_FACE('',(#1836),#1842,.F.);
#1836 = FACE_BOUND('',#1837,.T.);
#1837 = EDGE_LOOP('',(#1838,#1839,#1840,#1841));
#1838 = ORIENTED_EDGE('',*,*,#1739,.T.);
#1839 = ORIENTED_EDGE('',*,*,#1721,.T.);
#1840 = ORIENTED_EDGE('',*,*,#1697,.T.);
#1841 = ORIENTED_EDGE('',*,*,#975,.T.);
#1842 = PLANE('',#1843);
#1843 = AXIS2_PLACEMENT_3D('',#1844,#1845,#1846);
#1844 = CARTESIAN_POINT('',(0.5,0.2,-1.210092374308));
#1845 = DIRECTION('',(0.,1.,0.));
#1846 = DIRECTION('',(0.,0.,1.));
#1847 = ADVANCED_FACE('',(#1848),#1854,.F.);
#1848 = FACE_BOUND('',#1849,.F.);
#1849 = EDGE_LOOP('',(#1850,#1851,#1852,#1853));
#1850 = ORIENTED_EDGE('',*,*,#1336,.T.);
#1851 = ORIENTED_EDGE('',*,*,#1360,.T.);
#1852 = ORIENTED_EDGE('',*,*,#1391,.F.);
#1853 = ORIENTED_EDGE('',*,*,#1409,.T.);
#1854 = PLANE('',#1855);
#1855 = AXIS2_PLACEMENT_3D('',#1856,#1857,#1858);
#1856 = CARTESIAN_POINT('',(-1.210092374308,0.2,0.5));
#1857 = DIRECTION('',(0.,1.,0.));
#1858 = DIRECTION('',(0.,0.,1.));
#1859 = ADVANCED_FACE('',(#1860),#1866,.F.);
#1860 = FACE_BOUND('',#1861,.F.);
#1861 = EDGE_LOOP('',(#1862,#1863,#1864,#1865));
#1862 = ORIENTED_EDGE('',*,*,#1313,.T.);
#1863 = ORIENTED_EDGE('',*,*,#1426,.T.);
#1864 = ORIENTED_EDGE('',*,*,#1457,.F.);
#1865 = ORIENTED_EDGE('',*,*,#1475,.T.);
#1866 = PLANE('',#1867);
#1867 = AXIS2_PLACEMENT_3D('',#1868,#1869,#1870);
#1868 = CARTESIAN_POINT('',(-1.210092374308,0.2,-5.551115123126E-17));
#1869 = DIRECTION('',(0.,1.,0.));
#1870 = DIRECTION('',(0.,0.,1.));
#1871 = ADVANCED_FACE('',(#1872),#1878,.F.);
#1872 = FACE_BOUND('',#1873,.F.);
#1873 = EDGE_LOOP('',(#1874,#1875,#1876,#1877));
#1874 = ORIENTED_EDGE('',*,*,#1290,.T.);
#1875 = ORIENTED_EDGE('',*,*,#1492,.T.);
#1876 = ORIENTED_EDGE('',*,*,#1523,.F.);
#1877 = ORIENTED_EDGE('',*,*,#1541,.T.);
#1878 = PLANE('',#1879);
#1879 = AXIS2_PLACEMENT_3D('',#1880,#1881,#1882);
#1880 = CARTESIAN_POINT('',(-1.210092374308,0.2,-0.5));
#1881 = DIRECTION('',(0.,1.,0.));
#1882 = DIRECTION('',(0.,0.,1.));
#1883 = ADVANCED_FACE('',(#1884),#1887,.T.);
#1884 = FACE_BOUND('',#1885,.T.);
#1885 = EDGE_LOOP('',(#1886));
#1886 = ORIENTED_EDGE('',*,*,#1798,.T.);
#1887 = PLANE('',#1888);
#1888 = AXIS2_PLACEMENT_3D('',#1889,#1890,#1891);
#1889 = CARTESIAN_POINT('',(-1.071428571429,0.999,-1.071428571429));
#1890 = DIRECTION('',(0.,1.,0.));
#1891 = DIRECTION('',(0.,0.,1.));
#1892 = ( GEOMETRIC_REPRESENTATION_CONTEXT(3) 
GLOBAL_UNCERTAINTY_ASSIGNED_CONTEXT((#1896)) 
GLOBAL_UNIT_ASSIGNED_CONTEXT((#1893,#1894,#1895)) REPRESENTATION_CONTEXT
('Context #1','3D Context with UNIT and UNCERTAINTY') );
#1893 = ( LENGTH_UNIT() NAMED_UNIT(*) SI_UNIT(.MILLI.,.METRE.) );
#1894 = ( NAMED_UNIT(*) PLANE_ANGLE_UNIT() SI_UNIT($,.RADIAN.) );
#1895 = ( NAMED_UNIT(*) SI_UNIT($,.STERADIAN.) SOLID_ANGLE_UNIT() );
#1896 = UNCERTAINTY_MEASURE_WITH_UNIT(LENGTH_MEASURE(1.E-06),#1893,
  'distance_accuracy_value','confusion accuracy');
#1897 = CONTEXT_DEPENDENT_SHAPE_REPRESENTATION(#1898,#1900);
#1898 = ( REPRESENTATION_RELATIONSHIP('','',#88,#10) 
REPRESENTATION_RELATIONSHIP_WITH_TRANSFORMATION(#1899) 
SHAPE_REPRESENTATION_RELATIONSHIP() );
#1899 = ITEM_DEFINED_TRANSFORMATION('','',#11,#15);
#1900 = PRODUCT_DEFINITION_SHAPE('Placement','Placement of an item',
  #1901);
#1901 = NEXT_ASSEMBLY_USAGE_OCCURRENCE('28035','Body_Solid1','',#5,#83,$
  );
#1902 = PRODUCT_RELATED_PRODUCT_CATEGORY('part',$,(#85));
#1903 = SHAPE_DEFINITION_REPRESENTATION(#1904,#1910);
#1904 = PRODUCT_DEFINITION_SHAPE('','',#1905);
#1905 = PRODUCT_DEFINITION('design','',#1906,#1909);
#1906 = PRODUCT_DEFINITION_FORMATION('','',#1907);
#1907 = PRODUCT('Body001_Solid1','Body001_Solid1','',(#1908));
#1908 = PRODUCT_CONTEXT('',#2,'mechanical');
#1909 = PRODUCT_DEFINITION_CONTEXT('part definition',#2,'design');
#1910 = ADVANCED_BREP_SHAPE_REPRESENTATION('',(#11,#1911),#2063);
#1911 = MANIFOLD_SOLID_BREP('',#1912);
#1912 = CLOSED_SHELL('',(#1913,#1953,#1986,#2017,#2039,#2051));
#1913 = ADVANCED_FACE('',(#1914),#1948,.F.);
#1914 = FACE_BOUND('',#1915,.F.);
#1915 = EDGE_LOOP('',(#1916,#1926,#1934,#1942));
#1916 = ORIENTED_EDGE('',*,*,#1917,.T.);
#1917 = EDGE_CURVE('',#1918,#1920,#1922,.T.);
#1918 = VERTEX_POINT('',#1919);
#1919 = CARTESIAN_POINT('',(0.63,3.330669073875E-16,1.5));
#1920 = VERTEX_POINT('',#1921);
#1921 = CARTESIAN_POINT('',(0.63,0.2,1.5));
#1922 = LINE('',#1923,#1924);
#1923 = CARTESIAN_POINT('',(0.63,3.330669073875E-16,1.5));
#1924 = VECTOR('',#1925,1.);
#1925 = DIRECTION('',(-0.,1.,-2.22044604925E-16));
#1926 = ORIENTED_EDGE('',*,*,#1927,.T.);
#1927 = EDGE_CURVE('',#1920,#1928,#1930,.T.);
#1928 = VERTEX_POINT('',#1929);
#1929 = CARTESIAN_POINT('',(0.63,0.2,0.995));
#1930 = LINE('',#1931,#1932);
#1931 = CARTESIAN_POINT('',(0.63,0.2,1.5));
#1932 = VECTOR('',#1933,1.);
#1933 = DIRECTION('',(0.,-2.22044604925E-16,-1.));
#1934 = ORIENTED_EDGE('',*,*,#1935,.F.);
#1935 = EDGE_CURVE('',#1936,#1928,#1938,.T.);
#1936 = VERTEX_POINT('',#1937);
#1937 = CARTESIAN_POINT('',(0.63,2.209343819004E-16,0.995));
#1938 = LINE('',#1939,#1940);
#1939 = CARTESIAN_POINT('',(0.63,2.209343819004E-16,0.995));
#1940 = VECTOR('',#1941,1.);
#1941 = DIRECTION('',(-0.,1.,-2.22044604925E-16));
#1942 = ORIENTED_EDGE('',*,*,#1943,.F.);
#1943 = EDGE_CURVE('',#1918,#1936,#1944,.T.);
#1944 = LINE('',#1945,#1946);
#1945 = CARTESIAN_POINT('',(0.63,3.330669073875E-16,1.5));
#1946 = VECTOR('',#1947,1.);
#1947 = DIRECTION('',(0.,-2.22044604925E-16,-1.));
#1948 = PLANE('',#1949);
#1949 = AXIS2_PLACEMENT_3D('',#1950,#1951,#1952);
#1950 = CARTESIAN_POINT('',(0.63,3.330669073875E-16,1.5));
#1951 = DIRECTION('',(-1.,-0.,0.));
#1952 = DIRECTION('',(0.,-2.22044604925E-16,-1.));
#1953 = ADVANCED_FACE('',(#1954),#1981,.T.);
#1954 = FACE_BOUND('',#1955,.T.);
#1955 = EDGE_LOOP('',(#1956,#1966,#1973,#1974));
#1956 = ORIENTED_EDGE('',*,*,#1957,.T.);
#1957 = EDGE_CURVE('',#1958,#1960,#1962,.T.);
#1958 = VERTEX_POINT('',#1959);
#1959 = CARTESIAN_POINT('',(0.37,2.209343819004E-16,0.995));
#1960 = VERTEX_POINT('',#1961);
#1961 = CARTESIAN_POINT('',(0.37,0.2,0.995));
#1962 = LINE('',#1963,#1964);
#1963 = CARTESIAN_POINT('',(0.37,2.209343819004E-16,0.995));
#1964 = VECTOR('',#1965,1.);
#1965 = DIRECTION('',(-0.,1.,-2.22044604925E-16));
#1966 = ORIENTED_EDGE('',*,*,#1967,.T.);
#1967 = EDGE_CURVE('',#1960,#1928,#1968,.T.);
#1968 = CIRCLE('',#1969,0.13);
#1969 = AXIS2_PLACEMENT_3D('',#1970,#1971,#1972);
#1970 = CARTESIAN_POINT('',(0.5,0.2,0.995));
#1971 = DIRECTION('',(0.,-1.,2.22044604925E-16));
#1972 = DIRECTION('',(1.,0.,0.));
#1973 = ORIENTED_EDGE('',*,*,#1935,.F.);
#1974 = ORIENTED_EDGE('',*,*,#1975,.F.);
#1975 = EDGE_CURVE('',#1958,#1936,#1976,.T.);
#1976 = CIRCLE('',#1977,0.13);
#1977 = AXIS2_PLACEMENT_3D('',#1978,#1979,#1980);
#1978 = CARTESIAN_POINT('',(0.5,2.209343819004E-16,0.995));
#1979 = DIRECTION('',(0.,-1.,2.22044604925E-16));
#1980 = DIRECTION('',(1.,0.,0.));
#1981 = CYLINDRICAL_SURFACE('',#1982,0.13);
#1982 = AXIS2_PLACEMENT_3D('',#1983,#1984,#1985);
#1983 = CARTESIAN_POINT('',(0.5,2.209343819004E-16,0.995));
#1984 = DIRECTION('',(0.,-1.,2.22044604925E-16));
#1985 = DIRECTION('',(1.,0.,0.));
#1986 = ADVANCED_FACE('',(#1987),#2012,.F.);
#1987 = FACE_BOUND('',#1988,.F.);
#1988 = EDGE_LOOP('',(#1989,#1990,#1998,#2006));
#1989 = ORIENTED_EDGE('',*,*,#1957,.T.);
#1990 = ORIENTED_EDGE('',*,*,#1991,.T.);
#1991 = EDGE_CURVE('',#1960,#1992,#1994,.T.);
#1992 = VERTEX_POINT('',#1993);
#1993 = CARTESIAN_POINT('',(0.37,0.2,1.5));
#1994 = LINE('',#1995,#1996);
#1995 = CARTESIAN_POINT('',(0.37,0.2,0.995));
#1996 = VECTOR('',#1997,1.);
#1997 = DIRECTION('',(0.,2.22044604925E-16,1.));
#1998 = ORIENTED_EDGE('',*,*,#1999,.F.);
#1999 = EDGE_CURVE('',#2000,#1992,#2002,.T.);
#2000 = VERTEX_POINT('',#2001);
#2001 = CARTESIAN_POINT('',(0.37,3.330669073875E-16,1.5));
#2002 = LINE('',#2003,#2004);
#2003 = CARTESIAN_POINT('',(0.37,3.330669073875E-16,1.5));
#2004 = VECTOR('',#2005,1.);
#2005 = DIRECTION('',(-0.,1.,-2.22044604925E-16));
#2006 = ORIENTED_EDGE('',*,*,#2007,.F.);
#2007 = EDGE_CURVE('',#1958,#2000,#2008,.T.);
#2008 = LINE('',#2009,#2010);
#2009 = CARTESIAN_POINT('',(0.37,2.209343819004E-16,0.995));
#2010 = VECTOR('',#2011,1.);
#2011 = DIRECTION('',(0.,2.22044604925E-16,1.));
#2012 = PLANE('',#2013);
#2013 = AXIS2_PLACEMENT_3D('',#2014,#2015,#2016);
#2014 = CARTESIAN_POINT('',(0.37,2.209343819004E-16,0.995));
#2015 = DIRECTION('',(1.,0.,0.));
#2016 = DIRECTION('',(0.,2.22044604925E-16,1.));
#2017 = ADVANCED_FACE('',(#2018),#2034,.F.);
#2018 = FACE_BOUND('',#2019,.F.);
#2019 = EDGE_LOOP('',(#2020,#2021,#2027,#2028));
#2020 = ORIENTED_EDGE('',*,*,#1999,.T.);
#2021 = ORIENTED_EDGE('',*,*,#2022,.T.);
#2022 = EDGE_CURVE('',#1992,#1920,#2023,.T.);
#2023 = LINE('',#2024,#2025);
#2024 = CARTESIAN_POINT('',(0.37,0.2,1.5));
#2025 = VECTOR('',#2026,1.);
#2026 = DIRECTION('',(1.,0.,0.));
#2027 = ORIENTED_EDGE('',*,*,#1917,.F.);
#2028 = ORIENTED_EDGE('',*,*,#2029,.F.);
#2029 = EDGE_CURVE('',#2000,#1918,#2030,.T.);
#2030 = LINE('',#2031,#2032);
#2031 = CARTESIAN_POINT('',(0.37,3.330669073875E-16,1.5));
#2032 = VECTOR('',#2033,1.);
#2033 = DIRECTION('',(1.,0.,0.));
#2034 = PLANE('',#2035);
#2035 = AXIS2_PLACEMENT_3D('',#2036,#2037,#2038);
#2036 = CARTESIAN_POINT('',(0.37,3.330669073875E-16,1.5));
#2037 = DIRECTION('',(0.,-2.22044604925E-16,-1.));
#2038 = DIRECTION('',(1.,0.,0.));
#2039 = ADVANCED_FACE('',(#2040),#2046,.F.);
#2040 = FACE_BOUND('',#2041,.F.);
#2041 = EDGE_LOOP('',(#2042,#2043,#2044,#2045));
#2042 = ORIENTED_EDGE('',*,*,#1943,.T.);
#2043 = ORIENTED_EDGE('',*,*,#1975,.F.);
#2044 = ORIENTED_EDGE('',*,*,#2007,.T.);
#2045 = ORIENTED_EDGE('',*,*,#2029,.T.);
#2046 = PLANE('',#2047);
#2047 = AXIS2_PLACEMENT_3D('',#2048,#2049,#2050);
#2048 = CARTESIAN_POINT('',(0.5,2.686944831761E-16,1.210092374308));
#2049 = DIRECTION('',(0.,1.,0.));
#2050 = DIRECTION('',(0.,0.,1.));
#2051 = ADVANCED_FACE('',(#2052),#2058,.T.);
#2052 = FACE_BOUND('',#2053,.T.);
#2053 = EDGE_LOOP('',(#2054,#2055,#2056,#2057));
#2054 = ORIENTED_EDGE('',*,*,#1927,.T.);
#2055 = ORIENTED_EDGE('',*,*,#1967,.F.);
#2056 = ORIENTED_EDGE('',*,*,#1991,.T.);
#2057 = ORIENTED_EDGE('',*,*,#2022,.T.);
#2058 = PLANE('',#2059);
#2059 = AXIS2_PLACEMENT_3D('',#2060,#2061,#2062);
#2060 = CARTESIAN_POINT('',(0.5,0.2,1.210092374308));
#2061 = DIRECTION('',(0.,1.,0.));
#2062 = DIRECTION('',(0.,0.,1.));
#2063 = ( GEOMETRIC_REPRESENTATION_CONTEXT(3) 
GLOBAL_UNCERTAINTY_ASSIGNED_CONTEXT((#2067)) 
GLOBAL_UNIT_ASSIGNED_CONTEXT((#2064,#2065,#2066)) REPRESENTATION_CONTEXT
('Context #1','3D Context with UNIT and UNCERTAINTY') );
#2064 = ( LENGTH_UNIT() NAMED_UNIT(*) SI_UNIT(.MILLI.,.METRE.) );
#2065 = ( NAMED_UNIT(*) PLANE_ANGLE_UNIT() SI_UNIT($,.RADIAN.) );
#2066 = ( NAMED_UNIT(*) SI_UNIT($,.STERADIAN.) SOLID_ANGLE_UNIT() );
#2067 = UNCERTAINTY_MEASURE_WITH_UNIT(LENGTH_MEASURE(1.E-07),#2064,
  'distance_accuracy_value','confusion accuracy');
#2068 = CONTEXT_DEPENDENT_SHAPE_REPRESENTATION(#2069,#2071);
#2069 = ( REPRESENTATION_RELATIONSHIP('','',#1910,#10) 
REPRESENTATION_RELATIONSHIP_WITH_TRANSFORMATION(#2070) 
SHAPE_REPRESENTATION_RELATIONSHIP() );
#2070 = ITEM_DEFINED_TRANSFORMATION('','',#11,#19);
#2071 = PRODUCT_DEFINITION_SHAPE('Placement','Placement of an item',
  #2072);
#2072 = NEXT_ASSEMBLY_USAGE_OCCURRENCE('28036','Body001_Solid1','',#5,
  #1905,$);
#2073 = PRODUCT_RELATED_PRODUCT_CATEGORY('part',$,(#1907));
#2074 = SHAPE_DEFINITION_REPRESENTATION(#2075,#2081);
#2075 = PRODUCT_DEFINITION_SHAPE('','',#2076);
#2076 = PRODUCT_DEFINITION('design','',#2077,#2080);
#2077 = PRODUCT_DEFINITION_FORMATION('','',#2078);
#2078 = PRODUCT('Array_Solid1','Array_Solid1','',(#2079));
#2079 = PRODUCT_CONTEXT('',#2,'mechanical');
#2080 = PRODUCT_DEFINITION_CONTEXT('part definition',#2,'design');
#2081 = ADVANCED_BREP_SHAPE_REPRESENTATION('',(#11,#2082),#2234);
#2082 = MANIFOLD_SOLID_BREP('',#2083);
#2083 = CLOSED_SHELL('',(#2084,#2124,#2157,#2188,#2210,#2222));
#2084 = ADVANCED_FACE('',(#2085),#2119,.F.);
#2085 = FACE_BOUND('',#2086,.T.);
#2086 = EDGE_LOOP('',(#2087,#2097,#2105,#2113));
#2087 = ORIENTED_EDGE('',*,*,#2088,.T.);
#2088 = EDGE_CURVE('',#2089,#2091,#2093,.T.);
#2089 = VERTEX_POINT('',#2090);
#2090 = CARTESIAN_POINT('',(0.63,3.330669073875E-16,-1.5));
#2091 = VERTEX_POINT('',#2092);
#2092 = CARTESIAN_POINT('',(0.63,0.2,-1.5));
#2093 = LINE('',#2094,#2095);
#2094 = CARTESIAN_POINT('',(0.63,3.330669073875E-16,-1.5));
#2095 = VECTOR('',#2096,1.);
#2096 = DIRECTION('',(-0.,1.,2.22044604925E-16));
#2097 = ORIENTED_EDGE('',*,*,#2098,.T.);
#2098 = EDGE_CURVE('',#2091,#2099,#2101,.T.);
#2099 = VERTEX_POINT('',#2100);
#2100 = CARTESIAN_POINT('',(0.63,0.2,-0.995));
#2101 = LINE('',#2102,#2103);
#2102 = CARTESIAN_POINT('',(0.63,0.2,-1.5));
#2103 = VECTOR('',#2104,1.);
#2104 = DIRECTION('',(0.,-2.22044604925E-16,1.));
#2105 = ORIENTED_EDGE('',*,*,#2106,.F.);
#2106 = EDGE_CURVE('',#2107,#2099,#2109,.T.);
#2107 = VERTEX_POINT('',#2108);
#2108 = CARTESIAN_POINT('',(0.63,2.209343819004E-16,-0.995));
#2109 = LINE('',#2110,#2111);
#2110 = CARTESIAN_POINT('',(0.63,2.209343819004E-16,-0.995));
#2111 = VECTOR('',#2112,1.);
#2112 = DIRECTION('',(-0.,1.,2.22044604925E-16));
#2113 = ORIENTED_EDGE('',*,*,#2114,.F.);
#2114 = EDGE_CURVE('',#2089,#2107,#2115,.T.);
#2115 = LINE('',#2116,#2117);
#2116 = CARTESIAN_POINT('',(0.63,3.330669073875E-16,-1.5));
#2117 = VECTOR('',#2118,1.);
#2118 = DIRECTION('',(0.,-2.22044604925E-16,1.));
#2119 = PLANE('',#2120);
#2120 = AXIS2_PLACEMENT_3D('',#2121,#2122,#2123);
#2121 = CARTESIAN_POINT('',(0.63,3.330669073875E-16,-1.5));
#2122 = DIRECTION('',(-1.,-0.,-0.));
#2123 = DIRECTION('',(-0.,2.22044604925E-16,-1.));
#2124 = ADVANCED_FACE('',(#2125),#2152,.T.);
#2125 = FACE_BOUND('',#2126,.F.);
#2126 = EDGE_LOOP('',(#2127,#2137,#2144,#2145));
#2127 = ORIENTED_EDGE('',*,*,#2128,.T.);
#2128 = EDGE_CURVE('',#2129,#2131,#2133,.T.);
#2129 = VERTEX_POINT('',#2130);
#2130 = CARTESIAN_POINT('',(0.37,2.209343819004E-16,-0.995));
#2131 = VERTEX_POINT('',#2132);
#2132 = CARTESIAN_POINT('',(0.37,0.2,-0.995));
#2133 = LINE('',#2134,#2135);
#2134 = CARTESIAN_POINT('',(0.37,2.209343819004E-16,-0.995));
#2135 = VECTOR('',#2136,1.);
#2136 = DIRECTION('',(-0.,1.,2.22044604925E-16));
#2137 = ORIENTED_EDGE('',*,*,#2138,.T.);
#2138 = EDGE_CURVE('',#2131,#2099,#2139,.T.);
#2139 = CIRCLE('',#2140,0.13);
#2140 = AXIS2_PLACEMENT_3D('',#2141,#2142,#2143);
#2141 = CARTESIAN_POINT('',(0.5,0.2,-0.995));
#2142 = DIRECTION('',(-0.,1.,2.22044604925E-16));
#2143 = DIRECTION('',(1.,0.,0.));
#2144 = ORIENTED_EDGE('',*,*,#2106,.F.);
#2145 = ORIENTED_EDGE('',*,*,#2146,.F.);
#2146 = EDGE_CURVE('',#2129,#2107,#2147,.T.);
#2147 = CIRCLE('',#2148,0.13);
#2148 = AXIS2_PLACEMENT_3D('',#2149,#2150,#2151);
#2149 = CARTESIAN_POINT('',(0.5,2.209343819004E-16,-0.995));
#2150 = DIRECTION('',(-0.,1.,2.22044604925E-16));
#2151 = DIRECTION('',(1.,0.,0.));
#2152 = CYLINDRICAL_SURFACE('',#2153,0.13);
#2153 = AXIS2_PLACEMENT_3D('',#2154,#2155,#2156);
#2154 = CARTESIAN_POINT('',(0.5,2.209343819004E-16,-0.995));
#2155 = DIRECTION('',(-0.,-1.,-2.22044604925E-16));
#2156 = DIRECTION('',(1.,-0.,-0.));
#2157 = ADVANCED_FACE('',(#2158),#2183,.F.);
#2158 = FACE_BOUND('',#2159,.T.);
#2159 = EDGE_LOOP('',(#2160,#2161,#2169,#2177));
#2160 = ORIENTED_EDGE('',*,*,#2128,.T.);
#2161 = ORIENTED_EDGE('',*,*,#2162,.T.);
#2162 = EDGE_CURVE('',#2131,#2163,#2165,.T.);
#2163 = VERTEX_POINT('',#2164);
#2164 = CARTESIAN_POINT('',(0.37,0.2,-1.5));
#2165 = LINE('',#2166,#2167);
#2166 = CARTESIAN_POINT('',(0.37,0.2,-0.995));
#2167 = VECTOR('',#2168,1.);
#2168 = DIRECTION('',(0.,2.22044604925E-16,-1.));
#2169 = ORIENTED_EDGE('',*,*,#2170,.F.);
#2170 = EDGE_CURVE('',#2171,#2163,#2173,.T.);
#2171 = VERTEX_POINT('',#2172);
#2172 = CARTESIAN_POINT('',(0.37,3.330669073875E-16,-1.5));
#2173 = LINE('',#2174,#2175);
#2174 = CARTESIAN_POINT('',(0.37,3.330669073875E-16,-1.5));
#2175 = VECTOR('',#2176,1.);
#2176 = DIRECTION('',(-0.,1.,2.22044604925E-16));
#2177 = ORIENTED_EDGE('',*,*,#2178,.F.);
#2178 = EDGE_CURVE('',#2129,#2171,#2179,.T.);
#2179 = LINE('',#2180,#2181);
#2180 = CARTESIAN_POINT('',(0.37,2.209343819004E-16,-0.995));
#2181 = VECTOR('',#2182,1.);
#2182 = DIRECTION('',(0.,2.22044604925E-16,-1.));
#2183 = PLANE('',#2184);
#2184 = AXIS2_PLACEMENT_3D('',#2185,#2186,#2187);
#2185 = CARTESIAN_POINT('',(0.37,2.209343819004E-16,-0.995));
#2186 = DIRECTION('',(1.,-0.,-0.));
#2187 = DIRECTION('',(0.,-2.22044604925E-16,1.));
#2188 = ADVANCED_FACE('',(#2189),#2205,.F.);
#2189 = FACE_BOUND('',#2190,.T.);
#2190 = EDGE_LOOP('',(#2191,#2192,#2198,#2199));
#2191 = ORIENTED_EDGE('',*,*,#2170,.T.);
#2192 = ORIENTED_EDGE('',*,*,#2193,.T.);
#2193 = EDGE_CURVE('',#2163,#2091,#2194,.T.);
#2194 = LINE('',#2195,#2196);
#2195 = CARTESIAN_POINT('',(0.37,0.2,-1.5));
#2196 = VECTOR('',#2197,1.);
#2197 = DIRECTION('',(1.,0.,0.));
#2198 = ORIENTED_EDGE('',*,*,#2088,.F.);
#2199 = ORIENTED_EDGE('',*,*,#2200,.F.);
#2200 = EDGE_CURVE('',#2171,#2089,#2201,.T.);
#2201 = LINE('',#2202,#2203);
#2202 = CARTESIAN_POINT('',(0.37,3.330669073875E-16,-1.5));
#2203 = VECTOR('',#2204,1.);
#2204 = DIRECTION('',(1.,0.,0.));
#2205 = PLANE('',#2206);
#2206 = AXIS2_PLACEMENT_3D('',#2207,#2208,#2209);
#2207 = CARTESIAN_POINT('',(0.37,3.330669073875E-16,-1.5));
#2208 = DIRECTION('',(0.,-2.22044604925E-16,1.));
#2209 = DIRECTION('',(-1.,0.,0.));
#2210 = ADVANCED_FACE('',(#2211),#2217,.F.);
#2211 = FACE_BOUND('',#2212,.T.);
#2212 = EDGE_LOOP('',(#2213,#2214,#2215,#2216));
#2213 = ORIENTED_EDGE('',*,*,#2114,.T.);
#2214 = ORIENTED_EDGE('',*,*,#2146,.F.);
#2215 = ORIENTED_EDGE('',*,*,#2178,.T.);
#2216 = ORIENTED_EDGE('',*,*,#2200,.T.);
#2217 = PLANE('',#2218);
#2218 = AXIS2_PLACEMENT_3D('',#2219,#2220,#2221);
#2219 = CARTESIAN_POINT('',(0.5,2.686944831761E-16,-1.210092374308));
#2220 = DIRECTION('',(0.,1.,0.));
#2221 = DIRECTION('',(0.,0.,1.));
#2222 = ADVANCED_FACE('',(#2223),#2229,.T.);
#2223 = FACE_BOUND('',#2224,.F.);
#2224 = EDGE_LOOP('',(#2225,#2226,#2227,#2228));
#2225 = ORIENTED_EDGE('',*,*,#2098,.T.);
#2226 = ORIENTED_EDGE('',*,*,#2138,.F.);
#2227 = ORIENTED_EDGE('',*,*,#2162,.T.);
#2228 = ORIENTED_EDGE('',*,*,#2193,.T.);
#2229 = PLANE('',#2230);
#2230 = AXIS2_PLACEMENT_3D('',#2231,#2232,#2233);
#2231 = CARTESIAN_POINT('',(0.5,0.2,-1.210092374308));
#2232 = DIRECTION('',(0.,1.,0.));
#2233 = DIRECTION('',(0.,0.,1.));
#2234 = ( GEOMETRIC_REPRESENTATION_CONTEXT(3) 
GLOBAL_UNCERTAINTY_ASSIGNED_CONTEXT((#2238)) 
GLOBAL_UNIT_ASSIGNED_CONTEXT((#2235,#2236,#2237)) REPRESENTATION_CONTEXT
('Context #1','3D Context with UNIT and UNCERTAINTY') );
#2235 = ( LENGTH_UNIT() NAMED_UNIT(*) SI_UNIT(.MILLI.,.METRE.) );
#2236 = ( NAMED_UNIT(*) PLANE_ANGLE_UNIT() SI_UNIT($,.RADIAN.) );
#2237 = ( NAMED_UNIT(*) SI_UNIT($,.STERADIAN.) SOLID_ANGLE_UNIT() );
#2238 = UNCERTAINTY_MEASURE_WITH_UNIT(LENGTH_MEASURE(1.E-07),#2235,
  'distance_accuracy_value','confusion accuracy');
#2239 = CONTEXT_DEPENDENT_SHAPE_REPRESENTATION(#2240,#2242);
#2240 = ( REPRESENTATION_RELATIONSHIP('','',#2081,#10) 
REPRESENTATION_RELATIONSHIP_WITH_TRANSFORMATION(#2241) 
SHAPE_REPRESENTATION_RELATIONSHIP() );
#2241 = ITEM_DEFINED_TRANSFORMATION('','',#11,#23);
#2242 = PRODUCT_DEFINITION_SHAPE('Placement','Placement of an item',
  #2243);
#2243 = NEXT_ASSEMBLY_USAGE_OCCURRENCE('28037','Array_Solid1','',#5,
  #2076,$);
#2244 = PRODUCT_RELATED_PRODUCT_CATEGORY('part',$,(#2078));
#2245 = CONTEXT_DEPENDENT_SHAPE_REPRESENTATION(#2246,#2248);
#2246 = ( REPRESENTATION_RELATIONSHIP('','',#2081,#10) 
REPRESENTATION_RELATIONSHIP_WITH_TRANSFORMATION(#2247) 
SHAPE_REPRESENTATION_RELATIONSHIP() );
#2247 = ITEM_DEFINED_TRANSFORMATION('','',#11,#27);
#2248 = PRODUCT_DEFINITION_SHAPE('Placement','Placement of an item',
  #2249);
#2249 = NEXT_ASSEMBLY_USAGE_OCCURRENCE('28038','Array_Solid2','',#5,
  #2076,$);
#2250 = CONTEXT_DEPENDENT_SHAPE_REPRESENTATION(#2251,#2253);
#2251 = ( REPRESENTATION_RELATIONSHIP('','',#2081,#10) 
REPRESENTATION_RELATIONSHIP_WITH_TRANSFORMATION(#2252) 
SHAPE_REPRESENTATION_RELATIONSHIP() );
#2252 = ITEM_DEFINED_TRANSFORMATION('','',#11,#31);
#2253 = PRODUCT_DEFINITION_SHAPE('Placement','Placement of an item',
  #2254);
#2254 = NEXT_ASSEMBLY_USAGE_OCCURRENCE('28039','Array_Solid3','',#5,
  #2076,$);
#2255 = SHAPE_DEFINITION_REPRESENTATION(#2256,#2262);
#2256 = PRODUCT_DEFINITION_SHAPE('','',#2257);
#2257 = PRODUCT_DEFINITION('design','',#2258,#2261);
#2258 = PRODUCT_DEFINITION_FORMATION('','',#2259);
#2259 = PRODUCT('Array001_Solid2','Array001_Solid2','',(#2260));
#2260 = PRODUCT_CONTEXT('',#2,'mechanical');
#2261 = PRODUCT_DEFINITION_CONTEXT('part definition',#2,'design');
#2262 = ADVANCED_BREP_SHAPE_REPRESENTATION('',(#11,#2263),#2415);
#2263 = MANIFOLD_SOLID_BREP('',#2264);
#2264 = CLOSED_SHELL('',(#2265,#2305,#2338,#2369,#2391,#2403));
#2265 = ADVANCED_FACE('',(#2266),#2300,.F.);
#2266 = FACE_BOUND('',#2267,.F.);
#2267 = EDGE_LOOP('',(#2268,#2278,#2286,#2294));
#2268 = ORIENTED_EDGE('',*,*,#2269,.T.);
#2269 = EDGE_CURVE('',#2270,#2272,#2274,.T.);
#2270 = VERTEX_POINT('',#2271);
#2271 = CARTESIAN_POINT('',(0.63,3.330669073875E-16,1.5));
#2272 = VERTEX_POINT('',#2273);
#2273 = CARTESIAN_POINT('',(0.63,0.2,1.5));
#2274 = LINE('',#2275,#2276);
#2275 = CARTESIAN_POINT('',(0.63,3.330669073875E-16,1.5));
#2276 = VECTOR('',#2277,1.);
#2277 = DIRECTION('',(-0.,1.,-2.22044604925E-16));
#2278 = ORIENTED_EDGE('',*,*,#2279,.T.);
#2279 = EDGE_CURVE('',#2272,#2280,#2282,.T.);
#2280 = VERTEX_POINT('',#2281);
#2281 = CARTESIAN_POINT('',(0.63,0.2,0.995));
#2282 = LINE('',#2283,#2284);
#2283 = CARTESIAN_POINT('',(0.63,0.2,1.5));
#2284 = VECTOR('',#2285,1.);
#2285 = DIRECTION('',(0.,-2.22044604925E-16,-1.));
#2286 = ORIENTED_EDGE('',*,*,#2287,.F.);
#2287 = EDGE_CURVE('',#2288,#2280,#2290,.T.);
#2288 = VERTEX_POINT('',#2289);
#2289 = CARTESIAN_POINT('',(0.63,2.209343819004E-16,0.995));
#2290 = LINE('',#2291,#2292);
#2291 = CARTESIAN_POINT('',(0.63,2.209343819004E-16,0.995));
#2292 = VECTOR('',#2293,1.);
#2293 = DIRECTION('',(-0.,1.,-2.22044604925E-16));
#2294 = ORIENTED_EDGE('',*,*,#2295,.F.);
#2295 = EDGE_CURVE('',#2270,#2288,#2296,.T.);
#2296 = LINE('',#2297,#2298);
#2297 = CARTESIAN_POINT('',(0.63,3.330669073875E-16,1.5));
#2298 = VECTOR('',#2299,1.);
#2299 = DIRECTION('',(0.,-2.22044604925E-16,-1.));
#2300 = PLANE('',#2301);
#2301 = AXIS2_PLACEMENT_3D('',#2302,#2303,#2304);
#2302 = CARTESIAN_POINT('',(0.63,3.330669073875E-16,1.5));
#2303 = DIRECTION('',(-1.,-0.,0.));
#2304 = DIRECTION('',(0.,-2.22044604925E-16,-1.));
#2305 = ADVANCED_FACE('',(#2306),#2333,.T.);
#2306 = FACE_BOUND('',#2307,.T.);
#2307 = EDGE_LOOP('',(#2308,#2318,#2325,#2326));
#2308 = ORIENTED_EDGE('',*,*,#2309,.T.);
#2309 = EDGE_CURVE('',#2310,#2312,#2314,.T.);
#2310 = VERTEX_POINT('',#2311);
#2311 = CARTESIAN_POINT('',(0.37,2.209343819004E-16,0.995));
#2312 = VERTEX_POINT('',#2313);
#2313 = CARTESIAN_POINT('',(0.37,0.2,0.995));
#2314 = LINE('',#2315,#2316);
#2315 = CARTESIAN_POINT('',(0.37,2.209343819004E-16,0.995));
#2316 = VECTOR('',#2317,1.);
#2317 = DIRECTION('',(-0.,1.,-2.22044604925E-16));
#2318 = ORIENTED_EDGE('',*,*,#2319,.T.);
#2319 = EDGE_CURVE('',#2312,#2280,#2320,.T.);
#2320 = CIRCLE('',#2321,0.13);
#2321 = AXIS2_PLACEMENT_3D('',#2322,#2323,#2324);
#2322 = CARTESIAN_POINT('',(0.5,0.2,0.995));
#2323 = DIRECTION('',(0.,-1.,2.22044604925E-16));
#2324 = DIRECTION('',(1.,0.,0.));
#2325 = ORIENTED_EDGE('',*,*,#2287,.F.);
#2326 = ORIENTED_EDGE('',*,*,#2327,.F.);
#2327 = EDGE_CURVE('',#2310,#2288,#2328,.T.);
#2328 = CIRCLE('',#2329,0.13);
#2329 = AXIS2_PLACEMENT_3D('',#2330,#2331,#2332);
#2330 = CARTESIAN_POINT('',(0.5,2.209343819004E-16,0.995));
#2331 = DIRECTION('',(0.,-1.,2.22044604925E-16));
#2332 = DIRECTION('',(1.,0.,0.));
#2333 = CYLINDRICAL_SURFACE('',#2334,0.13);
#2334 = AXIS2_PLACEMENT_3D('',#2335,#2336,#2337);
#2335 = CARTESIAN_POINT('',(0.5,2.209343819004E-16,0.995));
#2336 = DIRECTION('',(0.,-1.,2.22044604925E-16));
#2337 = DIRECTION('',(1.,0.,0.));
#2338 = ADVANCED_FACE('',(#2339),#2364,.F.);
#2339 = FACE_BOUND('',#2340,.F.);
#2340 = EDGE_LOOP('',(#2341,#2342,#2350,#2358));
#2341 = ORIENTED_EDGE('',*,*,#2309,.T.);
#2342 = ORIENTED_EDGE('',*,*,#2343,.T.);
#2343 = EDGE_CURVE('',#2312,#2344,#2346,.T.);
#2344 = VERTEX_POINT('',#2345);
#2345 = CARTESIAN_POINT('',(0.37,0.2,1.5));
#2346 = LINE('',#2347,#2348);
#2347 = CARTESIAN_POINT('',(0.37,0.2,0.995));
#2348 = VECTOR('',#2349,1.);
#2349 = DIRECTION('',(0.,2.22044604925E-16,1.));
#2350 = ORIENTED_EDGE('',*,*,#2351,.F.);
#2351 = EDGE_CURVE('',#2352,#2344,#2354,.T.);
#2352 = VERTEX_POINT('',#2353);
#2353 = CARTESIAN_POINT('',(0.37,3.330669073875E-16,1.5));
#2354 = LINE('',#2355,#2356);
#2355 = CARTESIAN_POINT('',(0.37,3.330669073875E-16,1.5));
#2356 = VECTOR('',#2357,1.);
#2357 = DIRECTION('',(-0.,1.,-2.22044604925E-16));
#2358 = ORIENTED_EDGE('',*,*,#2359,.F.);
#2359 = EDGE_CURVE('',#2310,#2352,#2360,.T.);
#2360 = LINE('',#2361,#2362);
#2361 = CARTESIAN_POINT('',(0.37,2.209343819004E-16,0.995));
#2362 = VECTOR('',#2363,1.);
#2363 = DIRECTION('',(0.,2.22044604925E-16,1.));
#2364 = PLANE('',#2365);
#2365 = AXIS2_PLACEMENT_3D('',#2366,#2367,#2368);
#2366 = CARTESIAN_POINT('',(0.37,2.209343819004E-16,0.995));
#2367 = DIRECTION('',(1.,0.,0.));
#2368 = DIRECTION('',(0.,2.22044604925E-16,1.));
#2369 = ADVANCED_FACE('',(#2370),#2386,.F.);
#2370 = FACE_BOUND('',#2371,.F.);
#2371 = EDGE_LOOP('',(#2372,#2373,#2379,#2380));
#2372 = ORIENTED_EDGE('',*,*,#2351,.T.);
#2373 = ORIENTED_EDGE('',*,*,#2374,.T.);
#2374 = EDGE_CURVE('',#2344,#2272,#2375,.T.);
#2375 = LINE('',#2376,#2377);
#2376 = CARTESIAN_POINT('',(0.37,0.2,1.5));
#2377 = VECTOR('',#2378,1.);
#2378 = DIRECTION('',(1.,0.,0.));
#2379 = ORIENTED_EDGE('',*,*,#2269,.F.);
#2380 = ORIENTED_EDGE('',*,*,#2381,.F.);
#2381 = EDGE_CURVE('',#2352,#2270,#2382,.T.);
#2382 = LINE('',#2383,#2384);
#2383 = CARTESIAN_POINT('',(0.37,3.330669073875E-16,1.5));
#2384 = VECTOR('',#2385,1.);
#2385 = DIRECTION('',(1.,0.,0.));
#2386 = PLANE('',#2387);
#2387 = AXIS2_PLACEMENT_3D('',#2388,#2389,#2390);
#2388 = CARTESIAN_POINT('',(0.37,3.330669073875E-16,1.5));
#2389 = DIRECTION('',(0.,-2.22044604925E-16,-1.));
#2390 = DIRECTION('',(1.,0.,0.));
#2391 = ADVANCED_FACE('',(#2392),#2398,.F.);
#2392 = FACE_BOUND('',#2393,.F.);
#2393 = EDGE_LOOP('',(#2394,#2395,#2396,#2397));
#2394 = ORIENTED_EDGE('',*,*,#2295,.T.);
#2395 = ORIENTED_EDGE('',*,*,#2327,.F.);
#2396 = ORIENTED_EDGE('',*,*,#2359,.T.);
#2397 = ORIENTED_EDGE('',*,*,#2381,.T.);
#2398 = PLANE('',#2399);
#2399 = AXIS2_PLACEMENT_3D('',#2400,#2401,#2402);
#2400 = CARTESIAN_POINT('',(0.5,2.686944831761E-16,1.210092374308));
#2401 = DIRECTION('',(0.,1.,0.));
#2402 = DIRECTION('',(0.,0.,1.));
#2403 = ADVANCED_FACE('',(#2404),#2410,.T.);
#2404 = FACE_BOUND('',#2405,.T.);
#2405 = EDGE_LOOP('',(#2406,#2407,#2408,#2409));
#2406 = ORIENTED_EDGE('',*,*,#2279,.T.);
#2407 = ORIENTED_EDGE('',*,*,#2319,.F.);
#2408 = ORIENTED_EDGE('',*,*,#2343,.T.);
#2409 = ORIENTED_EDGE('',*,*,#2374,.T.);
#2410 = PLANE('',#2411);
#2411 = AXIS2_PLACEMENT_3D('',#2412,#2413,#2414);
#2412 = CARTESIAN_POINT('',(0.5,0.2,1.210092374308));
#2413 = DIRECTION('',(0.,1.,0.));
#2414 = DIRECTION('',(0.,0.,1.));
#2415 = ( GEOMETRIC_REPRESENTATION_CONTEXT(3) 
GLOBAL_UNCERTAINTY_ASSIGNED_CONTEXT((#2419)) 
GLOBAL_UNIT_ASSIGNED_CONTEXT((#2416,#2417,#2418)) REPRESENTATION_CONTEXT
('Context #1','3D Context with UNIT and UNCERTAINTY') );
#2416 = ( LENGTH_UNIT() NAMED_UNIT(*) SI_UNIT(.MILLI.,.METRE.) );
#2417 = ( NAMED_UNIT(*) PLANE_ANGLE_UNIT() SI_UNIT($,.RADIAN.) );
#2418 = ( NAMED_UNIT(*) SI_UNIT($,.STERADIAN.) SOLID_ANGLE_UNIT() );
#2419 = UNCERTAINTY_MEASURE_WITH_UNIT(LENGTH_MEASURE(1.E-07),#2416,
  'distance_accuracy_value','confusion accuracy');
#2420 = CONTEXT_DEPENDENT_SHAPE_REPRESENTATION(#2421,#2423);
#2421 = ( REPRESENTATION_RELATIONSHIP('','',#2262,#10) 
REPRESENTATION_RELATIONSHIP_WITH_TRANSFORMATION(#2422) 
SHAPE_REPRESENTATION_RELATIONSHIP() );
#2422 = ITEM_DEFINED_TRANSFORMATION('','',#11,#35);
#2423 = PRODUCT_DEFINITION_SHAPE('Placement','Placement of an item',
  #2424);
#2424 = NEXT_ASSEMBLY_USAGE_OCCURRENCE('28040','Array001_Solid2','',#5,
  #2257,$);
#2425 = PRODUCT_RELATED_PRODUCT_CATEGORY('part',$,(#2259));
#2426 = CONTEXT_DEPENDENT_SHAPE_REPRESENTATION(#2427,#2429);
#2427 = ( REPRESENTATION_RELATIONSHIP('','',#2262,#10) 
REPRESENTATION_RELATIONSHIP_WITH_TRANSFORMATION(#2428) 
SHAPE_REPRESENTATION_RELATIONSHIP() );
#2428 = ITEM_DEFINED_TRANSFORMATION('','',#11,#39);
#2429 = PRODUCT_DEFINITION_SHAPE('Placement','Placement of an item',
  #2430);
#2430 = NEXT_ASSEMBLY_USAGE_OCCURRENCE('28041','Array001_Solid3','',#5,
  #2257,$);
#2431 = SHAPE_DEFINITION_REPRESENTATION(#2432,#2438);
#2432 = PRODUCT_DEFINITION_SHAPE('','',#2433);
#2433 = PRODUCT_DEFINITION('design','',#2434,#2437);
#2434 = PRODUCT_DEFINITION_FORMATION('','',#2435);
#2435 = PRODUCT('Body002_Solid1','Body002_Solid1','',(#2436));
#2436 = PRODUCT_CONTEXT('',#2,'mechanical');
#2437 = PRODUCT_DEFINITION_CONTEXT('part definition',#2,'design');
#2438 = ADVANCED_BREP_SHAPE_REPRESENTATION('',(#11,#2439),#2591);
#2439 = MANIFOLD_SOLID_BREP('',#2440);
#2440 = CLOSED_SHELL('',(#2441,#2481,#2512,#2545,#2567,#2579));
#2441 = ADVANCED_FACE('',(#2442),#2476,.F.);
#2442 = FACE_BOUND('',#2443,.F.);
#2443 = EDGE_LOOP('',(#2444,#2454,#2462,#2470));
#2444 = ORIENTED_EDGE('',*,*,#2445,.T.);
#2445 = EDGE_CURVE('',#2446,#2448,#2450,.T.);
#2446 = VERTEX_POINT('',#2447);
#2447 = CARTESIAN_POINT('',(1.5,1.398881011028E-16,0.63));
#2448 = VERTEX_POINT('',#2449);
#2449 = CARTESIAN_POINT('',(1.5,0.2,0.63));
#2450 = LINE('',#2451,#2452);
#2451 = CARTESIAN_POINT('',(1.5,1.398881011028E-16,0.63));
#2452 = VECTOR('',#2453,1.);
#2453 = DIRECTION('',(-0.,1.,-2.22044604925E-16));
#2454 = ORIENTED_EDGE('',*,*,#2455,.T.);
#2455 = EDGE_CURVE('',#2448,#2456,#2458,.T.);
#2456 = VERTEX_POINT('',#2457);
#2457 = CARTESIAN_POINT('',(1.5,0.2,0.37));
#2458 = LINE('',#2459,#2460);
#2459 = CARTESIAN_POINT('',(1.5,0.2,0.63));
#2460 = VECTOR('',#2461,1.);
#2461 = DIRECTION('',(0.,-2.22044604925E-16,-1.));
#2462 = ORIENTED_EDGE('',*,*,#2463,.F.);
#2463 = EDGE_CURVE('',#2464,#2456,#2466,.T.);
#2464 = VERTEX_POINT('',#2465);
#2465 = CARTESIAN_POINT('',(1.5,8.215650382226E-17,0.37));
#2466 = LINE('',#2467,#2468);
#2467 = CARTESIAN_POINT('',(1.5,8.215650382226E-17,0.37));
#2468 = VECTOR('',#2469,1.);
#2469 = DIRECTION('',(-0.,1.,-2.22044604925E-16));
#2470 = ORIENTED_EDGE('',*,*,#2471,.F.);
#2471 = EDGE_CURVE('',#2446,#2464,#2472,.T.);
#2472 = LINE('',#2473,#2474);
#2473 = CARTESIAN_POINT('',(1.5,1.398881011028E-16,0.63));
#2474 = VECTOR('',#2475,1.);
#2475 = DIRECTION('',(0.,-2.22044604925E-16,-1.));
#2476 = PLANE('',#2477);
#2477 = AXIS2_PLACEMENT_3D('',#2478,#2479,#2480);
#2478 = CARTESIAN_POINT('',(1.5,1.398881011028E-16,0.63));
#2479 = DIRECTION('',(-1.,-0.,0.));
#2480 = DIRECTION('',(0.,-2.22044604925E-16,-1.));
#2481 = ADVANCED_FACE('',(#2482),#2507,.F.);
#2482 = FACE_BOUND('',#2483,.F.);
#2483 = EDGE_LOOP('',(#2484,#2485,#2493,#2501));
#2484 = ORIENTED_EDGE('',*,*,#2463,.T.);
#2485 = ORIENTED_EDGE('',*,*,#2486,.T.);
#2486 = EDGE_CURVE('',#2456,#2487,#2489,.T.);
#2487 = VERTEX_POINT('',#2488);
#2488 = CARTESIAN_POINT('',(0.995,0.2,0.37));
#2489 = LINE('',#2490,#2491);
#2490 = CARTESIAN_POINT('',(1.5,0.2,0.37));
#2491 = VECTOR('',#2492,1.);
#2492 = DIRECTION('',(-1.,0.,0.));
#2493 = ORIENTED_EDGE('',*,*,#2494,.F.);
#2494 = EDGE_CURVE('',#2495,#2487,#2497,.T.);
#2495 = VERTEX_POINT('',#2496);
#2496 = CARTESIAN_POINT('',(0.995,8.215650382226E-17,0.37));
#2497 = LINE('',#2498,#2499);
#2498 = CARTESIAN_POINT('',(0.995,8.215650382226E-17,0.37));
#2499 = VECTOR('',#2500,1.);
#2500 = DIRECTION('',(-0.,1.,-2.22044604925E-16));
#2501 = ORIENTED_EDGE('',*,*,#2502,.F.);
#2502 = EDGE_CURVE('',#2464,#2495,#2503,.T.);
#2503 = LINE('',#2504,#2505);
#2504 = CARTESIAN_POINT('',(1.5,8.215650382226E-17,0.37));
#2505 = VECTOR('',#2506,1.);
#2506 = DIRECTION('',(-1.,0.,0.));
#2507 = PLANE('',#2508);
#2508 = AXIS2_PLACEMENT_3D('',#2509,#2510,#2511);
#2509 = CARTESIAN_POINT('',(1.5,8.215650382226E-17,0.37));
#2510 = DIRECTION('',(0.,2.22044604925E-16,1.));
#2511 = DIRECTION('',(-1.,-0.,0.));
#2512 = ADVANCED_FACE('',(#2513),#2540,.T.);
#2513 = FACE_BOUND('',#2514,.T.);
#2514 = EDGE_LOOP('',(#2515,#2525,#2532,#2533));
#2515 = ORIENTED_EDGE('',*,*,#2516,.T.);
#2516 = EDGE_CURVE('',#2517,#2519,#2521,.T.);
#2517 = VERTEX_POINT('',#2518);
#2518 = CARTESIAN_POINT('',(0.995,1.398881011028E-16,0.63));
#2519 = VERTEX_POINT('',#2520);
#2520 = CARTESIAN_POINT('',(0.995,0.2,0.63));
#2521 = LINE('',#2522,#2523);
#2522 = CARTESIAN_POINT('',(0.995,1.398881011028E-16,0.63));
#2523 = VECTOR('',#2524,1.);
#2524 = DIRECTION('',(-0.,1.,-2.22044604925E-16));
#2525 = ORIENTED_EDGE('',*,*,#2526,.T.);
#2526 = EDGE_CURVE('',#2519,#2487,#2527,.T.);
#2527 = CIRCLE('',#2528,0.13);
#2528 = AXIS2_PLACEMENT_3D('',#2529,#2530,#2531);
#2529 = CARTESIAN_POINT('',(0.995,0.2,0.5));
#2530 = DIRECTION('',(0.,-1.,2.22044604925E-16));
#2531 = DIRECTION('',(1.,0.,0.));
#2532 = ORIENTED_EDGE('',*,*,#2494,.F.);
#2533 = ORIENTED_EDGE('',*,*,#2534,.F.);
#2534 = EDGE_CURVE('',#2517,#2495,#2535,.T.);
#2535 = CIRCLE('',#2536,0.13);
#2536 = AXIS2_PLACEMENT_3D('',#2537,#2538,#2539);
#2537 = CARTESIAN_POINT('',(0.995,1.110223024625E-16,0.5));
#2538 = DIRECTION('',(0.,-1.,2.22044604925E-16));
#2539 = DIRECTION('',(1.,0.,0.));
#2540 = CYLINDRICAL_SURFACE('',#2541,0.13);
#2541 = AXIS2_PLACEMENT_3D('',#2542,#2543,#2544);
#2542 = CARTESIAN_POINT('',(0.995,1.110223024625E-16,0.5));
#2543 = DIRECTION('',(0.,-1.,2.22044604925E-16));
#2544 = DIRECTION('',(1.,0.,0.));
#2545 = ADVANCED_FACE('',(#2546),#2562,.F.);
#2546 = FACE_BOUND('',#2547,.F.);
#2547 = EDGE_LOOP('',(#2548,#2549,#2555,#2556));
#2548 = ORIENTED_EDGE('',*,*,#2516,.T.);
#2549 = ORIENTED_EDGE('',*,*,#2550,.T.);
#2550 = EDGE_CURVE('',#2519,#2448,#2551,.T.);
#2551 = LINE('',#2552,#2553);
#2552 = CARTESIAN_POINT('',(0.995,0.2,0.63));
#2553 = VECTOR('',#2554,1.);
#2554 = DIRECTION('',(1.,0.,0.));
#2555 = ORIENTED_EDGE('',*,*,#2445,.F.);
#2556 = ORIENTED_EDGE('',*,*,#2557,.F.);
#2557 = EDGE_CURVE('',#2517,#2446,#2558,.T.);
#2558 = LINE('',#2559,#2560);
#2559 = CARTESIAN_POINT('',(0.995,1.398881011028E-16,0.63));
#2560 = VECTOR('',#2561,1.);
#2561 = DIRECTION('',(1.,0.,0.));
#2562 = PLANE('',#2563);
#2563 = AXIS2_PLACEMENT_3D('',#2564,#2565,#2566);
#2564 = CARTESIAN_POINT('',(0.995,1.398881011028E-16,0.63));
#2565 = DIRECTION('',(0.,-2.22044604925E-16,-1.));
#2566 = DIRECTION('',(1.,0.,0.));
#2567 = ADVANCED_FACE('',(#2568),#2574,.F.);
#2568 = FACE_BOUND('',#2569,.F.);
#2569 = EDGE_LOOP('',(#2570,#2571,#2572,#2573));
#2570 = ORIENTED_EDGE('',*,*,#2471,.T.);
#2571 = ORIENTED_EDGE('',*,*,#2502,.T.);
#2572 = ORIENTED_EDGE('',*,*,#2534,.F.);
#2573 = ORIENTED_EDGE('',*,*,#2557,.T.);
#2574 = PLANE('',#2575);
#2575 = AXIS2_PLACEMENT_3D('',#2576,#2577,#2578);
#2576 = CARTESIAN_POINT('',(1.210092374308,1.110223024625E-16,0.5));
#2577 = DIRECTION('',(0.,1.,0.));
#2578 = DIRECTION('',(0.,0.,1.));
#2579 = ADVANCED_FACE('',(#2580),#2586,.T.);
#2580 = FACE_BOUND('',#2581,.T.);
#2581 = EDGE_LOOP('',(#2582,#2583,#2584,#2585));
#2582 = ORIENTED_EDGE('',*,*,#2455,.T.);
#2583 = ORIENTED_EDGE('',*,*,#2486,.T.);
#2584 = ORIENTED_EDGE('',*,*,#2526,.F.);
#2585 = ORIENTED_EDGE('',*,*,#2550,.T.);
#2586 = PLANE('',#2587);
#2587 = AXIS2_PLACEMENT_3D('',#2588,#2589,#2590);
#2588 = CARTESIAN_POINT('',(1.210092374308,0.2,0.5));
#2589 = DIRECTION('',(0.,1.,0.));
#2590 = DIRECTION('',(0.,0.,1.));
#2591 = ( GEOMETRIC_REPRESENTATION_CONTEXT(3) 
GLOBAL_UNCERTAINTY_ASSIGNED_CONTEXT((#2595)) 
GLOBAL_UNIT_ASSIGNED_CONTEXT((#2592,#2593,#2594)) REPRESENTATION_CONTEXT
('Context #1','3D Context with UNIT and UNCERTAINTY') );
#2592 = ( LENGTH_UNIT() NAMED_UNIT(*) SI_UNIT(.MILLI.,.METRE.) );
#2593 = ( NAMED_UNIT(*) PLANE_ANGLE_UNIT() SI_UNIT($,.RADIAN.) );
#2594 = ( NAMED_UNIT(*) SI_UNIT($,.STERADIAN.) SOLID_ANGLE_UNIT() );
#2595 = UNCERTAINTY_MEASURE_WITH_UNIT(LENGTH_MEASURE(1.E-07),#2592,
  'distance_accuracy_value','confusion accuracy');
#2596 = CONTEXT_DEPENDENT_SHAPE_REPRESENTATION(#2597,#2599);
#2597 = ( REPRESENTATION_RELATIONSHIP('','',#2438,#10) 
REPRESENTATION_RELATIONSHIP_WITH_TRANSFORMATION(#2598) 
SHAPE_REPRESENTATION_RELATIONSHIP() );
#2598 = ITEM_DEFINED_TRANSFORMATION('','',#11,#43);
#2599 = PRODUCT_DEFINITION_SHAPE('Placement','Placement of an item',
  #2600);
#2600 = NEXT_ASSEMBLY_USAGE_OCCURRENCE('28042','Body002_Solid1','',#5,
  #2433,$);
#2601 = PRODUCT_RELATED_PRODUCT_CATEGORY('part',$,(#2435));
#2602 = SHAPE_DEFINITION_REPRESENTATION(#2603,#2609);
#2603 = PRODUCT_DEFINITION_SHAPE('','',#2604);
#2604 = PRODUCT_DEFINITION('design','',#2605,#2608);
#2605 = PRODUCT_DEFINITION_FORMATION('','',#2606);
#2606 = PRODUCT('Array002_Solid1','Array002_Solid1','',(#2607));
#2607 = PRODUCT_CONTEXT('',#2,'mechanical');
#2608 = PRODUCT_DEFINITION_CONTEXT('part definition',#2,'design');
#2609 = ADVANCED_BREP_SHAPE_REPRESENTATION('',(#11,#2610),#2762);
#2610 = MANIFOLD_SOLID_BREP('',#2611);
#2611 = CLOSED_SHELL('',(#2612,#2652,#2683,#2716,#2738,#2750));
#2612 = ADVANCED_FACE('',(#2613),#2647,.F.);
#2613 = FACE_BOUND('',#2614,.T.);
#2614 = EDGE_LOOP('',(#2615,#2625,#2633,#2641));
#2615 = ORIENTED_EDGE('',*,*,#2616,.T.);
#2616 = EDGE_CURVE('',#2617,#2619,#2621,.T.);
#2617 = VERTEX_POINT('',#2618);
#2618 = CARTESIAN_POINT('',(-1.5,1.398881011028E-16,0.63));
#2619 = VERTEX_POINT('',#2620);
#2620 = CARTESIAN_POINT('',(-1.5,0.2,0.63));
#2621 = LINE('',#2622,#2623);
#2622 = CARTESIAN_POINT('',(-1.5,1.398881011028E-16,0.63));
#2623 = VECTOR('',#2624,1.);
#2624 = DIRECTION('',(-0.,1.,-2.22044604925E-16));
#2625 = ORIENTED_EDGE('',*,*,#2626,.T.);
#2626 = EDGE_CURVE('',#2619,#2627,#2629,.T.);
#2627 = VERTEX_POINT('',#2628);
#2628 = CARTESIAN_POINT('',(-1.5,0.2,0.37));
#2629 = LINE('',#2630,#2631);
#2630 = CARTESIAN_POINT('',(-1.5,0.2,0.63));
#2631 = VECTOR('',#2632,1.);
#2632 = DIRECTION('',(0.,-2.22044604925E-16,-1.));
#2633 = ORIENTED_EDGE('',*,*,#2634,.F.);
#2634 = EDGE_CURVE('',#2635,#2627,#2637,.T.);
#2635 = VERTEX_POINT('',#2636);
#2636 = CARTESIAN_POINT('',(-1.5,8.215650382226E-17,0.37));
#2637 = LINE('',#2638,#2639);
#2638 = CARTESIAN_POINT('',(-1.5,8.215650382226E-17,0.37));
#2639 = VECTOR('',#2640,1.);
#2640 = DIRECTION('',(-0.,1.,-2.22044604925E-16));
#2641 = ORIENTED_EDGE('',*,*,#2642,.F.);
#2642 = EDGE_CURVE('',#2617,#2635,#2643,.T.);
#2643 = LINE('',#2644,#2645);
#2644 = CARTESIAN_POINT('',(-1.5,1.398881011028E-16,0.63));
#2645 = VECTOR('',#2646,1.);
#2646 = DIRECTION('',(0.,-2.22044604925E-16,-1.));
#2647 = PLANE('',#2648);
#2648 = AXIS2_PLACEMENT_3D('',#2649,#2650,#2651);
#2649 = CARTESIAN_POINT('',(-1.5,1.398881011028E-16,0.63));
#2650 = DIRECTION('',(1.,-0.,0.));
#2651 = DIRECTION('',(0.,2.22044604925E-16,1.));
#2652 = ADVANCED_FACE('',(#2653),#2678,.F.);
#2653 = FACE_BOUND('',#2654,.T.);
#2654 = EDGE_LOOP('',(#2655,#2656,#2664,#2672));
#2655 = ORIENTED_EDGE('',*,*,#2634,.T.);
#2656 = ORIENTED_EDGE('',*,*,#2657,.T.);
#2657 = EDGE_CURVE('',#2627,#2658,#2660,.T.);
#2658 = VERTEX_POINT('',#2659);
#2659 = CARTESIAN_POINT('',(-0.995,0.2,0.37));
#2660 = LINE('',#2661,#2662);
#2661 = CARTESIAN_POINT('',(-1.5,0.2,0.37));
#2662 = VECTOR('',#2663,1.);
#2663 = DIRECTION('',(1.,0.,0.));
#2664 = ORIENTED_EDGE('',*,*,#2665,.F.);
#2665 = EDGE_CURVE('',#2666,#2658,#2668,.T.);
#2666 = VERTEX_POINT('',#2667);
#2667 = CARTESIAN_POINT('',(-0.995,8.215650382226E-17,0.37));
#2668 = LINE('',#2669,#2670);
#2669 = CARTESIAN_POINT('',(-0.995,8.215650382226E-17,0.37));
#2670 = VECTOR('',#2671,1.);
#2671 = DIRECTION('',(-0.,1.,-2.22044604925E-16));
#2672 = ORIENTED_EDGE('',*,*,#2673,.F.);
#2673 = EDGE_CURVE('',#2635,#2666,#2674,.T.);
#2674 = LINE('',#2675,#2676);
#2675 = CARTESIAN_POINT('',(-1.5,8.215650382226E-17,0.37));
#2676 = VECTOR('',#2677,1.);
#2677 = DIRECTION('',(1.,0.,0.));
#2678 = PLANE('',#2679);
#2679 = AXIS2_PLACEMENT_3D('',#2680,#2681,#2682);
#2680 = CARTESIAN_POINT('',(-1.5,8.215650382226E-17,0.37));
#2681 = DIRECTION('',(-0.,2.22044604925E-16,1.));
#2682 = DIRECTION('',(-1.,0.,-0.));
#2683 = ADVANCED_FACE('',(#2684),#2711,.T.);
#2684 = FACE_BOUND('',#2685,.F.);
#2685 = EDGE_LOOP('',(#2686,#2696,#2703,#2704));
#2686 = ORIENTED_EDGE('',*,*,#2687,.T.);
#2687 = EDGE_CURVE('',#2688,#2690,#2692,.T.);
#2688 = VERTEX_POINT('',#2689);
#2689 = CARTESIAN_POINT('',(-0.995,1.398881011028E-16,0.63));
#2690 = VERTEX_POINT('',#2691);
#2691 = CARTESIAN_POINT('',(-0.995,0.2,0.63));
#2692 = LINE('',#2693,#2694);
#2693 = CARTESIAN_POINT('',(-0.995,1.398881011028E-16,0.63));
#2694 = VECTOR('',#2695,1.);
#2695 = DIRECTION('',(-0.,1.,-2.22044604925E-16));
#2696 = ORIENTED_EDGE('',*,*,#2697,.T.);
#2697 = EDGE_CURVE('',#2690,#2658,#2698,.T.);
#2698 = CIRCLE('',#2699,0.13);
#2699 = AXIS2_PLACEMENT_3D('',#2700,#2701,#2702);
#2700 = CARTESIAN_POINT('',(-0.995,0.2,0.5));
#2701 = DIRECTION('',(-0.,1.,-2.22044604925E-16));
#2702 = DIRECTION('',(-1.,-0.,0.));
#2703 = ORIENTED_EDGE('',*,*,#2665,.F.);
#2704 = ORIENTED_EDGE('',*,*,#2705,.F.);
#2705 = EDGE_CURVE('',#2688,#2666,#2706,.T.);
#2706 = CIRCLE('',#2707,0.13);
#2707 = AXIS2_PLACEMENT_3D('',#2708,#2709,#2710);
#2708 = CARTESIAN_POINT('',(-0.995,1.110223024625E-16,0.5));
#2709 = DIRECTION('',(-0.,1.,-2.22044604925E-16));
#2710 = DIRECTION('',(-1.,-0.,0.));
#2711 = CYLINDRICAL_SURFACE('',#2712,0.13);
#2712 = AXIS2_PLACEMENT_3D('',#2713,#2714,#2715);
#2713 = CARTESIAN_POINT('',(-0.995,1.110223024625E-16,0.5));
#2714 = DIRECTION('',(-0.,-1.,2.22044604925E-16));
#2715 = DIRECTION('',(-1.,-0.,-0.));
#2716 = ADVANCED_FACE('',(#2717),#2733,.F.);
#2717 = FACE_BOUND('',#2718,.T.);
#2718 = EDGE_LOOP('',(#2719,#2720,#2726,#2727));
#2719 = ORIENTED_EDGE('',*,*,#2687,.T.);
#2720 = ORIENTED_EDGE('',*,*,#2721,.T.);
#2721 = EDGE_CURVE('',#2690,#2619,#2722,.T.);
#2722 = LINE('',#2723,#2724);
#2723 = CARTESIAN_POINT('',(-0.995,0.2,0.63));
#2724 = VECTOR('',#2725,1.);
#2725 = DIRECTION('',(-1.,-0.,0.));
#2726 = ORIENTED_EDGE('',*,*,#2616,.F.);
#2727 = ORIENTED_EDGE('',*,*,#2728,.F.);
#2728 = EDGE_CURVE('',#2688,#2617,#2729,.T.);
#2729 = LINE('',#2730,#2731);
#2730 = CARTESIAN_POINT('',(-0.995,1.398881011028E-16,0.63));
#2731 = VECTOR('',#2732,1.);
#2732 = DIRECTION('',(-1.,-0.,0.));
#2733 = PLANE('',#2734);
#2734 = AXIS2_PLACEMENT_3D('',#2735,#2736,#2737);
#2735 = CARTESIAN_POINT('',(-0.995,1.398881011028E-16,0.63));
#2736 = DIRECTION('',(-0.,-2.22044604925E-16,-1.));
#2737 = DIRECTION('',(1.,0.,0.));
#2738 = ADVANCED_FACE('',(#2739),#2745,.F.);
#2739 = FACE_BOUND('',#2740,.T.);
#2740 = EDGE_LOOP('',(#2741,#2742,#2743,#2744));
#2741 = ORIENTED_EDGE('',*,*,#2642,.T.);
#2742 = ORIENTED_EDGE('',*,*,#2673,.T.);
#2743 = ORIENTED_EDGE('',*,*,#2705,.F.);
#2744 = ORIENTED_EDGE('',*,*,#2728,.T.);
#2745 = PLANE('',#2746);
#2746 = AXIS2_PLACEMENT_3D('',#2747,#2748,#2749);
#2747 = CARTESIAN_POINT('',(-1.210092374308,1.110223024625E-16,0.5));
#2748 = DIRECTION('',(0.,1.,0.));
#2749 = DIRECTION('',(0.,0.,-1.));
#2750 = ADVANCED_FACE('',(#2751),#2757,.T.);
#2751 = FACE_BOUND('',#2752,.F.);
#2752 = EDGE_LOOP('',(#2753,#2754,#2755,#2756));
#2753 = ORIENTED_EDGE('',*,*,#2626,.T.);
#2754 = ORIENTED_EDGE('',*,*,#2657,.T.);
#2755 = ORIENTED_EDGE('',*,*,#2697,.F.);
#2756 = ORIENTED_EDGE('',*,*,#2721,.T.);
#2757 = PLANE('',#2758);
#2758 = AXIS2_PLACEMENT_3D('',#2759,#2760,#2761);
#2759 = CARTESIAN_POINT('',(-1.210092374308,0.2,0.5));
#2760 = DIRECTION('',(0.,1.,0.));
#2761 = DIRECTION('',(0.,0.,-1.));
#2762 = ( GEOMETRIC_REPRESENTATION_CONTEXT(3) 
GLOBAL_UNCERTAINTY_ASSIGNED_CONTEXT((#2766)) 
GLOBAL_UNIT_ASSIGNED_CONTEXT((#2763,#2764,#2765)) REPRESENTATION_CONTEXT
('Context #1','3D Context with UNIT and UNCERTAINTY') );
#2763 = ( LENGTH_UNIT() NAMED_UNIT(*) SI_UNIT(.MILLI.,.METRE.) );
#2764 = ( NAMED_UNIT(*) PLANE_ANGLE_UNIT() SI_UNIT($,.RADIAN.) );
#2765 = ( NAMED_UNIT(*) SI_UNIT($,.STERADIAN.) SOLID_ANGLE_UNIT() );
#2766 = UNCERTAINTY_MEASURE_WITH_UNIT(LENGTH_MEASURE(1.E-07),#2763,
  'distance_accuracy_value','confusion accuracy');
#2767 = CONTEXT_DEPENDENT_SHAPE_REPRESENTATION(#2768,#2770);
#2768 = ( REPRESENTATION_RELATIONSHIP('','',#2609,#10) 
REPRESENTATION_RELATIONSHIP_WITH_TRANSFORMATION(#2769) 
SHAPE_REPRESENTATION_RELATIONSHIP() );
#2769 = ITEM_DEFINED_TRANSFORMATION('','',#11,#47);
#2770 = PRODUCT_DEFINITION_SHAPE('Placement','Placement of an item',
  #2771);
#2771 = NEXT_ASSEMBLY_USAGE_OCCURRENCE('28043','Array002_Solid1','',#5,
  #2604,$);
#2772 = PRODUCT_RELATED_PRODUCT_CATEGORY('part',$,(#2606));
#2773 = CONTEXT_DEPENDENT_SHAPE_REPRESENTATION(#2774,#2776);
#2774 = ( REPRESENTATION_RELATIONSHIP('','',#2609,#10) 
REPRESENTATION_RELATIONSHIP_WITH_TRANSFORMATION(#2775) 
SHAPE_REPRESENTATION_RELATIONSHIP() );
#2775 = ITEM_DEFINED_TRANSFORMATION('','',#11,#51);
#2776 = PRODUCT_DEFINITION_SHAPE('Placement','Placement of an item',
  #2777);
#2777 = NEXT_ASSEMBLY_USAGE_OCCURRENCE('28044','Array002_Solid2','',#5,
  #2604,$);
#2778 = CONTEXT_DEPENDENT_SHAPE_REPRESENTATION(#2779,#2781);
#2779 = ( REPRESENTATION_RELATIONSHIP('','',#2609,#10) 
REPRESENTATION_RELATIONSHIP_WITH_TRANSFORMATION(#2780) 
SHAPE_REPRESENTATION_RELATIONSHIP() );
#2780 = ITEM_DEFINED_TRANSFORMATION('','',#11,#55);
#2781 = PRODUCT_DEFINITION_SHAPE('Placement','Placement of an item',
  #2782);
#2782 = NEXT_ASSEMBLY_USAGE_OCCURRENCE('28045','Array002_Solid3','',#5,
  #2604,$);
#2783 = SHAPE_DEFINITION_REPRESENTATION(#2784,#2790);
#2784 = PRODUCT_DEFINITION_SHAPE('','',#2785);
#2785 = PRODUCT_DEFINITION('design','',#2786,#2789);
#2786 = PRODUCT_DEFINITION_FORMATION('','',#2787);
#2787 = PRODUCT('Array003_Solid2','Array003_Solid2','',(#2788));
#2788 = PRODUCT_CONTEXT('',#2,'mechanical');
#2789 = PRODUCT_DEFINITION_CONTEXT('part definition',#2,'design');
#2790 = ADVANCED_BREP_SHAPE_REPRESENTATION('',(#11,#2791),#2943);
#2791 = MANIFOLD_SOLID_BREP('',#2792);
#2792 = CLOSED_SHELL('',(#2793,#2833,#2864,#2897,#2919,#2931));
#2793 = ADVANCED_FACE('',(#2794),#2828,.F.);
#2794 = FACE_BOUND('',#2795,.F.);
#2795 = EDGE_LOOP('',(#2796,#2806,#2814,#2822));
#2796 = ORIENTED_EDGE('',*,*,#2797,.T.);
#2797 = EDGE_CURVE('',#2798,#2800,#2802,.T.);
#2798 = VERTEX_POINT('',#2799);
#2799 = CARTESIAN_POINT('',(1.5,1.398881011028E-16,0.63));
#2800 = VERTEX_POINT('',#2801);
#2801 = CARTESIAN_POINT('',(1.5,0.2,0.63));
#2802 = LINE('',#2803,#2804);
#2803 = CARTESIAN_POINT('',(1.5,1.398881011028E-16,0.63));
#2804 = VECTOR('',#2805,1.);
#2805 = DIRECTION('',(-0.,1.,-2.22044604925E-16));
#2806 = ORIENTED_EDGE('',*,*,#2807,.T.);
#2807 = EDGE_CURVE('',#2800,#2808,#2810,.T.);
#2808 = VERTEX_POINT('',#2809);
#2809 = CARTESIAN_POINT('',(1.5,0.2,0.37));
#2810 = LINE('',#2811,#2812);
#2811 = CARTESIAN_POINT('',(1.5,0.2,0.63));
#2812 = VECTOR('',#2813,1.);
#2813 = DIRECTION('',(0.,-2.22044604925E-16,-1.));
#2814 = ORIENTED_EDGE('',*,*,#2815,.F.);
#2815 = EDGE_CURVE('',#2816,#2808,#2818,.T.);
#2816 = VERTEX_POINT('',#2817);
#2817 = CARTESIAN_POINT('',(1.5,8.215650382226E-17,0.37));
#2818 = LINE('',#2819,#2820);
#2819 = CARTESIAN_POINT('',(1.5,8.215650382226E-17,0.37));
#2820 = VECTOR('',#2821,1.);
#2821 = DIRECTION('',(-0.,1.,-2.22044604925E-16));
#2822 = ORIENTED_EDGE('',*,*,#2823,.F.);
#2823 = EDGE_CURVE('',#2798,#2816,#2824,.T.);
#2824 = LINE('',#2825,#2826);
#2825 = CARTESIAN_POINT('',(1.5,1.398881011028E-16,0.63));
#2826 = VECTOR('',#2827,1.);
#2827 = DIRECTION('',(0.,-2.22044604925E-16,-1.));
#2828 = PLANE('',#2829);
#2829 = AXIS2_PLACEMENT_3D('',#2830,#2831,#2832);
#2830 = CARTESIAN_POINT('',(1.5,1.398881011028E-16,0.63));
#2831 = DIRECTION('',(-1.,-0.,0.));
#2832 = DIRECTION('',(0.,-2.22044604925E-16,-1.));
#2833 = ADVANCED_FACE('',(#2834),#2859,.F.);
#2834 = FACE_BOUND('',#2835,.F.);
#2835 = EDGE_LOOP('',(#2836,#2837,#2845,#2853));
#2836 = ORIENTED_EDGE('',*,*,#2815,.T.);
#2837 = ORIENTED_EDGE('',*,*,#2838,.T.);
#2838 = EDGE_CURVE('',#2808,#2839,#2841,.T.);
#2839 = VERTEX_POINT('',#2840);
#2840 = CARTESIAN_POINT('',(0.995,0.2,0.37));
#2841 = LINE('',#2842,#2843);
#2842 = CARTESIAN_POINT('',(1.5,0.2,0.37));
#2843 = VECTOR('',#2844,1.);
#2844 = DIRECTION('',(-1.,0.,0.));
#2845 = ORIENTED_EDGE('',*,*,#2846,.F.);
#2846 = EDGE_CURVE('',#2847,#2839,#2849,.T.);
#2847 = VERTEX_POINT('',#2848);
#2848 = CARTESIAN_POINT('',(0.995,8.215650382226E-17,0.37));
#2849 = LINE('',#2850,#2851);
#2850 = CARTESIAN_POINT('',(0.995,8.215650382226E-17,0.37));
#2851 = VECTOR('',#2852,1.);
#2852 = DIRECTION('',(-0.,1.,-2.22044604925E-16));
#2853 = ORIENTED_EDGE('',*,*,#2854,.F.);
#2854 = EDGE_CURVE('',#2816,#2847,#2855,.T.);
#2855 = LINE('',#2856,#2857);
#2856 = CARTESIAN_POINT('',(1.5,8.215650382226E-17,0.37));
#2857 = VECTOR('',#2858,1.);
#2858 = DIRECTION('',(-1.,0.,0.));
#2859 = PLANE('',#2860);
#2860 = AXIS2_PLACEMENT_3D('',#2861,#2862,#2863);
#2861 = CARTESIAN_POINT('',(1.5,8.215650382226E-17,0.37));
#2862 = DIRECTION('',(0.,2.22044604925E-16,1.));
#2863 = DIRECTION('',(-1.,-0.,0.));
#2864 = ADVANCED_FACE('',(#2865),#2892,.T.);
#2865 = FACE_BOUND('',#2866,.T.);
#2866 = EDGE_LOOP('',(#2867,#2877,#2884,#2885));
#2867 = ORIENTED_EDGE('',*,*,#2868,.T.);
#2868 = EDGE_CURVE('',#2869,#2871,#2873,.T.);
#2869 = VERTEX_POINT('',#2870);
#2870 = CARTESIAN_POINT('',(0.995,1.398881011028E-16,0.63));
#2871 = VERTEX_POINT('',#2872);
#2872 = CARTESIAN_POINT('',(0.995,0.2,0.63));
#2873 = LINE('',#2874,#2875);
#2874 = CARTESIAN_POINT('',(0.995,1.398881011028E-16,0.63));
#2875 = VECTOR('',#2876,1.);
#2876 = DIRECTION('',(-0.,1.,-2.22044604925E-16));
#2877 = ORIENTED_EDGE('',*,*,#2878,.T.);
#2878 = EDGE_CURVE('',#2871,#2839,#2879,.T.);
#2879 = CIRCLE('',#2880,0.13);
#2880 = AXIS2_PLACEMENT_3D('',#2881,#2882,#2883);
#2881 = CARTESIAN_POINT('',(0.995,0.2,0.5));
#2882 = DIRECTION('',(0.,-1.,2.22044604925E-16));
#2883 = DIRECTION('',(1.,0.,0.));
#2884 = ORIENTED_EDGE('',*,*,#2846,.F.);
#2885 = ORIENTED_EDGE('',*,*,#2886,.F.);
#2886 = EDGE_CURVE('',#2869,#2847,#2887,.T.);
#2887 = CIRCLE('',#2888,0.13);
#2888 = AXIS2_PLACEMENT_3D('',#2889,#2890,#2891);
#2889 = CARTESIAN_POINT('',(0.995,1.110223024625E-16,0.5));
#2890 = DIRECTION('',(0.,-1.,2.22044604925E-16));
#2891 = DIRECTION('',(1.,0.,0.));
#2892 = CYLINDRICAL_SURFACE('',#2893,0.13);
#2893 = AXIS2_PLACEMENT_3D('',#2894,#2895,#2896);
#2894 = CARTESIAN_POINT('',(0.995,1.110223024625E-16,0.5));
#2895 = DIRECTION('',(0.,-1.,2.22044604925E-16));
#2896 = DIRECTION('',(1.,0.,0.));
#2897 = ADVANCED_FACE('',(#2898),#2914,.F.);
#2898 = FACE_BOUND('',#2899,.F.);
#2899 = EDGE_LOOP('',(#2900,#2901,#2907,#2908));
#2900 = ORIENTED_EDGE('',*,*,#2868,.T.);
#2901 = ORIENTED_EDGE('',*,*,#2902,.T.);
#2902 = EDGE_CURVE('',#2871,#2800,#2903,.T.);
#2903 = LINE('',#2904,#2905);
#2904 = CARTESIAN_POINT('',(0.995,0.2,0.63));
#2905 = VECTOR('',#2906,1.);
#2906 = DIRECTION('',(1.,0.,0.));
#2907 = ORIENTED_EDGE('',*,*,#2797,.F.);
#2908 = ORIENTED_EDGE('',*,*,#2909,.F.);
#2909 = EDGE_CURVE('',#2869,#2798,#2910,.T.);
#2910 = LINE('',#2911,#2912);
#2911 = CARTESIAN_POINT('',(0.995,1.398881011028E-16,0.63));
#2912 = VECTOR('',#2913,1.);
#2913 = DIRECTION('',(1.,0.,0.));
#2914 = PLANE('',#2915);
#2915 = AXIS2_PLACEMENT_3D('',#2916,#2917,#2918);
#2916 = CARTESIAN_POINT('',(0.995,1.398881011028E-16,0.63));
#2917 = DIRECTION('',(0.,-2.22044604925E-16,-1.));
#2918 = DIRECTION('',(1.,0.,0.));
#2919 = ADVANCED_FACE('',(#2920),#2926,.F.);
#2920 = FACE_BOUND('',#2921,.F.);
#2921 = EDGE_LOOP('',(#2922,#2923,#2924,#2925));
#2922 = ORIENTED_EDGE('',*,*,#2823,.T.);
#2923 = ORIENTED_EDGE('',*,*,#2854,.T.);
#2924 = ORIENTED_EDGE('',*,*,#2886,.F.);
#2925 = ORIENTED_EDGE('',*,*,#2909,.T.);
#2926 = PLANE('',#2927);
#2927 = AXIS2_PLACEMENT_3D('',#2928,#2929,#2930);
#2928 = CARTESIAN_POINT('',(1.210092374308,1.110223024625E-16,0.5));
#2929 = DIRECTION('',(0.,1.,0.));
#2930 = DIRECTION('',(0.,0.,1.));
#2931 = ADVANCED_FACE('',(#2932),#2938,.T.);
#2932 = FACE_BOUND('',#2933,.T.);
#2933 = EDGE_LOOP('',(#2934,#2935,#2936,#2937));
#2934 = ORIENTED_EDGE('',*,*,#2807,.T.);
#2935 = ORIENTED_EDGE('',*,*,#2838,.T.);
#2936 = ORIENTED_EDGE('',*,*,#2878,.F.);
#2937 = ORIENTED_EDGE('',*,*,#2902,.T.);
#2938 = PLANE('',#2939);
#2939 = AXIS2_PLACEMENT_3D('',#2940,#2941,#2942);
#2940 = CARTESIAN_POINT('',(1.210092374308,0.2,0.5));
#2941 = DIRECTION('',(0.,1.,0.));
#2942 = DIRECTION('',(0.,0.,1.));
#2943 = ( GEOMETRIC_REPRESENTATION_CONTEXT(3) 
GLOBAL_UNCERTAINTY_ASSIGNED_CONTEXT((#2947)) 
GLOBAL_UNIT_ASSIGNED_CONTEXT((#2944,#2945,#2946)) REPRESENTATION_CONTEXT
('Context #1','3D Context with UNIT and UNCERTAINTY') );
#2944 = ( LENGTH_UNIT() NAMED_UNIT(*) SI_UNIT(.MILLI.,.METRE.) );
#2945 = ( NAMED_UNIT(*) PLANE_ANGLE_UNIT() SI_UNIT($,.RADIAN.) );
#2946 = ( NAMED_UNIT(*) SI_UNIT($,.STERADIAN.) SOLID_ANGLE_UNIT() );
#2947 = UNCERTAINTY_MEASURE_WITH_UNIT(LENGTH_MEASURE(1.E-07),#2944,
  'distance_accuracy_value','confusion accuracy');
#2948 = CONTEXT_DEPENDENT_SHAPE_REPRESENTATION(#2949,#2951);
#2949 = ( REPRESENTATION_RELATIONSHIP('','',#2790,#10) 
REPRESENTATION_RELATIONSHIP_WITH_TRANSFORMATION(#2950) 
SHAPE_REPRESENTATION_RELATIONSHIP() );
#2950 = ITEM_DEFINED_TRANSFORMATION('','',#11,#59);
#2951 = PRODUCT_DEFINITION_SHAPE('Placement','Placement of an item',
  #2952);
#2952 = NEXT_ASSEMBLY_USAGE_OCCURRENCE('28046','Array003_Solid2','',#5,
  #2785,$);
#2953 = PRODUCT_RELATED_PRODUCT_CATEGORY('part',$,(#2787));
#2954 = CONTEXT_DEPENDENT_SHAPE_REPRESENTATION(#2955,#2957);
#2955 = ( REPRESENTATION_RELATIONSHIP('','',#2790,#10) 
REPRESENTATION_RELATIONSHIP_WITH_TRANSFORMATION(#2956) 
SHAPE_REPRESENTATION_RELATIONSHIP() );
#2956 = ITEM_DEFINED_TRANSFORMATION('','',#11,#63);
#2957 = PRODUCT_DEFINITION_SHAPE('Placement','Placement of an item',
  #2958);
#2958 = NEXT_ASSEMBLY_USAGE_OCCURRENCE('28047','Array003_Solid3','',#5,
  #2785,$);
#2959 = SHAPE_DEFINITION_REPRESENTATION(#2960,#2966);
#2960 = PRODUCT_DEFINITION_SHAPE('','',#2961);
#2961 = PRODUCT_DEFINITION('design','',#2962,#2965);
#2962 = PRODUCT_DEFINITION_FORMATION('','',#2963);
#2963 = PRODUCT('Body003_Solid1','Body003_Solid1','',(#2964));
#2964 = PRODUCT_CONTEXT('',#2,'mechanical');
#2965 = PRODUCT_DEFINITION_CONTEXT('part definition',#2,'design');
#2966 = ADVANCED_BREP_SHAPE_REPRESENTATION('',(#11,#2967),#3117);
#2967 = MANIFOLD_SOLID_BREP('',#2968);
#2968 = CLOSED_SHELL('',(#2969,#3009,#3040,#3071,#3093,#3105));
#2969 = ADVANCED_FACE('',(#2970),#3004,.T.);
#2970 = FACE_BOUND('',#2971,.T.);
#2971 = EDGE_LOOP('',(#2972,#2982,#2990,#2998));
#2972 = ORIENTED_EDGE('',*,*,#2973,.T.);
#2973 = EDGE_CURVE('',#2974,#2976,#2978,.T.);
#2974 = VERTEX_POINT('',#2975);
#2975 = CARTESIAN_POINT('',(0.575,-1.276756478319E-16,-0.575));
#2976 = VERTEX_POINT('',#2977);
#2977 = CARTESIAN_POINT('',(0.575,5.E-02,-0.575));
#2978 = LINE('',#2979,#2980);
#2979 = CARTESIAN_POINT('',(0.575,-1.276756478319E-16,-0.575));
#2980 = VECTOR('',#2981,1.);
#2981 = DIRECTION('',(-0.,1.,-2.22044604925E-16));
#2982 = ORIENTED_EDGE('',*,*,#2983,.T.);
#2983 = EDGE_CURVE('',#2976,#2984,#2986,.T.);
#2984 = VERTEX_POINT('',#2985);
#2985 = CARTESIAN_POINT('',(0.575,5.E-02,0.575));
#2986 = LINE('',#2987,#2988);
#2987 = CARTESIAN_POINT('',(0.575,5.E-02,-0.575));
#2988 = VECTOR('',#2989,1.);
#2989 = DIRECTION('',(0.,2.22044604925E-16,1.));
#2990 = ORIENTED_EDGE('',*,*,#2991,.F.);
#2991 = EDGE_CURVE('',#2992,#2984,#2994,.T.);
#2992 = VERTEX_POINT('',#2993);
#2993 = CARTESIAN_POINT('',(0.575,1.276756478319E-16,0.575));
#2994 = LINE('',#2995,#2996);
#2995 = CARTESIAN_POINT('',(0.575,1.276756478319E-16,0.575));
#2996 = VECTOR('',#2997,1.);
#2997 = DIRECTION('',(-0.,1.,-2.22044604925E-16));
#2998 = ORIENTED_EDGE('',*,*,#2999,.F.);
#2999 = EDGE_CURVE('',#2974,#2992,#3000,.T.);
#3000 = LINE('',#3001,#3002);
#3001 = CARTESIAN_POINT('',(0.575,-1.276756478319E-16,-0.575));
#3002 = VECTOR('',#3003,1.);
#3003 = DIRECTION('',(0.,2.22044604925E-16,1.));
#3004 = PLANE('',#3005);
#3005 = AXIS2_PLACEMENT_3D('',#3006,#3007,#3008);
#3006 = CARTESIAN_POINT('',(0.575,-1.276756478319E-16,-0.575));
#3007 = DIRECTION('',(1.,0.,0.));
#3008 = DIRECTION('',(0.,2.22044604925E-16,1.));
#3009 = ADVANCED_FACE('',(#3010),#3035,.T.);
#3010 = FACE_BOUND('',#3011,.T.);
#3011 = EDGE_LOOP('',(#3012,#3013,#3021,#3029));
#3012 = ORIENTED_EDGE('',*,*,#2991,.T.);
#3013 = ORIENTED_EDGE('',*,*,#3014,.T.);
#3014 = EDGE_CURVE('',#2984,#3015,#3017,.T.);
#3015 = VERTEX_POINT('',#3016);
#3016 = CARTESIAN_POINT('',(-0.575,5.E-02,0.575));
#3017 = LINE('',#3018,#3019);
#3018 = CARTESIAN_POINT('',(0.575,5.E-02,0.575));
#3019 = VECTOR('',#3020,1.);
#3020 = DIRECTION('',(-1.,0.,0.));
#3021 = ORIENTED_EDGE('',*,*,#3022,.F.);
#3022 = EDGE_CURVE('',#3023,#3015,#3025,.T.);
#3023 = VERTEX_POINT('',#3024);
#3024 = CARTESIAN_POINT('',(-0.575,1.276756478319E-16,0.575));
#3025 = LINE('',#3026,#3027);
#3026 = CARTESIAN_POINT('',(-0.575,1.276756478319E-16,0.575));
#3027 = VECTOR('',#3028,1.);
#3028 = DIRECTION('',(-0.,1.,-2.22044604925E-16));
#3029 = ORIENTED_EDGE('',*,*,#3030,.F.);
#3030 = EDGE_CURVE('',#2992,#3023,#3031,.T.);
#3031 = LINE('',#3032,#3033);
#3032 = CARTESIAN_POINT('',(0.575,1.276756478319E-16,0.575));
#3033 = VECTOR('',#3034,1.);
#3034 = DIRECTION('',(-1.,0.,0.));
#3035 = PLANE('',#3036);
#3036 = AXIS2_PLACEMENT_3D('',#3037,#3038,#3039);
#3037 = CARTESIAN_POINT('',(0.575,1.276756478319E-16,0.575));
#3038 = DIRECTION('',(0.,2.22044604925E-16,1.));
#3039 = DIRECTION('',(-1.,-0.,0.));
#3040 = ADVANCED_FACE('',(#3041),#3066,.T.);
#3041 = FACE_BOUND('',#3042,.T.);
#3042 = EDGE_LOOP('',(#3043,#3044,#3052,#3060));
#3043 = ORIENTED_EDGE('',*,*,#3022,.T.);
#3044 = ORIENTED_EDGE('',*,*,#3045,.T.);
#3045 = EDGE_CURVE('',#3015,#3046,#3048,.T.);
#3046 = VERTEX_POINT('',#3047);
#3047 = CARTESIAN_POINT('',(-0.575,5.E-02,-0.575));
#3048 = LINE('',#3049,#3050);
#3049 = CARTESIAN_POINT('',(-0.575,5.E-02,0.575));
#3050 = VECTOR('',#3051,1.);
#3051 = DIRECTION('',(0.,-2.22044604925E-16,-1.));
#3052 = ORIENTED_EDGE('',*,*,#3053,.F.);
#3053 = EDGE_CURVE('',#3054,#3046,#3056,.T.);
#3054 = VERTEX_POINT('',#3055);
#3055 = CARTESIAN_POINT('',(-0.575,-1.276756478319E-16,-0.575));
#3056 = LINE('',#3057,#3058);
#3057 = CARTESIAN_POINT('',(-0.575,-1.276756478319E-16,-0.575));
#3058 = VECTOR('',#3059,1.);
#3059 = DIRECTION('',(-0.,1.,-2.22044604925E-16));
#3060 = ORIENTED_EDGE('',*,*,#3061,.F.);
#3061 = EDGE_CURVE('',#3023,#3054,#3062,.T.);
#3062 = LINE('',#3063,#3064);
#3063 = CARTESIAN_POINT('',(-0.575,1.276756478319E-16,0.575));
#3064 = VECTOR('',#3065,1.);
#3065 = DIRECTION('',(0.,-2.22044604925E-16,-1.));
#3066 = PLANE('',#3067);
#3067 = AXIS2_PLACEMENT_3D('',#3068,#3069,#3070);
#3068 = CARTESIAN_POINT('',(-0.575,1.276756478319E-16,0.575));
#3069 = DIRECTION('',(-1.,-0.,0.));
#3070 = DIRECTION('',(0.,-2.22044604925E-16,-1.));
#3071 = ADVANCED_FACE('',(#3072),#3088,.T.);
#3072 = FACE_BOUND('',#3073,.T.);
#3073 = EDGE_LOOP('',(#3074,#3075,#3081,#3082));
#3074 = ORIENTED_EDGE('',*,*,#3053,.T.);
#3075 = ORIENTED_EDGE('',*,*,#3076,.T.);
#3076 = EDGE_CURVE('',#3046,#2976,#3077,.T.);
#3077 = LINE('',#3078,#3079);
#3078 = CARTESIAN_POINT('',(-0.575,5.E-02,-0.575));
#3079 = VECTOR('',#3080,1.);
#3080 = DIRECTION('',(1.,0.,0.));
#3081 = ORIENTED_EDGE('',*,*,#2973,.F.);
#3082 = ORIENTED_EDGE('',*,*,#3083,.F.);
#3083 = EDGE_CURVE('',#3054,#2974,#3084,.T.);
#3084 = LINE('',#3085,#3086);
#3085 = CARTESIAN_POINT('',(-0.575,-1.276756478319E-16,-0.575));
#3086 = VECTOR('',#3087,1.);
#3087 = DIRECTION('',(1.,0.,0.));
#3088 = PLANE('',#3089);
#3089 = AXIS2_PLACEMENT_3D('',#3090,#3091,#3092);
#3090 = CARTESIAN_POINT('',(-0.575,-1.276756478319E-16,-0.575));
#3091 = DIRECTION('',(0.,-2.22044604925E-16,-1.));
#3092 = DIRECTION('',(1.,0.,0.));
#3093 = ADVANCED_FACE('',(#3094),#3100,.F.);
#3094 = FACE_BOUND('',#3095,.T.);
#3095 = EDGE_LOOP('',(#3096,#3097,#3098,#3099));
#3096 = ORIENTED_EDGE('',*,*,#2999,.T.);
#3097 = ORIENTED_EDGE('',*,*,#3030,.T.);
#3098 = ORIENTED_EDGE('',*,*,#3061,.T.);
#3099 = ORIENTED_EDGE('',*,*,#3083,.T.);
#3100 = PLANE('',#3101);
#3101 = AXIS2_PLACEMENT_3D('',#3102,#3103,#3104);
#3102 = CARTESIAN_POINT('',(0.,0.,0.));
#3103 = DIRECTION('',(0.,1.,0.));
#3104 = DIRECTION('',(0.,0.,1.));
#3105 = ADVANCED_FACE('',(#3106),#3112,.T.);
#3106 = FACE_BOUND('',#3107,.F.);
#3107 = EDGE_LOOP('',(#3108,#3109,#3110,#3111));
#3108 = ORIENTED_EDGE('',*,*,#2983,.T.);
#3109 = ORIENTED_EDGE('',*,*,#3014,.T.);
#3110 = ORIENTED_EDGE('',*,*,#3045,.T.);
#3111 = ORIENTED_EDGE('',*,*,#3076,.T.);
#3112 = PLANE('',#3113);
#3113 = AXIS2_PLACEMENT_3D('',#3114,#3115,#3116);
#3114 = CARTESIAN_POINT('',(0.,5.E-02,-1.387778780781E-17));
#3115 = DIRECTION('',(0.,1.,0.));
#3116 = DIRECTION('',(0.,0.,1.));
#3117 = ( GEOMETRIC_REPRESENTATION_CONTEXT(3) 
GLOBAL_UNCERTAINTY_ASSIGNED_CONTEXT((#3121)) 
GLOBAL_UNIT_ASSIGNED_CONTEXT((#3118,#3119,#3120)) REPRESENTATION_CONTEXT
('Context #1','3D Context with UNIT and UNCERTAINTY') );
#3118 = ( LENGTH_UNIT() NAMED_UNIT(*) SI_UNIT(.MILLI.,.METRE.) );
#3119 = ( NAMED_UNIT(*) PLANE_ANGLE_UNIT() SI_UNIT($,.RADIAN.) );
#3120 = ( NAMED_UNIT(*) SI_UNIT($,.STERADIAN.) SOLID_ANGLE_UNIT() );
#3121 = UNCERTAINTY_MEASURE_WITH_UNIT(LENGTH_MEASURE(1.E-07),#3118,
  'distance_accuracy_value','confusion accuracy');
#3122 = CONTEXT_DEPENDENT_SHAPE_REPRESENTATION(#3123,#3125);
#3123 = ( REPRESENTATION_RELATIONSHIP('','',#2966,#10) 
REPRESENTATION_RELATIONSHIP_WITH_TRANSFORMATION(#3124) 
SHAPE_REPRESENTATION_RELATIONSHIP() );
#3124 = ITEM_DEFINED_TRANSFORMATION('','',#11,#67);
#3125 = PRODUCT_DEFINITION_SHAPE('Placement','Placement of an item',
  #3126);
#3126 = NEXT_ASSEMBLY_USAGE_OCCURRENCE('28048','Body003_Solid1','',#5,
  #2961,$);
#3127 = PRODUCT_RELATED_PRODUCT_CATEGORY('part',$,(#2963));
#3128 = SHAPE_DEFINITION_REPRESENTATION(#3129,#3135);
#3129 = PRODUCT_DEFINITION_SHAPE('','',#3130);
#3130 = PRODUCT_DEFINITION('design','',#3131,#3134);
#3131 = PRODUCT_DEFINITION_FORMATION('','',#3132);
#3132 = PRODUCT('Body004_Solid1','Body004_Solid1','',(#3133));
#3133 = PRODUCT_CONTEXT('',#2,'mechanical');
#3134 = PRODUCT_DEFINITION_CONTEXT('part definition',#2,'design');
#3135 = ADVANCED_BREP_SHAPE_REPRESENTATION('',(#11,#3136),#3189);
#3136 = MANIFOLD_SOLID_BREP('',#3137);
#3137 = CLOSED_SHELL('',(#3138,#3171,#3180));
#3138 = ADVANCED_FACE('',(#3139),#3166,.T.);
#3139 = FACE_BOUND('',#3140,.F.);
#3140 = EDGE_LOOP('',(#3141,#3150,#3158,#3165));
#3141 = ORIENTED_EDGE('',*,*,#3142,.F.);
#3142 = EDGE_CURVE('',#3143,#3143,#3145,.T.);
#3143 = VERTEX_POINT('',#3144);
#3144 = CARTESIAN_POINT('',(-1.221428571429,0.999,-1.071428571429));
#3145 = CIRCLE('',#3146,0.15);
#3146 = AXIS2_PLACEMENT_3D('',#3147,#3148,#3149);
#3147 = CARTESIAN_POINT('',(-1.071428571429,0.999,-1.071428571429));
#3148 = DIRECTION('',(0.,1.,-2.22044604925E-16));
#3149 = DIRECTION('',(-1.,0.,0.));
#3150 = ORIENTED_EDGE('',*,*,#3151,.T.);
#3151 = EDGE_CURVE('',#3143,#3152,#3154,.T.);
#3152 = VERTEX_POINT('',#3153);
#3153 = CARTESIAN_POINT('',(-1.221428571429,1.,-1.071428571429));
#3154 = LINE('',#3155,#3156);
#3155 = CARTESIAN_POINT('',(-1.221428571429,0.999,-1.071428571429));
#3156 = VECTOR('',#3157,1.);
#3157 = DIRECTION('',(0.,1.,-2.22044604925E-16));
#3158 = ORIENTED_EDGE('',*,*,#3159,.F.);
#3159 = EDGE_CURVE('',#3152,#3152,#3160,.T.);
#3160 = CIRCLE('',#3161,0.15);
#3161 = AXIS2_PLACEMENT_3D('',#3162,#3163,#3164);
#3162 = CARTESIAN_POINT('',(-1.071428571429,1.,-1.071428571429));
#3163 = DIRECTION('',(0.,-1.,2.22044604925E-16));
#3164 = DIRECTION('',(-1.,0.,0.));
#3165 = ORIENTED_EDGE('',*,*,#3151,.F.);
#3166 = CYLINDRICAL_SURFACE('',#3167,0.15);
#3167 = AXIS2_PLACEMENT_3D('',#3168,#3169,#3170);
#3168 = CARTESIAN_POINT('',(-1.071428571429,0.999,-1.071428571429));
#3169 = DIRECTION('',(0.,-1.,2.22044604925E-16));
#3170 = DIRECTION('',(-1.,0.,0.));
#3171 = ADVANCED_FACE('',(#3172),#3175,.F.);
#3172 = FACE_BOUND('',#3173,.F.);
#3173 = EDGE_LOOP('',(#3174));
#3174 = ORIENTED_EDGE('',*,*,#3142,.T.);
#3175 = PLANE('',#3176);
#3176 = AXIS2_PLACEMENT_3D('',#3177,#3178,#3179);
#3177 = CARTESIAN_POINT('',(-1.071428571429,0.999,-1.071428571429));
#3178 = DIRECTION('',(0.,1.,0.));
#3179 = DIRECTION('',(0.,0.,1.));
#3180 = ADVANCED_FACE('',(#3181),#3184,.T.);
#3181 = FACE_BOUND('',#3182,.T.);
#3182 = EDGE_LOOP('',(#3183));
#3183 = ORIENTED_EDGE('',*,*,#3159,.F.);
#3184 = PLANE('',#3185);
#3185 = AXIS2_PLACEMENT_3D('',#3186,#3187,#3188);
#3186 = CARTESIAN_POINT('',(0.,1.,-2.22044604925E-16));
#3187 = DIRECTION('',(0.,1.,0.));
#3188 = DIRECTION('',(0.,0.,1.));
#3189 = ( GEOMETRIC_REPRESENTATION_CONTEXT(3) 
GLOBAL_UNCERTAINTY_ASSIGNED_CONTEXT((#3193)) 
GLOBAL_UNIT_ASSIGNED_CONTEXT((#3190,#3191,#3192)) REPRESENTATION_CONTEXT
('Context #1','3D Context with UNIT and UNCERTAINTY') );
#3190 = ( LENGTH_UNIT() NAMED_UNIT(*) SI_UNIT(.MILLI.,.METRE.) );
#3191 = ( NAMED_UNIT(*) PLANE_ANGLE_UNIT() SI_UNIT($,.RADIAN.) );
#3192 = ( NAMED_UNIT(*) SI_UNIT($,.STERADIAN.) SOLID_ANGLE_UNIT() );
#3193 = UNCERTAINTY_MEASURE_WITH_UNIT(LENGTH_MEASURE(1.E-07),#3190,
  'distance_accuracy_value','confusion accuracy');
#3194 = CONTEXT_DEPENDENT_SHAPE_REPRESENTATION(#3195,#3197);
#3195 = ( REPRESENTATION_RELATIONSHIP('','',#3135,#10) 
REPRESENTATION_RELATIONSHIP_WITH_TRANSFORMATION(#3196) 
SHAPE_REPRESENTATION_RELATIONSHIP() );
#3196 = ITEM_DEFINED_TRANSFORMATION('','',#11,#71);
#3197 = PRODUCT_DEFINITION_SHAPE('Placement','Placement of an item',
  #3198);
#3198 = NEXT_ASSEMBLY_USAGE_OCCURRENCE('28049','Body004_Solid1','',#5,
  #3130,$);
#3199 = PRODUCT_RELATED_PRODUCT_CATEGORY('part',$,(#3132));
#3200 = SHAPE_DEFINITION_REPRESENTATION(#2248,#3201);
#3201 = SHAPE_REPRESENTATION('',(#27),#2234);
#3202 = SHAPE_DEFINITION_REPRESENTATION(#2253,#3203);
#3203 = SHAPE_REPRESENTATION('',(#31),#2234);
#3204 = SHAPE_DEFINITION_REPRESENTATION(#2429,#3205);
#3205 = SHAPE_REPRESENTATION('',(#39),#2415);
#3206 = SHAPE_DEFINITION_REPRESENTATION(#2776,#3207);
#3207 = SHAPE_REPRESENTATION('',(#51),#2762);
#3208 = SHAPE_DEFINITION_REPRESENTATION(#2781,#3209);
#3209 = SHAPE_REPRESENTATION('',(#55),#2762);
#3210 = SHAPE_DEFINITION_REPRESENTATION(#2957,#3211);
#3211 = SHAPE_REPRESENTATION('',(#63),#2943);
#3212 = SHAPE_DEFINITION_REPRESENTATION(#2248,#3213);
#3213 = SHAPE_REPRESENTATION('',(#27),#2234);
#3214 = SHAPE_DEFINITION_REPRESENTATION(#2253,#3215);
#3215 = SHAPE_REPRESENTATION('',(#31),#2234);
#3216 = SHAPE_DEFINITION_REPRESENTATION(#2429,#3217);
#3217 = SHAPE_REPRESENTATION('',(#39),#2415);
#3218 = SHAPE_DEFINITION_REPRESENTATION(#2776,#3219);
#3219 = SHAPE_REPRESENTATION('',(#51),#2762);
#3220 = SHAPE_DEFINITION_REPRESENTATION(#2781,#3221);
#3221 = SHAPE_REPRESENTATION('',(#55),#2762);
#3222 = SHAPE_DEFINITION_REPRESENTATION(#2957,#3223);
#3223 = SHAPE_REPRESENTATION('',(#63),#2943);
#3224 = MECHANICAL_DESIGN_GEOMETRIC_PRESENTATION_REPRESENTATION('',(
    #3225),#1892);
#3225 = STYLED_ITEM('color',(#3226),#89);
#3226 = PRESENTATION_STYLE_ASSIGNMENT((#3227,#3233));
#3227 = SURFACE_STYLE_USAGE(.BOTH.,#3228);
#3228 = SURFACE_SIDE_STYLE('',(#3229));
#3229 = SURFACE_STYLE_FILL_AREA(#3230);
#3230 = FILL_AREA_STYLE('',(#3231));
#3231 = FILL_AREA_STYLE_COLOUR('',#3232);
#3232 = COLOUR_RGB('',0.250980406631,0.250980406631,0.250980406631);
#3233 = CURVE_STYLE('',#3234,POSITIVE_LENGTH_MEASURE(0.1),#3235);
#3234 = DRAUGHTING_PRE_DEFINED_CURVE_FONT('continuous');
#3235 = COLOUR_RGB('',9.803921802644E-02,9.803921802644E-02,
  9.803921802644E-02);
#3236 = MECHANICAL_DESIGN_GEOMETRIC_PRESENTATION_REPRESENTATION('',(
    #3237,#3247,#3256),#2943);
#3237 = STYLED_ITEM('color',(#3238),#2791);
#3238 = PRESENTATION_STYLE_ASSIGNMENT((#3239,#3245));
#3239 = SURFACE_STYLE_USAGE(.BOTH.,#3240);
#3240 = SURFACE_SIDE_STYLE('',(#3241));
#3241 = SURFACE_STYLE_FILL_AREA(#3242);
#3242 = FILL_AREA_STYLE('',(#3243));
#3243 = FILL_AREA_STYLE_COLOUR('',#3244);
#3244 = COLOUR_RGB('',0.796078452645,0.823529417451,0.937254901616);
#3245 = CURVE_STYLE('',#3246,POSITIVE_LENGTH_MEASURE(0.1),#3235);
#3246 = DRAUGHTING_PRE_DEFINED_CURVE_FONT('continuous');
#3247 = OVER_RIDING_STYLED_ITEM('overriding color',(#3248),#2791,#3237);
#3248 = PRESENTATION_STYLE_BY_CONTEXT((#3249,#3254),#3211);
#3249 = SURFACE_STYLE_USAGE(.BOTH.,#3250);
#3250 = SURFACE_SIDE_STYLE('',(#3251));
#3251 = SURFACE_STYLE_FILL_AREA(#3252);
#3252 = FILL_AREA_STYLE('',(#3253));
#3253 = FILL_AREA_STYLE_COLOUR('',#3244);
#3254 = CURVE_STYLE('',#3255,POSITIVE_LENGTH_MEASURE(0.1),#3235);
#3255 = DRAUGHTING_PRE_DEFINED_CURVE_FONT('continuous');
#3256 = OVER_RIDING_STYLED_ITEM('overriding color',(#3257),#2791,#3237);
#3257 = PRESENTATION_STYLE_BY_CONTEXT((#3258,#3264),#3223);
#3258 = SURFACE_STYLE_USAGE(.BOTH.,#3259);
#3259 = SURFACE_SIDE_STYLE('',(#3260));
#3260 = SURFACE_STYLE_FILL_AREA(#3261);
#3261 = FILL_AREA_STYLE('',(#3262));
#3262 = FILL_AREA_STYLE_COLOUR('',#3263);
#3263 = COLOUR_RGB('',0.796078452645,0.823529417451,0.937254901616);
#3264 = CURVE_STYLE('',#3265,POSITIVE_LENGTH_MEASURE(0.1),#3266);
#3265 = DRAUGHTING_PRE_DEFINED_CURVE_FONT('continuous');
#3266 = COLOUR_RGB('',9.803921802644E-02,9.803921802644E-02,
  9.803921802644E-02);
#3267 = MECHANICAL_DESIGN_GEOMETRIC_PRESENTATION_REPRESENTATION('',(
    #3268,#3277,#3286),#2415);
#3268 = STYLED_ITEM('color',(#3269),#2263);
#3269 = PRESENTATION_STYLE_ASSIGNMENT((#3270,#3275));
#3270 = SURFACE_STYLE_USAGE(.BOTH.,#3271);
#3271 = SURFACE_SIDE_STYLE('',(#3272));
#3272 = SURFACE_STYLE_FILL_AREA(#3273);
#3273 = FILL_AREA_STYLE('',(#3274));
#3274 = FILL_AREA_STYLE_COLOUR('',#3244);
#3275 = CURVE_STYLE('',#3276,POSITIVE_LENGTH_MEASURE(0.1),#3235);
#3276 = DRAUGHTING_PRE_DEFINED_CURVE_FONT('continuous');
#3277 = OVER_RIDING_STYLED_ITEM('overriding color',(#3278),#2263,#3268);
#3278 = PRESENTATION_STYLE_BY_CONTEXT((#3279,#3284),#3205);
#3279 = SURFACE_STYLE_USAGE(.BOTH.,#3280);
#3280 = SURFACE_SIDE_STYLE('',(#3281));
#3281 = SURFACE_STYLE_FILL_AREA(#3282);
#3282 = FILL_AREA_STYLE('',(#3283));
#3283 = FILL_AREA_STYLE_COLOUR('',#3244);
#3284 = CURVE_STYLE('',#3285,POSITIVE_LENGTH_MEASURE(0.1),#3235);
#3285 = DRAUGHTING_PRE_DEFINED_CURVE_FONT('continuous');
#3286 = OVER_RIDING_STYLED_ITEM('overriding color',(#3287),#2263,#3268);
#3287 = PRESENTATION_STYLE_BY_CONTEXT((#3288,#3293),#3217);
#3288 = SURFACE_STYLE_USAGE(.BOTH.,#3289);
#3289 = SURFACE_SIDE_STYLE('',(#3290));
#3290 = SURFACE_STYLE_FILL_AREA(#3291);
#3291 = FILL_AREA_STYLE('',(#3292));
#3292 = FILL_AREA_STYLE_COLOUR('',#3263);
#3293 = CURVE_STYLE('',#3294,POSITIVE_LENGTH_MEASURE(0.1),#3266);
#3294 = DRAUGHTING_PRE_DEFINED_CURVE_FONT('continuous');
#3295 = MECHANICAL_DESIGN_GEOMETRIC_PRESENTATION_REPRESENTATION('',(
    #3296),#3117);
#3296 = STYLED_ITEM('color',(#3297),#2967);
#3297 = PRESENTATION_STYLE_ASSIGNMENT((#3298,#3303));
#3298 = SURFACE_STYLE_USAGE(.BOTH.,#3299);
#3299 = SURFACE_SIDE_STYLE('',(#3300));
#3300 = SURFACE_STYLE_FILL_AREA(#3301);
#3301 = FILL_AREA_STYLE('',(#3302));
#3302 = FILL_AREA_STYLE_COLOUR('',#3244);
#3303 = CURVE_STYLE('',#3304,POSITIVE_LENGTH_MEASURE(0.1),#3235);
#3304 = DRAUGHTING_PRE_DEFINED_CURVE_FONT('continuous');
#3305 = MECHANICAL_DESIGN_GEOMETRIC_PRESENTATION_REPRESENTATION('',(
    #3306,#3315,#3324,#3333,#3342),#2234);
#3306 = STYLED_ITEM('color',(#3307),#2082);
#3307 = PRESENTATION_STYLE_ASSIGNMENT((#3308,#3313));
#3308 = SURFACE_STYLE_USAGE(.BOTH.,#3309);
#3309 = SURFACE_SIDE_STYLE('',(#3310));
#3310 = SURFACE_STYLE_FILL_AREA(#3311);
#3311 = FILL_AREA_STYLE('',(#3312));
#3312 = FILL_AREA_STYLE_COLOUR('',#3244);
#3313 = CURVE_STYLE('',#3314,POSITIVE_LENGTH_MEASURE(0.1),#3235);
#3314 = DRAUGHTING_PRE_DEFINED_CURVE_FONT('continuous');
#3315 = OVER_RIDING_STYLED_ITEM('overriding color',(#3316),#2082,#3306);
#3316 = PRESENTATION_STYLE_BY_CONTEXT((#3317,#3322),#3201);
#3317 = SURFACE_STYLE_USAGE(.BOTH.,#3318);
#3318 = SURFACE_SIDE_STYLE('',(#3319));
#3319 = SURFACE_STYLE_FILL_AREA(#3320);
#3320 = FILL_AREA_STYLE('',(#3321));
#3321 = FILL_AREA_STYLE_COLOUR('',#3244);
#3322 = CURVE_STYLE('',#3323,POSITIVE_LENGTH_MEASURE(0.1),#3235);
#3323 = DRAUGHTING_PRE_DEFINED_CURVE_FONT('continuous');
#3324 = OVER_RIDING_STYLED_ITEM('overriding color',(#3325),#2082,#3306);
#3325 = PRESENTATION_STYLE_BY_CONTEXT((#3326,#3331),#3203);
#3326 = SURFACE_STYLE_USAGE(.BOTH.,#3327);
#3327 = SURFACE_SIDE_STYLE('',(#3328));
#3328 = SURFACE_STYLE_FILL_AREA(#3329);
#3329 = FILL_AREA_STYLE('',(#3330));
#3330 = FILL_AREA_STYLE_COLOUR('',#3244);
#3331 = CURVE_STYLE('',#3332,POSITIVE_LENGTH_MEASURE(0.1),#3235);
#3332 = DRAUGHTING_PRE_DEFINED_CURVE_FONT('continuous');
#3333 = OVER_RIDING_STYLED_ITEM('overriding color',(#3334),#2082,#3306);
#3334 = PRESENTATION_STYLE_BY_CONTEXT((#3335,#3340),#3213);
#3335 = SURFACE_STYLE_USAGE(.BOTH.,#3336);
#3336 = SURFACE_SIDE_STYLE('',(#3337));
#3337 = SURFACE_STYLE_FILL_AREA(#3338);
#3338 = FILL_AREA_STYLE('',(#3339));
#3339 = FILL_AREA_STYLE_COLOUR('',#3263);
#3340 = CURVE_STYLE('',#3341,POSITIVE_LENGTH_MEASURE(0.1),#3266);
#3341 = DRAUGHTING_PRE_DEFINED_CURVE_FONT('continuous');
#3342 = OVER_RIDING_STYLED_ITEM('overriding color',(#3343),#2082,#3306);
#3343 = PRESENTATION_STYLE_BY_CONTEXT((#3344,#3349),#3215);
#3344 = SURFACE_STYLE_USAGE(.BOTH.,#3345);
#3345 = SURFACE_SIDE_STYLE('',(#3346));
#3346 = SURFACE_STYLE_FILL_AREA(#3347);
#3347 = FILL_AREA_STYLE('',(#3348));
#3348 = FILL_AREA_STYLE_COLOUR('',#3263);
#3349 = CURVE_STYLE('',#3350,POSITIVE_LENGTH_MEASURE(0.1),#3266);
#3350 = DRAUGHTING_PRE_DEFINED_CURVE_FONT('continuous');
#3351 = MECHANICAL_DESIGN_GEOMETRIC_PRESENTATION_REPRESENTATION('',(
    #3352),#2591);
#3352 = STYLED_ITEM('color',(#3353),#2439);
#3353 = PRESENTATION_STYLE_ASSIGNMENT((#3354,#3359));
#3354 = SURFACE_STYLE_USAGE(.BOTH.,#3355);
#3355 = SURFACE_SIDE_STYLE('',(#3356));
#3356 = SURFACE_STYLE_FILL_AREA(#3357);
#3357 = FILL_AREA_STYLE('',(#3358));
#3358 = FILL_AREA_STYLE_COLOUR('',#3244);
#3359 = CURVE_STYLE('',#3360,POSITIVE_LENGTH_MEASURE(0.1),#3235);
#3360 = DRAUGHTING_PRE_DEFINED_CURVE_FONT('continuous');
#3361 = MECHANICAL_DESIGN_GEOMETRIC_PRESENTATION_REPRESENTATION('',(
    #3362),#3189);
#3362 = STYLED_ITEM('color',(#3363),#3136);
#3363 = PRESENTATION_STYLE_ASSIGNMENT((#3364,#3370));
#3364 = SURFACE_STYLE_USAGE(.BOTH.,#3365);
#3365 = SURFACE_SIDE_STYLE('',(#3366));
#3366 = SURFACE_STYLE_FILL_AREA(#3367);
#3367 = FILL_AREA_STYLE('',(#3368));
#3368 = FILL_AREA_STYLE_COLOUR('',#3369);
#3369 = DRAUGHTING_PRE_DEFINED_COLOUR('white');
#3370 = CURVE_STYLE('',#3371,POSITIVE_LENGTH_MEASURE(0.1),#3235);
#3371 = DRAUGHTING_PRE_DEFINED_CURVE_FONT('continuous');
#3372 = MECHANICAL_DESIGN_GEOMETRIC_PRESENTATION_REPRESENTATION('',(
    #3373),#2063);
#3373 = STYLED_ITEM('color',(#3374),#1911);
#3374 = PRESENTATION_STYLE_ASSIGNMENT((#3375,#3380));
#3375 = SURFACE_STYLE_USAGE(.BOTH.,#3376);
#3376 = SURFACE_SIDE_STYLE('',(#3377));
#3377 = SURFACE_STYLE_FILL_AREA(#3378);
#3378 = FILL_AREA_STYLE('',(#3379));
#3379 = FILL_AREA_STYLE_COLOUR('',#3244);
#3380 = CURVE_STYLE('',#3381,POSITIVE_LENGTH_MEASURE(0.1),#3235);
#3381 = DRAUGHTING_PRE_DEFINED_CURVE_FONT('continuous');
#3382 = MECHANICAL_DESIGN_GEOMETRIC_PRESENTATION_REPRESENTATION('',(
    #3383,#3392,#3401,#3410,#3419),#2762);
#3383 = STYLED_ITEM('color',(#3384),#2610);
#3384 = PRESENTATION_STYLE_ASSIGNMENT((#3385,#3390));
#3385 = SURFACE_STYLE_USAGE(.BOTH.,#3386);
#3386 = SURFACE_SIDE_STYLE('',(#3387));
#3387 = SURFACE_STYLE_FILL_AREA(#3388);
#3388 = FILL_AREA_STYLE('',(#3389));
#3389 = FILL_AREA_STYLE_COLOUR('',#3244);
#3390 = CURVE_STYLE('',#3391,POSITIVE_LENGTH_MEASURE(0.1),#3235);
#3391 = DRAUGHTING_PRE_DEFINED_CURVE_FONT('continuous');
#3392 = OVER_RIDING_STYLED_ITEM('overriding color',(#3393),#2610,#3383);
#3393 = PRESENTATION_STYLE_BY_CONTEXT((#3394,#3399),#3207);
#3394 = SURFACE_STYLE_USAGE(.BOTH.,#3395);
#3395 = SURFACE_SIDE_STYLE('',(#3396));
#3396 = SURFACE_STYLE_FILL_AREA(#3397);
#3397 = FILL_AREA_STYLE('',(#3398));
#3398 = FILL_AREA_STYLE_COLOUR('',#3244);
#3399 = CURVE_STYLE('',#3400,POSITIVE_LENGTH_MEASURE(0.1),#3235);
#3400 = DRAUGHTING_PRE_DEFINED_CURVE_FONT('continuous');
#3401 = OVER_RIDING_STYLED_ITEM('overriding color',(#3402),#2610,#3383);
#3402 = PRESENTATION_STYLE_BY_CONTEXT((#3403,#3408),#3209);
#3403 = SURFACE_STYLE_USAGE(.BOTH.,#3404);
#3404 = SURFACE_SIDE_STYLE('',(#3405));
#3405 = SURFACE_STYLE_FILL_AREA(#3406);
#3406 = FILL_AREA_STYLE('',(#3407));
#3407 = FILL_AREA_STYLE_COLOUR('',#3244);
#3408 = CURVE_STYLE('',#3409,POSITIVE_LENGTH_MEASURE(0.1),#3235);
#3409 = DRAUGHTING_PRE_DEFINED_CURVE_FONT('continuous');
#3410 = OVER_RIDING_STYLED_ITEM('overriding color',(#3411),#2610,#3383);
#3411 = PRESENTATION_STYLE_BY_CONTEXT((#3412,#3417),#3219);
#3412 = SURFACE_STYLE_USAGE(.BOTH.,#3413);
#3413 = SURFACE_SIDE_STYLE('',(#3414));
#3414 = SURFACE_STYLE_FILL_AREA(#3415);
#3415 = FILL_AREA_STYLE('',(#3416));
#3416 = FILL_AREA_STYLE_COLOUR('',#3263);
#3417 = CURVE_STYLE('',#3418,POSITIVE_LENGTH_MEASURE(0.1),#3266);
#3418 = DRAUGHTING_PRE_DEFINED_CURVE_FONT('continuous');
#3419 = OVER_RIDING_STYLED_ITEM('overriding color',(#3420),#2610,#3383);
#3420 = PRESENTATION_STYLE_BY_CONTEXT((#3421,#3426),#3221);
#3421 = SURFACE_STYLE_USAGE(.BOTH.,#3422);
#3422 = SURFACE_SIDE_STYLE('',(#3423));
#3423 = SURFACE_STYLE_FILL_AREA(#3424);
#3424 = FILL_AREA_STYLE('',(#3425));
#3425 = FILL_AREA_STYLE_COLOUR('',#3263);
#3426 = CURVE_STYLE('',#3427,POSITIVE_LENGTH_MEASURE(0.1),#3266);
#3427 = DRAUGHTING_PRE_DEFINED_CURVE_FONT('continuous');
ENDSEC;
END-ISO-10303-21;
