ISO-10303-21;
HEADER;
FILE_DESCRIPTION (( 'STEP AP214' ),
    '1' );
FILE_NAME ('ANT161575ST-1202A1.STEP',
    '2024-08-01T08:57:06',
    ( '' ),
    ( '' ),
    'SwSTEP 2.0',
    'SolidWorks 2024',
    '' );
FILE_SCHEMA (( 'AUTOMOTIVE_DESIGN' ));
ENDSEC;

DATA;
#1 = SURFACE_STYLE_USAGE ( .BOTH. , #580 ) ;
#2 = EDGE_LOOP ( 'NONE', ( #1296, #11, #510, #1126 ) ) ;
#3 = CARTESIAN_POINT ( 'NONE',  ( -0.7600000000000002309, 0.2000000000000000111, -0.3599999999999999867 ) ) ;
#4 = EDGE_LOOP ( 'NONE', ( #264, #160, #126, #989 ) ) ;
#5 = LINE ( 'NONE', #1454, #2331 ) ;
#6 = EDGE_CURVE ( 'NONE', #372, #665, #771, .T. ) ;
#7 = LINE ( 'NONE', #1425, #986 ) ;
#8 = MECHANICAL_DESIGN_GEOMETRIC_PRESENTATION_REPRESENTATION (  '', ( #839 ), #996 ) ;
#9 = LINE ( 'NONE', #1099, #1054 ) ;
#10 =( NAMED_UNIT ( * ) SI_UNIT ( $, .STERADIAN. ) SOLID_ANGLE_UNIT ( ) );
#11 = ORIENTED_EDGE ( 'NONE', *, *, #1118, .F. ) ;
#12 = PRODUCT ( 'ANT161575ST-1202A1', 'ANT161575ST-1202A1', '', ( #2341 ) ) ;
#13 = ORIENTED_EDGE ( 'NONE', *, *, #1392, .F. ) ;
#14 = SURFACE_SIDE_STYLE ('',( #2327 ) ) ;
#15 = ORIENTED_EDGE ( 'NONE', *, *, #786, .F. ) ;
#16 = FACE_OUTER_BOUND ( 'NONE', #946, .T. ) ;
#17 = CARTESIAN_POINT ( 'NONE',  ( -0.8000000000000002665, -0.1600000000000000033, -0.3599999999999999867 ) ) ;
#18 = LINE ( 'NONE', #1783, #2082 ) ;
#19 = VERTEX_POINT ( 'NONE', #2237 ) ;
#20 = EDGE_CURVE ( 'NONE', #908, #1362, #1668, .T. ) ;
#21 = DIRECTION ( 'NONE',  ( 1.000000000000000000, 0.000000000000000000, -0.000000000000000000 ) ) ;
#22 = ORIENTED_EDGE ( 'NONE', *, *, #1643, .F. ) ;
#23 = AXIS2_PLACEMENT_3D ( 'NONE', #571, #37, #236 ) ;
#24 = ORIENTED_EDGE ( 'NONE', *, *, #592, .F. ) ;
#25 = AXIS2_PLACEMENT_3D ( 'NONE', #1059, #1572, #706 ) ;
#26 = CARTESIAN_POINT ( 'NONE',  ( 0.05000000000000005135, -0.2025000000000000133, 0.05000000000000001665 ) ) ;
#27 =( NAMED_UNIT ( * ) PLANE_ANGLE_UNIT ( ) SI_UNIT ( $, .RADIAN. ) );
#28 = AXIS2_PLACEMENT_3D ( 'NONE', #17, #912, #733 ) ;
#29 = PRESENTATION_LAYER_ASSIGNMENT (  '', '', ( #2148 ) ) ;
#30 = EDGE_LOOP ( 'NONE', ( #2325, #1069, #1335, #877 ) ) ;
#31 = CARTESIAN_POINT ( 'NONE',  ( -0.1533896934313948579, 0.2000000000000000111, 0.2269449850183808404 ) ) ;
#32 = EDGE_CURVE ( 'NONE', #181, #1791, #1489, .T. ) ;
#33 = ORIENTED_EDGE ( 'NONE', *, *, #294, .T. ) ;
#34 = CLOSED_SHELL ( 'NONE', ( #859, #321, #2311, #1403, #2012, #934 ) ) ;
#35 = DIRECTION ( 'NONE',  ( -0.000000000000000000, -1.000000000000000000, 0.000000000000000000 ) ) ;
#36 = ORIENTED_EDGE ( 'NONE', *, *, #726, .T. ) ;
#37 = DIRECTION ( 'NONE',  ( -0.000000000000000000, -0.000000000000000000, 1.000000000000000000 ) ) ;
#38 = DIRECTION ( 'NONE',  ( -0.000000000000000000, -0.000000000000000000, 1.000000000000000000 ) ) ;
#39 = LINE ( 'NONE', #1900, #1208 ) ;
#40 = EDGE_CURVE ( 'NONE', #242, #1769, #39, .T. ) ;
#41 = EDGE_LOOP ( 'NONE', ( #1838, #1404, #203, #1325 ) ) ;
#42 = EDGE_CURVE ( 'NONE', #396, #588, #995, .T. ) ;
#43 = PLANE ( 'NONE',  #2077 ) ;
#44 =( NAMED_UNIT ( * ) SI_UNIT ( $, .STERADIAN. ) SOLID_ANGLE_UNIT ( ) );
#45 = DIRECTION ( 'NONE',  ( -1.000000000000000000, -0.000000000000000000, -0.000000000000000000 ) ) ;
#46 = UNCERTAINTY_MEASURE_WITH_UNIT (LENGTH_MEASURE( 1.000000000000000082E-05 ), #77, 'distance_accuracy_value', 'NONE');
#47 =( LENGTH_UNIT ( ) NAMED_UNIT ( * ) SI_UNIT ( .MILLI., .METRE. ) );
#48 = VECTOR ( 'NONE', #2130, 1000.000000000000000 ) ;
#49 = ORIENTED_EDGE ( 'NONE', *, *, #1855, .T. ) ;
#50 = STYLED_ITEM ( 'NONE', ( #1832 ), #462 ) ;
#51 = PRESENTATION_STYLE_ASSIGNMENT (( #2198 ) ) ;
#52 = CYLINDRICAL_SURFACE ( 'NONE', #2281, 0.03999999999999999389 ) ;
#53 = SURFACE_STYLE_USAGE ( .BOTH. , #591 ) ;
#54 = EDGE_CURVE ( 'NONE', #596, #1974, #1703, .T. ) ;
#55 = AXIS2_PLACEMENT_3D ( 'NONE', #1381, #511, #1254 ) ;
#56 = MECHANICAL_DESIGN_GEOMETRIC_PRESENTATION_REPRESENTATION (  '', ( #1958 ), #137 ) ;
#57 = SURFACE_STYLE_USAGE ( .BOTH. , #972 ) ;
#58 = DIRECTION ( 'NONE',  ( -1.000000000000000000, -0.000000000000000000, -0.000000000000000000 ) ) ;
#59 = PRESENTATION_LAYER_ASSIGNMENT (  '', '', ( #787 ) ) ;
#60 = PRESENTATION_LAYER_ASSIGNMENT (  '', '', ( #2038 ) ) ;
#61 = CYLINDRICAL_SURFACE ( 'NONE', #1451, 0.03999999999999999389 ) ;
#62 =( GEOMETRIC_REPRESENTATION_CONTEXT ( 3 ) GLOBAL_UNCERTAINTY_ASSIGNED_CONTEXT ( ( #702 ) ) GLOBAL_UNIT_ASSIGNED_CONTEXT ( ( #1288, #603, #237 ) ) REPRESENTATION_CONTEXT ( 'NONE', 'WORKASPACE' ) );
#63 =( NAMED_UNIT ( * ) SI_UNIT ( $, .STERADIAN. ) SOLID_ANGLE_UNIT ( ) );
#64 = AXIS2_PLACEMENT_3D ( 'NONE', #89, #461, #644 ) ;
#65 = PLANE ( 'NONE',  #1877 ) ;
#66 = STYLED_ITEM ( 'NONE', ( #1173 ), #1701 ) ;
#67 = ORIENTED_EDGE ( 'NONE', *, *, #1158, .F. ) ;
#68 = CARTESIAN_POINT ( 'NONE',  ( -0.7600000000000002309, -0.1600000000000000033, 0.4000000000000000777 ) ) ;
#69 = EDGE_CURVE ( 'NONE', #1671, #1581, #2062, .T. ) ;
#70 = CARTESIAN_POINT ( 'NONE',  ( 0.4369885608938982036, -0.1975000000000000089, -0.3150000000000001132 ) ) ;
#71 = VECTOR ( 'NONE', #1332, 1000.000000000000000 ) ;
#72 =( NAMED_UNIT ( * ) SI_UNIT ( $, .STERADIAN. ) SOLID_ANGLE_UNIT ( ) );
#73 = ORIENTED_EDGE ( 'NONE', *, *, #1345, .T. ) ;
#74 = DIRECTION ( 'NONE',  ( 1.000000000000000000, 0.000000000000000000, 0.000000000000000000 ) ) ;
#75 = CARTESIAN_POINT ( 'NONE',  ( -0.1533896934313948579, 0.1990000000000000102, -0.2269449850183808404 ) ) ;
#76 = DIRECTION ( 'NONE',  ( 0.000000000000000000, 0.000000000000000000, 1.000000000000000000 ) ) ;
#77 =( LENGTH_UNIT ( ) NAMED_UNIT ( * ) SI_UNIT ( .MILLI., .METRE. ) );
#78 =( NAMED_UNIT ( * ) SI_UNIT ( $, .STERADIAN. ) SOLID_ANGLE_UNIT ( ) );
#79 = APPLICATION_CONTEXT ( 'automotive_design' ) ;
#80 = LINE ( 'NONE', #1178, #907 ) ;
#81 = CARTESIAN_POINT ( 'NONE',  ( -0.2500000000000000000, -0.2025000000000000133, 0.05000000000000000278 ) ) ;
#82 = ADVANCED_FACE ( 'NONE', ( #1154 ), #1331, .T. ) ;
#83 = CARTESIAN_POINT ( 'NONE',  ( 0.2500000000000002220, -0.1975000000000000089, -0.3150000000000002243 ) ) ;
#84 = DIRECTION ( 'NONE',  ( 1.000000000000000000, 0.000000000000000000, 2.371692252312039963E-16 ) ) ;
#85 = EDGE_CURVE ( 'NONE', #2170, #559, #594, .T. ) ;
#86 = PRESENTATION_STYLE_ASSIGNMENT (( #1865 ) ) ;
#87 = VERTEX_POINT ( 'NONE', #637 ) ;
#88 = SURFACE_STYLE_FILL_AREA ( #1707 ) ;
#89 = CARTESIAN_POINT ( 'NONE',  ( 0.7599999999999997868, 0.1600000000000000033, -0.3599999999999999867 ) ) ;
#90 = FILL_AREA_STYLE ('',( #244 ) ) ;
#91 = PRESENTATION_STYLE_ASSIGNMENT (( #1197 ) ) ;
#92 = CARTESIAN_POINT ( 'NONE',  ( 0.7599999999999997868, 0.1600000000000000033, 0.000000000000000000 ) ) ;
#93 = DIRECTION ( 'NONE',  ( 0.000000000000000000, 1.000000000000000000, 0.000000000000000000 ) ) ;
#94 = AXIS2_PLACEMENT_3D ( 'NONE', #192, #1806, #1789 ) ;
#95 =( GEOMETRIC_REPRESENTATION_CONTEXT ( 3 ) GLOBAL_UNCERTAINTY_ASSIGNED_CONTEXT ( ( #204 ) ) GLOBAL_UNIT_ASSIGNED_CONTEXT ( ( #1217, #1752, #1784 ) ) REPRESENTATION_CONTEXT ( 'NONE', 'WORKASPACE' ) );
#96 = AXIS2_PLACEMENT_3D ( 'NONE', #1215, #1399, #1937 ) ;
#97 = EDGE_CURVE ( 'NONE', #1322, #1767, #966, .T. ) ;
#98 = PRESENTATION_STYLE_ASSIGNMENT (( #154 ) ) ;
#99 = VECTOR ( 'NONE', #744, 1000.000000000000000 ) ;
#100 = ORIENTED_EDGE ( 'NONE', *, *, #164, .T. ) ;
#101 = AXIS2_PLACEMENT_3D ( 'NONE', #267, #435, #76 ) ;
#102 = COLOUR_RGB ( '',0.3176470588235293935, 0.2470588235294117752, 0.2078431372549019440 ) ;
#103 = DIRECTION ( 'NONE',  ( 0.000000000000000000, -1.000000000000000000, 0.000000000000000000 ) ) ;
#104 = LINE ( 'NONE', #493, #1130 ) ;
#105 = ORIENTED_EDGE ( 'NONE', *, *, #1118, .T. ) ;
#106 = AXIS2_PLACEMENT_3D ( 'NONE', #1840, #21, #205 ) ;
#107 = SURFACE_STYLE_FILL_AREA ( #426 ) ;
#108 =( NAMED_UNIT ( * ) SI_UNIT ( $, .STERADIAN. ) SOLID_ANGLE_UNIT ( ) );
#109 = CARTESIAN_POINT ( 'NONE',  ( 0.7599999999999997868, 0.1600000000000000033, 0.4000000000000000777 ) ) ;
#110 = CARTESIAN_POINT ( 'NONE',  ( 0.2500000000000002220, -0.2025000000000000133, -0.3150000000000002243 ) ) ;
#111 = DIRECTION ( 'NONE',  ( 2.557080595484677246E-16, 0.000000000000000000, -1.000000000000000000 ) ) ;
#112 = LINE ( 'NONE', #1170, #392 ) ;
#113 = SURFACE_STYLE_FILL_AREA ( #479 ) ;
#114 = VERTEX_POINT ( 'NONE', #625 ) ;
#115 = EDGE_CURVE ( 'NONE', #588, #869, #1853, .T. ) ;
#116 = AXIS2_PLACEMENT_3D ( 'NONE', #439, #1155, #278 ) ;
#117 = FACE_OUTER_BOUND ( 'NONE', #753, .T. ) ;
#118 = EDGE_CURVE ( 'NONE', #2301, #181, #1683, .T. ) ;
#119 = FILL_AREA_STYLE_COLOUR ( '', #2244 ) ;
#120 = DIRECTION ( 'NONE',  ( 1.000000000000000000, -0.000000000000000000, -0.000000000000000000 ) ) ;
#121 = PLANE ( 'NONE',  #337 ) ;
#122 = SURFACE_STYLE_FILL_AREA ( #1070 ) ;
#123 = SURFACE_STYLE_USAGE ( .BOTH. , #1030 ) ;
#124 = SURFACE_STYLE_FILL_AREA ( #305 ) ;
#125 = FILL_AREA_STYLE_COLOUR ( '', #633 ) ;
#126 = ORIENTED_EDGE ( 'NONE', *, *, #277, .T. ) ;
#127 = DIRECTION ( 'NONE',  ( -1.000000000000000000, 0.000000000000000000, 0.000000000000000000 ) ) ;
#128 = VERTEX_POINT ( 'NONE', #70 ) ;
#129 = CARTESIAN_POINT ( 'NONE',  ( -0.7600000000000002309, 0.2000000000000000111, 0.3600000000000000977 ) ) ;
#130 = SURFACE_STYLE_FILL_AREA ( #1240 ) ;
#131 = EDGE_CURVE ( 'NONE', #1791, #731, #1991, .T. ) ;
#132 = AXIS2_PLACEMENT_3D ( 'NONE', #2048, #2088, #1717 ) ;
#133 = DIRECTION ( 'NONE',  ( -0.000000000000000000, -0.000000000000000000, -1.000000000000000000 ) ) ;
#134 = DIRECTION ( 'NONE',  ( 0.000000000000000000, 0.000000000000000000, 1.000000000000000000 ) ) ;
#135 = VECTOR ( 'NONE', #906, 1000.000000000000000 ) ;
#136 = DIRECTION ( 'NONE',  ( 0.000000000000000000, -1.000000000000000000, 0.000000000000000000 ) ) ;
#137 =( GEOMETRIC_REPRESENTATION_CONTEXT ( 3 ) GLOBAL_UNCERTAINTY_ASSIGNED_CONTEXT ( ( #172 ) ) GLOBAL_UNIT_ASSIGNED_CONTEXT ( ( #1191, #829, #840 ) ) REPRESENTATION_CONTEXT ( 'NONE', 'WORKASPACE' ) );
#138 = LINE ( 'NONE', #863, #1585 ) ;
#139 = ORIENTED_EDGE ( 'NONE', *, *, #1590, .T. ) ;
#140 =( GEOMETRIC_REPRESENTATION_CONTEXT ( 3 ) GLOBAL_UNCERTAINTY_ASSIGNED_CONTEXT ( ( #316 ) ) GLOBAL_UNIT_ASSIGNED_CONTEXT ( ( #464, #1353, #78 ) ) REPRESENTATION_CONTEXT ( 'NONE', 'WORKASPACE' ) );
#141 = FILL_AREA_STYLE ('',( #1583 ) ) ;
#142 = VECTOR ( 'NONE', #356, 1000.000000000000000 ) ;
#143 = ORIENTED_EDGE ( 'NONE', *, *, #1092, .T. ) ;
#144 = PRESENTATION_LAYER_ASSIGNMENT (  '', '', ( #1809 ) ) ;
#145 = PRESENTATION_LAYER_ASSIGNMENT (  '', '', ( #1922 ) ) ;
#146 =( LENGTH_UNIT ( ) NAMED_UNIT ( * ) SI_UNIT ( .MILLI., .METRE. ) );
#147 = DIRECTION ( 'NONE',  ( 1.000000000000000000, 0.000000000000000000, 0.000000000000000000 ) ) ;
#148 = AXIS2_PLACEMENT_3D ( 'NONE', #990, #589, #1882 ) ;
#149 = LINE ( 'NONE', #661, #597 ) ;
#150 = EDGE_CURVE ( 'NONE', #2140, #596, #1530, .T. ) ;
#151 = LINE ( 'NONE', #873, #1962 ) ;
#152 = UNCERTAINTY_MEASURE_WITH_UNIT (LENGTH_MEASURE( 1.000000000000000082E-05 ), #556, 'distance_accuracy_value', 'NONE');
#153 = EDGE_LOOP ( 'NONE', ( #36, #1151, #15, #1314 ) ) ;
#154 = SURFACE_STYLE_USAGE ( .BOTH. , #2263 ) ;
#155 = ORIENTED_EDGE ( 'NONE', *, *, #735, .F. ) ;
#156 = CARTESIAN_POINT ( 'NONE',  ( 0.7999999999999998224, -0.1600000000000000033, -0.3599999999999999867 ) ) ;
#157 = ORIENTED_EDGE ( 'NONE', *, *, #1886, .T. ) ;
#158 = CARTESIAN_POINT ( 'NONE',  ( -0.7600000000000002309, 0.1600000000000000033, 0.3600000000000000977 ) ) ;
#159 = FILL_AREA_STYLE ('',( #1773 ) ) ;
#160 = ORIENTED_EDGE ( 'NONE', *, *, #1776, .T. ) ;
#161 = SURFACE_SIDE_STYLE ('',( #730 ) ) ;
#162 = SURFACE_SIDE_STYLE ('',( #1984 ) ) ;
#163 =( NAMED_UNIT ( * ) SI_UNIT ( $, .STERADIAN. ) SOLID_ANGLE_UNIT ( ) );
#164 = EDGE_CURVE ( 'NONE', #2166, #955, #1006, .T. ) ;
#165 = VERTEX_POINT ( 'NONE', #1340 ) ;
#166 = VERTEX_POINT ( 'NONE', #2072 ) ;
#167 = CARTESIAN_POINT ( 'NONE',  ( 0.7599999999999997868, -0.1600000000000000033, -0.3599999999999999867 ) ) ;
#168 = CARTESIAN_POINT ( 'NONE',  ( -0.6413662620084636945, 0.2000000000000000111, -0.2269449850183808404 ) ) ;
#169 = FACE_OUTER_BOUND ( 'NONE', #1942, .T. ) ;
#170 =( LENGTH_UNIT ( ) NAMED_UNIT ( * ) SI_UNIT ( .MILLI., .METRE. ) );
#171 =( LENGTH_UNIT ( ) NAMED_UNIT ( * ) SI_UNIT ( .MILLI., .METRE. ) );
#172 = UNCERTAINTY_MEASURE_WITH_UNIT (LENGTH_MEASURE( 1.000000000000000082E-05 ), #1191, 'distance_accuracy_value', 'NONE');
#173 = VERTEX_POINT ( 'NONE', #450 ) ;
#174 = VECTOR ( 'NONE', #2107, 1000.000000000000000 ) ;
#175 = DIRECTION ( 'NONE',  ( 2.557080595484677739E-16, 0.000000000000000000, -1.000000000000000000 ) ) ;
#176 = FILL_AREA_STYLE_COLOUR ( '', #1055 ) ;
#177 = ORIENTED_EDGE ( 'NONE', *, *, #1977, .T. ) ;
#178 = EDGE_CURVE ( 'NONE', #1560, #1715, #1168, .T. ) ;
#179 = VECTOR ( 'NONE', #346, 1000.000000000000000 ) ;
#180 = DIRECTION ( 'NONE',  ( -0.000000000000000000, 1.000000000000000000, -0.000000000000000000 ) ) ;
#181 = VERTEX_POINT ( 'NONE', #304 ) ;
#182 = AXIS2_PLACEMENT_3D ( 'NONE', #1594, #1379, #664 ) ;
#183 = DIRECTION ( 'NONE',  ( 0.000000000000000000, 0.000000000000000000, 1.000000000000000000 ) ) ;
#184 = CARTESIAN_POINT ( 'NONE',  ( -0.6413662620084636945, 0.2000000000000000111, -0.2269449850183808404 ) ) ;
#185 = PLANE ( 'NONE',  #1096 ) ;
#186 = STYLED_ITEM ( 'NONE', ( #551 ), #1532 ) ;
#187 = MECHANICAL_DESIGN_GEOMETRIC_PRESENTATION_REPRESENTATION (  '', ( #1206 ), #1319 ) ;
#188 = AXIS2_PLACEMENT_3D ( 'NONE', #630, #1716, #235 ) ;
#189 =( NAMED_UNIT ( * ) PLANE_ANGLE_UNIT ( ) SI_UNIT ( $, .RADIAN. ) );
#190 = ORIENTED_EDGE ( 'NONE', *, *, #1670, .T. ) ;
#191 = LINE ( 'NONE', #554, #576 ) ;
#192 = CARTESIAN_POINT ( 'NONE',  ( -0.04999999999999996808, -0.2025000000000000133, 0.05000000000000000278 ) ) ;
#193 = ORIENTED_EDGE ( 'NONE', *, *, #1269, .T. ) ;
#194 = CARTESIAN_POINT ( 'NONE',  ( -0.7600000000000002309, -0.1600000000000000033, 0.3600000000000000977 ) ) ;
#195 = ORIENTED_EDGE ( 'NONE', *, *, #2065, .F. ) ;
#196 = EDGE_CURVE ( 'NONE', #2066, #1508, #1409, .T. ) ;
#197 = CARTESIAN_POINT ( 'NONE',  ( 0.2500000000000001110, -0.2025000000000000133, 0.05000000000000006523 ) ) ;
#198 = SURFACE_STYLE_FILL_AREA ( #2190 ) ;
#199 =( NAMED_UNIT ( * ) PLANE_ANGLE_UNIT ( ) SI_UNIT ( $, .RADIAN. ) );
#200 = EDGE_CURVE ( 'NONE', #357, #1986, #1494, .T. ) ;
#201 = PRESENTATION_LAYER_ASSIGNMENT (  '', '', ( #583 ) ) ;
#202 =( NAMED_UNIT ( * ) SI_UNIT ( $, .STERADIAN. ) SOLID_ANGLE_UNIT ( ) );
#203 = ORIENTED_EDGE ( 'NONE', *, *, #939, .F. ) ;
#204 = UNCERTAINTY_MEASURE_WITH_UNIT (LENGTH_MEASURE( 1.000000000000000082E-05 ), #1217, 'distance_accuracy_value', 'NONE');
#205 = DIRECTION ( 'NONE',  ( -0.000000000000000000, 0.000000000000000000, -1.000000000000000000 ) ) ;
#206 = LINE ( 'NONE', #2164, #142 ) ;
#207 = ORIENTED_EDGE ( 'NONE', *, *, #1444, .F. ) ;
#208 = DIRECTION ( 'NONE',  ( -0.000000000000000000, -0.000000000000000000, 1.000000000000000000 ) ) ;
#209 = LINE ( 'NONE', #933, #1657 ) ;
#210 =( LENGTH_UNIT ( ) NAMED_UNIT ( * ) SI_UNIT ( .MILLI., .METRE. ) );
#211 = EDGE_CURVE ( 'NONE', #87, #181, #1963, .T. ) ;
#212 = VERTEX_POINT ( 'NONE', #1568 ) ;
#213 = AXIS2_PLACEMENT_3D ( 'NONE', #1577, #1949, #1746 ) ;
#214 = PLANE ( 'NONE',  #106 ) ;
#215 = FILL_AREA_STYLE ('',( #176 ) ) ;
#216 = ORIENTED_EDGE ( 'NONE', *, *, #1421, .F. ) ;
#217 = DIRECTION ( 'NONE',  ( 0.000000000000000000, 0.000000000000000000, 1.000000000000000000 ) ) ;
#218 = ORIENTED_EDGE ( 'NONE', *, *, #1459, .F. ) ;
#219 = PRESENTATION_LAYER_ASSIGNMENT (  '', '', ( #1241 ) ) ;
#220 = CARTESIAN_POINT ( 'NONE',  ( -0.04999999999999996808, -0.1975000000000000089, -0.05000000000000000278 ) ) ;
#221 = VECTOR ( 'NONE', #1904, 1000.000000000000000 ) ;
#222 =( LENGTH_UNIT ( ) NAMED_UNIT ( * ) SI_UNIT ( .MILLI., .METRE. ) );
#223 = CIRCLE ( 'NONE', #981, 0.03999999999999999389 ) ;
#224 = DIRECTION ( 'NONE',  ( 0.000000000000000000, -1.000000000000000000, 0.000000000000000000 ) ) ;
#225 = FILL_AREA_STYLE ('',( #1121 ) ) ;
#226 = PRESENTATION_LAYER_ASSIGNMENT (  '', '', ( #1248 ) ) ;
#227 = ORIENTED_EDGE ( 'NONE', *, *, #1497, .T. ) ;
#228 = UNCERTAINTY_MEASURE_WITH_UNIT (LENGTH_MEASURE( 1.000000000000000082E-05 ), #210, 'distance_accuracy_value', 'NONE');
#229 = ADVANCED_FACE ( 'NONE', ( #2132 ), #822, .F. ) ;
#230 = AXIS2_PLACEMENT_3D ( 'NONE', #1823, #224, #770 ) ;
#231 = PLANE ( 'NONE',  #2193 ) ;
#232 = VECTOR ( 'NONE', #1445, 1000.000000000000000 ) ;
#233 = STYLED_ITEM ( 'NONE', ( #1854 ), #1812 ) ;
#234 = EDGE_LOOP ( 'NONE', ( #157, #1995, #369, #1778 ) ) ;
#235 = DIRECTION ( 'NONE',  ( 0.000000000000000000, -0.000000000000000000, -1.000000000000000000 ) ) ;
#236 = DIRECTION ( 'NONE',  ( -1.000000000000000000, 0.000000000000000000, 0.000000000000000000 ) ) ;
#237 =( NAMED_UNIT ( * ) SI_UNIT ( $, .STERADIAN. ) SOLID_ANGLE_UNIT ( ) );
#238 = DIRECTION ( 'NONE',  ( -0.000000000000000000, -0.000000000000000000, -1.000000000000000000 ) ) ;
#239 = FILL_AREA_STYLE ('',( #749 ) ) ;
#240 = EDGE_CURVE ( 'NONE', #1080, #1369, #2260, .T. ) ;
#241 = CARTESIAN_POINT ( 'NONE',  ( 0.2500000000000001110, -0.2025000000000000133, 0.05000000000000006523 ) ) ;
#242 = VERTEX_POINT ( 'NONE', #1736 ) ;
#243 = CARTESIAN_POINT ( 'NONE',  ( -0.8000000000000002665, 0.2000000000000000111, -0.3999999999999999667 ) ) ;
#244 = FILL_AREA_STYLE_COLOUR ( '', #1128 ) ;
#245 =( NAMED_UNIT ( * ) SI_UNIT ( $, .STERADIAN. ) SOLID_ANGLE_UNIT ( ) );
#246 = DIRECTION ( 'NONE',  ( 1.000000000000000000, 0.000000000000000000, 0.000000000000000000 ) ) ;
#247 = CARTESIAN_POINT ( 'NONE',  ( -0.8000000000000002665, 0.2000000000000000111, -0.3599999999999999867 ) ) ;
#248 = LINE ( 'NONE', #83, #71 ) ;
#249 = AXIS2_PLACEMENT_3D ( 'NONE', #615, #58, #2228 ) ;
#250 = DIRECTION ( 'NONE',  ( 0.000000000000000000, 0.000000000000000000, -1.000000000000000000 ) ) ;
#251 = ORIENTED_EDGE ( 'NONE', *, *, #1564, .T. ) ;
#252 = EDGE_CURVE ( 'NONE', #1767, #1480, #149, .T. ) ;
#253 = CARTESIAN_POINT ( 'NONE',  ( -0.6519885608938986721, -0.2025000000000000133, -0.3150000000000001132 ) ) ;
#254 = ORIENTED_EDGE ( 'NONE', *, *, #164, .F. ) ;
#255 = COLOUR_RGB ( '',0.7921568627450980005, 0.8196078431372548767, 0.9333333333333333481 ) ;
#256 = CARTESIAN_POINT ( 'NONE',  ( 0.7599999999999997868, -0.1600000000000000033, 0.3600000000000000977 ) ) ;
#257 = SURFACE_STYLE_FILL_AREA ( #1565 ) ;
#258 = DIRECTION ( 'NONE',  ( 0.000000000000000000, 0.000000000000000000, 1.000000000000000000 ) ) ;
#259 = DIRECTION ( 'NONE',  ( 0.000000000000000000, 0.000000000000000000, 1.000000000000000000 ) ) ;
#260 = CIRCLE ( 'NONE', #96, 0.03999999999999999389 ) ;
#261 = PLANE ( 'NONE',  #116 ) ;
#262 = AXIS2_PLACEMENT_3D ( 'NONE', #2262, #279, #1004 ) ;
#263 = CARTESIAN_POINT ( 'NONE',  ( -0.2500000000000000000, -0.2025000000000000133, -0.05000000000000000278 ) ) ;
#264 = ORIENTED_EDGE ( 'NONE', *, *, #1725, .T. ) ;
#265 = CARTESIAN_POINT ( 'NONE',  ( -0.6413662620084636945, 0.1990000000000000102, -0.2269449850183808404 ) ) ;
#266 = PRESENTATION_STYLE_ASSIGNMENT (( #971 ) ) ;
#267 = CARTESIAN_POINT ( 'NONE',  ( -0.4369885608938986477, -0.2025000000000000133, -0.3150000000000001132 ) ) ;
#268 = ADVANCED_FACE ( 'NONE', ( #1375 ), #1926, .F. ) ;
#269 = SURFACE_STYLE_FILL_AREA ( #1890 ) ;
#270 = CARTESIAN_POINT ( 'NONE',  ( -0.6519885608938986721, -0.1975000000000000089, 0.3149999999999998912 ) ) ;
#271 =( NAMED_UNIT ( * ) PLANE_ANGLE_UNIT ( ) SI_UNIT ( $, .RADIAN. ) );
#272 = COLOUR_RGB ( '',0.3176470588235293935, 0.2470588235294117752, 0.2078431372549019440 ) ;
#273 =( NAMED_UNIT ( * ) PLANE_ANGLE_UNIT ( ) SI_UNIT ( $, .RADIAN. ) );
#274 = ORIENTED_EDGE ( 'NONE', *, *, #118, .F. ) ;
#275 = SURFACE_STYLE_USAGE ( .BOTH. , #1187 ) ;
#276 = ORIENTED_EDGE ( 'NONE', *, *, #211, .T. ) ;
#277 = EDGE_CURVE ( 'NONE', #2137, #432, #1946, .T. ) ;
#278 = DIRECTION ( 'NONE',  ( 0.000000000000000000, 0.000000000000000000, -1.000000000000000000 ) ) ;
#279 = DIRECTION ( 'NONE',  ( 1.000000000000000000, 0.000000000000000000, 2.710505431213761479E-15 ) ) ;
#280 = LINE ( 'NONE', #469, #221 ) ;
#281 = ORIENTED_EDGE ( 'NONE', *, *, #2267, .T. ) ;
#282 = CARTESIAN_POINT ( 'NONE',  ( -0.04999999999999996808, -0.2025000000000000133, -0.05000000000000000278 ) ) ;
#283 = DIRECTION ( 'NONE',  ( 0.000000000000000000, 0.000000000000000000, -1.000000000000000000 ) ) ;
#284 = SURFACE_SIDE_STYLE ('',( #107 ) ) ;
#285 = AXIS2_PLACEMENT_3D ( 'NONE', #756, #1266, #1485 ) ;
#286 = DIRECTION ( 'NONE',  ( -0.000000000000000000, 1.000000000000000000, -0.000000000000000000 ) ) ;
#287 = CARTESIAN_POINT ( 'NONE',  ( -0.2500000000000000000, -0.2025000000000000133, 0.3150000000000002798 ) ) ;
#288 = FILL_AREA_STYLE_COLOUR ( '', #514 ) ;
#289 =( GEOMETRIC_REPRESENTATION_CONTEXT ( 3 ) GLOBAL_UNCERTAINTY_ASSIGNED_CONTEXT ( ( #487 ) ) GLOBAL_UNIT_ASSIGNED_CONTEXT ( ( #960, #598, #1879 ) ) REPRESENTATION_CONTEXT ( 'NONE', 'WORKASPACE' ) );
#290 =( NAMED_UNIT ( * ) SI_UNIT ( $, .STERADIAN. ) SOLID_ANGLE_UNIT ( ) );
#291 = LINE ( 'NONE', #2295, #1881 ) ;
#292 = EDGE_CURVE ( 'NONE', #1493, #2154, #1742, .T. ) ;
#293 = EDGE_LOOP ( 'NONE', ( #312, #2105, #1972, #73 ) ) ;
#294 = EDGE_CURVE ( 'NONE', #2301, #173, #349, .T. ) ;
#295 = VERTEX_POINT ( 'NONE', #1048 ) ;
#296 = PRESENTATION_LAYER_ASSIGNMENT (  '', '', ( #1315 ) ) ;
#297 =( GEOMETRIC_REPRESENTATION_CONTEXT ( 3 ) GLOBAL_UNCERTAINTY_ASSIGNED_CONTEXT ( ( #152 ) ) GLOBAL_UNIT_ASSIGNED_CONTEXT ( ( #556, #271, #63 ) ) REPRESENTATION_CONTEXT ( 'NONE', 'WORKASPACE' ) );
#298 = PRODUCT_DEFINITION_FORMATION_WITH_SPECIFIED_SOURCE ( 'ANY', '', #12, .NOT_KNOWN. ) ;
#299 = LINE ( 'NONE', #1933, #1196 ) ;
#300 = VECTOR ( 'NONE', #1975, 1000.000000000000000 ) ;
#301 = DIRECTION ( 'NONE',  ( 0.000000000000000000, 1.000000000000000000, -0.000000000000000000 ) ) ;
#302 = DIRECTION ( 'NONE',  ( 0.000000000000000000, 0.000000000000000000, -1.000000000000000000 ) ) ;
#303 = CARTESIAN_POINT ( 'NONE',  ( -0.2500000000000000000, -0.2025000000000000133, 0.05000000000000000278 ) ) ;
#304 = CARTESIAN_POINT ( 'NONE',  ( -0.7600000000000002309, -0.2000000000000000111, -0.3599999999999999867 ) ) ;
#305 = FILL_AREA_STYLE ('',( #2159 ) ) ;
#306 = FACE_OUTER_BOUND ( 'NONE', #385, .T. ) ;
#307 = DIRECTION ( 'NONE',  ( -0.000000000000000000, 1.000000000000000000, -0.000000000000000000 ) ) ;
#308 = ORIENTED_EDGE ( 'NONE', *, *, #211, .F. ) ;
#309 = AXIS2_PLACEMENT_3D ( 'NONE', #327, #2337, #2309 ) ;
#310 = EDGE_CURVE ( 'NONE', #1067, #1247, #1976, .T. ) ;
#311 = CARTESIAN_POINT ( 'NONE',  ( -0.1533896934313948579, 0.1990000000000000102, 0.2269449850183808404 ) ) ;
#312 = ORIENTED_EDGE ( 'NONE', *, *, #69, .T. ) ;
#313 = LINE ( 'NONE', #2156, #2251 ) ;
#314 =( NAMED_UNIT ( * ) PLANE_ANGLE_UNIT ( ) SI_UNIT ( $, .RADIAN. ) );
#315 = CARTESIAN_POINT ( 'NONE',  ( 0.7999999999999998224, 0.2000000000000000111, 0.4000000000000000777 ) ) ;
#316 = UNCERTAINTY_MEASURE_WITH_UNIT (LENGTH_MEASURE( 1.000000000000000082E-05 ), #464, 'distance_accuracy_value', 'NONE');
#317 = FILL_AREA_STYLE ('',( #1941 ) ) ;
#318 = ORIENTED_EDGE ( 'NONE', *, *, #40, .F. ) ;
#319 = FACE_OUTER_BOUND ( 'NONE', #542, .T. ) ;
#320 = ORIENTED_EDGE ( 'NONE', *, *, #2171, .T. ) ;
#321 = ADVANCED_FACE ( 'NONE', ( #515 ), #1573, .F. ) ;
#322 = DIRECTION ( 'NONE',  ( -0.000000000000000000, 1.000000000000000000, -0.000000000000000000 ) ) ;
#323 = LINE ( 'NONE', #1947, #2179 ) ;
#324 = PLANE ( 'NONE',  #1473 ) ;
#325 = DIRECTION ( 'NONE',  ( -0.000000000000000000, -0.000000000000000000, -1.000000000000000000 ) ) ;
#326 = STYLED_ITEM ( 'NONE', ( #266 ), #535 ) ;
#327 = CARTESIAN_POINT ( 'NONE',  ( -0.7600000000000002309, -0.1600000000000000033, 0.3600000000000000977 ) ) ;
#328 = VECTOR ( 'NONE', #1748, 1000.000000000000000 ) ;
#329 = DIRECTION ( 'NONE',  ( 0.000000000000000000, 0.000000000000000000, 1.000000000000000000 ) ) ;
#330 = CYLINDRICAL_SURFACE ( 'NONE', #1698, 0.03999999999999999389 ) ;
#331 = AXIS2_PLACEMENT_3D ( 'NONE', #1394, #1940, #1756 ) ;
#332 = DIRECTION ( 'NONE',  ( 0.000000000000000000, 0.000000000000000000, 1.000000000000000000 ) ) ;
#333 = ORIENTED_EDGE ( 'NONE', *, *, #32, .T. ) ;
#334 = AXIS2_PLACEMENT_3D ( 'NONE', #1821, #399, #742 ) ;
#335 = SURFACE_STYLE_USAGE ( .BOTH. , #1956 ) ;
#336 = ORIENTED_EDGE ( 'NONE', *, *, #1468, .T. ) ;
#337 = AXIS2_PLACEMENT_3D ( 'NONE', #1198, #647, #2122 ) ;
#338 = CARTESIAN_POINT ( 'NONE',  ( -0.4369885608938986477, -0.1975000000000000089, 0.3149999999999998357 ) ) ;
#339 = DIRECTION ( 'NONE',  ( -1.000000000000000000, 0.000000000000000000, -0.000000000000000000 ) ) ;
#340 = EDGE_CURVE ( 'NONE', #1986, #1501, #2099, .T. ) ;
#341 = PLANE ( 'NONE',  #2004 ) ;
#342 = UNCERTAINTY_MEASURE_WITH_UNIT (LENGTH_MEASURE( 1.000000000000000082E-05 ), #1801, 'distance_accuracy_value', 'NONE');
#343 = CARTESIAN_POINT ( 'NONE',  ( -0.2500000000000000000, -0.2025000000000000133, -0.05000000000000000278 ) ) ;
#344 = DIRECTION ( 'NONE',  ( -4.091328952775484579E-16, 0.000000000000000000, 1.000000000000000000 ) ) ;
#345 = ORIENTED_EDGE ( 'NONE', *, *, #765, .T. ) ;
#346 = DIRECTION ( 'NONE',  ( 0.000000000000000000, 0.000000000000000000, 1.000000000000000000 ) ) ;
#347 = EDGE_LOOP ( 'NONE', ( #1299, #1803, #696, #1916 ) ) ;
#348 = DIRECTION ( 'NONE',  ( 0.000000000000000000, 0.000000000000000000, 1.000000000000000000 ) ) ;
#349 = LINE ( 'NONE', #1071, #1418 ) ;
#350 = DIRECTION ( 'NONE',  ( -0.000000000000000000, 1.000000000000000000, 0.000000000000000000 ) ) ;
#351 = CARTESIAN_POINT ( 'NONE',  ( -0.04999999999999996808, -0.2025000000000000133, 0.3150000000000002798 ) ) ;
#352 = PRESENTATION_STYLE_ASSIGNMENT (( #1785 ) ) ;
#353 = ORIENTED_EDGE ( 'NONE', *, *, #1205, .T. ) ;
#354 = EDGE_CURVE ( 'NONE', #731, #436, #2134, .T. ) ;
#355 = DIRECTION ( 'NONE',  ( 1.000000000000000000, 0.000000000000000000, 2.557080595484677739E-16 ) ) ;
#356 = DIRECTION ( 'NONE',  ( 0.000000000000000000, 0.000000000000000000, 1.000000000000000000 ) ) ;
#357 = VERTEX_POINT ( 'NONE', #129 ) ;
#358 = DIRECTION ( 'NONE',  ( 0.000000000000000000, -0.000000000000000000, 1.000000000000000000 ) ) ;
#359 = EDGE_LOOP ( 'NONE', ( #1343, #1430, #1613, #1406 ) ) ;
#360 = FILL_AREA_STYLE ('',( #548 ) ) ;
#361 = CARTESIAN_POINT ( 'NONE',  ( -0.2500000000000000000, -0.2025000000000000133, -0.3150000000000002798 ) ) ;
#362 = UNCERTAINTY_MEASURE_WITH_UNIT (LENGTH_MEASURE( 1.000000000000000082E-05 ), #628, 'distance_accuracy_value', 'NONE');
#363 = ORIENTED_EDGE ( 'NONE', *, *, #1005, .F. ) ;
#364 =( GEOMETRIC_REPRESENTATION_CONTEXT ( 3 ) GLOBAL_UNCERTAINTY_ASSIGNED_CONTEXT ( ( #2248 ) ) GLOBAL_UNIT_ASSIGNED_CONTEXT ( ( #785, #2243, #2224 ) ) REPRESENTATION_CONTEXT ( 'NONE', 'WORKASPACE' ) );
#365 = LINE ( 'NONE', #1983, #2083 ) ;
#366 = EDGE_CURVE ( 'NONE', #1480, #445, #854, .T. ) ;
#367 = SURFACE_STYLE_USAGE ( .BOTH. , #928 ) ;
#368 =( NAMED_UNIT ( * ) PLANE_ANGLE_UNIT ( ) SI_UNIT ( $, .RADIAN. ) );
#369 = ORIENTED_EDGE ( 'NONE', *, *, #627, .F. ) ;
#370 = COLOUR_RGB ( '',0.3176470588235293935, 0.2470588235294117752, 0.2078431372549019440 ) ;
#371 = EDGE_CURVE ( 'NONE', #2045, #1563, #2278, .T. ) ;
#372 = VERTEX_POINT ( 'NONE', #338 ) ;
#373 = AXIS2_PLACEMENT_3D ( 'NONE', #2245, #635, #1176 ) ;
#374 = FILL_AREA_STYLE ('',( #546 ) ) ;
#375 = DIRECTION ( 'NONE',  ( -1.000000000000000000, 0.000000000000000000, -0.000000000000000000 ) ) ;
#376 = LINE ( 'NONE', #1815, #232 ) ;
#377 = COLOUR_RGB ( '',0.3176470588235293935, 0.2470588235294117752, 0.2078431372549019440 ) ;
#378 = AXIS2_PLACEMENT_3D ( 'NONE', #500, #1374, #2098 ) ;
#379 = DIRECTION ( 'NONE',  ( 1.000000000000000000, 0.000000000000000000, 0.000000000000000000 ) ) ;
#380 = MECHANICAL_DESIGN_GEOMETRIC_PRESENTATION_REPRESENTATION (  '', ( #2185 ), #2340 ) ;
#381 = FILL_AREA_STYLE ('',( #1978 ) ) ;
#382 = ORIENTED_EDGE ( 'NONE', *, *, #1641, .F. ) ;
#383 = SURFACE_STYLE_FILL_AREA ( #1146 ) ;
#384 = FACE_OUTER_BOUND ( 'NONE', #1880, .T. ) ;
#385 = EDGE_LOOP ( 'NONE', ( #1116, #810, #494, #1874 ) ) ;
#386 = PRODUCT_DEFINITION ( 'UNKNOWN', '', #298, #1968 ) ;
#387 = LINE ( 'NONE', #569, #819 ) ;
#388 = ORIENTED_EDGE ( 'NONE', *, *, #1459, .T. ) ;
#389 = EDGE_CURVE ( 'NONE', #1508, #563, #880, .T. ) ;
#390 = LINE ( 'NONE', #220, #850 ) ;
#391 = LINE ( 'NONE', #1675, #1388 ) ;
#392 = VECTOR ( 'NONE', #1737, 1000.000000000000000 ) ;
#393 = FACE_OUTER_BOUND ( 'NONE', #2126, .T. ) ;
#394 = ORIENTED_EDGE ( 'NONE', *, *, #735, .T. ) ;
#395 = CARTESIAN_POINT ( 'NONE',  ( 0.6519885608938982280, -0.2025000000000000133, -0.3150000000000001132 ) ) ;
#396 = VERTEX_POINT ( 'NONE', #709 ) ;
#397 = FILL_AREA_STYLE ('',( #1068 ) ) ;
#398 = EDGE_LOOP ( 'NONE', ( #320, #408, #629, #1065 ) ) ;
#399 = DIRECTION ( 'NONE',  ( -1.000000000000000000, 0.000000000000000000, 0.000000000000000000 ) ) ;
#400 = EDGE_CURVE ( 'NONE', #1791, #1563, #1423, .T. ) ;
#401 = SURFACE_STYLE_USAGE ( .BOTH. , #2169 ) ;
#402 = FILL_AREA_STYLE_COLOUR ( '', #1728 ) ;
#403 = SURFACE_STYLE_USAGE ( .BOTH. , #415 ) ;
#404 = ORIENTED_EDGE ( 'NONE', *, *, #2280, .T. ) ;
#405 = MECHANICAL_DESIGN_GEOMETRIC_PRESENTATION_REPRESENTATION (  '', ( #1829 ), #1754 ) ;
#406 =( NAMED_UNIT ( * ) PLANE_ANGLE_UNIT ( ) SI_UNIT ( $, .RADIAN. ) );
#407 = COLOUR_RGB ( '',0.3176470588235293935, 0.2470588235294117752, 0.2078431372549019440 ) ;
#408 = ORIENTED_EDGE ( 'NONE', *, *, #1205, .F. ) ;
#409 = LINE ( 'NONE', #459, #1320 ) ;
#410 = DIRECTION ( 'NONE',  ( -1.000000000000000000, 0.000000000000000000, 0.000000000000000000 ) ) ;
#411 = AXIS2_PLACEMENT_3D ( 'NONE', #1414, #355, #175 ) ;
#412 = APPLICATION_CONTEXT ( 'automotive_design' ) ;
#413 = AXIS2_PLACEMENT_3D ( 'NONE', #964, #1083, #375 ) ;
#414 =( LENGTH_UNIT ( ) NAMED_UNIT ( * ) SI_UNIT ( .MILLI., .METRE. ) );
#415 = SURFACE_SIDE_STYLE ('',( #269 ) ) ;
#416 = CIRCLE ( 'NONE', #680, 0.03999999999999999389 ) ;
#417 = DIRECTION ( 'NONE',  ( -1.000000000000000000, 0.000000000000000000, -2.521400401129079689E-16 ) ) ;
#418 = UNCERTAINTY_MEASURE_WITH_UNIT (LENGTH_MEASURE( 1.000000000000000082E-05 ), #47, 'distance_accuracy_value', 'NONE');
#419 = EDGE_CURVE ( 'NONE', #1807, #1635, #390, .T. ) ;
#420 = PRESENTATION_STYLE_ASSIGNMENT (( #1678 ) ) ;
#421 = PRESENTATION_LAYER_ASSIGNMENT (  '', '', ( #1358 ) ) ;
#422 = VECTOR ( 'NONE', #428, 1000.000000000000000 ) ;
#423 = PRESENTATION_STYLE_ASSIGNMENT (( #2058 ) ) ;
#424 = ORIENTED_EDGE ( 'NONE', *, *, #1177, .T. ) ;
#425 = DIRECTION ( 'NONE',  ( -0.000000000000000000, 0.000000000000000000, 1.000000000000000000 ) ) ;
#426 = FILL_AREA_STYLE ('',( #1907 ) ) ;
#427 = DIRECTION ( 'NONE',  ( 0.000000000000000000, -0.000000000000000000, -1.000000000000000000 ) ) ;
#428 = DIRECTION ( 'NONE',  ( 1.000000000000000000, -0.000000000000000000, -0.000000000000000000 ) ) ;
#429 = VECTOR ( 'NONE', #1073, 1000.000000000000000 ) ;
#430 = EDGE_CURVE ( 'NONE', #1671, #2241, #1107, .T. ) ;
#431 = FILL_AREA_STYLE_COLOUR ( '', #1012 ) ;
#432 = VERTEX_POINT ( 'NONE', #1651 ) ;
#433 = CARTESIAN_POINT ( 'NONE',  ( -0.6519885608938986721, -0.2025000000000000133, -0.3150000000000001132 ) ) ;
#434 = CARTESIAN_POINT ( 'NONE',  ( 0.7599999999999997868, 0.2000000000000000111, 0.000000000000000000 ) ) ;
#435 = DIRECTION ( 'NONE',  ( -1.000000000000000000, 0.000000000000000000, 0.000000000000000000 ) ) ;
#436 = VERTEX_POINT ( 'NONE', #1642 ) ;
#437 = PRESENTATION_STYLE_ASSIGNMENT (( #2226 ) ) ;
#438 =( LENGTH_UNIT ( ) NAMED_UNIT ( * ) SI_UNIT ( .MILLI., .METRE. ) );
#439 = CARTESIAN_POINT ( 'NONE',  ( -0.8000000000000002665, 0.2000000000000000111, 0.4000000000000000777 ) ) ;
#440 = SURFACE_SIDE_STYLE ('',( #1844 ) ) ;
#441 = EDGE_LOOP ( 'NONE', ( #143, #1262, #585, #2067 ) ) ;
#442 = ADVANCED_FACE ( 'NONE', ( #16 ), #724, .T. ) ;
#443 = COLOUR_RGB ( '',0.1098039215686274495, 0.1098039215686274495, 0.1098039215686274495 ) ;
#444 = DIRECTION ( 'NONE',  ( -1.000000000000000000, -0.000000000000000000, -0.000000000000000000 ) ) ;
#445 = VERTEX_POINT ( 'NONE', #1294 ) ;
#446 = VECTOR ( 'NONE', #1492, 1000.000000000000000 ) ;
#447 = AXIS2_PLACEMENT_3D ( 'NONE', #1313, #2029, #250 ) ;
#448 = PLANE ( 'NONE',  #373 ) ;
#449 = DIRECTION ( 'NONE',  ( 0.000000000000000000, 0.000000000000000000, -1.000000000000000000 ) ) ;
#450 = CARTESIAN_POINT ( 'NONE',  ( -0.7600000000000002309, 0.1600000000000000033, -0.3999999999999999667 ) ) ;
#451 =( GEOMETRIC_REPRESENTATION_CONTEXT ( 3 ) GLOBAL_UNCERTAINTY_ASSIGNED_CONTEXT ( ( #1309 ) ) GLOBAL_UNIT_ASSIGNED_CONTEXT ( ( #414, #777, #760 ) ) REPRESENTATION_CONTEXT ( 'NONE', 'WORKASPACE' ) );
#452 = PRESENTATION_LAYER_ASSIGNMENT (  '', '', ( #683 ) ) ;
#453 = COLOUR_RGB ( '',0.3176470588235293935, 0.2470588235294117752, 0.2078431372549019440 ) ;
#454 = STYLED_ITEM ( 'NONE', ( #2334 ), #2256 ) ;
#455 = FACE_OUTER_BOUND ( 'NONE', #347, .T. ) ;
#456 = COLOUR_RGB ( '',0.3176470588235293935, 0.2470588235294117752, 0.2078431372549019440 ) ;
#457 = ORIENTED_EDGE ( 'NONE', *, *, #786, .T. ) ;
#458 = CLOSED_SHELL ( 'NONE', ( #229, #967, #1543, #1672, #2158, #1839 ) ) ;
#459 = CARTESIAN_POINT ( 'NONE',  ( -0.6519885608938986721, -0.1975000000000000089, -0.3150000000000001132 ) ) ;
#460 = LINE ( 'NONE', #1150, #1955 ) ;
#461 = DIRECTION ( 'NONE',  ( 0.000000000000000000, 1.000000000000000000, 0.000000000000000000 ) ) ;
#462 = ADVANCED_FACE ( 'NONE', ( #932 ), #949, .F. ) ;
#463 = CARTESIAN_POINT ( 'NONE',  ( 0.6519885608938982280, -0.2025000000000000133, 0.3149999999999998912 ) ) ;
#464 =( LENGTH_UNIT ( ) NAMED_UNIT ( * ) SI_UNIT ( .MILLI., .METRE. ) );
#465 = CARTESIAN_POINT ( 'NONE',  ( 0.04999999999999999584, -0.2025000000000000133, 0.3150000000000002798 ) ) ;
#466 = CARTESIAN_POINT ( 'NONE',  ( 0.7999999999999998224, 0.2000000000000000111, 0.3600000000000000977 ) ) ;
#467 = UNCERTAINTY_MEASURE_WITH_UNIT (LENGTH_MEASURE( 1.000000000000000082E-05 ), #482, 'distance_accuracy_value', 'NONE');
#468 = CARTESIAN_POINT ( 'NONE',  ( -0.7600000000000002309, 0.1600000000000000033, -0.3599999999999999867 ) ) ;
#469 = CARTESIAN_POINT ( 'NONE',  ( -0.2500000000000000000, -0.2025000000000000133, -0.05000000000000000278 ) ) ;
#470 = ORIENTED_EDGE ( 'NONE', *, *, #2229, .F. ) ;
#471 =( LENGTH_UNIT ( ) NAMED_UNIT ( * ) SI_UNIT ( .MILLI., .METRE. ) );
#472 = EDGE_CURVE ( 'NONE', #1279, #357, #1082, .T. ) ;
#473 = CARTESIAN_POINT ( 'NONE',  ( 0.05000000000000007910, -0.2025000000000000133, -0.04999999999999998890 ) ) ;
#474 = CARTESIAN_POINT ( 'NONE',  ( -0.04999999999999996808, -0.2025000000000000133, 0.05000000000000000278 ) ) ;
#475 = SPHERICAL_SURFACE ( 'NONE', #1436, 0.04000000000000000083 ) ;
#476 = SURFACE_STYLE_FILL_AREA ( #517 ) ;
#477 = EDGE_CURVE ( 'NONE', #396, #19, #1238, .T. ) ;
#478 = LINE ( 'NONE', #489, #1708 ) ;
#479 = FILL_AREA_STYLE ('',( #125 ) ) ;
#480 = ORIENTED_EDGE ( 'NONE', *, *, #2277, .T. ) ;
#481 = DIRECTION ( 'NONE',  ( 0.000000000000000000, 0.000000000000000000, -1.000000000000000000 ) ) ;
#482 =( LENGTH_UNIT ( ) NAMED_UNIT ( * ) SI_UNIT ( .MILLI., .METRE. ) );
#483 = FILL_AREA_STYLE_COLOUR ( '', #370 ) ;
#484 = CARTESIAN_POINT ( 'NONE',  ( 0.2500000000000001110, -0.1975000000000000089, 0.05000000000000006523 ) ) ;
#485 = DIRECTION ( 'NONE',  ( -1.000000000000000000, 0.000000000000000000, -2.710505431213761085E-16 ) ) ;
#486 = SURFACE_STYLE_FILL_AREA ( #1762 ) ;
#487 = UNCERTAINTY_MEASURE_WITH_UNIT (LENGTH_MEASURE( 1.000000000000000082E-05 ), #960, 'distance_accuracy_value', 'NONE');
#488 = COLOUR_RGB ( '',0.3176470588235293935, 0.2470588235294117752, 0.2078431372549019440 ) ;
#489 = CARTESIAN_POINT ( 'NONE',  ( 0.2500000000000001110, -0.2025000000000000133, 0.05000000000000006523 ) ) ;
#490 = STYLED_ITEM ( 'NONE', ( #423 ), #888 ) ;
#491 = EDGE_CURVE ( 'NONE', #1673, #2066, #2167, .T. ) ;
#492 = DIRECTION ( 'NONE',  ( 0.000000000000000000, -1.000000000000000000, 0.000000000000000000 ) ) ;
#493 = CARTESIAN_POINT ( 'NONE',  ( -0.6519885608938986721, -0.2025000000000000133, -0.3150000000000001132 ) ) ;
#494 = ORIENTED_EDGE ( 'NONE', *, *, #592, .T. ) ;
#495 = MECHANICAL_DESIGN_GEOMETRIC_PRESENTATION_REPRESENTATION (  '', ( #186 ), #867 ) ;
#496 = PLANE ( 'NONE',  #2326 ) ;
#497 = ORIENTED_EDGE ( 'NONE', *, *, #832, .T. ) ;
#498 = VECTOR ( 'NONE', #974, 1000.000000000000000 ) ;
#499 = DIRECTION ( 'NONE',  ( 0.000000000000000000, -0.000000000000000000, 1.000000000000000000 ) ) ;
#500 = CARTESIAN_POINT ( 'NONE',  ( 0.7599999999999997868, 0.1600000000000000033, 0.3600000000000000977 ) ) ;
#501 = CARTESIAN_POINT ( 'NONE',  ( -0.6413662620084636945, 0.1990000000000000102, 0.2269449850183808404 ) ) ;
#502 = EDGE_LOOP ( 'NONE', ( #1846, #806, #1264, #2339 ) ) ;
#503 = EDGE_CURVE ( 'NONE', #1640, #2221, #2332, .T. ) ;
#504 = EDGE_LOOP ( 'NONE', ( #1037, #470, #363, #2315 ) ) ;
#505 = FACE_OUTER_BOUND ( 'NONE', #797, .T. ) ;
#506 = ORIENTED_EDGE ( 'NONE', *, *, #1981, .T. ) ;
#507 = DIRECTION ( 'NONE',  ( -1.000000000000000000, 0.000000000000000000, 0.000000000000000000 ) ) ;
#508 = DIRECTION ( 'NONE',  ( 0.000000000000000000, 1.000000000000000000, 0.000000000000000000 ) ) ;
#509 = UNCERTAINTY_MEASURE_WITH_UNIT (LENGTH_MEASURE( 1.000000000000000082E-05 ), #1298, 'distance_accuracy_value', 'NONE');
#510 = ORIENTED_EDGE ( 'NONE', *, *, #1776, .F. ) ;
#511 = DIRECTION ( 'NONE',  ( 0.000000000000000000, 0.000000000000000000, 1.000000000000000000 ) ) ;
#512 = ORIENTED_EDGE ( 'NONE', *, *, #54, .T. ) ;
#513 = ADVANCED_FACE ( 'NONE', ( #2155 ), #1275, .F. ) ;
#514 = COLOUR_RGB ( '',0.3176470588235293935, 0.2470588235294117752, 0.2078431372549019440 ) ;
#515 = FACE_OUTER_BOUND ( 'NONE', #1100, .T. ) ;
#516 = FILL_AREA_STYLE_COLOUR ( '', #1548 ) ;
#517 = FILL_AREA_STYLE ('',( #288 ) ) ;
#518 = VECTOR ( 'NONE', #1442, 1000.000000000000000 ) ;
#519 = DIRECTION ( 'NONE',  ( -0.000000000000000000, 0.000000000000000000, 1.000000000000000000 ) ) ;
#520 = CARTESIAN_POINT ( 'NONE',  ( -0.1533896934313948579, 0.1990000000000000102, 0.2269449850183808404 ) ) ;
#521 = ORIENTED_EDGE ( 'NONE', *, *, #1177, .F. ) ;
#522 = MECHANICAL_DESIGN_GEOMETRIC_PRESENTATION_REPRESENTATION (  '', ( #1241 ), #1835 ) ;
#523 =( LENGTH_UNIT ( ) NAMED_UNIT ( * ) SI_UNIT ( .MILLI., .METRE. ) );
#524 = EDGE_LOOP ( 'NONE', ( #904, #841, #1398, #1892 ) ) ;
#525 = VECTOR ( 'NONE', #1027, 1000.000000000000000 ) ;
#526 = CIRCLE ( 'NONE', #2219, 0.03999999999999999389 ) ;
#527 = CARTESIAN_POINT ( 'NONE',  ( 0.2500000000000002220, -0.2025000000000000133, -0.3150000000000002243 ) ) ;
#528 =( GEOMETRIC_REPRESENTATION_CONTEXT ( 3 ) GLOBAL_UNCERTAINTY_ASSIGNED_CONTEXT ( ( #1753 ) ) GLOBAL_UNIT_ASSIGNED_CONTEXT ( ( #1610, #189, #1457 ) ) REPRESENTATION_CONTEXT ( 'NONE', 'WORKASPACE' ) );
#529 = ORIENTED_EDGE ( 'NONE', *, *, #371, .T. ) ;
#530 = VECTOR ( 'NONE', #1909, 1000.000000000000000 ) ;
#531 = AXIS2_PLACEMENT_3D ( 'NONE', #965, #584, #984 ) ;
#532 = CARTESIAN_POINT ( 'NONE',  ( -0.04999999999999996808, -0.2025000000000000133, -0.05000000000000000278 ) ) ;
#533 = AXIS2_PLACEMENT_3D ( 'NONE', #1229, #329, #875 ) ;
#534 = FILL_AREA_STYLE_COLOUR ( '', #2218 ) ;
#535 = ADVANCED_FACE ( 'NONE', ( #1547 ), #631, .F. ) ;
#536 =( LENGTH_UNIT ( ) NAMED_UNIT ( * ) SI_UNIT ( .MILLI., .METRE. ) );
#537 = SURFACE_STYLE_USAGE ( .BOTH. , #2150 ) ;
#538 = FILL_AREA_STYLE_COLOUR ( '', #2255 ) ;
#539 = UNCERTAINTY_MEASURE_WITH_UNIT (LENGTH_MEASURE( 1.000000000000000082E-05 ), #1674, 'distance_accuracy_value', 'NONE');
#540 = ORIENTED_EDGE ( 'NONE', *, *, #2267, .F. ) ;
#541 =( NAMED_UNIT ( * ) PLANE_ANGLE_UNIT ( ) SI_UNIT ( $, .RADIAN. ) );
#542 = EDGE_LOOP ( 'NONE', ( #612, #1162, #254 ) ) ;
#543 = DIRECTION ( 'NONE',  ( 0.000000000000000000, 1.000000000000000000, 0.000000000000000000 ) ) ;
#544 = EDGE_LOOP ( 'NONE', ( #404, #1811, #1629, #2207 ) ) ;
#545 =( GEOMETRIC_REPRESENTATION_CONTEXT ( 3 ) GLOBAL_UNCERTAINTY_ASSIGNED_CONTEXT ( ( #2205 ) ) GLOBAL_UNIT_ASSIGNED_CONTEXT ( ( #1377, #988, #290 ) ) REPRESENTATION_CONTEXT ( 'NONE', 'WORKASPACE' ) );
#546 = FILL_AREA_STYLE_COLOUR ( '', #1193 ) ;
#547 = CARTESIAN_POINT ( 'NONE',  ( 0.05000000000000005135, -0.2025000000000000133, 0.05000000000000001665 ) ) ;
#548 = FILL_AREA_STYLE_COLOUR ( '', #952 ) ;
#549 = EDGE_CURVE ( 'NONE', #830, #2221, #1495, .T. ) ;
#550 = CARTESIAN_POINT ( 'NONE',  ( -0.8000000000000002665, 0.1600000000000000033, 0.3600000000000000977 ) ) ;
#551 = PRESENTATION_STYLE_ASSIGNMENT (( #2338 ) ) ;
#552 = ORIENTED_EDGE ( 'NONE', *, *, #1681, .T. ) ;
#553 = ADVANCED_FACE ( 'NONE', ( #1859 ), #52, .T. ) ;
#554 = CARTESIAN_POINT ( 'NONE',  ( -0.2500000000000000000, -0.2025000000000000133, -0.3150000000000002798 ) ) ;
#555 = CARTESIAN_POINT ( 'NONE',  ( -0.8000000000000002665, -0.2000000000000000111, 0.3600000000000000977 ) ) ;
#556 =( LENGTH_UNIT ( ) NAMED_UNIT ( * ) SI_UNIT ( .MILLI., .METRE. ) );
#557 = ORIENTED_EDGE ( 'NONE', *, *, #2065, .T. ) ;
#558 = SPHERICAL_SURFACE ( 'NONE', #1278, 0.04000000000000000083 ) ;
#559 = VERTEX_POINT ( 'NONE', #1524 ) ;
#560 = DIRECTION ( 'NONE',  ( -0.000000000000000000, -0.000000000000000000, 1.000000000000000000 ) ) ;
#561 = CARTESIAN_POINT ( 'NONE',  ( 0.05000000000000005135, -0.1975000000000000089, 0.05000000000000001665 ) ) ;
#562 = FACE_OUTER_BOUND ( 'NONE', #1820, .T. ) ;
#563 = VERTEX_POINT ( 'NONE', #75 ) ;
#564 = AXIS2_PLACEMENT_3D ( 'NONE', #1097, #410, #1462 ) ;
#565 = FACE_OUTER_BOUND ( 'NONE', #441, .T. ) ;
#566 = SURFACE_STYLE_USAGE ( .BOTH. , #1263 ) ;
#567 = EDGE_CURVE ( 'NONE', #1182, #1080, #2235, .T. ) ;
#568 = PRESENTATION_LAYER_ASSIGNMENT (  '', '', ( #490 ) ) ;
#569 = CARTESIAN_POINT ( 'NONE',  ( -0.6413662620084636945, 0.1990000000000000102, 0.2269449850183808404 ) ) ;
#570 = ORIENTED_EDGE ( 'NONE', *, *, #1929, .F. ) ;
#571 = CARTESIAN_POINT ( 'NONE',  ( 0.7599999999999997868, 0.1600000000000000033, -0.3599999999999999867 ) ) ;
#572 = FACE_OUTER_BOUND ( 'NONE', #582, .T. ) ;
#573 = DIRECTION ( 'NONE',  ( 0.000000000000000000, 0.000000000000000000, -1.000000000000000000 ) ) ;
#574 = MECHANICAL_DESIGN_GEOMETRIC_PRESENTATION_REPRESENTATION (  '', ( #1550 ), #1352 ) ;
#575 = CARTESIAN_POINT ( 'NONE',  ( -0.6413662620084636945, 0.1990000000000000102, 0.2269449850183808404 ) ) ;
#576 = VECTOR ( 'NONE', #1402, 1000.000000000000000 ) ;
#577 = FILL_AREA_STYLE_COLOUR ( '', #1204 ) ;
#578 = ORIENTED_EDGE ( 'NONE', *, *, #1371, .F. ) ;
#579 =( NAMED_UNIT ( * ) SI_UNIT ( $, .STERADIAN. ) SOLID_ANGLE_UNIT ( ) );
#580 = SURFACE_SIDE_STYLE ('',( #903 ) ) ;
#581 = EDGE_CURVE ( 'NONE', #955, #19, #1141, .T. ) ;
#582 = EDGE_LOOP ( 'NONE', ( #274, #1047, #218, #693 ) ) ;
#583 = STYLED_ITEM ( 'NONE', ( #2027 ), #1822 ) ;
#584 = DIRECTION ( 'NONE',  ( -2.710505431213760592E-16, 0.000000000000000000, 1.000000000000000000 ) ) ;
#585 = ORIENTED_EDGE ( 'NONE', *, *, #252, .F. ) ;
#586 = LINE ( 'NONE', #2217, #868 ) ;
#587 = LINE ( 'NONE', #1973, #179 ) ;
#588 = VERTEX_POINT ( 'NONE', #804 ) ;
#589 = DIRECTION ( 'NONE',  ( -1.000000000000000000, 0.000000000000000000, -4.091328952775485565E-16 ) ) ;
#590 = SURFACE_SIDE_STYLE ('',( #2200 ) ) ;
#591 = SURFACE_SIDE_STYLE ('',( #1513 ) ) ;
#592 = EDGE_CURVE ( 'NONE', #869, #731, #460, .T. ) ;
#593 = SURFACE_STYLE_USAGE ( .BOTH. , #1667 ) ;
#594 = LINE ( 'NONE', #1862, #708 ) ;
#595 = SURFACE_SIDE_STYLE ('',( #1669 ) ) ;
#596 = VERTEX_POINT ( 'NONE', #1869 ) ;
#597 = VECTOR ( 'NONE', #2279, 1000.000000000000000 ) ;
#598 =( NAMED_UNIT ( * ) PLANE_ANGLE_UNIT ( ) SI_UNIT ( $, .RADIAN. ) );
#599 = EDGE_LOOP ( 'NONE', ( #139, #2303, #1648, #968 ) ) ;
#600 = AXIS2_PLACEMENT_3D ( 'NONE', #2097, #1918, #1405 ) ;
#601 = SURFACE_STYLE_FILL_AREA ( #613 ) ;
#602 = DIRECTION ( 'NONE',  ( 0.000000000000000000, 0.000000000000000000, -1.000000000000000000 ) ) ;
#603 =( NAMED_UNIT ( * ) PLANE_ANGLE_UNIT ( ) SI_UNIT ( $, .RADIAN. ) );
#604 = STYLED_ITEM ( 'NONE', ( #91 ), #1038 ) ;
#605 =( GEOMETRIC_REPRESENTATION_CONTEXT ( 3 ) GLOBAL_UNCERTAINTY_ASSIGNED_CONTEXT ( ( #1400 ) ) GLOBAL_UNIT_ASSIGNED_CONTEXT ( ( #1525, #1894, #1718 ) ) REPRESENTATION_CONTEXT ( 'NONE', 'WORKASPACE' ) );
#606 = EDGE_CURVE ( 'NONE', #559, #166, #1000, .T. ) ;
#607 = PLANE ( 'NONE',  #411 ) ;
#608 = DIRECTION ( 'NONE',  ( 0.000000000000000000, -1.000000000000000000, 0.000000000000000000 ) ) ;
#609 = UNCERTAINTY_MEASURE_WITH_UNIT (LENGTH_MEASURE( 1.000000000000000082E-05 ), #170, 'distance_accuracy_value', 'NONE');
#610 = VECTOR ( 'NONE', #302, 1000.000000000000000 ) ;
#611 = SURFACE_STYLE_USAGE ( .BOTH. , #1479 ) ;
#612 = ORIENTED_EDGE ( 'NONE', *, *, #2213, .T. ) ;
#613 = FILL_AREA_STYLE ('',( #1848 ) ) ;
#614 = PLANE ( 'NONE',  #531 ) ;
#615 = CARTESIAN_POINT ( 'NONE',  ( 0.7599999999999997868, 0.1600000000000000033, 0.3600000000000000977 ) ) ;
#616 = ADVANCED_FACE ( 'NONE', ( #1695 ), #1419, .F. ) ;
#617 = SURFACE_SIDE_STYLE ('',( #626 ) ) ;
#618 = ADVANCED_FACE ( 'NONE', ( #505 ), #653, .T. ) ;
#619 = SURFACE_STYLE_FILL_AREA ( #1521 ) ;
#620 = ORIENTED_EDGE ( 'NONE', *, *, #1681, .F. ) ;
#621 =( NAMED_UNIT ( * ) SI_UNIT ( $, .STERADIAN. ) SOLID_ANGLE_UNIT ( ) );
#622 = ORIENTED_EDGE ( 'NONE', *, *, #292, .F. ) ;
#623 = LINE ( 'NONE', #473, #1093 ) ;
#624 =( NAMED_UNIT ( * ) SI_UNIT ( $, .STERADIAN. ) SOLID_ANGLE_UNIT ( ) );
#625 = CARTESIAN_POINT ( 'NONE',  ( 0.6519885608938982280, -0.2025000000000000133, 0.3149999999999998912 ) ) ;
#626 = SURFACE_STYLE_FILL_AREA ( #1542 ) ;
#627 = EDGE_CURVE ( 'NONE', #295, #1617, #2289, .T. ) ;
#628 =( LENGTH_UNIT ( ) NAMED_UNIT ( * ) SI_UNIT ( .MILLI., .METRE. ) );
#629 = ORIENTED_EDGE ( 'NONE', *, *, #178, .F. ) ;
#630 = CARTESIAN_POINT ( 'NONE',  ( 0.000000000000000000, -0.1975000000000000089, 0.000000000000000000 ) ) ;
#631 = PLANE ( 'NONE',  #1422 ) ;
#632 = VECTOR ( 'NONE', #878, 1000.000000000000000 ) ;
#633 = COLOUR_RGB ( '',0.3176470588235293935, 0.2470588235294117752, 0.2078431372549019440 ) ;
#634 =( NAMED_UNIT ( * ) SI_UNIT ( $, .STERADIAN. ) SOLID_ANGLE_UNIT ( ) );
#635 = DIRECTION ( 'NONE',  ( 0.000000000000000000, 0.000000000000000000, -1.000000000000000000 ) ) ;
#636 = FILL_AREA_STYLE_COLOUR ( '', #456 ) ;
#637 = CARTESIAN_POINT ( 'NONE',  ( -0.7600000000000002309, -0.2000000000000000111, 0.3600000000000000977 ) ) ;
#638 = COLOUR_RGB ( '',0.3176470588235293935, 0.2470588235294117752, 0.2078431372549019440 ) ;
#639 = CIRCLE ( 'NONE', #1966, 0.03999999999999999389 ) ;
#640 = MECHANICAL_DESIGN_GEOMETRIC_PRESENTATION_REPRESENTATION (  '', ( #1358 ), #2220 ) ;
#641 = VERTEX_POINT ( 'NONE', #1741 ) ;
#642 = ADVANCED_FACE ( 'NONE', ( #117 ), #1025, .F. ) ;
#643 = CLOSED_SHELL ( 'NONE', ( #1481, #2330, #1913, #642, #692, #2091, #616, #2239, #1750, #1109, #535, #1224, #1533, #1630, #553, #774, #1293, #1764, #618, #747, #843, #1285, #1333, #1614, #886, #442, #1896, #2101, #82, #674, #2296 ) ) ;
#644 = DIRECTION ( 'NONE',  ( -1.000000000000000000, 0.000000000000000000, -2.710505431213761479E-15 ) ) ;
#645 = SURFACE_STYLE_FILL_AREA ( #90 ) ;
#646 = LINE ( 'NONE', #1733, #1091 ) ;
#647 = DIRECTION ( 'NONE',  ( 0.000000000000000000, -1.000000000000000000, 0.000000000000000000 ) ) ;
#648 = LINE ( 'NONE', #2259, #1627 ) ;
#649 = CARTESIAN_POINT ( 'NONE',  ( 0.05000000000000007910, -0.1975000000000000089, -0.04999999999999998890 ) ) ;
#650 = LINE ( 'NONE', #1367, #1033 ) ;
#651 = SURFACE_STYLE_USAGE ( .BOTH. , #1559 ) ;
#652 = ORIENTED_EDGE ( 'NONE', *, *, #1137, .F. ) ;
#653 = CYLINDRICAL_SURFACE ( 'NONE', #55, 0.03999999999999999389 ) ;
#654 = EDGE_CURVE ( 'NONE', #432, #1635, #2139, .T. ) ;
#655 = ORIENTED_EDGE ( 'NONE', *, *, #20, .T. ) ;
#656 = SURFACE_STYLE_FILL_AREA ( #893 ) ;
#657 =( NAMED_UNIT ( * ) PLANE_ANGLE_UNIT ( ) SI_UNIT ( $, .RADIAN. ) );
#658 = EDGE_CURVE ( 'NONE', #2291, #908, #2302, .T. ) ;
#659 = DIRECTION ( 'NONE',  ( -0.000000000000000000, 1.000000000000000000, -0.000000000000000000 ) ) ;
#660 = CARTESIAN_POINT ( 'NONE',  ( 0.2500000000000001110, -0.2025000000000000133, 0.05000000000000006523 ) ) ;
#661 = CARTESIAN_POINT ( 'NONE',  ( 0.6519885608938982280, -0.2025000000000000133, -0.3150000000000001132 ) ) ;
#662 = DIRECTION ( 'NONE',  ( 0.000000000000000000, -1.000000000000000000, 0.000000000000000000 ) ) ;
#663 = ORIENTED_EDGE ( 'NONE', *, *, #1136, .T. ) ;
#664 = DIRECTION ( 'NONE',  ( -0.000000000000000000, 0.000000000000000000, 1.000000000000000000 ) ) ;
#665 = VERTEX_POINT ( 'NONE', #1010 ) ;
#666 = CARTESIAN_POINT ( 'NONE',  ( -0.8000000000000002665, -0.1600000000000000033, 0.3600000000000000977 ) ) ;
#667 = ORIENTED_EDGE ( 'NONE', *, *, #115, .F. ) ;
#668 = PRESENTATION_STYLE_ASSIGNMENT (( #1039 ) ) ;
#669 =( NAMED_UNIT ( * ) SI_UNIT ( $, .STERADIAN. ) SOLID_ANGLE_UNIT ( ) );
#670 = FILL_AREA_STYLE_COLOUR ( '', #1885 ) ;
#671 = FACE_OUTER_BOUND ( 'NONE', #918, .T. ) ;
#672 = PRESENTATION_STYLE_ASSIGNMENT (( #123 ) ) ;
#673 = UNCERTAINTY_MEASURE_WITH_UNIT (LENGTH_MEASURE( 1.000000000000000082E-05 ), #922, 'distance_accuracy_value', 'NONE');
#674 = ADVANCED_FACE ( 'NONE', ( #319 ), #1729, .T. ) ;
#675 = VECTOR ( 'NONE', #821, 1000.000000000000000 ) ;
#676 = SURFACE_STYLE_USAGE ( .BOTH. , #846 ) ;
#677 = CARTESIAN_POINT ( 'NONE',  ( -0.7600000000000002309, -0.1600000000000000033, 0.4000000000000000777 ) ) ;
#678 = MECHANICAL_DESIGN_GEOMETRIC_PRESENTATION_REPRESENTATION (  '', ( #1959 ), #2142 ) ;
#679 = ORIENTED_EDGE ( 'NONE', *, *, #354, .F. ) ;
#680 = AXIS2_PLACEMENT_3D ( 'NONE', #1348, #1363, #283 ) ;
#681 = LINE ( 'NONE', #900, #953 ) ;
#682 = ORIENTED_EDGE ( 'NONE', *, *, #1220, .F. ) ;
#683 = STYLED_ITEM ( 'NONE', ( #942 ), #1376 ) ;
#684 = AXIS2_PLACEMENT_3D ( 'NONE', #758, #1608, #895 ) ;
#685 = FACE_OUTER_BOUND ( 'NONE', #544, .T. ) ;
#686 = ORIENTED_EDGE ( 'NONE', *, *, #1561, .T. ) ;
#687 = VECTOR ( 'NONE', #259, 1000.000000000000000 ) ;
#688 = DIRECTION ( 'NONE',  ( -0.000000000000000000, -0.000000000000000000, 1.000000000000000000 ) ) ;
#689 = APPLICATION_PROTOCOL_DEFINITION ( 'draft international standard', 'automotive_design', 1998, #79 ) ;
#690 = CARTESIAN_POINT ( 'NONE',  ( 0.7599999999999998979, 0.2000000000000000111, -0.3599999999999999867 ) ) ;
#691 =( NAMED_UNIT ( * ) PLANE_ANGLE_UNIT ( ) SI_UNIT ( $, .RADIAN. ) );
#692 = ADVANCED_FACE ( 'NONE', ( #685, #1212 ), #496, .F. ) ;
#693 = ORIENTED_EDGE ( 'NONE', *, *, #32, .F. ) ;
#694 = MECHANICAL_DESIGN_GEOMETRIC_PRESENTATION_REPRESENTATION (  '', ( #583 ), #769 ) ;
#695 = SURFACE_STYLE_FILL_AREA ( #141 ) ;
#696 = ORIENTED_EDGE ( 'NONE', *, *, #340, .F. ) ;
#697 = DIRECTION ( 'NONE',  ( -0.000000000000000000, 1.000000000000000000, -0.000000000000000000 ) ) ;
#698 = PLANE ( 'NONE',  #413 ) ;
#699 =( NAMED_UNIT ( * ) SI_UNIT ( $, .STERADIAN. ) SOLID_ANGLE_UNIT ( ) );
#700 = DIRECTION ( 'NONE',  ( 1.000000000000000000, 0.000000000000000000, 0.000000000000000000 ) ) ;
#701 = DIRECTION ( 'NONE',  ( 0.000000000000000000, -0.000000000000000000, -1.000000000000000000 ) ) ;
#702 = UNCERTAINTY_MEASURE_WITH_UNIT (LENGTH_MEASURE( 1.000000000000000082E-05 ), #1288, 'distance_accuracy_value', 'NONE');
#703 = DIRECTION ( 'NONE',  ( 0.000000000000000000, -1.000000000000000000, 0.000000000000000000 ) ) ;
#704 = ORIENTED_EDGE ( 'NONE', *, *, #722, .T. ) ;
#705 = EDGE_CURVE ( 'NONE', #1581, #2170, #299, .T. ) ;
#706 = DIRECTION ( 'NONE',  ( 0.000000000000000000, 0.000000000000000000, -1.000000000000000000 ) ) ;
#707 = ORIENTED_EDGE ( 'NONE', *, *, #654, .T. ) ;
#708 = VECTOR ( 'NONE', #790, 1000.000000000000000 ) ;
#709 = CARTESIAN_POINT ( 'NONE',  ( 0.7999999999999998224, 0.1600000000000000033, -0.3599999999999999867 ) ) ;
#710 = PRESENTATION_STYLE_ASSIGNMENT (( #855 ) ) ;
#711 = CARTESIAN_POINT ( 'NONE',  ( 0.4369885608938982036, -0.1975000000000000089, -0.3150000000000001132 ) ) ;
#712 = ORIENTED_EDGE ( 'NONE', *, *, #252, .T. ) ;
#713 =( GEOMETRIC_REPRESENTATION_CONTEXT ( 3 ) GLOBAL_UNCERTAINTY_ASSIGNED_CONTEXT ( ( #2271 ) ) GLOBAL_UNIT_ASSIGNED_CONTEXT ( ( #719, #1819, #1094 ) ) REPRESENTATION_CONTEXT ( 'NONE', 'WORKASPACE' ) );
#714 = VECTOR ( 'NONE', #2212, 1000.000000000000000 ) ;
#715 = FILL_AREA_STYLE ('',( #2135 ) ) ;
#716 = ORIENTED_EDGE ( 'NONE', *, *, #2171, .F. ) ;
#717 = PRESENTATION_LAYER_ASSIGNMENT (  '', '', ( #1730 ) ) ;
#718 = AXIS2_PLACEMENT_3D ( 'NONE', #1329, #1337, #1351 ) ;
#719 =( LENGTH_UNIT ( ) NAMED_UNIT ( * ) SI_UNIT ( .MILLI., .METRE. ) );
#720 = CIRCLE ( 'NONE', #2106, 0.03999999999999999389 ) ;
#721 = ORIENTED_EDGE ( 'NONE', *, *, #2116, .F. ) ;
#722 = EDGE_CURVE ( 'NONE', #436, #2301, #2265, .T. ) ;
#723 =( GEOMETRIC_REPRESENTATION_CONTEXT ( 3 ) GLOBAL_UNCERTAINTY_ASSIGNED_CONTEXT ( ( #2053 ) ) GLOBAL_UNIT_ASSIGNED_CONTEXT ( ( #222, #1132, #951 ) ) REPRESENTATION_CONTEXT ( 'NONE', 'WORKASPACE' ) );
#724 = CYLINDRICAL_SURFACE ( 'NONE', #285, 0.03999999999999999389 ) ;
#725 = DIRECTION ( 'NONE',  ( 2.045664476387742289E-16, -0.000000000000000000, -1.000000000000000000 ) ) ;
#726 = EDGE_CURVE ( 'NONE', #445, #242, #2118, .T. ) ;
#727 = SURFACE_STYLE_FILL_AREA ( #937 ) ;
#728 = UNCERTAINTY_MEASURE_WITH_UNIT (LENGTH_MEASURE( 1.000000000000000082E-05 ), #750, 'distance_accuracy_value', 'NONE');
#729 = ORIENTED_EDGE ( 'NONE', *, *, #42, .F. ) ;
#730 = SURFACE_STYLE_FILL_AREA ( #1611 ) ;
#731 = VERTEX_POINT ( 'NONE', #156 ) ;
#732 = MECHANICAL_DESIGN_GEOMETRIC_PRESENTATION_REPRESENTATION (  '', ( #1775 ), #545 ) ;
#733 = DIRECTION ( 'NONE',  ( 0.000000000000000000, 0.000000000000000000, -1.000000000000000000 ) ) ;
#734 = FILL_AREA_STYLE_COLOUR ( '', #828 ) ;
#735 = EDGE_CURVE ( 'NONE', #1581, #372, #1046, .T. ) ;
#736 = EDGE_LOOP ( 'NONE', ( #1024, #1439, #2194, #2119 ) ) ;
#737 = SURFACE_SIDE_STYLE ('',( #1280 ) ) ;
#738 = ORIENTED_EDGE ( 'NONE', *, *, #1020, .T. ) ;
#739 = DIRECTION ( 'NONE',  ( 0.000000000000000000, 0.000000000000000000, -1.000000000000000000 ) ) ;
#740 = EDGE_LOOP ( 'NONE', ( #2264, #667, #1932, #1749 ) ) ;
#741 = SURFACE_SIDE_STYLE ('',( #1813 ) ) ;
#742 = DIRECTION ( 'NONE',  ( 0.000000000000000000, 0.000000000000000000, 1.000000000000000000 ) ) ;
#743 = VECTOR ( 'NONE', #238, 1000.000000000000000 ) ;
#744 = DIRECTION ( 'NONE',  ( 0.000000000000000000, 0.000000000000000000, 1.000000000000000000 ) ) ;
#745 = ORIENTED_EDGE ( 'NONE', *, *, #1725, .F. ) ;
#746 = UNCERTAINTY_MEASURE_WITH_UNIT (LENGTH_MEASURE( 1.000000000000000082E-05 ), #536, 'distance_accuracy_value', 'NONE');
#747 = ADVANCED_FACE ( 'NONE', ( #1758 ), #2275, .T. ) ;
#748 = MANIFOLD_SOLID_BREP ( 'Boss-Extrude2[4]', #34 ) ;
#749 = FILL_AREA_STYLE_COLOUR ( '', #1856 ) ;
#750 =( LENGTH_UNIT ( ) NAMED_UNIT ( * ) SI_UNIT ( .MILLI., .METRE. ) );
#751 =( GEOMETRIC_REPRESENTATION_CONTEXT ( 3 ) GLOBAL_UNCERTAINTY_ASSIGNED_CONTEXT ( ( #884 ) ) GLOBAL_UNIT_ASSIGNED_CONTEXT ( ( #2298, #691, #2284 ) ) REPRESENTATION_CONTEXT ( 'NONE', 'WORKASPACE' ) );
#752 = CARTESIAN_POINT ( 'NONE',  ( 0.05000000000000005135, -0.1975000000000000089, 0.05000000000000001665 ) ) ;
#753 = EDGE_LOOP ( 'NONE', ( #2021, #2087, #1905, #1866 ) ) ;
#754 = CIRCLE ( 'NONE', #2076, 0.03999999999999999389 ) ;
#755 = COLOUR_RGB ( '',0.7921568627450980005, 0.8196078431372548767, 0.9333333333333333481 ) ;
#756 = CARTESIAN_POINT ( 'NONE',  ( -0.7600000000000002309, 0.1600000000000000033, 0.000000000000000000 ) ) ;
#757 = DIRECTION ( 'NONE',  ( -0.000000000000000000, 1.000000000000000000, -0.000000000000000000 ) ) ;
#758 = CARTESIAN_POINT ( 'NONE',  ( 0.000000000000000000, -0.2025000000000000133, 0.000000000000000000 ) ) ;
#759 =( GEOMETRIC_REPRESENTATION_CONTEXT ( 3 ) GLOBAL_UNCERTAINTY_ASSIGNED_CONTEXT ( ( #46 ) ) GLOBAL_UNIT_ASSIGNED_CONTEXT ( ( #77, #820, #634 ) ) REPRESENTATION_CONTEXT ( 'NONE', 'WORKASPACE' ) );
#760 =( NAMED_UNIT ( * ) SI_UNIT ( $, .STERADIAN. ) SOLID_ANGLE_UNIT ( ) );
#761 = PRESENTATION_LAYER_ASSIGNMENT (  '', '', ( #1768 ) ) ;
#762 = ORIENTED_EDGE ( 'NONE', *, *, #2079, .T. ) ;
#763 = DIRECTION ( 'NONE',  ( 1.000000000000000000, 0.000000000000000000, 0.000000000000000000 ) ) ;
#764 = EDGE_LOOP ( 'NONE', ( #1596, #1223, #1646, #931 ) ) ;
#765 = EDGE_CURVE ( 'NONE', #1986, #2140, #851, .T. ) ;
#766 = ORIENTED_EDGE ( 'NONE', *, *, #1304, .T. ) ;
#767 = CARTESIAN_POINT ( 'NONE',  ( -0.4369885608938986477, -0.2025000000000000133, -0.3150000000000001132 ) ) ;
#768 = CARTESIAN_POINT ( 'NONE',  ( -0.7600000000000002309, -0.1600000000000000033, -0.3999999999999999667 ) ) ;
#769 =( GEOMETRIC_REPRESENTATION_CONTEXT ( 3 ) GLOBAL_UNCERTAINTY_ASSIGNED_CONTEXT ( ( #1101 ) ) GLOBAL_UNIT_ASSIGNED_CONTEXT ( ( #1647, #406, #579 ) ) REPRESENTATION_CONTEXT ( 'NONE', 'WORKASPACE' ) );
#770 = DIRECTION ( 'NONE',  ( 0.000000000000000000, -0.000000000000000000, -1.000000000000000000 ) ) ;
#771 = LINE ( 'NONE', #270, #1971 ) ;
#772 = ORIENTED_EDGE ( 'NONE', *, *, #400, .F. ) ;
#773 = ORIENTED_EDGE ( 'NONE', *, *, #430, .T. ) ;
#774 = ADVANCED_FACE ( 'NONE', ( #2195 ), #1273, .T. ) ;
#775 = SURFACE_SIDE_STYLE ('',( #1536 ) ) ;
#776 = DIRECTION ( 'NONE',  ( 1.000000000000000000, -0.000000000000000000, 2.371692252312039963E-16 ) ) ;
#777 =( NAMED_UNIT ( * ) PLANE_ANGLE_UNIT ( ) SI_UNIT ( $, .RADIAN. ) );
#778 = CARTESIAN_POINT ( 'NONE',  ( -0.04999999999999996808, -0.2025000000000000133, 0.05000000000000000278 ) ) ;
#779 = ORIENTED_EDGE ( 'NONE', *, *, #1137, .T. ) ;
#780 = MECHANICAL_DESIGN_GEOMETRIC_PRESENTATION_REPRESENTATION (  '', ( #326 ), #364 ) ;
#781 = AXIS2_PLACEMENT_3D ( 'NONE', #311, #1036, #481 ) ;
#782 = SURFACE_STYLE_FILL_AREA ( #1324 ) ;
#783 = EDGE_LOOP ( 'NONE', ( #1990, #1795, #2188, #2192 ) ) ;
#784 = VECTOR ( 'NONE', #1597, 1000.000000000000000 ) ;
#785 =( LENGTH_UNIT ( ) NAMED_UNIT ( * ) SI_UNIT ( .MILLI., .METRE. ) );
#786 = EDGE_CURVE ( 'NONE', #1480, #114, #587, .T. ) ;
#787 = STYLED_ITEM ( 'NONE', ( #2240 ), #890 ) ;
#788 = MECHANICAL_DESIGN_GEOMETRIC_PRESENTATION_REPRESENTATION (  '', ( #1467 ), #62 ) ;
#789 = EDGE_CURVE ( 'NONE', #2066, #898, #387, .T. ) ;
#790 = DIRECTION ( 'NONE',  ( -0.000000000000000000, -0.000000000000000000, -1.000000000000000000 ) ) ;
#791 = AXIS2_PLACEMENT_3D ( 'NONE', #433, #425, #74 ) ;
#792 = DIRECTION ( 'NONE',  ( -2.371692252312039963E-16, 0.000000000000000000, 1.000000000000000000 ) ) ;
#793 = FILL_AREA_STYLE_COLOUR ( '', #1159 ) ;
#794 = ORIENTED_EDGE ( 'NONE', *, *, #939, .T. ) ;
#795 =( NAMED_UNIT ( * ) PLANE_ANGLE_UNIT ( ) SI_UNIT ( $, .RADIAN. ) );
#796 = DIRECTION ( 'NONE',  ( -1.000000000000000000, 0.000000000000000000, 0.000000000000000000 ) ) ;
#797 = EDGE_LOOP ( 'NONE', ( #1697, #24, #1957, #772 ) ) ;
#798 = PRODUCT_RELATED_PRODUCT_CATEGORY ( 'part', '', ( #12 ) ) ;
#799 = CARTESIAN_POINT ( 'NONE',  ( 0.7599999999999997868, 0.1600000000000000033, 0.3600000000000000977 ) ) ;
#800 = DIRECTION ( 'NONE',  ( -0.000000000000000000, -0.000000000000000000, 1.000000000000000000 ) ) ;
#801 = VECTOR ( 'NONE', #2230, 1000.000000000000000 ) ;
#802 = ADVANCED_FACE ( 'NONE', ( #1105 ), #945, .T. ) ;
#803 = ORIENTED_EDGE ( 'NONE', *, *, #1516, .T. ) ;
#804 = CARTESIAN_POINT ( 'NONE',  ( 0.7999999999999998224, 0.1600000000000000033, 0.3600000000000000977 ) ) ;
#805 = CARTESIAN_POINT ( 'NONE',  ( 0.4369885608938982036, -0.2025000000000000133, 0.3149999999999998357 ) ) ;
#806 = ORIENTED_EDGE ( 'NONE', *, *, #1564, .F. ) ;
#807 = CARTESIAN_POINT ( 'NONE',  ( 0.000000000000000000, 0.2000000000000000111, -0.3599999999999999867 ) ) ;
#808 = CARTESIAN_POINT ( 'NONE',  ( 0.6519885608938982280, -0.2025000000000000133, 0.3149999999999998912 ) ) ;
#809 = CARTESIAN_POINT ( 'NONE',  ( -0.4369885608938986477, -0.2025000000000000133, -0.3150000000000001132 ) ) ;
#810 = ORIENTED_EDGE ( 'NONE', *, *, #115, .T. ) ;
#811 = FACE_OUTER_BOUND ( 'NONE', #1114, .T. ) ;
#812 = DIRECTION ( 'NONE',  ( -0.000000000000000000, 1.000000000000000000, -0.000000000000000000 ) ) ;
#813 = EDGE_CURVE ( 'NONE', #165, #19, #1505, .T. ) ;
#814 = DIRECTION ( 'NONE',  ( -4.091328952775485565E-16, 0.000000000000000000, 1.000000000000000000 ) ) ;
#815 = AXIS2_PLACEMENT_3D ( 'NONE', #1214, #1061, #1921 ) ;
#816 = ORIENTED_EDGE ( 'NONE', *, *, #549, .T. ) ;
#817 = PRESENTATION_LAYER_ASSIGNMENT (  '', '', ( #326 ) ) ;
#818 = FILL_AREA_STYLE_COLOUR ( '', #443 ) ;
#819 = VECTOR ( 'NONE', #180, 1000.000000000000000 ) ;
#820 =( NAMED_UNIT ( * ) PLANE_ANGLE_UNIT ( ) SI_UNIT ( $, .RADIAN. ) );
#821 = DIRECTION ( 'NONE',  ( -0.000000000000000000, 1.000000000000000000, -0.000000000000000000 ) ) ;
#822 = PLANE ( 'NONE',  #2068 ) ;
#823 = VECTOR ( 'NONE', #725, 1000.000000000000000 ) ;
#824 = FILL_AREA_STYLE_COLOUR ( '', #272 ) ;
#825 = CIRCLE ( 'NONE', #2290, 0.03999999999999999389 ) ;
#826 = PRESENTATION_LAYER_ASSIGNMENT (  '', '', ( #1514 ) ) ;
#827 = VECTOR ( 'NONE', #1529, 1000.000000000000000 ) ;
#828 = COLOUR_RGB ( '',0.7921568627450980005, 0.8196078431372548767, 0.9333333333333333481 ) ;
#829 =( NAMED_UNIT ( * ) PLANE_ANGLE_UNIT ( ) SI_UNIT ( $, .RADIAN. ) );
#830 = VERTEX_POINT ( 'NONE', #752 ) ;
#831 = VECTOR ( 'NONE', #2215, 1000.000000000000000 ) ;
#832 = EDGE_CURVE ( 'NONE', #1974, #1986, #1810, .T. ) ;
#833 = DIRECTION ( 'NONE',  ( 0.000000000000000000, -0.000000000000000000, -1.000000000000000000 ) ) ;
#834 = EDGE_LOOP ( 'NONE', ( #916, #177, #2078 ) ) ;
#835 = CARTESIAN_POINT ( 'NONE',  ( 0.04999999999999999584, -0.1975000000000000089, 0.3150000000000002798 ) ) ;
#836 = DIRECTION ( 'NONE',  ( 0.000000000000000000, 0.000000000000000000, 1.000000000000000000 ) ) ;
#837 = LINE ( 'NONE', #303, #2043 ) ;
#838 = UNCERTAINTY_MEASURE_WITH_UNIT (LENGTH_MEASURE( 1.000000000000000082E-05 ), #471, 'distance_accuracy_value', 'NONE');
#839 = STYLED_ITEM ( 'NONE', ( #420 ), #1839 ) ;
#840 =( NAMED_UNIT ( * ) SI_UNIT ( $, .STERADIAN. ) SOLID_ANGLE_UNIT ( ) );
#841 = ORIENTED_EDGE ( 'NONE', *, *, #1020, .F. ) ;
#842 = DIRECTION ( 'NONE',  ( -1.000000000000000000, -0.000000000000000000, 2.521400401129079689E-16 ) ) ;
#843 = ADVANCED_FACE ( 'NONE', ( #1628 ), #558, .T. ) ;
#844 = LINE ( 'NONE', #2269, #1843 ) ;
#845 = SURFACE_SIDE_STYLE ('',( #476 ) ) ;
#846 = SURFACE_SIDE_STYLE ('',( #124 ) ) ;
#847 =( NAMED_UNIT ( * ) SI_UNIT ( $, .STERADIAN. ) SOLID_ANGLE_UNIT ( ) );
#848 = CARTESIAN_POINT ( 'NONE',  ( 0.000000000000000000, -0.2025000000000000133, 0.000000000000000000 ) ) ;
#849 = EDGE_LOOP ( 'NONE', ( #1380, #1998, #1726 ) ) ;
#850 = VECTOR ( 'NONE', #208, 1000.000000000000000 ) ;
#851 = LINE ( 'NONE', #1997, #2282 ) ;
#852 = ORIENTED_EDGE ( 'NONE', *, *, #2079, .F. ) ;
#853 = VECTOR ( 'NONE', #560, 1000.000000000000000 ) ;
#854 = LINE ( 'NONE', #1587, #48 ) ;
#855 = SURFACE_STYLE_USAGE ( .BOTH. , #1443 ) ;
#856 = VECTOR ( 'NONE', #979, 1000.000000000000000 ) ;
#857 =( NAMED_UNIT ( * ) SI_UNIT ( $, .STERADIAN. ) SOLID_ANGLE_UNIT ( ) );
#858 = MECHANICAL_DESIGN_GEOMETRIC_PRESENTATION_REPRESENTATION (  '', ( #490 ), #1013 ) ;
#859 = ADVANCED_FACE ( 'NONE', ( #2020 ), #2165, .F. ) ;
#860 = UNCERTAINTY_MEASURE_WITH_UNIT (LENGTH_MEASURE( 1.000000000000000082E-05 ), #1307, 'distance_accuracy_value', 'NONE');
#861 = AXIS2_PLACEMENT_3D ( 'NONE', #315, #1042, #134 ) ;
#862 = CARTESIAN_POINT ( 'NONE',  ( -0.6413662620084636945, 0.1990000000000000102, 0.2269449850183808404 ) ) ;
#863 = CARTESIAN_POINT ( 'NONE',  ( 0.2500000000000001110, -0.2025000000000000133, 0.05000000000000006523 ) ) ;
#864 = SURFACE_STYLE_FILL_AREA ( #317 ) ;
#865 = EDGE_LOOP ( 'NONE', ( #1980, #1483, #1213, #1598 ) ) ;
#866 =( GEOMETRIC_REPRESENTATION_CONTEXT ( 3 ) GLOBAL_UNCERTAINTY_ASSIGNED_CONTEXT ( ( #1951 ) ) GLOBAL_UNIT_ASSIGNED_CONTEXT ( ( #438, #2071, #624 ) ) REPRESENTATION_CONTEXT ( 'NONE', 'WORKASPACE' ) );
#867 =( GEOMETRIC_REPRESENTATION_CONTEXT ( 3 ) GLOBAL_UNCERTAINTY_ASSIGNED_CONTEXT ( ( #342 ) ) GLOBAL_UNIT_ASSIGNED_CONTEXT ( ( #1801, #2005, #202 ) ) REPRESENTATION_CONTEXT ( 'NONE', 'WORKASPACE' ) );
#868 = VECTOR ( 'NONE', #763, 1000.000000000000000 ) ;
#869 = VERTEX_POINT ( 'NONE', #1544 ) ;
#870 = CARTESIAN_POINT ( 'NONE',  ( 0.2500000000000000000, -0.1975000000000000089, 0.3150000000000003353 ) ) ;
#871 = DIRECTION ( 'NONE',  ( -0.000000000000000000, 1.000000000000000000, -0.000000000000000000 ) ) ;
#872 = PLANE ( 'NONE',  #684 ) ;
#873 = CARTESIAN_POINT ( 'NONE',  ( -0.2500000000000000000, -0.2025000000000000133, 0.3150000000000002798 ) ) ;
#874 = EDGE_CURVE ( 'NONE', #1770, #1807, #2252, .T. ) ;
#875 = DIRECTION ( 'NONE',  ( 1.000000000000000000, 0.000000000000000000, 0.000000000000000000 ) ) ;
#876 = DIRECTION ( 'NONE',  ( -1.000000000000000000, 0.000000000000000000, -0.000000000000000000 ) ) ;
#877 = ORIENTED_EDGE ( 'NONE', *, *, #969, .T. ) ;
#878 = DIRECTION ( 'NONE',  ( 1.000000000000000000, -0.000000000000000000, 2.710505431213760099E-16 ) ) ;
#879 = ORIENTED_EDGE ( 'NONE', *, *, #1945, .T. ) ;
#880 = LINE ( 'NONE', #1607, #1579 ) ;
#881 = CARTESIAN_POINT ( 'NONE',  ( -0.6413662620084636945, 0.1990000000000000102, -0.2269449850183808404 ) ) ;
#882 =( LENGTH_UNIT ( ) NAMED_UNIT ( * ) SI_UNIT ( .MILLI., .METRE. ) );
#883 = SURFACE_STYLE_FILL_AREA ( #1074 ) ;
#884 = UNCERTAINTY_MEASURE_WITH_UNIT (LENGTH_MEASURE( 1.000000000000000082E-05 ), #2298, 'distance_accuracy_value', 'NONE');
#885 = PRESENTATION_STYLE_ASSIGNMENT (( #1413 ) ) ;
#886 = ADVANCED_FACE ( 'NONE', ( #455 ), #2042, .T. ) ;
#887 = FILL_AREA_STYLE ('',( #2342 ) ) ;
#888 = MANIFOLD_SOLID_BREP ( 'Boss-Extrude2[5]', #956 ) ;
#889 = VERTEX_POINT ( 'NONE', #1692 ) ;
#890 = ADVANCED_FACE ( 'NONE', ( #1138 ), #65, .T. ) ;
#891 = ORIENTED_EDGE ( 'NONE', *, *, #2127, .F. ) ;
#892 = SPHERICAL_SURFACE ( 'NONE', #1924, 0.04000000000000000083 ) ;
#893 = FILL_AREA_STYLE ('',( #119 ) ) ;
#894 = LINE ( 'NONE', #1988, #525 ) ;
#895 = DIRECTION ( 'NONE',  ( 0.000000000000000000, -0.000000000000000000, 1.000000000000000000 ) ) ;
#896 = FACE_OUTER_BOUND ( 'NONE', #1954, .T. ) ;
#897 = SURFACE_SIDE_STYLE ('',( #883 ) ) ;
#898 = VERTEX_POINT ( 'NONE', #1222 ) ;
#899 = AXIS2_PLACEMENT_3D ( 'NONE', #3, #35, #739 ) ;
#900 = CARTESIAN_POINT ( 'NONE',  ( -0.2500000000000000000, -0.1975000000000000089, -0.05000000000000000278 ) ) ;
#901 = PRESENTATION_LAYER_ASSIGNMENT (  '', '', ( #1344 ) ) ;
#902 = LINE ( 'NONE', #2312, #2329 ) ;
#903 = SURFACE_STYLE_FILL_AREA ( #215 ) ;
#904 = ORIENTED_EDGE ( 'NONE', *, *, #1977, .F. ) ;
#905 = AXIS2_PLACEMENT_3D ( 'NONE', #2121, #2144, #1072 ) ;
#906 = DIRECTION ( 'NONE',  ( 0.000000000000000000, 1.000000000000000000, -0.000000000000000000 ) ) ;
#907 = VECTOR ( 'NONE', #485, 1000.000000000000000 ) ;
#908 = VERTEX_POINT ( 'NONE', #2273 ) ;
#909 =( GEOMETRIC_REPRESENTATION_CONTEXT ( 3 ) GLOBAL_UNCERTAINTY_ASSIGNED_CONTEXT ( ( #228 ) ) GLOBAL_UNIT_ASSIGNED_CONTEXT ( ( #210, #1834, #1684 ) ) REPRESENTATION_CONTEXT ( 'NONE', 'WORKASPACE' ) );
#910 = ADVANCED_FACE ( 'NONE', ( #1021 ), #1207, .F. ) ;
#911 = DIRECTION ( 'NONE',  ( -0.000000000000000000, 1.000000000000000000, -0.000000000000000000 ) ) ;
#912 = DIRECTION ( 'NONE',  ( 1.000000000000000000, 0.000000000000000000, -0.000000000000000000 ) ) ;
#913 = SURFACE_SIDE_STYLE ('',( #1084 ) ) ;
#914 = COLOUR_RGB ( '',0.3176470588235293935, 0.2470588235294117752, 0.2078431372549019440 ) ;
#915 = FACE_OUTER_BOUND ( 'NONE', #849, .T. ) ;
#916 = ORIENTED_EDGE ( 'NONE', *, *, #1364, .T. ) ;
#917 =( LENGTH_UNIT ( ) NAMED_UNIT ( * ) SI_UNIT ( .MILLI., .METRE. ) );
#918 = EDGE_LOOP ( 'NONE', ( #529, #1301, #1195 ) ) ;
#919 = DIRECTION ( 'NONE',  ( 1.000000000000000000, 0.000000000000000000, 0.000000000000000000 ) ) ;
#920 = ORIENTED_EDGE ( 'NONE', *, *, #6, .T. ) ;
#921 = VECTOR ( 'NONE', #2133, 1000.000000000000000 ) ;
#922 =( LENGTH_UNIT ( ) NAMED_UNIT ( * ) SI_UNIT ( .MILLI., .METRE. ) );
#923 = DIRECTION ( 'NONE',  ( 2.045664476387742289E-16, -0.000000000000000000, -1.000000000000000000 ) ) ;
#924 = EDGE_CURVE ( 'NONE', #432, #2028, #280, .T. ) ;
#925 = DIRECTION ( 'NONE',  ( -4.091328952775484579E-16, -0.000000000000000000, 1.000000000000000000 ) ) ;
#926 = DIRECTION ( 'NONE',  ( -0.000000000000000000, 0.000000000000000000, 1.000000000000000000 ) ) ;
#927 = ORIENTED_EDGE ( 'NONE', *, *, #503, .F. ) ;
#928 = SURFACE_SIDE_STYLE ('',( #1271 ) ) ;
#929 = ORIENTED_EDGE ( 'NONE', *, *, #1092, .F. ) ;
#930 = CARTESIAN_POINT ( 'NONE',  ( 0.7599999999999998979, 0.1600000000000000033, -0.3599999999999999867 ) ) ;
#931 = ORIENTED_EDGE ( 'NONE', *, *, #1035, .T. ) ;
#932 = FACE_OUTER_BOUND ( 'NONE', #153, .T. ) ;
#933 = CARTESIAN_POINT ( 'NONE',  ( -0.1533896934313948579, 0.1990000000000000102, 0.2269449850183808404 ) ) ;
#934 = ADVANCED_FACE ( 'NONE', ( #1043 ), #1723, .F. ) ;
#935 =( NAMED_UNIT ( * ) PLANE_ANGLE_UNIT ( ) SI_UNIT ( $, .RADIAN. ) );
#936 = MECHANICAL_DESIGN_GEOMETRIC_PRESENTATION_REPRESENTATION (  '', ( #1498 ), #1234 ) ;
#937 = FILL_AREA_STYLE ('',( #538 ) ) ;
#938 = ORIENTED_EDGE ( 'NONE', *, *, #131, .F. ) ;
#939 = EDGE_CURVE ( 'NONE', #1640, #1759, #138, .T. ) ;
#940 = STYLED_ITEM ( 'NONE', ( #1537 ), #513 ) ;
#941 =( LENGTH_UNIT ( ) NAMED_UNIT ( * ) SI_UNIT ( .MILLI., .METRE. ) );
#942 = PRESENTATION_STYLE_ASSIGNMENT (( #566 ) ) ;
#943 = VECTOR ( 'NONE', #1605, 1000.000000000000000 ) ;
#944 = ORIENTED_EDGE ( 'NONE', *, *, #340, .T. ) ;
#945 = PLANE ( 'NONE',  #1582 ) ;
#946 = EDGE_LOOP ( 'NONE', ( #1448, #1638, #1472, #1469 ) ) ;
#947 = AXIS2_PLACEMENT_3D ( 'NONE', #1276, #1463, #1108 ) ;
#948 = VECTOR ( 'NONE', #1774, 1000.000000000000000 ) ;
#949 = PLANE ( 'NONE',  #564 ) ;
#950 = CARTESIAN_POINT ( 'NONE',  ( -0.7600000000000002309, 0.2000000000000000111, -0.3599999999999999867 ) ) ;
#951 =( NAMED_UNIT ( * ) SI_UNIT ( $, .STERADIAN. ) SOLID_ANGLE_UNIT ( ) );
#952 = COLOUR_RGB ( '',0.7921568627450980005, 0.8196078431372548767, 0.9333333333333333481 ) ;
#953 = VECTOR ( 'NONE', #1221, 1000.000000000000000 ) ;
#954 = CARTESIAN_POINT ( 'NONE',  ( 0.7599999999999997868, -0.2000000000000000111, 0.3600000000000000977 ) ) ;
#955 = VERTEX_POINT ( 'NONE', #1231 ) ;
#956 = CLOSED_SHELL ( 'NONE', ( #462, #1867, #1376, #1822, #1575, #1712 ) ) ;
#957 = FILL_AREA_STYLE ('',( #1310 ) ) ;
#958 = ADVANCED_FACE ( 'NONE', ( #1076 ), #1282, .F. ) ;
#959 = ORIENTED_EDGE ( 'NONE', *, *, #1721, .T. ) ;
#960 =( LENGTH_UNIT ( ) NAMED_UNIT ( * ) SI_UNIT ( .MILLI., .METRE. ) );
#961 = ORIENTED_EDGE ( 'NONE', *, *, #1189, .T. ) ;
#962 = FILL_AREA_STYLE_COLOUR ( '', #987 ) ;
#963 = CARTESIAN_POINT ( 'NONE',  ( 0.2500000000000001110, -0.1975000000000000089, 0.05000000000000006523 ) ) ;
#964 = CARTESIAN_POINT ( 'NONE',  ( -0.2500000000000000000, -0.2025000000000000133, -0.05000000000000000278 ) ) ;
#965 = CARTESIAN_POINT ( 'NONE',  ( 0.2500000000000002220, -0.2025000000000000133, -0.3150000000000002243 ) ) ;
#966 = LINE ( 'NONE', #2036, #743 ) ;
#967 = ADVANCED_FACE ( 'NONE', ( #384 ), #607, .F. ) ;
#968 = ORIENTED_EDGE ( 'NONE', *, *, #1634, .T. ) ;
#969 = EDGE_CURVE ( 'NONE', #1322, #1769, #1066, .T. ) ;
#970 = FACE_OUTER_BOUND ( 'NONE', #1584, .T. ) ;
#971 = SURFACE_STYLE_USAGE ( .BOTH. , #1161 ) ;
#972 = SURFACE_SIDE_STYLE ('',( #645 ) ) ;
#973 = VECTOR ( 'NONE', #1688, 1000.000000000000000 ) ;
#974 = DIRECTION ( 'NONE',  ( -0.000000000000000000, -0.000000000000000000, 1.000000000000000000 ) ) ;
#975 = AXIS2_PLACEMENT_3D ( 'NONE', #158, #301, #1026 ) ;
#976 = LINE ( 'NONE', #2294, #429 ) ;
#977 = VECTOR ( 'NONE', #776, 1000.000000000000000 ) ;
#978 = ORIENTED_EDGE ( 'NONE', *, *, #491, .F. ) ;
#979 = DIRECTION ( 'NONE',  ( -0.000000000000000000, 1.000000000000000000, -0.000000000000000000 ) ) ;
#980 = CARTESIAN_POINT ( 'NONE',  ( -0.8000000000000002665, 0.1600000000000000033, 0.4000000000000000777 ) ) ;
#981 = AXIS2_PLACEMENT_3D ( 'NONE', #1410, #519, #1244 ) ;
#982 = AXIS2_PLACEMENT_3D ( 'NONE', #1360, #792, #84 ) ;
#983 = DIRECTION ( 'NONE',  ( -1.000000000000000000, 0.000000000000000000, 0.000000000000000000 ) ) ;
#984 = DIRECTION ( 'NONE',  ( 1.000000000000000000, 0.000000000000000000, 2.710505431213760592E-16 ) ) ;
#985 = DIRECTION ( 'NONE',  ( 0.000000000000000000, 0.000000000000000000, 1.000000000000000000 ) ) ;
#986 = VECTOR ( 'NONE', #1295, 1000.000000000000000 ) ;
#987 = COLOUR_RGB ( '',0.3176470588235293935, 0.2470588235294117752, 0.2078431372549019440 ) ;
#988 =( NAMED_UNIT ( * ) PLANE_ANGLE_UNIT ( ) SI_UNIT ( $, .RADIAN. ) );
#989 = ORIENTED_EDGE ( 'NONE', *, *, #924, .T. ) ;
#990 = CARTESIAN_POINT ( 'NONE',  ( 0.2500000000000001110, -0.2025000000000000133, -0.04999999999999994033 ) ) ;
#991 = VERTEX_POINT ( 'NONE', #2050 ) ;
#992 = EDGE_CURVE ( 'NONE', #2221, #1493, #902, .T. ) ;
#993 = DIRECTION ( 'NONE',  ( 0.000000000000000000, -1.000000000000000000, 0.000000000000000000 ) ) ;
#994 = PRESENTATION_STYLE_ASSIGNMENT (( #403 ) ) ;
#995 = LINE ( 'NONE', #2204, #498 ) ;
#996 =( GEOMETRIC_REPRESENTATION_CONTEXT ( 3 ) GLOBAL_UNCERTAINTY_ASSIGNED_CONTEXT ( ( #1123 ) ) GLOBAL_UNIT_ASSIGNED_CONTEXT ( ( #1504, #2074, #2249 ) ) REPRESENTATION_CONTEXT ( 'NONE', 'WORKASPACE' ) );
#997 = PLANE ( 'NONE',  #2057 ) ;
#998 = ORIENTED_EDGE ( 'NONE', *, *, #150, .T. ) ;
#999 =( LENGTH_UNIT ( ) NAMED_UNIT ( * ) SI_UNIT ( .MILLI., .METRE. ) );
#1000 = LINE ( 'NONE', #253, #856 ) ;
#1001 = CARTESIAN_POINT ( 'NONE',  ( -0.2500000000000000000, -0.2025000000000000133, -0.3150000000000002798 ) ) ;
#1002 = PRESENTATION_STYLE_ASSIGNMENT (( #275 ) ) ;
#1003 = LINE ( 'NONE', #1558, #1743 ) ;
#1004 = DIRECTION ( 'NONE',  ( 2.710505431213761479E-15, 0.000000000000000000, -1.000000000000000000 ) ) ;
#1005 = EDGE_CURVE ( 'NONE', #898, #1830, #1612, .T. ) ;
#1006 = CIRCLE ( 'NONE', #249, 0.03999999999999999389 ) ;
#1007 =( NAMED_UNIT ( * ) SI_UNIT ( $, .STERADIAN. ) SOLID_ANGLE_UNIT ( ) );
#1008 = STYLED_ITEM ( 'NONE', ( #668 ), #321 ) ;
#1009 = ORIENTED_EDGE ( 'NONE', *, *, #477, .F. ) ;
#1010 = CARTESIAN_POINT ( 'NONE',  ( -0.6519885608938986721, -0.1975000000000000089, 0.3149999999999998912 ) ) ;
#1011 = ORIENTED_EDGE ( 'NONE', *, *, #1189, .F. ) ;
#1012 = COLOUR_RGB ( '',0.3176470588235293935, 0.2470588235294117752, 0.2078431372549019440 ) ;
#1013 =( GEOMETRIC_REPRESENTATION_CONTEXT ( 3 ) GLOBAL_UNCERTAINTY_ASSIGNED_CONTEXT ( ( #1927 ) ) GLOBAL_UNIT_ASSIGNED_CONTEXT ( ( #1679, #1705, #72 ) ) REPRESENTATION_CONTEXT ( 'NONE', 'WORKASPACE' ) );
#1014 = DIRECTION ( 'NONE',  ( -0.000000000000000000, 1.000000000000000000, -0.000000000000000000 ) ) ;
#1015 = CARTESIAN_POINT ( 'NONE',  ( 0.2500000000000001110, -0.2025000000000000133, -0.04999999999999994033 ) ) ;
#1016 = MECHANICAL_DESIGN_GEOMETRIC_PRESENTATION_REPRESENTATION (  '', ( #1730 ), #605 ) ;
#1017 = DIRECTION ( 'NONE',  ( 0.000000000000000000, 0.000000000000000000, -1.000000000000000000 ) ) ;
#1018 = PRESENTATION_LAYER_ASSIGNMENT (  '', '', ( #1920 ) ) ;
#1019 = DIRECTION ( 'NONE',  ( -0.000000000000000000, 1.000000000000000000, -0.000000000000000000 ) ) ;
#1020 = EDGE_CURVE ( 'NONE', #1563, #87, #2163, .T. ) ;
#1021 = FACE_OUTER_BOUND ( 'NONE', #1870, .T. ) ;
#1022 = PRESENTATION_LAYER_ASSIGNMENT (  '', '', ( #2185 ) ) ;
#1023 = CARTESIAN_POINT ( 'NONE',  ( -0.2500000000000000000, -0.1975000000000000089, 0.3150000000000002798 ) ) ;
#1024 = ORIENTED_EDGE ( 'NONE', *, *, #1005, .T. ) ;
#1025 = PLANE ( 'NONE',  #600 ) ;
#1026 = DIRECTION ( 'NONE',  ( 0.000000000000000000, 0.000000000000000000, 1.000000000000000000 ) ) ;
#1027 = DIRECTION ( 'NONE',  ( 1.000000000000000000, -0.000000000000000000, -0.000000000000000000 ) ) ;
#1028 = FACE_OUTER_BOUND ( 'NONE', #736, .T. ) ;
#1029 = DIRECTION ( 'NONE',  ( -1.000000000000000000, 0.000000000000000000, -2.710505431213761479E-15 ) ) ;
#1030 = SURFACE_SIDE_STYLE ('',( #486 ) ) ;
#1031 = CARTESIAN_POINT ( 'NONE',  ( 0.000000000000000000, -0.2025000000000000133, 0.000000000000000000 ) ) ;
#1032 = PLANE ( 'NONE',  #861 ) ;
#1033 = VECTOR ( 'NONE', #2095, 1000.000000000000000 ) ;
#1034 = EDGE_LOOP ( 'NONE', ( #345, #998, #512, #497 ) ) ;
#1035 = EDGE_CURVE ( 'NONE', #114, #242, #1898, .T. ) ;
#1036 = DIRECTION ( 'NONE',  ( 1.000000000000000000, 0.000000000000000000, 0.000000000000000000 ) ) ;
#1037 = ORIENTED_EDGE ( 'NONE', *, *, #310, .F. ) ;
#1038 = ADVANCED_FACE ( 'NONE', ( #2268 ), #1889, .F. ) ;
#1039 = SURFACE_STYLE_USAGE ( .BOTH. , #1239 ) ;
#1040 = CARTESIAN_POINT ( 'NONE',  ( -0.6519885608938986721, -0.1975000000000000089, -0.3150000000000001132 ) ) ;
#1041 = DIRECTION ( 'NONE',  ( 2.371692252312040949E-16, 0.000000000000000000, -1.000000000000000000 ) ) ;
#1042 = DIRECTION ( 'NONE',  ( -1.000000000000000000, 0.000000000000000000, 0.000000000000000000 ) ) ;
#1043 = FACE_OUTER_BOUND ( 'NONE', #2182, .T. ) ;
#1044 = EDGE_LOOP ( 'NONE', ( #1786, #1461, #682 ) ) ;
#1045 = AXIS2_PLACEMENT_3D ( 'NONE', #1677, #45, #2052 ) ;
#1046 = LINE ( 'NONE', #1370, #943 ) ;
#1047 = ORIENTED_EDGE ( 'NONE', *, *, #722, .F. ) ;
#1048 = CARTESIAN_POINT ( 'NONE',  ( 0.05000000000000014155, -0.2025000000000000133, -0.3150000000000002798 ) ) ;
#1049 = DIRECTION ( 'NONE',  ( 0.000000000000000000, 0.000000000000000000, -1.000000000000000000 ) ) ;
#1050 = ADVANCED_FACE ( 'NONE', ( #2070 ), #448, .F. ) ;
#1051 = CARTESIAN_POINT ( 'NONE',  ( -0.6413662620084636945, 0.1990000000000000102, 0.2269449850183808404 ) ) ;
#1052 = PRESENTATION_LAYER_ASSIGNMENT (  '', '', ( #2104 ) ) ;
#1053 = PLANE ( 'NONE',  #2253 ) ;
#1054 = VECTOR ( 'NONE', #1816, 1000.000000000000000 ) ;
#1055 = COLOUR_RGB ( '',0.3176470588235293935, 0.2470588235294117752, 0.2078431372549019440 ) ;
#1056 = CARTESIAN_POINT ( 'NONE',  ( -0.2500000000000000000, -0.2025000000000000133, 0.05000000000000000278 ) ) ;
#1057 = VERTEX_POINT ( 'NONE', #1001 ) ;
#1058 = AXIS2_PLACEMENT_3D ( 'NONE', #243, #217, #1482 ) ;
#1059 = CARTESIAN_POINT ( 'NONE',  ( 0.7599999999999997868, 0.1600000000000000033, 0.3600000000000000977 ) ) ;
#1060 = EDGE_LOOP ( 'NONE', ( #655, #1157, #22, #2113 ) ) ;
#1061 = DIRECTION ( 'NONE',  ( 2.710505431213761578E-16, 0.000000000000000000, -1.000000000000000000 ) ) ;
#1062 = EDGE_CURVE ( 'NONE', #1545, #991, #1719, .T. ) ;
#1063 = CARTESIAN_POINT ( 'NONE',  ( 0.7599999999999997868, -0.1600000000000000033, 0.4000000000000000777 ) ) ;
#1064 = SURFACE_SIDE_STYLE ('',( #2160 ) ) ;
#1065 = ORIENTED_EDGE ( 'NONE', *, *, #2024, .T. ) ;
#1066 = LINE ( 'NONE', #1970, #714 ) ;
#1067 = VERTEX_POINT ( 'NONE', #2258 ) ;
#1068 = FILL_AREA_STYLE_COLOUR ( '', #488 ) ;
#1069 = ORIENTED_EDGE ( 'NONE', *, *, #1259, .F. ) ;
#1070 = FILL_AREA_STYLE ('',( #636 ) ) ;
#1071 = CARTESIAN_POINT ( 'NONE',  ( -0.7600000000000002309, 0.2000000000000000111, -0.3999999999999999667 ) ) ;
#1072 = DIRECTION ( 'NONE',  ( 0.000000000000000000, 0.000000000000000000, 1.000000000000000000 ) ) ;
#1073 = DIRECTION ( 'NONE',  ( 2.557080595484677246E-16, 0.000000000000000000, -1.000000000000000000 ) ) ;
#1074 = FILL_AREA_STYLE ('',( #577 ) ) ;
#1075 = EDGE_LOOP ( 'NONE', ( #1693, #944, #1011 ) ) ;
#1076 = FACE_OUTER_BOUND ( 'NONE', #865, .T. ) ;
#1077 = EDGE_CURVE ( 'NONE', #165, #436, #646, .T. ) ;
#1078 = EDGE_LOOP ( 'NONE', ( #762, #155, #1416, #773 ) ) ;
#1079 = DIRECTION ( 'NONE',  ( 1.000000000000000000, 2.710505431213761479E-15, 0.000000000000000000 ) ) ;
#1080 = VERTEX_POINT ( 'NONE', #1186 ) ;
#1081 = AXIS2_PLACEMENT_3D ( 'NONE', #2304, #697, #1407 ) ;
#1082 = LINE ( 'NONE', #1663, #1872 ) ;
#1083 = DIRECTION ( 'NONE',  ( 0.000000000000000000, 0.000000000000000000, -1.000000000000000000 ) ) ;
#1084 = SURFACE_STYLE_FILL_AREA ( #360 ) ;
#1085 = CARTESIAN_POINT ( 'NONE',  ( -0.6519885608938986721, -0.2025000000000000133, -0.3150000000000001132 ) ) ;
#1086 = ORIENTED_EDGE ( 'NONE', *, *, #789, .F. ) ;
#1087 = MECHANICAL_DESIGN_GEOMETRIC_PRESENTATION_REPRESENTATION (  '', ( #2104 ), #1727 ) ;
#1088 = DIRECTION ( 'NONE',  ( 0.000000000000000000, 0.000000000000000000, -1.000000000000000000 ) ) ;
#1089 = MECHANICAL_DESIGN_GEOMETRIC_PRESENTATION_REPRESENTATION (  '', ( #1243 ), #2037 ) ;
#1090 = EDGE_LOOP ( 'NONE', ( #49, #1086, #978, #557 ) ) ;
#1091 = VECTOR ( 'NONE', #2090, 1000.000000000000000 ) ;
#1092 = EDGE_CURVE ( 'NONE', #128, #445, #2108, .T. ) ;
#1093 = VECTOR ( 'NONE', #1014, 1000.000000000000000 ) ;
#1094 =( NAMED_UNIT ( * ) SI_UNIT ( $, .STERADIAN. ) SOLID_ANGLE_UNIT ( ) );
#1095 = EDGE_LOOP ( 'NONE', ( #424, #1757, #2162, #336 ) ) ;
#1096 = AXIS2_PLACEMENT_3D ( 'NONE', #1860, #2211, #1318 ) ;
#1097 = CARTESIAN_POINT ( 'NONE',  ( 0.6519885608938982280, -0.2025000000000000133, -0.3150000000000001132 ) ) ;
#1098 = DIRECTION ( 'NONE',  ( -0.000000000000000000, 1.000000000000000000, -0.000000000000000000 ) ) ;
#1099 = CARTESIAN_POINT ( 'NONE',  ( -0.6413662620084636945, 0.1990000000000000102, -0.2269449850183808404 ) ) ;
#1100 = EDGE_LOOP ( 'NONE', ( #1106, #1382, #382, #2276 ) ) ;
#1101 = UNCERTAINTY_MEASURE_WITH_UNIT (LENGTH_MEASURE( 1.000000000000000082E-05 ), #1647, 'distance_accuracy_value', 'NONE');
#1102 = CARTESIAN_POINT ( 'NONE',  ( 0.7599999999999997868, -0.2000000000000000111, -0.3599999999999999867 ) ) ;
#1103 =( NAMED_UNIT ( * ) PLANE_ANGLE_UNIT ( ) SI_UNIT ( $, .RADIAN. ) );
#1104 = ORIENTED_EDGE ( 'NONE', *, *, #1641, .T. ) ;
#1105 = FACE_OUTER_BOUND ( 'NONE', #2274, .T. ) ;
#1106 = ORIENTED_EDGE ( 'NONE', *, *, #292, .T. ) ;
#1107 = LINE ( 'NONE', #767, #2172 ) ;
#1108 = DIRECTION ( 'NONE',  ( -1.000000000000000000, 0.000000000000000000, 0.000000000000000000 ) ) ;
#1109 = ADVANCED_FACE ( 'NONE', ( #2317 ), #1782, .F. ) ;
#1110 = PLANE ( 'NONE',  #230 ) ;
#1111 = SURFACE_STYLE_USAGE ( .BOTH. , #1064 ) ;
#1112 = ORIENTED_EDGE ( 'NONE', *, *, #726, .F. ) ;
#1113 = SURFACE_STYLE_USAGE ( .BOTH. , #737 ) ;
#1114 = EDGE_LOOP ( 'NONE', ( #1232, #2152, #1184, #729 ) ) ;
#1115 = CARTESIAN_POINT ( 'NONE',  ( -0.8000000000000002665, 0.2000000000000000111, 0.3600000000000000977 ) ) ;
#1116 = ORIENTED_EDGE ( 'NONE', *, *, #42, .T. ) ;
#1117 = FILL_AREA_STYLE_COLOUR ( '', #638 ) ;
#1118 = EDGE_CURVE ( 'NONE', #2137, #1807, #313, .T. ) ;
#1119 = PRESENTATION_STYLE_ASSIGNMENT (( #1456 ) ) ;
#1120 = AXIS2_PLACEMENT_3D ( 'NONE', #2292, #1771, #1960 ) ;
#1121 = FILL_AREA_STYLE_COLOUR ( '', #1549 ) ;
#1122 = EDGE_LOOP ( 'NONE', ( #920, #1654, #1252, #394 ) ) ;
#1123 = UNCERTAINTY_MEASURE_WITH_UNIT (LENGTH_MEASURE( 1.000000000000000082E-05 ), #1504, 'distance_accuracy_value', 'NONE');
#1124 = MECHANICAL_DESIGN_GEOMETRIC_PRESENTATION_REPRESENTATION (  '', ( #2176 ), #713 ) ;
#1125 =( GEOMETRIC_REPRESENTATION_CONTEXT ( 3 ) GLOBAL_UNCERTAINTY_ASSIGNED_CONTEXT ( ( #362 ) ) GLOBAL_UNIT_ASSIGNED_CONTEXT ( ( #628, #273, #1007 ) ) REPRESENTATION_CONTEXT ( 'NONE', 'WORKASPACE' ) );
#1126 = ORIENTED_EDGE ( 'NONE', *, *, #1864, .T. ) ;
#1127 = AXIS2_PLACEMENT_3D ( 'NONE', #1408, #350, #499 ) ;
#1128 = COLOUR_RGB ( '',0.3176470588235293935, 0.2470588235294117752, 0.2078431372549019440 ) ;
#1129 = DIRECTION ( 'NONE',  ( -0.000000000000000000, 1.000000000000000000, -0.000000000000000000 ) ) ;
#1130 = VECTOR ( 'NONE', #2300, 1000.000000000000000 ) ;
#1131 = DIRECTION ( 'NONE',  ( -1.000000000000000000, 0.000000000000000000, 0.000000000000000000 ) ) ;
#1132 =( NAMED_UNIT ( * ) PLANE_ANGLE_UNIT ( ) SI_UNIT ( $, .RADIAN. ) );
#1133 =( GEOMETRIC_REPRESENTATION_CONTEXT ( 3 ) GLOBAL_UNCERTAINTY_ASSIGNED_CONTEXT ( ( #1825 ) ) GLOBAL_UNIT_ASSIGNED_CONTEXT ( ( #941, #1863, #1636 ) ) REPRESENTATION_CONTEXT ( 'NONE', 'WORKASPACE' ) );
#1134 = SURFACE_STYLE_FILL_AREA ( #225 ) ;
#1135 = CARTESIAN_POINT ( 'NONE',  ( -0.7600000000000002309, 0.1600000000000000033, 0.3600000000000000977 ) ) ;
#1136 = EDGE_CURVE ( 'NONE', #1650, #1274, #1588, .T. ) ;
#1137 = EDGE_CURVE ( 'NONE', #173, #165, #894, .T. ) ;
#1138 = FACE_OUTER_BOUND ( 'NONE', #4, .T. ) ;
#1139 = EDGE_LOOP ( 'NONE', ( #190, #1944, #207, #2013 ) ) ;
#1140 = CARTESIAN_POINT ( 'NONE',  ( 0.2500000000000000000, -0.2025000000000000133, 0.3150000000000003353 ) ) ;
#1141 = LINE ( 'NONE', #434, #1653 ) ;
#1142 = PLANE ( 'NONE',  #1058 ) ;
#1143 = PRESENTATION_STYLE_ASSIGNMENT (( #367 ) ) ;
#1144 = FILL_AREA_STYLE_COLOUR ( '', #1845 ) ;
#1145 = CARTESIAN_POINT ( 'NONE',  ( 0.7599999999999997868, -0.1600000000000000033, -0.3599999999999999867 ) ) ;
#1146 = FILL_AREA_STYLE ('',( #1297 ) ) ;
#1147 = ADVANCED_FACE ( 'NONE', ( #1620 ), #1424, .T. ) ;
#1148 = FILL_AREA_STYLE ('',( #431 ) ) ;
#1149 = ORIENTED_EDGE ( 'NONE', *, *, #240, .T. ) ;
#1150 = CARTESIAN_POINT ( 'NONE',  ( 0.7999999999999998224, -0.1600000000000000033, -0.3999999999999999667 ) ) ;
#1151 = ORIENTED_EDGE ( 'NONE', *, *, #1035, .F. ) ;
#1152 = DIRECTION ( 'NONE',  ( -0.000000000000000000, 1.000000000000000000, -0.000000000000000000 ) ) ;
#1153 = LINE ( 'NONE', #1873, #1661 ) ;
#1154 = FACE_OUTER_BOUND ( 'NONE', #1075, .T. ) ;
#1155 = DIRECTION ( 'NONE',  ( 1.000000000000000000, -0.000000000000000000, 0.000000000000000000 ) ) ;
#1156 = AXIS2_PLACEMENT_3D ( 'NONE', #930, #1079, #1660 ) ;
#1157 = ORIENTED_EDGE ( 'NONE', *, *, #2024, .F. ) ;
#1158 = EDGE_CURVE ( 'NONE', #396, #165, #260, .T. ) ;
#1159 = COLOUR_RGB ( '',0.3176470588235293935, 0.2470588235294117752, 0.2078431372549019440 ) ;
#1160 = PLANE ( 'NONE',  #188 ) ;
#1161 = SURFACE_SIDE_STYLE ('',( #88 ) ) ;
#1162 = ORIENTED_EDGE ( 'NONE', *, *, #1603, .T. ) ;
#1163 = VECTOR ( 'NONE', #444, 1000.000000000000000 ) ;
#1164 = FACE_OUTER_BOUND ( 'NONE', #1122, .T. ) ;
#1165 = SURFACE_SIDE_STYLE ('',( #257 ) ) ;
#1166 = CARTESIAN_POINT ( 'NONE',  ( -0.7600000000000002309, -0.1600000000000000033, -0.3599999999999999867 ) ) ;
#1167 = AXIS2_PLACEMENT_3D ( 'NONE', #1166, #246, #449 ) ;
#1168 = LINE ( 'NONE', #81, #1578 ) ;
#1169 = AXIS2_PLACEMENT_3D ( 'NONE', #2157, #1267, #573 ) ;
#1170 = CARTESIAN_POINT ( 'NONE',  ( -0.6413662620084636945, 0.2000000000000000111, 0.2269449850183808404 ) ) ;
#1171 = FILL_AREA_STYLE_COLOUR ( '', #2073 ) ;
#1172 = ORIENTED_EDGE ( 'NONE', *, *, #606, .T. ) ;
#1173 = PRESENTATION_STYLE_ASSIGNMENT (( #2234 ) ) ;
#1174 = DIRECTION ( 'NONE',  ( -1.000000000000000000, 0.000000000000000000, -2.371692252312040456E-16 ) ) ;
#1175 = DIRECTION ( 'NONE',  ( -1.000000000000000000, 0.000000000000000000, -2.521400401129079689E-16 ) ) ;
#1176 = DIRECTION ( 'NONE',  ( -1.000000000000000000, 0.000000000000000000, -0.000000000000000000 ) ) ;
#1177 = EDGE_CURVE ( 'NONE', #665, #166, #1761, .T. ) ;
#1178 = CARTESIAN_POINT ( 'NONE',  ( 0.2500000000000000000, -0.2025000000000000133, 0.3150000000000003353 ) ) ;
#1179 = CARTESIAN_POINT ( 'NONE',  ( 0.7999999999999998224, -0.2000000000000000111, -0.3599999999999999867 ) ) ;
#1180 = MECHANICAL_DESIGN_GEOMETRIC_PRESENTATION_REPRESENTATION (  '', ( #2231 ), #95 ) ;
#1181 = LINE ( 'NONE', #1903, #1283 ) ;
#1182 = VERTEX_POINT ( 'NONE', #1751 ) ;
#1183 = DIRECTION ( 'NONE',  ( 0.000000000000000000, -1.000000000000000000, 0.000000000000000000 ) ) ;
#1184 = ORIENTED_EDGE ( 'NONE', *, *, #1603, .F. ) ;
#1185 = CARTESIAN_POINT ( 'NONE',  ( -0.04999999999999996808, -0.2025000000000000133, -0.3150000000000002798 ) ) ;
#1186 = CARTESIAN_POINT ( 'NONE',  ( 0.05000000000000007910, -0.1975000000000000089, -0.04999999999999998890 ) ) ;
#1187 = SURFACE_SIDE_STYLE ('',( #122 ) ) ;
#1188 = DIRECTION ( 'NONE',  ( -1.000000000000000000, 0.000000000000000000, -2.371692252312040949E-16 ) ) ;
#1189 = EDGE_CURVE ( 'NONE', #357, #1501, #1429, .T. ) ;
#1190 = AXIS2_PLACEMENT_3D ( 'NONE', #1135, #2247, #985 ) ;
#1191 =( LENGTH_UNIT ( ) NAMED_UNIT ( * ) SI_UNIT ( .MILLI., .METRE. ) );
#1192 = ORIENTED_EDGE ( 'NONE', *, *, #1062, .F. ) ;
#1193 = COLOUR_RGB ( '',0.3176470588235293935, 0.2470588235294117752, 0.2078431372549019440 ) ;
#1194 = CARTESIAN_POINT ( 'NONE',  ( -0.04999999999999996808, -0.2025000000000000133, 0.3150000000000002798 ) ) ;
#1195 = ORIENTED_EDGE ( 'NONE', *, *, #2112, .F. ) ;
#1196 = VECTOR ( 'NONE', #842, 1000.000000000000000 ) ;
#1197 = SURFACE_STYLE_USAGE ( .BOTH. , #1330 ) ;
#1198 = CARTESIAN_POINT ( 'NONE',  ( 0.000000000000000000, -0.2025000000000000133, 0.000000000000000000 ) ) ;
#1199 = DIRECTION ( 'NONE',  ( 0.000000000000000000, 0.000000000000000000, -1.000000000000000000 ) ) ;
#1200 =( NAMED_UNIT ( * ) PLANE_ANGLE_UNIT ( ) SI_UNIT ( $, .RADIAN. ) );
#1201 = MECHANICAL_DESIGN_GEOMETRIC_PRESENTATION_REPRESENTATION (  '', ( #1509 ), #140 ) ;
#1202 = AXIS2_PLACEMENT_3D ( 'NONE', #2089, #993, #1685 ) ;
#1203 = DIRECTION ( 'NONE',  ( 1.000000000000000000, -0.000000000000000000, 2.371692252312039963E-16 ) ) ;
#1204 = COLOUR_RGB ( '',0.7921568627450980005, 0.8196078431372548767, 0.9333333333333333481 ) ;
#1205 = EDGE_CURVE ( 'NONE', #1715, #641, #323, .T. ) ;
#1206 = STYLED_ITEM ( 'NONE', ( #2318 ), #2285 ) ;
#1207 = PLANE ( 'NONE',  #182 ) ;
#1208 = VECTOR ( 'NONE', #417, 1000.000000000000000 ) ;
#1209 = CARTESIAN_POINT ( 'NONE',  ( -0.7600000000000002309, -0.1600000000000000033, 0.3600000000000000977 ) ) ;
#1210 = ADVANCED_FACE ( 'NONE', ( #169 ), #698, .F. ) ;
#1211 = ORIENTED_EDGE ( 'NONE', *, *, #1077, .F. ) ;
#1212 = FACE_BOUND ( 'NONE', #504, .T. ) ;
#1213 = ORIENTED_EDGE ( 'NONE', *, *, #1590, .F. ) ;
#1214 = CARTESIAN_POINT ( 'NONE',  ( 0.2500000000000000000, -0.2025000000000000133, 0.3150000000000003353 ) ) ;
#1215 = CARTESIAN_POINT ( 'NONE',  ( 0.7599999999999997868, 0.1600000000000000033, -0.3599999999999999867 ) ) ;
#1216 =( LENGTH_UNIT ( ) NAMED_UNIT ( * ) SI_UNIT ( .MILLI., .METRE. ) );
#1217 =( LENGTH_UNIT ( ) NAMED_UNIT ( * ) SI_UNIT ( .MILLI., .METRE. ) );
#1218 = UNCERTAINTY_MEASURE_WITH_UNIT (LENGTH_MEASURE( 1.000000000000000082E-05 ), #1365, 'distance_accuracy_value', 'NONE');
#1219 = VECTOR ( 'NONE', #133, 1000.000000000000000 ) ;
#1220 = EDGE_CURVE ( 'NONE', #1279, #2140, #754, .T. ) ;
#1221 = DIRECTION ( 'NONE',  ( 0.000000000000000000, 0.000000000000000000, -1.000000000000000000 ) ) ;
#1222 = CARTESIAN_POINT ( 'NONE',  ( -0.6413662620084636945, 0.2000000000000000111, 0.2269449850183808404 ) ) ;
#1223 = ORIENTED_EDGE ( 'NONE', *, *, #969, .F. ) ;
#1224 = ADVANCED_FACE ( 'NONE', ( #572 ), #2014, .T. ) ;
#1225 = CARTESIAN_POINT ( 'NONE',  ( 0.6519885608938982280, -0.1975000000000000089, -0.3150000000000001132 ) ) ;
#1226 = ORIENTED_EDGE ( 'NONE', *, *, #1158, .T. ) ;
#1227 = LINE ( 'NONE', #1948, #610 ) ;
#1228 = FILL_AREA_STYLE_COLOUR ( '', #1615 ) ;
#1229 = CARTESIAN_POINT ( 'NONE',  ( 0.000000000000000000, 0.000000000000000000, 0.000000000000000000 ) ) ;
#1230 = PLANE ( 'NONE',  #1393 ) ;
#1231 = CARTESIAN_POINT ( 'NONE',  ( 0.7599999999999997868, 0.2000000000000000111, 0.3600000000000000977 ) ) ;
#1232 = ORIENTED_EDGE ( 'NONE', *, *, #477, .T. ) ;
#1233 = VECTOR ( 'NONE', #700, 1000.000000000000000 ) ;
#1234 =( GEOMETRIC_REPRESENTATION_CONTEXT ( 3 ) GLOBAL_UNCERTAINTY_ASSIGNED_CONTEXT ( ( #1556 ) ) GLOBAL_UNIT_ASSIGNED_CONTEXT ( ( #1387, #314, #857 ) ) REPRESENTATION_CONTEXT ( 'NONE', 'WORKASPACE' ) );
#1235 = CARTESIAN_POINT ( 'NONE',  ( 0.000000000000000000, 0.2000000000000000111, 0.000000000000000000 ) ) ;
#1236 = ORIENTED_EDGE ( 'NONE', *, *, #419, .T. ) ;
#1237 = EDGE_CURVE ( 'NONE', #1255, #1182, #391, .T. ) ;
#1238 = CIRCLE ( 'NONE', #23, 0.03999999999999999389 ) ;
#1239 = SURFACE_SIDE_STYLE ('',( #656 ) ) ;
#1240 = FILL_AREA_STYLE ('',( #516 ) ) ;
#1241 = STYLED_ITEM ( 'NONE', ( #1639 ), #748 ) ;
#1242 =( LENGTH_UNIT ( ) NAMED_UNIT ( * ) SI_UNIT ( .MILLI., .METRE. ) );
#1243 = STYLED_ITEM ( 'NONE', ( #1861 ), #967 ) ;
#1244 = DIRECTION ( 'NONE',  ( 1.000000000000000000, 0.000000000000000000, 0.000000000000000000 ) ) ;
#1245 = UNCERTAINTY_MEASURE_WITH_UNIT (LENGTH_MEASURE( 1.000000000000000082E-05 ), #171, 'distance_accuracy_value', 'NONE');
#1246 = PRESENTATION_LAYER_ASSIGNMENT (  '', '', ( #1467 ) ) ;
#1247 = VERTEX_POINT ( 'NONE', #184 ) ;
#1248 = STYLED_ITEM ( 'NONE', ( #352 ), #1523 ) ;
#1249 = SURFACE_STYLE_USAGE ( .BOTH. , #162 ) ;
#1250 = VECTOR ( 'NONE', #1175, 1000.000000000000000 ) ;
#1251 = FACE_OUTER_BOUND ( 'NONE', #30, .T. ) ;
#1252 = ORIENTED_EDGE ( 'NONE', *, *, #705, .F. ) ;
#1253 = COLOUR_RGB ( '',0.3176470588235293935, 0.2470588235294117752, 0.2078431372549019440 ) ;
#1254 = DIRECTION ( 'NONE',  ( 1.000000000000000000, 0.000000000000000000, 0.000000000000000000 ) ) ;
#1255 = VERTEX_POINT ( 'NONE', #1632 ) ;
#1256 = CARTESIAN_POINT ( 'NONE',  ( -0.04999999999999996808, -0.1975000000000000089, -0.05000000000000000278 ) ) ;
#1257 = DIRECTION ( 'NONE',  ( -1.000000000000000000, 0.000000000000000000, -2.710505431213761085E-16 ) ) ;
#1258 =( NAMED_UNIT ( * ) SI_UNIT ( $, .STERADIAN. ) SOLID_ANGLE_UNIT ( ) );
#1259 = EDGE_CURVE ( 'NONE', #1767, #128, #5, .T. ) ;
#1260 = PRESENTATION_STYLE_ASSIGNMENT (( #537 ) ) ;
#1261 = CARTESIAN_POINT ( 'NONE',  ( -0.7600000000000002309, 0.1600000000000000033, 0.4000000000000000777 ) ) ;
#1262 = ORIENTED_EDGE ( 'NONE', *, *, #366, .F. ) ;
#1263 = SURFACE_SIDE_STYLE ('',( #864 ) ) ;
#1264 = ORIENTED_EDGE ( 'NONE', *, *, #419, .F. ) ;
#1265 = ORIENTED_EDGE ( 'NONE', *, *, #1364, .F. ) ;
#1266 = DIRECTION ( 'NONE',  ( 0.000000000000000000, 0.000000000000000000, 1.000000000000000000 ) ) ;
#1267 = DIRECTION ( 'NONE',  ( 1.000000000000000000, 0.000000000000000000, 0.000000000000000000 ) ) ;
#1268 = ORIENTED_EDGE ( 'NONE', *, *, #1943, .T. ) ;
#1269 = EDGE_CURVE ( 'NONE', #2154, #830, #2168, .T. ) ;
#1270 = CARTESIAN_POINT ( 'NONE',  ( -0.2500000000000000000, -0.2025000000000000133, 0.05000000000000000278 ) ) ;
#1271 = SURFACE_STYLE_FILL_AREA ( #715 ) ;
#1272 = ORIENTED_EDGE ( 'NONE', *, *, #1945, .F. ) ;
#1273 = CYLINDRICAL_SURFACE ( 'NONE', #899, 0.03999999999999999389 ) ;
#1274 = VERTEX_POINT ( 'NONE', #26 ) ;
#1275 = PLANE ( 'NONE',  #132 ) ;
#1276 = CARTESIAN_POINT ( 'NONE',  ( -0.7600000000000002309, 0.1600000000000000033, -0.3599999999999999867 ) ) ;
#1277 = SURFACE_STYLE_USAGE ( .BOTH. , #913 ) ;
#1278 = AXIS2_PLACEMENT_3D ( 'NONE', #194, #919, #1471 ) ;
#1279 = VERTEX_POINT ( 'NONE', #950 ) ;
#1280 = SURFACE_STYLE_FILL_AREA ( #239 ) ;
#1281 = AXIS2_PLACEMENT_3D ( 'NONE', #1517, #1908, #1686 ) ;
#1282 = PLANE ( 'NONE',  #94 ) ;
#1283 = VECTOR ( 'NONE', #1912, 1000.000000000000000 ) ;
#1284 = MECHANICAL_DESIGN_GEOMETRIC_PRESENTATION_REPRESENTATION (  '', ( #1431 ), #759 ) ;
#1285 = ADVANCED_FACE ( 'NONE', ( #1814 ), #1664, .T. ) ;
#1286 = ORIENTED_EDGE ( 'NONE', *, *, #1497, .F. ) ;
#1287 = SURFACE_STYLE_USAGE ( .BOTH. , #741 ) ;
#1288 =( LENGTH_UNIT ( ) NAMED_UNIT ( * ) SI_UNIT ( .MILLI., .METRE. ) );
#1289 = PRESENTATION_STYLE_ASSIGNMENT (( #1277 ) ) ;
#1290 = EDGE_LOOP ( 'NONE', ( #480, #2328, #2286, #1268 ) ) ;
#1291 = ORIENTED_EDGE ( 'NONE', *, *, #1345, .F. ) ;
#1292 = COLOUR_RGB ( '',0.3176470588235293935, 0.2470588235294117752, 0.2078431372549019440 ) ;
#1293 = ADVANCED_FACE ( 'NONE', ( #1850 ), #1652, .T. ) ;
#1294 = CARTESIAN_POINT ( 'NONE',  ( 0.6519885608938982280, -0.1975000000000000089, -0.3150000000000001132 ) ) ;
#1295 = DIRECTION ( 'NONE',  ( 1.000000000000000000, 0.000000000000000000, 0.000000000000000000 ) ) ;
#1296 = ORIENTED_EDGE ( 'NONE', *, *, #874, .T. ) ;
#1297 = FILL_AREA_STYLE_COLOUR ( '', #1253 ) ;
#1298 =( LENGTH_UNIT ( ) NAMED_UNIT ( * ) SI_UNIT ( .MILLI., .METRE. ) );
#1299 = ORIENTED_EDGE ( 'NONE', *, *, #1341, .T. ) ;
#1300 = CARTESIAN_POINT ( 'NONE',  ( -0.2500000000000000000, -0.1975000000000000089, -0.3150000000000002798 ) ) ;
#1301 = ORIENTED_EDGE ( 'NONE', *, *, #2034, .T. ) ;
#1302 = SURFACE_SIDE_STYLE ('',( #2199 ) ) ;
#1303 = SURFACE_STYLE_USAGE ( .BOTH. , #590 ) ;
#1304 = EDGE_CURVE ( 'NONE', #1508, #1830, #209, .T. ) ;
#1305 = PRESENTATION_STYLE_ASSIGNMENT (( #53 ) ) ;
#1306 = ADVANCED_FACE ( 'NONE', ( #1476 ), #1833, .F. ) ;
#1307 =( LENGTH_UNIT ( ) NAMED_UNIT ( * ) SI_UNIT ( .MILLI., .METRE. ) );
#1308 = DIRECTION ( 'NONE',  ( -1.000000000000000000, -0.000000000000000000, 2.521400401129079689E-16 ) ) ;
#1309 = UNCERTAINTY_MEASURE_WITH_UNIT (LENGTH_MEASURE( 1.000000000000000082E-05 ), #414, 'distance_accuracy_value', 'NONE');
#1310 = FILL_AREA_STYLE_COLOUR ( '', #1936 ) ;
#1311 = MECHANICAL_DESIGN_GEOMETRIC_PRESENTATION_REPRESENTATION (  '', ( #1464 ), #289 ) ;
#1312 = VECTOR ( 'NONE', #1450, 1000.000000000000000 ) ;
#1313 = CARTESIAN_POINT ( 'NONE',  ( -0.7600000000000002309, 0.2000000000000000111, 0.3600000000000000977 ) ) ;
#1314 = ORIENTED_EDGE ( 'NONE', *, *, #366, .T. ) ;
#1315 = STYLED_ITEM ( 'NONE', ( #1518 ), #1575 ) ;
#1316 = MECHANICAL_DESIGN_GEOMETRIC_PRESENTATION_REPRESENTATION (  '', ( #1920 ), #297 ) ;
#1317 = CARTESIAN_POINT ( 'NONE',  ( 0.2500000000000001110, -0.1975000000000000089, -0.04999999999999994033 ) ) ;
#1318 = DIRECTION ( 'NONE',  ( 2.045664476387742783E-16, 0.000000000000000000, -1.000000000000000000 ) ) ;
#1319 =( GEOMETRIC_REPRESENTATION_CONTEXT ( 3 ) GLOBAL_UNCERTAINTY_ASSIGNED_CONTEXT ( ( #746 ) ) GLOBAL_UNIT_ASSIGNED_CONTEXT ( ( #536, #27, #1258 ) ) REPRESENTATION_CONTEXT ( 'NONE', 'WORKASPACE' ) );
#1320 = VECTOR ( 'NONE', #2032, 1000.000000000000000 ) ;
#1321 = CARTESIAN_POINT ( 'NONE',  ( 0.000000000000000000, -0.2025000000000000133, 0.000000000000000000 ) ) ;
#1322 = VERTEX_POINT ( 'NONE', #805 ) ;
#1323 = EDGE_CURVE ( 'NONE', #2166, #1501, #1336, .T. ) ;
#1324 = FILL_AREA_STYLE ('',( #1171 ) ) ;
#1325 = ORIENTED_EDGE ( 'NONE', *, *, #503, .T. ) ;
#1326 =( NAMED_UNIT ( * ) SI_UNIT ( $, .STERADIAN. ) SOLID_ANGLE_UNIT ( ) );
#1327 = CARTESIAN_POINT ( 'NONE',  ( 0.000000000000000000, 0.1990000000000000102, 0.000000000000000000 ) ) ;
#1328 = ORIENTED_EDGE ( 'NONE', *, *, #1561, .F. ) ;
#1329 = CARTESIAN_POINT ( 'NONE',  ( -0.6519885608938986721, -0.2025000000000000133, 0.3149999999999998912 ) ) ;
#1330 = SURFACE_SIDE_STYLE ('',( #1338 ) ) ;
#1331 = SPHERICAL_SURFACE ( 'NONE', #1190, 0.04000000000000000083 ) ;
#1332 = DIRECTION ( 'NONE',  ( 1.000000000000000000, -0.000000000000000000, 2.710505431213760099E-16 ) ) ;
#1333 = ADVANCED_FACE ( 'NONE', ( #1538 ), #2081, .T. ) ;
#1334 = SURFACE_SIDE_STYLE ('',( #619 ) ) ;
#1335 = ORIENTED_EDGE ( 'NONE', *, *, #97, .F. ) ;
#1336 = LINE ( 'NONE', #980, #1163 ) ;
#1337 = DIRECTION ( 'NONE',  ( -2.521400401129080182E-16, 0.000000000000000000, -1.000000000000000000 ) ) ;
#1338 = SURFACE_STYLE_FILL_AREA ( #1373 ) ;
#1339 = FACE_OUTER_BOUND ( 'NONE', #2266, .T. ) ;
#1340 = CARTESIAN_POINT ( 'NONE',  ( 0.7599999999999998979, 0.1600000000000000033, -0.3999999999999999667 ) ) ;
#1341 = EDGE_CURVE ( 'NONE', #1974, #1478, #416, .T. ) ;
#1342 =( NAMED_UNIT ( * ) PLANE_ANGLE_UNIT ( ) SI_UNIT ( $, .RADIAN. ) );
#1343 = ORIENTED_EDGE ( 'NONE', *, *, #567, .F. ) ;
#1344 = STYLED_ITEM ( 'NONE', ( #1368 ), #934 ) ;
#1345 = EDGE_CURVE ( 'NONE', #559, #1671, #104, .T. ) ;
#1346 = LINE ( 'NONE', #1140, #1928 ) ;
#1347 =( NAMED_UNIT ( * ) PLANE_ANGLE_UNIT ( ) SI_UNIT ( $, .RADIAN. ) );
#1348 = CARTESIAN_POINT ( 'NONE',  ( -0.7600000000000002309, -0.1600000000000000033, 0.3600000000000000977 ) ) ;
#1349 = PRESENTATION_LAYER_ASSIGNMENT (  '', '', ( #1427 ) ) ;
#1350 = MECHANICAL_DESIGN_GEOMETRIC_PRESENTATION_REPRESENTATION (  '', ( #2148 ), #1964 ) ;
#1351 = DIRECTION ( 'NONE',  ( -1.000000000000000000, 0.000000000000000000, 2.521400401129080182E-16 ) ) ;
#1352 =( GEOMETRIC_REPRESENTATION_CONTEXT ( 3 ) GLOBAL_UNCERTAINTY_ASSIGNED_CONTEXT ( ( #2183 ) ) GLOBAL_UNIT_ASSIGNED_CONTEXT ( ( #1216, #2109, #699 ) ) REPRESENTATION_CONTEXT ( 'NONE', 'WORKASPACE' ) );
#1353 =( NAMED_UNIT ( * ) PLANE_ANGLE_UNIT ( ) SI_UNIT ( $, .RADIAN. ) );
#1354 = AXIS2_PLACEMENT_3D ( 'NONE', #1321, #2051, #427 ) ;
#1355 = DIRECTION ( 'NONE',  ( 1.000000000000000000, 0.000000000000000000, 0.000000000000000000 ) ) ;
#1356 = DIRECTION ( 'NONE',  ( -1.000000000000000000, 0.000000000000000000, 0.000000000000000000 ) ) ;
#1357 = VECTOR ( 'NONE', #659, 1000.000000000000000 ) ;
#1358 = STYLED_ITEM ( 'NONE', ( #51 ), #1712 ) ;
#1359 = FACE_OUTER_BOUND ( 'NONE', #1034, .T. ) ;
#1360 = CARTESIAN_POINT ( 'NONE',  ( 0.2500000000000001110, -0.2025000000000000133, 0.05000000000000006523 ) ) ;
#1361 = CLOSED_SHELL ( 'NONE', ( #513, #2054, #910, #1210, #890, #1038 ) ) ;
#1362 = VERTEX_POINT ( 'NONE', #1023 ) ;
#1363 = DIRECTION ( 'NONE',  ( -0.000000000000000000, 1.000000000000000000, -0.000000000000000000 ) ) ;
#1364 = EDGE_CURVE ( 'NONE', #1974, #87, #720, .T. ) ;
#1365 =( LENGTH_UNIT ( ) NAMED_UNIT ( * ) SI_UNIT ( .MILLI., .METRE. ) );
#1366 = CARTESIAN_POINT ( 'NONE',  ( -0.6519885608938986721, -0.2025000000000000133, 0.3149999999999998912 ) ) ;
#1367 = CARTESIAN_POINT ( 'NONE',  ( 0.2500000000000002220, -0.2025000000000000133, -0.3150000000000002243 ) ) ;
#1368 = PRESENTATION_STYLE_ASSIGNMENT (( #651 ) ) ;
#1369 = VERTEX_POINT ( 'NONE', #1415 ) ;
#1370 = CARTESIAN_POINT ( 'NONE',  ( -0.4369885608938986477, -0.2025000000000000133, 0.3149999999999998357 ) ) ;
#1371 = EDGE_CURVE ( 'NONE', #295, #1369, #1931, .T. ) ;
#1372 =( NAMED_UNIT ( * ) SI_UNIT ( $, .STERADIAN. ) SOLID_ANGLE_UNIT ( ) );
#1373 = FILL_AREA_STYLE ('',( #483 ) ) ;
#1374 = DIRECTION ( 'NONE',  ( 0.000000000000000000, 1.000000000000000000, 0.000000000000000000 ) ) ;
#1375 = FACE_OUTER_BOUND ( 'NONE', #599, .T. ) ;
#1376 = ADVANCED_FACE ( 'NONE', ( #1251 ), #1395, .F. ) ;
#1377 =( LENGTH_UNIT ( ) NAMED_UNIT ( * ) SI_UNIT ( .MILLI., .METRE. ) );
#1378 = PRESENTATION_LAYER_ASSIGNMENT (  '', '', ( #1498 ) ) ;
#1379 = DIRECTION ( 'NONE',  ( -1.000000000000000000, 0.000000000000000000, -0.000000000000000000 ) ) ;
#1380 = ORIENTED_EDGE ( 'NONE', *, *, #1670, .F. ) ;
#1381 = CARTESIAN_POINT ( 'NONE',  ( 0.7599999999999997868, -0.1600000000000000033, 0.4000000000000000777 ) ) ;
#1382 = ORIENTED_EDGE ( 'NONE', *, *, #1981, .F. ) ;
#1383 = VECTOR ( 'NONE', #1528, 1000.000000000000000 ) ;
#1384 = VECTOR ( 'NONE', #923, 1000.000000000000000 ) ;
#1385 = CARTESIAN_POINT ( 'NONE',  ( 0.7999999999999998224, 0.2000000000000000111, -0.3599999999999999867 ) ) ;
#1386 =( LENGTH_UNIT ( ) NAMED_UNIT ( * ) SI_UNIT ( .MILLI., .METRE. ) );
#1387 =( LENGTH_UNIT ( ) NAMED_UNIT ( * ) SI_UNIT ( .MILLI., .METRE. ) );
#1388 = VECTOR ( 'NONE', #2022, 1000.000000000000000 ) ;
#1389 = CARTESIAN_POINT ( 'NONE',  ( -0.8000000000000002665, -0.1600000000000000033, 0.3600000000000000977 ) ) ;
#1390 = EDGE_LOOP ( 'NONE', ( #938, #388, #679 ) ) ;
#1391 = PRESENTATION_LAYER_ASSIGNMENT (  '', '', ( #454 ) ) ;
#1392 = EDGE_CURVE ( 'NONE', #991, #908, #206, .T. ) ;
#1393 = AXIS2_PLACEMENT_3D ( 'NONE', #862, #876, #1593 ) ;
#1394 = CARTESIAN_POINT ( 'NONE',  ( 0.000000000000000000, -0.1975000000000000089, 0.000000000000000000 ) ) ;
#1395 = PLANE ( 'NONE',  #1804 ) ;
#1396 = ORIENTED_EDGE ( 'NONE', *, *, #924, .F. ) ;
#1397 = CARTESIAN_POINT ( 'NONE',  ( -0.8000000000000002665, -0.1600000000000000033, -0.3999999999999999667 ) ) ;
#1398 = ORIENTED_EDGE ( 'NONE', *, *, #371, .F. ) ;
#1399 = DIRECTION ( 'NONE',  ( -0.000000000000000000, 1.000000000000000000, 0.000000000000000000 ) ) ;
#1400 = UNCERTAINTY_MEASURE_WITH_UNIT (LENGTH_MEASURE( 1.000000000000000082E-05 ), #1525, 'distance_accuracy_value', 'NONE');
#1401 = PRESENTATION_LAYER_ASSIGNMENT (  '', '', ( #839 ) ) ;
#1402 = DIRECTION ( 'NONE',  ( 1.000000000000000000, 0.000000000000000000, 0.000000000000000000 ) ) ;
#1403 = ADVANCED_FACE ( 'NONE', ( #1626 ), #1790, .F. ) ;
#1404 = ORIENTED_EDGE ( 'NONE', *, *, #1696, .F. ) ;
#1405 = DIRECTION ( 'NONE',  ( -1.000000000000000000, 0.000000000000000000, -0.000000000000000000 ) ) ;
#1406 = ORIENTED_EDGE ( 'NONE', *, *, #240, .F. ) ;
#1407 = DIRECTION ( 'NONE',  ( 0.000000000000000000, 0.000000000000000000, -1.000000000000000000 ) ) ;
#1408 = CARTESIAN_POINT ( 'NONE',  ( 0.000000000000000000, -0.1975000000000000089, 0.000000000000000000 ) ) ;
#1409 = LINE ( 'NONE', #501, #1233 ) ;
#1410 = CARTESIAN_POINT ( 'NONE',  ( 0.7599999999999997868, -0.1600000000000000033, 0.3600000000000000977 ) ) ;
#1411 = LINE ( 'NONE', #1447, #948 ) ;
#1412 = EDGE_LOOP ( 'NONE', ( #686, #1192, #1659, #353 ) ) ;
#1413 = SURFACE_STYLE_USAGE ( .BOTH. , #161 ) ;
#1414 = CARTESIAN_POINT ( 'NONE',  ( 0.05000000000000007910, -0.2025000000000000133, -0.04999999999999998890 ) ) ;
#1415 = CARTESIAN_POINT ( 'NONE',  ( 0.05000000000000014155, -0.1975000000000000089, -0.3150000000000002798 ) ) ;
#1416 = ORIENTED_EDGE ( 'NONE', *, *, #69, .F. ) ;
#1417 = PRESENTATION_LAYER_ASSIGNMENT (  '', '', ( #1829 ) ) ;
#1418 = VECTOR ( 'NONE', #322, 1000.000000000000000 ) ;
#1419 = PLANE ( 'NONE',  #781 ) ;
#1420 = ORIENTED_EDGE ( 'NONE', *, *, #310, .T. ) ;
#1421 = EDGE_CURVE ( 'NONE', #2028, #212, #2064, .T. ) ;
#1422 = AXIS2_PLACEMENT_3D ( 'NONE', #1327, #1183, #1906 ) ;
#1423 = LINE ( 'NONE', #2143, #1871 ) ;
#1424 = PLANE ( 'NONE',  #1127 ) ;
#1425 = CARTESIAN_POINT ( 'NONE',  ( 0.000000000000000000, 0.2000000000000000111, 0.3600000000000000977 ) ) ;
#1426 = SURFACE_STYLE_FILL_AREA ( #159 ) ;
#1427 = STYLED_ITEM ( 'NONE', ( #1260 ), #2054 ) ;
#1428 = UNCERTAINTY_MEASURE_WITH_UNIT (LENGTH_MEASURE( 1.000000000000000082E-05 ), #146, 'distance_accuracy_value', 'NONE');
#1429 = CIRCLE ( 'NONE', #905, 0.03999999999999999389 ) ;
#1430 = ORIENTED_EDGE ( 'NONE', *, *, #2277, .F. ) ;
#1431 = STYLED_ITEM ( 'NONE', ( #1699 ), #2141 ) ;
#1432 = VECTOR ( 'NONE', #307, 1000.000000000000000 ) ;
#1433 =( NAMED_UNIT ( * ) SI_UNIT ( $, .STERADIAN. ) SOLID_ANGLE_UNIT ( ) );
#1434 =( NAMED_UNIT ( * ) PLANE_ANGLE_UNIT ( ) SI_UNIT ( $, .RADIAN. ) );
#1435 = EDGE_LOOP ( 'NONE', ( #1824, #721, #1286, #1535 ) ) ;
#1436 = AXIS2_PLACEMENT_3D ( 'NONE', #2270, #1552, #1199 ) ;
#1437 =( GEOMETRIC_REPRESENTATION_CONTEXT ( 3 ) GLOBAL_UNCERTAINTY_ASSIGNED_CONTEXT ( ( #2007 ) ) GLOBAL_UNIT_ASSIGNED_CONTEXT ( ( #523, #541, #1433 ) ) REPRESENTATION_CONTEXT ( 'NONE', 'WORKASPACE' ) );
#1438 =( NAMED_UNIT ( * ) SI_UNIT ( $, .STERADIAN. ) SOLID_ANGLE_UNIT ( ) );
#1439 = ORIENTED_EDGE ( 'NONE', *, *, #1304, .F. ) ;
#1440 = ADVANCED_BREP_SHAPE_REPRESENTATION ( 'ANT161575ST-1202A1', ( #1532, #1520, #2299, #1523, #748, #888, #2285, #533 ), #2041 ) ;
#1441 = CLOSED_SHELL ( 'NONE', ( #958, #1050, #1812, #1788, #268, #802 ) ) ;
#1442 = DIRECTION ( 'NONE',  ( -0.000000000000000000, 1.000000000000000000, -0.000000000000000000 ) ) ;
#1443 = SURFACE_SIDE_STYLE ('',( #130 ) ) ;
#1444 = EDGE_CURVE ( 'NONE', #173, #2140, #825, .T. ) ;
#1445 = DIRECTION ( 'NONE',  ( -0.000000000000000000, 1.000000000000000000, -0.000000000000000000 ) ) ;
#1446 = CARTESIAN_POINT ( 'NONE',  ( 0.04999999999999999584, -0.2025000000000000133, 0.3150000000000002798 ) ) ;
#1447 = CARTESIAN_POINT ( 'NONE',  ( 0.2500000000000001110, -0.2025000000000000133, -0.04999999999999994033 ) ) ;
#1448 = ORIENTED_EDGE ( 'NONE', *, *, #1220, .T. ) ;
#1449 = FILL_AREA_STYLE_COLOUR ( '', #1887 ) ;
#1450 = DIRECTION ( 'NONE',  ( 1.000000000000000000, 0.000000000000000000, 0.000000000000000000 ) ) ;
#1451 = AXIS2_PLACEMENT_3D ( 'NONE', #92, #2063, #2102 ) ;
#1452 = ORIENTED_EDGE ( 'NONE', *, *, #6, .F. ) ;
#1453 = ORIENTED_EDGE ( 'NONE', *, *, #1994, .F. ) ;
#1454 = CARTESIAN_POINT ( 'NONE',  ( 0.4369885608938982036, -0.2025000000000000133, -0.3150000000000001132 ) ) ;
#1455 = EDGE_CURVE ( 'NONE', #1617, #1255, #1181, .T. ) ;
#1456 = SURFACE_STYLE_USAGE ( .BOTH. , #2035 ) ;
#1457 =( NAMED_UNIT ( * ) SI_UNIT ( $, .STERADIAN. ) SOLID_ANGLE_UNIT ( ) );
#1458 = EDGE_LOOP ( 'NONE', ( #803, #308, #1265, #1747 ) ) ;
#1459 = EDGE_CURVE ( 'NONE', #1791, #436, #1842, .T. ) ;
#1460 = ORIENTED_EDGE ( 'NONE', *, *, #1077, .T. ) ;
#1461 = ORIENTED_EDGE ( 'NONE', *, *, #1444, .T. ) ;
#1462 = DIRECTION ( 'NONE',  ( 0.000000000000000000, 0.000000000000000000, 1.000000000000000000 ) ) ;
#1463 = DIRECTION ( 'NONE',  ( 0.000000000000000000, 1.000000000000000000, 0.000000000000000000 ) ) ;
#1464 = STYLED_ITEM ( 'NONE', ( #86 ), #859 ) ;
#1465 = EDGE_LOOP ( 'NONE', ( #959, #2196, #745, #1623 ) ) ;
#1466 = COLOUR_RGB ( '',0.3176470588235293935, 0.2470588235294117752, 0.2078431372549019440 ) ;
#1467 = STYLED_ITEM ( 'NONE', ( #1496 ), #1210 ) ;
#1468 = EDGE_CURVE ( 'NONE', #2170, #665, #291, .T. ) ;
#1469 = ORIENTED_EDGE ( 'NONE', *, *, #472, .F. ) ;
#1470 =( GEOMETRIC_REPRESENTATION_CONTEXT ( 3 ) GLOBAL_UNCERTAINTY_ASSIGNED_CONTEXT ( ( #609 ) ) GLOBAL_UNIT_ASSIGNED_CONTEXT ( ( #170, #935, #1499 ) ) REPRESENTATION_CONTEXT ( 'NONE', 'WORKASPACE' ) );
#1471 = DIRECTION ( 'NONE',  ( 0.000000000000000000, 0.000000000000000000, -1.000000000000000000 ) ) ;
#1472 = ORIENTED_EDGE ( 'NONE', *, *, #200, .F. ) ;
#1473 = AXIS2_PLACEMENT_3D ( 'NONE', #1051, #2307, #147 ) ;
#1474 = MECHANICAL_DESIGN_GEOMETRIC_PRESENTATION_REPRESENTATION (  '', ( #66 ), #1808 ) ;
#1475 = FILL_AREA_STYLE_COLOUR ( '', #407 ) ;
#1476 = FACE_OUTER_BOUND ( 'NONE', #1078, .T. ) ;
#1477 =( NAMED_UNIT ( * ) SI_UNIT ( $, .STERADIAN. ) SOLID_ANGLE_UNIT ( ) );
#1478 = VERTEX_POINT ( 'NONE', #677 ) ;
#1479 = SURFACE_SIDE_STYLE ('',( #383 ) ) ;
#1480 = VERTEX_POINT ( 'NONE', #1570 ) ;
#1481 = ADVANCED_FACE ( 'NONE', ( #306 ), #1032, .F. ) ;
#1482 = DIRECTION ( 'NONE',  ( 1.000000000000000000, 0.000000000000000000, -0.000000000000000000 ) ) ;
#1483 = ORIENTED_EDGE ( 'NONE', *, *, #658, .F. ) ;
#1484 = PRESENTATION_LAYER_ASSIGNMENT (  '', '', ( #1775 ) ) ;
#1485 = DIRECTION ( 'NONE',  ( 1.000000000000000000, 0.000000000000000000, 0.000000000000000000 ) ) ;
#1486 = FILL_AREA_STYLE ('',( #1117 ) ) ;
#1487 = FACE_OUTER_BOUND ( 'NONE', #1780, .T. ) ;
#1488 = PLANE ( 'NONE',  #1354 ) ;
#1489 = LINE ( 'NONE', #1179, #422 ) ;
#1490 = DIRECTION ( 'NONE',  ( 0.000000000000000000, 0.000000000000000000, 1.000000000000000000 ) ) ;
#1491 = ORIENTED_EDGE ( 'NONE', *, *, #354, .T. ) ;
#1492 = DIRECTION ( 'NONE',  ( 1.000000000000000000, 0.000000000000000000, 0.000000000000000000 ) ) ;
#1493 = VERTEX_POINT ( 'NONE', #2124 ) ;
#1494 = CIRCLE ( 'NONE', #213, 0.03999999999999999389 ) ;
#1495 = LINE ( 'NONE', #963, #977 ) ;
#1496 = PRESENTATION_STYLE_ASSIGNMENT (( #2000 ) ) ;
#1497 = EDGE_CURVE ( 'NONE', #1255, #889, #1411, .T. ) ;
#1498 = STYLED_ITEM ( 'NONE', ( #672 ), #268 ) ;
#1499 =( NAMED_UNIT ( * ) SI_UNIT ( $, .STERADIAN. ) SOLID_ANGLE_UNIT ( ) );
#1500 = MECHANICAL_DESIGN_GEOMETRIC_PRESENTATION_REPRESENTATION (  '', ( #1008 ), #1831 ) ;
#1501 = VERTEX_POINT ( 'NONE', #1261 ) ;
#1502 = UNCERTAINTY_MEASURE_WITH_UNIT (LENGTH_MEASURE( 1.000000000000000082E-05 ), #882, 'distance_accuracy_value', 'NONE');
#1503 = MECHANICAL_DESIGN_GEOMETRIC_PRESENTATION_REPRESENTATION (  '', ( #940 ), #1996 ) ;
#1504 =( LENGTH_UNIT ( ) NAMED_UNIT ( * ) SI_UNIT ( .MILLI., .METRE. ) );
#1505 = CIRCLE ( 'NONE', #1156, 0.03999999999999999389 ) ;
#1506 = MECHANICAL_DESIGN_GEOMETRIC_PRESENTATION_REPRESENTATION (  '', ( #604 ), #1841 ) ;
#1507 = COLOUR_RGB ( '',0.3176470588235293935, 0.2470588235294117752, 0.2078431372549019440 ) ;
#1508 = VERTEX_POINT ( 'NONE', #520 ) ;
#1509 = STYLED_ITEM ( 'NONE', ( #437 ), #1050 ) ;
#1510 = AXIS2_PLACEMENT_3D ( 'NONE', #256, #1152, #2069 ) ;
#1511 = SURFACE_SIDE_STYLE ('',( #601 ) ) ;
#1512 = PRESENTATION_LAYER_ASSIGNMENT (  '', '', ( #186 ) ) ;
#1513 = SURFACE_STYLE_FILL_AREA ( #1665 ) ;
#1514 = STYLED_ITEM ( 'NONE', ( #1305 ), #2311 ) ;
#1515 = MECHANICAL_DESIGN_GEOMETRIC_PRESENTATION_REPRESENTATION (  '', ( #1768 ), #1437 ) ;
#1516 = EDGE_CURVE ( 'NONE', #596, #181, #1763, .T. ) ;
#1517 = CARTESIAN_POINT ( 'NONE',  ( 0.000000000000000000, -0.1975000000000000089, 0.000000000000000000 ) ) ;
#1518 = PRESENTATION_STYLE_ASSIGNMENT (( #593 ) ) ;
#1519 = ORIENTED_EDGE ( 'NONE', *, *, #389, .F. ) ;
#1520 = MANIFOLD_SOLID_BREP ( 'Boss-Extrude2[1]', #1851 ) ;
#1521 = FILL_AREA_STYLE ('',( #793 ) ) ;
#1522 = EDGE_LOOP ( 'NONE', ( #1226, #2026, #1009 ) ) ;
#1523 = MANIFOLD_SOLID_BREP ( 'Boss-Extrude2[3]', #1361 ) ;
#1524 = CARTESIAN_POINT ( 'NONE',  ( -0.6519885608938986721, -0.2025000000000000133, -0.3150000000000001132 ) ) ;
#1525 =( LENGTH_UNIT ( ) NAMED_UNIT ( * ) SI_UNIT ( .MILLI., .METRE. ) );
#1526 = ORIENTED_EDGE ( 'NONE', *, *, #1269, .F. ) ;
#1527 = PLANE ( 'NONE',  #718 ) ;
#1528 = DIRECTION ( 'NONE',  ( -1.000000000000000000, -0.000000000000000000, 0.000000000000000000 ) ) ;
#1529 = DIRECTION ( 'NONE',  ( 1.000000000000000000, 0.000000000000000000, 0.000000000000000000 ) ) ;
#1530 = LINE ( 'NONE', #247, #973 ) ;
#1531 = CARTESIAN_POINT ( 'NONE',  ( 0.000000000000000000, -0.1975000000000000089, 0.000000000000000000 ) ) ;
#1532 = MANIFOLD_SOLID_BREP ( 'Fillet1', #643 ) ;
#1533 = ADVANCED_FACE ( 'NONE', ( #915 ), #2203, .T. ) ;
#1534 = SURFACE_STYLE_USAGE ( .BOTH. , #1334 ) ;
#1535 = ORIENTED_EDGE ( 'NONE', *, *, #1237, .T. ) ;
#1536 = SURFACE_STYLE_FILL_AREA ( #1682 ) ;
#1537 = PRESENTATION_STYLE_ASSIGNMENT (( #1287 ) ) ;
#1538 = FACE_OUTER_BOUND ( 'NONE', #1522, .T. ) ;
#1539 = DIRECTION ( 'NONE',  ( 0.000000000000000000, 1.000000000000000000, 0.000000000000000000 ) ) ;
#1540 = VECTOR ( 'NONE', #325, 1000.000000000000000 ) ;
#1541 = CARTESIAN_POINT ( 'NONE',  ( -0.8000000000000002665, -0.1600000000000000033, 0.4000000000000000777 ) ) ;
#1542 = FILL_AREA_STYLE ('',( #824 ) ) ;
#1543 = ADVANCED_FACE ( 'NONE', ( #2320 ), #614, .F. ) ;
#1544 = CARTESIAN_POINT ( 'NONE',  ( 0.7999999999999998224, -0.1600000000000000033, 0.3600000000000000977 ) ) ;
#1545 = VERTEX_POINT ( 'NONE', #778 ) ;
#1546 = MECHANICAL_DESIGN_GEOMETRIC_PRESENTATION_REPRESENTATION (  '', ( #1427 ), #1470 ) ;
#1547 = FACE_OUTER_BOUND ( 'NONE', #783, .T. ) ;
#1548 = COLOUR_RGB ( '',0.3176470588235293935, 0.2470588235294117752, 0.2078431372549019440 ) ;
#1549 = COLOUR_RGB ( '',0.3176470588235293935, 0.2470588235294117752, 0.2078431372549019440 ) ;
#1550 = STYLED_ITEM ( 'NONE', ( #1772 ), #2158 ) ;
#1551 = DIRECTION ( 'NONE',  ( -0.000000000000000000, 1.000000000000000000, -0.000000000000000000 ) ) ;
#1552 = DIRECTION ( 'NONE',  ( 1.000000000000000000, 0.000000000000000000, 0.000000000000000000 ) ) ;
#1553 =( GEOMETRIC_REPRESENTATION_CONTEXT ( 3 ) GLOBAL_UNCERTAINTY_ASSIGNED_CONTEXT ( ( #860 ) ) GLOBAL_UNIT_ASSIGNED_CONTEXT ( ( #1307, #1709, #44 ) ) REPRESENTATION_CONTEXT ( 'NONE', 'WORKASPACE' ) );
#1554 = SURFACE_STYLE_USAGE ( .BOTH. , #845 ) ;
#1555 = MECHANICAL_DESIGN_GEOMETRIC_PRESENTATION_REPRESENTATION (  '', ( #1922 ), #909 ) ;
#1556 = UNCERTAINTY_MEASURE_WITH_UNIT (LENGTH_MEASURE( 1.000000000000000082E-05 ), #1387, 'distance_accuracy_value', 'NONE');
#1557 = PRESENTATION_LAYER_ASSIGNMENT (  '', '', ( #233 ) ) ;
#1558 = CARTESIAN_POINT ( 'NONE',  ( 0.05000000000000005135, -0.2025000000000000133, 0.05000000000000001665 ) ) ;
#1559 = SURFACE_SIDE_STYLE ('',( #1738 ) ) ;
#1560 = VERTEX_POINT ( 'NONE', #1702 ) ;
#1561 = EDGE_CURVE ( 'NONE', #641, #991, #1837, .T. ) ;
#1562 = DIRECTION ( 'NONE',  ( 0.000000000000000000, 0.000000000000000000, 1.000000000000000000 ) ) ;
#1563 = VERTEX_POINT ( 'NONE', #954 ) ;
#1564 = EDGE_CURVE ( 'NONE', #1635, #212, #1687, .T. ) ;
#1565 = FILL_AREA_STYLE ('',( #2060 ) ) ;
#1566 = LINE ( 'NONE', #1385, #1357 ) ;
#1567 = FACE_OUTER_BOUND ( 'NONE', #1390, .T. ) ;
#1568 = CARTESIAN_POINT ( 'NONE',  ( -0.2500000000000000000, -0.1975000000000000089, -0.05000000000000000278 ) ) ;
#1569 = SURFACE_STYLE_USAGE ( .BOTH. , #617 ) ;
#1570 = CARTESIAN_POINT ( 'NONE',  ( 0.6519885608938982280, -0.2025000000000000133, -0.3150000000000001132 ) ) ;
#1571 = ORIENTED_EDGE ( 'NONE', *, *, #2280, .F. ) ;
#1572 = DIRECTION ( 'NONE',  ( -0.000000000000000000, 1.000000000000000000, 0.000000000000000000 ) ) ;
#1573 = PLANE ( 'NONE',  #815 ) ;
#1574 = DIRECTION ( 'NONE',  ( -0.000000000000000000, 1.000000000000000000, -0.000000000000000000 ) ) ;
#1575 = ADVANCED_FACE ( 'NONE', ( #1339 ), #1488, .T. ) ;
#1576 = FACE_OUTER_BOUND ( 'NONE', #293, .T. ) ;
#1577 = CARTESIAN_POINT ( 'NONE',  ( -0.7600000000000002309, 0.1600000000000000033, 0.3600000000000000977 ) ) ;
#1578 = VECTOR ( 'NONE', #2094, 1000.000000000000000 ) ;
#1579 = VECTOR ( 'NONE', #2316, 1000.000000000000000 ) ;
#1580 = FACE_OUTER_BOUND ( 'NONE', #1412, .T. ) ;
#1581 = VERTEX_POINT ( 'NONE', #2061 ) ;
#1582 = AXIS2_PLACEMENT_3D ( 'NONE', #2187, #543, #358 ) ;
#1583 = FILL_AREA_STYLE_COLOUR ( '', #255 ) ;
#1584 = EDGE_LOOP ( 'NONE', ( #1112, #929, #1453, #318 ) ) ;
#1585 = VECTOR ( 'NONE', #2125, 1000.000000000000000 ) ;
#1586 = AXIS2_PLACEMENT_3D ( 'NONE', #881, #1049, #339 ) ;
#1587 = CARTESIAN_POINT ( 'NONE',  ( 0.6519885608938982280, -0.2025000000000000133, -0.3150000000000001132 ) ) ;
#1588 = LINE ( 'NONE', #547, #823 ) ;
#1589 = VECTOR ( 'NONE', #812, 1000.000000000000000 ) ;
#1590 = EDGE_CURVE ( 'NONE', #1545, #2291, #1153, .T. ) ;
#1591 = PRESENTATION_LAYER_ASSIGNMENT (  '', '', ( #1550 ) ) ;
#1592 = AXIS2_PLACEMENT_3D ( 'NONE', #1056, #2114, #1625 ) ;
#1593 = DIRECTION ( 'NONE',  ( -0.000000000000000000, 0.000000000000000000, 1.000000000000000000 ) ) ;
#1594 = CARTESIAN_POINT ( 'NONE',  ( -0.04999999999999996808, -0.2025000000000000133, -0.05000000000000000278 ) ) ;
#1595 = MECHANICAL_DESIGN_GEOMETRIC_PRESENTATION_REPRESENTATION (  '', ( #1315 ), #866 ) ;
#1596 = ORIENTED_EDGE ( 'NONE', *, *, #40, .T. ) ;
#1597 = DIRECTION ( 'NONE',  ( -0.000000000000000000, 1.000000000000000000, -0.000000000000000000 ) ) ;
#1598 = ORIENTED_EDGE ( 'NONE', *, *, #1062, .T. ) ;
#1599 = FILL_AREA_STYLE ('',( #670 ) ) ;
#1600 = PRESENTATION_STYLE_ASSIGNMENT (( #1554 ) ) ;
#1601 = CARTESIAN_POINT ( 'NONE',  ( -0.2500000000000000000, -0.2025000000000000133, -0.05000000000000000278 ) ) ;
#1602 = FACE_OUTER_BOUND ( 'NONE', #1934, .T. ) ;
#1603 = EDGE_CURVE ( 'NONE', #588, #955, #639, .T. ) ;
#1604 = ORIENTED_EDGE ( 'NONE', *, *, #97, .T. ) ;
#1605 = DIRECTION ( 'NONE',  ( -0.000000000000000000, 1.000000000000000000, -0.000000000000000000 ) ) ;
#1606 = ORIENTED_EDGE ( 'NONE', *, *, #1961, .F. ) ;
#1607 = CARTESIAN_POINT ( 'NONE',  ( -0.1533896934313948579, 0.1990000000000000102, 0.2269449850183808404 ) ) ;
#1608 = DIRECTION ( 'NONE',  ( -0.000000000000000000, 1.000000000000000000, 0.000000000000000000 ) ) ;
#1609 = DIRECTION ( 'NONE',  ( -0.000000000000000000, 1.000000000000000000, -0.000000000000000000 ) ) ;
#1610 =( LENGTH_UNIT ( ) NAMED_UNIT ( * ) SI_UNIT ( .MILLI., .METRE. ) );
#1611 = FILL_AREA_STYLE ('',( #1449 ) ) ;
#1612 = LINE ( 'NONE', #2324, #1312 ) ;
#1613 = ORIENTED_EDGE ( 'NONE', *, *, #1886, .F. ) ;
#1614 = ADVANCED_FACE ( 'NONE', ( #671 ), #475, .T. ) ;
#1615 = COLOUR_RGB ( '',0.3176470588235293935, 0.2470588235294117752, 0.2078431372549019440 ) ;
#1616 =( LENGTH_UNIT ( ) NAMED_UNIT ( * ) SI_UNIT ( .MILLI., .METRE. ) );
#1617 = VERTEX_POINT ( 'NONE', #110 ) ;
#1618 = MECHANICAL_DESIGN_GEOMETRIC_PRESENTATION_REPRESENTATION (  '', ( #50 ), #1914 ) ;
#1619 = CARTESIAN_POINT ( 'NONE',  ( -0.6413662620084636945, 0.1990000000000000102, 0.2269449850183808404 ) ) ;
#1620 = FACE_OUTER_BOUND ( 'NONE', #2322, .T. ) ;
#1621 = AXIS2_PLACEMENT_3D ( 'NONE', #241, #1714, #814 ) ;
#1622 = SURFACE_SIDE_STYLE ('',( #2001 ) ) ;
#1623 = ORIENTED_EDGE ( 'NONE', *, *, #1421, .T. ) ;
#1624 = MECHANICAL_DESIGN_GEOMETRIC_PRESENTATION_REPRESENTATION (  '', ( #1248 ), #528 ) ;
#1625 = DIRECTION ( 'NONE',  ( 1.000000000000000000, 0.000000000000000000, 0.000000000000000000 ) ) ;
#1626 = FACE_OUTER_BOUND ( 'NONE', #2254, .T. ) ;
#1627 = VECTOR ( 'NONE', #1925, 1000.000000000000000 ) ;
#1628 = FACE_OUTER_BOUND ( 'NONE', #834, .T. ) ;
#1629 = ORIENTED_EDGE ( 'NONE', *, *, #2127, .T. ) ;
#1630 = ADVANCED_FACE ( 'NONE', ( #1567 ), #892, .T. ) ;
#1631 = SURFACE_STYLE_USAGE ( .BOTH. , #1302 ) ;
#1632 = CARTESIAN_POINT ( 'NONE',  ( 0.2500000000000001110, -0.2025000000000000133, -0.04999999999999994033 ) ) ;
#1633 = CYLINDRICAL_SURFACE ( 'NONE', #1169, 0.03999999999999999389 ) ;
#1634 = EDGE_CURVE ( 'NONE', #1715, #1545, #837, .T. ) ;
#1635 = VERTEX_POINT ( 'NONE', #1256 ) ;
#1636 =( NAMED_UNIT ( * ) SI_UNIT ( $, .STERADIAN. ) SOLID_ANGLE_UNIT ( ) );
#1637 = PRESENTATION_STYLE_ASSIGNMENT (( #1 ) ) ;
#1638 = ORIENTED_EDGE ( 'NONE', *, *, #765, .F. ) ;
#1639 = PRESENTATION_STYLE_ASSIGNMENT (( #335 ) ) ;
#1640 = VERTEX_POINT ( 'NONE', #660 ) ;
#1641 = EDGE_CURVE ( 'NONE', #1759, #1650, #80, .T. ) ;
#1642 = CARTESIAN_POINT ( 'NONE',  ( 0.7599999999999998979, -0.1600000000000000033, -0.3999999999999999667 ) ) ;
#1643 = EDGE_CURVE ( 'NONE', #2291, #1560, #1745, .T. ) ;
#1644 = LINE ( 'NONE', #1836, #99 ) ;
#1645 = DIRECTION ( 'NONE',  ( -1.000000000000000000, 0.000000000000000000, 0.000000000000000000 ) ) ;
#1646 = ORIENTED_EDGE ( 'NONE', *, *, #2147, .F. ) ;
#1647 =( LENGTH_UNIT ( ) NAMED_UNIT ( * ) SI_UNIT ( .MILLI., .METRE. ) );
#1648 = ORIENTED_EDGE ( 'NONE', *, *, #178, .T. ) ;
#1649 = DIRECTION ( 'NONE',  ( -0.000000000000000000, -0.000000000000000000, -1.000000000000000000 ) ) ;
#1650 = VERTEX_POINT ( 'NONE', #465 ) ;
#1651 = CARTESIAN_POINT ( 'NONE',  ( -0.04999999999999996808, -0.2025000000000000133, -0.05000000000000000278 ) ) ;
#1652 = CYLINDRICAL_SURFACE ( 'NONE', #334, 0.03999999999999999389 ) ;
#1653 = VECTOR ( 'NONE', #2080, 1000.000000000000000 ) ;
#1654 = ORIENTED_EDGE ( 'NONE', *, *, #1468, .F. ) ;
#1655 = EDGE_CURVE ( 'NONE', #563, #1673, #648, .T. ) ;
#1656 = DIRECTION ( 'NONE',  ( 1.000000000000000000, 0.000000000000000000, -0.000000000000000000 ) ) ;
#1657 = VECTOR ( 'NONE', #757, 1000.000000000000000 ) ;
#1658 = CARTESIAN_POINT ( 'NONE',  ( 0.4369885608938982036, -0.2025000000000000133, -0.3150000000000001132 ) ) ;
#1659 = ORIENTED_EDGE ( 'NONE', *, *, #1634, .F. ) ;
#1660 = DIRECTION ( 'NONE',  ( -2.710505431213761479E-15, 1.000000000000000000, 0.000000000000000000 ) ) ;
#1661 = VECTOR ( 'NONE', #258, 1000.000000000000000 ) ;
#1662 = ORIENTED_EDGE ( 'NONE', *, *, #1655, .F. ) ;
#1663 = CARTESIAN_POINT ( 'NONE',  ( -0.7600000000000002309, 0.2000000000000000111, 0.000000000000000000 ) ) ;
#1664 = SPHERICAL_SURFACE ( 'NONE', #947, 0.04000000000000000083 ) ;
#1665 = FILL_AREA_STYLE ('',( #2201 ) ) ;
#1666 = FILL_AREA_STYLE ('',( #402 ) ) ;
#1667 = SURFACE_SIDE_STYLE ('',( #1134 ) ) ;
#1668 = LINE ( 'NONE', #2086, #831 ) ;
#1669 = SURFACE_STYLE_FILL_AREA ( #957 ) ;
#1670 = EDGE_CURVE ( 'NONE', #2301, #596, #2046, .T. ) ;
#1671 = VERTEX_POINT ( 'NONE', #809 ) ;
#1672 = ADVANCED_FACE ( 'NONE', ( #2246 ), #1720, .F. ) ;
#1673 = VERTEX_POINT ( 'NONE', #265 ) ;
#1674 =( LENGTH_UNIT ( ) NAMED_UNIT ( * ) SI_UNIT ( .MILLI., .METRE. ) );
#1675 = CARTESIAN_POINT ( 'NONE',  ( 0.2500000000000001110, -0.2025000000000000133, -0.04999999999999994033 ) ) ;
#1676 = FACE_OUTER_BOUND ( 'NONE', #1095, .T. ) ;
#1677 = CARTESIAN_POINT ( 'NONE',  ( -0.7600000000000002309, -0.1600000000000000033, -0.3599999999999999867 ) ) ;
#1678 = SURFACE_STYLE_USAGE ( .BOTH. , #595 ) ;
#1679 =( LENGTH_UNIT ( ) NAMED_UNIT ( * ) SI_UNIT ( .MILLI., .METRE. ) );
#1680 = ORIENTED_EDGE ( 'NONE', *, *, #400, .T. ) ;
#1681 = EDGE_CURVE ( 'NONE', #166, #2241, #409, .T. ) ;
#1682 = FILL_AREA_STYLE ('',( #962 ) ) ;
#1683 = CIRCLE ( 'NONE', #1045, 0.03999999999999999389 ) ;
#1684 =( NAMED_UNIT ( * ) SI_UNIT ( $, .STERADIAN. ) SOLID_ANGLE_UNIT ( ) );
#1685 = DIRECTION ( 'NONE',  ( 0.000000000000000000, 0.000000000000000000, -1.000000000000000000 ) ) ;
#1686 = DIRECTION ( 'NONE',  ( 0.000000000000000000, -0.000000000000000000, -1.000000000000000000 ) ) ;
#1687 = LINE ( 'NONE', #2214, #2044 ) ;
#1688 = DIRECTION ( 'NONE',  ( -0.000000000000000000, -1.000000000000000000, 0.000000000000000000 ) ) ;
#1689 = PRESENTATION_STYLE_ASSIGNMENT (( #1569 ) ) ;
#1690 = PRESENTATION_LAYER_ASSIGNMENT (  '', '', ( #1958 ) ) ;
#1691 = VECTOR ( 'NONE', #1551, 1000.000000000000000 ) ;
#1692 = CARTESIAN_POINT ( 'NONE',  ( 0.05000000000000007910, -0.2025000000000000133, -0.04999999999999998890 ) ) ;
#1693 = ORIENTED_EDGE ( 'NONE', *, *, #200, .T. ) ;
#1694 = VECTOR ( 'NONE', #983, 1000.000000000000000 ) ;
#1695 = FACE_OUTER_BOUND ( 'NONE', #2059, .T. ) ;
#1696 = EDGE_CURVE ( 'NONE', #1759, #1493, #1346, .T. ) ;
#1697 = ORIENTED_EDGE ( 'NONE', *, *, #131, .T. ) ;
#1698 = AXIS2_PLACEMENT_3D ( 'NONE', #690, #703, #1088 ) ;
#1699 = PRESENTATION_STYLE_ASSIGNMENT (( #1888 ) ) ;
#1700 = VECTOR ( 'NONE', #1891, 1000.000000000000000 ) ;
#1701 = ADVANCED_FACE ( 'NONE', ( #1858 ), #2047, .F. ) ;
#1702 = CARTESIAN_POINT ( 'NONE',  ( -0.2500000000000000000, -0.2025000000000000133, 0.3150000000000002798 ) ) ;
#1703 = LINE ( 'NONE', #1541, #1700 ) ;
#1704 = FACE_OUTER_BOUND ( 'NONE', #764, .T. ) ;
#1705 =( NAMED_UNIT ( * ) PLANE_ANGLE_UNIT ( ) SI_UNIT ( $, .RADIAN. ) );
#1706 = ORIENTED_EDGE ( 'NONE', *, *, #1929, .T. ) ;
#1707 = FILL_AREA_STYLE ('',( #818 ) ) ;
#1708 = VECTOR ( 'NONE', #1203, 1000.000000000000000 ) ;
#1709 =( NAMED_UNIT ( * ) PLANE_ANGLE_UNIT ( ) SI_UNIT ( $, .RADIAN. ) );
#1710 = CARTESIAN_POINT ( 'NONE',  ( -0.4369885608938986477, -0.2025000000000000133, -0.3150000000000001132 ) ) ;
#1711 = UNCERTAINTY_MEASURE_WITH_UNIT (LENGTH_MEASURE( 1.000000000000000082E-05 ), #1242, 'distance_accuracy_value', 'NONE');
#1712 = ADVANCED_FACE ( 'NONE', ( #970 ), #1160, .F. ) ;
#1713 = DIRECTION ( 'NONE',  ( 2.521400401129080182E-16, 0.000000000000000000, -1.000000000000000000 ) ) ;
#1714 = DIRECTION ( 'NONE',  ( -1.000000000000000000, 0.000000000000000000, -4.091328952775485565E-16 ) ) ;
#1715 = VERTEX_POINT ( 'NONE', #1270 ) ;
#1716 = DIRECTION ( 'NONE',  ( 0.000000000000000000, -1.000000000000000000, 0.000000000000000000 ) ) ;
#1717 = DIRECTION ( 'NONE',  ( 0.000000000000000000, 0.000000000000000000, -1.000000000000000000 ) ) ;
#1718 =( NAMED_UNIT ( * ) SI_UNIT ( $, .STERADIAN. ) SOLID_ANGLE_UNIT ( ) );
#1719 = LINE ( 'NONE', #474, #1691 ) ;
#1720 = PLANE ( 'NONE',  #148 ) ;
#1721 = EDGE_CURVE ( 'NONE', #212, #1770, #681, .T. ) ;
#1722 = VECTOR ( 'NONE', #1174, 1000.000000000000000 ) ;
#1723 = PLANE ( 'NONE',  #331 ) ;
#1724 = DIRECTION ( 'NONE',  ( 1.000000000000000000, 0.000000000000000000, 0.000000000000000000 ) ) ;
#1725 = EDGE_CURVE ( 'NONE', #2028, #1057, #1992, .T. ) ;
#1726 = ORIENTED_EDGE ( 'NONE', *, *, #1516, .F. ) ;
#1727 =( GEOMETRIC_REPRESENTATION_CONTEXT ( 3 ) GLOBAL_UNCERTAINTY_ASSIGNED_CONTEXT ( ( #2161 ) ) GLOBAL_UNIT_ASSIGNED_CONTEXT ( ( #917, #1434, #1993 ) ) REPRESENTATION_CONTEXT ( 'NONE', 'WORKASPACE' ) );
#1728 = COLOUR_RGB ( '',0.3176470588235293935, 0.2470588235294117752, 0.2078431372549019440 ) ;
#1729 = SPHERICAL_SURFACE ( 'NONE', #25, 0.04000000000000000083 ) ;
#1730 = STYLED_ITEM ( 'NONE', ( #2033 ), #1306 ) ;
#1731 = EDGE_LOOP ( 'NONE', ( #2019, #652, #2175, #891 ) ) ;
#1732 = LINE ( 'NONE', #807, #1694 ) ;
#1733 = CARTESIAN_POINT ( 'NONE',  ( 0.7599999999999998979, 0.2000000000000000111, -0.3999999999999999667 ) ) ;
#1734 = CARTESIAN_POINT ( 'NONE',  ( -0.7600000000000002309, 0.1600000000000000033, -0.3599999999999999867 ) ) ;
#1735 =( NAMED_UNIT ( * ) SI_UNIT ( $, .STERADIAN. ) SOLID_ANGLE_UNIT ( ) );
#1736 = CARTESIAN_POINT ( 'NONE',  ( 0.6519885608938982280, -0.1975000000000000089, 0.3149999999999998912 ) ) ;
#1737 = DIRECTION ( 'NONE',  ( -0.000000000000000000, -0.000000000000000000, 1.000000000000000000 ) ) ;
#1738 = SURFACE_STYLE_FILL_AREA ( #1930 ) ;
#1739 = ORIENTED_EDGE ( 'NONE', *, *, #2229, .T. ) ;
#1740 = EDGE_CURVE ( 'NONE', #1501, #1478, #365, .T. ) ;
#1741 = CARTESIAN_POINT ( 'NONE',  ( -0.2500000000000000000, -0.1975000000000000089, 0.05000000000000000278 ) ) ;
#1742 = LINE ( 'NONE', #870, #1911 ) ;
#1743 = VECTOR ( 'NONE', #2261, 1000.000000000000000 ) ;
#1744 = CARTESIAN_POINT ( 'NONE',  ( -0.4369885608938986477, -0.1975000000000000089, -0.3150000000000001132 ) ) ;
#1745 = LINE ( 'NONE', #287, #300 ) ;
#1746 = DIRECTION ( 'NONE',  ( 1.000000000000000000, 0.000000000000000000, 0.000000000000000000 ) ) ;
#1747 = ORIENTED_EDGE ( 'NONE', *, *, #54, .F. ) ;
#1748 = DIRECTION ( 'NONE',  ( -1.000000000000000000, 0.000000000000000000, 0.000000000000000000 ) ) ;
#1749 = ORIENTED_EDGE ( 'NONE', *, *, #2186, .F. ) ;
#1750 = ADVANCED_FACE ( 'NONE', ( #1755 ), #1230, .F. ) ;
#1751 = CARTESIAN_POINT ( 'NONE',  ( 0.2500000000000001110, -0.1975000000000000089, -0.04999999999999994033 ) ) ;
#1752 =( NAMED_UNIT ( * ) PLANE_ANGLE_UNIT ( ) SI_UNIT ( $, .RADIAN. ) );
#1753 = UNCERTAINTY_MEASURE_WITH_UNIT (LENGTH_MEASURE( 1.000000000000000082E-05 ), #1610, 'distance_accuracy_value', 'NONE');
#1754 =( GEOMETRIC_REPRESENTATION_CONTEXT ( 3 ) GLOBAL_UNCERTAINTY_ASSIGNED_CONTEXT ( ( #1711 ) ) GLOBAL_UNIT_ASSIGNED_CONTEXT ( ( #1242, #1200, #2100 ) ) REPRESENTATION_CONTEXT ( 'NONE', 'WORKASPACE' ) );
#1755 = FACE_OUTER_BOUND ( 'NONE', #1090, .T. ) ;
#1756 = DIRECTION ( 'NONE',  ( 0.000000000000000000, -0.000000000000000000, -1.000000000000000000 ) ) ;
#1757 = ORIENTED_EDGE ( 'NONE', *, *, #606, .F. ) ;
#1758 = FACE_OUTER_BOUND ( 'NONE', #524, .T. ) ;
#1759 = VERTEX_POINT ( 'NONE', #2297 ) ;
#1760 = PRESENTATION_LAYER_ASSIGNMENT (  '', '', ( #1509 ) ) ;
#1761 = LINE ( 'NONE', #1040, #1802 ) ;
#1762 = FILL_AREA_STYLE ('',( #1228 ) ) ;
#1763 = CIRCLE ( 'NONE', #2181, 0.03999999999999999389 ) ;
#1764 = ADVANCED_FACE ( 'NONE', ( #1602 ), #330, .T. ) ;
#1765 = LINE ( 'NONE', #1446, #921 ) ;
#1766 = MECHANICAL_DESIGN_GEOMETRIC_PRESENTATION_REPRESENTATION (  '', ( #1809 ), #1553 ) ;
#1767 = VERTEX_POINT ( 'NONE', #2310 ) ;
#1768 = STYLED_ITEM ( 'NONE', ( #885 ), #1788 ) ;
#1769 = VERTEX_POINT ( 'NONE', #1939 ) ;
#1770 = VERTEX_POINT ( 'NONE', #1805 ) ;
#1771 = DIRECTION ( 'NONE',  ( 1.000000000000000000, 0.000000000000000000, -0.000000000000000000 ) ) ;
#1772 = PRESENTATION_STYLE_ASSIGNMENT (( #57 ) ) ;
#1773 = FILL_AREA_STYLE_COLOUR ( '', #1507 ) ;
#1774 = DIRECTION ( 'NONE',  ( -1.000000000000000000, 0.000000000000000000, -2.371692252312040456E-16 ) ) ;
#1775 = STYLED_ITEM ( 'NONE', ( #1689 ), #1867 ) ;
#1776 = EDGE_CURVE ( 'NONE', #1057, #2137, #191, .T. ) ;
#1777 = DIRECTION ( 'NONE',  ( 0.000000000000000000, 0.000000000000000000, -1.000000000000000000 ) ) ;
#1778 = ORIENTED_EDGE ( 'NONE', *, *, #1371, .T. ) ;
#1779 = PRESENTATION_STYLE_ASSIGNMENT (( #1828 ) ) ;
#1780 = EDGE_LOOP ( 'NONE', ( #193, #570, #1827, #506 ) ) ;
#1781 = DIRECTION ( 'NONE',  ( 0.000000000000000000, -0.000000000000000000, 1.000000000000000000 ) ) ;
#1782 = PLANE ( 'NONE',  #1586 ) ;
#1783 = CARTESIAN_POINT ( 'NONE',  ( 0.2500000000000001110, -0.1975000000000000089, -0.04999999999999994033 ) ) ;
#1784 =( NAMED_UNIT ( * ) SI_UNIT ( $, .STERADIAN. ) SOLID_ANGLE_UNIT ( ) );
#1785 = SURFACE_STYLE_USAGE ( .BOTH. , #2180 ) ;
#1786 = ORIENTED_EDGE ( 'NONE', *, *, #2197, .T. ) ;
#1787 = PLANE ( 'NONE',  #1592 ) ;
#1788 = ADVANCED_FACE ( 'NONE', ( #1580 ), #1787, .F. ) ;
#1789 = DIRECTION ( 'NONE',  ( 0.000000000000000000, 0.000000000000000000, 1.000000000000000000 ) ) ;
#1790 = PLANE ( 'NONE',  #982 ) ;
#1791 = VERTEX_POINT ( 'NONE', #1102 ) ;
#1792 = VECTOR ( 'NONE', #688, 1000.000000000000000 ) ;
#1793 = EDGE_CURVE ( 'NONE', #1478, #2045, #586, .T. ) ;
#1794 = PRESENTATION_LAYER_ASSIGNMENT (  '', '', ( #50 ) ) ;
#1795 = ORIENTED_EDGE ( 'NONE', *, *, #1655, .T. ) ;
#1796 = DIRECTION ( 'NONE',  ( -0.000000000000000000, -0.000000000000000000, 1.000000000000000000 ) ) ;
#1797 = CARTESIAN_POINT ( 'NONE',  ( -0.7600000000000002309, 0.1600000000000000033, -0.3599999999999999867 ) ) ;
#1798 = PRESENTATION_LAYER_ASSIGNMENT (  '', '', ( #1464 ) ) ;
#1799 = MECHANICAL_DESIGN_GEOMETRIC_PRESENTATION_REPRESENTATION (  '', ( #1344 ), #751 ) ;
#1800 = DIRECTION ( 'NONE',  ( 1.000000000000000000, 0.000000000000000000, -0.000000000000000000 ) ) ;
#1801 =( LENGTH_UNIT ( ) NAMED_UNIT ( * ) SI_UNIT ( .MILLI., .METRE. ) );
#1802 = VECTOR ( 'NONE', #2131, 1000.000000000000000 ) ;
#1803 = ORIENTED_EDGE ( 'NONE', *, *, #1740, .F. ) ;
#1804 = AXIS2_PLACEMENT_3D ( 'NONE', #1658, #1826, #1985 ) ;
#1805 = CARTESIAN_POINT ( 'NONE',  ( -0.2500000000000000000, -0.1975000000000000089, -0.3150000000000002798 ) ) ;
#1806 = DIRECTION ( 'NONE',  ( -1.000000000000000000, 0.000000000000000000, 0.000000000000000000 ) ) ;
#1807 = VERTEX_POINT ( 'NONE', #2009 ) ;
#1808 =( GEOMETRIC_REPRESENTATION_CONTEXT ( 3 ) GLOBAL_UNCERTAINTY_ASSIGNED_CONTEXT ( ( #539 ) ) GLOBAL_UNIT_ASSIGNED_CONTEXT ( ( #1674, #2223, #1326 ) ) REPRESENTATION_CONTEXT ( 'NONE', 'WORKASPACE' ) );
#1809 = STYLED_ITEM ( 'NONE', ( #994 ), #1543 ) ;
#1810 = LINE ( 'NONE', #1115, #135 ) ;
#1811 = ORIENTED_EDGE ( 'NONE', *, *, #581, .T. ) ;
#1812 = ADVANCED_FACE ( 'NONE', ( #2055 ), #214, .F. ) ;
#1813 = SURFACE_STYLE_FILL_AREA ( #374 ) ;
#1814 = FACE_OUTER_BOUND ( 'NONE', #1044, .T. ) ;
#1815 = CARTESIAN_POINT ( 'NONE',  ( -0.1533896934313948579, 0.1990000000000000102, -0.2269449850183808404 ) ) ;
#1816 = DIRECTION ( 'NONE',  ( -0.000000000000000000, 1.000000000000000000, -0.000000000000000000 ) ) ;
#1817 = VERTEX_POINT ( 'NONE', #2039 ) ;
#1818 = ORIENTED_EDGE ( 'NONE', *, *, #992, .F. ) ;
#1819 =( NAMED_UNIT ( * ) PLANE_ANGLE_UNIT ( ) SI_UNIT ( $, .RADIAN. ) );
#1820 = EDGE_LOOP ( 'NONE', ( #961, #2017, #100, #1571 ) ) ;
#1821 = CARTESIAN_POINT ( 'NONE',  ( 0.000000000000000000, 0.1600000000000000033, -0.3599999999999999867 ) ) ;
#1822 = ADVANCED_FACE ( 'NONE', ( #565 ), #2018, .F. ) ;
#1823 = CARTESIAN_POINT ( 'NONE',  ( 0.000000000000000000, -0.2000000000000000111, 0.000000000000000000 ) ) ;
#1824 = ORIENTED_EDGE ( 'NONE', *, *, #567, .T. ) ;
#1825 = UNCERTAINTY_MEASURE_WITH_UNIT (LENGTH_MEASURE( 1.000000000000000082E-05 ), #941, 'distance_accuracy_value', 'NONE');
#1826 = DIRECTION ( 'NONE',  ( 1.000000000000000000, 0.000000000000000000, -0.000000000000000000 ) ) ;
#1827 = ORIENTED_EDGE ( 'NONE', *, *, #1136, .F. ) ;
#1828 = SURFACE_STYLE_USAGE ( .BOTH. , #14 ) ;
#1829 = STYLED_ITEM ( 'NONE', ( #1600 ), #229 ) ;
#1830 = VERTEX_POINT ( 'NONE', #31 ) ;
#1831 =( GEOMETRIC_REPRESENTATION_CONTEXT ( 3 ) GLOBAL_UNCERTAINTY_ASSIGNED_CONTEXT ( ( #467 ) ) GLOBAL_UNIT_ASSIGNED_CONTEXT ( ( #482, #1935, #1372 ) ) REPRESENTATION_CONTEXT ( 'NONE', 'WORKASPACE' ) );
#1832 = PRESENTATION_STYLE_ASSIGNMENT (( #1631 ) ) ;
#1833 = PLANE ( 'NONE',  #101 ) ;
#1834 =( NAMED_UNIT ( * ) PLANE_ANGLE_UNIT ( ) SI_UNIT ( $, .RADIAN. ) );
#1835 =( GEOMETRIC_REPRESENTATION_CONTEXT ( 3 ) GLOBAL_UNCERTAINTY_ASSIGNED_CONTEXT ( ( #1901 ) ) GLOBAL_UNIT_ASSIGNED_CONTEXT ( ( #1616, #2174, #1438 ) ) REPRESENTATION_CONTEXT ( 'NONE', 'WORKASPACE' ) );
#1836 = CARTESIAN_POINT ( 'NONE',  ( -0.4369885608938986477, -0.1975000000000000089, -0.3150000000000001132 ) ) ;
#1837 = LINE ( 'NONE', #2025, #827 ) ;
#1838 = ORIENTED_EDGE ( 'NONE', *, *, #992, .T. ) ;
#1839 = ADVANCED_FACE ( 'NONE', ( #2206 ), #231, .F. ) ;
#1840 = CARTESIAN_POINT ( 'NONE',  ( -0.2500000000000000000, -0.2025000000000000133, 0.05000000000000000278 ) ) ;
#1841 =( GEOMETRIC_REPRESENTATION_CONTEXT ( 3 ) GLOBAL_UNCERTAINTY_ASSIGNED_CONTEXT ( ( #1218 ) ) GLOBAL_UNIT_ASSIGNED_CONTEXT ( ( #1365, #657, #108 ) ) REPRESENTATION_CONTEXT ( 'NONE', 'WORKASPACE' ) );
#1842 = CIRCLE ( 'NONE', #262, 0.03999999999999999389 ) ;
#1843 = VECTOR ( 'NONE', #286, 1000.000000000000000 ) ;
#1844 = SURFACE_STYLE_FILL_AREA ( #1148 ) ;
#1845 = COLOUR_RGB ( '',0.3176470588235293935, 0.2470588235294117752, 0.2078431372549019440 ) ;
#1846 = ORIENTED_EDGE ( 'NONE', *, *, #1721, .F. ) ;
#1847 = MECHANICAL_DESIGN_GEOMETRIC_PRESENTATION_REPRESENTATION (  '', ( #233 ), #1133 ) ;
#1848 = FILL_AREA_STYLE_COLOUR ( '', #914 ) ;
#1849 =( NAMED_UNIT ( * ) SI_UNIT ( $, .STERADIAN. ) SOLID_ANGLE_UNIT ( ) );
#1850 = FACE_OUTER_BOUND ( 'NONE', #1731, .T. ) ;
#1851 = CLOSED_SHELL ( 'NONE', ( #1306, #2141, #2056, #1701, #2256, #1147 ) ) ;
#1852 = CYLINDRICAL_SURFACE ( 'NONE', #1202, 0.03999999999999999389 ) ;
#1853 = LINE ( 'NONE', #466, #2242 ) ;
#1854 = PRESENTATION_STYLE_ASSIGNMENT (( #611 ) ) ;
#1855 = EDGE_CURVE ( 'NONE', #1247, #898, #112, .T. ) ;
#1856 = COLOUR_RGB ( '',0.3176470588235293935, 0.2470588235294117752, 0.2078431372549019440 ) ;
#1857 = EDGE_LOOP ( 'NONE', ( #552, #2006, #1291, #1172 ) ) ;
#1858 = FACE_OUTER_BOUND ( 'NONE', #1857, .T. ) ;
#1859 = FACE_OUTER_BOUND ( 'NONE', #1458, .T. ) ;
#1860 = CARTESIAN_POINT ( 'NONE',  ( 0.05000000000000005135, -0.2025000000000000133, 0.05000000000000001665 ) ) ;
#1861 = PRESENTATION_STYLE_ASSIGNMENT (( #1249 ) ) ;
#1862 = CARTESIAN_POINT ( 'NONE',  ( -0.6519885608938986721, -0.2025000000000000133, -0.3150000000000001132 ) ) ;
#1863 =( NAMED_UNIT ( * ) PLANE_ANGLE_UNIT ( ) SI_UNIT ( $, .RADIAN. ) );
#1864 = EDGE_CURVE ( 'NONE', #1057, #1770, #2272, .T. ) ;
#1865 = SURFACE_STYLE_USAGE ( .BOTH. , #440 ) ;
#1866 = ORIENTED_EDGE ( 'NONE', *, *, #1740, .T. ) ;
#1867 = ADVANCED_FACE ( 'NONE', ( #1704 ), #997, .F. ) ;
#1868 = AXIS2_PLACEMENT_3D ( 'NONE', #1145, #800, #1356 ) ;
#1869 = CARTESIAN_POINT ( 'NONE',  ( -0.8000000000000002665, -0.1600000000000000033, -0.3599999999999999867 ) ) ;
#1870 = EDGE_LOOP ( 'NONE', ( #1236, #2103, #1987, #105 ) ) ;
#1871 = VECTOR ( 'NONE', #1796, 1000.000000000000000 ) ;
#1872 = VECTOR ( 'NONE', #183, 1000.000000000000000 ) ;
#1873 = CARTESIAN_POINT ( 'NONE',  ( -0.04999999999999996808, -0.2025000000000000133, 0.05000000000000000278 ) ) ;
#1874 = ORIENTED_EDGE ( 'NONE', *, *, #2210, .T. ) ;
#1875 = VECTOR ( 'NONE', #1562, 1000.000000000000000 ) ;
#1876 = DIRECTION ( 'NONE',  ( -1.000000000000000000, 0.000000000000000000, -2.521400401129080182E-16 ) ) ;
#1877 = AXIS2_PLACEMENT_3D ( 'NONE', #848, #492, #2115 ) ;
#1878 = COLOUR_RGB ( '',0.3176470588235293935, 0.2470588235294117752, 0.2078431372549019440 ) ;
#1879 =( NAMED_UNIT ( * ) SI_UNIT ( $, .STERADIAN. ) SOLID_ANGLE_UNIT ( ) );
#1880 = EDGE_LOOP ( 'NONE', ( #1149, #578, #1606, #1884 ) ) ;
#1881 = VECTOR ( 'NONE', #1019, 1000.000000000000000 ) ;
#1882 = DIRECTION ( 'NONE',  ( -4.091328952775485565E-16, 0.000000000000000000, 1.000000000000000000 ) ) ;
#1883 =( NAMED_UNIT ( * ) SI_UNIT ( $, .STERADIAN. ) SOLID_ANGLE_UNIT ( ) );
#1884 = ORIENTED_EDGE ( 'NONE', *, *, #2116, .T. ) ;
#1885 = COLOUR_RGB ( '',0.3176470588235293935, 0.2470588235294117752, 0.2078431372549019440 ) ;
#1886 = EDGE_CURVE ( 'NONE', #1369, #1817, #248, .T. ) ;
#1887 = COLOUR_RGB ( '',0.3176470588235293935, 0.2470588235294117752, 0.2078431372549019440 ) ;
#1888 = SURFACE_STYLE_USAGE ( .BOTH. , #284 ) ;
#1889 = PLANE ( 'NONE',  #1281 ) ;
#1890 = FILL_AREA_STYLE ('',( #1144 ) ) ;
#1891 = DIRECTION ( 'NONE',  ( -0.000000000000000000, 0.000000000000000000, 1.000000000000000000 ) ) ;
#1892 = ORIENTED_EDGE ( 'NONE', *, *, #1793, .F. ) ;
#1893 = DIRECTION ( 'NONE',  ( 0.000000000000000000, 0.000000000000000000, -1.000000000000000000 ) ) ;
#1894 =( NAMED_UNIT ( * ) PLANE_ANGLE_UNIT ( ) SI_UNIT ( $, .RADIAN. ) );
#1895 = PRESENTATION_LAYER_ASSIGNMENT (  '', '', ( #2231 ) ) ;
#1896 = ADVANCED_FACE ( 'NONE', ( #811 ), #61, .T. ) ;
#1897 = FACE_OUTER_BOUND ( 'NONE', #2313, .T. ) ;
#1898 = LINE ( 'NONE', #808, #675 ) ;
#1899 = CARTESIAN_POINT ( 'NONE',  ( -0.7600000000000002309, -0.1600000000000000033, -0.3599999999999999867 ) ) ;
#1900 = CARTESIAN_POINT ( 'NONE',  ( 0.6519885608938982280, -0.1975000000000000089, 0.3149999999999998912 ) ) ;
#1901 = UNCERTAINTY_MEASURE_WITH_UNIT (LENGTH_MEASURE( 1.000000000000000082E-05 ), #1616, 'distance_accuracy_value', 'NONE');
#1902 = CARTESIAN_POINT ( 'NONE',  ( 0.6519885608938982280, -0.2025000000000000133, 0.3149999999999998912 ) ) ;
#1903 = CARTESIAN_POINT ( 'NONE',  ( 0.2500000000000001110, -0.2025000000000000133, -0.04999999999999994033 ) ) ;
#1904 = DIRECTION ( 'NONE',  ( -1.000000000000000000, -0.000000000000000000, -0.000000000000000000 ) ) ;
#1905 = ORIENTED_EDGE ( 'NONE', *, *, #1323, .T. ) ;
#1906 = DIRECTION ( 'NONE',  ( 0.000000000000000000, -0.000000000000000000, -1.000000000000000000 ) ) ;
#1907 = FILL_AREA_STYLE_COLOUR ( '', #453 ) ;
#1908 = DIRECTION ( 'NONE',  ( 0.000000000000000000, -1.000000000000000000, 0.000000000000000000 ) ) ;
#1909 = DIRECTION ( 'NONE',  ( -0.000000000000000000, -0.000000000000000000, -1.000000000000000000 ) ) ;
#1910 = DIRECTION ( 'NONE',  ( 0.000000000000000000, 0.000000000000000000, -1.000000000000000000 ) ) ;
#1911 = VECTOR ( 'NONE', #1257, 1000.000000000000000 ) ;
#1912 = DIRECTION ( 'NONE',  ( -4.091328952775484579E-16, -0.000000000000000000, 1.000000000000000000 ) ) ;
#1913 = ADVANCED_FACE ( 'NONE', ( #1359 ), #261, .F. ) ;
#1914 =( GEOMETRIC_REPRESENTATION_CONTEXT ( 3 ) GLOBAL_UNCERTAINTY_ASSIGNED_CONTEXT ( ( #673 ) ) GLOBAL_UNIT_ASSIGNED_CONTEXT ( ( #922, #2177, #1849 ) ) REPRESENTATION_CONTEXT ( 'NONE', 'WORKASPACE' ) );
#1915 = AXIS2_PLACEMENT_3D ( 'NONE', #666, #127, #2128 ) ;
#1916 = ORIENTED_EDGE ( 'NONE', *, *, #832, .F. ) ;
#1917 = PRESENTATION_LAYER_ASSIGNMENT (  '', '', ( #604 ) ) ;
#1918 = DIRECTION ( 'NONE',  ( 0.000000000000000000, 0.000000000000000000, -1.000000000000000000 ) ) ;
#1919 = VECTOR ( 'NONE', #120, 1000.000000000000000 ) ;
#1920 = STYLED_ITEM ( 'NONE', ( #1637 ), #1403 ) ;
#1921 = DIRECTION ( 'NONE',  ( -1.000000000000000000, 0.000000000000000000, -2.710505431213761578E-16 ) ) ;
#1922 = STYLED_ITEM ( 'NONE', ( #1289 ), #2299 ) ;
#1923 = CARTESIAN_POINT ( 'NONE',  ( -0.2500000000000000000, -0.1975000000000000089, 0.05000000000000000278 ) ) ;
#1924 = AXIS2_PLACEMENT_3D ( 'NONE', #167, #2085, #1029 ) ;
#1925 = DIRECTION ( 'NONE',  ( -1.000000000000000000, -0.000000000000000000, -0.000000000000000000 ) ) ;
#1926 = PLANE ( 'NONE',  #2031 ) ;
#1927 = UNCERTAINTY_MEASURE_WITH_UNIT (LENGTH_MEASURE( 1.000000000000000082E-05 ), #1679, 'distance_accuracy_value', 'NONE');
#1928 = VECTOR ( 'NONE', #1129, 1000.000000000000000 ) ;
#1929 = EDGE_CURVE ( 'NONE', #1274, #830, #1003, .T. ) ;
#1930 = FILL_AREA_STYLE ('',( #1953 ) ) ;
#1931 = LINE ( 'NONE', #2136, #1432 ) ;
#1932 = ORIENTED_EDGE ( 'NONE', *, *, #2213, .F. ) ;
#1933 = CARTESIAN_POINT ( 'NONE',  ( -0.6519885608938986721, -0.2025000000000000133, 0.3149999999999998912 ) ) ;
#1934 = EDGE_LOOP ( 'NONE', ( #1491, #1211, #67, #2236 ) ) ;
#1935 =( NAMED_UNIT ( * ) PLANE_ANGLE_UNIT ( ) SI_UNIT ( $, .RADIAN. ) );
#1936 = COLOUR_RGB ( '',0.3176470588235293935, 0.2470588235294117752, 0.2078431372549019440 ) ;
#1937 = DIRECTION ( 'NONE',  ( 0.000000000000000000, 0.000000000000000000, 1.000000000000000000 ) ) ;
#1938 = DIRECTION ( 'NONE',  ( 0.000000000000000000, 0.000000000000000000, 1.000000000000000000 ) ) ;
#1939 = CARTESIAN_POINT ( 'NONE',  ( 0.4369885608938982036, -0.1975000000000000089, 0.3149999999999998357 ) ) ;
#1940 = DIRECTION ( 'NONE',  ( 0.000000000000000000, -1.000000000000000000, 0.000000000000000000 ) ) ;
#1941 = FILL_AREA_STYLE_COLOUR ( '', #377 ) ;
#1942 = EDGE_LOOP ( 'NONE', ( #251, #216, #1396, #707 ) ) ;
#1943 = EDGE_CURVE ( 'NONE', #1617, #1817, #650, .T. ) ;
#1944 = ORIENTED_EDGE ( 'NONE', *, *, #150, .F. ) ;
#1945 = EDGE_CURVE ( 'NONE', #1274, #1640, #478, .T. ) ;
#1946 = LINE ( 'NONE', #532, #1792 ) ;
#1947 = CARTESIAN_POINT ( 'NONE',  ( -0.2500000000000000000, -0.2025000000000000133, 0.05000000000000000278 ) ) ;
#1948 = CARTESIAN_POINT ( 'NONE',  ( -0.1533896934313948579, 0.2000000000000000111, 0.2269449850183808404 ) ) ;
#1949 = DIRECTION ( 'NONE',  ( 0.000000000000000000, -0.000000000000000000, 1.000000000000000000 ) ) ;
#1950 = LINE ( 'NONE', #711, #1219 ) ;
#1951 = UNCERTAINTY_MEASURE_WITH_UNIT (LENGTH_MEASURE( 1.000000000000000082E-05 ), #438, 'distance_accuracy_value', 'NONE');
#1952 = VECTOR ( 'NONE', #111, 1000.000000000000000 ) ;
#1953 = FILL_AREA_STYLE_COLOUR ( '', #1466 ) ;
#1954 = EDGE_LOOP ( 'NONE', ( #794, #1104, #663, #879 ) ) ;
#1955 = VECTOR ( 'NONE', #1893, 1000.000000000000000 ) ;
#1956 = SURFACE_SIDE_STYLE ('',( #695 ) ) ;
#1957 = ORIENTED_EDGE ( 'NONE', *, *, #2034, .F. ) ;
#1958 = STYLED_ITEM ( 'NONE', ( #98 ), #910 ) ;
#1959 = STYLED_ITEM ( 'NONE', ( #710 ), #1147 ) ;
#1960 = DIRECTION ( 'NONE',  ( 0.000000000000000000, 0.000000000000000000, -1.000000000000000000 ) ) ;
#1961 = EDGE_CURVE ( 'NONE', #889, #295, #976, .T. ) ;
#1962 = VECTOR ( 'NONE', #1609, 1000.000000000000000 ) ;
#1963 = LINE ( 'NONE', #2308, #1540 ) ;
#1964 =( GEOMETRIC_REPRESENTATION_CONTEXT ( 3 ) GLOBAL_UNCERTAINTY_ASSIGNED_CONTEXT ( ( #1245 ) ) GLOBAL_UNIT_ASSIGNED_CONTEXT ( ( #171, #1967, #10 ) ) REPRESENTATION_CONTEXT ( 'NONE', 'WORKASPACE' ) );
#1965 = FACE_OUTER_BOUND ( 'NONE', #2, .T. ) ;
#1966 = AXIS2_PLACEMENT_3D ( 'NONE', #799, #348, #1355 ) ;
#1967 =( NAMED_UNIT ( * ) PLANE_ANGLE_UNIT ( ) SI_UNIT ( $, .RADIAN. ) );
#1968 = PRODUCT_DEFINITION_CONTEXT ( 'detailed design', #412, 'design' ) ;
#1969 =( GEOMETRIC_REPRESENTATION_CONTEXT ( 3 ) GLOBAL_UNCERTAINTY_ASSIGNED_CONTEXT ( ( #1502 ) ) GLOBAL_UNIT_ASSIGNED_CONTEXT ( ( #882, #199, #1477 ) ) REPRESENTATION_CONTEXT ( 'NONE', 'WORKASPACE' ) );
#1970 = CARTESIAN_POINT ( 'NONE',  ( 0.4369885608938982036, -0.2025000000000000133, 0.3149999999999998357 ) ) ;
#1971 = VECTOR ( 'NONE', #1308, 1000.000000000000000 ) ;
#1972 = ORIENTED_EDGE ( 'NONE', *, *, #85, .T. ) ;
#1973 = CARTESIAN_POINT ( 'NONE',  ( 0.6519885608938982280, -0.2025000000000000133, -0.3150000000000001132 ) ) ;
#1974 = VERTEX_POINT ( 'NONE', #1389 ) ;
#1975 = DIRECTION ( 'NONE',  ( -1.000000000000000000, -0.000000000000000000, -0.000000000000000000 ) ) ;
#1976 = LINE ( 'NONE', #168, #174 ) ;
#1977 = EDGE_CURVE ( 'NONE', #87, #1478, #2305, .T. ) ;
#1978 = FILL_AREA_STYLE_COLOUR ( '', #755 ) ;
#1979 = UNCERTAINTY_MEASURE_WITH_UNIT (LENGTH_MEASURE( 1.000000000000000082E-05 ), #999, 'distance_accuracy_value', 'NONE');
#1980 = ORIENTED_EDGE ( 'NONE', *, *, #1392, .T. ) ;
#1981 = EDGE_CURVE ( 'NONE', #1650, #2154, #1765, .T. ) ;
#1982 = SHAPE_DEFINITION_REPRESENTATION ( #2002, #1440 ) ;
#1983 = CARTESIAN_POINT ( 'NONE',  ( -0.7600000000000002309, 0.2000000000000000111, 0.4000000000000000777 ) ) ;
#1984 = SURFACE_STYLE_FILL_AREA ( #887 ) ;
#1985 = DIRECTION ( 'NONE',  ( -0.000000000000000000, 0.000000000000000000, -1.000000000000000000 ) ) ;
#1986 = VERTEX_POINT ( 'NONE', #550 ) ;
#1987 = ORIENTED_EDGE ( 'NONE', *, *, #277, .F. ) ;
#1988 = CARTESIAN_POINT ( 'NONE',  ( -0.8000000000000002665, 0.1600000000000000033, -0.3999999999999999667 ) ) ;
#1989 = CARTESIAN_POINT ( 'NONE',  ( -0.7600000000000002309, -0.1600000000000000033, -0.3599999999999999867 ) ) ;
#1990 = ORIENTED_EDGE ( 'NONE', *, *, #389, .T. ) ;
#1991 = CIRCLE ( 'NONE', #1868, 0.03999999999999999389 ) ;
#1992 = LINE ( 'NONE', #343, #2257 ) ;
#1993 =( NAMED_UNIT ( * ) SI_UNIT ( $, .STERADIAN. ) SOLID_ANGLE_UNIT ( ) );
#1994 = EDGE_CURVE ( 'NONE', #1769, #128, #1950, .T. ) ;
#1995 = ORIENTED_EDGE ( 'NONE', *, *, #1943, .F. ) ;
#1996 =( GEOMETRIC_REPRESENTATION_CONTEXT ( 3 ) GLOBAL_UNCERTAINTY_ASSIGNED_CONTEXT ( ( #838 ) ) GLOBAL_UNIT_ASSIGNED_CONTEXT ( ( #471, #1347, #1883 ) ) REPRESENTATION_CONTEXT ( 'NONE', 'WORKASPACE' ) );
#1997 = CARTESIAN_POINT ( 'NONE',  ( -0.8000000000000002665, 0.1600000000000000033, 0.4000000000000000777 ) ) ;
#1998 = ORIENTED_EDGE ( 'NONE', *, *, #118, .T. ) ;
#1999 = VECTOR ( 'NONE', #2314, 1000.000000000000000 ) ;
#2000 = SURFACE_STYLE_USAGE ( .BOTH. , #2178 ) ;
#2001 = SURFACE_STYLE_FILL_AREA ( #1599 ) ;
#2002 = PRODUCT_DEFINITION_SHAPE ( 'NONE', 'NONE',  #386 ) ;
#2003 = SURFACE_STYLE_FILL_AREA ( #1666 ) ;
#2004 = AXIS2_PLACEMENT_3D ( 'NONE', #361, #926, #379 ) ;
#2005 =( NAMED_UNIT ( * ) PLANE_ANGLE_UNIT ( ) SI_UNIT ( $, .RADIAN. ) );
#2006 = ORIENTED_EDGE ( 'NONE', *, *, #430, .F. ) ;
#2007 = UNCERTAINTY_MEASURE_WITH_UNIT (LENGTH_MEASURE( 1.000000000000000082E-05 ), #523, 'distance_accuracy_value', 'NONE');
#2008 = PRESENTATION_LAYER_ASSIGNMENT (  '', '', ( #1431 ) ) ;
#2009 = CARTESIAN_POINT ( 'NONE',  ( -0.04999999999999996808, -0.1975000000000000089, -0.3150000000000002798 ) ) ;
#2010 = PRESENTATION_LAYER_ASSIGNMENT (  '', '', ( #1206 ) ) ;
#2011 = ORIENTED_EDGE ( 'NONE', *, *, #549, .F. ) ;
#2012 = ADVANCED_FACE ( 'NONE', ( #896 ), #1053, .T. ) ;
#2013 = ORIENTED_EDGE ( 'NONE', *, *, #294, .F. ) ;
#2014 = CYLINDRICAL_SURFACE ( 'NONE', #28, 0.03999999999999999389 ) ;
#2015 = DIRECTION ( 'NONE',  ( -0.000000000000000000, 0.000000000000000000, -1.000000000000000000 ) ) ;
#2016 = PRESENTATION_STYLE_ASSIGNMENT (( #1111 ) ) ;
#2017 = ORIENTED_EDGE ( 'NONE', *, *, #1323, .F. ) ;
#2018 = PLANE ( 'NONE',  #2120 ) ;
#2019 = ORIENTED_EDGE ( 'NONE', *, *, #813, .F. ) ;
#2020 = FACE_OUTER_BOUND ( 'NONE', #41, .T. ) ;
#2021 = ORIENTED_EDGE ( 'NONE', *, *, #1793, .T. ) ;
#2022 = DIRECTION ( 'NONE',  ( -0.000000000000000000, 1.000000000000000000, -0.000000000000000000 ) ) ;
#2023 = SURFACE_STYLE_FILL_AREA ( #2145 ) ;
#2024 = EDGE_CURVE ( 'NONE', #1560, #1362, #151, .T. ) ;
#2025 = CARTESIAN_POINT ( 'NONE',  ( -0.2500000000000000000, -0.1975000000000000089, 0.05000000000000000278 ) ) ;
#2026 = ORIENTED_EDGE ( 'NONE', *, *, #813, .T. ) ;
#2027 = PRESENTATION_STYLE_ASSIGNMENT (( #1113 ) ) ;
#2028 = VERTEX_POINT ( 'NONE', #1601 ) ;
#2029 = DIRECTION ( 'NONE',  ( 0.000000000000000000, -1.000000000000000000, 0.000000000000000000 ) ) ;
#2030 = ORIENTED_EDGE ( 'NONE', *, *, #1455, .T. ) ;
#2031 = AXIS2_PLACEMENT_3D ( 'NONE', #2123, #508, #1781 ) ;
#2032 = DIRECTION ( 'NONE',  ( 1.000000000000000000, 0.000000000000000000, 0.000000000000000000 ) ) ;
#2033 = PRESENTATION_STYLE_ASSIGNMENT (( #1303 ) ) ;
#2034 = EDGE_CURVE ( 'NONE', #1563, #869, #223, .T. ) ;
#2035 = SURFACE_SIDE_STYLE ('',( #2003 ) ) ;
#2036 = CARTESIAN_POINT ( 'NONE',  ( 0.4369885608938982036, -0.2025000000000000133, -0.3150000000000001132 ) ) ;
#2037 =( GEOMETRIC_REPRESENTATION_CONTEXT ( 3 ) GLOBAL_UNCERTAINTY_ASSIGNED_CONTEXT ( ( #728 ) ) GLOBAL_UNIT_ASSIGNED_CONTEXT ( ( #750, #1103, #245 ) ) REPRESENTATION_CONTEXT ( 'NONE', 'WORKASPACE' ) );
#2038 = STYLED_ITEM ( 'NONE', ( #1119 ), #2056 ) ;
#2039 = CARTESIAN_POINT ( 'NONE',  ( 0.2500000000000002220, -0.1975000000000000089, -0.3150000000000002243 ) ) ;
#2040 =( GEOMETRIC_REPRESENTATION_CONTEXT ( 3 ) GLOBAL_UNCERTAINTY_ASSIGNED_CONTEXT ( ( #509 ) ) GLOBAL_UNIT_ASSIGNED_CONTEXT ( ( #1298, #368, #163 ) ) REPRESENTATION_CONTEXT ( 'NONE', 'WORKASPACE' ) );
#2041 =( GEOMETRIC_REPRESENTATION_CONTEXT ( 3 ) GLOBAL_UNCERTAINTY_ASSIGNED_CONTEXT ( ( #418 ) ) GLOBAL_UNIT_ASSIGNED_CONTEXT ( ( #47, #1342, #847 ) ) REPRESENTATION_CONTEXT ( 'NONE', 'WORKASPACE' ) );
#2042 = CYLINDRICAL_SURFACE ( 'NONE', #447, 0.03999999999999999389 ) ;
#2043 = VECTOR ( 'NONE', #2110, 1000.000000000000000 ) ;
#2044 = VECTOR ( 'NONE', #2227, 1000.000000000000000 ) ;
#2045 = VERTEX_POINT ( 'NONE', #1063 ) ;
#2046 = CIRCLE ( 'NONE', #2293, 0.03999999999999999389 ) ;
#2047 = PLANE ( 'NONE',  #791 ) ;
#2048 = CARTESIAN_POINT ( 'NONE',  ( -0.2500000000000000000, -0.2025000000000000133, -0.05000000000000000278 ) ) ;
#2049 = FACE_OUTER_BOUND ( 'NONE', #2117, .T. ) ;
#2050 = CARTESIAN_POINT ( 'NONE',  ( -0.04999999999999996808, -0.1975000000000000089, 0.05000000000000000278 ) ) ;
#2051 = DIRECTION ( 'NONE',  ( 0.000000000000000000, -1.000000000000000000, 0.000000000000000000 ) ) ;
#2052 = DIRECTION ( 'NONE',  ( 0.000000000000000000, 0.000000000000000000, 1.000000000000000000 ) ) ;
#2053 = UNCERTAINTY_MEASURE_WITH_UNIT (LENGTH_MEASURE( 1.000000000000000082E-05 ), #222, 'distance_accuracy_value', 'NONE');
#2054 = ADVANCED_FACE ( 'NONE', ( #1965 ), #341, .F. ) ;
#2055 = FACE_OUTER_BOUND ( 'NONE', #398, .T. ) ;
#2056 = ADVANCED_FACE ( 'NONE', ( #1676 ), #43, .F. ) ;
#2057 = AXIS2_PLACEMENT_3D ( 'NONE', #1902, #1713, #1876 ) ;
#2058 = SURFACE_STYLE_USAGE ( .BOTH. , #2232 ) ;
#2059 = EDGE_LOOP ( 'NONE', ( #1739, #540, #1519, #766 ) ) ;
#2060 = FILL_AREA_STYLE_COLOUR ( '', #1878 ) ;
#2061 = CARTESIAN_POINT ( 'NONE',  ( -0.4369885608938986477, -0.2025000000000000133, 0.3149999999999998357 ) ) ;
#2062 = LINE ( 'NONE', #1710, #687 ) ;
#2063 = DIRECTION ( 'NONE',  ( 0.000000000000000000, 0.000000000000000000, -1.000000000000000000 ) ) ;
#2064 = LINE ( 'NONE', #263, #1589 ) ;
#2065 = EDGE_CURVE ( 'NONE', #1673, #1247, #9, .T. ) ;
#2066 = VERTEX_POINT ( 'NONE', #575 ) ;
#2067 = ORIENTED_EDGE ( 'NONE', *, *, #1259, .T. ) ;
#2068 = AXIS2_PLACEMENT_3D ( 'NONE', #1015, #1041, #1188 ) ;
#2069 = DIRECTION ( 'NONE',  ( 0.000000000000000000, 0.000000000000000000, -1.000000000000000000 ) ) ;
#2070 = FACE_OUTER_BOUND ( 'NONE', #1060, .T. ) ;
#2071 =( NAMED_UNIT ( * ) PLANE_ANGLE_UNIT ( ) SI_UNIT ( $, .RADIAN. ) );
#2072 = CARTESIAN_POINT ( 'NONE',  ( -0.6519885608938986721, -0.1975000000000000089, -0.3150000000000001132 ) ) ;
#2073 = COLOUR_RGB ( '',0.7921568627450980005, 0.8196078431372548767, 0.9333333333333333481 ) ;
#2074 =( NAMED_UNIT ( * ) PLANE_ANGLE_UNIT ( ) SI_UNIT ( $, .RADIAN. ) );
#2075 = COLOUR_RGB ( '',0.3176470588235293935, 0.2470588235294117752, 0.2078431372549019440 ) ;
#2076 = AXIS2_PLACEMENT_3D ( 'NONE', #1797, #38, #1131 ) ;
#2077 = AXIS2_PLACEMENT_3D ( 'NONE', #1085, #1800, #2015 ) ;
#2078 = ORIENTED_EDGE ( 'NONE', *, *, #1341, .F. ) ;
#2079 = EDGE_CURVE ( 'NONE', #2241, #372, #1644, .T. ) ;
#2080 = DIRECTION ( 'NONE',  ( 0.000000000000000000, 0.000000000000000000, -1.000000000000000000 ) ) ;
#2081 = SPHERICAL_SURFACE ( 'NONE', #64, 0.04000000000000000083 ) ;
#2082 = VECTOR ( 'NONE', #925, 1000.000000000000000 ) ;
#2083 = VECTOR ( 'NONE', #136, 1000.000000000000000 ) ;
#2084 = LINE ( 'NONE', #463, #1250 ) ;
#2085 = DIRECTION ( 'NONE',  ( 0.000000000000000000, 1.000000000000000000, 0.000000000000000000 ) ) ;
#2086 = CARTESIAN_POINT ( 'NONE',  ( -0.2500000000000000000, -0.1975000000000000089, 0.3150000000000002798 ) ) ;
#2087 = ORIENTED_EDGE ( 'NONE', *, *, #2186, .T. ) ;
#2088 = DIRECTION ( 'NONE',  ( 1.000000000000000000, 0.000000000000000000, 0.000000000000000000 ) ) ;
#2089 = CARTESIAN_POINT ( 'NONE',  ( 0.7599999999999997868, 0.2000000000000000111, 0.3600000000000000977 ) ) ;
#2090 = DIRECTION ( 'NONE',  ( 0.000000000000000000, -1.000000000000000000, 0.000000000000000000 ) ) ;
#2091 = ADVANCED_FACE ( 'NONE', ( #393 ), #1110, .T. ) ;
#2092 = LINE ( 'NONE', #1923, #530 ) ;
#2093 =( NAMED_UNIT ( * ) PLANE_ANGLE_UNIT ( ) SI_UNIT ( $, .RADIAN. ) );
#2094 = DIRECTION ( 'NONE',  ( -0.000000000000000000, -0.000000000000000000, -1.000000000000000000 ) ) ;
#2095 = DIRECTION ( 'NONE',  ( -0.000000000000000000, 1.000000000000000000, -0.000000000000000000 ) ) ;
#2096 = EDGE_LOOP ( 'NONE', ( #1420, #195, #1662, #281 ) ) ;
#2097 = CARTESIAN_POINT ( 'NONE',  ( -0.8000000000000002665, 0.2000000000000000111, 0.4000000000000000777 ) ) ;
#2098 = DIRECTION ( 'NONE',  ( 0.000000000000000000, 0.000000000000000000, 1.000000000000000000 ) ) ;
#2099 = CIRCLE ( 'NONE', #975, 0.03999999999999999389 ) ;
#2100 =( NAMED_UNIT ( * ) SI_UNIT ( $, .STERADIAN. ) SOLID_ANGLE_UNIT ( ) );
#2101 = ADVANCED_FACE ( 'NONE', ( #2202 ), #1852, .T. ) ;
#2102 = DIRECTION ( 'NONE',  ( -1.000000000000000000, 0.000000000000000000, 0.000000000000000000 ) ) ;
#2103 = ORIENTED_EDGE ( 'NONE', *, *, #654, .F. ) ;
#2104 = STYLED_ITEM ( 'NONE', ( #1143 ), #958 ) ;
#2105 = ORIENTED_EDGE ( 'NONE', *, *, #705, .T. ) ;
#2106 = AXIS2_PLACEMENT_3D ( 'NONE', #1209, #332, #1724 ) ;
#2107 = DIRECTION ( 'NONE',  ( -1.000000000000000000, -0.000000000000000000, -0.000000000000000000 ) ) ;
#2108 = LINE ( 'NONE', #2306, #1919 ) ;
#2109 =( NAMED_UNIT ( * ) PLANE_ANGLE_UNIT ( ) SI_UNIT ( $, .RADIAN. ) );
#2110 = DIRECTION ( 'NONE',  ( 1.000000000000000000, 0.000000000000000000, 0.000000000000000000 ) ) ;
#2111 = PRESENTATION_STYLE_ASSIGNMENT (( #676 ) ) ;
#2112 = EDGE_CURVE ( 'NONE', #2045, #869, #2146, .T. ) ;
#2113 = ORIENTED_EDGE ( 'NONE', *, *, #658, .T. ) ;
#2114 = DIRECTION ( 'NONE',  ( -0.000000000000000000, 0.000000000000000000, 1.000000000000000000 ) ) ;
#2115 = DIRECTION ( 'NONE',  ( 0.000000000000000000, -0.000000000000000000, -1.000000000000000000 ) ) ;
#2116 = EDGE_CURVE ( 'NONE', #889, #1080, #623, .T. ) ;
#2117 = EDGE_LOOP ( 'NONE', ( #779, #1460, #704, #33 ) ) ;
#2118 = LINE ( 'NONE', #1225, #1875 ) ;
#2119 = ORIENTED_EDGE ( 'NONE', *, *, #789, .T. ) ;
#2120 = AXIS2_PLACEMENT_3D ( 'NONE', #395, #1490, #1656 ) ;
#2121 = CARTESIAN_POINT ( 'NONE',  ( -0.7600000000000002309, 0.1600000000000000033, 0.3600000000000000977 ) ) ;
#2122 = DIRECTION ( 'NONE',  ( 0.000000000000000000, 0.000000000000000000, -1.000000000000000000 ) ) ;
#2123 = CARTESIAN_POINT ( 'NONE',  ( 0.000000000000000000, -0.2025000000000000133, 0.000000000000000000 ) ) ;
#2124 = CARTESIAN_POINT ( 'NONE',  ( 0.2500000000000000000, -0.1975000000000000089, 0.3150000000000003353 ) ) ;
#2125 = DIRECTION ( 'NONE',  ( -4.091328952775484579E-16, 0.000000000000000000, 1.000000000000000000 ) ) ;
#2126 = EDGE_LOOP ( 'NONE', ( #333, #1680, #738, #276 ) ) ;
#2127 = EDGE_CURVE ( 'NONE', #19, #1279, #1732, .T. ) ;
#2128 = DIRECTION ( 'NONE',  ( 0.000000000000000000, 0.000000000000000000, 1.000000000000000000 ) ) ;
#2129 = ORIENTED_EDGE ( 'NONE', *, *, #627, .T. ) ;
#2130 = DIRECTION ( 'NONE',  ( -0.000000000000000000, 1.000000000000000000, -0.000000000000000000 ) ) ;
#2131 = DIRECTION ( 'NONE',  ( -0.000000000000000000, -0.000000000000000000, -1.000000000000000000 ) ) ;
#2132 = FACE_OUTER_BOUND ( 'NONE', #1435, .T. ) ;
#2133 = DIRECTION ( 'NONE',  ( -0.000000000000000000, 1.000000000000000000, -0.000000000000000000 ) ) ;
#2134 = CIRCLE ( 'NONE', #1081, 0.03999999999999999389 ) ;
#2135 = FILL_AREA_STYLE_COLOUR ( '', #2075 ) ;
#2136 = CARTESIAN_POINT ( 'NONE',  ( 0.05000000000000014155, -0.2025000000000000133, -0.3150000000000002798 ) ) ;
#2137 = VERTEX_POINT ( 'NONE', #1185 ) ;
#2138 = PRESENTATION_LAYER_ASSIGNMENT (  '', '', ( #2176 ) ) ;
#2139 = LINE ( 'NONE', #282, #1999 ) ;
#2140 = VERTEX_POINT ( 'NONE', #2225 ) ;
#2141 = ADVANCED_FACE ( 'NONE', ( #1164 ), #1527, .F. ) ;
#2142 =( GEOMETRIC_REPRESENTATION_CONTEXT ( 3 ) GLOBAL_UNCERTAINTY_ASSIGNED_CONTEXT ( ( #1428 ) ) GLOBAL_UNIT_ASSIGNED_CONTEXT ( ( #146, #2333, #669 ) ) REPRESENTATION_CONTEXT ( 'NONE', 'WORKASPACE' ) );
#2143 = CARTESIAN_POINT ( 'NONE',  ( 0.7599999999999997868, -0.2000000000000000111, 0.4000000000000000777 ) ) ;
#2144 = DIRECTION ( 'NONE',  ( 1.000000000000000000, -0.000000000000000000, -0.000000000000000000 ) ) ;
#2145 = FILL_AREA_STYLE ('',( #734 ) ) ;
#2146 = CIRCLE ( 'NONE', #1510, 0.03999999999999999389 ) ;
#2147 = EDGE_CURVE ( 'NONE', #114, #1322, #2084, .T. ) ;
#2148 = STYLED_ITEM ( 'NONE', ( #2016 ), #1520 ) ;
#2149 = CIRCLE ( 'NONE', #378, 0.03999999999999999389 ) ;
#2150 = SURFACE_SIDE_STYLE ('',( #1426 ) ) ;
#2151 = DIRECTION ( 'NONE',  ( 0.000000000000000000, 0.000000000000000000, 1.000000000000000000 ) ) ;
#2152 = ORIENTED_EDGE ( 'NONE', *, *, #581, .F. ) ;
#2153 = ORIENTED_EDGE ( 'NONE', *, *, #1961, .T. ) ;
#2154 = VERTEX_POINT ( 'NONE', #835 ) ;
#2155 = FACE_OUTER_BOUND ( 'NONE', #1465, .T. ) ;
#2156 = CARTESIAN_POINT ( 'NONE',  ( -0.04999999999999996808, -0.2025000000000000133, -0.3150000000000002798 ) ) ;
#2157 = CARTESIAN_POINT ( 'NONE',  ( 0.000000000000000000, 0.1600000000000000033, 0.3600000000000000977 ) ) ;
#2158 = ADVANCED_FACE ( 'NONE', ( #1897 ), #121, .T. ) ;
#2159 = FILL_AREA_STYLE_COLOUR ( '', #1292 ) ;
#2160 = SURFACE_STYLE_FILL_AREA ( #381 ) ;
#2161 = UNCERTAINTY_MEASURE_WITH_UNIT (LENGTH_MEASURE( 1.000000000000000082E-05 ), #917, 'distance_accuracy_value', 'NONE');
#2162 = ORIENTED_EDGE ( 'NONE', *, *, #85, .F. ) ;
#2163 = LINE ( 'NONE', #555, #1383 ) ;
#2164 = CARTESIAN_POINT ( 'NONE',  ( -0.04999999999999996808, -0.1975000000000000089, 0.05000000000000000278 ) ) ;
#2165 = PLANE ( 'NONE',  #1621 ) ;
#2166 = VERTEX_POINT ( 'NONE', #109 ) ;
#2167 = LINE ( 'NONE', #1619, #853 ) ;
#2168 = LINE ( 'NONE', #561, #1384 ) ;
#2169 = SURFACE_SIDE_STYLE ('',( #2023 ) ) ;
#2170 = VERTEX_POINT ( 'NONE', #1366 ) ;
#2171 = EDGE_CURVE ( 'NONE', #1362, #641, #2092, .T. ) ;
#2172 = VECTOR ( 'NONE', #911, 1000.000000000000000 ) ;
#2173 = PRESENTATION_LAYER_ASSIGNMENT (  '', '', ( #940 ) ) ;
#2174 =( NAMED_UNIT ( * ) PLANE_ANGLE_UNIT ( ) SI_UNIT ( $, .RADIAN. ) );
#2175 = ORIENTED_EDGE ( 'NONE', *, *, #2197, .F. ) ;
#2176 = STYLED_ITEM ( 'NONE', ( #1779 ), #802 ) ;
#2177 =( NAMED_UNIT ( * ) PLANE_ANGLE_UNIT ( ) SI_UNIT ( $, .RADIAN. ) );
#2178 = SURFACE_SIDE_STYLE ('',( #198 ) ) ;
#2179 = VECTOR ( 'NONE', #871, 1000.000000000000000 ) ;
#2180 = SURFACE_SIDE_STYLE ('',( #727 ) ) ;
#2181 = AXIS2_PLACEMENT_3D ( 'NONE', #1989, #2151, #1645 ) ;
#2182 = EDGE_LOOP ( 'NONE', ( #1818, #2011, #1526, #622 ) ) ;
#2183 = UNCERTAINTY_MEASURE_WITH_UNIT (LENGTH_MEASURE( 1.000000000000000082E-05 ), #1216, 'distance_accuracy_value', 'NONE');
#2184 = MECHANICAL_DESIGN_GEOMETRIC_PRESENTATION_REPRESENTATION (  '', ( #454 ), #1969 ) ;
#2185 = STYLED_ITEM ( 'NONE', ( #1002 ), #1672 ) ;
#2186 = EDGE_CURVE ( 'NONE', #2045, #2166, #844, .T. ) ;
#2187 = CARTESIAN_POINT ( 'NONE',  ( 0.000000000000000000, -0.1975000000000000089, 0.000000000000000000 ) ) ;
#2188 = ORIENTED_EDGE ( 'NONE', *, *, #491, .T. ) ;
#2189 = FILL_AREA_STYLE ('',( #1475 ) ) ;
#2190 = FILL_AREA_STYLE ('',( #534 ) ) ;
#2191 = SURFACE_STYLE_USAGE ( .BOTH. , #1622 ) ;
#2192 = ORIENTED_EDGE ( 'NONE', *, *, #196, .T. ) ;
#2193 = AXIS2_PLACEMENT_3D ( 'NONE', #1531, #662, #1017 ) ;
#2194 = ORIENTED_EDGE ( 'NONE', *, *, #196, .F. ) ;
#2195 = FACE_OUTER_BOUND ( 'NONE', #1139, .T. ) ;
#2196 = ORIENTED_EDGE ( 'NONE', *, *, #1864, .F. ) ;
#2197 = EDGE_CURVE ( 'NONE', #1279, #173, #526, .T. ) ;
#2198 = SURFACE_STYLE_USAGE ( .BOTH. , #775 ) ;
#2199 = SURFACE_STYLE_FILL_AREA ( #2189 ) ;
#2200 = SURFACE_STYLE_FILL_AREA ( #1486 ) ;
#2201 = FILL_AREA_STYLE_COLOUR ( '', #102 ) ;
#2202 = FACE_OUTER_BOUND ( 'NONE', #740, .T. ) ;
#2203 = SPHERICAL_SURFACE ( 'NONE', #1167, 0.04000000000000000083 ) ;
#2204 = CARTESIAN_POINT ( 'NONE',  ( 0.7999999999999998224, 0.1600000000000000033, 0.4000000000000000777 ) ) ;
#2205 = UNCERTAINTY_MEASURE_WITH_UNIT (LENGTH_MEASURE( 1.000000000000000082E-05 ), #1377, 'distance_accuracy_value', 'NONE');
#2206 = FACE_OUTER_BOUND ( 'NONE', #359, .T. ) ;
#2207 = ORIENTED_EDGE ( 'NONE', *, *, #472, .T. ) ;
#2208 = ORIENTED_EDGE ( 'NONE', *, *, #2147, .T. ) ;
#2209 = PRESENTATION_LAYER_ASSIGNMENT (  '', '', ( #1008 ) ) ;
#2210 = EDGE_CURVE ( 'NONE', #731, #396, #1566, .T. ) ;
#2211 = DIRECTION ( 'NONE',  ( 1.000000000000000000, 0.000000000000000000, 2.045664476387742783E-16 ) ) ;
#2212 = DIRECTION ( 'NONE',  ( -0.000000000000000000, 1.000000000000000000, -0.000000000000000000 ) ) ;
#2213 = EDGE_CURVE ( 'NONE', #2166, #588, #2149, .T. ) ;
#2214 = CARTESIAN_POINT ( 'NONE',  ( -0.2500000000000000000, -0.1975000000000000089, -0.05000000000000000278 ) ) ;
#2215 = DIRECTION ( 'NONE',  ( -1.000000000000000000, -0.000000000000000000, -0.000000000000000000 ) ) ;
#2216 = PRESENTATION_LAYER_ASSIGNMENT (  '', '', ( #1243 ) ) ;
#2217 = CARTESIAN_POINT ( 'NONE',  ( 0.7999999999999998224, -0.1600000000000000033, 0.4000000000000000777 ) ) ;
#2218 = COLOUR_RGB ( '',0.3176470588235293935, 0.2470588235294117752, 0.2078431372549019440 ) ;
#2219 = AXIS2_PLACEMENT_3D ( 'NONE', #1734, #507, #836 ) ;
#2220 =( GEOMETRIC_REPRESENTATION_CONTEXT ( 3 ) GLOBAL_UNCERTAINTY_ASSIGNED_CONTEXT ( ( #1979 ) ) GLOBAL_UNIT_ASSIGNED_CONTEXT ( ( #999, #795, #621 ) ) REPRESENTATION_CONTEXT ( 'NONE', 'WORKASPACE' ) );
#2221 = VERTEX_POINT ( 'NONE', #484 ) ;
#2222 = PRESENTATION_LAYER_ASSIGNMENT (  '', '', ( #66 ) ) ;
#2223 =( NAMED_UNIT ( * ) PLANE_ANGLE_UNIT ( ) SI_UNIT ( $, .RADIAN. ) );
#2224 =( NAMED_UNIT ( * ) SI_UNIT ( $, .STERADIAN. ) SOLID_ANGLE_UNIT ( ) );
#2225 = CARTESIAN_POINT ( 'NONE',  ( -0.8000000000000002665, 0.1600000000000000033, -0.3599999999999999867 ) ) ;
#2226 = SURFACE_STYLE_USAGE ( .BOTH. , #1165 ) ;
#2227 = DIRECTION ( 'NONE',  ( -1.000000000000000000, -0.000000000000000000, -0.000000000000000000 ) ) ;
#2228 = DIRECTION ( 'NONE',  ( 0.000000000000000000, 0.000000000000000000, -1.000000000000000000 ) ) ;
#2229 = EDGE_CURVE ( 'NONE', #1830, #1067, #1227, .T. ) ;
#2230 = DIRECTION ( 'NONE',  ( -0.000000000000000000, 1.000000000000000000, -0.000000000000000000 ) ) ;
#2231 = STYLED_ITEM ( 'NONE', ( #2111 ), #2012 ) ;
#2232 = SURFACE_SIDE_STYLE ('',( #782 ) ) ;
#2233 = ORIENTED_EDGE ( 'NONE', *, *, #20, .F. ) ;
#2234 = SURFACE_STYLE_USAGE ( .BOTH. , #1511 ) ;
#2235 = LINE ( 'NONE', #1317, #1722 ) ;
#2236 = ORIENTED_EDGE ( 'NONE', *, *, #2210, .F. ) ;
#2237 = CARTESIAN_POINT ( 'NONE',  ( 0.7599999999999997868, 0.2000000000000000111, -0.3599999999999999867 ) ) ;
#2238 = CARTESIAN_POINT ( 'NONE',  ( -0.2500000000000000000, -0.2025000000000000133, -0.3150000000000002798 ) ) ;
#2239 = ADVANCED_FACE ( 'NONE', ( #1028 ), #324, .F. ) ;
#2240 = PRESENTATION_STYLE_ASSIGNMENT (( #1534 ) ) ;
#2241 = VERTEX_POINT ( 'NONE', #1744 ) ;
#2242 = VECTOR ( 'NONE', #608, 1000.000000000000000 ) ;
#2243 =( NAMED_UNIT ( * ) PLANE_ANGLE_UNIT ( ) SI_UNIT ( $, .RADIAN. ) );
#2244 = COLOUR_RGB ( '',0.3176470588235293935, 0.2470588235294117752, 0.2078431372549019440 ) ;
#2245 = CARTESIAN_POINT ( 'NONE',  ( -0.2500000000000000000, -0.2025000000000000133, 0.3150000000000002798 ) ) ;
#2246 = FACE_OUTER_BOUND ( 'NONE', #1290, .T. ) ;
#2247 = DIRECTION ( 'NONE',  ( 0.000000000000000000, 1.000000000000000000, -0.000000000000000000 ) ) ;
#2248 = UNCERTAINTY_MEASURE_WITH_UNIT (LENGTH_MEASURE( 1.000000000000000082E-05 ), #785, 'distance_accuracy_value', 'NONE');
#2249 =( NAMED_UNIT ( * ) SI_UNIT ( $, .STERADIAN. ) SOLID_ANGLE_UNIT ( ) );
#2250 = COLOUR_RGB ( '',0.3176470588235293935, 0.2470588235294117752, 0.2078431372549019440 ) ;
#2251 = VECTOR ( 'NONE', #1574, 1000.000000000000000 ) ;
#2252 = LINE ( 'NONE', #1300, #446 ) ;
#2253 = AXIS2_PLACEMENT_3D ( 'NONE', #1031, #2319, #701 ) ;
#2254 = EDGE_LOOP ( 'NONE', ( #816, #927, #1272, #1706 ) ) ;
#2255 = COLOUR_RGB ( '',0.7921568627450980005, 0.8196078431372548767, 0.9333333333333333481 ) ;
#2256 = ADVANCED_FACE ( 'NONE', ( #1576 ), #872, .F. ) ;
#2257 = VECTOR ( 'NONE', #1777, 1000.000000000000000 ) ;
#2258 = CARTESIAN_POINT ( 'NONE',  ( -0.1533896934313948579, 0.2000000000000000111, -0.2269449850183808404 ) ) ;
#2259 = CARTESIAN_POINT ( 'NONE',  ( -0.6413662620084636945, 0.1990000000000000102, -0.2269449850183808404 ) ) ;
#2260 = LINE ( 'NONE', #649, #1952 ) ;
#2261 = DIRECTION ( 'NONE',  ( -0.000000000000000000, 1.000000000000000000, -0.000000000000000000 ) ) ;
#2262 = CARTESIAN_POINT ( 'NONE',  ( 0.7599999999999997868, -0.1600000000000000033, -0.3599999999999999867 ) ) ;
#2263 = SURFACE_SIDE_STYLE ('',( #113 ) ) ;
#2264 = ORIENTED_EDGE ( 'NONE', *, *, #2112, .T. ) ;
#2265 = LINE ( 'NONE', #1397, #328 ) ;
#2266 = EDGE_LOOP ( 'NONE', ( #457, #2208, #1604, #712 ) ) ;
#2267 = EDGE_CURVE ( 'NONE', #563, #1067, #376, .T. ) ;
#2268 = FACE_OUTER_BOUND ( 'NONE', #502, .T. ) ;
#2269 = CARTESIAN_POINT ( 'NONE',  ( 0.7599999999999998979, 0.2000000000000000111, 0.4000000000000000777 ) ) ;
#2270 = CARTESIAN_POINT ( 'NONE',  ( 0.7599999999999997868, -0.1600000000000000033, 0.3600000000000000977 ) ) ;
#2271 = UNCERTAINTY_MEASURE_WITH_UNIT (LENGTH_MEASURE( 1.000000000000000082E-05 ), #719, 'distance_accuracy_value', 'NONE');
#2272 = LINE ( 'NONE', #2238, #801 ) ;
#2273 = CARTESIAN_POINT ( 'NONE',  ( -0.04999999999999996808, -0.1975000000000000089, 0.3150000000000002798 ) ) ;
#2274 = EDGE_LOOP ( 'NONE', ( #13, #1328, #716, #2233 ) ) ;
#2275 = CYLINDRICAL_SURFACE ( 'NONE', #1915, 0.03999999999999999389 ) ;
#2276 = ORIENTED_EDGE ( 'NONE', *, *, #1696, .T. ) ;
#2277 = EDGE_CURVE ( 'NONE', #1817, #1182, #18, .T. ) ;
#2278 = CIRCLE ( 'NONE', #1120, 0.03999999999999999389 ) ;
#2279 = DIRECTION ( 'NONE',  ( 1.000000000000000000, -0.000000000000000000, -0.000000000000000000 ) ) ;
#2280 = EDGE_CURVE ( 'NONE', #357, #955, #7, .T. ) ;
#2281 = AXIS2_PLACEMENT_3D ( 'NONE', #68, #602, #796 ) ;
#2282 = VECTOR ( 'NONE', #1649, 1000.000000000000000 ) ;
#2283 = MECHANICAL_DESIGN_GEOMETRIC_PRESENTATION_REPRESENTATION (  '', ( #787 ), #1125 ) ;
#2284 =( NAMED_UNIT ( * ) SI_UNIT ( $, .STERADIAN. ) SOLID_ANGLE_UNIT ( ) );
#2285 = MANIFOLD_SOLID_BREP ( 'Boss-Extrude2[6]', #458 ) ;
#2286 = ORIENTED_EDGE ( 'NONE', *, *, #1455, .F. ) ;
#2287 = PRESENTATION_LAYER_ASSIGNMENT (  '', '', ( #1959 ) ) ;
#2288 = MECHANICAL_DESIGN_GEOMETRIC_PRESENTATION_REPRESENTATION (  '', ( #2038 ), #451 ) ;
#2289 = LINE ( 'NONE', #527, #632 ) ;
#2290 = AXIS2_PLACEMENT_3D ( 'NONE', #468, #93, #1938 ) ;
#2291 = VERTEX_POINT ( 'NONE', #351 ) ;
#2292 = CARTESIAN_POINT ( 'NONE',  ( 0.7599999999999997868, -0.1600000000000000033, 0.3600000000000000977 ) ) ;
#2293 = AXIS2_PLACEMENT_3D ( 'NONE', #1899, #1539, #1910 ) ;
#2294 = CARTESIAN_POINT ( 'NONE',  ( 0.05000000000000007910, -0.2025000000000000133, -0.04999999999999998890 ) ) ;
#2295 = CARTESIAN_POINT ( 'NONE',  ( -0.6519885608938986721, -0.2025000000000000133, 0.3149999999999998912 ) ) ;
#2296 = ADVANCED_FACE ( 'NONE', ( #562 ), #1633, .T. ) ;
#2297 = CARTESIAN_POINT ( 'NONE',  ( 0.2500000000000000000, -0.2025000000000000133, 0.3150000000000003353 ) ) ;
#2298 =( LENGTH_UNIT ( ) NAMED_UNIT ( * ) SI_UNIT ( .MILLI., .METRE. ) );
#2299 = MANIFOLD_SOLID_BREP ( 'Boss-Extrude2[2]', #1441 ) ;
#2300 = DIRECTION ( 'NONE',  ( 1.000000000000000000, 0.000000000000000000, 0.000000000000000000 ) ) ;
#2301 = VERTEX_POINT ( 'NONE', #768 ) ;
#2302 = LINE ( 'NONE', #1194, #784 ) ;
#2303 = ORIENTED_EDGE ( 'NONE', *, *, #1643, .T. ) ;
#2304 = CARTESIAN_POINT ( 'NONE',  ( 0.7599999999999998979, -0.1600000000000000033, -0.3599999999999999867 ) ) ;
#2305 = CIRCLE ( 'NONE', #309, 0.03999999999999999389 ) ;
#2306 = CARTESIAN_POINT ( 'NONE',  ( 0.6519885608938982280, -0.1975000000000000089, -0.3150000000000001132 ) ) ;
#2307 = DIRECTION ( 'NONE',  ( -0.000000000000000000, 0.000000000000000000, 1.000000000000000000 ) ) ;
#2308 = CARTESIAN_POINT ( 'NONE',  ( -0.7600000000000002309, -0.2000000000000000111, -0.3999999999999999667 ) ) ;
#2309 = DIRECTION ( 'NONE',  ( 0.000000000000000000, 0.000000000000000000, 1.000000000000000000 ) ) ;
#2310 = CARTESIAN_POINT ( 'NONE',  ( 0.4369885608938982036, -0.2025000000000000133, -0.3150000000000001132 ) ) ;
#2311 = ADVANCED_FACE ( 'NONE', ( #1487 ), #185, .F. ) ;
#2312 = CARTESIAN_POINT ( 'NONE',  ( 0.2500000000000001110, -0.1975000000000000089, 0.05000000000000006523 ) ) ;
#2313 = EDGE_LOOP ( 'NONE', ( #227, #2153, #2129, #2030 ) ) ;
#2314 = DIRECTION ( 'NONE',  ( -0.000000000000000000, 1.000000000000000000, -0.000000000000000000 ) ) ;
#2315 = ORIENTED_EDGE ( 'NONE', *, *, #1855, .F. ) ;
#2316 = DIRECTION ( 'NONE',  ( 0.000000000000000000, 0.000000000000000000, -1.000000000000000000 ) ) ;
#2317 = FACE_OUTER_BOUND ( 'NONE', #2096, .T. ) ;
#2318 = PRESENTATION_STYLE_ASSIGNMENT (( #401 ) ) ;
#2319 = DIRECTION ( 'NONE',  ( 0.000000000000000000, -1.000000000000000000, 0.000000000000000000 ) ) ;
#2320 = FACE_OUTER_BOUND ( 'NONE', #234, .T. ) ;
#2321 = UNCERTAINTY_MEASURE_WITH_UNIT (LENGTH_MEASURE( 1.000000000000000082E-05 ), #1386, 'distance_accuracy_value', 'NONE');
#2322 = EDGE_LOOP ( 'NONE', ( #852, #620, #521, #1452 ) ) ;
#2323 = APPLICATION_PROTOCOL_DEFINITION ( 'draft international standard', 'automotive_design', 1998, #412 ) ;
#2324 = CARTESIAN_POINT ( 'NONE',  ( -0.6413662620084636945, 0.2000000000000000111, 0.2269449850183808404 ) ) ;
#2325 = ORIENTED_EDGE ( 'NONE', *, *, #1994, .T. ) ;
#2326 = AXIS2_PLACEMENT_3D ( 'NONE', #1235, #103, #833 ) ;
#2327 = SURFACE_STYLE_FILL_AREA ( #397 ) ;
#2328 = ORIENTED_EDGE ( 'NONE', *, *, #1237, .F. ) ;
#2329 = VECTOR ( 'NONE', #344, 1000.000000000000000 ) ;
#2330 = ADVANCED_FACE ( 'NONE', ( #2049 ), #1142, .F. ) ;
#2331 = VECTOR ( 'NONE', #1098, 1000.000000000000000 ) ;
#2332 = LINE ( 'NONE', #197, #518 ) ;
#2333 =( NAMED_UNIT ( * ) PLANE_ANGLE_UNIT ( ) SI_UNIT ( $, .RADIAN. ) );
#2334 = PRESENTATION_STYLE_ASSIGNMENT (( #2191 ) ) ;
#2335 = MECHANICAL_DESIGN_GEOMETRIC_PRESENTATION_REPRESENTATION (  '', ( #683 ), #2040 ) ;
#2336 = MECHANICAL_DESIGN_GEOMETRIC_PRESENTATION_REPRESENTATION (  '', ( #1514 ), #723 ) ;
#2337 = DIRECTION ( 'NONE',  ( -1.000000000000000000, 0.000000000000000000, 0.000000000000000000 ) ) ;
#2338 = SURFACE_STYLE_USAGE ( .BOTH. , #897 ) ;
#2339 = ORIENTED_EDGE ( 'NONE', *, *, #874, .F. ) ;
#2340 =( GEOMETRIC_REPRESENTATION_CONTEXT ( 3 ) GLOBAL_UNCERTAINTY_ASSIGNED_CONTEXT ( ( #2321 ) ) GLOBAL_UNIT_ASSIGNED_CONTEXT ( ( #1386, #2093, #1735 ) ) REPRESENTATION_CONTEXT ( 'NONE', 'WORKASPACE' ) );
#2341 = PRODUCT_CONTEXT ( 'NONE', #79, 'mechanical' ) ;
#2342 = FILL_AREA_STYLE_COLOUR ( '', #2250 ) ;
ENDSEC;
END-ISO-10303-21;
