ISO-10303-21;
HEADER;
FILE_DESCRIPTION(('CAx-IF Rec.Pracs.---Model Styling and Organization---1.5---2016-08-15','CAx-IF Rec.Pracs.---Geometric and Assembly Validation Properties---4.4---2016-08-17','CAx-IF Rec.Pracs.---User Defined Attributes---1.5---2016-08-15','CAx-IF Rec.Pracs.---External References---2.1---2005-01-19'),'2;1');
FILE_NAME('MY-PBZ-01gg.stp','2025-12-29T20:16:52',('Unspecified'),('Unspecified'),'CAD Exchanger 3.11.0 (cadexchanger.com)','Unspecified','');
FILE_SCHEMA(('AUTOMOTIVE_DESIGN { 1 0 10303 214 1 1 1 1 }'));
ENDSEC;
DATA;
#1=APPLICATION_CONTEXT('core data for automotive mechanical design processes');
#2=APPLICATION_PROTOCOL_DEFINITION('international standard','automotive_design',2000,#1);
#3=PRODUCT_CONTEXT('',#1,'mechanical');
#4=PRODUCT('PCBModel','PCBModel',$,(#3));
#5=PRODUCT_DEFINITION_FORMATION('',$,#4);
#6=PRODUCT_DEFINITION_CONTEXT('part definition',#1,'design');
#7=PRODUCT_DEFINITION('design',$,#5,#6);
#8=PRODUCT_DEFINITION_SHAPE('',$,#7);
#9=AXIS2_PLACEMENT_3D('',#10,#11,#12);
#10=CARTESIAN_POINT('',(0.0,0.0,0.0));
#11=DIRECTION('',(0.0,0.0,1.0));
#12=DIRECTION('',(1.0,0.0,0.0));
#13=AXIS2_PLACEMENT_3D('',#14,#15,#16);
#14=CARTESIAN_POINT('',(0.0,0.0,1.6000508));
#15=DIRECTION('',(0.0,0.0,1.0));
#16=DIRECTION('',(1.0,0.0,0.0));
#17=(GEOMETRIC_REPRESENTATION_CONTEXT(3)GLOBAL_UNIT_ASSIGNED_CONTEXT((#18,#19,#20))REPRESENTATION_CONTEXT('',''));
#18=(LENGTH_UNIT()NAMED_UNIT(*)SI_UNIT(.MILLI.,.METRE.));
#19=(NAMED_UNIT(*)PLANE_ANGLE_UNIT()SI_UNIT($,.RADIAN.));
#20=(NAMED_UNIT(*)SI_UNIT($,.STERADIAN.)SOLID_ANGLE_UNIT());
#21=SHAPE_REPRESENTATION('',(#9,#13),#17);
#22=SHAPE_DEFINITION_REPRESENTATION(#8,#21);
#23=PRODUCT_RELATED_PRODUCT_CATEGORY('assembly',$,(#4));
#24=(GEOMETRIC_REPRESENTATION_CONTEXT(3)GLOBAL_UNIT_ASSIGNED_CONTEXT((#18,#19,#20))REPRESENTATION_CONTEXT('',''));
#25=SHAPE_REPRESENTATION('',(#9),#24);
#26=(REPRESENTATION_RELATIONSHIP('',$,#25,#21)REPRESENTATION_RELATIONSHIP_WITH_TRANSFORMATION(#27)SHAPE_REPRESENTATION_RELATIONSHIP());
#27=ITEM_DEFINED_TRANSFORMATION('',$,#9,#13);
#28=PRODUCT('LuX6-U1','LuX6-U1',$,(#3));
#29=PRODUCT_DEFINITION_FORMATION('',$,#28);
#30=PRODUCT_DEFINITION('design',$,#29,#6);
#31=NEXT_ASSEMBLY_USAGE_OCCURRENCE('instance_1','','',#7,#30,$);
#32=PRODUCT_DEFINITION_SHAPE('',$,#31);
#33=CONTEXT_DEPENDENT_SHAPE_REPRESENTATION(#26,#32);
#34=PRODUCT_DEFINITION_SHAPE('',$,#30);
#35=SHAPE_DEFINITION_REPRESENTATION(#34,#25);
#36=PRODUCT_RELATED_PRODUCT_CATEGORY('assembly',$,(#28));
#37=(GEOMETRIC_REPRESENTATION_CONTEXT(3)GLOBAL_UNIT_ASSIGNED_CONTEXT((#18,#19,#20))REPRESENTATION_CONTEXT('',''));
#38=SHAPE_REPRESENTATION('',(#9),#37);
#39=(REPRESENTATION_RELATIONSHIP('',$,#38,#25)REPRESENTATION_RELATIONSHIP_WITH_TRANSFORMATION(#40)SHAPE_REPRESENTATION_RELATIONSHIP());
#40=ITEM_DEFINED_TRANSFORMATION('',$,#9,#9);
#41=PRODUCT('CONN-SMD_L4.4-W0.8_ICSRC4408SFR','CONN-SMD_L4.4-W0.8_ICSRC4408SFR',$,(#3));
#42=PRODUCT_DEFINITION_FORMATION('',$,#41);
#43=PRODUCT_DEFINITION('design',$,#42,#6);
#44=NEXT_ASSEMBLY_USAGE_OCCURRENCE('instance_2','','',#30,#43,$);
#45=PRODUCT_DEFINITION_SHAPE('',$,#44);
#46=CONTEXT_DEPENDENT_SHAPE_REPRESENTATION(#39,#45);
#47=PRODUCT_DEFINITION_SHAPE('',$,#43);
#48=SHAPE_DEFINITION_REPRESENTATION(#47,#38);
#49=PRODUCT_RELATED_PRODUCT_CATEGORY('assembly',$,(#41));
#50=MANIFOLD_SOLID_BREP('',#51);
#51=CLOSED_SHELL('',(#52,#94,#1789,#1820,#1844,#1875,#1952,#1983,#2060,#2117,#2129,#2141,#2153,#2165,#2177,#2189,#2229,#2262,#2293,#2326,#2348,#2381,#2412,#2445,#2476,#2498,#2518,#2538,#2578,#2611,#2642,#2666,#2697,#2730,#2761,#2794,#2825,#2847,#2867,#2887,#2927,#2960,#2991,#3024,#3046,#3079,#3110,#3143,#3174,#3196,#3216,#3236,#3276,#3309,#3340,#3364,#3395,#3428,#3459,#3492,#3523,#3545,#3565,#3585,#3616,#3640,#3664,#3688,#3712,#3729,#3743,#3779,#3803,#3832,#3861,#3890,#3919,#3948,#3977,#4001,#4030,#4059,#4088,#4117,#4139,#4161,#4192,#4216,#4240,#4264,#4288,#4312,#4336,#4360,#4384,#4408,#4432,#4449,#4469,#4599,#4621,#4642,#4663,#4684,#4705,#4722,#4734,#4765,#4789,#4813,#4842,#4871,#4900,#4922,#4937,#5061,#5083,#5100,#5117,#5134,#5151,#5168,#5185,#5197,#5228,#5252,#5281,#5305,#5334,#5351,#5365,#5396,#5420,#5444,#5468,#5492,#5516,#5540,#5564,#5588,#5612,#5636,#5653,#5673,#5873,#5899,#5916,#5937,#5958,#5975,#5996,#6017,#6038,#6059,#6076,#6093,#6110,#6127,#6143,#6179,#6208,#6237,#6266,#6295,#6324,#6348,#6365,#6381,#6417,#6441,#6470,#6499,#6528,#6557,#6586,#6615,#6644,#6673,#6702,#6731,#6755,#6784,#6813,#6842,#6871,#6900,#6929,#6958,#6980,#7009,#7040,#7064,#7093,#7117,#7141,#7165,#7189,#7213,#7237,#7266,#7295,#7319,#7348,#7377,#7394,#7417,#7448,#7472,#7496,#7520,#7544,#7568,#7592,#7616,#7640,#7664,#7688,#7705,#7725,#7855,#7877,#7898,#7919,#7940,#7961,#7978,#7990,#8021,#8045,#8069,#8098,#8127,#8156,#8178,#8193,#8317,#8339,#8356,#8373,#8390,#8407,#8424,#8441,#8453,#8484,#8508,#8537,#8561,#8590,#8607,#8621,#8946,#8972,#8993,#9014,#9035,#9056,#9077,#9098,#9119,#9140,#9161,#9182,#9203,#9220,#9237,#9254,#9271,#9292,#9313,#9334,#9355,#9376,#9397,#9418,#9435,#9456,#9477,#9494,#9515,#9536,#9557,#9574,#9595,#9611,#9656,#9684));
#52=ADVANCED_FACE('',(#53),#89,.F.);
#53=FACE_BOUND('',#54,.T.);
#54=EDGE_LOOP('',(#55,#66,#74,#83));
#55=ORIENTED_EDGE('',*,*,#56,.T.);
#56=EDGE_CURVE('',#57,#59,#61,.T.);
#57=VERTEX_POINT('',#58);
#58=CARTESIAN_POINT('',(-2.199999952,0.199999996,0.0));
#59=VERTEX_POINT('',#60);
#60=CARTESIAN_POINT('',(-1.999999957,1.626303223E-16,0.0));
#61=CIRCLE('',#62,0.199999996);
#62=AXIS2_PLACEMENT_3D('',#63,#64,#65);
#63=CARTESIAN_POINT('',(-2.199999952,1.626303223E-16,0.0));
#64=DIRECTION('',(0.0,0.0,-1.0));
#65=DIRECTION('',(-1.0,0.0,0.0));
#66=ORIENTED_EDGE('',*,*,#67,.T.);
#67=EDGE_CURVE('',#59,#68,#70,.T.);
#68=VERTEX_POINT('',#69);
#69=CARTESIAN_POINT('',(-1.999999957,1.626303223E-16,0.149999997));
#70=LINE('',#71,#72);
#71=CARTESIAN_POINT('',(-1.999999957,1.626303223E-16,-0.049999999));
#72=VECTOR('',#73,1.0);
#73=DIRECTION('',(0.0,0.0,1.0));
#74=ORIENTED_EDGE('',*,*,#75,.T.);
#75=EDGE_CURVE('',#68,#76,#78,.T.);
#76=VERTEX_POINT('',#77);
#77=CARTESIAN_POINT('',(-2.199999952,0.199999996,0.149999997));
#78=CIRCLE('',#79,0.199999996);
#79=AXIS2_PLACEMENT_3D('',#80,#81,#82);
#80=CARTESIAN_POINT('',(-2.199999952,1.626303223E-16,0.149999997));
#81=DIRECTION('',(0.0,0.0,1.0));
#82=DIRECTION('',(1.0,0.0,0.0));
#83=ORIENTED_EDGE('',*,*,#84,.T.);
#84=EDGE_CURVE('',#76,#57,#85,.F.);
#85=LINE('',#86,#87);
#86=CARTESIAN_POINT('',(-2.199999952,0.199999996,-0.049999999));
#87=VECTOR('',#88,1.0);
#88=DIRECTION('',(0.0,0.0,1.0));
#89=CYLINDRICAL_SURFACE('',#90,0.199999996);
#90=AXIS2_PLACEMENT_3D('',#91,#92,#93);
#91=CARTESIAN_POINT('',(-2.199999952,1.626303223E-16,-0.049999999));
#92=DIRECTION('',(0.0,0.0,1.0));
#93=DIRECTION('',(1.0,0.0,0.0));
#94=ADVANCED_FACE('',(#95,#222,#344,#442,#568,#799,#849,#947,#1009,#1075,#1264,#1362,#1424,#1490),#1784,.F.);
#95=FACE_BOUND('',#96,.T.);
#96=EDGE_LOOP('',(#97,#107,#115,#124,#133,#141,#150,#159,#167,#175,#183,#191,#199,#207,#216));
#97=ORIENTED_EDGE('',*,*,#98,.T.);
#98=EDGE_CURVE('',#99,#101,#103,.F.);
#99=VERTEX_POINT('',#100);
#100=CARTESIAN_POINT('',(0.056736847,-0.025951078,0.149999997));
#101=VERTEX_POINT('',#102);
#102=CARTESIAN_POINT('',(0.06554013,-0.025951078,0.149999997));
#103=LINE('',#104,#105);
#104=CARTESIAN_POINT('',(0.056736847,-0.025951078,0.149999997));
#105=VECTOR('',#106,1.0);
#106=DIRECTION('',(-1.0,0.0,0.0));
#107=ORIENTED_EDGE('',*,*,#108,.T.);
#108=EDGE_CURVE('',#101,#109,#111,.F.);
#109=VERTEX_POINT('',#110);
#110=CARTESIAN_POINT('',(0.04356658,-0.081682101,0.149999997));
#111=LINE('',#112,#113);
#112=CARTESIAN_POINT('',(0.06554013,-0.025951078,0.149999997));
#113=VECTOR('',#114,1.0);
#114=DIRECTION('',(0.366797679,0.930300738,0.0));
#115=ORIENTED_EDGE('',*,*,#116,.T.);
#116=EDGE_CURVE('',#109,#117,#119,.F.);
#117=VERTEX_POINT('',#118);
#118=CARTESIAN_POINT('',(0.02628927,-0.097174494,0.149999997));
#119=B_SPLINE_CURVE_WITH_KNOTS('',3,(#120,#121,#122,#123),.UNSPECIFIED.,.F.,.U.,(4,4),(1.0,2.0),.PIECEWISE_BEZIER_KNOTS.);
#120=CARTESIAN_POINT('',(0.02628927,-0.097174494,0.149999997));
#121=CARTESIAN_POINT('',(0.033723539,-0.097174494,0.149999997));
#122=CARTESIAN_POINT('',(0.039476866,-0.092010363,0.149999997));
#123=CARTESIAN_POINT('',(0.04356658,-0.081682101,0.149999997));
#124=ORIENTED_EDGE('',*,*,#125,.T.);
#125=EDGE_CURVE('',#117,#126,#128,.F.);
#126=VERTEX_POINT('',#127);
#127=CARTESIAN_POINT('',(0.020813211,-0.096481322,0.149999997));
#128=B_SPLINE_CURVE_WITH_KNOTS('',3,(#129,#130,#131,#132),.UNSPECIFIED.,.F.,.U.,(4,4),(2.0,3.0),.PIECEWISE_BEZIER_KNOTS.);
#129=CARTESIAN_POINT('',(0.020813211,-0.096481322,0.149999997));
#130=CARTESIAN_POINT('',(0.02232086,-0.096931883,0.149999997));
#131=CARTESIAN_POINT('',(0.024157766,-0.097174494,0.149999997));
#132=CARTESIAN_POINT('',(0.02628927,-0.097174494,0.149999997));
#133=ORIENTED_EDGE('',*,*,#134,.T.);
#134=EDGE_CURVE('',#126,#135,#137,.F.);
#135=VERTEX_POINT('',#136);
#136=CARTESIAN_POINT('',(0.020813211,-0.088925748,0.149999997));
#137=LINE('',#138,#139);
#138=CARTESIAN_POINT('',(0.020813211,-0.096481322,0.149999997));
#139=VECTOR('',#140,1.0);
#140=DIRECTION('',(0.0,-1.0,0.0));
#141=ORIENTED_EDGE('',*,*,#142,.T.);
#142=EDGE_CURVE('',#135,#143,#145,.F.);
#143=VERTEX_POINT('',#144);
#144=CARTESIAN_POINT('',(0.025630756,-0.089896188,0.149999997));
#145=B_SPLINE_CURVE_WITH_KNOTS('',3,(#146,#147,#148,#149),.UNSPECIFIED.,.F.,.U.,(4,4),(4.0,5.0),.PIECEWISE_BEZIER_KNOTS.);
#146=CARTESIAN_POINT('',(0.025630756,-0.089896188,0.149999997));
#147=CARTESIAN_POINT('',(0.02407112,-0.089896188,0.149999997));
#148=CARTESIAN_POINT('',(0.022476824,-0.089584261,0.149999997));
#149=CARTESIAN_POINT('',(0.020813211,-0.088925748,0.149999997));
#150=ORIENTED_EDGE('',*,*,#151,.T.);
#151=EDGE_CURVE('',#143,#152,#154,.F.);
#152=VERTEX_POINT('',#153);
#153=CARTESIAN_POINT('',(0.034330064,-0.083068445,0.149999997));
#154=B_SPLINE_CURVE_WITH_KNOTS('',3,(#155,#156,#157,#158),.UNSPECIFIED.,.F.,.U.,(4,4),(5.0,6.0),.PIECEWISE_BEZIER_KNOTS.);
#155=CARTESIAN_POINT('',(0.034330064,-0.083068445,0.149999997));
#156=CARTESIAN_POINT('',(0.032406512,-0.08764338,0.149999997));
#157=CARTESIAN_POINT('',(0.029512519,-0.089896188,0.149999997));
#158=CARTESIAN_POINT('',(0.025630756,-0.089896188,0.149999997));
#159=ORIENTED_EDGE('',*,*,#160,.T.);
#160=EDGE_CURVE('',#152,#161,#163,.F.);
#161=VERTEX_POINT('',#162);
#162=CARTESIAN_POINT('',(0.038055863,-0.074265161,0.149999997));
#163=LINE('',#164,#165);
#164=CARTESIAN_POINT('',(0.034330064,-0.083068445,0.149999997));
#165=VECTOR('',#166,1.0);
#166=DIRECTION('',(-0.389758265,-0.920917203,0.0));
#167=ORIENTED_EDGE('',*,*,#168,.T.);
#168=EDGE_CURVE('',#161,#169,#171,.F.);
#169=VERTEX_POINT('',#170);
#170=CARTESIAN_POINT('',(0.019062952,-0.025951078,0.149999997));
#171=LINE('',#172,#173);
#172=CARTESIAN_POINT('',(0.038055863,-0.074265161,0.149999997));
#173=VECTOR('',#174,1.0);
#174=DIRECTION('',(0.365858922,-0.930670323,0.0));
#175=ORIENTED_EDGE('',*,*,#176,.T.);
#176=EDGE_CURVE('',#169,#177,#179,.F.);
#177=VERTEX_POINT('',#178);
#178=CARTESIAN_POINT('',(0.028559408,-0.025951078,0.149999997));
#179=LINE('',#180,#181);
#180=CARTESIAN_POINT('',(0.019062952,-0.025951078,0.149999997));
#181=VECTOR('',#182,1.0);
#182=DIRECTION('',(-1.0,0.0,0.0));
#183=ORIENTED_EDGE('',*,*,#184,.T.);
#184=EDGE_CURVE('',#177,#185,#187,.F.);
#185=VERTEX_POINT('',#186);
#186=CARTESIAN_POINT('',(0.041209795,-0.062342604,0.149999997));
#187=LINE('',#188,#189);
#188=CARTESIAN_POINT('',(0.028559408,-0.025951078,0.149999997));
#189=VECTOR('',#190,1.0);
#190=DIRECTION('',(-0.328346165,0.94455746,0.0));
#191=ORIENTED_EDGE('',*,*,#192,.T.);
#192=EDGE_CURVE('',#185,#193,#195,.F.);
#193=VERTEX_POINT('',#194);
#194=CARTESIAN_POINT('',(0.042249553,-0.066328343,0.149999997));
#195=LINE('',#196,#197);
#196=CARTESIAN_POINT('',(0.041209795,-0.062342604,0.149999997));
#197=VECTOR('',#198,1.0);
#198=DIRECTION('',(-0.252421897,0.967617272,0.0));
#199=ORIENTED_EDGE('',*,*,#200,.T.);
#200=EDGE_CURVE('',#193,#201,#203,.F.);
#201=VERTEX_POINT('',#202);
#202=CARTESIAN_POINT('',(0.042474834,-0.066328343,0.149999997));
#203=LINE('',#204,#205);
#204=CARTESIAN_POINT('',(0.042249553,-0.066328343,0.149999997));
#205=VECTOR('',#206,1.0);
#206=DIRECTION('',(-1.0,0.0,0.0));
#207=ORIENTED_EDGE('',*,*,#208,.T.);
#208=EDGE_CURVE('',#201,#209,#211,.F.);
#209=VERTEX_POINT('',#210);
#210=CARTESIAN_POINT('',(0.043514592,-0.062411921,0.149999997));
#211=B_SPLINE_CURVE_WITH_KNOTS('',3,(#212,#213,#214,#215),.UNSPECIFIED.,.F.,.U.,(4,4),(12.0,13.0),.PIECEWISE_BEZIER_KNOTS.);
#212=CARTESIAN_POINT('',(0.043514592,-0.062411921,0.149999997));
#213=CARTESIAN_POINT('',(0.042994713,-0.064110193,0.149999997));
#214=CARTESIAN_POINT('',(0.042648127,-0.065427219,0.149999997));
#215=CARTESIAN_POINT('',(0.042474834,-0.066328343,0.149999997));
#216=ORIENTED_EDGE('',*,*,#217,.T.);
#217=EDGE_CURVE('',#209,#99,#218,.F.);
#218=LINE('',#219,#220);
#219=CARTESIAN_POINT('',(0.043514592,-0.062411921,0.149999997));
#220=VECTOR('',#221,1.0);
#221=DIRECTION('',(-0.340917796,-0.94009311,0.0));
#222=FACE_BOUND('',#223,.T.);
#223=EDGE_LOOP('',(#224,#235,#244,#252,#260,#268,#276,#285,#294,#303,#312,#320,#329,#338));
#224=ORIENTED_EDGE('',*,*,#225,.T.);
#225=EDGE_CURVE('',#226,#228,#230,.F.);
#226=VERTEX_POINT('',#227);
#227=CARTESIAN_POINT('',(-0.063736435,-0.02934762,0.149999997));
#228=VERTEX_POINT('',#229);
#229=CARTESIAN_POINT('',(-0.04706565,-0.024842003,0.149999997));
#230=B_SPLINE_CURVE_WITH_KNOTS('',3,(#231,#232,#233,#234),.UNSPECIFIED.,.F.,.U.,(4,4),(0.0,1.0),.PIECEWISE_BEZIER_KNOTS.);
#231=CARTESIAN_POINT('',(-0.04706565,-0.024842003,0.149999997));
#232=CARTESIAN_POINT('',(-0.053373514,-0.024842003,0.149999997));
#233=CARTESIAN_POINT('',(-0.058936219,-0.026332322,0.149999997));
#234=CARTESIAN_POINT('',(-0.063736435,-0.02934762,0.149999997));
#235=ORIENTED_EDGE('',*,*,#236,.T.);
#236=EDGE_CURVE('',#228,#237,#239,.F.);
#237=VERTEX_POINT('',#238);
#238=CARTESIAN_POINT('',(-0.029563059,-0.043211059,0.149999997));
#239=B_SPLINE_CURVE_WITH_KNOTS('',3,(#240,#241,#242,#243),.UNSPECIFIED.,.F.,.U.,(4,4),(1.0,2.0),.PIECEWISE_BEZIER_KNOTS.);
#240=CARTESIAN_POINT('',(-0.029563059,-0.043211059,0.149999997));
#241=CARTESIAN_POINT('',(-0.029563059,-0.030941916,0.149999997));
#242=CARTESIAN_POINT('',(-0.035403032,-0.024842003,0.149999997));
#243=CARTESIAN_POINT('',(-0.04706565,-0.024842003,0.149999997));
#244=ORIENTED_EDGE('',*,*,#245,.T.);
#245=EDGE_CURVE('',#237,#246,#248,.F.);
#246=VERTEX_POINT('',#247);
#247=CARTESIAN_POINT('',(-0.029563059,-0.074369137,0.149999997));
#248=LINE('',#249,#250);
#249=CARTESIAN_POINT('',(-0.029563059,-0.043211059,0.149999997));
#250=VECTOR('',#251,1.0);
#251=DIRECTION('',(0.0,1.0,0.0));
#252=ORIENTED_EDGE('',*,*,#253,.T.);
#253=EDGE_CURVE('',#246,#254,#256,.F.);
#254=VERTEX_POINT('',#255);
#255=CARTESIAN_POINT('',(-0.038054415,-0.074369137,0.149999997));
#256=LINE('',#257,#258);
#257=CARTESIAN_POINT('',(-0.029563059,-0.074369137,0.149999997));
#258=VECTOR('',#259,1.0);
#259=DIRECTION('',(1.0,0.0,0.0));
#260=ORIENTED_EDGE('',*,*,#261,.T.);
#261=EDGE_CURVE('',#254,#262,#264,.F.);
#262=VERTEX_POINT('',#263);
#263=CARTESIAN_POINT('',(-0.038054415,-0.06688288,0.149999997));
#264=LINE('',#265,#266);
#265=CARTESIAN_POINT('',(-0.038054415,-0.074369137,0.149999997));
#266=VECTOR('',#267,1.0);
#267=DIRECTION('',(0.0,-1.0,0.0));
#268=ORIENTED_EDGE('',*,*,#269,.T.);
#269=EDGE_CURVE('',#262,#270,#272,.F.);
#270=VERTEX_POINT('',#271);
#271=CARTESIAN_POINT('',(-0.038279696,-0.06688288,0.149999997));
#272=LINE('',#273,#274);
#273=CARTESIAN_POINT('',(-0.038054415,-0.06688288,0.149999997));
#274=VECTOR('',#275,1.0);
#275=DIRECTION('',(1.0,0.0,0.0));
#276=ORIENTED_EDGE('',*,*,#277,.T.);
#277=EDGE_CURVE('',#270,#278,#280,.F.);
#278=VERTEX_POINT('',#279);
#279=CARTESIAN_POINT('',(-0.053113575,-0.075512871,0.149999997));
#280=B_SPLINE_CURVE_WITH_KNOTS('',3,(#281,#282,#283,#284),.UNSPECIFIED.,.F.,.U.,(4,4),(6.0,7.0),.PIECEWISE_BEZIER_KNOTS.);
#281=CARTESIAN_POINT('',(-0.053113575,-0.075512871,0.149999997));
#282=CARTESIAN_POINT('',(-0.046580429,-0.075512871,0.149999997));
#283=CARTESIAN_POINT('',(-0.04162425,-0.072636207,0.149999997));
#284=CARTESIAN_POINT('',(-0.038279696,-0.06688288,0.149999997));
#285=ORIENTED_EDGE('',*,*,#286,.T.);
#286=EDGE_CURVE('',#278,#287,#289,.F.);
#287=VERTEX_POINT('',#288);
#288=CARTESIAN_POINT('',(-0.064308301,-0.071700425,0.149999997));
#289=B_SPLINE_CURVE_WITH_KNOTS('',3,(#290,#291,#292,#293),.UNSPECIFIED.,.F.,.U.,(4,4),(7.0,8.0),.PIECEWISE_BEZIER_KNOTS.);
#290=CARTESIAN_POINT('',(-0.064308301,-0.071700425,0.149999997));
#291=CARTESIAN_POINT('',(-0.061535614,-0.074230503,0.149999997));
#292=CARTESIAN_POINT('',(-0.057809815,-0.075512871,0.149999997));
#293=CARTESIAN_POINT('',(-0.053113575,-0.075512871,0.149999997));
#294=ORIENTED_EDGE('',*,*,#295,.T.);
#295=EDGE_CURVE('',#287,#296,#298,.F.);
#296=VERTEX_POINT('',#297);
#297=CARTESIAN_POINT('',(-0.068467333,-0.061406822,0.149999997));
#298=B_SPLINE_CURVE_WITH_KNOTS('',3,(#299,#300,#301,#302),.UNSPECIFIED.,.F.,.U.,(4,4),(8.0,9.0),.PIECEWISE_BEZIER_KNOTS.);
#299=CARTESIAN_POINT('',(-0.068467333,-0.061406822,0.149999997));
#300=CARTESIAN_POINT('',(-0.068467333,-0.065739147,0.149999997));
#301=CARTESIAN_POINT('',(-0.067080989,-0.069170348,0.149999997));
#302=CARTESIAN_POINT('',(-0.064308301,-0.071700425,0.149999997));
#303=ORIENTED_EDGE('',*,*,#304,.T.);
#304=EDGE_CURVE('',#296,#305,#307,.F.);
#305=VERTEX_POINT('',#306);
#306=CARTESIAN_POINT('',(-0.052403074,-0.045602502,0.149999997));
#307=B_SPLINE_CURVE_WITH_KNOTS('',3,(#308,#309,#310,#311),.UNSPECIFIED.,.F.,.U.,(4,4),(9.0,10.0),.PIECEWISE_BEZIER_KNOTS.);
#308=CARTESIAN_POINT('',(-0.052403074,-0.045602502,0.149999997));
#309=CARTESIAN_POINT('',(-0.06311258,-0.047092822,0.149999997));
#310=CARTESIAN_POINT('',(-0.068467333,-0.052360928,0.149999997));
#311=CARTESIAN_POINT('',(-0.068467333,-0.061406822,0.149999997));
#312=ORIENTED_EDGE('',*,*,#313,.T.);
#313=EDGE_CURVE('',#305,#314,#316,.F.);
#314=VERTEX_POINT('',#315);
#315=CARTESIAN_POINT('',(-0.038054415,-0.043592303,0.149999997));
#316=LINE('',#317,#318);
#317=CARTESIAN_POINT('',(-0.052403074,-0.045602502,0.149999997));
#318=VECTOR('',#319,1.0);
#319=DIRECTION('',(-0.990328604,-0.138741688,0.0));
#320=ORIENTED_EDGE('',*,*,#321,.T.);
#321=EDGE_CURVE('',#314,#322,#324,.F.);
#322=VERTEX_POINT('',#323);
#323=CARTESIAN_POINT('',(-0.047862797,-0.031739063,0.149999997));
#324=B_SPLINE_CURVE_WITH_KNOTS('',3,(#325,#326,#327,#328),.UNSPECIFIED.,.F.,.U.,(4,4),(11.0,12.0),.PIECEWISE_BEZIER_KNOTS.);
#325=CARTESIAN_POINT('',(-0.047862797,-0.031739063,0.149999997));
#326=CARTESIAN_POINT('',(-0.041329652,-0.031739063,0.149999997));
#327=CARTESIAN_POINT('',(-0.038054415,-0.035690143,0.149999997));
#328=CARTESIAN_POINT('',(-0.038054415,-0.043592303,0.149999997));
#329=ORIENTED_EDGE('',*,*,#330,.T.);
#330=EDGE_CURVE('',#322,#331,#333,.F.);
#331=VERTEX_POINT('',#332);
#332=CARTESIAN_POINT('',(-0.063736435,-0.037596366,0.149999997));
#333=B_SPLINE_CURVE_WITH_KNOTS('',3,(#334,#335,#336,#337),.UNSPECIFIED.,.F.,.U.,(4,4),(12.0,13.0),.PIECEWISE_BEZIER_KNOTS.);
#334=CARTESIAN_POINT('',(-0.063736435,-0.037596366,0.149999997));
#335=CARTESIAN_POINT('',(-0.058953548,-0.033714603,0.149999997));
#336=CARTESIAN_POINT('',(-0.053668112,-0.031739063,0.149999997));
#337=CARTESIAN_POINT('',(-0.047862797,-0.031739063,0.149999997));
#338=ORIENTED_EDGE('',*,*,#339,.T.);
#339=EDGE_CURVE('',#331,#226,#340,.F.);
#340=LINE('',#341,#342);
#341=CARTESIAN_POINT('',(-0.063736435,-0.037596366,0.149999997));
#342=VECTOR('',#343,1.0);
#343=DIRECTION('',(0.0,-1.0,0.0));
#344=FACE_BOUND('',#345,.T.);
#345=EDGE_LOOP('',(#346,#356,#364,#372,#380,#388,#396,#404,#412,#420,#428,#436));
#346=ORIENTED_EDGE('',*,*,#347,.T.);
#347=EDGE_CURVE('',#348,#350,#352,.F.);
#348=VERTEX_POINT('',#349);
#349=CARTESIAN_POINT('',(-0.076594774,-0.06664027,0.149999997));
#350=VERTEX_POINT('',#351);
#351=CARTESIAN_POINT('',(-0.076594774,-0.074369137,0.149999997));
#352=LINE('',#353,#354);
#353=CARTESIAN_POINT('',(-0.076594774,-0.06664027,0.149999997));
#354=VECTOR('',#355,1.0);
#355=DIRECTION('',(0.0,1.0,0.0));
#356=ORIENTED_EDGE('',*,*,#357,.T.);
#357=EDGE_CURVE('',#350,#358,#360,.F.);
#358=VERTEX_POINT('',#359);
#359=CARTESIAN_POINT('',(-0.113055617,-0.074369137,0.149999997));
#360=LINE('',#361,#362);
#361=CARTESIAN_POINT('',(-0.076594774,-0.074369137,0.149999997));
#362=VECTOR('',#363,1.0);
#363=DIRECTION('',(1.0,0.0,0.0));
#364=ORIENTED_EDGE('',*,*,#365,.T.);
#365=EDGE_CURVE('',#358,#366,#368,.F.);
#366=VERTEX_POINT('',#367);
#367=CARTESIAN_POINT('',(-0.113055617,-0.006576922,0.149999997));
#368=LINE('',#369,#370);
#369=CARTESIAN_POINT('',(-0.113055617,-0.074369137,0.149999997));
#370=VECTOR('',#371,1.0);
#371=DIRECTION('',(0.0,-1.0,0.0));
#372=ORIENTED_EDGE('',*,*,#373,.T.);
#373=EDGE_CURVE('',#366,#374,#376,.F.);
#374=VERTEX_POINT('',#375);
#375=CARTESIAN_POINT('',(-0.078137081,-0.006576922,0.149999997));
#376=LINE('',#377,#378);
#377=CARTESIAN_POINT('',(-0.113055617,-0.006576922,0.149999997));
#378=VECTOR('',#379,1.0);
#379=DIRECTION('',(-1.0,0.0,0.0));
#380=ORIENTED_EDGE('',*,*,#381,.T.);
#381=EDGE_CURVE('',#374,#382,#384,.F.);
#382=VERTEX_POINT('',#383);
#383=CARTESIAN_POINT('',(-0.078137081,-0.014375107,0.149999997));
#384=LINE('',#385,#386);
#385=CARTESIAN_POINT('',(-0.078137081,-0.006576922,0.149999997));
#386=VECTOR('',#387,1.0);
#387=DIRECTION('',(0.0,1.0,0.0));
#388=ORIENTED_EDGE('',*,*,#389,.T.);
#389=EDGE_CURVE('',#382,#390,#392,.F.);
#390=VERTEX_POINT('',#391);
#391=CARTESIAN_POINT('',(-0.104304322,-0.014375107,0.149999997));
#392=LINE('',#393,#394);
#393=CARTESIAN_POINT('',(-0.078137081,-0.014375107,0.149999997));
#394=VECTOR('',#395,1.0);
#395=DIRECTION('',(1.0,0.0,0.0));
#396=ORIENTED_EDGE('',*,*,#397,.T.);
#397=EDGE_CURVE('',#390,#398,#400,.F.);
#398=VERTEX_POINT('',#399);
#399=CARTESIAN_POINT('',(-0.104304322,-0.036071388,0.149999997));
#400=LINE('',#401,#402);
#401=CARTESIAN_POINT('',(-0.104304322,-0.014375107,0.149999997));
#402=VECTOR('',#403,1.0);
#403=DIRECTION('',(0.0,1.0,0.0));
#404=ORIENTED_EDGE('',*,*,#405,.T.);
#405=EDGE_CURVE('',#398,#406,#408,.F.);
#406=VERTEX_POINT('',#407);
#407=CARTESIAN_POINT('',(-0.080060634,-0.036071388,0.149999997));
#408=LINE('',#409,#410);
#409=CARTESIAN_POINT('',(-0.104304322,-0.036071388,0.149999997));
#410=VECTOR('',#411,1.0);
#411=DIRECTION('',(-1.0,0.0,0.0));
#412=ORIENTED_EDGE('',*,*,#413,.T.);
#413=EDGE_CURVE('',#406,#414,#416,.F.);
#414=VERTEX_POINT('',#415);
#415=CARTESIAN_POINT('',(-0.080060634,-0.043834914,0.149999997));
#416=LINE('',#417,#418);
#417=CARTESIAN_POINT('',(-0.080060634,-0.036071388,0.149999997));
#418=VECTOR('',#419,1.0);
#419=DIRECTION('',(0.0,1.0,0.0));
#420=ORIENTED_EDGE('',*,*,#421,.T.);
#421=EDGE_CURVE('',#414,#422,#424,.F.);
#422=VERTEX_POINT('',#423);
#423=CARTESIAN_POINT('',(-0.104304322,-0.043834914,0.149999997));
#424=LINE('',#425,#426);
#425=CARTESIAN_POINT('',(-0.080060634,-0.043834914,0.149999997));
#426=VECTOR('',#427,1.0);
#427=DIRECTION('',(1.0,0.0,0.0));
#428=ORIENTED_EDGE('',*,*,#429,.T.);
#429=EDGE_CURVE('',#422,#430,#432,.F.);
#430=VERTEX_POINT('',#431);
#431=CARTESIAN_POINT('',(-0.104304322,-0.06664027,0.149999997));
#432=LINE('',#433,#434);
#433=CARTESIAN_POINT('',(-0.104304322,-0.043834914,0.149999997));
#434=VECTOR('',#435,1.0);
#435=DIRECTION('',(0.0,1.0,0.0));
#436=ORIENTED_EDGE('',*,*,#437,.T.);
#437=EDGE_CURVE('',#430,#348,#438,.F.);
#438=LINE('',#439,#440);
#439=CARTESIAN_POINT('',(-0.104304322,-0.06664027,0.149999997));
#440=VECTOR('',#441,1.0);
#441=DIRECTION('',(-1.0,0.0,0.0));
#442=FACE_BOUND('',#443,.T.);
#443=EDGE_LOOP('',(#444,#455,#464,#473,#482,#491,#500,#508,#517,#526,#535,#544,#553,#562));
#444=ORIENTED_EDGE('',*,*,#445,.T.);
#445=EDGE_CURVE('',#446,#448,#450,.F.);
#446=VERTEX_POINT('',#447);
#447=CARTESIAN_POINT('',(-0.023775073,0.035983834,0.149999997));
#448=VERTEX_POINT('',#449);
#449=CARTESIAN_POINT('',(-0.042542703,0.032032754,0.149999997));
#450=B_SPLINE_CURVE_WITH_KNOTS('',3,(#451,#452,#453,#454),.UNSPECIFIED.,.F.,.U.,(4,4),(0.0,1.0),.PIECEWISE_BEZIER_KNOTS.);
#451=CARTESIAN_POINT('',(-0.042542703,0.032032754,0.149999997));
#452=CARTESIAN_POINT('',(-0.035021787,0.032032754,0.149999997));
#453=CARTESIAN_POINT('',(-0.028765911,0.033349781,0.149999997));
#454=CARTESIAN_POINT('',(-0.023775073,0.035983834,0.149999997));
#455=ORIENTED_EDGE('',*,*,#456,.T.);
#456=EDGE_CURVE('',#448,#457,#459,.F.);
#457=VERTEX_POINT('',#458);
#458=CARTESIAN_POINT('',(-0.06583328,0.041286599,0.149999997));
#459=B_SPLINE_CURVE_WITH_KNOTS('',3,(#460,#461,#462,#463),.UNSPECIFIED.,.F.,.U.,(4,4),(1.0,2.0),.PIECEWISE_BEZIER_KNOTS.);
#460=CARTESIAN_POINT('',(-0.06583328,0.041286599,0.149999997));
#461=CARTESIAN_POINT('',(-0.060027965,0.035117369,0.149999997));
#462=CARTESIAN_POINT('',(-0.052264439,0.032032754,0.149999997));
#463=CARTESIAN_POINT('',(-0.042542703,0.032032754,0.149999997));
#464=ORIENTED_EDGE('',*,*,#465,.T.);
#465=EDGE_CURVE('',#457,#466,#468,.F.);
#466=VERTEX_POINT('',#467);
#467=CARTESIAN_POINT('',(-0.074532587,0.065790227,0.149999997));
#468=B_SPLINE_CURVE_WITH_KNOTS('',3,(#469,#470,#471,#472),.UNSPECIFIED.,.F.,.U.,(4,4),(2.0,3.0),.PIECEWISE_BEZIER_KNOTS.);
#469=CARTESIAN_POINT('',(-0.074532587,0.065790227,0.149999997));
#470=CARTESIAN_POINT('',(-0.074532587,0.055635258,0.149999997));
#471=CARTESIAN_POINT('',(-0.071638595,0.047455829,0.149999997));
#472=CARTESIAN_POINT('',(-0.06583328,0.041286599,0.149999997));
#473=ORIENTED_EDGE('',*,*,#474,.T.);
#474=EDGE_CURVE('',#466,#475,#477,.F.);
#475=VERTEX_POINT('',#476);
#476=CARTESIAN_POINT('',(-0.064741534,0.09213076,0.149999997));
#477=B_SPLINE_CURVE_WITH_KNOTS('',3,(#478,#479,#480,#481),.UNSPECIFIED.,.F.,.U.,(4,4),(3.0,4.0),.PIECEWISE_BEZIER_KNOTS.);
#478=CARTESIAN_POINT('',(-0.064741534,0.09213076,0.149999997));
#479=CARTESIAN_POINT('',(-0.071274679,0.08547631,0.149999997));
#480=CARTESIAN_POINT('',(-0.074532587,0.076707685,0.149999997));
#481=CARTESIAN_POINT('',(-0.074532587,0.065790227,0.149999997));
#482=ORIENTED_EDGE('',*,*,#483,.T.);
#483=EDGE_CURVE('',#475,#484,#486,.F.);
#484=VERTEX_POINT('',#485);
#485=CARTESIAN_POINT('',(-0.039839332,0.102112436,0.149999997));
#486=B_SPLINE_CURVE_WITH_KNOTS('',3,(#487,#488,#489,#490),.UNSPECIFIED.,.F.,.U.,(4,4),(4.0,5.0),.PIECEWISE_BEZIER_KNOTS.);
#487=CARTESIAN_POINT('',(-0.039839332,0.102112436,0.149999997));
#488=CARTESIAN_POINT('',(-0.049907655,0.102112436,0.149999997));
#489=CARTESIAN_POINT('',(-0.058208388,0.098785211,0.149999997));
#490=CARTESIAN_POINT('',(-0.064741534,0.09213076,0.149999997));
#491=ORIENTED_EDGE('',*,*,#492,.T.);
#492=EDGE_CURVE('',#484,#493,#495,.F.);
#493=VERTEX_POINT('',#494);
#494=CARTESIAN_POINT('',(-0.023775073,0.099339748,0.149999997));
#495=B_SPLINE_CURVE_WITH_KNOTS('',3,(#496,#497,#498,#499),.UNSPECIFIED.,.F.,.U.,(4,4),(5.0,6.0),.PIECEWISE_BEZIER_KNOTS.);
#496=CARTESIAN_POINT('',(-0.023775073,0.099339748,0.149999997));
#497=CARTESIAN_POINT('',(-0.028003422,0.101176654,0.149999997));
#498=CARTESIAN_POINT('',(-0.033358175,0.102112436,0.149999997));
#499=CARTESIAN_POINT('',(-0.039839332,0.102112436,0.149999997));
#500=ORIENTED_EDGE('',*,*,#501,.T.);
#501=EDGE_CURVE('',#493,#502,#504,.F.);
#502=VERTEX_POINT('',#503);
#503=CARTESIAN_POINT('',(-0.023775073,0.090189879,0.149999997));
#504=LINE('',#505,#506);
#505=CARTESIAN_POINT('',(-0.023775073,0.099339748,0.149999997));
#506=VECTOR('',#507,1.0);
#507=DIRECTION('',(0.0,1.0,0.0));
#508=ORIENTED_EDGE('',*,*,#509,.T.);
#509=EDGE_CURVE('',#502,#510,#512,.F.);
#510=VERTEX_POINT('',#511);
#511=CARTESIAN_POINT('',(-0.039752686,0.094210276,0.149999997));
#512=B_SPLINE_CURVE_WITH_KNOTS('',3,(#513,#514,#515,#516),.UNSPECIFIED.,.F.,.U.,(4,4),(7.0,8.0),.PIECEWISE_BEZIER_KNOTS.);
#513=CARTESIAN_POINT('',(-0.039752686,0.094210276,0.149999997));
#514=CARTESIAN_POINT('',(-0.033947371,0.094210276,0.149999997));
#515=CARTESIAN_POINT('',(-0.028627276,0.092893249,0.149999997));
#516=CARTESIAN_POINT('',(-0.023775073,0.090189879,0.149999997));
#517=ORIENTED_EDGE('',*,*,#518,.T.);
#518=EDGE_CURVE('',#510,#519,#521,.F.);
#519=VERTEX_POINT('',#520);
#520=CARTESIAN_POINT('',(-0.058225718,0.086689361,0.149999997));
#521=B_SPLINE_CURVE_WITH_KNOTS('',3,(#522,#523,#524,#525),.UNSPECIFIED.,.F.,.U.,(4,4),(8.0,9.0),.PIECEWISE_BEZIER_KNOTS.);
#522=CARTESIAN_POINT('',(-0.058225718,0.086689361,0.149999997));
#523=CARTESIAN_POINT('',(-0.053460161,0.091714857,0.149999997));
#524=CARTESIAN_POINT('',(-0.04730826,0.094210276,0.149999997));
#525=CARTESIAN_POINT('',(-0.039752686,0.094210276,0.149999997));
#526=ORIENTED_EDGE('',*,*,#527,.T.);
#527=EDGE_CURVE('',#519,#528,#530,.F.);
#528=VERTEX_POINT('',#529);
#529=CARTESIAN_POINT('',(-0.065348059,0.066310106,0.149999997));
#530=B_SPLINE_CURVE_WITH_KNOTS('',3,(#531,#532,#533,#534),.UNSPECIFIED.,.F.,.U.,(4,4),(9.0,10.0),.PIECEWISE_BEZIER_KNOTS.);
#531=CARTESIAN_POINT('',(-0.065348059,0.066310106,0.149999997));
#532=CARTESIAN_POINT('',(-0.065348059,0.074836121,0.149999997));
#533=CARTESIAN_POINT('',(-0.062973945,0.081629206,0.149999997));
#534=CARTESIAN_POINT('',(-0.058225718,0.086689361,0.149999997));
#535=ORIENTED_EDGE('',*,*,#536,.T.);
#536=EDGE_CURVE('',#528,#537,#539,.F.);
#537=VERTEX_POINT('',#538);
#538=CARTESIAN_POINT('',(-0.058693609,0.046970609,0.149999997));
#539=B_SPLINE_CURVE_WITH_KNOTS('',3,(#540,#541,#542,#543),.UNSPECIFIED.,.F.,.U.,(4,4),(10.0,11.0),.PIECEWISE_BEZIER_KNOTS.);
#540=CARTESIAN_POINT('',(-0.058693609,0.046970609,0.149999997));
#541=CARTESIAN_POINT('',(-0.063129909,0.051753495,0.149999997));
#542=CARTESIAN_POINT('',(-0.065348059,0.058199994,0.149999997));
#543=CARTESIAN_POINT('',(-0.065348059,0.066310106,0.149999997));
#544=ORIENTED_EDGE('',*,*,#545,.T.);
#545=EDGE_CURVE('',#537,#546,#548,.F.);
#546=VERTEX_POINT('',#547);
#547=CARTESIAN_POINT('',(-0.041277664,0.039830938,0.149999997));
#548=B_SPLINE_CURVE_WITH_KNOTS('',3,(#549,#550,#551,#552),.UNSPECIFIED.,.F.,.U.,(4,4),(11.0,12.0),.PIECEWISE_BEZIER_KNOTS.);
#549=CARTESIAN_POINT('',(-0.041277664,0.039830938,0.149999997));
#550=CARTESIAN_POINT('',(-0.048451994,0.039830938,0.149999997));
#551=CARTESIAN_POINT('',(-0.054257308,0.042222381,0.149999997));
#552=CARTESIAN_POINT('',(-0.058693609,0.046970609,0.149999997));
#553=ORIENTED_EDGE('',*,*,#554,.T.);
#554=EDGE_CURVE('',#546,#555,#557,.F.);
#555=VERTEX_POINT('',#556);
#556=CARTESIAN_POINT('',(-0.023775073,0.044371214,0.149999997));
#557=B_SPLINE_CURVE_WITH_KNOTS('',3,(#558,#559,#560,#561),.UNSPECIFIED.,.F.,.U.,(4,4),(12.0,13.0),.PIECEWISE_BEZIER_KNOTS.);
#558=CARTESIAN_POINT('',(-0.023775073,0.044371214,0.149999997));
#559=CARTESIAN_POINT('',(-0.028731252,0.041355916,0.149999997));
#560=CARTESIAN_POINT('',(-0.034571226,0.039830938,0.149999997));
#561=CARTESIAN_POINT('',(-0.041277664,0.039830938,0.149999997));
#562=ORIENTED_EDGE('',*,*,#563,.T.);
#563=EDGE_CURVE('',#555,#446,#564,.F.);
#564=LINE('',#565,#566);
#565=CARTESIAN_POINT('',(-0.023775073,0.044371214,0.149999997));
#566=VECTOR('',#567,1.0);
#567=DIRECTION('',(0.0,1.0,0.0));
#568=FACE_BOUND('',#569,.T.);
#569=EDGE_LOOP('',(#570,#580,#588,#597,#605,#614,#622,#631,#639,#647,#655,#663,#671,#679,#687,#695,#703,#712,#718,#719,#728,#736,#745,#753,#761,#769,#777,#785,#793));
#570=ORIENTED_EDGE('',*,*,#571,.T.);
#571=EDGE_CURVE('',#572,#574,#576,.F.);
#572=VERTEX_POINT('',#573);
#573=CARTESIAN_POINT('',(1.949999958,-0.249999995,0.149999997));
#574=VERTEX_POINT('',#575);
#575=CARTESIAN_POINT('',(1.949999958,-0.399999991,0.149999997));
#576=LINE('',#577,#578);
#577=CARTESIAN_POINT('',(1.949999958,-0.399999991,0.149999997));
#578=VECTOR('',#579,1.0);
#579=DIRECTION('',(0.0,1.0,0.0));
#580=ORIENTED_EDGE('',*,*,#581,.T.);
#581=EDGE_CURVE('',#574,#582,#584,.T.);
#582=VERTEX_POINT('',#583);
#583=CARTESIAN_POINT('',(2.149999953,-0.399999991,0.149999997));
#584=LINE('',#585,#586);
#585=CARTESIAN_POINT('',(-2.199999952,-0.399999991,0.149999997));
#586=VECTOR('',#587,1.0);
#587=DIRECTION('',(1.0,0.0,0.0));
#588=ORIENTED_EDGE('',*,*,#589,.T.);
#589=EDGE_CURVE('',#582,#590,#592,.T.);
#590=VERTEX_POINT('',#591);
#591=CARTESIAN_POINT('',(2.199999952,-0.349999992,0.149999997));
#592=CIRCLE('',#593,0.049999999);
#593=AXIS2_PLACEMENT_3D('',#594,#595,#596);
#594=CARTESIAN_POINT('',(2.149999953,-0.349999992,0.149999997));
#595=DIRECTION('',(0.0,0.0,1.0));
#596=DIRECTION('',(-1.0,0.0,0.0));
#597=ORIENTED_EDGE('',*,*,#598,.T.);
#598=EDGE_CURVE('',#590,#599,#601,.T.);
#599=VERTEX_POINT('',#600);
#600=CARTESIAN_POINT('',(2.199999952,-0.199999996,0.149999997));
#601=LINE('',#602,#603);
#602=CARTESIAN_POINT('',(2.199999952,-0.399999991,0.149999997));
#603=VECTOR('',#604,1.0);
#604=DIRECTION('',(0.0,1.0,0.0));
#605=ORIENTED_EDGE('',*,*,#606,.T.);
#606=EDGE_CURVE('',#599,#607,#609,.F.);
#607=VERTEX_POINT('',#608);
#608=CARTESIAN_POINT('',(2.199999952,0.199999996,0.149999997));
#609=CIRCLE('',#610,0.199999996);
#610=AXIS2_PLACEMENT_3D('',#611,#612,#613);
#611=CARTESIAN_POINT('',(2.199999952,1.626303223E-16,0.149999997));
#612=DIRECTION('',(0.0,0.0,1.0));
#613=DIRECTION('',(1.0,0.0,0.0));
#614=ORIENTED_EDGE('',*,*,#615,.T.);
#615=EDGE_CURVE('',#607,#616,#618,.T.);
#616=VERTEX_POINT('',#617);
#617=CARTESIAN_POINT('',(2.199999952,0.349999992,0.149999997));
#618=LINE('',#619,#620);
#619=CARTESIAN_POINT('',(2.199999952,-0.399999991,0.149999997));
#620=VECTOR('',#621,1.0);
#621=DIRECTION('',(0.0,1.0,0.0));
#622=ORIENTED_EDGE('',*,*,#623,.T.);
#623=EDGE_CURVE('',#616,#624,#626,.T.);
#624=VERTEX_POINT('',#625);
#625=CARTESIAN_POINT('',(2.149999953,0.399999991,0.149999997));
#626=CIRCLE('',#627,0.049999999);
#627=AXIS2_PLACEMENT_3D('',#628,#629,#630);
#628=CARTESIAN_POINT('',(2.149999953,0.349999992,0.149999997));
#629=DIRECTION('',(0.0,0.0,1.0));
#630=DIRECTION('',(-1.0,0.0,0.0));
#631=ORIENTED_EDGE('',*,*,#632,.T.);
#632=EDGE_CURVE('',#624,#633,#635,.T.);
#633=VERTEX_POINT('',#634);
#634=CARTESIAN_POINT('',(1.949999958,0.399999991,0.149999997));
#635=LINE('',#636,#637);
#636=CARTESIAN_POINT('',(-2.199999952,0.399999991,0.149999997));
#637=VECTOR('',#638,1.0);
#638=DIRECTION('',(-1.0,0.0,0.0));
#639=ORIENTED_EDGE('',*,*,#640,.T.);
#640=EDGE_CURVE('',#633,#641,#643,.F.);
#641=VERTEX_POINT('',#642);
#642=CARTESIAN_POINT('',(1.949999958,0.249999995,0.149999997));
#643=LINE('',#644,#645);
#644=CARTESIAN_POINT('',(1.949999958,0.249999995,0.149999997));
#645=VECTOR('',#646,1.0);
#646=DIRECTION('',(0.0,1.0,0.0));
#647=ORIENTED_EDGE('',*,*,#648,.T.);
#648=EDGE_CURVE('',#641,#649,#651,.T.);
#649=VERTEX_POINT('',#650);
#650=CARTESIAN_POINT('',(0.749999984,0.249999995,0.149999997));
#651=LINE('',#652,#653);
#652=CARTESIAN_POINT('',(1.949999958,0.249999995,0.149999997));
#653=VECTOR('',#654,1.0);
#654=DIRECTION('',(-1.0,0.0,0.0));
#655=ORIENTED_EDGE('',*,*,#656,.T.);
#656=EDGE_CURVE('',#649,#657,#659,.T.);
#657=VERTEX_POINT('',#658);
#658=CARTESIAN_POINT('',(0.749999984,0.399999991,0.149999997));
#659=LINE('',#660,#661);
#660=CARTESIAN_POINT('',(0.749999984,0.249999995,0.149999997));
#661=VECTOR('',#662,1.0);
#662=DIRECTION('',(0.0,1.0,0.0));
#663=ORIENTED_EDGE('',*,*,#664,.T.);
#664=EDGE_CURVE('',#657,#665,#667,.T.);
#665=VERTEX_POINT('',#666);
#666=CARTESIAN_POINT('',(-0.749999984,0.399999991,0.149999997));
#667=LINE('',#668,#669);
#668=CARTESIAN_POINT('',(-2.199999952,0.399999991,0.149999997));
#669=VECTOR('',#670,1.0);
#670=DIRECTION('',(-1.0,0.0,0.0));
#671=ORIENTED_EDGE('',*,*,#672,.T.);
#672=EDGE_CURVE('',#665,#673,#675,.F.);
#673=VERTEX_POINT('',#674);
#674=CARTESIAN_POINT('',(-0.749999984,0.249999995,0.149999997));
#675=LINE('',#676,#677);
#676=CARTESIAN_POINT('',(-0.749999984,0.249999995,0.149999997));
#677=VECTOR('',#678,1.0);
#678=DIRECTION('',(0.0,1.0,0.0));
#679=ORIENTED_EDGE('',*,*,#680,.T.);
#680=EDGE_CURVE('',#673,#681,#683,.T.);
#681=VERTEX_POINT('',#682);
#682=CARTESIAN_POINT('',(-1.949999958,0.249999995,0.149999997));
#683=LINE('',#684,#685);
#684=CARTESIAN_POINT('',(-0.749999984,0.249999995,0.149999997));
#685=VECTOR('',#686,1.0);
#686=DIRECTION('',(-1.0,0.0,0.0));
#687=ORIENTED_EDGE('',*,*,#688,.T.);
#688=EDGE_CURVE('',#681,#689,#691,.T.);
#689=VERTEX_POINT('',#690);
#690=CARTESIAN_POINT('',(-1.949999958,0.399999991,0.149999997));
#691=LINE('',#692,#693);
#692=CARTESIAN_POINT('',(-1.949999958,0.249999995,0.149999997));
#693=VECTOR('',#694,1.0);
#694=DIRECTION('',(0.0,1.0,0.0));
#695=ORIENTED_EDGE('',*,*,#696,.T.);
#696=EDGE_CURVE('',#689,#697,#699,.T.);
#697=VERTEX_POINT('',#698);
#698=CARTESIAN_POINT('',(-2.149999953,0.399999991,0.149999997));
#699=LINE('',#700,#701);
#700=CARTESIAN_POINT('',(-2.199999952,0.399999991,0.149999997));
#701=VECTOR('',#702,1.0);
#702=DIRECTION('',(-1.0,0.0,0.0));
#703=ORIENTED_EDGE('',*,*,#704,.T.);
#704=EDGE_CURVE('',#697,#705,#707,.T.);
#705=VERTEX_POINT('',#706);
#706=CARTESIAN_POINT('',(-2.199999952,0.349999992,0.149999997));
#707=CIRCLE('',#708,0.049999999);
#708=AXIS2_PLACEMENT_3D('',#709,#710,#711);
#709=CARTESIAN_POINT('',(-2.149999953,0.349999992,0.149999997));
#710=DIRECTION('',(0.0,0.0,1.0));
#711=DIRECTION('',(-1.0,0.0,0.0));
#712=ORIENTED_EDGE('',*,*,#713,.T.);
#713=EDGE_CURVE('',#705,#76,#714,.T.);
#714=LINE('',#715,#716);
#715=CARTESIAN_POINT('',(-2.199999952,-0.399999991,0.149999997));
#716=VECTOR('',#717,1.0);
#717=DIRECTION('',(0.0,-1.0,0.0));
#718=ORIENTED_EDGE('',*,*,#75,.F.);
#719=ORIENTED_EDGE('',*,*,#720,.T.);
#720=EDGE_CURVE('',#68,#721,#723,.F.);
#721=VERTEX_POINT('',#722);
#722=CARTESIAN_POINT('',(-2.199999952,-0.199999996,0.149999997));
#723=CIRCLE('',#724,0.199999996);
#724=AXIS2_PLACEMENT_3D('',#725,#726,#727);
#725=CARTESIAN_POINT('',(-2.199999952,1.626303223E-16,0.149999997));
#726=DIRECTION('',(0.0,0.0,1.0));
#727=DIRECTION('',(1.0,0.0,0.0));
#728=ORIENTED_EDGE('',*,*,#729,.T.);
#729=EDGE_CURVE('',#721,#730,#732,.T.);
#730=VERTEX_POINT('',#731);
#731=CARTESIAN_POINT('',(-2.199999952,-0.349999992,0.149999997));
#732=LINE('',#733,#734);
#733=CARTESIAN_POINT('',(-2.199999952,-0.399999991,0.149999997));
#734=VECTOR('',#735,1.0);
#735=DIRECTION('',(0.0,-1.0,0.0));
#736=ORIENTED_EDGE('',*,*,#737,.T.);
#737=EDGE_CURVE('',#730,#738,#740,.T.);
#738=VERTEX_POINT('',#739);
#739=CARTESIAN_POINT('',(-2.149999953,-0.399999991,0.149999997));
#740=CIRCLE('',#741,0.049999999);
#741=AXIS2_PLACEMENT_3D('',#742,#743,#744);
#742=CARTESIAN_POINT('',(-2.149999953,-0.349999992,0.149999997));
#743=DIRECTION('',(0.0,0.0,1.0));
#744=DIRECTION('',(-1.0,0.0,0.0));
#745=ORIENTED_EDGE('',*,*,#746,.T.);
#746=EDGE_CURVE('',#738,#747,#749,.T.);
#747=VERTEX_POINT('',#748);
#748=CARTESIAN_POINT('',(-1.949999958,-0.399999991,0.149999997));
#749=LINE('',#750,#751);
#750=CARTESIAN_POINT('',(-2.199999952,-0.399999991,0.149999997));
#751=VECTOR('',#752,1.0);
#752=DIRECTION('',(1.0,0.0,0.0));
#753=ORIENTED_EDGE('',*,*,#754,.T.);
#754=EDGE_CURVE('',#747,#755,#757,.T.);
#755=VERTEX_POINT('',#756);
#756=CARTESIAN_POINT('',(-1.949999958,-0.249999995,0.149999997));
#757=LINE('',#758,#759);
#758=CARTESIAN_POINT('',(-1.949999958,-0.399999991,0.149999997));
#759=VECTOR('',#760,1.0);
#760=DIRECTION('',(0.0,1.0,0.0));
#761=ORIENTED_EDGE('',*,*,#762,.T.);
#762=EDGE_CURVE('',#755,#763,#765,.F.);
#763=VERTEX_POINT('',#764);
#764=CARTESIAN_POINT('',(-0.749999984,-0.249999995,0.149999997));
#765=LINE('',#766,#767);
#766=CARTESIAN_POINT('',(-0.749999984,-0.249999995,0.149999997));
#767=VECTOR('',#768,1.0);
#768=DIRECTION('',(-1.0,0.0,0.0));
#769=ORIENTED_EDGE('',*,*,#770,.T.);
#770=EDGE_CURVE('',#763,#771,#773,.F.);
#771=VERTEX_POINT('',#772);
#772=CARTESIAN_POINT('',(-0.749999984,-0.399999991,0.149999997));
#773=LINE('',#774,#775);
#774=CARTESIAN_POINT('',(-0.749999984,-0.399999991,0.149999997));
#775=VECTOR('',#776,1.0);
#776=DIRECTION('',(0.0,1.0,0.0));
#777=ORIENTED_EDGE('',*,*,#778,.T.);
#778=EDGE_CURVE('',#771,#779,#781,.T.);
#779=VERTEX_POINT('',#780);
#780=CARTESIAN_POINT('',(0.749999984,-0.399999991,0.149999997));
#781=LINE('',#782,#783);
#782=CARTESIAN_POINT('',(-2.199999952,-0.399999991,0.149999997));
#783=VECTOR('',#784,1.0);
#784=DIRECTION('',(1.0,0.0,0.0));
#785=ORIENTED_EDGE('',*,*,#786,.T.);
#786=EDGE_CURVE('',#779,#787,#789,.T.);
#787=VERTEX_POINT('',#788);
#788=CARTESIAN_POINT('',(0.749999984,-0.249999995,0.149999997));
#789=LINE('',#790,#791);
#790=CARTESIAN_POINT('',(0.749999984,-0.399999991,0.149999997));
#791=VECTOR('',#792,1.0);
#792=DIRECTION('',(0.0,1.0,0.0));
#793=ORIENTED_EDGE('',*,*,#794,.T.);
#794=EDGE_CURVE('',#787,#572,#795,.F.);
#795=LINE('',#796,#797);
#796=CARTESIAN_POINT('',(1.949999958,-0.249999995,0.149999997));
#797=VECTOR('',#798,1.0);
#798=DIRECTION('',(-1.0,0.0,0.0));
#799=FACE_BOUND('',#800,.T.);
#800=EDGE_LOOP('',(#801,#811,#819,#827,#835,#843));
#801=ORIENTED_EDGE('',*,*,#802,.T.);
#802=EDGE_CURVE('',#803,#805,#807,.F.);
#803=VERTEX_POINT('',#804);
#804=CARTESIAN_POINT('',(-0.077305275,0.040905355,0.149999997));
#805=VERTEX_POINT('',#806);
#806=CARTESIAN_POINT('',(-0.077305275,0.033176488,0.149999997));
#807=LINE('',#808,#809);
#808=CARTESIAN_POINT('',(-0.077305275,0.040905355,0.149999997));
#809=VECTOR('',#810,1.0);
#810=DIRECTION('',(0.0,1.0,0.0));
#811=ORIENTED_EDGE('',*,*,#812,.T.);
#812=EDGE_CURVE('',#805,#813,#815,.F.);
#813=VERTEX_POINT('',#814);
#814=CARTESIAN_POINT('',(-0.113055617,0.033176488,0.149999997));
#815=LINE('',#816,#817);
#816=CARTESIAN_POINT('',(-0.077305275,0.033176488,0.149999997));
#817=VECTOR('',#818,1.0);
#818=DIRECTION('',(1.0,0.0,0.0));
#819=ORIENTED_EDGE('',*,*,#820,.T.);
#820=EDGE_CURVE('',#813,#821,#823,.F.);
#821=VERTEX_POINT('',#822);
#822=CARTESIAN_POINT('',(-0.113055617,0.100968702,0.149999997));
#823=LINE('',#824,#825);
#824=CARTESIAN_POINT('',(-0.113055617,0.033176488,0.149999997));
#825=VECTOR('',#826,1.0);
#826=DIRECTION('',(0.0,-1.0,0.0));
#827=ORIENTED_EDGE('',*,*,#828,.T.);
#828=EDGE_CURVE('',#821,#829,#831,.F.);
#829=VERTEX_POINT('',#830);
#830=CARTESIAN_POINT('',(-0.104304322,0.100968702,0.149999997));
#831=LINE('',#832,#833);
#832=CARTESIAN_POINT('',(-0.113055617,0.100968702,0.149999997));
#833=VECTOR('',#834,1.0);
#834=DIRECTION('',(-1.0,0.0,0.0));
#835=ORIENTED_EDGE('',*,*,#836,.T.);
#836=EDGE_CURVE('',#829,#837,#839,.F.);
#837=VERTEX_POINT('',#838);
#838=CARTESIAN_POINT('',(-0.104304322,0.040905355,0.149999997));
#839=LINE('',#840,#841);
#840=CARTESIAN_POINT('',(-0.104304322,0.100968702,0.149999997));
#841=VECTOR('',#842,1.0);
#842=DIRECTION('',(0.0,1.0,0.0));
#843=ORIENTED_EDGE('',*,*,#844,.T.);
#844=EDGE_CURVE('',#837,#803,#845,.F.);
#845=LINE('',#846,#847);
#846=CARTESIAN_POINT('',(-0.104304322,0.040905355,0.149999997));
#847=VECTOR('',#848,1.0);
#848=DIRECTION('',(-1.0,0.0,0.0));
#849=FACE_BOUND('',#850,.T.);
#850=EDGE_LOOP('',(#851,#861,#869,#877,#885,#893,#901,#909,#917,#925,#933,#941));
#851=ORIENTED_EDGE('',*,*,#852,.T.);
#852=EDGE_CURVE('',#853,#855,#857,.F.);
#853=VERTEX_POINT('',#854);
#854=CARTESIAN_POINT('',(0.026254611,0.040905355,0.149999997));
#855=VERTEX_POINT('',#856);
#856=CARTESIAN_POINT('',(0.026254611,0.033176488,0.149999997));
#857=LINE('',#858,#859);
#858=CARTESIAN_POINT('',(0.026254611,0.040905355,0.149999997));
#859=VECTOR('',#860,1.0);
#860=DIRECTION('',(0.0,1.0,0.0));
#861=ORIENTED_EDGE('',*,*,#862,.T.);
#862=EDGE_CURVE('',#855,#863,#865,.F.);
#863=VERTEX_POINT('',#864);
#864=CARTESIAN_POINT('',(-0.010206232,0.033176488,0.149999997));
#865=LINE('',#866,#867);
#866=CARTESIAN_POINT('',(0.026254611,0.033176488,0.149999997));
#867=VECTOR('',#868,1.0);
#868=DIRECTION('',(1.0,0.0,0.0));
#869=ORIENTED_EDGE('',*,*,#870,.T.);
#870=EDGE_CURVE('',#863,#871,#873,.F.);
#871=VERTEX_POINT('',#872);
#872=CARTESIAN_POINT('',(-0.010206232,0.100968702,0.149999997));
#873=LINE('',#874,#875);
#874=CARTESIAN_POINT('',(-0.010206232,0.033176488,0.149999997));
#875=VECTOR('',#876,1.0);
#876=DIRECTION('',(0.0,-1.0,0.0));
#877=ORIENTED_EDGE('',*,*,#878,.T.);
#878=EDGE_CURVE('',#871,#879,#881,.F.);
#879=VERTEX_POINT('',#880);
#880=CARTESIAN_POINT('',(0.024712304,0.100968702,0.149999997));
#881=LINE('',#882,#883);
#882=CARTESIAN_POINT('',(-0.010206232,0.100968702,0.149999997));
#883=VECTOR('',#884,1.0);
#884=DIRECTION('',(-1.0,0.0,0.0));
#885=ORIENTED_EDGE('',*,*,#886,.T.);
#886=EDGE_CURVE('',#879,#887,#889,.F.);
#887=VERTEX_POINT('',#888);
#888=CARTESIAN_POINT('',(0.024712304,0.093170518,0.149999997));
#889=LINE('',#890,#891);
#890=CARTESIAN_POINT('',(0.024712304,0.100968702,0.149999997));
#891=VECTOR('',#892,1.0);
#892=DIRECTION('',(0.0,1.0,0.0));
#893=ORIENTED_EDGE('',*,*,#894,.T.);
#894=EDGE_CURVE('',#887,#895,#897,.F.);
#895=VERTEX_POINT('',#896);
#896=CARTESIAN_POINT('',(-0.001454937,0.093170518,0.149999997));
#897=LINE('',#898,#899);
#898=CARTESIAN_POINT('',(0.024712304,0.093170518,0.149999997));
#899=VECTOR('',#900,1.0);
#900=DIRECTION('',(1.0,0.0,0.0));
#901=ORIENTED_EDGE('',*,*,#902,.T.);
#902=EDGE_CURVE('',#895,#903,#905,.F.);
#903=VERTEX_POINT('',#904);
#904=CARTESIAN_POINT('',(-0.001454937,0.071474237,0.149999997));
#905=LINE('',#906,#907);
#906=CARTESIAN_POINT('',(-0.001454937,0.093170518,0.149999997));
#907=VECTOR('',#908,1.0);
#908=DIRECTION('',(0.0,1.0,0.0));
#909=ORIENTED_EDGE('',*,*,#910,.T.);
#910=EDGE_CURVE('',#903,#911,#913,.F.);
#911=VERTEX_POINT('',#912);
#912=CARTESIAN_POINT('',(0.022788751,0.071474237,0.149999997));
#913=LINE('',#914,#915);
#914=CARTESIAN_POINT('',(-0.001454937,0.071474237,0.149999997));
#915=VECTOR('',#916,1.0);
#916=DIRECTION('',(-1.0,0.0,0.0));
#917=ORIENTED_EDGE('',*,*,#918,.T.);
#918=EDGE_CURVE('',#911,#919,#921,.F.);
#919=VERTEX_POINT('',#920);
#920=CARTESIAN_POINT('',(0.022788751,0.063710711,0.149999997));
#921=LINE('',#922,#923);
#922=CARTESIAN_POINT('',(0.022788751,0.071474237,0.149999997));
#923=VECTOR('',#924,1.0);
#924=DIRECTION('',(0.0,1.0,0.0));
#925=ORIENTED_EDGE('',*,*,#926,.T.);
#926=EDGE_CURVE('',#919,#927,#929,.F.);
#927=VERTEX_POINT('',#928);
#928=CARTESIAN_POINT('',(-0.001454937,0.063710711,0.149999997));
#929=LINE('',#930,#931);
#930=CARTESIAN_POINT('',(0.022788751,0.063710711,0.149999997));
#931=VECTOR('',#932,1.0);
#932=DIRECTION('',(1.0,0.0,0.0));
#933=ORIENTED_EDGE('',*,*,#934,.T.);
#934=EDGE_CURVE('',#927,#935,#937,.F.);
#935=VERTEX_POINT('',#936);
#936=CARTESIAN_POINT('',(-0.001454937,0.040905355,0.149999997));
#937=LINE('',#938,#939);
#938=CARTESIAN_POINT('',(-0.001454937,0.063710711,0.149999997));
#939=VECTOR('',#940,1.0);
#940=DIRECTION('',(0.0,1.0,0.0));
#941=ORIENTED_EDGE('',*,*,#942,.T.);
#942=EDGE_CURVE('',#935,#853,#943,.F.);
#943=LINE('',#944,#945);
#944=CARTESIAN_POINT('',(-0.001454937,0.040905355,0.149999997));
#945=VECTOR('',#946,1.0);
#946=DIRECTION('',(-1.0,0.0,0.0));
#947=FACE_BOUND('',#948,.T.);
#948=EDGE_LOOP('',(#949,#959,#967,#975,#984,#993,#1002));
#949=ORIENTED_EDGE('',*,*,#950,.T.);
#950=EDGE_CURVE('',#951,#953,#955,.F.);
#951=VERTEX_POINT('',#952);
#952=CARTESIAN_POINT('',(0.057707287,0.033176488,0.149999997));
#953=VERTEX_POINT('',#954);
#954=CARTESIAN_POINT('',(0.039060962,0.033176488,0.149999997));
#955=LINE('',#956,#957);
#956=CARTESIAN_POINT('',(0.057707287,0.033176488,0.149999997));
#957=VECTOR('',#958,1.0);
#958=DIRECTION('',(1.0,0.0,0.0));
#959=ORIENTED_EDGE('',*,*,#960,.T.);
#960=EDGE_CURVE('',#953,#961,#963,.F.);
#961=VERTEX_POINT('',#962);
#962=CARTESIAN_POINT('',(0.039060962,0.100968702,0.149999997));
#963=LINE('',#964,#965);
#964=CARTESIAN_POINT('',(0.039060962,0.033176488,0.149999997));
#965=VECTOR('',#966,1.0);
#966=DIRECTION('',(0.0,-1.0,0.0));
#967=ORIENTED_EDGE('',*,*,#968,.T.);
#968=EDGE_CURVE('',#961,#969,#971,.F.);
#969=VERTEX_POINT('',#970);
#970=CARTESIAN_POINT('',(0.058400459,0.100968702,0.149999997));
#971=LINE('',#972,#973);
#972=CARTESIAN_POINT('',(0.039060962,0.100968702,0.149999997));
#973=VECTOR('',#974,1.0);
#974=DIRECTION('',(-1.0,0.0,0.0));
#975=ORIENTED_EDGE('',*,*,#976,.T.);
#976=EDGE_CURVE('',#969,#977,#979,.F.);
#977=VERTEX_POINT('',#978);
#978=CARTESIAN_POINT('',(0.084030491,0.091992126,0.149999997));
#979=B_SPLINE_CURVE_WITH_KNOTS('',3,(#980,#981,#982,#983),.UNSPECIFIED.,.F.,.U.,(4,4),(2.0,3.0),.PIECEWISE_BEZIER_KNOTS.);
#980=CARTESIAN_POINT('',(0.084030491,0.091992126,0.149999997));
#981=CARTESIAN_POINT('',(0.077220077,0.097988063,0.149999997));
#982=CARTESIAN_POINT('',(0.068676733,0.100968702,0.149999997));
#983=CARTESIAN_POINT('',(0.058400459,0.100968702,0.149999997));
#984=ORIENTED_EDGE('',*,*,#985,.T.);
#985=EDGE_CURVE('',#977,#986,#988,.F.);
#986=VERTEX_POINT('',#987);
#987=CARTESIAN_POINT('',(0.094254777,0.06793906,0.149999997));
#988=B_SPLINE_CURVE_WITH_KNOTS('',3,(#989,#990,#991,#992),.UNSPECIFIED.,.F.,.U.,(4,4),(3.0,4.0),.PIECEWISE_BEZIER_KNOTS.);
#989=CARTESIAN_POINT('',(0.094254777,0.06793906,0.149999997));
#990=CARTESIAN_POINT('',(0.094254777,0.077990053,0.149999997));
#991=CARTESIAN_POINT('',(0.090840906,0.085996189,0.149999997));
#992=CARTESIAN_POINT('',(0.084030491,0.091992126,0.149999997));
#993=ORIENTED_EDGE('',*,*,#994,.T.);
#994=EDGE_CURVE('',#986,#995,#997,.F.);
#995=VERTEX_POINT('',#996);
#996=CARTESIAN_POINT('',(0.084030491,0.042672943,0.149999997));
#997=B_SPLINE_CURVE_WITH_KNOTS('',3,(#998,#999,#1000,#1001),.UNSPECIFIED.,.F.,.U.,(4,4),(4.0,5.0),.PIECEWISE_BEZIER_KNOTS.);
#998=CARTESIAN_POINT('',(0.084030491,0.042672943,0.149999997));
#999=CARTESIAN_POINT('',(0.090840906,0.049015466,0.149999997));
#1000=CARTESIAN_POINT('',(0.094254777,0.057437505,0.149999997));
#1001=CARTESIAN_POINT('',(0.094254777,0.06793906,0.149999997));
#1002=ORIENTED_EDGE('',*,*,#1003,.T.);
#1003=EDGE_CURVE('',#995,#951,#1004,.F.);
#1004=B_SPLINE_CURVE_WITH_KNOTS('',3,(#1005,#1006,#1007,#1008),.UNSPECIFIED.,.F.,.U.,(4,4),(5.0,6.0),.PIECEWISE_BEZIER_KNOTS.);
#1005=CARTESIAN_POINT('',(0.057707287,0.033176488,0.149999997));
#1006=CARTESIAN_POINT('',(0.068434123,0.033176488,0.149999997));
#1007=CARTESIAN_POINT('',(0.077220077,0.03633042,0.149999997));
#1008=CARTESIAN_POINT('',(0.084030491,0.042672943,0.149999997));
#1009=FACE_BOUND('',#1010,.T.);
#1010=EDGE_LOOP('',(#1011,#1021,#1029,#1037,#1045,#1053,#1061,#1069));
#1011=ORIENTED_EDGE('',*,*,#1012,.T.);
#1012=EDGE_CURVE('',#1013,#1015,#1017,.F.);
#1013=VERTEX_POINT('',#1014);
#1014=CARTESIAN_POINT('',(0.13319371,0.100968702,0.149999997));
#1015=VERTEX_POINT('',#1016);
#1016=CARTESIAN_POINT('',(0.159014365,0.033176488,0.149999997));
#1017=LINE('',#1018,#1019);
#1018=CARTESIAN_POINT('',(0.13319371,0.100968702,0.149999997));
#1019=VECTOR('',#1020,1.0);
#1020=DIRECTION('',(-0.355935724,0.934510439,0.0));
#1021=ORIENTED_EDGE('',*,*,#1022,.T.);
#1022=EDGE_CURVE('',#1015,#1023,#1025,.F.);
#1023=VERTEX_POINT('',#1024);
#1024=CARTESIAN_POINT('',(0.149344616,0.033176488,0.149999997));
#1025=LINE('',#1026,#1027);
#1026=CARTESIAN_POINT('',(0.159014365,0.033176488,0.149999997));
#1027=VECTOR('',#1028,1.0);
#1028=DIRECTION('',(1.0,0.0,0.0));
#1029=ORIENTED_EDGE('',*,*,#1030,.T.);
#1030=EDGE_CURVE('',#1023,#1031,#1033,.F.);
#1031=VERTEX_POINT('',#1032);
#1032=CARTESIAN_POINT('',(0.142430226,0.051718837,0.149999997));
#1033=LINE('',#1034,#1035);
#1034=CARTESIAN_POINT('',(0.149344616,0.033176488,0.149999997));
#1035=VECTOR('',#1036,1.0);
#1036=DIRECTION('',(0.349395479,-0.936975346,0.0));
#1037=ORIENTED_EDGE('',*,*,#1038,.T.);
#1038=EDGE_CURVE('',#1031,#1039,#1041,.F.);
#1039=VERTEX_POINT('',#1040);
#1040=CARTESIAN_POINT('',(0.1142008,0.051718837,0.149999997));
#1041=LINE('',#1042,#1043);
#1042=CARTESIAN_POINT('',(0.142430226,0.051718837,0.149999997));
#1043=VECTOR('',#1044,1.0);
#1044=DIRECTION('',(1.0,0.0,0.0));
#1045=ORIENTED_EDGE('',*,*,#1046,.T.);
#1046=EDGE_CURVE('',#1039,#1047,#1049,.F.);
#1047=VERTEX_POINT('',#1048);
#1048=CARTESIAN_POINT('',(0.107684983,0.033176488,0.149999997));
#1049=LINE('',#1050,#1051);
#1050=CARTESIAN_POINT('',(0.1142008,0.051718837,0.149999997));
#1051=VECTOR('',#1052,1.0);
#1052=DIRECTION('',(0.331528418,0.943445233,0.0));
#1053=ORIENTED_EDGE('',*,*,#1054,.T.);
#1054=EDGE_CURVE('',#1047,#1055,#1057,.F.);
#1055=VERTEX_POINT('',#1056);
#1056=CARTESIAN_POINT('',(0.098015235,0.033176488,0.149999997));
#1057=LINE('',#1058,#1059);
#1058=CARTESIAN_POINT('',(0.107684983,0.033176488,0.149999997));
#1059=VECTOR('',#1060,1.0);
#1060=DIRECTION('',(1.0,0.0,0.0));
#1061=ORIENTED_EDGE('',*,*,#1062,.T.);
#1062=EDGE_CURVE('',#1055,#1063,#1065,.F.);
#1063=VERTEX_POINT('',#1064);
#1064=CARTESIAN_POINT('',(0.123835889,0.100968702,0.149999997));
#1065=LINE('',#1066,#1067);
#1066=CARTESIAN_POINT('',(0.098015235,0.033176488,0.149999997));
#1067=VECTOR('',#1068,1.0);
#1068=DIRECTION('',(-0.355935724,-0.934510439,0.0));
#1069=ORIENTED_EDGE('',*,*,#1070,.T.);
#1070=EDGE_CURVE('',#1063,#1013,#1071,.F.);
#1071=LINE('',#1072,#1073);
#1072=CARTESIAN_POINT('',(0.123835889,0.100968702,0.149999997));
#1073=VECTOR('',#1074,1.0);
#1074=DIRECTION('',(-1.0,0.0,0.0));
#1075=FACE_BOUND('',#1076,.T.);
#1076=EDGE_LOOP('',(#1077,#1088,#1097,#1106,#1115,#1124,#1133,#1142,#1151,#1160,#1168,#1177,#1186,#1195,#1204,#1213,#1222,#1231,#1240,#1249,#1258));
#1077=ORIENTED_EDGE('',*,*,#1078,.T.);
#1078=EDGE_CURVE('',#1079,#1081,#1083,.F.);
#1079=VERTEX_POINT('',#1080);
#1080=CARTESIAN_POINT('',(-0.018056404,-0.063902241,0.149999997));
#1081=VERTEX_POINT('',#1082);
#1082=CARTESIAN_POINT('',(-0.00408899,-0.068581151,0.149999997));
#1083=B_SPLINE_CURVE_WITH_KNOTS('',3,(#1084,#1085,#1086,#1087),.UNSPECIFIED.,.F.,.U.,(4,4),(0.0,1.0),.PIECEWISE_BEZIER_KNOTS.);
#1084=CARTESIAN_POINT('',(-0.00408899,-0.068581151,0.149999997));
#1085=CARTESIAN_POINT('',(-0.009079828,-0.068581151,0.149999997));
#1086=CARTESIAN_POINT('',(-0.01372408,-0.067021515,0.149999997));
#1087=CARTESIAN_POINT('',(-0.018056404,-0.063902241,0.149999997));
#1088=ORIENTED_EDGE('',*,*,#1089,.T.);
#1089=EDGE_CURVE('',#1081,#1090,#1092,.F.);
#1090=VERTEX_POINT('',#1091);
#1091=CARTESIAN_POINT('',(0.005927344,-0.062030677,0.149999997));
#1092=B_SPLINE_CURVE_WITH_KNOTS('',3,(#1093,#1094,#1095,#1096),.UNSPECIFIED.,.F.,.U.,(4,4),(1.0,2.0),.PIECEWISE_BEZIER_KNOTS.);
#1093=CARTESIAN_POINT('',(0.005927344,-0.062030677,0.149999997));
#1094=CARTESIAN_POINT('',(0.005927344,-0.06639766,0.149999997));
#1095=CARTESIAN_POINT('',(0.00258279,-0.068581151,0.149999997));
#1096=CARTESIAN_POINT('',(-0.00408899,-0.068581151,0.149999997));
#1097=ORIENTED_EDGE('',*,*,#1098,.T.);
#1098=EDGE_CURVE('',#1090,#1099,#1101,.F.);
#1099=VERTEX_POINT('',#1100);
#1100=CARTESIAN_POINT('',(0.003743853,-0.057421083,0.149999997));
#1101=B_SPLINE_CURVE_WITH_KNOTS('',3,(#1102,#1103,#1104,#1105),.UNSPECIFIED.,.F.,.U.,(4,4),(2.0,3.0),.PIECEWISE_BEZIER_KNOTS.);
#1102=CARTESIAN_POINT('',(0.003743853,-0.057421083,0.149999997));
#1103=CARTESIAN_POINT('',(0.005199514,-0.058634134,0.149999997));
#1104=CARTESIAN_POINT('',(0.005927344,-0.060159113,0.149999997));
#1105=CARTESIAN_POINT('',(0.005927344,-0.062030677,0.149999997));
#1106=ORIENTED_EDGE('',*,*,#1107,.T.);
#1107=EDGE_CURVE('',#1099,#1108,#1110,.F.);
#1108=VERTEX_POINT('',#1109);
#1109=CARTESIAN_POINT('',(-0.005146077,-0.053088759,0.149999997));
#1110=B_SPLINE_CURVE_WITH_KNOTS('',3,(#1111,#1112,#1113,#1114),.UNSPECIFIED.,.F.,.U.,(4,4),(3.0,4.0),.PIECEWISE_BEZIER_KNOTS.);
#1111=CARTESIAN_POINT('',(-0.005146077,-0.053088759,0.149999997));
#1112=CARTESIAN_POINT('',(-6.751183615E-04,-0.054752372,0.149999997));
#1113=CARTESIAN_POINT('',(0.002288192,-0.056208033,0.149999997));
#1114=CARTESIAN_POINT('',(0.003743853,-0.057421083,0.149999997));
#1115=ORIENTED_EDGE('',*,*,#1116,.T.);
#1116=EDGE_CURVE('',#1108,#1117,#1119,.F.);
#1117=VERTEX_POINT('',#1118);
#1118=CARTESIAN_POINT('',(-0.015595644,-0.046676919,0.149999997));
#1119=B_SPLINE_CURVE_WITH_KNOTS('',3,(#1120,#1121,#1122,#1123),.UNSPECIFIED.,.F.,.U.,(4,4),(4.0,5.0),.PIECEWISE_BEZIER_KNOTS.);
#1120=CARTESIAN_POINT('',(-0.015595644,-0.046676919,0.149999997));
#1121=CARTESIAN_POINT('',(-0.014001349,-0.048791093,0.149999997));
#1122=CARTESIAN_POINT('',(-0.01050083,-0.050939926,0.149999997));
#1123=CARTESIAN_POINT('',(-0.005146077,-0.053088759,0.149999997));
#1124=ORIENTED_EDGE('',*,*,#1125,.T.);
#1125=EDGE_CURVE('',#1117,#1126,#1128,.F.);
#1126=VERTEX_POINT('',#1127);
#1127=CARTESIAN_POINT('',(-0.018004417,-0.039017369,0.149999997));
#1128=B_SPLINE_CURVE_WITH_KNOTS('',3,(#1129,#1130,#1131,#1132),.UNSPECIFIED.,.F.,.U.,(4,4),(5.0,6.0),.PIECEWISE_BEZIER_KNOTS.);
#1129=CARTESIAN_POINT('',(-0.018004417,-0.039017369,0.149999997));
#1130=CARTESIAN_POINT('',(-0.018004417,-0.041998008,0.149999997));
#1131=CARTESIAN_POINT('',(-0.017207269,-0.044562744,0.149999997));
#1132=CARTESIAN_POINT('',(-0.015595644,-0.046676919,0.149999997));
#1133=ORIENTED_EDGE('',*,*,#1134,.T.);
#1134=EDGE_CURVE('',#1126,#1135,#1137,.F.);
#1135=VERTEX_POINT('',#1136);
#1136=CARTESIAN_POINT('',(-0.012563017,-0.028689107,0.149999997));
#1137=B_SPLINE_CURVE_WITH_KNOTS('',3,(#1138,#1139,#1140,#1141),.UNSPECIFIED.,.F.,.U.,(4,4),(6.0,7.0),.PIECEWISE_BEZIER_KNOTS.);
#1138=CARTESIAN_POINT('',(-0.012563017,-0.028689107,0.149999997));
#1139=CARTESIAN_POINT('',(-0.01618484,-0.031288502,0.149999997));
#1140=CARTESIAN_POINT('',(-0.018004417,-0.034719703,0.149999997));
#1141=CARTESIAN_POINT('',(-0.018004417,-0.039017369,0.149999997));
#1142=ORIENTED_EDGE('',*,*,#1143,.T.);
#1143=EDGE_CURVE('',#1135,#1144,#1146,.F.);
#1144=VERTEX_POINT('',#1145);
#1145=CARTESIAN_POINT('',(8.498598826E-04,-0.024842003,0.149999997));
#1146=B_SPLINE_CURVE_WITH_KNOTS('',3,(#1147,#1148,#1149,#1150),.UNSPECIFIED.,.F.,.U.,(4,4),(7.0,8.0),.PIECEWISE_BEZIER_KNOTS.);
#1147=CARTESIAN_POINT('',(8.498598826E-04,-0.024842003,0.149999997));
#1148=CARTESIAN_POINT('',(-0.004452905,-0.024842003,0.149999997));
#1149=CARTESIAN_POINT('',(-0.008923864,-0.026124371,0.149999997));
#1150=CARTESIAN_POINT('',(-0.012563017,-0.028689107,0.149999997));
#1151=ORIENTED_EDGE('',*,*,#1152,.T.);
#1152=EDGE_CURVE('',#1144,#1153,#1155,.F.);
#1153=VERTEX_POINT('',#1154);
#1154=CARTESIAN_POINT('',(0.012321855,-0.026990836,0.149999997));
#1155=B_SPLINE_CURVE_WITH_KNOTS('',3,(#1156,#1157,#1158,#1159),.UNSPECIFIED.,.F.,.U.,(4,4),(8.0,9.0),.PIECEWISE_BEZIER_KNOTS.);
#1156=CARTESIAN_POINT('',(0.012321855,-0.026990836,0.149999997));
#1157=CARTESIAN_POINT('',(0.008786678,-0.025535175,0.149999997));
#1158=CARTESIAN_POINT('',(0.004974233,-0.024842003,0.149999997));
#1159=CARTESIAN_POINT('',(8.498598826E-04,-0.024842003,0.149999997));
#1160=ORIENTED_EDGE('',*,*,#1161,.T.);
#1161=EDGE_CURVE('',#1153,#1162,#1164,.F.);
#1162=VERTEX_POINT('',#1163);
#1163=CARTESIAN_POINT('',(0.012321855,-0.035239582,0.149999997));
#1164=LINE('',#1165,#1166);
#1165=CARTESIAN_POINT('',(0.012321855,-0.026990836,0.149999997));
#1166=VECTOR('',#1167,1.0);
#1167=DIRECTION('',(0.0,1.0,0.0));
#1168=ORIENTED_EDGE('',*,*,#1169,.T.);
#1169=EDGE_CURVE('',#1162,#1170,#1172,.F.);
#1170=VERTEX_POINT('',#1171);
#1171=CARTESIAN_POINT('',(1.805356762E-05,-0.031739063,0.149999997));
#1172=B_SPLINE_CURVE_WITH_KNOTS('',3,(#1173,#1174,#1175,#1176),.UNSPECIFIED.,.F.,.U.,(4,4),(10.0,11.0),.PIECEWISE_BEZIER_KNOTS.);
#1173=CARTESIAN_POINT('',(1.805356762E-05,-0.031739063,0.149999997));
#1174=CARTESIAN_POINT('',(0.004610318,-0.031739063,0.149999997));
#1175=CARTESIAN_POINT('',(0.008700032,-0.032917456,0.149999997));
#1176=CARTESIAN_POINT('',(0.012321855,-0.035239582,0.149999997));
#1177=ORIENTED_EDGE('',*,*,#1178,.T.);
#1178=EDGE_CURVE('',#1170,#1179,#1181,.F.);
#1179=VERTEX_POINT('',#1180);
#1180=CARTESIAN_POINT('',(-0.006671056,-0.03354131,0.149999997));
#1181=B_SPLINE_CURVE_WITH_KNOTS('',3,(#1182,#1183,#1184,#1185),.UNSPECIFIED.,.F.,.U.,(4,4),(11.0,12.0),.PIECEWISE_BEZIER_KNOTS.);
#1182=CARTESIAN_POINT('',(-0.006671056,-0.03354131,0.149999997));
#1183=CARTESIAN_POINT('',(-0.004955455,-0.03232826,0.149999997));
#1184=CARTESIAN_POINT('',(-0.002719976,-0.031739063,0.149999997));
#1185=CARTESIAN_POINT('',(1.805356762E-05,-0.031739063,0.149999997));
#1186=ORIENTED_EDGE('',*,*,#1187,.T.);
#1187=EDGE_CURVE('',#1179,#1188,#1190,.F.);
#1188=VERTEX_POINT('',#1189);
#1189=CARTESIAN_POINT('',(-0.009253121,-0.03825488,0.149999997));
#1190=B_SPLINE_CURVE_WITH_KNOTS('',3,(#1191,#1192,#1193,#1194),.UNSPECIFIED.,.F.,.U.,(4,4),(12.0,13.0),.PIECEWISE_BEZIER_KNOTS.);
#1191=CARTESIAN_POINT('',(-0.009253121,-0.03825488,0.149999997));
#1192=CARTESIAN_POINT('',(-0.009253121,-0.036313998,0.149999997));
#1193=CARTESIAN_POINT('',(-0.008386656,-0.034719703,0.149999997));
#1194=CARTESIAN_POINT('',(-0.006671056,-0.03354131,0.149999997));
#1195=ORIENTED_EDGE('',*,*,#1196,.T.);
#1196=EDGE_CURVE('',#1188,#1197,#1199,.F.);
#1197=VERTEX_POINT('',#1198);
#1198=CARTESIAN_POINT('',(-0.007398886,-0.042760497,0.149999997));
#1199=B_SPLINE_CURVE_WITH_KNOTS('',3,(#1200,#1201,#1202,#1203),.UNSPECIFIED.,.F.,.U.,(4,4),(13.0,14.0),.PIECEWISE_BEZIER_KNOTS.);
#1200=CARTESIAN_POINT('',(-0.007398886,-0.042760497,0.149999997));
#1201=CARTESIAN_POINT('',(-0.008629266,-0.041686081,0.149999997));
#1202=CARTESIAN_POINT('',(-0.009253121,-0.040195761,0.149999997));
#1203=CARTESIAN_POINT('',(-0.009253121,-0.03825488,0.149999997));
#1204=ORIENTED_EDGE('',*,*,#1205,.T.);
#1205=EDGE_CURVE('',#1197,#1206,#1208,.F.);
#1206=VERTEX_POINT('',#1207);
#1207=CARTESIAN_POINT('',(8.498598826E-04,-0.046919529,0.149999997));
#1208=B_SPLINE_CURVE_WITH_KNOTS('',3,(#1209,#1210,#1211,#1212),.UNSPECIFIED.,.F.,.U.,(4,4),(14.0,15.0),.PIECEWISE_BEZIER_KNOTS.);
#1209=CARTESIAN_POINT('',(8.498598826E-04,-0.046919529,0.149999997));
#1210=CARTESIAN_POINT('',(-0.003413147,-0.045255916,0.149999997));
#1211=CARTESIAN_POINT('',(-0.006151177,-0.043869572,0.149999997));
#1212=CARTESIAN_POINT('',(-0.007398886,-0.042760497,0.149999997));
#1213=ORIENTED_EDGE('',*,*,#1214,.T.);
#1214=EDGE_CURVE('',#1206,#1215,#1217,.F.);
#1215=VERTEX_POINT('',#1216);
#1216=CARTESIAN_POINT('',(0.011801976,-0.053192735,0.149999997));
#1217=B_SPLINE_CURVE_WITH_KNOTS('',3,(#1218,#1219,#1220,#1221),.UNSPECIFIED.,.F.,.U.,(4,4),(15.0,16.0),.PIECEWISE_BEZIER_KNOTS.);
#1218=CARTESIAN_POINT('',(0.011801976,-0.053192735,0.149999997));
#1219=CARTESIAN_POINT('',(0.009895754,-0.051043902,0.149999997));
#1220=CARTESIAN_POINT('',(0.006256601,-0.048929727,0.149999997));
#1221=CARTESIAN_POINT('',(8.498598826E-04,-0.046919529,0.149999997));
#1222=ORIENTED_EDGE('',*,*,#1223,.T.);
#1223=EDGE_CURVE('',#1215,#1224,#1226,.F.);
#1224=VERTEX_POINT('',#1225);
#1225=CARTESIAN_POINT('',(0.014643981,-0.06119887,0.149999997));
#1226=B_SPLINE_CURVE_WITH_KNOTS('',3,(#1227,#1228,#1229,#1230),.UNSPECIFIED.,.F.,.U.,(4,4),(16.0,17.0),.PIECEWISE_BEZIER_KNOTS.);
#1227=CARTESIAN_POINT('',(0.014643981,-0.06119887,0.149999997));
#1228=CARTESIAN_POINT('',(0.014643981,-0.05801028,0.149999997));
#1229=CARTESIAN_POINT('',(0.01369087,-0.055341568,0.149999997));
#1230=CARTESIAN_POINT('',(0.011801976,-0.053192735,0.149999997));
#1231=ORIENTED_EDGE('',*,*,#1232,.T.);
#1232=EDGE_CURVE('',#1224,#1233,#1235,.F.);
#1233=VERTEX_POINT('',#1234);
#1234=CARTESIAN_POINT('',(0.009185252,-0.071665767,0.149999997));
#1235=B_SPLINE_CURVE_WITH_KNOTS('',3,(#1236,#1237,#1238,#1239),.UNSPECIFIED.,.F.,.U.,(4,4),(17.0,18.0),.PIECEWISE_BEZIER_KNOTS.);
#1236=CARTESIAN_POINT('',(0.009185252,-0.071665767,0.149999997));
#1237=CARTESIAN_POINT('',(0.012824405,-0.069135689,0.149999997));
#1238=CARTESIAN_POINT('',(0.014643981,-0.065635171,0.149999997));
#1239=CARTESIAN_POINT('',(0.014643981,-0.06119887,0.149999997));
#1240=ORIENTED_EDGE('',*,*,#1241,.T.);
#1241=EDGE_CURVE('',#1233,#1242,#1244,.F.);
#1242=VERTEX_POINT('',#1243);
#1243=CARTESIAN_POINT('',(-0.004920796,-0.075512871,0.149999997));
#1244=B_SPLINE_CURVE_WITH_KNOTS('',3,(#1245,#1246,#1247,#1248),.UNSPECIFIED.,.F.,.U.,(4,4),(18.0,19.0),.PIECEWISE_BEZIER_KNOTS.);
#1245=CARTESIAN_POINT('',(-0.004920796,-0.075512871,0.149999997));
#1246=CARTESIAN_POINT('',(8.498598826E-04,-0.075512871,0.149999997));
#1247=CARTESIAN_POINT('',(0.005563429,-0.074230503,0.149999997));
#1248=CARTESIAN_POINT('',(0.009185252,-0.071665767,0.149999997));
#1249=ORIENTED_EDGE('',*,*,#1250,.T.);
#1250=EDGE_CURVE('',#1242,#1251,#1253,.F.);
#1251=VERTEX_POINT('',#1252);
#1252=CARTESIAN_POINT('',(-0.018056404,-0.072670866,0.149999997));
#1253=B_SPLINE_CURVE_WITH_KNOTS('',3,(#1254,#1255,#1256,#1257),.UNSPECIFIED.,.F.,.U.,(4,4),(19.0,20.0),.PIECEWISE_BEZIER_KNOTS.);
#1254=CARTESIAN_POINT('',(-0.018056404,-0.072670866,0.149999997));
#1255=CARTESIAN_POINT('',(-0.014313276,-0.07454243,0.149999997));
#1256=CARTESIAN_POINT('',(-0.009946293,-0.075512871,0.149999997));
#1257=CARTESIAN_POINT('',(-0.004920796,-0.075512871,0.149999997));
#1258=ORIENTED_EDGE('',*,*,#1259,.T.);
#1259=EDGE_CURVE('',#1251,#1079,#1260,.F.);
#1260=LINE('',#1261,#1262);
#1261=CARTESIAN_POINT('',(-0.018056404,-0.072670866,0.149999997));
#1262=VECTOR('',#1263,1.0);
#1263=DIRECTION('',(0.0,-1.0,0.0));
#1264=FACE_BOUND('',#1265,.T.);
#1265=EDGE_LOOP('',(#1266,#1276,#1284,#1292,#1300,#1308,#1316,#1324,#1332,#1340,#1348,#1356));
#1266=ORIENTED_EDGE('',*,*,#1267,.T.);
#1267=EDGE_CURVE('',#1268,#1270,#1272,.F.);
#1268=VERTEX_POINT('',#1269);
#1269=CARTESIAN_POINT('',(0.111150843,-0.06664027,0.149999997));
#1270=VERTEX_POINT('',#1271);
#1271=CARTESIAN_POINT('',(0.111150843,-0.074369137,0.149999997));
#1272=LINE('',#1273,#1274);
#1273=CARTESIAN_POINT('',(0.111150843,-0.06664027,0.149999997));
#1274=VECTOR('',#1275,1.0);
#1275=DIRECTION('',(0.0,1.0,0.0));
#1276=ORIENTED_EDGE('',*,*,#1277,.T.);
#1277=EDGE_CURVE('',#1270,#1278,#1280,.F.);
#1278=VERTEX_POINT('',#1279);
#1279=CARTESIAN_POINT('',(0.07469,-0.074369137,0.149999997));
#1280=LINE('',#1281,#1282);
#1281=CARTESIAN_POINT('',(0.111150843,-0.074369137,0.149999997));
#1282=VECTOR('',#1283,1.0);
#1283=DIRECTION('',(1.0,0.0,0.0));
#1284=ORIENTED_EDGE('',*,*,#1285,.T.);
#1285=EDGE_CURVE('',#1278,#1286,#1288,.F.);
#1286=VERTEX_POINT('',#1287);
#1287=CARTESIAN_POINT('',(0.07469,-0.006576922,0.149999997));
#1288=LINE('',#1289,#1290);
#1289=CARTESIAN_POINT('',(0.07469,-0.074369137,0.149999997));
#1290=VECTOR('',#1291,1.0);
#1291=DIRECTION('',(0.0,-1.0,0.0));
#1292=ORIENTED_EDGE('',*,*,#1293,.T.);
#1293=EDGE_CURVE('',#1286,#1294,#1296,.F.);
#1294=VERTEX_POINT('',#1295);
#1295=CARTESIAN_POINT('',(0.109608536,-0.006576922,0.149999997));
#1296=LINE('',#1297,#1298);
#1297=CARTESIAN_POINT('',(0.07469,-0.006576922,0.149999997));
#1298=VECTOR('',#1299,1.0);
#1299=DIRECTION('',(-1.0,0.0,0.0));
#1300=ORIENTED_EDGE('',*,*,#1301,.T.);
#1301=EDGE_CURVE('',#1294,#1302,#1304,.F.);
#1302=VERTEX_POINT('',#1303);
#1303=CARTESIAN_POINT('',(0.109608536,-0.014375107,0.149999997));
#1304=LINE('',#1305,#1306);
#1305=CARTESIAN_POINT('',(0.109608536,-0.006576922,0.149999997));
#1306=VECTOR('',#1307,1.0);
#1307=DIRECTION('',(0.0,1.0,0.0));
#1308=ORIENTED_EDGE('',*,*,#1309,.T.);
#1309=EDGE_CURVE('',#1302,#1310,#1312,.F.);
#1310=VERTEX_POINT('',#1311);
#1311=CARTESIAN_POINT('',(0.083441295,-0.014375107,0.149999997));
#1312=LINE('',#1313,#1314);
#1313=CARTESIAN_POINT('',(0.109608536,-0.014375107,0.149999997));
#1314=VECTOR('',#1315,1.0);
#1315=DIRECTION('',(1.0,0.0,0.0));
#1316=ORIENTED_EDGE('',*,*,#1317,.T.);
#1317=EDGE_CURVE('',#1310,#1318,#1320,.F.);
#1318=VERTEX_POINT('',#1319);
#1319=CARTESIAN_POINT('',(0.083441295,-0.036071388,0.149999997));
#1320=LINE('',#1321,#1322);
#1321=CARTESIAN_POINT('',(0.083441295,-0.014375107,0.149999997));
#1322=VECTOR('',#1323,1.0);
#1323=DIRECTION('',(0.0,1.0,0.0));
#1324=ORIENTED_EDGE('',*,*,#1325,.T.);
#1325=EDGE_CURVE('',#1318,#1326,#1328,.F.);
#1326=VERTEX_POINT('',#1327);
#1327=CARTESIAN_POINT('',(0.107684983,-0.036071388,0.149999997));
#1328=LINE('',#1329,#1330);
#1329=CARTESIAN_POINT('',(0.083441295,-0.036071388,0.149999997));
#1330=VECTOR('',#1331,1.0);
#1331=DIRECTION('',(-1.0,0.0,0.0));
#1332=ORIENTED_EDGE('',*,*,#1333,.T.);
#1333=EDGE_CURVE('',#1326,#1334,#1336,.F.);
#1334=VERTEX_POINT('',#1335);
#1335=CARTESIAN_POINT('',(0.107684983,-0.043834914,0.149999997));
#1336=LINE('',#1337,#1338);
#1337=CARTESIAN_POINT('',(0.107684983,-0.036071388,0.149999997));
#1338=VECTOR('',#1339,1.0);
#1339=DIRECTION('',(0.0,1.0,0.0));
#1340=ORIENTED_EDGE('',*,*,#1341,.T.);
#1341=EDGE_CURVE('',#1334,#1342,#1344,.F.);
#1342=VERTEX_POINT('',#1343);
#1343=CARTESIAN_POINT('',(0.083441295,-0.043834914,0.149999997));
#1344=LINE('',#1345,#1346);
#1345=CARTESIAN_POINT('',(0.107684983,-0.043834914,0.149999997));
#1346=VECTOR('',#1347,1.0);
#1347=DIRECTION('',(1.0,0.0,0.0));
#1348=ORIENTED_EDGE('',*,*,#1349,.T.);
#1349=EDGE_CURVE('',#1342,#1350,#1352,.F.);
#1350=VERTEX_POINT('',#1351);
#1351=CARTESIAN_POINT('',(0.083441295,-0.06664027,0.149999997));
#1352=LINE('',#1353,#1354);
#1353=CARTESIAN_POINT('',(0.083441295,-0.043834914,0.149999997));
#1354=VECTOR('',#1355,1.0);
#1355=DIRECTION('',(0.0,1.0,0.0));
#1356=ORIENTED_EDGE('',*,*,#1357,.T.);
#1357=EDGE_CURVE('',#1350,#1268,#1358,.F.);
#1358=LINE('',#1359,#1360);
#1359=CARTESIAN_POINT('',(0.083441295,-0.06664027,0.149999997));
#1360=VECTOR('',#1361,1.0);
#1361=DIRECTION('',(-1.0,0.0,0.0));
#1362=FACE_BOUND('',#1363,.T.);
#1363=EDGE_LOOP('',(#1364,#1374,#1382,#1390,#1399,#1408,#1417));
#1364=ORIENTED_EDGE('',*,*,#1365,.T.);
#1365=EDGE_CURVE('',#1366,#1368,#1370,.F.);
#1366=VERTEX_POINT('',#1367);
#1367=CARTESIAN_POINT('',(0.142603519,-0.074369137,0.149999997));
#1368=VERTEX_POINT('',#1369);
#1369=CARTESIAN_POINT('',(0.123957195,-0.074369137,0.149999997));
#1370=LINE('',#1371,#1372);
#1371=CARTESIAN_POINT('',(0.142603519,-0.074369137,0.149999997));
#1372=VECTOR('',#1373,1.0);
#1373=DIRECTION('',(1.0,0.0,0.0));
#1374=ORIENTED_EDGE('',*,*,#1375,.T.);
#1375=EDGE_CURVE('',#1368,#1376,#1378,.F.);
#1376=VERTEX_POINT('',#1377);
#1377=CARTESIAN_POINT('',(0.123957195,-0.006576922,0.149999997));
#1378=LINE('',#1379,#1380);
#1379=CARTESIAN_POINT('',(0.123957195,-0.074369137,0.149999997));
#1380=VECTOR('',#1381,1.0);
#1381=DIRECTION('',(0.0,-1.0,0.0));
#1382=ORIENTED_EDGE('',*,*,#1383,.T.);
#1383=EDGE_CURVE('',#1376,#1384,#1386,.F.);
#1384=VERTEX_POINT('',#1385);
#1385=CARTESIAN_POINT('',(0.143296691,-0.006576922,0.149999997));
#1386=LINE('',#1387,#1388);
#1387=CARTESIAN_POINT('',(0.123957195,-0.006576922,0.149999997));
#1388=VECTOR('',#1389,1.0);
#1389=DIRECTION('',(-1.0,0.0,0.0));
#1390=ORIENTED_EDGE('',*,*,#1391,.T.);
#1391=EDGE_CURVE('',#1384,#1392,#1394,.F.);
#1392=VERTEX_POINT('',#1393);
#1393=CARTESIAN_POINT('',(0.168926723,-0.015553499,0.149999997));
#1394=B_SPLINE_CURVE_WITH_KNOTS('',3,(#1395,#1396,#1397,#1398),.UNSPECIFIED.,.F.,.U.,(4,4),(2.0,3.0),.PIECEWISE_BEZIER_KNOTS.);
#1395=CARTESIAN_POINT('',(0.168926723,-0.015553499,0.149999997));
#1396=CARTESIAN_POINT('',(0.162116309,-0.009557562,0.149999997));
#1397=CARTESIAN_POINT('',(0.153572965,-0.006576922,0.149999997));
#1398=CARTESIAN_POINT('',(0.143296691,-0.006576922,0.149999997));
#1399=ORIENTED_EDGE('',*,*,#1400,.T.);
#1400=EDGE_CURVE('',#1392,#1401,#1403,.F.);
#1401=VERTEX_POINT('',#1402);
#1402=CARTESIAN_POINT('',(0.179151009,-0.039606565,0.149999997));
#1403=B_SPLINE_CURVE_WITH_KNOTS('',3,(#1404,#1405,#1406,#1407),.UNSPECIFIED.,.F.,.U.,(4,4),(3.0,4.0),.PIECEWISE_BEZIER_KNOTS.);
#1404=CARTESIAN_POINT('',(0.179151009,-0.039606565,0.149999997));
#1405=CARTESIAN_POINT('',(0.179151009,-0.029555572,0.149999997));
#1406=CARTESIAN_POINT('',(0.175737138,-0.021549436,0.149999997));
#1407=CARTESIAN_POINT('',(0.168926723,-0.015553499,0.149999997));
#1408=ORIENTED_EDGE('',*,*,#1409,.T.);
#1409=EDGE_CURVE('',#1401,#1410,#1412,.F.);
#1410=VERTEX_POINT('',#1411);
#1411=CARTESIAN_POINT('',(0.168926723,-0.064872682,0.149999997));
#1412=B_SPLINE_CURVE_WITH_KNOTS('',3,(#1413,#1414,#1415,#1416),.UNSPECIFIED.,.F.,.U.,(4,4),(4.0,5.0),.PIECEWISE_BEZIER_KNOTS.);
#1413=CARTESIAN_POINT('',(0.168926723,-0.064872682,0.149999997));
#1414=CARTESIAN_POINT('',(0.175737138,-0.058530159,0.149999997));
#1415=CARTESIAN_POINT('',(0.179151009,-0.05010812,0.149999997));
#1416=CARTESIAN_POINT('',(0.179151009,-0.039606565,0.149999997));
#1417=ORIENTED_EDGE('',*,*,#1418,.T.);
#1418=EDGE_CURVE('',#1410,#1366,#1419,.F.);
#1419=B_SPLINE_CURVE_WITH_KNOTS('',3,(#1420,#1421,#1422,#1423),.UNSPECIFIED.,.F.,.U.,(4,4),(5.0,6.0),.PIECEWISE_BEZIER_KNOTS.);
#1420=CARTESIAN_POINT('',(0.142603519,-0.074369137,0.149999997));
#1421=CARTESIAN_POINT('',(0.153330355,-0.074369137,0.149999997));
#1422=CARTESIAN_POINT('',(0.162116309,-0.071215205,0.149999997));
#1423=CARTESIAN_POINT('',(0.168926723,-0.064872682,0.149999997));
#1424=FACE_BOUND('',#1425,.T.);
#1425=EDGE_LOOP('',(#1426,#1436,#1444,#1452,#1460,#1468,#1476,#1484));
#1426=ORIENTED_EDGE('',*,*,#1427,.T.);
#1427=EDGE_CURVE('',#1428,#1430,#1432,.F.);
#1428=VERTEX_POINT('',#1429);
#1429=CARTESIAN_POINT('',(0.218089942,-0.006576922,0.149999997));
#1430=VERTEX_POINT('',#1431);
#1431=CARTESIAN_POINT('',(0.243910597,-0.074369137,0.149999997));
#1432=LINE('',#1433,#1434);
#1433=CARTESIAN_POINT('',(0.218089942,-0.006576922,0.149999997));
#1434=VECTOR('',#1435,1.0);
#1435=DIRECTION('',(-0.355935724,0.934510439,0.0));
#1436=ORIENTED_EDGE('',*,*,#1437,.T.);
#1437=EDGE_CURVE('',#1430,#1438,#1440,.F.);
#1438=VERTEX_POINT('',#1439);
#1439=CARTESIAN_POINT('',(0.234240848,-0.074369137,0.149999997));
#1440=LINE('',#1441,#1442);
#1441=CARTESIAN_POINT('',(0.243910597,-0.074369137,0.149999997));
#1442=VECTOR('',#1443,1.0);
#1443=DIRECTION('',(1.0,0.0,0.0));
#1444=ORIENTED_EDGE('',*,*,#1445,.T.);
#1445=EDGE_CURVE('',#1438,#1446,#1448,.F.);
#1446=VERTEX_POINT('',#1447);
#1447=CARTESIAN_POINT('',(0.227326458,-0.055826788,0.149999997));
#1448=LINE('',#1449,#1450);
#1449=CARTESIAN_POINT('',(0.234240848,-0.074369137,0.149999997));
#1450=VECTOR('',#1451,1.0);
#1451=DIRECTION('',(0.349395479,-0.936975346,0.0));
#1452=ORIENTED_EDGE('',*,*,#1453,.T.);
#1453=EDGE_CURVE('',#1446,#1454,#1456,.F.);
#1454=VERTEX_POINT('',#1455);
#1455=CARTESIAN_POINT('',(0.199097032,-0.055826788,0.149999997));
#1456=LINE('',#1457,#1458);
#1457=CARTESIAN_POINT('',(0.227326458,-0.055826788,0.149999997));
#1458=VECTOR('',#1459,1.0);
#1459=DIRECTION('',(1.0,0.0,0.0));
#1460=ORIENTED_EDGE('',*,*,#1461,.T.);
#1461=EDGE_CURVE('',#1454,#1462,#1464,.F.);
#1462=VERTEX_POINT('',#1463);
#1463=CARTESIAN_POINT('',(0.192581215,-0.074369137,0.149999997));
#1464=LINE('',#1465,#1466);
#1465=CARTESIAN_POINT('',(0.199097032,-0.055826788,0.149999997));
#1466=VECTOR('',#1467,1.0);
#1467=DIRECTION('',(0.331528418,0.943445233,0.0));
#1468=ORIENTED_EDGE('',*,*,#1469,.T.);
#1469=EDGE_CURVE('',#1462,#1470,#1472,.F.);
#1470=VERTEX_POINT('',#1471);
#1471=CARTESIAN_POINT('',(0.182911467,-0.074369137,0.149999997));
#1472=LINE('',#1473,#1474);
#1473=CARTESIAN_POINT('',(0.192581215,-0.074369137,0.149999997));
#1474=VECTOR('',#1475,1.0);
#1475=DIRECTION('',(1.0,0.0,0.0));
#1476=ORIENTED_EDGE('',*,*,#1477,.T.);
#1477=EDGE_CURVE('',#1470,#1478,#1480,.F.);
#1478=VERTEX_POINT('',#1479);
#1479=CARTESIAN_POINT('',(0.208732121,-0.006576922,0.149999997));
#1480=LINE('',#1481,#1482);
#1481=CARTESIAN_POINT('',(0.182911467,-0.074369137,0.149999997));
#1482=VECTOR('',#1483,1.0);
#1483=DIRECTION('',(-0.355935724,-0.934510439,0.0));
#1484=ORIENTED_EDGE('',*,*,#1485,.T.);
#1485=EDGE_CURVE('',#1478,#1428,#1486,.F.);
#1486=LINE('',#1487,#1488);
#1487=CARTESIAN_POINT('',(0.208732121,-0.006576922,0.149999997));
#1488=VECTOR('',#1489,1.0);
#1489=DIRECTION('',(-1.0,0.0,0.0));
#1490=FACE_BOUND('',#1491,.T.);
#1491=EDGE_LOOP('',(#1492,#1503,#1512,#1521,#1529,#1538,#1547,#1556,#1564,#1573,#1582,#1591,#1600,#1609,#1618,#1627,#1636,#1645,#1654,#1662,#1670,#1678,#1687,#1696,#1705,#1714,#1723,#1732,#1741,#1750,#1759,#1768,#1777));
#1492=ORIENTED_EDGE('',*,*,#1493,.T.);
#1493=EDGE_CURVE('',#1494,#1496,#1498,.F.);
#1494=VERTEX_POINT('',#1495);
#1495=CARTESIAN_POINT('',(-0.216293691,0.05601657,0.149999997));
#1496=VERTEX_POINT('',#1497);
#1497=CARTESIAN_POINT('',(-0.168576126,-0.007124852,0.149999997));
#1498=B_SPLINE_CURVE_WITH_KNOTS('',3,(#1499,#1500,#1501,#1502),.UNSPECIFIED.,.F.,.U.,(4,4),(35.0,36.0),.PIECEWISE_BEZIER_KNOTS.);
#1499=CARTESIAN_POINT('',(-0.168576126,-0.007124852,0.149999997));
#1500=CARTESIAN_POINT('',(-0.169058115,0.021794873,0.149999997));
#1501=CARTESIAN_POINT('',(-0.18881995,0.047340651,0.149999997));
#1502=CARTESIAN_POINT('',(-0.216293691,0.05601657,0.149999997));
#1503=ORIENTED_EDGE('',*,*,#1504,.T.);
#1504=EDGE_CURVE('',#1496,#1505,#1507,.F.);
#1505=VERTEX_POINT('',#1506);
#1506=CARTESIAN_POINT('',(-0.186409971,-0.052914444,0.149999997));
#1507=B_SPLINE_CURVE_WITH_KNOTS('',3,(#1508,#1509,#1510,#1511),.UNSPECIFIED.,.F.,.U.,(4,4),(34.0,35.0),.PIECEWISE_BEZIER_KNOTS.);
#1508=CARTESIAN_POINT('',(-0.186409971,-0.052914444,0.149999997));
#1509=CARTESIAN_POINT('',(-0.174842067,-0.040382563,0.149999997));
#1510=CARTESIAN_POINT('',(-0.168576126,-0.023994702,0.149999997));
#1511=CARTESIAN_POINT('',(-0.168576126,-0.007124852,0.149999997));
#1512=ORIENTED_EDGE('',*,*,#1513,.T.);
#1513=EDGE_CURVE('',#1505,#1514,#1516,.F.);
#1514=VERTEX_POINT('',#1515);
#1515=CARTESIAN_POINT('',(-0.230271574,-0.074604252,0.149999997));
#1516=B_SPLINE_CURVE_WITH_KNOTS('',3,(#1517,#1518,#1519,#1520),.UNSPECIFIED.,.F.,.U.,(4,4),(33.0,34.0),.PIECEWISE_BEZIER_KNOTS.);
#1517=CARTESIAN_POINT('',(-0.230271574,-0.074604252,0.149999997));
#1518=CARTESIAN_POINT('',(-0.213401724,-0.073158268,0.149999997));
#1519=CARTESIAN_POINT('',(-0.197977857,-0.065446326,0.149999997));
#1520=CARTESIAN_POINT('',(-0.186409971,-0.052914444,0.149999997));
#1521=ORIENTED_EDGE('',*,*,#1522,.T.);
#1522=EDGE_CURVE('',#1514,#1523,#1525,.F.);
#1523=VERTEX_POINT('',#1524);
#1524=CARTESIAN_POINT('',(-0.25870931,-0.074604252,0.149999997));
#1525=LINE('',#1526,#1527);
#1526=CARTESIAN_POINT('',(-0.231717557,-0.074604252,0.149999997));
#1527=VECTOR('',#1528,1.0);
#1528=DIRECTION('',(1.0,0.0,0.0));
#1529=ORIENTED_EDGE('',*,*,#1530,.T.);
#1530=EDGE_CURVE('',#1523,#1531,#1533,.F.);
#1531=VERTEX_POINT('',#1532);
#1532=CARTESIAN_POINT('',(-0.272687193,-0.059662392,0.149999997));
#1533=B_SPLINE_CURVE_WITH_KNOTS('',3,(#1534,#1535,#1536,#1537),.UNSPECIFIED.,.F.,.U.,(4,4),(28.0,29.0),.PIECEWISE_BEZIER_KNOTS.);
#1534=CARTESIAN_POINT('',(-0.272687193,-0.059662392,0.149999997));
#1535=CARTESIAN_POINT('',(-0.272687193,-0.067374316,0.149999997));
#1536=CARTESIAN_POINT('',(-0.266421252,-0.074122263,0.149999997));
#1537=CARTESIAN_POINT('',(-0.25870931,-0.074604252,0.149999997));
#1538=ORIENTED_EDGE('',*,*,#1539,.T.);
#1539=EDGE_CURVE('',#1531,#1540,#1542,.F.);
#1540=VERTEX_POINT('',#1541);
#1541=CARTESIAN_POINT('',(-0.257745333,-0.044720532,0.149999997));
#1542=B_SPLINE_CURVE_WITH_KNOTS('',3,(#1543,#1544,#1545,#1546),.UNSPECIFIED.,.F.,.U.,(4,4),(27.0,28.0),.PIECEWISE_BEZIER_KNOTS.);
#1543=CARTESIAN_POINT('',(-0.257745333,-0.044720532,0.149999997));
#1544=CARTESIAN_POINT('',(-0.265939264,-0.044720532,0.149999997));
#1545=CARTESIAN_POINT('',(-0.272687193,-0.051468479,0.149999997));
#1546=CARTESIAN_POINT('',(-0.272687193,-0.059662392,0.149999997));
#1547=ORIENTED_EDGE('',*,*,#1548,.T.);
#1548=EDGE_CURVE('',#1540,#1549,#1551,.F.);
#1549=VERTEX_POINT('',#1550);
#1550=CARTESIAN_POINT('',(-0.254853366,-0.04520252,0.149999997));
#1551=B_SPLINE_CURVE_WITH_KNOTS('',3,(#1552,#1553,#1554,#1555),.UNSPECIFIED.,.F.,.U.,(4,4),(26.0,27.0),.PIECEWISE_BEZIER_KNOTS.);
#1552=CARTESIAN_POINT('',(-0.254853366,-0.04520252,0.149999997));
#1553=CARTESIAN_POINT('',(-0.255817361,-0.04520252,0.149999997));
#1554=CARTESIAN_POINT('',(-0.256781356,-0.044720532,0.149999997));
#1555=CARTESIAN_POINT('',(-0.257745333,-0.044720532,0.149999997));
#1556=ORIENTED_EDGE('',*,*,#1557,.T.);
#1557=EDGE_CURVE('',#1549,#1558,#1560,.F.);
#1558=VERTEX_POINT('',#1559);
#1559=CARTESIAN_POINT('',(-0.233163559,-0.04520252,0.149999997));
#1560=LINE('',#1561,#1562);
#1561=CARTESIAN_POINT('',(-0.233163559,-0.04520252,0.149999997));
#1562=VECTOR('',#1563,1.0);
#1563=DIRECTION('',(-1.0,0.0,0.0));
#1564=ORIENTED_EDGE('',*,*,#1565,.T.);
#1565=EDGE_CURVE('',#1558,#1566,#1568,.F.);
#1566=VERTEX_POINT('',#1567);
#1567=CARTESIAN_POINT('',(-0.198459864,-0.007606858,0.149999997));
#1568=B_SPLINE_CURVE_WITH_KNOTS('',3,(#1569,#1570,#1571,#1572),.UNSPECIFIED.,.F.,.U.,(4,4),(24.0,25.0),.PIECEWISE_BEZIER_KNOTS.);
#1569=CARTESIAN_POINT('',(-0.198459864,-0.007606858,0.149999997));
#1570=CARTESIAN_POINT('',(-0.198459864,-0.027368685,0.149999997));
#1571=CARTESIAN_POINT('',(-0.213401724,-0.043756537,0.149999997));
#1572=CARTESIAN_POINT('',(-0.233163559,-0.04520252,0.149999997));
#1573=ORIENTED_EDGE('',*,*,#1574,.T.);
#1574=EDGE_CURVE('',#1566,#1575,#1577,.F.);
#1575=VERTEX_POINT('',#1576);
#1576=CARTESIAN_POINT('',(-0.236055526,0.029988803,0.149999997));
#1577=B_SPLINE_CURVE_WITH_KNOTS('',3,(#1578,#1579,#1580,#1581),.UNSPECIFIED.,.F.,.U.,(4,4),(23.0,24.0),.PIECEWISE_BEZIER_KNOTS.);
#1578=CARTESIAN_POINT('',(-0.236055526,0.029988803,0.149999997));
#1579=CARTESIAN_POINT('',(-0.215329714,0.029988803,0.149999997));
#1580=CARTESIAN_POINT('',(-0.198459864,0.013118953,0.149999997));
#1581=CARTESIAN_POINT('',(-0.198459864,-0.007606858,0.149999997));
#1582=ORIENTED_EDGE('',*,*,#1583,.T.);
#1583=EDGE_CURVE('',#1575,#1584,#1586,.F.);
#1584=VERTEX_POINT('',#1585);
#1585=CARTESIAN_POINT('',(-0.239911488,0.029988803,0.149999997));
#1586=B_SPLINE_CURVE_WITH_KNOTS('',3,(#1587,#1588,#1589,#1590),.UNSPECIFIED.,.F.,.U.,(4,4),(22.0,23.0),.PIECEWISE_BEZIER_KNOTS.);
#1587=CARTESIAN_POINT('',(-0.239911488,0.029988803,0.149999997));
#1588=CARTESIAN_POINT('',(-0.238465505,0.029988803,0.149999997));
#1589=CARTESIAN_POINT('',(-0.23750151,0.029988803,0.149999997));
#1590=CARTESIAN_POINT('',(-0.236055526,0.029988803,0.149999997));
#1591=ORIENTED_EDGE('',*,*,#1592,.T.);
#1592=EDGE_CURVE('',#1584,#1593,#1595,.F.);
#1593=VERTEX_POINT('',#1594);
#1594=CARTESIAN_POINT('',(-0.307390888,0.090238268,0.149999997));
#1595=B_SPLINE_CURVE_WITH_KNOTS('',3,(#1596,#1597,#1598,#1599),.UNSPECIFIED.,.F.,.U.,(4,4),(21.0,22.0),.PIECEWISE_BEZIER_KNOTS.);
#1596=CARTESIAN_POINT('',(-0.307390888,0.090238268,0.149999997));
#1597=CARTESIAN_POINT('',(-0.272687193,0.090238268,0.149999997));
#1598=CARTESIAN_POINT('',(-0.24376745,0.063728503,0.149999997));
#1599=CARTESIAN_POINT('',(-0.239911488,0.029988803,0.149999997));
#1600=ORIENTED_EDGE('',*,*,#1601,.T.);
#1601=EDGE_CURVE('',#1593,#1602,#1604,.F.);
#1602=VERTEX_POINT('',#1603);
#1603=CARTESIAN_POINT('',(-0.371978302,0.043966705,0.149999997));
#1604=B_SPLINE_CURVE_WITH_KNOTS('',3,(#1605,#1606,#1607,#1608),.UNSPECIFIED.,.F.,.U.,(4,4),(20.0,21.0),.PIECEWISE_BEZIER_KNOTS.);
#1605=CARTESIAN_POINT('',(-0.371978302,0.043966705,0.149999997));
#1606=CARTESIAN_POINT('',(-0.362820395,0.070958439,0.149999997));
#1607=CARTESIAN_POINT('',(-0.337756614,0.090238268,0.149999997));
#1608=CARTESIAN_POINT('',(-0.307390888,0.090238268,0.149999997));
#1609=ORIENTED_EDGE('',*,*,#1610,.T.);
#1610=EDGE_CURVE('',#1602,#1611,#1613,.F.);
#1611=VERTEX_POINT('',#1612);
#1612=CARTESIAN_POINT('',(-0.397524072,0.051196641,0.149999997));
#1613=B_SPLINE_CURVE_WITH_KNOTS('',3,(#1614,#1615,#1616,#1617),.UNSPECIFIED.,.F.,.U.,(4,4),(19.0,20.0),.PIECEWISE_BEZIER_KNOTS.);
#1614=CARTESIAN_POINT('',(-0.397524072,0.051196641,0.149999997));
#1615=CARTESIAN_POINT('',(-0.388366155,0.051196641,0.149999997));
#1616=CARTESIAN_POINT('',(-0.379208238,0.048304664,0.149999997));
#1617=CARTESIAN_POINT('',(-0.371978302,0.043966705,0.149999997));
#1618=ORIENTED_EDGE('',*,*,#1619,.T.);
#1619=EDGE_CURVE('',#1611,#1620,#1622,.F.);
#1620=VERTEX_POINT('',#1621);
#1621=CARTESIAN_POINT('',(-0.445723643,0.002997069,0.149999997));
#1622=B_SPLINE_CURVE_WITH_KNOTS('',3,(#1623,#1624,#1625,#1626),.UNSPECIFIED.,.F.,.U.,(4,4),(18.0,19.0),.PIECEWISE_BEZIER_KNOTS.);
#1623=CARTESIAN_POINT('',(-0.445723643,0.002997069,0.149999997));
#1624=CARTESIAN_POINT('',(-0.445723643,0.029506833,0.149999997));
#1625=CARTESIAN_POINT('',(-0.424033836,0.051196641,0.149999997));
#1626=CARTESIAN_POINT('',(-0.397524072,0.051196641,0.149999997));
#1627=ORIENTED_EDGE('',*,*,#1628,.T.);
#1628=EDGE_CURVE('',#1620,#1629,#1631,.F.);
#1629=VERTEX_POINT('',#1630);
#1630=CARTESIAN_POINT('',(-0.4168039,-0.04134654,0.149999997));
#1631=B_SPLINE_CURVE_WITH_KNOTS('',3,(#1632,#1633,#1634,#1635),.UNSPECIFIED.,.F.,.U.,(4,4),(17.0,18.0),.PIECEWISE_BEZIER_KNOTS.);
#1632=CARTESIAN_POINT('',(-0.4168039,-0.04134654,0.149999997));
#1633=CARTESIAN_POINT('',(-0.43367375,-0.033634607,0.149999997));
#1634=CARTESIAN_POINT('',(-0.445723643,-0.016764757,0.149999997));
#1635=CARTESIAN_POINT('',(-0.445723643,0.002997069,0.149999997));
#1636=ORIENTED_EDGE('',*,*,#1637,.T.);
#1637=EDGE_CURVE('',#1629,#1638,#1640,.F.);
#1638=VERTEX_POINT('',#1639);
#1639=CARTESIAN_POINT('',(-0.371496305,-0.009534821,0.149999997));
#1640=B_SPLINE_CURVE_WITH_KNOTS('',3,(#1641,#1642,#1643,#1644),.UNSPECIFIED.,.F.,.U.,(4,4),(16.0,17.0),.PIECEWISE_BEZIER_KNOTS.);
#1641=CARTESIAN_POINT('',(-0.371496305,-0.009534821,0.149999997));
#1642=CARTESIAN_POINT('',(-0.392222126,-0.009534821,0.149999997));
#1643=CARTESIAN_POINT('',(-0.410055962,-0.023030697,0.149999997));
#1644=CARTESIAN_POINT('',(-0.4168039,-0.04134654,0.149999997));
#1645=ORIENTED_EDGE('',*,*,#1646,.T.);
#1646=EDGE_CURVE('',#1638,#1647,#1649,.F.);
#1647=VERTEX_POINT('',#1648);
#1648=CARTESIAN_POINT('',(-0.335346626,-0.025922674,0.149999997));
#1649=B_SPLINE_CURVE_WITH_KNOTS('',3,(#1650,#1651,#1652,#1653),.UNSPECIFIED.,.F.,.U.,(4,4),(15.0,16.0),.PIECEWISE_BEZIER_KNOTS.);
#1650=CARTESIAN_POINT('',(-0.335346626,-0.025922674,0.149999997));
#1651=CARTESIAN_POINT('',(-0.344022546,-0.015800762,0.149999997));
#1652=CARTESIAN_POINT('',(-0.357036434,-0.009534821,0.149999997));
#1653=CARTESIAN_POINT('',(-0.371496305,-0.009534821,0.149999997));
#1654=ORIENTED_EDGE('',*,*,#1655,.T.);
#1655=EDGE_CURVE('',#1647,#1656,#1658,.F.);
#1656=VERTEX_POINT('',#1657);
#1657=CARTESIAN_POINT('',(-0.270759203,0.007817026,0.149999997));
#1658=LINE('',#1659,#1660);
#1659=CARTESIAN_POINT('',(-0.270759203,0.007817026,0.149999997));
#1660=VECTOR('',#1661,1.0);
#1661=DIRECTION('',(-0.886348843,-0.463018065,0.0));
#1662=ORIENTED_EDGE('',*,*,#1663,.T.);
#1663=EDGE_CURVE('',#1656,#1664,#1666,.F.);
#1664=VERTEX_POINT('',#1665);
#1665=CARTESIAN_POINT('',(-0.255817343,-0.017728752,0.149999997));
#1666=LINE('',#1667,#1668);
#1667=CARTESIAN_POINT('',(-0.255817343,-0.017728752,0.149999997));
#1668=VECTOR('',#1669,1.0);
#1669=DIRECTION('',(-0.504883049,0.863187759,0.0));
#1670=ORIENTED_EDGE('',*,*,#1671,.T.);
#1671=EDGE_CURVE('',#1664,#1672,#1674,.F.);
#1672=VERTEX_POINT('',#1673);
#1673=CARTESIAN_POINT('',(-0.323296743,-0.053396433,0.149999997));
#1674=LINE('',#1675,#1676);
#1675=CARTESIAN_POINT('',(-0.323296743,-0.053396433,0.149999997));
#1676=VECTOR('',#1677,1.0);
#1677=DIRECTION('',(0.88409495,0.467307307,0.0));
#1678=ORIENTED_EDGE('',*,*,#1679,.T.);
#1679=EDGE_CURVE('',#1672,#1680,#1682,.F.);
#1680=VERTEX_POINT('',#1681);
#1681=CARTESIAN_POINT('',(-0.323296743,-0.05821639,0.149999997));
#1682=B_SPLINE_CURVE_WITH_KNOTS('',3,(#1683,#1684,#1685,#1686),.UNSPECIFIED.,.F.,.U.,(4,4),(11.0,12.0),.PIECEWISE_BEZIER_KNOTS.);
#1683=CARTESIAN_POINT('',(-0.323296743,-0.05821639,0.149999997));
#1684=CARTESIAN_POINT('',(-0.323296743,-0.056770407,0.149999997));
#1685=CARTESIAN_POINT('',(-0.323296743,-0.055324423,0.149999997));
#1686=CARTESIAN_POINT('',(-0.323296743,-0.053396433,0.149999997));
#1687=ORIENTED_EDGE('',*,*,#1688,.T.);
#1688=EDGE_CURVE('',#1680,#1689,#1691,.F.);
#1689=VERTEX_POINT('',#1690);
#1690=CARTESIAN_POINT('',(-0.371496314,-0.106415961,0.149999997));
#1691=B_SPLINE_CURVE_WITH_KNOTS('',3,(#1692,#1693,#1694,#1695),.UNSPECIFIED.,.F.,.U.,(4,4),(10.0,11.0),.PIECEWISE_BEZIER_KNOTS.);
#1692=CARTESIAN_POINT('',(-0.371496314,-0.106415961,0.149999997));
#1693=CARTESIAN_POINT('',(-0.34498655,-0.106415961,0.149999997));
#1694=CARTESIAN_POINT('',(-0.323296743,-0.084726154,0.149999997));
#1695=CARTESIAN_POINT('',(-0.323296743,-0.05821639,0.149999997));
#1696=ORIENTED_EDGE('',*,*,#1697,.T.);
#1697=EDGE_CURVE('',#1689,#1698,#1700,.F.);
#1698=VERTEX_POINT('',#1699);
#1699=CARTESIAN_POINT('',(-0.417285911,-0.073640256,0.149999997));
#1700=B_SPLINE_CURVE_WITH_KNOTS('',3,(#1701,#1702,#1703,#1704),.UNSPECIFIED.,.F.,.U.,(4,4),(9.0,10.0),.PIECEWISE_BEZIER_KNOTS.);
#1701=CARTESIAN_POINT('',(-0.417285911,-0.073640256,0.149999997));
#1702=CARTESIAN_POINT('',(-0.411019966,-0.092920085,0.149999997));
#1703=CARTESIAN_POINT('',(-0.392704133,-0.106415961,0.149999997));
#1704=CARTESIAN_POINT('',(-0.371496314,-0.106415961,0.149999997));
#1705=ORIENTED_EDGE('',*,*,#1706,.T.);
#1706=EDGE_CURVE('',#1698,#1707,#1709,.F.);
#1707=VERTEX_POINT('',#1708);
#1708=CARTESIAN_POINT('',(-0.455845569,-0.050504466,0.149999997));
#1709=B_SPLINE_CURVE_WITH_KNOTS('',3,(#1710,#1711,#1712,#1713),.UNSPECIFIED.,.F.,.U.,(4,4),(8.0,9.0),.PIECEWISE_BEZIER_KNOTS.);
#1710=CARTESIAN_POINT('',(-0.455845569,-0.050504466,0.149999997));
#1711=CARTESIAN_POINT('',(-0.445241664,-0.06207237,0.149999997));
#1712=CARTESIAN_POINT('',(-0.432227776,-0.069784294,0.149999997));
#1713=CARTESIAN_POINT('',(-0.417285911,-0.073640256,0.149999997));
#1714=ORIENTED_EDGE('',*,*,#1715,.T.);
#1715=EDGE_CURVE('',#1707,#1716,#1718,.F.);
#1716=VERTEX_POINT('',#1717);
#1717=CARTESIAN_POINT('',(-0.476089388,0.002033056,0.149999997));
#1718=B_SPLINE_CURVE_WITH_KNOTS('',3,(#1719,#1720,#1721,#1722),.UNSPECIFIED.,.F.,.U.,(4,4),(7.0,8.0),.PIECEWISE_BEZIER_KNOTS.);
#1719=CARTESIAN_POINT('',(-0.476089388,0.002033056,0.149999997));
#1720=CARTESIAN_POINT('',(-0.476089388,-0.017246773,0.149999997));
#1721=CARTESIAN_POINT('',(-0.468859452,-0.036044613,0.149999997));
#1722=CARTESIAN_POINT('',(-0.455845569,-0.050504466,0.149999997));
#1723=ORIENTED_EDGE('',*,*,#1724,.T.);
#1724=EDGE_CURVE('',#1716,#1725,#1727,.F.);
#1725=VERTEX_POINT('',#1726);
#1726=CARTESIAN_POINT('',(-0.453435576,0.056980561,0.149999997));
#1727=B_SPLINE_CURVE_WITH_KNOTS('',3,(#1728,#1729,#1730,#1731),.UNSPECIFIED.,.F.,.U.,(4,4),(6.0,7.0),.PIECEWISE_BEZIER_KNOTS.);
#1728=CARTESIAN_POINT('',(-0.453435576,0.056980561,0.149999997));
#1729=CARTESIAN_POINT('',(-0.46789546,0.042520694,0.149999997));
#1730=CARTESIAN_POINT('',(-0.476089388,0.022758868,0.149999997));
#1731=CARTESIAN_POINT('',(-0.476089388,0.002033056,0.149999997));
#1732=ORIENTED_EDGE('',*,*,#1733,.T.);
#1733=EDGE_CURVE('',#1725,#1734,#1736,.F.);
#1734=VERTEX_POINT('',#1735);
#1735=CARTESIAN_POINT('',(-0.398006069,0.080116356,0.149999997));
#1736=B_SPLINE_CURVE_WITH_KNOTS('',3,(#1737,#1738,#1739,#1740),.UNSPECIFIED.,.F.,.U.,(4,4),(5.0,6.0),.PIECEWISE_BEZIER_KNOTS.);
#1737=CARTESIAN_POINT('',(-0.398006069,0.080116356,0.149999997));
#1738=CARTESIAN_POINT('',(-0.418731886,0.080116356,0.149999997));
#1739=CARTESIAN_POINT('',(-0.438493707,0.07192243,0.149999997));
#1740=CARTESIAN_POINT('',(-0.453435576,0.056980561,0.149999997));
#1741=ORIENTED_EDGE('',*,*,#1742,.T.);
#1742=EDGE_CURVE('',#1734,#1743,#1745,.F.);
#1743=VERTEX_POINT('',#1744);
#1744=CARTESIAN_POINT('',(-0.386920171,0.079152365,0.149999997));
#1745=B_SPLINE_CURVE_WITH_KNOTS('',3,(#1746,#1747,#1748,#1749),.UNSPECIFIED.,.F.,.U.,(4,4),(4.0,5.0),.PIECEWISE_BEZIER_KNOTS.);
#1746=CARTESIAN_POINT('',(-0.386920171,0.079152365,0.149999997));
#1747=CARTESIAN_POINT('',(-0.390776133,0.079634363,0.149999997));
#1748=CARTESIAN_POINT('',(-0.394150107,0.080116356,0.149999997));
#1749=CARTESIAN_POINT('',(-0.398006069,0.080116356,0.149999997));
#1750=ORIENTED_EDGE('',*,*,#1751,.T.);
#1751=EDGE_CURVE('',#1743,#1752,#1754,.F.);
#1752=VERTEX_POINT('',#1753);
#1753=CARTESIAN_POINT('',(-0.365712362,0.100360177,0.149999997));
#1754=B_SPLINE_CURVE_WITH_KNOTS('',3,(#1755,#1756,#1757,#1758),.UNSPECIFIED.,.F.,.U.,(4,4),(3.0,4.0),.PIECEWISE_BEZIER_KNOTS.);
#1755=CARTESIAN_POINT('',(-0.365712362,0.100360177,0.149999997));
#1756=CARTESIAN_POINT('',(-0.373906293,0.094576227,0.149999997));
#1757=CARTESIAN_POINT('',(-0.380654231,0.087346291,0.149999997));
#1758=CARTESIAN_POINT('',(-0.386920171,0.079152365,0.149999997));
#1759=ORIENTED_EDGE('',*,*,#1760,.T.);
#1760=EDGE_CURVE('',#1752,#1761,#1763,.F.);
#1761=VERTEX_POINT('',#1762);
#1762=CARTESIAN_POINT('',(-0.307872876,0.11915801,0.149999997));
#1763=B_SPLINE_CURVE_WITH_KNOTS('',3,(#1764,#1765,#1766,#1767),.UNSPECIFIED.,.F.,.U.,(4,4),(2.0,3.0),.PIECEWISE_BEZIER_KNOTS.);
#1764=CARTESIAN_POINT('',(-0.307872876,0.11915801,0.149999997));
#1765=CARTESIAN_POINT('',(-0.329080686,0.11915801,0.149999997));
#1766=CARTESIAN_POINT('',(-0.348842512,0.112410071,0.149999997));
#1767=CARTESIAN_POINT('',(-0.365712362,0.100360177,0.149999997));
#1768=ORIENTED_EDGE('',*,*,#1769,.T.);
#1769=EDGE_CURVE('',#1761,#1770,#1772,.F.);
#1770=VERTEX_POINT('',#1771);
#1771=CARTESIAN_POINT('',(-0.242321467,0.094094232,0.149999997));
#1772=B_SPLINE_CURVE_WITH_KNOTS('',3,(#1773,#1774,#1775,#1776),.UNSPECIFIED.,.F.,.U.,(4,4),(1.0,2.0),.PIECEWISE_BEZIER_KNOTS.);
#1773=CARTESIAN_POINT('',(-0.242321467,0.094094232,0.149999997));
#1774=CARTESIAN_POINT('',(-0.2606373,0.110000092,0.149999997));
#1775=CARTESIAN_POINT('',(-0.283773091,0.11915801,0.149999997));
#1776=CARTESIAN_POINT('',(-0.307872876,0.11915801,0.149999997));
#1777=ORIENTED_EDGE('',*,*,#1778,.T.);
#1778=EDGE_CURVE('',#1770,#1494,#1779,.F.);
#1779=B_SPLINE_CURVE_WITH_KNOTS('',3,(#1780,#1781,#1782,#1783),.UNSPECIFIED.,.F.,.U.,(4,4),(0.0,1.0),.PIECEWISE_BEZIER_KNOTS.);
#1780=CARTESIAN_POINT('',(-0.216293691,0.05601657,0.149999997));
#1781=CARTESIAN_POINT('',(-0.221595636,0.070476442,0.149999997));
#1782=CARTESIAN_POINT('',(-0.230753562,0.083490325,0.149999997));
#1783=CARTESIAN_POINT('',(-0.242321467,0.094094232,0.149999997));
#1784=PLANE('',#1785);
#1785=AXIS2_PLACEMENT_3D('',#1786,#1787,#1788);
#1786=CARTESIAN_POINT('',(0.0,0.0,0.149999997));
#1787=DIRECTION('',(0.0,0.0,-1.0));
#1788=DIRECTION('',(-1.0,0.0,0.0));
#1789=ADVANCED_FACE('',(#1790),#1815,.F.);
#1790=FACE_BOUND('',#1791,.T.);
#1791=EDGE_LOOP('',(#1792,#1793,#1801,#1809));
#1792=ORIENTED_EDGE('',*,*,#598,.F.);
#1793=ORIENTED_EDGE('',*,*,#1794,.T.);
#1794=EDGE_CURVE('',#590,#1795,#1797,.T.);
#1795=VERTEX_POINT('',#1796);
#1796=CARTESIAN_POINT('',(2.199999952,-0.349999992,0.0));
#1797=LINE('',#1798,#1799);
#1798=CARTESIAN_POINT('',(2.199999952,-0.349999992,0.149999997));
#1799=VECTOR('',#1800,1.0);
#1800=DIRECTION('',(0.0,0.0,-1.0));
#1801=ORIENTED_EDGE('',*,*,#1802,.T.);
#1802=EDGE_CURVE('',#1795,#1803,#1805,.T.);
#1803=VERTEX_POINT('',#1804);
#1804=CARTESIAN_POINT('',(2.199999952,-0.199999996,0.0));
#1805=LINE('',#1806,#1807);
#1806=CARTESIAN_POINT('',(2.199999952,-0.399999991,0.0));
#1807=VECTOR('',#1808,1.0);
#1808=DIRECTION('',(0.0,1.0,0.0));
#1809=ORIENTED_EDGE('',*,*,#1810,.T.);
#1810=EDGE_CURVE('',#1803,#599,#1811,.T.);
#1811=LINE('',#1812,#1813);
#1812=CARTESIAN_POINT('',(2.199999952,-0.199999996,-0.049999999));
#1813=VECTOR('',#1814,1.0);
#1814=DIRECTION('',(0.0,0.0,1.0));
#1815=PLANE('',#1816);
#1816=AXIS2_PLACEMENT_3D('',#1817,#1818,#1819);
#1817=CARTESIAN_POINT('',(2.199999952,-0.399999991,0.149999997));
#1818=DIRECTION('',(-1.0,0.0,0.0));
#1819=DIRECTION('',(0.0,0.0,1.0));
#1820=ADVANCED_FACE('',(#1821),#1839,.F.);
#1821=FACE_BOUND('',#1822,.T.);
#1822=EDGE_LOOP('',(#1823,#1824,#1832,#1838));
#1823=ORIENTED_EDGE('',*,*,#713,.F.);
#1824=ORIENTED_EDGE('',*,*,#1825,.T.);
#1825=EDGE_CURVE('',#705,#1826,#1828,.T.);
#1826=VERTEX_POINT('',#1827);
#1827=CARTESIAN_POINT('',(-2.199999952,0.349999992,0.0));
#1828=LINE('',#1829,#1830);
#1829=CARTESIAN_POINT('',(-2.199999952,0.349999992,0.149999997));
#1830=VECTOR('',#1831,1.0);
#1831=DIRECTION('',(0.0,0.0,-1.0));
#1832=ORIENTED_EDGE('',*,*,#1833,.T.);
#1833=EDGE_CURVE('',#1826,#57,#1834,.T.);
#1834=LINE('',#1835,#1836);
#1835=CARTESIAN_POINT('',(-2.199999952,-0.399999991,0.0));
#1836=VECTOR('',#1837,1.0);
#1837=DIRECTION('',(0.0,-1.0,0.0));
#1838=ORIENTED_EDGE('',*,*,#84,.F.);
#1839=PLANE('',#1840);
#1840=AXIS2_PLACEMENT_3D('',#1841,#1842,#1843);
#1841=CARTESIAN_POINT('',(-2.199999952,-0.399999991,0.149999997));
#1842=DIRECTION('',(1.0,0.0,0.0));
#1843=DIRECTION('',(0.0,0.0,-1.0));
#1844=ADVANCED_FACE('',(#1845),#1870,.F.);
#1845=FACE_BOUND('',#1846,.T.);
#1846=EDGE_LOOP('',(#1847,#1857,#1863,#1864));
#1847=ORIENTED_EDGE('',*,*,#1848,.T.);
#1848=EDGE_CURVE('',#1849,#1851,#1853,.T.);
#1849=VERTEX_POINT('',#1850);
#1850=CARTESIAN_POINT('',(2.199999952,0.199999996,0.0));
#1851=VERTEX_POINT('',#1852);
#1852=CARTESIAN_POINT('',(2.199999952,0.349999992,0.0));
#1853=LINE('',#1854,#1855);
#1854=CARTESIAN_POINT('',(2.199999952,-0.399999991,0.0));
#1855=VECTOR('',#1856,1.0);
#1856=DIRECTION('',(0.0,1.0,0.0));
#1857=ORIENTED_EDGE('',*,*,#1858,.T.);
#1858=EDGE_CURVE('',#1851,#616,#1859,.T.);
#1859=LINE('',#1860,#1861);
#1860=CARTESIAN_POINT('',(2.199999952,0.349999992,0.149999997));
#1861=VECTOR('',#1862,1.0);
#1862=DIRECTION('',(0.0,0.0,1.0));
#1863=ORIENTED_EDGE('',*,*,#615,.F.);
#1864=ORIENTED_EDGE('',*,*,#1865,.T.);
#1865=EDGE_CURVE('',#607,#1849,#1866,.T.);
#1866=LINE('',#1867,#1868);
#1867=CARTESIAN_POINT('',(2.199999952,0.199999996,-0.049999999));
#1868=VECTOR('',#1869,1.0);
#1869=DIRECTION('',(0.0,0.0,-1.0));
#1870=PLANE('',#1871);
#1871=AXIS2_PLACEMENT_3D('',#1872,#1873,#1874);
#1872=CARTESIAN_POINT('',(2.199999952,-0.399999991,0.149999997));
#1873=DIRECTION('',(-1.0,0.0,0.0));
#1874=DIRECTION('',(0.0,0.0,1.0));
#1875=ADVANCED_FACE('',(#1876),#1947,.F.);
#1876=FACE_BOUND('',#1877,.T.);
#1877=EDGE_LOOP('',(#1878,#1879,#1887,#1895,#1901,#1902,#1910,#1918,#1924,#1925,#1933,#1941));
#1878=ORIENTED_EDGE('',*,*,#632,.F.);
#1879=ORIENTED_EDGE('',*,*,#1880,.T.);
#1880=EDGE_CURVE('',#624,#1881,#1883,.T.);
#1881=VERTEX_POINT('',#1882);
#1882=CARTESIAN_POINT('',(2.149999953,0.399999991,0.0));
#1883=LINE('',#1884,#1885);
#1884=CARTESIAN_POINT('',(2.149999953,0.399999991,0.149999997));
#1885=VECTOR('',#1886,1.0);
#1886=DIRECTION('',(0.0,0.0,-1.0));
#1887=ORIENTED_EDGE('',*,*,#1888,.T.);
#1888=EDGE_CURVE('',#1881,#1889,#1891,.T.);
#1889=VERTEX_POINT('',#1890);
#1890=CARTESIAN_POINT('',(-2.149999953,0.399999991,0.0));
#1891=LINE('',#1892,#1893);
#1892=CARTESIAN_POINT('',(-2.199999952,0.399999991,0.0));
#1893=VECTOR('',#1894,1.0);
#1894=DIRECTION('',(-1.0,0.0,0.0));
#1895=ORIENTED_EDGE('',*,*,#1896,.T.);
#1896=EDGE_CURVE('',#1889,#697,#1897,.T.);
#1897=LINE('',#1898,#1899);
#1898=CARTESIAN_POINT('',(-2.149999953,0.399999991,0.149999997));
#1899=VECTOR('',#1900,1.0);
#1900=DIRECTION('',(0.0,0.0,1.0));
#1901=ORIENTED_EDGE('',*,*,#696,.F.);
#1902=ORIENTED_EDGE('',*,*,#1903,.T.);
#1903=EDGE_CURVE('',#689,#1904,#1906,.T.);
#1904=VERTEX_POINT('',#1905);
#1905=CARTESIAN_POINT('',(-1.949999958,0.399999991,0.270039625));
#1906=LINE('',#1907,#1908);
#1907=CARTESIAN_POINT('',(-1.949999958,0.399999991,0.149999997));
#1908=VECTOR('',#1909,1.0);
#1909=DIRECTION('',(0.0,0.0,1.0));
#1910=ORIENTED_EDGE('',*,*,#1911,.T.);
#1911=EDGE_CURVE('',#1904,#1912,#1914,.F.);
#1912=VERTEX_POINT('',#1913);
#1913=CARTESIAN_POINT('',(-0.749999984,0.399999991,0.270039625));
#1914=LINE('',#1915,#1916);
#1915=CARTESIAN_POINT('',(-0.749999984,0.399999991,0.270039625));
#1916=VECTOR('',#1917,1.0);
#1917=DIRECTION('',(-1.0,0.0,0.0));
#1918=ORIENTED_EDGE('',*,*,#1919,.T.);
#1919=EDGE_CURVE('',#1912,#665,#1920,.F.);
#1920=LINE('',#1921,#1922);
#1921=CARTESIAN_POINT('',(-0.749999984,0.399999991,0.149999997));
#1922=VECTOR('',#1923,1.0);
#1923=DIRECTION('',(0.0,0.0,1.0));
#1924=ORIENTED_EDGE('',*,*,#664,.F.);
#1925=ORIENTED_EDGE('',*,*,#1926,.T.);
#1926=EDGE_CURVE('',#657,#1927,#1929,.T.);
#1927=VERTEX_POINT('',#1928);
#1928=CARTESIAN_POINT('',(0.749999984,0.399999991,0.270039625));
#1929=LINE('',#1930,#1931);
#1930=CARTESIAN_POINT('',(0.749999984,0.399999991,0.149999997));
#1931=VECTOR('',#1932,1.0);
#1932=DIRECTION('',(0.0,0.0,1.0));
#1933=ORIENTED_EDGE('',*,*,#1934,.T.);
#1934=EDGE_CURVE('',#1927,#1935,#1937,.F.);
#1935=VERTEX_POINT('',#1936);
#1936=CARTESIAN_POINT('',(1.949999958,0.399999991,0.270039625));
#1937=LINE('',#1938,#1939);
#1938=CARTESIAN_POINT('',(1.949999958,0.399999991,0.270039625));
#1939=VECTOR('',#1940,1.0);
#1940=DIRECTION('',(-1.0,0.0,0.0));
#1941=ORIENTED_EDGE('',*,*,#1942,.T.);
#1942=EDGE_CURVE('',#1935,#633,#1943,.F.);
#1943=LINE('',#1944,#1945);
#1944=CARTESIAN_POINT('',(1.949999958,0.399999991,0.149999997));
#1945=VECTOR('',#1946,1.0);
#1946=DIRECTION('',(0.0,0.0,1.0));
#1947=PLANE('',#1948);
#1948=AXIS2_PLACEMENT_3D('',#1949,#1950,#1951);
#1949=CARTESIAN_POINT('',(-2.199999952,0.399999991,0.149999997));
#1950=DIRECTION('',(0.0,-1.0,0.0));
#1951=DIRECTION('',(0.0,0.0,-1.0));
#1952=ADVANCED_FACE('',(#1953),#1978,.F.);
#1953=FACE_BOUND('',#1954,.T.);
#1954=EDGE_LOOP('',(#1955,#1965,#1971,#1972));
#1955=ORIENTED_EDGE('',*,*,#1956,.T.);
#1956=EDGE_CURVE('',#1957,#1959,#1961,.T.);
#1957=VERTEX_POINT('',#1958);
#1958=CARTESIAN_POINT('',(-2.199999952,-0.199999996,0.0));
#1959=VERTEX_POINT('',#1960);
#1960=CARTESIAN_POINT('',(-2.199999952,-0.349999992,0.0));
#1961=LINE('',#1962,#1963);
#1962=CARTESIAN_POINT('',(-2.199999952,-0.399999991,0.0));
#1963=VECTOR('',#1964,1.0);
#1964=DIRECTION('',(0.0,-1.0,0.0));
#1965=ORIENTED_EDGE('',*,*,#1966,.T.);
#1966=EDGE_CURVE('',#1959,#730,#1967,.T.);
#1967=LINE('',#1968,#1969);
#1968=CARTESIAN_POINT('',(-2.199999952,-0.349999992,0.149999997));
#1969=VECTOR('',#1970,1.0);
#1970=DIRECTION('',(0.0,0.0,1.0));
#1971=ORIENTED_EDGE('',*,*,#729,.F.);
#1972=ORIENTED_EDGE('',*,*,#1973,.T.);
#1973=EDGE_CURVE('',#721,#1957,#1974,.T.);
#1974=LINE('',#1975,#1976);
#1975=CARTESIAN_POINT('',(-2.199999952,-0.199999996,-0.049999999));
#1976=VECTOR('',#1977,1.0);
#1977=DIRECTION('',(0.0,0.0,-1.0));
#1978=PLANE('',#1979);
#1979=AXIS2_PLACEMENT_3D('',#1980,#1981,#1982);
#1980=CARTESIAN_POINT('',(-2.199999952,-0.399999991,0.149999997));
#1981=DIRECTION('',(1.0,0.0,0.0));
#1982=DIRECTION('',(0.0,0.0,-1.0));
#1983=ADVANCED_FACE('',(#1984),#2055,.F.);
#1984=FACE_BOUND('',#1985,.T.);
#1985=EDGE_LOOP('',(#1986,#1996,#2002,#2003,#2011,#2019,#2025,#2026,#2034,#2042,#2048,#2049));
#1986=ORIENTED_EDGE('',*,*,#1987,.T.);
#1987=EDGE_CURVE('',#1988,#1990,#1992,.T.);
#1988=VERTEX_POINT('',#1989);
#1989=CARTESIAN_POINT('',(-2.149999953,-0.399999991,0.0));
#1990=VERTEX_POINT('',#1991);
#1991=CARTESIAN_POINT('',(2.149999953,-0.399999991,0.0));
#1992=LINE('',#1993,#1994);
#1993=CARTESIAN_POINT('',(-2.199999952,-0.399999991,0.0));
#1994=VECTOR('',#1995,1.0);
#1995=DIRECTION('',(1.0,0.0,0.0));
#1996=ORIENTED_EDGE('',*,*,#1997,.T.);
#1997=EDGE_CURVE('',#1990,#582,#1998,.T.);
#1998=LINE('',#1999,#2000);
#1999=CARTESIAN_POINT('',(2.149999953,-0.399999991,0.149999997));
#2000=VECTOR('',#2001,1.0);
#2001=DIRECTION('',(0.0,0.0,1.0));
#2002=ORIENTED_EDGE('',*,*,#581,.F.);
#2003=ORIENTED_EDGE('',*,*,#2004,.T.);
#2004=EDGE_CURVE('',#574,#2005,#2007,.T.);
#2005=VERTEX_POINT('',#2006);
#2006=CARTESIAN_POINT('',(1.949999958,-0.399999991,0.270039625));
#2007=LINE('',#2008,#2009);
#2008=CARTESIAN_POINT('',(1.949999958,-0.399999991,0.149999997));
#2009=VECTOR('',#2010,1.0);
#2010=DIRECTION('',(0.0,0.0,1.0));
#2011=ORIENTED_EDGE('',*,*,#2012,.T.);
#2012=EDGE_CURVE('',#2005,#2013,#2015,.T.);
#2013=VERTEX_POINT('',#2014);
#2014=CARTESIAN_POINT('',(0.749999984,-0.399999991,0.270039625));
#2015=LINE('',#2016,#2017);
#2016=CARTESIAN_POINT('',(1.949999958,-0.399999991,0.270039625));
#2017=VECTOR('',#2018,1.0);
#2018=DIRECTION('',(-1.0,0.0,0.0));
#2019=ORIENTED_EDGE('',*,*,#2020,.T.);
#2020=EDGE_CURVE('',#2013,#779,#2021,.F.);
#2021=LINE('',#2022,#2023);
#2022=CARTESIAN_POINT('',(0.749999984,-0.399999991,0.149999997));
#2023=VECTOR('',#2024,1.0);
#2024=DIRECTION('',(0.0,0.0,1.0));
#2025=ORIENTED_EDGE('',*,*,#778,.F.);
#2026=ORIENTED_EDGE('',*,*,#2027,.T.);
#2027=EDGE_CURVE('',#771,#2028,#2030,.T.);
#2028=VERTEX_POINT('',#2029);
#2029=CARTESIAN_POINT('',(-0.749999984,-0.399999991,0.270039625));
#2030=LINE('',#2031,#2032);
#2031=CARTESIAN_POINT('',(-0.749999984,-0.399999991,0.149999997));
#2032=VECTOR('',#2033,1.0);
#2033=DIRECTION('',(0.0,0.0,1.0));
#2034=ORIENTED_EDGE('',*,*,#2035,.T.);
#2035=EDGE_CURVE('',#2028,#2036,#2038,.T.);
#2036=VERTEX_POINT('',#2037);
#2037=CARTESIAN_POINT('',(-1.949999958,-0.399999991,0.270039625));
#2038=LINE('',#2039,#2040);
#2039=CARTESIAN_POINT('',(-0.749999984,-0.399999991,0.270039625));
#2040=VECTOR('',#2041,1.0);
#2041=DIRECTION('',(-1.0,0.0,0.0));
#2042=ORIENTED_EDGE('',*,*,#2043,.T.);
#2043=EDGE_CURVE('',#2036,#747,#2044,.F.);
#2044=LINE('',#2045,#2046);
#2045=CARTESIAN_POINT('',(-1.949999958,-0.399999991,0.149999997));
#2046=VECTOR('',#2047,1.0);
#2047=DIRECTION('',(0.0,0.0,1.0));
#2048=ORIENTED_EDGE('',*,*,#746,.F.);
#2049=ORIENTED_EDGE('',*,*,#2050,.T.);
#2050=EDGE_CURVE('',#738,#1988,#2051,.T.);
#2051=LINE('',#2052,#2053);
#2052=CARTESIAN_POINT('',(-2.149999953,-0.399999991,0.149999997));
#2053=VECTOR('',#2054,1.0);
#2054=DIRECTION('',(0.0,0.0,-1.0));
#2055=PLANE('',#2056);
#2056=AXIS2_PLACEMENT_3D('',#2057,#2058,#2059);
#2057=CARTESIAN_POINT('',(-2.199999952,-0.399999991,0.149999997));
#2058=DIRECTION('',(0.0,1.0,0.0));
#2059=DIRECTION('',(0.0,0.0,1.0));
#2060=ADVANCED_FACE('',(#2061),#2112,.T.);
#2061=FACE_BOUND('',#2062,.T.);
#2062=EDGE_LOOP('',(#2063,#2064,#2071,#2072,#2079,#2080,#2087,#2088,#2089,#2096,#2097,#2104,#2105));
#2063=ORIENTED_EDGE('',*,*,#1802,.F.);
#2064=ORIENTED_EDGE('',*,*,#2065,.T.);
#2065=EDGE_CURVE('',#1795,#1990,#2066,.T.);
#2066=CIRCLE('',#2067,0.049999999);
#2067=AXIS2_PLACEMENT_3D('',#2068,#2069,#2070);
#2068=CARTESIAN_POINT('',(2.149999953,-0.349999992,0.0));
#2069=DIRECTION('',(0.0,0.0,-1.0));
#2070=DIRECTION('',(-1.0,0.0,0.0));
#2071=ORIENTED_EDGE('',*,*,#1987,.F.);
#2072=ORIENTED_EDGE('',*,*,#2073,.T.);
#2073=EDGE_CURVE('',#1988,#1959,#2074,.T.);
#2074=CIRCLE('',#2075,0.049999999);
#2075=AXIS2_PLACEMENT_3D('',#2076,#2077,#2078);
#2076=CARTESIAN_POINT('',(-2.149999953,-0.349999992,0.0));
#2077=DIRECTION('',(0.0,0.0,-1.0));
#2078=DIRECTION('',(-1.0,0.0,0.0));
#2079=ORIENTED_EDGE('',*,*,#1956,.F.);
#2080=ORIENTED_EDGE('',*,*,#2081,.T.);
#2081=EDGE_CURVE('',#1957,#59,#2082,.F.);
#2082=CIRCLE('',#2083,0.199999996);
#2083=AXIS2_PLACEMENT_3D('',#2084,#2085,#2086);
#2084=CARTESIAN_POINT('',(-2.199999952,1.626303223E-16,0.0));
#2085=DIRECTION('',(0.0,0.0,-1.0));
#2086=DIRECTION('',(-1.0,0.0,0.0));
#2087=ORIENTED_EDGE('',*,*,#56,.F.);
#2088=ORIENTED_EDGE('',*,*,#1833,.F.);
#2089=ORIENTED_EDGE('',*,*,#2090,.T.);
#2090=EDGE_CURVE('',#1826,#1889,#2091,.T.);
#2091=CIRCLE('',#2092,0.049999999);
#2092=AXIS2_PLACEMENT_3D('',#2093,#2094,#2095);
#2093=CARTESIAN_POINT('',(-2.149999953,0.349999992,0.0));
#2094=DIRECTION('',(0.0,0.0,-1.0));
#2095=DIRECTION('',(-1.0,0.0,0.0));
#2096=ORIENTED_EDGE('',*,*,#1888,.F.);
#2097=ORIENTED_EDGE('',*,*,#2098,.T.);
#2098=EDGE_CURVE('',#1881,#1851,#2099,.T.);
#2099=CIRCLE('',#2100,0.049999999);
#2100=AXIS2_PLACEMENT_3D('',#2101,#2102,#2103);
#2101=CARTESIAN_POINT('',(2.149999953,0.349999992,0.0));
#2102=DIRECTION('',(0.0,0.0,-1.0));
#2103=DIRECTION('',(-1.0,0.0,0.0));
#2104=ORIENTED_EDGE('',*,*,#1848,.F.);
#2105=ORIENTED_EDGE('',*,*,#2106,.T.);
#2106=EDGE_CURVE('',#1849,#1803,#2107,.F.);
#2107=CIRCLE('',#2108,0.199999996);
#2108=AXIS2_PLACEMENT_3D('',#2109,#2110,#2111);
#2109=CARTESIAN_POINT('',(2.199999952,1.626303223E-16,0.0));
#2110=DIRECTION('',(0.0,0.0,-1.0));
#2111=DIRECTION('',(-1.0,0.0,0.0));
#2112=PLANE('',#2113);
#2113=AXIS2_PLACEMENT_3D('',#2114,#2115,#2116);
#2114=CARTESIAN_POINT('',(0.0,0.0,0.0));
#2115=DIRECTION('',(0.0,0.0,-1.0));
#2116=DIRECTION('',(-1.0,0.0,0.0));
#2117=ADVANCED_FACE('',(#2118),#2124,.F.);
#2118=FACE_BOUND('',#2119,.T.);
#2119=EDGE_LOOP('',(#2120,#2121,#2122,#2123));
#2120=ORIENTED_EDGE('',*,*,#67,.F.);
#2121=ORIENTED_EDGE('',*,*,#2081,.F.);
#2122=ORIENTED_EDGE('',*,*,#1973,.F.);
#2123=ORIENTED_EDGE('',*,*,#720,.F.);
#2124=CYLINDRICAL_SURFACE('',#2125,0.199999996);
#2125=AXIS2_PLACEMENT_3D('',#2126,#2127,#2128);
#2126=CARTESIAN_POINT('',(-2.199999952,1.626303223E-16,-0.049999999));
#2127=DIRECTION('',(0.0,0.0,1.0));
#2128=DIRECTION('',(1.0,0.0,0.0));
#2129=ADVANCED_FACE('',(#2130),#2136,.F.);
#2130=FACE_BOUND('',#2131,.T.);
#2131=EDGE_LOOP('',(#2132,#2133,#2134,#2135));
#2132=ORIENTED_EDGE('',*,*,#2106,.F.);
#2133=ORIENTED_EDGE('',*,*,#1865,.F.);
#2134=ORIENTED_EDGE('',*,*,#606,.F.);
#2135=ORIENTED_EDGE('',*,*,#1810,.F.);
#2136=CYLINDRICAL_SURFACE('',#2137,0.199999996);
#2137=AXIS2_PLACEMENT_3D('',#2138,#2139,#2140);
#2138=CARTESIAN_POINT('',(2.199999952,1.626303223E-16,-0.049999999));
#2139=DIRECTION('',(0.0,0.0,1.0));
#2140=DIRECTION('',(1.0,0.0,0.0));
#2141=ADVANCED_FACE('',(#2142),#2148,.T.);
#2142=FACE_BOUND('',#2143,.T.);
#2143=EDGE_LOOP('',(#2144,#2145,#2146,#2147));
#2144=ORIENTED_EDGE('',*,*,#589,.F.);
#2145=ORIENTED_EDGE('',*,*,#1997,.F.);
#2146=ORIENTED_EDGE('',*,*,#2065,.F.);
#2147=ORIENTED_EDGE('',*,*,#1794,.F.);
#2148=CYLINDRICAL_SURFACE('',#2149,0.049999999);
#2149=AXIS2_PLACEMENT_3D('',#2150,#2151,#2152);
#2150=CARTESIAN_POINT('',(2.149999953,-0.349999992,0.149999997));
#2151=DIRECTION('',(0.0,0.0,-1.0));
#2152=DIRECTION('',(-1.0,0.0,0.0));
#2153=ADVANCED_FACE('',(#2154),#2160,.T.);
#2154=FACE_BOUND('',#2155,.T.);
#2155=EDGE_LOOP('',(#2156,#2157,#2158,#2159));
#2156=ORIENTED_EDGE('',*,*,#623,.F.);
#2157=ORIENTED_EDGE('',*,*,#1858,.F.);
#2158=ORIENTED_EDGE('',*,*,#2098,.F.);
#2159=ORIENTED_EDGE('',*,*,#1880,.F.);
#2160=CYLINDRICAL_SURFACE('',#2161,0.049999999);
#2161=AXIS2_PLACEMENT_3D('',#2162,#2163,#2164);
#2162=CARTESIAN_POINT('',(2.149999953,0.349999992,0.149999997));
#2163=DIRECTION('',(0.0,0.0,-1.0));
#2164=DIRECTION('',(-1.0,0.0,0.0));
#2165=ADVANCED_FACE('',(#2166),#2172,.T.);
#2166=FACE_BOUND('',#2167,.T.);
#2167=EDGE_LOOP('',(#2168,#2169,#2170,#2171));
#2168=ORIENTED_EDGE('',*,*,#737,.F.);
#2169=ORIENTED_EDGE('',*,*,#1966,.F.);
#2170=ORIENTED_EDGE('',*,*,#2073,.F.);
#2171=ORIENTED_EDGE('',*,*,#2050,.F.);
#2172=CYLINDRICAL_SURFACE('',#2173,0.049999999);
#2173=AXIS2_PLACEMENT_3D('',#2174,#2175,#2176);
#2174=CARTESIAN_POINT('',(-2.149999953,-0.349999992,0.149999997));
#2175=DIRECTION('',(0.0,0.0,-1.0));
#2176=DIRECTION('',(-1.0,0.0,0.0));
#2177=ADVANCED_FACE('',(#2178),#2184,.T.);
#2178=FACE_BOUND('',#2179,.T.);
#2179=EDGE_LOOP('',(#2180,#2181,#2182,#2183));
#2180=ORIENTED_EDGE('',*,*,#704,.F.);
#2181=ORIENTED_EDGE('',*,*,#1896,.F.);
#2182=ORIENTED_EDGE('',*,*,#2090,.F.);
#2183=ORIENTED_EDGE('',*,*,#1825,.F.);
#2184=CYLINDRICAL_SURFACE('',#2185,0.049999999);
#2185=AXIS2_PLACEMENT_3D('',#2186,#2187,#2188);
#2186=CARTESIAN_POINT('',(-2.149999953,0.349999992,0.149999997));
#2187=DIRECTION('',(0.0,0.0,-1.0));
#2188=DIRECTION('',(-1.0,0.0,0.0));
#2189=ADVANCED_FACE('',(#2190),#2224,.T.);
#2190=FACE_BOUND('',#2191,.T.);
#2191=EDGE_LOOP('',(#2192,#2202,#2210,#2218));
#2192=ORIENTED_EDGE('',*,*,#2193,.T.);
#2193=EDGE_CURVE('',#2194,#2196,#2198,.F.);
#2194=VERTEX_POINT('',#2195);
#2195=CARTESIAN_POINT('',(-1.949999958,0.304999993,0.859999981));
#2196=VERTEX_POINT('',#2197);
#2197=CARTESIAN_POINT('',(-1.949999958,0.144999997,0.739999984));
#2198=LINE('',#2199,#2200);
#2199=CARTESIAN_POINT('',(-1.949999958,0.144999997,0.739999984));
#2200=VECTOR('',#2201,1.0);
#2201=DIRECTION('',(0.0,0.8,0.6));
#2202=ORIENTED_EDGE('',*,*,#2203,.T.);
#2203=EDGE_CURVE('',#2196,#2204,#2206,.F.);
#2204=VERTEX_POINT('',#2205);
#2205=CARTESIAN_POINT('',(-0.749999984,0.144999997,0.739999984));
#2206=LINE('',#2207,#2208);
#2207=CARTESIAN_POINT('',(-0.749999984,0.144999997,0.739999984));
#2208=VECTOR('',#2209,1.0);
#2209=DIRECTION('',(-1.0,0.0,0.0));
#2210=ORIENTED_EDGE('',*,*,#2211,.T.);
#2211=EDGE_CURVE('',#2204,#2212,#2214,.T.);
#2212=VERTEX_POINT('',#2213);
#2213=CARTESIAN_POINT('',(-0.749999984,0.304999993,0.859999981));
#2214=LINE('',#2215,#2216);
#2215=CARTESIAN_POINT('',(-0.749999984,0.144999997,0.739999984));
#2216=VECTOR('',#2217,1.0);
#2217=DIRECTION('',(0.0,0.8,0.6));
#2218=ORIENTED_EDGE('',*,*,#2219,.T.);
#2219=EDGE_CURVE('',#2212,#2194,#2220,.T.);
#2220=LINE('',#2221,#2222);
#2221=CARTESIAN_POINT('',(-0.749999984,0.304999993,0.859999981));
#2222=VECTOR('',#2223,1.0);
#2223=DIRECTION('',(-1.0,0.0,0.0));
#2224=PLANE('',#2225);
#2225=AXIS2_PLACEMENT_3D('',#2226,#2227,#2228);
#2226=CARTESIAN_POINT('',(-0.749999984,0.144999997,0.739999984));
#2227=DIRECTION('',(0.0,-0.6,0.8));
#2228=DIRECTION('',(0.0,-0.8,-0.6));
#2229=ADVANCED_FACE('',(#2230),#2257,.T.);
#2230=FACE_BOUND('',#2231,.T.);
#2231=EDGE_LOOP('',(#2232,#2241,#2249,#2256));
#2232=ORIENTED_EDGE('',*,*,#2233,.T.);
#2233=EDGE_CURVE('',#2196,#2234,#2236,.F.);
#2234=VERTEX_POINT('',#2235);
#2235=CARTESIAN_POINT('',(-1.949999958,0.10298847,0.505065219));
#2236=CIRCLE('',#2237,0.174999996);
#2237=AXIS2_PLACEMENT_3D('',#2238,#2239,#2240);
#2238=CARTESIAN_POINT('',(-1.949999958,0.249999995,0.599999987));
#2239=DIRECTION('',(-1.0,0.0,0.0));
#2240=DIRECTION('',(0.0,0.0,1.0));
#2241=ORIENTED_EDGE('',*,*,#2242,.T.);
#2242=EDGE_CURVE('',#2234,#2243,#2245,.F.);
#2243=VERTEX_POINT('',#2244);
#2244=CARTESIAN_POINT('',(-0.749999984,0.10298847,0.505065219));
#2245=LINE('',#2246,#2247);
#2246=CARTESIAN_POINT('',(-0.749999984,0.10298847,0.505065219));
#2247=VECTOR('',#2248,1.0);
#2248=DIRECTION('',(-1.0,0.0,0.0));
#2249=ORIENTED_EDGE('',*,*,#2250,.T.);
#2250=EDGE_CURVE('',#2243,#2204,#2251,.T.);
#2251=CIRCLE('',#2252,0.174999996);
#2252=AXIS2_PLACEMENT_3D('',#2253,#2254,#2255);
#2253=CARTESIAN_POINT('',(-0.749999984,0.249999995,0.599999987));
#2254=DIRECTION('',(-1.0,0.0,0.0));
#2255=DIRECTION('',(0.0,0.0,1.0));
#2256=ORIENTED_EDGE('',*,*,#2203,.F.);
#2257=CYLINDRICAL_SURFACE('',#2258,0.174999996);
#2258=AXIS2_PLACEMENT_3D('',#2259,#2260,#2261);
#2259=CARTESIAN_POINT('',(-0.749999984,0.249999995,0.599999987));
#2260=DIRECTION('',(-1.0,0.0,0.0));
#2261=DIRECTION('',(0.0,0.0,1.0));
#2262=ADVANCED_FACE('',(#2263),#2288,.T.);
#2263=FACE_BOUND('',#2264,.T.);
#2264=EDGE_LOOP('',(#2265,#2273,#2281,#2287));
#2265=ORIENTED_EDGE('',*,*,#2266,.T.);
#2266=EDGE_CURVE('',#2234,#2267,#2269,.F.);
#2267=VERTEX_POINT('',#2268);
#2268=CARTESIAN_POINT('',(-1.949999958,0.246001642,0.283601734));
#2269=LINE('',#2270,#2271);
#2270=CARTESIAN_POINT('',(-1.949999958,0.246001642,0.283601734));
#2271=VECTOR('',#2272,1.0);
#2272=DIRECTION('',(0.0,-0.5424844,0.840065876));
#2273=ORIENTED_EDGE('',*,*,#2274,.T.);
#2274=EDGE_CURVE('',#2267,#2275,#2277,.F.);
#2275=VERTEX_POINT('',#2276);
#2276=CARTESIAN_POINT('',(-0.749999984,0.246001642,0.283601734));
#2277=LINE('',#2278,#2279);
#2278=CARTESIAN_POINT('',(-0.749999984,0.246001642,0.283601734));
#2279=VECTOR('',#2280,1.0);
#2280=DIRECTION('',(-1.0,0.0,0.0));
#2281=ORIENTED_EDGE('',*,*,#2282,.T.);
#2282=EDGE_CURVE('',#2275,#2243,#2283,.T.);
#2283=LINE('',#2284,#2285);
#2284=CARTESIAN_POINT('',(-0.749999984,0.246001642,0.283601734));
#2285=VECTOR('',#2286,1.0);
#2286=DIRECTION('',(0.0,-0.5424844,0.840065876));
#2287=ORIENTED_EDGE('',*,*,#2242,.F.);
#2288=PLANE('',#2289);
#2289=AXIS2_PLACEMENT_3D('',#2290,#2291,#2292);
#2290=CARTESIAN_POINT('',(-0.749999984,0.246001642,0.283601734));
#2291=DIRECTION('',(0.0,-0.840065876,-0.5424844));
#2292=DIRECTION('',(0.0,0.5424844,-0.840065876));
#2293=ADVANCED_FACE('',(#2294),#2321,.F.);
#2294=FACE_BOUND('',#2295,.T.);
#2295=EDGE_LOOP('',(#2296,#2305,#2313,#2320));
#2296=ORIENTED_EDGE('',*,*,#2297,.T.);
#2297=EDGE_CURVE('',#2267,#2298,#2300,.F.);
#2298=VERTEX_POINT('',#2299);
#2299=CARTESIAN_POINT('',(-1.949999958,0.249999995,0.270039625));
#2300=CIRCLE('',#2301,0.024999999);
#2301=AXIS2_PLACEMENT_3D('',#2302,#2303,#2304);
#2302=CARTESIAN_POINT('',(-1.949999958,0.224999995,0.270039625));
#2303=DIRECTION('',(1.0,0.0,0.0));
#2304=DIRECTION('',(0.0,2.168404345E-15,1.0));
#2305=ORIENTED_EDGE('',*,*,#2306,.T.);
#2306=EDGE_CURVE('',#2298,#2307,#2309,.F.);
#2307=VERTEX_POINT('',#2308);
#2308=CARTESIAN_POINT('',(-0.749999984,0.249999995,0.270039625));
#2309=LINE('',#2310,#2311);
#2310=CARTESIAN_POINT('',(-0.749999984,0.249999995,0.270039625));
#2311=VECTOR('',#2312,1.0);
#2312=DIRECTION('',(-1.0,0.0,0.0));
#2313=ORIENTED_EDGE('',*,*,#2314,.T.);
#2314=EDGE_CURVE('',#2307,#2275,#2315,.T.);
#2315=CIRCLE('',#2316,0.024999999);
#2316=AXIS2_PLACEMENT_3D('',#2317,#2318,#2319);
#2317=CARTESIAN_POINT('',(-0.749999984,0.224999995,0.270039625));
#2318=DIRECTION('',(1.0,0.0,0.0));
#2319=DIRECTION('',(0.0,2.168404345E-15,1.0));
#2320=ORIENTED_EDGE('',*,*,#2274,.F.);
#2321=CYLINDRICAL_SURFACE('',#2322,0.024999999);
#2322=AXIS2_PLACEMENT_3D('',#2323,#2324,#2325);
#2323=CARTESIAN_POINT('',(-0.749999984,0.224999995,0.270039625));
#2324=DIRECTION('',(-1.0,0.0,0.0));
#2325=DIRECTION('',(0.0,0.0,1.0));
#2326=ADVANCED_FACE('',(#2327),#2343,.T.);
#2327=FACE_BOUND('',#2328,.T.);
#2328=EDGE_LOOP('',(#2329,#2335,#2336,#2342));
#2329=ORIENTED_EDGE('',*,*,#2330,.T.);
#2330=EDGE_CURVE('',#2298,#681,#2331,.F.);
#2331=LINE('',#2332,#2333);
#2332=CARTESIAN_POINT('',(-1.949999958,0.249999995,0.149999997));
#2333=VECTOR('',#2334,1.0);
#2334=DIRECTION('',(0.0,0.0,1.0));
#2335=ORIENTED_EDGE('',*,*,#680,.F.);
#2336=ORIENTED_EDGE('',*,*,#2337,.T.);
#2337=EDGE_CURVE('',#673,#2307,#2338,.T.);
#2338=LINE('',#2339,#2340);
#2339=CARTESIAN_POINT('',(-0.749999984,0.249999995,0.149999997));
#2340=VECTOR('',#2341,1.0);
#2341=DIRECTION('',(0.0,0.0,1.0));
#2342=ORIENTED_EDGE('',*,*,#2306,.F.);
#2343=PLANE('',#2344);
#2344=AXIS2_PLACEMENT_3D('',#2345,#2346,#2347);
#2345=CARTESIAN_POINT('',(-0.749999984,0.249999995,0.149999997));
#2346=DIRECTION('',(0.0,-1.0,0.0));
#2347=DIRECTION('',(0.0,0.0,-1.0));
#2348=ADVANCED_FACE('',(#2349),#2376,.T.);
#2349=FACE_BOUND('',#2350,.T.);
#2350=EDGE_LOOP('',(#2351,#2360,#2368,#2375));
#2351=ORIENTED_EDGE('',*,*,#2352,.T.);
#2352=EDGE_CURVE('',#1904,#2353,#2355,.T.);
#2353=VERTEX_POINT('',#2354);
#2354=CARTESIAN_POINT('',(-1.949999958,0.37201152,0.364974393));
#2355=CIRCLE('',#2356,0.174999996);
#2356=AXIS2_PLACEMENT_3D('',#2357,#2358,#2359);
#2357=CARTESIAN_POINT('',(-1.949999958,0.224999995,0.270039625));
#2358=DIRECTION('',(1.0,0.0,0.0));
#2359=DIRECTION('',(0.0,-9.293161478E-16,1.0));
#2360=ORIENTED_EDGE('',*,*,#2361,.T.);
#2361=EDGE_CURVE('',#2353,#2362,#2364,.F.);
#2362=VERTEX_POINT('',#2363);
#2363=CARTESIAN_POINT('',(-0.749999984,0.37201152,0.364974393));
#2364=LINE('',#2365,#2366);
#2365=CARTESIAN_POINT('',(-0.749999984,0.37201152,0.364974393));
#2366=VECTOR('',#2367,1.0);
#2367=DIRECTION('',(-1.0,0.0,0.0));
#2368=ORIENTED_EDGE('',*,*,#2369,.T.);
#2369=EDGE_CURVE('',#2362,#1912,#2370,.F.);
#2370=CIRCLE('',#2371,0.174999996);
#2371=AXIS2_PLACEMENT_3D('',#2372,#2373,#2374);
#2372=CARTESIAN_POINT('',(-0.749999984,0.224999995,0.270039625));
#2373=DIRECTION('',(1.0,0.0,0.0));
#2374=DIRECTION('',(0.0,-9.293161478E-16,1.0));
#2375=ORIENTED_EDGE('',*,*,#1911,.F.);
#2376=CYLINDRICAL_SURFACE('',#2377,0.174999996);
#2377=AXIS2_PLACEMENT_3D('',#2378,#2379,#2380);
#2378=CARTESIAN_POINT('',(-0.749999984,0.224999995,0.270039625));
#2379=DIRECTION('',(-1.0,0.0,0.0));
#2380=DIRECTION('',(0.0,0.0,1.0));
#2381=ADVANCED_FACE('',(#2382),#2407,.F.);
#2382=FACE_BOUND('',#2383,.T.);
#2383=EDGE_LOOP('',(#2384,#2392,#2400,#2406));
#2384=ORIENTED_EDGE('',*,*,#2385,.T.);
#2385=EDGE_CURVE('',#2353,#2386,#2388,.T.);
#2386=VERTEX_POINT('',#2387);
#2387=CARTESIAN_POINT('',(-1.949999958,0.228998348,0.586437877));
#2388=LINE('',#2389,#2390);
#2389=CARTESIAN_POINT('',(-1.949999958,0.37201152,0.364974393));
#2390=VECTOR('',#2391,1.0);
#2391=DIRECTION('',(0.0,-0.5424844,0.840065876));
#2392=ORIENTED_EDGE('',*,*,#2393,.T.);
#2393=EDGE_CURVE('',#2386,#2394,#2396,.F.);
#2394=VERTEX_POINT('',#2395);
#2395=CARTESIAN_POINT('',(-0.749999984,0.228998348,0.586437877));
#2396=LINE('',#2397,#2398);
#2397=CARTESIAN_POINT('',(-0.749999984,0.228998348,0.586437877));
#2398=VECTOR('',#2399,1.0);
#2399=DIRECTION('',(-1.0,0.0,0.0));
#2400=ORIENTED_EDGE('',*,*,#2401,.T.);
#2401=EDGE_CURVE('',#2394,#2362,#2402,.F.);
#2402=LINE('',#2403,#2404);
#2403=CARTESIAN_POINT('',(-0.749999984,0.37201152,0.364974393));
#2404=VECTOR('',#2405,1.0);
#2405=DIRECTION('',(0.0,-0.5424844,0.840065876));
#2406=ORIENTED_EDGE('',*,*,#2361,.F.);
#2407=PLANE('',#2408);
#2408=AXIS2_PLACEMENT_3D('',#2409,#2410,#2411);
#2409=CARTESIAN_POINT('',(-0.749999984,0.37201152,0.364974393));
#2410=DIRECTION('',(0.0,-0.840065876,-0.5424844));
#2411=DIRECTION('',(0.0,0.5424844,-0.840065876));
#2412=ADVANCED_FACE('',(#2413),#2440,.F.);
#2413=FACE_BOUND('',#2414,.T.);
#2414=EDGE_LOOP('',(#2415,#2424,#2432,#2439));
#2415=ORIENTED_EDGE('',*,*,#2416,.T.);
#2416=EDGE_CURVE('',#2386,#2417,#2419,.T.);
#2417=VERTEX_POINT('',#2418);
#2418=CARTESIAN_POINT('',(-1.949999958,0.234999995,0.619999987));
#2419=CIRCLE('',#2420,0.024999999);
#2420=AXIS2_PLACEMENT_3D('',#2421,#2422,#2423);
#2421=CARTESIAN_POINT('',(-1.949999958,0.249999995,0.599999987));
#2422=DIRECTION('',(-1.0,0.0,0.0));
#2423=DIRECTION('',(0.0,0.0,1.0));
#2424=ORIENTED_EDGE('',*,*,#2425,.T.);
#2425=EDGE_CURVE('',#2417,#2426,#2428,.F.);
#2426=VERTEX_POINT('',#2427);
#2427=CARTESIAN_POINT('',(-0.749999984,0.234999995,0.619999987));
#2428=LINE('',#2429,#2430);
#2429=CARTESIAN_POINT('',(-0.749999984,0.234999995,0.619999987));
#2430=VECTOR('',#2431,1.0);
#2431=DIRECTION('',(-1.0,0.0,0.0));
#2432=ORIENTED_EDGE('',*,*,#2433,.T.);
#2433=EDGE_CURVE('',#2426,#2394,#2434,.F.);
#2434=CIRCLE('',#2435,0.024999999);
#2435=AXIS2_PLACEMENT_3D('',#2436,#2437,#2438);
#2436=CARTESIAN_POINT('',(-0.749999984,0.249999995,0.599999987));
#2437=DIRECTION('',(-1.0,0.0,0.0));
#2438=DIRECTION('',(0.0,0.0,1.0));
#2439=ORIENTED_EDGE('',*,*,#2393,.F.);
#2440=CYLINDRICAL_SURFACE('',#2441,0.024999999);
#2441=AXIS2_PLACEMENT_3D('',#2442,#2443,#2444);
#2442=CARTESIAN_POINT('',(-0.749999984,0.249999995,0.599999987));
#2443=DIRECTION('',(-1.0,0.0,0.0));
#2444=DIRECTION('',(0.0,0.0,1.0));
#2445=ADVANCED_FACE('',(#2446),#2471,.F.);
#2446=FACE_BOUND('',#2447,.T.);
#2447=EDGE_LOOP('',(#2448,#2456,#2464,#2470));
#2448=ORIENTED_EDGE('',*,*,#2449,.T.);
#2449=EDGE_CURVE('',#2417,#2450,#2452,.T.);
#2450=VERTEX_POINT('',#2451);
#2451=CARTESIAN_POINT('',(-1.949999958,0.394999991,0.739999984));
#2452=LINE('',#2453,#2454);
#2453=CARTESIAN_POINT('',(-1.949999958,0.234999995,0.619999987));
#2454=VECTOR('',#2455,1.0);
#2455=DIRECTION('',(0.0,0.8,0.6));
#2456=ORIENTED_EDGE('',*,*,#2457,.T.);
#2457=EDGE_CURVE('',#2450,#2458,#2460,.F.);
#2458=VERTEX_POINT('',#2459);
#2459=CARTESIAN_POINT('',(-0.749999984,0.394999991,0.739999984));
#2460=LINE('',#2461,#2462);
#2461=CARTESIAN_POINT('',(-0.749999984,0.394999991,0.739999984));
#2462=VECTOR('',#2463,1.0);
#2463=DIRECTION('',(-1.0,0.0,0.0));
#2464=ORIENTED_EDGE('',*,*,#2465,.T.);
#2465=EDGE_CURVE('',#2458,#2426,#2466,.F.);
#2466=LINE('',#2467,#2468);
#2467=CARTESIAN_POINT('',(-0.749999984,0.234999995,0.619999987));
#2468=VECTOR('',#2469,1.0);
#2469=DIRECTION('',(0.0,0.8,0.6));
#2470=ORIENTED_EDGE('',*,*,#2425,.F.);
#2471=PLANE('',#2472);
#2472=AXIS2_PLACEMENT_3D('',#2473,#2474,#2475);
#2473=CARTESIAN_POINT('',(-0.749999984,0.234999995,0.619999987));
#2474=DIRECTION('',(0.0,-0.6,0.8));
#2475=DIRECTION('',(0.0,-0.8,-0.6));
#2476=ADVANCED_FACE('',(#2477),#2493,.F.);
#2477=FACE_BOUND('',#2478,.T.);
#2478=EDGE_LOOP('',(#2479,#2485,#2486,#2492));
#2479=ORIENTED_EDGE('',*,*,#2480,.T.);
#2480=EDGE_CURVE('',#2450,#2194,#2481,.T.);
#2481=LINE('',#2482,#2483);
#2482=CARTESIAN_POINT('',(-1.949999958,0.394999991,0.739999984));
#2483=VECTOR('',#2484,1.0);
#2484=DIRECTION('',(0.0,-0.6,0.8));
#2485=ORIENTED_EDGE('',*,*,#2219,.F.);
#2486=ORIENTED_EDGE('',*,*,#2487,.T.);
#2487=EDGE_CURVE('',#2212,#2458,#2488,.F.);
#2488=LINE('',#2489,#2490);
#2489=CARTESIAN_POINT('',(-0.749999984,0.394999991,0.739999984));
#2490=VECTOR('',#2491,1.0);
#2491=DIRECTION('',(0.0,-0.6,0.8));
#2492=ORIENTED_EDGE('',*,*,#2457,.F.);
#2493=PLANE('',#2494);
#2494=AXIS2_PLACEMENT_3D('',#2495,#2496,#2497);
#2495=CARTESIAN_POINT('',(-0.749999984,0.394999991,0.739999984));
#2496=DIRECTION('',(0.0,-0.8,-0.6));
#2497=DIRECTION('',(0.0,0.6,-0.8));
#2498=ADVANCED_FACE('',(#2499),#2513,.F.);
#2499=FACE_BOUND('',#2500,.T.);
#2500=EDGE_LOOP('',(#2501,#2502,#2503,#2504,#2505,#2506,#2507,#2508,#2509,#2510,#2511,#2512));
#2501=ORIENTED_EDGE('',*,*,#2211,.F.);
#2502=ORIENTED_EDGE('',*,*,#2250,.F.);
#2503=ORIENTED_EDGE('',*,*,#2282,.F.);
#2504=ORIENTED_EDGE('',*,*,#2314,.F.);
#2505=ORIENTED_EDGE('',*,*,#2337,.F.);
#2506=ORIENTED_EDGE('',*,*,#672,.F.);
#2507=ORIENTED_EDGE('',*,*,#1919,.F.);
#2508=ORIENTED_EDGE('',*,*,#2369,.F.);
#2509=ORIENTED_EDGE('',*,*,#2401,.F.);
#2510=ORIENTED_EDGE('',*,*,#2433,.F.);
#2511=ORIENTED_EDGE('',*,*,#2465,.F.);
#2512=ORIENTED_EDGE('',*,*,#2487,.F.);
#2513=PLANE('',#2514);
#2514=AXIS2_PLACEMENT_3D('',#2515,#2516,#2517);
#2515=CARTESIAN_POINT('',(-0.749999984,0.249999995,0.599999987));
#2516=DIRECTION('',(-1.0,0.0,0.0));
#2517=DIRECTION('',(0.0,0.0,1.0));
#2518=ADVANCED_FACE('',(#2519),#2533,.T.);
#2519=FACE_BOUND('',#2520,.T.);
#2520=EDGE_LOOP('',(#2521,#2522,#2523,#2524,#2525,#2526,#2527,#2528,#2529,#2530,#2531,#2532));
#2521=ORIENTED_EDGE('',*,*,#2193,.F.);
#2522=ORIENTED_EDGE('',*,*,#2480,.F.);
#2523=ORIENTED_EDGE('',*,*,#2449,.F.);
#2524=ORIENTED_EDGE('',*,*,#2416,.F.);
#2525=ORIENTED_EDGE('',*,*,#2385,.F.);
#2526=ORIENTED_EDGE('',*,*,#2352,.F.);
#2527=ORIENTED_EDGE('',*,*,#1903,.F.);
#2528=ORIENTED_EDGE('',*,*,#688,.F.);
#2529=ORIENTED_EDGE('',*,*,#2330,.F.);
#2530=ORIENTED_EDGE('',*,*,#2297,.F.);
#2531=ORIENTED_EDGE('',*,*,#2266,.F.);
#2532=ORIENTED_EDGE('',*,*,#2233,.F.);
#2533=PLANE('',#2534);
#2534=AXIS2_PLACEMENT_3D('',#2535,#2536,#2537);
#2535=CARTESIAN_POINT('',(-1.949999958,0.249999995,0.599999987));
#2536=DIRECTION('',(-1.0,0.0,0.0));
#2537=DIRECTION('',(0.0,0.0,1.0));
#2538=ADVANCED_FACE('',(#2539),#2573,.T.);
#2539=FACE_BOUND('',#2540,.T.);
#2540=EDGE_LOOP('',(#2541,#2551,#2559,#2567));
#2541=ORIENTED_EDGE('',*,*,#2542,.T.);
#2542=EDGE_CURVE('',#2543,#2545,#2547,.F.);
#2543=VERTEX_POINT('',#2544);
#2544=CARTESIAN_POINT('',(-1.949999958,-0.394999991,0.739999984));
#2545=VERTEX_POINT('',#2546);
#2546=CARTESIAN_POINT('',(-1.949999958,-0.234999995,0.619999987));
#2547=LINE('',#2548,#2549);
#2548=CARTESIAN_POINT('',(-1.949999958,-0.234999995,0.619999987));
#2549=VECTOR('',#2550,1.0);
#2550=DIRECTION('',(0.0,-0.8,0.6));
#2551=ORIENTED_EDGE('',*,*,#2552,.T.);
#2552=EDGE_CURVE('',#2545,#2553,#2555,.F.);
#2553=VERTEX_POINT('',#2554);
#2554=CARTESIAN_POINT('',(-0.749999984,-0.234999995,0.619999987));
#2555=LINE('',#2556,#2557);
#2556=CARTESIAN_POINT('',(-0.749999984,-0.234999995,0.619999987));
#2557=VECTOR('',#2558,1.0);
#2558=DIRECTION('',(-1.0,0.0,0.0));
#2559=ORIENTED_EDGE('',*,*,#2560,.T.);
#2560=EDGE_CURVE('',#2553,#2561,#2563,.T.);
#2561=VERTEX_POINT('',#2562);
#2562=CARTESIAN_POINT('',(-0.749999984,-0.394999991,0.739999984));
#2563=LINE('',#2564,#2565);
#2564=CARTESIAN_POINT('',(-0.749999984,-0.234999995,0.619999987));
#2565=VECTOR('',#2566,1.0);
#2566=DIRECTION('',(0.0,-0.8,0.6));
#2567=ORIENTED_EDGE('',*,*,#2568,.T.);
#2568=EDGE_CURVE('',#2561,#2543,#2569,.T.);
#2569=LINE('',#2570,#2571);
#2570=CARTESIAN_POINT('',(-0.749999984,-0.394999991,0.739999984));
#2571=VECTOR('',#2572,1.0);
#2572=DIRECTION('',(-1.0,0.0,0.0));
#2573=PLANE('',#2574);
#2574=AXIS2_PLACEMENT_3D('',#2575,#2576,#2577);
#2575=CARTESIAN_POINT('',(-0.749999984,-0.234999995,0.619999987));
#2576=DIRECTION('',(0.0,-0.6,-0.8));
#2577=DIRECTION('',(0.0,0.8,-0.6));
#2578=ADVANCED_FACE('',(#2579),#2606,.F.);
#2579=FACE_BOUND('',#2580,.T.);
#2580=EDGE_LOOP('',(#2581,#2590,#2598,#2605));
#2581=ORIENTED_EDGE('',*,*,#2582,.T.);
#2582=EDGE_CURVE('',#2545,#2583,#2585,.F.);
#2583=VERTEX_POINT('',#2584);
#2584=CARTESIAN_POINT('',(-1.949999958,-0.228998348,0.586437877));
#2585=CIRCLE('',#2586,0.024999999);
#2586=AXIS2_PLACEMENT_3D('',#2587,#2588,#2589);
#2587=CARTESIAN_POINT('',(-1.949999958,-0.249999995,0.599999987));
#2588=DIRECTION('',(1.0,0.0,0.0));
#2589=DIRECTION('',(0.0,4.33680869E-15,1.0));
#2590=ORIENTED_EDGE('',*,*,#2591,.T.);
#2591=EDGE_CURVE('',#2583,#2592,#2594,.F.);
#2592=VERTEX_POINT('',#2593);
#2593=CARTESIAN_POINT('',(-0.749999984,-0.228998348,0.586437877));
#2594=LINE('',#2595,#2596);
#2595=CARTESIAN_POINT('',(-0.749999984,-0.228998348,0.586437877));
#2596=VECTOR('',#2597,1.0);
#2597=DIRECTION('',(-1.0,0.0,0.0));
#2598=ORIENTED_EDGE('',*,*,#2599,.T.);
#2599=EDGE_CURVE('',#2592,#2553,#2600,.T.);
#2600=CIRCLE('',#2601,0.024999999);
#2601=AXIS2_PLACEMENT_3D('',#2602,#2603,#2604);
#2602=CARTESIAN_POINT('',(-0.749999984,-0.249999995,0.599999987));
#2603=DIRECTION('',(1.0,0.0,0.0));
#2604=DIRECTION('',(0.0,4.33680869E-15,1.0));
#2605=ORIENTED_EDGE('',*,*,#2552,.F.);
#2606=CYLINDRICAL_SURFACE('',#2607,0.024999999);
#2607=AXIS2_PLACEMENT_3D('',#2608,#2609,#2610);
#2608=CARTESIAN_POINT('',(-0.749999984,-0.249999995,0.599999987));
#2609=DIRECTION('',(-1.0,0.0,0.0));
#2610=DIRECTION('',(0.0,0.0,1.0));
#2611=ADVANCED_FACE('',(#2612),#2637,.T.);
#2612=FACE_BOUND('',#2613,.T.);
#2613=EDGE_LOOP('',(#2614,#2622,#2630,#2636));
#2614=ORIENTED_EDGE('',*,*,#2615,.T.);
#2615=EDGE_CURVE('',#2583,#2616,#2618,.F.);
#2616=VERTEX_POINT('',#2617);
#2617=CARTESIAN_POINT('',(-1.949999958,-0.37201152,0.364974393));
#2618=LINE('',#2619,#2620);
#2619=CARTESIAN_POINT('',(-1.949999958,-0.37201152,0.364974393));
#2620=VECTOR('',#2621,1.0);
#2621=DIRECTION('',(0.0,0.5424844,0.840065876));
#2622=ORIENTED_EDGE('',*,*,#2623,.T.);
#2623=EDGE_CURVE('',#2616,#2624,#2626,.F.);
#2624=VERTEX_POINT('',#2625);
#2625=CARTESIAN_POINT('',(-0.749999984,-0.37201152,0.364974393));
#2626=LINE('',#2627,#2628);
#2627=CARTESIAN_POINT('',(-0.749999984,-0.37201152,0.364974393));
#2628=VECTOR('',#2629,1.0);
#2629=DIRECTION('',(-1.0,0.0,0.0));
#2630=ORIENTED_EDGE('',*,*,#2631,.T.);
#2631=EDGE_CURVE('',#2624,#2592,#2632,.T.);
#2632=LINE('',#2633,#2634);
#2633=CARTESIAN_POINT('',(-0.749999984,-0.37201152,0.364974393));
#2634=VECTOR('',#2635,1.0);
#2635=DIRECTION('',(0.0,0.5424844,0.840065876));
#2636=ORIENTED_EDGE('',*,*,#2591,.F.);
#2637=PLANE('',#2638);
#2638=AXIS2_PLACEMENT_3D('',#2639,#2640,#2641);
#2639=CARTESIAN_POINT('',(-0.749999984,-0.37201152,0.364974393));
#2640=DIRECTION('',(0.0,-0.840065876,0.5424844));
#2641=DIRECTION('',(0.0,-0.5424844,-0.840065876));
#2642=ADVANCED_FACE('',(#2643),#2661,.T.);
#2643=FACE_BOUND('',#2644,.T.);
#2644=EDGE_LOOP('',(#2645,#2652,#2653,#2660));
#2645=ORIENTED_EDGE('',*,*,#2646,.T.);
#2646=EDGE_CURVE('',#2616,#2036,#2647,.F.);
#2647=CIRCLE('',#2648,0.174999996);
#2648=AXIS2_PLACEMENT_3D('',#2649,#2650,#2651);
#2649=CARTESIAN_POINT('',(-1.949999958,-0.224999995,0.270039625));
#2650=DIRECTION('',(-1.0,0.0,0.0));
#2651=DIRECTION('',(0.0,0.0,1.0));
#2652=ORIENTED_EDGE('',*,*,#2035,.F.);
#2653=ORIENTED_EDGE('',*,*,#2654,.T.);
#2654=EDGE_CURVE('',#2028,#2624,#2655,.T.);
#2655=CIRCLE('',#2656,0.174999996);
#2656=AXIS2_PLACEMENT_3D('',#2657,#2658,#2659);
#2657=CARTESIAN_POINT('',(-0.749999984,-0.224999995,0.270039625));
#2658=DIRECTION('',(-1.0,0.0,0.0));
#2659=DIRECTION('',(0.0,0.0,1.0));
#2660=ORIENTED_EDGE('',*,*,#2623,.F.);
#2661=CYLINDRICAL_SURFACE('',#2662,0.174999996);
#2662=AXIS2_PLACEMENT_3D('',#2663,#2664,#2665);
#2663=CARTESIAN_POINT('',(-0.749999984,-0.224999995,0.270039625));
#2664=DIRECTION('',(-1.0,0.0,0.0));
#2665=DIRECTION('',(0.0,0.0,1.0));
#2666=ADVANCED_FACE('',(#2667),#2692,.F.);
#2667=FACE_BOUND('',#2668,.T.);
#2668=EDGE_LOOP('',(#2669,#2677,#2685,#2691));
#2669=ORIENTED_EDGE('',*,*,#2670,.T.);
#2670=EDGE_CURVE('',#755,#2671,#2673,.T.);
#2671=VERTEX_POINT('',#2672);
#2672=CARTESIAN_POINT('',(-1.949999958,-0.249999995,0.270039625));
#2673=LINE('',#2674,#2675);
#2674=CARTESIAN_POINT('',(-1.949999958,-0.249999995,0.149999997));
#2675=VECTOR('',#2676,1.0);
#2676=DIRECTION('',(0.0,0.0,1.0));
#2677=ORIENTED_EDGE('',*,*,#2678,.T.);
#2678=EDGE_CURVE('',#2671,#2679,#2681,.F.);
#2679=VERTEX_POINT('',#2680);
#2680=CARTESIAN_POINT('',(-0.749999984,-0.249999995,0.270039625));
#2681=LINE('',#2682,#2683);
#2682=CARTESIAN_POINT('',(-0.749999984,-0.249999995,0.270039625));
#2683=VECTOR('',#2684,1.0);
#2684=DIRECTION('',(-1.0,0.0,0.0));
#2685=ORIENTED_EDGE('',*,*,#2686,.T.);
#2686=EDGE_CURVE('',#2679,#763,#2687,.F.);
#2687=LINE('',#2688,#2689);
#2688=CARTESIAN_POINT('',(-0.749999984,-0.249999995,0.149999997));
#2689=VECTOR('',#2690,1.0);
#2690=DIRECTION('',(0.0,0.0,1.0));
#2691=ORIENTED_EDGE('',*,*,#762,.F.);
#2692=PLANE('',#2693);
#2693=AXIS2_PLACEMENT_3D('',#2694,#2695,#2696);
#2694=CARTESIAN_POINT('',(-0.749999984,-0.249999995,0.149999997));
#2695=DIRECTION('',(0.0,-1.0,0.0));
#2696=DIRECTION('',(0.0,0.0,-1.0));
#2697=ADVANCED_FACE('',(#2698),#2725,.F.);
#2698=FACE_BOUND('',#2699,.T.);
#2699=EDGE_LOOP('',(#2700,#2709,#2717,#2724));
#2700=ORIENTED_EDGE('',*,*,#2701,.T.);
#2701=EDGE_CURVE('',#2671,#2702,#2704,.T.);
#2702=VERTEX_POINT('',#2703);
#2703=CARTESIAN_POINT('',(-1.949999958,-0.246001642,0.283601734));
#2704=CIRCLE('',#2705,0.024999999);
#2705=AXIS2_PLACEMENT_3D('',#2706,#2707,#2708);
#2706=CARTESIAN_POINT('',(-1.949999958,-0.224999995,0.270039625));
#2707=DIRECTION('',(-1.0,0.0,0.0));
#2708=DIRECTION('',(0.0,0.0,1.0));
#2709=ORIENTED_EDGE('',*,*,#2710,.T.);
#2710=EDGE_CURVE('',#2702,#2711,#2713,.F.);
#2711=VERTEX_POINT('',#2712);
#2712=CARTESIAN_POINT('',(-0.749999984,-0.246001642,0.283601734));
#2713=LINE('',#2714,#2715);
#2714=CARTESIAN_POINT('',(-0.749999984,-0.246001642,0.283601734));
#2715=VECTOR('',#2716,1.0);
#2716=DIRECTION('',(-1.0,0.0,0.0));
#2717=ORIENTED_EDGE('',*,*,#2718,.T.);
#2718=EDGE_CURVE('',#2711,#2679,#2719,.F.);
#2719=CIRCLE('',#2720,0.024999999);
#2720=AXIS2_PLACEMENT_3D('',#2721,#2722,#2723);
#2721=CARTESIAN_POINT('',(-0.749999984,-0.224999995,0.270039625));
#2722=DIRECTION('',(-1.0,0.0,0.0));
#2723=DIRECTION('',(0.0,0.0,1.0));
#2724=ORIENTED_EDGE('',*,*,#2678,.F.);
#2725=CYLINDRICAL_SURFACE('',#2726,0.024999999);
#2726=AXIS2_PLACEMENT_3D('',#2727,#2728,#2729);
#2727=CARTESIAN_POINT('',(-0.749999984,-0.224999995,0.270039625));
#2728=DIRECTION('',(-1.0,0.0,0.0));
#2729=DIRECTION('',(0.0,0.0,1.0));
#2730=ADVANCED_FACE('',(#2731),#2756,.F.);
#2731=FACE_BOUND('',#2732,.T.);
#2732=EDGE_LOOP('',(#2733,#2741,#2749,#2755));
#2733=ORIENTED_EDGE('',*,*,#2734,.T.);
#2734=EDGE_CURVE('',#2702,#2735,#2737,.T.);
#2735=VERTEX_POINT('',#2736);
#2736=CARTESIAN_POINT('',(-1.949999958,-0.10298847,0.505065219));
#2737=LINE('',#2738,#2739);
#2738=CARTESIAN_POINT('',(-1.949999958,-0.246001642,0.283601734));
#2739=VECTOR('',#2740,1.0);
#2740=DIRECTION('',(0.0,0.5424844,0.840065876));
#2741=ORIENTED_EDGE('',*,*,#2742,.T.);
#2742=EDGE_CURVE('',#2735,#2743,#2745,.F.);
#2743=VERTEX_POINT('',#2744);
#2744=CARTESIAN_POINT('',(-0.749999984,-0.10298847,0.505065219));
#2745=LINE('',#2746,#2747);
#2746=CARTESIAN_POINT('',(-0.749999984,-0.10298847,0.505065219));
#2747=VECTOR('',#2748,1.0);
#2748=DIRECTION('',(-1.0,0.0,0.0));
#2749=ORIENTED_EDGE('',*,*,#2750,.T.);
#2750=EDGE_CURVE('',#2743,#2711,#2751,.F.);
#2751=LINE('',#2752,#2753);
#2752=CARTESIAN_POINT('',(-0.749999984,-0.246001642,0.283601734));
#2753=VECTOR('',#2754,1.0);
#2754=DIRECTION('',(0.0,0.5424844,0.840065876));
#2755=ORIENTED_EDGE('',*,*,#2710,.F.);
#2756=PLANE('',#2757);
#2757=AXIS2_PLACEMENT_3D('',#2758,#2759,#2760);
#2758=CARTESIAN_POINT('',(-0.749999984,-0.246001642,0.283601734));
#2759=DIRECTION('',(0.0,-0.840065876,0.5424844));
#2760=DIRECTION('',(0.0,-0.5424844,-0.840065876));
#2761=ADVANCED_FACE('',(#2762),#2789,.T.);
#2762=FACE_BOUND('',#2763,.T.);
#2763=EDGE_LOOP('',(#2764,#2773,#2781,#2788));
#2764=ORIENTED_EDGE('',*,*,#2765,.T.);
#2765=EDGE_CURVE('',#2735,#2766,#2768,.T.);
#2766=VERTEX_POINT('',#2767);
#2767=CARTESIAN_POINT('',(-1.949999958,-0.144999997,0.739999984));
#2768=CIRCLE('',#2769,0.174999996);
#2769=AXIS2_PLACEMENT_3D('',#2770,#2771,#2772);
#2770=CARTESIAN_POINT('',(-1.949999958,-0.249999995,0.599999987));
#2771=DIRECTION('',(1.0,0.0,0.0));
#2772=DIRECTION('',(0.0,1.858632296E-15,1.0));
#2773=ORIENTED_EDGE('',*,*,#2774,.T.);
#2774=EDGE_CURVE('',#2766,#2775,#2777,.F.);
#2775=VERTEX_POINT('',#2776);
#2776=CARTESIAN_POINT('',(-0.749999984,-0.144999997,0.739999984));
#2777=LINE('',#2778,#2779);
#2778=CARTESIAN_POINT('',(-0.749999984,-0.144999997,0.739999984));
#2779=VECTOR('',#2780,1.0);
#2780=DIRECTION('',(-1.0,0.0,0.0));
#2781=ORIENTED_EDGE('',*,*,#2782,.T.);
#2782=EDGE_CURVE('',#2775,#2743,#2783,.F.);
#2783=CIRCLE('',#2784,0.174999996);
#2784=AXIS2_PLACEMENT_3D('',#2785,#2786,#2787);
#2785=CARTESIAN_POINT('',(-0.749999984,-0.249999995,0.599999987));
#2786=DIRECTION('',(1.0,0.0,0.0));
#2787=DIRECTION('',(0.0,1.858632296E-15,1.0));
#2788=ORIENTED_EDGE('',*,*,#2742,.F.);
#2789=CYLINDRICAL_SURFACE('',#2790,0.174999996);
#2790=AXIS2_PLACEMENT_3D('',#2791,#2792,#2793);
#2791=CARTESIAN_POINT('',(-0.749999984,-0.249999995,0.599999987));
#2792=DIRECTION('',(-1.0,0.0,0.0));
#2793=DIRECTION('',(0.0,0.0,1.0));
#2794=ADVANCED_FACE('',(#2795),#2820,.F.);
#2795=FACE_BOUND('',#2796,.T.);
#2796=EDGE_LOOP('',(#2797,#2805,#2813,#2819));
#2797=ORIENTED_EDGE('',*,*,#2798,.T.);
#2798=EDGE_CURVE('',#2766,#2799,#2801,.T.);
#2799=VERTEX_POINT('',#2800);
#2800=CARTESIAN_POINT('',(-1.949999958,-0.304999993,0.859999981));
#2801=LINE('',#2802,#2803);
#2802=CARTESIAN_POINT('',(-1.949999958,-0.144999997,0.739999984));
#2803=VECTOR('',#2804,1.0);
#2804=DIRECTION('',(0.0,-0.8,0.6));
#2805=ORIENTED_EDGE('',*,*,#2806,.T.);
#2806=EDGE_CURVE('',#2799,#2807,#2809,.F.);
#2807=VERTEX_POINT('',#2808);
#2808=CARTESIAN_POINT('',(-0.749999984,-0.304999993,0.859999981));
#2809=LINE('',#2810,#2811);
#2810=CARTESIAN_POINT('',(-0.749999984,-0.304999993,0.859999981));
#2811=VECTOR('',#2812,1.0);
#2812=DIRECTION('',(-1.0,0.0,0.0));
#2813=ORIENTED_EDGE('',*,*,#2814,.T.);
#2814=EDGE_CURVE('',#2807,#2775,#2815,.F.);
#2815=LINE('',#2816,#2817);
#2816=CARTESIAN_POINT('',(-0.749999984,-0.144999997,0.739999984));
#2817=VECTOR('',#2818,1.0);
#2818=DIRECTION('',(0.0,-0.8,0.6));
#2819=ORIENTED_EDGE('',*,*,#2774,.F.);
#2820=PLANE('',#2821);
#2821=AXIS2_PLACEMENT_3D('',#2822,#2823,#2824);
#2822=CARTESIAN_POINT('',(-0.749999984,-0.144999997,0.739999984));
#2823=DIRECTION('',(0.0,-0.6,-0.8));
#2824=DIRECTION('',(0.0,0.8,-0.6));
#2825=ADVANCED_FACE('',(#2826),#2842,.F.);
#2826=FACE_BOUND('',#2827,.T.);
#2827=EDGE_LOOP('',(#2828,#2834,#2835,#2841));
#2828=ORIENTED_EDGE('',*,*,#2829,.T.);
#2829=EDGE_CURVE('',#2799,#2543,#2830,.T.);
#2830=LINE('',#2831,#2832);
#2831=CARTESIAN_POINT('',(-1.949999958,-0.304999993,0.859999981));
#2832=VECTOR('',#2833,1.0);
#2833=DIRECTION('',(0.0,-0.6,-0.8));
#2834=ORIENTED_EDGE('',*,*,#2568,.F.);
#2835=ORIENTED_EDGE('',*,*,#2836,.T.);
#2836=EDGE_CURVE('',#2561,#2807,#2837,.F.);
#2837=LINE('',#2838,#2839);
#2838=CARTESIAN_POINT('',(-0.749999984,-0.304999993,0.859999981));
#2839=VECTOR('',#2840,1.0);
#2840=DIRECTION('',(0.0,-0.6,-0.8));
#2841=ORIENTED_EDGE('',*,*,#2806,.F.);
#2842=PLANE('',#2843);
#2843=AXIS2_PLACEMENT_3D('',#2844,#2845,#2846);
#2844=CARTESIAN_POINT('',(-0.749999984,-0.304999993,0.859999981));
#2845=DIRECTION('',(0.0,0.8,-0.6));
#2846=DIRECTION('',(0.0,0.6,0.8));
#2847=ADVANCED_FACE('',(#2848),#2862,.F.);
#2848=FACE_BOUND('',#2849,.T.);
#2849=EDGE_LOOP('',(#2850,#2851,#2852,#2853,#2854,#2855,#2856,#2857,#2858,#2859,#2860,#2861));
#2850=ORIENTED_EDGE('',*,*,#2560,.F.);
#2851=ORIENTED_EDGE('',*,*,#2599,.F.);
#2852=ORIENTED_EDGE('',*,*,#2631,.F.);
#2853=ORIENTED_EDGE('',*,*,#2654,.F.);
#2854=ORIENTED_EDGE('',*,*,#2027,.F.);
#2855=ORIENTED_EDGE('',*,*,#770,.F.);
#2856=ORIENTED_EDGE('',*,*,#2686,.F.);
#2857=ORIENTED_EDGE('',*,*,#2718,.F.);
#2858=ORIENTED_EDGE('',*,*,#2750,.F.);
#2859=ORIENTED_EDGE('',*,*,#2782,.F.);
#2860=ORIENTED_EDGE('',*,*,#2814,.F.);
#2861=ORIENTED_EDGE('',*,*,#2836,.F.);
#2862=PLANE('',#2863);
#2863=AXIS2_PLACEMENT_3D('',#2864,#2865,#2866);
#2864=CARTESIAN_POINT('',(-0.749999984,-0.249999995,0.599999987));
#2865=DIRECTION('',(-1.0,0.0,0.0));
#2866=DIRECTION('',(0.0,0.0,1.0));
#2867=ADVANCED_FACE('',(#2868),#2882,.T.);
#2868=FACE_BOUND('',#2869,.T.);
#2869=EDGE_LOOP('',(#2870,#2871,#2872,#2873,#2874,#2875,#2876,#2877,#2878,#2879,#2880,#2881));
#2870=ORIENTED_EDGE('',*,*,#2542,.F.);
#2871=ORIENTED_EDGE('',*,*,#2829,.F.);
#2872=ORIENTED_EDGE('',*,*,#2798,.F.);
#2873=ORIENTED_EDGE('',*,*,#2765,.F.);
#2874=ORIENTED_EDGE('',*,*,#2734,.F.);
#2875=ORIENTED_EDGE('',*,*,#2701,.F.);
#2876=ORIENTED_EDGE('',*,*,#2670,.F.);
#2877=ORIENTED_EDGE('',*,*,#754,.F.);
#2878=ORIENTED_EDGE('',*,*,#2043,.F.);
#2879=ORIENTED_EDGE('',*,*,#2646,.F.);
#2880=ORIENTED_EDGE('',*,*,#2615,.F.);
#2881=ORIENTED_EDGE('',*,*,#2582,.F.);
#2882=PLANE('',#2883);
#2883=AXIS2_PLACEMENT_3D('',#2884,#2885,#2886);
#2884=CARTESIAN_POINT('',(-1.949999958,-0.249999995,0.599999987));
#2885=DIRECTION('',(-1.0,0.0,0.0));
#2886=DIRECTION('',(0.0,0.0,1.0));
#2887=ADVANCED_FACE('',(#2888),#2922,.T.);
#2888=FACE_BOUND('',#2889,.T.);
#2889=EDGE_LOOP('',(#2890,#2900,#2908,#2916));
#2890=ORIENTED_EDGE('',*,*,#2891,.T.);
#2891=EDGE_CURVE('',#2892,#2894,#2896,.F.);
#2892=VERTEX_POINT('',#2893);
#2893=CARTESIAN_POINT('',(0.749999984,0.304999993,0.859999981));
#2894=VERTEX_POINT('',#2895);
#2895=CARTESIAN_POINT('',(0.749999984,0.144999997,0.739999984));
#2896=LINE('',#2897,#2898);
#2897=CARTESIAN_POINT('',(0.749999984,0.144999997,0.739999984));
#2898=VECTOR('',#2899,1.0);
#2899=DIRECTION('',(0.0,0.8,0.6));
#2900=ORIENTED_EDGE('',*,*,#2901,.T.);
#2901=EDGE_CURVE('',#2894,#2902,#2904,.F.);
#2902=VERTEX_POINT('',#2903);
#2903=CARTESIAN_POINT('',(1.949999958,0.144999997,0.739999984));
#2904=LINE('',#2905,#2906);
#2905=CARTESIAN_POINT('',(1.949999958,0.144999997,0.739999984));
#2906=VECTOR('',#2907,1.0);
#2907=DIRECTION('',(-1.0,0.0,0.0));
#2908=ORIENTED_EDGE('',*,*,#2909,.T.);
#2909=EDGE_CURVE('',#2902,#2910,#2912,.T.);
#2910=VERTEX_POINT('',#2911);
#2911=CARTESIAN_POINT('',(1.949999958,0.304999993,0.859999981));
#2912=LINE('',#2913,#2914);
#2913=CARTESIAN_POINT('',(1.949999958,0.144999997,0.739999984));
#2914=VECTOR('',#2915,1.0);
#2915=DIRECTION('',(0.0,0.8,0.6));
#2916=ORIENTED_EDGE('',*,*,#2917,.T.);
#2917=EDGE_CURVE('',#2910,#2892,#2918,.T.);
#2918=LINE('',#2919,#2920);
#2919=CARTESIAN_POINT('',(1.949999958,0.304999993,0.859999981));
#2920=VECTOR('',#2921,1.0);
#2921=DIRECTION('',(-1.0,0.0,0.0));
#2922=PLANE('',#2923);
#2923=AXIS2_PLACEMENT_3D('',#2924,#2925,#2926);
#2924=CARTESIAN_POINT('',(1.949999958,0.144999997,0.739999984));
#2925=DIRECTION('',(0.0,-0.6,0.8));
#2926=DIRECTION('',(0.0,-0.8,-0.6));
#2927=ADVANCED_FACE('',(#2928),#2955,.T.);
#2928=FACE_BOUND('',#2929,.T.);
#2929=EDGE_LOOP('',(#2930,#2939,#2947,#2954));
#2930=ORIENTED_EDGE('',*,*,#2931,.T.);
#2931=EDGE_CURVE('',#2894,#2932,#2934,.F.);
#2932=VERTEX_POINT('',#2933);
#2933=CARTESIAN_POINT('',(0.749999984,0.10298847,0.505065219));
#2934=CIRCLE('',#2935,0.174999996);
#2935=AXIS2_PLACEMENT_3D('',#2936,#2937,#2938);
#2936=CARTESIAN_POINT('',(0.749999984,0.249999995,0.599999987));
#2937=DIRECTION('',(-1.0,0.0,0.0));
#2938=DIRECTION('',(0.0,0.0,1.0));
#2939=ORIENTED_EDGE('',*,*,#2940,.T.);
#2940=EDGE_CURVE('',#2932,#2941,#2943,.F.);
#2941=VERTEX_POINT('',#2942);
#2942=CARTESIAN_POINT('',(1.949999958,0.10298847,0.505065219));
#2943=LINE('',#2944,#2945);
#2944=CARTESIAN_POINT('',(1.949999958,0.10298847,0.505065219));
#2945=VECTOR('',#2946,1.0);
#2946=DIRECTION('',(-1.0,0.0,0.0));
#2947=ORIENTED_EDGE('',*,*,#2948,.T.);
#2948=EDGE_CURVE('',#2941,#2902,#2949,.T.);
#2949=CIRCLE('',#2950,0.174999996);
#2950=AXIS2_PLACEMENT_3D('',#2951,#2952,#2953);
#2951=CARTESIAN_POINT('',(1.949999958,0.249999995,0.599999987));
#2952=DIRECTION('',(-1.0,0.0,0.0));
#2953=DIRECTION('',(0.0,0.0,1.0));
#2954=ORIENTED_EDGE('',*,*,#2901,.F.);
#2955=CYLINDRICAL_SURFACE('',#2956,0.174999996);
#2956=AXIS2_PLACEMENT_3D('',#2957,#2958,#2959);
#2957=CARTESIAN_POINT('',(1.949999958,0.249999995,0.599999987));
#2958=DIRECTION('',(-1.0,0.0,0.0));
#2959=DIRECTION('',(0.0,0.0,1.0));
#2960=ADVANCED_FACE('',(#2961),#2986,.T.);
#2961=FACE_BOUND('',#2962,.T.);
#2962=EDGE_LOOP('',(#2963,#2971,#2979,#2985));
#2963=ORIENTED_EDGE('',*,*,#2964,.T.);
#2964=EDGE_CURVE('',#2932,#2965,#2967,.F.);
#2965=VERTEX_POINT('',#2966);
#2966=CARTESIAN_POINT('',(0.749999984,0.246001642,0.283601734));
#2967=LINE('',#2968,#2969);
#2968=CARTESIAN_POINT('',(0.749999984,0.246001642,0.283601734));
#2969=VECTOR('',#2970,1.0);
#2970=DIRECTION('',(0.0,-0.5424844,0.840065876));
#2971=ORIENTED_EDGE('',*,*,#2972,.T.);
#2972=EDGE_CURVE('',#2965,#2973,#2975,.F.);
#2973=VERTEX_POINT('',#2974);
#2974=CARTESIAN_POINT('',(1.949999958,0.246001642,0.283601734));
#2975=LINE('',#2976,#2977);
#2976=CARTESIAN_POINT('',(1.949999958,0.246001642,0.283601734));
#2977=VECTOR('',#2978,1.0);
#2978=DIRECTION('',(-1.0,0.0,0.0));
#2979=ORIENTED_EDGE('',*,*,#2980,.T.);
#2980=EDGE_CURVE('',#2973,#2941,#2981,.T.);
#2981=LINE('',#2982,#2983);
#2982=CARTESIAN_POINT('',(1.949999958,0.246001642,0.283601734));
#2983=VECTOR('',#2984,1.0);
#2984=DIRECTION('',(0.0,-0.5424844,0.840065876));
#2985=ORIENTED_EDGE('',*,*,#2940,.F.);
#2986=PLANE('',#2987);
#2987=AXIS2_PLACEMENT_3D('',#2988,#2989,#2990);
#2988=CARTESIAN_POINT('',(1.949999958,0.246001642,0.283601734));
#2989=DIRECTION('',(0.0,-0.840065876,-0.5424844));
#2990=DIRECTION('',(0.0,0.5424844,-0.840065876));
#2991=ADVANCED_FACE('',(#2992),#3019,.F.);
#2992=FACE_BOUND('',#2993,.T.);
#2993=EDGE_LOOP('',(#2994,#3003,#3011,#3018));
#2994=ORIENTED_EDGE('',*,*,#2995,.T.);
#2995=EDGE_CURVE('',#2965,#2996,#2998,.F.);
#2996=VERTEX_POINT('',#2997);
#2997=CARTESIAN_POINT('',(0.749999984,0.249999995,0.270039625));
#2998=CIRCLE('',#2999,0.024999999);
#2999=AXIS2_PLACEMENT_3D('',#3000,#3001,#3002);
#3000=CARTESIAN_POINT('',(0.749999984,0.224999995,0.270039625));
#3001=DIRECTION('',(1.0,0.0,0.0));
#3002=DIRECTION('',(0.0,2.168404345E-15,1.0));
#3003=ORIENTED_EDGE('',*,*,#3004,.T.);
#3004=EDGE_CURVE('',#2996,#3005,#3007,.F.);
#3005=VERTEX_POINT('',#3006);
#3006=CARTESIAN_POINT('',(1.949999958,0.249999995,0.270039625));
#3007=LINE('',#3008,#3009);
#3008=CARTESIAN_POINT('',(1.949999958,0.249999995,0.270039625));
#3009=VECTOR('',#3010,1.0);
#3010=DIRECTION('',(-1.0,0.0,0.0));
#3011=ORIENTED_EDGE('',*,*,#3012,.T.);
#3012=EDGE_CURVE('',#3005,#2973,#3013,.T.);
#3013=CIRCLE('',#3014,0.024999999);
#3014=AXIS2_PLACEMENT_3D('',#3015,#3016,#3017);
#3015=CARTESIAN_POINT('',(1.949999958,0.224999995,0.270039625));
#3016=DIRECTION('',(1.0,0.0,0.0));
#3017=DIRECTION('',(0.0,2.168404345E-15,1.0));
#3018=ORIENTED_EDGE('',*,*,#2972,.F.);
#3019=CYLINDRICAL_SURFACE('',#3020,0.024999999);
#3020=AXIS2_PLACEMENT_3D('',#3021,#3022,#3023);
#3021=CARTESIAN_POINT('',(1.949999958,0.224999995,0.270039625));
#3022=DIRECTION('',(-1.0,0.0,0.0));
#3023=DIRECTION('',(0.0,0.0,1.0));
#3024=ADVANCED_FACE('',(#3025),#3041,.T.);
#3025=FACE_BOUND('',#3026,.T.);
#3026=EDGE_LOOP('',(#3027,#3033,#3034,#3040));
#3027=ORIENTED_EDGE('',*,*,#3028,.T.);
#3028=EDGE_CURVE('',#2996,#649,#3029,.F.);
#3029=LINE('',#3030,#3031);
#3030=CARTESIAN_POINT('',(0.749999984,0.249999995,0.149999997));
#3031=VECTOR('',#3032,1.0);
#3032=DIRECTION('',(0.0,0.0,1.0));
#3033=ORIENTED_EDGE('',*,*,#648,.F.);
#3034=ORIENTED_EDGE('',*,*,#3035,.T.);
#3035=EDGE_CURVE('',#641,#3005,#3036,.T.);
#3036=LINE('',#3037,#3038);
#3037=CARTESIAN_POINT('',(1.949999958,0.249999995,0.149999997));
#3038=VECTOR('',#3039,1.0);
#3039=DIRECTION('',(0.0,0.0,1.0));
#3040=ORIENTED_EDGE('',*,*,#3004,.F.);
#3041=PLANE('',#3042);
#3042=AXIS2_PLACEMENT_3D('',#3043,#3044,#3045);
#3043=CARTESIAN_POINT('',(1.949999958,0.249999995,0.149999997));
#3044=DIRECTION('',(0.0,-1.0,0.0));
#3045=DIRECTION('',(0.0,0.0,-1.0));
#3046=ADVANCED_FACE('',(#3047),#3074,.T.);
#3047=FACE_BOUND('',#3048,.T.);
#3048=EDGE_LOOP('',(#3049,#3058,#3066,#3073));
#3049=ORIENTED_EDGE('',*,*,#3050,.T.);
#3050=EDGE_CURVE('',#1927,#3051,#3053,.T.);
#3051=VERTEX_POINT('',#3052);
#3052=CARTESIAN_POINT('',(0.749999984,0.37201152,0.364974393));
#3053=CIRCLE('',#3054,0.174999996);
#3054=AXIS2_PLACEMENT_3D('',#3055,#3056,#3057);
#3055=CARTESIAN_POINT('',(0.749999984,0.224999995,0.270039625));
#3056=DIRECTION('',(1.0,0.0,0.0));
#3057=DIRECTION('',(0.0,-9.293161478E-16,1.0));
#3058=ORIENTED_EDGE('',*,*,#3059,.T.);
#3059=EDGE_CURVE('',#3051,#3060,#3062,.F.);
#3060=VERTEX_POINT('',#3061);
#3061=CARTESIAN_POINT('',(1.949999958,0.37201152,0.364974393));
#3062=LINE('',#3063,#3064);
#3063=CARTESIAN_POINT('',(1.949999958,0.37201152,0.364974393));
#3064=VECTOR('',#3065,1.0);
#3065=DIRECTION('',(-1.0,0.0,0.0));
#3066=ORIENTED_EDGE('',*,*,#3067,.T.);
#3067=EDGE_CURVE('',#3060,#1935,#3068,.F.);
#3068=CIRCLE('',#3069,0.174999996);
#3069=AXIS2_PLACEMENT_3D('',#3070,#3071,#3072);
#3070=CARTESIAN_POINT('',(1.949999958,0.224999995,0.270039625));
#3071=DIRECTION('',(1.0,0.0,0.0));
#3072=DIRECTION('',(0.0,-9.293161478E-16,1.0));
#3073=ORIENTED_EDGE('',*,*,#1934,.F.);
#3074=CYLINDRICAL_SURFACE('',#3075,0.174999996);
#3075=AXIS2_PLACEMENT_3D('',#3076,#3077,#3078);
#3076=CARTESIAN_POINT('',(1.949999958,0.224999995,0.270039625));
#3077=DIRECTION('',(-1.0,0.0,0.0));
#3078=DIRECTION('',(0.0,0.0,1.0));
#3079=ADVANCED_FACE('',(#3080),#3105,.F.);
#3080=FACE_BOUND('',#3081,.T.);
#3081=EDGE_LOOP('',(#3082,#3090,#3098,#3104));
#3082=ORIENTED_EDGE('',*,*,#3083,.T.);
#3083=EDGE_CURVE('',#3051,#3084,#3086,.T.);
#3084=VERTEX_POINT('',#3085);
#3085=CARTESIAN_POINT('',(0.749999984,0.228998348,0.586437877));
#3086=LINE('',#3087,#3088);
#3087=CARTESIAN_POINT('',(0.749999984,0.37201152,0.364974393));
#3088=VECTOR('',#3089,1.0);
#3089=DIRECTION('',(0.0,-0.5424844,0.840065876));
#3090=ORIENTED_EDGE('',*,*,#3091,.T.);
#3091=EDGE_CURVE('',#3084,#3092,#3094,.F.);
#3092=VERTEX_POINT('',#3093);
#3093=CARTESIAN_POINT('',(1.949999958,0.228998348,0.586437877));
#3094=LINE('',#3095,#3096);
#3095=CARTESIAN_POINT('',(1.949999958,0.228998348,0.586437877));
#3096=VECTOR('',#3097,1.0);
#3097=DIRECTION('',(-1.0,0.0,0.0));
#3098=ORIENTED_EDGE('',*,*,#3099,.T.);
#3099=EDGE_CURVE('',#3092,#3060,#3100,.F.);
#3100=LINE('',#3101,#3102);
#3101=CARTESIAN_POINT('',(1.949999958,0.37201152,0.364974393));
#3102=VECTOR('',#3103,1.0);
#3103=DIRECTION('',(0.0,-0.5424844,0.840065876));
#3104=ORIENTED_EDGE('',*,*,#3059,.F.);
#3105=PLANE('',#3106);
#3106=AXIS2_PLACEMENT_3D('',#3107,#3108,#3109);
#3107=CARTESIAN_POINT('',(1.949999958,0.37201152,0.364974393));
#3108=DIRECTION('',(0.0,-0.840065876,-0.5424844));
#3109=DIRECTION('',(0.0,0.5424844,-0.840065876));
#3110=ADVANCED_FACE('',(#3111),#3138,.F.);
#3111=FACE_BOUND('',#3112,.T.);
#3112=EDGE_LOOP('',(#3113,#3122,#3130,#3137));
#3113=ORIENTED_EDGE('',*,*,#3114,.T.);
#3114=EDGE_CURVE('',#3084,#3115,#3117,.T.);
#3115=VERTEX_POINT('',#3116);
#3116=CARTESIAN_POINT('',(0.749999984,0.234999995,0.619999987));
#3117=CIRCLE('',#3118,0.024999999);
#3118=AXIS2_PLACEMENT_3D('',#3119,#3120,#3121);
#3119=CARTESIAN_POINT('',(0.749999984,0.249999995,0.599999987));
#3120=DIRECTION('',(-1.0,0.0,0.0));
#3121=DIRECTION('',(0.0,0.0,1.0));
#3122=ORIENTED_EDGE('',*,*,#3123,.T.);
#3123=EDGE_CURVE('',#3115,#3124,#3126,.F.);
#3124=VERTEX_POINT('',#3125);
#3125=CARTESIAN_POINT('',(1.949999958,0.234999995,0.619999987));
#3126=LINE('',#3127,#3128);
#3127=CARTESIAN_POINT('',(1.949999958,0.234999995,0.619999987));
#3128=VECTOR('',#3129,1.0);
#3129=DIRECTION('',(-1.0,0.0,0.0));
#3130=ORIENTED_EDGE('',*,*,#3131,.T.);
#3131=EDGE_CURVE('',#3124,#3092,#3132,.F.);
#3132=CIRCLE('',#3133,0.024999999);
#3133=AXIS2_PLACEMENT_3D('',#3134,#3135,#3136);
#3134=CARTESIAN_POINT('',(1.949999958,0.249999995,0.599999987));
#3135=DIRECTION('',(-1.0,0.0,0.0));
#3136=DIRECTION('',(0.0,0.0,1.0));
#3137=ORIENTED_EDGE('',*,*,#3091,.F.);
#3138=CYLINDRICAL_SURFACE('',#3139,0.024999999);
#3139=AXIS2_PLACEMENT_3D('',#3140,#3141,#3142);
#3140=CARTESIAN_POINT('',(1.949999958,0.249999995,0.599999987));
#3141=DIRECTION('',(-1.0,0.0,0.0));
#3142=DIRECTION('',(0.0,0.0,1.0));
#3143=ADVANCED_FACE('',(#3144),#3169,.F.);
#3144=FACE_BOUND('',#3145,.T.);
#3145=EDGE_LOOP('',(#3146,#3154,#3162,#3168));
#3146=ORIENTED_EDGE('',*,*,#3147,.T.);
#3147=EDGE_CURVE('',#3115,#3148,#3150,.T.);
#3148=VERTEX_POINT('',#3149);
#3149=CARTESIAN_POINT('',(0.749999984,0.394999991,0.739999984));
#3150=LINE('',#3151,#3152);
#3151=CARTESIAN_POINT('',(0.749999984,0.234999995,0.619999987));
#3152=VECTOR('',#3153,1.0);
#3153=DIRECTION('',(0.0,0.8,0.6));
#3154=ORIENTED_EDGE('',*,*,#3155,.T.);
#3155=EDGE_CURVE('',#3148,#3156,#3158,.F.);
#3156=VERTEX_POINT('',#3157);
#3157=CARTESIAN_POINT('',(1.949999958,0.394999991,0.739999984));
#3158=LINE('',#3159,#3160);
#3159=CARTESIAN_POINT('',(1.949999958,0.394999991,0.739999984));
#3160=VECTOR('',#3161,1.0);
#3161=DIRECTION('',(-1.0,0.0,0.0));
#3162=ORIENTED_EDGE('',*,*,#3163,.T.);
#3163=EDGE_CURVE('',#3156,#3124,#3164,.F.);
#3164=LINE('',#3165,#3166);
#3165=CARTESIAN_POINT('',(1.949999958,0.234999995,0.619999987));
#3166=VECTOR('',#3167,1.0);
#3167=DIRECTION('',(0.0,0.8,0.6));
#3168=ORIENTED_EDGE('',*,*,#3123,.F.);
#3169=PLANE('',#3170);
#3170=AXIS2_PLACEMENT_3D('',#3171,#3172,#3173);
#3171=CARTESIAN_POINT('',(1.949999958,0.234999995,0.619999987));
#3172=DIRECTION('',(0.0,-0.6,0.8));
#3173=DIRECTION('',(0.0,-0.8,-0.6));
#3174=ADVANCED_FACE('',(#3175),#3191,.F.);
#3175=FACE_BOUND('',#3176,.T.);
#3176=EDGE_LOOP('',(#3177,#3183,#3184,#3190));
#3177=ORIENTED_EDGE('',*,*,#3178,.T.);
#3178=EDGE_CURVE('',#3148,#2892,#3179,.T.);
#3179=LINE('',#3180,#3181);
#3180=CARTESIAN_POINT('',(0.749999984,0.394999991,0.739999984));
#3181=VECTOR('',#3182,1.0);
#3182=DIRECTION('',(0.0,-0.6,0.8));
#3183=ORIENTED_EDGE('',*,*,#2917,.F.);
#3184=ORIENTED_EDGE('',*,*,#3185,.T.);
#3185=EDGE_CURVE('',#2910,#3156,#3186,.F.);
#3186=LINE('',#3187,#3188);
#3187=CARTESIAN_POINT('',(1.949999958,0.394999991,0.739999984));
#3188=VECTOR('',#3189,1.0);
#3189=DIRECTION('',(0.0,-0.6,0.8));
#3190=ORIENTED_EDGE('',*,*,#3155,.F.);
#3191=PLANE('',#3192);
#3192=AXIS2_PLACEMENT_3D('',#3193,#3194,#3195);
#3193=CARTESIAN_POINT('',(1.949999958,0.394999991,0.739999984));
#3194=DIRECTION('',(0.0,-0.8,-0.6));
#3195=DIRECTION('',(0.0,0.6,-0.8));
#3196=ADVANCED_FACE('',(#3197),#3211,.F.);
#3197=FACE_BOUND('',#3198,.T.);
#3198=EDGE_LOOP('',(#3199,#3200,#3201,#3202,#3203,#3204,#3205,#3206,#3207,#3208,#3209,#3210));
#3199=ORIENTED_EDGE('',*,*,#2909,.F.);
#3200=ORIENTED_EDGE('',*,*,#2948,.F.);
#3201=ORIENTED_EDGE('',*,*,#2980,.F.);
#3202=ORIENTED_EDGE('',*,*,#3012,.F.);
#3203=ORIENTED_EDGE('',*,*,#3035,.F.);
#3204=ORIENTED_EDGE('',*,*,#640,.F.);
#3205=ORIENTED_EDGE('',*,*,#1942,.F.);
#3206=ORIENTED_EDGE('',*,*,#3067,.F.);
#3207=ORIENTED_EDGE('',*,*,#3099,.F.);
#3208=ORIENTED_EDGE('',*,*,#3131,.F.);
#3209=ORIENTED_EDGE('',*,*,#3163,.F.);
#3210=ORIENTED_EDGE('',*,*,#3185,.F.);
#3211=PLANE('',#3212);
#3212=AXIS2_PLACEMENT_3D('',#3213,#3214,#3215);
#3213=CARTESIAN_POINT('',(1.949999958,0.249999995,0.599999987));
#3214=DIRECTION('',(-1.0,0.0,0.0));
#3215=DIRECTION('',(0.0,0.0,1.0));
#3216=ADVANCED_FACE('',(#3217),#3231,.T.);
#3217=FACE_BOUND('',#3218,.T.);
#3218=EDGE_LOOP('',(#3219,#3220,#3221,#3222,#3223,#3224,#3225,#3226,#3227,#3228,#3229,#3230));
#3219=ORIENTED_EDGE('',*,*,#2891,.F.);
#3220=ORIENTED_EDGE('',*,*,#3178,.F.);
#3221=ORIENTED_EDGE('',*,*,#3147,.F.);
#3222=ORIENTED_EDGE('',*,*,#3114,.F.);
#3223=ORIENTED_EDGE('',*,*,#3083,.F.);
#3224=ORIENTED_EDGE('',*,*,#3050,.F.);
#3225=ORIENTED_EDGE('',*,*,#1926,.F.);
#3226=ORIENTED_EDGE('',*,*,#656,.F.);
#3227=ORIENTED_EDGE('',*,*,#3028,.F.);
#3228=ORIENTED_EDGE('',*,*,#2995,.F.);
#3229=ORIENTED_EDGE('',*,*,#2964,.F.);
#3230=ORIENTED_EDGE('',*,*,#2931,.F.);
#3231=PLANE('',#3232);
#3232=AXIS2_PLACEMENT_3D('',#3233,#3234,#3235);
#3233=CARTESIAN_POINT('',(0.749999984,0.249999995,0.599999987));
#3234=DIRECTION('',(-1.0,0.0,0.0));
#3235=DIRECTION('',(0.0,0.0,1.0));
#3236=ADVANCED_FACE('',(#3237),#3271,.T.);
#3237=FACE_BOUND('',#3238,.T.);
#3238=EDGE_LOOP('',(#3239,#3249,#3257,#3265));
#3239=ORIENTED_EDGE('',*,*,#3240,.T.);
#3240=EDGE_CURVE('',#3241,#3243,#3245,.F.);
#3241=VERTEX_POINT('',#3242);
#3242=CARTESIAN_POINT('',(0.749999984,-0.394999991,0.739999984));
#3243=VERTEX_POINT('',#3244);
#3244=CARTESIAN_POINT('',(0.749999984,-0.234999995,0.619999987));
#3245=LINE('',#3246,#3247);
#3246=CARTESIAN_POINT('',(0.749999984,-0.234999995,0.619999987));
#3247=VECTOR('',#3248,1.0);
#3248=DIRECTION('',(0.0,-0.8,0.6));
#3249=ORIENTED_EDGE('',*,*,#3250,.T.);
#3250=EDGE_CURVE('',#3243,#3251,#3253,.F.);
#3251=VERTEX_POINT('',#3252);
#3252=CARTESIAN_POINT('',(1.949999958,-0.234999995,0.619999987));
#3253=LINE('',#3254,#3255);
#3254=CARTESIAN_POINT('',(1.949999958,-0.234999995,0.619999987));
#3255=VECTOR('',#3256,1.0);
#3256=DIRECTION('',(-1.0,0.0,0.0));
#3257=ORIENTED_EDGE('',*,*,#3258,.T.);
#3258=EDGE_CURVE('',#3251,#3259,#3261,.T.);
#3259=VERTEX_POINT('',#3260);
#3260=CARTESIAN_POINT('',(1.949999958,-0.394999991,0.739999984));
#3261=LINE('',#3262,#3263);
#3262=CARTESIAN_POINT('',(1.949999958,-0.234999995,0.619999987));
#3263=VECTOR('',#3264,1.0);
#3264=DIRECTION('',(0.0,-0.8,0.6));
#3265=ORIENTED_EDGE('',*,*,#3266,.T.);
#3266=EDGE_CURVE('',#3259,#3241,#3267,.T.);
#3267=LINE('',#3268,#3269);
#3268=CARTESIAN_POINT('',(1.949999958,-0.394999991,0.739999984));
#3269=VECTOR('',#3270,1.0);
#3270=DIRECTION('',(-1.0,0.0,0.0));
#3271=PLANE('',#3272);
#3272=AXIS2_PLACEMENT_3D('',#3273,#3274,#3275);
#3273=CARTESIAN_POINT('',(1.949999958,-0.234999995,0.619999987));
#3274=DIRECTION('',(0.0,-0.6,-0.8));
#3275=DIRECTION('',(0.0,0.8,-0.6));
#3276=ADVANCED_FACE('',(#3277),#3304,.F.);
#3277=FACE_BOUND('',#3278,.T.);
#3278=EDGE_LOOP('',(#3279,#3288,#3296,#3303));
#3279=ORIENTED_EDGE('',*,*,#3280,.T.);
#3280=EDGE_CURVE('',#3243,#3281,#3283,.F.);
#3281=VERTEX_POINT('',#3282);
#3282=CARTESIAN_POINT('',(0.749999984,-0.228998348,0.586437877));
#3283=CIRCLE('',#3284,0.024999999);
#3284=AXIS2_PLACEMENT_3D('',#3285,#3286,#3287);
#3285=CARTESIAN_POINT('',(0.749999984,-0.249999995,0.599999987));
#3286=DIRECTION('',(1.0,0.0,0.0));
#3287=DIRECTION('',(0.0,4.33680869E-15,1.0));
#3288=ORIENTED_EDGE('',*,*,#3289,.T.);
#3289=EDGE_CURVE('',#3281,#3290,#3292,.F.);
#3290=VERTEX_POINT('',#3291);
#3291=CARTESIAN_POINT('',(1.949999958,-0.228998348,0.586437877));
#3292=LINE('',#3293,#3294);
#3293=CARTESIAN_POINT('',(1.949999958,-0.228998348,0.586437877));
#3294=VECTOR('',#3295,1.0);
#3295=DIRECTION('',(-1.0,0.0,0.0));
#3296=ORIENTED_EDGE('',*,*,#3297,.T.);
#3297=EDGE_CURVE('',#3290,#3251,#3298,.T.);
#3298=CIRCLE('',#3299,0.024999999);
#3299=AXIS2_PLACEMENT_3D('',#3300,#3301,#3302);
#3300=CARTESIAN_POINT('',(1.949999958,-0.249999995,0.599999987));
#3301=DIRECTION('',(1.0,0.0,0.0));
#3302=DIRECTION('',(0.0,4.33680869E-15,1.0));
#3303=ORIENTED_EDGE('',*,*,#3250,.F.);
#3304=CYLINDRICAL_SURFACE('',#3305,0.024999999);
#3305=AXIS2_PLACEMENT_3D('',#3306,#3307,#3308);
#3306=CARTESIAN_POINT('',(1.949999958,-0.249999995,0.599999987));
#3307=DIRECTION('',(-1.0,0.0,0.0));
#3308=DIRECTION('',(0.0,0.0,1.0));
#3309=ADVANCED_FACE('',(#3310),#3335,.T.);
#3310=FACE_BOUND('',#3311,.T.);
#3311=EDGE_LOOP('',(#3312,#3320,#3328,#3334));
#3312=ORIENTED_EDGE('',*,*,#3313,.T.);
#3313=EDGE_CURVE('',#3281,#3314,#3316,.F.);
#3314=VERTEX_POINT('',#3315);
#3315=CARTESIAN_POINT('',(0.749999984,-0.37201152,0.364974393));
#3316=LINE('',#3317,#3318);
#3317=CARTESIAN_POINT('',(0.749999984,-0.37201152,0.364974393));
#3318=VECTOR('',#3319,1.0);
#3319=DIRECTION('',(0.0,0.5424844,0.840065876));
#3320=ORIENTED_EDGE('',*,*,#3321,.T.);
#3321=EDGE_CURVE('',#3314,#3322,#3324,.F.);
#3322=VERTEX_POINT('',#3323);
#3323=CARTESIAN_POINT('',(1.949999958,-0.37201152,0.364974393));
#3324=LINE('',#3325,#3326);
#3325=CARTESIAN_POINT('',(1.949999958,-0.37201152,0.364974393));
#3326=VECTOR('',#3327,1.0);
#3327=DIRECTION('',(-1.0,0.0,0.0));
#3328=ORIENTED_EDGE('',*,*,#3329,.T.);
#3329=EDGE_CURVE('',#3322,#3290,#3330,.T.);
#3330=LINE('',#3331,#3332);
#3331=CARTESIAN_POINT('',(1.949999958,-0.37201152,0.364974393));
#3332=VECTOR('',#3333,1.0);
#3333=DIRECTION('',(0.0,0.5424844,0.840065876));
#3334=ORIENTED_EDGE('',*,*,#3289,.F.);
#3335=PLANE('',#3336);
#3336=AXIS2_PLACEMENT_3D('',#3337,#3338,#3339);
#3337=CARTESIAN_POINT('',(1.949999958,-0.37201152,0.364974393));
#3338=DIRECTION('',(0.0,-0.840065876,0.5424844));
#3339=DIRECTION('',(0.0,-0.5424844,-0.840065876));
#3340=ADVANCED_FACE('',(#3341),#3359,.T.);
#3341=FACE_BOUND('',#3342,.T.);
#3342=EDGE_LOOP('',(#3343,#3350,#3351,#3358));
#3343=ORIENTED_EDGE('',*,*,#3344,.T.);
#3344=EDGE_CURVE('',#3314,#2013,#3345,.F.);
#3345=CIRCLE('',#3346,0.174999996);
#3346=AXIS2_PLACEMENT_3D('',#3347,#3348,#3349);
#3347=CARTESIAN_POINT('',(0.749999984,-0.224999995,0.270039625));
#3348=DIRECTION('',(-1.0,0.0,0.0));
#3349=DIRECTION('',(0.0,0.0,1.0));
#3350=ORIENTED_EDGE('',*,*,#2012,.F.);
#3351=ORIENTED_EDGE('',*,*,#3352,.T.);
#3352=EDGE_CURVE('',#2005,#3322,#3353,.T.);
#3353=CIRCLE('',#3354,0.174999996);
#3354=AXIS2_PLACEMENT_3D('',#3355,#3356,#3357);
#3355=CARTESIAN_POINT('',(1.949999958,-0.224999995,0.270039625));
#3356=DIRECTION('',(-1.0,0.0,0.0));
#3357=DIRECTION('',(0.0,0.0,1.0));
#3358=ORIENTED_EDGE('',*,*,#3321,.F.);
#3359=CYLINDRICAL_SURFACE('',#3360,0.174999996);
#3360=AXIS2_PLACEMENT_3D('',#3361,#3362,#3363);
#3361=CARTESIAN_POINT('',(1.949999958,-0.224999995,0.270039625));
#3362=DIRECTION('',(-1.0,0.0,0.0));
#3363=DIRECTION('',(0.0,0.0,1.0));
#3364=ADVANCED_FACE('',(#3365),#3390,.F.);
#3365=FACE_BOUND('',#3366,.T.);
#3366=EDGE_LOOP('',(#3367,#3375,#3383,#3389));
#3367=ORIENTED_EDGE('',*,*,#3368,.T.);
#3368=EDGE_CURVE('',#787,#3369,#3371,.T.);
#3369=VERTEX_POINT('',#3370);
#3370=CARTESIAN_POINT('',(0.749999984,-0.249999995,0.270039625));
#3371=LINE('',#3372,#3373);
#3372=CARTESIAN_POINT('',(0.749999984,-0.249999995,0.149999997));
#3373=VECTOR('',#3374,1.0);
#3374=DIRECTION('',(0.0,0.0,1.0));
#3375=ORIENTED_EDGE('',*,*,#3376,.T.);
#3376=EDGE_CURVE('',#3369,#3377,#3379,.F.);
#3377=VERTEX_POINT('',#3378);
#3378=CARTESIAN_POINT('',(1.949999958,-0.249999995,0.270039625));
#3379=LINE('',#3380,#3381);
#3380=CARTESIAN_POINT('',(1.949999958,-0.249999995,0.270039625));
#3381=VECTOR('',#3382,1.0);
#3382=DIRECTION('',(-1.0,0.0,0.0));
#3383=ORIENTED_EDGE('',*,*,#3384,.T.);
#3384=EDGE_CURVE('',#3377,#572,#3385,.F.);
#3385=LINE('',#3386,#3387);
#3386=CARTESIAN_POINT('',(1.949999958,-0.249999995,0.149999997));
#3387=VECTOR('',#3388,1.0);
#3388=DIRECTION('',(0.0,0.0,1.0));
#3389=ORIENTED_EDGE('',*,*,#794,.F.);
#3390=PLANE('',#3391);
#3391=AXIS2_PLACEMENT_3D('',#3392,#3393,#3394);
#3392=CARTESIAN_POINT('',(1.949999958,-0.249999995,0.149999997));
#3393=DIRECTION('',(0.0,-1.0,0.0));
#3394=DIRECTION('',(0.0,0.0,-1.0));
#3395=ADVANCED_FACE('',(#3396),#3423,.F.);
#3396=FACE_BOUND('',#3397,.T.);
#3397=EDGE_LOOP('',(#3398,#3407,#3415,#3422));
#3398=ORIENTED_EDGE('',*,*,#3399,.T.);
#3399=EDGE_CURVE('',#3369,#3400,#3402,.T.);
#3400=VERTEX_POINT('',#3401);
#3401=CARTESIAN_POINT('',(0.749999984,-0.246001642,0.283601734));
#3402=CIRCLE('',#3403,0.024999999);
#3403=AXIS2_PLACEMENT_3D('',#3404,#3405,#3406);
#3404=CARTESIAN_POINT('',(0.749999984,-0.224999995,0.270039625));
#3405=DIRECTION('',(-1.0,0.0,0.0));
#3406=DIRECTION('',(0.0,0.0,1.0));
#3407=ORIENTED_EDGE('',*,*,#3408,.T.);
#3408=EDGE_CURVE('',#3400,#3409,#3411,.F.);
#3409=VERTEX_POINT('',#3410);
#3410=CARTESIAN_POINT('',(1.949999958,-0.246001642,0.283601734));
#3411=LINE('',#3412,#3413);
#3412=CARTESIAN_POINT('',(1.949999958,-0.246001642,0.283601734));
#3413=VECTOR('',#3414,1.0);
#3414=DIRECTION('',(-1.0,0.0,0.0));
#3415=ORIENTED_EDGE('',*,*,#3416,.T.);
#3416=EDGE_CURVE('',#3409,#3377,#3417,.F.);
#3417=CIRCLE('',#3418,0.024999999);
#3418=AXIS2_PLACEMENT_3D('',#3419,#3420,#3421);
#3419=CARTESIAN_POINT('',(1.949999958,-0.224999995,0.270039625));
#3420=DIRECTION('',(-1.0,0.0,0.0));
#3421=DIRECTION('',(0.0,0.0,1.0));
#3422=ORIENTED_EDGE('',*,*,#3376,.F.);
#3423=CYLINDRICAL_SURFACE('',#3424,0.024999999);
#3424=AXIS2_PLACEMENT_3D('',#3425,#3426,#3427);
#3425=CARTESIAN_POINT('',(1.949999958,-0.224999995,0.270039625));
#3426=DIRECTION('',(-1.0,0.0,0.0));
#3427=DIRECTION('',(0.0,0.0,1.0));
#3428=ADVANCED_FACE('',(#3429),#3454,.F.);
#3429=FACE_BOUND('',#3430,.T.);
#3430=EDGE_LOOP('',(#3431,#3439,#3447,#3453));
#3431=ORIENTED_EDGE('',*,*,#3432,.T.);
#3432=EDGE_CURVE('',#3400,#3433,#3435,.T.);
#3433=VERTEX_POINT('',#3434);
#3434=CARTESIAN_POINT('',(0.749999984,-0.10298847,0.505065219));
#3435=LINE('',#3436,#3437);
#3436=CARTESIAN_POINT('',(0.749999984,-0.246001642,0.283601734));
#3437=VECTOR('',#3438,1.0);
#3438=DIRECTION('',(0.0,0.5424844,0.840065876));
#3439=ORIENTED_EDGE('',*,*,#3440,.T.);
#3440=EDGE_CURVE('',#3433,#3441,#3443,.F.);
#3441=VERTEX_POINT('',#3442);
#3442=CARTESIAN_POINT('',(1.949999958,-0.10298847,0.505065219));
#3443=LINE('',#3444,#3445);
#3444=CARTESIAN_POINT('',(1.949999958,-0.10298847,0.505065219));
#3445=VECTOR('',#3446,1.0);
#3446=DIRECTION('',(-1.0,0.0,0.0));
#3447=ORIENTED_EDGE('',*,*,#3448,.T.);
#3448=EDGE_CURVE('',#3441,#3409,#3449,.F.);
#3449=LINE('',#3450,#3451);
#3450=CARTESIAN_POINT('',(1.949999958,-0.246001642,0.283601734));
#3451=VECTOR('',#3452,1.0);
#3452=DIRECTION('',(0.0,0.5424844,0.840065876));
#3453=ORIENTED_EDGE('',*,*,#3408,.F.);
#3454=PLANE('',#3455);
#3455=AXIS2_PLACEMENT_3D('',#3456,#3457,#3458);
#3456=CARTESIAN_POINT('',(1.949999958,-0.246001642,0.283601734));
#3457=DIRECTION('',(0.0,-0.840065876,0.5424844));
#3458=DIRECTION('',(0.0,-0.5424844,-0.840065876));
#3459=ADVANCED_FACE('',(#3460),#3487,.T.);
#3460=FACE_BOUND('',#3461,.T.);
#3461=EDGE_LOOP('',(#3462,#3471,#3479,#3486));
#3462=ORIENTED_EDGE('',*,*,#3463,.T.);
#3463=EDGE_CURVE('',#3433,#3464,#3466,.T.);
#3464=VERTEX_POINT('',#3465);
#3465=CARTESIAN_POINT('',(0.749999984,-0.144999997,0.739999984));
#3466=CIRCLE('',#3467,0.174999996);
#3467=AXIS2_PLACEMENT_3D('',#3468,#3469,#3470);
#3468=CARTESIAN_POINT('',(0.749999984,-0.249999995,0.599999987));
#3469=DIRECTION('',(1.0,0.0,0.0));
#3470=DIRECTION('',(0.0,1.858632296E-15,1.0));
#3471=ORIENTED_EDGE('',*,*,#3472,.T.);
#3472=EDGE_CURVE('',#3464,#3473,#3475,.F.);
#3473=VERTEX_POINT('',#3474);
#3474=CARTESIAN_POINT('',(1.949999958,-0.144999997,0.739999984));
#3475=LINE('',#3476,#3477);
#3476=CARTESIAN_POINT('',(1.949999958,-0.144999997,0.739999984));
#3477=VECTOR('',#3478,1.0);
#3478=DIRECTION('',(-1.0,0.0,0.0));
#3479=ORIENTED_EDGE('',*,*,#3480,.T.);
#3480=EDGE_CURVE('',#3473,#3441,#3481,.F.);
#3481=CIRCLE('',#3482,0.174999996);
#3482=AXIS2_PLACEMENT_3D('',#3483,#3484,#3485);
#3483=CARTESIAN_POINT('',(1.949999958,-0.249999995,0.599999987));
#3484=DIRECTION('',(1.0,0.0,0.0));
#3485=DIRECTION('',(0.0,1.858632296E-15,1.0));
#3486=ORIENTED_EDGE('',*,*,#3440,.F.);
#3487=CYLINDRICAL_SURFACE('',#3488,0.174999996);
#3488=AXIS2_PLACEMENT_3D('',#3489,#3490,#3491);
#3489=CARTESIAN_POINT('',(1.949999958,-0.249999995,0.599999987));
#3490=DIRECTION('',(-1.0,0.0,0.0));
#3491=DIRECTION('',(0.0,0.0,1.0));
#3492=ADVANCED_FACE('',(#3493),#3518,.F.);
#3493=FACE_BOUND('',#3494,.T.);
#3494=EDGE_LOOP('',(#3495,#3503,#3511,#3517));
#3495=ORIENTED_EDGE('',*,*,#3496,.T.);
#3496=EDGE_CURVE('',#3464,#3497,#3499,.T.);
#3497=VERTEX_POINT('',#3498);
#3498=CARTESIAN_POINT('',(0.749999984,-0.304999993,0.859999981));
#3499=LINE('',#3500,#3501);
#3500=CARTESIAN_POINT('',(0.749999984,-0.144999997,0.739999984));
#3501=VECTOR('',#3502,1.0);
#3502=DIRECTION('',(0.0,-0.8,0.6));
#3503=ORIENTED_EDGE('',*,*,#3504,.T.);
#3504=EDGE_CURVE('',#3497,#3505,#3507,.F.);
#3505=VERTEX_POINT('',#3506);
#3506=CARTESIAN_POINT('',(1.949999958,-0.304999993,0.859999981));
#3507=LINE('',#3508,#3509);
#3508=CARTESIAN_POINT('',(1.949999958,-0.304999993,0.859999981));
#3509=VECTOR('',#3510,1.0);
#3510=DIRECTION('',(-1.0,0.0,0.0));
#3511=ORIENTED_EDGE('',*,*,#3512,.T.);
#3512=EDGE_CURVE('',#3505,#3473,#3513,.F.);
#3513=LINE('',#3514,#3515);
#3514=CARTESIAN_POINT('',(1.949999958,-0.144999997,0.739999984));
#3515=VECTOR('',#3516,1.0);
#3516=DIRECTION('',(0.0,-0.8,0.6));
#3517=ORIENTED_EDGE('',*,*,#3472,.F.);
#3518=PLANE('',#3519);
#3519=AXIS2_PLACEMENT_3D('',#3520,#3521,#3522);
#3520=CARTESIAN_POINT('',(1.949999958,-0.144999997,0.739999984));
#3521=DIRECTION('',(0.0,-0.6,-0.8));
#3522=DIRECTION('',(0.0,0.8,-0.6));
#3523=ADVANCED_FACE('',(#3524),#3540,.F.);
#3524=FACE_BOUND('',#3525,.T.);
#3525=EDGE_LOOP('',(#3526,#3532,#3533,#3539));
#3526=ORIENTED_EDGE('',*,*,#3527,.T.);
#3527=EDGE_CURVE('',#3497,#3241,#3528,.T.);
#3528=LINE('',#3529,#3530);
#3529=CARTESIAN_POINT('',(0.749999984,-0.304999993,0.859999981));
#3530=VECTOR('',#3531,1.0);
#3531=DIRECTION('',(0.0,-0.6,-0.8));
#3532=ORIENTED_EDGE('',*,*,#3266,.F.);
#3533=ORIENTED_EDGE('',*,*,#3534,.T.);
#3534=EDGE_CURVE('',#3259,#3505,#3535,.F.);
#3535=LINE('',#3536,#3537);
#3536=CARTESIAN_POINT('',(1.949999958,-0.304999993,0.859999981));
#3537=VECTOR('',#3538,1.0);
#3538=DIRECTION('',(0.0,-0.6,-0.8));
#3539=ORIENTED_EDGE('',*,*,#3504,.F.);
#3540=PLANE('',#3541);
#3541=AXIS2_PLACEMENT_3D('',#3542,#3543,#3544);
#3542=CARTESIAN_POINT('',(1.949999958,-0.304999993,0.859999981));
#3543=DIRECTION('',(0.0,0.8,-0.6));
#3544=DIRECTION('',(0.0,0.6,0.8));
#3545=ADVANCED_FACE('',(#3546),#3560,.F.);
#3546=FACE_BOUND('',#3547,.T.);
#3547=EDGE_LOOP('',(#3548,#3549,#3550,#3551,#3552,#3553,#3554,#3555,#3556,#3557,#3558,#3559));
#3548=ORIENTED_EDGE('',*,*,#3258,.F.);
#3549=ORIENTED_EDGE('',*,*,#3297,.F.);
#3550=ORIENTED_EDGE('',*,*,#3329,.F.);
#3551=ORIENTED_EDGE('',*,*,#3352,.F.);
#3552=ORIENTED_EDGE('',*,*,#2004,.F.);
#3553=ORIENTED_EDGE('',*,*,#571,.F.);
#3554=ORIENTED_EDGE('',*,*,#3384,.F.);
#3555=ORIENTED_EDGE('',*,*,#3416,.F.);
#3556=ORIENTED_EDGE('',*,*,#3448,.F.);
#3557=ORIENTED_EDGE('',*,*,#3480,.F.);
#3558=ORIENTED_EDGE('',*,*,#3512,.F.);
#3559=ORIENTED_EDGE('',*,*,#3534,.F.);
#3560=PLANE('',#3561);
#3561=AXIS2_PLACEMENT_3D('',#3562,#3563,#3564);
#3562=CARTESIAN_POINT('',(1.949999958,-0.249999995,0.599999987));
#3563=DIRECTION('',(-1.0,0.0,0.0));
#3564=DIRECTION('',(0.0,0.0,1.0));
#3565=ADVANCED_FACE('',(#3566),#3580,.T.);
#3566=FACE_BOUND('',#3567,.T.);
#3567=EDGE_LOOP('',(#3568,#3569,#3570,#3571,#3572,#3573,#3574,#3575,#3576,#3577,#3578,#3579));
#3568=ORIENTED_EDGE('',*,*,#3240,.F.);
#3569=ORIENTED_EDGE('',*,*,#3527,.F.);
#3570=ORIENTED_EDGE('',*,*,#3496,.F.);
#3571=ORIENTED_EDGE('',*,*,#3463,.F.);
#3572=ORIENTED_EDGE('',*,*,#3432,.F.);
#3573=ORIENTED_EDGE('',*,*,#3399,.F.);
#3574=ORIENTED_EDGE('',*,*,#3368,.F.);
#3575=ORIENTED_EDGE('',*,*,#786,.F.);
#3576=ORIENTED_EDGE('',*,*,#2020,.F.);
#3577=ORIENTED_EDGE('',*,*,#3344,.F.);
#3578=ORIENTED_EDGE('',*,*,#3313,.F.);
#3579=ORIENTED_EDGE('',*,*,#3280,.F.);
#3580=PLANE('',#3581);
#3581=AXIS2_PLACEMENT_3D('',#3582,#3583,#3584);
#3582=CARTESIAN_POINT('',(0.749999984,-0.249999995,0.599999987));
#3583=DIRECTION('',(-1.0,0.0,0.0));
#3584=DIRECTION('',(0.0,0.0,1.0));
#3585=ADVANCED_FACE('',(#3586),#3611,.F.);
#3586=FACE_BOUND('',#3587,.T.);
#3587=EDGE_LOOP('',(#3588,#3589,#3597,#3605));
#3588=ORIENTED_EDGE('',*,*,#802,.F.);
#3589=ORIENTED_EDGE('',*,*,#3590,.T.);
#3590=EDGE_CURVE('',#803,#3591,#3593,.F.);
#3591=VERTEX_POINT('',#3592);
#3592=CARTESIAN_POINT('',(-0.077305275,0.040905355,0.159999997));
#3593=LINE('',#3594,#3595);
#3594=CARTESIAN_POINT('',(-0.077305275,0.040905355,0.159999997));
#3595=VECTOR('',#3596,1.0);
#3596=DIRECTION('',(0.0,0.0,-1.0));
#3597=ORIENTED_EDGE('',*,*,#3598,.T.);
#3598=EDGE_CURVE('',#3591,#3599,#3601,.F.);
#3599=VERTEX_POINT('',#3600);
#3600=CARTESIAN_POINT('',(-0.077305275,0.033176488,0.159999997));
#3601=LINE('',#3602,#3603);
#3602=CARTESIAN_POINT('',(-0.077305275,0.040905355,0.159999997));
#3603=VECTOR('',#3604,1.0);
#3604=DIRECTION('',(0.0,1.0,0.0));
#3605=ORIENTED_EDGE('',*,*,#3606,.T.);
#3606=EDGE_CURVE('',#3599,#805,#3607,.T.);
#3607=LINE('',#3608,#3609);
#3608=CARTESIAN_POINT('',(-0.077305275,0.033176488,0.159999997));
#3609=VECTOR('',#3610,1.0);
#3610=DIRECTION('',(0.0,0.0,-1.0));
#3611=PLANE('',#3612);
#3612=AXIS2_PLACEMENT_3D('',#3613,#3614,#3615);
#3613=CARTESIAN_POINT('',(-0.077305275,0.040905355,0.159999997));
#3614=DIRECTION('',(-1.0,0.0,0.0));
#3615=DIRECTION('',(0.0,0.0,1.0));
#3616=ADVANCED_FACE('',(#3617),#3635,.F.);
#3617=FACE_BOUND('',#3618,.T.);
#3618=EDGE_LOOP('',(#3619,#3620,#3628,#3634));
#3619=ORIENTED_EDGE('',*,*,#844,.F.);
#3620=ORIENTED_EDGE('',*,*,#3621,.T.);
#3621=EDGE_CURVE('',#837,#3622,#3624,.F.);
#3622=VERTEX_POINT('',#3623);
#3623=CARTESIAN_POINT('',(-0.104304322,0.040905355,0.159999997));
#3624=LINE('',#3625,#3626);
#3625=CARTESIAN_POINT('',(-0.104304322,0.040905355,0.159999997));
#3626=VECTOR('',#3627,1.0);
#3627=DIRECTION('',(0.0,0.0,-1.0));
#3628=ORIENTED_EDGE('',*,*,#3629,.T.);
#3629=EDGE_CURVE('',#3622,#3591,#3630,.F.);
#3630=LINE('',#3631,#3632);
#3631=CARTESIAN_POINT('',(-0.104304322,0.040905355,0.159999997));
#3632=VECTOR('',#3633,1.0);
#3633=DIRECTION('',(-1.0,0.0,0.0));
#3634=ORIENTED_EDGE('',*,*,#3590,.F.);
#3635=PLANE('',#3636);
#3636=AXIS2_PLACEMENT_3D('',#3637,#3638,#3639);
#3637=CARTESIAN_POINT('',(-0.104304322,0.040905355,0.159999997));
#3638=DIRECTION('',(0.0,-1.0,0.0));
#3639=DIRECTION('',(0.0,0.0,-1.0));
#3640=ADVANCED_FACE('',(#3641),#3659,.F.);
#3641=FACE_BOUND('',#3642,.T.);
#3642=EDGE_LOOP('',(#3643,#3644,#3652,#3658));
#3643=ORIENTED_EDGE('',*,*,#836,.F.);
#3644=ORIENTED_EDGE('',*,*,#3645,.T.);
#3645=EDGE_CURVE('',#829,#3646,#3648,.F.);
#3646=VERTEX_POINT('',#3647);
#3647=CARTESIAN_POINT('',(-0.104304322,0.100968702,0.159999997));
#3648=LINE('',#3649,#3650);
#3649=CARTESIAN_POINT('',(-0.104304322,0.100968702,0.159999997));
#3650=VECTOR('',#3651,1.0);
#3651=DIRECTION('',(0.0,0.0,-1.0));
#3652=ORIENTED_EDGE('',*,*,#3653,.T.);
#3653=EDGE_CURVE('',#3646,#3622,#3654,.F.);
#3654=LINE('',#3655,#3656);
#3655=CARTESIAN_POINT('',(-0.104304322,0.100968702,0.159999997));
#3656=VECTOR('',#3657,1.0);
#3657=DIRECTION('',(0.0,1.0,0.0));
#3658=ORIENTED_EDGE('',*,*,#3621,.F.);
#3659=PLANE('',#3660);
#3660=AXIS2_PLACEMENT_3D('',#3661,#3662,#3663);
#3661=CARTESIAN_POINT('',(-0.104304322,0.100968702,0.159999997));
#3662=DIRECTION('',(-1.0,0.0,0.0));
#3663=DIRECTION('',(0.0,0.0,1.0));
#3664=ADVANCED_FACE('',(#3665),#3683,.F.);
#3665=FACE_BOUND('',#3666,.T.);
#3666=EDGE_LOOP('',(#3667,#3668,#3676,#3682));
#3667=ORIENTED_EDGE('',*,*,#828,.F.);
#3668=ORIENTED_EDGE('',*,*,#3669,.T.);
#3669=EDGE_CURVE('',#821,#3670,#3672,.F.);
#3670=VERTEX_POINT('',#3671);
#3671=CARTESIAN_POINT('',(-0.113055617,0.100968702,0.159999997));
#3672=LINE('',#3673,#3674);
#3673=CARTESIAN_POINT('',(-0.113055617,0.100968702,0.159999997));
#3674=VECTOR('',#3675,1.0);
#3675=DIRECTION('',(0.0,0.0,-1.0));
#3676=ORIENTED_EDGE('',*,*,#3677,.T.);
#3677=EDGE_CURVE('',#3670,#3646,#3678,.F.);
#3678=LINE('',#3679,#3680);
#3679=CARTESIAN_POINT('',(-0.113055617,0.100968702,0.159999997));
#3680=VECTOR('',#3681,1.0);
#3681=DIRECTION('',(-1.0,0.0,0.0));
#3682=ORIENTED_EDGE('',*,*,#3645,.F.);
#3683=PLANE('',#3684);
#3684=AXIS2_PLACEMENT_3D('',#3685,#3686,#3687);
#3685=CARTESIAN_POINT('',(-0.113055617,0.100968702,0.159999997));
#3686=DIRECTION('',(0.0,-1.0,0.0));
#3687=DIRECTION('',(0.0,0.0,-1.0));
#3688=ADVANCED_FACE('',(#3689),#3707,.F.);
#3689=FACE_BOUND('',#3690,.T.);
#3690=EDGE_LOOP('',(#3691,#3692,#3700,#3706));
#3691=ORIENTED_EDGE('',*,*,#820,.F.);
#3692=ORIENTED_EDGE('',*,*,#3693,.T.);
#3693=EDGE_CURVE('',#813,#3694,#3696,.F.);
#3694=VERTEX_POINT('',#3695);
#3695=CARTESIAN_POINT('',(-0.113055617,0.033176488,0.159999997));
#3696=LINE('',#3697,#3698);
#3697=CARTESIAN_POINT('',(-0.113055617,0.033176488,0.159999997));
#3698=VECTOR('',#3699,1.0);
#3699=DIRECTION('',(0.0,0.0,-1.0));
#3700=ORIENTED_EDGE('',*,*,#3701,.T.);
#3701=EDGE_CURVE('',#3694,#3670,#3702,.F.);
#3702=LINE('',#3703,#3704);
#3703=CARTESIAN_POINT('',(-0.113055617,0.033176488,0.159999997));
#3704=VECTOR('',#3705,1.0);
#3705=DIRECTION('',(0.0,-1.0,0.0));
#3706=ORIENTED_EDGE('',*,*,#3669,.F.);
#3707=PLANE('',#3708);
#3708=AXIS2_PLACEMENT_3D('',#3709,#3710,#3711);
#3709=CARTESIAN_POINT('',(-0.113055617,0.033176488,0.159999997));
#3710=DIRECTION('',(1.0,0.0,0.0));
#3711=DIRECTION('',(0.0,0.0,-1.0));
#3712=ADVANCED_FACE('',(#3713),#3724,.F.);
#3713=FACE_BOUND('',#3714,.T.);
#3714=EDGE_LOOP('',(#3715,#3716,#3717,#3723));
#3715=ORIENTED_EDGE('',*,*,#812,.F.);
#3716=ORIENTED_EDGE('',*,*,#3606,.F.);
#3717=ORIENTED_EDGE('',*,*,#3718,.T.);
#3718=EDGE_CURVE('',#3599,#3694,#3719,.F.);
#3719=LINE('',#3720,#3721);
#3720=CARTESIAN_POINT('',(-0.077305275,0.033176488,0.159999997));
#3721=VECTOR('',#3722,1.0);
#3722=DIRECTION('',(1.0,0.0,0.0));
#3723=ORIENTED_EDGE('',*,*,#3693,.F.);
#3724=PLANE('',#3725);
#3725=AXIS2_PLACEMENT_3D('',#3726,#3727,#3728);
#3726=CARTESIAN_POINT('',(-0.077305275,0.033176488,0.159999997));
#3727=DIRECTION('',(0.0,1.0,0.0));
#3728=DIRECTION('',(0.0,0.0,1.0));
#3729=ADVANCED_FACE('',(#3730),#3738,.F.);
#3730=FACE_BOUND('',#3731,.T.);
#3731=EDGE_LOOP('',(#3732,#3733,#3734,#3735,#3736,#3737));
#3732=ORIENTED_EDGE('',*,*,#3598,.F.);
#3733=ORIENTED_EDGE('',*,*,#3629,.F.);
#3734=ORIENTED_EDGE('',*,*,#3653,.F.);
#3735=ORIENTED_EDGE('',*,*,#3677,.F.);
#3736=ORIENTED_EDGE('',*,*,#3701,.F.);
#3737=ORIENTED_EDGE('',*,*,#3718,.F.);
#3738=PLANE('',#3739);
#3739=AXIS2_PLACEMENT_3D('',#3740,#3741,#3742);
#3740=CARTESIAN_POINT('',(0.0,0.0,0.159999997));
#3741=DIRECTION('',(0.0,0.0,-1.0));
#3742=DIRECTION('',(-1.0,0.0,0.0));
#3743=ADVANCED_FACE('',(#3744),#3770,.F.);
#3744=FACE_BOUND('',#3745,.T.);
#3745=EDGE_LOOP('',(#3746,#3747,#3755,#3764));
#3746=ORIENTED_EDGE('',*,*,#445,.F.);
#3747=ORIENTED_EDGE('',*,*,#3748,.T.);
#3748=EDGE_CURVE('',#446,#3749,#3751,.F.);
#3749=VERTEX_POINT('',#3750);
#3750=CARTESIAN_POINT('',(-0.023775073,0.035983834,0.159999997));
#3751=LINE('',#3752,#3753);
#3752=CARTESIAN_POINT('',(-0.023775073,0.035983834,0.159999997));
#3753=VECTOR('',#3754,1.0);
#3754=DIRECTION('',(0.0,0.0,-1.0));
#3755=ORIENTED_EDGE('',*,*,#3756,.T.);
#3756=EDGE_CURVE('',#3749,#3757,#3759,.F.);
#3757=VERTEX_POINT('',#3758);
#3758=CARTESIAN_POINT('',(-0.042542703,0.032032754,0.159999997));
#3759=B_SPLINE_CURVE_WITH_KNOTS('',3,(#3760,#3761,#3762,#3763),.UNSPECIFIED.,.F.,.U.,(4,4),(0.0,1.0),.PIECEWISE_BEZIER_KNOTS.);
#3760=CARTESIAN_POINT('',(-0.042542703,0.032032754,0.159999997));
#3761=CARTESIAN_POINT('',(-0.035021787,0.032032754,0.159999997));
#3762=CARTESIAN_POINT('',(-0.028765911,0.033349781,0.159999997));
#3763=CARTESIAN_POINT('',(-0.023775073,0.035983834,0.159999997));
#3764=ORIENTED_EDGE('',*,*,#3765,.T.);
#3765=EDGE_CURVE('',#3757,#448,#3766,.T.);
#3766=LINE('',#3767,#3768);
#3767=CARTESIAN_POINT('',(-0.042542703,0.032032754,0.159999997));
#3768=VECTOR('',#3769,1.0);
#3769=DIRECTION('',(0.0,0.0,-1.0));
#3770=B_SPLINE_SURFACE_WITH_KNOTS('',3,1,((#3771,#3772),(#3773,#3774),(#3775,#3776),(#3777,#3778)),.UNSPECIFIED.,.F.,.F.,.U.,(4,4),(2,2),(0.0,1.0),(0.0,1.0),.PIECEWISE_BEZIER_KNOTS.);
#3771=CARTESIAN_POINT('',(-0.042542703,0.032032754,0.159999997));
#3772=CARTESIAN_POINT('',(-0.042542703,0.032032754,0.149999997));
#3773=CARTESIAN_POINT('',(-0.035021787,0.032032754,0.159999997));
#3774=CARTESIAN_POINT('',(-0.035021787,0.032032754,0.149999997));
#3775=CARTESIAN_POINT('',(-0.028765911,0.033349781,0.159999997));
#3776=CARTESIAN_POINT('',(-0.028765911,0.033349781,0.149999997));
#3777=CARTESIAN_POINT('',(-0.023775073,0.035983834,0.159999997));
#3778=CARTESIAN_POINT('',(-0.023775073,0.035983834,0.149999997));
#3779=ADVANCED_FACE('',(#3780),#3798,.F.);
#3780=FACE_BOUND('',#3781,.T.);
#3781=EDGE_LOOP('',(#3782,#3783,#3791,#3797));
#3782=ORIENTED_EDGE('',*,*,#563,.F.);
#3783=ORIENTED_EDGE('',*,*,#3784,.T.);
#3784=EDGE_CURVE('',#555,#3785,#3787,.F.);
#3785=VERTEX_POINT('',#3786);
#3786=CARTESIAN_POINT('',(-0.023775073,0.044371214,0.159999997));
#3787=LINE('',#3788,#3789);
#3788=CARTESIAN_POINT('',(-0.023775073,0.044371214,0.159999997));
#3789=VECTOR('',#3790,1.0);
#3790=DIRECTION('',(0.0,0.0,-1.0));
#3791=ORIENTED_EDGE('',*,*,#3792,.T.);
#3792=EDGE_CURVE('',#3785,#3749,#3793,.F.);
#3793=LINE('',#3794,#3795);
#3794=CARTESIAN_POINT('',(-0.023775073,0.044371214,0.159999997));
#3795=VECTOR('',#3796,1.0);
#3796=DIRECTION('',(0.0,1.0,0.0));
#3797=ORIENTED_EDGE('',*,*,#3748,.F.);
#3798=PLANE('',#3799);
#3799=AXIS2_PLACEMENT_3D('',#3800,#3801,#3802);
#3800=CARTESIAN_POINT('',(-0.023775073,0.044371214,0.159999997));
#3801=DIRECTION('',(-1.0,0.0,0.0));
#3802=DIRECTION('',(0.0,0.0,1.0));
#3803=ADVANCED_FACE('',(#3804),#3823,.F.);
#3804=FACE_BOUND('',#3805,.T.);
#3805=EDGE_LOOP('',(#3806,#3807,#3815,#3822));
#3806=ORIENTED_EDGE('',*,*,#554,.F.);
#3807=ORIENTED_EDGE('',*,*,#3808,.T.);
#3808=EDGE_CURVE('',#546,#3809,#3811,.F.);
#3809=VERTEX_POINT('',#3810);
#3810=CARTESIAN_POINT('',(-0.041277664,0.039830938,0.159999997));
#3811=LINE('',#3812,#3813);
#3812=CARTESIAN_POINT('',(-0.041277664,0.039830938,0.159999997));
#3813=VECTOR('',#3814,1.0);
#3814=DIRECTION('',(0.0,0.0,-1.0));
#3815=ORIENTED_EDGE('',*,*,#3816,.T.);
#3816=EDGE_CURVE('',#3809,#3785,#3817,.F.);
#3817=B_SPLINE_CURVE_WITH_KNOTS('',3,(#3818,#3819,#3820,#3821),.UNSPECIFIED.,.F.,.U.,(4,4),(12.0,13.0),.PIECEWISE_BEZIER_KNOTS.);
#3818=CARTESIAN_POINT('',(-0.023775073,0.044371214,0.159999997));
#3819=CARTESIAN_POINT('',(-0.028731252,0.041355916,0.159999997));
#3820=CARTESIAN_POINT('',(-0.034571226,0.039830938,0.159999997));
#3821=CARTESIAN_POINT('',(-0.041277664,0.039830938,0.159999997));
#3822=ORIENTED_EDGE('',*,*,#3784,.F.);
#3823=B_SPLINE_SURFACE_WITH_KNOTS('',3,1,((#3824,#3825),(#3826,#3827),(#3828,#3829),(#3830,#3831)),.UNSPECIFIED.,.F.,.F.,.U.,(4,4),(2,2),(12.0,13.0),(0.0,1.0),.PIECEWISE_BEZIER_KNOTS.);
#3824=CARTESIAN_POINT('',(-0.023775073,0.044371214,0.159999997));
#3825=CARTESIAN_POINT('',(-0.023775073,0.044371214,0.149999997));
#3826=CARTESIAN_POINT('',(-0.028731252,0.041355916,0.159999997));
#3827=CARTESIAN_POINT('',(-0.028731252,0.041355916,0.149999997));
#3828=CARTESIAN_POINT('',(-0.034571226,0.039830938,0.159999997));
#3829=CARTESIAN_POINT('',(-0.034571226,0.039830938,0.149999997));
#3830=CARTESIAN_POINT('',(-0.041277664,0.039830938,0.159999997));
#3831=CARTESIAN_POINT('',(-0.041277664,0.039830938,0.149999997));
#3832=ADVANCED_FACE('',(#3833),#3852,.F.);
#3833=FACE_BOUND('',#3834,.T.);
#3834=EDGE_LOOP('',(#3835,#3836,#3844,#3851));
#3835=ORIENTED_EDGE('',*,*,#545,.F.);
#3836=ORIENTED_EDGE('',*,*,#3837,.T.);
#3837=EDGE_CURVE('',#537,#3838,#3840,.F.);
#3838=VERTEX_POINT('',#3839);
#3839=CARTESIAN_POINT('',(-0.058693609,0.046970609,0.159999997));
#3840=LINE('',#3841,#3842);
#3841=CARTESIAN_POINT('',(-0.058693609,0.046970609,0.159999997));
#3842=VECTOR('',#3843,1.0);
#3843=DIRECTION('',(0.0,0.0,-1.0));
#3844=ORIENTED_EDGE('',*,*,#3845,.T.);
#3845=EDGE_CURVE('',#3838,#3809,#3846,.F.);
#3846=B_SPLINE_CURVE_WITH_KNOTS('',3,(#3847,#3848,#3849,#3850),.UNSPECIFIED.,.F.,.U.,(4,4),(11.0,12.0),.PIECEWISE_BEZIER_KNOTS.);
#3847=CARTESIAN_POINT('',(-0.041277664,0.039830938,0.159999997));
#3848=CARTESIAN_POINT('',(-0.048451994,0.039830938,0.159999997));
#3849=CARTESIAN_POINT('',(-0.054257308,0.042222381,0.159999997));
#3850=CARTESIAN_POINT('',(-0.058693609,0.046970609,0.159999997));
#3851=ORIENTED_EDGE('',*,*,#3808,.F.);
#3852=B_SPLINE_SURFACE_WITH_KNOTS('',3,1,((#3853,#3854),(#3855,#3856),(#3857,#3858),(#3859,#3860)),.UNSPECIFIED.,.F.,.F.,.U.,(4,4),(2,2),(11.0,12.0),(0.0,1.0),.PIECEWISE_BEZIER_KNOTS.);
#3853=CARTESIAN_POINT('',(-0.041277664,0.039830938,0.159999997));
#3854=CARTESIAN_POINT('',(-0.041277664,0.039830938,0.149999997));
#3855=CARTESIAN_POINT('',(-0.048451994,0.039830938,0.159999997));
#3856=CARTESIAN_POINT('',(-0.048451994,0.039830938,0.149999997));
#3857=CARTESIAN_POINT('',(-0.054257308,0.042222381,0.159999997));
#3858=CARTESIAN_POINT('',(-0.054257308,0.042222381,0.149999997));
#3859=CARTESIAN_POINT('',(-0.058693609,0.046970609,0.159999997));
#3860=CARTESIAN_POINT('',(-0.058693609,0.046970609,0.149999997));
#3861=ADVANCED_FACE('',(#3862),#3881,.F.);
#3862=FACE_BOUND('',#3863,.T.);
#3863=EDGE_LOOP('',(#3864,#3865,#3873,#3880));
#3864=ORIENTED_EDGE('',*,*,#536,.F.);
#3865=ORIENTED_EDGE('',*,*,#3866,.T.);
#3866=EDGE_CURVE('',#528,#3867,#3869,.F.);
#3867=VERTEX_POINT('',#3868);
#3868=CARTESIAN_POINT('',(-0.065348059,0.066310106,0.159999997));
#3869=LINE('',#3870,#3871);
#3870=CARTESIAN_POINT('',(-0.065348059,0.066310106,0.159999997));
#3871=VECTOR('',#3872,1.0);
#3872=DIRECTION('',(0.0,0.0,-1.0));
#3873=ORIENTED_EDGE('',*,*,#3874,.T.);
#3874=EDGE_CURVE('',#3867,#3838,#3875,.F.);
#3875=B_SPLINE_CURVE_WITH_KNOTS('',3,(#3876,#3877,#3878,#3879),.UNSPECIFIED.,.F.,.U.,(4,4),(10.0,11.0),.PIECEWISE_BEZIER_KNOTS.);
#3876=CARTESIAN_POINT('',(-0.058693609,0.046970609,0.159999997));
#3877=CARTESIAN_POINT('',(-0.063129909,0.051753495,0.159999997));
#3878=CARTESIAN_POINT('',(-0.065348059,0.058199994,0.159999997));
#3879=CARTESIAN_POINT('',(-0.065348059,0.066310106,0.159999997));
#3880=ORIENTED_EDGE('',*,*,#3837,.F.);
#3881=B_SPLINE_SURFACE_WITH_KNOTS('',3,1,((#3882,#3883),(#3884,#3885),(#3886,#3887),(#3888,#3889)),.UNSPECIFIED.,.F.,.F.,.U.,(4,4),(2,2),(10.0,11.0),(0.0,1.0),.PIECEWISE_BEZIER_KNOTS.);
#3882=CARTESIAN_POINT('',(-0.058693609,0.046970609,0.159999997));
#3883=CARTESIAN_POINT('',(-0.058693609,0.046970609,0.149999997));
#3884=CARTESIAN_POINT('',(-0.063129909,0.051753495,0.159999997));
#3885=CARTESIAN_POINT('',(-0.063129909,0.051753495,0.149999997));
#3886=CARTESIAN_POINT('',(-0.065348059,0.058199994,0.159999997));
#3887=CARTESIAN_POINT('',(-0.065348059,0.058199994,0.149999997));
#3888=CARTESIAN_POINT('',(-0.065348059,0.066310106,0.159999997));
#3889=CARTESIAN_POINT('',(-0.065348059,0.066310106,0.149999997));
#3890=ADVANCED_FACE('',(#3891),#3910,.F.);
#3891=FACE_BOUND('',#3892,.T.);
#3892=EDGE_LOOP('',(#3893,#3894,#3902,#3909));
#3893=ORIENTED_EDGE('',*,*,#527,.F.);
#3894=ORIENTED_EDGE('',*,*,#3895,.T.);
#3895=EDGE_CURVE('',#519,#3896,#3898,.F.);
#3896=VERTEX_POINT('',#3897);
#3897=CARTESIAN_POINT('',(-0.058225718,0.086689361,0.159999997));
#3898=LINE('',#3899,#3900);
#3899=CARTESIAN_POINT('',(-0.058225718,0.086689361,0.159999997));
#3900=VECTOR('',#3901,1.0);
#3901=DIRECTION('',(0.0,0.0,-1.0));
#3902=ORIENTED_EDGE('',*,*,#3903,.T.);
#3903=EDGE_CURVE('',#3896,#3867,#3904,.F.);
#3904=B_SPLINE_CURVE_WITH_KNOTS('',3,(#3905,#3906,#3907,#3908),.UNSPECIFIED.,.F.,.U.,(4,4),(9.0,10.0),.PIECEWISE_BEZIER_KNOTS.);
#3905=CARTESIAN_POINT('',(-0.065348059,0.066310106,0.159999997));
#3906=CARTESIAN_POINT('',(-0.065348059,0.074836121,0.159999997));
#3907=CARTESIAN_POINT('',(-0.062973945,0.081629206,0.159999997));
#3908=CARTESIAN_POINT('',(-0.058225718,0.086689361,0.159999997));
#3909=ORIENTED_EDGE('',*,*,#3866,.F.);
#3910=B_SPLINE_SURFACE_WITH_KNOTS('',3,1,((#3911,#3912),(#3913,#3914),(#3915,#3916),(#3917,#3918)),.UNSPECIFIED.,.F.,.F.,.U.,(4,4),(2,2),(9.0,10.0),(0.0,1.0),.PIECEWISE_BEZIER_KNOTS.);
#3911=CARTESIAN_POINT('',(-0.065348059,0.066310106,0.159999997));
#3912=CARTESIAN_POINT('',(-0.065348059,0.066310106,0.149999997));
#3913=CARTESIAN_POINT('',(-0.065348059,0.074836121,0.159999997));
#3914=CARTESIAN_POINT('',(-0.065348059,0.074836121,0.149999997));
#3915=CARTESIAN_POINT('',(-0.062973945,0.081629206,0.159999997));
#3916=CARTESIAN_POINT('',(-0.062973945,0.081629206,0.149999997));
#3917=CARTESIAN_POINT('',(-0.058225718,0.086689361,0.159999997));
#3918=CARTESIAN_POINT('',(-0.058225718,0.086689361,0.149999997));
#3919=ADVANCED_FACE('',(#3920),#3939,.F.);
#3920=FACE_BOUND('',#3921,.T.);
#3921=EDGE_LOOP('',(#3922,#3923,#3931,#3938));
#3922=ORIENTED_EDGE('',*,*,#518,.F.);
#3923=ORIENTED_EDGE('',*,*,#3924,.T.);
#3924=EDGE_CURVE('',#510,#3925,#3927,.F.);
#3925=VERTEX_POINT('',#3926);
#3926=CARTESIAN_POINT('',(-0.039752686,0.094210276,0.159999997));
#3927=LINE('',#3928,#3929);
#3928=CARTESIAN_POINT('',(-0.039752686,0.094210276,0.159999997));
#3929=VECTOR('',#3930,1.0);
#3930=DIRECTION('',(0.0,0.0,-1.0));
#3931=ORIENTED_EDGE('',*,*,#3932,.T.);
#3932=EDGE_CURVE('',#3925,#3896,#3933,.F.);
#3933=B_SPLINE_CURVE_WITH_KNOTS('',3,(#3934,#3935,#3936,#3937),.UNSPECIFIED.,.F.,.U.,(4,4),(8.0,9.0),.PIECEWISE_BEZIER_KNOTS.);
#3934=CARTESIAN_POINT('',(-0.058225718,0.086689361,0.159999997));
#3935=CARTESIAN_POINT('',(-0.053460161,0.091714857,0.159999997));
#3936=CARTESIAN_POINT('',(-0.04730826,0.094210276,0.159999997));
#3937=CARTESIAN_POINT('',(-0.039752686,0.094210276,0.159999997));
#3938=ORIENTED_EDGE('',*,*,#3895,.F.);
#3939=B_SPLINE_SURFACE_WITH_KNOTS('',3,1,((#3940,#3941),(#3942,#3943),(#3944,#3945),(#3946,#3947)),.UNSPECIFIED.,.F.,.F.,.U.,(4,4),(2,2),(8.0,9.0),(0.0,1.0),.PIECEWISE_BEZIER_KNOTS.);
#3940=CARTESIAN_POINT('',(-0.058225718,0.086689361,0.159999997));
#3941=CARTESIAN_POINT('',(-0.058225718,0.086689361,0.149999997));
#3942=CARTESIAN_POINT('',(-0.053460161,0.091714857,0.159999997));
#3943=CARTESIAN_POINT('',(-0.053460161,0.091714857,0.149999997));
#3944=CARTESIAN_POINT('',(-0.04730826,0.094210276,0.159999997));
#3945=CARTESIAN_POINT('',(-0.04730826,0.094210276,0.149999997));
#3946=CARTESIAN_POINT('',(-0.039752686,0.094210276,0.159999997));
#3947=CARTESIAN_POINT('',(-0.039752686,0.094210276,0.149999997));
#3948=ADVANCED_FACE('',(#3949),#3968,.F.);
#3949=FACE_BOUND('',#3950,.T.);
#3950=EDGE_LOOP('',(#3951,#3952,#3960,#3967));
#3951=ORIENTED_EDGE('',*,*,#509,.F.);
#3952=ORIENTED_EDGE('',*,*,#3953,.T.);
#3953=EDGE_CURVE('',#502,#3954,#3956,.F.);
#3954=VERTEX_POINT('',#3955);
#3955=CARTESIAN_POINT('',(-0.023775073,0.090189879,0.159999997));
#3956=LINE('',#3957,#3958);
#3957=CARTESIAN_POINT('',(-0.023775073,0.090189879,0.159999997));
#3958=VECTOR('',#3959,1.0);
#3959=DIRECTION('',(0.0,0.0,-1.0));
#3960=ORIENTED_EDGE('',*,*,#3961,.T.);
#3961=EDGE_CURVE('',#3954,#3925,#3962,.F.);
#3962=B_SPLINE_CURVE_WITH_KNOTS('',3,(#3963,#3964,#3965,#3966),.UNSPECIFIED.,.F.,.U.,(4,4),(7.0,8.0),.PIECEWISE_BEZIER_KNOTS.);
#3963=CARTESIAN_POINT('',(-0.039752686,0.094210276,0.159999997));
#3964=CARTESIAN_POINT('',(-0.033947371,0.094210276,0.159999997));
#3965=CARTESIAN_POINT('',(-0.028627276,0.092893249,0.159999997));
#3966=CARTESIAN_POINT('',(-0.023775073,0.090189879,0.159999997));
#3967=ORIENTED_EDGE('',*,*,#3924,.F.);
#3968=B_SPLINE_SURFACE_WITH_KNOTS('',3,1,((#3969,#3970),(#3971,#3972),(#3973,#3974),(#3975,#3976)),.UNSPECIFIED.,.F.,.F.,.U.,(4,4),(2,2),(7.0,8.0),(0.0,1.0),.PIECEWISE_BEZIER_KNOTS.);
#3969=CARTESIAN_POINT('',(-0.039752686,0.094210276,0.159999997));
#3970=CARTESIAN_POINT('',(-0.039752686,0.094210276,0.149999997));
#3971=CARTESIAN_POINT('',(-0.033947371,0.094210276,0.159999997));
#3972=CARTESIAN_POINT('',(-0.033947371,0.094210276,0.149999997));
#3973=CARTESIAN_POINT('',(-0.028627276,0.092893249,0.159999997));
#3974=CARTESIAN_POINT('',(-0.028627276,0.092893249,0.149999997));
#3975=CARTESIAN_POINT('',(-0.023775073,0.090189879,0.159999997));
#3976=CARTESIAN_POINT('',(-0.023775073,0.090189879,0.149999997));
#3977=ADVANCED_FACE('',(#3978),#3996,.F.);
#3978=FACE_BOUND('',#3979,.T.);
#3979=EDGE_LOOP('',(#3980,#3981,#3989,#3995));
#3980=ORIENTED_EDGE('',*,*,#501,.F.);
#3981=ORIENTED_EDGE('',*,*,#3982,.T.);
#3982=EDGE_CURVE('',#493,#3983,#3985,.F.);
#3983=VERTEX_POINT('',#3984);
#3984=CARTESIAN_POINT('',(-0.023775073,0.099339748,0.159999997));
#3985=LINE('',#3986,#3987);
#3986=CARTESIAN_POINT('',(-0.023775073,0.099339748,0.159999997));
#3987=VECTOR('',#3988,1.0);
#3988=DIRECTION('',(0.0,0.0,-1.0));
#3989=ORIENTED_EDGE('',*,*,#3990,.T.);
#3990=EDGE_CURVE('',#3983,#3954,#3991,.F.);
#3991=LINE('',#3992,#3993);
#3992=CARTESIAN_POINT('',(-0.023775073,0.099339748,0.159999997));
#3993=VECTOR('',#3994,1.0);
#3994=DIRECTION('',(0.0,1.0,0.0));
#3995=ORIENTED_EDGE('',*,*,#3953,.F.);
#3996=PLANE('',#3997);
#3997=AXIS2_PLACEMENT_3D('',#3998,#3999,#4000);
#3998=CARTESIAN_POINT('',(-0.023775073,0.099339748,0.159999997));
#3999=DIRECTION('',(-1.0,0.0,0.0));
#4000=DIRECTION('',(0.0,0.0,1.0));
#4001=ADVANCED_FACE('',(#4002),#4021,.F.);
#4002=FACE_BOUND('',#4003,.T.);
#4003=EDGE_LOOP('',(#4004,#4005,#4013,#4020));
#4004=ORIENTED_EDGE('',*,*,#492,.F.);
#4005=ORIENTED_EDGE('',*,*,#4006,.T.);
#4006=EDGE_CURVE('',#484,#4007,#4009,.F.);
#4007=VERTEX_POINT('',#4008);
#4008=CARTESIAN_POINT('',(-0.039839332,0.102112436,0.159999997));
#4009=LINE('',#4010,#4011);
#4010=CARTESIAN_POINT('',(-0.039839332,0.102112436,0.159999997));
#4011=VECTOR('',#4012,1.0);
#4012=DIRECTION('',(0.0,0.0,-1.0));
#4013=ORIENTED_EDGE('',*,*,#4014,.T.);
#4014=EDGE_CURVE('',#4007,#3983,#4015,.F.);
#4015=B_SPLINE_CURVE_WITH_KNOTS('',3,(#4016,#4017,#4018,#4019),.UNSPECIFIED.,.F.,.U.,(4,4),(5.0,6.0),.PIECEWISE_BEZIER_KNOTS.);
#4016=CARTESIAN_POINT('',(-0.023775073,0.099339748,0.159999997));
#4017=CARTESIAN_POINT('',(-0.028003422,0.101176654,0.159999997));
#4018=CARTESIAN_POINT('',(-0.033358175,0.102112436,0.159999997));
#4019=CARTESIAN_POINT('',(-0.039839332,0.102112436,0.159999997));
#4020=ORIENTED_EDGE('',*,*,#3982,.F.);
#4021=B_SPLINE_SURFACE_WITH_KNOTS('',3,1,((#4022,#4023),(#4024,#4025),(#4026,#4027),(#4028,#4029)),.UNSPECIFIED.,.F.,.F.,.U.,(4,4),(2,2),(5.0,6.0),(0.0,1.0),.PIECEWISE_BEZIER_KNOTS.);
#4022=CARTESIAN_POINT('',(-0.023775073,0.099339748,0.159999997));
#4023=CARTESIAN_POINT('',(-0.023775073,0.099339748,0.149999997));
#4024=CARTESIAN_POINT('',(-0.028003422,0.101176654,0.159999997));
#4025=CARTESIAN_POINT('',(-0.028003422,0.101176654,0.149999997));
#4026=CARTESIAN_POINT('',(-0.033358175,0.102112436,0.159999997));
#4027=CARTESIAN_POINT('',(-0.033358175,0.102112436,0.149999997));
#4028=CARTESIAN_POINT('',(-0.039839332,0.102112436,0.159999997));
#4029=CARTESIAN_POINT('',(-0.039839332,0.102112436,0.149999997));
#4030=ADVANCED_FACE('',(#4031),#4050,.F.);
#4031=FACE_BOUND('',#4032,.T.);
#4032=EDGE_LOOP('',(#4033,#4034,#4042,#4049));
#4033=ORIENTED_EDGE('',*,*,#483,.F.);
#4034=ORIENTED_EDGE('',*,*,#4035,.T.);
#4035=EDGE_CURVE('',#475,#4036,#4038,.F.);
#4036=VERTEX_POINT('',#4037);
#4037=CARTESIAN_POINT('',(-0.064741534,0.09213076,0.159999997));
#4038=LINE('',#4039,#4040);
#4039=CARTESIAN_POINT('',(-0.064741534,0.09213076,0.159999997));
#4040=VECTOR('',#4041,1.0);
#4041=DIRECTION('',(0.0,0.0,-1.0));
#4042=ORIENTED_EDGE('',*,*,#4043,.T.);
#4043=EDGE_CURVE('',#4036,#4007,#4044,.F.);
#4044=B_SPLINE_CURVE_WITH_KNOTS('',3,(#4045,#4046,#4047,#4048),.UNSPECIFIED.,.F.,.U.,(4,4),(4.0,5.0),.PIECEWISE_BEZIER_KNOTS.);
#4045=CARTESIAN_POINT('',(-0.039839332,0.102112436,0.159999997));
#4046=CARTESIAN_POINT('',(-0.049907655,0.102112436,0.159999997));
#4047=CARTESIAN_POINT('',(-0.058208388,0.098785211,0.159999997));
#4048=CARTESIAN_POINT('',(-0.064741534,0.09213076,0.159999997));
#4049=ORIENTED_EDGE('',*,*,#4006,.F.);
#4050=B_SPLINE_SURFACE_WITH_KNOTS('',3,1,((#4051,#4052),(#4053,#4054),(#4055,#4056),(#4057,#4058)),.UNSPECIFIED.,.F.,.F.,.U.,(4,4),(2,2),(4.0,5.0),(0.0,1.0),.PIECEWISE_BEZIER_KNOTS.);
#4051=CARTESIAN_POINT('',(-0.039839332,0.102112436,0.159999997));
#4052=CARTESIAN_POINT('',(-0.039839332,0.102112436,0.149999997));
#4053=CARTESIAN_POINT('',(-0.049907655,0.102112436,0.159999997));
#4054=CARTESIAN_POINT('',(-0.049907655,0.102112436,0.149999997));
#4055=CARTESIAN_POINT('',(-0.058208388,0.098785211,0.159999997));
#4056=CARTESIAN_POINT('',(-0.058208388,0.098785211,0.149999997));
#4057=CARTESIAN_POINT('',(-0.064741534,0.09213076,0.159999997));
#4058=CARTESIAN_POINT('',(-0.064741534,0.09213076,0.149999997));
#4059=ADVANCED_FACE('',(#4060),#4079,.F.);
#4060=FACE_BOUND('',#4061,.T.);
#4061=EDGE_LOOP('',(#4062,#4063,#4071,#4078));
#4062=ORIENTED_EDGE('',*,*,#474,.F.);
#4063=ORIENTED_EDGE('',*,*,#4064,.T.);
#4064=EDGE_CURVE('',#466,#4065,#4067,.F.);
#4065=VERTEX_POINT('',#4066);
#4066=CARTESIAN_POINT('',(-0.074532587,0.065790227,0.159999997));
#4067=LINE('',#4068,#4069);
#4068=CARTESIAN_POINT('',(-0.074532587,0.065790227,0.159999997));
#4069=VECTOR('',#4070,1.0);
#4070=DIRECTION('',(0.0,0.0,-1.0));
#4071=ORIENTED_EDGE('',*,*,#4072,.T.);
#4072=EDGE_CURVE('',#4065,#4036,#4073,.F.);
#4073=B_SPLINE_CURVE_WITH_KNOTS('',3,(#4074,#4075,#4076,#4077),.UNSPECIFIED.,.F.,.U.,(4,4),(3.0,4.0),.PIECEWISE_BEZIER_KNOTS.);
#4074=CARTESIAN_POINT('',(-0.064741534,0.09213076,0.159999997));
#4075=CARTESIAN_POINT('',(-0.071274679,0.08547631,0.159999997));
#4076=CARTESIAN_POINT('',(-0.074532587,0.076707685,0.159999997));
#4077=CARTESIAN_POINT('',(-0.074532587,0.065790227,0.159999997));
#4078=ORIENTED_EDGE('',*,*,#4035,.F.);
#4079=B_SPLINE_SURFACE_WITH_KNOTS('',3,1,((#4080,#4081),(#4082,#4083),(#4084,#4085),(#4086,#4087)),.UNSPECIFIED.,.F.,.F.,.U.,(4,4),(2,2),(3.0,4.0),(0.0,1.0),.PIECEWISE_BEZIER_KNOTS.);
#4080=CARTESIAN_POINT('',(-0.064741534,0.09213076,0.159999997));
#4081=CARTESIAN_POINT('',(-0.064741534,0.09213076,0.149999997));
#4082=CARTESIAN_POINT('',(-0.071274679,0.08547631,0.159999997));
#4083=CARTESIAN_POINT('',(-0.071274679,0.08547631,0.149999997));
#4084=CARTESIAN_POINT('',(-0.074532587,0.076707685,0.159999997));
#4085=CARTESIAN_POINT('',(-0.074532587,0.076707685,0.149999997));
#4086=CARTESIAN_POINT('',(-0.074532587,0.065790227,0.159999997));
#4087=CARTESIAN_POINT('',(-0.074532587,0.065790227,0.149999997));
#4088=ADVANCED_FACE('',(#4089),#4108,.F.);
#4089=FACE_BOUND('',#4090,.T.);
#4090=EDGE_LOOP('',(#4091,#4092,#4100,#4107));
#4091=ORIENTED_EDGE('',*,*,#465,.F.);
#4092=ORIENTED_EDGE('',*,*,#4093,.T.);
#4093=EDGE_CURVE('',#457,#4094,#4096,.F.);
#4094=VERTEX_POINT('',#4095);
#4095=CARTESIAN_POINT('',(-0.06583328,0.041286599,0.159999997));
#4096=LINE('',#4097,#4098);
#4097=CARTESIAN_POINT('',(-0.06583328,0.041286599,0.159999997));
#4098=VECTOR('',#4099,1.0);
#4099=DIRECTION('',(0.0,0.0,-1.0));
#4100=ORIENTED_EDGE('',*,*,#4101,.T.);
#4101=EDGE_CURVE('',#4094,#4065,#4102,.F.);
#4102=B_SPLINE_CURVE_WITH_KNOTS('',3,(#4103,#4104,#4105,#4106),.UNSPECIFIED.,.F.,.U.,(4,4),(2.0,3.0),.PIECEWISE_BEZIER_KNOTS.);
#4103=CARTESIAN_POINT('',(-0.074532587,0.065790227,0.159999997));
#4104=CARTESIAN_POINT('',(-0.074532587,0.055635258,0.159999997));
#4105=CARTESIAN_POINT('',(-0.071638595,0.047455829,0.159999997));
#4106=CARTESIAN_POINT('',(-0.06583328,0.041286599,0.159999997));
#4107=ORIENTED_EDGE('',*,*,#4064,.F.);
#4108=B_SPLINE_SURFACE_WITH_KNOTS('',3,1,((#4109,#4110),(#4111,#4112),(#4113,#4114),(#4115,#4116)),.UNSPECIFIED.,.F.,.F.,.U.,(4,4),(2,2),(2.0,3.0),(0.0,1.0),.PIECEWISE_BEZIER_KNOTS.);
#4109=CARTESIAN_POINT('',(-0.074532587,0.065790227,0.159999997));
#4110=CARTESIAN_POINT('',(-0.074532587,0.065790227,0.149999997));
#4111=CARTESIAN_POINT('',(-0.074532587,0.055635258,0.159999997));
#4112=CARTESIAN_POINT('',(-0.074532587,0.055635258,0.149999997));
#4113=CARTESIAN_POINT('',(-0.071638595,0.047455829,0.159999997));
#4114=CARTESIAN_POINT('',(-0.071638595,0.047455829,0.149999997));
#4115=CARTESIAN_POINT('',(-0.06583328,0.041286599,0.159999997));
#4116=CARTESIAN_POINT('',(-0.06583328,0.041286599,0.149999997));
#4117=ADVANCED_FACE('',(#4118),#4130,.F.);
#4118=FACE_BOUND('',#4119,.T.);
#4119=EDGE_LOOP('',(#4120,#4121,#4122,#4129));
#4120=ORIENTED_EDGE('',*,*,#456,.F.);
#4121=ORIENTED_EDGE('',*,*,#3765,.F.);
#4122=ORIENTED_EDGE('',*,*,#4123,.T.);
#4123=EDGE_CURVE('',#3757,#4094,#4124,.F.);
#4124=B_SPLINE_CURVE_WITH_KNOTS('',3,(#4125,#4126,#4127,#4128),.UNSPECIFIED.,.F.,.U.,(4,4),(1.0,2.0),.PIECEWISE_BEZIER_KNOTS.);
#4125=CARTESIAN_POINT('',(-0.06583328,0.041286599,0.159999997));
#4126=CARTESIAN_POINT('',(-0.060027965,0.035117369,0.159999997));
#4127=CARTESIAN_POINT('',(-0.052264439,0.032032754,0.159999997));
#4128=CARTESIAN_POINT('',(-0.042542703,0.032032754,0.159999997));
#4129=ORIENTED_EDGE('',*,*,#4093,.F.);
#4130=B_SPLINE_SURFACE_WITH_KNOTS('',3,1,((#4131,#4132),(#4133,#4134),(#4135,#4136),(#4137,#4138)),.UNSPECIFIED.,.F.,.F.,.U.,(4,4),(2,2),(1.0,2.0),(0.0,1.0),.PIECEWISE_BEZIER_KNOTS.);
#4131=CARTESIAN_POINT('',(-0.06583328,0.041286599,0.159999997));
#4132=CARTESIAN_POINT('',(-0.06583328,0.041286599,0.149999997));
#4133=CARTESIAN_POINT('',(-0.060027965,0.035117369,0.159999997));
#4134=CARTESIAN_POINT('',(-0.060027965,0.035117369,0.149999997));
#4135=CARTESIAN_POINT('',(-0.052264439,0.032032754,0.159999997));
#4136=CARTESIAN_POINT('',(-0.052264439,0.032032754,0.149999997));
#4137=CARTESIAN_POINT('',(-0.042542703,0.032032754,0.159999997));
#4138=CARTESIAN_POINT('',(-0.042542703,0.032032754,0.149999997));
#4139=ADVANCED_FACE('',(#4140),#4156,.T.);
#4140=FACE_BOUND('',#4141,.T.);
#4141=EDGE_LOOP('',(#4142,#4143,#4144,#4145,#4146,#4147,#4148,#4149,#4150,#4151,#4152,#4153,#4154,#4155));
#4142=ORIENTED_EDGE('',*,*,#3756,.F.);
#4143=ORIENTED_EDGE('',*,*,#3792,.F.);
#4144=ORIENTED_EDGE('',*,*,#3816,.F.);
#4145=ORIENTED_EDGE('',*,*,#3845,.F.);
#4146=ORIENTED_EDGE('',*,*,#3874,.F.);
#4147=ORIENTED_EDGE('',*,*,#3903,.F.);
#4148=ORIENTED_EDGE('',*,*,#3932,.F.);
#4149=ORIENTED_EDGE('',*,*,#3961,.F.);
#4150=ORIENTED_EDGE('',*,*,#3990,.F.);
#4151=ORIENTED_EDGE('',*,*,#4014,.F.);
#4152=ORIENTED_EDGE('',*,*,#4043,.F.);
#4153=ORIENTED_EDGE('',*,*,#4072,.F.);
#4154=ORIENTED_EDGE('',*,*,#4101,.F.);
#4155=ORIENTED_EDGE('',*,*,#4123,.F.);
#4156=PLANE('',#4157);
#4157=AXIS2_PLACEMENT_3D('',#4158,#4159,#4160);
#4158=CARTESIAN_POINT('',(-0.032210109,0.033020524,0.159999997));
#4159=DIRECTION('',(0.0,0.0,1.0));
#4160=DIRECTION('',(1.0,0.0,0.0));
#4161=ADVANCED_FACE('',(#4162),#4187,.F.);
#4162=FACE_BOUND('',#4163,.T.);
#4163=EDGE_LOOP('',(#4164,#4165,#4173,#4181));
#4164=ORIENTED_EDGE('',*,*,#852,.F.);
#4165=ORIENTED_EDGE('',*,*,#4166,.T.);
#4166=EDGE_CURVE('',#853,#4167,#4169,.F.);
#4167=VERTEX_POINT('',#4168);
#4168=CARTESIAN_POINT('',(0.026254611,0.040905355,0.159999997));
#4169=LINE('',#4170,#4171);
#4170=CARTESIAN_POINT('',(0.026254611,0.040905355,0.159999997));
#4171=VECTOR('',#4172,1.0);
#4172=DIRECTION('',(0.0,0.0,-1.0));
#4173=ORIENTED_EDGE('',*,*,#4174,.T.);
#4174=EDGE_CURVE('',#4167,#4175,#4177,.F.);
#4175=VERTEX_POINT('',#4176);
#4176=CARTESIAN_POINT('',(0.026254611,0.033176488,0.159999997));
#4177=LINE('',#4178,#4179);
#4178=CARTESIAN_POINT('',(0.026254611,0.040905355,0.159999997));
#4179=VECTOR('',#4180,1.0);
#4180=DIRECTION('',(0.0,1.0,0.0));
#4181=ORIENTED_EDGE('',*,*,#4182,.T.);
#4182=EDGE_CURVE('',#4175,#855,#4183,.T.);
#4183=LINE('',#4184,#4185);
#4184=CARTESIAN_POINT('',(0.026254611,0.033176488,0.159999997));
#4185=VECTOR('',#4186,1.0);
#4186=DIRECTION('',(0.0,0.0,-1.0));
#4187=PLANE('',#4188);
#4188=AXIS2_PLACEMENT_3D('',#4189,#4190,#4191);
#4189=CARTESIAN_POINT('',(0.026254611,0.040905355,0.159999997));
#4190=DIRECTION('',(-1.0,0.0,0.0));
#4191=DIRECTION('',(0.0,0.0,1.0));
#4192=ADVANCED_FACE('',(#4193),#4211,.F.);
#4193=FACE_BOUND('',#4194,.T.);
#4194=EDGE_LOOP('',(#4195,#4196,#4204,#4210));
#4195=ORIENTED_EDGE('',*,*,#942,.F.);
#4196=ORIENTED_EDGE('',*,*,#4197,.T.);
#4197=EDGE_CURVE('',#935,#4198,#4200,.F.);
#4198=VERTEX_POINT('',#4199);
#4199=CARTESIAN_POINT('',(-0.001454937,0.040905355,0.159999997));
#4200=LINE('',#4201,#4202);
#4201=CARTESIAN_POINT('',(-0.001454937,0.040905355,0.159999997));
#4202=VECTOR('',#4203,1.0);
#4203=DIRECTION('',(0.0,0.0,-1.0));
#4204=ORIENTED_EDGE('',*,*,#4205,.T.);
#4205=EDGE_CURVE('',#4198,#4167,#4206,.F.);
#4206=LINE('',#4207,#4208);
#4207=CARTESIAN_POINT('',(-0.001454937,0.040905355,0.159999997));
#4208=VECTOR('',#4209,1.0);
#4209=DIRECTION('',(-1.0,0.0,0.0));
#4210=ORIENTED_EDGE('',*,*,#4166,.F.);
#4211=PLANE('',#4212);
#4212=AXIS2_PLACEMENT_3D('',#4213,#4214,#4215);
#4213=CARTESIAN_POINT('',(-0.001454937,0.040905355,0.159999997));
#4214=DIRECTION('',(0.0,-1.0,0.0));
#4215=DIRECTION('',(0.0,0.0,-1.0));
#4216=ADVANCED_FACE('',(#4217),#4235,.F.);
#4217=FACE_BOUND('',#4218,.T.);
#4218=EDGE_LOOP('',(#4219,#4220,#4228,#4234));
#4219=ORIENTED_EDGE('',*,*,#934,.F.);
#4220=ORIENTED_EDGE('',*,*,#4221,.T.);
#4221=EDGE_CURVE('',#927,#4222,#4224,.F.);
#4222=VERTEX_POINT('',#4223);
#4223=CARTESIAN_POINT('',(-0.001454937,0.063710711,0.159999997));
#4224=LINE('',#4225,#4226);
#4225=CARTESIAN_POINT('',(-0.001454937,0.063710711,0.159999997));
#4226=VECTOR('',#4227,1.0);
#4227=DIRECTION('',(0.0,0.0,-1.0));
#4228=ORIENTED_EDGE('',*,*,#4229,.T.);
#4229=EDGE_CURVE('',#4222,#4198,#4230,.F.);
#4230=LINE('',#4231,#4232);
#4231=CARTESIAN_POINT('',(-0.001454937,0.063710711,0.159999997));
#4232=VECTOR('',#4233,1.0);
#4233=DIRECTION('',(0.0,1.0,0.0));
#4234=ORIENTED_EDGE('',*,*,#4197,.F.);
#4235=PLANE('',#4236);
#4236=AXIS2_PLACEMENT_3D('',#4237,#4238,#4239);
#4237=CARTESIAN_POINT('',(-0.001454937,0.063710711,0.159999997));
#4238=DIRECTION('',(-1.0,0.0,0.0));
#4239=DIRECTION('',(0.0,0.0,1.0));
#4240=ADVANCED_FACE('',(#4241),#4259,.F.);
#4241=FACE_BOUND('',#4242,.T.);
#4242=EDGE_LOOP('',(#4243,#4244,#4252,#4258));
#4243=ORIENTED_EDGE('',*,*,#926,.F.);
#4244=ORIENTED_EDGE('',*,*,#4245,.T.);
#4245=EDGE_CURVE('',#919,#4246,#4248,.F.);
#4246=VERTEX_POINT('',#4247);
#4247=CARTESIAN_POINT('',(0.022788751,0.063710711,0.159999997));
#4248=LINE('',#4249,#4250);
#4249=CARTESIAN_POINT('',(0.022788751,0.063710711,0.159999997));
#4250=VECTOR('',#4251,1.0);
#4251=DIRECTION('',(0.0,0.0,-1.0));
#4252=ORIENTED_EDGE('',*,*,#4253,.T.);
#4253=EDGE_CURVE('',#4246,#4222,#4254,.F.);
#4254=LINE('',#4255,#4256);
#4255=CARTESIAN_POINT('',(0.022788751,0.063710711,0.159999997));
#4256=VECTOR('',#4257,1.0);
#4257=DIRECTION('',(1.0,0.0,0.0));
#4258=ORIENTED_EDGE('',*,*,#4221,.F.);
#4259=PLANE('',#4260);
#4260=AXIS2_PLACEMENT_3D('',#4261,#4262,#4263);
#4261=CARTESIAN_POINT('',(0.022788751,0.063710711,0.159999997));
#4262=DIRECTION('',(0.0,1.0,0.0));
#4263=DIRECTION('',(0.0,0.0,1.0));
#4264=ADVANCED_FACE('',(#4265),#4283,.F.);
#4265=FACE_BOUND('',#4266,.T.);
#4266=EDGE_LOOP('',(#4267,#4268,#4276,#4282));
#4267=ORIENTED_EDGE('',*,*,#918,.F.);
#4268=ORIENTED_EDGE('',*,*,#4269,.T.);
#4269=EDGE_CURVE('',#911,#4270,#4272,.F.);
#4270=VERTEX_POINT('',#4271);
#4271=CARTESIAN_POINT('',(0.022788751,0.071474237,0.159999997));
#4272=LINE('',#4273,#4274);
#4273=CARTESIAN_POINT('',(0.022788751,0.071474237,0.159999997));
#4274=VECTOR('',#4275,1.0);
#4275=DIRECTION('',(0.0,0.0,-1.0));
#4276=ORIENTED_EDGE('',*,*,#4277,.T.);
#4277=EDGE_CURVE('',#4270,#4246,#4278,.F.);
#4278=LINE('',#4279,#4280);
#4279=CARTESIAN_POINT('',(0.022788751,0.071474237,0.159999997));
#4280=VECTOR('',#4281,1.0);
#4281=DIRECTION('',(0.0,1.0,0.0));
#4282=ORIENTED_EDGE('',*,*,#4245,.F.);
#4283=PLANE('',#4284);
#4284=AXIS2_PLACEMENT_3D('',#4285,#4286,#4287);
#4285=CARTESIAN_POINT('',(0.022788751,0.071474237,0.159999997));
#4286=DIRECTION('',(-1.0,0.0,0.0));
#4287=DIRECTION('',(0.0,0.0,1.0));
#4288=ADVANCED_FACE('',(#4289),#4307,.F.);
#4289=FACE_BOUND('',#4290,.T.);
#4290=EDGE_LOOP('',(#4291,#4292,#4300,#4306));
#4291=ORIENTED_EDGE('',*,*,#910,.F.);
#4292=ORIENTED_EDGE('',*,*,#4293,.T.);
#4293=EDGE_CURVE('',#903,#4294,#4296,.F.);
#4294=VERTEX_POINT('',#4295);
#4295=CARTESIAN_POINT('',(-0.001454937,0.071474237,0.159999997));
#4296=LINE('',#4297,#4298);
#4297=CARTESIAN_POINT('',(-0.001454937,0.071474237,0.159999997));
#4298=VECTOR('',#4299,1.0);
#4299=DIRECTION('',(0.0,0.0,-1.0));
#4300=ORIENTED_EDGE('',*,*,#4301,.T.);
#4301=EDGE_CURVE('',#4294,#4270,#4302,.F.);
#4302=LINE('',#4303,#4304);
#4303=CARTESIAN_POINT('',(-0.001454937,0.071474237,0.159999997));
#4304=VECTOR('',#4305,1.0);
#4305=DIRECTION('',(-1.0,0.0,0.0));
#4306=ORIENTED_EDGE('',*,*,#4269,.F.);
#4307=PLANE('',#4308);
#4308=AXIS2_PLACEMENT_3D('',#4309,#4310,#4311);
#4309=CARTESIAN_POINT('',(-0.001454937,0.071474237,0.159999997));
#4310=DIRECTION('',(0.0,-1.0,0.0));
#4311=DIRECTION('',(0.0,0.0,-1.0));
#4312=ADVANCED_FACE('',(#4313),#4331,.F.);
#4313=FACE_BOUND('',#4314,.T.);
#4314=EDGE_LOOP('',(#4315,#4316,#4324,#4330));
#4315=ORIENTED_EDGE('',*,*,#902,.F.);
#4316=ORIENTED_EDGE('',*,*,#4317,.T.);
#4317=EDGE_CURVE('',#895,#4318,#4320,.F.);
#4318=VERTEX_POINT('',#4319);
#4319=CARTESIAN_POINT('',(-0.001454937,0.093170518,0.159999997));
#4320=LINE('',#4321,#4322);
#4321=CARTESIAN_POINT('',(-0.001454937,0.093170518,0.159999997));
#4322=VECTOR('',#4323,1.0);
#4323=DIRECTION('',(0.0,0.0,-1.0));
#4324=ORIENTED_EDGE('',*,*,#4325,.T.);
#4325=EDGE_CURVE('',#4318,#4294,#4326,.F.);
#4326=LINE('',#4327,#4328);
#4327=CARTESIAN_POINT('',(-0.001454937,0.093170518,0.159999997));
#4328=VECTOR('',#4329,1.0);
#4329=DIRECTION('',(0.0,1.0,0.0));
#4330=ORIENTED_EDGE('',*,*,#4293,.F.);
#4331=PLANE('',#4332);
#4332=AXIS2_PLACEMENT_3D('',#4333,#4334,#4335);
#4333=CARTESIAN_POINT('',(-0.001454937,0.093170518,0.159999997));
#4334=DIRECTION('',(-1.0,0.0,0.0));
#4335=DIRECTION('',(0.0,0.0,1.0));
#4336=ADVANCED_FACE('',(#4337),#4355,.F.);
#4337=FACE_BOUND('',#4338,.T.);
#4338=EDGE_LOOP('',(#4339,#4340,#4348,#4354));
#4339=ORIENTED_EDGE('',*,*,#894,.F.);
#4340=ORIENTED_EDGE('',*,*,#4341,.T.);
#4341=EDGE_CURVE('',#887,#4342,#4344,.F.);
#4342=VERTEX_POINT('',#4343);
#4343=CARTESIAN_POINT('',(0.024712304,0.093170518,0.159999997));
#4344=LINE('',#4345,#4346);
#4345=CARTESIAN_POINT('',(0.024712304,0.093170518,0.159999997));
#4346=VECTOR('',#4347,1.0);
#4347=DIRECTION('',(0.0,0.0,-1.0));
#4348=ORIENTED_EDGE('',*,*,#4349,.T.);
#4349=EDGE_CURVE('',#4342,#4318,#4350,.F.);
#4350=LINE('',#4351,#4352);
#4351=CARTESIAN_POINT('',(0.024712304,0.093170518,0.159999997));
#4352=VECTOR('',#4353,1.0);
#4353=DIRECTION('',(1.0,0.0,0.0));
#4354=ORIENTED_EDGE('',*,*,#4317,.F.);
#4355=PLANE('',#4356);
#4356=AXIS2_PLACEMENT_3D('',#4357,#4358,#4359);
#4357=CARTESIAN_POINT('',(0.024712304,0.093170518,0.159999997));
#4358=DIRECTION('',(0.0,1.0,0.0));
#4359=DIRECTION('',(0.0,0.0,1.0));
#4360=ADVANCED_FACE('',(#4361),#4379,.F.);
#4361=FACE_BOUND('',#4362,.T.);
#4362=EDGE_LOOP('',(#4363,#4364,#4372,#4378));
#4363=ORIENTED_EDGE('',*,*,#886,.F.);
#4364=ORIENTED_EDGE('',*,*,#4365,.T.);
#4365=EDGE_CURVE('',#879,#4366,#4368,.F.);
#4366=VERTEX_POINT('',#4367);
#4367=CARTESIAN_POINT('',(0.024712304,0.100968702,0.159999997));
#4368=LINE('',#4369,#4370);
#4369=CARTESIAN_POINT('',(0.024712304,0.100968702,0.159999997));
#4370=VECTOR('',#4371,1.0);
#4371=DIRECTION('',(0.0,0.0,-1.0));
#4372=ORIENTED_EDGE('',*,*,#4373,.T.);
#4373=EDGE_CURVE('',#4366,#4342,#4374,.F.);
#4374=LINE('',#4375,#4376);
#4375=CARTESIAN_POINT('',(0.024712304,0.100968702,0.159999997));
#4376=VECTOR('',#4377,1.0);
#4377=DIRECTION('',(0.0,1.0,0.0));
#4378=ORIENTED_EDGE('',*,*,#4341,.F.);
#4379=PLANE('',#4380);
#4380=AXIS2_PLACEMENT_3D('',#4381,#4382,#4383);
#4381=CARTESIAN_POINT('',(0.024712304,0.100968702,0.159999997));
#4382=DIRECTION('',(-1.0,0.0,0.0));
#4383=DIRECTION('',(0.0,0.0,1.0));
#4384=ADVANCED_FACE('',(#4385),#4403,.F.);
#4385=FACE_BOUND('',#4386,.T.);
#4386=EDGE_LOOP('',(#4387,#4388,#4396,#4402));
#4387=ORIENTED_EDGE('',*,*,#878,.F.);
#4388=ORIENTED_EDGE('',*,*,#4389,.T.);
#4389=EDGE_CURVE('',#871,#4390,#4392,.F.);
#4390=VERTEX_POINT('',#4391);
#4391=CARTESIAN_POINT('',(-0.010206232,0.100968702,0.159999997));
#4392=LINE('',#4393,#4394);
#4393=CARTESIAN_POINT('',(-0.010206232,0.100968702,0.159999997));
#4394=VECTOR('',#4395,1.0);
#4395=DIRECTION('',(0.0,0.0,-1.0));
#4396=ORIENTED_EDGE('',*,*,#4397,.T.);
#4397=EDGE_CURVE('',#4390,#4366,#4398,.F.);
#4398=LINE('',#4399,#4400);
#4399=CARTESIAN_POINT('',(-0.010206232,0.100968702,0.159999997));
#4400=VECTOR('',#4401,1.0);
#4401=DIRECTION('',(-1.0,0.0,0.0));
#4402=ORIENTED_EDGE('',*,*,#4365,.F.);
#4403=PLANE('',#4404);
#4404=AXIS2_PLACEMENT_3D('',#4405,#4406,#4407);
#4405=CARTESIAN_POINT('',(-0.010206232,0.100968702,0.159999997));
#4406=DIRECTION('',(0.0,-1.0,0.0));
#4407=DIRECTION('',(0.0,0.0,-1.0));
#4408=ADVANCED_FACE('',(#4409),#4427,.F.);
#4409=FACE_BOUND('',#4410,.T.);
#4410=EDGE_LOOP('',(#4411,#4412,#4420,#4426));
#4411=ORIENTED_EDGE('',*,*,#870,.F.);
#4412=ORIENTED_EDGE('',*,*,#4413,.T.);
#4413=EDGE_CURVE('',#863,#4414,#4416,.F.);
#4414=VERTEX_POINT('',#4415);
#4415=CARTESIAN_POINT('',(-0.010206232,0.033176488,0.159999997));
#4416=LINE('',#4417,#4418);
#4417=CARTESIAN_POINT('',(-0.010206232,0.033176488,0.159999997));
#4418=VECTOR('',#4419,1.0);
#4419=DIRECTION('',(0.0,0.0,-1.0));
#4420=ORIENTED_EDGE('',*,*,#4421,.T.);
#4421=EDGE_CURVE('',#4414,#4390,#4422,.F.);
#4422=LINE('',#4423,#4424);
#4423=CARTESIAN_POINT('',(-0.010206232,0.033176488,0.159999997));
#4424=VECTOR('',#4425,1.0);
#4425=DIRECTION('',(0.0,-1.0,0.0));
#4426=ORIENTED_EDGE('',*,*,#4389,.F.);
#4427=PLANE('',#4428);
#4428=AXIS2_PLACEMENT_3D('',#4429,#4430,#4431);
#4429=CARTESIAN_POINT('',(-0.010206232,0.033176488,0.159999997));
#4430=DIRECTION('',(1.0,0.0,0.0));
#4431=DIRECTION('',(0.0,0.0,-1.0));
#4432=ADVANCED_FACE('',(#4433),#4444,.F.);
#4433=FACE_BOUND('',#4434,.T.);
#4434=EDGE_LOOP('',(#4435,#4436,#4437,#4443));
#4435=ORIENTED_EDGE('',*,*,#862,.F.);
#4436=ORIENTED_EDGE('',*,*,#4182,.F.);
#4437=ORIENTED_EDGE('',*,*,#4438,.T.);
#4438=EDGE_CURVE('',#4175,#4414,#4439,.F.);
#4439=LINE('',#4440,#4441);
#4440=CARTESIAN_POINT('',(0.026254611,0.033176488,0.159999997));
#4441=VECTOR('',#4442,1.0);
#4442=DIRECTION('',(1.0,0.0,0.0));
#4443=ORIENTED_EDGE('',*,*,#4413,.F.);
#4444=PLANE('',#4445);
#4445=AXIS2_PLACEMENT_3D('',#4446,#4447,#4448);
#4446=CARTESIAN_POINT('',(0.026254611,0.033176488,0.159999997));
#4447=DIRECTION('',(0.0,1.0,0.0));
#4448=DIRECTION('',(0.0,0.0,1.0));
#4449=ADVANCED_FACE('',(#4450),#4464,.F.);
#4450=FACE_BOUND('',#4451,.T.);
#4451=EDGE_LOOP('',(#4452,#4453,#4454,#4455,#4456,#4457,#4458,#4459,#4460,#4461,#4462,#4463));
#4452=ORIENTED_EDGE('',*,*,#4174,.F.);
#4453=ORIENTED_EDGE('',*,*,#4205,.F.);
#4454=ORIENTED_EDGE('',*,*,#4229,.F.);
#4455=ORIENTED_EDGE('',*,*,#4253,.F.);
#4456=ORIENTED_EDGE('',*,*,#4277,.F.);
#4457=ORIENTED_EDGE('',*,*,#4301,.F.);
#4458=ORIENTED_EDGE('',*,*,#4325,.F.);
#4459=ORIENTED_EDGE('',*,*,#4349,.F.);
#4460=ORIENTED_EDGE('',*,*,#4373,.F.);
#4461=ORIENTED_EDGE('',*,*,#4397,.F.);
#4462=ORIENTED_EDGE('',*,*,#4421,.F.);
#4463=ORIENTED_EDGE('',*,*,#4438,.F.);
#4464=PLANE('',#4465);
#4465=AXIS2_PLACEMENT_3D('',#4466,#4467,#4468);
#4466=CARTESIAN_POINT('',(0.0,0.0,0.159999997));
#4467=DIRECTION('',(0.0,0.0,-1.0));
#4468=DIRECTION('',(-1.0,0.0,0.0));
#4469=ADVANCED_FACE('',(#4470,#4532),#4594,.T.);
#4470=FACE_BOUND('',#4471,.T.);
#4471=EDGE_LOOP('',(#4472,#4482,#4491,#4500,#4509,#4518,#4526));
#4472=ORIENTED_EDGE('',*,*,#4473,.T.);
#4473=EDGE_CURVE('',#4474,#4476,#4478,.T.);
#4474=VERTEX_POINT('',#4475);
#4475=CARTESIAN_POINT('',(0.039060962,0.033176488,0.159999997));
#4476=VERTEX_POINT('',#4477);
#4477=CARTESIAN_POINT('',(0.057707287,0.033176488,0.159999997));
#4478=LINE('',#4479,#4480);
#4479=CARTESIAN_POINT('',(0.057707287,0.033176488,0.159999997));
#4480=VECTOR('',#4481,1.0);
#4481=DIRECTION('',(1.0,0.0,0.0));
#4482=ORIENTED_EDGE('',*,*,#4483,.T.);
#4483=EDGE_CURVE('',#4476,#4484,#4486,.T.);
#4484=VERTEX_POINT('',#4485);
#4485=CARTESIAN_POINT('',(0.084030491,0.042672943,0.159999997));
#4486=B_SPLINE_CURVE_WITH_KNOTS('',3,(#4487,#4488,#4489,#4490),.UNSPECIFIED.,.F.,.U.,(4,4),(5.0,6.0),.PIECEWISE_BEZIER_KNOTS.);
#4487=CARTESIAN_POINT('',(0.057707287,0.033176488,0.159999997));
#4488=CARTESIAN_POINT('',(0.068434123,0.033176488,0.159999997));
#4489=CARTESIAN_POINT('',(0.077220077,0.03633042,0.159999997));
#4490=CARTESIAN_POINT('',(0.084030491,0.042672943,0.159999997));
#4491=ORIENTED_EDGE('',*,*,#4492,.T.);
#4492=EDGE_CURVE('',#4484,#4493,#4495,.T.);
#4493=VERTEX_POINT('',#4494);
#4494=CARTESIAN_POINT('',(0.094254777,0.06793906,0.159999997));
#4495=B_SPLINE_CURVE_WITH_KNOTS('',3,(#4496,#4497,#4498,#4499),.UNSPECIFIED.,.F.,.U.,(4,4),(4.0,5.0),.PIECEWISE_BEZIER_KNOTS.);
#4496=CARTESIAN_POINT('',(0.084030491,0.042672943,0.159999997));
#4497=CARTESIAN_POINT('',(0.090840906,0.049015466,0.159999997));
#4498=CARTESIAN_POINT('',(0.094254777,0.057437505,0.159999997));
#4499=CARTESIAN_POINT('',(0.094254777,0.06793906,0.159999997));
#4500=ORIENTED_EDGE('',*,*,#4501,.T.);
#4501=EDGE_CURVE('',#4493,#4502,#4504,.T.);
#4502=VERTEX_POINT('',#4503);
#4503=CARTESIAN_POINT('',(0.084030491,0.091992126,0.159999997));
#4504=B_SPLINE_CURVE_WITH_KNOTS('',3,(#4505,#4506,#4507,#4508),.UNSPECIFIED.,.F.,.U.,(4,4),(3.0,4.0),.PIECEWISE_BEZIER_KNOTS.);
#4505=CARTESIAN_POINT('',(0.094254777,0.06793906,0.159999997));
#4506=CARTESIAN_POINT('',(0.094254777,0.077990053,0.159999997));
#4507=CARTESIAN_POINT('',(0.090840906,0.085996189,0.159999997));
#4508=CARTESIAN_POINT('',(0.084030491,0.091992126,0.159999997));
#4509=ORIENTED_EDGE('',*,*,#4510,.T.);
#4510=EDGE_CURVE('',#4502,#4511,#4513,.T.);
#4511=VERTEX_POINT('',#4512);
#4512=CARTESIAN_POINT('',(0.058400459,0.100968702,0.159999997));
#4513=B_SPLINE_CURVE_WITH_KNOTS('',3,(#4514,#4515,#4516,#4517),.UNSPECIFIED.,.F.,.U.,(4,4),(2.0,3.0),.PIECEWISE_BEZIER_KNOTS.);
#4514=CARTESIAN_POINT('',(0.084030491,0.091992126,0.159999997));
#4515=CARTESIAN_POINT('',(0.077220077,0.097988063,0.159999997));
#4516=CARTESIAN_POINT('',(0.068676733,0.100968702,0.159999997));
#4517=CARTESIAN_POINT('',(0.058400459,0.100968702,0.159999997));
#4518=ORIENTED_EDGE('',*,*,#4519,.T.);
#4519=EDGE_CURVE('',#4511,#4520,#4522,.T.);
#4520=VERTEX_POINT('',#4521);
#4521=CARTESIAN_POINT('',(0.039060962,0.100968702,0.159999997));
#4522=LINE('',#4523,#4524);
#4523=CARTESIAN_POINT('',(0.039060962,0.100968702,0.159999997));
#4524=VECTOR('',#4525,1.0);
#4525=DIRECTION('',(-1.0,0.0,0.0));
#4526=ORIENTED_EDGE('',*,*,#4527,.T.);
#4527=EDGE_CURVE('',#4520,#4474,#4528,.T.);
#4528=LINE('',#4529,#4530);
#4529=CARTESIAN_POINT('',(0.039060962,0.033176488,0.159999997));
#4530=VECTOR('',#4531,1.0);
#4531=DIRECTION('',(0.0,-1.0,0.0));
#4532=FACE_BOUND('',#4533,.T.);
#4533=EDGE_LOOP('',(#4534,#4544,#4552,#4561,#4570,#4579,#4588));
#4534=ORIENTED_EDGE('',*,*,#4535,.T.);
#4535=EDGE_CURVE('',#4536,#4538,#4540,.F.);
#4536=VERTEX_POINT('',#4537);
#4537=CARTESIAN_POINT('',(0.047812258,0.040905355,0.159999997));
#4538=VERTEX_POINT('',#4539);
#4539=CARTESIAN_POINT('',(0.047812258,0.093170518,0.159999997));
#4540=LINE('',#4541,#4542);
#4541=CARTESIAN_POINT('',(0.047812258,0.093170518,0.159999997));
#4542=VECTOR('',#4543,1.0);
#4543=DIRECTION('',(0.0,-1.0,0.0));
#4544=ORIENTED_EDGE('',*,*,#4545,.T.);
#4545=EDGE_CURVE('',#4538,#4546,#4548,.F.);
#4546=VERTEX_POINT('',#4547);
#4547=CARTESIAN_POINT('',(0.058053873,0.093170518,0.159999997));
#4548=LINE('',#4549,#4550);
#4549=CARTESIAN_POINT('',(0.058053873,0.093170518,0.159999997));
#4550=VECTOR('',#4551,1.0);
#4551=DIRECTION('',(-1.0,0.0,0.0));
#4552=ORIENTED_EDGE('',*,*,#4553,.T.);
#4553=EDGE_CURVE('',#4546,#4554,#4556,.F.);
#4554=VERTEX_POINT('',#4555);
#4555=CARTESIAN_POINT('',(0.077618651,0.086793336,0.159999997));
#4556=B_SPLINE_CURVE_WITH_KNOTS('',3,(#4557,#4558,#4559,#4560),.UNSPECIFIED.,.F.,.U.,(4,4),(5.0,6.0),.PIECEWISE_BEZIER_KNOTS.);
#4557=CARTESIAN_POINT('',(0.077618651,0.086793336,0.159999997));
#4558=CARTESIAN_POINT('',(0.072662472,0.091056344,0.159999997));
#4559=CARTESIAN_POINT('',(0.066129326,0.093170518,0.159999997));
#4560=CARTESIAN_POINT('',(0.058053873,0.093170518,0.159999997));
#4561=ORIENTED_EDGE('',*,*,#4562,.T.);
#4562=EDGE_CURVE('',#4554,#4563,#4565,.F.);
#4563=VERTEX_POINT('',#4564);
#4564=CARTESIAN_POINT('',(0.08505292,0.06769645,0.159999997));
#4565=B_SPLINE_CURVE_WITH_KNOTS('',3,(#4566,#4567,#4568,#4569),.UNSPECIFIED.,.F.,.U.,(4,4),(4.0,5.0),.PIECEWISE_BEZIER_KNOTS.);
#4566=CARTESIAN_POINT('',(0.08505292,0.06769645,0.159999997));
#4567=CARTESIAN_POINT('',(0.08505292,0.076153147,0.159999997));
#4568=CARTESIAN_POINT('',(0.08257483,0.082530329,0.159999997));
#4569=CARTESIAN_POINT('',(0.077618651,0.086793336,0.159999997));
#4570=ORIENTED_EDGE('',*,*,#4571,.T.);
#4571=EDGE_CURVE('',#4563,#4572,#4574,.F.);
#4572=VERTEX_POINT('',#4573);
#4573=CARTESIAN_POINT('',(0.077809273,0.047975708,0.159999997));
#4574=B_SPLINE_CURVE_WITH_KNOTS('',3,(#4575,#4576,#4577,#4578),.UNSPECIFIED.,.F.,.U.,(4,4),(3.0,4.0),.PIECEWISE_BEZIER_KNOTS.);
#4575=CARTESIAN_POINT('',(0.077809273,0.047975708,0.159999997));
#4576=CARTESIAN_POINT('',(0.082644148,0.052654619,0.159999997));
#4577=CARTESIAN_POINT('',(0.08505292,0.059239752,0.159999997));
#4578=CARTESIAN_POINT('',(0.08505292,0.06769645,0.159999997));
#4579=ORIENTED_EDGE('',*,*,#4580,.T.);
#4580=EDGE_CURVE('',#4572,#4581,#4583,.F.);
#4581=VERTEX_POINT('',#4582);
#4582=CARTESIAN_POINT('',(0.057655299,0.040905355,0.159999997));
#4583=B_SPLINE_CURVE_WITH_KNOTS('',3,(#4584,#4585,#4586,#4587),.UNSPECIFIED.,.F.,.U.,(4,4),(2.0,3.0),.PIECEWISE_BEZIER_KNOTS.);
#4584=CARTESIAN_POINT('',(0.057655299,0.040905355,0.159999997));
#4585=CARTESIAN_POINT('',(0.066267961,0.040905355,0.159999997));
#4586=CARTESIAN_POINT('',(0.072991728,0.043262139,0.159999997));
#4587=CARTESIAN_POINT('',(0.077809273,0.047975708,0.159999997));
#4588=ORIENTED_EDGE('',*,*,#4589,.T.);
#4589=EDGE_CURVE('',#4581,#4536,#4590,.F.);
#4590=LINE('',#4591,#4592);
#4591=CARTESIAN_POINT('',(0.047812258,0.040905355,0.159999997));
#4592=VECTOR('',#4593,1.0);
#4593=DIRECTION('',(1.0,0.0,0.0));
#4594=PLANE('',#4595);
#4595=AXIS2_PLACEMENT_3D('',#4596,#4597,#4598);
#4596=CARTESIAN_POINT('',(0.072515173,0.098728891,0.159999997));
#4597=DIRECTION('',(0.0,0.0,1.0));
#4598=DIRECTION('',(1.0,0.0,0.0));
#4599=ADVANCED_FACE('',(#4600),#4616,.F.);
#4600=FACE_BOUND('',#4601,.T.);
#4601=EDGE_LOOP('',(#4602,#4603,#4609,#4610));
#4602=ORIENTED_EDGE('',*,*,#950,.F.);
#4603=ORIENTED_EDGE('',*,*,#4604,.T.);
#4604=EDGE_CURVE('',#951,#4476,#4605,.F.);
#4605=LINE('',#4606,#4607);
#4606=CARTESIAN_POINT('',(0.057707287,0.033176488,0.159999997));
#4607=VECTOR('',#4608,1.0);
#4608=DIRECTION('',(0.0,0.0,-1.0));
#4609=ORIENTED_EDGE('',*,*,#4473,.F.);
#4610=ORIENTED_EDGE('',*,*,#4611,.T.);
#4611=EDGE_CURVE('',#4474,#953,#4612,.T.);
#4612=LINE('',#4613,#4614);
#4613=CARTESIAN_POINT('',(0.039060962,0.033176488,0.159999997));
#4614=VECTOR('',#4615,1.0);
#4615=DIRECTION('',(0.0,0.0,-1.0));
#4616=PLANE('',#4617);
#4617=AXIS2_PLACEMENT_3D('',#4618,#4619,#4620);
#4618=CARTESIAN_POINT('',(0.057707287,0.033176488,0.159999997));
#4619=DIRECTION('',(0.0,1.0,0.0));
#4620=DIRECTION('',(0.0,0.0,1.0));
#4621=ADVANCED_FACE('',(#4622),#4633,.F.);
#4622=FACE_BOUND('',#4623,.T.);
#4623=EDGE_LOOP('',(#4624,#4625,#4631,#4632));
#4624=ORIENTED_EDGE('',*,*,#1003,.F.);
#4625=ORIENTED_EDGE('',*,*,#4626,.T.);
#4626=EDGE_CURVE('',#995,#4484,#4627,.F.);
#4627=LINE('',#4628,#4629);
#4628=CARTESIAN_POINT('',(0.084030491,0.042672943,0.159999997));
#4629=VECTOR('',#4630,1.0);
#4630=DIRECTION('',(0.0,0.0,-1.0));
#4631=ORIENTED_EDGE('',*,*,#4483,.F.);
#4632=ORIENTED_EDGE('',*,*,#4604,.F.);
#4633=B_SPLINE_SURFACE_WITH_KNOTS('',3,1,((#4634,#4635),(#4636,#4637),(#4638,#4639),(#4640,#4641)),.UNSPECIFIED.,.F.,.F.,.U.,(4,4),(2,2),(5.0,6.0),(0.0,1.0),.PIECEWISE_BEZIER_KNOTS.);
#4634=CARTESIAN_POINT('',(0.057707287,0.033176488,0.159999997));
#4635=CARTESIAN_POINT('',(0.057707287,0.033176488,0.149999997));
#4636=CARTESIAN_POINT('',(0.068434123,0.033176488,0.159999997));
#4637=CARTESIAN_POINT('',(0.068434123,0.033176488,0.149999997));
#4638=CARTESIAN_POINT('',(0.077220077,0.03633042,0.159999997));
#4639=CARTESIAN_POINT('',(0.077220077,0.03633042,0.149999997));
#4640=CARTESIAN_POINT('',(0.084030491,0.042672943,0.159999997));
#4641=CARTESIAN_POINT('',(0.084030491,0.042672943,0.149999997));
#4642=ADVANCED_FACE('',(#4643),#4654,.F.);
#4643=FACE_BOUND('',#4644,.T.);
#4644=EDGE_LOOP('',(#4645,#4646,#4652,#4653));
#4645=ORIENTED_EDGE('',*,*,#994,.F.);
#4646=ORIENTED_EDGE('',*,*,#4647,.T.);
#4647=EDGE_CURVE('',#986,#4493,#4648,.F.);
#4648=LINE('',#4649,#4650);
#4649=CARTESIAN_POINT('',(0.094254777,0.06793906,0.159999997));
#4650=VECTOR('',#4651,1.0);
#4651=DIRECTION('',(0.0,0.0,-1.0));
#4652=ORIENTED_EDGE('',*,*,#4492,.F.);
#4653=ORIENTED_EDGE('',*,*,#4626,.F.);
#4654=B_SPLINE_SURFACE_WITH_KNOTS('',3,1,((#4655,#4656),(#4657,#4658),(#4659,#4660),(#4661,#4662)),.UNSPECIFIED.,.F.,.F.,.U.,(4,4),(2,2),(4.0,5.0),(0.0,1.0),.PIECEWISE_BEZIER_KNOTS.);
#4655=CARTESIAN_POINT('',(0.084030491,0.042672943,0.159999997));
#4656=CARTESIAN_POINT('',(0.084030491,0.042672943,0.149999997));
#4657=CARTESIAN_POINT('',(0.090840906,0.049015466,0.159999997));
#4658=CARTESIAN_POINT('',(0.090840906,0.049015466,0.149999997));
#4659=CARTESIAN_POINT('',(0.094254777,0.057437505,0.159999997));
#4660=CARTESIAN_POINT('',(0.094254777,0.057437505,0.149999997));
#4661=CARTESIAN_POINT('',(0.094254777,0.06793906,0.159999997));
#4662=CARTESIAN_POINT('',(0.094254777,0.06793906,0.149999997));
#4663=ADVANCED_FACE('',(#4664),#4675,.F.);
#4664=FACE_BOUND('',#4665,.T.);
#4665=EDGE_LOOP('',(#4666,#4667,#4673,#4674));
#4666=ORIENTED_EDGE('',*,*,#985,.F.);
#4667=ORIENTED_EDGE('',*,*,#4668,.T.);
#4668=EDGE_CURVE('',#977,#4502,#4669,.F.);
#4669=LINE('',#4670,#4671);
#4670=CARTESIAN_POINT('',(0.084030491,0.091992126,0.159999997));
#4671=VECTOR('',#4672,1.0);
#4672=DIRECTION('',(0.0,0.0,-1.0));
#4673=ORIENTED_EDGE('',*,*,#4501,.F.);
#4674=ORIENTED_EDGE('',*,*,#4647,.F.);
#4675=B_SPLINE_SURFACE_WITH_KNOTS('',3,1,((#4676,#4677),(#4678,#4679),(#4680,#4681),(#4682,#4683)),.UNSPECIFIED.,.F.,.F.,.U.,(4,4),(2,2),(3.0,4.0),(0.0,1.0),.PIECEWISE_BEZIER_KNOTS.);
#4676=CARTESIAN_POINT('',(0.094254777,0.06793906,0.159999997));
#4677=CARTESIAN_POINT('',(0.094254777,0.06793906,0.149999997));
#4678=CARTESIAN_POINT('',(0.094254777,0.077990053,0.159999997));
#4679=CARTESIAN_POINT('',(0.094254777,0.077990053,0.149999997));
#4680=CARTESIAN_POINT('',(0.090840906,0.085996189,0.159999997));
#4681=CARTESIAN_POINT('',(0.090840906,0.085996189,0.149999997));
#4682=CARTESIAN_POINT('',(0.084030491,0.091992126,0.159999997));
#4683=CARTESIAN_POINT('',(0.084030491,0.091992126,0.149999997));
#4684=ADVANCED_FACE('',(#4685),#4696,.F.);
#4685=FACE_BOUND('',#4686,.T.);
#4686=EDGE_LOOP('',(#4687,#4688,#4694,#4695));
#4687=ORIENTED_EDGE('',*,*,#976,.F.);
#4688=ORIENTED_EDGE('',*,*,#4689,.T.);
#4689=EDGE_CURVE('',#969,#4511,#4690,.F.);
#4690=LINE('',#4691,#4692);
#4691=CARTESIAN_POINT('',(0.058400459,0.100968702,0.159999997));
#4692=VECTOR('',#4693,1.0);
#4693=DIRECTION('',(0.0,0.0,-1.0));
#4694=ORIENTED_EDGE('',*,*,#4510,.F.);
#4695=ORIENTED_EDGE('',*,*,#4668,.F.);
#4696=B_SPLINE_SURFACE_WITH_KNOTS('',3,1,((#4697,#4698),(#4699,#4700),(#4701,#4702),(#4703,#4704)),.UNSPECIFIED.,.F.,.F.,.U.,(4,4),(2,2),(2.0,3.0),(0.0,1.0),.PIECEWISE_BEZIER_KNOTS.);
#4697=CARTESIAN_POINT('',(0.084030491,0.091992126,0.159999997));
#4698=CARTESIAN_POINT('',(0.084030491,0.091992126,0.149999997));
#4699=CARTESIAN_POINT('',(0.077220077,0.097988063,0.159999997));
#4700=CARTESIAN_POINT('',(0.077220077,0.097988063,0.149999997));
#4701=CARTESIAN_POINT('',(0.068676733,0.100968702,0.159999997));
#4702=CARTESIAN_POINT('',(0.068676733,0.100968702,0.149999997));
#4703=CARTESIAN_POINT('',(0.058400459,0.100968702,0.159999997));
#4704=CARTESIAN_POINT('',(0.058400459,0.100968702,0.149999997));
#4705=ADVANCED_FACE('',(#4706),#4717,.F.);
#4706=FACE_BOUND('',#4707,.T.);
#4707=EDGE_LOOP('',(#4708,#4709,#4715,#4716));
#4708=ORIENTED_EDGE('',*,*,#968,.F.);
#4709=ORIENTED_EDGE('',*,*,#4710,.T.);
#4710=EDGE_CURVE('',#961,#4520,#4711,.F.);
#4711=LINE('',#4712,#4713);
#4712=CARTESIAN_POINT('',(0.039060962,0.100968702,0.159999997));
#4713=VECTOR('',#4714,1.0);
#4714=DIRECTION('',(0.0,0.0,-1.0));
#4715=ORIENTED_EDGE('',*,*,#4519,.F.);
#4716=ORIENTED_EDGE('',*,*,#4689,.F.);
#4717=PLANE('',#4718);
#4718=AXIS2_PLACEMENT_3D('',#4719,#4720,#4721);
#4719=CARTESIAN_POINT('',(0.039060962,0.100968702,0.159999997));
#4720=DIRECTION('',(0.0,-1.0,0.0));
#4721=DIRECTION('',(0.0,0.0,-1.0));
#4722=ADVANCED_FACE('',(#4723),#4729,.F.);
#4723=FACE_BOUND('',#4724,.T.);
#4724=EDGE_LOOP('',(#4725,#4726,#4727,#4728));
#4725=ORIENTED_EDGE('',*,*,#960,.F.);
#4726=ORIENTED_EDGE('',*,*,#4611,.F.);
#4727=ORIENTED_EDGE('',*,*,#4527,.F.);
#4728=ORIENTED_EDGE('',*,*,#4710,.F.);
#4729=PLANE('',#4730);
#4730=AXIS2_PLACEMENT_3D('',#4731,#4732,#4733);
#4731=CARTESIAN_POINT('',(0.039060962,0.033176488,0.159999997));
#4732=DIRECTION('',(1.0,0.0,0.0));
#4733=DIRECTION('',(0.0,0.0,-1.0));
#4734=ADVANCED_FACE('',(#4735),#4760,.T.);
#4735=FACE_BOUND('',#4736,.T.);
#4736=EDGE_LOOP('',(#4737,#4747,#4753,#4754));
#4737=ORIENTED_EDGE('',*,*,#4738,.T.);
#4738=EDGE_CURVE('',#4739,#4741,#4743,.F.);
#4739=VERTEX_POINT('',#4740);
#4740=CARTESIAN_POINT('',(0.047812258,0.093170518,0.149999997));
#4741=VERTEX_POINT('',#4742);
#4742=CARTESIAN_POINT('',(0.058053873,0.093170518,0.149999997));
#4743=LINE('',#4744,#4745);
#4744=CARTESIAN_POINT('',(0.058053873,0.093170518,0.149999997));
#4745=VECTOR('',#4746,1.0);
#4746=DIRECTION('',(-1.0,0.0,0.0));
#4747=ORIENTED_EDGE('',*,*,#4748,.T.);
#4748=EDGE_CURVE('',#4741,#4546,#4749,.F.);
#4749=LINE('',#4750,#4751);
#4750=CARTESIAN_POINT('',(0.058053873,0.093170518,0.159999997));
#4751=VECTOR('',#4752,1.0);
#4752=DIRECTION('',(0.0,0.0,-1.0));
#4753=ORIENTED_EDGE('',*,*,#4545,.F.);
#4754=ORIENTED_EDGE('',*,*,#4755,.T.);
#4755=EDGE_CURVE('',#4538,#4739,#4756,.T.);
#4756=LINE('',#4757,#4758);
#4757=CARTESIAN_POINT('',(0.047812258,0.093170518,0.159999997));
#4758=VECTOR('',#4759,1.0);
#4759=DIRECTION('',(0.0,0.0,-1.0));
#4760=PLANE('',#4761);
#4761=AXIS2_PLACEMENT_3D('',#4762,#4763,#4764);
#4762=CARTESIAN_POINT('',(0.058053873,0.093170518,0.159999997));
#4763=DIRECTION('',(0.0,-1.0,0.0));
#4764=DIRECTION('',(0.0,0.0,-1.0));
#4765=ADVANCED_FACE('',(#4766),#4784,.T.);
#4766=FACE_BOUND('',#4767,.T.);
#4767=EDGE_LOOP('',(#4768,#4776,#4777,#4778));
#4768=ORIENTED_EDGE('',*,*,#4769,.T.);
#4769=EDGE_CURVE('',#4770,#4739,#4772,.F.);
#4770=VERTEX_POINT('',#4771);
#4771=CARTESIAN_POINT('',(0.047812258,0.040905355,0.149999997));
#4772=LINE('',#4773,#4774);
#4773=CARTESIAN_POINT('',(0.047812258,0.093170518,0.149999997));
#4774=VECTOR('',#4775,1.0);
#4775=DIRECTION('',(0.0,-1.0,0.0));
#4776=ORIENTED_EDGE('',*,*,#4755,.F.);
#4777=ORIENTED_EDGE('',*,*,#4535,.F.);
#4778=ORIENTED_EDGE('',*,*,#4779,.T.);
#4779=EDGE_CURVE('',#4536,#4770,#4780,.T.);
#4780=LINE('',#4781,#4782);
#4781=CARTESIAN_POINT('',(0.047812258,0.040905355,0.159999997));
#4782=VECTOR('',#4783,1.0);
#4783=DIRECTION('',(0.0,0.0,-1.0));
#4784=PLANE('',#4785);
#4785=AXIS2_PLACEMENT_3D('',#4786,#4787,#4788);
#4786=CARTESIAN_POINT('',(0.047812258,0.093170518,0.159999997));
#4787=DIRECTION('',(1.0,0.0,0.0));
#4788=DIRECTION('',(0.0,0.0,-1.0));
#4789=ADVANCED_FACE('',(#4790),#4808,.T.);
#4790=FACE_BOUND('',#4791,.T.);
#4791=EDGE_LOOP('',(#4792,#4800,#4801,#4802));
#4792=ORIENTED_EDGE('',*,*,#4793,.T.);
#4793=EDGE_CURVE('',#4794,#4770,#4796,.F.);
#4794=VERTEX_POINT('',#4795);
#4795=CARTESIAN_POINT('',(0.057655299,0.040905355,0.149999997));
#4796=LINE('',#4797,#4798);
#4797=CARTESIAN_POINT('',(0.047812258,0.040905355,0.149999997));
#4798=VECTOR('',#4799,1.0);
#4799=DIRECTION('',(1.0,0.0,0.0));
#4800=ORIENTED_EDGE('',*,*,#4779,.F.);
#4801=ORIENTED_EDGE('',*,*,#4589,.F.);
#4802=ORIENTED_EDGE('',*,*,#4803,.T.);
#4803=EDGE_CURVE('',#4581,#4794,#4804,.T.);
#4804=LINE('',#4805,#4806);
#4805=CARTESIAN_POINT('',(0.057655299,0.040905355,0.159999997));
#4806=VECTOR('',#4807,1.0);
#4807=DIRECTION('',(0.0,0.0,-1.0));
#4808=PLANE('',#4809);
#4809=AXIS2_PLACEMENT_3D('',#4810,#4811,#4812);
#4810=CARTESIAN_POINT('',(0.047812258,0.040905355,0.159999997));
#4811=DIRECTION('',(0.0,1.0,0.0));
#4812=DIRECTION('',(0.0,0.0,1.0));
#4813=ADVANCED_FACE('',(#4814),#4833,.T.);
#4814=FACE_BOUND('',#4815,.T.);
#4815=EDGE_LOOP('',(#4816,#4825,#4826,#4827));
#4816=ORIENTED_EDGE('',*,*,#4817,.T.);
#4817=EDGE_CURVE('',#4818,#4794,#4820,.F.);
#4818=VERTEX_POINT('',#4819);
#4819=CARTESIAN_POINT('',(0.077809273,0.047975708,0.149999997));
#4820=B_SPLINE_CURVE_WITH_KNOTS('',3,(#4821,#4822,#4823,#4824),.UNSPECIFIED.,.F.,.U.,(4,4),(2.0,3.0),.PIECEWISE_BEZIER_KNOTS.);
#4821=CARTESIAN_POINT('',(0.057655299,0.040905355,0.149999997));
#4822=CARTESIAN_POINT('',(0.066267961,0.040905355,0.149999997));
#4823=CARTESIAN_POINT('',(0.072991728,0.043262139,0.149999997));
#4824=CARTESIAN_POINT('',(0.077809273,0.047975708,0.149999997));
#4825=ORIENTED_EDGE('',*,*,#4803,.F.);
#4826=ORIENTED_EDGE('',*,*,#4580,.F.);
#4827=ORIENTED_EDGE('',*,*,#4828,.T.);
#4828=EDGE_CURVE('',#4572,#4818,#4829,.T.);
#4829=LINE('',#4830,#4831);
#4830=CARTESIAN_POINT('',(0.077809273,0.047975708,0.159999997));
#4831=VECTOR('',#4832,1.0);
#4832=DIRECTION('',(0.0,0.0,-1.0));
#4833=B_SPLINE_SURFACE_WITH_KNOTS('',3,1,((#4834,#4835),(#4836,#4837),(#4838,#4839),(#4840,#4841)),.UNSPECIFIED.,.F.,.F.,.U.,(4,4),(2,2),(2.0,3.0),(0.0,1.0),.PIECEWISE_BEZIER_KNOTS.);
#4834=CARTESIAN_POINT('',(0.057655299,0.040905355,0.159999997));
#4835=CARTESIAN_POINT('',(0.057655299,0.040905355,0.149999997));
#4836=CARTESIAN_POINT('',(0.066267961,0.040905355,0.159999997));
#4837=CARTESIAN_POINT('',(0.066267961,0.040905355,0.149999997));
#4838=CARTESIAN_POINT('',(0.072991728,0.043262139,0.159999997));
#4839=CARTESIAN_POINT('',(0.072991728,0.043262139,0.149999997));
#4840=CARTESIAN_POINT('',(0.077809273,0.047975708,0.159999997));
#4841=CARTESIAN_POINT('',(0.077809273,0.047975708,0.149999997));
#4842=ADVANCED_FACE('',(#4843),#4862,.T.);
#4843=FACE_BOUND('',#4844,.T.);
#4844=EDGE_LOOP('',(#4845,#4854,#4855,#4856));
#4845=ORIENTED_EDGE('',*,*,#4846,.T.);
#4846=EDGE_CURVE('',#4847,#4818,#4849,.F.);
#4847=VERTEX_POINT('',#4848);
#4848=CARTESIAN_POINT('',(0.08505292,0.06769645,0.149999997));
#4849=B_SPLINE_CURVE_WITH_KNOTS('',3,(#4850,#4851,#4852,#4853),.UNSPECIFIED.,.F.,.U.,(4,4),(3.0,4.0),.PIECEWISE_BEZIER_KNOTS.);
#4850=CARTESIAN_POINT('',(0.077809273,0.047975708,0.149999997));
#4851=CARTESIAN_POINT('',(0.082644148,0.052654619,0.149999997));
#4852=CARTESIAN_POINT('',(0.08505292,0.059239752,0.149999997));
#4853=CARTESIAN_POINT('',(0.08505292,0.06769645,0.149999997));
#4854=ORIENTED_EDGE('',*,*,#4828,.F.);
#4855=ORIENTED_EDGE('',*,*,#4571,.F.);
#4856=ORIENTED_EDGE('',*,*,#4857,.T.);
#4857=EDGE_CURVE('',#4563,#4847,#4858,.T.);
#4858=LINE('',#4859,#4860);
#4859=CARTESIAN_POINT('',(0.08505292,0.06769645,0.159999997));
#4860=VECTOR('',#4861,1.0);
#4861=DIRECTION('',(0.0,0.0,-1.0));
#4862=B_SPLINE_SURFACE_WITH_KNOTS('',3,1,((#4863,#4864),(#4865,#4866),(#4867,#4868),(#4869,#4870)),.UNSPECIFIED.,.F.,.F.,.U.,(4,4),(2,2),(3.0,4.0),(0.0,1.0),.PIECEWISE_BEZIER_KNOTS.);
#4863=CARTESIAN_POINT('',(0.077809273,0.047975708,0.159999997));
#4864=CARTESIAN_POINT('',(0.077809273,0.047975708,0.149999997));
#4865=CARTESIAN_POINT('',(0.082644148,0.052654619,0.159999997));
#4866=CARTESIAN_POINT('',(0.082644148,0.052654619,0.149999997));
#4867=CARTESIAN_POINT('',(0.08505292,0.059239752,0.159999997));
#4868=CARTESIAN_POINT('',(0.08505292,0.059239752,0.149999997));
#4869=CARTESIAN_POINT('',(0.08505292,0.06769645,0.159999997));
#4870=CARTESIAN_POINT('',(0.08505292,0.06769645,0.149999997));
#4871=ADVANCED_FACE('',(#4872),#4891,.T.);
#4872=FACE_BOUND('',#4873,.T.);
#4873=EDGE_LOOP('',(#4874,#4883,#4884,#4885));
#4874=ORIENTED_EDGE('',*,*,#4875,.T.);
#4875=EDGE_CURVE('',#4876,#4847,#4878,.F.);
#4876=VERTEX_POINT('',#4877);
#4877=CARTESIAN_POINT('',(0.077618651,0.086793336,0.149999997));
#4878=B_SPLINE_CURVE_WITH_KNOTS('',3,(#4879,#4880,#4881,#4882),.UNSPECIFIED.,.F.,.U.,(4,4),(4.0,5.0),.PIECEWISE_BEZIER_KNOTS.);
#4879=CARTESIAN_POINT('',(0.08505292,0.06769645,0.149999997));
#4880=CARTESIAN_POINT('',(0.08505292,0.076153147,0.149999997));
#4881=CARTESIAN_POINT('',(0.08257483,0.082530329,0.149999997));
#4882=CARTESIAN_POINT('',(0.077618651,0.086793336,0.149999997));
#4883=ORIENTED_EDGE('',*,*,#4857,.F.);
#4884=ORIENTED_EDGE('',*,*,#4562,.F.);
#4885=ORIENTED_EDGE('',*,*,#4886,.T.);
#4886=EDGE_CURVE('',#4554,#4876,#4887,.T.);
#4887=LINE('',#4888,#4889);
#4888=CARTESIAN_POINT('',(0.077618651,0.086793336,0.159999997));
#4889=VECTOR('',#4890,1.0);
#4890=DIRECTION('',(0.0,0.0,-1.0));
#4891=B_SPLINE_SURFACE_WITH_KNOTS('',3,1,((#4892,#4893),(#4894,#4895),(#4896,#4897),(#4898,#4899)),.UNSPECIFIED.,.F.,.F.,.U.,(4,4),(2,2),(4.0,5.0),(0.0,1.0),.PIECEWISE_BEZIER_KNOTS.);
#4892=CARTESIAN_POINT('',(0.08505292,0.06769645,0.159999997));
#4893=CARTESIAN_POINT('',(0.08505292,0.06769645,0.149999997));
#4894=CARTESIAN_POINT('',(0.08505292,0.076153147,0.159999997));
#4895=CARTESIAN_POINT('',(0.08505292,0.076153147,0.149999997));
#4896=CARTESIAN_POINT('',(0.08257483,0.082530329,0.159999997));
#4897=CARTESIAN_POINT('',(0.08257483,0.082530329,0.149999997));
#4898=CARTESIAN_POINT('',(0.077618651,0.086793336,0.159999997));
#4899=CARTESIAN_POINT('',(0.077618651,0.086793336,0.149999997));
#4900=ADVANCED_FACE('',(#4901),#4913,.T.);
#4901=FACE_BOUND('',#4902,.T.);
#4902=EDGE_LOOP('',(#4903,#4910,#4911,#4912));
#4903=ORIENTED_EDGE('',*,*,#4904,.T.);
#4904=EDGE_CURVE('',#4741,#4876,#4905,.F.);
#4905=B_SPLINE_CURVE_WITH_KNOTS('',3,(#4906,#4907,#4908,#4909),.UNSPECIFIED.,.F.,.U.,(4,4),(5.0,6.0),.PIECEWISE_BEZIER_KNOTS.);
#4906=CARTESIAN_POINT('',(0.077618651,0.086793336,0.149999997));
#4907=CARTESIAN_POINT('',(0.072662472,0.091056344,0.149999997));
#4908=CARTESIAN_POINT('',(0.066129326,0.093170518,0.149999997));
#4909=CARTESIAN_POINT('',(0.058053873,0.093170518,0.149999997));
#4910=ORIENTED_EDGE('',*,*,#4886,.F.);
#4911=ORIENTED_EDGE('',*,*,#4553,.F.);
#4912=ORIENTED_EDGE('',*,*,#4748,.F.);
#4913=B_SPLINE_SURFACE_WITH_KNOTS('',3,1,((#4914,#4915),(#4916,#4917),(#4918,#4919),(#4920,#4921)),.UNSPECIFIED.,.F.,.F.,.U.,(4,4),(2,2),(5.0,6.0),(0.0,1.0),.PIECEWISE_BEZIER_KNOTS.);
#4914=CARTESIAN_POINT('',(0.077618651,0.086793336,0.159999997));
#4915=CARTESIAN_POINT('',(0.077618651,0.086793336,0.149999997));
#4916=CARTESIAN_POINT('',(0.072662472,0.091056344,0.159999997));
#4917=CARTESIAN_POINT('',(0.072662472,0.091056344,0.149999997));
#4918=CARTESIAN_POINT('',(0.066129326,0.093170518,0.159999997));
#4919=CARTESIAN_POINT('',(0.066129326,0.093170518,0.149999997));
#4920=CARTESIAN_POINT('',(0.058053873,0.093170518,0.159999997));
#4921=CARTESIAN_POINT('',(0.058053873,0.093170518,0.149999997));
#4922=ADVANCED_FACE('',(#4923),#4932,.F.);
#4923=FACE_BOUND('',#4924,.T.);
#4924=EDGE_LOOP('',(#4925,#4926,#4927,#4928,#4929,#4930,#4931));
#4925=ORIENTED_EDGE('',*,*,#4904,.F.);
#4926=ORIENTED_EDGE('',*,*,#4738,.F.);
#4927=ORIENTED_EDGE('',*,*,#4769,.F.);
#4928=ORIENTED_EDGE('',*,*,#4793,.F.);
#4929=ORIENTED_EDGE('',*,*,#4817,.F.);
#4930=ORIENTED_EDGE('',*,*,#4846,.F.);
#4931=ORIENTED_EDGE('',*,*,#4875,.F.);
#4932=PLANE('',#4933);
#4933=AXIS2_PLACEMENT_3D('',#4934,#4935,#4936);
#4934=CARTESIAN_POINT('',(0.0,0.0,0.149999997));
#4935=DIRECTION('',(0.0,0.0,-1.0));
#4936=DIRECTION('',(-1.0,0.0,0.0));
#4937=ADVANCED_FACE('',(#4938,#5004),#5056,.F.);
#4938=FACE_BOUND('',#4939,.T.);
#4939=EDGE_LOOP('',(#4940,#4950,#4958,#4966,#4974,#4982,#4990,#4998));
#4940=ORIENTED_EDGE('',*,*,#4941,.T.);
#4941=EDGE_CURVE('',#4942,#4944,#4946,.T.);
#4942=VERTEX_POINT('',#4943);
#4943=CARTESIAN_POINT('',(0.159014365,0.033176488,0.159999997));
#4944=VERTEX_POINT('',#4945);
#4945=CARTESIAN_POINT('',(0.13319371,0.100968702,0.159999997));
#4946=LINE('',#4947,#4948);
#4947=CARTESIAN_POINT('',(0.13319371,0.100968702,0.159999997));
#4948=VECTOR('',#4949,1.0);
#4949=DIRECTION('',(-0.355935724,0.934510439,0.0));
#4950=ORIENTED_EDGE('',*,*,#4951,.T.);
#4951=EDGE_CURVE('',#4944,#4952,#4954,.T.);
#4952=VERTEX_POINT('',#4953);
#4953=CARTESIAN_POINT('',(0.123835889,0.100968702,0.159999997));
#4954=LINE('',#4955,#4956);
#4955=CARTESIAN_POINT('',(0.123835889,0.100968702,0.159999997));
#4956=VECTOR('',#4957,1.0);
#4957=DIRECTION('',(-1.0,0.0,0.0));
#4958=ORIENTED_EDGE('',*,*,#4959,.T.);
#4959=EDGE_CURVE('',#4952,#4960,#4962,.T.);
#4960=VERTEX_POINT('',#4961);
#4961=CARTESIAN_POINT('',(0.098015235,0.033176488,0.159999997));
#4962=LINE('',#4963,#4964);
#4963=CARTESIAN_POINT('',(0.098015235,0.033176488,0.159999997));
#4964=VECTOR('',#4965,1.0);
#4965=DIRECTION('',(-0.355935724,-0.934510439,0.0));
#4966=ORIENTED_EDGE('',*,*,#4967,.T.);
#4967=EDGE_CURVE('',#4960,#4968,#4970,.T.);
#4968=VERTEX_POINT('',#4969);
#4969=CARTESIAN_POINT('',(0.107684983,0.033176488,0.159999997));
#4970=LINE('',#4971,#4972);
#4971=CARTESIAN_POINT('',(0.107684983,0.033176488,0.159999997));
#4972=VECTOR('',#4973,1.0);
#4973=DIRECTION('',(1.0,0.0,0.0));
#4974=ORIENTED_EDGE('',*,*,#4975,.T.);
#4975=EDGE_CURVE('',#4968,#4976,#4978,.T.);
#4976=VERTEX_POINT('',#4977);
#4977=CARTESIAN_POINT('',(0.1142008,0.051718837,0.159999997));
#4978=LINE('',#4979,#4980);
#4979=CARTESIAN_POINT('',(0.1142008,0.051718837,0.159999997));
#4980=VECTOR('',#4981,1.0);
#4981=DIRECTION('',(0.331528418,0.943445233,0.0));
#4982=ORIENTED_EDGE('',*,*,#4983,.T.);
#4983=EDGE_CURVE('',#4976,#4984,#4986,.T.);
#4984=VERTEX_POINT('',#4985);
#4985=CARTESIAN_POINT('',(0.142430226,0.051718837,0.159999997));
#4986=LINE('',#4987,#4988);
#4987=CARTESIAN_POINT('',(0.142430226,0.051718837,0.159999997));
#4988=VECTOR('',#4989,1.0);
#4989=DIRECTION('',(1.0,0.0,0.0));
#4990=ORIENTED_EDGE('',*,*,#4991,.T.);
#4991=EDGE_CURVE('',#4984,#4992,#4994,.T.);
#4992=VERTEX_POINT('',#4993);
#4993=CARTESIAN_POINT('',(0.149344616,0.033176488,0.159999997));
#4994=LINE('',#4995,#4996);
#4995=CARTESIAN_POINT('',(0.149344616,0.033176488,0.159999997));
#4996=VECTOR('',#4997,1.0);
#4997=DIRECTION('',(0.349395479,-0.936975346,0.0));
#4998=ORIENTED_EDGE('',*,*,#4999,.T.);
#4999=EDGE_CURVE('',#4992,#4942,#5000,.T.);
#5000=LINE('',#5001,#5002);
#5001=CARTESIAN_POINT('',(0.159014365,0.033176488,0.159999997));
#5002=VECTOR('',#5003,1.0);
#5003=DIRECTION('',(1.0,0.0,0.0));
#5004=FACE_BOUND('',#5005,.T.);
#5005=EDGE_LOOP('',(#5006,#5016,#5024,#5033,#5041,#5050));
#5006=ORIENTED_EDGE('',*,*,#5007,.T.);
#5007=EDGE_CURVE('',#5008,#5010,#5012,.F.);
#5008=VERTEX_POINT('',#5009);
#5009=CARTESIAN_POINT('',(0.139726856,0.059378387,0.159999997));
#5010=VERTEX_POINT('',#5011);
#5011=CARTESIAN_POINT('',(0.116973487,0.059378387,0.159999997));
#5012=LINE('',#5013,#5014);
#5013=CARTESIAN_POINT('',(0.116973487,0.059378387,0.159999997));
#5014=VECTOR('',#5015,1.0);
#5015=DIRECTION('',(1.0,0.0,0.0));
#5016=ORIENTED_EDGE('',*,*,#5017,.T.);
#5017=EDGE_CURVE('',#5010,#5018,#5020,.F.);
#5018=VERTEX_POINT('',#5019);
#5019=CARTESIAN_POINT('',(0.127111127,0.087555826,0.159999997));
#5020=LINE('',#5021,#5022);
#5021=CARTESIAN_POINT('',(0.127111127,0.087555826,0.159999997));
#5022=VECTOR('',#5023,1.0);
#5023=DIRECTION('',(-0.338535034,-0.940953788,0.0));
#5024=ORIENTED_EDGE('',*,*,#5025,.T.);
#5025=EDGE_CURVE('',#5018,#5026,#5028,.F.);
#5026=VERTEX_POINT('',#5027);
#5027=CARTESIAN_POINT('',(0.128220202,0.092304053,0.159999997));
#5028=B_SPLINE_CURVE_WITH_KNOTS('',3,(#5029,#5030,#5031,#5032),.UNSPECIFIED.,.F.,.U.,(4,4),(3.0,4.0),.PIECEWISE_BEZIER_KNOTS.);
#5029=CARTESIAN_POINT('',(0.128220202,0.092304053,0.159999997));
#5030=CARTESIAN_POINT('',(0.127890945,0.090259196,0.159999997));
#5031=CARTESIAN_POINT('',(0.12752703,0.088664901,0.159999997));
#5032=CARTESIAN_POINT('',(0.127111127,0.087555826,0.159999997));
#5033=ORIENTED_EDGE('',*,*,#5034,.T.);
#5034=EDGE_CURVE('',#5026,#5035,#5037,.F.);
#5035=VERTEX_POINT('',#5036);
#5036=CARTESIAN_POINT('',(0.128428153,0.092304053,0.159999997));
#5037=LINE('',#5038,#5039);
#5038=CARTESIAN_POINT('',(0.128428153,0.092304053,0.159999997));
#5039=VECTOR('',#5040,1.0);
#5040=DIRECTION('',(-1.0,0.0,0.0));
#5041=ORIENTED_EDGE('',*,*,#5042,.T.);
#5042=EDGE_CURVE('',#5035,#5043,#5045,.F.);
#5043=VERTEX_POINT('',#5044);
#5044=CARTESIAN_POINT('',(0.129485241,0.087555826,0.159999997));
#5045=B_SPLINE_CURVE_WITH_KNOTS('',3,(#5046,#5047,#5048,#5049),.UNSPECIFIED.,.F.,.U.,(4,4),(1.0,2.0),.PIECEWISE_BEZIER_KNOTS.);
#5046=CARTESIAN_POINT('',(0.129485241,0.087555826,0.159999997));
#5047=CARTESIAN_POINT('',(0.129155984,0.088491608,0.159999997));
#5048=CARTESIAN_POINT('',(0.128809398,0.090051245,0.159999997));
#5049=CARTESIAN_POINT('',(0.128428153,0.092304053,0.159999997));
#5050=ORIENTED_EDGE('',*,*,#5051,.T.);
#5051=EDGE_CURVE('',#5043,#5008,#5052,.F.);
#5052=LINE('',#5053,#5054);
#5053=CARTESIAN_POINT('',(0.139726856,0.059378387,0.159999997));
#5054=VECTOR('',#5055,1.0);
#5055=DIRECTION('',(-0.341603831,0.939844042,0.0));
#5056=PLANE('',#5057);
#5057=AXIS2_PLACEMENT_3D('',#5058,#5059,#5060);
#5058=CARTESIAN_POINT('',(0.0,0.0,0.159999997));
#5059=DIRECTION('',(0.0,0.0,-1.0));
#5060=DIRECTION('',(-1.0,0.0,0.0));
#5061=ADVANCED_FACE('',(#5062),#5078,.F.);
#5062=FACE_BOUND('',#5063,.T.);
#5063=EDGE_LOOP('',(#5064,#5065,#5071,#5072));
#5064=ORIENTED_EDGE('',*,*,#1012,.F.);
#5065=ORIENTED_EDGE('',*,*,#5066,.T.);
#5066=EDGE_CURVE('',#1013,#4944,#5067,.F.);
#5067=LINE('',#5068,#5069);
#5068=CARTESIAN_POINT('',(0.13319371,0.100968702,0.159999997));
#5069=VECTOR('',#5070,1.0);
#5070=DIRECTION('',(0.0,0.0,-1.0));
#5071=ORIENTED_EDGE('',*,*,#4941,.F.);
#5072=ORIENTED_EDGE('',*,*,#5073,.T.);
#5073=EDGE_CURVE('',#4942,#1015,#5074,.T.);
#5074=LINE('',#5075,#5076);
#5075=CARTESIAN_POINT('',(0.159014365,0.033176488,0.159999997));
#5076=VECTOR('',#5077,1.0);
#5077=DIRECTION('',(0.0,0.0,-1.0));
#5078=PLANE('',#5079);
#5079=AXIS2_PLACEMENT_3D('',#5080,#5081,#5082);
#5080=CARTESIAN_POINT('',(0.13319371,0.100968702,0.159999997));
#5081=DIRECTION('',(-0.934510439,-0.355935724,0.0));
#5082=DIRECTION('',(0.355935724,-0.934510439,0.0));
#5083=ADVANCED_FACE('',(#5084),#5095,.F.);
#5084=FACE_BOUND('',#5085,.T.);
#5085=EDGE_LOOP('',(#5086,#5087,#5093,#5094));
#5086=ORIENTED_EDGE('',*,*,#1070,.F.);
#5087=ORIENTED_EDGE('',*,*,#5088,.T.);
#5088=EDGE_CURVE('',#1063,#4952,#5089,.F.);
#5089=LINE('',#5090,#5091);
#5090=CARTESIAN_POINT('',(0.123835889,0.100968702,0.159999997));
#5091=VECTOR('',#5092,1.0);
#5092=DIRECTION('',(0.0,0.0,-1.0));
#5093=ORIENTED_EDGE('',*,*,#4951,.F.);
#5094=ORIENTED_EDGE('',*,*,#5066,.F.);
#5095=PLANE('',#5096);
#5096=AXIS2_PLACEMENT_3D('',#5097,#5098,#5099);
#5097=CARTESIAN_POINT('',(0.123835889,0.100968702,0.159999997));
#5098=DIRECTION('',(0.0,-1.0,0.0));
#5099=DIRECTION('',(0.0,0.0,-1.0));
#5100=ADVANCED_FACE('',(#5101),#5112,.F.);
#5101=FACE_BOUND('',#5102,.T.);
#5102=EDGE_LOOP('',(#5103,#5104,#5110,#5111));
#5103=ORIENTED_EDGE('',*,*,#1062,.F.);
#5104=ORIENTED_EDGE('',*,*,#5105,.T.);
#5105=EDGE_CURVE('',#1055,#4960,#5106,.F.);
#5106=LINE('',#5107,#5108);
#5107=CARTESIAN_POINT('',(0.098015235,0.033176488,0.159999997));
#5108=VECTOR('',#5109,1.0);
#5109=DIRECTION('',(0.0,0.0,-1.0));
#5110=ORIENTED_EDGE('',*,*,#4959,.F.);
#5111=ORIENTED_EDGE('',*,*,#5088,.F.);
#5112=PLANE('',#5113);
#5113=AXIS2_PLACEMENT_3D('',#5114,#5115,#5116);
#5114=CARTESIAN_POINT('',(0.098015235,0.033176488,0.159999997));
#5115=DIRECTION('',(0.934510439,-0.355935724,0.0));
#5116=DIRECTION('',(0.355935724,0.934510439,0.0));
#5117=ADVANCED_FACE('',(#5118),#5129,.F.);
#5118=FACE_BOUND('',#5119,.T.);
#5119=EDGE_LOOP('',(#5120,#5121,#5127,#5128));
#5120=ORIENTED_EDGE('',*,*,#1054,.F.);
#5121=ORIENTED_EDGE('',*,*,#5122,.T.);
#5122=EDGE_CURVE('',#1047,#4968,#5123,.F.);
#5123=LINE('',#5124,#5125);
#5124=CARTESIAN_POINT('',(0.107684983,0.033176488,0.159999997));
#5125=VECTOR('',#5126,1.0);
#5126=DIRECTION('',(0.0,0.0,-1.0));
#5127=ORIENTED_EDGE('',*,*,#4967,.F.);
#5128=ORIENTED_EDGE('',*,*,#5105,.F.);
#5129=PLANE('',#5130);
#5130=AXIS2_PLACEMENT_3D('',#5131,#5132,#5133);
#5131=CARTESIAN_POINT('',(0.107684983,0.033176488,0.159999997));
#5132=DIRECTION('',(0.0,1.0,0.0));
#5133=DIRECTION('',(0.0,0.0,1.0));
#5134=ADVANCED_FACE('',(#5135),#5146,.F.);
#5135=FACE_BOUND('',#5136,.T.);
#5136=EDGE_LOOP('',(#5137,#5138,#5144,#5145));
#5137=ORIENTED_EDGE('',*,*,#1046,.F.);
#5138=ORIENTED_EDGE('',*,*,#5139,.T.);
#5139=EDGE_CURVE('',#1039,#4976,#5140,.F.);
#5140=LINE('',#5141,#5142);
#5141=CARTESIAN_POINT('',(0.1142008,0.051718837,0.159999997));
#5142=VECTOR('',#5143,1.0);
#5143=DIRECTION('',(0.0,0.0,-1.0));
#5144=ORIENTED_EDGE('',*,*,#4975,.F.);
#5145=ORIENTED_EDGE('',*,*,#5122,.F.);
#5146=PLANE('',#5147);
#5147=AXIS2_PLACEMENT_3D('',#5148,#5149,#5150);
#5148=CARTESIAN_POINT('',(0.1142008,0.051718837,0.159999997));
#5149=DIRECTION('',(-0.943445233,0.331528418,0.0));
#5150=DIRECTION('',(-0.331528418,-0.943445233,0.0));
#5151=ADVANCED_FACE('',(#5152),#5163,.F.);
#5152=FACE_BOUND('',#5153,.T.);
#5153=EDGE_LOOP('',(#5154,#5155,#5161,#5162));
#5154=ORIENTED_EDGE('',*,*,#1038,.F.);
#5155=ORIENTED_EDGE('',*,*,#5156,.T.);
#5156=EDGE_CURVE('',#1031,#4984,#5157,.F.);
#5157=LINE('',#5158,#5159);
#5158=CARTESIAN_POINT('',(0.142430226,0.051718837,0.159999997));
#5159=VECTOR('',#5160,1.0);
#5160=DIRECTION('',(0.0,0.0,-1.0));
#5161=ORIENTED_EDGE('',*,*,#4983,.F.);
#5162=ORIENTED_EDGE('',*,*,#5139,.F.);
#5163=PLANE('',#5164);
#5164=AXIS2_PLACEMENT_3D('',#5165,#5166,#5167);
#5165=CARTESIAN_POINT('',(0.142430226,0.051718837,0.159999997));
#5166=DIRECTION('',(0.0,1.0,0.0));
#5167=DIRECTION('',(0.0,0.0,1.0));
#5168=ADVANCED_FACE('',(#5169),#5180,.F.);
#5169=FACE_BOUND('',#5170,.T.);
#5170=EDGE_LOOP('',(#5171,#5172,#5178,#5179));
#5171=ORIENTED_EDGE('',*,*,#1030,.F.);
#5172=ORIENTED_EDGE('',*,*,#5173,.T.);
#5173=EDGE_CURVE('',#1023,#4992,#5174,.F.);
#5174=LINE('',#5175,#5176);
#5175=CARTESIAN_POINT('',(0.149344616,0.033176488,0.159999997));
#5176=VECTOR('',#5177,1.0);
#5177=DIRECTION('',(0.0,0.0,-1.0));
#5178=ORIENTED_EDGE('',*,*,#4991,.F.);
#5179=ORIENTED_EDGE('',*,*,#5156,.F.);
#5180=PLANE('',#5181);
#5181=AXIS2_PLACEMENT_3D('',#5182,#5183,#5184);
#5182=CARTESIAN_POINT('',(0.149344616,0.033176488,0.159999997));
#5183=DIRECTION('',(0.936975346,0.349395479,0.0));
#5184=DIRECTION('',(-0.349395479,0.936975346,0.0));
#5185=ADVANCED_FACE('',(#5186),#5192,.F.);
#5186=FACE_BOUND('',#5187,.T.);
#5187=EDGE_LOOP('',(#5188,#5189,#5190,#5191));
#5188=ORIENTED_EDGE('',*,*,#1022,.F.);
#5189=ORIENTED_EDGE('',*,*,#5073,.F.);
#5190=ORIENTED_EDGE('',*,*,#4999,.F.);
#5191=ORIENTED_EDGE('',*,*,#5173,.F.);
#5192=PLANE('',#5193);
#5193=AXIS2_PLACEMENT_3D('',#5194,#5195,#5196);
#5194=CARTESIAN_POINT('',(0.159014365,0.033176488,0.159999997));
#5195=DIRECTION('',(0.0,1.0,0.0));
#5196=DIRECTION('',(0.0,0.0,1.0));
#5197=ADVANCED_FACE('',(#5198),#5223,.T.);
#5198=FACE_BOUND('',#5199,.T.);
#5199=EDGE_LOOP('',(#5200,#5210,#5216,#5217));
#5200=ORIENTED_EDGE('',*,*,#5201,.T.);
#5201=EDGE_CURVE('',#5202,#5204,#5206,.F.);
#5202=VERTEX_POINT('',#5203);
#5203=CARTESIAN_POINT('',(0.139726856,0.059378387,0.149999997));
#5204=VERTEX_POINT('',#5205);
#5205=CARTESIAN_POINT('',(0.116973487,0.059378387,0.149999997));
#5206=LINE('',#5207,#5208);
#5207=CARTESIAN_POINT('',(0.116973487,0.059378387,0.149999997));
#5208=VECTOR('',#5209,1.0);
#5209=DIRECTION('',(1.0,0.0,0.0));
#5210=ORIENTED_EDGE('',*,*,#5211,.T.);
#5211=EDGE_CURVE('',#5204,#5010,#5212,.F.);
#5212=LINE('',#5213,#5214);
#5213=CARTESIAN_POINT('',(0.116973487,0.059378387,0.159999997));
#5214=VECTOR('',#5215,1.0);
#5215=DIRECTION('',(0.0,0.0,-1.0));
#5216=ORIENTED_EDGE('',*,*,#5007,.F.);
#5217=ORIENTED_EDGE('',*,*,#5218,.T.);
#5218=EDGE_CURVE('',#5008,#5202,#5219,.T.);
#5219=LINE('',#5220,#5221);
#5220=CARTESIAN_POINT('',(0.139726856,0.059378387,0.159999997));
#5221=VECTOR('',#5222,1.0);
#5222=DIRECTION('',(0.0,0.0,-1.0));
#5223=PLANE('',#5224);
#5224=AXIS2_PLACEMENT_3D('',#5225,#5226,#5227);
#5225=CARTESIAN_POINT('',(0.116973487,0.059378387,0.159999997));
#5226=DIRECTION('',(0.0,1.0,0.0));
#5227=DIRECTION('',(0.0,0.0,1.0));
#5228=ADVANCED_FACE('',(#5229),#5247,.T.);
#5229=FACE_BOUND('',#5230,.T.);
#5230=EDGE_LOOP('',(#5231,#5239,#5240,#5241));
#5231=ORIENTED_EDGE('',*,*,#5232,.T.);
#5232=EDGE_CURVE('',#5233,#5202,#5235,.F.);
#5233=VERTEX_POINT('',#5234);
#5234=CARTESIAN_POINT('',(0.129485241,0.087555826,0.149999997));
#5235=LINE('',#5236,#5237);
#5236=CARTESIAN_POINT('',(0.139726856,0.059378387,0.149999997));
#5237=VECTOR('',#5238,1.0);
#5238=DIRECTION('',(-0.341603831,0.939844042,0.0));
#5239=ORIENTED_EDGE('',*,*,#5218,.F.);
#5240=ORIENTED_EDGE('',*,*,#5051,.F.);
#5241=ORIENTED_EDGE('',*,*,#5242,.T.);
#5242=EDGE_CURVE('',#5043,#5233,#5243,.T.);
#5243=LINE('',#5244,#5245);
#5244=CARTESIAN_POINT('',(0.129485241,0.087555826,0.159999997));
#5245=VECTOR('',#5246,1.0);
#5246=DIRECTION('',(0.0,0.0,-1.0));
#5247=PLANE('',#5248);
#5248=AXIS2_PLACEMENT_3D('',#5249,#5250,#5251);
#5249=CARTESIAN_POINT('',(0.139726856,0.059378387,0.159999997));
#5250=DIRECTION('',(-0.939844042,-0.341603831,0.0));
#5251=DIRECTION('',(0.341603831,-0.939844042,0.0));
#5252=ADVANCED_FACE('',(#5253),#5272,.T.);
#5253=FACE_BOUND('',#5254,.T.);
#5254=EDGE_LOOP('',(#5255,#5264,#5265,#5266));
#5255=ORIENTED_EDGE('',*,*,#5256,.T.);
#5256=EDGE_CURVE('',#5257,#5233,#5259,.F.);
#5257=VERTEX_POINT('',#5258);
#5258=CARTESIAN_POINT('',(0.128428153,0.092304053,0.149999997));
#5259=B_SPLINE_CURVE_WITH_KNOTS('',3,(#5260,#5261,#5262,#5263),.UNSPECIFIED.,.F.,.U.,(4,4),(1.0,2.0),.PIECEWISE_BEZIER_KNOTS.);
#5260=CARTESIAN_POINT('',(0.129485241,0.087555826,0.149999997));
#5261=CARTESIAN_POINT('',(0.129155984,0.088491608,0.149999997));
#5262=CARTESIAN_POINT('',(0.128809398,0.090051245,0.149999997));
#5263=CARTESIAN_POINT('',(0.128428153,0.092304053,0.149999997));
#5264=ORIENTED_EDGE('',*,*,#5242,.F.);
#5265=ORIENTED_EDGE('',*,*,#5042,.F.);
#5266=ORIENTED_EDGE('',*,*,#5267,.T.);
#5267=EDGE_CURVE('',#5035,#5257,#5268,.T.);
#5268=LINE('',#5269,#5270);
#5269=CARTESIAN_POINT('',(0.128428153,0.092304053,0.159999997));
#5270=VECTOR('',#5271,1.0);
#5271=DIRECTION('',(0.0,0.0,-1.0));
#5272=B_SPLINE_SURFACE_WITH_KNOTS('',3,1,((#5273,#5274),(#5275,#5276),(#5277,#5278),(#5279,#5280)),.UNSPECIFIED.,.F.,.F.,.U.,(4,4),(2,2),(1.0,2.0),(0.0,1.0),.PIECEWISE_BEZIER_KNOTS.);
#5273=CARTESIAN_POINT('',(0.129485241,0.087555826,0.159999997));
#5274=CARTESIAN_POINT('',(0.129485241,0.087555826,0.149999997));
#5275=CARTESIAN_POINT('',(0.129155984,0.088491608,0.159999997));
#5276=CARTESIAN_POINT('',(0.129155984,0.088491608,0.149999997));
#5277=CARTESIAN_POINT('',(0.128809398,0.090051245,0.159999997));
#5278=CARTESIAN_POINT('',(0.128809398,0.090051245,0.149999997));
#5279=CARTESIAN_POINT('',(0.128428153,0.092304053,0.159999997));
#5280=CARTESIAN_POINT('',(0.128428153,0.092304053,0.149999997));
#5281=ADVANCED_FACE('',(#5282),#5300,.T.);
#5282=FACE_BOUND('',#5283,.T.);
#5283=EDGE_LOOP('',(#5284,#5292,#5293,#5294));
#5284=ORIENTED_EDGE('',*,*,#5285,.T.);
#5285=EDGE_CURVE('',#5286,#5257,#5288,.F.);
#5286=VERTEX_POINT('',#5287);
#5287=CARTESIAN_POINT('',(0.128220202,0.092304053,0.149999997));
#5288=LINE('',#5289,#5290);
#5289=CARTESIAN_POINT('',(0.128428153,0.092304053,0.149999997));
#5290=VECTOR('',#5291,1.0);
#5291=DIRECTION('',(-1.0,0.0,0.0));
#5292=ORIENTED_EDGE('',*,*,#5267,.F.);
#5293=ORIENTED_EDGE('',*,*,#5034,.F.);
#5294=ORIENTED_EDGE('',*,*,#5295,.T.);
#5295=EDGE_CURVE('',#5026,#5286,#5296,.T.);
#5296=LINE('',#5297,#5298);
#5297=CARTESIAN_POINT('',(0.128220202,0.092304053,0.159999997));
#5298=VECTOR('',#5299,1.0);
#5299=DIRECTION('',(0.0,0.0,-1.0));
#5300=PLANE('',#5301);
#5301=AXIS2_PLACEMENT_3D('',#5302,#5303,#5304);
#5302=CARTESIAN_POINT('',(0.128428153,0.092304053,0.159999997));
#5303=DIRECTION('',(0.0,-1.0,0.0));
#5304=DIRECTION('',(0.0,0.0,-1.0));
#5305=ADVANCED_FACE('',(#5306),#5325,.T.);
#5306=FACE_BOUND('',#5307,.T.);
#5307=EDGE_LOOP('',(#5308,#5317,#5318,#5319));
#5308=ORIENTED_EDGE('',*,*,#5309,.T.);
#5309=EDGE_CURVE('',#5310,#5286,#5312,.F.);
#5310=VERTEX_POINT('',#5311);
#5311=CARTESIAN_POINT('',(0.127111127,0.087555826,0.149999997));
#5312=B_SPLINE_CURVE_WITH_KNOTS('',3,(#5313,#5314,#5315,#5316),.UNSPECIFIED.,.F.,.U.,(4,4),(3.0,4.0),.PIECEWISE_BEZIER_KNOTS.);
#5313=CARTESIAN_POINT('',(0.128220202,0.092304053,0.149999997));
#5314=CARTESIAN_POINT('',(0.127890945,0.090259196,0.149999997));
#5315=CARTESIAN_POINT('',(0.12752703,0.088664901,0.149999997));
#5316=CARTESIAN_POINT('',(0.127111127,0.087555826,0.149999997));
#5317=ORIENTED_EDGE('',*,*,#5295,.F.);
#5318=ORIENTED_EDGE('',*,*,#5025,.F.);
#5319=ORIENTED_EDGE('',*,*,#5320,.T.);
#5320=EDGE_CURVE('',#5018,#5310,#5321,.T.);
#5321=LINE('',#5322,#5323);
#5322=CARTESIAN_POINT('',(0.127111127,0.087555826,0.159999997));
#5323=VECTOR('',#5324,1.0);
#5324=DIRECTION('',(0.0,0.0,-1.0));
#5325=B_SPLINE_SURFACE_WITH_KNOTS('',3,1,((#5326,#5327),(#5328,#5329),(#5330,#5331),(#5332,#5333)),.UNSPECIFIED.,.F.,.F.,.U.,(4,4),(2,2),(3.0,4.0),(0.0,1.0),.PIECEWISE_BEZIER_KNOTS.);
#5326=CARTESIAN_POINT('',(0.128220202,0.092304053,0.159999997));
#5327=CARTESIAN_POINT('',(0.128220202,0.092304053,0.149999997));
#5328=CARTESIAN_POINT('',(0.127890945,0.090259196,0.159999997));
#5329=CARTESIAN_POINT('',(0.127890945,0.090259196,0.149999997));
#5330=CARTESIAN_POINT('',(0.12752703,0.088664901,0.159999997));
#5331=CARTESIAN_POINT('',(0.12752703,0.088664901,0.149999997));
#5332=CARTESIAN_POINT('',(0.127111127,0.087555826,0.159999997));
#5333=CARTESIAN_POINT('',(0.127111127,0.087555826,0.149999997));
#5334=ADVANCED_FACE('',(#5335),#5346,.T.);
#5335=FACE_BOUND('',#5336,.T.);
#5336=EDGE_LOOP('',(#5337,#5343,#5344,#5345));
#5337=ORIENTED_EDGE('',*,*,#5338,.T.);
#5338=EDGE_CURVE('',#5204,#5310,#5339,.F.);
#5339=LINE('',#5340,#5341);
#5340=CARTESIAN_POINT('',(0.127111127,0.087555826,0.149999997));
#5341=VECTOR('',#5342,1.0);
#5342=DIRECTION('',(-0.338535034,-0.940953788,0.0));
#5343=ORIENTED_EDGE('',*,*,#5320,.F.);
#5344=ORIENTED_EDGE('',*,*,#5017,.F.);
#5345=ORIENTED_EDGE('',*,*,#5211,.F.);
#5346=PLANE('',#5347);
#5347=AXIS2_PLACEMENT_3D('',#5348,#5349,#5350);
#5348=CARTESIAN_POINT('',(0.127111127,0.087555826,0.159999997));
#5349=DIRECTION('',(0.940953788,-0.338535034,0.0));
#5350=DIRECTION('',(0.338535034,0.940953788,0.0));
#5351=ADVANCED_FACE('',(#5352),#5360,.F.);
#5352=FACE_BOUND('',#5353,.T.);
#5353=EDGE_LOOP('',(#5354,#5355,#5356,#5357,#5358,#5359));
#5354=ORIENTED_EDGE('',*,*,#5338,.F.);
#5355=ORIENTED_EDGE('',*,*,#5201,.F.);
#5356=ORIENTED_EDGE('',*,*,#5232,.F.);
#5357=ORIENTED_EDGE('',*,*,#5256,.F.);
#5358=ORIENTED_EDGE('',*,*,#5285,.F.);
#5359=ORIENTED_EDGE('',*,*,#5309,.F.);
#5360=PLANE('',#5361);
#5361=AXIS2_PLACEMENT_3D('',#5362,#5363,#5364);
#5362=CARTESIAN_POINT('',(0.0,0.0,0.149999997));
#5363=DIRECTION('',(0.0,0.0,-1.0));
#5364=DIRECTION('',(-1.0,0.0,0.0));
#5365=ADVANCED_FACE('',(#5366),#5391,.F.);
#5366=FACE_BOUND('',#5367,.T.);
#5367=EDGE_LOOP('',(#5368,#5369,#5377,#5385));
#5368=ORIENTED_EDGE('',*,*,#347,.F.);
#5369=ORIENTED_EDGE('',*,*,#5370,.T.);
#5370=EDGE_CURVE('',#348,#5371,#5373,.F.);
#5371=VERTEX_POINT('',#5372);
#5372=CARTESIAN_POINT('',(-0.076594774,-0.06664027,0.159999997));
#5373=LINE('',#5374,#5375);
#5374=CARTESIAN_POINT('',(-0.076594774,-0.06664027,0.159999997));
#5375=VECTOR('',#5376,1.0);
#5376=DIRECTION('',(0.0,0.0,-1.0));
#5377=ORIENTED_EDGE('',*,*,#5378,.T.);
#5378=EDGE_CURVE('',#5371,#5379,#5381,.F.);
#5379=VERTEX_POINT('',#5380);
#5380=CARTESIAN_POINT('',(-0.076594774,-0.074369137,0.159999997));
#5381=LINE('',#5382,#5383);
#5382=CARTESIAN_POINT('',(-0.076594774,-0.06664027,0.159999997));
#5383=VECTOR('',#5384,1.0);
#5384=DIRECTION('',(0.0,1.0,0.0));
#5385=ORIENTED_EDGE('',*,*,#5386,.T.);
#5386=EDGE_CURVE('',#5379,#350,#5387,.T.);
#5387=LINE('',#5388,#5389);
#5388=CARTESIAN_POINT('',(-0.076594774,-0.074369137,0.159999997));
#5389=VECTOR('',#5390,1.0);
#5390=DIRECTION('',(0.0,0.0,-1.0));
#5391=PLANE('',#5392);
#5392=AXIS2_PLACEMENT_3D('',#5393,#5394,#5395);
#5393=CARTESIAN_POINT('',(-0.076594774,-0.06664027,0.159999997));
#5394=DIRECTION('',(-1.0,0.0,0.0));
#5395=DIRECTION('',(0.0,0.0,1.0));
#5396=ADVANCED_FACE('',(#5397),#5415,.F.);
#5397=FACE_BOUND('',#5398,.T.);
#5398=EDGE_LOOP('',(#5399,#5400,#5408,#5414));
#5399=ORIENTED_EDGE('',*,*,#437,.F.);
#5400=ORIENTED_EDGE('',*,*,#5401,.T.);
#5401=EDGE_CURVE('',#430,#5402,#5404,.F.);
#5402=VERTEX_POINT('',#5403);
#5403=CARTESIAN_POINT('',(-0.104304322,-0.06664027,0.159999997));
#5404=LINE('',#5405,#5406);
#5405=CARTESIAN_POINT('',(-0.104304322,-0.06664027,0.159999997));
#5406=VECTOR('',#5407,1.0);
#5407=DIRECTION('',(0.0,0.0,-1.0));
#5408=ORIENTED_EDGE('',*,*,#5409,.T.);
#5409=EDGE_CURVE('',#5402,#5371,#5410,.F.);
#5410=LINE('',#5411,#5412);
#5411=CARTESIAN_POINT('',(-0.104304322,-0.06664027,0.159999997));
#5412=VECTOR('',#5413,1.0);
#5413=DIRECTION('',(-1.0,0.0,0.0));
#5414=ORIENTED_EDGE('',*,*,#5370,.F.);
#5415=PLANE('',#5416);
#5416=AXIS2_PLACEMENT_3D('',#5417,#5418,#5419);
#5417=CARTESIAN_POINT('',(-0.104304322,-0.06664027,0.159999997));
#5418=DIRECTION('',(0.0,-1.0,0.0));
#5419=DIRECTION('',(0.0,0.0,-1.0));
#5420=ADVANCED_FACE('',(#5421),#5439,.F.);
#5421=FACE_BOUND('',#5422,.T.);
#5422=EDGE_LOOP('',(#5423,#5424,#5432,#5438));
#5423=ORIENTED_EDGE('',*,*,#429,.F.);
#5424=ORIENTED_EDGE('',*,*,#5425,.T.);
#5425=EDGE_CURVE('',#422,#5426,#5428,.F.);
#5426=VERTEX_POINT('',#5427);
#5427=CARTESIAN_POINT('',(-0.104304322,-0.043834914,0.159999997));
#5428=LINE('',#5429,#5430);
#5429=CARTESIAN_POINT('',(-0.104304322,-0.043834914,0.159999997));
#5430=VECTOR('',#5431,1.0);
#5431=DIRECTION('',(0.0,0.0,-1.0));
#5432=ORIENTED_EDGE('',*,*,#5433,.T.);
#5433=EDGE_CURVE('',#5426,#5402,#5434,.F.);
#5434=LINE('',#5435,#5436);
#5435=CARTESIAN_POINT('',(-0.104304322,-0.043834914,0.159999997));
#5436=VECTOR('',#5437,1.0);
#5437=DIRECTION('',(0.0,1.0,0.0));
#5438=ORIENTED_EDGE('',*,*,#5401,.F.);
#5439=PLANE('',#5440);
#5440=AXIS2_PLACEMENT_3D('',#5441,#5442,#5443);
#5441=CARTESIAN_POINT('',(-0.104304322,-0.043834914,0.159999997));
#5442=DIRECTION('',(-1.0,0.0,0.0));
#5443=DIRECTION('',(0.0,0.0,1.0));
#5444=ADVANCED_FACE('',(#5445),#5463,.F.);
#5445=FACE_BOUND('',#5446,.T.);
#5446=EDGE_LOOP('',(#5447,#5448,#5456,#5462));
#5447=ORIENTED_EDGE('',*,*,#421,.F.);
#5448=ORIENTED_EDGE('',*,*,#5449,.T.);
#5449=EDGE_CURVE('',#414,#5450,#5452,.F.);
#5450=VERTEX_POINT('',#5451);
#5451=CARTESIAN_POINT('',(-0.080060634,-0.043834914,0.159999997));
#5452=LINE('',#5453,#5454);
#5453=CARTESIAN_POINT('',(-0.080060634,-0.043834914,0.159999997));
#5454=VECTOR('',#5455,1.0);
#5455=DIRECTION('',(0.0,0.0,-1.0));
#5456=ORIENTED_EDGE('',*,*,#5457,.T.);
#5457=EDGE_CURVE('',#5450,#5426,#5458,.F.);
#5458=LINE('',#5459,#5460);
#5459=CARTESIAN_POINT('',(-0.080060634,-0.043834914,0.159999997));
#5460=VECTOR('',#5461,1.0);
#5461=DIRECTION('',(1.0,0.0,0.0));
#5462=ORIENTED_EDGE('',*,*,#5425,.F.);
#5463=PLANE('',#5464);
#5464=AXIS2_PLACEMENT_3D('',#5465,#5466,#5467);
#5465=CARTESIAN_POINT('',(-0.080060634,-0.043834914,0.159999997));
#5466=DIRECTION('',(0.0,1.0,0.0));
#5467=DIRECTION('',(0.0,0.0,1.0));
#5468=ADVANCED_FACE('',(#5469),#5487,.F.);
#5469=FACE_BOUND('',#5470,.T.);
#5470=EDGE_LOOP('',(#5471,#5472,#5480,#5486));
#5471=ORIENTED_EDGE('',*,*,#413,.F.);
#5472=ORIENTED_EDGE('',*,*,#5473,.T.);
#5473=EDGE_CURVE('',#406,#5474,#5476,.F.);
#5474=VERTEX_POINT('',#5475);
#5475=CARTESIAN_POINT('',(-0.080060634,-0.036071388,0.159999997));
#5476=LINE('',#5477,#5478);
#5477=CARTESIAN_POINT('',(-0.080060634,-0.036071388,0.159999997));
#5478=VECTOR('',#5479,1.0);
#5479=DIRECTION('',(0.0,0.0,-1.0));
#5480=ORIENTED_EDGE('',*,*,#5481,.T.);
#5481=EDGE_CURVE('',#5474,#5450,#5482,.F.);
#5482=LINE('',#5483,#5484);
#5483=CARTESIAN_POINT('',(-0.080060634,-0.036071388,0.159999997));
#5484=VECTOR('',#5485,1.0);
#5485=DIRECTION('',(0.0,1.0,0.0));
#5486=ORIENTED_EDGE('',*,*,#5449,.F.);
#5487=PLANE('',#5488);
#5488=AXIS2_PLACEMENT_3D('',#5489,#5490,#5491);
#5489=CARTESIAN_POINT('',(-0.080060634,-0.036071388,0.159999997));
#5490=DIRECTION('',(-1.0,0.0,0.0));
#5491=DIRECTION('',(0.0,0.0,1.0));
#5492=ADVANCED_FACE('',(#5493),#5511,.F.);
#5493=FACE_BOUND('',#5494,.T.);
#5494=EDGE_LOOP('',(#5495,#5496,#5504,#5510));
#5495=ORIENTED_EDGE('',*,*,#405,.F.);
#5496=ORIENTED_EDGE('',*,*,#5497,.T.);
#5497=EDGE_CURVE('',#398,#5498,#5500,.F.);
#5498=VERTEX_POINT('',#5499);
#5499=CARTESIAN_POINT('',(-0.104304322,-0.036071388,0.159999997));
#5500=LINE('',#5501,#5502);
#5501=CARTESIAN_POINT('',(-0.104304322,-0.036071388,0.159999997));
#5502=VECTOR('',#5503,1.0);
#5503=DIRECTION('',(0.0,0.0,-1.0));
#5504=ORIENTED_EDGE('',*,*,#5505,.T.);
#5505=EDGE_CURVE('',#5498,#5474,#5506,.F.);
#5506=LINE('',#5507,#5508);
#5507=CARTESIAN_POINT('',(-0.104304322,-0.036071388,0.159999997));
#5508=VECTOR('',#5509,1.0);
#5509=DIRECTION('',(-1.0,0.0,0.0));
#5510=ORIENTED_EDGE('',*,*,#5473,.F.);
#5511=PLANE('',#5512);
#5512=AXIS2_PLACEMENT_3D('',#5513,#5514,#5515);
#5513=CARTESIAN_POINT('',(-0.104304322,-0.036071388,0.159999997));
#5514=DIRECTION('',(0.0,-1.0,0.0));
#5515=DIRECTION('',(0.0,0.0,-1.0));
#5516=ADVANCED_FACE('',(#5517),#5535,.F.);
#5517=FACE_BOUND('',#5518,.T.);
#5518=EDGE_LOOP('',(#5519,#5520,#5528,#5534));
#5519=ORIENTED_EDGE('',*,*,#397,.F.);
#5520=ORIENTED_EDGE('',*,*,#5521,.T.);
#5521=EDGE_CURVE('',#390,#5522,#5524,.F.);
#5522=VERTEX_POINT('',#5523);
#5523=CARTESIAN_POINT('',(-0.104304322,-0.014375107,0.159999997));
#5524=LINE('',#5525,#5526);
#5525=CARTESIAN_POINT('',(-0.104304322,-0.014375107,0.159999997));
#5526=VECTOR('',#5527,1.0);
#5527=DIRECTION('',(0.0,0.0,-1.0));
#5528=ORIENTED_EDGE('',*,*,#5529,.T.);
#5529=EDGE_CURVE('',#5522,#5498,#5530,.F.);
#5530=LINE('',#5531,#5532);
#5531=CARTESIAN_POINT('',(-0.104304322,-0.014375107,0.159999997));
#5532=VECTOR('',#5533,1.0);
#5533=DIRECTION('',(0.0,1.0,0.0));
#5534=ORIENTED_EDGE('',*,*,#5497,.F.);
#5535=PLANE('',#5536);
#5536=AXIS2_PLACEMENT_3D('',#5537,#5538,#5539);
#5537=CARTESIAN_POINT('',(-0.104304322,-0.014375107,0.159999997));
#5538=DIRECTION('',(-1.0,0.0,0.0));
#5539=DIRECTION('',(0.0,0.0,1.0));
#5540=ADVANCED_FACE('',(#5541),#5559,.F.);
#5541=FACE_BOUND('',#5542,.T.);
#5542=EDGE_LOOP('',(#5543,#5544,#5552,#5558));
#5543=ORIENTED_EDGE('',*,*,#389,.F.);
#5544=ORIENTED_EDGE('',*,*,#5545,.T.);
#5545=EDGE_CURVE('',#382,#5546,#5548,.F.);
#5546=VERTEX_POINT('',#5547);
#5547=CARTESIAN_POINT('',(-0.078137081,-0.014375107,0.159999997));
#5548=LINE('',#5549,#5550);
#5549=CARTESIAN_POINT('',(-0.078137081,-0.014375107,0.159999997));
#5550=VECTOR('',#5551,1.0);
#5551=DIRECTION('',(0.0,0.0,-1.0));
#5552=ORIENTED_EDGE('',*,*,#5553,.T.);
#5553=EDGE_CURVE('',#5546,#5522,#5554,.F.);
#5554=LINE('',#5555,#5556);
#5555=CARTESIAN_POINT('',(-0.078137081,-0.014375107,0.159999997));
#5556=VECTOR('',#5557,1.0);
#5557=DIRECTION('',(1.0,0.0,0.0));
#5558=ORIENTED_EDGE('',*,*,#5521,.F.);
#5559=PLANE('',#5560);
#5560=AXIS2_PLACEMENT_3D('',#5561,#5562,#5563);
#5561=CARTESIAN_POINT('',(-0.078137081,-0.014375107,0.159999997));
#5562=DIRECTION('',(0.0,1.0,0.0));
#5563=DIRECTION('',(0.0,0.0,1.0));
#5564=ADVANCED_FACE('',(#5565),#5583,.F.);
#5565=FACE_BOUND('',#5566,.T.);
#5566=EDGE_LOOP('',(#5567,#5568,#5576,#5582));
#5567=ORIENTED_EDGE('',*,*,#381,.F.);
#5568=ORIENTED_EDGE('',*,*,#5569,.T.);
#5569=EDGE_CURVE('',#374,#5570,#5572,.F.);
#5570=VERTEX_POINT('',#5571);
#5571=CARTESIAN_POINT('',(-0.078137081,-0.006576922,0.159999997));
#5572=LINE('',#5573,#5574);
#5573=CARTESIAN_POINT('',(-0.078137081,-0.006576922,0.159999997));
#5574=VECTOR('',#5575,1.0);
#5575=DIRECTION('',(0.0,0.0,-1.0));
#5576=ORIENTED_EDGE('',*,*,#5577,.T.);
#5577=EDGE_CURVE('',#5570,#5546,#5578,.F.);
#5578=LINE('',#5579,#5580);
#5579=CARTESIAN_POINT('',(-0.078137081,-0.006576922,0.159999997));
#5580=VECTOR('',#5581,1.0);
#5581=DIRECTION('',(0.0,1.0,0.0));
#5582=ORIENTED_EDGE('',*,*,#5545,.F.);
#5583=PLANE('',#5584);
#5584=AXIS2_PLACEMENT_3D('',#5585,#5586,#5587);
#5585=CARTESIAN_POINT('',(-0.078137081,-0.006576922,0.159999997));
#5586=DIRECTION('',(-1.0,0.0,0.0));
#5587=DIRECTION('',(0.0,0.0,1.0));
#5588=ADVANCED_FACE('',(#5589),#5607,.F.);
#5589=FACE_BOUND('',#5590,.T.);
#5590=EDGE_LOOP('',(#5591,#5592,#5600,#5606));
#5591=ORIENTED_EDGE('',*,*,#373,.F.);
#5592=ORIENTED_EDGE('',*,*,#5593,.T.);
#5593=EDGE_CURVE('',#366,#5594,#5596,.F.);
#5594=VERTEX_POINT('',#5595);
#5595=CARTESIAN_POINT('',(-0.113055617,-0.006576922,0.159999997));
#5596=LINE('',#5597,#5598);
#5597=CARTESIAN_POINT('',(-0.113055617,-0.006576922,0.159999997));
#5598=VECTOR('',#5599,1.0);
#5599=DIRECTION('',(0.0,0.0,-1.0));
#5600=ORIENTED_EDGE('',*,*,#5601,.T.);
#5601=EDGE_CURVE('',#5594,#5570,#5602,.F.);
#5602=LINE('',#5603,#5604);
#5603=CARTESIAN_POINT('',(-0.113055617,-0.006576922,0.159999997));
#5604=VECTOR('',#5605,1.0);
#5605=DIRECTION('',(-1.0,0.0,0.0));
#5606=ORIENTED_EDGE('',*,*,#5569,.F.);
#5607=PLANE('',#5608);
#5608=AXIS2_PLACEMENT_3D('',#5609,#5610,#5611);
#5609=CARTESIAN_POINT('',(-0.113055617,-0.006576922,0.159999997));
#5610=DIRECTION('',(0.0,-1.0,0.0));
#5611=DIRECTION('',(0.0,0.0,-1.0));
#5612=ADVANCED_FACE('',(#5613),#5631,.F.);
#5613=FACE_BOUND('',#5614,.T.);
#5614=EDGE_LOOP('',(#5615,#5616,#5624,#5630));
#5615=ORIENTED_EDGE('',*,*,#365,.F.);
#5616=ORIENTED_EDGE('',*,*,#5617,.T.);
#5617=EDGE_CURVE('',#358,#5618,#5620,.F.);
#5618=VERTEX_POINT('',#5619);
#5619=CARTESIAN_POINT('',(-0.113055617,-0.074369137,0.159999997));
#5620=LINE('',#5621,#5622);
#5621=CARTESIAN_POINT('',(-0.113055617,-0.074369137,0.159999997));
#5622=VECTOR('',#5623,1.0);
#5623=DIRECTION('',(0.0,0.0,-1.0));
#5624=ORIENTED_EDGE('',*,*,#5625,.T.);
#5625=EDGE_CURVE('',#5618,#5594,#5626,.F.);
#5626=LINE('',#5627,#5628);
#5627=CARTESIAN_POINT('',(-0.113055617,-0.074369137,0.159999997));
#5628=VECTOR('',#5629,1.0);
#5629=DIRECTION('',(0.0,-1.0,0.0));
#5630=ORIENTED_EDGE('',*,*,#5593,.F.);
#5631=PLANE('',#5632);
#5632=AXIS2_PLACEMENT_3D('',#5633,#5634,#5635);
#5633=CARTESIAN_POINT('',(-0.113055617,-0.074369137,0.159999997));
#5634=DIRECTION('',(1.0,0.0,0.0));
#5635=DIRECTION('',(0.0,0.0,-1.0));
#5636=ADVANCED_FACE('',(#5637),#5648,.F.);
#5637=FACE_BOUND('',#5638,.T.);
#5638=EDGE_LOOP('',(#5639,#5640,#5641,#5647));
#5639=ORIENTED_EDGE('',*,*,#357,.F.);
#5640=ORIENTED_EDGE('',*,*,#5386,.F.);
#5641=ORIENTED_EDGE('',*,*,#5642,.T.);
#5642=EDGE_CURVE('',#5379,#5618,#5643,.F.);
#5643=LINE('',#5644,#5645);
#5644=CARTESIAN_POINT('',(-0.076594774,-0.074369137,0.159999997));
#5645=VECTOR('',#5646,1.0);
#5646=DIRECTION('',(1.0,0.0,0.0));
#5647=ORIENTED_EDGE('',*,*,#5617,.F.);
#5648=PLANE('',#5649);
#5649=AXIS2_PLACEMENT_3D('',#5650,#5651,#5652);
#5650=CARTESIAN_POINT('',(-0.076594774,-0.074369137,0.159999997));
#5651=DIRECTION('',(0.0,1.0,0.0));
#5652=DIRECTION('',(0.0,0.0,1.0));
#5653=ADVANCED_FACE('',(#5654),#5668,.F.);
#5654=FACE_BOUND('',#5655,.T.);
#5655=EDGE_LOOP('',(#5656,#5657,#5658,#5659,#5660,#5661,#5662,#5663,#5664,#5665,#5666,#5667));
#5656=ORIENTED_EDGE('',*,*,#5378,.F.);
#5657=ORIENTED_EDGE('',*,*,#5409,.F.);
#5658=ORIENTED_EDGE('',*,*,#5433,.F.);
#5659=ORIENTED_EDGE('',*,*,#5457,.F.);
#5660=ORIENTED_EDGE('',*,*,#5481,.F.);
#5661=ORIENTED_EDGE('',*,*,#5505,.F.);
#5662=ORIENTED_EDGE('',*,*,#5529,.F.);
#5663=ORIENTED_EDGE('',*,*,#5553,.F.);
#5664=ORIENTED_EDGE('',*,*,#5577,.F.);
#5665=ORIENTED_EDGE('',*,*,#5601,.F.);
#5666=ORIENTED_EDGE('',*,*,#5625,.F.);
#5667=ORIENTED_EDGE('',*,*,#5642,.F.);
#5668=PLANE('',#5669);
#5669=AXIS2_PLACEMENT_3D('',#5670,#5671,#5672);
#5670=CARTESIAN_POINT('',(0.0,0.0,0.159999997));
#5671=DIRECTION('',(0.0,0.0,-1.0));
#5672=DIRECTION('',(-1.0,0.0,0.0));
#5673=ADVANCED_FACE('',(#5674,#5796),#5868,.T.);
#5674=FACE_BOUND('',#5675,.T.);
#5675=EDGE_LOOP('',(#5676,#5687,#5695,#5704,#5713,#5721,#5730,#5739,#5748,#5757,#5765,#5773,#5781,#5789));
#5676=ORIENTED_EDGE('',*,*,#5677,.T.);
#5677=EDGE_CURVE('',#5678,#5680,#5682,.T.);
#5678=VERTEX_POINT('',#5679);
#5679=CARTESIAN_POINT('',(-0.04706565,-0.024842003,0.159999997));
#5680=VERTEX_POINT('',#5681);
#5681=CARTESIAN_POINT('',(-0.063736435,-0.02934762,0.159999997));
#5682=B_SPLINE_CURVE_WITH_KNOTS('',3,(#5683,#5684,#5685,#5686),.UNSPECIFIED.,.F.,.U.,(4,4),(0.0,1.0),.PIECEWISE_BEZIER_KNOTS.);
#5683=CARTESIAN_POINT('',(-0.04706565,-0.024842003,0.159999997));
#5684=CARTESIAN_POINT('',(-0.053373514,-0.024842003,0.159999997));
#5685=CARTESIAN_POINT('',(-0.058936219,-0.026332322,0.159999997));
#5686=CARTESIAN_POINT('',(-0.063736435,-0.02934762,0.159999997));
#5687=ORIENTED_EDGE('',*,*,#5688,.T.);
#5688=EDGE_CURVE('',#5680,#5689,#5691,.T.);
#5689=VERTEX_POINT('',#5690);
#5690=CARTESIAN_POINT('',(-0.063736435,-0.037596366,0.159999997));
#5691=LINE('',#5692,#5693);
#5692=CARTESIAN_POINT('',(-0.063736435,-0.037596366,0.159999997));
#5693=VECTOR('',#5694,1.0);
#5694=DIRECTION('',(0.0,-1.0,0.0));
#5695=ORIENTED_EDGE('',*,*,#5696,.T.);
#5696=EDGE_CURVE('',#5689,#5697,#5699,.T.);
#5697=VERTEX_POINT('',#5698);
#5698=CARTESIAN_POINT('',(-0.047862797,-0.031739063,0.159999997));
#5699=B_SPLINE_CURVE_WITH_KNOTS('',3,(#5700,#5701,#5702,#5703),.UNSPECIFIED.,.F.,.U.,(4,4),(12.0,13.0),.PIECEWISE_BEZIER_KNOTS.);
#5700=CARTESIAN_POINT('',(-0.063736435,-0.037596366,0.159999997));
#5701=CARTESIAN_POINT('',(-0.058953548,-0.033714603,0.159999997));
#5702=CARTESIAN_POINT('',(-0.053668112,-0.031739063,0.159999997));
#5703=CARTESIAN_POINT('',(-0.047862797,-0.031739063,0.159999997));
#5704=ORIENTED_EDGE('',*,*,#5705,.T.);
#5705=EDGE_CURVE('',#5697,#5706,#5708,.T.);
#5706=VERTEX_POINT('',#5707);
#5707=CARTESIAN_POINT('',(-0.038054415,-0.043592303,0.159999997));
#5708=B_SPLINE_CURVE_WITH_KNOTS('',3,(#5709,#5710,#5711,#5712),.UNSPECIFIED.,.F.,.U.,(4,4),(11.0,12.0),.PIECEWISE_BEZIER_KNOTS.);
#5709=CARTESIAN_POINT('',(-0.047862797,-0.031739063,0.159999997));
#5710=CARTESIAN_POINT('',(-0.041329652,-0.031739063,0.159999997));
#5711=CARTESIAN_POINT('',(-0.038054415,-0.035690143,0.159999997));
#5712=CARTESIAN_POINT('',(-0.038054415,-0.043592303,0.159999997));
#5713=ORIENTED_EDGE('',*,*,#5714,.T.);
#5714=EDGE_CURVE('',#5706,#5715,#5717,.T.);
#5715=VERTEX_POINT('',#5716);
#5716=CARTESIAN_POINT('',(-0.052403074,-0.045602502,0.159999997));
#5717=LINE('',#5718,#5719);
#5718=CARTESIAN_POINT('',(-0.052403074,-0.045602502,0.159999997));
#5719=VECTOR('',#5720,1.0);
#5720=DIRECTION('',(-0.990328604,-0.138741688,0.0));
#5721=ORIENTED_EDGE('',*,*,#5722,.T.);
#5722=EDGE_CURVE('',#5715,#5723,#5725,.T.);
#5723=VERTEX_POINT('',#5724);
#5724=CARTESIAN_POINT('',(-0.068467333,-0.061406822,0.159999997));
#5725=B_SPLINE_CURVE_WITH_KNOTS('',3,(#5726,#5727,#5728,#5729),.UNSPECIFIED.,.F.,.U.,(4,4),(9.0,10.0),.PIECEWISE_BEZIER_KNOTS.);
#5726=CARTESIAN_POINT('',(-0.052403074,-0.045602502,0.159999997));
#5727=CARTESIAN_POINT('',(-0.06311258,-0.047092822,0.159999997));
#5728=CARTESIAN_POINT('',(-0.068467333,-0.052360928,0.159999997));
#5729=CARTESIAN_POINT('',(-0.068467333,-0.061406822,0.159999997));
#5730=ORIENTED_EDGE('',*,*,#5731,.T.);
#5731=EDGE_CURVE('',#5723,#5732,#5734,.T.);
#5732=VERTEX_POINT('',#5733);
#5733=CARTESIAN_POINT('',(-0.064308301,-0.071700425,0.159999997));
#5734=B_SPLINE_CURVE_WITH_KNOTS('',3,(#5735,#5736,#5737,#5738),.UNSPECIFIED.,.F.,.U.,(4,4),(8.0,9.0),.PIECEWISE_BEZIER_KNOTS.);
#5735=CARTESIAN_POINT('',(-0.068467333,-0.061406822,0.159999997));
#5736=CARTESIAN_POINT('',(-0.068467333,-0.065739147,0.159999997));
#5737=CARTESIAN_POINT('',(-0.067080989,-0.069170348,0.159999997));
#5738=CARTESIAN_POINT('',(-0.064308301,-0.071700425,0.159999997));
#5739=ORIENTED_EDGE('',*,*,#5740,.T.);
#5740=EDGE_CURVE('',#5732,#5741,#5743,.T.);
#5741=VERTEX_POINT('',#5742);
#5742=CARTESIAN_POINT('',(-0.053113575,-0.075512871,0.159999997));
#5743=B_SPLINE_CURVE_WITH_KNOTS('',3,(#5744,#5745,#5746,#5747),.UNSPECIFIED.,.F.,.U.,(4,4),(7.0,8.0),.PIECEWISE_BEZIER_KNOTS.);
#5744=CARTESIAN_POINT('',(-0.064308301,-0.071700425,0.159999997));
#5745=CARTESIAN_POINT('',(-0.061535614,-0.074230503,0.159999997));
#5746=CARTESIAN_POINT('',(-0.057809815,-0.075512871,0.159999997));
#5747=CARTESIAN_POINT('',(-0.053113575,-0.075512871,0.159999997));
#5748=ORIENTED_EDGE('',*,*,#5749,.T.);
#5749=EDGE_CURVE('',#5741,#5750,#5752,.T.);
#5750=VERTEX_POINT('',#5751);
#5751=CARTESIAN_POINT('',(-0.038279696,-0.06688288,0.159999997));
#5752=B_SPLINE_CURVE_WITH_KNOTS('',3,(#5753,#5754,#5755,#5756),.UNSPECIFIED.,.F.,.U.,(4,4),(6.0,7.0),.PIECEWISE_BEZIER_KNOTS.);
#5753=CARTESIAN_POINT('',(-0.053113575,-0.075512871,0.159999997));
#5754=CARTESIAN_POINT('',(-0.046580429,-0.075512871,0.159999997));
#5755=CARTESIAN_POINT('',(-0.04162425,-0.072636207,0.159999997));
#5756=CARTESIAN_POINT('',(-0.038279696,-0.06688288,0.159999997));
#5757=ORIENTED_EDGE('',*,*,#5758,.T.);
#5758=EDGE_CURVE('',#5750,#5759,#5761,.T.);
#5759=VERTEX_POINT('',#5760);
#5760=CARTESIAN_POINT('',(-0.038054415,-0.06688288,0.159999997));
#5761=LINE('',#5762,#5763);
#5762=CARTESIAN_POINT('',(-0.038054415,-0.06688288,0.159999997));
#5763=VECTOR('',#5764,1.0);
#5764=DIRECTION('',(1.0,0.0,0.0));
#5765=ORIENTED_EDGE('',*,*,#5766,.T.);
#5766=EDGE_CURVE('',#5759,#5767,#5769,.T.);
#5767=VERTEX_POINT('',#5768);
#5768=CARTESIAN_POINT('',(-0.038054415,-0.074369137,0.159999997));
#5769=LINE('',#5770,#5771);
#5770=CARTESIAN_POINT('',(-0.038054415,-0.074369137,0.159999997));
#5771=VECTOR('',#5772,1.0);
#5772=DIRECTION('',(0.0,-1.0,0.0));
#5773=ORIENTED_EDGE('',*,*,#5774,.T.);
#5774=EDGE_CURVE('',#5767,#5775,#5777,.T.);
#5775=VERTEX_POINT('',#5776);
#5776=CARTESIAN_POINT('',(-0.029563059,-0.074369137,0.159999997));
#5777=LINE('',#5778,#5779);
#5778=CARTESIAN_POINT('',(-0.029563059,-0.074369137,0.159999997));
#5779=VECTOR('',#5780,1.0);
#5780=DIRECTION('',(1.0,0.0,0.0));
#5781=ORIENTED_EDGE('',*,*,#5782,.T.);
#5782=EDGE_CURVE('',#5775,#5783,#5785,.T.);
#5783=VERTEX_POINT('',#5784);
#5784=CARTESIAN_POINT('',(-0.029563059,-0.043211059,0.159999997));
#5785=LINE('',#5786,#5787);
#5786=CARTESIAN_POINT('',(-0.029563059,-0.043211059,0.159999997));
#5787=VECTOR('',#5788,1.0);
#5788=DIRECTION('',(0.0,1.0,0.0));
#5789=ORIENTED_EDGE('',*,*,#5790,.T.);
#5790=EDGE_CURVE('',#5783,#5678,#5791,.T.);
#5791=B_SPLINE_CURVE_WITH_KNOTS('',3,(#5792,#5793,#5794,#5795),.UNSPECIFIED.,.F.,.U.,(4,4),(1.0,2.0),.PIECEWISE_BEZIER_KNOTS.);
#5792=CARTESIAN_POINT('',(-0.029563059,-0.043211059,0.159999997));
#5793=CARTESIAN_POINT('',(-0.029563059,-0.030941916,0.159999997));
#5794=CARTESIAN_POINT('',(-0.035403032,-0.024842003,0.159999997));
#5795=CARTESIAN_POINT('',(-0.04706565,-0.024842003,0.159999997));
#5796=FACE_BOUND('',#5797,.T.);
#5797=EDGE_LOOP('',(#5798,#5809,#5818,#5826,#5834,#5843,#5852,#5861));
#5798=ORIENTED_EDGE('',*,*,#5799,.T.);
#5799=EDGE_CURVE('',#5800,#5802,#5804,.F.);
#5800=VERTEX_POINT('',#5801);
#5801=CARTESIAN_POINT('',(-0.059854672,-0.06071365,0.159999997));
#5802=VERTEX_POINT('',#5803);
#5803=CARTESIAN_POINT('',(-0.057601863,-0.054579079,0.159999997));
#5804=B_SPLINE_CURVE_WITH_KNOTS('',3,(#5805,#5806,#5807,#5808),.UNSPECIFIED.,.F.,.U.,(4,4),(1.0,2.0),.PIECEWISE_BEZIER_KNOTS.);
#5805=CARTESIAN_POINT('',(-0.057601863,-0.054579079,0.159999997));
#5806=CARTESIAN_POINT('',(-0.059092183,-0.05603474,0.159999997));
#5807=CARTESIAN_POINT('',(-0.059854672,-0.058079597,0.159999997));
#5808=CARTESIAN_POINT('',(-0.059854672,-0.06071365,0.159999997));
#5809=ORIENTED_EDGE('',*,*,#5810,.T.);
#5810=EDGE_CURVE('',#5802,#5811,#5813,.F.);
#5811=VERTEX_POINT('',#5812);
#5812=CARTESIAN_POINT('',(-0.049387776,-0.051598439,0.159999997));
#5813=B_SPLINE_CURVE_WITH_KNOTS('',3,(#5814,#5815,#5816,#5817),.UNSPECIFIED.,.F.,.U.,(4,4),(0.0,1.0),.PIECEWISE_BEZIER_KNOTS.);
#5814=CARTESIAN_POINT('',(-0.049387776,-0.051598439,0.159999997));
#5815=CARTESIAN_POINT('',(-0.053356185,-0.052152977,0.159999997));
#5816=CARTESIAN_POINT('',(-0.056094214,-0.053123417,0.159999997));
#5817=CARTESIAN_POINT('',(-0.057601863,-0.054579079,0.159999997));
#5818=ORIENTED_EDGE('',*,*,#5819,.T.);
#5819=EDGE_CURVE('',#5811,#5820,#5822,.F.);
#5820=VERTEX_POINT('',#5821);
#5821=CARTESIAN_POINT('',(-0.038054415,-0.050073461,0.159999997));
#5822=LINE('',#5823,#5824);
#5823=CARTESIAN_POINT('',(-0.038054415,-0.050073461,0.159999997));
#5824=VECTOR('',#5825,1.0);
#5825=DIRECTION('',(-0.991068366,-0.133354765,0.0));
#5826=ORIENTED_EDGE('',*,*,#5827,.T.);
#5827=EDGE_CURVE('',#5820,#5828,#5830,.F.);
#5828=VERTEX_POINT('',#5829);
#5829=CARTESIAN_POINT('',(-0.038054415,-0.054717713,0.159999997));
#5830=LINE('',#5831,#5832);
#5831=CARTESIAN_POINT('',(-0.038054415,-0.054717713,0.159999997));
#5832=VECTOR('',#5833,1.0);
#5833=DIRECTION('',(0.0,1.0,0.0));
#5834=ORIENTED_EDGE('',*,*,#5835,.T.);
#5835=EDGE_CURVE('',#5828,#5836,#5838,.F.);
#5836=VERTEX_POINT('',#5837);
#5837=CARTESIAN_POINT('',(-0.041693567,-0.064595413,0.159999997));
#5838=B_SPLINE_CURVE_WITH_KNOTS('',3,(#5839,#5840,#5841,#5842),.UNSPECIFIED.,.F.,.U.,(4,4),(5.0,6.0),.PIECEWISE_BEZIER_KNOTS.);
#5839=CARTESIAN_POINT('',(-0.041693567,-0.064595413,0.159999997));
#5840=CARTESIAN_POINT('',(-0.039267466,-0.061996018,0.159999997));
#5841=CARTESIAN_POINT('',(-0.038054415,-0.058703451,0.159999997));
#5842=CARTESIAN_POINT('',(-0.038054415,-0.054717713,0.159999997));
#5843=ORIENTED_EDGE('',*,*,#5844,.T.);
#5844=EDGE_CURVE('',#5836,#5845,#5847,.F.);
#5845=VERTEX_POINT('',#5846);
#5846=CARTESIAN_POINT('',(-0.050912754,-0.068546493,0.159999997));
#5847=B_SPLINE_CURVE_WITH_KNOTS('',3,(#5848,#5849,#5850,#5851),.UNSPECIFIED.,.F.,.U.,(4,4),(4.0,5.0),.PIECEWISE_BEZIER_KNOTS.);
#5848=CARTESIAN_POINT('',(-0.050912754,-0.068546493,0.159999997));
#5849=CARTESIAN_POINT('',(-0.047186955,-0.068546493,0.159999997));
#5850=CARTESIAN_POINT('',(-0.04410234,-0.067229466,0.159999997));
#5851=CARTESIAN_POINT('',(-0.041693567,-0.064595413,0.159999997));
#5852=ORIENTED_EDGE('',*,*,#5853,.T.);
#5853=EDGE_CURVE('',#5845,#5854,#5856,.F.);
#5854=VERTEX_POINT('',#5855);
#5855=CARTESIAN_POINT('',(-0.057393911,-0.066363001,0.159999997));
#5856=B_SPLINE_CURVE_WITH_KNOTS('',3,(#5857,#5858,#5859,#5860),.UNSPECIFIED.,.F.,.U.,(4,4),(3.0,4.0),.PIECEWISE_BEZIER_KNOTS.);
#5857=CARTESIAN_POINT('',(-0.057393911,-0.066363001,0.159999997));
#5858=CARTESIAN_POINT('',(-0.055764957,-0.067818662,0.159999997));
#5859=CARTESIAN_POINT('',(-0.053598795,-0.068546493,0.159999997));
#5860=CARTESIAN_POINT('',(-0.050912754,-0.068546493,0.159999997));
#5861=ORIENTED_EDGE('',*,*,#5862,.T.);
#5862=EDGE_CURVE('',#5854,#5800,#5863,.F.);
#5863=B_SPLINE_CURVE_WITH_KNOTS('',3,(#5864,#5865,#5866,#5867),.UNSPECIFIED.,.F.,.U.,(4,4),(2.0,3.0),.PIECEWISE_BEZIER_KNOTS.);
#5864=CARTESIAN_POINT('',(-0.059854672,-0.06071365,0.159999997));
#5865=CARTESIAN_POINT('',(-0.059854672,-0.063035776,0.159999997));
#5866=CARTESIAN_POINT('',(-0.059040195,-0.06490734,0.159999997));
#5867=CARTESIAN_POINT('',(-0.057393911,-0.066363001,0.159999997));
#5868=PLANE('',#5869);
#5869=AXIS2_PLACEMENT_3D('',#5870,#5871,#5872);
#5870=CARTESIAN_POINT('',(-0.055966411,-0.025964075,0.159999997));
#5871=DIRECTION('',(0.0,0.0,1.0));
#5872=DIRECTION('',(1.0,0.0,0.0));
#5873=ADVANCED_FACE('',(#5874),#5890,.F.);
#5874=FACE_BOUND('',#5875,.T.);
#5875=EDGE_LOOP('',(#5876,#5877,#5883,#5884));
#5876=ORIENTED_EDGE('',*,*,#225,.F.);
#5877=ORIENTED_EDGE('',*,*,#5878,.T.);
#5878=EDGE_CURVE('',#226,#5680,#5879,.F.);
#5879=LINE('',#5880,#5881);
#5880=CARTESIAN_POINT('',(-0.063736435,-0.02934762,0.159999997));
#5881=VECTOR('',#5882,1.0);
#5882=DIRECTION('',(0.0,0.0,-1.0));
#5883=ORIENTED_EDGE('',*,*,#5677,.F.);
#5884=ORIENTED_EDGE('',*,*,#5885,.T.);
#5885=EDGE_CURVE('',#5678,#228,#5886,.T.);
#5886=LINE('',#5887,#5888);
#5887=CARTESIAN_POINT('',(-0.04706565,-0.024842003,0.159999997));
#5888=VECTOR('',#5889,1.0);
#5889=DIRECTION('',(0.0,0.0,-1.0));
#5890=B_SPLINE_SURFACE_WITH_KNOTS('',3,1,((#5891,#5892),(#5893,#5894),(#5895,#5896),(#5897,#5898)),.UNSPECIFIED.,.F.,.F.,.U.,(4,4),(2,2),(0.0,1.0),(0.0,1.0),.PIECEWISE_BEZIER_KNOTS.);
#5891=CARTESIAN_POINT('',(-0.04706565,-0.024842003,0.159999997));
#5892=CARTESIAN_POINT('',(-0.04706565,-0.024842003,0.149999997));
#5893=CARTESIAN_POINT('',(-0.053373514,-0.024842003,0.159999997));
#5894=CARTESIAN_POINT('',(-0.053373514,-0.024842003,0.149999997));
#5895=CARTESIAN_POINT('',(-0.058936219,-0.026332322,0.159999997));
#5896=CARTESIAN_POINT('',(-0.058936219,-0.026332322,0.149999997));
#5897=CARTESIAN_POINT('',(-0.063736435,-0.02934762,0.159999997));
#5898=CARTESIAN_POINT('',(-0.063736435,-0.02934762,0.149999997));
#5899=ADVANCED_FACE('',(#5900),#5911,.F.);
#5900=FACE_BOUND('',#5901,.T.);
#5901=EDGE_LOOP('',(#5902,#5903,#5909,#5910));
#5902=ORIENTED_EDGE('',*,*,#339,.F.);
#5903=ORIENTED_EDGE('',*,*,#5904,.T.);
#5904=EDGE_CURVE('',#331,#5689,#5905,.F.);
#5905=LINE('',#5906,#5907);
#5906=CARTESIAN_POINT('',(-0.063736435,-0.037596366,0.159999997));
#5907=VECTOR('',#5908,1.0);
#5908=DIRECTION('',(0.0,0.0,-1.0));
#5909=ORIENTED_EDGE('',*,*,#5688,.F.);
#5910=ORIENTED_EDGE('',*,*,#5878,.F.);
#5911=PLANE('',#5912);
#5912=AXIS2_PLACEMENT_3D('',#5913,#5914,#5915);
#5913=CARTESIAN_POINT('',(-0.063736435,-0.037596366,0.159999997));
#5914=DIRECTION('',(1.0,0.0,0.0));
#5915=DIRECTION('',(0.0,0.0,-1.0));
#5916=ADVANCED_FACE('',(#5917),#5928,.F.);
#5917=FACE_BOUND('',#5918,.T.);
#5918=EDGE_LOOP('',(#5919,#5920,#5926,#5927));
#5919=ORIENTED_EDGE('',*,*,#330,.F.);
#5920=ORIENTED_EDGE('',*,*,#5921,.T.);
#5921=EDGE_CURVE('',#322,#5697,#5922,.F.);
#5922=LINE('',#5923,#5924);
#5923=CARTESIAN_POINT('',(-0.047862797,-0.031739063,0.159999997));
#5924=VECTOR('',#5925,1.0);
#5925=DIRECTION('',(0.0,0.0,-1.0));
#5926=ORIENTED_EDGE('',*,*,#5696,.F.);
#5927=ORIENTED_EDGE('',*,*,#5904,.F.);
#5928=B_SPLINE_SURFACE_WITH_KNOTS('',3,1,((#5929,#5930),(#5931,#5932),(#5933,#5934),(#5935,#5936)),.UNSPECIFIED.,.F.,.F.,.U.,(4,4),(2,2),(12.0,13.0),(0.0,1.0),.PIECEWISE_BEZIER_KNOTS.);
#5929=CARTESIAN_POINT('',(-0.063736435,-0.037596366,0.159999997));
#5930=CARTESIAN_POINT('',(-0.063736435,-0.037596366,0.149999997));
#5931=CARTESIAN_POINT('',(-0.058953548,-0.033714603,0.159999997));
#5932=CARTESIAN_POINT('',(-0.058953548,-0.033714603,0.149999997));
#5933=CARTESIAN_POINT('',(-0.053668112,-0.031739063,0.159999997));
#5934=CARTESIAN_POINT('',(-0.053668112,-0.031739063,0.149999997));
#5935=CARTESIAN_POINT('',(-0.047862797,-0.031739063,0.159999997));
#5936=CARTESIAN_POINT('',(-0.047862797,-0.031739063,0.149999997));
#5937=ADVANCED_FACE('',(#5938),#5949,.F.);
#5938=FACE_BOUND('',#5939,.T.);
#5939=EDGE_LOOP('',(#5940,#5941,#5947,#5948));
#5940=ORIENTED_EDGE('',*,*,#321,.F.);
#5941=ORIENTED_EDGE('',*,*,#5942,.T.);
#5942=EDGE_CURVE('',#314,#5706,#5943,.F.);
#5943=LINE('',#5944,#5945);
#5944=CARTESIAN_POINT('',(-0.038054415,-0.043592303,0.159999997));
#5945=VECTOR('',#5946,1.0);
#5946=DIRECTION('',(0.0,0.0,-1.0));
#5947=ORIENTED_EDGE('',*,*,#5705,.F.);
#5948=ORIENTED_EDGE('',*,*,#5921,.F.);
#5949=B_SPLINE_SURFACE_WITH_KNOTS('',3,1,((#5950,#5951),(#5952,#5953),(#5954,#5955),(#5956,#5957)),.UNSPECIFIED.,.F.,.F.,.U.,(4,4),(2,2),(11.0,12.0),(0.0,1.0),.PIECEWISE_BEZIER_KNOTS.);
#5950=CARTESIAN_POINT('',(-0.047862797,-0.031739063,0.159999997));
#5951=CARTESIAN_POINT('',(-0.047862797,-0.031739063,0.149999997));
#5952=CARTESIAN_POINT('',(-0.041329652,-0.031739063,0.159999997));
#5953=CARTESIAN_POINT('',(-0.041329652,-0.031739063,0.149999997));
#5954=CARTESIAN_POINT('',(-0.038054415,-0.035690143,0.159999997));
#5955=CARTESIAN_POINT('',(-0.038054415,-0.035690143,0.149999997));
#5956=CARTESIAN_POINT('',(-0.038054415,-0.043592303,0.159999997));
#5957=CARTESIAN_POINT('',(-0.038054415,-0.043592303,0.149999997));
#5958=ADVANCED_FACE('',(#5959),#5970,.F.);
#5959=FACE_BOUND('',#5960,.T.);
#5960=EDGE_LOOP('',(#5961,#5962,#5968,#5969));
#5961=ORIENTED_EDGE('',*,*,#313,.F.);
#5962=ORIENTED_EDGE('',*,*,#5963,.T.);
#5963=EDGE_CURVE('',#305,#5715,#5964,.F.);
#5964=LINE('',#5965,#5966);
#5965=CARTESIAN_POINT('',(-0.052403074,-0.045602502,0.159999997));
#5966=VECTOR('',#5967,1.0);
#5967=DIRECTION('',(0.0,0.0,-1.0));
#5968=ORIENTED_EDGE('',*,*,#5714,.F.);
#5969=ORIENTED_EDGE('',*,*,#5942,.F.);
#5970=PLANE('',#5971);
#5971=AXIS2_PLACEMENT_3D('',#5972,#5973,#5974);
#5972=CARTESIAN_POINT('',(-0.052403074,-0.045602502,0.159999997));
#5973=DIRECTION('',(0.138741688,-0.990328604,0.0));
#5974=DIRECTION('',(0.990328604,0.138741688,0.0));
#5975=ADVANCED_FACE('',(#5976),#5987,.F.);
#5976=FACE_BOUND('',#5977,.T.);
#5977=EDGE_LOOP('',(#5978,#5979,#5985,#5986));
#5978=ORIENTED_EDGE('',*,*,#304,.F.);
#5979=ORIENTED_EDGE('',*,*,#5980,.T.);
#5980=EDGE_CURVE('',#296,#5723,#5981,.F.);
#5981=LINE('',#5982,#5983);
#5982=CARTESIAN_POINT('',(-0.068467333,-0.061406822,0.159999997));
#5983=VECTOR('',#5984,1.0);
#5984=DIRECTION('',(0.0,0.0,-1.0));
#5985=ORIENTED_EDGE('',*,*,#5722,.F.);
#5986=ORIENTED_EDGE('',*,*,#5963,.F.);
#5987=B_SPLINE_SURFACE_WITH_KNOTS('',3,1,((#5988,#5989),(#5990,#5991),(#5992,#5993),(#5994,#5995)),.UNSPECIFIED.,.F.,.F.,.U.,(4,4),(2,2),(9.0,10.0),(0.0,1.0),.PIECEWISE_BEZIER_KNOTS.);
#5988=CARTESIAN_POINT('',(-0.052403074,-0.045602502,0.159999997));
#5989=CARTESIAN_POINT('',(-0.052403074,-0.045602502,0.149999997));
#5990=CARTESIAN_POINT('',(-0.06311258,-0.047092822,0.159999997));
#5991=CARTESIAN_POINT('',(-0.06311258,-0.047092822,0.149999997));
#5992=CARTESIAN_POINT('',(-0.068467333,-0.052360928,0.159999997));
#5993=CARTESIAN_POINT('',(-0.068467333,-0.052360928,0.149999997));
#5994=CARTESIAN_POINT('',(-0.068467333,-0.061406822,0.159999997));
#5995=CARTESIAN_POINT('',(-0.068467333,-0.061406822,0.149999997));
#5996=ADVANCED_FACE('',(#5997),#6008,.F.);
#5997=FACE_BOUND('',#5998,.T.);
#5998=EDGE_LOOP('',(#5999,#6000,#6006,#6007));
#5999=ORIENTED_EDGE('',*,*,#295,.F.);
#6000=ORIENTED_EDGE('',*,*,#6001,.T.);
#6001=EDGE_CURVE('',#287,#5732,#6002,.F.);
#6002=LINE('',#6003,#6004);
#6003=CARTESIAN_POINT('',(-0.064308301,-0.071700425,0.159999997));
#6004=VECTOR('',#6005,1.0);
#6005=DIRECTION('',(0.0,0.0,-1.0));
#6006=ORIENTED_EDGE('',*,*,#5731,.F.);
#6007=ORIENTED_EDGE('',*,*,#5980,.F.);
#6008=B_SPLINE_SURFACE_WITH_KNOTS('',3,1,((#6009,#6010),(#6011,#6012),(#6013,#6014),(#6015,#6016)),.UNSPECIFIED.,.F.,.F.,.U.,(4,4),(2,2),(8.0,9.0),(0.0,1.0),.PIECEWISE_BEZIER_KNOTS.);
#6009=CARTESIAN_POINT('',(-0.068467333,-0.061406822,0.159999997));
#6010=CARTESIAN_POINT('',(-0.068467333,-0.061406822,0.149999997));
#6011=CARTESIAN_POINT('',(-0.068467333,-0.065739147,0.159999997));
#6012=CARTESIAN_POINT('',(-0.068467333,-0.065739147,0.149999997));
#6013=CARTESIAN_POINT('',(-0.067080989,-0.069170348,0.159999997));
#6014=CARTESIAN_POINT('',(-0.067080989,-0.069170348,0.149999997));
#6015=CARTESIAN_POINT('',(-0.064308301,-0.071700425,0.159999997));
#6016=CARTESIAN_POINT('',(-0.064308301,-0.071700425,0.149999997));
#6017=ADVANCED_FACE('',(#6018),#6029,.F.);
#6018=FACE_BOUND('',#6019,.T.);
#6019=EDGE_LOOP('',(#6020,#6021,#6027,#6028));
#6020=ORIENTED_EDGE('',*,*,#286,.F.);
#6021=ORIENTED_EDGE('',*,*,#6022,.T.);
#6022=EDGE_CURVE('',#278,#5741,#6023,.F.);
#6023=LINE('',#6024,#6025);
#6024=CARTESIAN_POINT('',(-0.053113575,-0.075512871,0.159999997));
#6025=VECTOR('',#6026,1.0);
#6026=DIRECTION('',(0.0,0.0,-1.0));
#6027=ORIENTED_EDGE('',*,*,#5740,.F.);
#6028=ORIENTED_EDGE('',*,*,#6001,.F.);
#6029=B_SPLINE_SURFACE_WITH_KNOTS('',3,1,((#6030,#6031),(#6032,#6033),(#6034,#6035),(#6036,#6037)),.UNSPECIFIED.,.F.,.F.,.U.,(4,4),(2,2),(7.0,8.0),(0.0,1.0),.PIECEWISE_BEZIER_KNOTS.);
#6030=CARTESIAN_POINT('',(-0.064308301,-0.071700425,0.159999997));
#6031=CARTESIAN_POINT('',(-0.064308301,-0.071700425,0.149999997));
#6032=CARTESIAN_POINT('',(-0.061535614,-0.074230503,0.159999997));
#6033=CARTESIAN_POINT('',(-0.061535614,-0.074230503,0.149999997));
#6034=CARTESIAN_POINT('',(-0.057809815,-0.075512871,0.159999997));
#6035=CARTESIAN_POINT('',(-0.057809815,-0.075512871,0.149999997));
#6036=CARTESIAN_POINT('',(-0.053113575,-0.075512871,0.159999997));
#6037=CARTESIAN_POINT('',(-0.053113575,-0.075512871,0.149999997));
#6038=ADVANCED_FACE('',(#6039),#6050,.F.);
#6039=FACE_BOUND('',#6040,.T.);
#6040=EDGE_LOOP('',(#6041,#6042,#6048,#6049));
#6041=ORIENTED_EDGE('',*,*,#277,.F.);
#6042=ORIENTED_EDGE('',*,*,#6043,.T.);
#6043=EDGE_CURVE('',#270,#5750,#6044,.F.);
#6044=LINE('',#6045,#6046);
#6045=CARTESIAN_POINT('',(-0.038279696,-0.06688288,0.159999997));
#6046=VECTOR('',#6047,1.0);
#6047=DIRECTION('',(0.0,0.0,-1.0));
#6048=ORIENTED_EDGE('',*,*,#5749,.F.);
#6049=ORIENTED_EDGE('',*,*,#6022,.F.);
#6050=B_SPLINE_SURFACE_WITH_KNOTS('',3,1,((#6051,#6052),(#6053,#6054),(#6055,#6056),(#6057,#6058)),.UNSPECIFIED.,.F.,.F.,.U.,(4,4),(2,2),(6.0,7.0),(0.0,1.0),.PIECEWISE_BEZIER_KNOTS.);
#6051=CARTESIAN_POINT('',(-0.053113575,-0.075512871,0.159999997));
#6052=CARTESIAN_POINT('',(-0.053113575,-0.075512871,0.149999997));
#6053=CARTESIAN_POINT('',(-0.046580429,-0.075512871,0.159999997));
#6054=CARTESIAN_POINT('',(-0.046580429,-0.075512871,0.149999997));
#6055=CARTESIAN_POINT('',(-0.04162425,-0.072636207,0.159999997));
#6056=CARTESIAN_POINT('',(-0.04162425,-0.072636207,0.149999997));
#6057=CARTESIAN_POINT('',(-0.038279696,-0.06688288,0.159999997));
#6058=CARTESIAN_POINT('',(-0.038279696,-0.06688288,0.149999997));
#6059=ADVANCED_FACE('',(#6060),#6071,.F.);
#6060=FACE_BOUND('',#6061,.T.);
#6061=EDGE_LOOP('',(#6062,#6063,#6069,#6070));
#6062=ORIENTED_EDGE('',*,*,#269,.F.);
#6063=ORIENTED_EDGE('',*,*,#6064,.T.);
#6064=EDGE_CURVE('',#262,#5759,#6065,.F.);
#6065=LINE('',#6066,#6067);
#6066=CARTESIAN_POINT('',(-0.038054415,-0.06688288,0.159999997));
#6067=VECTOR('',#6068,1.0);
#6068=DIRECTION('',(0.0,0.0,-1.0));
#6069=ORIENTED_EDGE('',*,*,#5758,.F.);
#6070=ORIENTED_EDGE('',*,*,#6043,.F.);
#6071=PLANE('',#6072);
#6072=AXIS2_PLACEMENT_3D('',#6073,#6074,#6075);
#6073=CARTESIAN_POINT('',(-0.038054415,-0.06688288,0.159999997));
#6074=DIRECTION('',(0.0,1.0,0.0));
#6075=DIRECTION('',(0.0,0.0,1.0));
#6076=ADVANCED_FACE('',(#6077),#6088,.F.);
#6077=FACE_BOUND('',#6078,.T.);
#6078=EDGE_LOOP('',(#6079,#6080,#6086,#6087));
#6079=ORIENTED_EDGE('',*,*,#261,.F.);
#6080=ORIENTED_EDGE('',*,*,#6081,.T.);
#6081=EDGE_CURVE('',#254,#5767,#6082,.F.);
#6082=LINE('',#6083,#6084);
#6083=CARTESIAN_POINT('',(-0.038054415,-0.074369137,0.159999997));
#6084=VECTOR('',#6085,1.0);
#6085=DIRECTION('',(0.0,0.0,-1.0));
#6086=ORIENTED_EDGE('',*,*,#5766,.F.);
#6087=ORIENTED_EDGE('',*,*,#6064,.F.);
#6088=PLANE('',#6089);
#6089=AXIS2_PLACEMENT_3D('',#6090,#6091,#6092);
#6090=CARTESIAN_POINT('',(-0.038054415,-0.074369137,0.159999997));
#6091=DIRECTION('',(1.0,0.0,0.0));
#6092=DIRECTION('',(0.0,0.0,-1.0));
#6093=ADVANCED_FACE('',(#6094),#6105,.F.);
#6094=FACE_BOUND('',#6095,.T.);
#6095=EDGE_LOOP('',(#6096,#6097,#6103,#6104));
#6096=ORIENTED_EDGE('',*,*,#253,.F.);
#6097=ORIENTED_EDGE('',*,*,#6098,.T.);
#6098=EDGE_CURVE('',#246,#5775,#6099,.F.);
#6099=LINE('',#6100,#6101);
#6100=CARTESIAN_POINT('',(-0.029563059,-0.074369137,0.159999997));
#6101=VECTOR('',#6102,1.0);
#6102=DIRECTION('',(0.0,0.0,-1.0));
#6103=ORIENTED_EDGE('',*,*,#5774,.F.);
#6104=ORIENTED_EDGE('',*,*,#6081,.F.);
#6105=PLANE('',#6106);
#6106=AXIS2_PLACEMENT_3D('',#6107,#6108,#6109);
#6107=CARTESIAN_POINT('',(-0.029563059,-0.074369137,0.159999997));
#6108=DIRECTION('',(0.0,1.0,0.0));
#6109=DIRECTION('',(0.0,0.0,1.0));
#6110=ADVANCED_FACE('',(#6111),#6122,.F.);
#6111=FACE_BOUND('',#6112,.T.);
#6112=EDGE_LOOP('',(#6113,#6114,#6120,#6121));
#6113=ORIENTED_EDGE('',*,*,#245,.F.);
#6114=ORIENTED_EDGE('',*,*,#6115,.T.);
#6115=EDGE_CURVE('',#237,#5783,#6116,.F.);
#6116=LINE('',#6117,#6118);
#6117=CARTESIAN_POINT('',(-0.029563059,-0.043211059,0.159999997));
#6118=VECTOR('',#6119,1.0);
#6119=DIRECTION('',(0.0,0.0,-1.0));
#6120=ORIENTED_EDGE('',*,*,#5782,.F.);
#6121=ORIENTED_EDGE('',*,*,#6098,.F.);
#6122=PLANE('',#6123);
#6123=AXIS2_PLACEMENT_3D('',#6124,#6125,#6126);
#6124=CARTESIAN_POINT('',(-0.029563059,-0.043211059,0.159999997));
#6125=DIRECTION('',(-1.0,0.0,0.0));
#6126=DIRECTION('',(0.0,0.0,1.0));
#6127=ADVANCED_FACE('',(#6128),#6134,.F.);
#6128=FACE_BOUND('',#6129,.T.);
#6129=EDGE_LOOP('',(#6130,#6131,#6132,#6133));
#6130=ORIENTED_EDGE('',*,*,#236,.F.);
#6131=ORIENTED_EDGE('',*,*,#5885,.F.);
#6132=ORIENTED_EDGE('',*,*,#5790,.F.);
#6133=ORIENTED_EDGE('',*,*,#6115,.F.);
#6134=B_SPLINE_SURFACE_WITH_KNOTS('',3,1,((#6135,#6136),(#6137,#6138),(#6139,#6140),(#6141,#6142)),.UNSPECIFIED.,.F.,.F.,.U.,(4,4),(2,2),(1.0,2.0),(0.0,1.0),.PIECEWISE_BEZIER_KNOTS.);
#6135=CARTESIAN_POINT('',(-0.029563059,-0.043211059,0.159999997));
#6136=CARTESIAN_POINT('',(-0.029563059,-0.043211059,0.149999997));
#6137=CARTESIAN_POINT('',(-0.029563059,-0.030941916,0.159999997));
#6138=CARTESIAN_POINT('',(-0.029563059,-0.030941916,0.149999997));
#6139=CARTESIAN_POINT('',(-0.035403032,-0.024842003,0.159999997));
#6140=CARTESIAN_POINT('',(-0.035403032,-0.024842003,0.149999997));
#6141=CARTESIAN_POINT('',(-0.04706565,-0.024842003,0.159999997));
#6142=CARTESIAN_POINT('',(-0.04706565,-0.024842003,0.149999997));
#6143=ADVANCED_FACE('',(#6144),#6170,.T.);
#6144=FACE_BOUND('',#6145,.T.);
#6145=EDGE_LOOP('',(#6146,#6157,#6163,#6164));
#6146=ORIENTED_EDGE('',*,*,#6147,.T.);
#6147=EDGE_CURVE('',#6148,#6150,#6152,.F.);
#6148=VERTEX_POINT('',#6149);
#6149=CARTESIAN_POINT('',(-0.057601863,-0.054579079,0.149999997));
#6150=VERTEX_POINT('',#6151);
#6151=CARTESIAN_POINT('',(-0.049387776,-0.051598439,0.149999997));
#6152=B_SPLINE_CURVE_WITH_KNOTS('',3,(#6153,#6154,#6155,#6156),.UNSPECIFIED.,.F.,.U.,(4,4),(0.0,1.0),.PIECEWISE_BEZIER_KNOTS.);
#6153=CARTESIAN_POINT('',(-0.049387776,-0.051598439,0.149999997));
#6154=CARTESIAN_POINT('',(-0.053356185,-0.052152977,0.149999997));
#6155=CARTESIAN_POINT('',(-0.056094214,-0.053123417,0.149999997));
#6156=CARTESIAN_POINT('',(-0.057601863,-0.054579079,0.149999997));
#6157=ORIENTED_EDGE('',*,*,#6158,.T.);
#6158=EDGE_CURVE('',#6150,#5811,#6159,.F.);
#6159=LINE('',#6160,#6161);
#6160=CARTESIAN_POINT('',(-0.049387776,-0.051598439,0.159999997));
#6161=VECTOR('',#6162,1.0);
#6162=DIRECTION('',(0.0,0.0,-1.0));
#6163=ORIENTED_EDGE('',*,*,#5810,.F.);
#6164=ORIENTED_EDGE('',*,*,#6165,.T.);
#6165=EDGE_CURVE('',#5802,#6148,#6166,.T.);
#6166=LINE('',#6167,#6168);
#6167=CARTESIAN_POINT('',(-0.057601863,-0.054579079,0.159999997));
#6168=VECTOR('',#6169,1.0);
#6169=DIRECTION('',(0.0,0.0,-1.0));
#6170=B_SPLINE_SURFACE_WITH_KNOTS('',3,1,((#6171,#6172),(#6173,#6174),(#6175,#6176),(#6177,#6178)),.UNSPECIFIED.,.F.,.F.,.U.,(4,4),(2,2),(0.0,1.0),(0.0,1.0),.PIECEWISE_BEZIER_KNOTS.);
#6171=CARTESIAN_POINT('',(-0.049387776,-0.051598439,0.159999997));
#6172=CARTESIAN_POINT('',(-0.049387776,-0.051598439,0.149999997));
#6173=CARTESIAN_POINT('',(-0.053356185,-0.052152977,0.159999997));
#6174=CARTESIAN_POINT('',(-0.053356185,-0.052152977,0.149999997));
#6175=CARTESIAN_POINT('',(-0.056094214,-0.053123417,0.159999997));
#6176=CARTESIAN_POINT('',(-0.056094214,-0.053123417,0.149999997));
#6177=CARTESIAN_POINT('',(-0.057601863,-0.054579079,0.159999997));
#6178=CARTESIAN_POINT('',(-0.057601863,-0.054579079,0.149999997));
#6179=ADVANCED_FACE('',(#6180),#6199,.T.);
#6180=FACE_BOUND('',#6181,.T.);
#6181=EDGE_LOOP('',(#6182,#6191,#6192,#6193));
#6182=ORIENTED_EDGE('',*,*,#6183,.T.);
#6183=EDGE_CURVE('',#6184,#6148,#6186,.F.);
#6184=VERTEX_POINT('',#6185);
#6185=CARTESIAN_POINT('',(-0.059854672,-0.06071365,0.149999997));
#6186=B_SPLINE_CURVE_WITH_KNOTS('',3,(#6187,#6188,#6189,#6190),.UNSPECIFIED.,.F.,.U.,(4,4),(1.0,2.0),.PIECEWISE_BEZIER_KNOTS.);
#6187=CARTESIAN_POINT('',(-0.057601863,-0.054579079,0.149999997));
#6188=CARTESIAN_POINT('',(-0.059092183,-0.05603474,0.149999997));
#6189=CARTESIAN_POINT('',(-0.059854672,-0.058079597,0.149999997));
#6190=CARTESIAN_POINT('',(-0.059854672,-0.06071365,0.149999997));
#6191=ORIENTED_EDGE('',*,*,#6165,.F.);
#6192=ORIENTED_EDGE('',*,*,#5799,.F.);
#6193=ORIENTED_EDGE('',*,*,#6194,.T.);
#6194=EDGE_CURVE('',#5800,#6184,#6195,.T.);
#6195=LINE('',#6196,#6197);
#6196=CARTESIAN_POINT('',(-0.059854672,-0.06071365,0.159999997));
#6197=VECTOR('',#6198,1.0);
#6198=DIRECTION('',(0.0,0.0,-1.0));
#6199=B_SPLINE_SURFACE_WITH_KNOTS('',3,1,((#6200,#6201),(#6202,#6203),(#6204,#6205),(#6206,#6207)),.UNSPECIFIED.,.F.,.F.,.U.,(4,4),(2,2),(1.0,2.0),(0.0,1.0),.PIECEWISE_BEZIER_KNOTS.);
#6200=CARTESIAN_POINT('',(-0.057601863,-0.054579079,0.159999997));
#6201=CARTESIAN_POINT('',(-0.057601863,-0.054579079,0.149999997));
#6202=CARTESIAN_POINT('',(-0.059092183,-0.05603474,0.159999997));
#6203=CARTESIAN_POINT('',(-0.059092183,-0.05603474,0.149999997));
#6204=CARTESIAN_POINT('',(-0.059854672,-0.058079597,0.159999997));
#6205=CARTESIAN_POINT('',(-0.059854672,-0.058079597,0.149999997));
#6206=CARTESIAN_POINT('',(-0.059854672,-0.06071365,0.159999997));
#6207=CARTESIAN_POINT('',(-0.059854672,-0.06071365,0.149999997));
#6208=ADVANCED_FACE('',(#6209),#6228,.T.);
#6209=FACE_BOUND('',#6210,.T.);
#6210=EDGE_LOOP('',(#6211,#6220,#6221,#6222));
#6211=ORIENTED_EDGE('',*,*,#6212,.T.);
#6212=EDGE_CURVE('',#6213,#6184,#6215,.F.);
#6213=VERTEX_POINT('',#6214);
#6214=CARTESIAN_POINT('',(-0.057393911,-0.066363001,0.149999997));
#6215=B_SPLINE_CURVE_WITH_KNOTS('',3,(#6216,#6217,#6218,#6219),.UNSPECIFIED.,.F.,.U.,(4,4),(2.0,3.0),.PIECEWISE_BEZIER_KNOTS.);
#6216=CARTESIAN_POINT('',(-0.059854672,-0.06071365,0.149999997));
#6217=CARTESIAN_POINT('',(-0.059854672,-0.063035776,0.149999997));
#6218=CARTESIAN_POINT('',(-0.059040195,-0.06490734,0.149999997));
#6219=CARTESIAN_POINT('',(-0.057393911,-0.066363001,0.149999997));
#6220=ORIENTED_EDGE('',*,*,#6194,.F.);
#6221=ORIENTED_EDGE('',*,*,#5862,.F.);
#6222=ORIENTED_EDGE('',*,*,#6223,.T.);
#6223=EDGE_CURVE('',#5854,#6213,#6224,.T.);
#6224=LINE('',#6225,#6226);
#6225=CARTESIAN_POINT('',(-0.057393911,-0.066363001,0.159999997));
#6226=VECTOR('',#6227,1.0);
#6227=DIRECTION('',(0.0,0.0,-1.0));
#6228=B_SPLINE_SURFACE_WITH_KNOTS('',3,1,((#6229,#6230),(#6231,#6232),(#6233,#6234),(#6235,#6236)),.UNSPECIFIED.,.F.,.F.,.U.,(4,4),(2,2),(2.0,3.0),(0.0,1.0),.PIECEWISE_BEZIER_KNOTS.);
#6229=CARTESIAN_POINT('',(-0.059854672,-0.06071365,0.159999997));
#6230=CARTESIAN_POINT('',(-0.059854672,-0.06071365,0.149999997));
#6231=CARTESIAN_POINT('',(-0.059854672,-0.063035776,0.159999997));
#6232=CARTESIAN_POINT('',(-0.059854672,-0.063035776,0.149999997));
#6233=CARTESIAN_POINT('',(-0.059040195,-0.06490734,0.159999997));
#6234=CARTESIAN_POINT('',(-0.059040195,-0.06490734,0.149999997));
#6235=CARTESIAN_POINT('',(-0.057393911,-0.066363001,0.159999997));
#6236=CARTESIAN_POINT('',(-0.057393911,-0.066363001,0.149999997));
#6237=ADVANCED_FACE('',(#6238),#6257,.T.);
#6238=FACE_BOUND('',#6239,.T.);
#6239=EDGE_LOOP('',(#6240,#6249,#6250,#6251));
#6240=ORIENTED_EDGE('',*,*,#6241,.T.);
#6241=EDGE_CURVE('',#6242,#6213,#6244,.F.);
#6242=VERTEX_POINT('',#6243);
#6243=CARTESIAN_POINT('',(-0.050912754,-0.068546493,0.149999997));
#6244=B_SPLINE_CURVE_WITH_KNOTS('',3,(#6245,#6246,#6247,#6248),.UNSPECIFIED.,.F.,.U.,(4,4),(3.0,4.0),.PIECEWISE_BEZIER_KNOTS.);
#6245=CARTESIAN_POINT('',(-0.057393911,-0.066363001,0.149999997));
#6246=CARTESIAN_POINT('',(-0.055764957,-0.067818662,0.149999997));
#6247=CARTESIAN_POINT('',(-0.053598795,-0.068546493,0.149999997));
#6248=CARTESIAN_POINT('',(-0.050912754,-0.068546493,0.149999997));
#6249=ORIENTED_EDGE('',*,*,#6223,.F.);
#6250=ORIENTED_EDGE('',*,*,#5853,.F.);
#6251=ORIENTED_EDGE('',*,*,#6252,.T.);
#6252=EDGE_CURVE('',#5845,#6242,#6253,.T.);
#6253=LINE('',#6254,#6255);
#6254=CARTESIAN_POINT('',(-0.050912754,-0.068546493,0.159999997));
#6255=VECTOR('',#6256,1.0);
#6256=DIRECTION('',(0.0,0.0,-1.0));
#6257=B_SPLINE_SURFACE_WITH_KNOTS('',3,1,((#6258,#6259),(#6260,#6261),(#6262,#6263),(#6264,#6265)),.UNSPECIFIED.,.F.,.F.,.U.,(4,4),(2,2),(3.0,4.0),(0.0,1.0),.PIECEWISE_BEZIER_KNOTS.);
#6258=CARTESIAN_POINT('',(-0.057393911,-0.066363001,0.159999997));
#6259=CARTESIAN_POINT('',(-0.057393911,-0.066363001,0.149999997));
#6260=CARTESIAN_POINT('',(-0.055764957,-0.067818662,0.159999997));
#6261=CARTESIAN_POINT('',(-0.055764957,-0.067818662,0.149999997));
#6262=CARTESIAN_POINT('',(-0.053598795,-0.068546493,0.159999997));
#6263=CARTESIAN_POINT('',(-0.053598795,-0.068546493,0.149999997));
#6264=CARTESIAN_POINT('',(-0.050912754,-0.068546493,0.159999997));
#6265=CARTESIAN_POINT('',(-0.050912754,-0.068546493,0.149999997));
#6266=ADVANCED_FACE('',(#6267),#6286,.T.);
#6267=FACE_BOUND('',#6268,.T.);
#6268=EDGE_LOOP('',(#6269,#6278,#6279,#6280));
#6269=ORIENTED_EDGE('',*,*,#6270,.T.);
#6270=EDGE_CURVE('',#6271,#6242,#6273,.F.);
#6271=VERTEX_POINT('',#6272);
#6272=CARTESIAN_POINT('',(-0.041693567,-0.064595413,0.149999997));
#6273=B_SPLINE_CURVE_WITH_KNOTS('',3,(#6274,#6275,#6276,#6277),.UNSPECIFIED.,.F.,.U.,(4,4),(4.0,5.0),.PIECEWISE_BEZIER_KNOTS.);
#6274=CARTESIAN_POINT('',(-0.050912754,-0.068546493,0.149999997));
#6275=CARTESIAN_POINT('',(-0.047186955,-0.068546493,0.149999997));
#6276=CARTESIAN_POINT('',(-0.04410234,-0.067229466,0.149999997));
#6277=CARTESIAN_POINT('',(-0.041693567,-0.064595413,0.149999997));
#6278=ORIENTED_EDGE('',*,*,#6252,.F.);
#6279=ORIENTED_EDGE('',*,*,#5844,.F.);
#6280=ORIENTED_EDGE('',*,*,#6281,.T.);
#6281=EDGE_CURVE('',#5836,#6271,#6282,.T.);
#6282=LINE('',#6283,#6284);
#6283=CARTESIAN_POINT('',(-0.041693567,-0.064595413,0.159999997));
#6284=VECTOR('',#6285,1.0);
#6285=DIRECTION('',(0.0,0.0,-1.0));
#6286=B_SPLINE_SURFACE_WITH_KNOTS('',3,1,((#6287,#6288),(#6289,#6290),(#6291,#6292),(#6293,#6294)),.UNSPECIFIED.,.F.,.F.,.U.,(4,4),(2,2),(4.0,5.0),(0.0,1.0),.PIECEWISE_BEZIER_KNOTS.);
#6287=CARTESIAN_POINT('',(-0.050912754,-0.068546493,0.159999997));
#6288=CARTESIAN_POINT('',(-0.050912754,-0.068546493,0.149999997));
#6289=CARTESIAN_POINT('',(-0.047186955,-0.068546493,0.159999997));
#6290=CARTESIAN_POINT('',(-0.047186955,-0.068546493,0.149999997));
#6291=CARTESIAN_POINT('',(-0.04410234,-0.067229466,0.159999997));
#6292=CARTESIAN_POINT('',(-0.04410234,-0.067229466,0.149999997));
#6293=CARTESIAN_POINT('',(-0.041693567,-0.064595413,0.159999997));
#6294=CARTESIAN_POINT('',(-0.041693567,-0.064595413,0.149999997));
#6295=ADVANCED_FACE('',(#6296),#6315,.T.);
#6296=FACE_BOUND('',#6297,.T.);
#6297=EDGE_LOOP('',(#6298,#6307,#6308,#6309));
#6298=ORIENTED_EDGE('',*,*,#6299,.T.);
#6299=EDGE_CURVE('',#6300,#6271,#6302,.F.);
#6300=VERTEX_POINT('',#6301);
#6301=CARTESIAN_POINT('',(-0.038054415,-0.054717713,0.149999997));
#6302=B_SPLINE_CURVE_WITH_KNOTS('',3,(#6303,#6304,#6305,#6306),.UNSPECIFIED.,.F.,.U.,(4,4),(5.0,6.0),.PIECEWISE_BEZIER_KNOTS.);
#6303=CARTESIAN_POINT('',(-0.041693567,-0.064595413,0.149999997));
#6304=CARTESIAN_POINT('',(-0.039267466,-0.061996018,0.149999997));
#6305=CARTESIAN_POINT('',(-0.038054415,-0.058703451,0.149999997));
#6306=CARTESIAN_POINT('',(-0.038054415,-0.054717713,0.149999997));
#6307=ORIENTED_EDGE('',*,*,#6281,.F.);
#6308=ORIENTED_EDGE('',*,*,#5835,.F.);
#6309=ORIENTED_EDGE('',*,*,#6310,.T.);
#6310=EDGE_CURVE('',#5828,#6300,#6311,.T.);
#6311=LINE('',#6312,#6313);
#6312=CARTESIAN_POINT('',(-0.038054415,-0.054717713,0.159999997));
#6313=VECTOR('',#6314,1.0);
#6314=DIRECTION('',(0.0,0.0,-1.0));
#6315=B_SPLINE_SURFACE_WITH_KNOTS('',3,1,((#6316,#6317),(#6318,#6319),(#6320,#6321),(#6322,#6323)),.UNSPECIFIED.,.F.,.F.,.U.,(4,4),(2,2),(5.0,6.0),(0.0,1.0),.PIECEWISE_BEZIER_KNOTS.);
#6316=CARTESIAN_POINT('',(-0.041693567,-0.064595413,0.159999997));
#6317=CARTESIAN_POINT('',(-0.041693567,-0.064595413,0.149999997));
#6318=CARTESIAN_POINT('',(-0.039267466,-0.061996018,0.159999997));
#6319=CARTESIAN_POINT('',(-0.039267466,-0.061996018,0.149999997));
#6320=CARTESIAN_POINT('',(-0.038054415,-0.058703451,0.159999997));
#6321=CARTESIAN_POINT('',(-0.038054415,-0.058703451,0.149999997));
#6322=CARTESIAN_POINT('',(-0.038054415,-0.054717713,0.159999997));
#6323=CARTESIAN_POINT('',(-0.038054415,-0.054717713,0.149999997));
#6324=ADVANCED_FACE('',(#6325),#6343,.T.);
#6325=FACE_BOUND('',#6326,.T.);
#6326=EDGE_LOOP('',(#6327,#6335,#6336,#6337));
#6327=ORIENTED_EDGE('',*,*,#6328,.T.);
#6328=EDGE_CURVE('',#6329,#6300,#6331,.F.);
#6329=VERTEX_POINT('',#6330);
#6330=CARTESIAN_POINT('',(-0.038054415,-0.050073461,0.149999997));
#6331=LINE('',#6332,#6333);
#6332=CARTESIAN_POINT('',(-0.038054415,-0.054717713,0.149999997));
#6333=VECTOR('',#6334,1.0);
#6334=DIRECTION('',(0.0,1.0,0.0));
#6335=ORIENTED_EDGE('',*,*,#6310,.F.);
#6336=ORIENTED_EDGE('',*,*,#5827,.F.);
#6337=ORIENTED_EDGE('',*,*,#6338,.T.);
#6338=EDGE_CURVE('',#5820,#6329,#6339,.T.);
#6339=LINE('',#6340,#6341);
#6340=CARTESIAN_POINT('',(-0.038054415,-0.050073461,0.159999997));
#6341=VECTOR('',#6342,1.0);
#6342=DIRECTION('',(0.0,0.0,-1.0));
#6343=PLANE('',#6344);
#6344=AXIS2_PLACEMENT_3D('',#6345,#6346,#6347);
#6345=CARTESIAN_POINT('',(-0.038054415,-0.054717713,0.159999997));
#6346=DIRECTION('',(-1.0,0.0,0.0));
#6347=DIRECTION('',(0.0,0.0,1.0));
#6348=ADVANCED_FACE('',(#6349),#6360,.T.);
#6349=FACE_BOUND('',#6350,.T.);
#6350=EDGE_LOOP('',(#6351,#6357,#6358,#6359));
#6351=ORIENTED_EDGE('',*,*,#6352,.T.);
#6352=EDGE_CURVE('',#6150,#6329,#6353,.F.);
#6353=LINE('',#6354,#6355);
#6354=CARTESIAN_POINT('',(-0.038054415,-0.050073461,0.149999997));
#6355=VECTOR('',#6356,1.0);
#6356=DIRECTION('',(-0.991068366,-0.133354765,0.0));
#6357=ORIENTED_EDGE('',*,*,#6338,.F.);
#6358=ORIENTED_EDGE('',*,*,#5819,.F.);
#6359=ORIENTED_EDGE('',*,*,#6158,.F.);
#6360=PLANE('',#6361);
#6361=AXIS2_PLACEMENT_3D('',#6362,#6363,#6364);
#6362=CARTESIAN_POINT('',(-0.038054415,-0.050073461,0.159999997));
#6363=DIRECTION('',(0.133354765,-0.991068366,0.0));
#6364=DIRECTION('',(0.991068366,0.133354765,0.0));
#6365=ADVANCED_FACE('',(#6366),#6376,.F.);
#6366=FACE_BOUND('',#6367,.T.);
#6367=EDGE_LOOP('',(#6368,#6369,#6370,#6371,#6372,#6373,#6374,#6375));
#6368=ORIENTED_EDGE('',*,*,#6352,.F.);
#6369=ORIENTED_EDGE('',*,*,#6147,.F.);
#6370=ORIENTED_EDGE('',*,*,#6183,.F.);
#6371=ORIENTED_EDGE('',*,*,#6212,.F.);
#6372=ORIENTED_EDGE('',*,*,#6241,.F.);
#6373=ORIENTED_EDGE('',*,*,#6270,.F.);
#6374=ORIENTED_EDGE('',*,*,#6299,.F.);
#6375=ORIENTED_EDGE('',*,*,#6328,.F.);
#6376=PLANE('',#6377);
#6377=AXIS2_PLACEMENT_3D('',#6378,#6379,#6380);
#6378=CARTESIAN_POINT('',(0.0,0.0,0.149999997));
#6379=DIRECTION('',(0.0,0.0,-1.0));
#6380=DIRECTION('',(-1.0,0.0,0.0));
#6381=ADVANCED_FACE('',(#6382),#6408,.F.);
#6382=FACE_BOUND('',#6383,.T.);
#6383=EDGE_LOOP('',(#6384,#6385,#6393,#6402));
#6384=ORIENTED_EDGE('',*,*,#1078,.F.);
#6385=ORIENTED_EDGE('',*,*,#6386,.T.);
#6386=EDGE_CURVE('',#1079,#6387,#6389,.F.);
#6387=VERTEX_POINT('',#6388);
#6388=CARTESIAN_POINT('',(-0.018056404,-0.063902241,0.159999997));
#6389=LINE('',#6390,#6391);
#6390=CARTESIAN_POINT('',(-0.018056404,-0.063902241,0.159999997));
#6391=VECTOR('',#6392,1.0);
#6392=DIRECTION('',(0.0,0.0,-1.0));
#6393=ORIENTED_EDGE('',*,*,#6394,.T.);
#6394=EDGE_CURVE('',#6387,#6395,#6397,.F.);
#6395=VERTEX_POINT('',#6396);
#6396=CARTESIAN_POINT('',(-0.00408899,-0.068581151,0.159999997));
#6397=B_SPLINE_CURVE_WITH_KNOTS('',3,(#6398,#6399,#6400,#6401),.UNSPECIFIED.,.F.,.U.,(4,4),(0.0,1.0),.PIECEWISE_BEZIER_KNOTS.);
#6398=CARTESIAN_POINT('',(-0.00408899,-0.068581151,0.159999997));
#6399=CARTESIAN_POINT('',(-0.009079828,-0.068581151,0.159999997));
#6400=CARTESIAN_POINT('',(-0.01372408,-0.067021515,0.159999997));
#6401=CARTESIAN_POINT('',(-0.018056404,-0.063902241,0.159999997));
#6402=ORIENTED_EDGE('',*,*,#6403,.T.);
#6403=EDGE_CURVE('',#6395,#1081,#6404,.T.);
#6404=LINE('',#6405,#6406);
#6405=CARTESIAN_POINT('',(-0.00408899,-0.068581151,0.159999997));
#6406=VECTOR('',#6407,1.0);
#6407=DIRECTION('',(0.0,0.0,-1.0));
#6408=B_SPLINE_SURFACE_WITH_KNOTS('',3,1,((#6409,#6410),(#6411,#6412),(#6413,#6414),(#6415,#6416)),.UNSPECIFIED.,.F.,.F.,.U.,(4,4),(2,2),(0.0,1.0),(0.0,1.0),.PIECEWISE_BEZIER_KNOTS.);
#6409=CARTESIAN_POINT('',(-0.00408899,-0.068581151,0.159999997));
#6410=CARTESIAN_POINT('',(-0.00408899,-0.068581151,0.149999997));
#6411=CARTESIAN_POINT('',(-0.009079828,-0.068581151,0.159999997));
#6412=CARTESIAN_POINT('',(-0.009079828,-0.068581151,0.149999997));
#6413=CARTESIAN_POINT('',(-0.01372408,-0.067021515,0.159999997));
#6414=CARTESIAN_POINT('',(-0.01372408,-0.067021515,0.149999997));
#6415=CARTESIAN_POINT('',(-0.018056404,-0.063902241,0.159999997));
#6416=CARTESIAN_POINT('',(-0.018056404,-0.063902241,0.149999997));
#6417=ADVANCED_FACE('',(#6418),#6436,.F.);
#6418=FACE_BOUND('',#6419,.T.);
#6419=EDGE_LOOP('',(#6420,#6421,#6429,#6435));
#6420=ORIENTED_EDGE('',*,*,#1259,.F.);
#6421=ORIENTED_EDGE('',*,*,#6422,.T.);
#6422=EDGE_CURVE('',#1251,#6423,#6425,.F.);
#6423=VERTEX_POINT('',#6424);
#6424=CARTESIAN_POINT('',(-0.018056404,-0.072670866,0.159999997));
#6425=LINE('',#6426,#6427);
#6426=CARTESIAN_POINT('',(-0.018056404,-0.072670866,0.159999997));
#6427=VECTOR('',#6428,1.0);
#6428=DIRECTION('',(0.0,0.0,-1.0));
#6429=ORIENTED_EDGE('',*,*,#6430,.T.);
#6430=EDGE_CURVE('',#6423,#6387,#6431,.F.);
#6431=LINE('',#6432,#6433);
#6432=CARTESIAN_POINT('',(-0.018056404,-0.072670866,0.159999997));
#6433=VECTOR('',#6434,1.0);
#6434=DIRECTION('',(0.0,-1.0,0.0));
#6435=ORIENTED_EDGE('',*,*,#6386,.F.);
#6436=PLANE('',#6437);
#6437=AXIS2_PLACEMENT_3D('',#6438,#6439,#6440);
#6438=CARTESIAN_POINT('',(-0.018056404,-0.072670866,0.159999997));
#6439=DIRECTION('',(1.0,0.0,0.0));
#6440=DIRECTION('',(0.0,0.0,-1.0));
#6441=ADVANCED_FACE('',(#6442),#6461,.F.);
#6442=FACE_BOUND('',#6443,.T.);
#6443=EDGE_LOOP('',(#6444,#6445,#6453,#6460));
#6444=ORIENTED_EDGE('',*,*,#1250,.F.);
#6445=ORIENTED_EDGE('',*,*,#6446,.T.);
#6446=EDGE_CURVE('',#1242,#6447,#6449,.F.);
#6447=VERTEX_POINT('',#6448);
#6448=CARTESIAN_POINT('',(-0.004920796,-0.075512871,0.159999997));
#6449=LINE('',#6450,#6451);
#6450=CARTESIAN_POINT('',(-0.004920796,-0.075512871,0.159999997));
#6451=VECTOR('',#6452,1.0);
#6452=DIRECTION('',(0.0,0.0,-1.0));
#6453=ORIENTED_EDGE('',*,*,#6454,.T.);
#6454=EDGE_CURVE('',#6447,#6423,#6455,.F.);
#6455=B_SPLINE_CURVE_WITH_KNOTS('',3,(#6456,#6457,#6458,#6459),.UNSPECIFIED.,.F.,.U.,(4,4),(19.0,20.0),.PIECEWISE_BEZIER_KNOTS.);
#6456=CARTESIAN_POINT('',(-0.018056404,-0.072670866,0.159999997));
#6457=CARTESIAN_POINT('',(-0.014313276,-0.07454243,0.159999997));
#6458=CARTESIAN_POINT('',(-0.009946293,-0.075512871,0.159999997));
#6459=CARTESIAN_POINT('',(-0.004920796,-0.075512871,0.159999997));
#6460=ORIENTED_EDGE('',*,*,#6422,.F.);
#6461=B_SPLINE_SURFACE_WITH_KNOTS('',3,1,((#6462,#6463),(#6464,#6465),(#6466,#6467),(#6468,#6469)),.UNSPECIFIED.,.F.,.F.,.U.,(4,4),(2,2),(19.0,20.0),(0.0,1.0),.PIECEWISE_BEZIER_KNOTS.);
#6462=CARTESIAN_POINT('',(-0.018056404,-0.072670866,0.159999997));
#6463=CARTESIAN_POINT('',(-0.018056404,-0.072670866,0.149999997));
#6464=CARTESIAN_POINT('',(-0.014313276,-0.07454243,0.159999997));
#6465=CARTESIAN_POINT('',(-0.014313276,-0.07454243,0.149999997));
#6466=CARTESIAN_POINT('',(-0.009946293,-0.075512871,0.159999997));
#6467=CARTESIAN_POINT('',(-0.009946293,-0.075512871,0.149999997));
#6468=CARTESIAN_POINT('',(-0.004920796,-0.075512871,0.159999997));
#6469=CARTESIAN_POINT('',(-0.004920796,-0.075512871,0.149999997));
#6470=ADVANCED_FACE('',(#6471),#6490,.F.);
#6471=FACE_BOUND('',#6472,.T.);
#6472=EDGE_LOOP('',(#6473,#6474,#6482,#6489));
#6473=ORIENTED_EDGE('',*,*,#1241,.F.);
#6474=ORIENTED_EDGE('',*,*,#6475,.T.);
#6475=EDGE_CURVE('',#1233,#6476,#6478,.F.);
#6476=VERTEX_POINT('',#6477);
#6477=CARTESIAN_POINT('',(0.009185252,-0.071665767,0.159999997));
#6478=LINE('',#6479,#6480);
#6479=CARTESIAN_POINT('',(0.009185252,-0.071665767,0.159999997));
#6480=VECTOR('',#6481,1.0);
#6481=DIRECTION('',(0.0,0.0,-1.0));
#6482=ORIENTED_EDGE('',*,*,#6483,.T.);
#6483=EDGE_CURVE('',#6476,#6447,#6484,.F.);
#6484=B_SPLINE_CURVE_WITH_KNOTS('',3,(#6485,#6486,#6487,#6488),.UNSPECIFIED.,.F.,.U.,(4,4),(18.0,19.0),.PIECEWISE_BEZIER_KNOTS.);
#6485=CARTESIAN_POINT('',(-0.004920796,-0.075512871,0.159999997));
#6486=CARTESIAN_POINT('',(8.498598826E-04,-0.075512871,0.159999997));
#6487=CARTESIAN_POINT('',(0.005563429,-0.074230503,0.159999997));
#6488=CARTESIAN_POINT('',(0.009185252,-0.071665767,0.159999997));
#6489=ORIENTED_EDGE('',*,*,#6446,.F.);
#6490=B_SPLINE_SURFACE_WITH_KNOTS('',3,1,((#6491,#6492),(#6493,#6494),(#6495,#6496),(#6497,#6498)),.UNSPECIFIED.,.F.,.F.,.U.,(4,4),(2,2),(18.0,19.0),(0.0,1.0),.PIECEWISE_BEZIER_KNOTS.);
#6491=CARTESIAN_POINT('',(-0.004920796,-0.075512871,0.159999997));
#6492=CARTESIAN_POINT('',(-0.004920796,-0.075512871,0.149999997));
#6493=CARTESIAN_POINT('',(8.498598826E-04,-0.075512871,0.159999997));
#6494=CARTESIAN_POINT('',(8.498598826E-04,-0.075512871,0.149999997));
#6495=CARTESIAN_POINT('',(0.005563429,-0.074230503,0.159999997));
#6496=CARTESIAN_POINT('',(0.005563429,-0.074230503,0.149999997));
#6497=CARTESIAN_POINT('',(0.009185252,-0.071665767,0.159999997));
#6498=CARTESIAN_POINT('',(0.009185252,-0.071665767,0.149999997));
#6499=ADVANCED_FACE('',(#6500),#6519,.F.);
#6500=FACE_BOUND('',#6501,.T.);
#6501=EDGE_LOOP('',(#6502,#6503,#6511,#6518));
#6502=ORIENTED_EDGE('',*,*,#1232,.F.);
#6503=ORIENTED_EDGE('',*,*,#6504,.T.);
#6504=EDGE_CURVE('',#1224,#6505,#6507,.F.);
#6505=VERTEX_POINT('',#6506);
#6506=CARTESIAN_POINT('',(0.014643981,-0.06119887,0.159999997));
#6507=LINE('',#6508,#6509);
#6508=CARTESIAN_POINT('',(0.014643981,-0.06119887,0.159999997));
#6509=VECTOR('',#6510,1.0);
#6510=DIRECTION('',(0.0,0.0,-1.0));
#6511=ORIENTED_EDGE('',*,*,#6512,.T.);
#6512=EDGE_CURVE('',#6505,#6476,#6513,.F.);
#6513=B_SPLINE_CURVE_WITH_KNOTS('',3,(#6514,#6515,#6516,#6517),.UNSPECIFIED.,.F.,.U.,(4,4),(17.0,18.0),.PIECEWISE_BEZIER_KNOTS.);
#6514=CARTESIAN_POINT('',(0.009185252,-0.071665767,0.159999997));
#6515=CARTESIAN_POINT('',(0.012824405,-0.069135689,0.159999997));
#6516=CARTESIAN_POINT('',(0.014643981,-0.065635171,0.159999997));
#6517=CARTESIAN_POINT('',(0.014643981,-0.06119887,0.159999997));
#6518=ORIENTED_EDGE('',*,*,#6475,.F.);
#6519=B_SPLINE_SURFACE_WITH_KNOTS('',3,1,((#6520,#6521),(#6522,#6523),(#6524,#6525),(#6526,#6527)),.UNSPECIFIED.,.F.,.F.,.U.,(4,4),(2,2),(17.0,18.0),(0.0,1.0),.PIECEWISE_BEZIER_KNOTS.);
#6520=CARTESIAN_POINT('',(0.009185252,-0.071665767,0.159999997));
#6521=CARTESIAN_POINT('',(0.009185252,-0.071665767,0.149999997));
#6522=CARTESIAN_POINT('',(0.012824405,-0.069135689,0.159999997));
#6523=CARTESIAN_POINT('',(0.012824405,-0.069135689,0.149999997));
#6524=CARTESIAN_POINT('',(0.014643981,-0.065635171,0.159999997));
#6525=CARTESIAN_POINT('',(0.014643981,-0.065635171,0.149999997));
#6526=CARTESIAN_POINT('',(0.014643981,-0.06119887,0.159999997));
#6527=CARTESIAN_POINT('',(0.014643981,-0.06119887,0.149999997));
#6528=ADVANCED_FACE('',(#6529),#6548,.F.);
#6529=FACE_BOUND('',#6530,.T.);
#6530=EDGE_LOOP('',(#6531,#6532,#6540,#6547));
#6531=ORIENTED_EDGE('',*,*,#1223,.F.);
#6532=ORIENTED_EDGE('',*,*,#6533,.T.);
#6533=EDGE_CURVE('',#1215,#6534,#6536,.F.);
#6534=VERTEX_POINT('',#6535);
#6535=CARTESIAN_POINT('',(0.011801976,-0.053192735,0.159999997));
#6536=LINE('',#6537,#6538);
#6537=CARTESIAN_POINT('',(0.011801976,-0.053192735,0.159999997));
#6538=VECTOR('',#6539,1.0);
#6539=DIRECTION('',(0.0,0.0,-1.0));
#6540=ORIENTED_EDGE('',*,*,#6541,.T.);
#6541=EDGE_CURVE('',#6534,#6505,#6542,.F.);
#6542=B_SPLINE_CURVE_WITH_KNOTS('',3,(#6543,#6544,#6545,#6546),.UNSPECIFIED.,.F.,.U.,(4,4),(16.0,17.0),.PIECEWISE_BEZIER_KNOTS.);
#6543=CARTESIAN_POINT('',(0.014643981,-0.06119887,0.159999997));
#6544=CARTESIAN_POINT('',(0.014643981,-0.05801028,0.159999997));
#6545=CARTESIAN_POINT('',(0.01369087,-0.055341568,0.159999997));
#6546=CARTESIAN_POINT('',(0.011801976,-0.053192735,0.159999997));
#6547=ORIENTED_EDGE('',*,*,#6504,.F.);
#6548=B_SPLINE_SURFACE_WITH_KNOTS('',3,1,((#6549,#6550),(#6551,#6552),(#6553,#6554),(#6555,#6556)),.UNSPECIFIED.,.F.,.F.,.U.,(4,4),(2,2),(16.0,17.0),(0.0,1.0),.PIECEWISE_BEZIER_KNOTS.);
#6549=CARTESIAN_POINT('',(0.014643981,-0.06119887,0.159999997));
#6550=CARTESIAN_POINT('',(0.014643981,-0.06119887,0.149999997));
#6551=CARTESIAN_POINT('',(0.014643981,-0.05801028,0.159999997));
#6552=CARTESIAN_POINT('',(0.014643981,-0.05801028,0.149999997));
#6553=CARTESIAN_POINT('',(0.01369087,-0.055341568,0.159999997));
#6554=CARTESIAN_POINT('',(0.01369087,-0.055341568,0.149999997));
#6555=CARTESIAN_POINT('',(0.011801976,-0.053192735,0.159999997));
#6556=CARTESIAN_POINT('',(0.011801976,-0.053192735,0.149999997));
#6557=ADVANCED_FACE('',(#6558),#6577,.F.);
#6558=FACE_BOUND('',#6559,.T.);
#6559=EDGE_LOOP('',(#6560,#6561,#6569,#6576));
#6560=ORIENTED_EDGE('',*,*,#1214,.F.);
#6561=ORIENTED_EDGE('',*,*,#6562,.T.);
#6562=EDGE_CURVE('',#1206,#6563,#6565,.F.);
#6563=VERTEX_POINT('',#6564);
#6564=CARTESIAN_POINT('',(8.498598826E-04,-0.046919529,0.159999997));
#6565=LINE('',#6566,#6567);
#6566=CARTESIAN_POINT('',(8.498598826E-04,-0.046919529,0.159999997));
#6567=VECTOR('',#6568,1.0);
#6568=DIRECTION('',(0.0,0.0,-1.0));
#6569=ORIENTED_EDGE('',*,*,#6570,.T.);
#6570=EDGE_CURVE('',#6563,#6534,#6571,.F.);
#6571=B_SPLINE_CURVE_WITH_KNOTS('',3,(#6572,#6573,#6574,#6575),.UNSPECIFIED.,.F.,.U.,(4,4),(15.0,16.0),.PIECEWISE_BEZIER_KNOTS.);
#6572=CARTESIAN_POINT('',(0.011801976,-0.053192735,0.159999997));
#6573=CARTESIAN_POINT('',(0.009895754,-0.051043902,0.159999997));
#6574=CARTESIAN_POINT('',(0.006256601,-0.048929727,0.159999997));
#6575=CARTESIAN_POINT('',(8.498598826E-04,-0.046919529,0.159999997));
#6576=ORIENTED_EDGE('',*,*,#6533,.F.);
#6577=B_SPLINE_SURFACE_WITH_KNOTS('',3,1,((#6578,#6579),(#6580,#6581),(#6582,#6583),(#6584,#6585)),.UNSPECIFIED.,.F.,.F.,.U.,(4,4),(2,2),(15.0,16.0),(0.0,1.0),.PIECEWISE_BEZIER_KNOTS.);
#6578=CARTESIAN_POINT('',(0.011801976,-0.053192735,0.159999997));
#6579=CARTESIAN_POINT('',(0.011801976,-0.053192735,0.149999997));
#6580=CARTESIAN_POINT('',(0.009895754,-0.051043902,0.159999997));
#6581=CARTESIAN_POINT('',(0.009895754,-0.051043902,0.149999997));
#6582=CARTESIAN_POINT('',(0.006256601,-0.048929727,0.159999997));
#6583=CARTESIAN_POINT('',(0.006256601,-0.048929727,0.149999997));
#6584=CARTESIAN_POINT('',(8.498598826E-04,-0.046919529,0.159999997));
#6585=CARTESIAN_POINT('',(8.498598826E-04,-0.046919529,0.149999997));
#6586=ADVANCED_FACE('',(#6587),#6606,.F.);
#6587=FACE_BOUND('',#6588,.T.);
#6588=EDGE_LOOP('',(#6589,#6590,#6598,#6605));
#6589=ORIENTED_EDGE('',*,*,#1205,.F.);
#6590=ORIENTED_EDGE('',*,*,#6591,.T.);
#6591=EDGE_CURVE('',#1197,#6592,#6594,.F.);
#6592=VERTEX_POINT('',#6593);
#6593=CARTESIAN_POINT('',(-0.007398886,-0.042760497,0.159999997));
#6594=LINE('',#6595,#6596);
#6595=CARTESIAN_POINT('',(-0.007398886,-0.042760497,0.159999997));
#6596=VECTOR('',#6597,1.0);
#6597=DIRECTION('',(0.0,0.0,-1.0));
#6598=ORIENTED_EDGE('',*,*,#6599,.T.);
#6599=EDGE_CURVE('',#6592,#6563,#6600,.F.);
#6600=B_SPLINE_CURVE_WITH_KNOTS('',3,(#6601,#6602,#6603,#6604),.UNSPECIFIED.,.F.,.U.,(4,4),(14.0,15.0),.PIECEWISE_BEZIER_KNOTS.);
#6601=CARTESIAN_POINT('',(8.498598826E-04,-0.046919529,0.159999997));
#6602=CARTESIAN_POINT('',(-0.003413147,-0.045255916,0.159999997));
#6603=CARTESIAN_POINT('',(-0.006151177,-0.043869572,0.159999997));
#6604=CARTESIAN_POINT('',(-0.007398886,-0.042760497,0.159999997));
#6605=ORIENTED_EDGE('',*,*,#6562,.F.);
#6606=B_SPLINE_SURFACE_WITH_KNOTS('',3,1,((#6607,#6608),(#6609,#6610),(#6611,#6612),(#6613,#6614)),.UNSPECIFIED.,.F.,.F.,.U.,(4,4),(2,2),(14.0,15.0),(0.0,1.0),.PIECEWISE_BEZIER_KNOTS.);
#6607=CARTESIAN_POINT('',(8.498598826E-04,-0.046919529,0.159999997));
#6608=CARTESIAN_POINT('',(8.498598826E-04,-0.046919529,0.149999997));
#6609=CARTESIAN_POINT('',(-0.003413147,-0.045255916,0.159999997));
#6610=CARTESIAN_POINT('',(-0.003413147,-0.045255916,0.149999997));
#6611=CARTESIAN_POINT('',(-0.006151177,-0.043869572,0.159999997));
#6612=CARTESIAN_POINT('',(-0.006151177,-0.043869572,0.149999997));
#6613=CARTESIAN_POINT('',(-0.007398886,-0.042760497,0.159999997));
#6614=CARTESIAN_POINT('',(-0.007398886,-0.042760497,0.149999997));
#6615=ADVANCED_FACE('',(#6616),#6635,.F.);
#6616=FACE_BOUND('',#6617,.T.);
#6617=EDGE_LOOP('',(#6618,#6619,#6627,#6634));
#6618=ORIENTED_EDGE('',*,*,#1196,.F.);
#6619=ORIENTED_EDGE('',*,*,#6620,.T.);
#6620=EDGE_CURVE('',#1188,#6621,#6623,.F.);
#6621=VERTEX_POINT('',#6622);
#6622=CARTESIAN_POINT('',(-0.009253121,-0.03825488,0.159999997));
#6623=LINE('',#6624,#6625);
#6624=CARTESIAN_POINT('',(-0.009253121,-0.03825488,0.159999997));
#6625=VECTOR('',#6626,1.0);
#6626=DIRECTION('',(0.0,0.0,-1.0));
#6627=ORIENTED_EDGE('',*,*,#6628,.T.);
#6628=EDGE_CURVE('',#6621,#6592,#6629,.F.);
#6629=B_SPLINE_CURVE_WITH_KNOTS('',3,(#6630,#6631,#6632,#6633),.UNSPECIFIED.,.F.,.U.,(4,4),(13.0,14.0),.PIECEWISE_BEZIER_KNOTS.);
#6630=CARTESIAN_POINT('',(-0.007398886,-0.042760497,0.159999997));
#6631=CARTESIAN_POINT('',(-0.008629266,-0.041686081,0.159999997));
#6632=CARTESIAN_POINT('',(-0.009253121,-0.040195761,0.159999997));
#6633=CARTESIAN_POINT('',(-0.009253121,-0.03825488,0.159999997));
#6634=ORIENTED_EDGE('',*,*,#6591,.F.);
#6635=B_SPLINE_SURFACE_WITH_KNOTS('',3,1,((#6636,#6637),(#6638,#6639),(#6640,#6641),(#6642,#6643)),.UNSPECIFIED.,.F.,.F.,.U.,(4,4),(2,2),(13.0,14.0),(0.0,1.0),.PIECEWISE_BEZIER_KNOTS.);
#6636=CARTESIAN_POINT('',(-0.007398886,-0.042760497,0.159999997));
#6637=CARTESIAN_POINT('',(-0.007398886,-0.042760497,0.149999997));
#6638=CARTESIAN_POINT('',(-0.008629266,-0.041686081,0.159999997));
#6639=CARTESIAN_POINT('',(-0.008629266,-0.041686081,0.149999997));
#6640=CARTESIAN_POINT('',(-0.009253121,-0.040195761,0.159999997));
#6641=CARTESIAN_POINT('',(-0.009253121,-0.040195761,0.149999997));
#6642=CARTESIAN_POINT('',(-0.009253121,-0.03825488,0.159999997));
#6643=CARTESIAN_POINT('',(-0.009253121,-0.03825488,0.149999997));
#6644=ADVANCED_FACE('',(#6645),#6664,.F.);
#6645=FACE_BOUND('',#6646,.T.);
#6646=EDGE_LOOP('',(#6647,#6648,#6656,#6663));
#6647=ORIENTED_EDGE('',*,*,#1187,.F.);
#6648=ORIENTED_EDGE('',*,*,#6649,.T.);
#6649=EDGE_CURVE('',#1179,#6650,#6652,.F.);
#6650=VERTEX_POINT('',#6651);
#6651=CARTESIAN_POINT('',(-0.006671056,-0.03354131,0.159999997));
#6652=LINE('',#6653,#6654);
#6653=CARTESIAN_POINT('',(-0.006671056,-0.03354131,0.159999997));
#6654=VECTOR('',#6655,1.0);
#6655=DIRECTION('',(0.0,0.0,-1.0));
#6656=ORIENTED_EDGE('',*,*,#6657,.T.);
#6657=EDGE_CURVE('',#6650,#6621,#6658,.F.);
#6658=B_SPLINE_CURVE_WITH_KNOTS('',3,(#6659,#6660,#6661,#6662),.UNSPECIFIED.,.F.,.U.,(4,4),(12.0,13.0),.PIECEWISE_BEZIER_KNOTS.);
#6659=CARTESIAN_POINT('',(-0.009253121,-0.03825488,0.159999997));
#6660=CARTESIAN_POINT('',(-0.009253121,-0.036313998,0.159999997));
#6661=CARTESIAN_POINT('',(-0.008386656,-0.034719703,0.159999997));
#6662=CARTESIAN_POINT('',(-0.006671056,-0.03354131,0.159999997));
#6663=ORIENTED_EDGE('',*,*,#6620,.F.);
#6664=B_SPLINE_SURFACE_WITH_KNOTS('',3,1,((#6665,#6666),(#6667,#6668),(#6669,#6670),(#6671,#6672)),.UNSPECIFIED.,.F.,.F.,.U.,(4,4),(2,2),(12.0,13.0),(0.0,1.0),.PIECEWISE_BEZIER_KNOTS.);
#6665=CARTESIAN_POINT('',(-0.009253121,-0.03825488,0.159999997));
#6666=CARTESIAN_POINT('',(-0.009253121,-0.03825488,0.149999997));
#6667=CARTESIAN_POINT('',(-0.009253121,-0.036313998,0.159999997));
#6668=CARTESIAN_POINT('',(-0.009253121,-0.036313998,0.149999997));
#6669=CARTESIAN_POINT('',(-0.008386656,-0.034719703,0.159999997));
#6670=CARTESIAN_POINT('',(-0.008386656,-0.034719703,0.149999997));
#6671=CARTESIAN_POINT('',(-0.006671056,-0.03354131,0.159999997));
#6672=CARTESIAN_POINT('',(-0.006671056,-0.03354131,0.149999997));
#6673=ADVANCED_FACE('',(#6674),#6693,.F.);
#6674=FACE_BOUND('',#6675,.T.);
#6675=EDGE_LOOP('',(#6676,#6677,#6685,#6692));
#6676=ORIENTED_EDGE('',*,*,#1178,.F.);
#6677=ORIENTED_EDGE('',*,*,#6678,.T.);
#6678=EDGE_CURVE('',#1170,#6679,#6681,.F.);
#6679=VERTEX_POINT('',#6680);
#6680=CARTESIAN_POINT('',(1.805356762E-05,-0.031739063,0.159999997));
#6681=LINE('',#6682,#6683);
#6682=CARTESIAN_POINT('',(1.805356762E-05,-0.031739063,0.159999997));
#6683=VECTOR('',#6684,1.0);
#6684=DIRECTION('',(0.0,0.0,-1.0));
#6685=ORIENTED_EDGE('',*,*,#6686,.T.);
#6686=EDGE_CURVE('',#6679,#6650,#6687,.F.);
#6687=B_SPLINE_CURVE_WITH_KNOTS('',3,(#6688,#6689,#6690,#6691),.UNSPECIFIED.,.F.,.U.,(4,4),(11.0,12.0),.PIECEWISE_BEZIER_KNOTS.);
#6688=CARTESIAN_POINT('',(-0.006671056,-0.03354131,0.159999997));
#6689=CARTESIAN_POINT('',(-0.004955455,-0.03232826,0.159999997));
#6690=CARTESIAN_POINT('',(-0.002719976,-0.031739063,0.159999997));
#6691=CARTESIAN_POINT('',(1.805356762E-05,-0.031739063,0.159999997));
#6692=ORIENTED_EDGE('',*,*,#6649,.F.);
#6693=B_SPLINE_SURFACE_WITH_KNOTS('',3,1,((#6694,#6695),(#6696,#6697),(#6698,#6699),(#6700,#6701)),.UNSPECIFIED.,.F.,.F.,.U.,(4,4),(2,2),(11.0,12.0),(0.0,1.0),.PIECEWISE_BEZIER_KNOTS.);
#6694=CARTESIAN_POINT('',(-0.006671056,-0.03354131,0.159999997));
#6695=CARTESIAN_POINT('',(-0.006671056,-0.03354131,0.149999997));
#6696=CARTESIAN_POINT('',(-0.004955455,-0.03232826,0.159999997));
#6697=CARTESIAN_POINT('',(-0.004955455,-0.03232826,0.149999997));
#6698=CARTESIAN_POINT('',(-0.002719976,-0.031739063,0.159999997));
#6699=CARTESIAN_POINT('',(-0.002719976,-0.031739063,0.149999997));
#6700=CARTESIAN_POINT('',(1.805356762E-05,-0.031739063,0.159999997));
#6701=CARTESIAN_POINT('',(1.805356762E-05,-0.031739063,0.149999997));
#6702=ADVANCED_FACE('',(#6703),#6722,.F.);
#6703=FACE_BOUND('',#6704,.T.);
#6704=EDGE_LOOP('',(#6705,#6706,#6714,#6721));
#6705=ORIENTED_EDGE('',*,*,#1169,.F.);
#6706=ORIENTED_EDGE('',*,*,#6707,.T.);
#6707=EDGE_CURVE('',#1162,#6708,#6710,.F.);
#6708=VERTEX_POINT('',#6709);
#6709=CARTESIAN_POINT('',(0.012321855,-0.035239582,0.159999997));
#6710=LINE('',#6711,#6712);
#6711=CARTESIAN_POINT('',(0.012321855,-0.035239582,0.159999997));
#6712=VECTOR('',#6713,1.0);
#6713=DIRECTION('',(0.0,0.0,-1.0));
#6714=ORIENTED_EDGE('',*,*,#6715,.T.);
#6715=EDGE_CURVE('',#6708,#6679,#6716,.F.);
#6716=B_SPLINE_CURVE_WITH_KNOTS('',3,(#6717,#6718,#6719,#6720),.UNSPECIFIED.,.F.,.U.,(4,4),(10.0,11.0),.PIECEWISE_BEZIER_KNOTS.);
#6717=CARTESIAN_POINT('',(1.805356762E-05,-0.031739063,0.159999997));
#6718=CARTESIAN_POINT('',(0.004610318,-0.031739063,0.159999997));
#6719=CARTESIAN_POINT('',(0.008700032,-0.032917456,0.159999997));
#6720=CARTESIAN_POINT('',(0.012321855,-0.035239582,0.159999997));
#6721=ORIENTED_EDGE('',*,*,#6678,.F.);
#6722=B_SPLINE_SURFACE_WITH_KNOTS('',3,1,((#6723,#6724),(#6725,#6726),(#6727,#6728),(#6729,#6730)),.UNSPECIFIED.,.F.,.F.,.U.,(4,4),(2,2),(10.0,11.0),(0.0,1.0),.PIECEWISE_BEZIER_KNOTS.);
#6723=CARTESIAN_POINT('',(1.805356762E-05,-0.031739063,0.159999997));
#6724=CARTESIAN_POINT('',(1.805356762E-05,-0.031739063,0.149999997));
#6725=CARTESIAN_POINT('',(0.004610318,-0.031739063,0.159999997));
#6726=CARTESIAN_POINT('',(0.004610318,-0.031739063,0.149999997));
#6727=CARTESIAN_POINT('',(0.008700032,-0.032917456,0.159999997));
#6728=CARTESIAN_POINT('',(0.008700032,-0.032917456,0.149999997));
#6729=CARTESIAN_POINT('',(0.012321855,-0.035239582,0.159999997));
#6730=CARTESIAN_POINT('',(0.012321855,-0.035239582,0.149999997));
#6731=ADVANCED_FACE('',(#6732),#6750,.F.);
#6732=FACE_BOUND('',#6733,.T.);
#6733=EDGE_LOOP('',(#6734,#6735,#6743,#6749));
#6734=ORIENTED_EDGE('',*,*,#1161,.F.);
#6735=ORIENTED_EDGE('',*,*,#6736,.T.);
#6736=EDGE_CURVE('',#1153,#6737,#6739,.F.);
#6737=VERTEX_POINT('',#6738);
#6738=CARTESIAN_POINT('',(0.012321855,-0.026990836,0.159999997));
#6739=LINE('',#6740,#6741);
#6740=CARTESIAN_POINT('',(0.012321855,-0.026990836,0.159999997));
#6741=VECTOR('',#6742,1.0);
#6742=DIRECTION('',(0.0,0.0,-1.0));
#6743=ORIENTED_EDGE('',*,*,#6744,.T.);
#6744=EDGE_CURVE('',#6737,#6708,#6745,.F.);
#6745=LINE('',#6746,#6747);
#6746=CARTESIAN_POINT('',(0.012321855,-0.026990836,0.159999997));
#6747=VECTOR('',#6748,1.0);
#6748=DIRECTION('',(0.0,1.0,0.0));
#6749=ORIENTED_EDGE('',*,*,#6707,.F.);
#6750=PLANE('',#6751);
#6751=AXIS2_PLACEMENT_3D('',#6752,#6753,#6754);
#6752=CARTESIAN_POINT('',(0.012321855,-0.026990836,0.159999997));
#6753=DIRECTION('',(-1.0,0.0,0.0));
#6754=DIRECTION('',(0.0,0.0,1.0));
#6755=ADVANCED_FACE('',(#6756),#6775,.F.);
#6756=FACE_BOUND('',#6757,.T.);
#6757=EDGE_LOOP('',(#6758,#6759,#6767,#6774));
#6758=ORIENTED_EDGE('',*,*,#1152,.F.);
#6759=ORIENTED_EDGE('',*,*,#6760,.T.);
#6760=EDGE_CURVE('',#1144,#6761,#6763,.F.);
#6761=VERTEX_POINT('',#6762);
#6762=CARTESIAN_POINT('',(8.498598826E-04,-0.024842003,0.159999997));
#6763=LINE('',#6764,#6765);
#6764=CARTESIAN_POINT('',(8.498598826E-04,-0.024842003,0.159999997));
#6765=VECTOR('',#6766,1.0);
#6766=DIRECTION('',(0.0,0.0,-1.0));
#6767=ORIENTED_EDGE('',*,*,#6768,.T.);
#6768=EDGE_CURVE('',#6761,#6737,#6769,.F.);
#6769=B_SPLINE_CURVE_WITH_KNOTS('',3,(#6770,#6771,#6772,#6773),.UNSPECIFIED.,.F.,.U.,(4,4),(8.0,9.0),.PIECEWISE_BEZIER_KNOTS.);
#6770=CARTESIAN_POINT('',(0.012321855,-0.026990836,0.159999997));
#6771=CARTESIAN_POINT('',(0.008786678,-0.025535175,0.159999997));
#6772=CARTESIAN_POINT('',(0.004974233,-0.024842003,0.159999997));
#6773=CARTESIAN_POINT('',(8.498598826E-04,-0.024842003,0.159999997));
#6774=ORIENTED_EDGE('',*,*,#6736,.F.);
#6775=B_SPLINE_SURFACE_WITH_KNOTS('',3,1,((#6776,#6777),(#6778,#6779),(#6780,#6781),(#6782,#6783)),.UNSPECIFIED.,.F.,.F.,.U.,(4,4),(2,2),(8.0,9.0),(0.0,1.0),.PIECEWISE_BEZIER_KNOTS.);
#6776=CARTESIAN_POINT('',(0.012321855,-0.026990836,0.159999997));
#6777=CARTESIAN_POINT('',(0.012321855,-0.026990836,0.149999997));
#6778=CARTESIAN_POINT('',(0.008786678,-0.025535175,0.159999997));
#6779=CARTESIAN_POINT('',(0.008786678,-0.025535175,0.149999997));
#6780=CARTESIAN_POINT('',(0.004974233,-0.024842003,0.159999997));
#6781=CARTESIAN_POINT('',(0.004974233,-0.024842003,0.149999997));
#6782=CARTESIAN_POINT('',(8.498598826E-04,-0.024842003,0.159999997));
#6783=CARTESIAN_POINT('',(8.498598826E-04,-0.024842003,0.149999997));
#6784=ADVANCED_FACE('',(#6785),#6804,.F.);
#6785=FACE_BOUND('',#6786,.T.);
#6786=EDGE_LOOP('',(#6787,#6788,#6796,#6803));
#6787=ORIENTED_EDGE('',*,*,#1143,.F.);
#6788=ORIENTED_EDGE('',*,*,#6789,.T.);
#6789=EDGE_CURVE('',#1135,#6790,#6792,.F.);
#6790=VERTEX_POINT('',#6791);
#6791=CARTESIAN_POINT('',(-0.012563017,-0.028689107,0.159999997));
#6792=LINE('',#6793,#6794);
#6793=CARTESIAN_POINT('',(-0.012563017,-0.028689107,0.159999997));
#6794=VECTOR('',#6795,1.0);
#6795=DIRECTION('',(0.0,0.0,-1.0));
#6796=ORIENTED_EDGE('',*,*,#6797,.T.);
#6797=EDGE_CURVE('',#6790,#6761,#6798,.F.);
#6798=B_SPLINE_CURVE_WITH_KNOTS('',3,(#6799,#6800,#6801,#6802),.UNSPECIFIED.,.F.,.U.,(4,4),(7.0,8.0),.PIECEWISE_BEZIER_KNOTS.);
#6799=CARTESIAN_POINT('',(8.498598826E-04,-0.024842003,0.159999997));
#6800=CARTESIAN_POINT('',(-0.004452905,-0.024842003,0.159999997));
#6801=CARTESIAN_POINT('',(-0.008923864,-0.026124371,0.159999997));
#6802=CARTESIAN_POINT('',(-0.012563017,-0.028689107,0.159999997));
#6803=ORIENTED_EDGE('',*,*,#6760,.F.);
#6804=B_SPLINE_SURFACE_WITH_KNOTS('',3,1,((#6805,#6806),(#6807,#6808),(#6809,#6810),(#6811,#6812)),.UNSPECIFIED.,.F.,.F.,.U.,(4,4),(2,2),(7.0,8.0),(0.0,1.0),.PIECEWISE_BEZIER_KNOTS.);
#6805=CARTESIAN_POINT('',(8.498598826E-04,-0.024842003,0.159999997));
#6806=CARTESIAN_POINT('',(8.498598826E-04,-0.024842003,0.149999997));
#6807=CARTESIAN_POINT('',(-0.004452905,-0.024842003,0.159999997));
#6808=CARTESIAN_POINT('',(-0.004452905,-0.024842003,0.149999997));
#6809=CARTESIAN_POINT('',(-0.008923864,-0.026124371,0.159999997));
#6810=CARTESIAN_POINT('',(-0.008923864,-0.026124371,0.149999997));
#6811=CARTESIAN_POINT('',(-0.012563017,-0.028689107,0.159999997));
#6812=CARTESIAN_POINT('',(-0.012563017,-0.028689107,0.149999997));
#6813=ADVANCED_FACE('',(#6814),#6833,.F.);
#6814=FACE_BOUND('',#6815,.T.);
#6815=EDGE_LOOP('',(#6816,#6817,#6825,#6832));
#6816=ORIENTED_EDGE('',*,*,#1134,.F.);
#6817=ORIENTED_EDGE('',*,*,#6818,.T.);
#6818=EDGE_CURVE('',#1126,#6819,#6821,.F.);
#6819=VERTEX_POINT('',#6820);
#6820=CARTESIAN_POINT('',(-0.018004417,-0.039017369,0.159999997));
#6821=LINE('',#6822,#6823);
#6822=CARTESIAN_POINT('',(-0.018004417,-0.039017369,0.159999997));
#6823=VECTOR('',#6824,1.0);
#6824=DIRECTION('',(0.0,0.0,-1.0));
#6825=ORIENTED_EDGE('',*,*,#6826,.T.);
#6826=EDGE_CURVE('',#6819,#6790,#6827,.F.);
#6827=B_SPLINE_CURVE_WITH_KNOTS('',3,(#6828,#6829,#6830,#6831),.UNSPECIFIED.,.F.,.U.,(4,4),(6.0,7.0),.PIECEWISE_BEZIER_KNOTS.);
#6828=CARTESIAN_POINT('',(-0.012563017,-0.028689107,0.159999997));
#6829=CARTESIAN_POINT('',(-0.01618484,-0.031288502,0.159999997));
#6830=CARTESIAN_POINT('',(-0.018004417,-0.034719703,0.159999997));
#6831=CARTESIAN_POINT('',(-0.018004417,-0.039017369,0.159999997));
#6832=ORIENTED_EDGE('',*,*,#6789,.F.);
#6833=B_SPLINE_SURFACE_WITH_KNOTS('',3,1,((#6834,#6835),(#6836,#6837),(#6838,#6839),(#6840,#6841)),.UNSPECIFIED.,.F.,.F.,.U.,(4,4),(2,2),(6.0,7.0),(0.0,1.0),.PIECEWISE_BEZIER_KNOTS.);
#6834=CARTESIAN_POINT('',(-0.012563017,-0.028689107,0.159999997));
#6835=CARTESIAN_POINT('',(-0.012563017,-0.028689107,0.149999997));
#6836=CARTESIAN_POINT('',(-0.01618484,-0.031288502,0.159999997));
#6837=CARTESIAN_POINT('',(-0.01618484,-0.031288502,0.149999997));
#6838=CARTESIAN_POINT('',(-0.018004417,-0.034719703,0.159999997));
#6839=CARTESIAN_POINT('',(-0.018004417,-0.034719703,0.149999997));
#6840=CARTESIAN_POINT('',(-0.018004417,-0.039017369,0.159999997));
#6841=CARTESIAN_POINT('',(-0.018004417,-0.039017369,0.149999997));
#6842=ADVANCED_FACE('',(#6843),#6862,.F.);
#6843=FACE_BOUND('',#6844,.T.);
#6844=EDGE_LOOP('',(#6845,#6846,#6854,#6861));
#6845=ORIENTED_EDGE('',*,*,#1125,.F.);
#6846=ORIENTED_EDGE('',*,*,#6847,.T.);
#6847=EDGE_CURVE('',#1117,#6848,#6850,.F.);
#6848=VERTEX_POINT('',#6849);
#6849=CARTESIAN_POINT('',(-0.015595644,-0.046676919,0.159999997));
#6850=LINE('',#6851,#6852);
#6851=CARTESIAN_POINT('',(-0.015595644,-0.046676919,0.159999997));
#6852=VECTOR('',#6853,1.0);
#6853=DIRECTION('',(0.0,0.0,-1.0));
#6854=ORIENTED_EDGE('',*,*,#6855,.T.);
#6855=EDGE_CURVE('',#6848,#6819,#6856,.F.);
#6856=B_SPLINE_CURVE_WITH_KNOTS('',3,(#6857,#6858,#6859,#6860),.UNSPECIFIED.,.F.,.U.,(4,4),(5.0,6.0),.PIECEWISE_BEZIER_KNOTS.);
#6857=CARTESIAN_POINT('',(-0.018004417,-0.039017369,0.159999997));
#6858=CARTESIAN_POINT('',(-0.018004417,-0.041998008,0.159999997));
#6859=CARTESIAN_POINT('',(-0.017207269,-0.044562744,0.159999997));
#6860=CARTESIAN_POINT('',(-0.015595644,-0.046676919,0.159999997));
#6861=ORIENTED_EDGE('',*,*,#6818,.F.);
#6862=B_SPLINE_SURFACE_WITH_KNOTS('',3,1,((#6863,#6864),(#6865,#6866),(#6867,#6868),(#6869,#6870)),.UNSPECIFIED.,.F.,.F.,.U.,(4,4),(2,2),(5.0,6.0),(0.0,1.0),.PIECEWISE_BEZIER_KNOTS.);
#6863=CARTESIAN_POINT('',(-0.018004417,-0.039017369,0.159999997));
#6864=CARTESIAN_POINT('',(-0.018004417,-0.039017369,0.149999997));
#6865=CARTESIAN_POINT('',(-0.018004417,-0.041998008,0.159999997));
#6866=CARTESIAN_POINT('',(-0.018004417,-0.041998008,0.149999997));
#6867=CARTESIAN_POINT('',(-0.017207269,-0.044562744,0.159999997));
#6868=CARTESIAN_POINT('',(-0.017207269,-0.044562744,0.149999997));
#6869=CARTESIAN_POINT('',(-0.015595644,-0.046676919,0.159999997));
#6870=CARTESIAN_POINT('',(-0.015595644,-0.046676919,0.149999997));
#6871=ADVANCED_FACE('',(#6872),#6891,.F.);
#6872=FACE_BOUND('',#6873,.T.);
#6873=EDGE_LOOP('',(#6874,#6875,#6883,#6890));
#6874=ORIENTED_EDGE('',*,*,#1116,.F.);
#6875=ORIENTED_EDGE('',*,*,#6876,.T.);
#6876=EDGE_CURVE('',#1108,#6877,#6879,.F.);
#6877=VERTEX_POINT('',#6878);
#6878=CARTESIAN_POINT('',(-0.005146077,-0.053088759,0.159999997));
#6879=LINE('',#6880,#6881);
#6880=CARTESIAN_POINT('',(-0.005146077,-0.053088759,0.159999997));
#6881=VECTOR('',#6882,1.0);
#6882=DIRECTION('',(0.0,0.0,-1.0));
#6883=ORIENTED_EDGE('',*,*,#6884,.T.);
#6884=EDGE_CURVE('',#6877,#6848,#6885,.F.);
#6885=B_SPLINE_CURVE_WITH_KNOTS('',3,(#6886,#6887,#6888,#6889),.UNSPECIFIED.,.F.,.U.,(4,4),(4.0,5.0),.PIECEWISE_BEZIER_KNOTS.);
#6886=CARTESIAN_POINT('',(-0.015595644,-0.046676919,0.159999997));
#6887=CARTESIAN_POINT('',(-0.014001349,-0.048791093,0.159999997));
#6888=CARTESIAN_POINT('',(-0.01050083,-0.050939926,0.159999997));
#6889=CARTESIAN_POINT('',(-0.005146077,-0.053088759,0.159999997));
#6890=ORIENTED_EDGE('',*,*,#6847,.F.);
#6891=B_SPLINE_SURFACE_WITH_KNOTS('',3,1,((#6892,#6893),(#6894,#6895),(#6896,#6897),(#6898,#6899)),.UNSPECIFIED.,.F.,.F.,.U.,(4,4),(2,2),(4.0,5.0),(0.0,1.0),.PIECEWISE_BEZIER_KNOTS.);
#6892=CARTESIAN_POINT('',(-0.015595644,-0.046676919,0.159999997));
#6893=CARTESIAN_POINT('',(-0.015595644,-0.046676919,0.149999997));
#6894=CARTESIAN_POINT('',(-0.014001349,-0.048791093,0.159999997));
#6895=CARTESIAN_POINT('',(-0.014001349,-0.048791093,0.149999997));
#6896=CARTESIAN_POINT('',(-0.01050083,-0.050939926,0.159999997));
#6897=CARTESIAN_POINT('',(-0.01050083,-0.050939926,0.149999997));
#6898=CARTESIAN_POINT('',(-0.005146077,-0.053088759,0.159999997));
#6899=CARTESIAN_POINT('',(-0.005146077,-0.053088759,0.149999997));
#6900=ADVANCED_FACE('',(#6901),#6920,.F.);
#6901=FACE_BOUND('',#6902,.T.);
#6902=EDGE_LOOP('',(#6903,#6904,#6912,#6919));
#6903=ORIENTED_EDGE('',*,*,#1107,.F.);
#6904=ORIENTED_EDGE('',*,*,#6905,.T.);
#6905=EDGE_CURVE('',#1099,#6906,#6908,.F.);
#6906=VERTEX_POINT('',#6907);
#6907=CARTESIAN_POINT('',(0.003743853,-0.057421083,0.159999997));
#6908=LINE('',#6909,#6910);
#6909=CARTESIAN_POINT('',(0.003743853,-0.057421083,0.159999997));
#6910=VECTOR('',#6911,1.0);
#6911=DIRECTION('',(0.0,0.0,-1.0));
#6912=ORIENTED_EDGE('',*,*,#6913,.T.);
#6913=EDGE_CURVE('',#6906,#6877,#6914,.F.);
#6914=B_SPLINE_CURVE_WITH_KNOTS('',3,(#6915,#6916,#6917,#6918),.UNSPECIFIED.,.F.,.U.,(4,4),(3.0,4.0),.PIECEWISE_BEZIER_KNOTS.);
#6915=CARTESIAN_POINT('',(-0.005146077,-0.053088759,0.159999997));
#6916=CARTESIAN_POINT('',(-6.751183615E-04,-0.054752372,0.159999997));
#6917=CARTESIAN_POINT('',(0.002288192,-0.056208033,0.159999997));
#6918=CARTESIAN_POINT('',(0.003743853,-0.057421083,0.159999997));
#6919=ORIENTED_EDGE('',*,*,#6876,.F.);
#6920=B_SPLINE_SURFACE_WITH_KNOTS('',3,1,((#6921,#6922),(#6923,#6924),(#6925,#6926),(#6927,#6928)),.UNSPECIFIED.,.F.,.F.,.U.,(4,4),(2,2),(3.0,4.0),(0.0,1.0),.PIECEWISE_BEZIER_KNOTS.);
#6921=CARTESIAN_POINT('',(-0.005146077,-0.053088759,0.159999997));
#6922=CARTESIAN_POINT('',(-0.005146077,-0.053088759,0.149999997));
#6923=CARTESIAN_POINT('',(-6.751183615E-04,-0.054752372,0.159999997));
#6924=CARTESIAN_POINT('',(-6.751183615E-04,-0.054752372,0.149999997));
#6925=CARTESIAN_POINT('',(0.002288192,-0.056208033,0.159999997));
#6926=CARTESIAN_POINT('',(0.002288192,-0.056208033,0.149999997));
#6927=CARTESIAN_POINT('',(0.003743853,-0.057421083,0.159999997));
#6928=CARTESIAN_POINT('',(0.003743853,-0.057421083,0.149999997));
#6929=ADVANCED_FACE('',(#6930),#6949,.F.);
#6930=FACE_BOUND('',#6931,.T.);
#6931=EDGE_LOOP('',(#6932,#6933,#6941,#6948));
#6932=ORIENTED_EDGE('',*,*,#1098,.F.);
#6933=ORIENTED_EDGE('',*,*,#6934,.T.);
#6934=EDGE_CURVE('',#1090,#6935,#6937,.F.);
#6935=VERTEX_POINT('',#6936);
#6936=CARTESIAN_POINT('',(0.005927344,-0.062030677,0.159999997));
#6937=LINE('',#6938,#6939);
#6938=CARTESIAN_POINT('',(0.005927344,-0.062030677,0.159999997));
#6939=VECTOR('',#6940,1.0);
#6940=DIRECTION('',(0.0,0.0,-1.0));
#6941=ORIENTED_EDGE('',*,*,#6942,.T.);
#6942=EDGE_CURVE('',#6935,#6906,#6943,.F.);
#6943=B_SPLINE_CURVE_WITH_KNOTS('',3,(#6944,#6945,#6946,#6947),.UNSPECIFIED.,.F.,.U.,(4,4),(2.0,3.0),.PIECEWISE_BEZIER_KNOTS.);
#6944=CARTESIAN_POINT('',(0.003743853,-0.057421083,0.159999997));
#6945=CARTESIAN_POINT('',(0.005199514,-0.058634134,0.159999997));
#6946=CARTESIAN_POINT('',(0.005927344,-0.060159113,0.159999997));
#6947=CARTESIAN_POINT('',(0.005927344,-0.062030677,0.159999997));
#6948=ORIENTED_EDGE('',*,*,#6905,.F.);
#6949=B_SPLINE_SURFACE_WITH_KNOTS('',3,1,((#6950,#6951),(#6952,#6953),(#6954,#6955),(#6956,#6957)),.UNSPECIFIED.,.F.,.F.,.U.,(4,4),(2,2),(2.0,3.0),(0.0,1.0),.PIECEWISE_BEZIER_KNOTS.);
#6950=CARTESIAN_POINT('',(0.003743853,-0.057421083,0.159999997));
#6951=CARTESIAN_POINT('',(0.003743853,-0.057421083,0.149999997));
#6952=CARTESIAN_POINT('',(0.005199514,-0.058634134,0.159999997));
#6953=CARTESIAN_POINT('',(0.005199514,-0.058634134,0.149999997));
#6954=CARTESIAN_POINT('',(0.005927344,-0.060159113,0.159999997));
#6955=CARTESIAN_POINT('',(0.005927344,-0.060159113,0.149999997));
#6956=CARTESIAN_POINT('',(0.005927344,-0.062030677,0.159999997));
#6957=CARTESIAN_POINT('',(0.005927344,-0.062030677,0.149999997));
#6958=ADVANCED_FACE('',(#6959),#6971,.F.);
#6959=FACE_BOUND('',#6960,.T.);
#6960=EDGE_LOOP('',(#6961,#6962,#6963,#6970));
#6961=ORIENTED_EDGE('',*,*,#1089,.F.);
#6962=ORIENTED_EDGE('',*,*,#6403,.F.);
#6963=ORIENTED_EDGE('',*,*,#6964,.T.);
#6964=EDGE_CURVE('',#6395,#6935,#6965,.F.);
#6965=B_SPLINE_CURVE_WITH_KNOTS('',3,(#6966,#6967,#6968,#6969),.UNSPECIFIED.,.F.,.U.,(4,4),(1.0,2.0),.PIECEWISE_BEZIER_KNOTS.);
#6966=CARTESIAN_POINT('',(0.005927344,-0.062030677,0.159999997));
#6967=CARTESIAN_POINT('',(0.005927344,-0.06639766,0.159999997));
#6968=CARTESIAN_POINT('',(0.00258279,-0.068581151,0.159999997));
#6969=CARTESIAN_POINT('',(-0.00408899,-0.068581151,0.159999997));
#6970=ORIENTED_EDGE('',*,*,#6934,.F.);
#6971=B_SPLINE_SURFACE_WITH_KNOTS('',3,1,((#6972,#6973),(#6974,#6975),(#6976,#6977),(#6978,#6979)),.UNSPECIFIED.,.F.,.F.,.U.,(4,4),(2,2),(1.0,2.0),(0.0,1.0),.PIECEWISE_BEZIER_KNOTS.);
#6972=CARTESIAN_POINT('',(0.005927344,-0.062030677,0.159999997));
#6973=CARTESIAN_POINT('',(0.005927344,-0.062030677,0.149999997));
#6974=CARTESIAN_POINT('',(0.005927344,-0.06639766,0.159999997));
#6975=CARTESIAN_POINT('',(0.005927344,-0.06639766,0.149999997));
#6976=CARTESIAN_POINT('',(0.00258279,-0.068581151,0.159999997));
#6977=CARTESIAN_POINT('',(0.00258279,-0.068581151,0.149999997));
#6978=CARTESIAN_POINT('',(-0.00408899,-0.068581151,0.159999997));
#6979=CARTESIAN_POINT('',(-0.00408899,-0.068581151,0.149999997));
#6980=ADVANCED_FACE('',(#6981),#7004,.F.);
#6981=FACE_BOUND('',#6982,.T.);
#6982=EDGE_LOOP('',(#6983,#6984,#6985,#6986,#6987,#6988,#6989,#6990,#6991,#6992,#6993,#6994,#6995,#6996,#6997,#6998,#6999,#7000,#7001,#7002,#7003));
#6983=ORIENTED_EDGE('',*,*,#6394,.F.);
#6984=ORIENTED_EDGE('',*,*,#6430,.F.);
#6985=ORIENTED_EDGE('',*,*,#6454,.F.);
#6986=ORIENTED_EDGE('',*,*,#6483,.F.);
#6987=ORIENTED_EDGE('',*,*,#6512,.F.);
#6988=ORIENTED_EDGE('',*,*,#6541,.F.);
#6989=ORIENTED_EDGE('',*,*,#6570,.F.);
#6990=ORIENTED_EDGE('',*,*,#6599,.F.);
#6991=ORIENTED_EDGE('',*,*,#6628,.F.);
#6992=ORIENTED_EDGE('',*,*,#6657,.F.);
#6993=ORIENTED_EDGE('',*,*,#6686,.F.);
#6994=ORIENTED_EDGE('',*,*,#6715,.F.);
#6995=ORIENTED_EDGE('',*,*,#6744,.F.);
#6996=ORIENTED_EDGE('',*,*,#6768,.F.);
#6997=ORIENTED_EDGE('',*,*,#6797,.F.);
#6998=ORIENTED_EDGE('',*,*,#6826,.F.);
#6999=ORIENTED_EDGE('',*,*,#6855,.F.);
#7000=ORIENTED_EDGE('',*,*,#6884,.F.);
#7001=ORIENTED_EDGE('',*,*,#6913,.F.);
#7002=ORIENTED_EDGE('',*,*,#6942,.F.);
#7003=ORIENTED_EDGE('',*,*,#6964,.F.);
#7004=PLANE('',#7005);
#7005=AXIS2_PLACEMENT_3D('',#7006,#7007,#7008);
#7006=CARTESIAN_POINT('',(-0.01131964,-0.067411424,0.159999997));
#7007=DIRECTION('',(0.0,0.0,-1.0));
#7008=DIRECTION('',(-1.0,0.0,0.0));
#7009=ADVANCED_FACE('',(#7010),#7035,.F.);
#7010=FACE_BOUND('',#7011,.T.);
#7011=EDGE_LOOP('',(#7012,#7013,#7021,#7029));
#7012=ORIENTED_EDGE('',*,*,#98,.F.);
#7013=ORIENTED_EDGE('',*,*,#7014,.T.);
#7014=EDGE_CURVE('',#99,#7015,#7017,.F.);
#7015=VERTEX_POINT('',#7016);
#7016=CARTESIAN_POINT('',(0.056736847,-0.025951078,0.159999997));
#7017=LINE('',#7018,#7019);
#7018=CARTESIAN_POINT('',(0.056736847,-0.025951078,0.159999997));
#7019=VECTOR('',#7020,1.0);
#7020=DIRECTION('',(0.0,0.0,-1.0));
#7021=ORIENTED_EDGE('',*,*,#7022,.T.);
#7022=EDGE_CURVE('',#7015,#7023,#7025,.F.);
#7023=VERTEX_POINT('',#7024);
#7024=CARTESIAN_POINT('',(0.06554013,-0.025951078,0.159999997));
#7025=LINE('',#7026,#7027);
#7026=CARTESIAN_POINT('',(0.056736847,-0.025951078,0.159999997));
#7027=VECTOR('',#7028,1.0);
#7028=DIRECTION('',(-1.0,0.0,0.0));
#7029=ORIENTED_EDGE('',*,*,#7030,.T.);
#7030=EDGE_CURVE('',#7023,#101,#7031,.T.);
#7031=LINE('',#7032,#7033);
#7032=CARTESIAN_POINT('',(0.06554013,-0.025951078,0.159999997));
#7033=VECTOR('',#7034,1.0);
#7034=DIRECTION('',(0.0,0.0,-1.0));
#7035=PLANE('',#7036);
#7036=AXIS2_PLACEMENT_3D('',#7037,#7038,#7039);
#7037=CARTESIAN_POINT('',(0.056736847,-0.025951078,0.159999997));
#7038=DIRECTION('',(0.0,-1.0,0.0));
#7039=DIRECTION('',(0.0,0.0,-1.0));
#7040=ADVANCED_FACE('',(#7041),#7059,.F.);
#7041=FACE_BOUND('',#7042,.T.);
#7042=EDGE_LOOP('',(#7043,#7044,#7052,#7058));
#7043=ORIENTED_EDGE('',*,*,#217,.F.);
#7044=ORIENTED_EDGE('',*,*,#7045,.T.);
#7045=EDGE_CURVE('',#209,#7046,#7048,.F.);
#7046=VERTEX_POINT('',#7047);
#7047=CARTESIAN_POINT('',(0.043514592,-0.062411921,0.159999997));
#7048=LINE('',#7049,#7050);
#7049=CARTESIAN_POINT('',(0.043514592,-0.062411921,0.159999997));
#7050=VECTOR('',#7051,1.0);
#7051=DIRECTION('',(0.0,0.0,-1.0));
#7052=ORIENTED_EDGE('',*,*,#7053,.T.);
#7053=EDGE_CURVE('',#7046,#7015,#7054,.F.);
#7054=LINE('',#7055,#7056);
#7055=CARTESIAN_POINT('',(0.043514592,-0.062411921,0.159999997));
#7056=VECTOR('',#7057,1.0);
#7057=DIRECTION('',(-0.340917796,-0.94009311,0.0));
#7058=ORIENTED_EDGE('',*,*,#7014,.F.);
#7059=PLANE('',#7060);
#7060=AXIS2_PLACEMENT_3D('',#7061,#7062,#7063);
#7061=CARTESIAN_POINT('',(0.043514592,-0.062411921,0.159999997));
#7062=DIRECTION('',(0.94009311,-0.340917796,0.0));
#7063=DIRECTION('',(0.340917796,0.94009311,0.0));
#7064=ADVANCED_FACE('',(#7065),#7084,.F.);
#7065=FACE_BOUND('',#7066,.T.);
#7066=EDGE_LOOP('',(#7067,#7068,#7076,#7083));
#7067=ORIENTED_EDGE('',*,*,#208,.F.);
#7068=ORIENTED_EDGE('',*,*,#7069,.T.);
#7069=EDGE_CURVE('',#201,#7070,#7072,.F.);
#7070=VERTEX_POINT('',#7071);
#7071=CARTESIAN_POINT('',(0.042474834,-0.066328343,0.159999997));
#7072=LINE('',#7073,#7074);
#7073=CARTESIAN_POINT('',(0.042474834,-0.066328343,0.159999997));
#7074=VECTOR('',#7075,1.0);
#7075=DIRECTION('',(0.0,0.0,-1.0));
#7076=ORIENTED_EDGE('',*,*,#7077,.T.);
#7077=EDGE_CURVE('',#7070,#7046,#7078,.F.);
#7078=B_SPLINE_CURVE_WITH_KNOTS('',3,(#7079,#7080,#7081,#7082),.UNSPECIFIED.,.F.,.U.,(4,4),(12.0,13.0),.PIECEWISE_BEZIER_KNOTS.);
#7079=CARTESIAN_POINT('',(0.043514592,-0.062411921,0.159999997));
#7080=CARTESIAN_POINT('',(0.042994713,-0.064110193,0.159999997));
#7081=CARTESIAN_POINT('',(0.042648127,-0.065427219,0.159999997));
#7082=CARTESIAN_POINT('',(0.042474834,-0.066328343,0.159999997));
#7083=ORIENTED_EDGE('',*,*,#7045,.F.);
#7084=B_SPLINE_SURFACE_WITH_KNOTS('',3,1,((#7085,#7086),(#7087,#7088),(#7089,#7090),(#7091,#7092)),.UNSPECIFIED.,.F.,.F.,.U.,(4,4),(2,2),(12.0,13.0),(0.0,1.0),.PIECEWISE_BEZIER_KNOTS.);
#7085=CARTESIAN_POINT('',(0.043514592,-0.062411921,0.159999997));
#7086=CARTESIAN_POINT('',(0.043514592,-0.062411921,0.149999997));
#7087=CARTESIAN_POINT('',(0.042994713,-0.064110193,0.159999997));
#7088=CARTESIAN_POINT('',(0.042994713,-0.064110193,0.149999997));
#7089=CARTESIAN_POINT('',(0.042648127,-0.065427219,0.159999997));
#7090=CARTESIAN_POINT('',(0.042648127,-0.065427219,0.149999997));
#7091=CARTESIAN_POINT('',(0.042474834,-0.066328343,0.159999997));
#7092=CARTESIAN_POINT('',(0.042474834,-0.066328343,0.149999997));
#7093=ADVANCED_FACE('',(#7094),#7112,.F.);
#7094=FACE_BOUND('',#7095,.T.);
#7095=EDGE_LOOP('',(#7096,#7097,#7105,#7111));
#7096=ORIENTED_EDGE('',*,*,#200,.F.);
#7097=ORIENTED_EDGE('',*,*,#7098,.T.);
#7098=EDGE_CURVE('',#193,#7099,#7101,.F.);
#7099=VERTEX_POINT('',#7100);
#7100=CARTESIAN_POINT('',(0.042249553,-0.066328343,0.159999997));
#7101=LINE('',#7102,#7103);
#7102=CARTESIAN_POINT('',(0.042249553,-0.066328343,0.159999997));
#7103=VECTOR('',#7104,1.0);
#7104=DIRECTION('',(0.0,0.0,-1.0));
#7105=ORIENTED_EDGE('',*,*,#7106,.T.);
#7106=EDGE_CURVE('',#7099,#7070,#7107,.F.);
#7107=LINE('',#7108,#7109);
#7108=CARTESIAN_POINT('',(0.042249553,-0.066328343,0.159999997));
#7109=VECTOR('',#7110,1.0);
#7110=DIRECTION('',(-1.0,0.0,0.0));
#7111=ORIENTED_EDGE('',*,*,#7069,.F.);
#7112=PLANE('',#7113);
#7113=AXIS2_PLACEMENT_3D('',#7114,#7115,#7116);
#7114=CARTESIAN_POINT('',(0.042249553,-0.066328343,0.159999997));
#7115=DIRECTION('',(0.0,-1.0,0.0));
#7116=DIRECTION('',(0.0,0.0,-1.0));
#7117=ADVANCED_FACE('',(#7118),#7136,.F.);
#7118=FACE_BOUND('',#7119,.T.);
#7119=EDGE_LOOP('',(#7120,#7121,#7129,#7135));
#7120=ORIENTED_EDGE('',*,*,#192,.F.);
#7121=ORIENTED_EDGE('',*,*,#7122,.T.);
#7122=EDGE_CURVE('',#185,#7123,#7125,.F.);
#7123=VERTEX_POINT('',#7124);
#7124=CARTESIAN_POINT('',(0.041209795,-0.062342604,0.159999997));
#7125=LINE('',#7126,#7127);
#7126=CARTESIAN_POINT('',(0.041209795,-0.062342604,0.159999997));
#7127=VECTOR('',#7128,1.0);
#7128=DIRECTION('',(0.0,0.0,-1.0));
#7129=ORIENTED_EDGE('',*,*,#7130,.T.);
#7130=EDGE_CURVE('',#7123,#7099,#7131,.F.);
#7131=LINE('',#7132,#7133);
#7132=CARTESIAN_POINT('',(0.041209795,-0.062342604,0.159999997));
#7133=VECTOR('',#7134,1.0);
#7134=DIRECTION('',(-0.252421897,0.967617272,0.0));
#7135=ORIENTED_EDGE('',*,*,#7098,.F.);
#7136=PLANE('',#7137);
#7137=AXIS2_PLACEMENT_3D('',#7138,#7139,#7140);
#7138=CARTESIAN_POINT('',(0.041209795,-0.062342604,0.159999997));
#7139=DIRECTION('',(-0.967617272,-0.252421897,0.0));
#7140=DIRECTION('',(0.252421897,-0.967617272,0.0));
#7141=ADVANCED_FACE('',(#7142),#7160,.F.);
#7142=FACE_BOUND('',#7143,.T.);
#7143=EDGE_LOOP('',(#7144,#7145,#7153,#7159));
#7144=ORIENTED_EDGE('',*,*,#184,.F.);
#7145=ORIENTED_EDGE('',*,*,#7146,.T.);
#7146=EDGE_CURVE('',#177,#7147,#7149,.F.);
#7147=VERTEX_POINT('',#7148);
#7148=CARTESIAN_POINT('',(0.028559408,-0.025951078,0.159999997));
#7149=LINE('',#7150,#7151);
#7150=CARTESIAN_POINT('',(0.028559408,-0.025951078,0.159999997));
#7151=VECTOR('',#7152,1.0);
#7152=DIRECTION('',(0.0,0.0,-1.0));
#7153=ORIENTED_EDGE('',*,*,#7154,.T.);
#7154=EDGE_CURVE('',#7147,#7123,#7155,.F.);
#7155=LINE('',#7156,#7157);
#7156=CARTESIAN_POINT('',(0.028559408,-0.025951078,0.159999997));
#7157=VECTOR('',#7158,1.0);
#7158=DIRECTION('',(-0.328346165,0.94455746,0.0));
#7159=ORIENTED_EDGE('',*,*,#7122,.F.);
#7160=PLANE('',#7161);
#7161=AXIS2_PLACEMENT_3D('',#7162,#7163,#7164);
#7162=CARTESIAN_POINT('',(0.028559408,-0.025951078,0.159999997));
#7163=DIRECTION('',(-0.94455746,-0.328346165,0.0));
#7164=DIRECTION('',(0.328346165,-0.94455746,0.0));
#7165=ADVANCED_FACE('',(#7166),#7184,.F.);
#7166=FACE_BOUND('',#7167,.T.);
#7167=EDGE_LOOP('',(#7168,#7169,#7177,#7183));
#7168=ORIENTED_EDGE('',*,*,#176,.F.);
#7169=ORIENTED_EDGE('',*,*,#7170,.T.);
#7170=EDGE_CURVE('',#169,#7171,#7173,.F.);
#7171=VERTEX_POINT('',#7172);
#7172=CARTESIAN_POINT('',(0.019062952,-0.025951078,0.159999997));
#7173=LINE('',#7174,#7175);
#7174=CARTESIAN_POINT('',(0.019062952,-0.025951078,0.159999997));
#7175=VECTOR('',#7176,1.0);
#7176=DIRECTION('',(0.0,0.0,-1.0));
#7177=ORIENTED_EDGE('',*,*,#7178,.T.);
#7178=EDGE_CURVE('',#7171,#7147,#7179,.F.);
#7179=LINE('',#7180,#7181);
#7180=CARTESIAN_POINT('',(0.019062952,-0.025951078,0.159999997));
#7181=VECTOR('',#7182,1.0);
#7182=DIRECTION('',(-1.0,0.0,0.0));
#7183=ORIENTED_EDGE('',*,*,#7146,.F.);
#7184=PLANE('',#7185);
#7185=AXIS2_PLACEMENT_3D('',#7186,#7187,#7188);
#7186=CARTESIAN_POINT('',(0.019062952,-0.025951078,0.159999997));
#7187=DIRECTION('',(0.0,-1.0,0.0));
#7188=DIRECTION('',(0.0,0.0,-1.0));
#7189=ADVANCED_FACE('',(#7190),#7208,.F.);
#7190=FACE_BOUND('',#7191,.T.);
#7191=EDGE_LOOP('',(#7192,#7193,#7201,#7207));
#7192=ORIENTED_EDGE('',*,*,#168,.F.);
#7193=ORIENTED_EDGE('',*,*,#7194,.T.);
#7194=EDGE_CURVE('',#161,#7195,#7197,.F.);
#7195=VERTEX_POINT('',#7196);
#7196=CARTESIAN_POINT('',(0.038055863,-0.074265161,0.159999997));
#7197=LINE('',#7198,#7199);
#7198=CARTESIAN_POINT('',(0.038055863,-0.074265161,0.159999997));
#7199=VECTOR('',#7200,1.0);
#7200=DIRECTION('',(0.0,0.0,-1.0));
#7201=ORIENTED_EDGE('',*,*,#7202,.T.);
#7202=EDGE_CURVE('',#7195,#7171,#7203,.F.);
#7203=LINE('',#7204,#7205);
#7204=CARTESIAN_POINT('',(0.038055863,-0.074265161,0.159999997));
#7205=VECTOR('',#7206,1.0);
#7206=DIRECTION('',(0.365858922,-0.930670323,0.0));
#7207=ORIENTED_EDGE('',*,*,#7170,.F.);
#7208=PLANE('',#7209);
#7209=AXIS2_PLACEMENT_3D('',#7210,#7211,#7212);
#7210=CARTESIAN_POINT('',(0.038055863,-0.074265161,0.159999997));
#7211=DIRECTION('',(0.930670323,0.365858922,0.0));
#7212=DIRECTION('',(-0.365858922,0.930670323,0.0));
#7213=ADVANCED_FACE('',(#7214),#7232,.F.);
#7214=FACE_BOUND('',#7215,.T.);
#7215=EDGE_LOOP('',(#7216,#7217,#7225,#7231));
#7216=ORIENTED_EDGE('',*,*,#160,.F.);
#7217=ORIENTED_EDGE('',*,*,#7218,.T.);
#7218=EDGE_CURVE('',#152,#7219,#7221,.F.);
#7219=VERTEX_POINT('',#7220);
#7220=CARTESIAN_POINT('',(0.034330064,-0.083068445,0.159999997));
#7221=LINE('',#7222,#7223);
#7222=CARTESIAN_POINT('',(0.034330064,-0.083068445,0.159999997));
#7223=VECTOR('',#7224,1.0);
#7224=DIRECTION('',(0.0,0.0,-1.0));
#7225=ORIENTED_EDGE('',*,*,#7226,.T.);
#7226=EDGE_CURVE('',#7219,#7195,#7227,.F.);
#7227=LINE('',#7228,#7229);
#7228=CARTESIAN_POINT('',(0.034330064,-0.083068445,0.159999997));
#7229=VECTOR('',#7230,1.0);
#7230=DIRECTION('',(-0.389758265,-0.920917203,0.0));
#7231=ORIENTED_EDGE('',*,*,#7194,.F.);
#7232=PLANE('',#7233);
#7233=AXIS2_PLACEMENT_3D('',#7234,#7235,#7236);
#7234=CARTESIAN_POINT('',(0.034330064,-0.083068445,0.159999997));
#7235=DIRECTION('',(0.920917203,-0.389758265,0.0));
#7236=DIRECTION('',(0.389758265,0.920917203,0.0));
#7237=ADVANCED_FACE('',(#7238),#7257,.F.);
#7238=FACE_BOUND('',#7239,.T.);
#7239=EDGE_LOOP('',(#7240,#7241,#7249,#7256));
#7240=ORIENTED_EDGE('',*,*,#151,.F.);
#7241=ORIENTED_EDGE('',*,*,#7242,.T.);
#7242=EDGE_CURVE('',#143,#7243,#7245,.F.);
#7243=VERTEX_POINT('',#7244);
#7244=CARTESIAN_POINT('',(0.025630756,-0.089896188,0.159999997));
#7245=LINE('',#7246,#7247);
#7246=CARTESIAN_POINT('',(0.025630756,-0.089896188,0.159999997));
#7247=VECTOR('',#7248,1.0);
#7248=DIRECTION('',(0.0,0.0,-1.0));
#7249=ORIENTED_EDGE('',*,*,#7250,.T.);
#7250=EDGE_CURVE('',#7243,#7219,#7251,.F.);
#7251=B_SPLINE_CURVE_WITH_KNOTS('',3,(#7252,#7253,#7254,#7255),.UNSPECIFIED.,.F.,.U.,(4,4),(5.0,6.0),.PIECEWISE_BEZIER_KNOTS.);
#7252=CARTESIAN_POINT('',(0.034330064,-0.083068445,0.159999997));
#7253=CARTESIAN_POINT('',(0.032406512,-0.08764338,0.159999997));
#7254=CARTESIAN_POINT('',(0.029512519,-0.089896188,0.159999997));
#7255=CARTESIAN_POINT('',(0.025630756,-0.089896188,0.159999997));
#7256=ORIENTED_EDGE('',*,*,#7218,.F.);
#7257=B_SPLINE_SURFACE_WITH_KNOTS('',3,1,((#7258,#7259),(#7260,#7261),(#7262,#7263),(#7264,#7265)),.UNSPECIFIED.,.F.,.F.,.U.,(4,4),(2,2),(5.0,6.0),(0.0,1.0),.PIECEWISE_BEZIER_KNOTS.);
#7258=CARTESIAN_POINT('',(0.034330064,-0.083068445,0.159999997));
#7259=CARTESIAN_POINT('',(0.034330064,-0.083068445,0.149999997));
#7260=CARTESIAN_POINT('',(0.032406512,-0.08764338,0.159999997));
#7261=CARTESIAN_POINT('',(0.032406512,-0.08764338,0.149999997));
#7262=CARTESIAN_POINT('',(0.029512519,-0.089896188,0.159999997));
#7263=CARTESIAN_POINT('',(0.029512519,-0.089896188,0.149999997));
#7264=CARTESIAN_POINT('',(0.025630756,-0.089896188,0.159999997));
#7265=CARTESIAN_POINT('',(0.025630756,-0.089896188,0.149999997));
#7266=ADVANCED_FACE('',(#7267),#7286,.F.);
#7267=FACE_BOUND('',#7268,.T.);
#7268=EDGE_LOOP('',(#7269,#7270,#7278,#7285));
#7269=ORIENTED_EDGE('',*,*,#142,.F.);
#7270=ORIENTED_EDGE('',*,*,#7271,.T.);
#7271=EDGE_CURVE('',#135,#7272,#7274,.F.);
#7272=VERTEX_POINT('',#7273);
#7273=CARTESIAN_POINT('',(0.020813211,-0.088925748,0.159999997));
#7274=LINE('',#7275,#7276);
#7275=CARTESIAN_POINT('',(0.020813211,-0.088925748,0.159999997));
#7276=VECTOR('',#7277,1.0);
#7277=DIRECTION('',(0.0,0.0,-1.0));
#7278=ORIENTED_EDGE('',*,*,#7279,.T.);
#7279=EDGE_CURVE('',#7272,#7243,#7280,.F.);
#7280=B_SPLINE_CURVE_WITH_KNOTS('',3,(#7281,#7282,#7283,#7284),.UNSPECIFIED.,.F.,.U.,(4,4),(4.0,5.0),.PIECEWISE_BEZIER_KNOTS.);
#7281=CARTESIAN_POINT('',(0.025630756,-0.089896188,0.159999997));
#7282=CARTESIAN_POINT('',(0.02407112,-0.089896188,0.159999997));
#7283=CARTESIAN_POINT('',(0.022476824,-0.089584261,0.159999997));
#7284=CARTESIAN_POINT('',(0.020813211,-0.088925748,0.159999997));
#7285=ORIENTED_EDGE('',*,*,#7242,.F.);
#7286=B_SPLINE_SURFACE_WITH_KNOTS('',3,1,((#7287,#7288),(#7289,#7290),(#7291,#7292),(#7293,#7294)),.UNSPECIFIED.,.F.,.F.,.U.,(4,4),(2,2),(4.0,5.0),(0.0,1.0),.PIECEWISE_BEZIER_KNOTS.);
#7287=CARTESIAN_POINT('',(0.025630756,-0.089896188,0.159999997));
#7288=CARTESIAN_POINT('',(0.025630756,-0.089896188,0.149999997));
#7289=CARTESIAN_POINT('',(0.02407112,-0.089896188,0.159999997));
#7290=CARTESIAN_POINT('',(0.02407112,-0.089896188,0.149999997));
#7291=CARTESIAN_POINT('',(0.022476824,-0.089584261,0.159999997));
#7292=CARTESIAN_POINT('',(0.022476824,-0.089584261,0.149999997));
#7293=CARTESIAN_POINT('',(0.020813211,-0.088925748,0.159999997));
#7294=CARTESIAN_POINT('',(0.020813211,-0.088925748,0.149999997));
#7295=ADVANCED_FACE('',(#7296),#7314,.F.);
#7296=FACE_BOUND('',#7297,.T.);
#7297=EDGE_LOOP('',(#7298,#7299,#7307,#7313));
#7298=ORIENTED_EDGE('',*,*,#134,.F.);
#7299=ORIENTED_EDGE('',*,*,#7300,.T.);
#7300=EDGE_CURVE('',#126,#7301,#7303,.F.);
#7301=VERTEX_POINT('',#7302);
#7302=CARTESIAN_POINT('',(0.020813211,-0.096481322,0.159999997));
#7303=LINE('',#7304,#7305);
#7304=CARTESIAN_POINT('',(0.020813211,-0.096481322,0.159999997));
#7305=VECTOR('',#7306,1.0);
#7306=DIRECTION('',(0.0,0.0,-1.0));
#7307=ORIENTED_EDGE('',*,*,#7308,.T.);
#7308=EDGE_CURVE('',#7301,#7272,#7309,.F.);
#7309=LINE('',#7310,#7311);
#7310=CARTESIAN_POINT('',(0.020813211,-0.096481322,0.159999997));
#7311=VECTOR('',#7312,1.0);
#7312=DIRECTION('',(0.0,-1.0,0.0));
#7313=ORIENTED_EDGE('',*,*,#7271,.F.);
#7314=PLANE('',#7315);
#7315=AXIS2_PLACEMENT_3D('',#7316,#7317,#7318);
#7316=CARTESIAN_POINT('',(0.020813211,-0.096481322,0.159999997));
#7317=DIRECTION('',(1.0,0.0,0.0));
#7318=DIRECTION('',(0.0,0.0,-1.0));
#7319=ADVANCED_FACE('',(#7320),#7339,.F.);
#7320=FACE_BOUND('',#7321,.T.);
#7321=EDGE_LOOP('',(#7322,#7323,#7331,#7338));
#7322=ORIENTED_EDGE('',*,*,#125,.F.);
#7323=ORIENTED_EDGE('',*,*,#7324,.T.);
#7324=EDGE_CURVE('',#117,#7325,#7327,.F.);
#7325=VERTEX_POINT('',#7326);
#7326=CARTESIAN_POINT('',(0.02628927,-0.097174494,0.159999997));
#7327=LINE('',#7328,#7329);
#7328=CARTESIAN_POINT('',(0.02628927,-0.097174494,0.159999997));
#7329=VECTOR('',#7330,1.0);
#7330=DIRECTION('',(0.0,0.0,-1.0));
#7331=ORIENTED_EDGE('',*,*,#7332,.T.);
#7332=EDGE_CURVE('',#7325,#7301,#7333,.F.);
#7333=B_SPLINE_CURVE_WITH_KNOTS('',3,(#7334,#7335,#7336,#7337),.UNSPECIFIED.,.F.,.U.,(4,4),(2.0,3.0),.PIECEWISE_BEZIER_KNOTS.);
#7334=CARTESIAN_POINT('',(0.020813211,-0.096481322,0.159999997));
#7335=CARTESIAN_POINT('',(0.02232086,-0.096931883,0.159999997));
#7336=CARTESIAN_POINT('',(0.024157766,-0.097174494,0.159999997));
#7337=CARTESIAN_POINT('',(0.02628927,-0.097174494,0.159999997));
#7338=ORIENTED_EDGE('',*,*,#7300,.F.);
#7339=B_SPLINE_SURFACE_WITH_KNOTS('',3,1,((#7340,#7341),(#7342,#7343),(#7344,#7345),(#7346,#7347)),.UNSPECIFIED.,.F.,.F.,.U.,(4,4),(2,2),(2.0,3.0),(0.0,1.0),.PIECEWISE_BEZIER_KNOTS.);
#7340=CARTESIAN_POINT('',(0.020813211,-0.096481322,0.159999997));
#7341=CARTESIAN_POINT('',(0.020813211,-0.096481322,0.149999997));
#7342=CARTESIAN_POINT('',(0.02232086,-0.096931883,0.159999997));
#7343=CARTESIAN_POINT('',(0.02232086,-0.096931883,0.149999997));
#7344=CARTESIAN_POINT('',(0.024157766,-0.097174494,0.159999997));
#7345=CARTESIAN_POINT('',(0.024157766,-0.097174494,0.149999997));
#7346=CARTESIAN_POINT('',(0.02628927,-0.097174494,0.159999997));
#7347=CARTESIAN_POINT('',(0.02628927,-0.097174494,0.149999997));
#7348=ADVANCED_FACE('',(#7349),#7368,.F.);
#7349=FACE_BOUND('',#7350,.T.);
#7350=EDGE_LOOP('',(#7351,#7352,#7360,#7367));
#7351=ORIENTED_EDGE('',*,*,#116,.F.);
#7352=ORIENTED_EDGE('',*,*,#7353,.T.);
#7353=EDGE_CURVE('',#109,#7354,#7356,.F.);
#7354=VERTEX_POINT('',#7355);
#7355=CARTESIAN_POINT('',(0.04356658,-0.081682101,0.159999997));
#7356=LINE('',#7357,#7358);
#7357=CARTESIAN_POINT('',(0.04356658,-0.081682101,0.159999997));
#7358=VECTOR('',#7359,1.0);
#7359=DIRECTION('',(0.0,0.0,-1.0));
#7360=ORIENTED_EDGE('',*,*,#7361,.T.);
#7361=EDGE_CURVE('',#7354,#7325,#7362,.F.);
#7362=B_SPLINE_CURVE_WITH_KNOTS('',3,(#7363,#7364,#7365,#7366),.UNSPECIFIED.,.F.,.U.,(4,4),(1.0,2.0),.PIECEWISE_BEZIER_KNOTS.);
#7363=CARTESIAN_POINT('',(0.02628927,-0.097174494,0.159999997));
#7364=CARTESIAN_POINT('',(0.033723539,-0.097174494,0.159999997));
#7365=CARTESIAN_POINT('',(0.039476866,-0.092010363,0.159999997));
#7366=CARTESIAN_POINT('',(0.04356658,-0.081682101,0.159999997));
#7367=ORIENTED_EDGE('',*,*,#7324,.F.);
#7368=B_SPLINE_SURFACE_WITH_KNOTS('',3,1,((#7369,#7370),(#7371,#7372),(#7373,#7374),(#7375,#7376)),.UNSPECIFIED.,.F.,.F.,.U.,(4,4),(2,2),(1.0,2.0),(0.0,1.0),.PIECEWISE_BEZIER_KNOTS.);
#7369=CARTESIAN_POINT('',(0.02628927,-0.097174494,0.159999997));
#7370=CARTESIAN_POINT('',(0.02628927,-0.097174494,0.149999997));
#7371=CARTESIAN_POINT('',(0.033723539,-0.097174494,0.159999997));
#7372=CARTESIAN_POINT('',(0.033723539,-0.097174494,0.149999997));
#7373=CARTESIAN_POINT('',(0.039476866,-0.092010363,0.159999997));
#7374=CARTESIAN_POINT('',(0.039476866,-0.092010363,0.149999997));
#7375=CARTESIAN_POINT('',(0.04356658,-0.081682101,0.159999997));
#7376=CARTESIAN_POINT('',(0.04356658,-0.081682101,0.149999997));
#7377=ADVANCED_FACE('',(#7378),#7389,.F.);
#7378=FACE_BOUND('',#7379,.T.);
#7379=EDGE_LOOP('',(#7380,#7381,#7382,#7388));
#7380=ORIENTED_EDGE('',*,*,#108,.F.);
#7381=ORIENTED_EDGE('',*,*,#7030,.F.);
#7382=ORIENTED_EDGE('',*,*,#7383,.T.);
#7383=EDGE_CURVE('',#7023,#7354,#7384,.F.);
#7384=LINE('',#7385,#7386);
#7385=CARTESIAN_POINT('',(0.06554013,-0.025951078,0.159999997));
#7386=VECTOR('',#7387,1.0);
#7387=DIRECTION('',(0.366797679,0.930300738,0.0));
#7388=ORIENTED_EDGE('',*,*,#7353,.F.);
#7389=PLANE('',#7390);
#7390=AXIS2_PLACEMENT_3D('',#7391,#7392,#7393);
#7391=CARTESIAN_POINT('',(0.06554013,-0.025951078,0.159999997));
#7392=DIRECTION('',(-0.930300738,0.366797679,0.0));
#7393=DIRECTION('',(-0.366797679,-0.930300738,0.0));
#7394=ADVANCED_FACE('',(#7395),#7412,.T.);
#7395=FACE_BOUND('',#7396,.T.);
#7396=EDGE_LOOP('',(#7397,#7398,#7399,#7400,#7401,#7402,#7403,#7404,#7405,#7406,#7407,#7408,#7409,#7410,#7411));
#7397=ORIENTED_EDGE('',*,*,#7022,.F.);
#7398=ORIENTED_EDGE('',*,*,#7053,.F.);
#7399=ORIENTED_EDGE('',*,*,#7077,.F.);
#7400=ORIENTED_EDGE('',*,*,#7106,.F.);
#7401=ORIENTED_EDGE('',*,*,#7130,.F.);
#7402=ORIENTED_EDGE('',*,*,#7154,.F.);
#7403=ORIENTED_EDGE('',*,*,#7178,.F.);
#7404=ORIENTED_EDGE('',*,*,#7202,.F.);
#7405=ORIENTED_EDGE('',*,*,#7226,.F.);
#7406=ORIENTED_EDGE('',*,*,#7250,.F.);
#7407=ORIENTED_EDGE('',*,*,#7279,.F.);
#7408=ORIENTED_EDGE('',*,*,#7308,.F.);
#7409=ORIENTED_EDGE('',*,*,#7332,.F.);
#7410=ORIENTED_EDGE('',*,*,#7361,.F.);
#7411=ORIENTED_EDGE('',*,*,#7383,.F.);
#7412=PLANE('',#7413);
#7413=AXIS2_PLACEMENT_3D('',#7414,#7415,#7416);
#7414=CARTESIAN_POINT('',(0.036182133,-0.093301395,0.159999997));
#7415=DIRECTION('',(0.0,0.0,1.0));
#7416=DIRECTION('',(1.0,0.0,0.0));
#7417=ADVANCED_FACE('',(#7418),#7443,.F.);
#7418=FACE_BOUND('',#7419,.T.);
#7419=EDGE_LOOP('',(#7420,#7421,#7429,#7437));
#7420=ORIENTED_EDGE('',*,*,#1267,.F.);
#7421=ORIENTED_EDGE('',*,*,#7422,.T.);
#7422=EDGE_CURVE('',#1268,#7423,#7425,.F.);
#7423=VERTEX_POINT('',#7424);
#7424=CARTESIAN_POINT('',(0.111150843,-0.06664027,0.159999997));
#7425=LINE('',#7426,#7427);
#7426=CARTESIAN_POINT('',(0.111150843,-0.06664027,0.159999997));
#7427=VECTOR('',#7428,1.0);
#7428=DIRECTION('',(0.0,0.0,-1.0));
#7429=ORIENTED_EDGE('',*,*,#7430,.T.);
#7430=EDGE_CURVE('',#7423,#7431,#7433,.F.);
#7431=VERTEX_POINT('',#7432);
#7432=CARTESIAN_POINT('',(0.111150843,-0.074369137,0.159999997));
#7433=LINE('',#7434,#7435);
#7434=CARTESIAN_POINT('',(0.111150843,-0.06664027,0.159999997));
#7435=VECTOR('',#7436,1.0);
#7436=DIRECTION('',(0.0,1.0,0.0));
#7437=ORIENTED_EDGE('',*,*,#7438,.T.);
#7438=EDGE_CURVE('',#7431,#1270,#7439,.T.);
#7439=LINE('',#7440,#7441);
#7440=CARTESIAN_POINT('',(0.111150843,-0.074369137,0.159999997));
#7441=VECTOR('',#7442,1.0);
#7442=DIRECTION('',(0.0,0.0,-1.0));
#7443=PLANE('',#7444);
#7444=AXIS2_PLACEMENT_3D('',#7445,#7446,#7447);
#7445=CARTESIAN_POINT('',(0.111150843,-0.06664027,0.159999997));
#7446=DIRECTION('',(-1.0,0.0,0.0));
#7447=DIRECTION('',(0.0,0.0,1.0));
#7448=ADVANCED_FACE('',(#7449),#7467,.F.);
#7449=FACE_BOUND('',#7450,.T.);
#7450=EDGE_LOOP('',(#7451,#7452,#7460,#7466));
#7451=ORIENTED_EDGE('',*,*,#1357,.F.);
#7452=ORIENTED_EDGE('',*,*,#7453,.T.);
#7453=EDGE_CURVE('',#1350,#7454,#7456,.F.);
#7454=VERTEX_POINT('',#7455);
#7455=CARTESIAN_POINT('',(0.083441295,-0.06664027,0.159999997));
#7456=LINE('',#7457,#7458);
#7457=CARTESIAN_POINT('',(0.083441295,-0.06664027,0.159999997));
#7458=VECTOR('',#7459,1.0);
#7459=DIRECTION('',(0.0,0.0,-1.0));
#7460=ORIENTED_EDGE('',*,*,#7461,.T.);
#7461=EDGE_CURVE('',#7454,#7423,#7462,.F.);
#7462=LINE('',#7463,#7464);
#7463=CARTESIAN_POINT('',(0.083441295,-0.06664027,0.159999997));
#7464=VECTOR('',#7465,1.0);
#7465=DIRECTION('',(-1.0,0.0,0.0));
#7466=ORIENTED_EDGE('',*,*,#7422,.F.);
#7467=PLANE('',#7468);
#7468=AXIS2_PLACEMENT_3D('',#7469,#7470,#7471);
#7469=CARTESIAN_POINT('',(0.083441295,-0.06664027,0.159999997));
#7470=DIRECTION('',(0.0,-1.0,0.0));
#7471=DIRECTION('',(0.0,0.0,-1.0));
#7472=ADVANCED_FACE('',(#7473),#7491,.F.);
#7473=FACE_BOUND('',#7474,.T.);
#7474=EDGE_LOOP('',(#7475,#7476,#7484,#7490));
#7475=ORIENTED_EDGE('',*,*,#1349,.F.);
#7476=ORIENTED_EDGE('',*,*,#7477,.T.);
#7477=EDGE_CURVE('',#1342,#7478,#7480,.F.);
#7478=VERTEX_POINT('',#7479);
#7479=CARTESIAN_POINT('',(0.083441295,-0.043834914,0.159999997));
#7480=LINE('',#7481,#7482);
#7481=CARTESIAN_POINT('',(0.083441295,-0.043834914,0.159999997));
#7482=VECTOR('',#7483,1.0);
#7483=DIRECTION('',(0.0,0.0,-1.0));
#7484=ORIENTED_EDGE('',*,*,#7485,.T.);
#7485=EDGE_CURVE('',#7478,#7454,#7486,.F.);
#7486=LINE('',#7487,#7488);
#7487=CARTESIAN_POINT('',(0.083441295,-0.043834914,0.159999997));
#7488=VECTOR('',#7489,1.0);
#7489=DIRECTION('',(0.0,1.0,0.0));
#7490=ORIENTED_EDGE('',*,*,#7453,.F.);
#7491=PLANE('',#7492);
#7492=AXIS2_PLACEMENT_3D('',#7493,#7494,#7495);
#7493=CARTESIAN_POINT('',(0.083441295,-0.043834914,0.159999997));
#7494=DIRECTION('',(-1.0,0.0,0.0));
#7495=DIRECTION('',(0.0,0.0,1.0));
#7496=ADVANCED_FACE('',(#7497),#7515,.F.);
#7497=FACE_BOUND('',#7498,.T.);
#7498=EDGE_LOOP('',(#7499,#7500,#7508,#7514));
#7499=ORIENTED_EDGE('',*,*,#1341,.F.);
#7500=ORIENTED_EDGE('',*,*,#7501,.T.);
#7501=EDGE_CURVE('',#1334,#7502,#7504,.F.);
#7502=VERTEX_POINT('',#7503);
#7503=CARTESIAN_POINT('',(0.107684983,-0.043834914,0.159999997));
#7504=LINE('',#7505,#7506);
#7505=CARTESIAN_POINT('',(0.107684983,-0.043834914,0.159999997));
#7506=VECTOR('',#7507,1.0);
#7507=DIRECTION('',(0.0,0.0,-1.0));
#7508=ORIENTED_EDGE('',*,*,#7509,.T.);
#7509=EDGE_CURVE('',#7502,#7478,#7510,.F.);
#7510=LINE('',#7511,#7512);
#7511=CARTESIAN_POINT('',(0.107684983,-0.043834914,0.159999997));
#7512=VECTOR('',#7513,1.0);
#7513=DIRECTION('',(1.0,0.0,0.0));
#7514=ORIENTED_EDGE('',*,*,#7477,.F.);
#7515=PLANE('',#7516);
#7516=AXIS2_PLACEMENT_3D('',#7517,#7518,#7519);
#7517=CARTESIAN_POINT('',(0.107684983,-0.043834914,0.159999997));
#7518=DIRECTION('',(0.0,1.0,0.0));
#7519=DIRECTION('',(0.0,0.0,1.0));
#7520=ADVANCED_FACE('',(#7521),#7539,.F.);
#7521=FACE_BOUND('',#7522,.T.);
#7522=EDGE_LOOP('',(#7523,#7524,#7532,#7538));
#7523=ORIENTED_EDGE('',*,*,#1333,.F.);
#7524=ORIENTED_EDGE('',*,*,#7525,.T.);
#7525=EDGE_CURVE('',#1326,#7526,#7528,.F.);
#7526=VERTEX_POINT('',#7527);
#7527=CARTESIAN_POINT('',(0.107684983,-0.036071388,0.159999997));
#7528=LINE('',#7529,#7530);
#7529=CARTESIAN_POINT('',(0.107684983,-0.036071388,0.159999997));
#7530=VECTOR('',#7531,1.0);
#7531=DIRECTION('',(0.0,0.0,-1.0));
#7532=ORIENTED_EDGE('',*,*,#7533,.T.);
#7533=EDGE_CURVE('',#7526,#7502,#7534,.F.);
#7534=LINE('',#7535,#7536);
#7535=CARTESIAN_POINT('',(0.107684983,-0.036071388,0.159999997));
#7536=VECTOR('',#7537,1.0);
#7537=DIRECTION('',(0.0,1.0,0.0));
#7538=ORIENTED_EDGE('',*,*,#7501,.F.);
#7539=PLANE('',#7540);
#7540=AXIS2_PLACEMENT_3D('',#7541,#7542,#7543);
#7541=CARTESIAN_POINT('',(0.107684983,-0.036071388,0.159999997));
#7542=DIRECTION('',(-1.0,0.0,0.0));
#7543=DIRECTION('',(0.0,0.0,1.0));
#7544=ADVANCED_FACE('',(#7545),#7563,.F.);
#7545=FACE_BOUND('',#7546,.T.);
#7546=EDGE_LOOP('',(#7547,#7548,#7556,#7562));
#7547=ORIENTED_EDGE('',*,*,#1325,.F.);
#7548=ORIENTED_EDGE('',*,*,#7549,.T.);
#7549=EDGE_CURVE('',#1318,#7550,#7552,.F.);
#7550=VERTEX_POINT('',#7551);
#7551=CARTESIAN_POINT('',(0.083441295,-0.036071388,0.159999997));
#7552=LINE('',#7553,#7554);
#7553=CARTESIAN_POINT('',(0.083441295,-0.036071388,0.159999997));
#7554=VECTOR('',#7555,1.0);
#7555=DIRECTION('',(0.0,0.0,-1.0));
#7556=ORIENTED_EDGE('',*,*,#7557,.T.);
#7557=EDGE_CURVE('',#7550,#7526,#7558,.F.);
#7558=LINE('',#7559,#7560);
#7559=CARTESIAN_POINT('',(0.083441295,-0.036071388,0.159999997));
#7560=VECTOR('',#7561,1.0);
#7561=DIRECTION('',(-1.0,0.0,0.0));
#7562=ORIENTED_EDGE('',*,*,#7525,.F.);
#7563=PLANE('',#7564);
#7564=AXIS2_PLACEMENT_3D('',#7565,#7566,#7567);
#7565=CARTESIAN_POINT('',(0.083441295,-0.036071388,0.159999997));
#7566=DIRECTION('',(0.0,-1.0,0.0));
#7567=DIRECTION('',(0.0,0.0,-1.0));
#7568=ADVANCED_FACE('',(#7569),#7587,.F.);
#7569=FACE_BOUND('',#7570,.T.);
#7570=EDGE_LOOP('',(#7571,#7572,#7580,#7586));
#7571=ORIENTED_EDGE('',*,*,#1317,.F.);
#7572=ORIENTED_EDGE('',*,*,#7573,.T.);
#7573=EDGE_CURVE('',#1310,#7574,#7576,.F.);
#7574=VERTEX_POINT('',#7575);
#7575=CARTESIAN_POINT('',(0.083441295,-0.014375107,0.159999997));
#7576=LINE('',#7577,#7578);
#7577=CARTESIAN_POINT('',(0.083441295,-0.014375107,0.159999997));
#7578=VECTOR('',#7579,1.0);
#7579=DIRECTION('',(0.0,0.0,-1.0));
#7580=ORIENTED_EDGE('',*,*,#7581,.T.);
#7581=EDGE_CURVE('',#7574,#7550,#7582,.F.);
#7582=LINE('',#7583,#7584);
#7583=CARTESIAN_POINT('',(0.083441295,-0.014375107,0.159999997));
#7584=VECTOR('',#7585,1.0);
#7585=DIRECTION('',(0.0,1.0,0.0));
#7586=ORIENTED_EDGE('',*,*,#7549,.F.);
#7587=PLANE('',#7588);
#7588=AXIS2_PLACEMENT_3D('',#7589,#7590,#7591);
#7589=CARTESIAN_POINT('',(0.083441295,-0.014375107,0.159999997));
#7590=DIRECTION('',(-1.0,0.0,0.0));
#7591=DIRECTION('',(0.0,0.0,1.0));
#7592=ADVANCED_FACE('',(#7593),#7611,.F.);
#7593=FACE_BOUND('',#7594,.T.);
#7594=EDGE_LOOP('',(#7595,#7596,#7604,#7610));
#7595=ORIENTED_EDGE('',*,*,#1309,.F.);
#7596=ORIENTED_EDGE('',*,*,#7597,.T.);
#7597=EDGE_CURVE('',#1302,#7598,#7600,.F.);
#7598=VERTEX_POINT('',#7599);
#7599=CARTESIAN_POINT('',(0.109608536,-0.014375107,0.159999997));
#7600=LINE('',#7601,#7602);
#7601=CARTESIAN_POINT('',(0.109608536,-0.014375107,0.159999997));
#7602=VECTOR('',#7603,1.0);
#7603=DIRECTION('',(0.0,0.0,-1.0));
#7604=ORIENTED_EDGE('',*,*,#7605,.T.);
#7605=EDGE_CURVE('',#7598,#7574,#7606,.F.);
#7606=LINE('',#7607,#7608);
#7607=CARTESIAN_POINT('',(0.109608536,-0.014375107,0.159999997));
#7608=VECTOR('',#7609,1.0);
#7609=DIRECTION('',(1.0,0.0,0.0));
#7610=ORIENTED_EDGE('',*,*,#7573,.F.);
#7611=PLANE('',#7612);
#7612=AXIS2_PLACEMENT_3D('',#7613,#7614,#7615);
#7613=CARTESIAN_POINT('',(0.109608536,-0.014375107,0.159999997));
#7614=DIRECTION('',(0.0,1.0,0.0));
#7615=DIRECTION('',(0.0,0.0,1.0));
#7616=ADVANCED_FACE('',(#7617),#7635,.F.);
#7617=FACE_BOUND('',#7618,.T.);
#7618=EDGE_LOOP('',(#7619,#7620,#7628,#7634));
#7619=ORIENTED_EDGE('',*,*,#1301,.F.);
#7620=ORIENTED_EDGE('',*,*,#7621,.T.);
#7621=EDGE_CURVE('',#1294,#7622,#7624,.F.);
#7622=VERTEX_POINT('',#7623);
#7623=CARTESIAN_POINT('',(0.109608536,-0.006576922,0.159999997));
#7624=LINE('',#7625,#7626);
#7625=CARTESIAN_POINT('',(0.109608536,-0.006576922,0.159999997));
#7626=VECTOR('',#7627,1.0);
#7627=DIRECTION('',(0.0,0.0,-1.0));
#7628=ORIENTED_EDGE('',*,*,#7629,.T.);
#7629=EDGE_CURVE('',#7622,#7598,#7630,.F.);
#7630=LINE('',#7631,#7632);
#7631=CARTESIAN_POINT('',(0.109608536,-0.006576922,0.159999997));
#7632=VECTOR('',#7633,1.0);
#7633=DIRECTION('',(0.0,1.0,0.0));
#7634=ORIENTED_EDGE('',*,*,#7597,.F.);
#7635=PLANE('',#7636);
#7636=AXIS2_PLACEMENT_3D('',#7637,#7638,#7639);
#7637=CARTESIAN_POINT('',(0.109608536,-0.006576922,0.159999997));
#7638=DIRECTION('',(-1.0,0.0,0.0));
#7639=DIRECTION('',(0.0,0.0,1.0));
#7640=ADVANCED_FACE('',(#7641),#7659,.F.);
#7641=FACE_BOUND('',#7642,.T.);
#7642=EDGE_LOOP('',(#7643,#7644,#7652,#7658));
#7643=ORIENTED_EDGE('',*,*,#1293,.F.);
#7644=ORIENTED_EDGE('',*,*,#7645,.T.);
#7645=EDGE_CURVE('',#1286,#7646,#7648,.F.);
#7646=VERTEX_POINT('',#7647);
#7647=CARTESIAN_POINT('',(0.07469,-0.006576922,0.159999997));
#7648=LINE('',#7649,#7650);
#7649=CARTESIAN_POINT('',(0.07469,-0.006576922,0.159999997));
#7650=VECTOR('',#7651,1.0);
#7651=DIRECTION('',(0.0,0.0,-1.0));
#7652=ORIENTED_EDGE('',*,*,#7653,.T.);
#7653=EDGE_CURVE('',#7646,#7622,#7654,.F.);
#7654=LINE('',#7655,#7656);
#7655=CARTESIAN_POINT('',(0.07469,-0.006576922,0.159999997));
#7656=VECTOR('',#7657,1.0);
#7657=DIRECTION('',(-1.0,0.0,0.0));
#7658=ORIENTED_EDGE('',*,*,#7621,.F.);
#7659=PLANE('',#7660);
#7660=AXIS2_PLACEMENT_3D('',#7661,#7662,#7663);
#7661=CARTESIAN_POINT('',(0.07469,-0.006576922,0.159999997));
#7662=DIRECTION('',(0.0,-1.0,0.0));
#7663=DIRECTION('',(0.0,0.0,-1.0));
#7664=ADVANCED_FACE('',(#7665),#7683,.F.);
#7665=FACE_BOUND('',#7666,.T.);
#7666=EDGE_LOOP('',(#7667,#7668,#7676,#7682));
#7667=ORIENTED_EDGE('',*,*,#1285,.F.);
#7668=ORIENTED_EDGE('',*,*,#7669,.T.);
#7669=EDGE_CURVE('',#1278,#7670,#7672,.F.);
#7670=VERTEX_POINT('',#7671);
#7671=CARTESIAN_POINT('',(0.07469,-0.074369137,0.159999997));
#7672=LINE('',#7673,#7674);
#7673=CARTESIAN_POINT('',(0.07469,-0.074369137,0.159999997));
#7674=VECTOR('',#7675,1.0);
#7675=DIRECTION('',(0.0,0.0,-1.0));
#7676=ORIENTED_EDGE('',*,*,#7677,.T.);
#7677=EDGE_CURVE('',#7670,#7646,#7678,.F.);
#7678=LINE('',#7679,#7680);
#7679=CARTESIAN_POINT('',(0.07469,-0.074369137,0.159999997));
#7680=VECTOR('',#7681,1.0);
#7681=DIRECTION('',(0.0,-1.0,0.0));
#7682=ORIENTED_EDGE('',*,*,#7645,.F.);
#7683=PLANE('',#7684);
#7684=AXIS2_PLACEMENT_3D('',#7685,#7686,#7687);
#7685=CARTESIAN_POINT('',(0.07469,-0.074369137,0.159999997));
#7686=DIRECTION('',(1.0,0.0,0.0));
#7687=DIRECTION('',(0.0,0.0,-1.0));
#7688=ADVANCED_FACE('',(#7689),#7700,.F.);
#7689=FACE_BOUND('',#7690,.T.);
#7690=EDGE_LOOP('',(#7691,#7692,#7693,#7699));
#7691=ORIENTED_EDGE('',*,*,#1277,.F.);
#7692=ORIENTED_EDGE('',*,*,#7438,.F.);
#7693=ORIENTED_EDGE('',*,*,#7694,.T.);
#7694=EDGE_CURVE('',#7431,#7670,#7695,.F.);
#7695=LINE('',#7696,#7697);
#7696=CARTESIAN_POINT('',(0.111150843,-0.074369137,0.159999997));
#7697=VECTOR('',#7698,1.0);
#7698=DIRECTION('',(1.0,0.0,0.0));
#7699=ORIENTED_EDGE('',*,*,#7669,.F.);
#7700=PLANE('',#7701);
#7701=AXIS2_PLACEMENT_3D('',#7702,#7703,#7704);
#7702=CARTESIAN_POINT('',(0.111150843,-0.074369137,0.159999997));
#7703=DIRECTION('',(0.0,1.0,0.0));
#7704=DIRECTION('',(0.0,0.0,1.0));
#7705=ADVANCED_FACE('',(#7706),#7720,.F.);
#7706=FACE_BOUND('',#7707,.T.);
#7707=EDGE_LOOP('',(#7708,#7709,#7710,#7711,#7712,#7713,#7714,#7715,#7716,#7717,#7718,#7719));
#7708=ORIENTED_EDGE('',*,*,#7430,.F.);
#7709=ORIENTED_EDGE('',*,*,#7461,.F.);
#7710=ORIENTED_EDGE('',*,*,#7485,.F.);
#7711=ORIENTED_EDGE('',*,*,#7509,.F.);
#7712=ORIENTED_EDGE('',*,*,#7533,.F.);
#7713=ORIENTED_EDGE('',*,*,#7557,.F.);
#7714=ORIENTED_EDGE('',*,*,#7581,.F.);
#7715=ORIENTED_EDGE('',*,*,#7605,.F.);
#7716=ORIENTED_EDGE('',*,*,#7629,.F.);
#7717=ORIENTED_EDGE('',*,*,#7653,.F.);
#7718=ORIENTED_EDGE('',*,*,#7677,.F.);
#7719=ORIENTED_EDGE('',*,*,#7694,.F.);
#7720=PLANE('',#7721);
#7721=AXIS2_PLACEMENT_3D('',#7722,#7723,#7724);
#7722=CARTESIAN_POINT('',(0.0,0.0,0.159999997));
#7723=DIRECTION('',(0.0,0.0,-1.0));
#7724=DIRECTION('',(-1.0,0.0,0.0));
#7725=ADVANCED_FACE('',(#7726,#7788),#7850,.T.);
#7726=FACE_BOUND('',#7727,.T.);
#7727=EDGE_LOOP('',(#7728,#7738,#7747,#7756,#7765,#7774,#7782));
#7728=ORIENTED_EDGE('',*,*,#7729,.T.);
#7729=EDGE_CURVE('',#7730,#7732,#7734,.T.);
#7730=VERTEX_POINT('',#7731);
#7731=CARTESIAN_POINT('',(0.123957195,-0.074369137,0.159999997));
#7732=VERTEX_POINT('',#7733);
#7733=CARTESIAN_POINT('',(0.142603519,-0.074369137,0.159999997));
#7734=LINE('',#7735,#7736);
#7735=CARTESIAN_POINT('',(0.142603519,-0.074369137,0.159999997));
#7736=VECTOR('',#7737,1.0);
#7737=DIRECTION('',(1.0,0.0,0.0));
#7738=ORIENTED_EDGE('',*,*,#7739,.T.);
#7739=EDGE_CURVE('',#7732,#7740,#7742,.T.);
#7740=VERTEX_POINT('',#7741);
#7741=CARTESIAN_POINT('',(0.168926723,-0.064872682,0.159999997));
#7742=B_SPLINE_CURVE_WITH_KNOTS('',3,(#7743,#7744,#7745,#7746),.UNSPECIFIED.,.F.,.U.,(4,4),(5.0,6.0),.PIECEWISE_BEZIER_KNOTS.);
#7743=CARTESIAN_POINT('',(0.142603519,-0.074369137,0.159999997));
#7744=CARTESIAN_POINT('',(0.153330355,-0.074369137,0.159999997));
#7745=CARTESIAN_POINT('',(0.162116309,-0.071215205,0.159999997));
#7746=CARTESIAN_POINT('',(0.168926723,-0.064872682,0.159999997));
#7747=ORIENTED_EDGE('',*,*,#7748,.T.);
#7748=EDGE_CURVE('',#7740,#7749,#7751,.T.);
#7749=VERTEX_POINT('',#7750);
#7750=CARTESIAN_POINT('',(0.179151009,-0.039606565,0.159999997));
#7751=B_SPLINE_CURVE_WITH_KNOTS('',3,(#7752,#7753,#7754,#7755),.UNSPECIFIED.,.F.,.U.,(4,4),(4.0,5.0),.PIECEWISE_BEZIER_KNOTS.);
#7752=CARTESIAN_POINT('',(0.168926723,-0.064872682,0.159999997));
#7753=CARTESIAN_POINT('',(0.175737138,-0.058530159,0.159999997));
#7754=CARTESIAN_POINT('',(0.179151009,-0.05010812,0.159999997));
#7755=CARTESIAN_POINT('',(0.179151009,-0.039606565,0.159999997));
#7756=ORIENTED_EDGE('',*,*,#7757,.T.);
#7757=EDGE_CURVE('',#7749,#7758,#7760,.T.);
#7758=VERTEX_POINT('',#7759);
#7759=CARTESIAN_POINT('',(0.168926723,-0.015553499,0.159999997));
#7760=B_SPLINE_CURVE_WITH_KNOTS('',3,(#7761,#7762,#7763,#7764),.UNSPECIFIED.,.F.,.U.,(4,4),(3.0,4.0),.PIECEWISE_BEZIER_KNOTS.);
#7761=CARTESIAN_POINT('',(0.179151009,-0.039606565,0.159999997));
#7762=CARTESIAN_POINT('',(0.179151009,-0.029555572,0.159999997));
#7763=CARTESIAN_POINT('',(0.175737138,-0.021549436,0.159999997));
#7764=CARTESIAN_POINT('',(0.168926723,-0.015553499,0.159999997));
#7765=ORIENTED_EDGE('',*,*,#7766,.T.);
#7766=EDGE_CURVE('',#7758,#7767,#7769,.T.);
#7767=VERTEX_POINT('',#7768);
#7768=CARTESIAN_POINT('',(0.143296691,-0.006576922,0.159999997));
#7769=B_SPLINE_CURVE_WITH_KNOTS('',3,(#7770,#7771,#7772,#7773),.UNSPECIFIED.,.F.,.U.,(4,4),(2.0,3.0),.PIECEWISE_BEZIER_KNOTS.);
#7770=CARTESIAN_POINT('',(0.168926723,-0.015553499,0.159999997));
#7771=CARTESIAN_POINT('',(0.162116309,-0.009557562,0.159999997));
#7772=CARTESIAN_POINT('',(0.153572965,-0.006576922,0.159999997));
#7773=CARTESIAN_POINT('',(0.143296691,-0.006576922,0.159999997));
#7774=ORIENTED_EDGE('',*,*,#7775,.T.);
#7775=EDGE_CURVE('',#7767,#7776,#7778,.T.);
#7776=VERTEX_POINT('',#7777);
#7777=CARTESIAN_POINT('',(0.123957195,-0.006576922,0.159999997));
#7778=LINE('',#7779,#7780);
#7779=CARTESIAN_POINT('',(0.123957195,-0.006576922,0.159999997));
#7780=VECTOR('',#7781,1.0);
#7781=DIRECTION('',(-1.0,0.0,0.0));
#7782=ORIENTED_EDGE('',*,*,#7783,.T.);
#7783=EDGE_CURVE('',#7776,#7730,#7784,.T.);
#7784=LINE('',#7785,#7786);
#7785=CARTESIAN_POINT('',(0.123957195,-0.074369137,0.159999997));
#7786=VECTOR('',#7787,1.0);
#7787=DIRECTION('',(0.0,-1.0,0.0));
#7788=FACE_BOUND('',#7789,.T.);
#7789=EDGE_LOOP('',(#7790,#7800,#7808,#7817,#7826,#7835,#7844));
#7790=ORIENTED_EDGE('',*,*,#7791,.T.);
#7791=EDGE_CURVE('',#7792,#7794,#7796,.F.);
#7792=VERTEX_POINT('',#7793);
#7793=CARTESIAN_POINT('',(0.13270849,-0.06664027,0.159999997));
#7794=VERTEX_POINT('',#7795);
#7795=CARTESIAN_POINT('',(0.13270849,-0.014375107,0.159999997));
#7796=LINE('',#7797,#7798);
#7797=CARTESIAN_POINT('',(0.13270849,-0.014375107,0.159999997));
#7798=VECTOR('',#7799,1.0);
#7799=DIRECTION('',(0.0,-1.0,0.0));
#7800=ORIENTED_EDGE('',*,*,#7801,.T.);
#7801=EDGE_CURVE('',#7794,#7802,#7804,.F.);
#7802=VERTEX_POINT('',#7803);
#7803=CARTESIAN_POINT('',(0.142950105,-0.014375107,0.159999997));
#7804=LINE('',#7805,#7806);
#7805=CARTESIAN_POINT('',(0.142950105,-0.014375107,0.159999997));
#7806=VECTOR('',#7807,1.0);
#7807=DIRECTION('',(-1.0,0.0,0.0));
#7808=ORIENTED_EDGE('',*,*,#7809,.T.);
#7809=EDGE_CURVE('',#7802,#7810,#7812,.F.);
#7810=VERTEX_POINT('',#7811);
#7811=CARTESIAN_POINT('',(0.162514883,-0.020752288,0.159999997));
#7812=B_SPLINE_CURVE_WITH_KNOTS('',3,(#7813,#7814,#7815,#7816),.UNSPECIFIED.,.F.,.U.,(4,4),(5.0,6.0),.PIECEWISE_BEZIER_KNOTS.);
#7813=CARTESIAN_POINT('',(0.162514883,-0.020752288,0.159999997));
#7814=CARTESIAN_POINT('',(0.157558704,-0.016489281,0.159999997));
#7815=CARTESIAN_POINT('',(0.151025558,-0.014375107,0.159999997));
#7816=CARTESIAN_POINT('',(0.142950105,-0.014375107,0.159999997));
#7817=ORIENTED_EDGE('',*,*,#7818,.T.);
#7818=EDGE_CURVE('',#7810,#7819,#7821,.F.);
#7819=VERTEX_POINT('',#7820);
#7820=CARTESIAN_POINT('',(0.169949152,-0.039849175,0.159999997));
#7821=B_SPLINE_CURVE_WITH_KNOTS('',3,(#7822,#7823,#7824,#7825),.UNSPECIFIED.,.F.,.U.,(4,4),(4.0,5.0),.PIECEWISE_BEZIER_KNOTS.);
#7822=CARTESIAN_POINT('',(0.169949152,-0.039849175,0.159999997));
#7823=CARTESIAN_POINT('',(0.169949152,-0.031392477,0.159999997));
#7824=CARTESIAN_POINT('',(0.167471062,-0.025015296,0.159999997));
#7825=CARTESIAN_POINT('',(0.162514883,-0.020752288,0.159999997));
#7826=ORIENTED_EDGE('',*,*,#7827,.T.);
#7827=EDGE_CURVE('',#7819,#7828,#7830,.F.);
#7828=VERTEX_POINT('',#7829);
#7829=CARTESIAN_POINT('',(0.162705505,-0.059569916,0.159999997));
#7830=B_SPLINE_CURVE_WITH_KNOTS('',3,(#7831,#7832,#7833,#7834),.UNSPECIFIED.,.F.,.U.,(4,4),(3.0,4.0),.PIECEWISE_BEZIER_KNOTS.);
#7831=CARTESIAN_POINT('',(0.162705505,-0.059569916,0.159999997));
#7832=CARTESIAN_POINT('',(0.16754038,-0.054891006,0.159999997));
#7833=CARTESIAN_POINT('',(0.169949152,-0.048305873,0.159999997));
#7834=CARTESIAN_POINT('',(0.169949152,-0.039849175,0.159999997));
#7835=ORIENTED_EDGE('',*,*,#7836,.T.);
#7836=EDGE_CURVE('',#7828,#7837,#7839,.F.);
#7837=VERTEX_POINT('',#7838);
#7838=CARTESIAN_POINT('',(0.142551532,-0.06664027,0.159999997));
#7839=B_SPLINE_CURVE_WITH_KNOTS('',3,(#7840,#7841,#7842,#7843),.UNSPECIFIED.,.F.,.U.,(4,4),(2.0,3.0),.PIECEWISE_BEZIER_KNOTS.);
#7840=CARTESIAN_POINT('',(0.142551532,-0.06664027,0.159999997));
#7841=CARTESIAN_POINT('',(0.151164193,-0.06664027,0.159999997));
#7842=CARTESIAN_POINT('',(0.15788796,-0.064283486,0.159999997));
#7843=CARTESIAN_POINT('',(0.162705505,-0.059569916,0.159999997));
#7844=ORIENTED_EDGE('',*,*,#7845,.T.);
#7845=EDGE_CURVE('',#7837,#7792,#7846,.F.);
#7846=LINE('',#7847,#7848);
#7847=CARTESIAN_POINT('',(0.13270849,-0.06664027,0.159999997));
#7848=VECTOR('',#7849,1.0);
#7849=DIRECTION('',(1.0,0.0,0.0));
#7850=PLANE('',#7851);
#7851=AXIS2_PLACEMENT_3D('',#7852,#7853,#7854);
#7852=CARTESIAN_POINT('',(0.157411405,-0.008816734,0.159999997));
#7853=DIRECTION('',(0.0,0.0,1.0));
#7854=DIRECTION('',(1.0,0.0,0.0));
#7855=ADVANCED_FACE('',(#7856),#7872,.F.);
#7856=FACE_BOUND('',#7857,.T.);
#7857=EDGE_LOOP('',(#7858,#7859,#7865,#7866));
#7858=ORIENTED_EDGE('',*,*,#1365,.F.);
#7859=ORIENTED_EDGE('',*,*,#7860,.T.);
#7860=EDGE_CURVE('',#1366,#7732,#7861,.F.);
#7861=LINE('',#7862,#7863);
#7862=CARTESIAN_POINT('',(0.142603519,-0.074369137,0.159999997));
#7863=VECTOR('',#7864,1.0);
#7864=DIRECTION('',(0.0,0.0,-1.0));
#7865=ORIENTED_EDGE('',*,*,#7729,.F.);
#7866=ORIENTED_EDGE('',*,*,#7867,.T.);
#7867=EDGE_CURVE('',#7730,#1368,#7868,.T.);
#7868=LINE('',#7869,#7870);
#7869=CARTESIAN_POINT('',(0.123957195,-0.074369137,0.159999997));
#7870=VECTOR('',#7871,1.0);
#7871=DIRECTION('',(0.0,0.0,-1.0));
#7872=PLANE('',#7873);
#7873=AXIS2_PLACEMENT_3D('',#7874,#7875,#7876);
#7874=CARTESIAN_POINT('',(0.142603519,-0.074369137,0.159999997));
#7875=DIRECTION('',(0.0,1.0,0.0));
#7876=DIRECTION('',(0.0,0.0,1.0));
#7877=ADVANCED_FACE('',(#7878),#7889,.F.);
#7878=FACE_BOUND('',#7879,.T.);
#7879=EDGE_LOOP('',(#7880,#7881,#7887,#7888));
#7880=ORIENTED_EDGE('',*,*,#1418,.F.);
#7881=ORIENTED_EDGE('',*,*,#7882,.T.);
#7882=EDGE_CURVE('',#1410,#7740,#7883,.F.);
#7883=LINE('',#7884,#7885);
#7884=CARTESIAN_POINT('',(0.168926723,-0.064872682,0.159999997));
#7885=VECTOR('',#7886,1.0);
#7886=DIRECTION('',(0.0,0.0,-1.0));
#7887=ORIENTED_EDGE('',*,*,#7739,.F.);
#7888=ORIENTED_EDGE('',*,*,#7860,.F.);
#7889=B_SPLINE_SURFACE_WITH_KNOTS('',3,1,((#7890,#7891),(#7892,#7893),(#7894,#7895),(#7896,#7897)),.UNSPECIFIED.,.F.,.F.,.U.,(4,4),(2,2),(5.0,6.0),(0.0,1.0),.PIECEWISE_BEZIER_KNOTS.);
#7890=CARTESIAN_POINT('',(0.142603519,-0.074369137,0.159999997));
#7891=CARTESIAN_POINT('',(0.142603519,-0.074369137,0.149999997));
#7892=CARTESIAN_POINT('',(0.153330355,-0.074369137,0.159999997));
#7893=CARTESIAN_POINT('',(0.153330355,-0.074369137,0.149999997));
#7894=CARTESIAN_POINT('',(0.162116309,-0.071215205,0.159999997));
#7895=CARTESIAN_POINT('',(0.162116309,-0.071215205,0.149999997));
#7896=CARTESIAN_POINT('',(0.168926723,-0.064872682,0.159999997));
#7897=CARTESIAN_POINT('',(0.168926723,-0.064872682,0.149999997));
#7898=ADVANCED_FACE('',(#7899),#7910,.F.);
#7899=FACE_BOUND('',#7900,.T.);
#7900=EDGE_LOOP('',(#7901,#7902,#7908,#7909));
#7901=ORIENTED_EDGE('',*,*,#1409,.F.);
#7902=ORIENTED_EDGE('',*,*,#7903,.T.);
#7903=EDGE_CURVE('',#1401,#7749,#7904,.F.);
#7904=LINE('',#7905,#7906);
#7905=CARTESIAN_POINT('',(0.179151009,-0.039606565,0.159999997));
#7906=VECTOR('',#7907,1.0);
#7907=DIRECTION('',(0.0,0.0,-1.0));
#7908=ORIENTED_EDGE('',*,*,#7748,.F.);
#7909=ORIENTED_EDGE('',*,*,#7882,.F.);
#7910=B_SPLINE_SURFACE_WITH_KNOTS('',3,1,((#7911,#7912),(#7913,#7914),(#7915,#7916),(#7917,#7918)),.UNSPECIFIED.,.F.,.F.,.U.,(4,4),(2,2),(4.0,5.0),(0.0,1.0),.PIECEWISE_BEZIER_KNOTS.);
#7911=CARTESIAN_POINT('',(0.168926723,-0.064872682,0.159999997));
#7912=CARTESIAN_POINT('',(0.168926723,-0.064872682,0.149999997));
#7913=CARTESIAN_POINT('',(0.175737138,-0.058530159,0.159999997));
#7914=CARTESIAN_POINT('',(0.175737138,-0.058530159,0.149999997));
#7915=CARTESIAN_POINT('',(0.179151009,-0.05010812,0.159999997));
#7916=CARTESIAN_POINT('',(0.179151009,-0.05010812,0.149999997));
#7917=CARTESIAN_POINT('',(0.179151009,-0.039606565,0.159999997));
#7918=CARTESIAN_POINT('',(0.179151009,-0.039606565,0.149999997));
#7919=ADVANCED_FACE('',(#7920),#7931,.F.);
#7920=FACE_BOUND('',#7921,.T.);
#7921=EDGE_LOOP('',(#7922,#7923,#7929,#7930));
#7922=ORIENTED_EDGE('',*,*,#1400,.F.);
#7923=ORIENTED_EDGE('',*,*,#7924,.T.);
#7924=EDGE_CURVE('',#1392,#7758,#7925,.F.);
#7925=LINE('',#7926,#7927);
#7926=CARTESIAN_POINT('',(0.168926723,-0.015553499,0.159999997));
#7927=VECTOR('',#7928,1.0);
#7928=DIRECTION('',(0.0,0.0,-1.0));
#7929=ORIENTED_EDGE('',*,*,#7757,.F.);
#7930=ORIENTED_EDGE('',*,*,#7903,.F.);
#7931=B_SPLINE_SURFACE_WITH_KNOTS('',3,1,((#7932,#7933),(#7934,#7935),(#7936,#7937),(#7938,#7939)),.UNSPECIFIED.,.F.,.F.,.U.,(4,4),(2,2),(3.0,4.0),(0.0,1.0),.PIECEWISE_BEZIER_KNOTS.);
#7932=CARTESIAN_POINT('',(0.179151009,-0.039606565,0.159999997));
#7933=CARTESIAN_POINT('',(0.179151009,-0.039606565,0.149999997));
#7934=CARTESIAN_POINT('',(0.179151009,-0.029555572,0.159999997));
#7935=CARTESIAN_POINT('',(0.179151009,-0.029555572,0.149999997));
#7936=CARTESIAN_POINT('',(0.175737138,-0.021549436,0.159999997));
#7937=CARTESIAN_POINT('',(0.175737138,-0.021549436,0.149999997));
#7938=CARTESIAN_POINT('',(0.168926723,-0.015553499,0.159999997));
#7939=CARTESIAN_POINT('',(0.168926723,-0.015553499,0.149999997));
#7940=ADVANCED_FACE('',(#7941),#7952,.F.);
#7941=FACE_BOUND('',#7942,.T.);
#7942=EDGE_LOOP('',(#7943,#7944,#7950,#7951));
#7943=ORIENTED_EDGE('',*,*,#1391,.F.);
#7944=ORIENTED_EDGE('',*,*,#7945,.T.);
#7945=EDGE_CURVE('',#1384,#7767,#7946,.F.);
#7946=LINE('',#7947,#7948);
#7947=CARTESIAN_POINT('',(0.143296691,-0.006576922,0.159999997));
#7948=VECTOR('',#7949,1.0);
#7949=DIRECTION('',(0.0,0.0,-1.0));
#7950=ORIENTED_EDGE('',*,*,#7766,.F.);
#7951=ORIENTED_EDGE('',*,*,#7924,.F.);
#7952=B_SPLINE_SURFACE_WITH_KNOTS('',3,1,((#7953,#7954),(#7955,#7956),(#7957,#7958),(#7959,#7960)),.UNSPECIFIED.,.F.,.F.,.U.,(4,4),(2,2),(2.0,3.0),(0.0,1.0),.PIECEWISE_BEZIER_KNOTS.);
#7953=CARTESIAN_POINT('',(0.168926723,-0.015553499,0.159999997));
#7954=CARTESIAN_POINT('',(0.168926723,-0.015553499,0.149999997));
#7955=CARTESIAN_POINT('',(0.162116309,-0.009557562,0.159999997));
#7956=CARTESIAN_POINT('',(0.162116309,-0.009557562,0.149999997));
#7957=CARTESIAN_POINT('',(0.153572965,-0.006576922,0.159999997));
#7958=CARTESIAN_POINT('',(0.153572965,-0.006576922,0.149999997));
#7959=CARTESIAN_POINT('',(0.143296691,-0.006576922,0.159999997));
#7960=CARTESIAN_POINT('',(0.143296691,-0.006576922,0.149999997));
#7961=ADVANCED_FACE('',(#7962),#7973,.F.);
#7962=FACE_BOUND('',#7963,.T.);
#7963=EDGE_LOOP('',(#7964,#7965,#7971,#7972));
#7964=ORIENTED_EDGE('',*,*,#1383,.F.);
#7965=ORIENTED_EDGE('',*,*,#7966,.T.);
#7966=EDGE_CURVE('',#1376,#7776,#7967,.F.);
#7967=LINE('',#7968,#7969);
#7968=CARTESIAN_POINT('',(0.123957195,-0.006576922,0.159999997));
#7969=VECTOR('',#7970,1.0);
#7970=DIRECTION('',(0.0,0.0,-1.0));
#7971=ORIENTED_EDGE('',*,*,#7775,.F.);
#7972=ORIENTED_EDGE('',*,*,#7945,.F.);
#7973=PLANE('',#7974);
#7974=AXIS2_PLACEMENT_3D('',#7975,#7976,#7977);
#7975=CARTESIAN_POINT('',(0.123957195,-0.006576922,0.159999997));
#7976=DIRECTION('',(0.0,-1.0,0.0));
#7977=DIRECTION('',(0.0,0.0,-1.0));
#7978=ADVANCED_FACE('',(#7979),#7985,.F.);
#7979=FACE_BOUND('',#7980,.T.);
#7980=EDGE_LOOP('',(#7981,#7982,#7983,#7984));
#7981=ORIENTED_EDGE('',*,*,#1375,.F.);
#7982=ORIENTED_EDGE('',*,*,#7867,.F.);
#7983=ORIENTED_EDGE('',*,*,#7783,.F.);
#7984=ORIENTED_EDGE('',*,*,#7966,.F.);
#7985=PLANE('',#7986);
#7986=AXIS2_PLACEMENT_3D('',#7987,#7988,#7989);
#7987=CARTESIAN_POINT('',(0.123957195,-0.074369137,0.159999997));
#7988=DIRECTION('',(1.0,0.0,0.0));
#7989=DIRECTION('',(0.0,0.0,-1.0));
#7990=ADVANCED_FACE('',(#7991),#8016,.T.);
#7991=FACE_BOUND('',#7992,.T.);
#7992=EDGE_LOOP('',(#7993,#8003,#8009,#8010));
#7993=ORIENTED_EDGE('',*,*,#7994,.T.);
#7994=EDGE_CURVE('',#7995,#7997,#7999,.F.);
#7995=VERTEX_POINT('',#7996);
#7996=CARTESIAN_POINT('',(0.13270849,-0.014375107,0.149999997));
#7997=VERTEX_POINT('',#7998);
#7998=CARTESIAN_POINT('',(0.142950105,-0.014375107,0.149999997));
#7999=LINE('',#8000,#8001);
#8000=CARTESIAN_POINT('',(0.142950105,-0.014375107,0.149999997));
#8001=VECTOR('',#8002,1.0);
#8002=DIRECTION('',(-1.0,0.0,0.0));
#8003=ORIENTED_EDGE('',*,*,#8004,.T.);
#8004=EDGE_CURVE('',#7997,#7802,#8005,.F.);
#8005=LINE('',#8006,#8007);
#8006=CARTESIAN_POINT('',(0.142950105,-0.014375107,0.159999997));
#8007=VECTOR('',#8008,1.0);
#8008=DIRECTION('',(0.0,0.0,-1.0));
#8009=ORIENTED_EDGE('',*,*,#7801,.F.);
#8010=ORIENTED_EDGE('',*,*,#8011,.T.);
#8011=EDGE_CURVE('',#7794,#7995,#8012,.T.);
#8012=LINE('',#8013,#8014);
#8013=CARTESIAN_POINT('',(0.13270849,-0.014375107,0.159999997));
#8014=VECTOR('',#8015,1.0);
#8015=DIRECTION('',(0.0,0.0,-1.0));
#8016=PLANE('',#8017);
#8017=AXIS2_PLACEMENT_3D('',#8018,#8019,#8020);
#8018=CARTESIAN_POINT('',(0.142950105,-0.014375107,0.159999997));
#8019=DIRECTION('',(0.0,-1.0,0.0));
#8020=DIRECTION('',(0.0,0.0,-1.0));
#8021=ADVANCED_FACE('',(#8022),#8040,.T.);
#8022=FACE_BOUND('',#8023,.T.);
#8023=EDGE_LOOP('',(#8024,#8032,#8033,#8034));
#8024=ORIENTED_EDGE('',*,*,#8025,.T.);
#8025=EDGE_CURVE('',#8026,#7995,#8028,.F.);
#8026=VERTEX_POINT('',#8027);
#8027=CARTESIAN_POINT('',(0.13270849,-0.06664027,0.149999997));
#8028=LINE('',#8029,#8030);
#8029=CARTESIAN_POINT('',(0.13270849,-0.014375107,0.149999997));
#8030=VECTOR('',#8031,1.0);
#8031=DIRECTION('',(0.0,-1.0,0.0));
#8032=ORIENTED_EDGE('',*,*,#8011,.F.);
#8033=ORIENTED_EDGE('',*,*,#7791,.F.);
#8034=ORIENTED_EDGE('',*,*,#8035,.T.);
#8035=EDGE_CURVE('',#7792,#8026,#8036,.T.);
#8036=LINE('',#8037,#8038);
#8037=CARTESIAN_POINT('',(0.13270849,-0.06664027,0.159999997));
#8038=VECTOR('',#8039,1.0);
#8039=DIRECTION('',(0.0,0.0,-1.0));
#8040=PLANE('',#8041);
#8041=AXIS2_PLACEMENT_3D('',#8042,#8043,#8044);
#8042=CARTESIAN_POINT('',(0.13270849,-0.014375107,0.159999997));
#8043=DIRECTION('',(1.0,0.0,0.0));
#8044=DIRECTION('',(0.0,0.0,-1.0));
#8045=ADVANCED_FACE('',(#8046),#8064,.T.);
#8046=FACE_BOUND('',#8047,.T.);
#8047=EDGE_LOOP('',(#8048,#8056,#8057,#8058));
#8048=ORIENTED_EDGE('',*,*,#8049,.T.);
#8049=EDGE_CURVE('',#8050,#8026,#8052,.F.);
#8050=VERTEX_POINT('',#8051);
#8051=CARTESIAN_POINT('',(0.142551532,-0.06664027,0.149999997));
#8052=LINE('',#8053,#8054);
#8053=CARTESIAN_POINT('',(0.13270849,-0.06664027,0.149999997));
#8054=VECTOR('',#8055,1.0);
#8055=DIRECTION('',(1.0,0.0,0.0));
#8056=ORIENTED_EDGE('',*,*,#8035,.F.);
#8057=ORIENTED_EDGE('',*,*,#7845,.F.);
#8058=ORIENTED_EDGE('',*,*,#8059,.T.);
#8059=EDGE_CURVE('',#7837,#8050,#8060,.T.);
#8060=LINE('',#8061,#8062);
#8061=CARTESIAN_POINT('',(0.142551532,-0.06664027,0.159999997));
#8062=VECTOR('',#8063,1.0);
#8063=DIRECTION('',(0.0,0.0,-1.0));
#8064=PLANE('',#8065);
#8065=AXIS2_PLACEMENT_3D('',#8066,#8067,#8068);
#8066=CARTESIAN_POINT('',(0.13270849,-0.06664027,0.159999997));
#8067=DIRECTION('',(0.0,1.0,0.0));
#8068=DIRECTION('',(0.0,0.0,1.0));
#8069=ADVANCED_FACE('',(#8070),#8089,.T.);
#8070=FACE_BOUND('',#8071,.T.);
#8071=EDGE_LOOP('',(#8072,#8081,#8082,#8083));
#8072=ORIENTED_EDGE('',*,*,#8073,.T.);
#8073=EDGE_CURVE('',#8074,#8050,#8076,.F.);
#8074=VERTEX_POINT('',#8075);
#8075=CARTESIAN_POINT('',(0.162705505,-0.059569916,0.149999997));
#8076=B_SPLINE_CURVE_WITH_KNOTS('',3,(#8077,#8078,#8079,#8080),.UNSPECIFIED.,.F.,.U.,(4,4),(2.0,3.0),.PIECEWISE_BEZIER_KNOTS.);
#8077=CARTESIAN_POINT('',(0.142551532,-0.06664027,0.149999997));
#8078=CARTESIAN_POINT('',(0.151164193,-0.06664027,0.149999997));
#8079=CARTESIAN_POINT('',(0.15788796,-0.064283486,0.149999997));
#8080=CARTESIAN_POINT('',(0.162705505,-0.059569916,0.149999997));
#8081=ORIENTED_EDGE('',*,*,#8059,.F.);
#8082=ORIENTED_EDGE('',*,*,#7836,.F.);
#8083=ORIENTED_EDGE('',*,*,#8084,.T.);
#8084=EDGE_CURVE('',#7828,#8074,#8085,.T.);
#8085=LINE('',#8086,#8087);
#8086=CARTESIAN_POINT('',(0.162705505,-0.059569916,0.159999997));
#8087=VECTOR('',#8088,1.0);
#8088=DIRECTION('',(0.0,0.0,-1.0));
#8089=B_SPLINE_SURFACE_WITH_KNOTS('',3,1,((#8090,#8091),(#8092,#8093),(#8094,#8095),(#8096,#8097)),.UNSPECIFIED.,.F.,.F.,.U.,(4,4),(2,2),(2.0,3.0),(0.0,1.0),.PIECEWISE_BEZIER_KNOTS.);
#8090=CARTESIAN_POINT('',(0.142551532,-0.06664027,0.159999997));
#8091=CARTESIAN_POINT('',(0.142551532,-0.06664027,0.149999997));
#8092=CARTESIAN_POINT('',(0.151164193,-0.06664027,0.159999997));
#8093=CARTESIAN_POINT('',(0.151164193,-0.06664027,0.149999997));
#8094=CARTESIAN_POINT('',(0.15788796,-0.064283486,0.159999997));
#8095=CARTESIAN_POINT('',(0.15788796,-0.064283486,0.149999997));
#8096=CARTESIAN_POINT('',(0.162705505,-0.059569916,0.159999997));
#8097=CARTESIAN_POINT('',(0.162705505,-0.059569916,0.149999997));
#8098=ADVANCED_FACE('',(#8099),#8118,.T.);
#8099=FACE_BOUND('',#8100,.T.);
#8100=EDGE_LOOP('',(#8101,#8110,#8111,#8112));
#8101=ORIENTED_EDGE('',*,*,#8102,.T.);
#8102=EDGE_CURVE('',#8103,#8074,#8105,.F.);
#8103=VERTEX_POINT('',#8104);
#8104=CARTESIAN_POINT('',(0.169949152,-0.039849175,0.149999997));
#8105=B_SPLINE_CURVE_WITH_KNOTS('',3,(#8106,#8107,#8108,#8109),.UNSPECIFIED.,.F.,.U.,(4,4),(3.0,4.0),.PIECEWISE_BEZIER_KNOTS.);
#8106=CARTESIAN_POINT('',(0.162705505,-0.059569916,0.149999997));
#8107=CARTESIAN_POINT('',(0.16754038,-0.054891006,0.149999997));
#8108=CARTESIAN_POINT('',(0.169949152,-0.048305873,0.149999997));
#8109=CARTESIAN_POINT('',(0.169949152,-0.039849175,0.149999997));
#8110=ORIENTED_EDGE('',*,*,#8084,.F.);
#8111=ORIENTED_EDGE('',*,*,#7827,.F.);
#8112=ORIENTED_EDGE('',*,*,#8113,.T.);
#8113=EDGE_CURVE('',#7819,#8103,#8114,.T.);
#8114=LINE('',#8115,#8116);
#8115=CARTESIAN_POINT('',(0.169949152,-0.039849175,0.159999997));
#8116=VECTOR('',#8117,1.0);
#8117=DIRECTION('',(0.0,0.0,-1.0));
#8118=B_SPLINE_SURFACE_WITH_KNOTS('',3,1,((#8119,#8120),(#8121,#8122),(#8123,#8124),(#8125,#8126)),.UNSPECIFIED.,.F.,.F.,.U.,(4,4),(2,2),(3.0,4.0),(0.0,1.0),.PIECEWISE_BEZIER_KNOTS.);
#8119=CARTESIAN_POINT('',(0.162705505,-0.059569916,0.159999997));
#8120=CARTESIAN_POINT('',(0.162705505,-0.059569916,0.149999997));
#8121=CARTESIAN_POINT('',(0.16754038,-0.054891006,0.159999997));
#8122=CARTESIAN_POINT('',(0.16754038,-0.054891006,0.149999997));
#8123=CARTESIAN_POINT('',(0.169949152,-0.048305873,0.159999997));
#8124=CARTESIAN_POINT('',(0.169949152,-0.048305873,0.149999997));
#8125=CARTESIAN_POINT('',(0.169949152,-0.039849175,0.159999997));
#8126=CARTESIAN_POINT('',(0.169949152,-0.039849175,0.149999997));
#8127=ADVANCED_FACE('',(#8128),#8147,.T.);
#8128=FACE_BOUND('',#8129,.T.);
#8129=EDGE_LOOP('',(#8130,#8139,#8140,#8141));
#8130=ORIENTED_EDGE('',*,*,#8131,.T.);
#8131=EDGE_CURVE('',#8132,#8103,#8134,.F.);
#8132=VERTEX_POINT('',#8133);
#8133=CARTESIAN_POINT('',(0.162514883,-0.020752288,0.149999997));
#8134=B_SPLINE_CURVE_WITH_KNOTS('',3,(#8135,#8136,#8137,#8138),.UNSPECIFIED.,.F.,.U.,(4,4),(4.0,5.0),.PIECEWISE_BEZIER_KNOTS.);
#8135=CARTESIAN_POINT('',(0.169949152,-0.039849175,0.149999997));
#8136=CARTESIAN_POINT('',(0.169949152,-0.031392477,0.149999997));
#8137=CARTESIAN_POINT('',(0.167471062,-0.025015296,0.149999997));
#8138=CARTESIAN_POINT('',(0.162514883,-0.020752288,0.149999997));
#8139=ORIENTED_EDGE('',*,*,#8113,.F.);
#8140=ORIENTED_EDGE('',*,*,#7818,.F.);
#8141=ORIENTED_EDGE('',*,*,#8142,.T.);
#8142=EDGE_CURVE('',#7810,#8132,#8143,.T.);
#8143=LINE('',#8144,#8145);
#8144=CARTESIAN_POINT('',(0.162514883,-0.020752288,0.159999997));
#8145=VECTOR('',#8146,1.0);
#8146=DIRECTION('',(0.0,0.0,-1.0));
#8147=B_SPLINE_SURFACE_WITH_KNOTS('',3,1,((#8148,#8149),(#8150,#8151),(#8152,#8153),(#8154,#8155)),.UNSPECIFIED.,.F.,.F.,.U.,(4,4),(2,2),(4.0,5.0),(0.0,1.0),.PIECEWISE_BEZIER_KNOTS.);
#8148=CARTESIAN_POINT('',(0.169949152,-0.039849175,0.159999997));
#8149=CARTESIAN_POINT('',(0.169949152,-0.039849175,0.149999997));
#8150=CARTESIAN_POINT('',(0.169949152,-0.031392477,0.159999997));
#8151=CARTESIAN_POINT('',(0.169949152,-0.031392477,0.149999997));
#8152=CARTESIAN_POINT('',(0.167471062,-0.025015296,0.159999997));
#8153=CARTESIAN_POINT('',(0.167471062,-0.025015296,0.149999997));
#8154=CARTESIAN_POINT('',(0.162514883,-0.020752288,0.159999997));
#8155=CARTESIAN_POINT('',(0.162514883,-0.020752288,0.149999997));
#8156=ADVANCED_FACE('',(#8157),#8169,.T.);
#8157=FACE_BOUND('',#8158,.T.);
#8158=EDGE_LOOP('',(#8159,#8166,#8167,#8168));
#8159=ORIENTED_EDGE('',*,*,#8160,.T.);
#8160=EDGE_CURVE('',#7997,#8132,#8161,.F.);
#8161=B_SPLINE_CURVE_WITH_KNOTS('',3,(#8162,#8163,#8164,#8165),.UNSPECIFIED.,.F.,.U.,(4,4),(5.0,6.0),.PIECEWISE_BEZIER_KNOTS.);
#8162=CARTESIAN_POINT('',(0.162514883,-0.020752288,0.149999997));
#8163=CARTESIAN_POINT('',(0.157558704,-0.016489281,0.149999997));
#8164=CARTESIAN_POINT('',(0.151025558,-0.014375107,0.149999997));
#8165=CARTESIAN_POINT('',(0.142950105,-0.014375107,0.149999997));
#8166=ORIENTED_EDGE('',*,*,#8142,.F.);
#8167=ORIENTED_EDGE('',*,*,#7809,.F.);
#8168=ORIENTED_EDGE('',*,*,#8004,.F.);
#8169=B_SPLINE_SURFACE_WITH_KNOTS('',3,1,((#8170,#8171),(#8172,#8173),(#8174,#8175),(#8176,#8177)),.UNSPECIFIED.,.F.,.F.,.U.,(4,4),(2,2),(5.0,6.0),(0.0,1.0),.PIECEWISE_BEZIER_KNOTS.);
#8170=CARTESIAN_POINT('',(0.162514883,-0.020752288,0.159999997));
#8171=CARTESIAN_POINT('',(0.162514883,-0.020752288,0.149999997));
#8172=CARTESIAN_POINT('',(0.157558704,-0.016489281,0.159999997));
#8173=CARTESIAN_POINT('',(0.157558704,-0.016489281,0.149999997));
#8174=CARTESIAN_POINT('',(0.151025558,-0.014375107,0.159999997));
#8175=CARTESIAN_POINT('',(0.151025558,-0.014375107,0.149999997));
#8176=CARTESIAN_POINT('',(0.142950105,-0.014375107,0.159999997));
#8177=CARTESIAN_POINT('',(0.142950105,-0.014375107,0.149999997));
#8178=ADVANCED_FACE('',(#8179),#8188,.F.);
#8179=FACE_BOUND('',#8180,.T.);
#8180=EDGE_LOOP('',(#8181,#8182,#8183,#8184,#8185,#8186,#8187));
#8181=ORIENTED_EDGE('',*,*,#8160,.F.);
#8182=ORIENTED_EDGE('',*,*,#7994,.F.);
#8183=ORIENTED_EDGE('',*,*,#8025,.F.);
#8184=ORIENTED_EDGE('',*,*,#8049,.F.);
#8185=ORIENTED_EDGE('',*,*,#8073,.F.);
#8186=ORIENTED_EDGE('',*,*,#8102,.F.);
#8187=ORIENTED_EDGE('',*,*,#8131,.F.);
#8188=PLANE('',#8189);
#8189=AXIS2_PLACEMENT_3D('',#8190,#8191,#8192);
#8190=CARTESIAN_POINT('',(0.0,0.0,0.149999997));
#8191=DIRECTION('',(0.0,0.0,-1.0));
#8192=DIRECTION('',(-1.0,0.0,0.0));
#8193=ADVANCED_FACE('',(#8194,#8260),#8312,.F.);
#8194=FACE_BOUND('',#8195,.T.);
#8195=EDGE_LOOP('',(#8196,#8206,#8214,#8222,#8230,#8238,#8246,#8254));
#8196=ORIENTED_EDGE('',*,*,#8197,.T.);
#8197=EDGE_CURVE('',#8198,#8200,#8202,.T.);
#8198=VERTEX_POINT('',#8199);
#8199=CARTESIAN_POINT('',(0.243910597,-0.074369137,0.159999997));
#8200=VERTEX_POINT('',#8201);
#8201=CARTESIAN_POINT('',(0.218089942,-0.006576922,0.159999997));
#8202=LINE('',#8203,#8204);
#8203=CARTESIAN_POINT('',(0.218089942,-0.006576922,0.159999997));
#8204=VECTOR('',#8205,1.0);
#8205=DIRECTION('',(-0.355935724,0.934510439,0.0));
#8206=ORIENTED_EDGE('',*,*,#8207,.T.);
#8207=EDGE_CURVE('',#8200,#8208,#8210,.T.);
#8208=VERTEX_POINT('',#8209);
#8209=CARTESIAN_POINT('',(0.208732121,-0.006576922,0.159999997));
#8210=LINE('',#8211,#8212);
#8211=CARTESIAN_POINT('',(0.208732121,-0.006576922,0.159999997));
#8212=VECTOR('',#8213,1.0);
#8213=DIRECTION('',(-1.0,0.0,0.0));
#8214=ORIENTED_EDGE('',*,*,#8215,.T.);
#8215=EDGE_CURVE('',#8208,#8216,#8218,.T.);
#8216=VERTEX_POINT('',#8217);
#8217=CARTESIAN_POINT('',(0.182911467,-0.074369137,0.159999997));
#8218=LINE('',#8219,#8220);
#8219=CARTESIAN_POINT('',(0.182911467,-0.074369137,0.159999997));
#8220=VECTOR('',#8221,1.0);
#8221=DIRECTION('',(-0.355935724,-0.934510439,0.0));
#8222=ORIENTED_EDGE('',*,*,#8223,.T.);
#8223=EDGE_CURVE('',#8216,#8224,#8226,.T.);
#8224=VERTEX_POINT('',#8225);
#8225=CARTESIAN_POINT('',(0.192581215,-0.074369137,0.159999997));
#8226=LINE('',#8227,#8228);
#8227=CARTESIAN_POINT('',(0.192581215,-0.074369137,0.159999997));
#8228=VECTOR('',#8229,1.0);
#8229=DIRECTION('',(1.0,0.0,0.0));
#8230=ORIENTED_EDGE('',*,*,#8231,.T.);
#8231=EDGE_CURVE('',#8224,#8232,#8234,.T.);
#8232=VERTEX_POINT('',#8233);
#8233=CARTESIAN_POINT('',(0.199097032,-0.055826788,0.159999997));
#8234=LINE('',#8235,#8236);
#8235=CARTESIAN_POINT('',(0.199097032,-0.055826788,0.159999997));
#8236=VECTOR('',#8237,1.0);
#8237=DIRECTION('',(0.331528418,0.943445233,0.0));
#8238=ORIENTED_EDGE('',*,*,#8239,.T.);
#8239=EDGE_CURVE('',#8232,#8240,#8242,.T.);
#8240=VERTEX_POINT('',#8241);
#8241=CARTESIAN_POINT('',(0.227326458,-0.055826788,0.159999997));
#8242=LINE('',#8243,#8244);
#8243=CARTESIAN_POINT('',(0.227326458,-0.055826788,0.159999997));
#8244=VECTOR('',#8245,1.0);
#8245=DIRECTION('',(1.0,0.0,0.0));
#8246=ORIENTED_EDGE('',*,*,#8247,.T.);
#8247=EDGE_CURVE('',#8240,#8248,#8250,.T.);
#8248=VERTEX_POINT('',#8249);
#8249=CARTESIAN_POINT('',(0.234240848,-0.074369137,0.159999997));
#8250=LINE('',#8251,#8252);
#8251=CARTESIAN_POINT('',(0.234240848,-0.074369137,0.159999997));
#8252=VECTOR('',#8253,1.0);
#8253=DIRECTION('',(0.349395479,-0.936975346,0.0));
#8254=ORIENTED_EDGE('',*,*,#8255,.T.);
#8255=EDGE_CURVE('',#8248,#8198,#8256,.T.);
#8256=LINE('',#8257,#8258);
#8257=CARTESIAN_POINT('',(0.243910597,-0.074369137,0.159999997));
#8258=VECTOR('',#8259,1.0);
#8259=DIRECTION('',(1.0,0.0,0.0));
#8260=FACE_BOUND('',#8261,.T.);
#8261=EDGE_LOOP('',(#8262,#8272,#8280,#8289,#8297,#8306));
#8262=ORIENTED_EDGE('',*,*,#8263,.T.);
#8263=EDGE_CURVE('',#8264,#8266,#8268,.F.);
#8264=VERTEX_POINT('',#8265);
#8265=CARTESIAN_POINT('',(0.224623088,-0.048167238,0.159999997));
#8266=VERTEX_POINT('',#8267);
#8267=CARTESIAN_POINT('',(0.201869719,-0.048167238,0.159999997));
#8268=LINE('',#8269,#8270);
#8269=CARTESIAN_POINT('',(0.201869719,-0.048167238,0.159999997));
#8270=VECTOR('',#8271,1.0);
#8271=DIRECTION('',(1.0,0.0,0.0));
#8272=ORIENTED_EDGE('',*,*,#8273,.T.);
#8273=EDGE_CURVE('',#8266,#8274,#8276,.F.);
#8274=VERTEX_POINT('',#8275);
#8275=CARTESIAN_POINT('',(0.212007359,-0.019989799,0.159999997));
#8276=LINE('',#8277,#8278);
#8277=CARTESIAN_POINT('',(0.212007359,-0.019989799,0.159999997));
#8278=VECTOR('',#8279,1.0);
#8279=DIRECTION('',(-0.338535034,-0.940953788,0.0));
#8280=ORIENTED_EDGE('',*,*,#8281,.T.);
#8281=EDGE_CURVE('',#8274,#8282,#8284,.F.);
#8282=VERTEX_POINT('',#8283);
#8283=CARTESIAN_POINT('',(0.213116434,-0.015241572,0.159999997));
#8284=B_SPLINE_CURVE_WITH_KNOTS('',3,(#8285,#8286,#8287,#8288),.UNSPECIFIED.,.F.,.U.,(4,4),(3.0,4.0),.PIECEWISE_BEZIER_KNOTS.);
#8285=CARTESIAN_POINT('',(0.213116434,-0.015241572,0.159999997));
#8286=CARTESIAN_POINT('',(0.212787177,-0.017286429,0.159999997));
#8287=CARTESIAN_POINT('',(0.212423262,-0.018880724,0.159999997));
#8288=CARTESIAN_POINT('',(0.212007359,-0.019989799,0.159999997));
#8289=ORIENTED_EDGE('',*,*,#8290,.T.);
#8290=EDGE_CURVE('',#8282,#8291,#8293,.F.);
#8291=VERTEX_POINT('',#8292);
#8292=CARTESIAN_POINT('',(0.213324385,-0.015241572,0.159999997));
#8293=LINE('',#8294,#8295);
#8294=CARTESIAN_POINT('',(0.213324385,-0.015241572,0.159999997));
#8295=VECTOR('',#8296,1.0);
#8296=DIRECTION('',(-1.0,0.0,0.0));
#8297=ORIENTED_EDGE('',*,*,#8298,.T.);
#8298=EDGE_CURVE('',#8291,#8299,#8301,.F.);
#8299=VERTEX_POINT('',#8300);
#8300=CARTESIAN_POINT('',(0.214381473,-0.019989799,0.159999997));
#8301=B_SPLINE_CURVE_WITH_KNOTS('',3,(#8302,#8303,#8304,#8305),.UNSPECIFIED.,.F.,.U.,(4,4),(1.0,2.0),.PIECEWISE_BEZIER_KNOTS.);
#8302=CARTESIAN_POINT('',(0.214381473,-0.019989799,0.159999997));
#8303=CARTESIAN_POINT('',(0.214052216,-0.019054017,0.159999997));
#8304=CARTESIAN_POINT('',(0.21370563,-0.01749438,0.159999997));
#8305=CARTESIAN_POINT('',(0.213324385,-0.015241572,0.159999997));
#8306=ORIENTED_EDGE('',*,*,#8307,.T.);
#8307=EDGE_CURVE('',#8299,#8264,#8308,.F.);
#8308=LINE('',#8309,#8310);
#8309=CARTESIAN_POINT('',(0.224623088,-0.048167238,0.159999997));
#8310=VECTOR('',#8311,1.0);
#8311=DIRECTION('',(-0.341603831,0.939844042,0.0));
#8312=PLANE('',#8313);
#8313=AXIS2_PLACEMENT_3D('',#8314,#8315,#8316);
#8314=CARTESIAN_POINT('',(0.0,0.0,0.159999997));
#8315=DIRECTION('',(0.0,0.0,-1.0));
#8316=DIRECTION('',(-1.0,0.0,0.0));
#8317=ADVANCED_FACE('',(#8318),#8334,.F.);
#8318=FACE_BOUND('',#8319,.T.);
#8319=EDGE_LOOP('',(#8320,#8321,#8327,#8328));
#8320=ORIENTED_EDGE('',*,*,#1427,.F.);
#8321=ORIENTED_EDGE('',*,*,#8322,.T.);
#8322=EDGE_CURVE('',#1428,#8200,#8323,.F.);
#8323=LINE('',#8324,#8325);
#8324=CARTESIAN_POINT('',(0.218089942,-0.006576922,0.159999997));
#8325=VECTOR('',#8326,1.0);
#8326=DIRECTION('',(0.0,0.0,-1.0));
#8327=ORIENTED_EDGE('',*,*,#8197,.F.);
#8328=ORIENTED_EDGE('',*,*,#8329,.T.);
#8329=EDGE_CURVE('',#8198,#1430,#8330,.T.);
#8330=LINE('',#8331,#8332);
#8331=CARTESIAN_POINT('',(0.243910597,-0.074369137,0.159999997));
#8332=VECTOR('',#8333,1.0);
#8333=DIRECTION('',(0.0,0.0,-1.0));
#8334=PLANE('',#8335);
#8335=AXIS2_PLACEMENT_3D('',#8336,#8337,#8338);
#8336=CARTESIAN_POINT('',(0.218089942,-0.006576922,0.159999997));
#8337=DIRECTION('',(-0.934510439,-0.355935724,0.0));
#8338=DIRECTION('',(0.355935724,-0.934510439,0.0));
#8339=ADVANCED_FACE('',(#8340),#8351,.F.);
#8340=FACE_BOUND('',#8341,.T.);
#8341=EDGE_LOOP('',(#8342,#8343,#8349,#8350));
#8342=ORIENTED_EDGE('',*,*,#1485,.F.);
#8343=ORIENTED_EDGE('',*,*,#8344,.T.);
#8344=EDGE_CURVE('',#1478,#8208,#8345,.F.);
#8345=LINE('',#8346,#8347);
#8346=CARTESIAN_POINT('',(0.208732121,-0.006576922,0.159999997));
#8347=VECTOR('',#8348,1.0);
#8348=DIRECTION('',(0.0,0.0,-1.0));
#8349=ORIENTED_EDGE('',*,*,#8207,.F.);
#8350=ORIENTED_EDGE('',*,*,#8322,.F.);
#8351=PLANE('',#8352);
#8352=AXIS2_PLACEMENT_3D('',#8353,#8354,#8355);
#8353=CARTESIAN_POINT('',(0.208732121,-0.006576922,0.159999997));
#8354=DIRECTION('',(0.0,-1.0,0.0));
#8355=DIRECTION('',(0.0,0.0,-1.0));
#8356=ADVANCED_FACE('',(#8357),#8368,.F.);
#8357=FACE_BOUND('',#8358,.T.);
#8358=EDGE_LOOP('',(#8359,#8360,#8366,#8367));
#8359=ORIENTED_EDGE('',*,*,#1477,.F.);
#8360=ORIENTED_EDGE('',*,*,#8361,.T.);
#8361=EDGE_CURVE('',#1470,#8216,#8362,.F.);
#8362=LINE('',#8363,#8364);
#8363=CARTESIAN_POINT('',(0.182911467,-0.074369137,0.159999997));
#8364=VECTOR('',#8365,1.0);
#8365=DIRECTION('',(0.0,0.0,-1.0));
#8366=ORIENTED_EDGE('',*,*,#8215,.F.);
#8367=ORIENTED_EDGE('',*,*,#8344,.F.);
#8368=PLANE('',#8369);
#8369=AXIS2_PLACEMENT_3D('',#8370,#8371,#8372);
#8370=CARTESIAN_POINT('',(0.182911467,-0.074369137,0.159999997));
#8371=DIRECTION('',(0.934510439,-0.355935724,0.0));
#8372=DIRECTION('',(0.355935724,0.934510439,0.0));
#8373=ADVANCED_FACE('',(#8374),#8385,.F.);
#8374=FACE_BOUND('',#8375,.T.);
#8375=EDGE_LOOP('',(#8376,#8377,#8383,#8384));
#8376=ORIENTED_EDGE('',*,*,#1469,.F.);
#8377=ORIENTED_EDGE('',*,*,#8378,.T.);
#8378=EDGE_CURVE('',#1462,#8224,#8379,.F.);
#8379=LINE('',#8380,#8381);
#8380=CARTESIAN_POINT('',(0.192581215,-0.074369137,0.159999997));
#8381=VECTOR('',#8382,1.0);
#8382=DIRECTION('',(0.0,0.0,-1.0));
#8383=ORIENTED_EDGE('',*,*,#8223,.F.);
#8384=ORIENTED_EDGE('',*,*,#8361,.F.);
#8385=PLANE('',#8386);
#8386=AXIS2_PLACEMENT_3D('',#8387,#8388,#8389);
#8387=CARTESIAN_POINT('',(0.192581215,-0.074369137,0.159999997));
#8388=DIRECTION('',(0.0,1.0,0.0));
#8389=DIRECTION('',(0.0,0.0,1.0));
#8390=ADVANCED_FACE('',(#8391),#8402,.F.);
#8391=FACE_BOUND('',#8392,.T.);
#8392=EDGE_LOOP('',(#8393,#8394,#8400,#8401));
#8393=ORIENTED_EDGE('',*,*,#1461,.F.);
#8394=ORIENTED_EDGE('',*,*,#8395,.T.);
#8395=EDGE_CURVE('',#1454,#8232,#8396,.F.);
#8396=LINE('',#8397,#8398);
#8397=CARTESIAN_POINT('',(0.199097032,-0.055826788,0.159999997));
#8398=VECTOR('',#8399,1.0);
#8399=DIRECTION('',(0.0,0.0,-1.0));
#8400=ORIENTED_EDGE('',*,*,#8231,.F.);
#8401=ORIENTED_EDGE('',*,*,#8378,.F.);
#8402=PLANE('',#8403);
#8403=AXIS2_PLACEMENT_3D('',#8404,#8405,#8406);
#8404=CARTESIAN_POINT('',(0.199097032,-0.055826788,0.159999997));
#8405=DIRECTION('',(-0.943445233,0.331528418,0.0));
#8406=DIRECTION('',(-0.331528418,-0.943445233,0.0));
#8407=ADVANCED_FACE('',(#8408),#8419,.F.);
#8408=FACE_BOUND('',#8409,.T.);
#8409=EDGE_LOOP('',(#8410,#8411,#8417,#8418));
#8410=ORIENTED_EDGE('',*,*,#1453,.F.);
#8411=ORIENTED_EDGE('',*,*,#8412,.T.);
#8412=EDGE_CURVE('',#1446,#8240,#8413,.F.);
#8413=LINE('',#8414,#8415);
#8414=CARTESIAN_POINT('',(0.227326458,-0.055826788,0.159999997));
#8415=VECTOR('',#8416,1.0);
#8416=DIRECTION('',(0.0,0.0,-1.0));
#8417=ORIENTED_EDGE('',*,*,#8239,.F.);
#8418=ORIENTED_EDGE('',*,*,#8395,.F.);
#8419=PLANE('',#8420);
#8420=AXIS2_PLACEMENT_3D('',#8421,#8422,#8423);
#8421=CARTESIAN_POINT('',(0.227326458,-0.055826788,0.159999997));
#8422=DIRECTION('',(0.0,1.0,0.0));
#8423=DIRECTION('',(0.0,0.0,1.0));
#8424=ADVANCED_FACE('',(#8425),#8436,.F.);
#8425=FACE_BOUND('',#8426,.T.);
#8426=EDGE_LOOP('',(#8427,#8428,#8434,#8435));
#8427=ORIENTED_EDGE('',*,*,#1445,.F.);
#8428=ORIENTED_EDGE('',*,*,#8429,.T.);
#8429=EDGE_CURVE('',#1438,#8248,#8430,.F.);
#8430=LINE('',#8431,#8432);
#8431=CARTESIAN_POINT('',(0.234240848,-0.074369137,0.159999997));
#8432=VECTOR('',#8433,1.0);
#8433=DIRECTION('',(0.0,0.0,-1.0));
#8434=ORIENTED_EDGE('',*,*,#8247,.F.);
#8435=ORIENTED_EDGE('',*,*,#8412,.F.);
#8436=PLANE('',#8437);
#8437=AXIS2_PLACEMENT_3D('',#8438,#8439,#8440);
#8438=CARTESIAN_POINT('',(0.234240848,-0.074369137,0.159999997));
#8439=DIRECTION('',(0.936975346,0.349395479,0.0));
#8440=DIRECTION('',(-0.349395479,0.936975346,0.0));
#8441=ADVANCED_FACE('',(#8442),#8448,.F.);
#8442=FACE_BOUND('',#8443,.T.);
#8443=EDGE_LOOP('',(#8444,#8445,#8446,#8447));
#8444=ORIENTED_EDGE('',*,*,#1437,.F.);
#8445=ORIENTED_EDGE('',*,*,#8329,.F.);
#8446=ORIENTED_EDGE('',*,*,#8255,.F.);
#8447=ORIENTED_EDGE('',*,*,#8429,.F.);
#8448=PLANE('',#8449);
#8449=AXIS2_PLACEMENT_3D('',#8450,#8451,#8452);
#8450=CARTESIAN_POINT('',(0.243910597,-0.074369137,0.159999997));
#8451=DIRECTION('',(0.0,1.0,0.0));
#8452=DIRECTION('',(0.0,0.0,1.0));
#8453=ADVANCED_FACE('',(#8454),#8479,.T.);
#8454=FACE_BOUND('',#8455,.T.);
#8455=EDGE_LOOP('',(#8456,#8466,#8472,#8473));
#8456=ORIENTED_EDGE('',*,*,#8457,.T.);
#8457=EDGE_CURVE('',#8458,#8460,#8462,.F.);
#8458=VERTEX_POINT('',#8459);
#8459=CARTESIAN_POINT('',(0.224623088,-0.048167238,0.149999997));
#8460=VERTEX_POINT('',#8461);
#8461=CARTESIAN_POINT('',(0.201869719,-0.048167238,0.149999997));
#8462=LINE('',#8463,#8464);
#8463=CARTESIAN_POINT('',(0.201869719,-0.048167238,0.149999997));
#8464=VECTOR('',#8465,1.0);
#8465=DIRECTION('',(1.0,0.0,0.0));
#8466=ORIENTED_EDGE('',*,*,#8467,.T.);
#8467=EDGE_CURVE('',#8460,#8266,#8468,.F.);
#8468=LINE('',#8469,#8470);
#8469=CARTESIAN_POINT('',(0.201869719,-0.048167238,0.159999997));
#8470=VECTOR('',#8471,1.0);
#8471=DIRECTION('',(0.0,0.0,-1.0));
#8472=ORIENTED_EDGE('',*,*,#8263,.F.);
#8473=ORIENTED_EDGE('',*,*,#8474,.T.);
#8474=EDGE_CURVE('',#8264,#8458,#8475,.T.);
#8475=LINE('',#8476,#8477);
#8476=CARTESIAN_POINT('',(0.224623088,-0.048167238,0.159999997));
#8477=VECTOR('',#8478,1.0);
#8478=DIRECTION('',(0.0,0.0,-1.0));
#8479=PLANE('',#8480);
#8480=AXIS2_PLACEMENT_3D('',#8481,#8482,#8483);
#8481=CARTESIAN_POINT('',(0.201869719,-0.048167238,0.159999997));
#8482=DIRECTION('',(0.0,1.0,0.0));
#8483=DIRECTION('',(0.0,0.0,1.0));
#8484=ADVANCED_FACE('',(#8485),#8503,.T.);
#8485=FACE_BOUND('',#8486,.T.);
#8486=EDGE_LOOP('',(#8487,#8495,#8496,#8497));
#8487=ORIENTED_EDGE('',*,*,#8488,.T.);
#8488=EDGE_CURVE('',#8489,#8458,#8491,.F.);
#8489=VERTEX_POINT('',#8490);
#8490=CARTESIAN_POINT('',(0.214381473,-0.019989799,0.149999997));
#8491=LINE('',#8492,#8493);
#8492=CARTESIAN_POINT('',(0.224623088,-0.048167238,0.149999997));
#8493=VECTOR('',#8494,1.0);
#8494=DIRECTION('',(-0.341603831,0.939844042,0.0));
#8495=ORIENTED_EDGE('',*,*,#8474,.F.);
#8496=ORIENTED_EDGE('',*,*,#8307,.F.);
#8497=ORIENTED_EDGE('',*,*,#8498,.T.);
#8498=EDGE_CURVE('',#8299,#8489,#8499,.T.);
#8499=LINE('',#8500,#8501);
#8500=CARTESIAN_POINT('',(0.214381473,-0.019989799,0.159999997));
#8501=VECTOR('',#8502,1.0);
#8502=DIRECTION('',(0.0,0.0,-1.0));
#8503=PLANE('',#8504);
#8504=AXIS2_PLACEMENT_3D('',#8505,#8506,#8507);
#8505=CARTESIAN_POINT('',(0.224623088,-0.048167238,0.159999997));
#8506=DIRECTION('',(-0.939844042,-0.341603831,0.0));
#8507=DIRECTION('',(0.341603831,-0.939844042,0.0));
#8508=ADVANCED_FACE('',(#8509),#8528,.T.);
#8509=FACE_BOUND('',#8510,.T.);
#8510=EDGE_LOOP('',(#8511,#8520,#8521,#8522));
#8511=ORIENTED_EDGE('',*,*,#8512,.T.);
#8512=EDGE_CURVE('',#8513,#8489,#8515,.F.);
#8513=VERTEX_POINT('',#8514);
#8514=CARTESIAN_POINT('',(0.213324385,-0.015241572,0.149999997));
#8515=B_SPLINE_CURVE_WITH_KNOTS('',3,(#8516,#8517,#8518,#8519),.UNSPECIFIED.,.F.,.U.,(4,4),(1.0,2.0),.PIECEWISE_BEZIER_KNOTS.);
#8516=CARTESIAN_POINT('',(0.214381473,-0.019989799,0.149999997));
#8517=CARTESIAN_POINT('',(0.214052216,-0.019054017,0.149999997));
#8518=CARTESIAN_POINT('',(0.21370563,-0.01749438,0.149999997));
#8519=CARTESIAN_POINT('',(0.213324385,-0.015241572,0.149999997));
#8520=ORIENTED_EDGE('',*,*,#8498,.F.);
#8521=ORIENTED_EDGE('',*,*,#8298,.F.);
#8522=ORIENTED_EDGE('',*,*,#8523,.T.);
#8523=EDGE_CURVE('',#8291,#8513,#8524,.T.);
#8524=LINE('',#8525,#8526);
#8525=CARTESIAN_POINT('',(0.213324385,-0.015241572,0.159999997));
#8526=VECTOR('',#8527,1.0);
#8527=DIRECTION('',(0.0,0.0,-1.0));
#8528=B_SPLINE_SURFACE_WITH_KNOTS('',3,1,((#8529,#8530),(#8531,#8532),(#8533,#8534),(#8535,#8536)),.UNSPECIFIED.,.F.,.F.,.U.,(4,4),(2,2),(1.0,2.0),(0.0,1.0),.PIECEWISE_BEZIER_KNOTS.);
#8529=CARTESIAN_POINT('',(0.214381473,-0.019989799,0.159999997));
#8530=CARTESIAN_POINT('',(0.214381473,-0.019989799,0.149999997));
#8531=CARTESIAN_POINT('',(0.214052216,-0.019054017,0.159999997));
#8532=CARTESIAN_POINT('',(0.214052216,-0.019054017,0.149999997));
#8533=CARTESIAN_POINT('',(0.21370563,-0.01749438,0.159999997));
#8534=CARTESIAN_POINT('',(0.21370563,-0.01749438,0.149999997));
#8535=CARTESIAN_POINT('',(0.213324385,-0.015241572,0.159999997));
#8536=CARTESIAN_POINT('',(0.213324385,-0.015241572,0.149999997));
#8537=ADVANCED_FACE('',(#8538),#8556,.T.);
#8538=FACE_BOUND('',#8539,.T.);
#8539=EDGE_LOOP('',(#8540,#8548,#8549,#8550));
#8540=ORIENTED_EDGE('',*,*,#8541,.T.);
#8541=EDGE_CURVE('',#8542,#8513,#8544,.F.);
#8542=VERTEX_POINT('',#8543);
#8543=CARTESIAN_POINT('',(0.213116434,-0.015241572,0.149999997));
#8544=LINE('',#8545,#8546);
#8545=CARTESIAN_POINT('',(0.213324385,-0.015241572,0.149999997));
#8546=VECTOR('',#8547,1.0);
#8547=DIRECTION('',(-1.0,0.0,0.0));
#8548=ORIENTED_EDGE('',*,*,#8523,.F.);
#8549=ORIENTED_EDGE('',*,*,#8290,.F.);
#8550=ORIENTED_EDGE('',*,*,#8551,.T.);
#8551=EDGE_CURVE('',#8282,#8542,#8552,.T.);
#8552=LINE('',#8553,#8554);
#8553=CARTESIAN_POINT('',(0.213116434,-0.015241572,0.159999997));
#8554=VECTOR('',#8555,1.0);
#8555=DIRECTION('',(0.0,0.0,-1.0));
#8556=PLANE('',#8557);
#8557=AXIS2_PLACEMENT_3D('',#8558,#8559,#8560);
#8558=CARTESIAN_POINT('',(0.213324385,-0.015241572,0.159999997));
#8559=DIRECTION('',(0.0,-1.0,0.0));
#8560=DIRECTION('',(0.0,0.0,-1.0));
#8561=ADVANCED_FACE('',(#8562),#8581,.T.);
#8562=FACE_BOUND('',#8563,.T.);
#8563=EDGE_LOOP('',(#8564,#8573,#8574,#8575));
#8564=ORIENTED_EDGE('',*,*,#8565,.T.);
#8565=EDGE_CURVE('',#8566,#8542,#8568,.F.);
#8566=VERTEX_POINT('',#8567);
#8567=CARTESIAN_POINT('',(0.212007359,-0.019989799,0.149999997));
#8568=B_SPLINE_CURVE_WITH_KNOTS('',3,(#8569,#8570,#8571,#8572),.UNSPECIFIED.,.F.,.U.,(4,4),(3.0,4.0),.PIECEWISE_BEZIER_KNOTS.);
#8569=CARTESIAN_POINT('',(0.213116434,-0.015241572,0.149999997));
#8570=CARTESIAN_POINT('',(0.212787177,-0.017286429,0.149999997));
#8571=CARTESIAN_POINT('',(0.212423262,-0.018880724,0.149999997));
#8572=CARTESIAN_POINT('',(0.212007359,-0.019989799,0.149999997));
#8573=ORIENTED_EDGE('',*,*,#8551,.F.);
#8574=ORIENTED_EDGE('',*,*,#8281,.F.);
#8575=ORIENTED_EDGE('',*,*,#8576,.T.);
#8576=EDGE_CURVE('',#8274,#8566,#8577,.T.);
#8577=LINE('',#8578,#8579);
#8578=CARTESIAN_POINT('',(0.212007359,-0.019989799,0.159999997));
#8579=VECTOR('',#8580,1.0);
#8580=DIRECTION('',(0.0,0.0,-1.0));
#8581=B_SPLINE_SURFACE_WITH_KNOTS('',3,1,((#8582,#8583),(#8584,#8585),(#8586,#8587),(#8588,#8589)),.UNSPECIFIED.,.F.,.F.,.U.,(4,4),(2,2),(3.0,4.0),(0.0,1.0),.PIECEWISE_BEZIER_KNOTS.);
#8582=CARTESIAN_POINT('',(0.213116434,-0.015241572,0.159999997));
#8583=CARTESIAN_POINT('',(0.213116434,-0.015241572,0.149999997));
#8584=CARTESIAN_POINT('',(0.212787177,-0.017286429,0.159999997));
#8585=CARTESIAN_POINT('',(0.212787177,-0.017286429,0.149999997));
#8586=CARTESIAN_POINT('',(0.212423262,-0.018880724,0.159999997));
#8587=CARTESIAN_POINT('',(0.212423262,-0.018880724,0.149999997));
#8588=CARTESIAN_POINT('',(0.212007359,-0.019989799,0.159999997));
#8589=CARTESIAN_POINT('',(0.212007359,-0.019989799,0.149999997));
#8590=ADVANCED_FACE('',(#8591),#8602,.T.);
#8591=FACE_BOUND('',#8592,.T.);
#8592=EDGE_LOOP('',(#8593,#8599,#8600,#8601));
#8593=ORIENTED_EDGE('',*,*,#8594,.T.);
#8594=EDGE_CURVE('',#8460,#8566,#8595,.F.);
#8595=LINE('',#8596,#8597);
#8596=CARTESIAN_POINT('',(0.212007359,-0.019989799,0.149999997));
#8597=VECTOR('',#8598,1.0);
#8598=DIRECTION('',(-0.338535034,-0.940953788,0.0));
#8599=ORIENTED_EDGE('',*,*,#8576,.F.);
#8600=ORIENTED_EDGE('',*,*,#8273,.F.);
#8601=ORIENTED_EDGE('',*,*,#8467,.F.);
#8602=PLANE('',#8603);
#8603=AXIS2_PLACEMENT_3D('',#8604,#8605,#8606);
#8604=CARTESIAN_POINT('',(0.212007359,-0.019989799,0.159999997));
#8605=DIRECTION('',(0.940953788,-0.338535034,0.0));
#8606=DIRECTION('',(0.338535034,0.940953788,0.0));
#8607=ADVANCED_FACE('',(#8608),#8616,.F.);
#8608=FACE_BOUND('',#8609,.T.);
#8609=EDGE_LOOP('',(#8610,#8611,#8612,#8613,#8614,#8615));
#8610=ORIENTED_EDGE('',*,*,#8594,.F.);
#8611=ORIENTED_EDGE('',*,*,#8457,.F.);
#8612=ORIENTED_EDGE('',*,*,#8488,.F.);
#8613=ORIENTED_EDGE('',*,*,#8512,.F.);
#8614=ORIENTED_EDGE('',*,*,#8541,.F.);
#8615=ORIENTED_EDGE('',*,*,#8565,.F.);
#8616=PLANE('',#8617);
#8617=AXIS2_PLACEMENT_3D('',#8618,#8619,#8620);
#8618=CARTESIAN_POINT('',(0.0,0.0,0.149999997));
#8619=DIRECTION('',(0.0,0.0,-1.0));
#8620=DIRECTION('',(-1.0,0.0,0.0));
#8621=ADVANCED_FACE('',(#8622,#8916),#8941,.F.);
#8622=FACE_BOUND('',#8623,.T.);
#8623=EDGE_LOOP('',(#8624,#8635,#8644,#8653,#8662,#8671,#8680,#8689,#8698,#8707,#8716,#8725,#8734,#8743,#8751,#8759,#8767,#8776,#8785,#8794,#8803,#8812,#8821,#8830,#8839,#8848,#8857,#8865,#8874,#8883,#8892,#8900,#8909));
#8624=ORIENTED_EDGE('',*,*,#8625,.T.);
#8625=EDGE_CURVE('',#8626,#8628,#8630,.T.);
#8626=VERTEX_POINT('',#8627);
#8627=CARTESIAN_POINT('',(-0.168576126,-0.007124852,0.159999997));
#8628=VERTEX_POINT('',#8629);
#8629=CARTESIAN_POINT('',(-0.216293691,0.05601657,0.159999997));
#8630=B_SPLINE_CURVE_WITH_KNOTS('',3,(#8631,#8632,#8633,#8634),.UNSPECIFIED.,.F.,.U.,(4,4),(35.0,36.0),.PIECEWISE_BEZIER_KNOTS.);
#8631=CARTESIAN_POINT('',(-0.168576126,-0.007124852,0.159999997));
#8632=CARTESIAN_POINT('',(-0.169058115,0.021794873,0.159999997));
#8633=CARTESIAN_POINT('',(-0.18881995,0.047340651,0.159999997));
#8634=CARTESIAN_POINT('',(-0.216293691,0.05601657,0.159999997));
#8635=ORIENTED_EDGE('',*,*,#8636,.T.);
#8636=EDGE_CURVE('',#8628,#8637,#8639,.T.);
#8637=VERTEX_POINT('',#8638);
#8638=CARTESIAN_POINT('',(-0.242321467,0.094094232,0.159999997));
#8639=B_SPLINE_CURVE_WITH_KNOTS('',3,(#8640,#8641,#8642,#8643),.UNSPECIFIED.,.F.,.U.,(4,4),(0.0,1.0),.PIECEWISE_BEZIER_KNOTS.);
#8640=CARTESIAN_POINT('',(-0.216293691,0.05601657,0.159999997));
#8641=CARTESIAN_POINT('',(-0.221595636,0.070476442,0.159999997));
#8642=CARTESIAN_POINT('',(-0.230753562,0.083490325,0.159999997));
#8643=CARTESIAN_POINT('',(-0.242321467,0.094094232,0.159999997));
#8644=ORIENTED_EDGE('',*,*,#8645,.T.);
#8645=EDGE_CURVE('',#8637,#8646,#8648,.T.);
#8646=VERTEX_POINT('',#8647);
#8647=CARTESIAN_POINT('',(-0.307872876,0.11915801,0.159999997));
#8648=B_SPLINE_CURVE_WITH_KNOTS('',3,(#8649,#8650,#8651,#8652),.UNSPECIFIED.,.F.,.U.,(4,4),(1.0,2.0),.PIECEWISE_BEZIER_KNOTS.);
#8649=CARTESIAN_POINT('',(-0.242321467,0.094094232,0.159999997));
#8650=CARTESIAN_POINT('',(-0.2606373,0.110000092,0.159999997));
#8651=CARTESIAN_POINT('',(-0.283773091,0.11915801,0.159999997));
#8652=CARTESIAN_POINT('',(-0.307872876,0.11915801,0.159999997));
#8653=ORIENTED_EDGE('',*,*,#8654,.T.);
#8654=EDGE_CURVE('',#8646,#8655,#8657,.T.);
#8655=VERTEX_POINT('',#8656);
#8656=CARTESIAN_POINT('',(-0.365712362,0.100360177,0.159999997));
#8657=B_SPLINE_CURVE_WITH_KNOTS('',3,(#8658,#8659,#8660,#8661),.UNSPECIFIED.,.F.,.U.,(4,4),(2.0,3.0),.PIECEWISE_BEZIER_KNOTS.);
#8658=CARTESIAN_POINT('',(-0.307872876,0.11915801,0.159999997));
#8659=CARTESIAN_POINT('',(-0.329080686,0.11915801,0.159999997));
#8660=CARTESIAN_POINT('',(-0.348842512,0.112410071,0.159999997));
#8661=CARTESIAN_POINT('',(-0.365712362,0.100360177,0.159999997));
#8662=ORIENTED_EDGE('',*,*,#8663,.T.);
#8663=EDGE_CURVE('',#8655,#8664,#8666,.T.);
#8664=VERTEX_POINT('',#8665);
#8665=CARTESIAN_POINT('',(-0.386920171,0.079152365,0.159999997));
#8666=B_SPLINE_CURVE_WITH_KNOTS('',3,(#8667,#8668,#8669,#8670),.UNSPECIFIED.,.F.,.U.,(4,4),(3.0,4.0),.PIECEWISE_BEZIER_KNOTS.);
#8667=CARTESIAN_POINT('',(-0.365712362,0.100360177,0.159999997));
#8668=CARTESIAN_POINT('',(-0.373906293,0.094576227,0.159999997));
#8669=CARTESIAN_POINT('',(-0.380654231,0.087346291,0.159999997));
#8670=CARTESIAN_POINT('',(-0.386920171,0.079152365,0.159999997));
#8671=ORIENTED_EDGE('',*,*,#8672,.T.);
#8672=EDGE_CURVE('',#8664,#8673,#8675,.T.);
#8673=VERTEX_POINT('',#8674);
#8674=CARTESIAN_POINT('',(-0.398006069,0.080116356,0.159999997));
#8675=B_SPLINE_CURVE_WITH_KNOTS('',3,(#8676,#8677,#8678,#8679),.UNSPECIFIED.,.F.,.U.,(4,4),(4.0,5.0),.PIECEWISE_BEZIER_KNOTS.);
#8676=CARTESIAN_POINT('',(-0.386920171,0.079152365,0.159999997));
#8677=CARTESIAN_POINT('',(-0.390776133,0.079634363,0.159999997));
#8678=CARTESIAN_POINT('',(-0.394150107,0.080116356,0.159999997));
#8679=CARTESIAN_POINT('',(-0.398006069,0.080116356,0.159999997));
#8680=ORIENTED_EDGE('',*,*,#8681,.T.);
#8681=EDGE_CURVE('',#8673,#8682,#8684,.T.);
#8682=VERTEX_POINT('',#8683);
#8683=CARTESIAN_POINT('',(-0.453435576,0.056980561,0.159999997));
#8684=B_SPLINE_CURVE_WITH_KNOTS('',3,(#8685,#8686,#8687,#8688),.UNSPECIFIED.,.F.,.U.,(4,4),(5.0,6.0),.PIECEWISE_BEZIER_KNOTS.);
#8685=CARTESIAN_POINT('',(-0.398006069,0.080116356,0.159999997));
#8686=CARTESIAN_POINT('',(-0.418731886,0.080116356,0.159999997));
#8687=CARTESIAN_POINT('',(-0.438493707,0.07192243,0.159999997));
#8688=CARTESIAN_POINT('',(-0.453435576,0.056980561,0.159999997));
#8689=ORIENTED_EDGE('',*,*,#8690,.T.);
#8690=EDGE_CURVE('',#8682,#8691,#8693,.T.);
#8691=VERTEX_POINT('',#8692);
#8692=CARTESIAN_POINT('',(-0.476089388,0.002033056,0.159999997));
#8693=B_SPLINE_CURVE_WITH_KNOTS('',3,(#8694,#8695,#8696,#8697),.UNSPECIFIED.,.F.,.U.,(4,4),(6.0,7.0),.PIECEWISE_BEZIER_KNOTS.);
#8694=CARTESIAN_POINT('',(-0.453435576,0.056980561,0.159999997));
#8695=CARTESIAN_POINT('',(-0.46789546,0.042520694,0.159999997));
#8696=CARTESIAN_POINT('',(-0.476089388,0.022758868,0.159999997));
#8697=CARTESIAN_POINT('',(-0.476089388,0.002033056,0.159999997));
#8698=ORIENTED_EDGE('',*,*,#8699,.T.);
#8699=EDGE_CURVE('',#8691,#8700,#8702,.T.);
#8700=VERTEX_POINT('',#8701);
#8701=CARTESIAN_POINT('',(-0.455845569,-0.050504466,0.159999997));
#8702=B_SPLINE_CURVE_WITH_KNOTS('',3,(#8703,#8704,#8705,#8706),.UNSPECIFIED.,.F.,.U.,(4,4),(7.0,8.0),.PIECEWISE_BEZIER_KNOTS.);
#8703=CARTESIAN_POINT('',(-0.476089388,0.002033056,0.159999997));
#8704=CARTESIAN_POINT('',(-0.476089388,-0.017246773,0.159999997));
#8705=CARTESIAN_POINT('',(-0.468859452,-0.036044613,0.159999997));
#8706=CARTESIAN_POINT('',(-0.455845569,-0.050504466,0.159999997));
#8707=ORIENTED_EDGE('',*,*,#8708,.T.);
#8708=EDGE_CURVE('',#8700,#8709,#8711,.T.);
#8709=VERTEX_POINT('',#8710);
#8710=CARTESIAN_POINT('',(-0.417285911,-0.073640256,0.159999997));
#8711=B_SPLINE_CURVE_WITH_KNOTS('',3,(#8712,#8713,#8714,#8715),.UNSPECIFIED.,.F.,.U.,(4,4),(8.0,9.0),.PIECEWISE_BEZIER_KNOTS.);
#8712=CARTESIAN_POINT('',(-0.455845569,-0.050504466,0.159999997));
#8713=CARTESIAN_POINT('',(-0.445241664,-0.06207237,0.159999997));
#8714=CARTESIAN_POINT('',(-0.432227776,-0.069784294,0.159999997));
#8715=CARTESIAN_POINT('',(-0.417285911,-0.073640256,0.159999997));
#8716=ORIENTED_EDGE('',*,*,#8717,.T.);
#8717=EDGE_CURVE('',#8709,#8718,#8720,.T.);
#8718=VERTEX_POINT('',#8719);
#8719=CARTESIAN_POINT('',(-0.371496314,-0.106415961,0.159999997));
#8720=B_SPLINE_CURVE_WITH_KNOTS('',3,(#8721,#8722,#8723,#8724),.UNSPECIFIED.,.F.,.U.,(4,4),(9.0,10.0),.PIECEWISE_BEZIER_KNOTS.);
#8721=CARTESIAN_POINT('',(-0.417285911,-0.073640256,0.159999997));
#8722=CARTESIAN_POINT('',(-0.411019966,-0.092920085,0.159999997));
#8723=CARTESIAN_POINT('',(-0.392704133,-0.106415961,0.159999997));
#8724=CARTESIAN_POINT('',(-0.371496314,-0.106415961,0.159999997));
#8725=ORIENTED_EDGE('',*,*,#8726,.T.);
#8726=EDGE_CURVE('',#8718,#8727,#8729,.T.);
#8727=VERTEX_POINT('',#8728);
#8728=CARTESIAN_POINT('',(-0.323296743,-0.05821639,0.159999997));
#8729=B_SPLINE_CURVE_WITH_KNOTS('',3,(#8730,#8731,#8732,#8733),.UNSPECIFIED.,.F.,.U.,(4,4),(10.0,11.0),.PIECEWISE_BEZIER_KNOTS.);
#8730=CARTESIAN_POINT('',(-0.371496314,-0.106415961,0.159999997));
#8731=CARTESIAN_POINT('',(-0.34498655,-0.106415961,0.159999997));
#8732=CARTESIAN_POINT('',(-0.323296743,-0.084726154,0.159999997));
#8733=CARTESIAN_POINT('',(-0.323296743,-0.05821639,0.159999997));
#8734=ORIENTED_EDGE('',*,*,#8735,.T.);
#8735=EDGE_CURVE('',#8727,#8736,#8738,.T.);
#8736=VERTEX_POINT('',#8737);
#8737=CARTESIAN_POINT('',(-0.323296743,-0.053396433,0.159999997));
#8738=B_SPLINE_CURVE_WITH_KNOTS('',3,(#8739,#8740,#8741,#8742),.UNSPECIFIED.,.F.,.U.,(4,4),(11.0,12.0),.PIECEWISE_BEZIER_KNOTS.);
#8739=CARTESIAN_POINT('',(-0.323296743,-0.05821639,0.159999997));
#8740=CARTESIAN_POINT('',(-0.323296743,-0.056770407,0.159999997));
#8741=CARTESIAN_POINT('',(-0.323296743,-0.055324423,0.159999997));
#8742=CARTESIAN_POINT('',(-0.323296743,-0.053396433,0.159999997));
#8743=ORIENTED_EDGE('',*,*,#8744,.T.);
#8744=EDGE_CURVE('',#8736,#8745,#8747,.T.);
#8745=VERTEX_POINT('',#8746);
#8746=CARTESIAN_POINT('',(-0.255817343,-0.017728752,0.159999997));
#8747=LINE('',#8748,#8749);
#8748=CARTESIAN_POINT('',(-0.323296743,-0.053396433,0.159999997));
#8749=VECTOR('',#8750,1.0);
#8750=DIRECTION('',(0.88409495,0.467307307,0.0));
#8751=ORIENTED_EDGE('',*,*,#8752,.T.);
#8752=EDGE_CURVE('',#8745,#8753,#8755,.T.);
#8753=VERTEX_POINT('',#8754);
#8754=CARTESIAN_POINT('',(-0.270759203,0.007817026,0.159999997));
#8755=LINE('',#8756,#8757);
#8756=CARTESIAN_POINT('',(-0.255817343,-0.017728752,0.159999997));
#8757=VECTOR('',#8758,1.0);
#8758=DIRECTION('',(-0.504883049,0.863187759,0.0));
#8759=ORIENTED_EDGE('',*,*,#8760,.T.);
#8760=EDGE_CURVE('',#8753,#8761,#8763,.T.);
#8761=VERTEX_POINT('',#8762);
#8762=CARTESIAN_POINT('',(-0.335346626,-0.025922674,0.159999997));
#8763=LINE('',#8764,#8765);
#8764=CARTESIAN_POINT('',(-0.270759203,0.007817026,0.159999997));
#8765=VECTOR('',#8766,1.0);
#8766=DIRECTION('',(-0.886348843,-0.463018065,0.0));
#8767=ORIENTED_EDGE('',*,*,#8768,.T.);
#8768=EDGE_CURVE('',#8761,#8769,#8771,.T.);
#8769=VERTEX_POINT('',#8770);
#8770=CARTESIAN_POINT('',(-0.371496305,-0.009534821,0.159999997));
#8771=B_SPLINE_CURVE_WITH_KNOTS('',3,(#8772,#8773,#8774,#8775),.UNSPECIFIED.,.F.,.U.,(4,4),(15.0,16.0),.PIECEWISE_BEZIER_KNOTS.);
#8772=CARTESIAN_POINT('',(-0.335346626,-0.025922674,0.159999997));
#8773=CARTESIAN_POINT('',(-0.344022546,-0.015800762,0.159999997));
#8774=CARTESIAN_POINT('',(-0.357036434,-0.009534821,0.159999997));
#8775=CARTESIAN_POINT('',(-0.371496305,-0.009534821,0.159999997));
#8776=ORIENTED_EDGE('',*,*,#8777,.T.);
#8777=EDGE_CURVE('',#8769,#8778,#8780,.T.);
#8778=VERTEX_POINT('',#8779);
#8779=CARTESIAN_POINT('',(-0.4168039,-0.04134654,0.159999997));
#8780=B_SPLINE_CURVE_WITH_KNOTS('',3,(#8781,#8782,#8783,#8784),.UNSPECIFIED.,.F.,.U.,(4,4),(16.0,17.0),.PIECEWISE_BEZIER_KNOTS.);
#8781=CARTESIAN_POINT('',(-0.371496305,-0.009534821,0.159999997));
#8782=CARTESIAN_POINT('',(-0.392222126,-0.009534821,0.159999997));
#8783=CARTESIAN_POINT('',(-0.410055962,-0.023030697,0.159999997));
#8784=CARTESIAN_POINT('',(-0.4168039,-0.04134654,0.159999997));
#8785=ORIENTED_EDGE('',*,*,#8786,.T.);
#8786=EDGE_CURVE('',#8778,#8787,#8789,.T.);
#8787=VERTEX_POINT('',#8788);
#8788=CARTESIAN_POINT('',(-0.445723643,0.002997069,0.159999997));
#8789=B_SPLINE_CURVE_WITH_KNOTS('',3,(#8790,#8791,#8792,#8793),.UNSPECIFIED.,.F.,.U.,(4,4),(17.0,18.0),.PIECEWISE_BEZIER_KNOTS.);
#8790=CARTESIAN_POINT('',(-0.4168039,-0.04134654,0.159999997));
#8791=CARTESIAN_POINT('',(-0.43367375,-0.033634607,0.159999997));
#8792=CARTESIAN_POINT('',(-0.445723643,-0.016764757,0.159999997));
#8793=CARTESIAN_POINT('',(-0.445723643,0.002997069,0.159999997));
#8794=ORIENTED_EDGE('',*,*,#8795,.T.);
#8795=EDGE_CURVE('',#8787,#8796,#8798,.T.);
#8796=VERTEX_POINT('',#8797);
#8797=CARTESIAN_POINT('',(-0.397524072,0.051196641,0.159999997));
#8798=B_SPLINE_CURVE_WITH_KNOTS('',3,(#8799,#8800,#8801,#8802),.UNSPECIFIED.,.F.,.U.,(4,4),(18.0,19.0),.PIECEWISE_BEZIER_KNOTS.);
#8799=CARTESIAN_POINT('',(-0.445723643,0.002997069,0.159999997));
#8800=CARTESIAN_POINT('',(-0.445723643,0.029506833,0.159999997));
#8801=CARTESIAN_POINT('',(-0.424033836,0.051196641,0.159999997));
#8802=CARTESIAN_POINT('',(-0.397524072,0.051196641,0.159999997));
#8803=ORIENTED_EDGE('',*,*,#8804,.T.);
#8804=EDGE_CURVE('',#8796,#8805,#8807,.T.);
#8805=VERTEX_POINT('',#8806);
#8806=CARTESIAN_POINT('',(-0.371978302,0.043966705,0.159999997));
#8807=B_SPLINE_CURVE_WITH_KNOTS('',3,(#8808,#8809,#8810,#8811),.UNSPECIFIED.,.F.,.U.,(4,4),(19.0,20.0),.PIECEWISE_BEZIER_KNOTS.);
#8808=CARTESIAN_POINT('',(-0.397524072,0.051196641,0.159999997));
#8809=CARTESIAN_POINT('',(-0.388366155,0.051196641,0.159999997));
#8810=CARTESIAN_POINT('',(-0.379208238,0.048304664,0.159999997));
#8811=CARTESIAN_POINT('',(-0.371978302,0.043966705,0.159999997));
#8812=ORIENTED_EDGE('',*,*,#8813,.T.);
#8813=EDGE_CURVE('',#8805,#8814,#8816,.T.);
#8814=VERTEX_POINT('',#8815);
#8815=CARTESIAN_POINT('',(-0.307390888,0.090238268,0.159999997));
#8816=B_SPLINE_CURVE_WITH_KNOTS('',3,(#8817,#8818,#8819,#8820),.UNSPECIFIED.,.F.,.U.,(4,4),(20.0,21.0),.PIECEWISE_BEZIER_KNOTS.);
#8817=CARTESIAN_POINT('',(-0.371978302,0.043966705,0.159999997));
#8818=CARTESIAN_POINT('',(-0.362820395,0.070958439,0.159999997));
#8819=CARTESIAN_POINT('',(-0.337756614,0.090238268,0.159999997));
#8820=CARTESIAN_POINT('',(-0.307390888,0.090238268,0.159999997));
#8821=ORIENTED_EDGE('',*,*,#8822,.T.);
#8822=EDGE_CURVE('',#8814,#8823,#8825,.T.);
#8823=VERTEX_POINT('',#8824);
#8824=CARTESIAN_POINT('',(-0.239911488,0.029988803,0.159999997));
#8825=B_SPLINE_CURVE_WITH_KNOTS('',3,(#8826,#8827,#8828,#8829),.UNSPECIFIED.,.F.,.U.,(4,4),(21.0,22.0),.PIECEWISE_BEZIER_KNOTS.);
#8826=CARTESIAN_POINT('',(-0.307390888,0.090238268,0.159999997));
#8827=CARTESIAN_POINT('',(-0.272687193,0.090238268,0.159999997));
#8828=CARTESIAN_POINT('',(-0.24376745,0.063728503,0.159999997));
#8829=CARTESIAN_POINT('',(-0.239911488,0.029988803,0.159999997));
#8830=ORIENTED_EDGE('',*,*,#8831,.T.);
#8831=EDGE_CURVE('',#8823,#8832,#8834,.T.);
#8832=VERTEX_POINT('',#8833);
#8833=CARTESIAN_POINT('',(-0.236055526,0.029988803,0.159999997));
#8834=B_SPLINE_CURVE_WITH_KNOTS('',3,(#8835,#8836,#8837,#8838),.UNSPECIFIED.,.F.,.U.,(4,4),(22.0,23.0),.PIECEWISE_BEZIER_KNOTS.);
#8835=CARTESIAN_POINT('',(-0.239911488,0.029988803,0.159999997));
#8836=CARTESIAN_POINT('',(-0.238465505,0.029988803,0.159999997));
#8837=CARTESIAN_POINT('',(-0.23750151,0.029988803,0.159999997));
#8838=CARTESIAN_POINT('',(-0.236055526,0.029988803,0.159999997));
#8839=ORIENTED_EDGE('',*,*,#8840,.T.);
#8840=EDGE_CURVE('',#8832,#8841,#8843,.T.);
#8841=VERTEX_POINT('',#8842);
#8842=CARTESIAN_POINT('',(-0.198459864,-0.007606858,0.159999997));
#8843=B_SPLINE_CURVE_WITH_KNOTS('',3,(#8844,#8845,#8846,#8847),.UNSPECIFIED.,.F.,.U.,(4,4),(23.0,24.0),.PIECEWISE_BEZIER_KNOTS.);
#8844=CARTESIAN_POINT('',(-0.236055526,0.029988803,0.159999997));
#8845=CARTESIAN_POINT('',(-0.215329714,0.029988803,0.159999997));
#8846=CARTESIAN_POINT('',(-0.198459864,0.013118953,0.159999997));
#8847=CARTESIAN_POINT('',(-0.198459864,-0.007606858,0.159999997));
#8848=ORIENTED_EDGE('',*,*,#8849,.T.);
#8849=EDGE_CURVE('',#8841,#8850,#8852,.T.);
#8850=VERTEX_POINT('',#8851);
#8851=CARTESIAN_POINT('',(-0.233163559,-0.04520252,0.159999997));
#8852=B_SPLINE_CURVE_WITH_KNOTS('',3,(#8853,#8854,#8855,#8856),.UNSPECIFIED.,.F.,.U.,(4,4),(24.0,25.0),.PIECEWISE_BEZIER_KNOTS.);
#8853=CARTESIAN_POINT('',(-0.198459864,-0.007606858,0.159999997));
#8854=CARTESIAN_POINT('',(-0.198459864,-0.027368685,0.159999997));
#8855=CARTESIAN_POINT('',(-0.213401724,-0.043756537,0.159999997));
#8856=CARTESIAN_POINT('',(-0.233163559,-0.04520252,0.159999997));
#8857=ORIENTED_EDGE('',*,*,#8858,.T.);
#8858=EDGE_CURVE('',#8850,#8859,#8861,.T.);
#8859=VERTEX_POINT('',#8860);
#8860=CARTESIAN_POINT('',(-0.254853366,-0.04520252,0.159999997));
#8861=LINE('',#8862,#8863);
#8862=CARTESIAN_POINT('',(-0.233163559,-0.04520252,0.159999997));
#8863=VECTOR('',#8864,1.0);
#8864=DIRECTION('',(-1.0,0.0,0.0));
#8865=ORIENTED_EDGE('',*,*,#8866,.T.);
#8866=EDGE_CURVE('',#8859,#8867,#8869,.T.);
#8867=VERTEX_POINT('',#8868);
#8868=CARTESIAN_POINT('',(-0.257745333,-0.044720532,0.159999997));
#8869=B_SPLINE_CURVE_WITH_KNOTS('',3,(#8870,#8871,#8872,#8873),.UNSPECIFIED.,.F.,.U.,(4,4),(26.0,27.0),.PIECEWISE_BEZIER_KNOTS.);
#8870=CARTESIAN_POINT('',(-0.254853366,-0.04520252,0.159999997));
#8871=CARTESIAN_POINT('',(-0.255817361,-0.04520252,0.159999997));
#8872=CARTESIAN_POINT('',(-0.256781356,-0.044720532,0.159999997));
#8873=CARTESIAN_POINT('',(-0.257745333,-0.044720532,0.159999997));
#8874=ORIENTED_EDGE('',*,*,#8875,.T.);
#8875=EDGE_CURVE('',#8867,#8876,#8878,.T.);
#8876=VERTEX_POINT('',#8877);
#8877=CARTESIAN_POINT('',(-0.272687193,-0.059662392,0.159999997));
#8878=B_SPLINE_CURVE_WITH_KNOTS('',3,(#8879,#8880,#8881,#8882),.UNSPECIFIED.,.F.,.U.,(4,4),(27.0,28.0),.PIECEWISE_BEZIER_KNOTS.);
#8879=CARTESIAN_POINT('',(-0.257745333,-0.044720532,0.159999997));
#8880=CARTESIAN_POINT('',(-0.265939264,-0.044720532,0.159999997));
#8881=CARTESIAN_POINT('',(-0.272687193,-0.051468479,0.159999997));
#8882=CARTESIAN_POINT('',(-0.272687193,-0.059662392,0.159999997));
#8883=ORIENTED_EDGE('',*,*,#8884,.T.);
#8884=EDGE_CURVE('',#8876,#8885,#8887,.T.);
#8885=VERTEX_POINT('',#8886);
#8886=CARTESIAN_POINT('',(-0.25870931,-0.074604252,0.159999997));
#8887=B_SPLINE_CURVE_WITH_KNOTS('',3,(#8888,#8889,#8890,#8891),.UNSPECIFIED.,.F.,.U.,(4,4),(28.0,29.0),.PIECEWISE_BEZIER_KNOTS.);
#8888=CARTESIAN_POINT('',(-0.272687193,-0.059662392,0.159999997));
#8889=CARTESIAN_POINT('',(-0.272687193,-0.067374316,0.159999997));
#8890=CARTESIAN_POINT('',(-0.266421252,-0.074122263,0.159999997));
#8891=CARTESIAN_POINT('',(-0.25870931,-0.074604252,0.159999997));
#8892=ORIENTED_EDGE('',*,*,#8893,.T.);
#8893=EDGE_CURVE('',#8885,#8894,#8896,.T.);
#8894=VERTEX_POINT('',#8895);
#8895=CARTESIAN_POINT('',(-0.230271574,-0.074604252,0.159999997));
#8896=LINE('',#8897,#8898);
#8897=CARTESIAN_POINT('',(-0.25870931,-0.074604252,0.159999997));
#8898=VECTOR('',#8899,1.0);
#8899=DIRECTION('',(1.0,0.0,0.0));
#8900=ORIENTED_EDGE('',*,*,#8901,.T.);
#8901=EDGE_CURVE('',#8894,#8902,#8904,.T.);
#8902=VERTEX_POINT('',#8903);
#8903=CARTESIAN_POINT('',(-0.186409971,-0.052914444,0.159999997));
#8904=B_SPLINE_CURVE_WITH_KNOTS('',3,(#8905,#8906,#8907,#8908),.UNSPECIFIED.,.F.,.U.,(4,4),(33.0,34.0),.PIECEWISE_BEZIER_KNOTS.);
#8905=CARTESIAN_POINT('',(-0.230271574,-0.074604252,0.159999997));
#8906=CARTESIAN_POINT('',(-0.213401724,-0.073158268,0.159999997));
#8907=CARTESIAN_POINT('',(-0.197977857,-0.065446326,0.159999997));
#8908=CARTESIAN_POINT('',(-0.186409971,-0.052914444,0.159999997));
#8909=ORIENTED_EDGE('',*,*,#8910,.T.);
#8910=EDGE_CURVE('',#8902,#8626,#8911,.T.);
#8911=B_SPLINE_CURVE_WITH_KNOTS('',3,(#8912,#8913,#8914,#8915),.UNSPECIFIED.,.F.,.U.,(4,4),(34.0,35.0),.PIECEWISE_BEZIER_KNOTS.);
#8912=CARTESIAN_POINT('',(-0.186409971,-0.052914444,0.159999997));
#8913=CARTESIAN_POINT('',(-0.174842067,-0.040382563,0.159999997));
#8914=CARTESIAN_POINT('',(-0.168576126,-0.023994702,0.159999997));
#8915=CARTESIAN_POINT('',(-0.168576126,-0.007124852,0.159999997));
#8916=FACE_BOUND('',#8917,.T.);
#8917=EDGE_LOOP('',(#8918,#8932));
#8918=ORIENTED_EDGE('',*,*,#8919,.T.);
#8919=EDGE_CURVE('',#8920,#8922,#8924,.F.);
#8920=VERTEX_POINT('',#8921);
#8921=CARTESIAN_POINT('',(-0.371978312,-0.039900575,0.159999997));
#8922=VERTEX_POINT('',#8923);
#8923=CARTESIAN_POINT('',(-0.371978312,-0.077496255,0.159999997));
#8924=B_SPLINE_CURVE_WITH_KNOTS('',3,(#8925,#8926,#8927,#8928,#8929,#8930,#8931),.UNSPECIFIED.,.F.,.U.,(4,3,4),(0.0,1.0,2.0),.PIECEWISE_BEZIER_KNOTS.);
#8925=CARTESIAN_POINT('',(-0.371978312,-0.077496255,0.159999997));
#8926=CARTESIAN_POINT('',(-0.361374412,-0.077496255,0.159999997));
#8927=CARTESIAN_POINT('',(-0.353180481,-0.068820318,0.159999997));
#8928=CARTESIAN_POINT('',(-0.353180481,-0.058698415,0.159999997));
#8929=CARTESIAN_POINT('',(-0.353180481,-0.048094506,0.159999997));
#8930=CARTESIAN_POINT('',(-0.3618564,-0.039900575,0.159999997));
#8931=CARTESIAN_POINT('',(-0.371978312,-0.039900575,0.159999997));
#8932=ORIENTED_EDGE('',*,*,#8933,.T.);
#8933=EDGE_CURVE('',#8922,#8920,#8934,.F.);
#8934=B_SPLINE_CURVE_WITH_KNOTS('',3,(#8935,#8936,#8937,#8938,#8939,#8940),.UNSPECIFIED.,.F.,.U.,(4,2,4),(2.0,3.0,4.0),.UNSPECIFIED.);
#8935=CARTESIAN_POINT('',(-0.371978312,-0.039900575,0.159999997));
#8936=CARTESIAN_POINT('',(-0.382100223,-0.039900575,0.159999997));
#8937=CARTESIAN_POINT('',(-0.390776143,-0.048094506,0.159999997));
#8938=CARTESIAN_POINT('',(-0.390776143,-0.069302324,0.159999997));
#8939=CARTESIAN_POINT('',(-0.382100223,-0.077496255,0.159999997));
#8940=CARTESIAN_POINT('',(-0.371978312,-0.077496255,0.159999997));
#8941=PLANE('',#8942);
#8942=AXIS2_PLACEMENT_3D('',#8943,#8944,#8945);
#8943=CARTESIAN_POINT('',(-0.182313001,0.032037286,0.159999997));
#8944=DIRECTION('',(0.0,0.0,-1.0));
#8945=DIRECTION('',(-1.0,0.0,0.0));
#8946=ADVANCED_FACE('',(#8947),#8963,.F.);
#8947=FACE_BOUND('',#8948,.T.);
#8948=EDGE_LOOP('',(#8949,#8950,#8956,#8957));
#8949=ORIENTED_EDGE('',*,*,#1493,.F.);
#8950=ORIENTED_EDGE('',*,*,#8951,.T.);
#8951=EDGE_CURVE('',#1494,#8628,#8952,.F.);
#8952=LINE('',#8953,#8954);
#8953=CARTESIAN_POINT('',(-0.216293691,0.05601657,0.159999997));
#8954=VECTOR('',#8955,1.0);
#8955=DIRECTION('',(0.0,0.0,-1.0));
#8956=ORIENTED_EDGE('',*,*,#8625,.F.);
#8957=ORIENTED_EDGE('',*,*,#8958,.T.);
#8958=EDGE_CURVE('',#8626,#1496,#8959,.T.);
#8959=LINE('',#8960,#8961);
#8960=CARTESIAN_POINT('',(-0.168576126,-0.007124852,0.159999997));
#8961=VECTOR('',#8962,1.0);
#8962=DIRECTION('',(0.0,0.0,-1.0));
#8963=B_SPLINE_SURFACE_WITH_KNOTS('',3,1,((#8964,#8965),(#8966,#8967),(#8968,#8969),(#8970,#8971)),.UNSPECIFIED.,.F.,.F.,.U.,(4,4),(2,2),(35.0,36.0),(0.0,1.0),.PIECEWISE_BEZIER_KNOTS.);
#8964=CARTESIAN_POINT('',(-0.168576126,-0.007124852,0.159999997));
#8965=CARTESIAN_POINT('',(-0.168576126,-0.007124852,0.149999997));
#8966=CARTESIAN_POINT('',(-0.169058115,0.021794873,0.159999997));
#8967=CARTESIAN_POINT('',(-0.169058115,0.021794873,0.149999997));
#8968=CARTESIAN_POINT('',(-0.18881995,0.047340651,0.159999997));
#8969=CARTESIAN_POINT('',(-0.18881995,0.047340651,0.149999997));
#8970=CARTESIAN_POINT('',(-0.216293691,0.05601657,0.159999997));
#8971=CARTESIAN_POINT('',(-0.216293691,0.05601657,0.149999997));
#8972=ADVANCED_FACE('',(#8973),#8984,.F.);
#8973=FACE_BOUND('',#8974,.T.);
#8974=EDGE_LOOP('',(#8975,#8976,#8982,#8983));
#8975=ORIENTED_EDGE('',*,*,#1778,.F.);
#8976=ORIENTED_EDGE('',*,*,#8977,.T.);
#8977=EDGE_CURVE('',#1770,#8637,#8978,.F.);
#8978=LINE('',#8979,#8980);
#8979=CARTESIAN_POINT('',(-0.242321467,0.094094232,0.159999997));
#8980=VECTOR('',#8981,1.0);
#8981=DIRECTION('',(0.0,0.0,-1.0));
#8982=ORIENTED_EDGE('',*,*,#8636,.F.);
#8983=ORIENTED_EDGE('',*,*,#8951,.F.);
#8984=B_SPLINE_SURFACE_WITH_KNOTS('',3,1,((#8985,#8986),(#8987,#8988),(#8989,#8990),(#8991,#8992)),.UNSPECIFIED.,.F.,.F.,.U.,(4,4),(2,2),(0.0,1.0),(0.0,1.0),.PIECEWISE_BEZIER_KNOTS.);
#8985=CARTESIAN_POINT('',(-0.216293691,0.05601657,0.159999997));
#8986=CARTESIAN_POINT('',(-0.216293691,0.05601657,0.149999997));
#8987=CARTESIAN_POINT('',(-0.221595636,0.070476442,0.159999997));
#8988=CARTESIAN_POINT('',(-0.221595636,0.070476442,0.149999997));
#8989=CARTESIAN_POINT('',(-0.230753562,0.083490325,0.159999997));
#8990=CARTESIAN_POINT('',(-0.230753562,0.083490325,0.149999997));
#8991=CARTESIAN_POINT('',(-0.242321467,0.094094232,0.159999997));
#8992=CARTESIAN_POINT('',(-0.242321467,0.094094232,0.149999997));
#8993=ADVANCED_FACE('',(#8994),#9005,.F.);
#8994=FACE_BOUND('',#8995,.T.);
#8995=EDGE_LOOP('',(#8996,#8997,#9003,#9004));
#8996=ORIENTED_EDGE('',*,*,#1769,.F.);
#8997=ORIENTED_EDGE('',*,*,#8998,.T.);
#8998=EDGE_CURVE('',#1761,#8646,#8999,.F.);
#8999=LINE('',#9000,#9001);
#9000=CARTESIAN_POINT('',(-0.307872876,0.11915801,0.159999997));
#9001=VECTOR('',#9002,1.0);
#9002=DIRECTION('',(0.0,0.0,-1.0));
#9003=ORIENTED_EDGE('',*,*,#8645,.F.);
#9004=ORIENTED_EDGE('',*,*,#8977,.F.);
#9005=B_SPLINE_SURFACE_WITH_KNOTS('',3,1,((#9006,#9007),(#9008,#9009),(#9010,#9011),(#9012,#9013)),.UNSPECIFIED.,.F.,.F.,.U.,(4,4),(2,2),(1.0,2.0),(0.0,1.0),.PIECEWISE_BEZIER_KNOTS.);
#9006=CARTESIAN_POINT('',(-0.242321467,0.094094232,0.159999997));
#9007=CARTESIAN_POINT('',(-0.242321467,0.094094232,0.149999997));
#9008=CARTESIAN_POINT('',(-0.2606373,0.110000092,0.159999997));
#9009=CARTESIAN_POINT('',(-0.2606373,0.110000092,0.149999997));
#9010=CARTESIAN_POINT('',(-0.283773091,0.11915801,0.159999997));
#9011=CARTESIAN_POINT('',(-0.283773091,0.11915801,0.149999997));
#9012=CARTESIAN_POINT('',(-0.307872876,0.11915801,0.159999997));
#9013=CARTESIAN_POINT('',(-0.307872876,0.11915801,0.149999997));
#9014=ADVANCED_FACE('',(#9015),#9026,.F.);
#9015=FACE_BOUND('',#9016,.T.);
#9016=EDGE_LOOP('',(#9017,#9018,#9024,#9025));
#9017=ORIENTED_EDGE('',*,*,#1760,.F.);
#9018=ORIENTED_EDGE('',*,*,#9019,.T.);
#9019=EDGE_CURVE('',#1752,#8655,#9020,.F.);
#9020=LINE('',#9021,#9022);
#9021=CARTESIAN_POINT('',(-0.365712362,0.100360177,0.159999997));
#9022=VECTOR('',#9023,1.0);
#9023=DIRECTION('',(0.0,0.0,-1.0));
#9024=ORIENTED_EDGE('',*,*,#8654,.F.);
#9025=ORIENTED_EDGE('',*,*,#8998,.F.);
#9026=B_SPLINE_SURFACE_WITH_KNOTS('',3,1,((#9027,#9028),(#9029,#9030),(#9031,#9032),(#9033,#9034)),.UNSPECIFIED.,.F.,.F.,.U.,(4,4),(2,2),(2.0,3.0),(0.0,1.0),.PIECEWISE_BEZIER_KNOTS.);
#9027=CARTESIAN_POINT('',(-0.307872876,0.11915801,0.159999997));
#9028=CARTESIAN_POINT('',(-0.307872876,0.11915801,0.149999997));
#9029=CARTESIAN_POINT('',(-0.329080686,0.11915801,0.159999997));
#9030=CARTESIAN_POINT('',(-0.329080686,0.11915801,0.149999997));
#9031=CARTESIAN_POINT('',(-0.348842512,0.112410071,0.159999997));
#9032=CARTESIAN_POINT('',(-0.348842512,0.112410071,0.149999997));
#9033=CARTESIAN_POINT('',(-0.365712362,0.100360177,0.159999997));
#9034=CARTESIAN_POINT('',(-0.365712362,0.100360177,0.149999997));
#9035=ADVANCED_FACE('',(#9036),#9047,.F.);
#9036=FACE_BOUND('',#9037,.T.);
#9037=EDGE_LOOP('',(#9038,#9039,#9045,#9046));
#9038=ORIENTED_EDGE('',*,*,#1751,.F.);
#9039=ORIENTED_EDGE('',*,*,#9040,.T.);
#9040=EDGE_CURVE('',#1743,#8664,#9041,.F.);
#9041=LINE('',#9042,#9043);
#9042=CARTESIAN_POINT('',(-0.386920171,0.079152365,0.159999997));
#9043=VECTOR('',#9044,1.0);
#9044=DIRECTION('',(0.0,0.0,-1.0));
#9045=ORIENTED_EDGE('',*,*,#8663,.F.);
#9046=ORIENTED_EDGE('',*,*,#9019,.F.);
#9047=B_SPLINE_SURFACE_WITH_KNOTS('',3,1,((#9048,#9049),(#9050,#9051),(#9052,#9053),(#9054,#9055)),.UNSPECIFIED.,.F.,.F.,.U.,(4,4),(2,2),(3.0,4.0),(0.0,1.0),.PIECEWISE_BEZIER_KNOTS.);
#9048=CARTESIAN_POINT('',(-0.365712362,0.100360177,0.159999997));
#9049=CARTESIAN_POINT('',(-0.365712362,0.100360177,0.149999997));
#9050=CARTESIAN_POINT('',(-0.373906293,0.094576227,0.159999997));
#9051=CARTESIAN_POINT('',(-0.373906293,0.094576227,0.149999997));
#9052=CARTESIAN_POINT('',(-0.380654231,0.087346291,0.159999997));
#9053=CARTESIAN_POINT('',(-0.380654231,0.087346291,0.149999997));
#9054=CARTESIAN_POINT('',(-0.386920171,0.079152365,0.159999997));
#9055=CARTESIAN_POINT('',(-0.386920171,0.079152365,0.149999997));
#9056=ADVANCED_FACE('',(#9057),#9068,.F.);
#9057=FACE_BOUND('',#9058,.T.);
#9058=EDGE_LOOP('',(#9059,#9060,#9066,#9067));
#9059=ORIENTED_EDGE('',*,*,#1742,.F.);
#9060=ORIENTED_EDGE('',*,*,#9061,.T.);
#9061=EDGE_CURVE('',#1734,#8673,#9062,.F.);
#9062=LINE('',#9063,#9064);
#9063=CARTESIAN_POINT('',(-0.398006069,0.080116356,0.159999997));
#9064=VECTOR('',#9065,1.0);
#9065=DIRECTION('',(0.0,0.0,-1.0));
#9066=ORIENTED_EDGE('',*,*,#8672,.F.);
#9067=ORIENTED_EDGE('',*,*,#9040,.F.);
#9068=B_SPLINE_SURFACE_WITH_KNOTS('',3,1,((#9069,#9070),(#9071,#9072),(#9073,#9074),(#9075,#9076)),.UNSPECIFIED.,.F.,.F.,.U.,(4,4),(2,2),(4.0,5.0),(0.0,1.0),.PIECEWISE_BEZIER_KNOTS.);
#9069=CARTESIAN_POINT('',(-0.386920171,0.079152365,0.159999997));
#9070=CARTESIAN_POINT('',(-0.386920171,0.079152365,0.149999997));
#9071=CARTESIAN_POINT('',(-0.390776133,0.079634363,0.159999997));
#9072=CARTESIAN_POINT('',(-0.390776133,0.079634363,0.149999997));
#9073=CARTESIAN_POINT('',(-0.394150107,0.080116356,0.159999997));
#9074=CARTESIAN_POINT('',(-0.394150107,0.080116356,0.149999997));
#9075=CARTESIAN_POINT('',(-0.398006069,0.080116356,0.159999997));
#9076=CARTESIAN_POINT('',(-0.398006069,0.080116356,0.149999997));
#9077=ADVANCED_FACE('',(#9078),#9089,.F.);
#9078=FACE_BOUND('',#9079,.T.);
#9079=EDGE_LOOP('',(#9080,#9081,#9087,#9088));
#9080=ORIENTED_EDGE('',*,*,#1733,.F.);
#9081=ORIENTED_EDGE('',*,*,#9082,.T.);
#9082=EDGE_CURVE('',#1725,#8682,#9083,.F.);
#9083=LINE('',#9084,#9085);
#9084=CARTESIAN_POINT('',(-0.453435576,0.056980561,0.159999997));
#9085=VECTOR('',#9086,1.0);
#9086=DIRECTION('',(0.0,0.0,-1.0));
#9087=ORIENTED_EDGE('',*,*,#8681,.F.);
#9088=ORIENTED_EDGE('',*,*,#9061,.F.);
#9089=B_SPLINE_SURFACE_WITH_KNOTS('',3,1,((#9090,#9091),(#9092,#9093),(#9094,#9095),(#9096,#9097)),.UNSPECIFIED.,.F.,.F.,.U.,(4,4),(2,2),(5.0,6.0),(0.0,1.0),.PIECEWISE_BEZIER_KNOTS.);
#9090=CARTESIAN_POINT('',(-0.398006069,0.080116356,0.159999997));
#9091=CARTESIAN_POINT('',(-0.398006069,0.080116356,0.149999997));
#9092=CARTESIAN_POINT('',(-0.418731886,0.080116356,0.159999997));
#9093=CARTESIAN_POINT('',(-0.418731886,0.080116356,0.149999997));
#9094=CARTESIAN_POINT('',(-0.438493707,0.07192243,0.159999997));
#9095=CARTESIAN_POINT('',(-0.438493707,0.07192243,0.149999997));
#9096=CARTESIAN_POINT('',(-0.453435576,0.056980561,0.159999997));
#9097=CARTESIAN_POINT('',(-0.453435576,0.056980561,0.149999997));
#9098=ADVANCED_FACE('',(#9099),#9110,.F.);
#9099=FACE_BOUND('',#9100,.T.);
#9100=EDGE_LOOP('',(#9101,#9102,#9108,#9109));
#9101=ORIENTED_EDGE('',*,*,#1724,.F.);
#9102=ORIENTED_EDGE('',*,*,#9103,.T.);
#9103=EDGE_CURVE('',#1716,#8691,#9104,.F.);
#9104=LINE('',#9105,#9106);
#9105=CARTESIAN_POINT('',(-0.476089388,0.002033056,0.159999997));
#9106=VECTOR('',#9107,1.0);
#9107=DIRECTION('',(0.0,0.0,-1.0));
#9108=ORIENTED_EDGE('',*,*,#8690,.F.);
#9109=ORIENTED_EDGE('',*,*,#9082,.F.);
#9110=B_SPLINE_SURFACE_WITH_KNOTS('',3,1,((#9111,#9112),(#9113,#9114),(#9115,#9116),(#9117,#9118)),.UNSPECIFIED.,.F.,.F.,.U.,(4,4),(2,2),(6.0,7.0),(0.0,1.0),.PIECEWISE_BEZIER_KNOTS.);
#9111=CARTESIAN_POINT('',(-0.453435576,0.056980561,0.159999997));
#9112=CARTESIAN_POINT('',(-0.453435576,0.056980561,0.149999997));
#9113=CARTESIAN_POINT('',(-0.46789546,0.042520694,0.159999997));
#9114=CARTESIAN_POINT('',(-0.46789546,0.042520694,0.149999997));
#9115=CARTESIAN_POINT('',(-0.476089388,0.022758868,0.159999997));
#9116=CARTESIAN_POINT('',(-0.476089388,0.022758868,0.149999997));
#9117=CARTESIAN_POINT('',(-0.476089388,0.002033056,0.159999997));
#9118=CARTESIAN_POINT('',(-0.476089388,0.002033056,0.149999997));
#9119=ADVANCED_FACE('',(#9120),#9131,.F.);
#9120=FACE_BOUND('',#9121,.T.);
#9121=EDGE_LOOP('',(#9122,#9123,#9129,#9130));
#9122=ORIENTED_EDGE('',*,*,#1715,.F.);
#9123=ORIENTED_EDGE('',*,*,#9124,.T.);
#9124=EDGE_CURVE('',#1707,#8700,#9125,.F.);
#9125=LINE('',#9126,#9127);
#9126=CARTESIAN_POINT('',(-0.455845569,-0.050504466,0.159999997));
#9127=VECTOR('',#9128,1.0);
#9128=DIRECTION('',(0.0,0.0,-1.0));
#9129=ORIENTED_EDGE('',*,*,#8699,.F.);
#9130=ORIENTED_EDGE('',*,*,#9103,.F.);
#9131=B_SPLINE_SURFACE_WITH_KNOTS('',3,1,((#9132,#9133),(#9134,#9135),(#9136,#9137),(#9138,#9139)),.UNSPECIFIED.,.F.,.F.,.U.,(4,4),(2,2),(7.0,8.0),(0.0,1.0),.PIECEWISE_BEZIER_KNOTS.);
#9132=CARTESIAN_POINT('',(-0.476089388,0.002033056,0.159999997));
#9133=CARTESIAN_POINT('',(-0.476089388,0.002033056,0.149999997));
#9134=CARTESIAN_POINT('',(-0.476089388,-0.017246773,0.159999997));
#9135=CARTESIAN_POINT('',(-0.476089388,-0.017246773,0.149999997));
#9136=CARTESIAN_POINT('',(-0.468859452,-0.036044613,0.159999997));
#9137=CARTESIAN_POINT('',(-0.468859452,-0.036044613,0.149999997));
#9138=CARTESIAN_POINT('',(-0.455845569,-0.050504466,0.159999997));
#9139=CARTESIAN_POINT('',(-0.455845569,-0.050504466,0.149999997));
#9140=ADVANCED_FACE('',(#9141),#9152,.F.);
#9141=FACE_BOUND('',#9142,.T.);
#9142=EDGE_LOOP('',(#9143,#9144,#9150,#9151));
#9143=ORIENTED_EDGE('',*,*,#1706,.F.);
#9144=ORIENTED_EDGE('',*,*,#9145,.T.);
#9145=EDGE_CURVE('',#1698,#8709,#9146,.F.);
#9146=LINE('',#9147,#9148);
#9147=CARTESIAN_POINT('',(-0.417285911,-0.073640256,0.159999997));
#9148=VECTOR('',#9149,1.0);
#9149=DIRECTION('',(0.0,0.0,-1.0));
#9150=ORIENTED_EDGE('',*,*,#8708,.F.);
#9151=ORIENTED_EDGE('',*,*,#9124,.F.);
#9152=B_SPLINE_SURFACE_WITH_KNOTS('',3,1,((#9153,#9154),(#9155,#9156),(#9157,#9158),(#9159,#9160)),.UNSPECIFIED.,.F.,.F.,.U.,(4,4),(2,2),(8.0,9.0),(0.0,1.0),.PIECEWISE_BEZIER_KNOTS.);
#9153=CARTESIAN_POINT('',(-0.455845569,-0.050504466,0.159999997));
#9154=CARTESIAN_POINT('',(-0.455845569,-0.050504466,0.149999997));
#9155=CARTESIAN_POINT('',(-0.445241664,-0.06207237,0.159999997));
#9156=CARTESIAN_POINT('',(-0.445241664,-0.06207237,0.149999997));
#9157=CARTESIAN_POINT('',(-0.432227776,-0.069784294,0.159999997));
#9158=CARTESIAN_POINT('',(-0.432227776,-0.069784294,0.149999997));
#9159=CARTESIAN_POINT('',(-0.417285911,-0.073640256,0.159999997));
#9160=CARTESIAN_POINT('',(-0.417285911,-0.073640256,0.149999997));
#9161=ADVANCED_FACE('',(#9162),#9173,.F.);
#9162=FACE_BOUND('',#9163,.T.);
#9163=EDGE_LOOP('',(#9164,#9165,#9171,#9172));
#9164=ORIENTED_EDGE('',*,*,#1697,.F.);
#9165=ORIENTED_EDGE('',*,*,#9166,.T.);
#9166=EDGE_CURVE('',#1689,#8718,#9167,.F.);
#9167=LINE('',#9168,#9169);
#9168=CARTESIAN_POINT('',(-0.371496314,-0.106415961,0.159999997));
#9169=VECTOR('',#9170,1.0);
#9170=DIRECTION('',(0.0,0.0,-1.0));
#9171=ORIENTED_EDGE('',*,*,#8717,.F.);
#9172=ORIENTED_EDGE('',*,*,#9145,.F.);
#9173=B_SPLINE_SURFACE_WITH_KNOTS('',3,1,((#9174,#9175),(#9176,#9177),(#9178,#9179),(#9180,#9181)),.UNSPECIFIED.,.F.,.F.,.U.,(4,4),(2,2),(9.0,10.0),(0.0,1.0),.PIECEWISE_BEZIER_KNOTS.);
#9174=CARTESIAN_POINT('',(-0.417285911,-0.073640256,0.159999997));
#9175=CARTESIAN_POINT('',(-0.417285911,-0.073640256,0.149999997));
#9176=CARTESIAN_POINT('',(-0.411019966,-0.092920085,0.159999997));
#9177=CARTESIAN_POINT('',(-0.411019966,-0.092920085,0.149999997));
#9178=CARTESIAN_POINT('',(-0.392704133,-0.106415961,0.159999997));
#9179=CARTESIAN_POINT('',(-0.392704133,-0.106415961,0.149999997));
#9180=CARTESIAN_POINT('',(-0.371496314,-0.106415961,0.159999997));
#9181=CARTESIAN_POINT('',(-0.371496314,-0.106415961,0.149999997));
#9182=ADVANCED_FACE('',(#9183),#9194,.F.);
#9183=FACE_BOUND('',#9184,.T.);
#9184=EDGE_LOOP('',(#9185,#9186,#9192,#9193));
#9185=ORIENTED_EDGE('',*,*,#1688,.F.);
#9186=ORIENTED_EDGE('',*,*,#9187,.T.);
#9187=EDGE_CURVE('',#1680,#8727,#9188,.F.);
#9188=LINE('',#9189,#9190);
#9189=CARTESIAN_POINT('',(-0.323296743,-0.05821639,0.159999997));
#9190=VECTOR('',#9191,1.0);
#9191=DIRECTION('',(0.0,0.0,-1.0));
#9192=ORIENTED_EDGE('',*,*,#8726,.F.);
#9193=ORIENTED_EDGE('',*,*,#9166,.F.);
#9194=B_SPLINE_SURFACE_WITH_KNOTS('',3,1,((#9195,#9196),(#9197,#9198),(#9199,#9200),(#9201,#9202)),.UNSPECIFIED.,.F.,.F.,.U.,(4,4),(2,2),(10.0,11.0),(0.0,1.0),.PIECEWISE_BEZIER_KNOTS.);
#9195=CARTESIAN_POINT('',(-0.371496314,-0.106415961,0.159999997));
#9196=CARTESIAN_POINT('',(-0.371496314,-0.106415961,0.149999997));
#9197=CARTESIAN_POINT('',(-0.34498655,-0.106415961,0.159999997));
#9198=CARTESIAN_POINT('',(-0.34498655,-0.106415961,0.149999997));
#9199=CARTESIAN_POINT('',(-0.323296743,-0.084726154,0.159999997));
#9200=CARTESIAN_POINT('',(-0.323296743,-0.084726154,0.149999997));
#9201=CARTESIAN_POINT('',(-0.323296743,-0.05821639,0.159999997));
#9202=CARTESIAN_POINT('',(-0.323296743,-0.05821639,0.149999997));
#9203=ADVANCED_FACE('',(#9204),#9215,.F.);
#9204=FACE_BOUND('',#9205,.T.);
#9205=EDGE_LOOP('',(#9206,#9207,#9213,#9214));
#9206=ORIENTED_EDGE('',*,*,#1679,.F.);
#9207=ORIENTED_EDGE('',*,*,#9208,.T.);
#9208=EDGE_CURVE('',#1672,#8736,#9209,.F.);
#9209=LINE('',#9210,#9211);
#9210=CARTESIAN_POINT('',(-0.323296743,-0.053396433,0.159999997));
#9211=VECTOR('',#9212,1.0);
#9212=DIRECTION('',(0.0,0.0,-1.0));
#9213=ORIENTED_EDGE('',*,*,#8735,.F.);
#9214=ORIENTED_EDGE('',*,*,#9187,.F.);
#9215=PLANE('',#9216);
#9216=AXIS2_PLACEMENT_3D('',#9217,#9218,#9219);
#9217=CARTESIAN_POINT('',(-0.323296743,-0.05821639,0.159999997));
#9218=DIRECTION('',(-1.0,0.0,0.0));
#9219=DIRECTION('',(0.0,0.0,1.0));
#9220=ADVANCED_FACE('',(#9221),#9232,.F.);
#9221=FACE_BOUND('',#9222,.T.);
#9222=EDGE_LOOP('',(#9223,#9224,#9230,#9231));
#9223=ORIENTED_EDGE('',*,*,#1671,.F.);
#9224=ORIENTED_EDGE('',*,*,#9225,.T.);
#9225=EDGE_CURVE('',#1664,#8745,#9226,.F.);
#9226=LINE('',#9227,#9228);
#9227=CARTESIAN_POINT('',(-0.255817343,-0.017728752,0.159999997));
#9228=VECTOR('',#9229,1.0);
#9229=DIRECTION('',(0.0,0.0,-1.0));
#9230=ORIENTED_EDGE('',*,*,#8744,.F.);
#9231=ORIENTED_EDGE('',*,*,#9208,.F.);
#9232=PLANE('',#9233);
#9233=AXIS2_PLACEMENT_3D('',#9234,#9235,#9236);
#9234=CARTESIAN_POINT('',(-0.323296743,-0.053396433,0.159999997));
#9235=DIRECTION('',(-0.467307307,0.88409495,0.0));
#9236=DIRECTION('',(-0.88409495,-0.467307307,0.0));
#9237=ADVANCED_FACE('',(#9238),#9249,.F.);
#9238=FACE_BOUND('',#9239,.T.);
#9239=EDGE_LOOP('',(#9240,#9241,#9247,#9248));
#9240=ORIENTED_EDGE('',*,*,#1663,.F.);
#9241=ORIENTED_EDGE('',*,*,#9242,.T.);
#9242=EDGE_CURVE('',#1656,#8753,#9243,.F.);
#9243=LINE('',#9244,#9245);
#9244=CARTESIAN_POINT('',(-0.270759203,0.007817026,0.159999997));
#9245=VECTOR('',#9246,1.0);
#9246=DIRECTION('',(0.0,0.0,-1.0));
#9247=ORIENTED_EDGE('',*,*,#8752,.F.);
#9248=ORIENTED_EDGE('',*,*,#9225,.F.);
#9249=PLANE('',#9250);
#9250=AXIS2_PLACEMENT_3D('',#9251,#9252,#9253);
#9251=CARTESIAN_POINT('',(-0.255817343,-0.017728752,0.159999997));
#9252=DIRECTION('',(-0.863187759,-0.504883049,0.0));
#9253=DIRECTION('',(0.504883049,-0.863187759,0.0));
#9254=ADVANCED_FACE('',(#9255),#9266,.F.);
#9255=FACE_BOUND('',#9256,.T.);
#9256=EDGE_LOOP('',(#9257,#9258,#9264,#9265));
#9257=ORIENTED_EDGE('',*,*,#1655,.F.);
#9258=ORIENTED_EDGE('',*,*,#9259,.T.);
#9259=EDGE_CURVE('',#1647,#8761,#9260,.F.);
#9260=LINE('',#9261,#9262);
#9261=CARTESIAN_POINT('',(-0.335346626,-0.025922674,0.159999997));
#9262=VECTOR('',#9263,1.0);
#9263=DIRECTION('',(0.0,0.0,-1.0));
#9264=ORIENTED_EDGE('',*,*,#8760,.F.);
#9265=ORIENTED_EDGE('',*,*,#9242,.F.);
#9266=PLANE('',#9267);
#9267=AXIS2_PLACEMENT_3D('',#9268,#9269,#9270);
#9268=CARTESIAN_POINT('',(-0.270759203,0.007817026,0.159999997));
#9269=DIRECTION('',(0.463018065,-0.886348843,0.0));
#9270=DIRECTION('',(0.886348843,0.463018065,0.0));
#9271=ADVANCED_FACE('',(#9272),#9283,.F.);
#9272=FACE_BOUND('',#9273,.T.);
#9273=EDGE_LOOP('',(#9274,#9275,#9281,#9282));
#9274=ORIENTED_EDGE('',*,*,#1646,.F.);
#9275=ORIENTED_EDGE('',*,*,#9276,.T.);
#9276=EDGE_CURVE('',#1638,#8769,#9277,.F.);
#9277=LINE('',#9278,#9279);
#9278=CARTESIAN_POINT('',(-0.371496305,-0.009534821,0.159999997));
#9279=VECTOR('',#9280,1.0);
#9280=DIRECTION('',(0.0,0.0,-1.0));
#9281=ORIENTED_EDGE('',*,*,#8768,.F.);
#9282=ORIENTED_EDGE('',*,*,#9259,.F.);
#9283=B_SPLINE_SURFACE_WITH_KNOTS('',3,1,((#9284,#9285),(#9286,#9287),(#9288,#9289),(#9290,#9291)),.UNSPECIFIED.,.F.,.F.,.U.,(4,4),(2,2),(15.0,16.0),(0.0,1.0),.PIECEWISE_BEZIER_KNOTS.);
#9284=CARTESIAN_POINT('',(-0.335346626,-0.025922674,0.159999997));
#9285=CARTESIAN_POINT('',(-0.335346626,-0.025922674,0.149999997));
#9286=CARTESIAN_POINT('',(-0.344022546,-0.015800762,0.159999997));
#9287=CARTESIAN_POINT('',(-0.344022546,-0.015800762,0.149999997));
#9288=CARTESIAN_POINT('',(-0.357036434,-0.009534821,0.159999997));
#9289=CARTESIAN_POINT('',(-0.357036434,-0.009534821,0.149999997));
#9290=CARTESIAN_POINT('',(-0.371496305,-0.009534821,0.159999997));
#9291=CARTESIAN_POINT('',(-0.371496305,-0.009534821,0.149999997));
#9292=ADVANCED_FACE('',(#9293),#9304,.F.);
#9293=FACE_BOUND('',#9294,.T.);
#9294=EDGE_LOOP('',(#9295,#9296,#9302,#9303));
#9295=ORIENTED_EDGE('',*,*,#1637,.F.);
#9296=ORIENTED_EDGE('',*,*,#9297,.T.);
#9297=EDGE_CURVE('',#1629,#8778,#9298,.F.);
#9298=LINE('',#9299,#9300);
#9299=CARTESIAN_POINT('',(-0.4168039,-0.04134654,0.159999997));
#9300=VECTOR('',#9301,1.0);
#9301=DIRECTION('',(0.0,0.0,-1.0));
#9302=ORIENTED_EDGE('',*,*,#8777,.F.);
#9303=ORIENTED_EDGE('',*,*,#9276,.F.);
#9304=B_SPLINE_SURFACE_WITH_KNOTS('',3,1,((#9305,#9306),(#9307,#9308),(#9309,#9310),(#9311,#9312)),.UNSPECIFIED.,.F.,.F.,.U.,(4,4),(2,2),(16.0,17.0),(0.0,1.0),.PIECEWISE_BEZIER_KNOTS.);
#9305=CARTESIAN_POINT('',(-0.371496305,-0.009534821,0.159999997));
#9306=CARTESIAN_POINT('',(-0.371496305,-0.009534821,0.149999997));
#9307=CARTESIAN_POINT('',(-0.392222126,-0.009534821,0.159999997));
#9308=CARTESIAN_POINT('',(-0.392222126,-0.009534821,0.149999997));
#9309=CARTESIAN_POINT('',(-0.410055962,-0.023030697,0.159999997));
#9310=CARTESIAN_POINT('',(-0.410055962,-0.023030697,0.149999997));
#9311=CARTESIAN_POINT('',(-0.4168039,-0.04134654,0.159999997));
#9312=CARTESIAN_POINT('',(-0.4168039,-0.04134654,0.149999997));
#9313=ADVANCED_FACE('',(#9314),#9325,.F.);
#9314=FACE_BOUND('',#9315,.T.);
#9315=EDGE_LOOP('',(#9316,#9317,#9323,#9324));
#9316=ORIENTED_EDGE('',*,*,#1628,.F.);
#9317=ORIENTED_EDGE('',*,*,#9318,.T.);
#9318=EDGE_CURVE('',#1620,#8787,#9319,.F.);
#9319=LINE('',#9320,#9321);
#9320=CARTESIAN_POINT('',(-0.445723643,0.002997069,0.159999997));
#9321=VECTOR('',#9322,1.0);
#9322=DIRECTION('',(0.0,0.0,-1.0));
#9323=ORIENTED_EDGE('',*,*,#8786,.F.);
#9324=ORIENTED_EDGE('',*,*,#9297,.F.);
#9325=B_SPLINE_SURFACE_WITH_KNOTS('',3,1,((#9326,#9327),(#9328,#9329),(#9330,#9331),(#9332,#9333)),.UNSPECIFIED.,.F.,.F.,.U.,(4,4),(2,2),(17.0,18.0),(0.0,1.0),.PIECEWISE_BEZIER_KNOTS.);
#9326=CARTESIAN_POINT('',(-0.4168039,-0.04134654,0.159999997));
#9327=CARTESIAN_POINT('',(-0.4168039,-0.04134654,0.149999997));
#9328=CARTESIAN_POINT('',(-0.43367375,-0.033634607,0.159999997));
#9329=CARTESIAN_POINT('',(-0.43367375,-0.033634607,0.149999997));
#9330=CARTESIAN_POINT('',(-0.445723643,-0.016764757,0.159999997));
#9331=CARTESIAN_POINT('',(-0.445723643,-0.016764757,0.149999997));
#9332=CARTESIAN_POINT('',(-0.445723643,0.002997069,0.159999997));
#9333=CARTESIAN_POINT('',(-0.445723643,0.002997069,0.149999997));
#9334=ADVANCED_FACE('',(#9335),#9346,.F.);
#9335=FACE_BOUND('',#9336,.T.);
#9336=EDGE_LOOP('',(#9337,#9338,#9344,#9345));
#9337=ORIENTED_EDGE('',*,*,#1619,.F.);
#9338=ORIENTED_EDGE('',*,*,#9339,.T.);
#9339=EDGE_CURVE('',#1611,#8796,#9340,.F.);
#9340=LINE('',#9341,#9342);
#9341=CARTESIAN_POINT('',(-0.397524072,0.051196641,0.159999997));
#9342=VECTOR('',#9343,1.0);
#9343=DIRECTION('',(0.0,0.0,-1.0));
#9344=ORIENTED_EDGE('',*,*,#8795,.F.);
#9345=ORIENTED_EDGE('',*,*,#9318,.F.);
#9346=B_SPLINE_SURFACE_WITH_KNOTS('',3,1,((#9347,#9348),(#9349,#9350),(#9351,#9352),(#9353,#9354)),.UNSPECIFIED.,.F.,.F.,.U.,(4,4),(2,2),(18.0,19.0),(0.0,1.0),.PIECEWISE_BEZIER_KNOTS.);
#9347=CARTESIAN_POINT('',(-0.445723643,0.002997069,0.159999997));
#9348=CARTESIAN_POINT('',(-0.445723643,0.002997069,0.149999997));
#9349=CARTESIAN_POINT('',(-0.445723643,0.029506833,0.159999997));
#9350=CARTESIAN_POINT('',(-0.445723643,0.029506833,0.149999997));
#9351=CARTESIAN_POINT('',(-0.424033836,0.051196641,0.159999997));
#9352=CARTESIAN_POINT('',(-0.424033836,0.051196641,0.149999997));
#9353=CARTESIAN_POINT('',(-0.397524072,0.051196641,0.159999997));
#9354=CARTESIAN_POINT('',(-0.397524072,0.051196641,0.149999997));
#9355=ADVANCED_FACE('',(#9356),#9367,.F.);
#9356=FACE_BOUND('',#9357,.T.);
#9357=EDGE_LOOP('',(#9358,#9359,#9365,#9366));
#9358=ORIENTED_EDGE('',*,*,#1610,.F.);
#9359=ORIENTED_EDGE('',*,*,#9360,.T.);
#9360=EDGE_CURVE('',#1602,#8805,#9361,.F.);
#9361=LINE('',#9362,#9363);
#9362=CARTESIAN_POINT('',(-0.371978302,0.043966705,0.159999997));
#9363=VECTOR('',#9364,1.0);
#9364=DIRECTION('',(0.0,0.0,-1.0));
#9365=ORIENTED_EDGE('',*,*,#8804,.F.);
#9366=ORIENTED_EDGE('',*,*,#9339,.F.);
#9367=B_SPLINE_SURFACE_WITH_KNOTS('',3,1,((#9368,#9369),(#9370,#9371),(#9372,#9373),(#9374,#9375)),.UNSPECIFIED.,.F.,.F.,.U.,(4,4),(2,2),(19.0,20.0),(0.0,1.0),.PIECEWISE_BEZIER_KNOTS.);
#9368=CARTESIAN_POINT('',(-0.397524072,0.051196641,0.159999997));
#9369=CARTESIAN_POINT('',(-0.397524072,0.051196641,0.149999997));
#9370=CARTESIAN_POINT('',(-0.388366155,0.051196641,0.159999997));
#9371=CARTESIAN_POINT('',(-0.388366155,0.051196641,0.149999997));
#9372=CARTESIAN_POINT('',(-0.379208238,0.048304664,0.159999997));
#9373=CARTESIAN_POINT('',(-0.379208238,0.048304664,0.149999997));
#9374=CARTESIAN_POINT('',(-0.371978302,0.043966705,0.159999997));
#9375=CARTESIAN_POINT('',(-0.371978302,0.043966705,0.149999997));
#9376=ADVANCED_FACE('',(#9377),#9388,.F.);
#9377=FACE_BOUND('',#9378,.T.);
#9378=EDGE_LOOP('',(#9379,#9380,#9386,#9387));
#9379=ORIENTED_EDGE('',*,*,#1601,.F.);
#9380=ORIENTED_EDGE('',*,*,#9381,.T.);
#9381=EDGE_CURVE('',#1593,#8814,#9382,.F.);
#9382=LINE('',#9383,#9384);
#9383=CARTESIAN_POINT('',(-0.307390888,0.090238268,0.159999997));
#9384=VECTOR('',#9385,1.0);
#9385=DIRECTION('',(0.0,0.0,-1.0));
#9386=ORIENTED_EDGE('',*,*,#8813,.F.);
#9387=ORIENTED_EDGE('',*,*,#9360,.F.);
#9388=B_SPLINE_SURFACE_WITH_KNOTS('',3,1,((#9389,#9390),(#9391,#9392),(#9393,#9394),(#9395,#9396)),.UNSPECIFIED.,.F.,.F.,.U.,(4,4),(2,2),(20.0,21.0),(0.0,1.0),.PIECEWISE_BEZIER_KNOTS.);
#9389=CARTESIAN_POINT('',(-0.371978302,0.043966705,0.159999997));
#9390=CARTESIAN_POINT('',(-0.371978302,0.043966705,0.149999997));
#9391=CARTESIAN_POINT('',(-0.362820395,0.070958439,0.159999997));
#9392=CARTESIAN_POINT('',(-0.362820395,0.070958439,0.149999997));
#9393=CARTESIAN_POINT('',(-0.337756614,0.090238268,0.159999997));
#9394=CARTESIAN_POINT('',(-0.337756614,0.090238268,0.149999997));
#9395=CARTESIAN_POINT('',(-0.307390888,0.090238268,0.159999997));
#9396=CARTESIAN_POINT('',(-0.307390888,0.090238268,0.149999997));
#9397=ADVANCED_FACE('',(#9398),#9409,.F.);
#9398=FACE_BOUND('',#9399,.T.);
#9399=EDGE_LOOP('',(#9400,#9401,#9407,#9408));
#9400=ORIENTED_EDGE('',*,*,#1592,.F.);
#9401=ORIENTED_EDGE('',*,*,#9402,.T.);
#9402=EDGE_CURVE('',#1584,#8823,#9403,.F.);
#9403=LINE('',#9404,#9405);
#9404=CARTESIAN_POINT('',(-0.239911488,0.029988803,0.159999997));
#9405=VECTOR('',#9406,1.0);
#9406=DIRECTION('',(0.0,0.0,-1.0));
#9407=ORIENTED_EDGE('',*,*,#8822,.F.);
#9408=ORIENTED_EDGE('',*,*,#9381,.F.);
#9409=B_SPLINE_SURFACE_WITH_KNOTS('',3,1,((#9410,#9411),(#9412,#9413),(#9414,#9415),(#9416,#9417)),.UNSPECIFIED.,.F.,.F.,.U.,(4,4),(2,2),(21.0,22.0),(0.0,1.0),.PIECEWISE_BEZIER_KNOTS.);
#9410=CARTESIAN_POINT('',(-0.307390888,0.090238268,0.159999997));
#9411=CARTESIAN_POINT('',(-0.307390888,0.090238268,0.149999997));
#9412=CARTESIAN_POINT('',(-0.272687193,0.090238268,0.159999997));
#9413=CARTESIAN_POINT('',(-0.272687193,0.090238268,0.149999997));
#9414=CARTESIAN_POINT('',(-0.24376745,0.063728503,0.159999997));
#9415=CARTESIAN_POINT('',(-0.24376745,0.063728503,0.149999997));
#9416=CARTESIAN_POINT('',(-0.239911488,0.029988803,0.159999997));
#9417=CARTESIAN_POINT('',(-0.239911488,0.029988803,0.149999997));
#9418=ADVANCED_FACE('',(#9419),#9430,.F.);
#9419=FACE_BOUND('',#9420,.T.);
#9420=EDGE_LOOP('',(#9421,#9422,#9428,#9429));
#9421=ORIENTED_EDGE('',*,*,#1583,.F.);
#9422=ORIENTED_EDGE('',*,*,#9423,.T.);
#9423=EDGE_CURVE('',#1575,#8832,#9424,.F.);
#9424=LINE('',#9425,#9426);
#9425=CARTESIAN_POINT('',(-0.236055526,0.029988803,0.159999997));
#9426=VECTOR('',#9427,1.0);
#9427=DIRECTION('',(0.0,0.0,-1.0));
#9428=ORIENTED_EDGE('',*,*,#8831,.F.);
#9429=ORIENTED_EDGE('',*,*,#9402,.F.);
#9430=PLANE('',#9431);
#9431=AXIS2_PLACEMENT_3D('',#9432,#9433,#9434);
#9432=CARTESIAN_POINT('',(-0.239911488,0.029988803,0.159999997));
#9433=DIRECTION('',(0.0,1.0,0.0));
#9434=DIRECTION('',(0.0,0.0,1.0));
#9435=ADVANCED_FACE('',(#9436),#9447,.F.);
#9436=FACE_BOUND('',#9437,.T.);
#9437=EDGE_LOOP('',(#9438,#9439,#9445,#9446));
#9438=ORIENTED_EDGE('',*,*,#1574,.F.);
#9439=ORIENTED_EDGE('',*,*,#9440,.T.);
#9440=EDGE_CURVE('',#1566,#8841,#9441,.F.);
#9441=LINE('',#9442,#9443);
#9442=CARTESIAN_POINT('',(-0.198459864,-0.007606858,0.159999997));
#9443=VECTOR('',#9444,1.0);
#9444=DIRECTION('',(0.0,0.0,-1.0));
#9445=ORIENTED_EDGE('',*,*,#8840,.F.);
#9446=ORIENTED_EDGE('',*,*,#9423,.F.);
#9447=B_SPLINE_SURFACE_WITH_KNOTS('',3,1,((#9448,#9449),(#9450,#9451),(#9452,#9453),(#9454,#9455)),.UNSPECIFIED.,.F.,.F.,.U.,(4,4),(2,2),(23.0,24.0),(0.0,1.0),.PIECEWISE_BEZIER_KNOTS.);
#9448=CARTESIAN_POINT('',(-0.236055526,0.029988803,0.159999997));
#9449=CARTESIAN_POINT('',(-0.236055526,0.029988803,0.149999997));
#9450=CARTESIAN_POINT('',(-0.215329714,0.029988803,0.159999997));
#9451=CARTESIAN_POINT('',(-0.215329714,0.029988803,0.149999997));
#9452=CARTESIAN_POINT('',(-0.198459864,0.013118953,0.159999997));
#9453=CARTESIAN_POINT('',(-0.198459864,0.013118953,0.149999997));
#9454=CARTESIAN_POINT('',(-0.198459864,-0.007606858,0.159999997));
#9455=CARTESIAN_POINT('',(-0.198459864,-0.007606858,0.149999997));
#9456=ADVANCED_FACE('',(#9457),#9468,.F.);
#9457=FACE_BOUND('',#9458,.T.);
#9458=EDGE_LOOP('',(#9459,#9460,#9466,#9467));
#9459=ORIENTED_EDGE('',*,*,#1565,.F.);
#9460=ORIENTED_EDGE('',*,*,#9461,.T.);
#9461=EDGE_CURVE('',#1558,#8850,#9462,.F.);
#9462=LINE('',#9463,#9464);
#9463=CARTESIAN_POINT('',(-0.233163559,-0.04520252,0.159999997));
#9464=VECTOR('',#9465,1.0);
#9465=DIRECTION('',(0.0,0.0,-1.0));
#9466=ORIENTED_EDGE('',*,*,#8849,.F.);
#9467=ORIENTED_EDGE('',*,*,#9440,.F.);
#9468=B_SPLINE_SURFACE_WITH_KNOTS('',3,1,((#9469,#9470),(#9471,#9472),(#9473,#9474),(#9475,#9476)),.UNSPECIFIED.,.F.,.F.,.U.,(4,4),(2,2),(24.0,25.0),(0.0,1.0),.PIECEWISE_BEZIER_KNOTS.);
#9469=CARTESIAN_POINT('',(-0.198459864,-0.007606858,0.159999997));
#9470=CARTESIAN_POINT('',(-0.198459864,-0.007606858,0.149999997));
#9471=CARTESIAN_POINT('',(-0.198459864,-0.027368685,0.159999997));
#9472=CARTESIAN_POINT('',(-0.198459864,-0.027368685,0.149999997));
#9473=CARTESIAN_POINT('',(-0.213401724,-0.043756537,0.159999997));
#9474=CARTESIAN_POINT('',(-0.213401724,-0.043756537,0.149999997));
#9475=CARTESIAN_POINT('',(-0.233163559,-0.04520252,0.159999997));
#9476=CARTESIAN_POINT('',(-0.233163559,-0.04520252,0.149999997));
#9477=ADVANCED_FACE('',(#9478),#9489,.F.);
#9478=FACE_BOUND('',#9479,.T.);
#9479=EDGE_LOOP('',(#9480,#9481,#9487,#9488));
#9480=ORIENTED_EDGE('',*,*,#1557,.F.);
#9481=ORIENTED_EDGE('',*,*,#9482,.T.);
#9482=EDGE_CURVE('',#1549,#8859,#9483,.F.);
#9483=LINE('',#9484,#9485);
#9484=CARTESIAN_POINT('',(-0.254853366,-0.04520252,0.159999997));
#9485=VECTOR('',#9486,1.0);
#9486=DIRECTION('',(0.0,0.0,-1.0));
#9487=ORIENTED_EDGE('',*,*,#8858,.F.);
#9488=ORIENTED_EDGE('',*,*,#9461,.F.);
#9489=PLANE('',#9490);
#9490=AXIS2_PLACEMENT_3D('',#9491,#9492,#9493);
#9491=CARTESIAN_POINT('',(-0.233163559,-0.04520252,0.159999997));
#9492=DIRECTION('',(0.0,-1.0,0.0));
#9493=DIRECTION('',(0.0,0.0,-1.0));
#9494=ADVANCED_FACE('',(#9495),#9506,.F.);
#9495=FACE_BOUND('',#9496,.T.);
#9496=EDGE_LOOP('',(#9497,#9498,#9504,#9505));
#9497=ORIENTED_EDGE('',*,*,#1548,.F.);
#9498=ORIENTED_EDGE('',*,*,#9499,.T.);
#9499=EDGE_CURVE('',#1540,#8867,#9500,.F.);
#9500=LINE('',#9501,#9502);
#9501=CARTESIAN_POINT('',(-0.257745333,-0.044720532,0.159999997));
#9502=VECTOR('',#9503,1.0);
#9503=DIRECTION('',(0.0,0.0,-1.0));
#9504=ORIENTED_EDGE('',*,*,#8866,.F.);
#9505=ORIENTED_EDGE('',*,*,#9482,.F.);
#9506=B_SPLINE_SURFACE_WITH_KNOTS('',3,1,((#9507,#9508),(#9509,#9510),(#9511,#9512),(#9513,#9514)),.UNSPECIFIED.,.F.,.F.,.U.,(4,4),(2,2),(26.0,27.0),(0.0,1.0),.PIECEWISE_BEZIER_KNOTS.);
#9507=CARTESIAN_POINT('',(-0.254853366,-0.04520252,0.159999997));
#9508=CARTESIAN_POINT('',(-0.254853366,-0.04520252,0.149999997));
#9509=CARTESIAN_POINT('',(-0.255817361,-0.04520252,0.159999997));
#9510=CARTESIAN_POINT('',(-0.255817361,-0.04520252,0.149999997));
#9511=CARTESIAN_POINT('',(-0.256781356,-0.044720532,0.159999997));
#9512=CARTESIAN_POINT('',(-0.256781356,-0.044720532,0.149999997));
#9513=CARTESIAN_POINT('',(-0.257745333,-0.044720532,0.159999997));
#9514=CARTESIAN_POINT('',(-0.257745333,-0.044720532,0.149999997));
#9515=ADVANCED_FACE('',(#9516),#9527,.F.);
#9516=FACE_BOUND('',#9517,.T.);
#9517=EDGE_LOOP('',(#9518,#9519,#9525,#9526));
#9518=ORIENTED_EDGE('',*,*,#1539,.F.);
#9519=ORIENTED_EDGE('',*,*,#9520,.T.);
#9520=EDGE_CURVE('',#1531,#8876,#9521,.F.);
#9521=LINE('',#9522,#9523);
#9522=CARTESIAN_POINT('',(-0.272687193,-0.059662392,0.159999997));
#9523=VECTOR('',#9524,1.0);
#9524=DIRECTION('',(0.0,0.0,-1.0));
#9525=ORIENTED_EDGE('',*,*,#8875,.F.);
#9526=ORIENTED_EDGE('',*,*,#9499,.F.);
#9527=B_SPLINE_SURFACE_WITH_KNOTS('',3,1,((#9528,#9529),(#9530,#9531),(#9532,#9533),(#9534,#9535)),.UNSPECIFIED.,.F.,.F.,.U.,(4,4),(2,2),(27.0,28.0),(0.0,1.0),.PIECEWISE_BEZIER_KNOTS.);
#9528=CARTESIAN_POINT('',(-0.257745333,-0.044720532,0.159999997));
#9529=CARTESIAN_POINT('',(-0.257745333,-0.044720532,0.149999997));
#9530=CARTESIAN_POINT('',(-0.265939264,-0.044720532,0.159999997));
#9531=CARTESIAN_POINT('',(-0.265939264,-0.044720532,0.149999997));
#9532=CARTESIAN_POINT('',(-0.272687193,-0.051468479,0.159999997));
#9533=CARTESIAN_POINT('',(-0.272687193,-0.051468479,0.149999997));
#9534=CARTESIAN_POINT('',(-0.272687193,-0.059662392,0.159999997));
#9535=CARTESIAN_POINT('',(-0.272687193,-0.059662392,0.149999997));
#9536=ADVANCED_FACE('',(#9537),#9548,.F.);
#9537=FACE_BOUND('',#9538,.T.);
#9538=EDGE_LOOP('',(#9539,#9540,#9546,#9547));
#9539=ORIENTED_EDGE('',*,*,#1530,.F.);
#9540=ORIENTED_EDGE('',*,*,#9541,.T.);
#9541=EDGE_CURVE('',#1523,#8885,#9542,.F.);
#9542=LINE('',#9543,#9544);
#9543=CARTESIAN_POINT('',(-0.25870931,-0.074604252,0.159999997));
#9544=VECTOR('',#9545,1.0);
#9545=DIRECTION('',(0.0,0.0,-1.0));
#9546=ORIENTED_EDGE('',*,*,#8884,.F.);
#9547=ORIENTED_EDGE('',*,*,#9520,.F.);
#9548=B_SPLINE_SURFACE_WITH_KNOTS('',3,1,((#9549,#9550),(#9551,#9552),(#9553,#9554),(#9555,#9556)),.UNSPECIFIED.,.F.,.F.,.U.,(4,4),(2,2),(28.0,29.0),(0.0,1.0),.PIECEWISE_BEZIER_KNOTS.);
#9549=CARTESIAN_POINT('',(-0.272687193,-0.059662392,0.159999997));
#9550=CARTESIAN_POINT('',(-0.272687193,-0.059662392,0.149999997));
#9551=CARTESIAN_POINT('',(-0.272687193,-0.067374316,0.159999997));
#9552=CARTESIAN_POINT('',(-0.272687193,-0.067374316,0.149999997));
#9553=CARTESIAN_POINT('',(-0.266421252,-0.074122263,0.159999997));
#9554=CARTESIAN_POINT('',(-0.266421252,-0.074122263,0.149999997));
#9555=CARTESIAN_POINT('',(-0.25870931,-0.074604252,0.159999997));
#9556=CARTESIAN_POINT('',(-0.25870931,-0.074604252,0.149999997));
#9557=ADVANCED_FACE('',(#9558),#9569,.F.);
#9558=FACE_BOUND('',#9559,.T.);
#9559=EDGE_LOOP('',(#9560,#9561,#9567,#9568));
#9560=ORIENTED_EDGE('',*,*,#1522,.F.);
#9561=ORIENTED_EDGE('',*,*,#9562,.T.);
#9562=EDGE_CURVE('',#1514,#8894,#9563,.F.);
#9563=LINE('',#9564,#9565);
#9564=CARTESIAN_POINT('',(-0.230271574,-0.074604252,0.159999997));
#9565=VECTOR('',#9566,1.0);
#9566=DIRECTION('',(0.0,0.0,-1.0));
#9567=ORIENTED_EDGE('',*,*,#8893,.F.);
#9568=ORIENTED_EDGE('',*,*,#9541,.F.);
#9569=PLANE('',#9570);
#9570=AXIS2_PLACEMENT_3D('',#9571,#9572,#9573);
#9571=CARTESIAN_POINT('',(-0.231717557,-0.074604252,0.159999997));
#9572=DIRECTION('',(0.0,1.0,0.0));
#9573=DIRECTION('',(0.0,0.0,1.0));
#9574=ADVANCED_FACE('',(#9575),#9586,.F.);
#9575=FACE_BOUND('',#9576,.T.);
#9576=EDGE_LOOP('',(#9577,#9578,#9584,#9585));
#9577=ORIENTED_EDGE('',*,*,#1513,.F.);
#9578=ORIENTED_EDGE('',*,*,#9579,.T.);
#9579=EDGE_CURVE('',#1505,#8902,#9580,.F.);
#9580=LINE('',#9581,#9582);
#9581=CARTESIAN_POINT('',(-0.186409971,-0.052914444,0.159999997));
#9582=VECTOR('',#9583,1.0);
#9583=DIRECTION('',(0.0,0.0,-1.0));
#9584=ORIENTED_EDGE('',*,*,#8901,.F.);
#9585=ORIENTED_EDGE('',*,*,#9562,.F.);
#9586=B_SPLINE_SURFACE_WITH_KNOTS('',3,1,((#9587,#9588),(#9589,#9590),(#9591,#9592),(#9593,#9594)),.UNSPECIFIED.,.F.,.F.,.U.,(4,4),(2,2),(33.0,34.0),(0.0,1.0),.PIECEWISE_BEZIER_KNOTS.);
#9587=CARTESIAN_POINT('',(-0.230271574,-0.074604252,0.159999997));
#9588=CARTESIAN_POINT('',(-0.230271574,-0.074604252,0.149999997));
#9589=CARTESIAN_POINT('',(-0.213401724,-0.073158268,0.159999997));
#9590=CARTESIAN_POINT('',(-0.213401724,-0.073158268,0.149999997));
#9591=CARTESIAN_POINT('',(-0.197977857,-0.065446326,0.159999997));
#9592=CARTESIAN_POINT('',(-0.197977857,-0.065446326,0.149999997));
#9593=CARTESIAN_POINT('',(-0.186409971,-0.052914444,0.159999997));
#9594=CARTESIAN_POINT('',(-0.186409971,-0.052914444,0.149999997));
#9595=ADVANCED_FACE('',(#9596),#9602,.F.);
#9596=FACE_BOUND('',#9597,.T.);
#9597=EDGE_LOOP('',(#9598,#9599,#9600,#9601));
#9598=ORIENTED_EDGE('',*,*,#1504,.F.);
#9599=ORIENTED_EDGE('',*,*,#8958,.F.);
#9600=ORIENTED_EDGE('',*,*,#8910,.F.);
#9601=ORIENTED_EDGE('',*,*,#9579,.F.);
#9602=B_SPLINE_SURFACE_WITH_KNOTS('',3,1,((#9603,#9604),(#9605,#9606),(#9607,#9608),(#9609,#9610)),.UNSPECIFIED.,.F.,.F.,.U.,(4,4),(2,2),(34.0,35.0),(0.0,1.0),.PIECEWISE_BEZIER_KNOTS.);
#9603=CARTESIAN_POINT('',(-0.186409971,-0.052914444,0.159999997));
#9604=CARTESIAN_POINT('',(-0.186409971,-0.052914444,0.149999997));
#9605=CARTESIAN_POINT('',(-0.174842067,-0.040382563,0.159999997));
#9606=CARTESIAN_POINT('',(-0.174842067,-0.040382563,0.149999997));
#9607=CARTESIAN_POINT('',(-0.168576126,-0.023994702,0.159999997));
#9608=CARTESIAN_POINT('',(-0.168576126,-0.023994702,0.149999997));
#9609=CARTESIAN_POINT('',(-0.168576126,-0.007124852,0.159999997));
#9610=CARTESIAN_POINT('',(-0.168576126,-0.007124852,0.149999997));
#9611=ADVANCED_FACE('',(#9612),#9641,.T.);
#9612=FACE_BOUND('',#9613,.T.);
#9613=EDGE_LOOP('',(#9614,#9628,#9634,#9635));
#9614=ORIENTED_EDGE('',*,*,#9615,.T.);
#9615=EDGE_CURVE('',#9616,#9618,#9620,.F.);
#9616=VERTEX_POINT('',#9617);
#9617=CARTESIAN_POINT('',(-0.371978312,-0.039900575,0.149999997));
#9618=VERTEX_POINT('',#9619);
#9619=CARTESIAN_POINT('',(-0.371978312,-0.077496255,0.149999997));
#9620=B_SPLINE_CURVE_WITH_KNOTS('',3,(#9621,#9622,#9623,#9624,#9625,#9626,#9627),.UNSPECIFIED.,.F.,.U.,(4,3,4),(0.0,1.0,2.0),.PIECEWISE_BEZIER_KNOTS.);
#9621=CARTESIAN_POINT('',(-0.371978312,-0.077496255,0.149999997));
#9622=CARTESIAN_POINT('',(-0.361374412,-0.077496255,0.149999997));
#9623=CARTESIAN_POINT('',(-0.353180481,-0.068820318,0.149999997));
#9624=CARTESIAN_POINT('',(-0.353180481,-0.058698415,0.149999997));
#9625=CARTESIAN_POINT('',(-0.353180481,-0.048094506,0.149999997));
#9626=CARTESIAN_POINT('',(-0.3618564,-0.039900575,0.149999997));
#9627=CARTESIAN_POINT('',(-0.371978312,-0.039900575,0.149999997));
#9628=ORIENTED_EDGE('',*,*,#9629,.T.);
#9629=EDGE_CURVE('',#9618,#8922,#9630,.F.);
#9630=LINE('',#9631,#9632);
#9631=CARTESIAN_POINT('',(-0.371978312,-0.077496255,0.159999997));
#9632=VECTOR('',#9633,1.0);
#9633=DIRECTION('',(0.0,0.0,-1.0));
#9634=ORIENTED_EDGE('',*,*,#8919,.F.);
#9635=ORIENTED_EDGE('',*,*,#9636,.T.);
#9636=EDGE_CURVE('',#8920,#9616,#9637,.T.);
#9637=LINE('',#9638,#9639);
#9638=CARTESIAN_POINT('',(-0.371978312,-0.039900575,0.159999997));
#9639=VECTOR('',#9640,1.0);
#9640=DIRECTION('',(0.0,0.0,-1.0));
#9641=B_SPLINE_SURFACE_WITH_KNOTS('',3,1,((#9642,#9643),(#9644,#9645),(#9646,#9647),(#9648,#9649),(#9650,#9651),(#9652,#9653),(#9654,#9655)),.UNSPECIFIED.,.F.,.F.,.U.,(4,3,4),(2,2),(0.0,1.0,2.0),(0.0,1.0),.PIECEWISE_BEZIER_KNOTS.);
#9642=CARTESIAN_POINT('',(-0.371978312,-0.077496255,0.159999997));
#9643=CARTESIAN_POINT('',(-0.371978312,-0.077496255,0.149999997));
#9644=CARTESIAN_POINT('',(-0.361374412,-0.077496255,0.159999997));
#9645=CARTESIAN_POINT('',(-0.361374412,-0.077496255,0.149999997));
#9646=CARTESIAN_POINT('',(-0.353180481,-0.068820318,0.159999997));
#9647=CARTESIAN_POINT('',(-0.353180481,-0.068820318,0.149999997));
#9648=CARTESIAN_POINT('',(-0.353180481,-0.058698415,0.159999997));
#9649=CARTESIAN_POINT('',(-0.353180481,-0.058698415,0.149999997));
#9650=CARTESIAN_POINT('',(-0.353180481,-0.048094506,0.159999997));
#9651=CARTESIAN_POINT('',(-0.353180481,-0.048094506,0.149999997));
#9652=CARTESIAN_POINT('',(-0.3618564,-0.039900575,0.159999997));
#9653=CARTESIAN_POINT('',(-0.3618564,-0.039900575,0.149999997));
#9654=CARTESIAN_POINT('',(-0.371978312,-0.039900575,0.159999997));
#9655=CARTESIAN_POINT('',(-0.371978312,-0.039900575,0.149999997));
#9656=ADVANCED_FACE('',(#9657),#9671,.T.);
#9657=FACE_BOUND('',#9658,.T.);
#9658=EDGE_LOOP('',(#9659,#9668,#9669,#9670));
#9659=ORIENTED_EDGE('',*,*,#9660,.T.);
#9660=EDGE_CURVE('',#9618,#9616,#9661,.F.);
#9661=B_SPLINE_CURVE_WITH_KNOTS('',3,(#9662,#9663,#9664,#9665,#9666,#9667),.UNSPECIFIED.,.F.,.U.,(4,2,4),(2.0,3.0,4.0),.UNSPECIFIED.);
#9662=CARTESIAN_POINT('',(-0.371978312,-0.039900575,0.149999997));
#9663=CARTESIAN_POINT('',(-0.382100223,-0.039900575,0.149999997));
#9664=CARTESIAN_POINT('',(-0.390776143,-0.048094506,0.149999997));
#9665=CARTESIAN_POINT('',(-0.390776143,-0.069302324,0.149999997));
#9666=CARTESIAN_POINT('',(-0.382100223,-0.077496255,0.149999997));
#9667=CARTESIAN_POINT('',(-0.371978312,-0.077496255,0.149999997));
#9668=ORIENTED_EDGE('',*,*,#9636,.F.);
#9669=ORIENTED_EDGE('',*,*,#8933,.F.);
#9670=ORIENTED_EDGE('',*,*,#9629,.F.);
#9671=B_SPLINE_SURFACE_WITH_KNOTS('',3,1,((#9672,#9673),(#9674,#9675),(#9676,#9677),(#9678,#9679),(#9680,#9681),(#9682,#9683)),.UNSPECIFIED.,.F.,.F.,.U.,(4,2,4),(2,2),(2.0,3.0,4.0),(0.0,1.0),.UNSPECIFIED.);
#9672=CARTESIAN_POINT('',(-0.371978312,-0.039900575,0.159999997));
#9673=CARTESIAN_POINT('',(-0.371978312,-0.039900575,0.149999997));
#9674=CARTESIAN_POINT('',(-0.382100223,-0.039900575,0.159999997));
#9675=CARTESIAN_POINT('',(-0.382100223,-0.039900575,0.149999997));
#9676=CARTESIAN_POINT('',(-0.390776143,-0.048094506,0.159999997));
#9677=CARTESIAN_POINT('',(-0.390776143,-0.048094506,0.149999997));
#9678=CARTESIAN_POINT('',(-0.390776143,-0.069302324,0.159999997));
#9679=CARTESIAN_POINT('',(-0.390776143,-0.069302324,0.149999997));
#9680=CARTESIAN_POINT('',(-0.382100223,-0.077496255,0.159999997));
#9681=CARTESIAN_POINT('',(-0.382100223,-0.077496255,0.149999997));
#9682=CARTESIAN_POINT('',(-0.371978312,-0.077496255,0.159999997));
#9683=CARTESIAN_POINT('',(-0.371978312,-0.077496255,0.149999997));
#9684=ADVANCED_FACE('',(#9685),#9689,.F.);
#9685=FACE_BOUND('',#9686,.T.);
#9686=EDGE_LOOP('',(#9687,#9688));
#9687=ORIENTED_EDGE('',*,*,#9660,.F.);
#9688=ORIENTED_EDGE('',*,*,#9615,.F.);
#9689=PLANE('',#9690);
#9690=AXIS2_PLACEMENT_3D('',#9691,#9692,#9693);
#9691=CARTESIAN_POINT('',(0.0,0.0,0.149999997));
#9692=DIRECTION('',(0.0,0.0,-1.0));
#9693=DIRECTION('',(-1.0,0.0,0.0));
#9694=(GEOMETRIC_REPRESENTATION_CONTEXT(3)GLOBAL_UNCERTAINTY_ASSIGNED_CONTEXT((#9695))GLOBAL_UNIT_ASSIGNED_CONTEXT((#18,#19,#20))REPRESENTATION_CONTEXT('',''));
#9695=UNCERTAINTY_MEASURE_WITH_UNIT(LENGTH_MEASURE(1.0E-07),#18,'','maximum tolerance');
#9696=ADVANCED_BREP_SHAPE_REPRESENTATION('',(#50,#9),#9694);
#9697=(REPRESENTATION_RELATIONSHIP('',$,#9696,#38)REPRESENTATION_RELATIONSHIP_WITH_TRANSFORMATION(#9698)SHAPE_REPRESENTATION_RELATIONSHIP());
#9698=ITEM_DEFINED_TRANSFORMATION('',$,#9,#9);
#9699=PRODUCT('SOLID','SOLID',$,(#3));
#9700=PRODUCT_DEFINITION_FORMATION('',$,#9699);
#9701=PRODUCT_DEFINITION('design',$,#9700,#6);
#9702=NEXT_ASSEMBLY_USAGE_OCCURRENCE('instance_3','','',#43,#9701,$);
#9703=PRODUCT_DEFINITION_SHAPE('',$,#9702);
#9704=CONTEXT_DEPENDENT_SHAPE_REPRESENTATION(#9697,#9703);
#9705=PRODUCT_DEFINITION_SHAPE('',$,#9701);
#9706=SHAPE_DEFINITION_REPRESENTATION(#9705,#9696);
#9707=PRODUCT_RELATED_PRODUCT_CATEGORY('part',$,(#9699));
#9708=STYLED_ITEM('',(#9709),#50);
#9709=PRESENTATION_STYLE_ASSIGNMENT((#9710));
#9710=SURFACE_STYLE_USAGE(.BOTH.,#9711);
#9711=SURFACE_SIDE_STYLE('',(#9712));
#9712=SURFACE_STYLE_FILL_AREA(#9713);
#9713=FILL_AREA_STYLE('',(#9715));
#9714=DRAUGHTING_PRE_DEFINED_COLOUR('white');
#9715=FILL_AREA_STYLE_COLOUR('',#9714);
#9716=OVER_RIDING_STYLED_ITEM('',(#9717),#52,#9708);
#9717=PRESENTATION_STYLE_ASSIGNMENT((#9718));
#9718=SURFACE_STYLE_USAGE(.BOTH.,#9719);
#9719=SURFACE_SIDE_STYLE('',(#9720));
#9720=SURFACE_STYLE_FILL_AREA(#9721);
#9721=FILL_AREA_STYLE('',(#9723));
#9722=COLOUR_RGB('',0.752941191,0.752941191,0.752941191);
#9723=FILL_AREA_STYLE_COLOUR('',#9722);
#9724=OVER_RIDING_STYLED_ITEM('',(#9725),#94,#9708);
#9725=PRESENTATION_STYLE_ASSIGNMENT((#9726));
#9726=SURFACE_STYLE_USAGE(.BOTH.,#9727);
#9727=SURFACE_SIDE_STYLE('',(#9728));
#9728=SURFACE_STYLE_FILL_AREA(#9729);
#9729=FILL_AREA_STYLE('',(#9731));
#9730=COLOUR_RGB('',0.752941191,0.752941191,0.752941191);
#9731=FILL_AREA_STYLE_COLOUR('',#9730);
#9732=OVER_RIDING_STYLED_ITEM('',(#9733),#1789,#9708);
#9733=PRESENTATION_STYLE_ASSIGNMENT((#9734));
#9734=SURFACE_STYLE_USAGE(.BOTH.,#9735);
#9735=SURFACE_SIDE_STYLE('',(#9736));
#9736=SURFACE_STYLE_FILL_AREA(#9737);
#9737=FILL_AREA_STYLE('',(#9739));
#9738=COLOUR_RGB('',0.752941191,0.752941191,0.752941191);
#9739=FILL_AREA_STYLE_COLOUR('',#9738);
#9740=OVER_RIDING_STYLED_ITEM('',(#9741),#1820,#9708);
#9741=PRESENTATION_STYLE_ASSIGNMENT((#9742));
#9742=SURFACE_STYLE_USAGE(.BOTH.,#9743);
#9743=SURFACE_SIDE_STYLE('',(#9744));
#9744=SURFACE_STYLE_FILL_AREA(#9745);
#9745=FILL_AREA_STYLE('',(#9747));
#9746=COLOUR_RGB('',0.752941191,0.752941191,0.752941191);
#9747=FILL_AREA_STYLE_COLOUR('',#9746);
#9748=OVER_RIDING_STYLED_ITEM('',(#9749),#1844,#9708);
#9749=PRESENTATION_STYLE_ASSIGNMENT((#9750));
#9750=SURFACE_STYLE_USAGE(.BOTH.,#9751);
#9751=SURFACE_SIDE_STYLE('',(#9752));
#9752=SURFACE_STYLE_FILL_AREA(#9753);
#9753=FILL_AREA_STYLE('',(#9755));
#9754=COLOUR_RGB('',0.752941191,0.752941191,0.752941191);
#9755=FILL_AREA_STYLE_COLOUR('',#9754);
#9756=OVER_RIDING_STYLED_ITEM('',(#9757),#1875,#9708);
#9757=PRESENTATION_STYLE_ASSIGNMENT((#9758));
#9758=SURFACE_STYLE_USAGE(.BOTH.,#9759);
#9759=SURFACE_SIDE_STYLE('',(#9760));
#9760=SURFACE_STYLE_FILL_AREA(#9761);
#9761=FILL_AREA_STYLE('',(#9763));
#9762=COLOUR_RGB('',0.752941191,0.752941191,0.752941191);
#9763=FILL_AREA_STYLE_COLOUR('',#9762);
#9764=OVER_RIDING_STYLED_ITEM('',(#9765),#1952,#9708);
#9765=PRESENTATION_STYLE_ASSIGNMENT((#9766));
#9766=SURFACE_STYLE_USAGE(.BOTH.,#9767);
#9767=SURFACE_SIDE_STYLE('',(#9768));
#9768=SURFACE_STYLE_FILL_AREA(#9769);
#9769=FILL_AREA_STYLE('',(#9771));
#9770=COLOUR_RGB('',0.752941191,0.752941191,0.752941191);
#9771=FILL_AREA_STYLE_COLOUR('',#9770);
#9772=OVER_RIDING_STYLED_ITEM('',(#9773),#1983,#9708);
#9773=PRESENTATION_STYLE_ASSIGNMENT((#9774));
#9774=SURFACE_STYLE_USAGE(.BOTH.,#9775);
#9775=SURFACE_SIDE_STYLE('',(#9776));
#9776=SURFACE_STYLE_FILL_AREA(#9777);
#9777=FILL_AREA_STYLE('',(#9779));
#9778=COLOUR_RGB('',0.752941191,0.752941191,0.752941191);
#9779=FILL_AREA_STYLE_COLOUR('',#9778);
#9780=OVER_RIDING_STYLED_ITEM('',(#9781),#2060,#9708);
#9781=PRESENTATION_STYLE_ASSIGNMENT((#9782));
#9782=SURFACE_STYLE_USAGE(.BOTH.,#9783);
#9783=SURFACE_SIDE_STYLE('',(#9784));
#9784=SURFACE_STYLE_FILL_AREA(#9785);
#9785=FILL_AREA_STYLE('',(#9787));
#9786=COLOUR_RGB('',0.752941191,0.752941191,0.752941191);
#9787=FILL_AREA_STYLE_COLOUR('',#9786);
#9788=OVER_RIDING_STYLED_ITEM('',(#9789),#2117,#9708);
#9789=PRESENTATION_STYLE_ASSIGNMENT((#9790));
#9790=SURFACE_STYLE_USAGE(.BOTH.,#9791);
#9791=SURFACE_SIDE_STYLE('',(#9792));
#9792=SURFACE_STYLE_FILL_AREA(#9793);
#9793=FILL_AREA_STYLE('',(#9795));
#9794=COLOUR_RGB('',0.752941191,0.752941191,0.752941191);
#9795=FILL_AREA_STYLE_COLOUR('',#9794);
#9796=OVER_RIDING_STYLED_ITEM('',(#9797),#2129,#9708);
#9797=PRESENTATION_STYLE_ASSIGNMENT((#9798));
#9798=SURFACE_STYLE_USAGE(.BOTH.,#9799);
#9799=SURFACE_SIDE_STYLE('',(#9800));
#9800=SURFACE_STYLE_FILL_AREA(#9801);
#9801=FILL_AREA_STYLE('',(#9803));
#9802=COLOUR_RGB('',0.752941191,0.752941191,0.752941191);
#9803=FILL_AREA_STYLE_COLOUR('',#9802);
#9804=OVER_RIDING_STYLED_ITEM('',(#9805),#2141,#9708);
#9805=PRESENTATION_STYLE_ASSIGNMENT((#9806));
#9806=SURFACE_STYLE_USAGE(.BOTH.,#9807);
#9807=SURFACE_SIDE_STYLE('',(#9808));
#9808=SURFACE_STYLE_FILL_AREA(#9809);
#9809=FILL_AREA_STYLE('',(#9811));
#9810=COLOUR_RGB('',0.752941191,0.752941191,0.752941191);
#9811=FILL_AREA_STYLE_COLOUR('',#9810);
#9812=OVER_RIDING_STYLED_ITEM('',(#9813),#2153,#9708);
#9813=PRESENTATION_STYLE_ASSIGNMENT((#9814));
#9814=SURFACE_STYLE_USAGE(.BOTH.,#9815);
#9815=SURFACE_SIDE_STYLE('',(#9816));
#9816=SURFACE_STYLE_FILL_AREA(#9817);
#9817=FILL_AREA_STYLE('',(#9819));
#9818=COLOUR_RGB('',0.752941191,0.752941191,0.752941191);
#9819=FILL_AREA_STYLE_COLOUR('',#9818);
#9820=OVER_RIDING_STYLED_ITEM('',(#9821),#2165,#9708);
#9821=PRESENTATION_STYLE_ASSIGNMENT((#9822));
#9822=SURFACE_STYLE_USAGE(.BOTH.,#9823);
#9823=SURFACE_SIDE_STYLE('',(#9824));
#9824=SURFACE_STYLE_FILL_AREA(#9825);
#9825=FILL_AREA_STYLE('',(#9827));
#9826=COLOUR_RGB('',0.752941191,0.752941191,0.752941191);
#9827=FILL_AREA_STYLE_COLOUR('',#9826);
#9828=OVER_RIDING_STYLED_ITEM('',(#9829),#2177,#9708);
#9829=PRESENTATION_STYLE_ASSIGNMENT((#9830));
#9830=SURFACE_STYLE_USAGE(.BOTH.,#9831);
#9831=SURFACE_SIDE_STYLE('',(#9832));
#9832=SURFACE_STYLE_FILL_AREA(#9833);
#9833=FILL_AREA_STYLE('',(#9835));
#9834=COLOUR_RGB('',0.752941191,0.752941191,0.752941191);
#9835=FILL_AREA_STYLE_COLOUR('',#9834);
#9836=OVER_RIDING_STYLED_ITEM('',(#9837),#2189,#9708);
#9837=PRESENTATION_STYLE_ASSIGNMENT((#9838));
#9838=SURFACE_STYLE_USAGE(.BOTH.,#9839);
#9839=SURFACE_SIDE_STYLE('',(#9840));
#9840=SURFACE_STYLE_FILL_AREA(#9841);
#9841=FILL_AREA_STYLE('',(#9843));
#9842=COLOUR_RGB('',0.752941191,0.752941191,0.752941191);
#9843=FILL_AREA_STYLE_COLOUR('',#9842);
#9844=OVER_RIDING_STYLED_ITEM('',(#9845),#2229,#9708);
#9845=PRESENTATION_STYLE_ASSIGNMENT((#9846));
#9846=SURFACE_STYLE_USAGE(.BOTH.,#9847);
#9847=SURFACE_SIDE_STYLE('',(#9848));
#9848=SURFACE_STYLE_FILL_AREA(#9849);
#9849=FILL_AREA_STYLE('',(#9851));
#9850=COLOUR_RGB('',0.752941191,0.752941191,0.752941191);
#9851=FILL_AREA_STYLE_COLOUR('',#9850);
#9852=OVER_RIDING_STYLED_ITEM('',(#9853),#2262,#9708);
#9853=PRESENTATION_STYLE_ASSIGNMENT((#9854));
#9854=SURFACE_STYLE_USAGE(.BOTH.,#9855);
#9855=SURFACE_SIDE_STYLE('',(#9856));
#9856=SURFACE_STYLE_FILL_AREA(#9857);
#9857=FILL_AREA_STYLE('',(#9859));
#9858=COLOUR_RGB('',0.752941191,0.752941191,0.752941191);
#9859=FILL_AREA_STYLE_COLOUR('',#9858);
#9860=OVER_RIDING_STYLED_ITEM('',(#9861),#2293,#9708);
#9861=PRESENTATION_STYLE_ASSIGNMENT((#9862));
#9862=SURFACE_STYLE_USAGE(.BOTH.,#9863);
#9863=SURFACE_SIDE_STYLE('',(#9864));
#9864=SURFACE_STYLE_FILL_AREA(#9865);
#9865=FILL_AREA_STYLE('',(#9867));
#9866=COLOUR_RGB('',0.752941191,0.752941191,0.752941191);
#9867=FILL_AREA_STYLE_COLOUR('',#9866);
#9868=OVER_RIDING_STYLED_ITEM('',(#9869),#2326,#9708);
#9869=PRESENTATION_STYLE_ASSIGNMENT((#9870));
#9870=SURFACE_STYLE_USAGE(.BOTH.,#9871);
#9871=SURFACE_SIDE_STYLE('',(#9872));
#9872=SURFACE_STYLE_FILL_AREA(#9873);
#9873=FILL_AREA_STYLE('',(#9875));
#9874=COLOUR_RGB('',0.752941191,0.752941191,0.752941191);
#9875=FILL_AREA_STYLE_COLOUR('',#9874);
#9876=OVER_RIDING_STYLED_ITEM('',(#9877),#2348,#9708);
#9877=PRESENTATION_STYLE_ASSIGNMENT((#9878));
#9878=SURFACE_STYLE_USAGE(.BOTH.,#9879);
#9879=SURFACE_SIDE_STYLE('',(#9880));
#9880=SURFACE_STYLE_FILL_AREA(#9881);
#9881=FILL_AREA_STYLE('',(#9883));
#9882=COLOUR_RGB('',0.752941191,0.752941191,0.752941191);
#9883=FILL_AREA_STYLE_COLOUR('',#9882);
#9884=OVER_RIDING_STYLED_ITEM('',(#9885),#2381,#9708);
#9885=PRESENTATION_STYLE_ASSIGNMENT((#9886));
#9886=SURFACE_STYLE_USAGE(.BOTH.,#9887);
#9887=SURFACE_SIDE_STYLE('',(#9888));
#9888=SURFACE_STYLE_FILL_AREA(#9889);
#9889=FILL_AREA_STYLE('',(#9891));
#9890=COLOUR_RGB('',0.752941191,0.752941191,0.752941191);
#9891=FILL_AREA_STYLE_COLOUR('',#9890);
#9892=OVER_RIDING_STYLED_ITEM('',(#9893),#2412,#9708);
#9893=PRESENTATION_STYLE_ASSIGNMENT((#9894));
#9894=SURFACE_STYLE_USAGE(.BOTH.,#9895);
#9895=SURFACE_SIDE_STYLE('',(#9896));
#9896=SURFACE_STYLE_FILL_AREA(#9897);
#9897=FILL_AREA_STYLE('',(#9899));
#9898=COLOUR_RGB('',0.752941191,0.752941191,0.752941191);
#9899=FILL_AREA_STYLE_COLOUR('',#9898);
#9900=OVER_RIDING_STYLED_ITEM('',(#9901),#2445,#9708);
#9901=PRESENTATION_STYLE_ASSIGNMENT((#9902));
#9902=SURFACE_STYLE_USAGE(.BOTH.,#9903);
#9903=SURFACE_SIDE_STYLE('',(#9904));
#9904=SURFACE_STYLE_FILL_AREA(#9905);
#9905=FILL_AREA_STYLE('',(#9907));
#9906=COLOUR_RGB('',0.752941191,0.752941191,0.752941191);
#9907=FILL_AREA_STYLE_COLOUR('',#9906);
#9908=OVER_RIDING_STYLED_ITEM('',(#9909),#2476,#9708);
#9909=PRESENTATION_STYLE_ASSIGNMENT((#9910));
#9910=SURFACE_STYLE_USAGE(.BOTH.,#9911);
#9911=SURFACE_SIDE_STYLE('',(#9912));
#9912=SURFACE_STYLE_FILL_AREA(#9913);
#9913=FILL_AREA_STYLE('',(#9915));
#9914=COLOUR_RGB('',0.752941191,0.752941191,0.752941191);
#9915=FILL_AREA_STYLE_COLOUR('',#9914);
#9916=OVER_RIDING_STYLED_ITEM('',(#9917),#2498,#9708);
#9917=PRESENTATION_STYLE_ASSIGNMENT((#9918));
#9918=SURFACE_STYLE_USAGE(.BOTH.,#9919);
#9919=SURFACE_SIDE_STYLE('',(#9920));
#9920=SURFACE_STYLE_FILL_AREA(#9921);
#9921=FILL_AREA_STYLE('',(#9923));
#9922=COLOUR_RGB('',0.752941191,0.752941191,0.752941191);
#9923=FILL_AREA_STYLE_COLOUR('',#9922);
#9924=OVER_RIDING_STYLED_ITEM('',(#9925),#2518,#9708);
#9925=PRESENTATION_STYLE_ASSIGNMENT((#9926));
#9926=SURFACE_STYLE_USAGE(.BOTH.,#9927);
#9927=SURFACE_SIDE_STYLE('',(#9928));
#9928=SURFACE_STYLE_FILL_AREA(#9929);
#9929=FILL_AREA_STYLE('',(#9931));
#9930=COLOUR_RGB('',0.752941191,0.752941191,0.752941191);
#9931=FILL_AREA_STYLE_COLOUR('',#9930);
#9932=OVER_RIDING_STYLED_ITEM('',(#9933),#2538,#9708);
#9933=PRESENTATION_STYLE_ASSIGNMENT((#9934));
#9934=SURFACE_STYLE_USAGE(.BOTH.,#9935);
#9935=SURFACE_SIDE_STYLE('',(#9936));
#9936=SURFACE_STYLE_FILL_AREA(#9937);
#9937=FILL_AREA_STYLE('',(#9939));
#9938=COLOUR_RGB('',0.752941191,0.752941191,0.752941191);
#9939=FILL_AREA_STYLE_COLOUR('',#9938);
#9940=OVER_RIDING_STYLED_ITEM('',(#9941),#2578,#9708);
#9941=PRESENTATION_STYLE_ASSIGNMENT((#9942));
#9942=SURFACE_STYLE_USAGE(.BOTH.,#9943);
#9943=SURFACE_SIDE_STYLE('',(#9944));
#9944=SURFACE_STYLE_FILL_AREA(#9945);
#9945=FILL_AREA_STYLE('',(#9947));
#9946=COLOUR_RGB('',0.752941191,0.752941191,0.752941191);
#9947=FILL_AREA_STYLE_COLOUR('',#9946);
#9948=OVER_RIDING_STYLED_ITEM('',(#9949),#2611,#9708);
#9949=PRESENTATION_STYLE_ASSIGNMENT((#9950));
#9950=SURFACE_STYLE_USAGE(.BOTH.,#9951);
#9951=SURFACE_SIDE_STYLE('',(#9952));
#9952=SURFACE_STYLE_FILL_AREA(#9953);
#9953=FILL_AREA_STYLE('',(#9955));
#9954=COLOUR_RGB('',0.752941191,0.752941191,0.752941191);
#9955=FILL_AREA_STYLE_COLOUR('',#9954);
#9956=OVER_RIDING_STYLED_ITEM('',(#9957),#2642,#9708);
#9957=PRESENTATION_STYLE_ASSIGNMENT((#9958));
#9958=SURFACE_STYLE_USAGE(.BOTH.,#9959);
#9959=SURFACE_SIDE_STYLE('',(#9960));
#9960=SURFACE_STYLE_FILL_AREA(#9961);
#9961=FILL_AREA_STYLE('',(#9963));
#9962=COLOUR_RGB('',0.752941191,0.752941191,0.752941191);
#9963=FILL_AREA_STYLE_COLOUR('',#9962);
#9964=OVER_RIDING_STYLED_ITEM('',(#9965),#2666,#9708);
#9965=PRESENTATION_STYLE_ASSIGNMENT((#9966));
#9966=SURFACE_STYLE_USAGE(.BOTH.,#9967);
#9967=SURFACE_SIDE_STYLE('',(#9968));
#9968=SURFACE_STYLE_FILL_AREA(#9969);
#9969=FILL_AREA_STYLE('',(#9971));
#9970=COLOUR_RGB('',0.752941191,0.752941191,0.752941191);
#9971=FILL_AREA_STYLE_COLOUR('',#9970);
#9972=OVER_RIDING_STYLED_ITEM('',(#9973),#2697,#9708);
#9973=PRESENTATION_STYLE_ASSIGNMENT((#9974));
#9974=SURFACE_STYLE_USAGE(.BOTH.,#9975);
#9975=SURFACE_SIDE_STYLE('',(#9976));
#9976=SURFACE_STYLE_FILL_AREA(#9977);
#9977=FILL_AREA_STYLE('',(#9979));
#9978=COLOUR_RGB('',0.752941191,0.752941191,0.752941191);
#9979=FILL_AREA_STYLE_COLOUR('',#9978);
#9980=OVER_RIDING_STYLED_ITEM('',(#9981),#2730,#9708);
#9981=PRESENTATION_STYLE_ASSIGNMENT((#9982));
#9982=SURFACE_STYLE_USAGE(.BOTH.,#9983);
#9983=SURFACE_SIDE_STYLE('',(#9984));
#9984=SURFACE_STYLE_FILL_AREA(#9985);
#9985=FILL_AREA_STYLE('',(#9987));
#9986=COLOUR_RGB('',0.752941191,0.752941191,0.752941191);
#9987=FILL_AREA_STYLE_COLOUR('',#9986);
#9988=OVER_RIDING_STYLED_ITEM('',(#9989),#2761,#9708);
#9989=PRESENTATION_STYLE_ASSIGNMENT((#9990));
#9990=SURFACE_STYLE_USAGE(.BOTH.,#9991);
#9991=SURFACE_SIDE_STYLE('',(#9992));
#9992=SURFACE_STYLE_FILL_AREA(#9993);
#9993=FILL_AREA_STYLE('',(#9995));
#9994=COLOUR_RGB('',0.752941191,0.752941191,0.752941191);
#9995=FILL_AREA_STYLE_COLOUR('',#9994);
#9996=OVER_RIDING_STYLED_ITEM('',(#9997),#2794,#9708);
#9997=PRESENTATION_STYLE_ASSIGNMENT((#9998));
#9998=SURFACE_STYLE_USAGE(.BOTH.,#9999);
#9999=SURFACE_SIDE_STYLE('',(#10000));
#10000=SURFACE_STYLE_FILL_AREA(#10001);
#10001=FILL_AREA_STYLE('',(#10003));
#10002=COLOUR_RGB('',0.752941191,0.752941191,0.752941191);
#10003=FILL_AREA_STYLE_COLOUR('',#10002);
#10004=OVER_RIDING_STYLED_ITEM('',(#10005),#2825,#9708);
#10005=PRESENTATION_STYLE_ASSIGNMENT((#10006));
#10006=SURFACE_STYLE_USAGE(.BOTH.,#10007);
#10007=SURFACE_SIDE_STYLE('',(#10008));
#10008=SURFACE_STYLE_FILL_AREA(#10009);
#10009=FILL_AREA_STYLE('',(#10011));
#10010=COLOUR_RGB('',0.752941191,0.752941191,0.752941191);
#10011=FILL_AREA_STYLE_COLOUR('',#10010);
#10012=OVER_RIDING_STYLED_ITEM('',(#10013),#2847,#9708);
#10013=PRESENTATION_STYLE_ASSIGNMENT((#10014));
#10014=SURFACE_STYLE_USAGE(.BOTH.,#10015);
#10015=SURFACE_SIDE_STYLE('',(#10016));
#10016=SURFACE_STYLE_FILL_AREA(#10017);
#10017=FILL_AREA_STYLE('',(#10019));
#10018=COLOUR_RGB('',0.752941191,0.752941191,0.752941191);
#10019=FILL_AREA_STYLE_COLOUR('',#10018);
#10020=OVER_RIDING_STYLED_ITEM('',(#10021),#2867,#9708);
#10021=PRESENTATION_STYLE_ASSIGNMENT((#10022));
#10022=SURFACE_STYLE_USAGE(.BOTH.,#10023);
#10023=SURFACE_SIDE_STYLE('',(#10024));
#10024=SURFACE_STYLE_FILL_AREA(#10025);
#10025=FILL_AREA_STYLE('',(#10027));
#10026=COLOUR_RGB('',0.752941191,0.752941191,0.752941191);
#10027=FILL_AREA_STYLE_COLOUR('',#10026);
#10028=OVER_RIDING_STYLED_ITEM('',(#10029),#2887,#9708);
#10029=PRESENTATION_STYLE_ASSIGNMENT((#10030));
#10030=SURFACE_STYLE_USAGE(.BOTH.,#10031);
#10031=SURFACE_SIDE_STYLE('',(#10032));
#10032=SURFACE_STYLE_FILL_AREA(#10033);
#10033=FILL_AREA_STYLE('',(#10035));
#10034=COLOUR_RGB('',0.752941191,0.752941191,0.752941191);
#10035=FILL_AREA_STYLE_COLOUR('',#10034);
#10036=OVER_RIDING_STYLED_ITEM('',(#10037),#2927,#9708);
#10037=PRESENTATION_STYLE_ASSIGNMENT((#10038));
#10038=SURFACE_STYLE_USAGE(.BOTH.,#10039);
#10039=SURFACE_SIDE_STYLE('',(#10040));
#10040=SURFACE_STYLE_FILL_AREA(#10041);
#10041=FILL_AREA_STYLE('',(#10043));
#10042=COLOUR_RGB('',0.752941191,0.752941191,0.752941191);
#10043=FILL_AREA_STYLE_COLOUR('',#10042);
#10044=OVER_RIDING_STYLED_ITEM('',(#10045),#2960,#9708);
#10045=PRESENTATION_STYLE_ASSIGNMENT((#10046));
#10046=SURFACE_STYLE_USAGE(.BOTH.,#10047);
#10047=SURFACE_SIDE_STYLE('',(#10048));
#10048=SURFACE_STYLE_FILL_AREA(#10049);
#10049=FILL_AREA_STYLE('',(#10051));
#10050=COLOUR_RGB('',0.752941191,0.752941191,0.752941191);
#10051=FILL_AREA_STYLE_COLOUR('',#10050);
#10052=OVER_RIDING_STYLED_ITEM('',(#10053),#2991,#9708);
#10053=PRESENTATION_STYLE_ASSIGNMENT((#10054));
#10054=SURFACE_STYLE_USAGE(.BOTH.,#10055);
#10055=SURFACE_SIDE_STYLE('',(#10056));
#10056=SURFACE_STYLE_FILL_AREA(#10057);
#10057=FILL_AREA_STYLE('',(#10059));
#10058=COLOUR_RGB('',0.752941191,0.752941191,0.752941191);
#10059=FILL_AREA_STYLE_COLOUR('',#10058);
#10060=OVER_RIDING_STYLED_ITEM('',(#10061),#3024,#9708);
#10061=PRESENTATION_STYLE_ASSIGNMENT((#10062));
#10062=SURFACE_STYLE_USAGE(.BOTH.,#10063);
#10063=SURFACE_SIDE_STYLE('',(#10064));
#10064=SURFACE_STYLE_FILL_AREA(#10065);
#10065=FILL_AREA_STYLE('',(#10067));
#10066=COLOUR_RGB('',0.752941191,0.752941191,0.752941191);
#10067=FILL_AREA_STYLE_COLOUR('',#10066);
#10068=OVER_RIDING_STYLED_ITEM('',(#10069),#3046,#9708);
#10069=PRESENTATION_STYLE_ASSIGNMENT((#10070));
#10070=SURFACE_STYLE_USAGE(.BOTH.,#10071);
#10071=SURFACE_SIDE_STYLE('',(#10072));
#10072=SURFACE_STYLE_FILL_AREA(#10073);
#10073=FILL_AREA_STYLE('',(#10075));
#10074=COLOUR_RGB('',0.752941191,0.752941191,0.752941191);
#10075=FILL_AREA_STYLE_COLOUR('',#10074);
#10076=OVER_RIDING_STYLED_ITEM('',(#10077),#3079,#9708);
#10077=PRESENTATION_STYLE_ASSIGNMENT((#10078));
#10078=SURFACE_STYLE_USAGE(.BOTH.,#10079);
#10079=SURFACE_SIDE_STYLE('',(#10080));
#10080=SURFACE_STYLE_FILL_AREA(#10081);
#10081=FILL_AREA_STYLE('',(#10083));
#10082=COLOUR_RGB('',0.752941191,0.752941191,0.752941191);
#10083=FILL_AREA_STYLE_COLOUR('',#10082);
#10084=OVER_RIDING_STYLED_ITEM('',(#10085),#3110,#9708);
#10085=PRESENTATION_STYLE_ASSIGNMENT((#10086));
#10086=SURFACE_STYLE_USAGE(.BOTH.,#10087);
#10087=SURFACE_SIDE_STYLE('',(#10088));
#10088=SURFACE_STYLE_FILL_AREA(#10089);
#10089=FILL_AREA_STYLE('',(#10091));
#10090=COLOUR_RGB('',0.752941191,0.752941191,0.752941191);
#10091=FILL_AREA_STYLE_COLOUR('',#10090);
#10092=OVER_RIDING_STYLED_ITEM('',(#10093),#3143,#9708);
#10093=PRESENTATION_STYLE_ASSIGNMENT((#10094));
#10094=SURFACE_STYLE_USAGE(.BOTH.,#10095);
#10095=SURFACE_SIDE_STYLE('',(#10096));
#10096=SURFACE_STYLE_FILL_AREA(#10097);
#10097=FILL_AREA_STYLE('',(#10099));
#10098=COLOUR_RGB('',0.752941191,0.752941191,0.752941191);
#10099=FILL_AREA_STYLE_COLOUR('',#10098);
#10100=OVER_RIDING_STYLED_ITEM('',(#10101),#3174,#9708);
#10101=PRESENTATION_STYLE_ASSIGNMENT((#10102));
#10102=SURFACE_STYLE_USAGE(.BOTH.,#10103);
#10103=SURFACE_SIDE_STYLE('',(#10104));
#10104=SURFACE_STYLE_FILL_AREA(#10105);
#10105=FILL_AREA_STYLE('',(#10107));
#10106=COLOUR_RGB('',0.752941191,0.752941191,0.752941191);
#10107=FILL_AREA_STYLE_COLOUR('',#10106);
#10108=OVER_RIDING_STYLED_ITEM('',(#10109),#3196,#9708);
#10109=PRESENTATION_STYLE_ASSIGNMENT((#10110));
#10110=SURFACE_STYLE_USAGE(.BOTH.,#10111);
#10111=SURFACE_SIDE_STYLE('',(#10112));
#10112=SURFACE_STYLE_FILL_AREA(#10113);
#10113=FILL_AREA_STYLE('',(#10115));
#10114=COLOUR_RGB('',0.752941191,0.752941191,0.752941191);
#10115=FILL_AREA_STYLE_COLOUR('',#10114);
#10116=OVER_RIDING_STYLED_ITEM('',(#10117),#3216,#9708);
#10117=PRESENTATION_STYLE_ASSIGNMENT((#10118));
#10118=SURFACE_STYLE_USAGE(.BOTH.,#10119);
#10119=SURFACE_SIDE_STYLE('',(#10120));
#10120=SURFACE_STYLE_FILL_AREA(#10121);
#10121=FILL_AREA_STYLE('',(#10123));
#10122=COLOUR_RGB('',0.752941191,0.752941191,0.752941191);
#10123=FILL_AREA_STYLE_COLOUR('',#10122);
#10124=OVER_RIDING_STYLED_ITEM('',(#10125),#3236,#9708);
#10125=PRESENTATION_STYLE_ASSIGNMENT((#10126));
#10126=SURFACE_STYLE_USAGE(.BOTH.,#10127);
#10127=SURFACE_SIDE_STYLE('',(#10128));
#10128=SURFACE_STYLE_FILL_AREA(#10129);
#10129=FILL_AREA_STYLE('',(#10131));
#10130=COLOUR_RGB('',0.752941191,0.752941191,0.752941191);
#10131=FILL_AREA_STYLE_COLOUR('',#10130);
#10132=OVER_RIDING_STYLED_ITEM('',(#10133),#3276,#9708);
#10133=PRESENTATION_STYLE_ASSIGNMENT((#10134));
#10134=SURFACE_STYLE_USAGE(.BOTH.,#10135);
#10135=SURFACE_SIDE_STYLE('',(#10136));
#10136=SURFACE_STYLE_FILL_AREA(#10137);
#10137=FILL_AREA_STYLE('',(#10139));
#10138=COLOUR_RGB('',0.752941191,0.752941191,0.752941191);
#10139=FILL_AREA_STYLE_COLOUR('',#10138);
#10140=OVER_RIDING_STYLED_ITEM('',(#10141),#3309,#9708);
#10141=PRESENTATION_STYLE_ASSIGNMENT((#10142));
#10142=SURFACE_STYLE_USAGE(.BOTH.,#10143);
#10143=SURFACE_SIDE_STYLE('',(#10144));
#10144=SURFACE_STYLE_FILL_AREA(#10145);
#10145=FILL_AREA_STYLE('',(#10147));
#10146=COLOUR_RGB('',0.752941191,0.752941191,0.752941191);
#10147=FILL_AREA_STYLE_COLOUR('',#10146);
#10148=OVER_RIDING_STYLED_ITEM('',(#10149),#3340,#9708);
#10149=PRESENTATION_STYLE_ASSIGNMENT((#10150));
#10150=SURFACE_STYLE_USAGE(.BOTH.,#10151);
#10151=SURFACE_SIDE_STYLE('',(#10152));
#10152=SURFACE_STYLE_FILL_AREA(#10153);
#10153=FILL_AREA_STYLE('',(#10155));
#10154=COLOUR_RGB('',0.752941191,0.752941191,0.752941191);
#10155=FILL_AREA_STYLE_COLOUR('',#10154);
#10156=OVER_RIDING_STYLED_ITEM('',(#10157),#3364,#9708);
#10157=PRESENTATION_STYLE_ASSIGNMENT((#10158));
#10158=SURFACE_STYLE_USAGE(.BOTH.,#10159);
#10159=SURFACE_SIDE_STYLE('',(#10160));
#10160=SURFACE_STYLE_FILL_AREA(#10161);
#10161=FILL_AREA_STYLE('',(#10163));
#10162=COLOUR_RGB('',0.752941191,0.752941191,0.752941191);
#10163=FILL_AREA_STYLE_COLOUR('',#10162);
#10164=OVER_RIDING_STYLED_ITEM('',(#10165),#3395,#9708);
#10165=PRESENTATION_STYLE_ASSIGNMENT((#10166));
#10166=SURFACE_STYLE_USAGE(.BOTH.,#10167);
#10167=SURFACE_SIDE_STYLE('',(#10168));
#10168=SURFACE_STYLE_FILL_AREA(#10169);
#10169=FILL_AREA_STYLE('',(#10171));
#10170=COLOUR_RGB('',0.752941191,0.752941191,0.752941191);
#10171=FILL_AREA_STYLE_COLOUR('',#10170);
#10172=OVER_RIDING_STYLED_ITEM('',(#10173),#3428,#9708);
#10173=PRESENTATION_STYLE_ASSIGNMENT((#10174));
#10174=SURFACE_STYLE_USAGE(.BOTH.,#10175);
#10175=SURFACE_SIDE_STYLE('',(#10176));
#10176=SURFACE_STYLE_FILL_AREA(#10177);
#10177=FILL_AREA_STYLE('',(#10179));
#10178=COLOUR_RGB('',0.752941191,0.752941191,0.752941191);
#10179=FILL_AREA_STYLE_COLOUR('',#10178);
#10180=OVER_RIDING_STYLED_ITEM('',(#10181),#3459,#9708);
#10181=PRESENTATION_STYLE_ASSIGNMENT((#10182));
#10182=SURFACE_STYLE_USAGE(.BOTH.,#10183);
#10183=SURFACE_SIDE_STYLE('',(#10184));
#10184=SURFACE_STYLE_FILL_AREA(#10185);
#10185=FILL_AREA_STYLE('',(#10187));
#10186=COLOUR_RGB('',0.752941191,0.752941191,0.752941191);
#10187=FILL_AREA_STYLE_COLOUR('',#10186);
#10188=OVER_RIDING_STYLED_ITEM('',(#10189),#3492,#9708);
#10189=PRESENTATION_STYLE_ASSIGNMENT((#10190));
#10190=SURFACE_STYLE_USAGE(.BOTH.,#10191);
#10191=SURFACE_SIDE_STYLE('',(#10192));
#10192=SURFACE_STYLE_FILL_AREA(#10193);
#10193=FILL_AREA_STYLE('',(#10195));
#10194=COLOUR_RGB('',0.752941191,0.752941191,0.752941191);
#10195=FILL_AREA_STYLE_COLOUR('',#10194);
#10196=OVER_RIDING_STYLED_ITEM('',(#10197),#3523,#9708);
#10197=PRESENTATION_STYLE_ASSIGNMENT((#10198));
#10198=SURFACE_STYLE_USAGE(.BOTH.,#10199);
#10199=SURFACE_SIDE_STYLE('',(#10200));
#10200=SURFACE_STYLE_FILL_AREA(#10201);
#10201=FILL_AREA_STYLE('',(#10203));
#10202=COLOUR_RGB('',0.752941191,0.752941191,0.752941191);
#10203=FILL_AREA_STYLE_COLOUR('',#10202);
#10204=OVER_RIDING_STYLED_ITEM('',(#10205),#3545,#9708);
#10205=PRESENTATION_STYLE_ASSIGNMENT((#10206));
#10206=SURFACE_STYLE_USAGE(.BOTH.,#10207);
#10207=SURFACE_SIDE_STYLE('',(#10208));
#10208=SURFACE_STYLE_FILL_AREA(#10209);
#10209=FILL_AREA_STYLE('',(#10211));
#10210=COLOUR_RGB('',0.752941191,0.752941191,0.752941191);
#10211=FILL_AREA_STYLE_COLOUR('',#10210);
#10212=OVER_RIDING_STYLED_ITEM('',(#10213),#3565,#9708);
#10213=PRESENTATION_STYLE_ASSIGNMENT((#10214));
#10214=SURFACE_STYLE_USAGE(.BOTH.,#10215);
#10215=SURFACE_SIDE_STYLE('',(#10216));
#10216=SURFACE_STYLE_FILL_AREA(#10217);
#10217=FILL_AREA_STYLE('',(#10219));
#10218=COLOUR_RGB('',0.752941191,0.752941191,0.752941191);
#10219=FILL_AREA_STYLE_COLOUR('',#10218);
#10220=OVER_RIDING_STYLED_ITEM('',(#10221),#3585,#9708);
#10221=PRESENTATION_STYLE_ASSIGNMENT((#10222));
#10222=SURFACE_STYLE_USAGE(.BOTH.,#10223);
#10223=SURFACE_SIDE_STYLE('',(#10224));
#10224=SURFACE_STYLE_FILL_AREA(#10225);
#10225=FILL_AREA_STYLE('',(#10227));
#10226=DRAUGHTING_PRE_DEFINED_COLOUR('black');
#10227=FILL_AREA_STYLE_COLOUR('',#10226);
#10228=OVER_RIDING_STYLED_ITEM('',(#10229),#3616,#9708);
#10229=PRESENTATION_STYLE_ASSIGNMENT((#10230));
#10230=SURFACE_STYLE_USAGE(.BOTH.,#10231);
#10231=SURFACE_SIDE_STYLE('',(#10232));
#10232=SURFACE_STYLE_FILL_AREA(#10233);
#10233=FILL_AREA_STYLE('',(#10234));
#10234=FILL_AREA_STYLE_COLOUR('',#10226);
#10235=OVER_RIDING_STYLED_ITEM('',(#10236),#3640,#9708);
#10236=PRESENTATION_STYLE_ASSIGNMENT((#10237));
#10237=SURFACE_STYLE_USAGE(.BOTH.,#10238);
#10238=SURFACE_SIDE_STYLE('',(#10239));
#10239=SURFACE_STYLE_FILL_AREA(#10240);
#10240=FILL_AREA_STYLE('',(#10241));
#10241=FILL_AREA_STYLE_COLOUR('',#10226);
#10242=OVER_RIDING_STYLED_ITEM('',(#10243),#3664,#9708);
#10243=PRESENTATION_STYLE_ASSIGNMENT((#10244));
#10244=SURFACE_STYLE_USAGE(.BOTH.,#10245);
#10245=SURFACE_SIDE_STYLE('',(#10246));
#10246=SURFACE_STYLE_FILL_AREA(#10247);
#10247=FILL_AREA_STYLE('',(#10248));
#10248=FILL_AREA_STYLE_COLOUR('',#10226);
#10249=OVER_RIDING_STYLED_ITEM('',(#10250),#3688,#9708);
#10250=PRESENTATION_STYLE_ASSIGNMENT((#10251));
#10251=SURFACE_STYLE_USAGE(.BOTH.,#10252);
#10252=SURFACE_SIDE_STYLE('',(#10253));
#10253=SURFACE_STYLE_FILL_AREA(#10254);
#10254=FILL_AREA_STYLE('',(#10255));
#10255=FILL_AREA_STYLE_COLOUR('',#10226);
#10256=OVER_RIDING_STYLED_ITEM('',(#10257),#3712,#9708);
#10257=PRESENTATION_STYLE_ASSIGNMENT((#10258));
#10258=SURFACE_STYLE_USAGE(.BOTH.,#10259);
#10259=SURFACE_SIDE_STYLE('',(#10260));
#10260=SURFACE_STYLE_FILL_AREA(#10261);
#10261=FILL_AREA_STYLE('',(#10262));
#10262=FILL_AREA_STYLE_COLOUR('',#10226);
#10263=OVER_RIDING_STYLED_ITEM('',(#10264),#3729,#9708);
#10264=PRESENTATION_STYLE_ASSIGNMENT((#10265));
#10265=SURFACE_STYLE_USAGE(.BOTH.,#10266);
#10266=SURFACE_SIDE_STYLE('',(#10267));
#10267=SURFACE_STYLE_FILL_AREA(#10268);
#10268=FILL_AREA_STYLE('',(#10269));
#10269=FILL_AREA_STYLE_COLOUR('',#10226);
#10270=OVER_RIDING_STYLED_ITEM('',(#10271),#3743,#9708);
#10271=PRESENTATION_STYLE_ASSIGNMENT((#10272));
#10272=SURFACE_STYLE_USAGE(.BOTH.,#10273);
#10273=SURFACE_SIDE_STYLE('',(#10274));
#10274=SURFACE_STYLE_FILL_AREA(#10275);
#10275=FILL_AREA_STYLE('',(#10276));
#10276=FILL_AREA_STYLE_COLOUR('',#10226);
#10277=OVER_RIDING_STYLED_ITEM('',(#10278),#3779,#9708);
#10278=PRESENTATION_STYLE_ASSIGNMENT((#10279));
#10279=SURFACE_STYLE_USAGE(.BOTH.,#10280);
#10280=SURFACE_SIDE_STYLE('',(#10281));
#10281=SURFACE_STYLE_FILL_AREA(#10282);
#10282=FILL_AREA_STYLE('',(#10283));
#10283=FILL_AREA_STYLE_COLOUR('',#10226);
#10284=OVER_RIDING_STYLED_ITEM('',(#10285),#3803,#9708);
#10285=PRESENTATION_STYLE_ASSIGNMENT((#10286));
#10286=SURFACE_STYLE_USAGE(.BOTH.,#10287);
#10287=SURFACE_SIDE_STYLE('',(#10288));
#10288=SURFACE_STYLE_FILL_AREA(#10289);
#10289=FILL_AREA_STYLE('',(#10290));
#10290=FILL_AREA_STYLE_COLOUR('',#10226);
#10291=OVER_RIDING_STYLED_ITEM('',(#10292),#3832,#9708);
#10292=PRESENTATION_STYLE_ASSIGNMENT((#10293));
#10293=SURFACE_STYLE_USAGE(.BOTH.,#10294);
#10294=SURFACE_SIDE_STYLE('',(#10295));
#10295=SURFACE_STYLE_FILL_AREA(#10296);
#10296=FILL_AREA_STYLE('',(#10297));
#10297=FILL_AREA_STYLE_COLOUR('',#10226);
#10298=OVER_RIDING_STYLED_ITEM('',(#10299),#3861,#9708);
#10299=PRESENTATION_STYLE_ASSIGNMENT((#10300));
#10300=SURFACE_STYLE_USAGE(.BOTH.,#10301);
#10301=SURFACE_SIDE_STYLE('',(#10302));
#10302=SURFACE_STYLE_FILL_AREA(#10303);
#10303=FILL_AREA_STYLE('',(#10304));
#10304=FILL_AREA_STYLE_COLOUR('',#10226);
#10305=OVER_RIDING_STYLED_ITEM('',(#10306),#3890,#9708);
#10306=PRESENTATION_STYLE_ASSIGNMENT((#10307));
#10307=SURFACE_STYLE_USAGE(.BOTH.,#10308);
#10308=SURFACE_SIDE_STYLE('',(#10309));
#10309=SURFACE_STYLE_FILL_AREA(#10310);
#10310=FILL_AREA_STYLE('',(#10311));
#10311=FILL_AREA_STYLE_COLOUR('',#10226);
#10312=OVER_RIDING_STYLED_ITEM('',(#10313),#3919,#9708);
#10313=PRESENTATION_STYLE_ASSIGNMENT((#10314));
#10314=SURFACE_STYLE_USAGE(.BOTH.,#10315);
#10315=SURFACE_SIDE_STYLE('',(#10316));
#10316=SURFACE_STYLE_FILL_AREA(#10317);
#10317=FILL_AREA_STYLE('',(#10318));
#10318=FILL_AREA_STYLE_COLOUR('',#10226);
#10319=OVER_RIDING_STYLED_ITEM('',(#10320),#3948,#9708);
#10320=PRESENTATION_STYLE_ASSIGNMENT((#10321));
#10321=SURFACE_STYLE_USAGE(.BOTH.,#10322);
#10322=SURFACE_SIDE_STYLE('',(#10323));
#10323=SURFACE_STYLE_FILL_AREA(#10324);
#10324=FILL_AREA_STYLE('',(#10325));
#10325=FILL_AREA_STYLE_COLOUR('',#10226);
#10326=OVER_RIDING_STYLED_ITEM('',(#10327),#3977,#9708);
#10327=PRESENTATION_STYLE_ASSIGNMENT((#10328));
#10328=SURFACE_STYLE_USAGE(.BOTH.,#10329);
#10329=SURFACE_SIDE_STYLE('',(#10330));
#10330=SURFACE_STYLE_FILL_AREA(#10331);
#10331=FILL_AREA_STYLE('',(#10332));
#10332=FILL_AREA_STYLE_COLOUR('',#10226);
#10333=OVER_RIDING_STYLED_ITEM('',(#10334),#4001,#9708);
#10334=PRESENTATION_STYLE_ASSIGNMENT((#10335));
#10335=SURFACE_STYLE_USAGE(.BOTH.,#10336);
#10336=SURFACE_SIDE_STYLE('',(#10337));
#10337=SURFACE_STYLE_FILL_AREA(#10338);
#10338=FILL_AREA_STYLE('',(#10339));
#10339=FILL_AREA_STYLE_COLOUR('',#10226);
#10340=OVER_RIDING_STYLED_ITEM('',(#10341),#4030,#9708);
#10341=PRESENTATION_STYLE_ASSIGNMENT((#10342));
#10342=SURFACE_STYLE_USAGE(.BOTH.,#10343);
#10343=SURFACE_SIDE_STYLE('',(#10344));
#10344=SURFACE_STYLE_FILL_AREA(#10345);
#10345=FILL_AREA_STYLE('',(#10346));
#10346=FILL_AREA_STYLE_COLOUR('',#10226);
#10347=OVER_RIDING_STYLED_ITEM('',(#10348),#4059,#9708);
#10348=PRESENTATION_STYLE_ASSIGNMENT((#10349));
#10349=SURFACE_STYLE_USAGE(.BOTH.,#10350);
#10350=SURFACE_SIDE_STYLE('',(#10351));
#10351=SURFACE_STYLE_FILL_AREA(#10352);
#10352=FILL_AREA_STYLE('',(#10353));
#10353=FILL_AREA_STYLE_COLOUR('',#10226);
#10354=OVER_RIDING_STYLED_ITEM('',(#10355),#4088,#9708);
#10355=PRESENTATION_STYLE_ASSIGNMENT((#10356));
#10356=SURFACE_STYLE_USAGE(.BOTH.,#10357);
#10357=SURFACE_SIDE_STYLE('',(#10358));
#10358=SURFACE_STYLE_FILL_AREA(#10359);
#10359=FILL_AREA_STYLE('',(#10360));
#10360=FILL_AREA_STYLE_COLOUR('',#10226);
#10361=OVER_RIDING_STYLED_ITEM('',(#10362),#4117,#9708);
#10362=PRESENTATION_STYLE_ASSIGNMENT((#10363));
#10363=SURFACE_STYLE_USAGE(.BOTH.,#10364);
#10364=SURFACE_SIDE_STYLE('',(#10365));
#10365=SURFACE_STYLE_FILL_AREA(#10366);
#10366=FILL_AREA_STYLE('',(#10367));
#10367=FILL_AREA_STYLE_COLOUR('',#10226);
#10368=OVER_RIDING_STYLED_ITEM('',(#10369),#4139,#9708);
#10369=PRESENTATION_STYLE_ASSIGNMENT((#10370));
#10370=SURFACE_STYLE_USAGE(.BOTH.,#10371);
#10371=SURFACE_SIDE_STYLE('',(#10372));
#10372=SURFACE_STYLE_FILL_AREA(#10373);
#10373=FILL_AREA_STYLE('',(#10374));
#10374=FILL_AREA_STYLE_COLOUR('',#10226);
#10375=OVER_RIDING_STYLED_ITEM('',(#10376),#4161,#9708);
#10376=PRESENTATION_STYLE_ASSIGNMENT((#10377));
#10377=SURFACE_STYLE_USAGE(.BOTH.,#10378);
#10378=SURFACE_SIDE_STYLE('',(#10379));
#10379=SURFACE_STYLE_FILL_AREA(#10380);
#10380=FILL_AREA_STYLE('',(#10381));
#10381=FILL_AREA_STYLE_COLOUR('',#10226);
#10382=OVER_RIDING_STYLED_ITEM('',(#10383),#4192,#9708);
#10383=PRESENTATION_STYLE_ASSIGNMENT((#10384));
#10384=SURFACE_STYLE_USAGE(.BOTH.,#10385);
#10385=SURFACE_SIDE_STYLE('',(#10386));
#10386=SURFACE_STYLE_FILL_AREA(#10387);
#10387=FILL_AREA_STYLE('',(#10388));
#10388=FILL_AREA_STYLE_COLOUR('',#10226);
#10389=OVER_RIDING_STYLED_ITEM('',(#10390),#4216,#9708);
#10390=PRESENTATION_STYLE_ASSIGNMENT((#10391));
#10391=SURFACE_STYLE_USAGE(.BOTH.,#10392);
#10392=SURFACE_SIDE_STYLE('',(#10393));
#10393=SURFACE_STYLE_FILL_AREA(#10394);
#10394=FILL_AREA_STYLE('',(#10395));
#10395=FILL_AREA_STYLE_COLOUR('',#10226);
#10396=OVER_RIDING_STYLED_ITEM('',(#10397),#4240,#9708);
#10397=PRESENTATION_STYLE_ASSIGNMENT((#10398));
#10398=SURFACE_STYLE_USAGE(.BOTH.,#10399);
#10399=SURFACE_SIDE_STYLE('',(#10400));
#10400=SURFACE_STYLE_FILL_AREA(#10401);
#10401=FILL_AREA_STYLE('',(#10402));
#10402=FILL_AREA_STYLE_COLOUR('',#10226);
#10403=OVER_RIDING_STYLED_ITEM('',(#10404),#4264,#9708);
#10404=PRESENTATION_STYLE_ASSIGNMENT((#10405));
#10405=SURFACE_STYLE_USAGE(.BOTH.,#10406);
#10406=SURFACE_SIDE_STYLE('',(#10407));
#10407=SURFACE_STYLE_FILL_AREA(#10408);
#10408=FILL_AREA_STYLE('',(#10409));
#10409=FILL_AREA_STYLE_COLOUR('',#10226);
#10410=OVER_RIDING_STYLED_ITEM('',(#10411),#4288,#9708);
#10411=PRESENTATION_STYLE_ASSIGNMENT((#10412));
#10412=SURFACE_STYLE_USAGE(.BOTH.,#10413);
#10413=SURFACE_SIDE_STYLE('',(#10414));
#10414=SURFACE_STYLE_FILL_AREA(#10415);
#10415=FILL_AREA_STYLE('',(#10416));
#10416=FILL_AREA_STYLE_COLOUR('',#10226);
#10417=OVER_RIDING_STYLED_ITEM('',(#10418),#4312,#9708);
#10418=PRESENTATION_STYLE_ASSIGNMENT((#10419));
#10419=SURFACE_STYLE_USAGE(.BOTH.,#10420);
#10420=SURFACE_SIDE_STYLE('',(#10421));
#10421=SURFACE_STYLE_FILL_AREA(#10422);
#10422=FILL_AREA_STYLE('',(#10423));
#10423=FILL_AREA_STYLE_COLOUR('',#10226);
#10424=OVER_RIDING_STYLED_ITEM('',(#10425),#4336,#9708);
#10425=PRESENTATION_STYLE_ASSIGNMENT((#10426));
#10426=SURFACE_STYLE_USAGE(.BOTH.,#10427);
#10427=SURFACE_SIDE_STYLE('',(#10428));
#10428=SURFACE_STYLE_FILL_AREA(#10429);
#10429=FILL_AREA_STYLE('',(#10430));
#10430=FILL_AREA_STYLE_COLOUR('',#10226);
#10431=OVER_RIDING_STYLED_ITEM('',(#10432),#4360,#9708);
#10432=PRESENTATION_STYLE_ASSIGNMENT((#10433));
#10433=SURFACE_STYLE_USAGE(.BOTH.,#10434);
#10434=SURFACE_SIDE_STYLE('',(#10435));
#10435=SURFACE_STYLE_FILL_AREA(#10436);
#10436=FILL_AREA_STYLE('',(#10437));
#10437=FILL_AREA_STYLE_COLOUR('',#10226);
#10438=OVER_RIDING_STYLED_ITEM('',(#10439),#4384,#9708);
#10439=PRESENTATION_STYLE_ASSIGNMENT((#10440));
#10440=SURFACE_STYLE_USAGE(.BOTH.,#10441);
#10441=SURFACE_SIDE_STYLE('',(#10442));
#10442=SURFACE_STYLE_FILL_AREA(#10443);
#10443=FILL_AREA_STYLE('',(#10444));
#10444=FILL_AREA_STYLE_COLOUR('',#10226);
#10445=OVER_RIDING_STYLED_ITEM('',(#10446),#4408,#9708);
#10446=PRESENTATION_STYLE_ASSIGNMENT((#10447));
#10447=SURFACE_STYLE_USAGE(.BOTH.,#10448);
#10448=SURFACE_SIDE_STYLE('',(#10449));
#10449=SURFACE_STYLE_FILL_AREA(#10450);
#10450=FILL_AREA_STYLE('',(#10451));
#10451=FILL_AREA_STYLE_COLOUR('',#10226);
#10452=OVER_RIDING_STYLED_ITEM('',(#10453),#4432,#9708);
#10453=PRESENTATION_STYLE_ASSIGNMENT((#10454));
#10454=SURFACE_STYLE_USAGE(.BOTH.,#10455);
#10455=SURFACE_SIDE_STYLE('',(#10456));
#10456=SURFACE_STYLE_FILL_AREA(#10457);
#10457=FILL_AREA_STYLE('',(#10458));
#10458=FILL_AREA_STYLE_COLOUR('',#10226);
#10459=OVER_RIDING_STYLED_ITEM('',(#10460),#4449,#9708);
#10460=PRESENTATION_STYLE_ASSIGNMENT((#10461));
#10461=SURFACE_STYLE_USAGE(.BOTH.,#10462);
#10462=SURFACE_SIDE_STYLE('',(#10463));
#10463=SURFACE_STYLE_FILL_AREA(#10464);
#10464=FILL_AREA_STYLE('',(#10465));
#10465=FILL_AREA_STYLE_COLOUR('',#10226);
#10466=OVER_RIDING_STYLED_ITEM('',(#10467),#4469,#9708);
#10467=PRESENTATION_STYLE_ASSIGNMENT((#10468));
#10468=SURFACE_STYLE_USAGE(.BOTH.,#10469);
#10469=SURFACE_SIDE_STYLE('',(#10470));
#10470=SURFACE_STYLE_FILL_AREA(#10471);
#10471=FILL_AREA_STYLE('',(#10472));
#10472=FILL_AREA_STYLE_COLOUR('',#10226);
#10473=OVER_RIDING_STYLED_ITEM('',(#10474),#4599,#9708);
#10474=PRESENTATION_STYLE_ASSIGNMENT((#10475));
#10475=SURFACE_STYLE_USAGE(.BOTH.,#10476);
#10476=SURFACE_SIDE_STYLE('',(#10477));
#10477=SURFACE_STYLE_FILL_AREA(#10478);
#10478=FILL_AREA_STYLE('',(#10479));
#10479=FILL_AREA_STYLE_COLOUR('',#10226);
#10480=OVER_RIDING_STYLED_ITEM('',(#10481),#4621,#9708);
#10481=PRESENTATION_STYLE_ASSIGNMENT((#10482));
#10482=SURFACE_STYLE_USAGE(.BOTH.,#10483);
#10483=SURFACE_SIDE_STYLE('',(#10484));
#10484=SURFACE_STYLE_FILL_AREA(#10485);
#10485=FILL_AREA_STYLE('',(#10486));
#10486=FILL_AREA_STYLE_COLOUR('',#10226);
#10487=OVER_RIDING_STYLED_ITEM('',(#10488),#4642,#9708);
#10488=PRESENTATION_STYLE_ASSIGNMENT((#10489));
#10489=SURFACE_STYLE_USAGE(.BOTH.,#10490);
#10490=SURFACE_SIDE_STYLE('',(#10491));
#10491=SURFACE_STYLE_FILL_AREA(#10492);
#10492=FILL_AREA_STYLE('',(#10493));
#10493=FILL_AREA_STYLE_COLOUR('',#10226);
#10494=OVER_RIDING_STYLED_ITEM('',(#10495),#4663,#9708);
#10495=PRESENTATION_STYLE_ASSIGNMENT((#10496));
#10496=SURFACE_STYLE_USAGE(.BOTH.,#10497);
#10497=SURFACE_SIDE_STYLE('',(#10498));
#10498=SURFACE_STYLE_FILL_AREA(#10499);
#10499=FILL_AREA_STYLE('',(#10500));
#10500=FILL_AREA_STYLE_COLOUR('',#10226);
#10501=OVER_RIDING_STYLED_ITEM('',(#10502),#4684,#9708);
#10502=PRESENTATION_STYLE_ASSIGNMENT((#10503));
#10503=SURFACE_STYLE_USAGE(.BOTH.,#10504);
#10504=SURFACE_SIDE_STYLE('',(#10505));
#10505=SURFACE_STYLE_FILL_AREA(#10506);
#10506=FILL_AREA_STYLE('',(#10507));
#10507=FILL_AREA_STYLE_COLOUR('',#10226);
#10508=OVER_RIDING_STYLED_ITEM('',(#10509),#4705,#9708);
#10509=PRESENTATION_STYLE_ASSIGNMENT((#10510));
#10510=SURFACE_STYLE_USAGE(.BOTH.,#10511);
#10511=SURFACE_SIDE_STYLE('',(#10512));
#10512=SURFACE_STYLE_FILL_AREA(#10513);
#10513=FILL_AREA_STYLE('',(#10514));
#10514=FILL_AREA_STYLE_COLOUR('',#10226);
#10515=OVER_RIDING_STYLED_ITEM('',(#10516),#4722,#9708);
#10516=PRESENTATION_STYLE_ASSIGNMENT((#10517));
#10517=SURFACE_STYLE_USAGE(.BOTH.,#10518);
#10518=SURFACE_SIDE_STYLE('',(#10519));
#10519=SURFACE_STYLE_FILL_AREA(#10520);
#10520=FILL_AREA_STYLE('',(#10521));
#10521=FILL_AREA_STYLE_COLOUR('',#10226);
#10522=OVER_RIDING_STYLED_ITEM('',(#10523),#4734,#9708);
#10523=PRESENTATION_STYLE_ASSIGNMENT((#10524));
#10524=SURFACE_STYLE_USAGE(.BOTH.,#10525);
#10525=SURFACE_SIDE_STYLE('',(#10526));
#10526=SURFACE_STYLE_FILL_AREA(#10527);
#10527=FILL_AREA_STYLE('',(#10528));
#10528=FILL_AREA_STYLE_COLOUR('',#10226);
#10529=OVER_RIDING_STYLED_ITEM('',(#10530),#4765,#9708);
#10530=PRESENTATION_STYLE_ASSIGNMENT((#10531));
#10531=SURFACE_STYLE_USAGE(.BOTH.,#10532);
#10532=SURFACE_SIDE_STYLE('',(#10533));
#10533=SURFACE_STYLE_FILL_AREA(#10534);
#10534=FILL_AREA_STYLE('',(#10535));
#10535=FILL_AREA_STYLE_COLOUR('',#10226);
#10536=OVER_RIDING_STYLED_ITEM('',(#10537),#4789,#9708);
#10537=PRESENTATION_STYLE_ASSIGNMENT((#10538));
#10538=SURFACE_STYLE_USAGE(.BOTH.,#10539);
#10539=SURFACE_SIDE_STYLE('',(#10540));
#10540=SURFACE_STYLE_FILL_AREA(#10541);
#10541=FILL_AREA_STYLE('',(#10542));
#10542=FILL_AREA_STYLE_COLOUR('',#10226);
#10543=OVER_RIDING_STYLED_ITEM('',(#10544),#4813,#9708);
#10544=PRESENTATION_STYLE_ASSIGNMENT((#10545));
#10545=SURFACE_STYLE_USAGE(.BOTH.,#10546);
#10546=SURFACE_SIDE_STYLE('',(#10547));
#10547=SURFACE_STYLE_FILL_AREA(#10548);
#10548=FILL_AREA_STYLE('',(#10549));
#10549=FILL_AREA_STYLE_COLOUR('',#10226);
#10550=OVER_RIDING_STYLED_ITEM('',(#10551),#4842,#9708);
#10551=PRESENTATION_STYLE_ASSIGNMENT((#10552));
#10552=SURFACE_STYLE_USAGE(.BOTH.,#10553);
#10553=SURFACE_SIDE_STYLE('',(#10554));
#10554=SURFACE_STYLE_FILL_AREA(#10555);
#10555=FILL_AREA_STYLE('',(#10556));
#10556=FILL_AREA_STYLE_COLOUR('',#10226);
#10557=OVER_RIDING_STYLED_ITEM('',(#10558),#4871,#9708);
#10558=PRESENTATION_STYLE_ASSIGNMENT((#10559));
#10559=SURFACE_STYLE_USAGE(.BOTH.,#10560);
#10560=SURFACE_SIDE_STYLE('',(#10561));
#10561=SURFACE_STYLE_FILL_AREA(#10562);
#10562=FILL_AREA_STYLE('',(#10563));
#10563=FILL_AREA_STYLE_COLOUR('',#10226);
#10564=OVER_RIDING_STYLED_ITEM('',(#10565),#4900,#9708);
#10565=PRESENTATION_STYLE_ASSIGNMENT((#10566));
#10566=SURFACE_STYLE_USAGE(.BOTH.,#10567);
#10567=SURFACE_SIDE_STYLE('',(#10568));
#10568=SURFACE_STYLE_FILL_AREA(#10569);
#10569=FILL_AREA_STYLE('',(#10570));
#10570=FILL_AREA_STYLE_COLOUR('',#10226);
#10571=OVER_RIDING_STYLED_ITEM('',(#10572),#4922,#9708);
#10572=PRESENTATION_STYLE_ASSIGNMENT((#10573));
#10573=SURFACE_STYLE_USAGE(.BOTH.,#10574);
#10574=SURFACE_SIDE_STYLE('',(#10575));
#10575=SURFACE_STYLE_FILL_AREA(#10576);
#10576=FILL_AREA_STYLE('',(#10578));
#10577=COLOUR_RGB('',0.752941191,0.752941191,0.752941191);
#10578=FILL_AREA_STYLE_COLOUR('',#10577);
#10579=OVER_RIDING_STYLED_ITEM('',(#10580),#4937,#9708);
#10580=PRESENTATION_STYLE_ASSIGNMENT((#10581));
#10581=SURFACE_STYLE_USAGE(.BOTH.,#10582);
#10582=SURFACE_SIDE_STYLE('',(#10583));
#10583=SURFACE_STYLE_FILL_AREA(#10584);
#10584=FILL_AREA_STYLE('',(#10585));
#10585=FILL_AREA_STYLE_COLOUR('',#10226);
#10586=OVER_RIDING_STYLED_ITEM('',(#10587),#5061,#9708);
#10587=PRESENTATION_STYLE_ASSIGNMENT((#10588));
#10588=SURFACE_STYLE_USAGE(.BOTH.,#10589);
#10589=SURFACE_SIDE_STYLE('',(#10590));
#10590=SURFACE_STYLE_FILL_AREA(#10591);
#10591=FILL_AREA_STYLE('',(#10592));
#10592=FILL_AREA_STYLE_COLOUR('',#10226);
#10593=OVER_RIDING_STYLED_ITEM('',(#10594),#5083,#9708);
#10594=PRESENTATION_STYLE_ASSIGNMENT((#10595));
#10595=SURFACE_STYLE_USAGE(.BOTH.,#10596);
#10596=SURFACE_SIDE_STYLE('',(#10597));
#10597=SURFACE_STYLE_FILL_AREA(#10598);
#10598=FILL_AREA_STYLE('',(#10599));
#10599=FILL_AREA_STYLE_COLOUR('',#10226);
#10600=OVER_RIDING_STYLED_ITEM('',(#10601),#5100,#9708);
#10601=PRESENTATION_STYLE_ASSIGNMENT((#10602));
#10602=SURFACE_STYLE_USAGE(.BOTH.,#10603);
#10603=SURFACE_SIDE_STYLE('',(#10604));
#10604=SURFACE_STYLE_FILL_AREA(#10605);
#10605=FILL_AREA_STYLE('',(#10606));
#10606=FILL_AREA_STYLE_COLOUR('',#10226);
#10607=OVER_RIDING_STYLED_ITEM('',(#10608),#5117,#9708);
#10608=PRESENTATION_STYLE_ASSIGNMENT((#10609));
#10609=SURFACE_STYLE_USAGE(.BOTH.,#10610);
#10610=SURFACE_SIDE_STYLE('',(#10611));
#10611=SURFACE_STYLE_FILL_AREA(#10612);
#10612=FILL_AREA_STYLE('',(#10613));
#10613=FILL_AREA_STYLE_COLOUR('',#10226);
#10614=OVER_RIDING_STYLED_ITEM('',(#10615),#5134,#9708);
#10615=PRESENTATION_STYLE_ASSIGNMENT((#10616));
#10616=SURFACE_STYLE_USAGE(.BOTH.,#10617);
#10617=SURFACE_SIDE_STYLE('',(#10618));
#10618=SURFACE_STYLE_FILL_AREA(#10619);
#10619=FILL_AREA_STYLE('',(#10620));
#10620=FILL_AREA_STYLE_COLOUR('',#10226);
#10621=OVER_RIDING_STYLED_ITEM('',(#10622),#5151,#9708);
#10622=PRESENTATION_STYLE_ASSIGNMENT((#10623));
#10623=SURFACE_STYLE_USAGE(.BOTH.,#10624);
#10624=SURFACE_SIDE_STYLE('',(#10625));
#10625=SURFACE_STYLE_FILL_AREA(#10626);
#10626=FILL_AREA_STYLE('',(#10627));
#10627=FILL_AREA_STYLE_COLOUR('',#10226);
#10628=OVER_RIDING_STYLED_ITEM('',(#10629),#5168,#9708);
#10629=PRESENTATION_STYLE_ASSIGNMENT((#10630));
#10630=SURFACE_STYLE_USAGE(.BOTH.,#10631);
#10631=SURFACE_SIDE_STYLE('',(#10632));
#10632=SURFACE_STYLE_FILL_AREA(#10633);
#10633=FILL_AREA_STYLE('',(#10634));
#10634=FILL_AREA_STYLE_COLOUR('',#10226);
#10635=OVER_RIDING_STYLED_ITEM('',(#10636),#5185,#9708);
#10636=PRESENTATION_STYLE_ASSIGNMENT((#10637));
#10637=SURFACE_STYLE_USAGE(.BOTH.,#10638);
#10638=SURFACE_SIDE_STYLE('',(#10639));
#10639=SURFACE_STYLE_FILL_AREA(#10640);
#10640=FILL_AREA_STYLE('',(#10641));
#10641=FILL_AREA_STYLE_COLOUR('',#10226);
#10642=OVER_RIDING_STYLED_ITEM('',(#10643),#5197,#9708);
#10643=PRESENTATION_STYLE_ASSIGNMENT((#10644));
#10644=SURFACE_STYLE_USAGE(.BOTH.,#10645);
#10645=SURFACE_SIDE_STYLE('',(#10646));
#10646=SURFACE_STYLE_FILL_AREA(#10647);
#10647=FILL_AREA_STYLE('',(#10648));
#10648=FILL_AREA_STYLE_COLOUR('',#10226);
#10649=OVER_RIDING_STYLED_ITEM('',(#10650),#5228,#9708);
#10650=PRESENTATION_STYLE_ASSIGNMENT((#10651));
#10651=SURFACE_STYLE_USAGE(.BOTH.,#10652);
#10652=SURFACE_SIDE_STYLE('',(#10653));
#10653=SURFACE_STYLE_FILL_AREA(#10654);
#10654=FILL_AREA_STYLE('',(#10655));
#10655=FILL_AREA_STYLE_COLOUR('',#10226);
#10656=OVER_RIDING_STYLED_ITEM('',(#10657),#5252,#9708);
#10657=PRESENTATION_STYLE_ASSIGNMENT((#10658));
#10658=SURFACE_STYLE_USAGE(.BOTH.,#10659);
#10659=SURFACE_SIDE_STYLE('',(#10660));
#10660=SURFACE_STYLE_FILL_AREA(#10661);
#10661=FILL_AREA_STYLE('',(#10662));
#10662=FILL_AREA_STYLE_COLOUR('',#10226);
#10663=OVER_RIDING_STYLED_ITEM('',(#10664),#5281,#9708);
#10664=PRESENTATION_STYLE_ASSIGNMENT((#10665));
#10665=SURFACE_STYLE_USAGE(.BOTH.,#10666);
#10666=SURFACE_SIDE_STYLE('',(#10667));
#10667=SURFACE_STYLE_FILL_AREA(#10668);
#10668=FILL_AREA_STYLE('',(#10669));
#10669=FILL_AREA_STYLE_COLOUR('',#10226);
#10670=OVER_RIDING_STYLED_ITEM('',(#10671),#5305,#9708);
#10671=PRESENTATION_STYLE_ASSIGNMENT((#10672));
#10672=SURFACE_STYLE_USAGE(.BOTH.,#10673);
#10673=SURFACE_SIDE_STYLE('',(#10674));
#10674=SURFACE_STYLE_FILL_AREA(#10675);
#10675=FILL_AREA_STYLE('',(#10676));
#10676=FILL_AREA_STYLE_COLOUR('',#10226);
#10677=OVER_RIDING_STYLED_ITEM('',(#10678),#5334,#9708);
#10678=PRESENTATION_STYLE_ASSIGNMENT((#10679));
#10679=SURFACE_STYLE_USAGE(.BOTH.,#10680);
#10680=SURFACE_SIDE_STYLE('',(#10681));
#10681=SURFACE_STYLE_FILL_AREA(#10682);
#10682=FILL_AREA_STYLE('',(#10683));
#10683=FILL_AREA_STYLE_COLOUR('',#10226);
#10684=OVER_RIDING_STYLED_ITEM('',(#10685),#5351,#9708);
#10685=PRESENTATION_STYLE_ASSIGNMENT((#10686));
#10686=SURFACE_STYLE_USAGE(.BOTH.,#10687);
#10687=SURFACE_SIDE_STYLE('',(#10688));
#10688=SURFACE_STYLE_FILL_AREA(#10689);
#10689=FILL_AREA_STYLE('',(#10691));
#10690=COLOUR_RGB('',0.752941191,0.752941191,0.752941191);
#10691=FILL_AREA_STYLE_COLOUR('',#10690);
#10692=OVER_RIDING_STYLED_ITEM('',(#10693),#5365,#9708);
#10693=PRESENTATION_STYLE_ASSIGNMENT((#10694));
#10694=SURFACE_STYLE_USAGE(.BOTH.,#10695);
#10695=SURFACE_SIDE_STYLE('',(#10696));
#10696=SURFACE_STYLE_FILL_AREA(#10697);
#10697=FILL_AREA_STYLE('',(#10698));
#10698=FILL_AREA_STYLE_COLOUR('',#10226);
#10699=OVER_RIDING_STYLED_ITEM('',(#10700),#5396,#9708);
#10700=PRESENTATION_STYLE_ASSIGNMENT((#10701));
#10701=SURFACE_STYLE_USAGE(.BOTH.,#10702);
#10702=SURFACE_SIDE_STYLE('',(#10703));
#10703=SURFACE_STYLE_FILL_AREA(#10704);
#10704=FILL_AREA_STYLE('',(#10705));
#10705=FILL_AREA_STYLE_COLOUR('',#10226);
#10706=OVER_RIDING_STYLED_ITEM('',(#10707),#5420,#9708);
#10707=PRESENTATION_STYLE_ASSIGNMENT((#10708));
#10708=SURFACE_STYLE_USAGE(.BOTH.,#10709);
#10709=SURFACE_SIDE_STYLE('',(#10710));
#10710=SURFACE_STYLE_FILL_AREA(#10711);
#10711=FILL_AREA_STYLE('',(#10712));
#10712=FILL_AREA_STYLE_COLOUR('',#10226);
#10713=OVER_RIDING_STYLED_ITEM('',(#10714),#5444,#9708);
#10714=PRESENTATION_STYLE_ASSIGNMENT((#10715));
#10715=SURFACE_STYLE_USAGE(.BOTH.,#10716);
#10716=SURFACE_SIDE_STYLE('',(#10717));
#10717=SURFACE_STYLE_FILL_AREA(#10718);
#10718=FILL_AREA_STYLE('',(#10719));
#10719=FILL_AREA_STYLE_COLOUR('',#10226);
#10720=OVER_RIDING_STYLED_ITEM('',(#10721),#5468,#9708);
#10721=PRESENTATION_STYLE_ASSIGNMENT((#10722));
#10722=SURFACE_STYLE_USAGE(.BOTH.,#10723);
#10723=SURFACE_SIDE_STYLE('',(#10724));
#10724=SURFACE_STYLE_FILL_AREA(#10725);
#10725=FILL_AREA_STYLE('',(#10726));
#10726=FILL_AREA_STYLE_COLOUR('',#10226);
#10727=OVER_RIDING_STYLED_ITEM('',(#10728),#5492,#9708);
#10728=PRESENTATION_STYLE_ASSIGNMENT((#10729));
#10729=SURFACE_STYLE_USAGE(.BOTH.,#10730);
#10730=SURFACE_SIDE_STYLE('',(#10731));
#10731=SURFACE_STYLE_FILL_AREA(#10732);
#10732=FILL_AREA_STYLE('',(#10733));
#10733=FILL_AREA_STYLE_COLOUR('',#10226);
#10734=OVER_RIDING_STYLED_ITEM('',(#10735),#5516,#9708);
#10735=PRESENTATION_STYLE_ASSIGNMENT((#10736));
#10736=SURFACE_STYLE_USAGE(.BOTH.,#10737);
#10737=SURFACE_SIDE_STYLE('',(#10738));
#10738=SURFACE_STYLE_FILL_AREA(#10739);
#10739=FILL_AREA_STYLE('',(#10740));
#10740=FILL_AREA_STYLE_COLOUR('',#10226);
#10741=OVER_RIDING_STYLED_ITEM('',(#10742),#5540,#9708);
#10742=PRESENTATION_STYLE_ASSIGNMENT((#10743));
#10743=SURFACE_STYLE_USAGE(.BOTH.,#10744);
#10744=SURFACE_SIDE_STYLE('',(#10745));
#10745=SURFACE_STYLE_FILL_AREA(#10746);
#10746=FILL_AREA_STYLE('',(#10747));
#10747=FILL_AREA_STYLE_COLOUR('',#10226);
#10748=OVER_RIDING_STYLED_ITEM('',(#10749),#5564,#9708);
#10749=PRESENTATION_STYLE_ASSIGNMENT((#10750));
#10750=SURFACE_STYLE_USAGE(.BOTH.,#10751);
#10751=SURFACE_SIDE_STYLE('',(#10752));
#10752=SURFACE_STYLE_FILL_AREA(#10753);
#10753=FILL_AREA_STYLE('',(#10754));
#10754=FILL_AREA_STYLE_COLOUR('',#10226);
#10755=OVER_RIDING_STYLED_ITEM('',(#10756),#5588,#9708);
#10756=PRESENTATION_STYLE_ASSIGNMENT((#10757));
#10757=SURFACE_STYLE_USAGE(.BOTH.,#10758);
#10758=SURFACE_SIDE_STYLE('',(#10759));
#10759=SURFACE_STYLE_FILL_AREA(#10760);
#10760=FILL_AREA_STYLE('',(#10761));
#10761=FILL_AREA_STYLE_COLOUR('',#10226);
#10762=OVER_RIDING_STYLED_ITEM('',(#10763),#5612,#9708);
#10763=PRESENTATION_STYLE_ASSIGNMENT((#10764));
#10764=SURFACE_STYLE_USAGE(.BOTH.,#10765);
#10765=SURFACE_SIDE_STYLE('',(#10766));
#10766=SURFACE_STYLE_FILL_AREA(#10767);
#10767=FILL_AREA_STYLE('',(#10768));
#10768=FILL_AREA_STYLE_COLOUR('',#10226);
#10769=OVER_RIDING_STYLED_ITEM('',(#10770),#5636,#9708);
#10770=PRESENTATION_STYLE_ASSIGNMENT((#10771));
#10771=SURFACE_STYLE_USAGE(.BOTH.,#10772);
#10772=SURFACE_SIDE_STYLE('',(#10773));
#10773=SURFACE_STYLE_FILL_AREA(#10774);
#10774=FILL_AREA_STYLE('',(#10775));
#10775=FILL_AREA_STYLE_COLOUR('',#10226);
#10776=OVER_RIDING_STYLED_ITEM('',(#10777),#5653,#9708);
#10777=PRESENTATION_STYLE_ASSIGNMENT((#10778));
#10778=SURFACE_STYLE_USAGE(.BOTH.,#10779);
#10779=SURFACE_SIDE_STYLE('',(#10780));
#10780=SURFACE_STYLE_FILL_AREA(#10781);
#10781=FILL_AREA_STYLE('',(#10782));
#10782=FILL_AREA_STYLE_COLOUR('',#10226);
#10783=OVER_RIDING_STYLED_ITEM('',(#10784),#5673,#9708);
#10784=PRESENTATION_STYLE_ASSIGNMENT((#10785));
#10785=SURFACE_STYLE_USAGE(.BOTH.,#10786);
#10786=SURFACE_SIDE_STYLE('',(#10787));
#10787=SURFACE_STYLE_FILL_AREA(#10788);
#10788=FILL_AREA_STYLE('',(#10789));
#10789=FILL_AREA_STYLE_COLOUR('',#10226);
#10790=OVER_RIDING_STYLED_ITEM('',(#10791),#5873,#9708);
#10791=PRESENTATION_STYLE_ASSIGNMENT((#10792));
#10792=SURFACE_STYLE_USAGE(.BOTH.,#10793);
#10793=SURFACE_SIDE_STYLE('',(#10794));
#10794=SURFACE_STYLE_FILL_AREA(#10795);
#10795=FILL_AREA_STYLE('',(#10796));
#10796=FILL_AREA_STYLE_COLOUR('',#10226);
#10797=OVER_RIDING_STYLED_ITEM('',(#10798),#5899,#9708);
#10798=PRESENTATION_STYLE_ASSIGNMENT((#10799));
#10799=SURFACE_STYLE_USAGE(.BOTH.,#10800);
#10800=SURFACE_SIDE_STYLE('',(#10801));
#10801=SURFACE_STYLE_FILL_AREA(#10802);
#10802=FILL_AREA_STYLE('',(#10803));
#10803=FILL_AREA_STYLE_COLOUR('',#10226);
#10804=OVER_RIDING_STYLED_ITEM('',(#10805),#5916,#9708);
#10805=PRESENTATION_STYLE_ASSIGNMENT((#10806));
#10806=SURFACE_STYLE_USAGE(.BOTH.,#10807);
#10807=SURFACE_SIDE_STYLE('',(#10808));
#10808=SURFACE_STYLE_FILL_AREA(#10809);
#10809=FILL_AREA_STYLE('',(#10810));
#10810=FILL_AREA_STYLE_COLOUR('',#10226);
#10811=OVER_RIDING_STYLED_ITEM('',(#10812),#5937,#9708);
#10812=PRESENTATION_STYLE_ASSIGNMENT((#10813));
#10813=SURFACE_STYLE_USAGE(.BOTH.,#10814);
#10814=SURFACE_SIDE_STYLE('',(#10815));
#10815=SURFACE_STYLE_FILL_AREA(#10816);
#10816=FILL_AREA_STYLE('',(#10817));
#10817=FILL_AREA_STYLE_COLOUR('',#10226);
#10818=OVER_RIDING_STYLED_ITEM('',(#10819),#5958,#9708);
#10819=PRESENTATION_STYLE_ASSIGNMENT((#10820));
#10820=SURFACE_STYLE_USAGE(.BOTH.,#10821);
#10821=SURFACE_SIDE_STYLE('',(#10822));
#10822=SURFACE_STYLE_FILL_AREA(#10823);
#10823=FILL_AREA_STYLE('',(#10824));
#10824=FILL_AREA_STYLE_COLOUR('',#10226);
#10825=OVER_RIDING_STYLED_ITEM('',(#10826),#5975,#9708);
#10826=PRESENTATION_STYLE_ASSIGNMENT((#10827));
#10827=SURFACE_STYLE_USAGE(.BOTH.,#10828);
#10828=SURFACE_SIDE_STYLE('',(#10829));
#10829=SURFACE_STYLE_FILL_AREA(#10830);
#10830=FILL_AREA_STYLE('',(#10831));
#10831=FILL_AREA_STYLE_COLOUR('',#10226);
#10832=OVER_RIDING_STYLED_ITEM('',(#10833),#5996,#9708);
#10833=PRESENTATION_STYLE_ASSIGNMENT((#10834));
#10834=SURFACE_STYLE_USAGE(.BOTH.,#10835);
#10835=SURFACE_SIDE_STYLE('',(#10836));
#10836=SURFACE_STYLE_FILL_AREA(#10837);
#10837=FILL_AREA_STYLE('',(#10838));
#10838=FILL_AREA_STYLE_COLOUR('',#10226);
#10839=OVER_RIDING_STYLED_ITEM('',(#10840),#6017,#9708);
#10840=PRESENTATION_STYLE_ASSIGNMENT((#10841));
#10841=SURFACE_STYLE_USAGE(.BOTH.,#10842);
#10842=SURFACE_SIDE_STYLE('',(#10843));
#10843=SURFACE_STYLE_FILL_AREA(#10844);
#10844=FILL_AREA_STYLE('',(#10845));
#10845=FILL_AREA_STYLE_COLOUR('',#10226);
#10846=OVER_RIDING_STYLED_ITEM('',(#10847),#6038,#9708);
#10847=PRESENTATION_STYLE_ASSIGNMENT((#10848));
#10848=SURFACE_STYLE_USAGE(.BOTH.,#10849);
#10849=SURFACE_SIDE_STYLE('',(#10850));
#10850=SURFACE_STYLE_FILL_AREA(#10851);
#10851=FILL_AREA_STYLE('',(#10852));
#10852=FILL_AREA_STYLE_COLOUR('',#10226);
#10853=OVER_RIDING_STYLED_ITEM('',(#10854),#6059,#9708);
#10854=PRESENTATION_STYLE_ASSIGNMENT((#10855));
#10855=SURFACE_STYLE_USAGE(.BOTH.,#10856);
#10856=SURFACE_SIDE_STYLE('',(#10857));
#10857=SURFACE_STYLE_FILL_AREA(#10858);
#10858=FILL_AREA_STYLE('',(#10859));
#10859=FILL_AREA_STYLE_COLOUR('',#10226);
#10860=OVER_RIDING_STYLED_ITEM('',(#10861),#6076,#9708);
#10861=PRESENTATION_STYLE_ASSIGNMENT((#10862));
#10862=SURFACE_STYLE_USAGE(.BOTH.,#10863);
#10863=SURFACE_SIDE_STYLE('',(#10864));
#10864=SURFACE_STYLE_FILL_AREA(#10865);
#10865=FILL_AREA_STYLE('',(#10866));
#10866=FILL_AREA_STYLE_COLOUR('',#10226);
#10867=OVER_RIDING_STYLED_ITEM('',(#10868),#6093,#9708);
#10868=PRESENTATION_STYLE_ASSIGNMENT((#10869));
#10869=SURFACE_STYLE_USAGE(.BOTH.,#10870);
#10870=SURFACE_SIDE_STYLE('',(#10871));
#10871=SURFACE_STYLE_FILL_AREA(#10872);
#10872=FILL_AREA_STYLE('',(#10873));
#10873=FILL_AREA_STYLE_COLOUR('',#10226);
#10874=OVER_RIDING_STYLED_ITEM('',(#10875),#6110,#9708);
#10875=PRESENTATION_STYLE_ASSIGNMENT((#10876));
#10876=SURFACE_STYLE_USAGE(.BOTH.,#10877);
#10877=SURFACE_SIDE_STYLE('',(#10878));
#10878=SURFACE_STYLE_FILL_AREA(#10879);
#10879=FILL_AREA_STYLE('',(#10880));
#10880=FILL_AREA_STYLE_COLOUR('',#10226);
#10881=OVER_RIDING_STYLED_ITEM('',(#10882),#6127,#9708);
#10882=PRESENTATION_STYLE_ASSIGNMENT((#10883));
#10883=SURFACE_STYLE_USAGE(.BOTH.,#10884);
#10884=SURFACE_SIDE_STYLE('',(#10885));
#10885=SURFACE_STYLE_FILL_AREA(#10886);
#10886=FILL_AREA_STYLE('',(#10887));
#10887=FILL_AREA_STYLE_COLOUR('',#10226);
#10888=OVER_RIDING_STYLED_ITEM('',(#10889),#6143,#9708);
#10889=PRESENTATION_STYLE_ASSIGNMENT((#10890));
#10890=SURFACE_STYLE_USAGE(.BOTH.,#10891);
#10891=SURFACE_SIDE_STYLE('',(#10892));
#10892=SURFACE_STYLE_FILL_AREA(#10893);
#10893=FILL_AREA_STYLE('',(#10894));
#10894=FILL_AREA_STYLE_COLOUR('',#10226);
#10895=OVER_RIDING_STYLED_ITEM('',(#10896),#6179,#9708);
#10896=PRESENTATION_STYLE_ASSIGNMENT((#10897));
#10897=SURFACE_STYLE_USAGE(.BOTH.,#10898);
#10898=SURFACE_SIDE_STYLE('',(#10899));
#10899=SURFACE_STYLE_FILL_AREA(#10900);
#10900=FILL_AREA_STYLE('',(#10901));
#10901=FILL_AREA_STYLE_COLOUR('',#10226);
#10902=OVER_RIDING_STYLED_ITEM('',(#10903),#6208,#9708);
#10903=PRESENTATION_STYLE_ASSIGNMENT((#10904));
#10904=SURFACE_STYLE_USAGE(.BOTH.,#10905);
#10905=SURFACE_SIDE_STYLE('',(#10906));
#10906=SURFACE_STYLE_FILL_AREA(#10907);
#10907=FILL_AREA_STYLE('',(#10908));
#10908=FILL_AREA_STYLE_COLOUR('',#10226);
#10909=OVER_RIDING_STYLED_ITEM('',(#10910),#6237,#9708);
#10910=PRESENTATION_STYLE_ASSIGNMENT((#10911));
#10911=SURFACE_STYLE_USAGE(.BOTH.,#10912);
#10912=SURFACE_SIDE_STYLE('',(#10913));
#10913=SURFACE_STYLE_FILL_AREA(#10914);
#10914=FILL_AREA_STYLE('',(#10915));
#10915=FILL_AREA_STYLE_COLOUR('',#10226);
#10916=OVER_RIDING_STYLED_ITEM('',(#10917),#6266,#9708);
#10917=PRESENTATION_STYLE_ASSIGNMENT((#10918));
#10918=SURFACE_STYLE_USAGE(.BOTH.,#10919);
#10919=SURFACE_SIDE_STYLE('',(#10920));
#10920=SURFACE_STYLE_FILL_AREA(#10921);
#10921=FILL_AREA_STYLE('',(#10922));
#10922=FILL_AREA_STYLE_COLOUR('',#10226);
#10923=OVER_RIDING_STYLED_ITEM('',(#10924),#6295,#9708);
#10924=PRESENTATION_STYLE_ASSIGNMENT((#10925));
#10925=SURFACE_STYLE_USAGE(.BOTH.,#10926);
#10926=SURFACE_SIDE_STYLE('',(#10927));
#10927=SURFACE_STYLE_FILL_AREA(#10928);
#10928=FILL_AREA_STYLE('',(#10929));
#10929=FILL_AREA_STYLE_COLOUR('',#10226);
#10930=OVER_RIDING_STYLED_ITEM('',(#10931),#6324,#9708);
#10931=PRESENTATION_STYLE_ASSIGNMENT((#10932));
#10932=SURFACE_STYLE_USAGE(.BOTH.,#10933);
#10933=SURFACE_SIDE_STYLE('',(#10934));
#10934=SURFACE_STYLE_FILL_AREA(#10935);
#10935=FILL_AREA_STYLE('',(#10936));
#10936=FILL_AREA_STYLE_COLOUR('',#10226);
#10937=OVER_RIDING_STYLED_ITEM('',(#10938),#6348,#9708);
#10938=PRESENTATION_STYLE_ASSIGNMENT((#10939));
#10939=SURFACE_STYLE_USAGE(.BOTH.,#10940);
#10940=SURFACE_SIDE_STYLE('',(#10941));
#10941=SURFACE_STYLE_FILL_AREA(#10942);
#10942=FILL_AREA_STYLE('',(#10943));
#10943=FILL_AREA_STYLE_COLOUR('',#10226);
#10944=OVER_RIDING_STYLED_ITEM('',(#10945),#6365,#9708);
#10945=PRESENTATION_STYLE_ASSIGNMENT((#10946));
#10946=SURFACE_STYLE_USAGE(.BOTH.,#10947);
#10947=SURFACE_SIDE_STYLE('',(#10948));
#10948=SURFACE_STYLE_FILL_AREA(#10949);
#10949=FILL_AREA_STYLE('',(#10951));
#10950=COLOUR_RGB('',0.752941191,0.752941191,0.752941191);
#10951=FILL_AREA_STYLE_COLOUR('',#10950);
#10952=OVER_RIDING_STYLED_ITEM('',(#10953),#6381,#9708);
#10953=PRESENTATION_STYLE_ASSIGNMENT((#10954));
#10954=SURFACE_STYLE_USAGE(.BOTH.,#10955);
#10955=SURFACE_SIDE_STYLE('',(#10956));
#10956=SURFACE_STYLE_FILL_AREA(#10957);
#10957=FILL_AREA_STYLE('',(#10958));
#10958=FILL_AREA_STYLE_COLOUR('',#10226);
#10959=OVER_RIDING_STYLED_ITEM('',(#10960),#6417,#9708);
#10960=PRESENTATION_STYLE_ASSIGNMENT((#10961));
#10961=SURFACE_STYLE_USAGE(.BOTH.,#10962);
#10962=SURFACE_SIDE_STYLE('',(#10963));
#10963=SURFACE_STYLE_FILL_AREA(#10964);
#10964=FILL_AREA_STYLE('',(#10965));
#10965=FILL_AREA_STYLE_COLOUR('',#10226);
#10966=OVER_RIDING_STYLED_ITEM('',(#10967),#6441,#9708);
#10967=PRESENTATION_STYLE_ASSIGNMENT((#10968));
#10968=SURFACE_STYLE_USAGE(.BOTH.,#10969);
#10969=SURFACE_SIDE_STYLE('',(#10970));
#10970=SURFACE_STYLE_FILL_AREA(#10971);
#10971=FILL_AREA_STYLE('',(#10972));
#10972=FILL_AREA_STYLE_COLOUR('',#10226);
#10973=OVER_RIDING_STYLED_ITEM('',(#10974),#6470,#9708);
#10974=PRESENTATION_STYLE_ASSIGNMENT((#10975));
#10975=SURFACE_STYLE_USAGE(.BOTH.,#10976);
#10976=SURFACE_SIDE_STYLE('',(#10977));
#10977=SURFACE_STYLE_FILL_AREA(#10978);
#10978=FILL_AREA_STYLE('',(#10979));
#10979=FILL_AREA_STYLE_COLOUR('',#10226);
#10980=OVER_RIDING_STYLED_ITEM('',(#10981),#6499,#9708);
#10981=PRESENTATION_STYLE_ASSIGNMENT((#10982));
#10982=SURFACE_STYLE_USAGE(.BOTH.,#10983);
#10983=SURFACE_SIDE_STYLE('',(#10984));
#10984=SURFACE_STYLE_FILL_AREA(#10985);
#10985=FILL_AREA_STYLE('',(#10986));
#10986=FILL_AREA_STYLE_COLOUR('',#10226);
#10987=OVER_RIDING_STYLED_ITEM('',(#10988),#6528,#9708);
#10988=PRESENTATION_STYLE_ASSIGNMENT((#10989));
#10989=SURFACE_STYLE_USAGE(.BOTH.,#10990);
#10990=SURFACE_SIDE_STYLE('',(#10991));
#10991=SURFACE_STYLE_FILL_AREA(#10992);
#10992=FILL_AREA_STYLE('',(#10993));
#10993=FILL_AREA_STYLE_COLOUR('',#10226);
#10994=OVER_RIDING_STYLED_ITEM('',(#10995),#6557,#9708);
#10995=PRESENTATION_STYLE_ASSIGNMENT((#10996));
#10996=SURFACE_STYLE_USAGE(.BOTH.,#10997);
#10997=SURFACE_SIDE_STYLE('',(#10998));
#10998=SURFACE_STYLE_FILL_AREA(#10999);
#10999=FILL_AREA_STYLE('',(#11000));
#11000=FILL_AREA_STYLE_COLOUR('',#10226);
#11001=OVER_RIDING_STYLED_ITEM('',(#11002),#6586,#9708);
#11002=PRESENTATION_STYLE_ASSIGNMENT((#11003));
#11003=SURFACE_STYLE_USAGE(.BOTH.,#11004);
#11004=SURFACE_SIDE_STYLE('',(#11005));
#11005=SURFACE_STYLE_FILL_AREA(#11006);
#11006=FILL_AREA_STYLE('',(#11007));
#11007=FILL_AREA_STYLE_COLOUR('',#10226);
#11008=OVER_RIDING_STYLED_ITEM('',(#11009),#6615,#9708);
#11009=PRESENTATION_STYLE_ASSIGNMENT((#11010));
#11010=SURFACE_STYLE_USAGE(.BOTH.,#11011);
#11011=SURFACE_SIDE_STYLE('',(#11012));
#11012=SURFACE_STYLE_FILL_AREA(#11013);
#11013=FILL_AREA_STYLE('',(#11014));
#11014=FILL_AREA_STYLE_COLOUR('',#10226);
#11015=OVER_RIDING_STYLED_ITEM('',(#11016),#6644,#9708);
#11016=PRESENTATION_STYLE_ASSIGNMENT((#11017));
#11017=SURFACE_STYLE_USAGE(.BOTH.,#11018);
#11018=SURFACE_SIDE_STYLE('',(#11019));
#11019=SURFACE_STYLE_FILL_AREA(#11020);
#11020=FILL_AREA_STYLE('',(#11021));
#11021=FILL_AREA_STYLE_COLOUR('',#10226);
#11022=OVER_RIDING_STYLED_ITEM('',(#11023),#6673,#9708);
#11023=PRESENTATION_STYLE_ASSIGNMENT((#11024));
#11024=SURFACE_STYLE_USAGE(.BOTH.,#11025);
#11025=SURFACE_SIDE_STYLE('',(#11026));
#11026=SURFACE_STYLE_FILL_AREA(#11027);
#11027=FILL_AREA_STYLE('',(#11028));
#11028=FILL_AREA_STYLE_COLOUR('',#10226);
#11029=OVER_RIDING_STYLED_ITEM('',(#11030),#6702,#9708);
#11030=PRESENTATION_STYLE_ASSIGNMENT((#11031));
#11031=SURFACE_STYLE_USAGE(.BOTH.,#11032);
#11032=SURFACE_SIDE_STYLE('',(#11033));
#11033=SURFACE_STYLE_FILL_AREA(#11034);
#11034=FILL_AREA_STYLE('',(#11035));
#11035=FILL_AREA_STYLE_COLOUR('',#10226);
#11036=OVER_RIDING_STYLED_ITEM('',(#11037),#6731,#9708);
#11037=PRESENTATION_STYLE_ASSIGNMENT((#11038));
#11038=SURFACE_STYLE_USAGE(.BOTH.,#11039);
#11039=SURFACE_SIDE_STYLE('',(#11040));
#11040=SURFACE_STYLE_FILL_AREA(#11041);
#11041=FILL_AREA_STYLE('',(#11042));
#11042=FILL_AREA_STYLE_COLOUR('',#10226);
#11043=OVER_RIDING_STYLED_ITEM('',(#11044),#6755,#9708);
#11044=PRESENTATION_STYLE_ASSIGNMENT((#11045));
#11045=SURFACE_STYLE_USAGE(.BOTH.,#11046);
#11046=SURFACE_SIDE_STYLE('',(#11047));
#11047=SURFACE_STYLE_FILL_AREA(#11048);
#11048=FILL_AREA_STYLE('',(#11049));
#11049=FILL_AREA_STYLE_COLOUR('',#10226);
#11050=OVER_RIDING_STYLED_ITEM('',(#11051),#6784,#9708);
#11051=PRESENTATION_STYLE_ASSIGNMENT((#11052));
#11052=SURFACE_STYLE_USAGE(.BOTH.,#11053);
#11053=SURFACE_SIDE_STYLE('',(#11054));
#11054=SURFACE_STYLE_FILL_AREA(#11055);
#11055=FILL_AREA_STYLE('',(#11056));
#11056=FILL_AREA_STYLE_COLOUR('',#10226);
#11057=OVER_RIDING_STYLED_ITEM('',(#11058),#6813,#9708);
#11058=PRESENTATION_STYLE_ASSIGNMENT((#11059));
#11059=SURFACE_STYLE_USAGE(.BOTH.,#11060);
#11060=SURFACE_SIDE_STYLE('',(#11061));
#11061=SURFACE_STYLE_FILL_AREA(#11062);
#11062=FILL_AREA_STYLE('',(#11063));
#11063=FILL_AREA_STYLE_COLOUR('',#10226);
#11064=OVER_RIDING_STYLED_ITEM('',(#11065),#6842,#9708);
#11065=PRESENTATION_STYLE_ASSIGNMENT((#11066));
#11066=SURFACE_STYLE_USAGE(.BOTH.,#11067);
#11067=SURFACE_SIDE_STYLE('',(#11068));
#11068=SURFACE_STYLE_FILL_AREA(#11069);
#11069=FILL_AREA_STYLE('',(#11070));
#11070=FILL_AREA_STYLE_COLOUR('',#10226);
#11071=OVER_RIDING_STYLED_ITEM('',(#11072),#6871,#9708);
#11072=PRESENTATION_STYLE_ASSIGNMENT((#11073));
#11073=SURFACE_STYLE_USAGE(.BOTH.,#11074);
#11074=SURFACE_SIDE_STYLE('',(#11075));
#11075=SURFACE_STYLE_FILL_AREA(#11076);
#11076=FILL_AREA_STYLE('',(#11077));
#11077=FILL_AREA_STYLE_COLOUR('',#10226);
#11078=OVER_RIDING_STYLED_ITEM('',(#11079),#6900,#9708);
#11079=PRESENTATION_STYLE_ASSIGNMENT((#11080));
#11080=SURFACE_STYLE_USAGE(.BOTH.,#11081);
#11081=SURFACE_SIDE_STYLE('',(#11082));
#11082=SURFACE_STYLE_FILL_AREA(#11083);
#11083=FILL_AREA_STYLE('',(#11084));
#11084=FILL_AREA_STYLE_COLOUR('',#10226);
#11085=OVER_RIDING_STYLED_ITEM('',(#11086),#6929,#9708);
#11086=PRESENTATION_STYLE_ASSIGNMENT((#11087));
#11087=SURFACE_STYLE_USAGE(.BOTH.,#11088);
#11088=SURFACE_SIDE_STYLE('',(#11089));
#11089=SURFACE_STYLE_FILL_AREA(#11090);
#11090=FILL_AREA_STYLE('',(#11091));
#11091=FILL_AREA_STYLE_COLOUR('',#10226);
#11092=OVER_RIDING_STYLED_ITEM('',(#11093),#6958,#9708);
#11093=PRESENTATION_STYLE_ASSIGNMENT((#11094));
#11094=SURFACE_STYLE_USAGE(.BOTH.,#11095);
#11095=SURFACE_SIDE_STYLE('',(#11096));
#11096=SURFACE_STYLE_FILL_AREA(#11097);
#11097=FILL_AREA_STYLE('',(#11098));
#11098=FILL_AREA_STYLE_COLOUR('',#10226);
#11099=OVER_RIDING_STYLED_ITEM('',(#11100),#6980,#9708);
#11100=PRESENTATION_STYLE_ASSIGNMENT((#11101));
#11101=SURFACE_STYLE_USAGE(.BOTH.,#11102);
#11102=SURFACE_SIDE_STYLE('',(#11103));
#11103=SURFACE_STYLE_FILL_AREA(#11104);
#11104=FILL_AREA_STYLE('',(#11105));
#11105=FILL_AREA_STYLE_COLOUR('',#10226);
#11106=OVER_RIDING_STYLED_ITEM('',(#11107),#7009,#9708);
#11107=PRESENTATION_STYLE_ASSIGNMENT((#11108));
#11108=SURFACE_STYLE_USAGE(.BOTH.,#11109);
#11109=SURFACE_SIDE_STYLE('',(#11110));
#11110=SURFACE_STYLE_FILL_AREA(#11111);
#11111=FILL_AREA_STYLE('',(#11112));
#11112=FILL_AREA_STYLE_COLOUR('',#10226);
#11113=OVER_RIDING_STYLED_ITEM('',(#11114),#7040,#9708);
#11114=PRESENTATION_STYLE_ASSIGNMENT((#11115));
#11115=SURFACE_STYLE_USAGE(.BOTH.,#11116);
#11116=SURFACE_SIDE_STYLE('',(#11117));
#11117=SURFACE_STYLE_FILL_AREA(#11118);
#11118=FILL_AREA_STYLE('',(#11119));
#11119=FILL_AREA_STYLE_COLOUR('',#10226);
#11120=OVER_RIDING_STYLED_ITEM('',(#11121),#7064,#9708);
#11121=PRESENTATION_STYLE_ASSIGNMENT((#11122));
#11122=SURFACE_STYLE_USAGE(.BOTH.,#11123);
#11123=SURFACE_SIDE_STYLE('',(#11124));
#11124=SURFACE_STYLE_FILL_AREA(#11125);
#11125=FILL_AREA_STYLE('',(#11126));
#11126=FILL_AREA_STYLE_COLOUR('',#10226);
#11127=OVER_RIDING_STYLED_ITEM('',(#11128),#7093,#9708);
#11128=PRESENTATION_STYLE_ASSIGNMENT((#11129));
#11129=SURFACE_STYLE_USAGE(.BOTH.,#11130);
#11130=SURFACE_SIDE_STYLE('',(#11131));
#11131=SURFACE_STYLE_FILL_AREA(#11132);
#11132=FILL_AREA_STYLE('',(#11133));
#11133=FILL_AREA_STYLE_COLOUR('',#10226);
#11134=OVER_RIDING_STYLED_ITEM('',(#11135),#7117,#9708);
#11135=PRESENTATION_STYLE_ASSIGNMENT((#11136));
#11136=SURFACE_STYLE_USAGE(.BOTH.,#11137);
#11137=SURFACE_SIDE_STYLE('',(#11138));
#11138=SURFACE_STYLE_FILL_AREA(#11139);
#11139=FILL_AREA_STYLE('',(#11140));
#11140=FILL_AREA_STYLE_COLOUR('',#10226);
#11141=OVER_RIDING_STYLED_ITEM('',(#11142),#7141,#9708);
#11142=PRESENTATION_STYLE_ASSIGNMENT((#11143));
#11143=SURFACE_STYLE_USAGE(.BOTH.,#11144);
#11144=SURFACE_SIDE_STYLE('',(#11145));
#11145=SURFACE_STYLE_FILL_AREA(#11146);
#11146=FILL_AREA_STYLE('',(#11147));
#11147=FILL_AREA_STYLE_COLOUR('',#10226);
#11148=OVER_RIDING_STYLED_ITEM('',(#11149),#7165,#9708);
#11149=PRESENTATION_STYLE_ASSIGNMENT((#11150));
#11150=SURFACE_STYLE_USAGE(.BOTH.,#11151);
#11151=SURFACE_SIDE_STYLE('',(#11152));
#11152=SURFACE_STYLE_FILL_AREA(#11153);
#11153=FILL_AREA_STYLE('',(#11154));
#11154=FILL_AREA_STYLE_COLOUR('',#10226);
#11155=OVER_RIDING_STYLED_ITEM('',(#11156),#7189,#9708);
#11156=PRESENTATION_STYLE_ASSIGNMENT((#11157));
#11157=SURFACE_STYLE_USAGE(.BOTH.,#11158);
#11158=SURFACE_SIDE_STYLE('',(#11159));
#11159=SURFACE_STYLE_FILL_AREA(#11160);
#11160=FILL_AREA_STYLE('',(#11161));
#11161=FILL_AREA_STYLE_COLOUR('',#10226);
#11162=OVER_RIDING_STYLED_ITEM('',(#11163),#7213,#9708);
#11163=PRESENTATION_STYLE_ASSIGNMENT((#11164));
#11164=SURFACE_STYLE_USAGE(.BOTH.,#11165);
#11165=SURFACE_SIDE_STYLE('',(#11166));
#11166=SURFACE_STYLE_FILL_AREA(#11167);
#11167=FILL_AREA_STYLE('',(#11168));
#11168=FILL_AREA_STYLE_COLOUR('',#10226);
#11169=OVER_RIDING_STYLED_ITEM('',(#11170),#7237,#9708);
#11170=PRESENTATION_STYLE_ASSIGNMENT((#11171));
#11171=SURFACE_STYLE_USAGE(.BOTH.,#11172);
#11172=SURFACE_SIDE_STYLE('',(#11173));
#11173=SURFACE_STYLE_FILL_AREA(#11174);
#11174=FILL_AREA_STYLE('',(#11175));
#11175=FILL_AREA_STYLE_COLOUR('',#10226);
#11176=OVER_RIDING_STYLED_ITEM('',(#11177),#7266,#9708);
#11177=PRESENTATION_STYLE_ASSIGNMENT((#11178));
#11178=SURFACE_STYLE_USAGE(.BOTH.,#11179);
#11179=SURFACE_SIDE_STYLE('',(#11180));
#11180=SURFACE_STYLE_FILL_AREA(#11181);
#11181=FILL_AREA_STYLE('',(#11182));
#11182=FILL_AREA_STYLE_COLOUR('',#10226);
#11183=OVER_RIDING_STYLED_ITEM('',(#11184),#7295,#9708);
#11184=PRESENTATION_STYLE_ASSIGNMENT((#11185));
#11185=SURFACE_STYLE_USAGE(.BOTH.,#11186);
#11186=SURFACE_SIDE_STYLE('',(#11187));
#11187=SURFACE_STYLE_FILL_AREA(#11188);
#11188=FILL_AREA_STYLE('',(#11189));
#11189=FILL_AREA_STYLE_COLOUR('',#10226);
#11190=OVER_RIDING_STYLED_ITEM('',(#11191),#7319,#9708);
#11191=PRESENTATION_STYLE_ASSIGNMENT((#11192));
#11192=SURFACE_STYLE_USAGE(.BOTH.,#11193);
#11193=SURFACE_SIDE_STYLE('',(#11194));
#11194=SURFACE_STYLE_FILL_AREA(#11195);
#11195=FILL_AREA_STYLE('',(#11196));
#11196=FILL_AREA_STYLE_COLOUR('',#10226);
#11197=OVER_RIDING_STYLED_ITEM('',(#11198),#7348,#9708);
#11198=PRESENTATION_STYLE_ASSIGNMENT((#11199));
#11199=SURFACE_STYLE_USAGE(.BOTH.,#11200);
#11200=SURFACE_SIDE_STYLE('',(#11201));
#11201=SURFACE_STYLE_FILL_AREA(#11202);
#11202=FILL_AREA_STYLE('',(#11203));
#11203=FILL_AREA_STYLE_COLOUR('',#10226);
#11204=OVER_RIDING_STYLED_ITEM('',(#11205),#7377,#9708);
#11205=PRESENTATION_STYLE_ASSIGNMENT((#11206));
#11206=SURFACE_STYLE_USAGE(.BOTH.,#11207);
#11207=SURFACE_SIDE_STYLE('',(#11208));
#11208=SURFACE_STYLE_FILL_AREA(#11209);
#11209=FILL_AREA_STYLE('',(#11210));
#11210=FILL_AREA_STYLE_COLOUR('',#10226);
#11211=OVER_RIDING_STYLED_ITEM('',(#11212),#7394,#9708);
#11212=PRESENTATION_STYLE_ASSIGNMENT((#11213));
#11213=SURFACE_STYLE_USAGE(.BOTH.,#11214);
#11214=SURFACE_SIDE_STYLE('',(#11215));
#11215=SURFACE_STYLE_FILL_AREA(#11216);
#11216=FILL_AREA_STYLE('',(#11217));
#11217=FILL_AREA_STYLE_COLOUR('',#10226);
#11218=OVER_RIDING_STYLED_ITEM('',(#11219),#7417,#9708);
#11219=PRESENTATION_STYLE_ASSIGNMENT((#11220));
#11220=SURFACE_STYLE_USAGE(.BOTH.,#11221);
#11221=SURFACE_SIDE_STYLE('',(#11222));
#11222=SURFACE_STYLE_FILL_AREA(#11223);
#11223=FILL_AREA_STYLE('',(#11224));
#11224=FILL_AREA_STYLE_COLOUR('',#10226);
#11225=OVER_RIDING_STYLED_ITEM('',(#11226),#7448,#9708);
#11226=PRESENTATION_STYLE_ASSIGNMENT((#11227));
#11227=SURFACE_STYLE_USAGE(.BOTH.,#11228);
#11228=SURFACE_SIDE_STYLE('',(#11229));
#11229=SURFACE_STYLE_FILL_AREA(#11230);
#11230=FILL_AREA_STYLE('',(#11231));
#11231=FILL_AREA_STYLE_COLOUR('',#10226);
#11232=OVER_RIDING_STYLED_ITEM('',(#11233),#7472,#9708);
#11233=PRESENTATION_STYLE_ASSIGNMENT((#11234));
#11234=SURFACE_STYLE_USAGE(.BOTH.,#11235);
#11235=SURFACE_SIDE_STYLE('',(#11236));
#11236=SURFACE_STYLE_FILL_AREA(#11237);
#11237=FILL_AREA_STYLE('',(#11238));
#11238=FILL_AREA_STYLE_COLOUR('',#10226);
#11239=OVER_RIDING_STYLED_ITEM('',(#11240),#7496,#9708);
#11240=PRESENTATION_STYLE_ASSIGNMENT((#11241));
#11241=SURFACE_STYLE_USAGE(.BOTH.,#11242);
#11242=SURFACE_SIDE_STYLE('',(#11243));
#11243=SURFACE_STYLE_FILL_AREA(#11244);
#11244=FILL_AREA_STYLE('',(#11245));
#11245=FILL_AREA_STYLE_COLOUR('',#10226);
#11246=OVER_RIDING_STYLED_ITEM('',(#11247),#7520,#9708);
#11247=PRESENTATION_STYLE_ASSIGNMENT((#11248));
#11248=SURFACE_STYLE_USAGE(.BOTH.,#11249);
#11249=SURFACE_SIDE_STYLE('',(#11250));
#11250=SURFACE_STYLE_FILL_AREA(#11251);
#11251=FILL_AREA_STYLE('',(#11252));
#11252=FILL_AREA_STYLE_COLOUR('',#10226);
#11253=OVER_RIDING_STYLED_ITEM('',(#11254),#7544,#9708);
#11254=PRESENTATION_STYLE_ASSIGNMENT((#11255));
#11255=SURFACE_STYLE_USAGE(.BOTH.,#11256);
#11256=SURFACE_SIDE_STYLE('',(#11257));
#11257=SURFACE_STYLE_FILL_AREA(#11258);
#11258=FILL_AREA_STYLE('',(#11259));
#11259=FILL_AREA_STYLE_COLOUR('',#10226);
#11260=OVER_RIDING_STYLED_ITEM('',(#11261),#7568,#9708);
#11261=PRESENTATION_STYLE_ASSIGNMENT((#11262));
#11262=SURFACE_STYLE_USAGE(.BOTH.,#11263);
#11263=SURFACE_SIDE_STYLE('',(#11264));
#11264=SURFACE_STYLE_FILL_AREA(#11265);
#11265=FILL_AREA_STYLE('',(#11266));
#11266=FILL_AREA_STYLE_COLOUR('',#10226);
#11267=OVER_RIDING_STYLED_ITEM('',(#11268),#7592,#9708);
#11268=PRESENTATION_STYLE_ASSIGNMENT((#11269));
#11269=SURFACE_STYLE_USAGE(.BOTH.,#11270);
#11270=SURFACE_SIDE_STYLE('',(#11271));
#11271=SURFACE_STYLE_FILL_AREA(#11272);
#11272=FILL_AREA_STYLE('',(#11273));
#11273=FILL_AREA_STYLE_COLOUR('',#10226);
#11274=OVER_RIDING_STYLED_ITEM('',(#11275),#7616,#9708);
#11275=PRESENTATION_STYLE_ASSIGNMENT((#11276));
#11276=SURFACE_STYLE_USAGE(.BOTH.,#11277);
#11277=SURFACE_SIDE_STYLE('',(#11278));
#11278=SURFACE_STYLE_FILL_AREA(#11279);
#11279=FILL_AREA_STYLE('',(#11280));
#11280=FILL_AREA_STYLE_COLOUR('',#10226);
#11281=OVER_RIDING_STYLED_ITEM('',(#11282),#7640,#9708);
#11282=PRESENTATION_STYLE_ASSIGNMENT((#11283));
#11283=SURFACE_STYLE_USAGE(.BOTH.,#11284);
#11284=SURFACE_SIDE_STYLE('',(#11285));
#11285=SURFACE_STYLE_FILL_AREA(#11286);
#11286=FILL_AREA_STYLE('',(#11287));
#11287=FILL_AREA_STYLE_COLOUR('',#10226);
#11288=OVER_RIDING_STYLED_ITEM('',(#11289),#7664,#9708);
#11289=PRESENTATION_STYLE_ASSIGNMENT((#11290));
#11290=SURFACE_STYLE_USAGE(.BOTH.,#11291);
#11291=SURFACE_SIDE_STYLE('',(#11292));
#11292=SURFACE_STYLE_FILL_AREA(#11293);
#11293=FILL_AREA_STYLE('',(#11294));
#11294=FILL_AREA_STYLE_COLOUR('',#10226);
#11295=OVER_RIDING_STYLED_ITEM('',(#11296),#7688,#9708);
#11296=PRESENTATION_STYLE_ASSIGNMENT((#11297));
#11297=SURFACE_STYLE_USAGE(.BOTH.,#11298);
#11298=SURFACE_SIDE_STYLE('',(#11299));
#11299=SURFACE_STYLE_FILL_AREA(#11300);
#11300=FILL_AREA_STYLE('',(#11301));
#11301=FILL_AREA_STYLE_COLOUR('',#10226);
#11302=OVER_RIDING_STYLED_ITEM('',(#11303),#7705,#9708);
#11303=PRESENTATION_STYLE_ASSIGNMENT((#11304));
#11304=SURFACE_STYLE_USAGE(.BOTH.,#11305);
#11305=SURFACE_SIDE_STYLE('',(#11306));
#11306=SURFACE_STYLE_FILL_AREA(#11307);
#11307=FILL_AREA_STYLE('',(#11308));
#11308=FILL_AREA_STYLE_COLOUR('',#10226);
#11309=OVER_RIDING_STYLED_ITEM('',(#11310),#7725,#9708);
#11310=PRESENTATION_STYLE_ASSIGNMENT((#11311));
#11311=SURFACE_STYLE_USAGE(.BOTH.,#11312);
#11312=SURFACE_SIDE_STYLE('',(#11313));
#11313=SURFACE_STYLE_FILL_AREA(#11314);
#11314=FILL_AREA_STYLE('',(#11315));
#11315=FILL_AREA_STYLE_COLOUR('',#10226);
#11316=OVER_RIDING_STYLED_ITEM('',(#11317),#7855,#9708);
#11317=PRESENTATION_STYLE_ASSIGNMENT((#11318));
#11318=SURFACE_STYLE_USAGE(.BOTH.,#11319);
#11319=SURFACE_SIDE_STYLE('',(#11320));
#11320=SURFACE_STYLE_FILL_AREA(#11321);
#11321=FILL_AREA_STYLE('',(#11322));
#11322=FILL_AREA_STYLE_COLOUR('',#10226);
#11323=OVER_RIDING_STYLED_ITEM('',(#11324),#7877,#9708);
#11324=PRESENTATION_STYLE_ASSIGNMENT((#11325));
#11325=SURFACE_STYLE_USAGE(.BOTH.,#11326);
#11326=SURFACE_SIDE_STYLE('',(#11327));
#11327=SURFACE_STYLE_FILL_AREA(#11328);
#11328=FILL_AREA_STYLE('',(#11329));
#11329=FILL_AREA_STYLE_COLOUR('',#10226);
#11330=OVER_RIDING_STYLED_ITEM('',(#11331),#7898,#9708);
#11331=PRESENTATION_STYLE_ASSIGNMENT((#11332));
#11332=SURFACE_STYLE_USAGE(.BOTH.,#11333);
#11333=SURFACE_SIDE_STYLE('',(#11334));
#11334=SURFACE_STYLE_FILL_AREA(#11335);
#11335=FILL_AREA_STYLE('',(#11336));
#11336=FILL_AREA_STYLE_COLOUR('',#10226);
#11337=OVER_RIDING_STYLED_ITEM('',(#11338),#7919,#9708);
#11338=PRESENTATION_STYLE_ASSIGNMENT((#11339));
#11339=SURFACE_STYLE_USAGE(.BOTH.,#11340);
#11340=SURFACE_SIDE_STYLE('',(#11341));
#11341=SURFACE_STYLE_FILL_AREA(#11342);
#11342=FILL_AREA_STYLE('',(#11343));
#11343=FILL_AREA_STYLE_COLOUR('',#10226);
#11344=OVER_RIDING_STYLED_ITEM('',(#11345),#7940,#9708);
#11345=PRESENTATION_STYLE_ASSIGNMENT((#11346));
#11346=SURFACE_STYLE_USAGE(.BOTH.,#11347);
#11347=SURFACE_SIDE_STYLE('',(#11348));
#11348=SURFACE_STYLE_FILL_AREA(#11349);
#11349=FILL_AREA_STYLE('',(#11350));
#11350=FILL_AREA_STYLE_COLOUR('',#10226);
#11351=OVER_RIDING_STYLED_ITEM('',(#11352),#7961,#9708);
#11352=PRESENTATION_STYLE_ASSIGNMENT((#11353));
#11353=SURFACE_STYLE_USAGE(.BOTH.,#11354);
#11354=SURFACE_SIDE_STYLE('',(#11355));
#11355=SURFACE_STYLE_FILL_AREA(#11356);
#11356=FILL_AREA_STYLE('',(#11357));
#11357=FILL_AREA_STYLE_COLOUR('',#10226);
#11358=OVER_RIDING_STYLED_ITEM('',(#11359),#7978,#9708);
#11359=PRESENTATION_STYLE_ASSIGNMENT((#11360));
#11360=SURFACE_STYLE_USAGE(.BOTH.,#11361);
#11361=SURFACE_SIDE_STYLE('',(#11362));
#11362=SURFACE_STYLE_FILL_AREA(#11363);
#11363=FILL_AREA_STYLE('',(#11364));
#11364=FILL_AREA_STYLE_COLOUR('',#10226);
#11365=OVER_RIDING_STYLED_ITEM('',(#11366),#7990,#9708);
#11366=PRESENTATION_STYLE_ASSIGNMENT((#11367));
#11367=SURFACE_STYLE_USAGE(.BOTH.,#11368);
#11368=SURFACE_SIDE_STYLE('',(#11369));
#11369=SURFACE_STYLE_FILL_AREA(#11370);
#11370=FILL_AREA_STYLE('',(#11371));
#11371=FILL_AREA_STYLE_COLOUR('',#10226);
#11372=OVER_RIDING_STYLED_ITEM('',(#11373),#8021,#9708);
#11373=PRESENTATION_STYLE_ASSIGNMENT((#11374));
#11374=SURFACE_STYLE_USAGE(.BOTH.,#11375);
#11375=SURFACE_SIDE_STYLE('',(#11376));
#11376=SURFACE_STYLE_FILL_AREA(#11377);
#11377=FILL_AREA_STYLE('',(#11378));
#11378=FILL_AREA_STYLE_COLOUR('',#10226);
#11379=OVER_RIDING_STYLED_ITEM('',(#11380),#8045,#9708);
#11380=PRESENTATION_STYLE_ASSIGNMENT((#11381));
#11381=SURFACE_STYLE_USAGE(.BOTH.,#11382);
#11382=SURFACE_SIDE_STYLE('',(#11383));
#11383=SURFACE_STYLE_FILL_AREA(#11384);
#11384=FILL_AREA_STYLE('',(#11385));
#11385=FILL_AREA_STYLE_COLOUR('',#10226);
#11386=OVER_RIDING_STYLED_ITEM('',(#11387),#8069,#9708);
#11387=PRESENTATION_STYLE_ASSIGNMENT((#11388));
#11388=SURFACE_STYLE_USAGE(.BOTH.,#11389);
#11389=SURFACE_SIDE_STYLE('',(#11390));
#11390=SURFACE_STYLE_FILL_AREA(#11391);
#11391=FILL_AREA_STYLE('',(#11392));
#11392=FILL_AREA_STYLE_COLOUR('',#10226);
#11393=OVER_RIDING_STYLED_ITEM('',(#11394),#8098,#9708);
#11394=PRESENTATION_STYLE_ASSIGNMENT((#11395));
#11395=SURFACE_STYLE_USAGE(.BOTH.,#11396);
#11396=SURFACE_SIDE_STYLE('',(#11397));
#11397=SURFACE_STYLE_FILL_AREA(#11398);
#11398=FILL_AREA_STYLE('',(#11399));
#11399=FILL_AREA_STYLE_COLOUR('',#10226);
#11400=OVER_RIDING_STYLED_ITEM('',(#11401),#8127,#9708);
#11401=PRESENTATION_STYLE_ASSIGNMENT((#11402));
#11402=SURFACE_STYLE_USAGE(.BOTH.,#11403);
#11403=SURFACE_SIDE_STYLE('',(#11404));
#11404=SURFACE_STYLE_FILL_AREA(#11405);
#11405=FILL_AREA_STYLE('',(#11406));
#11406=FILL_AREA_STYLE_COLOUR('',#10226);
#11407=OVER_RIDING_STYLED_ITEM('',(#11408),#8156,#9708);
#11408=PRESENTATION_STYLE_ASSIGNMENT((#11409));
#11409=SURFACE_STYLE_USAGE(.BOTH.,#11410);
#11410=SURFACE_SIDE_STYLE('',(#11411));
#11411=SURFACE_STYLE_FILL_AREA(#11412);
#11412=FILL_AREA_STYLE('',(#11413));
#11413=FILL_AREA_STYLE_COLOUR('',#10226);
#11414=OVER_RIDING_STYLED_ITEM('',(#11415),#8178,#9708);
#11415=PRESENTATION_STYLE_ASSIGNMENT((#11416));
#11416=SURFACE_STYLE_USAGE(.BOTH.,#11417);
#11417=SURFACE_SIDE_STYLE('',(#11418));
#11418=SURFACE_STYLE_FILL_AREA(#11419);
#11419=FILL_AREA_STYLE('',(#11421));
#11420=COLOUR_RGB('',0.752941191,0.752941191,0.752941191);
#11421=FILL_AREA_STYLE_COLOUR('',#11420);
#11422=OVER_RIDING_STYLED_ITEM('',(#11423),#8193,#9708);
#11423=PRESENTATION_STYLE_ASSIGNMENT((#11424));
#11424=SURFACE_STYLE_USAGE(.BOTH.,#11425);
#11425=SURFACE_SIDE_STYLE('',(#11426));
#11426=SURFACE_STYLE_FILL_AREA(#11427);
#11427=FILL_AREA_STYLE('',(#11428));
#11428=FILL_AREA_STYLE_COLOUR('',#10226);
#11429=OVER_RIDING_STYLED_ITEM('',(#11430),#8317,#9708);
#11430=PRESENTATION_STYLE_ASSIGNMENT((#11431));
#11431=SURFACE_STYLE_USAGE(.BOTH.,#11432);
#11432=SURFACE_SIDE_STYLE('',(#11433));
#11433=SURFACE_STYLE_FILL_AREA(#11434);
#11434=FILL_AREA_STYLE('',(#11435));
#11435=FILL_AREA_STYLE_COLOUR('',#10226);
#11436=OVER_RIDING_STYLED_ITEM('',(#11437),#8339,#9708);
#11437=PRESENTATION_STYLE_ASSIGNMENT((#11438));
#11438=SURFACE_STYLE_USAGE(.BOTH.,#11439);
#11439=SURFACE_SIDE_STYLE('',(#11440));
#11440=SURFACE_STYLE_FILL_AREA(#11441);
#11441=FILL_AREA_STYLE('',(#11442));
#11442=FILL_AREA_STYLE_COLOUR('',#10226);
#11443=OVER_RIDING_STYLED_ITEM('',(#11444),#8356,#9708);
#11444=PRESENTATION_STYLE_ASSIGNMENT((#11445));
#11445=SURFACE_STYLE_USAGE(.BOTH.,#11446);
#11446=SURFACE_SIDE_STYLE('',(#11447));
#11447=SURFACE_STYLE_FILL_AREA(#11448);
#11448=FILL_AREA_STYLE('',(#11449));
#11449=FILL_AREA_STYLE_COLOUR('',#10226);
#11450=OVER_RIDING_STYLED_ITEM('',(#11451),#8373,#9708);
#11451=PRESENTATION_STYLE_ASSIGNMENT((#11452));
#11452=SURFACE_STYLE_USAGE(.BOTH.,#11453);
#11453=SURFACE_SIDE_STYLE('',(#11454));
#11454=SURFACE_STYLE_FILL_AREA(#11455);
#11455=FILL_AREA_STYLE('',(#11456));
#11456=FILL_AREA_STYLE_COLOUR('',#10226);
#11457=OVER_RIDING_STYLED_ITEM('',(#11458),#8390,#9708);
#11458=PRESENTATION_STYLE_ASSIGNMENT((#11459));
#11459=SURFACE_STYLE_USAGE(.BOTH.,#11460);
#11460=SURFACE_SIDE_STYLE('',(#11461));
#11461=SURFACE_STYLE_FILL_AREA(#11462);
#11462=FILL_AREA_STYLE('',(#11463));
#11463=FILL_AREA_STYLE_COLOUR('',#10226);
#11464=OVER_RIDING_STYLED_ITEM('',(#11465),#8407,#9708);
#11465=PRESENTATION_STYLE_ASSIGNMENT((#11466));
#11466=SURFACE_STYLE_USAGE(.BOTH.,#11467);
#11467=SURFACE_SIDE_STYLE('',(#11468));
#11468=SURFACE_STYLE_FILL_AREA(#11469);
#11469=FILL_AREA_STYLE('',(#11470));
#11470=FILL_AREA_STYLE_COLOUR('',#10226);
#11471=OVER_RIDING_STYLED_ITEM('',(#11472),#8424,#9708);
#11472=PRESENTATION_STYLE_ASSIGNMENT((#11473));
#11473=SURFACE_STYLE_USAGE(.BOTH.,#11474);
#11474=SURFACE_SIDE_STYLE('',(#11475));
#11475=SURFACE_STYLE_FILL_AREA(#11476);
#11476=FILL_AREA_STYLE('',(#11477));
#11477=FILL_AREA_STYLE_COLOUR('',#10226);
#11478=OVER_RIDING_STYLED_ITEM('',(#11479),#8441,#9708);
#11479=PRESENTATION_STYLE_ASSIGNMENT((#11480));
#11480=SURFACE_STYLE_USAGE(.BOTH.,#11481);
#11481=SURFACE_SIDE_STYLE('',(#11482));
#11482=SURFACE_STYLE_FILL_AREA(#11483);
#11483=FILL_AREA_STYLE('',(#11484));
#11484=FILL_AREA_STYLE_COLOUR('',#10226);
#11485=OVER_RIDING_STYLED_ITEM('',(#11486),#8453,#9708);
#11486=PRESENTATION_STYLE_ASSIGNMENT((#11487));
#11487=SURFACE_STYLE_USAGE(.BOTH.,#11488);
#11488=SURFACE_SIDE_STYLE('',(#11489));
#11489=SURFACE_STYLE_FILL_AREA(#11490);
#11490=FILL_AREA_STYLE('',(#11491));
#11491=FILL_AREA_STYLE_COLOUR('',#10226);
#11492=OVER_RIDING_STYLED_ITEM('',(#11493),#8484,#9708);
#11493=PRESENTATION_STYLE_ASSIGNMENT((#11494));
#11494=SURFACE_STYLE_USAGE(.BOTH.,#11495);
#11495=SURFACE_SIDE_STYLE('',(#11496));
#11496=SURFACE_STYLE_FILL_AREA(#11497);
#11497=FILL_AREA_STYLE('',(#11498));
#11498=FILL_AREA_STYLE_COLOUR('',#10226);
#11499=OVER_RIDING_STYLED_ITEM('',(#11500),#8508,#9708);
#11500=PRESENTATION_STYLE_ASSIGNMENT((#11501));
#11501=SURFACE_STYLE_USAGE(.BOTH.,#11502);
#11502=SURFACE_SIDE_STYLE('',(#11503));
#11503=SURFACE_STYLE_FILL_AREA(#11504);
#11504=FILL_AREA_STYLE('',(#11505));
#11505=FILL_AREA_STYLE_COLOUR('',#10226);
#11506=OVER_RIDING_STYLED_ITEM('',(#11507),#8537,#9708);
#11507=PRESENTATION_STYLE_ASSIGNMENT((#11508));
#11508=SURFACE_STYLE_USAGE(.BOTH.,#11509);
#11509=SURFACE_SIDE_STYLE('',(#11510));
#11510=SURFACE_STYLE_FILL_AREA(#11511);
#11511=FILL_AREA_STYLE('',(#11512));
#11512=FILL_AREA_STYLE_COLOUR('',#10226);
#11513=OVER_RIDING_STYLED_ITEM('',(#11514),#8561,#9708);
#11514=PRESENTATION_STYLE_ASSIGNMENT((#11515));
#11515=SURFACE_STYLE_USAGE(.BOTH.,#11516);
#11516=SURFACE_SIDE_STYLE('',(#11517));
#11517=SURFACE_STYLE_FILL_AREA(#11518);
#11518=FILL_AREA_STYLE('',(#11519));
#11519=FILL_AREA_STYLE_COLOUR('',#10226);
#11520=OVER_RIDING_STYLED_ITEM('',(#11521),#8590,#9708);
#11521=PRESENTATION_STYLE_ASSIGNMENT((#11522));
#11522=SURFACE_STYLE_USAGE(.BOTH.,#11523);
#11523=SURFACE_SIDE_STYLE('',(#11524));
#11524=SURFACE_STYLE_FILL_AREA(#11525);
#11525=FILL_AREA_STYLE('',(#11526));
#11526=FILL_AREA_STYLE_COLOUR('',#10226);
#11527=OVER_RIDING_STYLED_ITEM('',(#11528),#8607,#9708);
#11528=PRESENTATION_STYLE_ASSIGNMENT((#11529));
#11529=SURFACE_STYLE_USAGE(.BOTH.,#11530);
#11530=SURFACE_SIDE_STYLE('',(#11531));
#11531=SURFACE_STYLE_FILL_AREA(#11532);
#11532=FILL_AREA_STYLE('',(#11534));
#11533=COLOUR_RGB('',0.752941191,0.752941191,0.752941191);
#11534=FILL_AREA_STYLE_COLOUR('',#11533);
#11535=OVER_RIDING_STYLED_ITEM('',(#11536),#8621,#9708);
#11536=PRESENTATION_STYLE_ASSIGNMENT((#11537));
#11537=SURFACE_STYLE_USAGE(.BOTH.,#11538);
#11538=SURFACE_SIDE_STYLE('',(#11539));
#11539=SURFACE_STYLE_FILL_AREA(#11540);
#11540=FILL_AREA_STYLE('',(#11541));
#11541=FILL_AREA_STYLE_COLOUR('',#10226);
#11542=OVER_RIDING_STYLED_ITEM('',(#11543),#8946,#9708);
#11543=PRESENTATION_STYLE_ASSIGNMENT((#11544));
#11544=SURFACE_STYLE_USAGE(.BOTH.,#11545);
#11545=SURFACE_SIDE_STYLE('',(#11546));
#11546=SURFACE_STYLE_FILL_AREA(#11547);
#11547=FILL_AREA_STYLE('',(#11548));
#11548=FILL_AREA_STYLE_COLOUR('',#10226);
#11549=OVER_RIDING_STYLED_ITEM('',(#11550),#8972,#9708);
#11550=PRESENTATION_STYLE_ASSIGNMENT((#11551));
#11551=SURFACE_STYLE_USAGE(.BOTH.,#11552);
#11552=SURFACE_SIDE_STYLE('',(#11553));
#11553=SURFACE_STYLE_FILL_AREA(#11554);
#11554=FILL_AREA_STYLE('',(#11555));
#11555=FILL_AREA_STYLE_COLOUR('',#10226);
#11556=OVER_RIDING_STYLED_ITEM('',(#11557),#8993,#9708);
#11557=PRESENTATION_STYLE_ASSIGNMENT((#11558));
#11558=SURFACE_STYLE_USAGE(.BOTH.,#11559);
#11559=SURFACE_SIDE_STYLE('',(#11560));
#11560=SURFACE_STYLE_FILL_AREA(#11561);
#11561=FILL_AREA_STYLE('',(#11562));
#11562=FILL_AREA_STYLE_COLOUR('',#10226);
#11563=OVER_RIDING_STYLED_ITEM('',(#11564),#9014,#9708);
#11564=PRESENTATION_STYLE_ASSIGNMENT((#11565));
#11565=SURFACE_STYLE_USAGE(.BOTH.,#11566);
#11566=SURFACE_SIDE_STYLE('',(#11567));
#11567=SURFACE_STYLE_FILL_AREA(#11568);
#11568=FILL_AREA_STYLE('',(#11569));
#11569=FILL_AREA_STYLE_COLOUR('',#10226);
#11570=OVER_RIDING_STYLED_ITEM('',(#11571),#9035,#9708);
#11571=PRESENTATION_STYLE_ASSIGNMENT((#11572));
#11572=SURFACE_STYLE_USAGE(.BOTH.,#11573);
#11573=SURFACE_SIDE_STYLE('',(#11574));
#11574=SURFACE_STYLE_FILL_AREA(#11575);
#11575=FILL_AREA_STYLE('',(#11576));
#11576=FILL_AREA_STYLE_COLOUR('',#10226);
#11577=OVER_RIDING_STYLED_ITEM('',(#11578),#9056,#9708);
#11578=PRESENTATION_STYLE_ASSIGNMENT((#11579));
#11579=SURFACE_STYLE_USAGE(.BOTH.,#11580);
#11580=SURFACE_SIDE_STYLE('',(#11581));
#11581=SURFACE_STYLE_FILL_AREA(#11582);
#11582=FILL_AREA_STYLE('',(#11583));
#11583=FILL_AREA_STYLE_COLOUR('',#10226);
#11584=OVER_RIDING_STYLED_ITEM('',(#11585),#9077,#9708);
#11585=PRESENTATION_STYLE_ASSIGNMENT((#11586));
#11586=SURFACE_STYLE_USAGE(.BOTH.,#11587);
#11587=SURFACE_SIDE_STYLE('',(#11588));
#11588=SURFACE_STYLE_FILL_AREA(#11589);
#11589=FILL_AREA_STYLE('',(#11590));
#11590=FILL_AREA_STYLE_COLOUR('',#10226);
#11591=OVER_RIDING_STYLED_ITEM('',(#11592),#9098,#9708);
#11592=PRESENTATION_STYLE_ASSIGNMENT((#11593));
#11593=SURFACE_STYLE_USAGE(.BOTH.,#11594);
#11594=SURFACE_SIDE_STYLE('',(#11595));
#11595=SURFACE_STYLE_FILL_AREA(#11596);
#11596=FILL_AREA_STYLE('',(#11597));
#11597=FILL_AREA_STYLE_COLOUR('',#10226);
#11598=OVER_RIDING_STYLED_ITEM('',(#11599),#9119,#9708);
#11599=PRESENTATION_STYLE_ASSIGNMENT((#11600));
#11600=SURFACE_STYLE_USAGE(.BOTH.,#11601);
#11601=SURFACE_SIDE_STYLE('',(#11602));
#11602=SURFACE_STYLE_FILL_AREA(#11603);
#11603=FILL_AREA_STYLE('',(#11604));
#11604=FILL_AREA_STYLE_COLOUR('',#10226);
#11605=OVER_RIDING_STYLED_ITEM('',(#11606),#9140,#9708);
#11606=PRESENTATION_STYLE_ASSIGNMENT((#11607));
#11607=SURFACE_STYLE_USAGE(.BOTH.,#11608);
#11608=SURFACE_SIDE_STYLE('',(#11609));
#11609=SURFACE_STYLE_FILL_AREA(#11610);
#11610=FILL_AREA_STYLE('',(#11611));
#11611=FILL_AREA_STYLE_COLOUR('',#10226);
#11612=OVER_RIDING_STYLED_ITEM('',(#11613),#9161,#9708);
#11613=PRESENTATION_STYLE_ASSIGNMENT((#11614));
#11614=SURFACE_STYLE_USAGE(.BOTH.,#11615);
#11615=SURFACE_SIDE_STYLE('',(#11616));
#11616=SURFACE_STYLE_FILL_AREA(#11617);
#11617=FILL_AREA_STYLE('',(#11618));
#11618=FILL_AREA_STYLE_COLOUR('',#10226);
#11619=OVER_RIDING_STYLED_ITEM('',(#11620),#9182,#9708);
#11620=PRESENTATION_STYLE_ASSIGNMENT((#11621));
#11621=SURFACE_STYLE_USAGE(.BOTH.,#11622);
#11622=SURFACE_SIDE_STYLE('',(#11623));
#11623=SURFACE_STYLE_FILL_AREA(#11624);
#11624=FILL_AREA_STYLE('',(#11625));
#11625=FILL_AREA_STYLE_COLOUR('',#10226);
#11626=OVER_RIDING_STYLED_ITEM('',(#11627),#9203,#9708);
#11627=PRESENTATION_STYLE_ASSIGNMENT((#11628));
#11628=SURFACE_STYLE_USAGE(.BOTH.,#11629);
#11629=SURFACE_SIDE_STYLE('',(#11630));
#11630=SURFACE_STYLE_FILL_AREA(#11631);
#11631=FILL_AREA_STYLE('',(#11632));
#11632=FILL_AREA_STYLE_COLOUR('',#10226);
#11633=OVER_RIDING_STYLED_ITEM('',(#11634),#9220,#9708);
#11634=PRESENTATION_STYLE_ASSIGNMENT((#11635));
#11635=SURFACE_STYLE_USAGE(.BOTH.,#11636);
#11636=SURFACE_SIDE_STYLE('',(#11637));
#11637=SURFACE_STYLE_FILL_AREA(#11638);
#11638=FILL_AREA_STYLE('',(#11639));
#11639=FILL_AREA_STYLE_COLOUR('',#10226);
#11640=OVER_RIDING_STYLED_ITEM('',(#11641),#9237,#9708);
#11641=PRESENTATION_STYLE_ASSIGNMENT((#11642));
#11642=SURFACE_STYLE_USAGE(.BOTH.,#11643);
#11643=SURFACE_SIDE_STYLE('',(#11644));
#11644=SURFACE_STYLE_FILL_AREA(#11645);
#11645=FILL_AREA_STYLE('',(#11646));
#11646=FILL_AREA_STYLE_COLOUR('',#10226);
#11647=OVER_RIDING_STYLED_ITEM('',(#11648),#9254,#9708);
#11648=PRESENTATION_STYLE_ASSIGNMENT((#11649));
#11649=SURFACE_STYLE_USAGE(.BOTH.,#11650);
#11650=SURFACE_SIDE_STYLE('',(#11651));
#11651=SURFACE_STYLE_FILL_AREA(#11652);
#11652=FILL_AREA_STYLE('',(#11653));
#11653=FILL_AREA_STYLE_COLOUR('',#10226);
#11654=OVER_RIDING_STYLED_ITEM('',(#11655),#9271,#9708);
#11655=PRESENTATION_STYLE_ASSIGNMENT((#11656));
#11656=SURFACE_STYLE_USAGE(.BOTH.,#11657);
#11657=SURFACE_SIDE_STYLE('',(#11658));
#11658=SURFACE_STYLE_FILL_AREA(#11659);
#11659=FILL_AREA_STYLE('',(#11660));
#11660=FILL_AREA_STYLE_COLOUR('',#10226);
#11661=OVER_RIDING_STYLED_ITEM('',(#11662),#9292,#9708);
#11662=PRESENTATION_STYLE_ASSIGNMENT((#11663));
#11663=SURFACE_STYLE_USAGE(.BOTH.,#11664);
#11664=SURFACE_SIDE_STYLE('',(#11665));
#11665=SURFACE_STYLE_FILL_AREA(#11666);
#11666=FILL_AREA_STYLE('',(#11667));
#11667=FILL_AREA_STYLE_COLOUR('',#10226);
#11668=OVER_RIDING_STYLED_ITEM('',(#11669),#9313,#9708);
#11669=PRESENTATION_STYLE_ASSIGNMENT((#11670));
#11670=SURFACE_STYLE_USAGE(.BOTH.,#11671);
#11671=SURFACE_SIDE_STYLE('',(#11672));
#11672=SURFACE_STYLE_FILL_AREA(#11673);
#11673=FILL_AREA_STYLE('',(#11674));
#11674=FILL_AREA_STYLE_COLOUR('',#10226);
#11675=OVER_RIDING_STYLED_ITEM('',(#11676),#9334,#9708);
#11676=PRESENTATION_STYLE_ASSIGNMENT((#11677));
#11677=SURFACE_STYLE_USAGE(.BOTH.,#11678);
#11678=SURFACE_SIDE_STYLE('',(#11679));
#11679=SURFACE_STYLE_FILL_AREA(#11680);
#11680=FILL_AREA_STYLE('',(#11681));
#11681=FILL_AREA_STYLE_COLOUR('',#10226);
#11682=OVER_RIDING_STYLED_ITEM('',(#11683),#9355,#9708);
#11683=PRESENTATION_STYLE_ASSIGNMENT((#11684));
#11684=SURFACE_STYLE_USAGE(.BOTH.,#11685);
#11685=SURFACE_SIDE_STYLE('',(#11686));
#11686=SURFACE_STYLE_FILL_AREA(#11687);
#11687=FILL_AREA_STYLE('',(#11688));
#11688=FILL_AREA_STYLE_COLOUR('',#10226);
#11689=OVER_RIDING_STYLED_ITEM('',(#11690),#9376,#9708);
#11690=PRESENTATION_STYLE_ASSIGNMENT((#11691));
#11691=SURFACE_STYLE_USAGE(.BOTH.,#11692);
#11692=SURFACE_SIDE_STYLE('',(#11693));
#11693=SURFACE_STYLE_FILL_AREA(#11694);
#11694=FILL_AREA_STYLE('',(#11695));
#11695=FILL_AREA_STYLE_COLOUR('',#10226);
#11696=OVER_RIDING_STYLED_ITEM('',(#11697),#9397,#9708);
#11697=PRESENTATION_STYLE_ASSIGNMENT((#11698));
#11698=SURFACE_STYLE_USAGE(.BOTH.,#11699);
#11699=SURFACE_SIDE_STYLE('',(#11700));
#11700=SURFACE_STYLE_FILL_AREA(#11701);
#11701=FILL_AREA_STYLE('',(#11702));
#11702=FILL_AREA_STYLE_COLOUR('',#10226);
#11703=OVER_RIDING_STYLED_ITEM('',(#11704),#9418,#9708);
#11704=PRESENTATION_STYLE_ASSIGNMENT((#11705));
#11705=SURFACE_STYLE_USAGE(.BOTH.,#11706);
#11706=SURFACE_SIDE_STYLE('',(#11707));
#11707=SURFACE_STYLE_FILL_AREA(#11708);
#11708=FILL_AREA_STYLE('',(#11709));
#11709=FILL_AREA_STYLE_COLOUR('',#10226);
#11710=OVER_RIDING_STYLED_ITEM('',(#11711),#9435,#9708);
#11711=PRESENTATION_STYLE_ASSIGNMENT((#11712));
#11712=SURFACE_STYLE_USAGE(.BOTH.,#11713);
#11713=SURFACE_SIDE_STYLE('',(#11714));
#11714=SURFACE_STYLE_FILL_AREA(#11715);
#11715=FILL_AREA_STYLE('',(#11716));
#11716=FILL_AREA_STYLE_COLOUR('',#10226);
#11717=OVER_RIDING_STYLED_ITEM('',(#11718),#9456,#9708);
#11718=PRESENTATION_STYLE_ASSIGNMENT((#11719));
#11719=SURFACE_STYLE_USAGE(.BOTH.,#11720);
#11720=SURFACE_SIDE_STYLE('',(#11721));
#11721=SURFACE_STYLE_FILL_AREA(#11722);
#11722=FILL_AREA_STYLE('',(#11723));
#11723=FILL_AREA_STYLE_COLOUR('',#10226);
#11724=OVER_RIDING_STYLED_ITEM('',(#11725),#9477,#9708);
#11725=PRESENTATION_STYLE_ASSIGNMENT((#11726));
#11726=SURFACE_STYLE_USAGE(.BOTH.,#11727);
#11727=SURFACE_SIDE_STYLE('',(#11728));
#11728=SURFACE_STYLE_FILL_AREA(#11729);
#11729=FILL_AREA_STYLE('',(#11730));
#11730=FILL_AREA_STYLE_COLOUR('',#10226);
#11731=OVER_RIDING_STYLED_ITEM('',(#11732),#9494,#9708);
#11732=PRESENTATION_STYLE_ASSIGNMENT((#11733));
#11733=SURFACE_STYLE_USAGE(.BOTH.,#11734);
#11734=SURFACE_SIDE_STYLE('',(#11735));
#11735=SURFACE_STYLE_FILL_AREA(#11736);
#11736=FILL_AREA_STYLE('',(#11737));
#11737=FILL_AREA_STYLE_COLOUR('',#10226);
#11738=OVER_RIDING_STYLED_ITEM('',(#11739),#9515,#9708);
#11739=PRESENTATION_STYLE_ASSIGNMENT((#11740));
#11740=SURFACE_STYLE_USAGE(.BOTH.,#11741);
#11741=SURFACE_SIDE_STYLE('',(#11742));
#11742=SURFACE_STYLE_FILL_AREA(#11743);
#11743=FILL_AREA_STYLE('',(#11744));
#11744=FILL_AREA_STYLE_COLOUR('',#10226);
#11745=OVER_RIDING_STYLED_ITEM('',(#11746),#9536,#9708);
#11746=PRESENTATION_STYLE_ASSIGNMENT((#11747));
#11747=SURFACE_STYLE_USAGE(.BOTH.,#11748);
#11748=SURFACE_SIDE_STYLE('',(#11749));
#11749=SURFACE_STYLE_FILL_AREA(#11750);
#11750=FILL_AREA_STYLE('',(#11751));
#11751=FILL_AREA_STYLE_COLOUR('',#10226);
#11752=OVER_RIDING_STYLED_ITEM('',(#11753),#9557,#9708);
#11753=PRESENTATION_STYLE_ASSIGNMENT((#11754));
#11754=SURFACE_STYLE_USAGE(.BOTH.,#11755);
#11755=SURFACE_SIDE_STYLE('',(#11756));
#11756=SURFACE_STYLE_FILL_AREA(#11757);
#11757=FILL_AREA_STYLE('',(#11758));
#11758=FILL_AREA_STYLE_COLOUR('',#10226);
#11759=OVER_RIDING_STYLED_ITEM('',(#11760),#9574,#9708);
#11760=PRESENTATION_STYLE_ASSIGNMENT((#11761));
#11761=SURFACE_STYLE_USAGE(.BOTH.,#11762);
#11762=SURFACE_SIDE_STYLE('',(#11763));
#11763=SURFACE_STYLE_FILL_AREA(#11764);
#11764=FILL_AREA_STYLE('',(#11765));
#11765=FILL_AREA_STYLE_COLOUR('',#10226);
#11766=OVER_RIDING_STYLED_ITEM('',(#11767),#9595,#9708);
#11767=PRESENTATION_STYLE_ASSIGNMENT((#11768));
#11768=SURFACE_STYLE_USAGE(.BOTH.,#11769);
#11769=SURFACE_SIDE_STYLE('',(#11770));
#11770=SURFACE_STYLE_FILL_AREA(#11771);
#11771=FILL_AREA_STYLE('',(#11772));
#11772=FILL_AREA_STYLE_COLOUR('',#10226);
#11773=OVER_RIDING_STYLED_ITEM('',(#11774),#9611,#9708);
#11774=PRESENTATION_STYLE_ASSIGNMENT((#11775));
#11775=SURFACE_STYLE_USAGE(.BOTH.,#11776);
#11776=SURFACE_SIDE_STYLE('',(#11777));
#11777=SURFACE_STYLE_FILL_AREA(#11778);
#11778=FILL_AREA_STYLE('',(#11779));
#11779=FILL_AREA_STYLE_COLOUR('',#10226);
#11780=OVER_RIDING_STYLED_ITEM('',(#11781),#9656,#9708);
#11781=PRESENTATION_STYLE_ASSIGNMENT((#11782));
#11782=SURFACE_STYLE_USAGE(.BOTH.,#11783);
#11783=SURFACE_SIDE_STYLE('',(#11784));
#11784=SURFACE_STYLE_FILL_AREA(#11785);
#11785=FILL_AREA_STYLE('',(#11786));
#11786=FILL_AREA_STYLE_COLOUR('',#10226);
#11787=OVER_RIDING_STYLED_ITEM('',(#11788),#9684,#9708);
#11788=PRESENTATION_STYLE_ASSIGNMENT((#11789));
#11789=SURFACE_STYLE_USAGE(.BOTH.,#11790);
#11790=SURFACE_SIDE_STYLE('',(#11791));
#11791=SURFACE_STYLE_FILL_AREA(#11792);
#11792=FILL_AREA_STYLE('',(#11794));
#11793=COLOUR_RGB('',0.752941191,0.752941191,0.752941191);
#11794=FILL_AREA_STYLE_COLOUR('',#11793);
#11795=MECHANICAL_DESIGN_GEOMETRIC_PRESENTATION_REPRESENTATION('',(#9708,#9716,#9724,#9732,#9740,#9748,#9756,#9764,#9772,#9780,#9788,#9796,#9804,#9812,#9820,#9828,#9836,#9844,#9852,#9860,#9868,#9876,#9884,#9892,#9900,#9908,#9916,#9924,#9932,#9940,#9948,#9956,#9964,#9972,#9980,#9988,#9996,#10004,#10012,#10020,#10028,#10036,#10044,#10052,#10060,#10068,#10076,#10084,#10092,#10100,#10108,#10116,#10124,#10132,#10140,#10148,#10156,#10164,#10172,#10180,#10188,#10196,#10204,#10212,#10220,#10228,#10235,#10242,#10249,#10256,#10263,#10270,#10277,#10284,#10291,#10298,#10305,#10312,#10319,#10326,#10333,#10340,#10347,#10354,#10361,#10368,#10375,#10382,#10389,#10396,#10403,#10410,#10417,#10424,#10431,#10438,#10445,#10452,#10459,#10466,#10473,#10480,#10487,#10494,#10501,#10508,#10515,#10522,#10529,#10536,#10543,#10550,#10557,#10564,#10571,#10579,#10586,#10593,#10600,#10607,#10614,#10621,#10628,#10635,#10642,#10649,#10656,#10663,#10670,#10677,#10684,#10692,#10699,#10706,#10713,#10720,#10727,#10734,#10741,#10748,#10755,#10762,#10769,#10776,#10783,#10790,#10797,#10804,#10811,#10818,#10825,#10832,#10839,#10846,#10853,#10860,#10867,#10874,#10881,#10888,#10895,#10902,#10909,#10916,#10923,#10930,#10937,#10944,#10952,#10959,#10966,#10973,#10980,#10987,#10994,#11001,#11008,#11015,#11022,#11029,#11036,#11043,#11050,#11057,#11064,#11071,#11078,#11085,#11092,#11099,#11106,#11113,#11120,#11127,#11134,#11141,#11148,#11155,#11162,#11169,#11176,#11183,#11190,#11197,#11204,#11211,#11218,#11225,#11232,#11239,#11246,#11253,#11260,#11267,#11274,#11281,#11288,#11295,#11302,#11309,#11316,#11323,#11330,#11337,#11344,#11351,#11358,#11365,#11372,#11379,#11386,#11393,#11400,#11407,#11414,#11422,#11429,#11436,#11443,#11450,#11457,#11464,#11471,#11478,#11485,#11492,#11499,#11506,#11513,#11520,#11527,#11535,#11542,#11549,#11556,#11563,#11570,#11577,#11584,#11591,#11598,#11605,#11612,#11619,#11626,#11633,#11640,#11647,#11654,#11661,#11668,#11675,#11682,#11689,#11696,#11703,#11710,#11717,#11724,#11731,#11738,#11745,#11752,#11759,#11766,#11773,#11780,#11787),#9694);
ENDSEC;
END-ISO-10303-21;
