ISO-10303-21;
HEADER;
FILE_DESCRIPTION(('CAx-IF Rec.Pracs.---Model Styling and Organization---1.5---2016-08-15','CAx-IF Rec.Pracs.---Geometric and Assembly Validation Properties---4.4---2016-08-17','CAx-IF Rec.Pracs.---User Defined Attributes---1.5---2016-08-15','CAx-IF Rec.Pracs.---External References---2.1---2005-01-19'),'2;1');
FILE_NAME('MINI MSK12CO2.stp','2025-08-25T13:01:17',('Unspecified'),('Unspecified'),'CAD Exchanger 3.11.0 (cadexchanger.com)','Unspecified','');
FILE_SCHEMA(('AUTOMOTIVE_DESIGN { 1 0 10303 214 1 1 1 1 }'));
ENDSEC;
DATA;
#1=APPLICATION_CONTEXT('core data for automotive mechanical design processes');
#2=APPLICATION_PROTOCOL_DEFINITION('international standard','automotive_design',2000,#1);
#3=PRODUCT_CONTEXT('',#1,'mechanical');
#4=PRODUCT('PCBModel','PCBModel',$,(#3));
#5=PRODUCT_DEFINITION_FORMATION('',$,#4);
#6=PRODUCT_DEFINITION_CONTEXT('part definition',#1,'design');
#7=PRODUCT_DEFINITION('design',$,#5,#6);
#8=PRODUCT_DEFINITION_SHAPE('',$,#7);
#9=AXIS2_PLACEMENT_3D('',#10,#11,#12);
#10=CARTESIAN_POINT('',(0.0,0.0,0.0));
#11=DIRECTION('',(0.0,0.0,1.0));
#12=DIRECTION('',(1.0,0.0,0.0));
#13=AXIS2_PLACEMENT_3D('',#14,#15,#16);
#14=CARTESIAN_POINT('',(0.0,0.0,1.6000508));
#15=DIRECTION('',(0.0,0.0,1.0));
#16=DIRECTION('',(1.0,0.0,0.0));
#17=(GEOMETRIC_REPRESENTATION_CONTEXT(3)GLOBAL_UNIT_ASSIGNED_CONTEXT((#18,#19,#20))REPRESENTATION_CONTEXT('',''));
#18=(LENGTH_UNIT()NAMED_UNIT(*)SI_UNIT(.MILLI.,.METRE.));
#19=(NAMED_UNIT(*)PLANE_ANGLE_UNIT()SI_UNIT($,.RADIAN.));
#20=(NAMED_UNIT(*)SI_UNIT($,.STERADIAN.)SOLID_ANGLE_UNIT());
#21=SHAPE_REPRESENTATION('',(#9,#13),#17);
#22=SHAPE_DEFINITION_REPRESENTATION(#8,#21);
#23=PRODUCT_RELATED_PRODUCT_CATEGORY('assembly',$,(#4));
#24=(GEOMETRIC_REPRESENTATION_CONTEXT(3)GLOBAL_UNIT_ASSIGNED_CONTEXT((#18,#19,#20))REPRESENTATION_CONTEXT('',''));
#25=SHAPE_REPRESENTATION('',(#9),#24);
#26=(REPRESENTATION_RELATIONSHIP('',$,#25,#21)REPRESENTATION_RELATIONSHIP_WITH_TRANSFORMATION(#27)SHAPE_REPRESENTATION_RELATIONSHIP());
#27=ITEM_DEFINED_TRANSFORMATION('',$,#9,#13);
#28=PRODUCT('FYSX-SW1','FYSX-SW1',$,(#3));
#29=PRODUCT_DEFINITION_FORMATION('',$,#28);
#30=PRODUCT_DEFINITION('design',$,#29,#6);
#31=NEXT_ASSEMBLY_USAGE_OCCURRENCE('instance_1','','',#7,#30,$);
#32=PRODUCT_DEFINITION_SHAPE('',$,#31);
#33=CONTEXT_DEPENDENT_SHAPE_REPRESENTATION(#26,#32);
#34=PRODUCT_DEFINITION_SHAPE('',$,#30);
#35=SHAPE_DEFINITION_REPRESENTATION(#34,#25);
#36=PRODUCT_RELATED_PRODUCT_CATEGORY('assembly',$,(#28));
#37=(GEOMETRIC_REPRESENTATION_CONTEXT(3)GLOBAL_UNIT_ASSIGNED_CONTEXT((#18,#19,#20))REPRESENTATION_CONTEXT('',''));
#38=SHAPE_REPRESENTATION('',(#9),#37);
#39=(REPRESENTATION_RELATIONSHIP('',$,#38,#25)REPRESENTATION_RELATIONSHIP_WITH_TRANSFORMATION(#40)SHAPE_REPRESENTATION_RELATIONSHIP());
#40=ITEM_DEFINED_TRANSFORMATION('',$,#9,#9);
#41=PRODUCT('SW-SMD_MSK12CO2','SW-SMD_MSK12CO2',$,(#3));
#42=PRODUCT_DEFINITION_FORMATION('',$,#41);
#43=PRODUCT_DEFINITION('design',$,#42,#6);
#44=NEXT_ASSEMBLY_USAGE_OCCURRENCE('instance_2','','',#30,#43,$);
#45=PRODUCT_DEFINITION_SHAPE('',$,#44);
#46=CONTEXT_DEPENDENT_SHAPE_REPRESENTATION(#39,#45);
#47=PRODUCT_DEFINITION_SHAPE('',$,#43);
#48=SHAPE_DEFINITION_REPRESENTATION(#47,#38);
#49=PRODUCT_RELATED_PRODUCT_CATEGORY('assembly',$,(#41));
#50=MANIFOLD_SOLID_BREP('',#51);
#51=CLOSED_SHELL('',(#52,#92,#1133,#1237,#1269,#1301,#1333,#1349,#1375,#1393,#1405,#1437,#1455,#1477,#1489,#1520,#1544,#1568,#1585,#1597,#1637,#1677,#1717,#1757,#1797,#1837,#1877,#1899,#1916,#1933,#1945,#1967,#1984,#2001,#2013,#2035,#2052,#2069,#2081,#2103,#2120,#2137,#2149,#2171,#2188,#2205,#2217,#2239,#2256,#2273,#2285,#2307,#2324,#2341,#2353,#2533,#2572,#2596,#2628,#2645,#2662,#2674,#2713,#2737,#2769,#2786,#2803,#2815,#2854,#2878,#2910,#2927,#2944,#2956,#3012,#3067,#3089,#3129,#3146,#3177,#3216,#3247,#3287,#3311,#3328,#3352,#3400,#3417,#3507,#3538,#3562,#3641,#3658,#3670,#3682,#3694,#3727,#3744,#3756,#3787,#3804,#3829,#3841,#3853,#3865,#3877,#3908,#3932,#3956,#3980,#4004,#4021,#4035,#4354,#4458,#4676,#4774,#4796,#4813,#4830,#4847,#4864,#4881,#4898,#4915,#4932,#4944,#4961,#4978,#4995,#5012,#5029,#5046,#5063,#5080,#5097,#5114,#5131,#5148,#5165,#5182,#5199,#5216,#5233,#5250,#5267,#5284,#5301,#5318,#5335,#5352,#5369,#5386,#5403,#5420,#5432,#5454,#5471,#5488,#5505,#5522,#5539,#5556,#5573,#5590,#5607,#5624,#5636,#5658,#5675,#5692,#5709,#5726,#5743,#5760,#5777,#5794,#5811,#5828,#5845,#5862,#5874,#5896,#5913,#5930,#5947,#5964,#5981,#5998,#6015,#6032,#6049,#6066,#6078,#6100,#6117,#6134,#6151,#6168,#6185,#6202,#6214,#6236,#6253));
#52=ADVANCED_FACE('',(#53),#87,.T.);
#53=FACE_BOUND('',#54,.T.);
#54=EDGE_LOOP('',(#55,#65,#73,#81));
#55=ORIENTED_EDGE('',*,*,#56,.T.);
#56=EDGE_CURVE('',#57,#59,#61,.T.);
#57=VERTEX_POINT('',#58);
#58=CARTESIAN_POINT('',(-0.350481244,-1.259847894,-9.258973643E-09));
#59=VERTEX_POINT('',#60);
#60=CARTESIAN_POINT('',(-0.350481244,-1.259847894,-0.010000009));
#61=LINE('',#62,#63);
#62=CARTESIAN_POINT('',(-0.350481244,-1.259847894,-9.258973643E-09));
#63=VECTOR('',#64,1.0);
#64=DIRECTION('',(1.110223025E-14,0.0,-1.0));
#65=ORIENTED_EDGE('',*,*,#66,.T.);
#66=EDGE_CURVE('',#59,#67,#69,.F.);
#67=VERTEX_POINT('',#68);
#68=CARTESIAN_POINT('',(-0.356841654,-1.292326613,-0.010000009));
#69=LINE('',#70,#71);
#70=CARTESIAN_POINT('',(-0.356841654,-1.292326613,-0.010000009));
#71=VECTOR('',#72,1.0);
#72=DIRECTION('',(0.192182677,0.981359169,0.0));
#73=ORIENTED_EDGE('',*,*,#74,.T.);
#74=EDGE_CURVE('',#67,#75,#77,.F.);
#75=VERTEX_POINT('',#76);
#76=CARTESIAN_POINT('',(-0.356841654,-1.292326613,-9.258973643E-09));
#77=LINE('',#78,#79);
#78=CARTESIAN_POINT('',(-0.356841654,-1.292326613,-9.258973643E-09));
#79=VECTOR('',#80,1.0);
#80=DIRECTION('',(0.0,-1.110223025E-14,-1.0));
#81=ORIENTED_EDGE('',*,*,#82,.T.);
#82=EDGE_CURVE('',#75,#57,#83,.T.);
#83=LINE('',#84,#85);
#84=CARTESIAN_POINT('',(-0.356841654,-1.292326613,-9.258973643E-09));
#85=VECTOR('',#86,1.0);
#86=DIRECTION('',(0.192182677,0.981359169,0.0));
#87=PLANE('',#88);
#88=AXIS2_PLACEMENT_3D('',#89,#90,#91);
#89=CARTESIAN_POINT('',(-0.356841654,-1.292326613,-9.258973643E-09));
#90=DIRECTION('',(-0.981359169,0.192182677,0.0));
#91=DIRECTION('',(0.192182677,0.981359169,0.0));
#92=ADVANCED_FACE('',(#93,#175,#195,#215,#249,#283,#317,#351,#385,#419,#453,#487,#537,#850,#948,#1062),#1128,.F.);
#93=FACE_BOUND('',#94,.T.);
#94=EDGE_LOOP('',(#95,#105,#113,#121,#129,#137,#145,#153,#161,#169));
#95=ORIENTED_EDGE('',*,*,#96,.T.);
#96=EDGE_CURVE('',#97,#99,#101,.T.);
#97=VERTEX_POINT('',#98);
#98=CARTESIAN_POINT('',(-0.199999996,1.042005255,-9.258973643E-09));
#99=VERTEX_POINT('',#100);
#100=CARTESIAN_POINT('',(0.199999996,1.042005255,-9.258973643E-09));
#101=LINE('',#102,#103);
#102=CARTESIAN_POINT('',(-0.199999996,1.042005255,-9.258973643E-09));
#103=VECTOR('',#104,1.0);
#104=DIRECTION('',(1.0,0.0,0.0));
#105=ORIENTED_EDGE('',*,*,#106,.T.);
#106=EDGE_CURVE('',#99,#107,#109,.F.);
#107=VERTEX_POINT('',#108);
#108=CARTESIAN_POINT('',(0.799999985,1.042005255,-9.258973643E-09));
#109=LINE('',#110,#111);
#110=CARTESIAN_POINT('',(0.799999985,1.042005255,-9.258973643E-09));
#111=VECTOR('',#112,1.0);
#112=DIRECTION('',(-1.0,0.0,0.0));
#113=ORIENTED_EDGE('',*,*,#114,.T.);
#114=EDGE_CURVE('',#107,#115,#117,.T.);
#115=VERTEX_POINT('',#116);
#116=CARTESIAN_POINT('',(1.199999978,1.042005255,-9.258973643E-09));
#117=LINE('',#118,#119);
#118=CARTESIAN_POINT('',(0.799999985,1.042005255,-9.258973643E-09));
#119=VECTOR('',#120,1.0);
#120=DIRECTION('',(1.0,0.0,0.0));
#121=ORIENTED_EDGE('',*,*,#122,.T.);
#122=EDGE_CURVE('',#115,#123,#125,.F.);
#123=VERTEX_POINT('',#124);
#124=CARTESIAN_POINT('',(2.329999957,1.042005255,-9.258973643E-09));
#125=LINE('',#126,#127);
#126=CARTESIAN_POINT('',(2.329999957,1.042005255,-9.258973643E-09));
#127=VECTOR('',#128,1.0);
#128=DIRECTION('',(-1.0,0.0,0.0));
#129=ORIENTED_EDGE('',*,*,#130,.T.);
#130=EDGE_CURVE('',#123,#131,#133,.F.);
#131=VERTEX_POINT('',#132);
#132=CARTESIAN_POINT('',(2.329999957,-1.707994694,-9.258973643E-09));
#133=LINE('',#134,#135);
#134=CARTESIAN_POINT('',(2.329999957,-1.707994694,-9.258973643E-09));
#135=VECTOR('',#136,1.0);
#136=DIRECTION('',(0.0,1.0,0.0));
#137=ORIENTED_EDGE('',*,*,#138,.T.);
#138=EDGE_CURVE('',#131,#139,#141,.F.);
#139=VERTEX_POINT('',#140);
#140=CARTESIAN_POINT('',(-2.329999957,-1.707994694,-9.258973643E-09));
#141=LINE('',#142,#143);
#142=CARTESIAN_POINT('',(-2.329999957,-1.707994694,-9.258973643E-09));
#143=VECTOR('',#144,1.0);
#144=DIRECTION('',(1.0,0.0,0.0));
#145=ORIENTED_EDGE('',*,*,#146,.T.);
#146=EDGE_CURVE('',#139,#147,#149,.T.);
#147=VERTEX_POINT('',#148);
#148=CARTESIAN_POINT('',(-2.329999957,1.042005255,-9.258973643E-09));
#149=LINE('',#150,#151);
#150=CARTESIAN_POINT('',(-2.329999957,-1.707994694,-9.258973643E-09));
#151=VECTOR('',#152,1.0);
#152=DIRECTION('',(0.0,1.0,0.0));
#153=ORIENTED_EDGE('',*,*,#154,.T.);
#154=EDGE_CURVE('',#147,#155,#157,.F.);
#155=VERTEX_POINT('',#156);
#156=CARTESIAN_POINT('',(-1.199999978,1.042005255,-9.258973643E-09));
#157=LINE('',#158,#159);
#158=CARTESIAN_POINT('',(-1.199999978,1.042005255,-9.258973643E-09));
#159=VECTOR('',#160,1.0);
#160=DIRECTION('',(-1.0,0.0,0.0));
#161=ORIENTED_EDGE('',*,*,#162,.T.);
#162=EDGE_CURVE('',#155,#163,#165,.T.);
#163=VERTEX_POINT('',#164);
#164=CARTESIAN_POINT('',(-0.799999985,1.042005255,-9.258973643E-09));
#165=LINE('',#166,#167);
#166=CARTESIAN_POINT('',(-1.199999978,1.042005255,-9.258973643E-09));
#167=VECTOR('',#168,1.0);
#168=DIRECTION('',(1.0,0.0,0.0));
#169=ORIENTED_EDGE('',*,*,#170,.T.);
#170=EDGE_CURVE('',#163,#97,#171,.F.);
#171=LINE('',#172,#173);
#172=CARTESIAN_POINT('',(-0.199999996,1.042005255,-9.258973643E-09));
#173=VECTOR('',#174,1.0);
#174=DIRECTION('',(-1.0,0.0,0.0));
#175=FACE_BOUND('',#176,.T.);
#176=EDGE_LOOP('',(#177,#188));
#177=ORIENTED_EDGE('',*,*,#178,.T.);
#178=EDGE_CURVE('',#179,#181,#183,.F.);
#179=VERTEX_POINT('',#180);
#180=CARTESIAN_POINT('',(-1.113499979,-0.332994719,-9.258973643E-09));
#181=VERTEX_POINT('',#182);
#182=CARTESIAN_POINT('',(-1.886499965,-0.332994719,-9.258973643E-09));
#183=CIRCLE('',#184,0.386499993);
#184=AXIS2_PLACEMENT_3D('',#185,#186,#187);
#185=CARTESIAN_POINT('',(-1.499999972,-0.332994719,-9.258973643E-09));
#186=DIRECTION('',(0.0,0.0,-1.0));
#187=DIRECTION('',(-1.0,0.0,0.0));
#188=ORIENTED_EDGE('',*,*,#189,.T.);
#189=EDGE_CURVE('',#181,#179,#190,.F.);
#190=CIRCLE('',#191,0.386499993);
#191=AXIS2_PLACEMENT_3D('',#192,#193,#194);
#192=CARTESIAN_POINT('',(-1.499999972,-0.332994719,-9.258973643E-09));
#193=DIRECTION('',(0.0,0.0,-1.0));
#194=DIRECTION('',(1.0,0.0,0.0));
#195=FACE_BOUND('',#196,.T.);
#196=EDGE_LOOP('',(#197,#208));
#197=ORIENTED_EDGE('',*,*,#198,.T.);
#198=EDGE_CURVE('',#199,#201,#203,.F.);
#199=VERTEX_POINT('',#200);
#200=CARTESIAN_POINT('',(1.886499965,-0.332994719,-9.258973643E-09));
#201=VERTEX_POINT('',#202);
#202=CARTESIAN_POINT('',(1.113499979,-0.332994719,-9.258973643E-09));
#203=CIRCLE('',#204,0.386499993);
#204=AXIS2_PLACEMENT_3D('',#205,#206,#207);
#205=CARTESIAN_POINT('',(1.499999972,-0.332994719,-9.258973643E-09));
#206=DIRECTION('',(0.0,0.0,-1.0));
#207=DIRECTION('',(-1.0,0.0,0.0));
#208=ORIENTED_EDGE('',*,*,#209,.T.);
#209=EDGE_CURVE('',#201,#199,#210,.F.);
#210=CIRCLE('',#211,0.386499993);
#211=AXIS2_PLACEMENT_3D('',#212,#213,#214);
#212=CARTESIAN_POINT('',(1.499999972,-0.332994719,-9.258973643E-09));
#213=DIRECTION('',(0.0,0.0,-1.0));
#214=DIRECTION('',(1.0,0.0,0.0));
#215=FACE_BOUND('',#216,.T.);
#216=EDGE_LOOP('',(#217,#227,#235,#243));
#217=ORIENTED_EDGE('',*,*,#218,.T.);
#218=EDGE_CURVE('',#219,#221,#223,.F.);
#219=VERTEX_POINT('',#220);
#220=CARTESIAN_POINT('',(-0.567299989,-0.644994713,-9.258973643E-09));
#221=VERTEX_POINT('',#222);
#222=CARTESIAN_POINT('',(-0.567299989,-0.938594708,-9.258973643E-09));
#223=LINE('',#224,#225);
#224=CARTESIAN_POINT('',(-0.567299989,-0.938594708,-9.258973643E-09));
#225=VECTOR('',#226,1.0);
#226=DIRECTION('',(0.0,1.0,0.0));
#227=ORIENTED_EDGE('',*,*,#228,.T.);
#228=EDGE_CURVE('',#221,#229,#231,.F.);
#229=VERTEX_POINT('',#230);
#230=CARTESIAN_POINT('',(-0.123399998,-0.938594708,-9.258973643E-09));
#231=LINE('',#232,#233);
#232=CARTESIAN_POINT('',(-0.123399998,-0.938594708,-9.258973643E-09));
#233=VECTOR('',#234,1.0);
#234=DIRECTION('',(-1.0,0.0,0.0));
#235=ORIENTED_EDGE('',*,*,#236,.T.);
#236=EDGE_CURVE('',#229,#237,#239,.F.);
#237=VERTEX_POINT('',#238);
#238=CARTESIAN_POINT('',(-0.123399998,-0.644994713,-9.258973643E-09));
#239=LINE('',#240,#241);
#240=CARTESIAN_POINT('',(-0.123399998,-0.644994713,-9.258973643E-09));
#241=VECTOR('',#242,1.0);
#242=DIRECTION('',(0.0,-1.0,0.0));
#243=ORIENTED_EDGE('',*,*,#244,.T.);
#244=EDGE_CURVE('',#237,#219,#245,.F.);
#245=LINE('',#246,#247);
#246=CARTESIAN_POINT('',(-0.567299989,-0.644994713,-9.258973643E-09));
#247=VECTOR('',#248,1.0);
#248=DIRECTION('',(1.0,0.0,0.0));
#249=FACE_BOUND('',#250,.T.);
#250=EDGE_LOOP('',(#251,#261,#269,#277));
#251=ORIENTED_EDGE('',*,*,#252,.T.);
#252=EDGE_CURVE('',#253,#255,#257,.F.);
#253=VERTEX_POINT('',#254);
#254=CARTESIAN_POINT('',(0.567299989,-0.644994713,-9.258973643E-09));
#255=VERTEX_POINT('',#256);
#256=CARTESIAN_POINT('',(0.123399998,-0.644994713,-9.258973643E-09));
#257=LINE('',#258,#259);
#258=CARTESIAN_POINT('',(0.123399998,-0.644994713,-9.258973643E-09));
#259=VECTOR('',#260,1.0);
#260=DIRECTION('',(1.0,0.0,0.0));
#261=ORIENTED_EDGE('',*,*,#262,.T.);
#262=EDGE_CURVE('',#255,#263,#265,.F.);
#263=VERTEX_POINT('',#264);
#264=CARTESIAN_POINT('',(0.123399998,-0.938594708,-9.258973643E-09));
#265=LINE('',#266,#267);
#266=CARTESIAN_POINT('',(0.123399998,-0.938594708,-9.258973643E-09));
#267=VECTOR('',#268,1.0);
#268=DIRECTION('',(0.0,1.0,0.0));
#269=ORIENTED_EDGE('',*,*,#270,.T.);
#270=EDGE_CURVE('',#263,#271,#273,.F.);
#271=VERTEX_POINT('',#272);
#272=CARTESIAN_POINT('',(0.567299989,-0.938594708,-9.258973643E-09));
#273=LINE('',#274,#275);
#274=CARTESIAN_POINT('',(0.567299989,-0.938594708,-9.258973643E-09));
#275=VECTOR('',#276,1.0);
#276=DIRECTION('',(-1.0,0.0,0.0));
#277=ORIENTED_EDGE('',*,*,#278,.T.);
#278=EDGE_CURVE('',#271,#253,#279,.F.);
#279=LINE('',#280,#281);
#280=CARTESIAN_POINT('',(0.567299989,-0.644994713,-9.258973643E-09));
#281=VECTOR('',#282,1.0);
#282=DIRECTION('',(0.0,-1.0,0.0));
#283=FACE_BOUND('',#284,.T.);
#284=EDGE_LOOP('',(#285,#295,#303,#311));
#285=ORIENTED_EDGE('',*,*,#286,.T.);
#286=EDGE_CURVE('',#287,#289,#291,.F.);
#287=VERTEX_POINT('',#288);
#288=CARTESIAN_POINT('',(-0.567299989,-0.020994725,-9.258973643E-09));
#289=VERTEX_POINT('',#290);
#290=CARTESIAN_POINT('',(-0.123399998,-0.020994725,-9.258973643E-09));
#291=LINE('',#292,#293);
#292=CARTESIAN_POINT('',(-0.123399998,-0.020994725,-9.258973643E-09));
#293=VECTOR('',#294,1.0);
#294=DIRECTION('',(-1.0,0.0,0.0));
#295=ORIENTED_EDGE('',*,*,#296,.T.);
#296=EDGE_CURVE('',#289,#297,#299,.F.);
#297=VERTEX_POINT('',#298);
#298=CARTESIAN_POINT('',(-0.123399998,0.27260527,-9.258973643E-09));
#299=LINE('',#300,#301);
#300=CARTESIAN_POINT('',(-0.123399998,0.27260527,-9.258973643E-09));
#301=VECTOR('',#302,1.0);
#302=DIRECTION('',(0.0,-1.0,0.0));
#303=ORIENTED_EDGE('',*,*,#304,.T.);
#304=EDGE_CURVE('',#297,#305,#307,.F.);
#305=VERTEX_POINT('',#306);
#306=CARTESIAN_POINT('',(-0.567299989,0.27260527,-9.258973643E-09));
#307=LINE('',#308,#309);
#308=CARTESIAN_POINT('',(-0.567299989,0.27260527,-9.258973643E-09));
#309=VECTOR('',#310,1.0);
#310=DIRECTION('',(1.0,0.0,0.0));
#311=ORIENTED_EDGE('',*,*,#312,.T.);
#312=EDGE_CURVE('',#305,#287,#313,.F.);
#313=LINE('',#314,#315);
#314=CARTESIAN_POINT('',(-0.567299989,-0.020994725,-9.258973643E-09));
#315=VECTOR('',#316,1.0);
#316=DIRECTION('',(0.0,1.0,0.0));
#317=FACE_BOUND('',#318,.T.);
#318=EDGE_LOOP('',(#319,#329,#337,#345));
#319=ORIENTED_EDGE('',*,*,#320,.T.);
#320=EDGE_CURVE('',#321,#323,#325,.F.);
#321=VERTEX_POINT('',#322);
#322=CARTESIAN_POINT('',(0.567299989,-0.020994725,-9.258973643E-09));
#323=VERTEX_POINT('',#324);
#324=CARTESIAN_POINT('',(0.567299989,0.27260527,-9.258973643E-09));
#325=LINE('',#326,#327);
#326=CARTESIAN_POINT('',(0.567299989,0.27260527,-9.258973643E-09));
#327=VECTOR('',#328,1.0);
#328=DIRECTION('',(0.0,-1.0,0.0));
#329=ORIENTED_EDGE('',*,*,#330,.T.);
#330=EDGE_CURVE('',#323,#331,#333,.F.);
#331=VERTEX_POINT('',#332);
#332=CARTESIAN_POINT('',(0.123399998,0.27260527,-9.258973643E-09));
#333=LINE('',#334,#335);
#334=CARTESIAN_POINT('',(0.123399998,0.27260527,-9.258973643E-09));
#335=VECTOR('',#336,1.0);
#336=DIRECTION('',(1.0,0.0,0.0));
#337=ORIENTED_EDGE('',*,*,#338,.T.);
#338=EDGE_CURVE('',#331,#339,#341,.F.);
#339=VERTEX_POINT('',#340);
#340=CARTESIAN_POINT('',(0.123399998,-0.020994725,-9.258973643E-09));
#341=LINE('',#342,#343);
#342=CARTESIAN_POINT('',(0.123399998,-0.020994725,-9.258973643E-09));
#343=VECTOR('',#344,1.0);
#344=DIRECTION('',(0.0,1.0,0.0));
#345=ORIENTED_EDGE('',*,*,#346,.T.);
#346=EDGE_CURVE('',#339,#321,#347,.F.);
#347=LINE('',#348,#349);
#348=CARTESIAN_POINT('',(0.567299989,-0.020994725,-9.258973643E-09));
#349=VECTOR('',#350,1.0);
#350=DIRECTION('',(-1.0,0.0,0.0));
#351=FACE_BOUND('',#352,.T.);
#352=EDGE_LOOP('',(#353,#363,#371,#379));
#353=ORIENTED_EDGE('',*,*,#354,.T.);
#354=EDGE_CURVE('',#355,#357,#359,.F.);
#355=VERTEX_POINT('',#356);
#356=CARTESIAN_POINT('',(-2.244972525,-0.644994713,-9.258973643E-09));
#357=VERTEX_POINT('',#358);
#358=CARTESIAN_POINT('',(-2.244972525,-0.938594708,-9.258973643E-09));
#359=LINE('',#360,#361);
#360=CARTESIAN_POINT('',(-2.244972525,-0.938594708,-9.258973643E-09));
#361=VECTOR('',#362,1.0);
#362=DIRECTION('',(0.0,1.0,0.0));
#363=ORIENTED_EDGE('',*,*,#364,.T.);
#364=EDGE_CURVE('',#357,#365,#367,.F.);
#365=VERTEX_POINT('',#366);
#366=CARTESIAN_POINT('',(-1.801072533,-0.938594708,-9.258973643E-09));
#367=LINE('',#368,#369);
#368=CARTESIAN_POINT('',(-1.801072533,-0.938594708,-9.258973643E-09));
#369=VECTOR('',#370,1.0);
#370=DIRECTION('',(-1.0,0.0,0.0));
#371=ORIENTED_EDGE('',*,*,#372,.T.);
#372=EDGE_CURVE('',#365,#373,#375,.F.);
#373=VERTEX_POINT('',#374);
#374=CARTESIAN_POINT('',(-1.801072533,-0.644994713,-9.258973643E-09));
#375=LINE('',#376,#377);
#376=CARTESIAN_POINT('',(-1.801072533,-0.644994713,-9.258973643E-09));
#377=VECTOR('',#378,1.0);
#378=DIRECTION('',(0.0,-1.0,0.0));
#379=ORIENTED_EDGE('',*,*,#380,.T.);
#380=EDGE_CURVE('',#373,#355,#381,.F.);
#381=LINE('',#382,#383);
#382=CARTESIAN_POINT('',(-2.244972525,-0.644994713,-9.258973643E-09));
#383=VECTOR('',#384,1.0);
#384=DIRECTION('',(1.0,0.0,0.0));
#385=FACE_BOUND('',#386,.T.);
#386=EDGE_LOOP('',(#387,#397,#405,#413));
#387=ORIENTED_EDGE('',*,*,#388,.T.);
#388=EDGE_CURVE('',#389,#391,#393,.F.);
#389=VERTEX_POINT('',#390);
#390=CARTESIAN_POINT('',(-2.244972525,-0.020994725,-9.258973643E-09));
#391=VERTEX_POINT('',#392);
#392=CARTESIAN_POINT('',(-1.801072533,-0.020994725,-9.258973643E-09));
#393=LINE('',#394,#395);
#394=CARTESIAN_POINT('',(-1.801072533,-0.020994725,-9.258973643E-09));
#395=VECTOR('',#396,1.0);
#396=DIRECTION('',(-1.0,0.0,0.0));
#397=ORIENTED_EDGE('',*,*,#398,.T.);
#398=EDGE_CURVE('',#391,#399,#401,.F.);
#399=VERTEX_POINT('',#400);
#400=CARTESIAN_POINT('',(-1.801072533,0.27260527,-9.258973643E-09));
#401=LINE('',#402,#403);
#402=CARTESIAN_POINT('',(-1.801072533,0.27260527,-9.258973643E-09));
#403=VECTOR('',#404,1.0);
#404=DIRECTION('',(0.0,-1.0,0.0));
#405=ORIENTED_EDGE('',*,*,#406,.T.);
#406=EDGE_CURVE('',#399,#407,#409,.F.);
#407=VERTEX_POINT('',#408);
#408=CARTESIAN_POINT('',(-2.244972525,0.27260527,-9.258973643E-09));
#409=LINE('',#410,#411);
#410=CARTESIAN_POINT('',(-2.244972525,0.27260527,-9.258973643E-09));
#411=VECTOR('',#412,1.0);
#412=DIRECTION('',(1.0,0.0,0.0));
#413=ORIENTED_EDGE('',*,*,#414,.T.);
#414=EDGE_CURVE('',#407,#389,#415,.F.);
#415=LINE('',#416,#417);
#416=CARTESIAN_POINT('',(-2.244972525,-0.020994725,-9.258973643E-09));
#417=VECTOR('',#418,1.0);
#418=DIRECTION('',(0.0,1.0,0.0));
#419=FACE_BOUND('',#420,.T.);
#420=EDGE_LOOP('',(#421,#431,#439,#447));
#421=ORIENTED_EDGE('',*,*,#422,.T.);
#422=EDGE_CURVE('',#423,#425,#427,.F.);
#423=VERTEX_POINT('',#424);
#424=CARTESIAN_POINT('',(2.244972525,-0.644994713,-9.258973643E-09));
#425=VERTEX_POINT('',#426);
#426=CARTESIAN_POINT('',(1.801072533,-0.644994713,-9.258973643E-09));
#427=LINE('',#428,#429);
#428=CARTESIAN_POINT('',(1.801072533,-0.644994713,-9.258973643E-09));
#429=VECTOR('',#430,1.0);
#430=DIRECTION('',(1.0,0.0,0.0));
#431=ORIENTED_EDGE('',*,*,#432,.T.);
#432=EDGE_CURVE('',#425,#433,#435,.F.);
#433=VERTEX_POINT('',#434);
#434=CARTESIAN_POINT('',(1.801072533,-0.938594708,-9.258973643E-09));
#435=LINE('',#436,#437);
#436=CARTESIAN_POINT('',(1.801072533,-0.938594708,-9.258973643E-09));
#437=VECTOR('',#438,1.0);
#438=DIRECTION('',(0.0,1.0,0.0));
#439=ORIENTED_EDGE('',*,*,#440,.T.);
#440=EDGE_CURVE('',#433,#441,#443,.F.);
#441=VERTEX_POINT('',#442);
#442=CARTESIAN_POINT('',(2.244972525,-0.938594708,-9.258973643E-09));
#443=LINE('',#444,#445);
#444=CARTESIAN_POINT('',(2.244972525,-0.938594708,-9.258973643E-09));
#445=VECTOR('',#446,1.0);
#446=DIRECTION('',(-1.0,0.0,0.0));
#447=ORIENTED_EDGE('',*,*,#448,.T.);
#448=EDGE_CURVE('',#441,#423,#449,.F.);
#449=LINE('',#450,#451);
#450=CARTESIAN_POINT('',(2.244972525,-0.644994713,-9.258973643E-09));
#451=VECTOR('',#452,1.0);
#452=DIRECTION('',(0.0,-1.0,0.0));
#453=FACE_BOUND('',#454,.T.);
#454=EDGE_LOOP('',(#455,#465,#473,#481));
#455=ORIENTED_EDGE('',*,*,#456,.T.);
#456=EDGE_CURVE('',#457,#459,#461,.F.);
#457=VERTEX_POINT('',#458);
#458=CARTESIAN_POINT('',(2.244972525,-0.020994725,-9.258973643E-09));
#459=VERTEX_POINT('',#460);
#460=CARTESIAN_POINT('',(2.244972525,0.27260527,-9.258973643E-09));
#461=LINE('',#462,#463);
#462=CARTESIAN_POINT('',(2.244972525,0.27260527,-9.258973643E-09));
#463=VECTOR('',#464,1.0);
#464=DIRECTION('',(0.0,-1.0,0.0));
#465=ORIENTED_EDGE('',*,*,#466,.T.);
#466=EDGE_CURVE('',#459,#467,#469,.F.);
#467=VERTEX_POINT('',#468);
#468=CARTESIAN_POINT('',(1.801072533,0.27260527,-9.258973643E-09));
#469=LINE('',#470,#471);
#470=CARTESIAN_POINT('',(1.801072533,0.27260527,-9.258973643E-09));
#471=VECTOR('',#472,1.0);
#472=DIRECTION('',(1.0,0.0,0.0));
#473=ORIENTED_EDGE('',*,*,#474,.T.);
#474=EDGE_CURVE('',#467,#475,#477,.F.);
#475=VERTEX_POINT('',#476);
#476=CARTESIAN_POINT('',(1.801072533,-0.020994725,-9.258973643E-09));
#477=LINE('',#478,#479);
#478=CARTESIAN_POINT('',(1.801072533,-0.020994725,-9.258973643E-09));
#479=VECTOR('',#480,1.0);
#480=DIRECTION('',(0.0,1.0,0.0));
#481=ORIENTED_EDGE('',*,*,#482,.T.);
#482=EDGE_CURVE('',#475,#457,#483,.F.);
#483=LINE('',#484,#485);
#484=CARTESIAN_POINT('',(2.244972525,-0.020994725,-9.258973643E-09));
#485=VECTOR('',#486,1.0);
#486=DIRECTION('',(-1.0,0.0,0.0));
#487=FACE_BOUND('',#488,.T.);
#488=EDGE_LOOP('',(#489,#499,#507,#515,#523,#531));
#489=ORIENTED_EDGE('',*,*,#490,.T.);
#490=EDGE_CURVE('',#491,#493,#495,.F.);
#491=VERTEX_POINT('',#492);
#492=CARTESIAN_POINT('',(-0.636699988,-1.493694698,-9.258973643E-09));
#493=VERTEX_POINT('',#494);
#494=CARTESIAN_POINT('',(-0.598537489,-1.493694698,-9.258973643E-09));
#495=LINE('',#496,#497);
#496=CARTESIAN_POINT('',(-0.598537489,-1.493694698,-9.258973643E-09));
#497=VECTOR('',#498,1.0);
#498=DIRECTION('',(-1.0,0.0,0.0));
#499=ORIENTED_EDGE('',*,*,#500,.T.);
#500=EDGE_CURVE('',#493,#501,#503,.F.);
#501=VERTEX_POINT('',#502);
#502=CARTESIAN_POINT('',(-0.598537489,-1.227369171,-9.258973643E-09));
#503=LINE('',#504,#505);
#504=CARTESIAN_POINT('',(-0.598537489,-1.227369171,-9.258973643E-09));
#505=VECTOR('',#506,1.0);
#506=DIRECTION('',(0.0,-1.0,0.0));
#507=ORIENTED_EDGE('',*,*,#508,.T.);
#508=EDGE_CURVE('',#501,#509,#511,.F.);
#509=VERTEX_POINT('',#510);
#510=CARTESIAN_POINT('',(-0.407724992,-1.227369171,-9.258973643E-09));
#511=LINE('',#512,#513);
#512=CARTESIAN_POINT('',(-0.407724992,-1.227369171,-9.258973643E-09));
#513=VECTOR('',#514,1.0);
#514=DIRECTION('',(-1.0,0.0,0.0));
#515=ORIENTED_EDGE('',*,*,#516,.T.);
#516=EDGE_CURVE('',#509,#517,#519,.F.);
#517=VERTEX_POINT('',#518);
#518=CARTESIAN_POINT('',(-0.407724992,-1.188394703,-9.258973643E-09));
#519=LINE('',#520,#521);
#520=CARTESIAN_POINT('',(-0.407724992,-1.188394703,-9.258973643E-09));
#521=VECTOR('',#522,1.0);
#522=DIRECTION('',(0.0,-1.0,0.0));
#523=ORIENTED_EDGE('',*,*,#524,.T.);
#524=EDGE_CURVE('',#517,#525,#527,.F.);
#525=VERTEX_POINT('',#526);
#526=CARTESIAN_POINT('',(-0.636699988,-1.188394703,-9.258973643E-09));
#527=LINE('',#528,#529);
#528=CARTESIAN_POINT('',(-0.636699988,-1.188394703,-9.258973643E-09));
#529=VECTOR('',#530,1.0);
#530=DIRECTION('',(1.0,0.0,0.0));
#531=ORIENTED_EDGE('',*,*,#532,.T.);
#532=EDGE_CURVE('',#525,#491,#533,.F.);
#533=LINE('',#534,#535);
#534=CARTESIAN_POINT('',(-0.636699988,-1.493694698,-9.258973643E-09));
#535=VECTOR('',#536,1.0);
#536=DIRECTION('',(0.0,1.0,0.0));
#537=FACE_BOUND('',#538,.T.);
#538=EDGE_LOOP('',(#539,#549,#557,#565,#573,#581,#589,#597,#605,#611,#612,#620,#628,#636,#644,#652,#660,#668,#676,#684,#692,#700,#708,#716,#724,#732,#740,#748,#756,#764,#772,#780,#788,#796,#804,#812,#820,#828,#836,#844));
#539=ORIENTED_EDGE('',*,*,#540,.T.);
#540=EDGE_CURVE('',#541,#543,#545,.F.);
#541=VERTEX_POINT('',#542);
#542=CARTESIAN_POINT('',(-0.108785427,-1.266343638,-9.258973643E-09));
#543=VERTEX_POINT('',#544);
#544=CARTESIAN_POINT('',(-0.115145819,-1.233864914,-9.258973643E-09));
#545=LINE('',#546,#547);
#546=CARTESIAN_POINT('',(-0.115145819,-1.233864914,-9.258973643E-09));
#547=VECTOR('',#548,1.0);
#548=DIRECTION('',(0.192182121,-0.981359278,0.0));
#549=ORIENTED_EDGE('',*,*,#550,.T.);
#550=EDGE_CURVE('',#543,#551,#553,.F.);
#551=VERTEX_POINT('',#552);
#552=CARTESIAN_POINT('',(-0.140587497,-1.207881937,-9.258973643E-09));
#553=LINE('',#554,#555);
#554=CARTESIAN_POINT('',(-0.140587497,-1.207881937,-9.258973643E-09));
#555=VECTOR('',#556,1.0);
#556=DIRECTION('',(0.699624974,-0.714510249,0.0));
#557=ORIENTED_EDGE('',*,*,#558,.T.);
#558=EDGE_CURVE('',#551,#559,#561,.F.);
#559=VERTEX_POINT('',#560);
#560=CARTESIAN_POINT('',(-0.166029176,-1.194890448,-9.258973643E-09));
#561=LINE('',#562,#563);
#562=CARTESIAN_POINT('',(-0.166029176,-1.194890448,-9.258973643E-09));
#563=VECTOR('',#564,1.0);
#564=DIRECTION('',(0.890605351,-0.454776989,0.0));
#565=ORIENTED_EDGE('',*,*,#566,.T.);
#566=EDGE_CURVE('',#559,#567,#569,.F.);
#567=VERTEX_POINT('',#568);
#568=CARTESIAN_POINT('',(-0.197831246,-1.188394703,-9.258973643E-09));
#569=LINE('',#570,#571);
#570=CARTESIAN_POINT('',(-0.197831246,-1.188394703,-9.258973643E-09));
#571=VECTOR('',#572,1.0);
#572=DIRECTION('',(0.979770691,-0.200123445,0.0));
#573=ORIENTED_EDGE('',*,*,#574,.T.);
#574=EDGE_CURVE('',#567,#575,#577,.F.);
#575=VERTEX_POINT('',#576);
#576=CARTESIAN_POINT('',(-0.255074995,-1.188394703,-9.258973643E-09));
#577=LINE('',#578,#579);
#578=CARTESIAN_POINT('',(-0.255074995,-1.188394703,-9.258973643E-09));
#579=VECTOR('',#580,1.0);
#580=DIRECTION('',(1.0,0.0,0.0));
#581=ORIENTED_EDGE('',*,*,#582,.T.);
#582=EDGE_CURVE('',#575,#583,#585,.F.);
#583=VERTEX_POINT('',#584);
#584=CARTESIAN_POINT('',(-0.286877066,-1.194890448,-9.258973643E-09));
#585=LINE('',#586,#587);
#586=CARTESIAN_POINT('',(-0.286877066,-1.194890448,-9.258973643E-09));
#587=VECTOR('',#588,1.0);
#588=DIRECTION('',(0.979770691,0.200123445,0.0));
#589=ORIENTED_EDGE('',*,*,#590,.T.);
#590=EDGE_CURVE('',#583,#591,#593,.F.);
#591=VERTEX_POINT('',#592);
#592=CARTESIAN_POINT('',(-0.312318744,-1.207881937,-9.258973643E-09));
#593=LINE('',#594,#595);
#594=CARTESIAN_POINT('',(-0.312318744,-1.207881937,-9.258973643E-09));
#595=VECTOR('',#596,1.0);
#596=DIRECTION('',(0.890605351,0.454776989,0.0));
#597=ORIENTED_EDGE('',*,*,#598,.T.);
#598=EDGE_CURVE('',#591,#599,#601,.F.);
#599=VERTEX_POINT('',#600);
#600=CARTESIAN_POINT('',(-0.337760404,-1.233864914,-9.258973643E-09));
#601=LINE('',#602,#603);
#602=CARTESIAN_POINT('',(-0.337760404,-1.233864914,-9.258973643E-09));
#603=VECTOR('',#604,1.0);
#604=DIRECTION('',(0.699624719,0.714510499,0.0));
#605=ORIENTED_EDGE('',*,*,#606,.T.);
#606=EDGE_CURVE('',#599,#57,#607,.F.);
#607=LINE('',#608,#609);
#608=CARTESIAN_POINT('',(-0.350481244,-1.259847894,-9.258973643E-09));
#609=VECTOR('',#610,1.0);
#610=DIRECTION('',(0.439713603,0.898138045,0.0));
#611=ORIENTED_EDGE('',*,*,#82,.F.);
#612=ORIENTED_EDGE('',*,*,#613,.T.);
#613=EDGE_CURVE('',#75,#614,#616,.F.);
#614=VERTEX_POINT('',#615);
#615=CARTESIAN_POINT('',(-0.356841654,-1.389762779,-9.258973643E-09));
#616=LINE('',#617,#618);
#617=CARTESIAN_POINT('',(-0.356841654,-1.389762779,-9.258973643E-09));
#618=VECTOR('',#619,1.0);
#619=DIRECTION('',(0.0,1.0,0.0));
#620=ORIENTED_EDGE('',*,*,#621,.T.);
#621=EDGE_CURVE('',#614,#622,#624,.F.);
#622=VERTEX_POINT('',#623);
#623=CARTESIAN_POINT('',(-0.350481244,-1.422241516,-9.258973643E-09));
#624=LINE('',#625,#626);
#625=CARTESIAN_POINT('',(-0.350481244,-1.422241516,-9.258973643E-09));
#626=VECTOR('',#627,1.0);
#627=DIRECTION('',(-0.192182573,0.981359189,0.0));
#628=ORIENTED_EDGE('',*,*,#629,.T.);
#629=EDGE_CURVE('',#622,#630,#632,.F.);
#630=VERTEX_POINT('',#631);
#631=CARTESIAN_POINT('',(-0.337760404,-1.448224491,-9.258973643E-09));
#632=LINE('',#633,#634);
#633=CARTESIAN_POINT('',(-0.337760404,-1.448224491,-9.258973643E-09));
#634=VECTOR('',#635,1.0);
#635=DIRECTION('',(-0.439713665,0.898138014,0.0));
#636=ORIENTED_EDGE('',*,*,#637,.T.);
#637=EDGE_CURVE('',#630,#638,#640,.F.);
#638=VERTEX_POINT('',#639);
#639=CARTESIAN_POINT('',(-0.312318744,-1.474207466,-9.258973643E-09));
#640=LINE('',#641,#642);
#641=CARTESIAN_POINT('',(-0.312318744,-1.474207466,-9.258973643E-09));
#642=VECTOR('',#643,1.0);
#643=DIRECTION('',(-0.69962475,0.714510468,0.0));
#644=ORIENTED_EDGE('',*,*,#645,.T.);
#645=EDGE_CURVE('',#638,#646,#648,.F.);
#646=VERTEX_POINT('',#647);
#647=CARTESIAN_POINT('',(-0.286877066,-1.487198954,-9.258973643E-09));
#648=LINE('',#649,#650);
#649=CARTESIAN_POINT('',(-0.286877066,-1.487198954,-9.258973643E-09));
#650=VECTOR('',#651,1.0);
#651=DIRECTION('',(-0.890605375,0.454776942,0.0));
#652=ORIENTED_EDGE('',*,*,#653,.T.);
#653=EDGE_CURVE('',#646,#654,#656,.F.);
#654=VERTEX_POINT('',#655);
#655=CARTESIAN_POINT('',(-0.255074995,-1.493694698,-9.258973643E-09));
#656=LINE('',#657,#658);
#657=CARTESIAN_POINT('',(-0.255074995,-1.493694698,-9.258973643E-09));
#658=VECTOR('',#659,1.0);
#659=DIRECTION('',(-0.979770694,0.200123428,0.0));
#660=ORIENTED_EDGE('',*,*,#661,.T.);
#661=EDGE_CURVE('',#654,#662,#664,.F.);
#662=VERTEX_POINT('',#663);
#663=CARTESIAN_POINT('',(-0.197831246,-1.493694698,-9.258973643E-09));
#664=LINE('',#665,#666);
#665=CARTESIAN_POINT('',(-0.197831246,-1.493694698,-9.258973643E-09));
#666=VECTOR('',#667,1.0);
#667=DIRECTION('',(-1.0,0.0,0.0));
#668=ORIENTED_EDGE('',*,*,#669,.T.);
#669=EDGE_CURVE('',#662,#670,#672,.F.);
#670=VERTEX_POINT('',#671);
#671=CARTESIAN_POINT('',(-0.166029176,-1.487198954,-9.258973643E-09));
#672=LINE('',#673,#674);
#673=CARTESIAN_POINT('',(-0.166029176,-1.487198954,-9.258973643E-09));
#674=VECTOR('',#675,1.0);
#675=DIRECTION('',(-0.979770694,-0.200123428,0.0));
#676=ORIENTED_EDGE('',*,*,#677,.T.);
#677=EDGE_CURVE('',#670,#678,#680,.F.);
#678=VERTEX_POINT('',#679);
#679=CARTESIAN_POINT('',(-0.140587497,-1.474207466,-9.258973643E-09));
#680=LINE('',#681,#682);
#681=CARTESIAN_POINT('',(-0.140587497,-1.474207466,-9.258973643E-09));
#682=VECTOR('',#683,1.0);
#683=DIRECTION('',(-0.890605375,-0.454776942,0.0));
#684=ORIENTED_EDGE('',*,*,#685,.T.);
#685=EDGE_CURVE('',#678,#686,#688,.F.);
#686=VERTEX_POINT('',#687);
#687=CARTESIAN_POINT('',(-0.115145819,-1.448224491,-9.258973643E-09));
#688=LINE('',#689,#690);
#689=CARTESIAN_POINT('',(-0.115145819,-1.448224491,-9.258973643E-09));
#690=VECTOR('',#691,1.0);
#691=DIRECTION('',(-0.699625006,-0.714510218,0.0));
#692=ORIENTED_EDGE('',*,*,#693,.T.);
#693=EDGE_CURVE('',#686,#694,#696,.F.);
#694=VERTEX_POINT('',#695);
#695=CARTESIAN_POINT('',(-0.108785427,-1.415745754,-9.258973643E-09));
#696=LINE('',#697,#698);
#697=CARTESIAN_POINT('',(-0.108785427,-1.415745754,-9.258973643E-09));
#698=VECTOR('',#699,1.0);
#699=DIRECTION('',(-0.192182044,-0.981359293,0.0));
#700=ORIENTED_EDGE('',*,*,#701,.T.);
#701=EDGE_CURVE('',#694,#702,#704,.F.);
#702=VERTEX_POINT('',#703);
#703=CARTESIAN_POINT('',(-0.146947926,-1.415745754,-9.258973643E-09));
#704=LINE('',#705,#706);
#705=CARTESIAN_POINT('',(-0.146947926,-1.415745754,-9.258973643E-09));
#706=VECTOR('',#707,1.0);
#707=DIRECTION('',(1.0,0.0,0.0));
#708=ORIENTED_EDGE('',*,*,#709,.T.);
#709=EDGE_CURVE('',#702,#710,#712,.F.);
#710=VERTEX_POINT('',#711);
#711=CARTESIAN_POINT('',(-0.153308318,-1.435233004,-9.258973643E-09));
#712=LINE('',#713,#714);
#713=CARTESIAN_POINT('',(-0.153308318,-1.435233004,-9.258973643E-09));
#714=VECTOR('',#715,1.0);
#715=DIRECTION('',(0.310278733,0.950645627,0.0));
#716=ORIENTED_EDGE('',*,*,#717,.T.);
#717=EDGE_CURVE('',#710,#718,#720,.F.);
#718=VERTEX_POINT('',#719);
#719=CARTESIAN_POINT('',(-0.172389568,-1.448224491,-9.258973643E-09));
#720=LINE('',#721,#722);
#721=CARTESIAN_POINT('',(-0.172389568,-1.448224491,-9.258973643E-09));
#722=VECTOR('',#723,1.0);
#723=DIRECTION('',(0.826599279,0.562790931,0.0));
#724=ORIENTED_EDGE('',*,*,#725,.T.);
#725=EDGE_CURVE('',#718,#726,#728,.F.);
#726=VERTEX_POINT('',#727);
#727=CARTESIAN_POINT('',(-0.197831246,-1.454720235,-9.258973643E-09));
#728=LINE('',#729,#730);
#729=CARTESIAN_POINT('',(-0.197831246,-1.454720235,-9.258973643E-09));
#730=VECTOR('',#731,1.0);
#731=DIRECTION('',(0.968917746,0.247383107,0.0));
#732=ORIENTED_EDGE('',*,*,#733,.T.);
#733=EDGE_CURVE('',#726,#734,#736,.F.);
#734=VERTEX_POINT('',#735);
#735=CARTESIAN_POINT('',(-0.255074995,-1.454720235,-9.258973643E-09));
#736=LINE('',#737,#738);
#737=CARTESIAN_POINT('',(-0.255074995,-1.454720235,-9.258973643E-09));
#738=VECTOR('',#739,1.0);
#739=DIRECTION('',(1.0,0.0,0.0));
#740=ORIENTED_EDGE('',*,*,#741,.T.);
#741=EDGE_CURVE('',#734,#742,#744,.F.);
#742=VERTEX_POINT('',#743);
#743=CARTESIAN_POINT('',(-0.280516674,-1.448224491,-9.258973643E-09));
#744=LINE('',#745,#746);
#745=CARTESIAN_POINT('',(-0.280516674,-1.448224491,-9.258973643E-09));
#746=VECTOR('',#747,1.0);
#747=DIRECTION('',(0.968917746,-0.247383107,0.0));
#748=ORIENTED_EDGE('',*,*,#749,.T.);
#749=EDGE_CURVE('',#742,#750,#752,.F.);
#750=VERTEX_POINT('',#751);
#751=CARTESIAN_POINT('',(-0.299597923,-1.435233004,-9.258973643E-09));
#752=LINE('',#753,#754);
#753=CARTESIAN_POINT('',(-0.299597923,-1.435233004,-9.258973643E-09));
#754=VECTOR('',#755,1.0);
#755=DIRECTION('',(0.826599279,-0.562790931,0.0));
#756=ORIENTED_EDGE('',*,*,#757,.T.);
#757=EDGE_CURVE('',#750,#758,#760,.F.);
#758=VERTEX_POINT('',#759);
#759=CARTESIAN_POINT('',(-0.312318744,-1.415745754,-9.258973643E-09));
#760=LINE('',#761,#762);
#761=CARTESIAN_POINT('',(-0.312318744,-1.415745754,-9.258973643E-09));
#762=VECTOR('',#763,1.0);
#763=DIRECTION('',(0.546621823,-0.837379593,0.0));
#764=ORIENTED_EDGE('',*,*,#765,.T.);
#765=EDGE_CURVE('',#758,#766,#768,.F.);
#766=VERTEX_POINT('',#767);
#767=CARTESIAN_POINT('',(-0.318679173,-1.389762779,-9.258973643E-09));
#768=LINE('',#769,#770);
#769=CARTESIAN_POINT('',(-0.318679173,-1.389762779,-9.258973643E-09));
#770=VECTOR('',#771,1.0);
#771=DIRECTION('',(0.23777178,-0.971321049,0.0));
#772=ORIENTED_EDGE('',*,*,#773,.T.);
#773=EDGE_CURVE('',#766,#774,#776,.F.);
#774=VERTEX_POINT('',#775);
#775=CARTESIAN_POINT('',(-0.318679173,-1.292326613,-9.258973643E-09));
#776=LINE('',#777,#778);
#777=CARTESIAN_POINT('',(-0.318679173,-1.292326613,-9.258973643E-09));
#778=VECTOR('',#779,1.0);
#779=DIRECTION('',(0.0,-1.0,0.0));
#780=ORIENTED_EDGE('',*,*,#781,.T.);
#781=EDGE_CURVE('',#774,#782,#784,.F.);
#782=VERTEX_POINT('',#783);
#783=CARTESIAN_POINT('',(-0.312318744,-1.266343638,-9.258973643E-09));
#784=LINE('',#785,#786);
#785=CARTESIAN_POINT('',(-0.312318744,-1.266343638,-9.258973643E-09));
#786=VECTOR('',#787,1.0);
#787=DIRECTION('',(-0.23777178,-0.971321049,0.0));
#788=ORIENTED_EDGE('',*,*,#789,.T.);
#789=EDGE_CURVE('',#782,#790,#792,.F.);
#790=VERTEX_POINT('',#791);
#791=CARTESIAN_POINT('',(-0.299597923,-1.246856407,-9.258973643E-09));
#792=LINE('',#793,#794);
#793=CARTESIAN_POINT('',(-0.299597923,-1.246856407,-9.258973643E-09));
#794=VECTOR('',#795,1.0);
#795=DIRECTION('',(-0.546622181,-0.837379359,0.0));
#796=ORIENTED_EDGE('',*,*,#797,.T.);
#797=EDGE_CURVE('',#790,#798,#800,.F.);
#798=VERTEX_POINT('',#799);
#799=CARTESIAN_POINT('',(-0.280516674,-1.233864914,-9.258973643E-09));
#800=LINE('',#801,#802);
#801=CARTESIAN_POINT('',(-0.280516674,-1.233864914,-9.258973643E-09));
#802=VECTOR('',#803,1.0);
#803=DIRECTION('',(-0.826599187,-0.562791066,0.0));
#804=ORIENTED_EDGE('',*,*,#805,.T.);
#805=EDGE_CURVE('',#798,#806,#808,.F.);
#806=VERTEX_POINT('',#807);
#807=CARTESIAN_POINT('',(-0.255074995,-1.227369171,-9.258973643E-09));
#808=LINE('',#809,#810);
#809=CARTESIAN_POINT('',(-0.255074995,-1.227369171,-9.258973643E-09));
#810=VECTOR('',#811,1.0);
#811=DIRECTION('',(-0.968917746,-0.247383107,0.0));
#812=ORIENTED_EDGE('',*,*,#813,.T.);
#813=EDGE_CURVE('',#806,#814,#816,.F.);
#814=VERTEX_POINT('',#815);
#815=CARTESIAN_POINT('',(-0.197831246,-1.227369171,-9.258973643E-09));
#816=LINE('',#817,#818);
#817=CARTESIAN_POINT('',(-0.197831246,-1.227369171,-9.258973643E-09));
#818=VECTOR('',#819,1.0);
#819=DIRECTION('',(-1.0,0.0,0.0));
#820=ORIENTED_EDGE('',*,*,#821,.T.);
#821=EDGE_CURVE('',#814,#822,#824,.F.);
#822=VERTEX_POINT('',#823);
#823=CARTESIAN_POINT('',(-0.172389568,-1.233864914,-9.258973643E-09));
#824=LINE('',#825,#826);
#825=CARTESIAN_POINT('',(-0.172389568,-1.233864914,-9.258973643E-09));
#826=VECTOR('',#827,1.0);
#827=DIRECTION('',(-0.968917746,0.247383107,0.0));
#828=ORIENTED_EDGE('',*,*,#829,.T.);
#829=EDGE_CURVE('',#822,#830,#832,.F.);
#830=VERTEX_POINT('',#831);
#831=CARTESIAN_POINT('',(-0.153308318,-1.246856407,-9.258973643E-09));
#832=LINE('',#833,#834);
#833=CARTESIAN_POINT('',(-0.153308318,-1.246856407,-9.258973643E-09));
#834=VECTOR('',#835,1.0);
#835=DIRECTION('',(-0.826599187,0.562791066,0.0));
#836=ORIENTED_EDGE('',*,*,#837,.T.);
#837=EDGE_CURVE('',#830,#838,#840,.F.);
#838=VERTEX_POINT('',#839);
#839=CARTESIAN_POINT('',(-0.146947926,-1.266343638,-9.258973643E-09));
#840=LINE('',#841,#842);
#841=CARTESIAN_POINT('',(-0.146947926,-1.266343638,-9.258973643E-09));
#842=VECTOR('',#843,1.0);
#843=DIRECTION('',(-0.310278995,0.950645541,0.0));
#844=ORIENTED_EDGE('',*,*,#845,.T.);
#845=EDGE_CURVE('',#838,#541,#846,.F.);
#846=LINE('',#847,#848);
#847=CARTESIAN_POINT('',(-0.108785427,-1.266343638,-9.258973643E-09));
#848=VECTOR('',#849,1.0);
#849=DIRECTION('',(-1.0,0.0,0.0));
#850=FACE_BOUND('',#851,.T.);
#851=EDGE_LOOP('',(#852,#862,#870,#878,#886,#894,#902,#910,#918,#926,#934,#942));
#852=ORIENTED_EDGE('',*,*,#853,.T.);
#853=EDGE_CURVE('',#854,#856,#858,.F.);
#854=VERTEX_POINT('',#855);
#855=CARTESIAN_POINT('',(0.171072889,-1.227369171,-9.258973643E-09));
#856=VERTEX_POINT('',#857);
#857=CARTESIAN_POINT('',(0.171072889,-1.188394703,-9.258973643E-09));
#858=LINE('',#859,#860);
#859=CARTESIAN_POINT('',(0.171072889,-1.188394703,-9.258973643E-09));
#860=VECTOR('',#861,1.0);
#861=DIRECTION('',(0.0,-1.0,0.0));
#862=ORIENTED_EDGE('',*,*,#863,.T.);
#863=EDGE_CURVE('',#856,#864,#866,.F.);
#864=VERTEX_POINT('',#865);
#865=CARTESIAN_POINT('',(-0.05790207,-1.188394703,-9.258973643E-09));
#866=LINE('',#867,#868);
#867=CARTESIAN_POINT('',(-0.05790207,-1.188394703,-9.258973643E-09));
#868=VECTOR('',#869,1.0);
#869=DIRECTION('',(1.0,0.0,0.0));
#870=ORIENTED_EDGE('',*,*,#871,.T.);
#871=EDGE_CURVE('',#864,#872,#874,.F.);
#872=VERTEX_POINT('',#873);
#873=CARTESIAN_POINT('',(-0.05790207,-1.493694698,-9.258973643E-09));
#874=LINE('',#875,#876);
#875=CARTESIAN_POINT('',(-0.05790207,-1.493694698,-9.258973643E-09));
#876=VECTOR('',#877,1.0);
#877=DIRECTION('',(0.0,1.0,0.0));
#878=ORIENTED_EDGE('',*,*,#879,.T.);
#879=EDGE_CURVE('',#872,#880,#882,.F.);
#880=VERTEX_POINT('',#881);
#881=CARTESIAN_POINT('',(0.171072889,-1.493694698,-9.258973643E-09));
#882=LINE('',#883,#884);
#883=CARTESIAN_POINT('',(0.171072889,-1.493694698,-9.258973643E-09));
#884=VECTOR('',#885,1.0);
#885=DIRECTION('',(-1.0,0.0,0.0));
#886=ORIENTED_EDGE('',*,*,#887,.T.);
#887=EDGE_CURVE('',#880,#888,#890,.F.);
#888=VERTEX_POINT('',#889);
#889=CARTESIAN_POINT('',(0.171072889,-1.454720235,-9.258973643E-09));
#890=LINE('',#891,#892);
#891=CARTESIAN_POINT('',(0.171072889,-1.454720235,-9.258973643E-09));
#892=VECTOR('',#893,1.0);
#893=DIRECTION('',(0.0,-1.0,0.0));
#894=ORIENTED_EDGE('',*,*,#895,.T.);
#895=EDGE_CURVE('',#888,#896,#898,.F.);
#896=VERTEX_POINT('',#897);
#897=CARTESIAN_POINT('',(-0.019739607,-1.454720235,-9.258973643E-09));
#898=LINE('',#899,#900);
#899=CARTESIAN_POINT('',(-0.019739607,-1.454720235,-9.258973643E-09));
#900=VECTOR('',#901,1.0);
#901=DIRECTION('',(1.0,0.0,0.0));
#902=ORIENTED_EDGE('',*,*,#903,.T.);
#903=EDGE_CURVE('',#896,#904,#906,.F.);
#904=VERTEX_POINT('',#905);
#905=CARTESIAN_POINT('',(-0.019739607,-1.370275548,-9.258973643E-09));
#906=LINE('',#907,#908);
#907=CARTESIAN_POINT('',(-0.019739607,-1.370275548,-9.258973643E-09));
#908=VECTOR('',#909,1.0);
#909=DIRECTION('',(0.0,-1.0,0.0));
#910=ORIENTED_EDGE('',*,*,#911,.T.);
#911=EDGE_CURVE('',#904,#912,#914,.F.);
#912=VERTEX_POINT('',#913);
#913=CARTESIAN_POINT('',(0.145631247,-1.370275548,-9.258973643E-09));
#914=LINE('',#915,#916);
#915=CARTESIAN_POINT('',(0.145631247,-1.370275548,-9.258973643E-09));
#916=VECTOR('',#917,1.0);
#917=DIRECTION('',(-1.0,0.0,0.0));
#918=ORIENTED_EDGE('',*,*,#919,.T.);
#919=EDGE_CURVE('',#912,#920,#922,.F.);
#920=VERTEX_POINT('',#921);
#921=CARTESIAN_POINT('',(0.145631247,-1.331301085,-9.258973643E-09));
#922=LINE('',#923,#924);
#923=CARTESIAN_POINT('',(0.145631247,-1.331301085,-9.258973643E-09));
#924=VECTOR('',#925,1.0);
#925=DIRECTION('',(0.0,-1.0,0.0));
#926=ORIENTED_EDGE('',*,*,#927,.T.);
#927=EDGE_CURVE('',#920,#928,#930,.F.);
#928=VERTEX_POINT('',#929);
#929=CARTESIAN_POINT('',(-0.019739607,-1.331301085,-9.258973643E-09));
#930=LINE('',#931,#932);
#931=CARTESIAN_POINT('',(-0.019739607,-1.331301085,-9.258973643E-09));
#932=VECTOR('',#933,1.0);
#933=DIRECTION('',(1.0,0.0,0.0));
#934=ORIENTED_EDGE('',*,*,#935,.T.);
#935=EDGE_CURVE('',#928,#936,#938,.F.);
#936=VERTEX_POINT('',#937);
#937=CARTESIAN_POINT('',(-0.019739607,-1.227369171,-9.258973643E-09));
#938=LINE('',#939,#940);
#939=CARTESIAN_POINT('',(-0.019739607,-1.227369171,-9.258973643E-09));
#940=VECTOR('',#941,1.0);
#941=DIRECTION('',(0.0,-1.0,0.0));
#942=ORIENTED_EDGE('',*,*,#943,.T.);
#943=EDGE_CURVE('',#936,#854,#944,.F.);
#944=LINE('',#945,#946);
#945=CARTESIAN_POINT('',(0.171072889,-1.227369171,-9.258973643E-09));
#946=VECTOR('',#947,1.0);
#947=DIRECTION('',(-1.0,0.0,0.0));
#948=FACE_BOUND('',#949,.T.);
#949=EDGE_LOOP('',(#950,#960,#968,#976,#984,#992,#1000,#1008,#1016,#1024,#1032,#1040,#1048,#1056));
#950=ORIENTED_EDGE('',*,*,#951,.T.);
#951=EDGE_CURVE('',#952,#954,#956,.F.);
#952=VERTEX_POINT('',#953);
#953=CARTESIAN_POINT('',(0.374606243,-1.493694698,-9.258973643E-09));
#954=VERTEX_POINT('',#955);
#955=CARTESIAN_POINT('',(0.40640835,-1.487198954,-9.258973643E-09));
#956=LINE('',#957,#958);
#957=CARTESIAN_POINT('',(0.40640835,-1.487198954,-9.258973643E-09));
#958=VECTOR('',#959,1.0);
#959=DIRECTION('',(-0.979770739,-0.200123208,0.0));
#960=ORIENTED_EDGE('',*,*,#961,.T.);
#961=EDGE_CURVE('',#954,#962,#964,.F.);
#962=VERTEX_POINT('',#963);
#963=CARTESIAN_POINT('',(0.431849992,-1.474207466,-9.258973643E-09));
#964=LINE('',#965,#966);
#965=CARTESIAN_POINT('',(0.431849992,-1.474207466,-9.258973643E-09));
#966=VECTOR('',#967,1.0);
#967=DIRECTION('',(-0.890605111,-0.454777458,0.0));
#968=ORIENTED_EDGE('',*,*,#969,.T.);
#969=EDGE_CURVE('',#962,#970,#972,.F.);
#970=VERTEX_POINT('',#971);
#971=CARTESIAN_POINT('',(0.457291634,-1.448224491,-9.258973643E-09));
#972=LINE('',#973,#974);
#973=CARTESIAN_POINT('',(0.457291634,-1.448224491,-9.258973643E-09));
#974=VECTOR('',#975,1.0);
#975=DIRECTION('',(-0.699624495,-0.714510718,0.0));
#976=ORIENTED_EDGE('',*,*,#977,.T.);
#977=EDGE_CURVE('',#970,#978,#980,.F.);
#978=VERTEX_POINT('',#979);
#979=CARTESIAN_POINT('',(0.470012491,-1.422241516,-9.258973643E-09));
#980=LINE('',#981,#982);
#981=CARTESIAN_POINT('',(0.470012491,-1.422241516,-9.258973643E-09));
#982=VECTOR('',#983,1.0);
#983=DIRECTION('',(-0.439714172,-0.898137766,0.0));
#984=ORIENTED_EDGE('',*,*,#985,.T.);
#985=EDGE_CURVE('',#978,#986,#988,.F.);
#986=VERTEX_POINT('',#987);
#987=CARTESIAN_POINT('',(0.476372884,-1.389762779,-9.258973643E-09));
#988=LINE('',#989,#990);
#989=CARTESIAN_POINT('',(0.476372884,-1.389762779,-9.258973643E-09));
#990=VECTOR('',#991,1.0);
#991=DIRECTION('',(-0.192182044,-0.981359293,0.0));
#992=ORIENTED_EDGE('',*,*,#993,.T.);
#993=EDGE_CURVE('',#986,#994,#996,.F.);
#994=VERTEX_POINT('',#995);
#995=CARTESIAN_POINT('',(0.476372884,-1.292326613,-9.258973643E-09));
#996=LINE('',#997,#998);
#997=CARTESIAN_POINT('',(0.476372884,-1.292326613,-9.258973643E-09));
#998=VECTOR('',#999,1.0);
#999=DIRECTION('',(0.0,-1.0,0.0));
#1000=ORIENTED_EDGE('',*,*,#1001,.T.);
#1001=EDGE_CURVE('',#994,#1002,#1004,.F.);
#1002=VERTEX_POINT('',#1003);
#1003=CARTESIAN_POINT('',(0.470012491,-1.259847894,-9.258973643E-09));
#1004=LINE('',#1005,#1006);
#1005=CARTESIAN_POINT('',(0.470012491,-1.259847894,-9.258973643E-09));
#1006=VECTOR('',#1007,1.0);
#1007=DIRECTION('',(0.192182147,-0.981359273,0.0));
#1008=ORIENTED_EDGE('',*,*,#1009,.T.);
#1009=EDGE_CURVE('',#1002,#1010,#1012,.F.);
#1010=VERTEX_POINT('',#1011);
#1011=CARTESIAN_POINT('',(0.457291634,-1.233864914,-9.258973643E-09));
#1012=LINE('',#1013,#1014);
#1013=CARTESIAN_POINT('',(0.457291634,-1.233864914,-9.258973643E-09));
#1014=VECTOR('',#1015,1.0);
#1015=DIRECTION('',(0.43971411,-0.898137796,0.0));
#1016=ORIENTED_EDGE('',*,*,#1017,.T.);
#1017=EDGE_CURVE('',#1010,#1018,#1020,.F.);
#1018=VERTEX_POINT('',#1019);
#1019=CARTESIAN_POINT('',(0.431849992,-1.207881937,-9.258973643E-09));
#1020=LINE('',#1021,#1022);
#1021=CARTESIAN_POINT('',(0.431849992,-1.207881937,-9.258973643E-09));
#1022=VECTOR('',#1023,1.0);
#1023=DIRECTION('',(0.699624463,-0.714510749,0.0));
#1024=ORIENTED_EDGE('',*,*,#1025,.T.);
#1025=EDGE_CURVE('',#1018,#1026,#1028,.F.);
#1026=VERTEX_POINT('',#1027);
#1027=CARTESIAN_POINT('',(0.40640835,-1.194890448,-9.258973643E-09));
#1028=LINE('',#1029,#1030);
#1029=CARTESIAN_POINT('',(0.40640835,-1.194890448,-9.258973643E-09));
#1030=VECTOR('',#1031,1.0);
#1031=DIRECTION('',(0.890605087,-0.454777505,0.0));
#1032=ORIENTED_EDGE('',*,*,#1033,.T.);
#1033=EDGE_CURVE('',#1026,#1034,#1036,.F.);
#1034=VERTEX_POINT('',#1035);
#1035=CARTESIAN_POINT('',(0.374606243,-1.188394703,-9.258973643E-09));
#1036=LINE('',#1037,#1038);
#1037=CARTESIAN_POINT('',(0.374606243,-1.188394703,-9.258973643E-09));
#1038=VECTOR('',#1039,1.0);
#1039=DIRECTION('',(0.979770736,-0.200123225,0.0));
#1040=ORIENTED_EDGE('',*,*,#1041,.T.);
#1041=EDGE_CURVE('',#1034,#1042,#1044,.F.);
#1042=VERTEX_POINT('',#1043);
#1043=CARTESIAN_POINT('',(0.221956246,-1.188394703,-9.258973643E-09));
#1044=LINE('',#1045,#1046);
#1045=CARTESIAN_POINT('',(0.221956246,-1.188394703,-9.258973643E-09));
#1046=VECTOR('',#1047,1.0);
#1047=DIRECTION('',(1.0,0.0,0.0));
#1048=ORIENTED_EDGE('',*,*,#1049,.T.);
#1049=EDGE_CURVE('',#1042,#1050,#1052,.F.);
#1050=VERTEX_POINT('',#1051);
#1051=CARTESIAN_POINT('',(0.221956246,-1.493694698,-9.258973643E-09));
#1052=LINE('',#1053,#1054);
#1053=CARTESIAN_POINT('',(0.221956246,-1.493694698,-9.258973643E-09));
#1054=VECTOR('',#1055,1.0);
#1055=DIRECTION('',(0.0,1.0,0.0));
#1056=ORIENTED_EDGE('',*,*,#1057,.T.);
#1057=EDGE_CURVE('',#1050,#952,#1058,.F.);
#1058=LINE('',#1059,#1060);
#1059=CARTESIAN_POINT('',(0.374606243,-1.493694698,-9.258973643E-09));
#1060=VECTOR('',#1061,1.0);
#1061=DIRECTION('',(-1.0,0.0,0.0));
#1062=FACE_BOUND('',#1063,.T.);
#1063=EDGE_LOOP('',(#1064,#1074,#1082,#1090,#1098,#1106,#1114,#1122));
#1064=ORIENTED_EDGE('',*,*,#1065,.T.);
#1065=EDGE_CURVE('',#1066,#1068,#1070,.F.);
#1066=VERTEX_POINT('',#1067);
#1067=CARTESIAN_POINT('',(0.679906237,-1.493694698,-9.258973643E-09));
#1068=VERTEX_POINT('',#1069);
#1069=CARTESIAN_POINT('',(0.781672951,-1.188394703,-9.258973643E-09));
#1070=LINE('',#1071,#1072);
#1071=CARTESIAN_POINT('',(0.781672951,-1.188394703,-9.258973643E-09));
#1072=VECTOR('',#1073,1.0);
#1073=DIRECTION('',(-0.316227902,-0.948683253,0.0));
#1074=ORIENTED_EDGE('',*,*,#1075,.T.);
#1075=EDGE_CURVE('',#1068,#1076,#1078,.F.);
#1076=VERTEX_POINT('',#1077);
#1077=CARTESIAN_POINT('',(0.743510451,-1.188394703,-9.258973643E-09));
#1078=LINE('',#1079,#1080);
#1079=CARTESIAN_POINT('',(0.743510451,-1.188394703,-9.258973643E-09));
#1080=VECTOR('',#1081,1.0);
#1081=DIRECTION('',(1.0,0.0,0.0));
#1082=ORIENTED_EDGE('',*,*,#1083,.T.);
#1083=EDGE_CURVE('',#1076,#1084,#1086,.F.);
#1084=VERTEX_POINT('',#1085);
#1085=CARTESIAN_POINT('',(0.718068737,-1.266343638,-9.258973643E-09));
#1086=LINE('',#1087,#1088);
#1087=CARTESIAN_POINT('',(0.718068737,-1.266343638,-9.258973643E-09));
#1088=VECTOR('',#1089,1.0);
#1089=DIRECTION('',(0.310280567,0.950645028,0.0));
#1090=ORIENTED_EDGE('',*,*,#1091,.T.);
#1091=EDGE_CURVE('',#1084,#1092,#1094,.F.);
#1092=VERTEX_POINT('',#1093);
#1093=CARTESIAN_POINT('',(0.590860454,-1.266343638,-9.258973643E-09));
#1094=LINE('',#1095,#1096);
#1095=CARTESIAN_POINT('',(0.590860454,-1.266343638,-9.258973643E-09));
#1096=VECTOR('',#1097,1.0);
#1097=DIRECTION('',(1.0,0.0,0.0));
#1098=ORIENTED_EDGE('',*,*,#1099,.T.);
#1099=EDGE_CURVE('',#1092,#1100,#1102,.F.);
#1100=VERTEX_POINT('',#1101);
#1101=CARTESIAN_POINT('',(0.56541874,-1.188394703,-9.258973643E-09));
#1102=LINE('',#1103,#1104);
#1103=CARTESIAN_POINT('',(0.56541874,-1.188394703,-9.258973643E-09));
#1104=VECTOR('',#1105,1.0);
#1105=DIRECTION('',(0.310280567,-0.950645028,0.0));
#1106=ORIENTED_EDGE('',*,*,#1107,.T.);
#1107=EDGE_CURVE('',#1100,#1108,#1110,.F.);
#1108=VERTEX_POINT('',#1109);
#1109=CARTESIAN_POINT('',(0.52725624,-1.188394703,-9.258973643E-09));
#1110=LINE('',#1111,#1112);
#1111=CARTESIAN_POINT('',(0.52725624,-1.188394703,-9.258973643E-09));
#1112=VECTOR('',#1113,1.0);
#1113=DIRECTION('',(1.0,0.0,0.0));
#1114=ORIENTED_EDGE('',*,*,#1115,.T.);
#1115=EDGE_CURVE('',#1108,#1116,#1118,.F.);
#1116=VERTEX_POINT('',#1117);
#1117=CARTESIAN_POINT('',(0.629022954,-1.493694698,-9.258973643E-09));
#1118=LINE('',#1119,#1120);
#1119=CARTESIAN_POINT('',(0.629022954,-1.493694698,-9.258973643E-09));
#1120=VECTOR('',#1121,1.0);
#1121=DIRECTION('',(-0.316227902,0.948683253,0.0));
#1122=ORIENTED_EDGE('',*,*,#1123,.T.);
#1123=EDGE_CURVE('',#1116,#1066,#1124,.F.);
#1124=LINE('',#1125,#1126);
#1125=CARTESIAN_POINT('',(0.679906237,-1.493694698,-9.258973643E-09));
#1126=VECTOR('',#1127,1.0);
#1127=DIRECTION('',(-1.0,0.0,0.0));
#1128=PLANE('',#1129);
#1129=AXIS2_PLACEMENT_3D('',#1130,#1131,#1132);
#1130=CARTESIAN_POINT('',(0.0,-0.332994719,-9.258973643E-09));
#1131=DIRECTION('',(0.0,0.0,1.0));
#1132=DIRECTION('',(1.0,0.0,0.0));
#1133=ADVANCED_FACE('',(#1134),#1232,.F.);
#1134=FACE_BOUND('',#1135,.T.);
#1135=EDGE_LOOP('',(#1136,#1146,#1154,#1162,#1170,#1178,#1186,#1194,#1202,#1210,#1218,#1226));
#1136=ORIENTED_EDGE('',*,*,#1137,.T.);
#1137=EDGE_CURVE('',#1138,#1140,#1142,.F.);
#1138=VERTEX_POINT('',#1139);
#1139=CARTESIAN_POINT('',(0.260118745,-1.454720235,-9.258973643E-09));
#1140=VERTEX_POINT('',#1141);
#1141=CARTESIAN_POINT('',(0.260118745,-1.227369171,-9.258973643E-09));
#1142=LINE('',#1143,#1144);
#1143=CARTESIAN_POINT('',(0.260118745,-1.227369171,-9.258973643E-09));
#1144=VECTOR('',#1145,1.0);
#1145=DIRECTION('',(0.0,-1.0,0.0));
#1146=ORIENTED_EDGE('',*,*,#1147,.T.);
#1147=EDGE_CURVE('',#1140,#1148,#1150,.F.);
#1148=VERTEX_POINT('',#1149);
#1149=CARTESIAN_POINT('',(0.374606243,-1.227369171,-9.258973643E-09));
#1150=LINE('',#1151,#1152);
#1151=CARTESIAN_POINT('',(0.374606243,-1.227369171,-9.258973643E-09));
#1152=VECTOR('',#1153,1.0);
#1153=DIRECTION('',(-1.0,0.0,0.0));
#1154=ORIENTED_EDGE('',*,*,#1155,.T.);
#1155=EDGE_CURVE('',#1148,#1156,#1158,.F.);
#1156=VERTEX_POINT('',#1157);
#1157=CARTESIAN_POINT('',(0.400047885,-1.233864914,-9.258973643E-09));
#1158=LINE('',#1159,#1160);
#1159=CARTESIAN_POINT('',(0.400047885,-1.233864914,-9.258973643E-09));
#1160=VECTOR('',#1161,1.0);
#1161=DIRECTION('',(-0.968917661,0.247383439,0.0));
#1162=ORIENTED_EDGE('',*,*,#1163,.T.);
#1163=EDGE_CURVE('',#1156,#1164,#1166,.F.);
#1164=VERTEX_POINT('',#1165);
#1165=CARTESIAN_POINT('',(0.419129135,-1.246856407,-9.258973643E-09));
#1166=LINE('',#1167,#1168);
#1167=CARTESIAN_POINT('',(0.419129135,-1.246856407,-9.258973643E-09));
#1168=VECTOR('',#1169,1.0);
#1169=DIRECTION('',(-0.826599187,0.562791066,0.0));
#1170=ORIENTED_EDGE('',*,*,#1171,.T.);
#1171=EDGE_CURVE('',#1164,#1172,#1174,.F.);
#1172=VERTEX_POINT('',#1173);
#1173=CARTESIAN_POINT('',(0.431849992,-1.266343638,-9.258973643E-09));
#1174=LINE('',#1175,#1176);
#1175=CARTESIAN_POINT('',(0.431849992,-1.266343638,-9.258973643E-09));
#1176=VECTOR('',#1177,1.0);
#1177=DIRECTION('',(-0.546623278,0.837378643,0.0));
#1178=ORIENTED_EDGE('',*,*,#1179,.T.);
#1179=EDGE_CURVE('',#1172,#1180,#1182,.F.);
#1180=VERTEX_POINT('',#1181);
#1181=CARTESIAN_POINT('',(0.438210384,-1.292326613,-9.258973643E-09));
#1182=LINE('',#1183,#1184);
#1183=CARTESIAN_POINT('',(0.438210384,-1.292326613,-9.258973643E-09));
#1184=VECTOR('',#1185,1.0);
#1185=DIRECTION('',(-0.237770497,0.971321363,0.0));
#1186=ORIENTED_EDGE('',*,*,#1187,.T.);
#1187=EDGE_CURVE('',#1180,#1188,#1190,.F.);
#1188=VERTEX_POINT('',#1189);
#1189=CARTESIAN_POINT('',(0.438210384,-1.389762779,-9.258973643E-09));
#1190=LINE('',#1191,#1192);
#1191=CARTESIAN_POINT('',(0.438210384,-1.389762779,-9.258973643E-09));
#1192=VECTOR('',#1193,1.0);
#1193=DIRECTION('',(0.0,1.0,0.0));
#1194=ORIENTED_EDGE('',*,*,#1195,.T.);
#1195=EDGE_CURVE('',#1188,#1196,#1198,.F.);
#1196=VERTEX_POINT('',#1197);
#1197=CARTESIAN_POINT('',(0.431849992,-1.415745754,-9.258973643E-09));
#1198=LINE('',#1199,#1200);
#1199=CARTESIAN_POINT('',(0.431849992,-1.415745754,-9.258973643E-09));
#1200=VECTOR('',#1201,1.0);
#1201=DIRECTION('',(0.237770497,0.971321363,0.0));
#1202=ORIENTED_EDGE('',*,*,#1203,.T.);
#1203=EDGE_CURVE('',#1196,#1204,#1206,.F.);
#1204=VERTEX_POINT('',#1205);
#1205=CARTESIAN_POINT('',(0.419129135,-1.435233004,-9.258973643E-09));
#1206=LINE('',#1207,#1208);
#1207=CARTESIAN_POINT('',(0.419129135,-1.435233004,-9.258973643E-09));
#1208=VECTOR('',#1209,1.0);
#1209=DIRECTION('',(0.54662292,0.837378877,0.0));
#1210=ORIENTED_EDGE('',*,*,#1211,.T.);
#1211=EDGE_CURVE('',#1204,#1212,#1214,.F.);
#1212=VERTEX_POINT('',#1213);
#1213=CARTESIAN_POINT('',(0.400047885,-1.448224491,-9.258973643E-09));
#1214=LINE('',#1215,#1216);
#1215=CARTESIAN_POINT('',(0.400047885,-1.448224491,-9.258973643E-09));
#1216=VECTOR('',#1217,1.0);
#1217=DIRECTION('',(0.826599279,0.562790931,0.0));
#1218=ORIENTED_EDGE('',*,*,#1219,.T.);
#1219=EDGE_CURVE('',#1212,#1220,#1222,.F.);
#1220=VERTEX_POINT('',#1221);
#1221=CARTESIAN_POINT('',(0.374606243,-1.454720235,-9.258973643E-09));
#1222=LINE('',#1223,#1224);
#1223=CARTESIAN_POINT('',(0.374606243,-1.454720235,-9.258973643E-09));
#1224=VECTOR('',#1225,1.0);
#1225=DIRECTION('',(0.968917661,0.247383439,0.0));
#1226=ORIENTED_EDGE('',*,*,#1227,.T.);
#1227=EDGE_CURVE('',#1220,#1138,#1228,.F.);
#1228=LINE('',#1229,#1230);
#1229=CARTESIAN_POINT('',(0.260118745,-1.454720235,-9.258973643E-09));
#1230=VECTOR('',#1231,1.0);
#1231=DIRECTION('',(1.0,0.0,0.0));
#1232=PLANE('',#1233);
#1233=AXIS2_PLACEMENT_3D('',#1234,#1235,#1236);
#1234=CARTESIAN_POINT('',(0.0,-0.332994719,-9.258973643E-09));
#1235=DIRECTION('',(0.0,0.0,1.0));
#1236=DIRECTION('',(1.0,0.0,0.0));
#1237=ADVANCED_FACE('',(#1238),#1264,.F.);
#1238=FACE_BOUND('',#1239,.T.);
#1239=EDGE_LOOP('',(#1240,#1250,#1258));
#1240=ORIENTED_EDGE('',*,*,#1241,.T.);
#1241=EDGE_CURVE('',#1242,#1244,#1246,.F.);
#1242=VERTEX_POINT('',#1243);
#1243=CARTESIAN_POINT('',(0.654464523,-1.467711723,-9.258973643E-09));
#1244=VERTEX_POINT('',#1245);
#1245=CARTESIAN_POINT('',(0.597220774,-1.292326613,-9.258973643E-09));
#1246=LINE('',#1247,#1248);
#1247=CARTESIAN_POINT('',(0.597220774,-1.292326613,-9.258973643E-09));
#1248=VECTOR('',#1249,1.0);
#1249=DIRECTION('',(0.310280021,-0.950645206,0.0));
#1250=ORIENTED_EDGE('',*,*,#1251,.T.);
#1251=EDGE_CURVE('',#1244,#1252,#1254,.F.);
#1252=VERTEX_POINT('',#1253);
#1253=CARTESIAN_POINT('',(0.711708272,-1.292326613,-9.258973643E-09));
#1254=LINE('',#1255,#1256);
#1255=CARTESIAN_POINT('',(0.711708272,-1.292326613,-9.258973643E-09));
#1256=VECTOR('',#1257,1.0);
#1257=DIRECTION('',(-1.0,0.0,0.0));
#1258=ORIENTED_EDGE('',*,*,#1259,.T.);
#1259=EDGE_CURVE('',#1252,#1242,#1260,.F.);
#1260=LINE('',#1261,#1262);
#1261=CARTESIAN_POINT('',(0.654464523,-1.467711723,-9.258973643E-09));
#1262=VECTOR('',#1263,1.0);
#1263=DIRECTION('',(0.310280021,0.950645206,0.0));
#1264=PLANE('',#1265);
#1265=AXIS2_PLACEMENT_3D('',#1266,#1267,#1268);
#1266=CARTESIAN_POINT('',(0.0,-0.332994719,-9.258973643E-09));
#1267=DIRECTION('',(0.0,0.0,1.0));
#1268=DIRECTION('',(1.0,0.0,0.0));
#1269=ADVANCED_FACE('',(#1270),#1296,.T.);
#1270=FACE_BOUND('',#1271,.T.);
#1271=EDGE_LOOP('',(#1272,#1280,#1281,#1289));
#1272=ORIENTED_EDGE('',*,*,#1273,.T.);
#1273=EDGE_CURVE('',#1274,#179,#1276,.F.);
#1274=VERTEX_POINT('',#1275);
#1275=CARTESIAN_POINT('',(-1.113499979,-0.332994719,-0.400000002));
#1276=LINE('',#1277,#1278);
#1277=CARTESIAN_POINT('',(-1.113499979,-0.332994719,-9.258973643E-09));
#1278=VECTOR('',#1279,1.0);
#1279=DIRECTION('',(-8.059664047E-11,9.522009415E-11,-1.0));
#1280=ORIENTED_EDGE('',*,*,#189,.F.);
#1281=ORIENTED_EDGE('',*,*,#1282,.T.);
#1282=EDGE_CURVE('',#181,#1283,#1285,.T.);
#1283=VERTEX_POINT('',#1284);
#1284=CARTESIAN_POINT('',(-1.886499965,-0.332994719,-0.400000002));
#1285=LINE('',#1286,#1287);
#1286=CARTESIAN_POINT('',(-1.886499965,-0.332994719,-9.258973643E-09));
#1287=VECTOR('',#1288,1.0);
#1288=DIRECTION('',(8.059608535E-11,-9.522018044E-11,-1.0));
#1289=ORIENTED_EDGE('',*,*,#1290,.T.);
#1290=EDGE_CURVE('',#1283,#1274,#1291,.F.);
#1291=CIRCLE('',#1292,0.386499993);
#1292=AXIS2_PLACEMENT_3D('',#1293,#1294,#1295);
#1293=CARTESIAN_POINT('',(-1.499999972,-0.332994719,-0.400000002));
#1294=DIRECTION('',(0.0,0.0,-1.0));
#1295=DIRECTION('',(1.0,0.0,0.0));
#1296=CYLINDRICAL_SURFACE('',#1297,0.386499993);
#1297=AXIS2_PLACEMENT_3D('',#1298,#1299,#1300);
#1298=CARTESIAN_POINT('',(-1.499999972,-0.332994719,-9.258973643E-09));
#1299=DIRECTION('',(0.0,0.0,-1.0));
#1300=DIRECTION('',(1.0,0.0,0.0));
#1301=ADVANCED_FACE('',(#1302),#1328,.T.);
#1302=FACE_BOUND('',#1303,.T.);
#1303=EDGE_LOOP('',(#1304,#1312,#1313,#1321));
#1304=ORIENTED_EDGE('',*,*,#1305,.T.);
#1305=EDGE_CURVE('',#1306,#1274,#1308,.T.);
#1306=VERTEX_POINT('',#1307);
#1307=CARTESIAN_POINT('',(-1.213499978,-0.332994719,-0.5));
#1308=LINE('',#1309,#1310);
#1309=CARTESIAN_POINT('',(-1.213499978,-0.332994719,-0.5));
#1310=VECTOR('',#1311,1.0);
#1311=DIRECTION('',(0.707106781,3.136349811E-12,0.707106781));
#1312=ORIENTED_EDGE('',*,*,#1290,.F.);
#1313=ORIENTED_EDGE('',*,*,#1314,.T.);
#1314=EDGE_CURVE('',#1283,#1315,#1317,.F.);
#1315=VERTEX_POINT('',#1316);
#1316=CARTESIAN_POINT('',(-1.786499967,-0.332994719,-0.5));
#1317=LINE('',#1318,#1319);
#1318=CARTESIAN_POINT('',(-1.786499967,-0.332994719,-0.5));
#1319=VECTOR('',#1320,1.0);
#1320=DIRECTION('',(-0.707106781,-3.136321746E-12,0.707106781));
#1321=ORIENTED_EDGE('',*,*,#1322,.T.);
#1322=EDGE_CURVE('',#1315,#1306,#1323,.F.);
#1323=CIRCLE('',#1324,0.286499995);
#1324=AXIS2_PLACEMENT_3D('',#1325,#1326,#1327);
#1325=CARTESIAN_POINT('',(-1.499999972,-0.332994719,-0.5));
#1326=DIRECTION('',(0.0,0.0,-1.0));
#1327=DIRECTION('',(1.0,0.0,0.0));
#1328=CONICAL_SURFACE('',#1329,0.336499994,0.785398163);
#1329=AXIS2_PLACEMENT_3D('',#1330,#1331,#1332);
#1330=CARTESIAN_POINT('',(-1.499999972,-0.332994719,-0.450000001));
#1331=DIRECTION('',(0.0,0.0,1.0));
#1332=DIRECTION('',(0.0,-1.0,0.0));
#1333=ADVANCED_FACE('',(#1334),#1344,.T.);
#1334=FACE_BOUND('',#1335,.T.);
#1335=EDGE_LOOP('',(#1336,#1337));
#1336=ORIENTED_EDGE('',*,*,#1322,.F.);
#1337=ORIENTED_EDGE('',*,*,#1338,.T.);
#1338=EDGE_CURVE('',#1315,#1306,#1339,.T.);
#1339=CIRCLE('',#1340,0.286499995);
#1340=AXIS2_PLACEMENT_3D('',#1341,#1342,#1343);
#1341=CARTESIAN_POINT('',(-1.499999972,-0.332994719,-0.5));
#1342=DIRECTION('',(0.0,0.0,-1.0));
#1343=DIRECTION('',(-1.0,0.0,0.0));
#1344=PLANE('',#1345);
#1345=AXIS2_PLACEMENT_3D('',#1346,#1347,#1348);
#1346=CARTESIAN_POINT('',(0.0,-0.332994719,-0.5));
#1347=DIRECTION('',(0.0,0.0,-1.0));
#1348=DIRECTION('',(1.0,0.0,0.0));
#1349=ADVANCED_FACE('',(#1350),#1370,.T.);
#1350=FACE_BOUND('',#1351,.T.);
#1351=EDGE_LOOP('',(#1352,#1363));
#1352=ORIENTED_EDGE('',*,*,#1353,.T.);
#1353=EDGE_CURVE('',#1354,#1356,#1358,.T.);
#1354=VERTEX_POINT('',#1355);
#1355=CARTESIAN_POINT('',(1.786499967,-0.332994719,-0.5));
#1356=VERTEX_POINT('',#1357);
#1357=CARTESIAN_POINT('',(1.213499978,-0.332994719,-0.5));
#1358=CIRCLE('',#1359,0.286499995);
#1359=AXIS2_PLACEMENT_3D('',#1360,#1361,#1362);
#1360=CARTESIAN_POINT('',(1.499999972,-0.332994719,-0.5));
#1361=DIRECTION('',(0.0,0.0,-1.0));
#1362=DIRECTION('',(1.0,0.0,0.0));
#1363=ORIENTED_EDGE('',*,*,#1364,.T.);
#1364=EDGE_CURVE('',#1356,#1354,#1365,.T.);
#1365=CIRCLE('',#1366,0.286499995);
#1366=AXIS2_PLACEMENT_3D('',#1367,#1368,#1369);
#1367=CARTESIAN_POINT('',(1.499999972,-0.332994719,-0.5));
#1368=DIRECTION('',(0.0,0.0,-1.0));
#1369=DIRECTION('',(-1.0,0.0,0.0));
#1370=PLANE('',#1371);
#1371=AXIS2_PLACEMENT_3D('',#1372,#1373,#1374);
#1372=CARTESIAN_POINT('',(0.0,-0.332994719,-0.5));
#1373=DIRECTION('',(0.0,0.0,-1.0));
#1374=DIRECTION('',(1.0,0.0,0.0));
#1375=ADVANCED_FACE('',(#1376),#1388,.T.);
#1376=FACE_BOUND('',#1377,.T.);
#1377=EDGE_LOOP('',(#1378,#1379,#1386,#1387));
#1378=ORIENTED_EDGE('',*,*,#1314,.F.);
#1379=ORIENTED_EDGE('',*,*,#1380,.T.);
#1380=EDGE_CURVE('',#1283,#1274,#1381,.T.);
#1381=CIRCLE('',#1382,0.386499993);
#1382=AXIS2_PLACEMENT_3D('',#1383,#1384,#1385);
#1383=CARTESIAN_POINT('',(-1.499999972,-0.332994719,-0.400000002));
#1384=DIRECTION('',(0.0,0.0,-1.0));
#1385=DIRECTION('',(-1.0,0.0,0.0));
#1386=ORIENTED_EDGE('',*,*,#1305,.F.);
#1387=ORIENTED_EDGE('',*,*,#1338,.F.);
#1388=CONICAL_SURFACE('',#1389,0.336499994,0.785398163);
#1389=AXIS2_PLACEMENT_3D('',#1390,#1391,#1392);
#1390=CARTESIAN_POINT('',(-1.499999972,-0.332994719,-0.450000001));
#1391=DIRECTION('',(0.0,0.0,1.0));
#1392=DIRECTION('',(0.0,-1.0,0.0));
#1393=ADVANCED_FACE('',(#1394),#1400,.T.);
#1394=FACE_BOUND('',#1395,.T.);
#1395=EDGE_LOOP('',(#1396,#1397,#1398,#1399));
#1396=ORIENTED_EDGE('',*,*,#1282,.F.);
#1397=ORIENTED_EDGE('',*,*,#178,.F.);
#1398=ORIENTED_EDGE('',*,*,#1273,.F.);
#1399=ORIENTED_EDGE('',*,*,#1380,.F.);
#1400=CYLINDRICAL_SURFACE('',#1401,0.386499993);
#1401=AXIS2_PLACEMENT_3D('',#1402,#1403,#1404);
#1402=CARTESIAN_POINT('',(-1.499999972,-0.332994719,-9.258973643E-09));
#1403=DIRECTION('',(0.0,0.0,-1.0));
#1404=DIRECTION('',(1.0,0.0,0.0));
#1405=ADVANCED_FACE('',(#1406),#1432,.T.);
#1406=FACE_BOUND('',#1407,.T.);
#1407=EDGE_LOOP('',(#1408,#1416,#1425,#1431));
#1408=ORIENTED_EDGE('',*,*,#1409,.T.);
#1409=EDGE_CURVE('',#1356,#1410,#1412,.T.);
#1410=VERTEX_POINT('',#1411);
#1411=CARTESIAN_POINT('',(1.113499979,-0.332994719,-0.400000002));
#1412=LINE('',#1413,#1414);
#1413=CARTESIAN_POINT('',(1.213499978,-0.332994719,-0.5));
#1414=VECTOR('',#1415,1.0);
#1415=DIRECTION('',(-0.707106781,-3.135572026E-12,0.707106781));
#1416=ORIENTED_EDGE('',*,*,#1417,.T.);
#1417=EDGE_CURVE('',#1410,#1418,#1420,.T.);
#1418=VERTEX_POINT('',#1419);
#1419=CARTESIAN_POINT('',(1.886499965,-0.332994719,-0.400000002));
#1420=CIRCLE('',#1421,0.386499993);
#1421=AXIS2_PLACEMENT_3D('',#1422,#1423,#1424);
#1422=CARTESIAN_POINT('',(1.499999972,-0.332994719,-0.400000002));
#1423=DIRECTION('',(0.0,0.0,-1.0));
#1424=DIRECTION('',(-1.0,0.0,0.0));
#1425=ORIENTED_EDGE('',*,*,#1426,.T.);
#1426=EDGE_CURVE('',#1418,#1354,#1427,.F.);
#1427=LINE('',#1428,#1429);
#1428=CARTESIAN_POINT('',(1.786499967,-0.332994719,-0.5));
#1429=VECTOR('',#1430,1.0);
#1430=DIRECTION('',(0.707106781,3.136199868E-12,0.707106781));
#1431=ORIENTED_EDGE('',*,*,#1364,.F.);
#1432=CONICAL_SURFACE('',#1433,0.336499994,0.785398163);
#1433=AXIS2_PLACEMENT_3D('',#1434,#1435,#1436);
#1434=CARTESIAN_POINT('',(1.499999972,-0.332994719,-0.450000001));
#1435=DIRECTION('',(0.0,0.0,1.0));
#1436=DIRECTION('',(0.0,-1.0,0.0));
#1437=ADVANCED_FACE('',(#1438),#1450,.T.);
#1438=FACE_BOUND('',#1439,.T.);
#1439=EDGE_LOOP('',(#1440,#1441,#1448,#1449));
#1440=ORIENTED_EDGE('',*,*,#1426,.F.);
#1441=ORIENTED_EDGE('',*,*,#1442,.T.);
#1442=EDGE_CURVE('',#1418,#1410,#1443,.T.);
#1443=CIRCLE('',#1444,0.386499993);
#1444=AXIS2_PLACEMENT_3D('',#1445,#1446,#1447);
#1445=CARTESIAN_POINT('',(1.499999972,-0.332994719,-0.400000002));
#1446=DIRECTION('',(0.0,0.0,-1.0));
#1447=DIRECTION('',(1.0,0.0,0.0));
#1448=ORIENTED_EDGE('',*,*,#1409,.F.);
#1449=ORIENTED_EDGE('',*,*,#1353,.F.);
#1450=CONICAL_SURFACE('',#1451,0.336499994,0.785398163);
#1451=AXIS2_PLACEMENT_3D('',#1452,#1453,#1454);
#1452=CARTESIAN_POINT('',(1.499999972,-0.332994719,-0.450000001));
#1453=DIRECTION('',(0.0,0.0,1.0));
#1454=DIRECTION('',(0.0,-1.0,0.0));
#1455=ADVANCED_FACE('',(#1456),#1472,.T.);
#1456=FACE_BOUND('',#1457,.T.);
#1457=EDGE_LOOP('',(#1458,#1464,#1465,#1471));
#1458=ORIENTED_EDGE('',*,*,#1459,.T.);
#1459=EDGE_CURVE('',#1418,#199,#1460,.F.);
#1460=LINE('',#1461,#1462);
#1461=CARTESIAN_POINT('',(1.886499965,-0.332994719,-9.258973643E-09));
#1462=VECTOR('',#1463,1.0);
#1463=DIRECTION('',(-8.059608535E-11,9.522009415E-11,-1.0));
#1464=ORIENTED_EDGE('',*,*,#209,.F.);
#1465=ORIENTED_EDGE('',*,*,#1466,.T.);
#1466=EDGE_CURVE('',#201,#1410,#1467,.T.);
#1467=LINE('',#1468,#1469);
#1468=CARTESIAN_POINT('',(1.113499979,-0.332994719,-9.258973643E-09));
#1469=VECTOR('',#1470,1.0);
#1470=DIRECTION('',(8.059664047E-11,-9.522018044E-11,-1.0));
#1471=ORIENTED_EDGE('',*,*,#1442,.F.);
#1472=CYLINDRICAL_SURFACE('',#1473,0.386499993);
#1473=AXIS2_PLACEMENT_3D('',#1474,#1475,#1476);
#1474=CARTESIAN_POINT('',(1.499999972,-0.332994719,-9.258973643E-09));
#1475=DIRECTION('',(0.0,0.0,-1.0));
#1476=DIRECTION('',(1.0,0.0,0.0));
#1477=ADVANCED_FACE('',(#1478),#1484,.T.);
#1478=FACE_BOUND('',#1479,.T.);
#1479=EDGE_LOOP('',(#1480,#1481,#1482,#1483));
#1480=ORIENTED_EDGE('',*,*,#1466,.F.);
#1481=ORIENTED_EDGE('',*,*,#198,.F.);
#1482=ORIENTED_EDGE('',*,*,#1459,.F.);
#1483=ORIENTED_EDGE('',*,*,#1417,.F.);
#1484=CYLINDRICAL_SURFACE('',#1485,0.386499993);
#1485=AXIS2_PLACEMENT_3D('',#1486,#1487,#1488);
#1486=CARTESIAN_POINT('',(1.499999972,-0.332994719,-9.258973643E-09));
#1487=DIRECTION('',(0.0,0.0,-1.0));
#1488=DIRECTION('',(1.0,0.0,0.0));
#1489=ADVANCED_FACE('',(#1490),#1515,.F.);
#1490=FACE_BOUND('',#1491,.T.);
#1491=EDGE_LOOP('',(#1492,#1500,#1508,#1514));
#1492=ORIENTED_EDGE('',*,*,#1493,.T.);
#1493=EDGE_CURVE('',#237,#1494,#1496,.T.);
#1494=VERTEX_POINT('',#1495);
#1495=CARTESIAN_POINT('',(-0.123399998,-0.644994713,0.149999988));
#1496=LINE('',#1497,#1498);
#1497=CARTESIAN_POINT('',(-0.123399998,-0.644994713,-9.258973643E-09));
#1498=VECTOR('',#1499,1.0);
#1499=DIRECTION('',(0.0,0.0,1.0));
#1500=ORIENTED_EDGE('',*,*,#1501,.T.);
#1501=EDGE_CURVE('',#1494,#1502,#1504,.F.);
#1502=VERTEX_POINT('',#1503);
#1503=CARTESIAN_POINT('',(-0.567299989,-0.644994713,0.149999988));
#1504=LINE('',#1505,#1506);
#1505=CARTESIAN_POINT('',(-0.567299989,-0.644994713,0.149999988));
#1506=VECTOR('',#1507,1.0);
#1507=DIRECTION('',(1.0,0.0,0.0));
#1508=ORIENTED_EDGE('',*,*,#1509,.T.);
#1509=EDGE_CURVE('',#1502,#219,#1510,.F.);
#1510=LINE('',#1511,#1512);
#1511=CARTESIAN_POINT('',(-0.567299989,-0.644994713,-9.258973643E-09));
#1512=VECTOR('',#1513,1.0);
#1513=DIRECTION('',(0.0,0.0,1.0));
#1514=ORIENTED_EDGE('',*,*,#244,.F.);
#1515=PLANE('',#1516);
#1516=AXIS2_PLACEMENT_3D('',#1517,#1518,#1519);
#1517=CARTESIAN_POINT('',(-0.567299989,-0.644994713,-9.258973643E-09));
#1518=DIRECTION('',(0.0,1.0,0.0));
#1519=DIRECTION('',(1.0,0.0,0.0));
#1520=ADVANCED_FACE('',(#1521),#1539,.F.);
#1521=FACE_BOUND('',#1522,.T.);
#1522=EDGE_LOOP('',(#1523,#1524,#1532,#1538));
#1523=ORIENTED_EDGE('',*,*,#1509,.F.);
#1524=ORIENTED_EDGE('',*,*,#1525,.T.);
#1525=EDGE_CURVE('',#1502,#1526,#1528,.F.);
#1526=VERTEX_POINT('',#1527);
#1527=CARTESIAN_POINT('',(-0.567299989,-0.938594708,0.149999988));
#1528=LINE('',#1529,#1530);
#1529=CARTESIAN_POINT('',(-0.567299989,-0.938594708,0.149999988));
#1530=VECTOR('',#1531,1.0);
#1531=DIRECTION('',(0.0,1.0,0.0));
#1532=ORIENTED_EDGE('',*,*,#1533,.T.);
#1533=EDGE_CURVE('',#1526,#221,#1534,.F.);
#1534=LINE('',#1535,#1536);
#1535=CARTESIAN_POINT('',(-0.567299989,-0.938594708,-9.258973643E-09));
#1536=VECTOR('',#1537,1.0);
#1537=DIRECTION('',(0.0,0.0,1.0));
#1538=ORIENTED_EDGE('',*,*,#218,.F.);
#1539=PLANE('',#1540);
#1540=AXIS2_PLACEMENT_3D('',#1541,#1542,#1543);
#1541=CARTESIAN_POINT('',(-0.567299989,-0.938594708,-9.258973643E-09));
#1542=DIRECTION('',(-1.0,0.0,0.0));
#1543=DIRECTION('',(0.0,1.0,0.0));
#1544=ADVANCED_FACE('',(#1545),#1563,.F.);
#1545=FACE_BOUND('',#1546,.T.);
#1546=EDGE_LOOP('',(#1547,#1548,#1556,#1562));
#1547=ORIENTED_EDGE('',*,*,#1533,.F.);
#1548=ORIENTED_EDGE('',*,*,#1549,.T.);
#1549=EDGE_CURVE('',#1526,#1550,#1552,.F.);
#1550=VERTEX_POINT('',#1551);
#1551=CARTESIAN_POINT('',(-0.123399998,-0.938594708,0.149999988));
#1552=LINE('',#1553,#1554);
#1553=CARTESIAN_POINT('',(-0.123399998,-0.938594708,0.149999988));
#1554=VECTOR('',#1555,1.0);
#1555=DIRECTION('',(-1.0,0.0,0.0));
#1556=ORIENTED_EDGE('',*,*,#1557,.T.);
#1557=EDGE_CURVE('',#1550,#229,#1558,.F.);
#1558=LINE('',#1559,#1560);
#1559=CARTESIAN_POINT('',(-0.123399998,-0.938594708,-9.258973643E-09));
#1560=VECTOR('',#1561,1.0);
#1561=DIRECTION('',(0.0,0.0,1.0));
#1562=ORIENTED_EDGE('',*,*,#228,.F.);
#1563=PLANE('',#1564);
#1564=AXIS2_PLACEMENT_3D('',#1565,#1566,#1567);
#1565=CARTESIAN_POINT('',(-0.123399998,-0.938594708,-9.258973643E-09));
#1566=DIRECTION('',(0.0,-1.0,0.0));
#1567=DIRECTION('',(-1.0,0.0,0.0));
#1568=ADVANCED_FACE('',(#1569),#1580,.F.);
#1569=FACE_BOUND('',#1570,.T.);
#1570=EDGE_LOOP('',(#1571,#1572,#1578,#1579));
#1571=ORIENTED_EDGE('',*,*,#1557,.F.);
#1572=ORIENTED_EDGE('',*,*,#1573,.T.);
#1573=EDGE_CURVE('',#1550,#1494,#1574,.F.);
#1574=LINE('',#1575,#1576);
#1575=CARTESIAN_POINT('',(-0.123399998,-0.644994713,0.149999988));
#1576=VECTOR('',#1577,1.0);
#1577=DIRECTION('',(0.0,-1.0,0.0));
#1578=ORIENTED_EDGE('',*,*,#1493,.F.);
#1579=ORIENTED_EDGE('',*,*,#236,.F.);
#1580=PLANE('',#1581);
#1581=AXIS2_PLACEMENT_3D('',#1582,#1583,#1584);
#1582=CARTESIAN_POINT('',(-0.123399998,-0.644994713,-9.258973643E-09));
#1583=DIRECTION('',(1.0,0.0,0.0));
#1584=DIRECTION('',(0.0,-1.0,0.0));
#1585=ADVANCED_FACE('',(#1586),#1592,.T.);
#1586=FACE_BOUND('',#1587,.T.);
#1587=EDGE_LOOP('',(#1588,#1589,#1590,#1591));
#1588=ORIENTED_EDGE('',*,*,#1573,.F.);
#1589=ORIENTED_EDGE('',*,*,#1549,.F.);
#1590=ORIENTED_EDGE('',*,*,#1525,.F.);
#1591=ORIENTED_EDGE('',*,*,#1501,.F.);
#1592=PLANE('',#1593);
#1593=AXIS2_PLACEMENT_3D('',#1594,#1595,#1596);
#1594=CARTESIAN_POINT('',(0.0,-0.332994719,0.149999988));
#1595=DIRECTION('',(0.0,0.0,-1.0));
#1596=DIRECTION('',(1.0,0.0,0.0));
#1597=ADVANCED_FACE('',(#1598),#1632,.T.);
#1598=FACE_BOUND('',#1599,.T.);
#1599=EDGE_LOOP('',(#1600,#1610,#1618,#1626));
#1600=ORIENTED_EDGE('',*,*,#1601,.T.);
#1601=EDGE_CURVE('',#1602,#1604,#1606,.T.);
#1602=VERTEX_POINT('',#1603);
#1603=CARTESIAN_POINT('',(0.567299989,-0.938594708,0.149999988));
#1604=VERTEX_POINT('',#1605);
#1605=CARTESIAN_POINT('',(0.123399998,-0.938594708,0.149999988));
#1606=LINE('',#1607,#1608);
#1607=CARTESIAN_POINT('',(0.567299989,-0.938594708,0.149999988));
#1608=VECTOR('',#1609,1.0);
#1609=DIRECTION('',(-1.0,0.0,0.0));
#1610=ORIENTED_EDGE('',*,*,#1611,.T.);
#1611=EDGE_CURVE('',#1604,#1612,#1614,.T.);
#1612=VERTEX_POINT('',#1613);
#1613=CARTESIAN_POINT('',(0.123399998,-0.644994713,0.149999988));
#1614=LINE('',#1615,#1616);
#1615=CARTESIAN_POINT('',(0.123399998,-0.938594708,0.149999988));
#1616=VECTOR('',#1617,1.0);
#1617=DIRECTION('',(0.0,1.0,0.0));
#1618=ORIENTED_EDGE('',*,*,#1619,.T.);
#1619=EDGE_CURVE('',#1612,#1620,#1622,.T.);
#1620=VERTEX_POINT('',#1621);
#1621=CARTESIAN_POINT('',(0.567299989,-0.644994713,0.149999988));
#1622=LINE('',#1623,#1624);
#1623=CARTESIAN_POINT('',(0.123399998,-0.644994713,0.149999988));
#1624=VECTOR('',#1625,1.0);
#1625=DIRECTION('',(1.0,0.0,0.0));
#1626=ORIENTED_EDGE('',*,*,#1627,.T.);
#1627=EDGE_CURVE('',#1620,#1602,#1628,.T.);
#1628=LINE('',#1629,#1630);
#1629=CARTESIAN_POINT('',(0.567299989,-0.644994713,0.149999988));
#1630=VECTOR('',#1631,1.0);
#1631=DIRECTION('',(0.0,-1.0,0.0));
#1632=PLANE('',#1633);
#1633=AXIS2_PLACEMENT_3D('',#1634,#1635,#1636);
#1634=CARTESIAN_POINT('',(0.0,-0.332994719,0.149999988));
#1635=DIRECTION('',(0.0,0.0,-1.0));
#1636=DIRECTION('',(1.0,0.0,0.0));
#1637=ADVANCED_FACE('',(#1638),#1672,.T.);
#1638=FACE_BOUND('',#1639,.T.);
#1639=EDGE_LOOP('',(#1640,#1650,#1658,#1666));
#1640=ORIENTED_EDGE('',*,*,#1641,.T.);
#1641=EDGE_CURVE('',#1642,#1644,#1646,.T.);
#1642=VERTEX_POINT('',#1643);
#1643=CARTESIAN_POINT('',(-0.567299989,0.27260527,0.149999988));
#1644=VERTEX_POINT('',#1645);
#1645=CARTESIAN_POINT('',(-0.123399998,0.27260527,0.149999988));
#1646=LINE('',#1647,#1648);
#1647=CARTESIAN_POINT('',(-0.567299989,0.27260527,0.149999988));
#1648=VECTOR('',#1649,1.0);
#1649=DIRECTION('',(1.0,0.0,0.0));
#1650=ORIENTED_EDGE('',*,*,#1651,.T.);
#1651=EDGE_CURVE('',#1644,#1652,#1654,.T.);
#1652=VERTEX_POINT('',#1653);
#1653=CARTESIAN_POINT('',(-0.123399998,-0.020994725,0.149999988));
#1654=LINE('',#1655,#1656);
#1655=CARTESIAN_POINT('',(-0.123399998,0.27260527,0.149999988));
#1656=VECTOR('',#1657,1.0);
#1657=DIRECTION('',(0.0,-1.0,0.0));
#1658=ORIENTED_EDGE('',*,*,#1659,.T.);
#1659=EDGE_CURVE('',#1652,#1660,#1662,.T.);
#1660=VERTEX_POINT('',#1661);
#1661=CARTESIAN_POINT('',(-0.567299989,-0.020994725,0.149999988));
#1662=LINE('',#1663,#1664);
#1663=CARTESIAN_POINT('',(-0.123399998,-0.020994725,0.149999988));
#1664=VECTOR('',#1665,1.0);
#1665=DIRECTION('',(-1.0,0.0,0.0));
#1666=ORIENTED_EDGE('',*,*,#1667,.T.);
#1667=EDGE_CURVE('',#1660,#1642,#1668,.T.);
#1668=LINE('',#1669,#1670);
#1669=CARTESIAN_POINT('',(-0.567299989,-0.020994725,0.149999988));
#1670=VECTOR('',#1671,1.0);
#1671=DIRECTION('',(0.0,1.0,0.0));
#1672=PLANE('',#1673);
#1673=AXIS2_PLACEMENT_3D('',#1674,#1675,#1676);
#1674=CARTESIAN_POINT('',(0.0,-0.332994719,0.149999988));
#1675=DIRECTION('',(0.0,0.0,-1.0));
#1676=DIRECTION('',(1.0,0.0,0.0));
#1677=ADVANCED_FACE('',(#1678),#1712,.T.);
#1678=FACE_BOUND('',#1679,.T.);
#1679=EDGE_LOOP('',(#1680,#1690,#1698,#1706));
#1680=ORIENTED_EDGE('',*,*,#1681,.T.);
#1681=EDGE_CURVE('',#1682,#1684,#1686,.T.);
#1682=VERTEX_POINT('',#1683);
#1683=CARTESIAN_POINT('',(0.123399998,-0.020994725,0.149999988));
#1684=VERTEX_POINT('',#1685);
#1685=CARTESIAN_POINT('',(0.123399998,0.27260527,0.149999988));
#1686=LINE('',#1687,#1688);
#1687=CARTESIAN_POINT('',(0.123399998,-0.020994725,0.149999988));
#1688=VECTOR('',#1689,1.0);
#1689=DIRECTION('',(0.0,1.0,0.0));
#1690=ORIENTED_EDGE('',*,*,#1691,.T.);
#1691=EDGE_CURVE('',#1684,#1692,#1694,.T.);
#1692=VERTEX_POINT('',#1693);
#1693=CARTESIAN_POINT('',(0.567299989,0.27260527,0.149999988));
#1694=LINE('',#1695,#1696);
#1695=CARTESIAN_POINT('',(0.123399998,0.27260527,0.149999988));
#1696=VECTOR('',#1697,1.0);
#1697=DIRECTION('',(1.0,0.0,0.0));
#1698=ORIENTED_EDGE('',*,*,#1699,.T.);
#1699=EDGE_CURVE('',#1692,#1700,#1702,.T.);
#1700=VERTEX_POINT('',#1701);
#1701=CARTESIAN_POINT('',(0.567299989,-0.020994725,0.149999988));
#1702=LINE('',#1703,#1704);
#1703=CARTESIAN_POINT('',(0.567299989,0.27260527,0.149999988));
#1704=VECTOR('',#1705,1.0);
#1705=DIRECTION('',(0.0,-1.0,0.0));
#1706=ORIENTED_EDGE('',*,*,#1707,.T.);
#1707=EDGE_CURVE('',#1700,#1682,#1708,.T.);
#1708=LINE('',#1709,#1710);
#1709=CARTESIAN_POINT('',(0.567299989,-0.020994725,0.149999988));
#1710=VECTOR('',#1711,1.0);
#1711=DIRECTION('',(-1.0,0.0,0.0));
#1712=PLANE('',#1713);
#1713=AXIS2_PLACEMENT_3D('',#1714,#1715,#1716);
#1714=CARTESIAN_POINT('',(0.0,-0.332994719,0.149999988));
#1715=DIRECTION('',(0.0,0.0,-1.0));
#1716=DIRECTION('',(1.0,0.0,0.0));
#1717=ADVANCED_FACE('',(#1718),#1752,.T.);
#1718=FACE_BOUND('',#1719,.T.);
#1719=EDGE_LOOP('',(#1720,#1730,#1738,#1746));
#1720=ORIENTED_EDGE('',*,*,#1721,.T.);
#1721=EDGE_CURVE('',#1722,#1724,#1726,.T.);
#1722=VERTEX_POINT('',#1723);
#1723=CARTESIAN_POINT('',(-1.801072533,-0.644994713,0.149999988));
#1724=VERTEX_POINT('',#1725);
#1725=CARTESIAN_POINT('',(-1.801072533,-0.938594708,0.149999988));
#1726=LINE('',#1727,#1728);
#1727=CARTESIAN_POINT('',(-1.801072533,-0.644994713,0.149999988));
#1728=VECTOR('',#1729,1.0);
#1729=DIRECTION('',(0.0,-1.0,0.0));
#1730=ORIENTED_EDGE('',*,*,#1731,.T.);
#1731=EDGE_CURVE('',#1724,#1732,#1734,.T.);
#1732=VERTEX_POINT('',#1733);
#1733=CARTESIAN_POINT('',(-2.244972525,-0.938594708,0.149999988));
#1734=LINE('',#1735,#1736);
#1735=CARTESIAN_POINT('',(-1.801072533,-0.938594708,0.149999988));
#1736=VECTOR('',#1737,1.0);
#1737=DIRECTION('',(-1.0,0.0,0.0));
#1738=ORIENTED_EDGE('',*,*,#1739,.T.);
#1739=EDGE_CURVE('',#1732,#1740,#1742,.T.);
#1740=VERTEX_POINT('',#1741);
#1741=CARTESIAN_POINT('',(-2.244972525,-0.644994713,0.149999988));
#1742=LINE('',#1743,#1744);
#1743=CARTESIAN_POINT('',(-2.244972525,-0.938594708,0.149999988));
#1744=VECTOR('',#1745,1.0);
#1745=DIRECTION('',(0.0,1.0,0.0));
#1746=ORIENTED_EDGE('',*,*,#1747,.T.);
#1747=EDGE_CURVE('',#1740,#1722,#1748,.T.);
#1748=LINE('',#1749,#1750);
#1749=CARTESIAN_POINT('',(-2.244972525,-0.644994713,0.149999988));
#1750=VECTOR('',#1751,1.0);
#1751=DIRECTION('',(1.0,0.0,0.0));
#1752=PLANE('',#1753);
#1753=AXIS2_PLACEMENT_3D('',#1754,#1755,#1756);
#1754=CARTESIAN_POINT('',(0.0,-0.332994719,0.149999988));
#1755=DIRECTION('',(0.0,0.0,-1.0));
#1756=DIRECTION('',(1.0,0.0,0.0));
#1757=ADVANCED_FACE('',(#1758),#1792,.T.);
#1758=FACE_BOUND('',#1759,.T.);
#1759=EDGE_LOOP('',(#1760,#1770,#1778,#1786));
#1760=ORIENTED_EDGE('',*,*,#1761,.T.);
#1761=EDGE_CURVE('',#1762,#1764,#1766,.T.);
#1762=VERTEX_POINT('',#1763);
#1763=CARTESIAN_POINT('',(-2.244972525,0.27260527,0.149999988));
#1764=VERTEX_POINT('',#1765);
#1765=CARTESIAN_POINT('',(-1.801072533,0.27260527,0.149999988));
#1766=LINE('',#1767,#1768);
#1767=CARTESIAN_POINT('',(-2.244972525,0.27260527,0.149999988));
#1768=VECTOR('',#1769,1.0);
#1769=DIRECTION('',(1.0,0.0,0.0));
#1770=ORIENTED_EDGE('',*,*,#1771,.T.);
#1771=EDGE_CURVE('',#1764,#1772,#1774,.T.);
#1772=VERTEX_POINT('',#1773);
#1773=CARTESIAN_POINT('',(-1.801072533,-0.020994725,0.149999988));
#1774=LINE('',#1775,#1776);
#1775=CARTESIAN_POINT('',(-1.801072533,0.27260527,0.149999988));
#1776=VECTOR('',#1777,1.0);
#1777=DIRECTION('',(0.0,-1.0,0.0));
#1778=ORIENTED_EDGE('',*,*,#1779,.T.);
#1779=EDGE_CURVE('',#1772,#1780,#1782,.T.);
#1780=VERTEX_POINT('',#1781);
#1781=CARTESIAN_POINT('',(-2.244972525,-0.020994725,0.149999988));
#1782=LINE('',#1783,#1784);
#1783=CARTESIAN_POINT('',(-1.801072533,-0.020994725,0.149999988));
#1784=VECTOR('',#1785,1.0);
#1785=DIRECTION('',(-1.0,0.0,0.0));
#1786=ORIENTED_EDGE('',*,*,#1787,.T.);
#1787=EDGE_CURVE('',#1780,#1762,#1788,.T.);
#1788=LINE('',#1789,#1790);
#1789=CARTESIAN_POINT('',(-2.244972525,-0.020994725,0.149999988));
#1790=VECTOR('',#1791,1.0);
#1791=DIRECTION('',(0.0,1.0,0.0));
#1792=PLANE('',#1793);
#1793=AXIS2_PLACEMENT_3D('',#1794,#1795,#1796);
#1794=CARTESIAN_POINT('',(0.0,-0.332994719,0.149999988));
#1795=DIRECTION('',(0.0,0.0,-1.0));
#1796=DIRECTION('',(1.0,0.0,0.0));
#1797=ADVANCED_FACE('',(#1798),#1832,.T.);
#1798=FACE_BOUND('',#1799,.T.);
#1799=EDGE_LOOP('',(#1800,#1810,#1818,#1826));
#1800=ORIENTED_EDGE('',*,*,#1801,.T.);
#1801=EDGE_CURVE('',#1802,#1804,#1806,.T.);
#1802=VERTEX_POINT('',#1803);
#1803=CARTESIAN_POINT('',(2.244972525,-0.938594708,0.149999988));
#1804=VERTEX_POINT('',#1805);
#1805=CARTESIAN_POINT('',(1.801072533,-0.938594708,0.149999988));
#1806=LINE('',#1807,#1808);
#1807=CARTESIAN_POINT('',(2.244972525,-0.938594708,0.149999988));
#1808=VECTOR('',#1809,1.0);
#1809=DIRECTION('',(-1.0,0.0,0.0));
#1810=ORIENTED_EDGE('',*,*,#1811,.T.);
#1811=EDGE_CURVE('',#1804,#1812,#1814,.T.);
#1812=VERTEX_POINT('',#1813);
#1813=CARTESIAN_POINT('',(1.801072533,-0.644994713,0.149999988));
#1814=LINE('',#1815,#1816);
#1815=CARTESIAN_POINT('',(1.801072533,-0.938594708,0.149999988));
#1816=VECTOR('',#1817,1.0);
#1817=DIRECTION('',(0.0,1.0,0.0));
#1818=ORIENTED_EDGE('',*,*,#1819,.T.);
#1819=EDGE_CURVE('',#1812,#1820,#1822,.T.);
#1820=VERTEX_POINT('',#1821);
#1821=CARTESIAN_POINT('',(2.244972525,-0.644994713,0.149999988));
#1822=LINE('',#1823,#1824);
#1823=CARTESIAN_POINT('',(1.801072533,-0.644994713,0.149999988));
#1824=VECTOR('',#1825,1.0);
#1825=DIRECTION('',(1.0,0.0,0.0));
#1826=ORIENTED_EDGE('',*,*,#1827,.T.);
#1827=EDGE_CURVE('',#1820,#1802,#1828,.T.);
#1828=LINE('',#1829,#1830);
#1829=CARTESIAN_POINT('',(2.244972525,-0.644994713,0.149999988));
#1830=VECTOR('',#1831,1.0);
#1831=DIRECTION('',(0.0,-1.0,0.0));
#1832=PLANE('',#1833);
#1833=AXIS2_PLACEMENT_3D('',#1834,#1835,#1836);
#1834=CARTESIAN_POINT('',(0.0,-0.332994719,0.149999988));
#1835=DIRECTION('',(0.0,0.0,-1.0));
#1836=DIRECTION('',(1.0,0.0,0.0));
#1837=ADVANCED_FACE('',(#1838),#1872,.T.);
#1838=FACE_BOUND('',#1839,.T.);
#1839=EDGE_LOOP('',(#1840,#1850,#1858,#1866));
#1840=ORIENTED_EDGE('',*,*,#1841,.T.);
#1841=EDGE_CURVE('',#1842,#1844,#1846,.T.);
#1842=VERTEX_POINT('',#1843);
#1843=CARTESIAN_POINT('',(1.801072533,-0.020994725,0.149999988));
#1844=VERTEX_POINT('',#1845);
#1845=CARTESIAN_POINT('',(1.801072533,0.27260527,0.149999988));
#1846=LINE('',#1847,#1848);
#1847=CARTESIAN_POINT('',(1.801072533,-0.020994725,0.149999988));
#1848=VECTOR('',#1849,1.0);
#1849=DIRECTION('',(0.0,1.0,0.0));
#1850=ORIENTED_EDGE('',*,*,#1851,.T.);
#1851=EDGE_CURVE('',#1844,#1852,#1854,.T.);
#1852=VERTEX_POINT('',#1853);
#1853=CARTESIAN_POINT('',(2.244972525,0.27260527,0.149999988));
#1854=LINE('',#1855,#1856);
#1855=CARTESIAN_POINT('',(1.801072533,0.27260527,0.149999988));
#1856=VECTOR('',#1857,1.0);
#1857=DIRECTION('',(1.0,0.0,0.0));
#1858=ORIENTED_EDGE('',*,*,#1859,.T.);
#1859=EDGE_CURVE('',#1852,#1860,#1862,.T.);
#1860=VERTEX_POINT('',#1861);
#1861=CARTESIAN_POINT('',(2.244972525,-0.020994725,0.149999988));
#1862=LINE('',#1863,#1864);
#1863=CARTESIAN_POINT('',(2.244972525,0.27260527,0.149999988));
#1864=VECTOR('',#1865,1.0);
#1865=DIRECTION('',(0.0,-1.0,0.0));
#1866=ORIENTED_EDGE('',*,*,#1867,.T.);
#1867=EDGE_CURVE('',#1860,#1842,#1868,.T.);
#1868=LINE('',#1869,#1870);
#1869=CARTESIAN_POINT('',(2.244972525,-0.020994725,0.149999988));
#1870=VECTOR('',#1871,1.0);
#1871=DIRECTION('',(-1.0,0.0,0.0));
#1872=PLANE('',#1873);
#1873=AXIS2_PLACEMENT_3D('',#1874,#1875,#1876);
#1874=CARTESIAN_POINT('',(0.0,-0.332994719,0.149999988));
#1875=DIRECTION('',(0.0,0.0,-1.0));
#1876=DIRECTION('',(1.0,0.0,0.0));
#1877=ADVANCED_FACE('',(#1878),#1894,.F.);
#1878=FACE_BOUND('',#1879,.T.);
#1879=EDGE_LOOP('',(#1880,#1886,#1887,#1893));
#1880=ORIENTED_EDGE('',*,*,#1881,.T.);
#1881=EDGE_CURVE('',#271,#1602,#1882,.T.);
#1882=LINE('',#1883,#1884);
#1883=CARTESIAN_POINT('',(0.567299989,-0.938594708,-9.258973643E-09));
#1884=VECTOR('',#1885,1.0);
#1885=DIRECTION('',(0.0,0.0,1.0));
#1886=ORIENTED_EDGE('',*,*,#1627,.F.);
#1887=ORIENTED_EDGE('',*,*,#1888,.T.);
#1888=EDGE_CURVE('',#1620,#253,#1889,.F.);
#1889=LINE('',#1890,#1891);
#1890=CARTESIAN_POINT('',(0.567299989,-0.644994713,-9.258973643E-09));
#1891=VECTOR('',#1892,1.0);
#1892=DIRECTION('',(0.0,0.0,1.0));
#1893=ORIENTED_EDGE('',*,*,#278,.F.);
#1894=PLANE('',#1895);
#1895=AXIS2_PLACEMENT_3D('',#1896,#1897,#1898);
#1896=CARTESIAN_POINT('',(0.567299989,-0.644994713,-9.258973643E-09));
#1897=DIRECTION('',(1.0,0.0,0.0));
#1898=DIRECTION('',(0.0,-1.0,0.0));
#1899=ADVANCED_FACE('',(#1900),#1911,.F.);
#1900=FACE_BOUND('',#1901,.T.);
#1901=EDGE_LOOP('',(#1902,#1903,#1904,#1910));
#1902=ORIENTED_EDGE('',*,*,#1888,.F.);
#1903=ORIENTED_EDGE('',*,*,#1619,.F.);
#1904=ORIENTED_EDGE('',*,*,#1905,.T.);
#1905=EDGE_CURVE('',#1612,#255,#1906,.F.);
#1906=LINE('',#1907,#1908);
#1907=CARTESIAN_POINT('',(0.123399998,-0.644994713,-9.258973643E-09));
#1908=VECTOR('',#1909,1.0);
#1909=DIRECTION('',(0.0,0.0,1.0));
#1910=ORIENTED_EDGE('',*,*,#252,.F.);
#1911=PLANE('',#1912);
#1912=AXIS2_PLACEMENT_3D('',#1913,#1914,#1915);
#1913=CARTESIAN_POINT('',(0.123399998,-0.644994713,-9.258973643E-09));
#1914=DIRECTION('',(0.0,1.0,0.0));
#1915=DIRECTION('',(1.0,0.0,0.0));
#1916=ADVANCED_FACE('',(#1917),#1928,.F.);
#1917=FACE_BOUND('',#1918,.T.);
#1918=EDGE_LOOP('',(#1919,#1920,#1921,#1927));
#1919=ORIENTED_EDGE('',*,*,#1905,.F.);
#1920=ORIENTED_EDGE('',*,*,#1611,.F.);
#1921=ORIENTED_EDGE('',*,*,#1922,.T.);
#1922=EDGE_CURVE('',#1604,#263,#1923,.F.);
#1923=LINE('',#1924,#1925);
#1924=CARTESIAN_POINT('',(0.123399998,-0.938594708,-9.258973643E-09));
#1925=VECTOR('',#1926,1.0);
#1926=DIRECTION('',(0.0,0.0,1.0));
#1927=ORIENTED_EDGE('',*,*,#262,.F.);
#1928=PLANE('',#1929);
#1929=AXIS2_PLACEMENT_3D('',#1930,#1931,#1932);
#1930=CARTESIAN_POINT('',(0.123399998,-0.938594708,-9.258973643E-09));
#1931=DIRECTION('',(-1.0,0.0,0.0));
#1932=DIRECTION('',(0.0,1.0,0.0));
#1933=ADVANCED_FACE('',(#1934),#1940,.F.);
#1934=FACE_BOUND('',#1935,.T.);
#1935=EDGE_LOOP('',(#1936,#1937,#1938,#1939));
#1936=ORIENTED_EDGE('',*,*,#1922,.F.);
#1937=ORIENTED_EDGE('',*,*,#1601,.F.);
#1938=ORIENTED_EDGE('',*,*,#1881,.F.);
#1939=ORIENTED_EDGE('',*,*,#270,.F.);
#1940=PLANE('',#1941);
#1941=AXIS2_PLACEMENT_3D('',#1942,#1943,#1944);
#1942=CARTESIAN_POINT('',(0.567299989,-0.938594708,-9.258973643E-09));
#1943=DIRECTION('',(0.0,-1.0,0.0));
#1944=DIRECTION('',(-1.0,0.0,0.0));
#1945=ADVANCED_FACE('',(#1946),#1962,.F.);
#1946=FACE_BOUND('',#1947,.T.);
#1947=EDGE_LOOP('',(#1948,#1954,#1955,#1961));
#1948=ORIENTED_EDGE('',*,*,#1949,.T.);
#1949=EDGE_CURVE('',#305,#1642,#1950,.T.);
#1950=LINE('',#1951,#1952);
#1951=CARTESIAN_POINT('',(-0.567299989,0.27260527,-9.258973643E-09));
#1952=VECTOR('',#1953,1.0);
#1953=DIRECTION('',(0.0,0.0,1.0));
#1954=ORIENTED_EDGE('',*,*,#1667,.F.);
#1955=ORIENTED_EDGE('',*,*,#1956,.T.);
#1956=EDGE_CURVE('',#1660,#287,#1957,.F.);
#1957=LINE('',#1958,#1959);
#1958=CARTESIAN_POINT('',(-0.567299989,-0.020994725,-9.258973643E-09));
#1959=VECTOR('',#1960,1.0);
#1960=DIRECTION('',(0.0,0.0,1.0));
#1961=ORIENTED_EDGE('',*,*,#312,.F.);
#1962=PLANE('',#1963);
#1963=AXIS2_PLACEMENT_3D('',#1964,#1965,#1966);
#1964=CARTESIAN_POINT('',(-0.567299989,-0.020994725,-9.258973643E-09));
#1965=DIRECTION('',(-1.0,0.0,0.0));
#1966=DIRECTION('',(0.0,1.0,0.0));
#1967=ADVANCED_FACE('',(#1968),#1979,.F.);
#1968=FACE_BOUND('',#1969,.T.);
#1969=EDGE_LOOP('',(#1970,#1971,#1972,#1978));
#1970=ORIENTED_EDGE('',*,*,#1956,.F.);
#1971=ORIENTED_EDGE('',*,*,#1659,.F.);
#1972=ORIENTED_EDGE('',*,*,#1973,.T.);
#1973=EDGE_CURVE('',#1652,#289,#1974,.F.);
#1974=LINE('',#1975,#1976);
#1975=CARTESIAN_POINT('',(-0.123399998,-0.020994725,-9.258973643E-09));
#1976=VECTOR('',#1977,1.0);
#1977=DIRECTION('',(0.0,0.0,1.0));
#1978=ORIENTED_EDGE('',*,*,#286,.F.);
#1979=PLANE('',#1980);
#1980=AXIS2_PLACEMENT_3D('',#1981,#1982,#1983);
#1981=CARTESIAN_POINT('',(-0.123399998,-0.020994725,-9.258973643E-09));
#1982=DIRECTION('',(0.0,-1.0,0.0));
#1983=DIRECTION('',(-1.0,0.0,0.0));
#1984=ADVANCED_FACE('',(#1985),#1996,.F.);
#1985=FACE_BOUND('',#1986,.T.);
#1986=EDGE_LOOP('',(#1987,#1988,#1989,#1995));
#1987=ORIENTED_EDGE('',*,*,#1973,.F.);
#1988=ORIENTED_EDGE('',*,*,#1651,.F.);
#1989=ORIENTED_EDGE('',*,*,#1990,.T.);
#1990=EDGE_CURVE('',#1644,#297,#1991,.F.);
#1991=LINE('',#1992,#1993);
#1992=CARTESIAN_POINT('',(-0.123399998,0.27260527,-9.258973643E-09));
#1993=VECTOR('',#1994,1.0);
#1994=DIRECTION('',(0.0,0.0,1.0));
#1995=ORIENTED_EDGE('',*,*,#296,.F.);
#1996=PLANE('',#1997);
#1997=AXIS2_PLACEMENT_3D('',#1998,#1999,#2000);
#1998=CARTESIAN_POINT('',(-0.123399998,0.27260527,-9.258973643E-09));
#1999=DIRECTION('',(1.0,0.0,0.0));
#2000=DIRECTION('',(0.0,-1.0,0.0));
#2001=ADVANCED_FACE('',(#2002),#2008,.F.);
#2002=FACE_BOUND('',#2003,.T.);
#2003=EDGE_LOOP('',(#2004,#2005,#2006,#2007));
#2004=ORIENTED_EDGE('',*,*,#1990,.F.);
#2005=ORIENTED_EDGE('',*,*,#1641,.F.);
#2006=ORIENTED_EDGE('',*,*,#1949,.F.);
#2007=ORIENTED_EDGE('',*,*,#304,.F.);
#2008=PLANE('',#2009);
#2009=AXIS2_PLACEMENT_3D('',#2010,#2011,#2012);
#2010=CARTESIAN_POINT('',(-0.567299989,0.27260527,-9.258973643E-09));
#2011=DIRECTION('',(0.0,1.0,0.0));
#2012=DIRECTION('',(1.0,0.0,0.0));
#2013=ADVANCED_FACE('',(#2014),#2030,.F.);
#2014=FACE_BOUND('',#2015,.T.);
#2015=EDGE_LOOP('',(#2016,#2022,#2023,#2029));
#2016=ORIENTED_EDGE('',*,*,#2017,.T.);
#2017=EDGE_CURVE('',#339,#1682,#2018,.T.);
#2018=LINE('',#2019,#2020);
#2019=CARTESIAN_POINT('',(0.123399998,-0.020994725,-9.258973643E-09));
#2020=VECTOR('',#2021,1.0);
#2021=DIRECTION('',(0.0,0.0,1.0));
#2022=ORIENTED_EDGE('',*,*,#1707,.F.);
#2023=ORIENTED_EDGE('',*,*,#2024,.T.);
#2024=EDGE_CURVE('',#1700,#321,#2025,.F.);
#2025=LINE('',#2026,#2027);
#2026=CARTESIAN_POINT('',(0.567299989,-0.020994725,-9.258973643E-09));
#2027=VECTOR('',#2028,1.0);
#2028=DIRECTION('',(0.0,0.0,1.0));
#2029=ORIENTED_EDGE('',*,*,#346,.F.);
#2030=PLANE('',#2031);
#2031=AXIS2_PLACEMENT_3D('',#2032,#2033,#2034);
#2032=CARTESIAN_POINT('',(0.567299989,-0.020994725,-9.258973643E-09));
#2033=DIRECTION('',(0.0,-1.0,0.0));
#2034=DIRECTION('',(-1.0,0.0,0.0));
#2035=ADVANCED_FACE('',(#2036),#2047,.F.);
#2036=FACE_BOUND('',#2037,.T.);
#2037=EDGE_LOOP('',(#2038,#2039,#2040,#2046));
#2038=ORIENTED_EDGE('',*,*,#2024,.F.);
#2039=ORIENTED_EDGE('',*,*,#1699,.F.);
#2040=ORIENTED_EDGE('',*,*,#2041,.T.);
#2041=EDGE_CURVE('',#1692,#323,#2042,.F.);
#2042=LINE('',#2043,#2044);
#2043=CARTESIAN_POINT('',(0.567299989,0.27260527,-9.258973643E-09));
#2044=VECTOR('',#2045,1.0);
#2045=DIRECTION('',(0.0,0.0,1.0));
#2046=ORIENTED_EDGE('',*,*,#320,.F.);
#2047=PLANE('',#2048);
#2048=AXIS2_PLACEMENT_3D('',#2049,#2050,#2051);
#2049=CARTESIAN_POINT('',(0.567299989,0.27260527,-9.258973643E-09));
#2050=DIRECTION('',(1.0,0.0,0.0));
#2051=DIRECTION('',(0.0,-1.0,0.0));
#2052=ADVANCED_FACE('',(#2053),#2064,.F.);
#2053=FACE_BOUND('',#2054,.T.);
#2054=EDGE_LOOP('',(#2055,#2056,#2057,#2063));
#2055=ORIENTED_EDGE('',*,*,#2041,.F.);
#2056=ORIENTED_EDGE('',*,*,#1691,.F.);
#2057=ORIENTED_EDGE('',*,*,#2058,.T.);
#2058=EDGE_CURVE('',#1684,#331,#2059,.F.);
#2059=LINE('',#2060,#2061);
#2060=CARTESIAN_POINT('',(0.123399998,0.27260527,-9.258973643E-09));
#2061=VECTOR('',#2062,1.0);
#2062=DIRECTION('',(0.0,0.0,1.0));
#2063=ORIENTED_EDGE('',*,*,#330,.F.);
#2064=PLANE('',#2065);
#2065=AXIS2_PLACEMENT_3D('',#2066,#2067,#2068);
#2066=CARTESIAN_POINT('',(0.123399998,0.27260527,-9.258973643E-09));
#2067=DIRECTION('',(0.0,1.0,0.0));
#2068=DIRECTION('',(1.0,0.0,0.0));
#2069=ADVANCED_FACE('',(#2070),#2076,.F.);
#2070=FACE_BOUND('',#2071,.T.);
#2071=EDGE_LOOP('',(#2072,#2073,#2074,#2075));
#2072=ORIENTED_EDGE('',*,*,#2058,.F.);
#2073=ORIENTED_EDGE('',*,*,#1681,.F.);
#2074=ORIENTED_EDGE('',*,*,#2017,.F.);
#2075=ORIENTED_EDGE('',*,*,#338,.F.);
#2076=PLANE('',#2077);
#2077=AXIS2_PLACEMENT_3D('',#2078,#2079,#2080);
#2078=CARTESIAN_POINT('',(0.123399998,-0.020994725,-9.258973643E-09));
#2079=DIRECTION('',(-1.0,0.0,0.0));
#2080=DIRECTION('',(0.0,1.0,0.0));
#2081=ADVANCED_FACE('',(#2082),#2098,.F.);
#2082=FACE_BOUND('',#2083,.T.);
#2083=EDGE_LOOP('',(#2084,#2090,#2091,#2097));
#2084=ORIENTED_EDGE('',*,*,#2085,.T.);
#2085=EDGE_CURVE('',#373,#1722,#2086,.T.);
#2086=LINE('',#2087,#2088);
#2087=CARTESIAN_POINT('',(-1.801072533,-0.644994713,-9.258973643E-09));
#2088=VECTOR('',#2089,1.0);
#2089=DIRECTION('',(0.0,0.0,1.0));
#2090=ORIENTED_EDGE('',*,*,#1747,.F.);
#2091=ORIENTED_EDGE('',*,*,#2092,.T.);
#2092=EDGE_CURVE('',#1740,#355,#2093,.F.);
#2093=LINE('',#2094,#2095);
#2094=CARTESIAN_POINT('',(-2.244972525,-0.644994713,-9.258973643E-09));
#2095=VECTOR('',#2096,1.0);
#2096=DIRECTION('',(0.0,0.0,1.0));
#2097=ORIENTED_EDGE('',*,*,#380,.F.);
#2098=PLANE('',#2099);
#2099=AXIS2_PLACEMENT_3D('',#2100,#2101,#2102);
#2100=CARTESIAN_POINT('',(-2.244972525,-0.644994713,-9.258973643E-09));
#2101=DIRECTION('',(0.0,1.0,0.0));
#2102=DIRECTION('',(1.0,0.0,0.0));
#2103=ADVANCED_FACE('',(#2104),#2115,.F.);
#2104=FACE_BOUND('',#2105,.T.);
#2105=EDGE_LOOP('',(#2106,#2107,#2108,#2114));
#2106=ORIENTED_EDGE('',*,*,#2092,.F.);
#2107=ORIENTED_EDGE('',*,*,#1739,.F.);
#2108=ORIENTED_EDGE('',*,*,#2109,.T.);
#2109=EDGE_CURVE('',#1732,#357,#2110,.F.);
#2110=LINE('',#2111,#2112);
#2111=CARTESIAN_POINT('',(-2.244972525,-0.938594708,-9.258973643E-09));
#2112=VECTOR('',#2113,1.0);
#2113=DIRECTION('',(0.0,0.0,1.0));
#2114=ORIENTED_EDGE('',*,*,#354,.F.);
#2115=PLANE('',#2116);
#2116=AXIS2_PLACEMENT_3D('',#2117,#2118,#2119);
#2117=CARTESIAN_POINT('',(-2.244972525,-0.938594708,-9.258973643E-09));
#2118=DIRECTION('',(-1.0,0.0,0.0));
#2119=DIRECTION('',(0.0,1.0,0.0));
#2120=ADVANCED_FACE('',(#2121),#2132,.F.);
#2121=FACE_BOUND('',#2122,.T.);
#2122=EDGE_LOOP('',(#2123,#2124,#2125,#2131));
#2123=ORIENTED_EDGE('',*,*,#2109,.F.);
#2124=ORIENTED_EDGE('',*,*,#1731,.F.);
#2125=ORIENTED_EDGE('',*,*,#2126,.T.);
#2126=EDGE_CURVE('',#1724,#365,#2127,.F.);
#2127=LINE('',#2128,#2129);
#2128=CARTESIAN_POINT('',(-1.801072533,-0.938594708,-9.258973643E-09));
#2129=VECTOR('',#2130,1.0);
#2130=DIRECTION('',(0.0,0.0,1.0));
#2131=ORIENTED_EDGE('',*,*,#364,.F.);
#2132=PLANE('',#2133);
#2133=AXIS2_PLACEMENT_3D('',#2134,#2135,#2136);
#2134=CARTESIAN_POINT('',(-1.801072533,-0.938594708,-9.258973643E-09));
#2135=DIRECTION('',(0.0,-1.0,0.0));
#2136=DIRECTION('',(-1.0,0.0,0.0));
#2137=ADVANCED_FACE('',(#2138),#2144,.F.);
#2138=FACE_BOUND('',#2139,.T.);
#2139=EDGE_LOOP('',(#2140,#2141,#2142,#2143));
#2140=ORIENTED_EDGE('',*,*,#2126,.F.);
#2141=ORIENTED_EDGE('',*,*,#1721,.F.);
#2142=ORIENTED_EDGE('',*,*,#2085,.F.);
#2143=ORIENTED_EDGE('',*,*,#372,.F.);
#2144=PLANE('',#2145);
#2145=AXIS2_PLACEMENT_3D('',#2146,#2147,#2148);
#2146=CARTESIAN_POINT('',(-1.801072533,-0.644994713,-9.258973643E-09));
#2147=DIRECTION('',(1.0,0.0,0.0));
#2148=DIRECTION('',(0.0,-1.0,0.0));
#2149=ADVANCED_FACE('',(#2150),#2166,.F.);
#2150=FACE_BOUND('',#2151,.T.);
#2151=EDGE_LOOP('',(#2152,#2158,#2159,#2165));
#2152=ORIENTED_EDGE('',*,*,#2153,.T.);
#2153=EDGE_CURVE('',#407,#1762,#2154,.T.);
#2154=LINE('',#2155,#2156);
#2155=CARTESIAN_POINT('',(-2.244972525,0.27260527,-9.258973643E-09));
#2156=VECTOR('',#2157,1.0);
#2157=DIRECTION('',(0.0,0.0,1.0));
#2158=ORIENTED_EDGE('',*,*,#1787,.F.);
#2159=ORIENTED_EDGE('',*,*,#2160,.T.);
#2160=EDGE_CURVE('',#1780,#389,#2161,.F.);
#2161=LINE('',#2162,#2163);
#2162=CARTESIAN_POINT('',(-2.244972525,-0.020994725,-9.258973643E-09));
#2163=VECTOR('',#2164,1.0);
#2164=DIRECTION('',(0.0,0.0,1.0));
#2165=ORIENTED_EDGE('',*,*,#414,.F.);
#2166=PLANE('',#2167);
#2167=AXIS2_PLACEMENT_3D('',#2168,#2169,#2170);
#2168=CARTESIAN_POINT('',(-2.244972525,-0.020994725,-9.258973643E-09));
#2169=DIRECTION('',(-1.0,0.0,0.0));
#2170=DIRECTION('',(0.0,1.0,0.0));
#2171=ADVANCED_FACE('',(#2172),#2183,.F.);
#2172=FACE_BOUND('',#2173,.T.);
#2173=EDGE_LOOP('',(#2174,#2175,#2176,#2182));
#2174=ORIENTED_EDGE('',*,*,#2160,.F.);
#2175=ORIENTED_EDGE('',*,*,#1779,.F.);
#2176=ORIENTED_EDGE('',*,*,#2177,.T.);
#2177=EDGE_CURVE('',#1772,#391,#2178,.F.);
#2178=LINE('',#2179,#2180);
#2179=CARTESIAN_POINT('',(-1.801072533,-0.020994725,-9.258973643E-09));
#2180=VECTOR('',#2181,1.0);
#2181=DIRECTION('',(0.0,0.0,1.0));
#2182=ORIENTED_EDGE('',*,*,#388,.F.);
#2183=PLANE('',#2184);
#2184=AXIS2_PLACEMENT_3D('',#2185,#2186,#2187);
#2185=CARTESIAN_POINT('',(-1.801072533,-0.020994725,-9.258973643E-09));
#2186=DIRECTION('',(0.0,-1.0,0.0));
#2187=DIRECTION('',(-1.0,0.0,0.0));
#2188=ADVANCED_FACE('',(#2189),#2200,.F.);
#2189=FACE_BOUND('',#2190,.T.);
#2190=EDGE_LOOP('',(#2191,#2192,#2193,#2199));
#2191=ORIENTED_EDGE('',*,*,#2177,.F.);
#2192=ORIENTED_EDGE('',*,*,#1771,.F.);
#2193=ORIENTED_EDGE('',*,*,#2194,.T.);
#2194=EDGE_CURVE('',#1764,#399,#2195,.F.);
#2195=LINE('',#2196,#2197);
#2196=CARTESIAN_POINT('',(-1.801072533,0.27260527,-9.258973643E-09));
#2197=VECTOR('',#2198,1.0);
#2198=DIRECTION('',(0.0,0.0,1.0));
#2199=ORIENTED_EDGE('',*,*,#398,.F.);
#2200=PLANE('',#2201);
#2201=AXIS2_PLACEMENT_3D('',#2202,#2203,#2204);
#2202=CARTESIAN_POINT('',(-1.801072533,0.27260527,-9.258973643E-09));
#2203=DIRECTION('',(1.0,0.0,0.0));
#2204=DIRECTION('',(0.0,-1.0,0.0));
#2205=ADVANCED_FACE('',(#2206),#2212,.F.);
#2206=FACE_BOUND('',#2207,.T.);
#2207=EDGE_LOOP('',(#2208,#2209,#2210,#2211));
#2208=ORIENTED_EDGE('',*,*,#2194,.F.);
#2209=ORIENTED_EDGE('',*,*,#1761,.F.);
#2210=ORIENTED_EDGE('',*,*,#2153,.F.);
#2211=ORIENTED_EDGE('',*,*,#406,.F.);
#2212=PLANE('',#2213);
#2213=AXIS2_PLACEMENT_3D('',#2214,#2215,#2216);
#2214=CARTESIAN_POINT('',(-2.244972525,0.27260527,-9.258973643E-09));
#2215=DIRECTION('',(0.0,1.0,0.0));
#2216=DIRECTION('',(1.0,0.0,0.0));
#2217=ADVANCED_FACE('',(#2218),#2234,.F.);
#2218=FACE_BOUND('',#2219,.T.);
#2219=EDGE_LOOP('',(#2220,#2226,#2227,#2233));
#2220=ORIENTED_EDGE('',*,*,#2221,.T.);
#2221=EDGE_CURVE('',#441,#1802,#2222,.T.);
#2222=LINE('',#2223,#2224);
#2223=CARTESIAN_POINT('',(2.244972525,-0.938594708,-9.258973643E-09));
#2224=VECTOR('',#2225,1.0);
#2225=DIRECTION('',(0.0,0.0,1.0));
#2226=ORIENTED_EDGE('',*,*,#1827,.F.);
#2227=ORIENTED_EDGE('',*,*,#2228,.T.);
#2228=EDGE_CURVE('',#1820,#423,#2229,.F.);
#2229=LINE('',#2230,#2231);
#2230=CARTESIAN_POINT('',(2.244972525,-0.644994713,-9.258973643E-09));
#2231=VECTOR('',#2232,1.0);
#2232=DIRECTION('',(0.0,0.0,1.0));
#2233=ORIENTED_EDGE('',*,*,#448,.F.);
#2234=PLANE('',#2235);
#2235=AXIS2_PLACEMENT_3D('',#2236,#2237,#2238);
#2236=CARTESIAN_POINT('',(2.244972525,-0.644994713,-9.258973643E-09));
#2237=DIRECTION('',(1.0,0.0,0.0));
#2238=DIRECTION('',(0.0,-1.0,0.0));
#2239=ADVANCED_FACE('',(#2240),#2251,.F.);
#2240=FACE_BOUND('',#2241,.T.);
#2241=EDGE_LOOP('',(#2242,#2243,#2244,#2250));
#2242=ORIENTED_EDGE('',*,*,#2228,.F.);
#2243=ORIENTED_EDGE('',*,*,#1819,.F.);
#2244=ORIENTED_EDGE('',*,*,#2245,.T.);
#2245=EDGE_CURVE('',#1812,#425,#2246,.F.);
#2246=LINE('',#2247,#2248);
#2247=CARTESIAN_POINT('',(1.801072533,-0.644994713,-9.258973643E-09));
#2248=VECTOR('',#2249,1.0);
#2249=DIRECTION('',(0.0,0.0,1.0));
#2250=ORIENTED_EDGE('',*,*,#422,.F.);
#2251=PLANE('',#2252);
#2252=AXIS2_PLACEMENT_3D('',#2253,#2254,#2255);
#2253=CARTESIAN_POINT('',(1.801072533,-0.644994713,-9.258973643E-09));
#2254=DIRECTION('',(0.0,1.0,0.0));
#2255=DIRECTION('',(1.0,0.0,0.0));
#2256=ADVANCED_FACE('',(#2257),#2268,.F.);
#2257=FACE_BOUND('',#2258,.T.);
#2258=EDGE_LOOP('',(#2259,#2260,#2261,#2267));
#2259=ORIENTED_EDGE('',*,*,#2245,.F.);
#2260=ORIENTED_EDGE('',*,*,#1811,.F.);
#2261=ORIENTED_EDGE('',*,*,#2262,.T.);
#2262=EDGE_CURVE('',#1804,#433,#2263,.F.);
#2263=LINE('',#2264,#2265);
#2264=CARTESIAN_POINT('',(1.801072533,-0.938594708,-9.258973643E-09));
#2265=VECTOR('',#2266,1.0);
#2266=DIRECTION('',(0.0,0.0,1.0));
#2267=ORIENTED_EDGE('',*,*,#432,.F.);
#2268=PLANE('',#2269);
#2269=AXIS2_PLACEMENT_3D('',#2270,#2271,#2272);
#2270=CARTESIAN_POINT('',(1.801072533,-0.938594708,-9.258973643E-09));
#2271=DIRECTION('',(-1.0,0.0,0.0));
#2272=DIRECTION('',(0.0,1.0,0.0));
#2273=ADVANCED_FACE('',(#2274),#2280,.F.);
#2274=FACE_BOUND('',#2275,.T.);
#2275=EDGE_LOOP('',(#2276,#2277,#2278,#2279));
#2276=ORIENTED_EDGE('',*,*,#2262,.F.);
#2277=ORIENTED_EDGE('',*,*,#1801,.F.);
#2278=ORIENTED_EDGE('',*,*,#2221,.F.);
#2279=ORIENTED_EDGE('',*,*,#440,.F.);
#2280=PLANE('',#2281);
#2281=AXIS2_PLACEMENT_3D('',#2282,#2283,#2284);
#2282=CARTESIAN_POINT('',(2.244972525,-0.938594708,-9.258973643E-09));
#2283=DIRECTION('',(0.0,-1.0,0.0));
#2284=DIRECTION('',(-1.0,0.0,0.0));
#2285=ADVANCED_FACE('',(#2286),#2302,.F.);
#2286=FACE_BOUND('',#2287,.T.);
#2287=EDGE_LOOP('',(#2288,#2294,#2295,#2301));
#2288=ORIENTED_EDGE('',*,*,#2289,.T.);
#2289=EDGE_CURVE('',#475,#1842,#2290,.T.);
#2290=LINE('',#2291,#2292);
#2291=CARTESIAN_POINT('',(1.801072533,-0.020994725,-9.258973643E-09));
#2292=VECTOR('',#2293,1.0);
#2293=DIRECTION('',(0.0,0.0,1.0));
#2294=ORIENTED_EDGE('',*,*,#1867,.F.);
#2295=ORIENTED_EDGE('',*,*,#2296,.T.);
#2296=EDGE_CURVE('',#1860,#457,#2297,.F.);
#2297=LINE('',#2298,#2299);
#2298=CARTESIAN_POINT('',(2.244972525,-0.020994725,-9.258973643E-09));
#2299=VECTOR('',#2300,1.0);
#2300=DIRECTION('',(0.0,0.0,1.0));
#2301=ORIENTED_EDGE('',*,*,#482,.F.);
#2302=PLANE('',#2303);
#2303=AXIS2_PLACEMENT_3D('',#2304,#2305,#2306);
#2304=CARTESIAN_POINT('',(2.244972525,-0.020994725,-9.258973643E-09));
#2305=DIRECTION('',(0.0,-1.0,0.0));
#2306=DIRECTION('',(-1.0,0.0,0.0));
#2307=ADVANCED_FACE('',(#2308),#2319,.F.);
#2308=FACE_BOUND('',#2309,.T.);
#2309=EDGE_LOOP('',(#2310,#2311,#2312,#2318));
#2310=ORIENTED_EDGE('',*,*,#2296,.F.);
#2311=ORIENTED_EDGE('',*,*,#1859,.F.);
#2312=ORIENTED_EDGE('',*,*,#2313,.T.);
#2313=EDGE_CURVE('',#1852,#459,#2314,.F.);
#2314=LINE('',#2315,#2316);
#2315=CARTESIAN_POINT('',(2.244972525,0.27260527,-9.258973643E-09));
#2316=VECTOR('',#2317,1.0);
#2317=DIRECTION('',(0.0,0.0,1.0));
#2318=ORIENTED_EDGE('',*,*,#456,.F.);
#2319=PLANE('',#2320);
#2320=AXIS2_PLACEMENT_3D('',#2321,#2322,#2323);
#2321=CARTESIAN_POINT('',(2.244972525,0.27260527,-9.258973643E-09));
#2322=DIRECTION('',(1.0,0.0,0.0));
#2323=DIRECTION('',(0.0,-1.0,0.0));
#2324=ADVANCED_FACE('',(#2325),#2336,.F.);
#2325=FACE_BOUND('',#2326,.T.);
#2326=EDGE_LOOP('',(#2327,#2328,#2329,#2335));
#2327=ORIENTED_EDGE('',*,*,#2313,.F.);
#2328=ORIENTED_EDGE('',*,*,#1851,.F.);
#2329=ORIENTED_EDGE('',*,*,#2330,.T.);
#2330=EDGE_CURVE('',#1844,#467,#2331,.F.);
#2331=LINE('',#2332,#2333);
#2332=CARTESIAN_POINT('',(1.801072533,0.27260527,-9.258973643E-09));
#2333=VECTOR('',#2334,1.0);
#2334=DIRECTION('',(0.0,0.0,1.0));
#2335=ORIENTED_EDGE('',*,*,#466,.F.);
#2336=PLANE('',#2337);
#2337=AXIS2_PLACEMENT_3D('',#2338,#2339,#2340);
#2338=CARTESIAN_POINT('',(1.801072533,0.27260527,-9.258973643E-09));
#2339=DIRECTION('',(0.0,1.0,0.0));
#2340=DIRECTION('',(1.0,0.0,0.0));
#2341=ADVANCED_FACE('',(#2342),#2348,.F.);
#2342=FACE_BOUND('',#2343,.T.);
#2343=EDGE_LOOP('',(#2344,#2345,#2346,#2347));
#2344=ORIENTED_EDGE('',*,*,#2330,.F.);
#2345=ORIENTED_EDGE('',*,*,#1841,.F.);
#2346=ORIENTED_EDGE('',*,*,#2289,.F.);
#2347=ORIENTED_EDGE('',*,*,#474,.F.);
#2348=PLANE('',#2349);
#2349=AXIS2_PLACEMENT_3D('',#2350,#2351,#2352);
#2350=CARTESIAN_POINT('',(1.801072533,-0.020994725,-9.258973643E-09));
#2351=DIRECTION('',(-1.0,0.0,0.0));
#2352=DIRECTION('',(0.0,1.0,0.0));
#2353=ADVANCED_FACE('',(#2354),#2528,.T.);
#2354=FACE_BOUND('',#2355,.T.);
#2355=EDGE_LOOP('',(#2356,#2357,#2365,#2373,#2381,#2389,#2397,#2405,#2413,#2421,#2429,#2437,#2445,#2453,#2459,#2460,#2468,#2476,#2482,#2483,#2491,#2499,#2505,#2506,#2514,#2522));
#2356=ORIENTED_EDGE('',*,*,#154,.F.);
#2357=ORIENTED_EDGE('',*,*,#2358,.T.);
#2358=EDGE_CURVE('',#147,#2359,#2361,.T.);
#2359=VERTEX_POINT('',#2360);
#2360=CARTESIAN_POINT('',(-2.329999957,1.042005255,0.799999976));
#2361=LINE('',#2362,#2363);
#2362=CARTESIAN_POINT('',(-2.329999957,1.042005255,-9.258973643E-09));
#2363=VECTOR('',#2364,1.0);
#2364=DIRECTION('',(0.0,0.0,1.0));
#2365=ORIENTED_EDGE('',*,*,#2366,.T.);
#2366=EDGE_CURVE('',#2359,#2367,#2369,.F.);
#2367=VERTEX_POINT('',#2368);
#2368=CARTESIAN_POINT('',(-2.499999954,1.042005255,0.799999976));
#2369=LINE('',#2370,#2371);
#2370=CARTESIAN_POINT('',(-2.499999954,1.042005255,0.799999976));
#2371=VECTOR('',#2372,1.0);
#2372=DIRECTION('',(1.0,0.0,0.0));
#2373=ORIENTED_EDGE('',*,*,#2374,.T.);
#2374=EDGE_CURVE('',#2367,#2375,#2377,.T.);
#2375=VERTEX_POINT('',#2376);
#2376=CARTESIAN_POINT('',(-2.499999954,1.042005255,0.999999972));
#2377=LINE('',#2378,#2379);
#2378=CARTESIAN_POINT('',(-2.499999954,1.042005255,0.799999976));
#2379=VECTOR('',#2380,1.0);
#2380=DIRECTION('',(0.0,0.0,1.0));
#2381=ORIENTED_EDGE('',*,*,#2382,.T.);
#2382=EDGE_CURVE('',#2375,#2383,#2385,.T.);
#2383=VERTEX_POINT('',#2384);
#2384=CARTESIAN_POINT('',(-2.299999957,1.042005255,1.399999965));
#2385=LINE('',#2386,#2387);
#2386=CARTESIAN_POINT('',(-2.499999954,1.042005255,0.999999972));
#2387=VECTOR('',#2388,1.0);
#2388=DIRECTION('',(0.447213595,0.0,0.894427191));
#2389=ORIENTED_EDGE('',*,*,#2390,.T.);
#2390=EDGE_CURVE('',#2383,#2391,#2393,.F.);
#2391=VERTEX_POINT('',#2392);
#2392=CARTESIAN_POINT('',(-2.099999961,1.042005255,1.399999965));
#2393=LINE('',#2394,#2395);
#2394=CARTESIAN_POINT('',(-2.099999961,1.042005255,1.399999965));
#2395=VECTOR('',#2396,1.0);
#2396=DIRECTION('',(-1.0,0.0,0.0));
#2397=ORIENTED_EDGE('',*,*,#2398,.T.);
#2398=EDGE_CURVE('',#2391,#2399,#2401,.T.);
#2399=VERTEX_POINT('',#2400);
#2400=CARTESIAN_POINT('',(-2.099999961,1.042005255,1.229999968));
#2401=LINE('',#2402,#2403);
#2402=CARTESIAN_POINT('',(-2.099999961,1.042005255,1.399999965));
#2403=VECTOR('',#2404,1.0);
#2404=DIRECTION('',(0.0,0.0,-1.0));
#2405=ORIENTED_EDGE('',*,*,#2406,.T.);
#2406=EDGE_CURVE('',#2399,#2407,#2409,.F.);
#2407=VERTEX_POINT('',#2408);
#2408=CARTESIAN_POINT('',(2.099999961,1.042005255,1.229999968));
#2409=LINE('',#2410,#2411);
#2410=CARTESIAN_POINT('',(2.099999961,1.042005255,1.229999968));
#2411=VECTOR('',#2412,1.0);
#2412=DIRECTION('',(-1.0,0.0,0.0));
#2413=ORIENTED_EDGE('',*,*,#2414,.T.);
#2414=EDGE_CURVE('',#2407,#2415,#2417,.F.);
#2415=VERTEX_POINT('',#2416);
#2416=CARTESIAN_POINT('',(2.099999961,1.042005255,1.399999965));
#2417=LINE('',#2418,#2419);
#2418=CARTESIAN_POINT('',(2.099999961,1.042005255,1.399999965));
#2419=VECTOR('',#2420,1.0);
#2420=DIRECTION('',(0.0,0.0,-1.0));
#2421=ORIENTED_EDGE('',*,*,#2422,.T.);
#2422=EDGE_CURVE('',#2415,#2423,#2425,.F.);
#2423=VERTEX_POINT('',#2424);
#2424=CARTESIAN_POINT('',(2.299999957,1.042005255,1.399999965));
#2425=LINE('',#2426,#2427);
#2426=CARTESIAN_POINT('',(2.299999957,1.042005255,1.399999965));
#2427=VECTOR('',#2428,1.0);
#2428=DIRECTION('',(-1.0,0.0,0.0));
#2429=ORIENTED_EDGE('',*,*,#2430,.T.);
#2430=EDGE_CURVE('',#2423,#2431,#2433,.T.);
#2431=VERTEX_POINT('',#2432);
#2432=CARTESIAN_POINT('',(2.499999954,1.042005255,0.999999972));
#2433=LINE('',#2434,#2435);
#2434=CARTESIAN_POINT('',(2.299999957,1.042005255,1.399999965));
#2435=VECTOR('',#2436,1.0);
#2436=DIRECTION('',(0.447213595,0.0,-0.894427191));
#2437=ORIENTED_EDGE('',*,*,#2438,.T.);
#2438=EDGE_CURVE('',#2431,#2439,#2441,.F.);
#2439=VERTEX_POINT('',#2440);
#2440=CARTESIAN_POINT('',(2.499999954,1.042005255,0.799999976));
#2441=LINE('',#2442,#2443);
#2442=CARTESIAN_POINT('',(2.499999954,1.042005255,0.799999976));
#2443=VECTOR('',#2444,1.0);
#2444=DIRECTION('',(0.0,0.0,1.0));
#2445=ORIENTED_EDGE('',*,*,#2446,.T.);
#2446=EDGE_CURVE('',#2439,#2447,#2449,.T.);
#2447=VERTEX_POINT('',#2448);
#2448=CARTESIAN_POINT('',(2.329999957,1.042005255,0.799999976));
#2449=LINE('',#2450,#2451);
#2450=CARTESIAN_POINT('',(2.499999954,1.042005255,0.799999976));
#2451=VECTOR('',#2452,1.0);
#2452=DIRECTION('',(-1.0,0.0,0.0));
#2453=ORIENTED_EDGE('',*,*,#2454,.T.);
#2454=EDGE_CURVE('',#2447,#123,#2455,.F.);
#2455=LINE('',#2456,#2457);
#2456=CARTESIAN_POINT('',(2.329999957,1.042005255,-9.258973643E-09));
#2457=VECTOR('',#2458,1.0);
#2458=DIRECTION('',(0.0,0.0,1.0));
#2459=ORIENTED_EDGE('',*,*,#122,.F.);
#2460=ORIENTED_EDGE('',*,*,#2461,.T.);
#2461=EDGE_CURVE('',#115,#2462,#2464,.T.);
#2462=VERTEX_POINT('',#2463);
#2463=CARTESIAN_POINT('',(1.199999978,1.042005255,0.144192691));
#2464=LINE('',#2465,#2466);
#2465=CARTESIAN_POINT('',(1.199999978,1.042005255,-9.258973643E-09));
#2466=VECTOR('',#2467,1.0);
#2467=DIRECTION('',(0.0,0.0,1.0));
#2468=ORIENTED_EDGE('',*,*,#2469,.T.);
#2469=EDGE_CURVE('',#2462,#2470,#2472,.F.);
#2470=VERTEX_POINT('',#2471);
#2471=CARTESIAN_POINT('',(0.799999985,1.042005255,0.144192691));
#2472=LINE('',#2473,#2474);
#2473=CARTESIAN_POINT('',(0.799999985,1.042005255,0.144192691));
#2474=VECTOR('',#2475,1.0);
#2475=DIRECTION('',(1.0,0.0,0.0));
#2476=ORIENTED_EDGE('',*,*,#2477,.T.);
#2477=EDGE_CURVE('',#2470,#107,#2478,.F.);
#2478=LINE('',#2479,#2480);
#2479=CARTESIAN_POINT('',(0.799999985,1.042005255,-9.258973643E-09));
#2480=VECTOR('',#2481,1.0);
#2481=DIRECTION('',(0.0,0.0,1.0));
#2482=ORIENTED_EDGE('',*,*,#106,.F.);
#2483=ORIENTED_EDGE('',*,*,#2484,.T.);
#2484=EDGE_CURVE('',#99,#2485,#2487,.T.);
#2485=VERTEX_POINT('',#2486);
#2486=CARTESIAN_POINT('',(0.199999996,1.042005255,0.144192691));
#2487=LINE('',#2488,#2489);
#2488=CARTESIAN_POINT('',(0.199999996,1.042005255,-9.258973643E-09));
#2489=VECTOR('',#2490,1.0);
#2490=DIRECTION('',(0.0,0.0,1.0));
#2491=ORIENTED_EDGE('',*,*,#2492,.T.);
#2492=EDGE_CURVE('',#2485,#2493,#2495,.F.);
#2493=VERTEX_POINT('',#2494);
#2494=CARTESIAN_POINT('',(-0.199999996,1.042005255,0.144192691));
#2495=LINE('',#2496,#2497);
#2496=CARTESIAN_POINT('',(-0.199999996,1.042005255,0.144192691));
#2497=VECTOR('',#2498,1.0);
#2498=DIRECTION('',(1.0,0.0,0.0));
#2499=ORIENTED_EDGE('',*,*,#2500,.T.);
#2500=EDGE_CURVE('',#2493,#97,#2501,.F.);
#2501=LINE('',#2502,#2503);
#2502=CARTESIAN_POINT('',(-0.199999996,1.042005255,-9.258973643E-09));
#2503=VECTOR('',#2504,1.0);
#2504=DIRECTION('',(0.0,0.0,1.0));
#2505=ORIENTED_EDGE('',*,*,#170,.F.);
#2506=ORIENTED_EDGE('',*,*,#2507,.T.);
#2507=EDGE_CURVE('',#163,#2508,#2510,.T.);
#2508=VERTEX_POINT('',#2509);
#2509=CARTESIAN_POINT('',(-0.799999985,1.042005255,0.144192691));
#2510=LINE('',#2511,#2512);
#2511=CARTESIAN_POINT('',(-0.799999985,1.042005255,-9.258973643E-09));
#2512=VECTOR('',#2513,1.0);
#2513=DIRECTION('',(0.0,0.0,1.0));
#2514=ORIENTED_EDGE('',*,*,#2515,.T.);
#2515=EDGE_CURVE('',#2508,#2516,#2518,.F.);
#2516=VERTEX_POINT('',#2517);
#2517=CARTESIAN_POINT('',(-1.199999978,1.042005255,0.144192691));
#2518=LINE('',#2519,#2520);
#2519=CARTESIAN_POINT('',(-1.199999978,1.042005255,0.144192691));
#2520=VECTOR('',#2521,1.0);
#2521=DIRECTION('',(1.0,0.0,0.0));
#2522=ORIENTED_EDGE('',*,*,#2523,.T.);
#2523=EDGE_CURVE('',#2516,#155,#2524,.F.);
#2524=LINE('',#2525,#2526);
#2525=CARTESIAN_POINT('',(-1.199999978,1.042005255,-9.258973643E-09));
#2526=VECTOR('',#2527,1.0);
#2527=DIRECTION('',(0.0,0.0,1.0));
#2528=PLANE('',#2529);
#2529=AXIS2_PLACEMENT_3D('',#2530,#2531,#2532);
#2530=CARTESIAN_POINT('',(2.499999954,1.042005255,-9.258973643E-09));
#2531=DIRECTION('',(0.0,1.0,0.0));
#2532=DIRECTION('',(-1.0,0.0,0.0));
#2533=ADVANCED_FACE('',(#2534),#2567,.F.);
#2534=FACE_BOUND('',#2535,.T.);
#2535=EDGE_LOOP('',(#2536,#2544,#2552,#2560,#2566));
#2536=ORIENTED_EDGE('',*,*,#2537,.T.);
#2537=EDGE_CURVE('',#2516,#2538,#2540,.F.);
#2538=VERTEX_POINT('',#2539);
#2539=CARTESIAN_POINT('',(-1.199999978,1.942005239,0.144192691));
#2540=LINE('',#2541,#2542);
#2541=CARTESIAN_POINT('',(-1.199999978,1.942005239,0.144192691));
#2542=VECTOR('',#2543,1.0);
#2543=DIRECTION('',(0.0,-1.0,0.0));
#2544=ORIENTED_EDGE('',*,*,#2545,.T.);
#2545=EDGE_CURVE('',#2538,#2546,#2548,.F.);
#2546=VERTEX_POINT('',#2547);
#2547=CARTESIAN_POINT('',(-1.199999978,1.942005239,-0.005807306));
#2548=LINE('',#2549,#2550);
#2549=CARTESIAN_POINT('',(-1.199999978,1.942005239,-0.005807306));
#2550=VECTOR('',#2551,1.0);
#2551=DIRECTION('',(0.0,0.0,1.0));
#2552=ORIENTED_EDGE('',*,*,#2553,.T.);
#2553=EDGE_CURVE('',#2546,#2554,#2556,.F.);
#2554=VERTEX_POINT('',#2555);
#2555=CARTESIAN_POINT('',(-1.199999978,1.042005255,-0.005807306));
#2556=LINE('',#2557,#2558);
#2557=CARTESIAN_POINT('',(-1.199999978,1.042005255,-0.005807306));
#2558=VECTOR('',#2559,1.0);
#2559=DIRECTION('',(0.0,1.0,0.0));
#2560=ORIENTED_EDGE('',*,*,#2561,.T.);
#2561=EDGE_CURVE('',#2554,#155,#2562,.F.);
#2562=LINE('',#2563,#2564);
#2563=CARTESIAN_POINT('',(-1.199999978,1.042005255,-9.258973643E-09));
#2564=VECTOR('',#2565,1.0);
#2565=DIRECTION('',(0.0,-3.823544792E-14,-1.0));
#2566=ORIENTED_EDGE('',*,*,#2523,.F.);
#2567=PLANE('',#2568);
#2568=AXIS2_PLACEMENT_3D('',#2569,#2570,#2571);
#2569=CARTESIAN_POINT('',(-1.199999978,-0.332994719,-9.258973643E-09));
#2570=DIRECTION('',(1.0,0.0,0.0));
#2571=DIRECTION('',(0.0,1.0,0.0));
#2572=ADVANCED_FACE('',(#2573),#2591,.T.);
#2573=FACE_BOUND('',#2574,.T.);
#2574=EDGE_LOOP('',(#2575,#2576,#2584,#2590));
#2575=ORIENTED_EDGE('',*,*,#2561,.F.);
#2576=ORIENTED_EDGE('',*,*,#2577,.T.);
#2577=EDGE_CURVE('',#2554,#2578,#2580,.T.);
#2578=VERTEX_POINT('',#2579);
#2579=CARTESIAN_POINT('',(-0.799999985,1.042005255,-0.005807306));
#2580=LINE('',#2581,#2582);
#2581=CARTESIAN_POINT('',(-1.199999978,1.042005255,-0.005807306));
#2582=VECTOR('',#2583,1.0);
#2583=DIRECTION('',(1.0,0.0,0.0));
#2584=ORIENTED_EDGE('',*,*,#2585,.T.);
#2585=EDGE_CURVE('',#2578,#163,#2586,.F.);
#2586=LINE('',#2587,#2588);
#2587=CARTESIAN_POINT('',(-0.799999985,1.042005255,-9.258973643E-09));
#2588=VECTOR('',#2589,1.0);
#2589=DIRECTION('',(0.0,-3.823544792E-14,-1.0));
#2590=ORIENTED_EDGE('',*,*,#162,.F.);
#2591=PLANE('',#2592);
#2592=AXIS2_PLACEMENT_3D('',#2593,#2594,#2595);
#2593=CARTESIAN_POINT('',(-1.199999978,1.042005255,0.144192691));
#2594=DIRECTION('',(0.0,-1.0,0.0));
#2595=DIRECTION('',(0.0,0.0,-1.0));
#2596=ADVANCED_FACE('',(#2597),#2623,.T.);
#2597=FACE_BOUND('',#2598,.T.);
#2598=EDGE_LOOP('',(#2599,#2600,#2608,#2616,#2622));
#2599=ORIENTED_EDGE('',*,*,#2585,.F.);
#2600=ORIENTED_EDGE('',*,*,#2601,.T.);
#2601=EDGE_CURVE('',#2578,#2602,#2604,.T.);
#2602=VERTEX_POINT('',#2603);
#2603=CARTESIAN_POINT('',(-0.799999985,1.942005239,-0.005807306));
#2604=LINE('',#2605,#2606);
#2605=CARTESIAN_POINT('',(-0.799999985,1.042005255,-0.005807306));
#2606=VECTOR('',#2607,1.0);
#2607=DIRECTION('',(0.0,1.0,0.0));
#2608=ORIENTED_EDGE('',*,*,#2609,.T.);
#2609=EDGE_CURVE('',#2602,#2610,#2612,.T.);
#2610=VERTEX_POINT('',#2611);
#2611=CARTESIAN_POINT('',(-0.799999985,1.942005239,0.144192691));
#2612=LINE('',#2613,#2614);
#2613=CARTESIAN_POINT('',(-0.799999985,1.942005239,-0.005807306));
#2614=VECTOR('',#2615,1.0);
#2615=DIRECTION('',(0.0,0.0,1.0));
#2616=ORIENTED_EDGE('',*,*,#2617,.T.);
#2617=EDGE_CURVE('',#2610,#2508,#2618,.T.);
#2618=LINE('',#2619,#2620);
#2619=CARTESIAN_POINT('',(-0.799999985,1.942005239,0.144192691));
#2620=VECTOR('',#2621,1.0);
#2621=DIRECTION('',(0.0,-1.0,0.0));
#2622=ORIENTED_EDGE('',*,*,#2507,.F.);
#2623=PLANE('',#2624);
#2624=AXIS2_PLACEMENT_3D('',#2625,#2626,#2627);
#2625=CARTESIAN_POINT('',(-0.799999985,-0.332994719,-9.258973643E-09));
#2626=DIRECTION('',(1.0,0.0,0.0));
#2627=DIRECTION('',(0.0,1.0,0.0));
#2628=ADVANCED_FACE('',(#2629),#2640,.T.);
#2629=FACE_BOUND('',#2630,.T.);
#2630=EDGE_LOOP('',(#2631,#2632,#2638,#2639));
#2631=ORIENTED_EDGE('',*,*,#2617,.F.);
#2632=ORIENTED_EDGE('',*,*,#2633,.T.);
#2633=EDGE_CURVE('',#2610,#2538,#2634,.F.);
#2634=LINE('',#2635,#2636);
#2635=CARTESIAN_POINT('',(-1.199999978,1.942005239,0.144192691));
#2636=VECTOR('',#2637,1.0);
#2637=DIRECTION('',(1.0,0.0,0.0));
#2638=ORIENTED_EDGE('',*,*,#2537,.F.);
#2639=ORIENTED_EDGE('',*,*,#2515,.F.);
#2640=PLANE('',#2641);
#2641=AXIS2_PLACEMENT_3D('',#2642,#2643,#2644);
#2642=CARTESIAN_POINT('',(-1.199999978,1.942005239,0.144192691));
#2643=DIRECTION('',(0.0,0.0,1.0));
#2644=DIRECTION('',(0.0,-1.0,0.0));
#2645=ADVANCED_FACE('',(#2646),#2657,.T.);
#2646=FACE_BOUND('',#2647,.T.);
#2647=EDGE_LOOP('',(#2648,#2649,#2650,#2656));
#2648=ORIENTED_EDGE('',*,*,#2633,.F.);
#2649=ORIENTED_EDGE('',*,*,#2609,.F.);
#2650=ORIENTED_EDGE('',*,*,#2651,.T.);
#2651=EDGE_CURVE('',#2602,#2546,#2652,.F.);
#2652=LINE('',#2653,#2654);
#2653=CARTESIAN_POINT('',(-1.199999978,1.942005239,-0.005807306));
#2654=VECTOR('',#2655,1.0);
#2655=DIRECTION('',(1.0,0.0,0.0));
#2656=ORIENTED_EDGE('',*,*,#2545,.F.);
#2657=PLANE('',#2658);
#2658=AXIS2_PLACEMENT_3D('',#2659,#2660,#2661);
#2659=CARTESIAN_POINT('',(-1.199999978,1.942005239,-0.005807306));
#2660=DIRECTION('',(0.0,1.0,0.0));
#2661=DIRECTION('',(0.0,0.0,1.0));
#2662=ADVANCED_FACE('',(#2663),#2669,.T.);
#2663=FACE_BOUND('',#2664,.T.);
#2664=EDGE_LOOP('',(#2665,#2666,#2667,#2668));
#2665=ORIENTED_EDGE('',*,*,#2651,.F.);
#2666=ORIENTED_EDGE('',*,*,#2601,.F.);
#2667=ORIENTED_EDGE('',*,*,#2577,.F.);
#2668=ORIENTED_EDGE('',*,*,#2553,.F.);
#2669=PLANE('',#2670);
#2670=AXIS2_PLACEMENT_3D('',#2671,#2672,#2673);
#2671=CARTESIAN_POINT('',(-1.199999978,1.042005255,-0.005807306));
#2672=DIRECTION('',(0.0,0.0,-1.0));
#2673=DIRECTION('',(0.0,1.0,0.0));
#2674=ADVANCED_FACE('',(#2675),#2708,.F.);
#2675=FACE_BOUND('',#2676,.T.);
#2676=EDGE_LOOP('',(#2677,#2685,#2693,#2701,#2707));
#2677=ORIENTED_EDGE('',*,*,#2678,.T.);
#2678=EDGE_CURVE('',#2493,#2679,#2681,.F.);
#2679=VERTEX_POINT('',#2680);
#2680=CARTESIAN_POINT('',(-0.199999996,1.942005239,0.144192691));
#2681=LINE('',#2682,#2683);
#2682=CARTESIAN_POINT('',(-0.199999996,1.942005239,0.144192691));
#2683=VECTOR('',#2684,1.0);
#2684=DIRECTION('',(0.0,-1.0,0.0));
#2685=ORIENTED_EDGE('',*,*,#2686,.T.);
#2686=EDGE_CURVE('',#2679,#2687,#2689,.F.);
#2687=VERTEX_POINT('',#2688);
#2688=CARTESIAN_POINT('',(-0.199999996,1.942005239,-0.005807306));
#2689=LINE('',#2690,#2691);
#2690=CARTESIAN_POINT('',(-0.199999996,1.942005239,-0.005807306));
#2691=VECTOR('',#2692,1.0);
#2692=DIRECTION('',(0.0,0.0,1.0));
#2693=ORIENTED_EDGE('',*,*,#2694,.T.);
#2694=EDGE_CURVE('',#2687,#2695,#2697,.F.);
#2695=VERTEX_POINT('',#2696);
#2696=CARTESIAN_POINT('',(-0.199999996,1.042005255,-0.005807306));
#2697=LINE('',#2698,#2699);
#2698=CARTESIAN_POINT('',(-0.199999996,1.042005255,-0.005807306));
#2699=VECTOR('',#2700,1.0);
#2700=DIRECTION('',(0.0,1.0,0.0));
#2701=ORIENTED_EDGE('',*,*,#2702,.T.);
#2702=EDGE_CURVE('',#2695,#97,#2703,.F.);
#2703=LINE('',#2704,#2705);
#2704=CARTESIAN_POINT('',(-0.199999996,1.042005255,-9.258973643E-09));
#2705=VECTOR('',#2706,1.0);
#2706=DIRECTION('',(0.0,-3.823544792E-14,-1.0));
#2707=ORIENTED_EDGE('',*,*,#2500,.F.);
#2708=PLANE('',#2709);
#2709=AXIS2_PLACEMENT_3D('',#2710,#2711,#2712);
#2710=CARTESIAN_POINT('',(-0.199999996,-0.332994719,-9.258973643E-09));
#2711=DIRECTION('',(1.0,0.0,0.0));
#2712=DIRECTION('',(0.0,1.0,0.0));
#2713=ADVANCED_FACE('',(#2714),#2732,.T.);
#2714=FACE_BOUND('',#2715,.T.);
#2715=EDGE_LOOP('',(#2716,#2717,#2725,#2731));
#2716=ORIENTED_EDGE('',*,*,#2702,.F.);
#2717=ORIENTED_EDGE('',*,*,#2718,.T.);
#2718=EDGE_CURVE('',#2695,#2719,#2721,.T.);
#2719=VERTEX_POINT('',#2720);
#2720=CARTESIAN_POINT('',(0.199999996,1.042005255,-0.005807306));
#2721=LINE('',#2722,#2723);
#2722=CARTESIAN_POINT('',(-0.199999996,1.042005255,-0.005807306));
#2723=VECTOR('',#2724,1.0);
#2724=DIRECTION('',(1.0,0.0,0.0));
#2725=ORIENTED_EDGE('',*,*,#2726,.T.);
#2726=EDGE_CURVE('',#2719,#99,#2727,.F.);
#2727=LINE('',#2728,#2729);
#2728=CARTESIAN_POINT('',(0.199999996,1.042005255,-9.258973643E-09));
#2729=VECTOR('',#2730,1.0);
#2730=DIRECTION('',(-1.433829297E-14,-3.823544792E-14,-1.0));
#2731=ORIENTED_EDGE('',*,*,#96,.F.);
#2732=PLANE('',#2733);
#2733=AXIS2_PLACEMENT_3D('',#2734,#2735,#2736);
#2734=CARTESIAN_POINT('',(-0.199999996,1.042005255,0.144192691));
#2735=DIRECTION('',(0.0,-1.0,0.0));
#2736=DIRECTION('',(0.0,0.0,-1.0));
#2737=ADVANCED_FACE('',(#2738),#2764,.T.);
#2738=FACE_BOUND('',#2739,.T.);
#2739=EDGE_LOOP('',(#2740,#2741,#2749,#2757,#2763));
#2740=ORIENTED_EDGE('',*,*,#2726,.F.);
#2741=ORIENTED_EDGE('',*,*,#2742,.T.);
#2742=EDGE_CURVE('',#2719,#2743,#2745,.T.);
#2743=VERTEX_POINT('',#2744);
#2744=CARTESIAN_POINT('',(0.199999996,1.942005239,-0.005807306));
#2745=LINE('',#2746,#2747);
#2746=CARTESIAN_POINT('',(0.199999996,1.042005255,-0.005807306));
#2747=VECTOR('',#2748,1.0);
#2748=DIRECTION('',(0.0,1.0,0.0));
#2749=ORIENTED_EDGE('',*,*,#2750,.T.);
#2750=EDGE_CURVE('',#2743,#2751,#2753,.T.);
#2751=VERTEX_POINT('',#2752);
#2752=CARTESIAN_POINT('',(0.199999996,1.942005239,0.144192691));
#2753=LINE('',#2754,#2755);
#2754=CARTESIAN_POINT('',(0.199999996,1.942005239,-0.005807306));
#2755=VECTOR('',#2756,1.0);
#2756=DIRECTION('',(0.0,0.0,1.0));
#2757=ORIENTED_EDGE('',*,*,#2758,.T.);
#2758=EDGE_CURVE('',#2751,#2485,#2759,.T.);
#2759=LINE('',#2760,#2761);
#2760=CARTESIAN_POINT('',(0.199999996,1.942005239,0.144192691));
#2761=VECTOR('',#2762,1.0);
#2762=DIRECTION('',(0.0,-1.0,0.0));
#2763=ORIENTED_EDGE('',*,*,#2484,.F.);
#2764=PLANE('',#2765);
#2765=AXIS2_PLACEMENT_3D('',#2766,#2767,#2768);
#2766=CARTESIAN_POINT('',(0.199999996,-0.332994719,-9.258973643E-09));
#2767=DIRECTION('',(1.0,0.0,0.0));
#2768=DIRECTION('',(0.0,1.0,0.0));
#2769=ADVANCED_FACE('',(#2770),#2781,.T.);
#2770=FACE_BOUND('',#2771,.T.);
#2771=EDGE_LOOP('',(#2772,#2773,#2779,#2780));
#2772=ORIENTED_EDGE('',*,*,#2758,.F.);
#2773=ORIENTED_EDGE('',*,*,#2774,.T.);
#2774=EDGE_CURVE('',#2751,#2679,#2775,.F.);
#2775=LINE('',#2776,#2777);
#2776=CARTESIAN_POINT('',(-0.199999996,1.942005239,0.144192691));
#2777=VECTOR('',#2778,1.0);
#2778=DIRECTION('',(1.0,0.0,0.0));
#2779=ORIENTED_EDGE('',*,*,#2678,.F.);
#2780=ORIENTED_EDGE('',*,*,#2492,.F.);
#2781=PLANE('',#2782);
#2782=AXIS2_PLACEMENT_3D('',#2783,#2784,#2785);
#2783=CARTESIAN_POINT('',(-0.199999996,1.942005239,0.144192691));
#2784=DIRECTION('',(0.0,0.0,1.0));
#2785=DIRECTION('',(0.0,-1.0,0.0));
#2786=ADVANCED_FACE('',(#2787),#2798,.T.);
#2787=FACE_BOUND('',#2788,.T.);
#2788=EDGE_LOOP('',(#2789,#2790,#2791,#2797));
#2789=ORIENTED_EDGE('',*,*,#2774,.F.);
#2790=ORIENTED_EDGE('',*,*,#2750,.F.);
#2791=ORIENTED_EDGE('',*,*,#2792,.T.);
#2792=EDGE_CURVE('',#2743,#2687,#2793,.F.);
#2793=LINE('',#2794,#2795);
#2794=CARTESIAN_POINT('',(-0.199999996,1.942005239,-0.005807306));
#2795=VECTOR('',#2796,1.0);
#2796=DIRECTION('',(1.0,0.0,0.0));
#2797=ORIENTED_EDGE('',*,*,#2686,.F.);
#2798=PLANE('',#2799);
#2799=AXIS2_PLACEMENT_3D('',#2800,#2801,#2802);
#2800=CARTESIAN_POINT('',(-0.199999996,1.942005239,-0.005807306));
#2801=DIRECTION('',(0.0,1.0,0.0));
#2802=DIRECTION('',(0.0,0.0,1.0));
#2803=ADVANCED_FACE('',(#2804),#2810,.T.);
#2804=FACE_BOUND('',#2805,.T.);
#2805=EDGE_LOOP('',(#2806,#2807,#2808,#2809));
#2806=ORIENTED_EDGE('',*,*,#2792,.F.);
#2807=ORIENTED_EDGE('',*,*,#2742,.F.);
#2808=ORIENTED_EDGE('',*,*,#2718,.F.);
#2809=ORIENTED_EDGE('',*,*,#2694,.F.);
#2810=PLANE('',#2811);
#2811=AXIS2_PLACEMENT_3D('',#2812,#2813,#2814);
#2812=CARTESIAN_POINT('',(-0.199999996,1.042005255,-0.005807306));
#2813=DIRECTION('',(0.0,0.0,-1.0));
#2814=DIRECTION('',(0.0,1.0,0.0));
#2815=ADVANCED_FACE('',(#2816),#2849,.F.);
#2816=FACE_BOUND('',#2817,.T.);
#2817=EDGE_LOOP('',(#2818,#2826,#2834,#2842,#2848));
#2818=ORIENTED_EDGE('',*,*,#2819,.T.);
#2819=EDGE_CURVE('',#2470,#2820,#2822,.F.);
#2820=VERTEX_POINT('',#2821);
#2821=CARTESIAN_POINT('',(0.799999985,1.942005239,0.144192691));
#2822=LINE('',#2823,#2824);
#2823=CARTESIAN_POINT('',(0.799999985,1.942005239,0.144192691));
#2824=VECTOR('',#2825,1.0);
#2825=DIRECTION('',(0.0,-1.0,0.0));
#2826=ORIENTED_EDGE('',*,*,#2827,.T.);
#2827=EDGE_CURVE('',#2820,#2828,#2830,.F.);
#2828=VERTEX_POINT('',#2829);
#2829=CARTESIAN_POINT('',(0.799999985,1.942005239,-0.005807306));
#2830=LINE('',#2831,#2832);
#2831=CARTESIAN_POINT('',(0.799999985,1.942005239,-0.005807306));
#2832=VECTOR('',#2833,1.0);
#2833=DIRECTION('',(0.0,0.0,1.0));
#2834=ORIENTED_EDGE('',*,*,#2835,.T.);
#2835=EDGE_CURVE('',#2828,#2836,#2838,.F.);
#2836=VERTEX_POINT('',#2837);
#2837=CARTESIAN_POINT('',(0.799999985,1.042005255,-0.005807306));
#2838=LINE('',#2839,#2840);
#2839=CARTESIAN_POINT('',(0.799999985,1.042005255,-0.005807306));
#2840=VECTOR('',#2841,1.0);
#2841=DIRECTION('',(0.0,1.0,0.0));
#2842=ORIENTED_EDGE('',*,*,#2843,.T.);
#2843=EDGE_CURVE('',#2836,#107,#2844,.F.);
#2844=LINE('',#2845,#2846);
#2845=CARTESIAN_POINT('',(0.799999985,1.042005255,-9.258973643E-09));
#2846=VECTOR('',#2847,1.0);
#2847=DIRECTION('',(0.0,-3.823544792E-14,-1.0));
#2848=ORIENTED_EDGE('',*,*,#2477,.F.);
#2849=PLANE('',#2850);
#2850=AXIS2_PLACEMENT_3D('',#2851,#2852,#2853);
#2851=CARTESIAN_POINT('',(0.799999985,-0.332994719,-9.258973643E-09));
#2852=DIRECTION('',(1.0,0.0,0.0));
#2853=DIRECTION('',(0.0,1.0,0.0));
#2854=ADVANCED_FACE('',(#2855),#2873,.T.);
#2855=FACE_BOUND('',#2856,.T.);
#2856=EDGE_LOOP('',(#2857,#2858,#2866,#2872));
#2857=ORIENTED_EDGE('',*,*,#2843,.F.);
#2858=ORIENTED_EDGE('',*,*,#2859,.T.);
#2859=EDGE_CURVE('',#2836,#2860,#2862,.T.);
#2860=VERTEX_POINT('',#2861);
#2861=CARTESIAN_POINT('',(1.199999978,1.042005255,-0.005807306));
#2862=LINE('',#2863,#2864);
#2863=CARTESIAN_POINT('',(0.799999985,1.042005255,-0.005807306));
#2864=VECTOR('',#2865,1.0);
#2865=DIRECTION('',(1.0,0.0,0.0));
#2866=ORIENTED_EDGE('',*,*,#2867,.T.);
#2867=EDGE_CURVE('',#2860,#115,#2868,.F.);
#2868=LINE('',#2869,#2870);
#2869=CARTESIAN_POINT('',(1.199999978,1.042005255,-9.258973643E-09));
#2870=VECTOR('',#2871,1.0);
#2871=DIRECTION('',(0.0,-3.823544792E-14,-1.0));
#2872=ORIENTED_EDGE('',*,*,#114,.F.);
#2873=PLANE('',#2874);
#2874=AXIS2_PLACEMENT_3D('',#2875,#2876,#2877);
#2875=CARTESIAN_POINT('',(0.799999985,1.042005255,0.144192691));
#2876=DIRECTION('',(0.0,-1.0,0.0));
#2877=DIRECTION('',(0.0,0.0,-1.0));
#2878=ADVANCED_FACE('',(#2879),#2905,.T.);
#2879=FACE_BOUND('',#2880,.T.);
#2880=EDGE_LOOP('',(#2881,#2882,#2890,#2898,#2904));
#2881=ORIENTED_EDGE('',*,*,#2867,.F.);
#2882=ORIENTED_EDGE('',*,*,#2883,.T.);
#2883=EDGE_CURVE('',#2860,#2884,#2886,.T.);
#2884=VERTEX_POINT('',#2885);
#2885=CARTESIAN_POINT('',(1.199999978,1.942005239,-0.005807306));
#2886=LINE('',#2887,#2888);
#2887=CARTESIAN_POINT('',(1.199999978,1.042005255,-0.005807306));
#2888=VECTOR('',#2889,1.0);
#2889=DIRECTION('',(0.0,1.0,0.0));
#2890=ORIENTED_EDGE('',*,*,#2891,.T.);
#2891=EDGE_CURVE('',#2884,#2892,#2894,.T.);
#2892=VERTEX_POINT('',#2893);
#2893=CARTESIAN_POINT('',(1.199999978,1.942005239,0.144192691));
#2894=LINE('',#2895,#2896);
#2895=CARTESIAN_POINT('',(1.199999978,1.942005239,-0.005807306));
#2896=VECTOR('',#2897,1.0);
#2897=DIRECTION('',(0.0,0.0,1.0));
#2898=ORIENTED_EDGE('',*,*,#2899,.T.);
#2899=EDGE_CURVE('',#2892,#2462,#2900,.T.);
#2900=LINE('',#2901,#2902);
#2901=CARTESIAN_POINT('',(1.199999978,1.942005239,0.144192691));
#2902=VECTOR('',#2903,1.0);
#2903=DIRECTION('',(0.0,-1.0,0.0));
#2904=ORIENTED_EDGE('',*,*,#2461,.F.);
#2905=PLANE('',#2906);
#2906=AXIS2_PLACEMENT_3D('',#2907,#2908,#2909);
#2907=CARTESIAN_POINT('',(1.199999978,-0.332994719,-9.258973643E-09));
#2908=DIRECTION('',(1.0,0.0,0.0));
#2909=DIRECTION('',(0.0,1.0,0.0));
#2910=ADVANCED_FACE('',(#2911),#2922,.T.);
#2911=FACE_BOUND('',#2912,.T.);
#2912=EDGE_LOOP('',(#2913,#2914,#2920,#2921));
#2913=ORIENTED_EDGE('',*,*,#2899,.F.);
#2914=ORIENTED_EDGE('',*,*,#2915,.T.);
#2915=EDGE_CURVE('',#2892,#2820,#2916,.F.);
#2916=LINE('',#2917,#2918);
#2917=CARTESIAN_POINT('',(0.799999985,1.942005239,0.144192691));
#2918=VECTOR('',#2919,1.0);
#2919=DIRECTION('',(1.0,0.0,0.0));
#2920=ORIENTED_EDGE('',*,*,#2819,.F.);
#2921=ORIENTED_EDGE('',*,*,#2469,.F.);
#2922=PLANE('',#2923);
#2923=AXIS2_PLACEMENT_3D('',#2924,#2925,#2926);
#2924=CARTESIAN_POINT('',(0.799999985,1.942005239,0.144192691));
#2925=DIRECTION('',(0.0,0.0,1.0));
#2926=DIRECTION('',(0.0,-1.0,0.0));
#2927=ADVANCED_FACE('',(#2928),#2939,.T.);
#2928=FACE_BOUND('',#2929,.T.);
#2929=EDGE_LOOP('',(#2930,#2931,#2932,#2938));
#2930=ORIENTED_EDGE('',*,*,#2915,.F.);
#2931=ORIENTED_EDGE('',*,*,#2891,.F.);
#2932=ORIENTED_EDGE('',*,*,#2933,.T.);
#2933=EDGE_CURVE('',#2884,#2828,#2934,.F.);
#2934=LINE('',#2935,#2936);
#2935=CARTESIAN_POINT('',(0.799999985,1.942005239,-0.005807306));
#2936=VECTOR('',#2937,1.0);
#2937=DIRECTION('',(1.0,0.0,0.0));
#2938=ORIENTED_EDGE('',*,*,#2827,.F.);
#2939=PLANE('',#2940);
#2940=AXIS2_PLACEMENT_3D('',#2941,#2942,#2943);
#2941=CARTESIAN_POINT('',(0.799999985,1.942005239,-0.005807306));
#2942=DIRECTION('',(0.0,1.0,0.0));
#2943=DIRECTION('',(0.0,0.0,1.0));
#2944=ADVANCED_FACE('',(#2945),#2951,.T.);
#2945=FACE_BOUND('',#2946,.T.);
#2946=EDGE_LOOP('',(#2947,#2948,#2949,#2950));
#2947=ORIENTED_EDGE('',*,*,#2933,.F.);
#2948=ORIENTED_EDGE('',*,*,#2883,.F.);
#2949=ORIENTED_EDGE('',*,*,#2859,.F.);
#2950=ORIENTED_EDGE('',*,*,#2835,.F.);
#2951=PLANE('',#2952);
#2952=AXIS2_PLACEMENT_3D('',#2953,#2954,#2955);
#2953=CARTESIAN_POINT('',(0.799999985,1.042005255,-0.005807306));
#2954=DIRECTION('',(0.0,0.0,-1.0));
#2955=DIRECTION('',(0.0,1.0,0.0));
#2956=ADVANCED_FACE('',(#2957),#3007,.F.);
#2957=FACE_BOUND('',#2958,.T.);
#2958=EDGE_LOOP('',(#2959,#2969,#2977,#2985,#2991,#2992,#2993,#3001));
#2959=ORIENTED_EDGE('',*,*,#2960,.T.);
#2960=EDGE_CURVE('',#2961,#2963,#2965,.F.);
#2961=VERTEX_POINT('',#2962);
#2962=CARTESIAN_POINT('',(2.329999957,0.567005264,1.229999968));
#2963=VERTEX_POINT('',#2964);
#2964=CARTESIAN_POINT('',(2.329999957,-1.232994703,1.229999968));
#2965=LINE('',#2966,#2967);
#2966=CARTESIAN_POINT('',(2.329999957,-1.232994703,1.229999968));
#2967=VECTOR('',#2968,1.0);
#2968=DIRECTION('',(0.0,1.0,0.0));
#2969=ORIENTED_EDGE('',*,*,#2970,.T.);
#2970=EDGE_CURVE('',#2963,#2971,#2973,.F.);
#2971=VERTEX_POINT('',#2972);
#2972=CARTESIAN_POINT('',(2.329999957,-1.232994703,0.799999976));
#2973=LINE('',#2974,#2975);
#2974=CARTESIAN_POINT('',(2.329999957,-1.232994703,0.799999976));
#2975=VECTOR('',#2976,1.0);
#2976=DIRECTION('',(0.0,0.0,1.0));
#2977=ORIENTED_EDGE('',*,*,#2978,.T.);
#2978=EDGE_CURVE('',#2971,#2979,#2981,.F.);
#2979=VERTEX_POINT('',#2980);
#2980=CARTESIAN_POINT('',(2.329999957,-1.707994694,0.799999976));
#2981=LINE('',#2982,#2983);
#2982=CARTESIAN_POINT('',(2.329999957,-1.707994694,0.799999976));
#2983=VECTOR('',#2984,1.0);
#2984=DIRECTION('',(0.0,1.0,0.0));
#2985=ORIENTED_EDGE('',*,*,#2986,.T.);
#2986=EDGE_CURVE('',#2979,#131,#2987,.F.);
#2987=LINE('',#2988,#2989);
#2988=CARTESIAN_POINT('',(2.329999957,-1.707994694,-9.258973643E-09));
#2989=VECTOR('',#2990,1.0);
#2990=DIRECTION('',(0.0,0.0,1.0));
#2991=ORIENTED_EDGE('',*,*,#130,.F.);
#2992=ORIENTED_EDGE('',*,*,#2454,.F.);
#2993=ORIENTED_EDGE('',*,*,#2994,.T.);
#2994=EDGE_CURVE('',#2447,#2995,#2997,.F.);
#2995=VERTEX_POINT('',#2996);
#2996=CARTESIAN_POINT('',(2.329999957,0.567005264,0.799999976));
#2997=LINE('',#2998,#2999);
#2998=CARTESIAN_POINT('',(2.329999957,0.567005264,0.799999976));
#2999=VECTOR('',#3000,1.0);
#3000=DIRECTION('',(0.0,1.0,0.0));
#3001=ORIENTED_EDGE('',*,*,#3002,.T.);
#3002=EDGE_CURVE('',#2995,#2961,#3003,.F.);
#3003=LINE('',#3004,#3005);
#3004=CARTESIAN_POINT('',(2.329999957,0.567005264,1.229999968));
#3005=VECTOR('',#3006,1.0);
#3006=DIRECTION('',(0.0,0.0,-1.0));
#3007=PLANE('',#3008);
#3008=AXIS2_PLACEMENT_3D('',#3009,#3010,#3011);
#3009=CARTESIAN_POINT('',(2.329999957,-0.332994719,-9.258973643E-09));
#3010=DIRECTION('',(-1.0,0.0,0.0));
#3011=DIRECTION('',(0.0,-1.0,0.0));
#3012=ADVANCED_FACE('',(#3013),#3062,.F.);
#3013=FACE_BOUND('',#3014,.T.);
#3014=EDGE_LOOP('',(#3015,#3025,#3033,#3039,#3040,#3048,#3056));
#3015=ORIENTED_EDGE('',*,*,#3016,.T.);
#3016=EDGE_CURVE('',#3017,#3019,#3021,.T.);
#3017=VERTEX_POINT('',#3018);
#3018=CARTESIAN_POINT('',(2.299999957,0.567005264,1.399999965));
#3019=VERTEX_POINT('',#3020);
#3020=CARTESIAN_POINT('',(2.099999961,0.567005264,1.399999965));
#3021=LINE('',#3022,#3023);
#3022=CARTESIAN_POINT('',(2.299999957,0.567005264,1.399999965));
#3023=VECTOR('',#3024,1.0);
#3024=DIRECTION('',(-1.0,0.0,0.0));
#3025=ORIENTED_EDGE('',*,*,#3026,.T.);
#3026=EDGE_CURVE('',#3019,#3027,#3029,.T.);
#3027=VERTEX_POINT('',#3028);
#3028=CARTESIAN_POINT('',(2.099999961,0.567005264,1.229999968));
#3029=LINE('',#3030,#3031);
#3030=CARTESIAN_POINT('',(2.099999961,0.567005264,1.399999965));
#3031=VECTOR('',#3032,1.0);
#3032=DIRECTION('',(0.0,0.0,-1.0));
#3033=ORIENTED_EDGE('',*,*,#3034,.T.);
#3034=EDGE_CURVE('',#3027,#2961,#3035,.F.);
#3035=LINE('',#3036,#3037);
#3036=CARTESIAN_POINT('',(2.329999957,0.567005264,1.229999968));
#3037=VECTOR('',#3038,1.0);
#3038=DIRECTION('',(-1.0,0.0,0.0));
#3039=ORIENTED_EDGE('',*,*,#3002,.F.);
#3040=ORIENTED_EDGE('',*,*,#3041,.T.);
#3041=EDGE_CURVE('',#2995,#3042,#3044,.F.);
#3042=VERTEX_POINT('',#3043);
#3043=CARTESIAN_POINT('',(2.499999954,0.567005264,0.799999976));
#3044=LINE('',#3045,#3046);
#3045=CARTESIAN_POINT('',(2.499999954,0.567005264,0.799999976));
#3046=VECTOR('',#3047,1.0);
#3047=DIRECTION('',(-1.0,0.0,0.0));
#3048=ORIENTED_EDGE('',*,*,#3049,.T.);
#3049=EDGE_CURVE('',#3042,#3050,#3052,.F.);
#3050=VERTEX_POINT('',#3051);
#3051=CARTESIAN_POINT('',(2.499999954,0.567005264,0.999999972));
#3052=LINE('',#3053,#3054);
#3053=CARTESIAN_POINT('',(2.499999954,0.567005264,0.999999972));
#3054=VECTOR('',#3055,1.0);
#3055=DIRECTION('',(0.0,0.0,-1.0));
#3056=ORIENTED_EDGE('',*,*,#3057,.T.);
#3057=EDGE_CURVE('',#3050,#3017,#3058,.T.);
#3058=LINE('',#3059,#3060);
#3059=CARTESIAN_POINT('',(2.499999954,0.567005264,0.999999972));
#3060=VECTOR('',#3061,1.0);
#3061=DIRECTION('',(-0.447213595,0.0,0.894427191));
#3062=PLANE('',#3063);
#3063=AXIS2_PLACEMENT_3D('',#3064,#3065,#3066);
#3064=CARTESIAN_POINT('',(2.499999954,0.567005264,1.399999965));
#3065=DIRECTION('',(0.0,1.0,0.0));
#3066=DIRECTION('',(-1.0,0.0,0.0));
#3067=ADVANCED_FACE('',(#3068),#3084,.T.);
#3068=FACE_BOUND('',#3069,.T.);
#3069=EDGE_LOOP('',(#3070,#3076,#3077,#3083));
#3070=ORIENTED_EDGE('',*,*,#3071,.T.);
#3071=EDGE_CURVE('',#2423,#3017,#3072,.F.);
#3072=LINE('',#3073,#3074);
#3073=CARTESIAN_POINT('',(2.299999957,0.567005264,1.399999965));
#3074=VECTOR('',#3075,1.0);
#3075=DIRECTION('',(0.0,1.0,0.0));
#3076=ORIENTED_EDGE('',*,*,#3057,.F.);
#3077=ORIENTED_EDGE('',*,*,#3078,.T.);
#3078=EDGE_CURVE('',#3050,#2431,#3079,.T.);
#3079=LINE('',#3080,#3081);
#3080=CARTESIAN_POINT('',(2.499999954,0.567005264,0.999999972));
#3081=VECTOR('',#3082,1.0);
#3082=DIRECTION('',(0.0,1.0,0.0));
#3083=ORIENTED_EDGE('',*,*,#2430,.F.);
#3084=PLANE('',#3085);
#3085=AXIS2_PLACEMENT_3D('',#3086,#3087,#3088);
#3086=CARTESIAN_POINT('',(2.399999956,0.80450526,1.199999969));
#3087=DIRECTION('',(0.894427191,0.0,0.447213595));
#3088=DIRECTION('',(0.447213595,0.0,-0.894427191));
#3089=ADVANCED_FACE('',(#3090),#3124,.T.);
#3090=FACE_BOUND('',#3091,.T.);
#3091=EDGE_LOOP('',(#3092,#3102,#3110,#3118));
#3092=ORIENTED_EDGE('',*,*,#3093,.T.);
#3093=EDGE_CURVE('',#3094,#3096,#3098,.F.);
#3094=VERTEX_POINT('',#3095);
#3095=CARTESIAN_POINT('',(2.499999954,-1.707994694,0.999999972));
#3096=VERTEX_POINT('',#3097);
#3097=CARTESIAN_POINT('',(2.499999954,-1.707994694,0.799999976));
#3098=LINE('',#3099,#3100);
#3099=CARTESIAN_POINT('',(2.499999954,-1.707994694,0.799999976));
#3100=VECTOR('',#3101,1.0);
#3101=DIRECTION('',(0.0,0.0,1.0));
#3102=ORIENTED_EDGE('',*,*,#3103,.T.);
#3103=EDGE_CURVE('',#3096,#3104,#3106,.T.);
#3104=VERTEX_POINT('',#3105);
#3105=CARTESIAN_POINT('',(2.499999954,-1.232994703,0.799999976));
#3106=LINE('',#3107,#3108);
#3107=CARTESIAN_POINT('',(2.499999954,-1.707994694,0.799999976));
#3108=VECTOR('',#3109,1.0);
#3109=DIRECTION('',(0.0,1.0,0.0));
#3110=ORIENTED_EDGE('',*,*,#3111,.T.);
#3111=EDGE_CURVE('',#3104,#3112,#3114,.T.);
#3112=VERTEX_POINT('',#3113);
#3113=CARTESIAN_POINT('',(2.499999954,-1.232994703,0.999999972));
#3114=LINE('',#3115,#3116);
#3115=CARTESIAN_POINT('',(2.499999954,-1.232994703,0.799999976));
#3116=VECTOR('',#3117,1.0);
#3117=DIRECTION('',(0.0,0.0,1.0));
#3118=ORIENTED_EDGE('',*,*,#3119,.T.);
#3119=EDGE_CURVE('',#3112,#3094,#3120,.F.);
#3120=LINE('',#3121,#3122);
#3121=CARTESIAN_POINT('',(2.499999954,-1.707994694,0.999999972));
#3122=VECTOR('',#3123,1.0);
#3123=DIRECTION('',(0.0,1.0,0.0));
#3124=PLANE('',#3125);
#3125=AXIS2_PLACEMENT_3D('',#3126,#3127,#3128);
#3126=CARTESIAN_POINT('',(2.499999954,-1.707994694,-9.258973643E-09));
#3127=DIRECTION('',(1.0,0.0,0.0));
#3128=DIRECTION('',(0.0,1.0,0.0));
#3129=ADVANCED_FACE('',(#3130),#3141,.T.);
#3130=FACE_BOUND('',#3131,.T.);
#3131=EDGE_LOOP('',(#3132,#3133,#3139,#3140));
#3132=ORIENTED_EDGE('',*,*,#3049,.F.);
#3133=ORIENTED_EDGE('',*,*,#3134,.T.);
#3134=EDGE_CURVE('',#3042,#2439,#3135,.F.);
#3135=LINE('',#3136,#3137);
#3136=CARTESIAN_POINT('',(2.499999954,1.042005255,0.799999976));
#3137=VECTOR('',#3138,1.0);
#3138=DIRECTION('',(0.0,-1.0,0.0));
#3139=ORIENTED_EDGE('',*,*,#2438,.F.);
#3140=ORIENTED_EDGE('',*,*,#3078,.F.);
#3141=PLANE('',#3142);
#3142=AXIS2_PLACEMENT_3D('',#3143,#3144,#3145);
#3143=CARTESIAN_POINT('',(2.499999954,-1.707994694,-9.258973643E-09));
#3144=DIRECTION('',(1.0,0.0,0.0));
#3145=DIRECTION('',(0.0,1.0,0.0));
#3146=ADVANCED_FACE('',(#3147),#3172,.T.);
#3147=FACE_BOUND('',#3148,.T.);
#3148=EDGE_LOOP('',(#3149,#3159,#3165,#3166));
#3149=ORIENTED_EDGE('',*,*,#3150,.T.);
#3150=EDGE_CURVE('',#3151,#3153,#3155,.F.);
#3151=VERTEX_POINT('',#3152);
#3152=CARTESIAN_POINT('',(2.299999957,-1.232994703,1.399999965));
#3153=VERTEX_POINT('',#3154);
#3154=CARTESIAN_POINT('',(2.299999957,-1.707994694,1.399999965));
#3155=LINE('',#3156,#3157);
#3156=CARTESIAN_POINT('',(2.299999957,-1.707994694,1.399999965));
#3157=VECTOR('',#3158,1.0);
#3158=DIRECTION('',(0.0,1.0,0.0));
#3159=ORIENTED_EDGE('',*,*,#3160,.T.);
#3160=EDGE_CURVE('',#3153,#3094,#3161,.F.);
#3161=LINE('',#3162,#3163);
#3162=CARTESIAN_POINT('',(2.499999954,-1.707994694,0.999999972));
#3163=VECTOR('',#3164,1.0);
#3164=DIRECTION('',(-0.447213595,0.0,0.894427191));
#3165=ORIENTED_EDGE('',*,*,#3119,.F.);
#3166=ORIENTED_EDGE('',*,*,#3167,.T.);
#3167=EDGE_CURVE('',#3112,#3151,#3168,.F.);
#3168=LINE('',#3169,#3170);
#3169=CARTESIAN_POINT('',(2.299999957,-1.232994703,1.399999965));
#3170=VECTOR('',#3171,1.0);
#3171=DIRECTION('',(0.447213595,0.0,-0.894427191));
#3172=PLANE('',#3173);
#3173=AXIS2_PLACEMENT_3D('',#3174,#3175,#3176);
#3174=CARTESIAN_POINT('',(2.399999956,-1.470494698,1.199999969));
#3175=DIRECTION('',(0.894427191,0.0,0.447213595));
#3176=DIRECTION('',(0.447213595,0.0,-0.894427191));
#3177=ADVANCED_FACE('',(#3178),#3211,.F.);
#3178=FACE_BOUND('',#3179,.T.);
#3179=EDGE_LOOP('',(#3180,#3181,#3187,#3188,#3196,#3204,#3210));
#3180=ORIENTED_EDGE('',*,*,#3111,.F.);
#3181=ORIENTED_EDGE('',*,*,#3182,.T.);
#3182=EDGE_CURVE('',#3104,#2971,#3183,.T.);
#3183=LINE('',#3184,#3185);
#3184=CARTESIAN_POINT('',(2.499999954,-1.232994703,0.799999976));
#3185=VECTOR('',#3186,1.0);
#3186=DIRECTION('',(-1.0,0.0,0.0));
#3187=ORIENTED_EDGE('',*,*,#2970,.F.);
#3188=ORIENTED_EDGE('',*,*,#3189,.T.);
#3189=EDGE_CURVE('',#2963,#3190,#3192,.F.);
#3190=VERTEX_POINT('',#3191);
#3191=CARTESIAN_POINT('',(2.099999961,-1.232994703,1.229999968));
#3192=LINE('',#3193,#3194);
#3193=CARTESIAN_POINT('',(2.099999961,-1.232994703,1.229999968));
#3194=VECTOR('',#3195,1.0);
#3195=DIRECTION('',(1.0,0.0,0.0));
#3196=ORIENTED_EDGE('',*,*,#3197,.T.);
#3197=EDGE_CURVE('',#3190,#3198,#3200,.F.);
#3198=VERTEX_POINT('',#3199);
#3199=CARTESIAN_POINT('',(2.099999961,-1.232994703,1.399999965));
#3200=LINE('',#3201,#3202);
#3201=CARTESIAN_POINT('',(2.099999961,-1.232994703,1.399999965));
#3202=VECTOR('',#3203,1.0);
#3203=DIRECTION('',(0.0,0.0,-1.0));
#3204=ORIENTED_EDGE('',*,*,#3205,.T.);
#3205=EDGE_CURVE('',#3198,#3151,#3206,.F.);
#3206=LINE('',#3207,#3208);
#3207=CARTESIAN_POINT('',(2.299999957,-1.232994703,1.399999965));
#3208=VECTOR('',#3209,1.0);
#3209=DIRECTION('',(-1.0,0.0,0.0));
#3210=ORIENTED_EDGE('',*,*,#3167,.F.);
#3211=PLANE('',#3212);
#3212=AXIS2_PLACEMENT_3D('',#3213,#3214,#3215);
#3213=CARTESIAN_POINT('',(2.099999961,-1.232994703,1.399999965));
#3214=DIRECTION('',(0.0,-1.0,0.0));
#3215=DIRECTION('',(1.0,0.0,0.0));
#3216=ADVANCED_FACE('',(#3217),#3242,.T.);
#3217=FACE_BOUND('',#3218,.T.);
#3218=EDGE_LOOP('',(#3219,#3229,#3235,#3236));
#3219=ORIENTED_EDGE('',*,*,#3220,.T.);
#3220=EDGE_CURVE('',#3221,#3223,#3225,.T.);
#3221=VERTEX_POINT('',#3222);
#3222=CARTESIAN_POINT('',(-2.299999957,0.567005264,1.399999965));
#3223=VERTEX_POINT('',#3224);
#3224=CARTESIAN_POINT('',(-2.099999961,0.567005264,1.399999965));
#3225=LINE('',#3226,#3227);
#3226=CARTESIAN_POINT('',(-2.299999957,0.567005264,1.399999965));
#3227=VECTOR('',#3228,1.0);
#3228=DIRECTION('',(1.0,0.0,0.0));
#3229=ORIENTED_EDGE('',*,*,#3230,.T.);
#3230=EDGE_CURVE('',#3223,#2391,#3231,.F.);
#3231=LINE('',#3232,#3233);
#3232=CARTESIAN_POINT('',(-2.099999961,1.042005255,1.399999965));
#3233=VECTOR('',#3234,1.0);
#3234=DIRECTION('',(0.0,-1.0,0.0));
#3235=ORIENTED_EDGE('',*,*,#2390,.F.);
#3236=ORIENTED_EDGE('',*,*,#3237,.T.);
#3237=EDGE_CURVE('',#2383,#3221,#3238,.T.);
#3238=LINE('',#3239,#3240);
#3239=CARTESIAN_POINT('',(-2.299999957,1.042005255,1.399999965));
#3240=VECTOR('',#3241,1.0);
#3241=DIRECTION('',(0.0,-1.0,0.0));
#3242=PLANE('',#3243);
#3243=AXIS2_PLACEMENT_3D('',#3244,#3245,#3246);
#3244=CARTESIAN_POINT('',(0.0,-0.332994719,1.399999965));
#3245=DIRECTION('',(0.0,0.0,1.0));
#3246=DIRECTION('',(1.0,0.0,0.0));
#3247=ADVANCED_FACE('',(#3248),#3282,.T.);
#3248=FACE_BOUND('',#3249,.T.);
#3249=EDGE_LOOP('',(#3250,#3260,#3268,#3276));
#3250=ORIENTED_EDGE('',*,*,#3251,.T.);
#3251=EDGE_CURVE('',#3252,#3254,#3256,.T.);
#3252=VERTEX_POINT('',#3253);
#3253=CARTESIAN_POINT('',(-2.299999957,-1.707994694,1.399999965));
#3254=VERTEX_POINT('',#3255);
#3255=CARTESIAN_POINT('',(-2.099999961,-1.707994694,1.399999965));
#3256=LINE('',#3257,#3258);
#3257=CARTESIAN_POINT('',(-2.299999957,-1.707994694,1.399999965));
#3258=VECTOR('',#3259,1.0);
#3259=DIRECTION('',(1.0,0.0,0.0));
#3260=ORIENTED_EDGE('',*,*,#3261,.T.);
#3261=EDGE_CURVE('',#3254,#3262,#3264,.T.);
#3262=VERTEX_POINT('',#3263);
#3263=CARTESIAN_POINT('',(-2.099999961,-1.232994703,1.399999965));
#3264=LINE('',#3265,#3266);
#3265=CARTESIAN_POINT('',(-2.099999961,-1.707994694,1.399999965));
#3266=VECTOR('',#3267,1.0);
#3267=DIRECTION('',(0.0,1.0,0.0));
#3268=ORIENTED_EDGE('',*,*,#3269,.T.);
#3269=EDGE_CURVE('',#3262,#3270,#3272,.F.);
#3270=VERTEX_POINT('',#3271);
#3271=CARTESIAN_POINT('',(-2.299999957,-1.232994703,1.399999965));
#3272=LINE('',#3273,#3274);
#3273=CARTESIAN_POINT('',(-2.299999957,-1.232994703,1.399999965));
#3274=VECTOR('',#3275,1.0);
#3275=DIRECTION('',(1.0,0.0,0.0));
#3276=ORIENTED_EDGE('',*,*,#3277,.T.);
#3277=EDGE_CURVE('',#3270,#3252,#3278,.T.);
#3278=LINE('',#3279,#3280);
#3279=CARTESIAN_POINT('',(-2.299999957,-1.232994703,1.399999965));
#3280=VECTOR('',#3281,1.0);
#3281=DIRECTION('',(0.0,-1.0,0.0));
#3282=PLANE('',#3283);
#3283=AXIS2_PLACEMENT_3D('',#3284,#3285,#3286);
#3284=CARTESIAN_POINT('',(0.0,-0.332994719,1.399999965));
#3285=DIRECTION('',(0.0,0.0,1.0));
#3286=DIRECTION('',(1.0,0.0,0.0));
#3287=ADVANCED_FACE('',(#3288),#3306,.T.);
#3288=FACE_BOUND('',#3289,.T.);
#3289=EDGE_LOOP('',(#3290,#3291,#3299,#3305));
#3290=ORIENTED_EDGE('',*,*,#3205,.F.);
#3291=ORIENTED_EDGE('',*,*,#3292,.T.);
#3292=EDGE_CURVE('',#3198,#3293,#3295,.F.);
#3293=VERTEX_POINT('',#3294);
#3294=CARTESIAN_POINT('',(2.099999961,-1.707994694,1.399999965));
#3295=LINE('',#3296,#3297);
#3296=CARTESIAN_POINT('',(2.099999961,-1.707994694,1.399999965));
#3297=VECTOR('',#3298,1.0);
#3298=DIRECTION('',(0.0,1.0,0.0));
#3299=ORIENTED_EDGE('',*,*,#3300,.T.);
#3300=EDGE_CURVE('',#3293,#3153,#3301,.T.);
#3301=LINE('',#3302,#3303);
#3302=CARTESIAN_POINT('',(2.099999961,-1.707994694,1.399999965));
#3303=VECTOR('',#3304,1.0);
#3304=DIRECTION('',(1.0,0.0,0.0));
#3305=ORIENTED_EDGE('',*,*,#3150,.F.);
#3306=PLANE('',#3307);
#3307=AXIS2_PLACEMENT_3D('',#3308,#3309,#3310);
#3308=CARTESIAN_POINT('',(0.0,-0.332994719,1.399999965));
#3309=DIRECTION('',(0.0,0.0,1.0));
#3310=DIRECTION('',(1.0,0.0,0.0));
#3311=ADVANCED_FACE('',(#3312),#3323,.T.);
#3312=FACE_BOUND('',#3313,.T.);
#3313=EDGE_LOOP('',(#3314,#3315,#3321,#3322));
#3314=ORIENTED_EDGE('',*,*,#2422,.F.);
#3315=ORIENTED_EDGE('',*,*,#3316,.T.);
#3316=EDGE_CURVE('',#2415,#3019,#3317,.T.);
#3317=LINE('',#3318,#3319);
#3318=CARTESIAN_POINT('',(2.099999961,1.042005255,1.399999965));
#3319=VECTOR('',#3320,1.0);
#3320=DIRECTION('',(0.0,-1.0,0.0));
#3321=ORIENTED_EDGE('',*,*,#3016,.F.);
#3322=ORIENTED_EDGE('',*,*,#3071,.F.);
#3323=PLANE('',#3324);
#3324=AXIS2_PLACEMENT_3D('',#3325,#3326,#3327);
#3325=CARTESIAN_POINT('',(0.0,-0.332994719,1.399999965));
#3326=DIRECTION('',(0.0,0.0,1.0));
#3327=DIRECTION('',(1.0,0.0,0.0));
#3328=ADVANCED_FACE('',(#3329),#3347,.T.);
#3329=FACE_BOUND('',#3330,.T.);
#3330=EDGE_LOOP('',(#3331,#3332,#3333,#3341));
#3331=ORIENTED_EDGE('',*,*,#3237,.F.);
#3332=ORIENTED_EDGE('',*,*,#2382,.F.);
#3333=ORIENTED_EDGE('',*,*,#3334,.T.);
#3334=EDGE_CURVE('',#2375,#3335,#3337,.T.);
#3335=VERTEX_POINT('',#3336);
#3336=CARTESIAN_POINT('',(-2.499999954,0.567005264,0.999999972));
#3337=LINE('',#3338,#3339);
#3338=CARTESIAN_POINT('',(-2.499999954,1.042005255,0.999999972));
#3339=VECTOR('',#3340,1.0);
#3340=DIRECTION('',(0.0,-1.0,0.0));
#3341=ORIENTED_EDGE('',*,*,#3342,.T.);
#3342=EDGE_CURVE('',#3335,#3221,#3343,.F.);
#3343=LINE('',#3344,#3345);
#3344=CARTESIAN_POINT('',(-2.299999957,0.567005264,1.399999965));
#3345=VECTOR('',#3346,1.0);
#3346=DIRECTION('',(-0.447213595,0.0,-0.894427191));
#3347=PLANE('',#3348);
#3348=AXIS2_PLACEMENT_3D('',#3349,#3350,#3351);
#3349=CARTESIAN_POINT('',(-2.399999956,0.80450526,1.199999969));
#3350=DIRECTION('',(-0.894427191,0.0,0.447213595));
#3351=DIRECTION('',(-0.447213595,0.0,-0.894427191));
#3352=ADVANCED_FACE('',(#3353),#3395,.F.);
#3353=FACE_BOUND('',#3354,.T.);
#3354=EDGE_LOOP('',(#3355,#3363,#3371,#3379,#3387,#3393,#3394));
#3355=ORIENTED_EDGE('',*,*,#3356,.T.);
#3356=EDGE_CURVE('',#3335,#3357,#3359,.F.);
#3357=VERTEX_POINT('',#3358);
#3358=CARTESIAN_POINT('',(-2.499999954,0.567005264,0.799999976));
#3359=LINE('',#3360,#3361);
#3360=CARTESIAN_POINT('',(-2.499999954,0.567005264,0.799999976));
#3361=VECTOR('',#3362,1.0);
#3362=DIRECTION('',(0.0,0.0,1.0));
#3363=ORIENTED_EDGE('',*,*,#3364,.T.);
#3364=EDGE_CURVE('',#3357,#3365,#3367,.T.);
#3365=VERTEX_POINT('',#3366);
#3366=CARTESIAN_POINT('',(-2.329999957,0.567005264,0.799999976));
#3367=LINE('',#3368,#3369);
#3368=CARTESIAN_POINT('',(-2.499999954,0.567005264,0.799999976));
#3369=VECTOR('',#3370,1.0);
#3370=DIRECTION('',(1.0,0.0,0.0));
#3371=ORIENTED_EDGE('',*,*,#3372,.T.);
#3372=EDGE_CURVE('',#3365,#3373,#3375,.F.);
#3373=VERTEX_POINT('',#3374);
#3374=CARTESIAN_POINT('',(-2.329999957,0.567005264,1.229999968));
#3375=LINE('',#3376,#3377);
#3376=CARTESIAN_POINT('',(-2.329999957,0.567005264,1.229999968));
#3377=VECTOR('',#3378,1.0);
#3378=DIRECTION('',(0.0,0.0,-1.0));
#3379=ORIENTED_EDGE('',*,*,#3380,.T.);
#3380=EDGE_CURVE('',#3373,#3381,#3383,.F.);
#3381=VERTEX_POINT('',#3382);
#3382=CARTESIAN_POINT('',(-2.099999961,0.567005264,1.229999968));
#3383=LINE('',#3384,#3385);
#3384=CARTESIAN_POINT('',(-2.099999961,0.567005264,1.229999968));
#3385=VECTOR('',#3386,1.0);
#3386=DIRECTION('',(-1.0,0.0,0.0));
#3387=ORIENTED_EDGE('',*,*,#3388,.T.);
#3388=EDGE_CURVE('',#3381,#3223,#3389,.F.);
#3389=LINE('',#3390,#3391);
#3390=CARTESIAN_POINT('',(-2.099999961,0.567005264,1.399999965));
#3391=VECTOR('',#3392,1.0);
#3392=DIRECTION('',(0.0,0.0,-1.0));
#3393=ORIENTED_EDGE('',*,*,#3220,.F.);
#3394=ORIENTED_EDGE('',*,*,#3342,.F.);
#3395=PLANE('',#3396);
#3396=AXIS2_PLACEMENT_3D('',#3397,#3398,#3399);
#3397=CARTESIAN_POINT('',(-2.099999961,0.567005264,1.399999965));
#3398=DIRECTION('',(0.0,1.0,0.0));
#3399=DIRECTION('',(-1.0,0.0,0.0));
#3400=ADVANCED_FACE('',(#3401),#3412,.F.);
#3401=FACE_BOUND('',#3402,.T.);
#3402=EDGE_LOOP('',(#3403,#3404,#3410,#3411));
#3403=ORIENTED_EDGE('',*,*,#3388,.F.);
#3404=ORIENTED_EDGE('',*,*,#3405,.T.);
#3405=EDGE_CURVE('',#3381,#2399,#3406,.F.);
#3406=LINE('',#3407,#3408);
#3407=CARTESIAN_POINT('',(-2.099999961,1.042005255,1.229999968));
#3408=VECTOR('',#3409,1.0);
#3409=DIRECTION('',(0.0,-1.0,0.0));
#3410=ORIENTED_EDGE('',*,*,#2398,.F.);
#3411=ORIENTED_EDGE('',*,*,#3230,.F.);
#3412=PLANE('',#3413);
#3413=AXIS2_PLACEMENT_3D('',#3414,#3415,#3416);
#3414=CARTESIAN_POINT('',(-2.099999961,1.042005255,1.399999965));
#3415=DIRECTION('',(-1.0,0.0,0.0));
#3416=DIRECTION('',(0.0,-1.0,0.0));
#3417=ADVANCED_FACE('',(#3418),#3502,.T.);
#3418=FACE_BOUND('',#3419,.T.);
#3419=EDGE_LOOP('',(#3420,#3430,#3438,#3444,#3445,#3446,#3447,#3453,#3454,#3455,#3456,#3464,#3472,#3480,#3488,#3496));
#3420=ORIENTED_EDGE('',*,*,#3421,.T.);
#3421=EDGE_CURVE('',#3422,#3424,#3426,.F.);
#3422=VERTEX_POINT('',#3423);
#3423=CARTESIAN_POINT('',(1.399999974,-0.907994709,1.229999968));
#3424=VERTEX_POINT('',#3425);
#3425=CARTESIAN_POINT('',(1.399999974,-1.707994694,1.229999968));
#3426=LINE('',#3427,#3428);
#3427=CARTESIAN_POINT('',(1.399999974,-1.707994694,1.229999968));
#3428=VECTOR('',#3429,1.0);
#3429=DIRECTION('',(0.0,1.0,0.0));
#3430=ORIENTED_EDGE('',*,*,#3431,.T.);
#3431=EDGE_CURVE('',#3424,#3432,#3434,.T.);
#3432=VERTEX_POINT('',#3433);
#3433=CARTESIAN_POINT('',(2.099999961,-1.707994694,1.229999968));
#3434=LINE('',#3435,#3436);
#3435=CARTESIAN_POINT('',(1.399999974,-1.707994694,1.229999968));
#3436=VECTOR('',#3437,1.0);
#3437=DIRECTION('',(1.0,0.0,0.0));
#3438=ORIENTED_EDGE('',*,*,#3439,.T.);
#3439=EDGE_CURVE('',#3432,#3190,#3440,.T.);
#3440=LINE('',#3441,#3442);
#3441=CARTESIAN_POINT('',(2.099999961,-1.707994694,1.229999968));
#3442=VECTOR('',#3443,1.0);
#3443=DIRECTION('',(0.0,1.0,0.0));
#3444=ORIENTED_EDGE('',*,*,#3189,.F.);
#3445=ORIENTED_EDGE('',*,*,#2960,.F.);
#3446=ORIENTED_EDGE('',*,*,#3034,.F.);
#3447=ORIENTED_EDGE('',*,*,#3448,.T.);
#3448=EDGE_CURVE('',#3027,#2407,#3449,.T.);
#3449=LINE('',#3450,#3451);
#3450=CARTESIAN_POINT('',(2.099999961,0.567005264,1.229999968));
#3451=VECTOR('',#3452,1.0);
#3452=DIRECTION('',(0.0,1.0,0.0));
#3453=ORIENTED_EDGE('',*,*,#2406,.F.);
#3454=ORIENTED_EDGE('',*,*,#3405,.F.);
#3455=ORIENTED_EDGE('',*,*,#3380,.F.);
#3456=ORIENTED_EDGE('',*,*,#3457,.T.);
#3457=EDGE_CURVE('',#3373,#3458,#3460,.F.);
#3458=VERTEX_POINT('',#3459);
#3459=CARTESIAN_POINT('',(-2.329999957,-1.232994703,1.229999968));
#3460=LINE('',#3461,#3462);
#3461=CARTESIAN_POINT('',(-2.329999957,-1.232994703,1.229999968));
#3462=VECTOR('',#3463,1.0);
#3463=DIRECTION('',(0.0,1.0,0.0));
#3464=ORIENTED_EDGE('',*,*,#3465,.T.);
#3465=EDGE_CURVE('',#3458,#3466,#3468,.T.);
#3466=VERTEX_POINT('',#3467);
#3467=CARTESIAN_POINT('',(-2.099999961,-1.232994703,1.229999968));
#3468=LINE('',#3469,#3470);
#3469=CARTESIAN_POINT('',(-2.329999957,-1.232994703,1.229999968));
#3470=VECTOR('',#3471,1.0);
#3471=DIRECTION('',(1.0,0.0,0.0));
#3472=ORIENTED_EDGE('',*,*,#3473,.T.);
#3473=EDGE_CURVE('',#3466,#3474,#3476,.T.);
#3474=VERTEX_POINT('',#3475);
#3475=CARTESIAN_POINT('',(-2.099999961,-1.707994694,1.229999968));
#3476=LINE('',#3477,#3478);
#3477=CARTESIAN_POINT('',(-2.099999961,-1.232994703,1.229999968));
#3478=VECTOR('',#3479,1.0);
#3479=DIRECTION('',(0.0,-1.0,0.0));
#3480=ORIENTED_EDGE('',*,*,#3481,.T.);
#3481=EDGE_CURVE('',#3474,#3482,#3484,.T.);
#3482=VERTEX_POINT('',#3483);
#3483=CARTESIAN_POINT('',(-1.399999974,-1.707994694,1.229999968));
#3484=LINE('',#3485,#3486);
#3485=CARTESIAN_POINT('',(-2.099999961,-1.707994694,1.229999968));
#3486=VECTOR('',#3487,1.0);
#3487=DIRECTION('',(1.0,0.0,0.0));
#3488=ORIENTED_EDGE('',*,*,#3489,.T.);
#3489=EDGE_CURVE('',#3482,#3490,#3492,.T.);
#3490=VERTEX_POINT('',#3491);
#3491=CARTESIAN_POINT('',(-1.399999974,-0.907994709,1.229999968));
#3492=LINE('',#3493,#3494);
#3493=CARTESIAN_POINT('',(-1.399999974,-1.707994694,1.229999968));
#3494=VECTOR('',#3495,1.0);
#3495=DIRECTION('',(0.0,1.0,0.0));
#3496=ORIENTED_EDGE('',*,*,#3497,.T.);
#3497=EDGE_CURVE('',#3490,#3422,#3498,.T.);
#3498=LINE('',#3499,#3500);
#3499=CARTESIAN_POINT('',(-1.399999974,-0.907994709,1.229999968));
#3500=VECTOR('',#3501,1.0);
#3501=DIRECTION('',(1.0,0.0,0.0));
#3502=PLANE('',#3503);
#3503=AXIS2_PLACEMENT_3D('',#3504,#3505,#3506);
#3504=CARTESIAN_POINT('',(0.0,-0.332994719,1.229999968));
#3505=DIRECTION('',(0.0,0.0,1.0));
#3506=DIRECTION('',(1.0,0.0,0.0));
#3507=ADVANCED_FACE('',(#3508),#3533,.T.);
#3508=FACE_BOUND('',#3509,.T.);
#3509=EDGE_LOOP('',(#3510,#3518,#3526,#3532));
#3510=ORIENTED_EDGE('',*,*,#3511,.T.);
#3511=EDGE_CURVE('',#3490,#3512,#3514,.T.);
#3512=VERTEX_POINT('',#3513);
#3513=CARTESIAN_POINT('',(-1.399999974,-0.907994709,0.829999975));
#3514=LINE('',#3515,#3516);
#3515=CARTESIAN_POINT('',(-1.399999974,-0.907994709,1.229999968));
#3516=VECTOR('',#3517,1.0);
#3517=DIRECTION('',(0.0,0.0,-1.0));
#3518=ORIENTED_EDGE('',*,*,#3519,.T.);
#3519=EDGE_CURVE('',#3512,#3520,#3522,.T.);
#3520=VERTEX_POINT('',#3521);
#3521=CARTESIAN_POINT('',(1.399999974,-0.907994709,0.829999975));
#3522=LINE('',#3523,#3524);
#3523=CARTESIAN_POINT('',(-1.399999974,-0.907994709,0.829999975));
#3524=VECTOR('',#3525,1.0);
#3525=DIRECTION('',(1.0,0.0,0.0));
#3526=ORIENTED_EDGE('',*,*,#3527,.T.);
#3527=EDGE_CURVE('',#3520,#3422,#3528,.T.);
#3528=LINE('',#3529,#3530);
#3529=CARTESIAN_POINT('',(1.399999974,-0.907994709,0.829999975));
#3530=VECTOR('',#3531,1.0);
#3531=DIRECTION('',(0.0,0.0,1.0));
#3532=ORIENTED_EDGE('',*,*,#3497,.F.);
#3533=PLANE('',#3534);
#3534=AXIS2_PLACEMENT_3D('',#3535,#3536,#3537);
#3535=CARTESIAN_POINT('',(0.0,-0.907994709,-9.258973643E-09));
#3536=DIRECTION('',(0.0,-1.0,0.0));
#3537=DIRECTION('',(1.0,0.0,0.0));
#3538=ADVANCED_FACE('',(#3539),#3557,.F.);
#3539=FACE_BOUND('',#3540,.T.);
#3540=EDGE_LOOP('',(#3541,#3542,#3543,#3551));
#3541=ORIENTED_EDGE('',*,*,#3421,.F.);
#3542=ORIENTED_EDGE('',*,*,#3527,.F.);
#3543=ORIENTED_EDGE('',*,*,#3544,.T.);
#3544=EDGE_CURVE('',#3520,#3545,#3547,.F.);
#3545=VERTEX_POINT('',#3546);
#3546=CARTESIAN_POINT('',(1.399999974,-1.707994694,0.829999975));
#3547=LINE('',#3548,#3549);
#3548=CARTESIAN_POINT('',(1.399999974,-1.707994694,0.829999975));
#3549=VECTOR('',#3550,1.0);
#3550=DIRECTION('',(0.0,1.0,0.0));
#3551=ORIENTED_EDGE('',*,*,#3552,.T.);
#3552=EDGE_CURVE('',#3545,#3424,#3553,.T.);
#3553=LINE('',#3554,#3555);
#3554=CARTESIAN_POINT('',(1.399999974,-1.707994694,0.829999975));
#3555=VECTOR('',#3556,1.0);
#3556=DIRECTION('',(0.0,0.0,1.0));
#3557=PLANE('',#3558);
#3558=AXIS2_PLACEMENT_3D('',#3559,#3560,#3561);
#3559=CARTESIAN_POINT('',(1.399999974,-1.707994694,0.829999975));
#3560=DIRECTION('',(1.0,0.0,0.0));
#3561=DIRECTION('',(0.0,0.0,1.0));
#3562=ADVANCED_FACE('',(#3563),#3636,.T.);
#3563=FACE_BOUND('',#3564,.T.);
#3564=EDGE_LOOP('',(#3565,#3566,#3572,#3573,#3581,#3589,#3597,#3603,#3604,#3605,#3611,#3612,#3613,#3614,#3620,#3621,#3622,#3630));
#3565=ORIENTED_EDGE('',*,*,#3481,.F.);
#3566=ORIENTED_EDGE('',*,*,#3567,.T.);
#3567=EDGE_CURVE('',#3474,#3254,#3568,.F.);
#3568=LINE('',#3569,#3570);
#3569=CARTESIAN_POINT('',(-2.099999961,-1.707994694,1.399999965));
#3570=VECTOR('',#3571,1.0);
#3571=DIRECTION('',(0.0,0.0,-1.0));
#3572=ORIENTED_EDGE('',*,*,#3251,.F.);
#3573=ORIENTED_EDGE('',*,*,#3574,.T.);
#3574=EDGE_CURVE('',#3252,#3575,#3577,.T.);
#3575=VERTEX_POINT('',#3576);
#3576=CARTESIAN_POINT('',(-2.499999954,-1.707994694,0.999999972));
#3577=LINE('',#3578,#3579);
#3578=CARTESIAN_POINT('',(-2.299999957,-1.707994694,1.399999965));
#3579=VECTOR('',#3580,1.0);
#3580=DIRECTION('',(-0.447213595,0.0,-0.894427191));
#3581=ORIENTED_EDGE('',*,*,#3582,.T.);
#3582=EDGE_CURVE('',#3575,#3583,#3585,.F.);
#3583=VERTEX_POINT('',#3584);
#3584=CARTESIAN_POINT('',(-2.499999954,-1.707994694,0.799999976));
#3585=LINE('',#3586,#3587);
#3586=CARTESIAN_POINT('',(-2.499999954,-1.707994694,0.799999976));
#3587=VECTOR('',#3588,1.0);
#3588=DIRECTION('',(0.0,0.0,1.0));
#3589=ORIENTED_EDGE('',*,*,#3590,.T.);
#3590=EDGE_CURVE('',#3583,#3591,#3593,.T.);
#3591=VERTEX_POINT('',#3592);
#3592=CARTESIAN_POINT('',(-2.329999957,-1.707994694,0.799999976));
#3593=LINE('',#3594,#3595);
#3594=CARTESIAN_POINT('',(-2.499999954,-1.707994694,0.799999976));
#3595=VECTOR('',#3596,1.0);
#3596=DIRECTION('',(1.0,0.0,0.0));
#3597=ORIENTED_EDGE('',*,*,#3598,.T.);
#3598=EDGE_CURVE('',#3591,#139,#3599,.F.);
#3599=LINE('',#3600,#3601);
#3600=CARTESIAN_POINT('',(-2.329999957,-1.707994694,-9.258973643E-09));
#3601=VECTOR('',#3602,1.0);
#3602=DIRECTION('',(0.0,0.0,1.0));
#3603=ORIENTED_EDGE('',*,*,#138,.F.);
#3604=ORIENTED_EDGE('',*,*,#2986,.F.);
#3605=ORIENTED_EDGE('',*,*,#3606,.T.);
#3606=EDGE_CURVE('',#2979,#3096,#3607,.F.);
#3607=LINE('',#3608,#3609);
#3608=CARTESIAN_POINT('',(2.499999954,-1.707994694,0.799999976));
#3609=VECTOR('',#3610,1.0);
#3610=DIRECTION('',(-1.0,0.0,0.0));
#3611=ORIENTED_EDGE('',*,*,#3093,.F.);
#3612=ORIENTED_EDGE('',*,*,#3160,.F.);
#3613=ORIENTED_EDGE('',*,*,#3300,.F.);
#3614=ORIENTED_EDGE('',*,*,#3615,.T.);
#3615=EDGE_CURVE('',#3293,#3432,#3616,.T.);
#3616=LINE('',#3617,#3618);
#3617=CARTESIAN_POINT('',(2.099999961,-1.707994694,1.399999965));
#3618=VECTOR('',#3619,1.0);
#3619=DIRECTION('',(0.0,0.0,-1.0));
#3620=ORIENTED_EDGE('',*,*,#3431,.F.);
#3621=ORIENTED_EDGE('',*,*,#3552,.F.);
#3622=ORIENTED_EDGE('',*,*,#3623,.T.);
#3623=EDGE_CURVE('',#3545,#3624,#3626,.F.);
#3624=VERTEX_POINT('',#3625);
#3625=CARTESIAN_POINT('',(-1.399999974,-1.707994694,0.829999975));
#3626=LINE('',#3627,#3628);
#3627=CARTESIAN_POINT('',(-1.399999974,-1.707994694,0.829999975));
#3628=VECTOR('',#3629,1.0);
#3629=DIRECTION('',(1.0,0.0,0.0));
#3630=ORIENTED_EDGE('',*,*,#3631,.T.);
#3631=EDGE_CURVE('',#3624,#3482,#3632,.F.);
#3632=LINE('',#3633,#3634);
#3633=CARTESIAN_POINT('',(-1.399999974,-1.707994694,1.229999968));
#3634=VECTOR('',#3635,1.0);
#3635=DIRECTION('',(0.0,0.0,-1.0));
#3636=PLANE('',#3637);
#3637=AXIS2_PLACEMENT_3D('',#3638,#3639,#3640);
#3638=CARTESIAN_POINT('',(-2.499999954,-1.707994694,-9.258973643E-09));
#3639=DIRECTION('',(0.0,-1.0,0.0));
#3640=DIRECTION('',(1.0,0.0,0.0));
#3641=ADVANCED_FACE('',(#3642),#3653,.F.);
#3642=FACE_BOUND('',#3643,.T.);
#3643=EDGE_LOOP('',(#3644,#3650,#3651,#3652));
#3644=ORIENTED_EDGE('',*,*,#3645,.T.);
#3645=EDGE_CURVE('',#3624,#3512,#3646,.T.);
#3646=LINE('',#3647,#3648);
#3647=CARTESIAN_POINT('',(-1.399999974,-1.707994694,0.829999975));
#3648=VECTOR('',#3649,1.0);
#3649=DIRECTION('',(0.0,1.0,0.0));
#3650=ORIENTED_EDGE('',*,*,#3511,.F.);
#3651=ORIENTED_EDGE('',*,*,#3489,.F.);
#3652=ORIENTED_EDGE('',*,*,#3631,.F.);
#3653=PLANE('',#3654);
#3654=AXIS2_PLACEMENT_3D('',#3655,#3656,#3657);
#3655=CARTESIAN_POINT('',(-1.399999974,-1.707994694,1.229999968));
#3656=DIRECTION('',(-1.0,0.0,0.0));
#3657=DIRECTION('',(0.0,0.0,-1.0));
#3658=ADVANCED_FACE('',(#3659),#3665,.F.);
#3659=FACE_BOUND('',#3660,.T.);
#3660=EDGE_LOOP('',(#3661,#3662,#3663,#3664));
#3661=ORIENTED_EDGE('',*,*,#3544,.F.);
#3662=ORIENTED_EDGE('',*,*,#3519,.F.);
#3663=ORIENTED_EDGE('',*,*,#3645,.F.);
#3664=ORIENTED_EDGE('',*,*,#3623,.F.);
#3665=PLANE('',#3666);
#3666=AXIS2_PLACEMENT_3D('',#3667,#3668,#3669);
#3667=CARTESIAN_POINT('',(-1.399999974,-1.707994694,0.829999975));
#3668=DIRECTION('',(0.0,0.0,-1.0));
#3669=DIRECTION('',(1.0,0.0,0.0));
#3670=ADVANCED_FACE('',(#3671),#3677,.F.);
#3671=FACE_BOUND('',#3672,.T.);
#3672=EDGE_LOOP('',(#3673,#3674,#3675,#3676));
#3673=ORIENTED_EDGE('',*,*,#3197,.F.);
#3674=ORIENTED_EDGE('',*,*,#3439,.F.);
#3675=ORIENTED_EDGE('',*,*,#3615,.F.);
#3676=ORIENTED_EDGE('',*,*,#3292,.F.);
#3677=PLANE('',#3678);
#3678=AXIS2_PLACEMENT_3D('',#3679,#3680,#3681);
#3679=CARTESIAN_POINT('',(2.099999961,-1.707994694,1.399999965));
#3680=DIRECTION('',(1.0,0.0,0.0));
#3681=DIRECTION('',(0.0,1.0,0.0));
#3682=ADVANCED_FACE('',(#3683),#3689,.T.);
#3683=FACE_BOUND('',#3684,.T.);
#3684=EDGE_LOOP('',(#3685,#3686,#3687,#3688));
#3685=ORIENTED_EDGE('',*,*,#3182,.F.);
#3686=ORIENTED_EDGE('',*,*,#3103,.F.);
#3687=ORIENTED_EDGE('',*,*,#3606,.F.);
#3688=ORIENTED_EDGE('',*,*,#2978,.F.);
#3689=PLANE('',#3690);
#3690=AXIS2_PLACEMENT_3D('',#3691,#3692,#3693);
#3691=CARTESIAN_POINT('',(2.499999954,-1.707994694,0.799999976));
#3692=DIRECTION('',(0.0,0.0,-1.0));
#3693=DIRECTION('',(0.0,1.0,0.0));
#3694=ADVANCED_FACE('',(#3695),#3722,.T.);
#3695=FACE_BOUND('',#3696,.T.);
#3696=EDGE_LOOP('',(#3697,#3698,#3706,#3712,#3713,#3714,#3720,#3721));
#3697=ORIENTED_EDGE('',*,*,#3598,.F.);
#3698=ORIENTED_EDGE('',*,*,#3699,.T.);
#3699=EDGE_CURVE('',#3591,#3700,#3702,.T.);
#3700=VERTEX_POINT('',#3701);
#3701=CARTESIAN_POINT('',(-2.329999957,-1.232994703,0.799999976));
#3702=LINE('',#3703,#3704);
#3703=CARTESIAN_POINT('',(-2.329999957,-1.707994694,0.799999976));
#3704=VECTOR('',#3705,1.0);
#3705=DIRECTION('',(0.0,1.0,0.0));
#3706=ORIENTED_EDGE('',*,*,#3707,.T.);
#3707=EDGE_CURVE('',#3700,#3458,#3708,.T.);
#3708=LINE('',#3709,#3710);
#3709=CARTESIAN_POINT('',(-2.329999957,-1.232994703,0.799999976));
#3710=VECTOR('',#3711,1.0);
#3711=DIRECTION('',(0.0,0.0,1.0));
#3712=ORIENTED_EDGE('',*,*,#3457,.F.);
#3713=ORIENTED_EDGE('',*,*,#3372,.F.);
#3714=ORIENTED_EDGE('',*,*,#3715,.T.);
#3715=EDGE_CURVE('',#3365,#2359,#3716,.T.);
#3716=LINE('',#3717,#3718);
#3717=CARTESIAN_POINT('',(-2.329999957,0.567005264,0.799999976));
#3718=VECTOR('',#3719,1.0);
#3719=DIRECTION('',(0.0,1.0,0.0));
#3720=ORIENTED_EDGE('',*,*,#2358,.F.);
#3721=ORIENTED_EDGE('',*,*,#146,.F.);
#3722=PLANE('',#3723);
#3723=AXIS2_PLACEMENT_3D('',#3724,#3725,#3726);
#3724=CARTESIAN_POINT('',(-2.329999957,-0.332994719,-9.258973643E-09));
#3725=DIRECTION('',(-1.0,0.0,0.0));
#3726=DIRECTION('',(0.0,-1.0,0.0));
#3727=ADVANCED_FACE('',(#3728),#3739,.F.);
#3728=FACE_BOUND('',#3729,.T.);
#3729=EDGE_LOOP('',(#3730,#3731,#3732,#3733));
#3730=ORIENTED_EDGE('',*,*,#2366,.F.);
#3731=ORIENTED_EDGE('',*,*,#3715,.F.);
#3732=ORIENTED_EDGE('',*,*,#3364,.F.);
#3733=ORIENTED_EDGE('',*,*,#3734,.T.);
#3734=EDGE_CURVE('',#3357,#2367,#3735,.F.);
#3735=LINE('',#3736,#3737);
#3736=CARTESIAN_POINT('',(-2.499999954,1.042005255,0.799999976));
#3737=VECTOR('',#3738,1.0);
#3738=DIRECTION('',(0.0,-1.0,0.0));
#3739=PLANE('',#3740);
#3740=AXIS2_PLACEMENT_3D('',#3741,#3742,#3743);
#3741=CARTESIAN_POINT('',(-2.499999954,0.567005264,0.799999976));
#3742=DIRECTION('',(0.0,0.0,1.0));
#3743=DIRECTION('',(0.0,1.0,0.0));
#3744=ADVANCED_FACE('',(#3745),#3751,.T.);
#3745=FACE_BOUND('',#3746,.T.);
#3746=EDGE_LOOP('',(#3747,#3748,#3749,#3750));
#3747=ORIENTED_EDGE('',*,*,#2374,.F.);
#3748=ORIENTED_EDGE('',*,*,#3734,.F.);
#3749=ORIENTED_EDGE('',*,*,#3356,.F.);
#3750=ORIENTED_EDGE('',*,*,#3334,.F.);
#3751=PLANE('',#3752);
#3752=AXIS2_PLACEMENT_3D('',#3753,#3754,#3755);
#3753=CARTESIAN_POINT('',(-2.499999954,1.042005255,-9.258973643E-09));
#3754=DIRECTION('',(-1.0,0.0,0.0));
#3755=DIRECTION('',(0.0,-1.0,0.0));
#3756=ADVANCED_FACE('',(#3757),#3782,.T.);
#3757=FACE_BOUND('',#3758,.T.);
#3758=EDGE_LOOP('',(#3759,#3769,#3775,#3776));
#3759=ORIENTED_EDGE('',*,*,#3760,.T.);
#3760=EDGE_CURVE('',#3761,#3763,#3765,.T.);
#3761=VERTEX_POINT('',#3762);
#3762=CARTESIAN_POINT('',(-2.499999954,-1.232994703,0.999999972));
#3763=VERTEX_POINT('',#3764);
#3764=CARTESIAN_POINT('',(-2.499999954,-1.232994703,0.799999976));
#3765=LINE('',#3766,#3767);
#3766=CARTESIAN_POINT('',(-2.499999954,-1.232994703,0.999999972));
#3767=VECTOR('',#3768,1.0);
#3768=DIRECTION('',(0.0,0.0,-1.0));
#3769=ORIENTED_EDGE('',*,*,#3770,.T.);
#3770=EDGE_CURVE('',#3763,#3583,#3771,.F.);
#3771=LINE('',#3772,#3773);
#3772=CARTESIAN_POINT('',(-2.499999954,-1.707994694,0.799999976));
#3773=VECTOR('',#3774,1.0);
#3774=DIRECTION('',(0.0,1.0,0.0));
#3775=ORIENTED_EDGE('',*,*,#3582,.F.);
#3776=ORIENTED_EDGE('',*,*,#3777,.T.);
#3777=EDGE_CURVE('',#3575,#3761,#3778,.F.);
#3778=LINE('',#3779,#3780);
#3779=CARTESIAN_POINT('',(-2.499999954,-1.232994703,0.999999972));
#3780=VECTOR('',#3781,1.0);
#3781=DIRECTION('',(0.0,-1.0,0.0));
#3782=PLANE('',#3783);
#3783=AXIS2_PLACEMENT_3D('',#3784,#3785,#3786);
#3784=CARTESIAN_POINT('',(-2.499999954,1.042005255,-9.258973643E-09));
#3785=DIRECTION('',(-1.0,0.0,0.0));
#3786=DIRECTION('',(0.0,-1.0,0.0));
#3787=ADVANCED_FACE('',(#3788),#3799,.T.);
#3788=FACE_BOUND('',#3789,.T.);
#3789=EDGE_LOOP('',(#3790,#3791,#3797,#3798));
#3790=ORIENTED_EDGE('',*,*,#3277,.F.);
#3791=ORIENTED_EDGE('',*,*,#3792,.T.);
#3792=EDGE_CURVE('',#3270,#3761,#3793,.F.);
#3793=LINE('',#3794,#3795);
#3794=CARTESIAN_POINT('',(-2.499999954,-1.232994703,0.999999972));
#3795=VECTOR('',#3796,1.0);
#3796=DIRECTION('',(0.447213595,0.0,0.894427191));
#3797=ORIENTED_EDGE('',*,*,#3777,.F.);
#3798=ORIENTED_EDGE('',*,*,#3574,.F.);
#3799=PLANE('',#3800);
#3800=AXIS2_PLACEMENT_3D('',#3801,#3802,#3803);
#3801=CARTESIAN_POINT('',(-2.399999956,-1.470494698,1.199999969));
#3802=DIRECTION('',(-0.894427191,0.0,0.447213595));
#3803=DIRECTION('',(-0.447213595,0.0,-0.894427191));
#3804=ADVANCED_FACE('',(#3805),#3824,.F.);
#3805=FACE_BOUND('',#3806,.T.);
#3806=EDGE_LOOP('',(#3807,#3808,#3814,#3815,#3816,#3822,#3823));
#3807=ORIENTED_EDGE('',*,*,#3269,.F.);
#3808=ORIENTED_EDGE('',*,*,#3809,.T.);
#3809=EDGE_CURVE('',#3262,#3466,#3810,.T.);
#3810=LINE('',#3811,#3812);
#3811=CARTESIAN_POINT('',(-2.099999961,-1.232994703,1.399999965));
#3812=VECTOR('',#3813,1.0);
#3813=DIRECTION('',(0.0,0.0,-1.0));
#3814=ORIENTED_EDGE('',*,*,#3465,.F.);
#3815=ORIENTED_EDGE('',*,*,#3707,.F.);
#3816=ORIENTED_EDGE('',*,*,#3817,.T.);
#3817=EDGE_CURVE('',#3700,#3763,#3818,.F.);
#3818=LINE('',#3819,#3820);
#3819=CARTESIAN_POINT('',(-2.499999954,-1.232994703,0.799999976));
#3820=VECTOR('',#3821,1.0);
#3821=DIRECTION('',(1.0,0.0,0.0));
#3822=ORIENTED_EDGE('',*,*,#3760,.F.);
#3823=ORIENTED_EDGE('',*,*,#3792,.F.);
#3824=PLANE('',#3825);
#3825=AXIS2_PLACEMENT_3D('',#3826,#3827,#3828);
#3826=CARTESIAN_POINT('',(-2.499999954,-1.232994703,1.399999965));
#3827=DIRECTION('',(0.0,-1.0,0.0));
#3828=DIRECTION('',(1.0,0.0,0.0));
#3829=ADVANCED_FACE('',(#3830),#3836,.F.);
#3830=FACE_BOUND('',#3831,.T.);
#3831=EDGE_LOOP('',(#3832,#3833,#3834,#3835));
#3832=ORIENTED_EDGE('',*,*,#3817,.F.);
#3833=ORIENTED_EDGE('',*,*,#3699,.F.);
#3834=ORIENTED_EDGE('',*,*,#3590,.F.);
#3835=ORIENTED_EDGE('',*,*,#3770,.F.);
#3836=PLANE('',#3837);
#3837=AXIS2_PLACEMENT_3D('',#3838,#3839,#3840);
#3838=CARTESIAN_POINT('',(-2.499999954,-1.707994694,0.799999976));
#3839=DIRECTION('',(0.0,0.0,1.0));
#3840=DIRECTION('',(0.0,1.0,0.0));
#3841=ADVANCED_FACE('',(#3842),#3848,.F.);
#3842=FACE_BOUND('',#3843,.T.);
#3843=EDGE_LOOP('',(#3844,#3845,#3846,#3847));
#3844=ORIENTED_EDGE('',*,*,#3567,.F.);
#3845=ORIENTED_EDGE('',*,*,#3473,.F.);
#3846=ORIENTED_EDGE('',*,*,#3809,.F.);
#3847=ORIENTED_EDGE('',*,*,#3261,.F.);
#3848=PLANE('',#3849);
#3849=AXIS2_PLACEMENT_3D('',#3850,#3851,#3852);
#3850=CARTESIAN_POINT('',(-2.099999961,-1.232994703,1.399999965));
#3851=DIRECTION('',(-1.0,0.0,0.0));
#3852=DIRECTION('',(0.0,-1.0,0.0));
#3853=ADVANCED_FACE('',(#3854),#3860,.F.);
#3854=FACE_BOUND('',#3855,.T.);
#3855=EDGE_LOOP('',(#3856,#3857,#3858,#3859));
#3856=ORIENTED_EDGE('',*,*,#2414,.F.);
#3857=ORIENTED_EDGE('',*,*,#3448,.F.);
#3858=ORIENTED_EDGE('',*,*,#3026,.F.);
#3859=ORIENTED_EDGE('',*,*,#3316,.F.);
#3860=PLANE('',#3861);
#3861=AXIS2_PLACEMENT_3D('',#3862,#3863,#3864);
#3862=CARTESIAN_POINT('',(2.099999961,0.567005264,1.399999965));
#3863=DIRECTION('',(1.0,0.0,0.0));
#3864=DIRECTION('',(0.0,1.0,0.0));
#3865=ADVANCED_FACE('',(#3866),#3872,.T.);
#3866=FACE_BOUND('',#3867,.T.);
#3867=EDGE_LOOP('',(#3868,#3869,#3870,#3871));
#3868=ORIENTED_EDGE('',*,*,#2446,.F.);
#3869=ORIENTED_EDGE('',*,*,#3134,.F.);
#3870=ORIENTED_EDGE('',*,*,#3041,.F.);
#3871=ORIENTED_EDGE('',*,*,#2994,.F.);
#3872=PLANE('',#3873);
#3873=AXIS2_PLACEMENT_3D('',#3874,#3875,#3876);
#3874=CARTESIAN_POINT('',(2.499999954,0.567005264,0.799999976));
#3875=DIRECTION('',(0.0,0.0,-1.0));
#3876=DIRECTION('',(0.0,1.0,0.0));
#3877=ADVANCED_FACE('',(#3878),#3903,.T.);
#3878=FACE_BOUND('',#3879,.T.);
#3879=EDGE_LOOP('',(#3880,#3888,#3896,#3902));
#3880=ORIENTED_EDGE('',*,*,#3881,.T.);
#3881=EDGE_CURVE('',#525,#3882,#3884,.T.);
#3882=VERTEX_POINT('',#3883);
#3883=CARTESIAN_POINT('',(-0.636699988,-1.188394703,-0.010000009));
#3884=LINE('',#3885,#3886);
#3885=CARTESIAN_POINT('',(-0.636699988,-1.188394703,-9.258973643E-09));
#3886=VECTOR('',#3887,1.0);
#3887=DIRECTION('',(0.0,0.0,-1.0));
#3888=ORIENTED_EDGE('',*,*,#3889,.T.);
#3889=EDGE_CURVE('',#3882,#3890,#3892,.F.);
#3890=VERTEX_POINT('',#3891);
#3891=CARTESIAN_POINT('',(-0.636699988,-1.493694698,-0.010000009));
#3892=LINE('',#3893,#3894);
#3893=CARTESIAN_POINT('',(-0.636699988,-1.493694698,-0.010000009));
#3894=VECTOR('',#3895,1.0);
#3895=DIRECTION('',(0.0,1.0,0.0));
#3896=ORIENTED_EDGE('',*,*,#3897,.T.);
#3897=EDGE_CURVE('',#3890,#491,#3898,.F.);
#3898=LINE('',#3899,#3900);
#3899=CARTESIAN_POINT('',(-0.636699988,-1.493694698,-9.258973643E-09));
#3900=VECTOR('',#3901,1.0);
#3901=DIRECTION('',(0.0,0.0,-1.0));
#3902=ORIENTED_EDGE('',*,*,#532,.F.);
#3903=PLANE('',#3904);
#3904=AXIS2_PLACEMENT_3D('',#3905,#3906,#3907);
#3905=CARTESIAN_POINT('',(-0.636699988,-1.493694698,-9.258973643E-09));
#3906=DIRECTION('',(-1.0,0.0,0.0));
#3907=DIRECTION('',(0.0,1.0,0.0));
#3908=ADVANCED_FACE('',(#3909),#3927,.T.);
#3909=FACE_BOUND('',#3910,.T.);
#3910=EDGE_LOOP('',(#3911,#3912,#3920,#3926));
#3911=ORIENTED_EDGE('',*,*,#3897,.F.);
#3912=ORIENTED_EDGE('',*,*,#3913,.T.);
#3913=EDGE_CURVE('',#3890,#3914,#3916,.F.);
#3914=VERTEX_POINT('',#3915);
#3915=CARTESIAN_POINT('',(-0.598537489,-1.493694698,-0.010000009));
#3916=LINE('',#3917,#3918);
#3917=CARTESIAN_POINT('',(-0.598537489,-1.493694698,-0.010000009));
#3918=VECTOR('',#3919,1.0);
#3919=DIRECTION('',(-1.0,0.0,0.0));
#3920=ORIENTED_EDGE('',*,*,#3921,.T.);
#3921=EDGE_CURVE('',#3914,#493,#3922,.F.);
#3922=LINE('',#3923,#3924);
#3923=CARTESIAN_POINT('',(-0.598537489,-1.493694698,-9.258973643E-09));
#3924=VECTOR('',#3925,1.0);
#3925=DIRECTION('',(0.0,0.0,-1.0));
#3926=ORIENTED_EDGE('',*,*,#490,.F.);
#3927=PLANE('',#3928);
#3928=AXIS2_PLACEMENT_3D('',#3929,#3930,#3931);
#3929=CARTESIAN_POINT('',(-0.598537489,-1.493694698,-9.258973643E-09));
#3930=DIRECTION('',(0.0,-1.0,0.0));
#3931=DIRECTION('',(-1.0,0.0,0.0));
#3932=ADVANCED_FACE('',(#3933),#3951,.T.);
#3933=FACE_BOUND('',#3934,.T.);
#3934=EDGE_LOOP('',(#3935,#3936,#3944,#3950));
#3935=ORIENTED_EDGE('',*,*,#3921,.F.);
#3936=ORIENTED_EDGE('',*,*,#3937,.T.);
#3937=EDGE_CURVE('',#3914,#3938,#3940,.F.);
#3938=VERTEX_POINT('',#3939);
#3939=CARTESIAN_POINT('',(-0.598537489,-1.227369171,-0.010000009));
#3940=LINE('',#3941,#3942);
#3941=CARTESIAN_POINT('',(-0.598537489,-1.227369171,-0.010000009));
#3942=VECTOR('',#3943,1.0);
#3943=DIRECTION('',(0.0,-1.0,0.0));
#3944=ORIENTED_EDGE('',*,*,#3945,.T.);
#3945=EDGE_CURVE('',#3938,#501,#3946,.F.);
#3946=LINE('',#3947,#3948);
#3947=CARTESIAN_POINT('',(-0.598537489,-1.227369171,-9.258973643E-09));
#3948=VECTOR('',#3949,1.0);
#3949=DIRECTION('',(0.0,0.0,-1.0));
#3950=ORIENTED_EDGE('',*,*,#500,.F.);
#3951=PLANE('',#3952);
#3952=AXIS2_PLACEMENT_3D('',#3953,#3954,#3955);
#3953=CARTESIAN_POINT('',(-0.598537489,-1.227369171,-9.258973643E-09));
#3954=DIRECTION('',(1.0,0.0,0.0));
#3955=DIRECTION('',(0.0,-1.0,0.0));
#3956=ADVANCED_FACE('',(#3957),#3975,.T.);
#3957=FACE_BOUND('',#3958,.T.);
#3958=EDGE_LOOP('',(#3959,#3960,#3968,#3974));
#3959=ORIENTED_EDGE('',*,*,#3945,.F.);
#3960=ORIENTED_EDGE('',*,*,#3961,.T.);
#3961=EDGE_CURVE('',#3938,#3962,#3964,.F.);
#3962=VERTEX_POINT('',#3963);
#3963=CARTESIAN_POINT('',(-0.407724992,-1.227369171,-0.010000009));
#3964=LINE('',#3965,#3966);
#3965=CARTESIAN_POINT('',(-0.407724992,-1.227369171,-0.010000009));
#3966=VECTOR('',#3967,1.0);
#3967=DIRECTION('',(-1.0,0.0,0.0));
#3968=ORIENTED_EDGE('',*,*,#3969,.T.);
#3969=EDGE_CURVE('',#3962,#509,#3970,.F.);
#3970=LINE('',#3971,#3972);
#3971=CARTESIAN_POINT('',(-0.407724992,-1.227369171,-9.258973643E-09));
#3972=VECTOR('',#3973,1.0);
#3973=DIRECTION('',(0.0,0.0,-1.0));
#3974=ORIENTED_EDGE('',*,*,#508,.F.);
#3975=PLANE('',#3976);
#3976=AXIS2_PLACEMENT_3D('',#3977,#3978,#3979);
#3977=CARTESIAN_POINT('',(-0.407724992,-1.227369171,-9.258973643E-09));
#3978=DIRECTION('',(0.0,-1.0,0.0));
#3979=DIRECTION('',(-1.0,0.0,0.0));
#3980=ADVANCED_FACE('',(#3981),#3999,.T.);
#3981=FACE_BOUND('',#3982,.T.);
#3982=EDGE_LOOP('',(#3983,#3984,#3992,#3998));
#3983=ORIENTED_EDGE('',*,*,#3969,.F.);
#3984=ORIENTED_EDGE('',*,*,#3985,.T.);
#3985=EDGE_CURVE('',#3962,#3986,#3988,.F.);
#3986=VERTEX_POINT('',#3987);
#3987=CARTESIAN_POINT('',(-0.407724992,-1.188394703,-0.010000009));
#3988=LINE('',#3989,#3990);
#3989=CARTESIAN_POINT('',(-0.407724992,-1.188394703,-0.010000009));
#3990=VECTOR('',#3991,1.0);
#3991=DIRECTION('',(0.0,-1.0,0.0));
#3992=ORIENTED_EDGE('',*,*,#3993,.T.);
#3993=EDGE_CURVE('',#3986,#517,#3994,.F.);
#3994=LINE('',#3995,#3996);
#3995=CARTESIAN_POINT('',(-0.407724992,-1.188394703,-9.258973643E-09));
#3996=VECTOR('',#3997,1.0);
#3997=DIRECTION('',(0.0,0.0,-1.0));
#3998=ORIENTED_EDGE('',*,*,#516,.F.);
#3999=PLANE('',#4000);
#4000=AXIS2_PLACEMENT_3D('',#4001,#4002,#4003);
#4001=CARTESIAN_POINT('',(-0.407724992,-1.188394703,-9.258973643E-09));
#4002=DIRECTION('',(1.0,0.0,0.0));
#4003=DIRECTION('',(0.0,-1.0,0.0));
#4004=ADVANCED_FACE('',(#4005),#4016,.T.);
#4005=FACE_BOUND('',#4006,.T.);
#4006=EDGE_LOOP('',(#4007,#4008,#4014,#4015));
#4007=ORIENTED_EDGE('',*,*,#3993,.F.);
#4008=ORIENTED_EDGE('',*,*,#4009,.T.);
#4009=EDGE_CURVE('',#3986,#3882,#4010,.F.);
#4010=LINE('',#4011,#4012);
#4011=CARTESIAN_POINT('',(-0.636699988,-1.188394703,-0.010000009));
#4012=VECTOR('',#4013,1.0);
#4013=DIRECTION('',(1.0,0.0,0.0));
#4014=ORIENTED_EDGE('',*,*,#3881,.F.);
#4015=ORIENTED_EDGE('',*,*,#524,.F.);
#4016=PLANE('',#4017);
#4017=AXIS2_PLACEMENT_3D('',#4018,#4019,#4020);
#4018=CARTESIAN_POINT('',(-0.636699988,-1.188394703,-9.258973643E-09));
#4019=DIRECTION('',(0.0,1.0,0.0));
#4020=DIRECTION('',(1.0,0.0,0.0));
#4021=ADVANCED_FACE('',(#4022),#4030,.T.);
#4022=FACE_BOUND('',#4023,.T.);
#4023=EDGE_LOOP('',(#4024,#4025,#4026,#4027,#4028,#4029));
#4024=ORIENTED_EDGE('',*,*,#4009,.F.);
#4025=ORIENTED_EDGE('',*,*,#3985,.F.);
#4026=ORIENTED_EDGE('',*,*,#3961,.F.);
#4027=ORIENTED_EDGE('',*,*,#3937,.F.);
#4028=ORIENTED_EDGE('',*,*,#3913,.F.);
#4029=ORIENTED_EDGE('',*,*,#3889,.F.);
#4030=PLANE('',#4031);
#4031=AXIS2_PLACEMENT_3D('',#4032,#4033,#4034);
#4032=CARTESIAN_POINT('',(0.0,-0.332994719,-0.010000009));
#4033=DIRECTION('',(0.0,0.0,-1.0));
#4034=DIRECTION('',(1.0,0.0,0.0));
#4035=ADVANCED_FACE('',(#4036),#4349,.T.);
#4036=FACE_BOUND('',#4037,.T.);
#4037=EDGE_LOOP('',(#4038,#4048,#4056,#4064,#4072,#4080,#4088,#4096,#4104,#4112,#4120,#4128,#4136,#4144,#4152,#4160,#4168,#4176,#4184,#4192,#4200,#4208,#4216,#4224,#4232,#4240,#4248,#4256,#4264,#4270,#4271,#4279,#4287,#4295,#4303,#4311,#4319,#4327,#4335,#4343));
#4038=ORIENTED_EDGE('',*,*,#4039,.T.);
#4039=EDGE_CURVE('',#4040,#4042,#4044,.T.);
#4040=VERTEX_POINT('',#4041);
#4041=CARTESIAN_POINT('',(-0.146947926,-1.266343638,-0.010000009));
#4042=VERTEX_POINT('',#4043);
#4043=CARTESIAN_POINT('',(-0.153308318,-1.246856407,-0.010000009));
#4044=LINE('',#4045,#4046);
#4045=CARTESIAN_POINT('',(-0.146947926,-1.266343638,-0.010000009));
#4046=VECTOR('',#4047,1.0);
#4047=DIRECTION('',(-0.310278995,0.950645541,0.0));
#4048=ORIENTED_EDGE('',*,*,#4049,.T.);
#4049=EDGE_CURVE('',#4042,#4050,#4052,.T.);
#4050=VERTEX_POINT('',#4051);
#4051=CARTESIAN_POINT('',(-0.172389568,-1.233864914,-0.010000009));
#4052=LINE('',#4053,#4054);
#4053=CARTESIAN_POINT('',(-0.153308318,-1.246856407,-0.010000009));
#4054=VECTOR('',#4055,1.0);
#4055=DIRECTION('',(-0.826599187,0.562791066,0.0));
#4056=ORIENTED_EDGE('',*,*,#4057,.T.);
#4057=EDGE_CURVE('',#4050,#4058,#4060,.T.);
#4058=VERTEX_POINT('',#4059);
#4059=CARTESIAN_POINT('',(-0.197831246,-1.227369171,-0.010000009));
#4060=LINE('',#4061,#4062);
#4061=CARTESIAN_POINT('',(-0.172389568,-1.233864914,-0.010000009));
#4062=VECTOR('',#4063,1.0);
#4063=DIRECTION('',(-0.968917746,0.247383107,0.0));
#4064=ORIENTED_EDGE('',*,*,#4065,.T.);
#4065=EDGE_CURVE('',#4058,#4066,#4068,.T.);
#4066=VERTEX_POINT('',#4067);
#4067=CARTESIAN_POINT('',(-0.255074995,-1.227369171,-0.010000009));
#4068=LINE('',#4069,#4070);
#4069=CARTESIAN_POINT('',(-0.197831246,-1.227369171,-0.010000009));
#4070=VECTOR('',#4071,1.0);
#4071=DIRECTION('',(-1.0,0.0,0.0));
#4072=ORIENTED_EDGE('',*,*,#4073,.T.);
#4073=EDGE_CURVE('',#4066,#4074,#4076,.T.);
#4074=VERTEX_POINT('',#4075);
#4075=CARTESIAN_POINT('',(-0.280516674,-1.233864914,-0.010000009));
#4076=LINE('',#4077,#4078);
#4077=CARTESIAN_POINT('',(-0.255074995,-1.227369171,-0.010000009));
#4078=VECTOR('',#4079,1.0);
#4079=DIRECTION('',(-0.968917746,-0.247383107,0.0));
#4080=ORIENTED_EDGE('',*,*,#4081,.T.);
#4081=EDGE_CURVE('',#4074,#4082,#4084,.T.);
#4082=VERTEX_POINT('',#4083);
#4083=CARTESIAN_POINT('',(-0.299597923,-1.246856407,-0.010000009));
#4084=LINE('',#4085,#4086);
#4085=CARTESIAN_POINT('',(-0.280516674,-1.233864914,-0.010000009));
#4086=VECTOR('',#4087,1.0);
#4087=DIRECTION('',(-0.826599187,-0.562791066,0.0));
#4088=ORIENTED_EDGE('',*,*,#4089,.T.);
#4089=EDGE_CURVE('',#4082,#4090,#4092,.T.);
#4090=VERTEX_POINT('',#4091);
#4091=CARTESIAN_POINT('',(-0.312318744,-1.266343638,-0.010000009));
#4092=LINE('',#4093,#4094);
#4093=CARTESIAN_POINT('',(-0.299597923,-1.246856407,-0.010000009));
#4094=VECTOR('',#4095,1.0);
#4095=DIRECTION('',(-0.546622181,-0.837379359,0.0));
#4096=ORIENTED_EDGE('',*,*,#4097,.T.);
#4097=EDGE_CURVE('',#4090,#4098,#4100,.T.);
#4098=VERTEX_POINT('',#4099);
#4099=CARTESIAN_POINT('',(-0.318679173,-1.292326613,-0.010000009));
#4100=LINE('',#4101,#4102);
#4101=CARTESIAN_POINT('',(-0.312318744,-1.266343638,-0.010000009));
#4102=VECTOR('',#4103,1.0);
#4103=DIRECTION('',(-0.23777178,-0.971321049,0.0));
#4104=ORIENTED_EDGE('',*,*,#4105,.T.);
#4105=EDGE_CURVE('',#4098,#4106,#4108,.T.);
#4106=VERTEX_POINT('',#4107);
#4107=CARTESIAN_POINT('',(-0.318679173,-1.389762779,-0.010000009));
#4108=LINE('',#4109,#4110);
#4109=CARTESIAN_POINT('',(-0.318679173,-1.292326613,-0.010000009));
#4110=VECTOR('',#4111,1.0);
#4111=DIRECTION('',(0.0,-1.0,0.0));
#4112=ORIENTED_EDGE('',*,*,#4113,.T.);
#4113=EDGE_CURVE('',#4106,#4114,#4116,.T.);
#4114=VERTEX_POINT('',#4115);
#4115=CARTESIAN_POINT('',(-0.312318744,-1.415745754,-0.010000009));
#4116=LINE('',#4117,#4118);
#4117=CARTESIAN_POINT('',(-0.318679173,-1.389762779,-0.010000009));
#4118=VECTOR('',#4119,1.0);
#4119=DIRECTION('',(0.23777178,-0.971321049,0.0));
#4120=ORIENTED_EDGE('',*,*,#4121,.T.);
#4121=EDGE_CURVE('',#4114,#4122,#4124,.T.);
#4122=VERTEX_POINT('',#4123);
#4123=CARTESIAN_POINT('',(-0.299597923,-1.435233004,-0.010000009));
#4124=LINE('',#4125,#4126);
#4125=CARTESIAN_POINT('',(-0.312318744,-1.415745754,-0.010000009));
#4126=VECTOR('',#4127,1.0);
#4127=DIRECTION('',(0.546621823,-0.837379593,0.0));
#4128=ORIENTED_EDGE('',*,*,#4129,.T.);
#4129=EDGE_CURVE('',#4122,#4130,#4132,.T.);
#4130=VERTEX_POINT('',#4131);
#4131=CARTESIAN_POINT('',(-0.280516674,-1.448224491,-0.010000009));
#4132=LINE('',#4133,#4134);
#4133=CARTESIAN_POINT('',(-0.299597923,-1.435233004,-0.010000009));
#4134=VECTOR('',#4135,1.0);
#4135=DIRECTION('',(0.826599279,-0.562790931,0.0));
#4136=ORIENTED_EDGE('',*,*,#4137,.T.);
#4137=EDGE_CURVE('',#4130,#4138,#4140,.T.);
#4138=VERTEX_POINT('',#4139);
#4139=CARTESIAN_POINT('',(-0.255074995,-1.454720235,-0.010000009));
#4140=LINE('',#4141,#4142);
#4141=CARTESIAN_POINT('',(-0.280516674,-1.448224491,-0.010000009));
#4142=VECTOR('',#4143,1.0);
#4143=DIRECTION('',(0.968917746,-0.247383107,0.0));
#4144=ORIENTED_EDGE('',*,*,#4145,.T.);
#4145=EDGE_CURVE('',#4138,#4146,#4148,.T.);
#4146=VERTEX_POINT('',#4147);
#4147=CARTESIAN_POINT('',(-0.197831246,-1.454720235,-0.010000009));
#4148=LINE('',#4149,#4150);
#4149=CARTESIAN_POINT('',(-0.255074995,-1.454720235,-0.010000009));
#4150=VECTOR('',#4151,1.0);
#4151=DIRECTION('',(1.0,0.0,0.0));
#4152=ORIENTED_EDGE('',*,*,#4153,.T.);
#4153=EDGE_CURVE('',#4146,#4154,#4156,.T.);
#4154=VERTEX_POINT('',#4155);
#4155=CARTESIAN_POINT('',(-0.172389568,-1.448224491,-0.010000009));
#4156=LINE('',#4157,#4158);
#4157=CARTESIAN_POINT('',(-0.197831246,-1.454720235,-0.010000009));
#4158=VECTOR('',#4159,1.0);
#4159=DIRECTION('',(0.968917746,0.247383107,0.0));
#4160=ORIENTED_EDGE('',*,*,#4161,.T.);
#4161=EDGE_CURVE('',#4154,#4162,#4164,.T.);
#4162=VERTEX_POINT('',#4163);
#4163=CARTESIAN_POINT('',(-0.153308318,-1.435233004,-0.010000009));
#4164=LINE('',#4165,#4166);
#4165=CARTESIAN_POINT('',(-0.172389568,-1.448224491,-0.010000009));
#4166=VECTOR('',#4167,1.0);
#4167=DIRECTION('',(0.826599279,0.562790931,0.0));
#4168=ORIENTED_EDGE('',*,*,#4169,.T.);
#4169=EDGE_CURVE('',#4162,#4170,#4172,.T.);
#4170=VERTEX_POINT('',#4171);
#4171=CARTESIAN_POINT('',(-0.146947926,-1.415745754,-0.010000009));
#4172=LINE('',#4173,#4174);
#4173=CARTESIAN_POINT('',(-0.153308318,-1.435233004,-0.010000009));
#4174=VECTOR('',#4175,1.0);
#4175=DIRECTION('',(0.310278733,0.950645627,0.0));
#4176=ORIENTED_EDGE('',*,*,#4177,.T.);
#4177=EDGE_CURVE('',#4170,#4178,#4180,.T.);
#4178=VERTEX_POINT('',#4179);
#4179=CARTESIAN_POINT('',(-0.108785427,-1.415745754,-0.010000009));
#4180=LINE('',#4181,#4182);
#4181=CARTESIAN_POINT('',(-0.146947926,-1.415745754,-0.010000009));
#4182=VECTOR('',#4183,1.0);
#4183=DIRECTION('',(1.0,0.0,0.0));
#4184=ORIENTED_EDGE('',*,*,#4185,.T.);
#4185=EDGE_CURVE('',#4178,#4186,#4188,.T.);
#4186=VERTEX_POINT('',#4187);
#4187=CARTESIAN_POINT('',(-0.115145819,-1.448224491,-0.010000009));
#4188=LINE('',#4189,#4190);
#4189=CARTESIAN_POINT('',(-0.108785427,-1.415745754,-0.010000009));
#4190=VECTOR('',#4191,1.0);
#4191=DIRECTION('',(-0.192182044,-0.981359293,0.0));
#4192=ORIENTED_EDGE('',*,*,#4193,.T.);
#4193=EDGE_CURVE('',#4186,#4194,#4196,.T.);
#4194=VERTEX_POINT('',#4195);
#4195=CARTESIAN_POINT('',(-0.140587497,-1.474207466,-0.010000009));
#4196=LINE('',#4197,#4198);
#4197=CARTESIAN_POINT('',(-0.115145819,-1.448224491,-0.010000009));
#4198=VECTOR('',#4199,1.0);
#4199=DIRECTION('',(-0.699625006,-0.714510218,0.0));
#4200=ORIENTED_EDGE('',*,*,#4201,.T.);
#4201=EDGE_CURVE('',#4194,#4202,#4204,.T.);
#4202=VERTEX_POINT('',#4203);
#4203=CARTESIAN_POINT('',(-0.166029176,-1.487198954,-0.010000009));
#4204=LINE('',#4205,#4206);
#4205=CARTESIAN_POINT('',(-0.140587497,-1.474207466,-0.010000009));
#4206=VECTOR('',#4207,1.0);
#4207=DIRECTION('',(-0.890605375,-0.454776942,0.0));
#4208=ORIENTED_EDGE('',*,*,#4209,.T.);
#4209=EDGE_CURVE('',#4202,#4210,#4212,.T.);
#4210=VERTEX_POINT('',#4211);
#4211=CARTESIAN_POINT('',(-0.197831246,-1.493694698,-0.010000009));
#4212=LINE('',#4213,#4214);
#4213=CARTESIAN_POINT('',(-0.166029176,-1.487198954,-0.010000009));
#4214=VECTOR('',#4215,1.0);
#4215=DIRECTION('',(-0.979770694,-0.200123428,0.0));
#4216=ORIENTED_EDGE('',*,*,#4217,.T.);
#4217=EDGE_CURVE('',#4210,#4218,#4220,.T.);
#4218=VERTEX_POINT('',#4219);
#4219=CARTESIAN_POINT('',(-0.255074995,-1.493694698,-0.010000009));
#4220=LINE('',#4221,#4222);
#4221=CARTESIAN_POINT('',(-0.197831246,-1.493694698,-0.010000009));
#4222=VECTOR('',#4223,1.0);
#4223=DIRECTION('',(-1.0,0.0,0.0));
#4224=ORIENTED_EDGE('',*,*,#4225,.T.);
#4225=EDGE_CURVE('',#4218,#4226,#4228,.T.);
#4226=VERTEX_POINT('',#4227);
#4227=CARTESIAN_POINT('',(-0.286877066,-1.487198954,-0.010000009));
#4228=LINE('',#4229,#4230);
#4229=CARTESIAN_POINT('',(-0.255074995,-1.493694698,-0.010000009));
#4230=VECTOR('',#4231,1.0);
#4231=DIRECTION('',(-0.979770694,0.200123428,0.0));
#4232=ORIENTED_EDGE('',*,*,#4233,.T.);
#4233=EDGE_CURVE('',#4226,#4234,#4236,.T.);
#4234=VERTEX_POINT('',#4235);
#4235=CARTESIAN_POINT('',(-0.312318744,-1.474207466,-0.010000009));
#4236=LINE('',#4237,#4238);
#4237=CARTESIAN_POINT('',(-0.286877066,-1.487198954,-0.010000009));
#4238=VECTOR('',#4239,1.0);
#4239=DIRECTION('',(-0.890605375,0.454776942,0.0));
#4240=ORIENTED_EDGE('',*,*,#4241,.T.);
#4241=EDGE_CURVE('',#4234,#4242,#4244,.T.);
#4242=VERTEX_POINT('',#4243);
#4243=CARTESIAN_POINT('',(-0.337760404,-1.448224491,-0.010000009));
#4244=LINE('',#4245,#4246);
#4245=CARTESIAN_POINT('',(-0.312318744,-1.474207466,-0.010000009));
#4246=VECTOR('',#4247,1.0);
#4247=DIRECTION('',(-0.69962475,0.714510468,0.0));
#4248=ORIENTED_EDGE('',*,*,#4249,.T.);
#4249=EDGE_CURVE('',#4242,#4250,#4252,.T.);
#4250=VERTEX_POINT('',#4251);
#4251=CARTESIAN_POINT('',(-0.350481244,-1.422241516,-0.010000009));
#4252=LINE('',#4253,#4254);
#4253=CARTESIAN_POINT('',(-0.337760404,-1.448224491,-0.010000009));
#4254=VECTOR('',#4255,1.0);
#4255=DIRECTION('',(-0.439713665,0.898138014,0.0));
#4256=ORIENTED_EDGE('',*,*,#4257,.T.);
#4257=EDGE_CURVE('',#4250,#4258,#4260,.T.);
#4258=VERTEX_POINT('',#4259);
#4259=CARTESIAN_POINT('',(-0.356841654,-1.389762779,-0.010000009));
#4260=LINE('',#4261,#4262);
#4261=CARTESIAN_POINT('',(-0.350481244,-1.422241516,-0.010000009));
#4262=VECTOR('',#4263,1.0);
#4263=DIRECTION('',(-0.192182573,0.981359189,0.0));
#4264=ORIENTED_EDGE('',*,*,#4265,.T.);
#4265=EDGE_CURVE('',#4258,#67,#4266,.T.);
#4266=LINE('',#4267,#4268);
#4267=CARTESIAN_POINT('',(-0.356841654,-1.389762779,-0.010000009));
#4268=VECTOR('',#4269,1.0);
#4269=DIRECTION('',(0.0,1.0,0.0));
#4270=ORIENTED_EDGE('',*,*,#66,.F.);
#4271=ORIENTED_EDGE('',*,*,#4272,.T.);
#4272=EDGE_CURVE('',#59,#4273,#4275,.T.);
#4273=VERTEX_POINT('',#4274);
#4274=CARTESIAN_POINT('',(-0.337760404,-1.233864914,-0.010000009));
#4275=LINE('',#4276,#4277);
#4276=CARTESIAN_POINT('',(-0.350481244,-1.259847894,-0.010000009));
#4277=VECTOR('',#4278,1.0);
#4278=DIRECTION('',(0.439713603,0.898138045,0.0));
#4279=ORIENTED_EDGE('',*,*,#4280,.T.);
#4280=EDGE_CURVE('',#4273,#4281,#4283,.T.);
#4281=VERTEX_POINT('',#4282);
#4282=CARTESIAN_POINT('',(-0.312318744,-1.207881937,-0.010000009));
#4283=LINE('',#4284,#4285);
#4284=CARTESIAN_POINT('',(-0.337760404,-1.233864914,-0.010000009));
#4285=VECTOR('',#4286,1.0);
#4286=DIRECTION('',(0.699624719,0.714510499,0.0));
#4287=ORIENTED_EDGE('',*,*,#4288,.T.);
#4288=EDGE_CURVE('',#4281,#4289,#4291,.T.);
#4289=VERTEX_POINT('',#4290);
#4290=CARTESIAN_POINT('',(-0.286877066,-1.194890448,-0.010000009));
#4291=LINE('',#4292,#4293);
#4292=CARTESIAN_POINT('',(-0.312318744,-1.207881937,-0.010000009));
#4293=VECTOR('',#4294,1.0);
#4294=DIRECTION('',(0.890605351,0.454776989,0.0));
#4295=ORIENTED_EDGE('',*,*,#4296,.T.);
#4296=EDGE_CURVE('',#4289,#4297,#4299,.T.);
#4297=VERTEX_POINT('',#4298);
#4298=CARTESIAN_POINT('',(-0.255074995,-1.188394703,-0.010000009));
#4299=LINE('',#4300,#4301);
#4300=CARTESIAN_POINT('',(-0.286877066,-1.194890448,-0.010000009));
#4301=VECTOR('',#4302,1.0);
#4302=DIRECTION('',(0.979770691,0.200123445,0.0));
#4303=ORIENTED_EDGE('',*,*,#4304,.T.);
#4304=EDGE_CURVE('',#4297,#4305,#4307,.T.);
#4305=VERTEX_POINT('',#4306);
#4306=CARTESIAN_POINT('',(-0.197831246,-1.188394703,-0.010000009));
#4307=LINE('',#4308,#4309);
#4308=CARTESIAN_POINT('',(-0.255074995,-1.188394703,-0.010000009));
#4309=VECTOR('',#4310,1.0);
#4310=DIRECTION('',(1.0,0.0,0.0));
#4311=ORIENTED_EDGE('',*,*,#4312,.T.);
#4312=EDGE_CURVE('',#4305,#4313,#4315,.T.);
#4313=VERTEX_POINT('',#4314);
#4314=CARTESIAN_POINT('',(-0.166029176,-1.194890448,-0.010000009));
#4315=LINE('',#4316,#4317);
#4316=CARTESIAN_POINT('',(-0.197831246,-1.188394703,-0.010000009));
#4317=VECTOR('',#4318,1.0);
#4318=DIRECTION('',(0.979770691,-0.200123445,0.0));
#4319=ORIENTED_EDGE('',*,*,#4320,.T.);
#4320=EDGE_CURVE('',#4313,#4321,#4323,.T.);
#4321=VERTEX_POINT('',#4322);
#4322=CARTESIAN_POINT('',(-0.140587497,-1.207881937,-0.010000009));
#4323=LINE('',#4324,#4325);
#4324=CARTESIAN_POINT('',(-0.166029176,-1.194890448,-0.010000009));
#4325=VECTOR('',#4326,1.0);
#4326=DIRECTION('',(0.890605351,-0.454776989,0.0));
#4327=ORIENTED_EDGE('',*,*,#4328,.T.);
#4328=EDGE_CURVE('',#4321,#4329,#4331,.T.);
#4329=VERTEX_POINT('',#4330);
#4330=CARTESIAN_POINT('',(-0.115145819,-1.233864914,-0.010000009));
#4331=LINE('',#4332,#4333);
#4332=CARTESIAN_POINT('',(-0.140587497,-1.207881937,-0.010000009));
#4333=VECTOR('',#4334,1.0);
#4334=DIRECTION('',(0.699624974,-0.714510249,0.0));
#4335=ORIENTED_EDGE('',*,*,#4336,.T.);
#4336=EDGE_CURVE('',#4329,#4337,#4339,.T.);
#4337=VERTEX_POINT('',#4338);
#4338=CARTESIAN_POINT('',(-0.108785427,-1.266343638,-0.010000009));
#4339=LINE('',#4340,#4341);
#4340=CARTESIAN_POINT('',(-0.115145819,-1.233864914,-0.010000009));
#4341=VECTOR('',#4342,1.0);
#4342=DIRECTION('',(0.192182121,-0.981359278,0.0));
#4343=ORIENTED_EDGE('',*,*,#4344,.T.);
#4344=EDGE_CURVE('',#4337,#4040,#4345,.T.);
#4345=LINE('',#4346,#4347);
#4346=CARTESIAN_POINT('',(-0.108785427,-1.266343638,-0.010000009));
#4347=VECTOR('',#4348,1.0);
#4348=DIRECTION('',(-1.0,0.0,0.0));
#4349=PLANE('',#4350);
#4350=AXIS2_PLACEMENT_3D('',#4351,#4352,#4353);
#4351=CARTESIAN_POINT('',(0.0,-0.332994719,-0.010000009));
#4352=DIRECTION('',(0.0,0.0,-1.0));
#4353=DIRECTION('',(1.0,0.0,0.0));
#4354=ADVANCED_FACE('',(#4355),#4453,.T.);
#4355=FACE_BOUND('',#4356,.T.);
#4356=EDGE_LOOP('',(#4357,#4367,#4375,#4383,#4391,#4399,#4407,#4415,#4423,#4431,#4439,#4447));
#4357=ORIENTED_EDGE('',*,*,#4358,.T.);
#4358=EDGE_CURVE('',#4359,#4361,#4363,.T.);
#4359=VERTEX_POINT('',#4360);
#4360=CARTESIAN_POINT('',(-0.019739607,-1.227369171,-0.010000009));
#4361=VERTEX_POINT('',#4362);
#4362=CARTESIAN_POINT('',(-0.019739607,-1.331301085,-0.010000009));
#4363=LINE('',#4364,#4365);
#4364=CARTESIAN_POINT('',(-0.019739607,-1.227369171,-0.010000009));
#4365=VECTOR('',#4366,1.0);
#4366=DIRECTION('',(0.0,-1.0,0.0));
#4367=ORIENTED_EDGE('',*,*,#4368,.T.);
#4368=EDGE_CURVE('',#4361,#4369,#4371,.T.);
#4369=VERTEX_POINT('',#4370);
#4370=CARTESIAN_POINT('',(0.145631247,-1.331301085,-0.010000009));
#4371=LINE('',#4372,#4373);
#4372=CARTESIAN_POINT('',(-0.019739607,-1.331301085,-0.010000009));
#4373=VECTOR('',#4374,1.0);
#4374=DIRECTION('',(1.0,0.0,0.0));
#4375=ORIENTED_EDGE('',*,*,#4376,.T.);
#4376=EDGE_CURVE('',#4369,#4377,#4379,.T.);
#4377=VERTEX_POINT('',#4378);
#4378=CARTESIAN_POINT('',(0.145631247,-1.370275548,-0.010000009));
#4379=LINE('',#4380,#4381);
#4380=CARTESIAN_POINT('',(0.145631247,-1.331301085,-0.010000009));
#4381=VECTOR('',#4382,1.0);
#4382=DIRECTION('',(0.0,-1.0,0.0));
#4383=ORIENTED_EDGE('',*,*,#4384,.T.);
#4384=EDGE_CURVE('',#4377,#4385,#4387,.T.);
#4385=VERTEX_POINT('',#4386);
#4386=CARTESIAN_POINT('',(-0.019739607,-1.370275548,-0.010000009));
#4387=LINE('',#4388,#4389);
#4388=CARTESIAN_POINT('',(0.145631247,-1.370275548,-0.010000009));
#4389=VECTOR('',#4390,1.0);
#4390=DIRECTION('',(-1.0,0.0,0.0));
#4391=ORIENTED_EDGE('',*,*,#4392,.T.);
#4392=EDGE_CURVE('',#4385,#4393,#4395,.T.);
#4393=VERTEX_POINT('',#4394);
#4394=CARTESIAN_POINT('',(-0.019739607,-1.454720235,-0.010000009));
#4395=LINE('',#4396,#4397);
#4396=CARTESIAN_POINT('',(-0.019739607,-1.370275548,-0.010000009));
#4397=VECTOR('',#4398,1.0);
#4398=DIRECTION('',(0.0,-1.0,0.0));
#4399=ORIENTED_EDGE('',*,*,#4400,.T.);
#4400=EDGE_CURVE('',#4393,#4401,#4403,.T.);
#4401=VERTEX_POINT('',#4402);
#4402=CARTESIAN_POINT('',(0.171072889,-1.454720235,-0.010000009));
#4403=LINE('',#4404,#4405);
#4404=CARTESIAN_POINT('',(-0.019739607,-1.454720235,-0.010000009));
#4405=VECTOR('',#4406,1.0);
#4406=DIRECTION('',(1.0,0.0,0.0));
#4407=ORIENTED_EDGE('',*,*,#4408,.T.);
#4408=EDGE_CURVE('',#4401,#4409,#4411,.T.);
#4409=VERTEX_POINT('',#4410);
#4410=CARTESIAN_POINT('',(0.171072889,-1.493694698,-0.010000009));
#4411=LINE('',#4412,#4413);
#4412=CARTESIAN_POINT('',(0.171072889,-1.454720235,-0.010000009));
#4413=VECTOR('',#4414,1.0);
#4414=DIRECTION('',(0.0,-1.0,0.0));
#4415=ORIENTED_EDGE('',*,*,#4416,.T.);
#4416=EDGE_CURVE('',#4409,#4417,#4419,.T.);
#4417=VERTEX_POINT('',#4418);
#4418=CARTESIAN_POINT('',(-0.05790207,-1.493694698,-0.010000009));
#4419=LINE('',#4420,#4421);
#4420=CARTESIAN_POINT('',(0.171072889,-1.493694698,-0.010000009));
#4421=VECTOR('',#4422,1.0);
#4422=DIRECTION('',(-1.0,0.0,0.0));
#4423=ORIENTED_EDGE('',*,*,#4424,.T.);
#4424=EDGE_CURVE('',#4417,#4425,#4427,.T.);
#4425=VERTEX_POINT('',#4426);
#4426=CARTESIAN_POINT('',(-0.05790207,-1.188394703,-0.010000009));
#4427=LINE('',#4428,#4429);
#4428=CARTESIAN_POINT('',(-0.05790207,-1.493694698,-0.010000009));
#4429=VECTOR('',#4430,1.0);
#4430=DIRECTION('',(0.0,1.0,0.0));
#4431=ORIENTED_EDGE('',*,*,#4432,.T.);
#4432=EDGE_CURVE('',#4425,#4433,#4435,.T.);
#4433=VERTEX_POINT('',#4434);
#4434=CARTESIAN_POINT('',(0.171072889,-1.188394703,-0.010000009));
#4435=LINE('',#4436,#4437);
#4436=CARTESIAN_POINT('',(-0.05790207,-1.188394703,-0.010000009));
#4437=VECTOR('',#4438,1.0);
#4438=DIRECTION('',(1.0,0.0,0.0));
#4439=ORIENTED_EDGE('',*,*,#4440,.T.);
#4440=EDGE_CURVE('',#4433,#4441,#4443,.T.);
#4441=VERTEX_POINT('',#4442);
#4442=CARTESIAN_POINT('',(0.171072889,-1.227369171,-0.010000009));
#4443=LINE('',#4444,#4445);
#4444=CARTESIAN_POINT('',(0.171072889,-1.188394703,-0.010000009));
#4445=VECTOR('',#4446,1.0);
#4446=DIRECTION('',(0.0,-1.0,0.0));
#4447=ORIENTED_EDGE('',*,*,#4448,.T.);
#4448=EDGE_CURVE('',#4441,#4359,#4449,.T.);
#4449=LINE('',#4450,#4451);
#4450=CARTESIAN_POINT('',(0.171072889,-1.227369171,-0.010000009));
#4451=VECTOR('',#4452,1.0);
#4452=DIRECTION('',(-1.0,0.0,0.0));
#4453=PLANE('',#4454);
#4454=AXIS2_PLACEMENT_3D('',#4455,#4456,#4457);
#4455=CARTESIAN_POINT('',(0.0,-0.332994719,-0.010000009));
#4456=DIRECTION('',(0.0,0.0,-1.0));
#4457=DIRECTION('',(1.0,0.0,0.0));
#4458=ADVANCED_FACE('',(#4459,#4573),#4671,.T.);
#4459=FACE_BOUND('',#4460,.T.);
#4460=EDGE_LOOP('',(#4461,#4471,#4479,#4487,#4495,#4503,#4511,#4519,#4527,#4535,#4543,#4551,#4559,#4567));
#4461=ORIENTED_EDGE('',*,*,#4462,.T.);
#4462=EDGE_CURVE('',#4463,#4465,#4467,.T.);
#4463=VERTEX_POINT('',#4464);
#4464=CARTESIAN_POINT('',(0.221956246,-1.493694698,-0.010000009));
#4465=VERTEX_POINT('',#4466);
#4466=CARTESIAN_POINT('',(0.221956246,-1.188394703,-0.010000009));
#4467=LINE('',#4468,#4469);
#4468=CARTESIAN_POINT('',(0.221956246,-1.493694698,-0.010000009));
#4469=VECTOR('',#4470,1.0);
#4470=DIRECTION('',(0.0,1.0,0.0));
#4471=ORIENTED_EDGE('',*,*,#4472,.T.);
#4472=EDGE_CURVE('',#4465,#4473,#4475,.T.);
#4473=VERTEX_POINT('',#4474);
#4474=CARTESIAN_POINT('',(0.374606243,-1.188394703,-0.010000009));
#4475=LINE('',#4476,#4477);
#4476=CARTESIAN_POINT('',(0.221956246,-1.188394703,-0.010000009));
#4477=VECTOR('',#4478,1.0);
#4478=DIRECTION('',(1.0,0.0,0.0));
#4479=ORIENTED_EDGE('',*,*,#4480,.T.);
#4480=EDGE_CURVE('',#4473,#4481,#4483,.T.);
#4481=VERTEX_POINT('',#4482);
#4482=CARTESIAN_POINT('',(0.40640835,-1.194890448,-0.010000009));
#4483=LINE('',#4484,#4485);
#4484=CARTESIAN_POINT('',(0.374606243,-1.188394703,-0.010000009));
#4485=VECTOR('',#4486,1.0);
#4486=DIRECTION('',(0.979770736,-0.200123225,0.0));
#4487=ORIENTED_EDGE('',*,*,#4488,.T.);
#4488=EDGE_CURVE('',#4481,#4489,#4491,.T.);
#4489=VERTEX_POINT('',#4490);
#4490=CARTESIAN_POINT('',(0.431849992,-1.207881937,-0.010000009));
#4491=LINE('',#4492,#4493);
#4492=CARTESIAN_POINT('',(0.40640835,-1.194890448,-0.010000009));
#4493=VECTOR('',#4494,1.0);
#4494=DIRECTION('',(0.890605087,-0.454777505,0.0));
#4495=ORIENTED_EDGE('',*,*,#4496,.T.);
#4496=EDGE_CURVE('',#4489,#4497,#4499,.T.);
#4497=VERTEX_POINT('',#4498);
#4498=CARTESIAN_POINT('',(0.457291634,-1.233864914,-0.010000009));
#4499=LINE('',#4500,#4501);
#4500=CARTESIAN_POINT('',(0.431849992,-1.207881937,-0.010000009));
#4501=VECTOR('',#4502,1.0);
#4502=DIRECTION('',(0.699624463,-0.714510749,0.0));
#4503=ORIENTED_EDGE('',*,*,#4504,.T.);
#4504=EDGE_CURVE('',#4497,#4505,#4507,.T.);
#4505=VERTEX_POINT('',#4506);
#4506=CARTESIAN_POINT('',(0.470012491,-1.259847894,-0.010000009));
#4507=LINE('',#4508,#4509);
#4508=CARTESIAN_POINT('',(0.457291634,-1.233864914,-0.010000009));
#4509=VECTOR('',#4510,1.0);
#4510=DIRECTION('',(0.43971411,-0.898137796,0.0));
#4511=ORIENTED_EDGE('',*,*,#4512,.T.);
#4512=EDGE_CURVE('',#4505,#4513,#4515,.T.);
#4513=VERTEX_POINT('',#4514);
#4514=CARTESIAN_POINT('',(0.476372884,-1.292326613,-0.010000009));
#4515=LINE('',#4516,#4517);
#4516=CARTESIAN_POINT('',(0.470012491,-1.259847894,-0.010000009));
#4517=VECTOR('',#4518,1.0);
#4518=DIRECTION('',(0.192182147,-0.981359273,0.0));
#4519=ORIENTED_EDGE('',*,*,#4520,.T.);
#4520=EDGE_CURVE('',#4513,#4521,#4523,.T.);
#4521=VERTEX_POINT('',#4522);
#4522=CARTESIAN_POINT('',(0.476372884,-1.389762779,-0.010000009));
#4523=LINE('',#4524,#4525);
#4524=CARTESIAN_POINT('',(0.476372884,-1.292326613,-0.010000009));
#4525=VECTOR('',#4526,1.0);
#4526=DIRECTION('',(0.0,-1.0,0.0));
#4527=ORIENTED_EDGE('',*,*,#4528,.T.);
#4528=EDGE_CURVE('',#4521,#4529,#4531,.T.);
#4529=VERTEX_POINT('',#4530);
#4530=CARTESIAN_POINT('',(0.470012491,-1.422241516,-0.010000009));
#4531=LINE('',#4532,#4533);
#4532=CARTESIAN_POINT('',(0.476372884,-1.389762779,-0.010000009));
#4533=VECTOR('',#4534,1.0);
#4534=DIRECTION('',(-0.192182044,-0.981359293,0.0));
#4535=ORIENTED_EDGE('',*,*,#4536,.T.);
#4536=EDGE_CURVE('',#4529,#4537,#4539,.T.);
#4537=VERTEX_POINT('',#4538);
#4538=CARTESIAN_POINT('',(0.457291634,-1.448224491,-0.010000009));
#4539=LINE('',#4540,#4541);
#4540=CARTESIAN_POINT('',(0.470012491,-1.422241516,-0.010000009));
#4541=VECTOR('',#4542,1.0);
#4542=DIRECTION('',(-0.439714172,-0.898137766,0.0));
#4543=ORIENTED_EDGE('',*,*,#4544,.T.);
#4544=EDGE_CURVE('',#4537,#4545,#4547,.T.);
#4545=VERTEX_POINT('',#4546);
#4546=CARTESIAN_POINT('',(0.431849992,-1.474207466,-0.010000009));
#4547=LINE('',#4548,#4549);
#4548=CARTESIAN_POINT('',(0.457291634,-1.448224491,-0.010000009));
#4549=VECTOR('',#4550,1.0);
#4550=DIRECTION('',(-0.699624495,-0.714510718,0.0));
#4551=ORIENTED_EDGE('',*,*,#4552,.T.);
#4552=EDGE_CURVE('',#4545,#4553,#4555,.T.);
#4553=VERTEX_POINT('',#4554);
#4554=CARTESIAN_POINT('',(0.40640835,-1.487198954,-0.010000009));
#4555=LINE('',#4556,#4557);
#4556=CARTESIAN_POINT('',(0.431849992,-1.474207466,-0.010000009));
#4557=VECTOR('',#4558,1.0);
#4558=DIRECTION('',(-0.890605111,-0.454777458,0.0));
#4559=ORIENTED_EDGE('',*,*,#4560,.T.);
#4560=EDGE_CURVE('',#4553,#4561,#4563,.T.);
#4561=VERTEX_POINT('',#4562);
#4562=CARTESIAN_POINT('',(0.374606243,-1.493694698,-0.010000009));
#4563=LINE('',#4564,#4565);
#4564=CARTESIAN_POINT('',(0.40640835,-1.487198954,-0.010000009));
#4565=VECTOR('',#4566,1.0);
#4566=DIRECTION('',(-0.979770739,-0.200123208,0.0));
#4567=ORIENTED_EDGE('',*,*,#4568,.T.);
#4568=EDGE_CURVE('',#4561,#4463,#4569,.T.);
#4569=LINE('',#4570,#4571);
#4570=CARTESIAN_POINT('',(0.374606243,-1.493694698,-0.010000009));
#4571=VECTOR('',#4572,1.0);
#4572=DIRECTION('',(-1.0,0.0,0.0));
#4573=FACE_BOUND('',#4574,.T.);
#4574=EDGE_LOOP('',(#4575,#4585,#4593,#4601,#4609,#4617,#4625,#4633,#4641,#4649,#4657,#4665));
#4575=ORIENTED_EDGE('',*,*,#4576,.T.);
#4576=EDGE_CURVE('',#4577,#4579,#4581,.T.);
#4577=VERTEX_POINT('',#4578);
#4578=CARTESIAN_POINT('',(0.374606243,-1.454720235,-0.010000009));
#4579=VERTEX_POINT('',#4580);
#4580=CARTESIAN_POINT('',(0.400047885,-1.448224491,-0.010000009));
#4581=LINE('',#4582,#4583);
#4582=CARTESIAN_POINT('',(0.374606243,-1.454720235,-0.010000009));
#4583=VECTOR('',#4584,1.0);
#4584=DIRECTION('',(0.968917661,0.247383439,0.0));
#4585=ORIENTED_EDGE('',*,*,#4586,.T.);
#4586=EDGE_CURVE('',#4579,#4587,#4589,.T.);
#4587=VERTEX_POINT('',#4588);
#4588=CARTESIAN_POINT('',(0.419129135,-1.435233004,-0.010000009));
#4589=LINE('',#4590,#4591);
#4590=CARTESIAN_POINT('',(0.400047885,-1.448224491,-0.010000009));
#4591=VECTOR('',#4592,1.0);
#4592=DIRECTION('',(0.826599279,0.562790931,0.0));
#4593=ORIENTED_EDGE('',*,*,#4594,.T.);
#4594=EDGE_CURVE('',#4587,#4595,#4597,.T.);
#4595=VERTEX_POINT('',#4596);
#4596=CARTESIAN_POINT('',(0.431849992,-1.415745754,-0.010000009));
#4597=LINE('',#4598,#4599);
#4598=CARTESIAN_POINT('',(0.419129135,-1.435233004,-0.010000009));
#4599=VECTOR('',#4600,1.0);
#4600=DIRECTION('',(0.54662292,0.837378877,0.0));
#4601=ORIENTED_EDGE('',*,*,#4602,.T.);
#4602=EDGE_CURVE('',#4595,#4603,#4605,.T.);
#4603=VERTEX_POINT('',#4604);
#4604=CARTESIAN_POINT('',(0.438210384,-1.389762779,-0.010000009));
#4605=LINE('',#4606,#4607);
#4606=CARTESIAN_POINT('',(0.431849992,-1.415745754,-0.010000009));
#4607=VECTOR('',#4608,1.0);
#4608=DIRECTION('',(0.237770497,0.971321363,0.0));
#4609=ORIENTED_EDGE('',*,*,#4610,.T.);
#4610=EDGE_CURVE('',#4603,#4611,#4613,.T.);
#4611=VERTEX_POINT('',#4612);
#4612=CARTESIAN_POINT('',(0.438210384,-1.292326613,-0.010000009));
#4613=LINE('',#4614,#4615);
#4614=CARTESIAN_POINT('',(0.438210384,-1.389762779,-0.010000009));
#4615=VECTOR('',#4616,1.0);
#4616=DIRECTION('',(0.0,1.0,0.0));
#4617=ORIENTED_EDGE('',*,*,#4618,.T.);
#4618=EDGE_CURVE('',#4611,#4619,#4621,.T.);
#4619=VERTEX_POINT('',#4620);
#4620=CARTESIAN_POINT('',(0.431849992,-1.266343638,-0.010000009));
#4621=LINE('',#4622,#4623);
#4622=CARTESIAN_POINT('',(0.438210384,-1.292326613,-0.010000009));
#4623=VECTOR('',#4624,1.0);
#4624=DIRECTION('',(-0.237770497,0.971321363,0.0));
#4625=ORIENTED_EDGE('',*,*,#4626,.T.);
#4626=EDGE_CURVE('',#4619,#4627,#4629,.T.);
#4627=VERTEX_POINT('',#4628);
#4628=CARTESIAN_POINT('',(0.419129135,-1.246856407,-0.010000009));
#4629=LINE('',#4630,#4631);
#4630=CARTESIAN_POINT('',(0.431849992,-1.266343638,-0.010000009));
#4631=VECTOR('',#4632,1.0);
#4632=DIRECTION('',(-0.546623278,0.837378643,0.0));
#4633=ORIENTED_EDGE('',*,*,#4634,.T.);
#4634=EDGE_CURVE('',#4627,#4635,#4637,.T.);
#4635=VERTEX_POINT('',#4636);
#4636=CARTESIAN_POINT('',(0.400047885,-1.233864914,-0.010000009));
#4637=LINE('',#4638,#4639);
#4638=CARTESIAN_POINT('',(0.419129135,-1.246856407,-0.010000009));
#4639=VECTOR('',#4640,1.0);
#4640=DIRECTION('',(-0.826599187,0.562791066,0.0));
#4641=ORIENTED_EDGE('',*,*,#4642,.T.);
#4642=EDGE_CURVE('',#4635,#4643,#4645,.T.);
#4643=VERTEX_POINT('',#4644);
#4644=CARTESIAN_POINT('',(0.374606243,-1.227369171,-0.010000009));
#4645=LINE('',#4646,#4647);
#4646=CARTESIAN_POINT('',(0.400047885,-1.233864914,-0.010000009));
#4647=VECTOR('',#4648,1.0);
#4648=DIRECTION('',(-0.968917661,0.247383439,0.0));
#4649=ORIENTED_EDGE('',*,*,#4650,.T.);
#4650=EDGE_CURVE('',#4643,#4651,#4653,.T.);
#4651=VERTEX_POINT('',#4652);
#4652=CARTESIAN_POINT('',(0.260118745,-1.227369171,-0.010000009));
#4653=LINE('',#4654,#4655);
#4654=CARTESIAN_POINT('',(0.374606243,-1.227369171,-0.010000009));
#4655=VECTOR('',#4656,1.0);
#4656=DIRECTION('',(-1.0,0.0,0.0));
#4657=ORIENTED_EDGE('',*,*,#4658,.T.);
#4658=EDGE_CURVE('',#4651,#4659,#4661,.T.);
#4659=VERTEX_POINT('',#4660);
#4660=CARTESIAN_POINT('',(0.260118745,-1.454720235,-0.010000009));
#4661=LINE('',#4662,#4663);
#4662=CARTESIAN_POINT('',(0.260118745,-1.227369171,-0.010000009));
#4663=VECTOR('',#4664,1.0);
#4664=DIRECTION('',(0.0,-1.0,0.0));
#4665=ORIENTED_EDGE('',*,*,#4666,.T.);
#4666=EDGE_CURVE('',#4659,#4577,#4667,.T.);
#4667=LINE('',#4668,#4669);
#4668=CARTESIAN_POINT('',(0.260118745,-1.454720235,-0.010000009));
#4669=VECTOR('',#4670,1.0);
#4670=DIRECTION('',(1.0,0.0,0.0));
#4671=PLANE('',#4672);
#4672=AXIS2_PLACEMENT_3D('',#4673,#4674,#4675);
#4673=CARTESIAN_POINT('',(0.0,-0.332994719,-0.010000009));
#4674=DIRECTION('',(0.0,0.0,-1.0));
#4675=DIRECTION('',(1.0,0.0,0.0));
#4676=ADVANCED_FACE('',(#4677,#4743),#4769,.T.);
#4677=FACE_BOUND('',#4678,.T.);
#4678=EDGE_LOOP('',(#4679,#4689,#4697,#4705,#4713,#4721,#4729,#4737));
#4679=ORIENTED_EDGE('',*,*,#4680,.T.);
#4680=EDGE_CURVE('',#4681,#4683,#4685,.T.);
#4681=VERTEX_POINT('',#4682);
#4682=CARTESIAN_POINT('',(0.629022954,-1.493694698,-0.010000009));
#4683=VERTEX_POINT('',#4684);
#4684=CARTESIAN_POINT('',(0.52725624,-1.188394703,-0.010000009));
#4685=LINE('',#4686,#4687);
#4686=CARTESIAN_POINT('',(0.629022954,-1.493694698,-0.010000009));
#4687=VECTOR('',#4688,1.0);
#4688=DIRECTION('',(-0.316227902,0.948683253,0.0));
#4689=ORIENTED_EDGE('',*,*,#4690,.T.);
#4690=EDGE_CURVE('',#4683,#4691,#4693,.T.);
#4691=VERTEX_POINT('',#4692);
#4692=CARTESIAN_POINT('',(0.56541874,-1.188394703,-0.010000009));
#4693=LINE('',#4694,#4695);
#4694=CARTESIAN_POINT('',(0.52725624,-1.188394703,-0.010000009));
#4695=VECTOR('',#4696,1.0);
#4696=DIRECTION('',(1.0,0.0,0.0));
#4697=ORIENTED_EDGE('',*,*,#4698,.T.);
#4698=EDGE_CURVE('',#4691,#4699,#4701,.T.);
#4699=VERTEX_POINT('',#4700);
#4700=CARTESIAN_POINT('',(0.590860454,-1.266343638,-0.010000009));
#4701=LINE('',#4702,#4703);
#4702=CARTESIAN_POINT('',(0.56541874,-1.188394703,-0.010000009));
#4703=VECTOR('',#4704,1.0);
#4704=DIRECTION('',(0.310280567,-0.950645028,0.0));
#4705=ORIENTED_EDGE('',*,*,#4706,.T.);
#4706=EDGE_CURVE('',#4699,#4707,#4709,.T.);
#4707=VERTEX_POINT('',#4708);
#4708=CARTESIAN_POINT('',(0.718068737,-1.266343638,-0.010000009));
#4709=LINE('',#4710,#4711);
#4710=CARTESIAN_POINT('',(0.590860454,-1.266343638,-0.010000009));
#4711=VECTOR('',#4712,1.0);
#4712=DIRECTION('',(1.0,0.0,0.0));
#4713=ORIENTED_EDGE('',*,*,#4714,.T.);
#4714=EDGE_CURVE('',#4707,#4715,#4717,.T.);
#4715=VERTEX_POINT('',#4716);
#4716=CARTESIAN_POINT('',(0.743510451,-1.188394703,-0.010000009));
#4717=LINE('',#4718,#4719);
#4718=CARTESIAN_POINT('',(0.718068737,-1.266343638,-0.010000009));
#4719=VECTOR('',#4720,1.0);
#4720=DIRECTION('',(0.310280567,0.950645028,0.0));
#4721=ORIENTED_EDGE('',*,*,#4722,.T.);
#4722=EDGE_CURVE('',#4715,#4723,#4725,.T.);
#4723=VERTEX_POINT('',#4724);
#4724=CARTESIAN_POINT('',(0.781672951,-1.188394703,-0.010000009));
#4725=LINE('',#4726,#4727);
#4726=CARTESIAN_POINT('',(0.743510451,-1.188394703,-0.010000009));
#4727=VECTOR('',#4728,1.0);
#4728=DIRECTION('',(1.0,0.0,0.0));
#4729=ORIENTED_EDGE('',*,*,#4730,.T.);
#4730=EDGE_CURVE('',#4723,#4731,#4733,.T.);
#4731=VERTEX_POINT('',#4732);
#4732=CARTESIAN_POINT('',(0.679906237,-1.493694698,-0.010000009));
#4733=LINE('',#4734,#4735);
#4734=CARTESIAN_POINT('',(0.781672951,-1.188394703,-0.010000009));
#4735=VECTOR('',#4736,1.0);
#4736=DIRECTION('',(-0.316227902,-0.948683253,0.0));
#4737=ORIENTED_EDGE('',*,*,#4738,.T.);
#4738=EDGE_CURVE('',#4731,#4681,#4739,.T.);
#4739=LINE('',#4740,#4741);
#4740=CARTESIAN_POINT('',(0.679906237,-1.493694698,-0.010000009));
#4741=VECTOR('',#4742,1.0);
#4742=DIRECTION('',(-1.0,0.0,0.0));
#4743=FACE_BOUND('',#4744,.T.);
#4744=EDGE_LOOP('',(#4745,#4755,#4763));
#4745=ORIENTED_EDGE('',*,*,#4746,.T.);
#4746=EDGE_CURVE('',#4747,#4749,#4751,.T.);
#4747=VERTEX_POINT('',#4748);
#4748=CARTESIAN_POINT('',(0.711708272,-1.292326613,-0.010000009));
#4749=VERTEX_POINT('',#4750);
#4750=CARTESIAN_POINT('',(0.597220774,-1.292326613,-0.010000009));
#4751=LINE('',#4752,#4753);
#4752=CARTESIAN_POINT('',(0.711708272,-1.292326613,-0.010000009));
#4753=VECTOR('',#4754,1.0);
#4754=DIRECTION('',(-1.0,0.0,0.0));
#4755=ORIENTED_EDGE('',*,*,#4756,.T.);
#4756=EDGE_CURVE('',#4749,#4757,#4759,.T.);
#4757=VERTEX_POINT('',#4758);
#4758=CARTESIAN_POINT('',(0.654464523,-1.467711723,-0.010000009));
#4759=LINE('',#4760,#4761);
#4760=CARTESIAN_POINT('',(0.597220774,-1.292326613,-0.010000009));
#4761=VECTOR('',#4762,1.0);
#4762=DIRECTION('',(0.310280021,-0.950645206,0.0));
#4763=ORIENTED_EDGE('',*,*,#4764,.T.);
#4764=EDGE_CURVE('',#4757,#4747,#4765,.T.);
#4765=LINE('',#4766,#4767);
#4766=CARTESIAN_POINT('',(0.654464523,-1.467711723,-0.010000009));
#4767=VECTOR('',#4768,1.0);
#4768=DIRECTION('',(0.310280021,0.950645206,0.0));
#4769=PLANE('',#4770);
#4770=AXIS2_PLACEMENT_3D('',#4771,#4772,#4773);
#4771=CARTESIAN_POINT('',(0.0,-0.332994719,-0.010000009));
#4772=DIRECTION('',(0.0,0.0,-1.0));
#4773=DIRECTION('',(1.0,0.0,0.0));
#4774=ADVANCED_FACE('',(#4775),#4791,.T.);
#4775=FACE_BOUND('',#4776,.T.);
#4776=EDGE_LOOP('',(#4777,#4783,#4784,#4790));
#4777=ORIENTED_EDGE('',*,*,#4778,.T.);
#4778=EDGE_CURVE('',#838,#4040,#4779,.T.);
#4779=LINE('',#4780,#4781);
#4780=CARTESIAN_POINT('',(-0.146947926,-1.266343638,-9.258973643E-09));
#4781=VECTOR('',#4782,1.0);
#4782=DIRECTION('',(0.0,0.0,-1.0));
#4783=ORIENTED_EDGE('',*,*,#4344,.F.);
#4784=ORIENTED_EDGE('',*,*,#4785,.T.);
#4785=EDGE_CURVE('',#4337,#541,#4786,.F.);
#4786=LINE('',#4787,#4788);
#4787=CARTESIAN_POINT('',(-0.108785427,-1.266343638,-9.258973643E-09));
#4788=VECTOR('',#4789,1.0);
#4789=DIRECTION('',(0.0,0.0,-1.0));
#4790=ORIENTED_EDGE('',*,*,#845,.F.);
#4791=PLANE('',#4792);
#4792=AXIS2_PLACEMENT_3D('',#4793,#4794,#4795);
#4793=CARTESIAN_POINT('',(-0.108785427,-1.266343638,-9.258973643E-09));
#4794=DIRECTION('',(0.0,-1.0,0.0));
#4795=DIRECTION('',(-1.0,0.0,0.0));
#4796=ADVANCED_FACE('',(#4797),#4808,.T.);
#4797=FACE_BOUND('',#4798,.T.);
#4798=EDGE_LOOP('',(#4799,#4800,#4801,#4807));
#4799=ORIENTED_EDGE('',*,*,#4785,.F.);
#4800=ORIENTED_EDGE('',*,*,#4336,.F.);
#4801=ORIENTED_EDGE('',*,*,#4802,.T.);
#4802=EDGE_CURVE('',#4329,#543,#4803,.F.);
#4803=LINE('',#4804,#4805);
#4804=CARTESIAN_POINT('',(-0.115145819,-1.233864914,-9.258973643E-09));
#4805=VECTOR('',#4806,1.0);
#4806=DIRECTION('',(0.0,0.0,-1.0));
#4807=ORIENTED_EDGE('',*,*,#540,.F.);
#4808=PLANE('',#4809);
#4809=AXIS2_PLACEMENT_3D('',#4810,#4811,#4812);
#4810=CARTESIAN_POINT('',(-0.115145819,-1.233864914,-9.258973643E-09));
#4811=DIRECTION('',(0.981359278,0.192182121,0.0));
#4812=DIRECTION('',(0.192182121,-0.981359278,0.0));
#4813=ADVANCED_FACE('',(#4814),#4825,.T.);
#4814=FACE_BOUND('',#4815,.T.);
#4815=EDGE_LOOP('',(#4816,#4817,#4818,#4824));
#4816=ORIENTED_EDGE('',*,*,#4802,.F.);
#4817=ORIENTED_EDGE('',*,*,#4328,.F.);
#4818=ORIENTED_EDGE('',*,*,#4819,.T.);
#4819=EDGE_CURVE('',#4321,#551,#4820,.F.);
#4820=LINE('',#4821,#4822);
#4821=CARTESIAN_POINT('',(-0.140587497,-1.207881937,-9.258973643E-09));
#4822=VECTOR('',#4823,1.0);
#4823=DIRECTION('',(0.0,0.0,-1.0));
#4824=ORIENTED_EDGE('',*,*,#550,.F.);
#4825=PLANE('',#4826);
#4826=AXIS2_PLACEMENT_3D('',#4827,#4828,#4829);
#4827=CARTESIAN_POINT('',(-0.140587497,-1.207881937,-9.258973643E-09));
#4828=DIRECTION('',(0.714510249,0.699624974,0.0));
#4829=DIRECTION('',(0.699624974,-0.714510249,0.0));
#4830=ADVANCED_FACE('',(#4831),#4842,.T.);
#4831=FACE_BOUND('',#4832,.T.);
#4832=EDGE_LOOP('',(#4833,#4834,#4835,#4841));
#4833=ORIENTED_EDGE('',*,*,#4819,.F.);
#4834=ORIENTED_EDGE('',*,*,#4320,.F.);
#4835=ORIENTED_EDGE('',*,*,#4836,.T.);
#4836=EDGE_CURVE('',#4313,#559,#4837,.F.);
#4837=LINE('',#4838,#4839);
#4838=CARTESIAN_POINT('',(-0.166029176,-1.194890448,-9.258973643E-09));
#4839=VECTOR('',#4840,1.0);
#4840=DIRECTION('',(0.0,0.0,-1.0));
#4841=ORIENTED_EDGE('',*,*,#558,.F.);
#4842=PLANE('',#4843);
#4843=AXIS2_PLACEMENT_3D('',#4844,#4845,#4846);
#4844=CARTESIAN_POINT('',(-0.166029176,-1.194890448,-9.258973643E-09));
#4845=DIRECTION('',(0.454776989,0.890605351,0.0));
#4846=DIRECTION('',(0.890605351,-0.454776989,0.0));
#4847=ADVANCED_FACE('',(#4848),#4859,.T.);
#4848=FACE_BOUND('',#4849,.T.);
#4849=EDGE_LOOP('',(#4850,#4851,#4852,#4858));
#4850=ORIENTED_EDGE('',*,*,#4836,.F.);
#4851=ORIENTED_EDGE('',*,*,#4312,.F.);
#4852=ORIENTED_EDGE('',*,*,#4853,.T.);
#4853=EDGE_CURVE('',#4305,#567,#4854,.F.);
#4854=LINE('',#4855,#4856);
#4855=CARTESIAN_POINT('',(-0.197831246,-1.188394703,-9.258973643E-09));
#4856=VECTOR('',#4857,1.0);
#4857=DIRECTION('',(0.0,0.0,-1.0));
#4858=ORIENTED_EDGE('',*,*,#566,.F.);
#4859=PLANE('',#4860);
#4860=AXIS2_PLACEMENT_3D('',#4861,#4862,#4863);
#4861=CARTESIAN_POINT('',(-0.197831246,-1.188394703,-9.258973643E-09));
#4862=DIRECTION('',(0.200123445,0.979770691,0.0));
#4863=DIRECTION('',(0.979770691,-0.200123445,0.0));
#4864=ADVANCED_FACE('',(#4865),#4876,.T.);
#4865=FACE_BOUND('',#4866,.T.);
#4866=EDGE_LOOP('',(#4867,#4868,#4869,#4875));
#4867=ORIENTED_EDGE('',*,*,#4853,.F.);
#4868=ORIENTED_EDGE('',*,*,#4304,.F.);
#4869=ORIENTED_EDGE('',*,*,#4870,.T.);
#4870=EDGE_CURVE('',#4297,#575,#4871,.F.);
#4871=LINE('',#4872,#4873);
#4872=CARTESIAN_POINT('',(-0.255074995,-1.188394703,-9.258973643E-09));
#4873=VECTOR('',#4874,1.0);
#4874=DIRECTION('',(0.0,0.0,-1.0));
#4875=ORIENTED_EDGE('',*,*,#574,.F.);
#4876=PLANE('',#4877);
#4877=AXIS2_PLACEMENT_3D('',#4878,#4879,#4880);
#4878=CARTESIAN_POINT('',(-0.255074995,-1.188394703,-9.258973643E-09));
#4879=DIRECTION('',(0.0,1.0,0.0));
#4880=DIRECTION('',(1.0,0.0,0.0));
#4881=ADVANCED_FACE('',(#4882),#4893,.T.);
#4882=FACE_BOUND('',#4883,.T.);
#4883=EDGE_LOOP('',(#4884,#4885,#4886,#4892));
#4884=ORIENTED_EDGE('',*,*,#4870,.F.);
#4885=ORIENTED_EDGE('',*,*,#4296,.F.);
#4886=ORIENTED_EDGE('',*,*,#4887,.T.);
#4887=EDGE_CURVE('',#4289,#583,#4888,.F.);
#4888=LINE('',#4889,#4890);
#4889=CARTESIAN_POINT('',(-0.286877066,-1.194890448,-9.258973643E-09));
#4890=VECTOR('',#4891,1.0);
#4891=DIRECTION('',(0.0,0.0,-1.0));
#4892=ORIENTED_EDGE('',*,*,#582,.F.);
#4893=PLANE('',#4894);
#4894=AXIS2_PLACEMENT_3D('',#4895,#4896,#4897);
#4895=CARTESIAN_POINT('',(-0.286877066,-1.194890448,-9.258973643E-09));
#4896=DIRECTION('',(-0.200123445,0.979770691,0.0));
#4897=DIRECTION('',(0.979770691,0.200123445,0.0));
#4898=ADVANCED_FACE('',(#4899),#4910,.T.);
#4899=FACE_BOUND('',#4900,.T.);
#4900=EDGE_LOOP('',(#4901,#4902,#4903,#4909));
#4901=ORIENTED_EDGE('',*,*,#4887,.F.);
#4902=ORIENTED_EDGE('',*,*,#4288,.F.);
#4903=ORIENTED_EDGE('',*,*,#4904,.T.);
#4904=EDGE_CURVE('',#4281,#591,#4905,.F.);
#4905=LINE('',#4906,#4907);
#4906=CARTESIAN_POINT('',(-0.312318744,-1.207881937,-9.258973643E-09));
#4907=VECTOR('',#4908,1.0);
#4908=DIRECTION('',(0.0,0.0,-1.0));
#4909=ORIENTED_EDGE('',*,*,#590,.F.);
#4910=PLANE('',#4911);
#4911=AXIS2_PLACEMENT_3D('',#4912,#4913,#4914);
#4912=CARTESIAN_POINT('',(-0.312318744,-1.207881937,-9.258973643E-09));
#4913=DIRECTION('',(-0.454776989,0.890605351,0.0));
#4914=DIRECTION('',(0.890605351,0.454776989,0.0));
#4915=ADVANCED_FACE('',(#4916),#4927,.T.);
#4916=FACE_BOUND('',#4917,.T.);
#4917=EDGE_LOOP('',(#4918,#4919,#4920,#4926));
#4918=ORIENTED_EDGE('',*,*,#4904,.F.);
#4919=ORIENTED_EDGE('',*,*,#4280,.F.);
#4920=ORIENTED_EDGE('',*,*,#4921,.T.);
#4921=EDGE_CURVE('',#4273,#599,#4922,.F.);
#4922=LINE('',#4923,#4924);
#4923=CARTESIAN_POINT('',(-0.337760404,-1.233864914,-9.258973643E-09));
#4924=VECTOR('',#4925,1.0);
#4925=DIRECTION('',(0.0,0.0,-1.0));
#4926=ORIENTED_EDGE('',*,*,#598,.F.);
#4927=PLANE('',#4928);
#4928=AXIS2_PLACEMENT_3D('',#4929,#4930,#4931);
#4929=CARTESIAN_POINT('',(-0.337760404,-1.233864914,-9.258973643E-09));
#4930=DIRECTION('',(-0.714510499,0.699624719,0.0));
#4931=DIRECTION('',(0.699624719,0.714510499,0.0));
#4932=ADVANCED_FACE('',(#4933),#4939,.T.);
#4933=FACE_BOUND('',#4934,.T.);
#4934=EDGE_LOOP('',(#4935,#4936,#4937,#4938));
#4935=ORIENTED_EDGE('',*,*,#4921,.F.);
#4936=ORIENTED_EDGE('',*,*,#4272,.F.);
#4937=ORIENTED_EDGE('',*,*,#56,.F.);
#4938=ORIENTED_EDGE('',*,*,#606,.F.);
#4939=PLANE('',#4940);
#4940=AXIS2_PLACEMENT_3D('',#4941,#4942,#4943);
#4941=CARTESIAN_POINT('',(-0.350481244,-1.259847894,-9.258973643E-09));
#4942=DIRECTION('',(-0.898138045,0.439713603,0.0));
#4943=DIRECTION('',(0.439713603,0.898138045,0.0));
#4944=ADVANCED_FACE('',(#4945),#4956,.T.);
#4945=FACE_BOUND('',#4946,.T.);
#4946=EDGE_LOOP('',(#4947,#4953,#4954,#4955));
#4947=ORIENTED_EDGE('',*,*,#4948,.T.);
#4948=EDGE_CURVE('',#830,#4042,#4949,.T.);
#4949=LINE('',#4950,#4951);
#4950=CARTESIAN_POINT('',(-0.153308318,-1.246856407,-9.258973643E-09));
#4951=VECTOR('',#4952,1.0);
#4952=DIRECTION('',(0.0,0.0,-1.0));
#4953=ORIENTED_EDGE('',*,*,#4039,.F.);
#4954=ORIENTED_EDGE('',*,*,#4778,.F.);
#4955=ORIENTED_EDGE('',*,*,#837,.F.);
#4956=PLANE('',#4957);
#4957=AXIS2_PLACEMENT_3D('',#4958,#4959,#4960);
#4958=CARTESIAN_POINT('',(-0.146947926,-1.266343638,-9.258973643E-09));
#4959=DIRECTION('',(-0.950645541,-0.310278995,0.0));
#4960=DIRECTION('',(-0.310278995,0.950645541,0.0));
#4961=ADVANCED_FACE('',(#4962),#4973,.T.);
#4962=FACE_BOUND('',#4963,.T.);
#4963=EDGE_LOOP('',(#4964,#4970,#4971,#4972));
#4964=ORIENTED_EDGE('',*,*,#4965,.T.);
#4965=EDGE_CURVE('',#822,#4050,#4966,.T.);
#4966=LINE('',#4967,#4968);
#4967=CARTESIAN_POINT('',(-0.172389568,-1.233864914,-9.258973643E-09));
#4968=VECTOR('',#4969,1.0);
#4969=DIRECTION('',(0.0,0.0,-1.0));
#4970=ORIENTED_EDGE('',*,*,#4049,.F.);
#4971=ORIENTED_EDGE('',*,*,#4948,.F.);
#4972=ORIENTED_EDGE('',*,*,#829,.F.);
#4973=PLANE('',#4974);
#4974=AXIS2_PLACEMENT_3D('',#4975,#4976,#4977);
#4975=CARTESIAN_POINT('',(-0.153308318,-1.246856407,-9.258973643E-09));
#4976=DIRECTION('',(-0.562791066,-0.826599187,0.0));
#4977=DIRECTION('',(-0.826599187,0.562791066,0.0));
#4978=ADVANCED_FACE('',(#4979),#4990,.T.);
#4979=FACE_BOUND('',#4980,.T.);
#4980=EDGE_LOOP('',(#4981,#4987,#4988,#4989));
#4981=ORIENTED_EDGE('',*,*,#4982,.T.);
#4982=EDGE_CURVE('',#814,#4058,#4983,.T.);
#4983=LINE('',#4984,#4985);
#4984=CARTESIAN_POINT('',(-0.197831246,-1.227369171,-9.258973643E-09));
#4985=VECTOR('',#4986,1.0);
#4986=DIRECTION('',(0.0,0.0,-1.0));
#4987=ORIENTED_EDGE('',*,*,#4057,.F.);
#4988=ORIENTED_EDGE('',*,*,#4965,.F.);
#4989=ORIENTED_EDGE('',*,*,#821,.F.);
#4990=PLANE('',#4991);
#4991=AXIS2_PLACEMENT_3D('',#4992,#4993,#4994);
#4992=CARTESIAN_POINT('',(-0.172389568,-1.233864914,-9.258973643E-09));
#4993=DIRECTION('',(-0.247383107,-0.968917746,0.0));
#4994=DIRECTION('',(-0.968917746,0.247383107,0.0));
#4995=ADVANCED_FACE('',(#4996),#5007,.T.);
#4996=FACE_BOUND('',#4997,.T.);
#4997=EDGE_LOOP('',(#4998,#5004,#5005,#5006));
#4998=ORIENTED_EDGE('',*,*,#4999,.T.);
#4999=EDGE_CURVE('',#806,#4066,#5000,.T.);
#5000=LINE('',#5001,#5002);
#5001=CARTESIAN_POINT('',(-0.255074995,-1.227369171,-9.258973643E-09));
#5002=VECTOR('',#5003,1.0);
#5003=DIRECTION('',(0.0,0.0,-1.0));
#5004=ORIENTED_EDGE('',*,*,#4065,.F.);
#5005=ORIENTED_EDGE('',*,*,#4982,.F.);
#5006=ORIENTED_EDGE('',*,*,#813,.F.);
#5007=PLANE('',#5008);
#5008=AXIS2_PLACEMENT_3D('',#5009,#5010,#5011);
#5009=CARTESIAN_POINT('',(-0.197831246,-1.227369171,-9.258973643E-09));
#5010=DIRECTION('',(0.0,-1.0,0.0));
#5011=DIRECTION('',(-1.0,0.0,0.0));
#5012=ADVANCED_FACE('',(#5013),#5024,.T.);
#5013=FACE_BOUND('',#5014,.T.);
#5014=EDGE_LOOP('',(#5015,#5021,#5022,#5023));
#5015=ORIENTED_EDGE('',*,*,#5016,.T.);
#5016=EDGE_CURVE('',#798,#4074,#5017,.T.);
#5017=LINE('',#5018,#5019);
#5018=CARTESIAN_POINT('',(-0.280516674,-1.233864914,-9.258973643E-09));
#5019=VECTOR('',#5020,1.0);
#5020=DIRECTION('',(0.0,0.0,-1.0));
#5021=ORIENTED_EDGE('',*,*,#4073,.F.);
#5022=ORIENTED_EDGE('',*,*,#4999,.F.);
#5023=ORIENTED_EDGE('',*,*,#805,.F.);
#5024=PLANE('',#5025);
#5025=AXIS2_PLACEMENT_3D('',#5026,#5027,#5028);
#5026=CARTESIAN_POINT('',(-0.255074995,-1.227369171,-9.258973643E-09));
#5027=DIRECTION('',(0.247383107,-0.968917746,0.0));
#5028=DIRECTION('',(-0.968917746,-0.247383107,0.0));
#5029=ADVANCED_FACE('',(#5030),#5041,.T.);
#5030=FACE_BOUND('',#5031,.T.);
#5031=EDGE_LOOP('',(#5032,#5038,#5039,#5040));
#5032=ORIENTED_EDGE('',*,*,#5033,.T.);
#5033=EDGE_CURVE('',#790,#4082,#5034,.T.);
#5034=LINE('',#5035,#5036);
#5035=CARTESIAN_POINT('',(-0.299597923,-1.246856407,-9.258973643E-09));
#5036=VECTOR('',#5037,1.0);
#5037=DIRECTION('',(0.0,0.0,-1.0));
#5038=ORIENTED_EDGE('',*,*,#4081,.F.);
#5039=ORIENTED_EDGE('',*,*,#5016,.F.);
#5040=ORIENTED_EDGE('',*,*,#797,.F.);
#5041=PLANE('',#5042);
#5042=AXIS2_PLACEMENT_3D('',#5043,#5044,#5045);
#5043=CARTESIAN_POINT('',(-0.280516674,-1.233864914,-9.258973643E-09));
#5044=DIRECTION('',(0.562791066,-0.826599187,0.0));
#5045=DIRECTION('',(-0.826599187,-0.562791066,0.0));
#5046=ADVANCED_FACE('',(#5047),#5058,.T.);
#5047=FACE_BOUND('',#5048,.T.);
#5048=EDGE_LOOP('',(#5049,#5055,#5056,#5057));
#5049=ORIENTED_EDGE('',*,*,#5050,.T.);
#5050=EDGE_CURVE('',#782,#4090,#5051,.T.);
#5051=LINE('',#5052,#5053);
#5052=CARTESIAN_POINT('',(-0.312318744,-1.266343638,-9.258973643E-09));
#5053=VECTOR('',#5054,1.0);
#5054=DIRECTION('',(0.0,0.0,-1.0));
#5055=ORIENTED_EDGE('',*,*,#4089,.F.);
#5056=ORIENTED_EDGE('',*,*,#5033,.F.);
#5057=ORIENTED_EDGE('',*,*,#789,.F.);
#5058=PLANE('',#5059);
#5059=AXIS2_PLACEMENT_3D('',#5060,#5061,#5062);
#5060=CARTESIAN_POINT('',(-0.299597923,-1.246856407,-9.258973643E-09));
#5061=DIRECTION('',(0.837379359,-0.546622181,0.0));
#5062=DIRECTION('',(-0.546622181,-0.837379359,0.0));
#5063=ADVANCED_FACE('',(#5064),#5075,.T.);
#5064=FACE_BOUND('',#5065,.T.);
#5065=EDGE_LOOP('',(#5066,#5072,#5073,#5074));
#5066=ORIENTED_EDGE('',*,*,#5067,.T.);
#5067=EDGE_CURVE('',#774,#4098,#5068,.T.);
#5068=LINE('',#5069,#5070);
#5069=CARTESIAN_POINT('',(-0.318679173,-1.292326613,-9.258973643E-09));
#5070=VECTOR('',#5071,1.0);
#5071=DIRECTION('',(0.0,0.0,-1.0));
#5072=ORIENTED_EDGE('',*,*,#4097,.F.);
#5073=ORIENTED_EDGE('',*,*,#5050,.F.);
#5074=ORIENTED_EDGE('',*,*,#781,.F.);
#5075=PLANE('',#5076);
#5076=AXIS2_PLACEMENT_3D('',#5077,#5078,#5079);
#5077=CARTESIAN_POINT('',(-0.312318744,-1.266343638,-9.258973643E-09));
#5078=DIRECTION('',(0.971321049,-0.23777178,0.0));
#5079=DIRECTION('',(-0.23777178,-0.971321049,0.0));
#5080=ADVANCED_FACE('',(#5081),#5092,.T.);
#5081=FACE_BOUND('',#5082,.T.);
#5082=EDGE_LOOP('',(#5083,#5089,#5090,#5091));
#5083=ORIENTED_EDGE('',*,*,#5084,.T.);
#5084=EDGE_CURVE('',#766,#4106,#5085,.T.);
#5085=LINE('',#5086,#5087);
#5086=CARTESIAN_POINT('',(-0.318679173,-1.389762779,-9.258973643E-09));
#5087=VECTOR('',#5088,1.0);
#5088=DIRECTION('',(0.0,0.0,-1.0));
#5089=ORIENTED_EDGE('',*,*,#4105,.F.);
#5090=ORIENTED_EDGE('',*,*,#5067,.F.);
#5091=ORIENTED_EDGE('',*,*,#773,.F.);
#5092=PLANE('',#5093);
#5093=AXIS2_PLACEMENT_3D('',#5094,#5095,#5096);
#5094=CARTESIAN_POINT('',(-0.318679173,-1.292326613,-9.258973643E-09));
#5095=DIRECTION('',(1.0,0.0,0.0));
#5096=DIRECTION('',(0.0,-1.0,0.0));
#5097=ADVANCED_FACE('',(#5098),#5109,.T.);
#5098=FACE_BOUND('',#5099,.T.);
#5099=EDGE_LOOP('',(#5100,#5106,#5107,#5108));
#5100=ORIENTED_EDGE('',*,*,#5101,.T.);
#5101=EDGE_CURVE('',#758,#4114,#5102,.T.);
#5102=LINE('',#5103,#5104);
#5103=CARTESIAN_POINT('',(-0.312318744,-1.415745754,-9.258973643E-09));
#5104=VECTOR('',#5105,1.0);
#5105=DIRECTION('',(0.0,0.0,-1.0));
#5106=ORIENTED_EDGE('',*,*,#4113,.F.);
#5107=ORIENTED_EDGE('',*,*,#5084,.F.);
#5108=ORIENTED_EDGE('',*,*,#765,.F.);
#5109=PLANE('',#5110);
#5110=AXIS2_PLACEMENT_3D('',#5111,#5112,#5113);
#5111=CARTESIAN_POINT('',(-0.318679173,-1.389762779,-9.258973643E-09));
#5112=DIRECTION('',(0.971321049,0.23777178,0.0));
#5113=DIRECTION('',(0.23777178,-0.971321049,0.0));
#5114=ADVANCED_FACE('',(#5115),#5126,.T.);
#5115=FACE_BOUND('',#5116,.T.);
#5116=EDGE_LOOP('',(#5117,#5123,#5124,#5125));
#5117=ORIENTED_EDGE('',*,*,#5118,.T.);
#5118=EDGE_CURVE('',#750,#4122,#5119,.T.);
#5119=LINE('',#5120,#5121);
#5120=CARTESIAN_POINT('',(-0.299597923,-1.435233004,-9.258973643E-09));
#5121=VECTOR('',#5122,1.0);
#5122=DIRECTION('',(0.0,0.0,-1.0));
#5123=ORIENTED_EDGE('',*,*,#4121,.F.);
#5124=ORIENTED_EDGE('',*,*,#5101,.F.);
#5125=ORIENTED_EDGE('',*,*,#757,.F.);
#5126=PLANE('',#5127);
#5127=AXIS2_PLACEMENT_3D('',#5128,#5129,#5130);
#5128=CARTESIAN_POINT('',(-0.312318744,-1.415745754,-9.258973643E-09));
#5129=DIRECTION('',(0.837379593,0.546621823,0.0));
#5130=DIRECTION('',(0.546621823,-0.837379593,0.0));
#5131=ADVANCED_FACE('',(#5132),#5143,.T.);
#5132=FACE_BOUND('',#5133,.T.);
#5133=EDGE_LOOP('',(#5134,#5140,#5141,#5142));
#5134=ORIENTED_EDGE('',*,*,#5135,.T.);
#5135=EDGE_CURVE('',#742,#4130,#5136,.T.);
#5136=LINE('',#5137,#5138);
#5137=CARTESIAN_POINT('',(-0.280516674,-1.448224491,-9.258973643E-09));
#5138=VECTOR('',#5139,1.0);
#5139=DIRECTION('',(0.0,0.0,-1.0));
#5140=ORIENTED_EDGE('',*,*,#4129,.F.);
#5141=ORIENTED_EDGE('',*,*,#5118,.F.);
#5142=ORIENTED_EDGE('',*,*,#749,.F.);
#5143=PLANE('',#5144);
#5144=AXIS2_PLACEMENT_3D('',#5145,#5146,#5147);
#5145=CARTESIAN_POINT('',(-0.299597923,-1.435233004,-9.258973643E-09));
#5146=DIRECTION('',(0.562790931,0.826599279,0.0));
#5147=DIRECTION('',(0.826599279,-0.562790931,0.0));
#5148=ADVANCED_FACE('',(#5149),#5160,.T.);
#5149=FACE_BOUND('',#5150,.T.);
#5150=EDGE_LOOP('',(#5151,#5157,#5158,#5159));
#5151=ORIENTED_EDGE('',*,*,#5152,.T.);
#5152=EDGE_CURVE('',#734,#4138,#5153,.T.);
#5153=LINE('',#5154,#5155);
#5154=CARTESIAN_POINT('',(-0.255074995,-1.454720235,-9.258973643E-09));
#5155=VECTOR('',#5156,1.0);
#5156=DIRECTION('',(0.0,0.0,-1.0));
#5157=ORIENTED_EDGE('',*,*,#4137,.F.);
#5158=ORIENTED_EDGE('',*,*,#5135,.F.);
#5159=ORIENTED_EDGE('',*,*,#741,.F.);
#5160=PLANE('',#5161);
#5161=AXIS2_PLACEMENT_3D('',#5162,#5163,#5164);
#5162=CARTESIAN_POINT('',(-0.280516674,-1.448224491,-9.258973643E-09));
#5163=DIRECTION('',(0.247383107,0.968917746,0.0));
#5164=DIRECTION('',(0.968917746,-0.247383107,0.0));
#5165=ADVANCED_FACE('',(#5166),#5177,.T.);
#5166=FACE_BOUND('',#5167,.T.);
#5167=EDGE_LOOP('',(#5168,#5174,#5175,#5176));
#5168=ORIENTED_EDGE('',*,*,#5169,.T.);
#5169=EDGE_CURVE('',#726,#4146,#5170,.T.);
#5170=LINE('',#5171,#5172);
#5171=CARTESIAN_POINT('',(-0.197831246,-1.454720235,-9.258973643E-09));
#5172=VECTOR('',#5173,1.0);
#5173=DIRECTION('',(0.0,0.0,-1.0));
#5174=ORIENTED_EDGE('',*,*,#4145,.F.);
#5175=ORIENTED_EDGE('',*,*,#5152,.F.);
#5176=ORIENTED_EDGE('',*,*,#733,.F.);
#5177=PLANE('',#5178);
#5178=AXIS2_PLACEMENT_3D('',#5179,#5180,#5181);
#5179=CARTESIAN_POINT('',(-0.255074995,-1.454720235,-9.258973643E-09));
#5180=DIRECTION('',(0.0,1.0,0.0));
#5181=DIRECTION('',(1.0,0.0,0.0));
#5182=ADVANCED_FACE('',(#5183),#5194,.T.);
#5183=FACE_BOUND('',#5184,.T.);
#5184=EDGE_LOOP('',(#5185,#5191,#5192,#5193));
#5185=ORIENTED_EDGE('',*,*,#5186,.T.);
#5186=EDGE_CURVE('',#718,#4154,#5187,.T.);
#5187=LINE('',#5188,#5189);
#5188=CARTESIAN_POINT('',(-0.172389568,-1.448224491,-9.258973643E-09));
#5189=VECTOR('',#5190,1.0);
#5190=DIRECTION('',(0.0,0.0,-1.0));
#5191=ORIENTED_EDGE('',*,*,#4153,.F.);
#5192=ORIENTED_EDGE('',*,*,#5169,.F.);
#5193=ORIENTED_EDGE('',*,*,#725,.F.);
#5194=PLANE('',#5195);
#5195=AXIS2_PLACEMENT_3D('',#5196,#5197,#5198);
#5196=CARTESIAN_POINT('',(-0.197831246,-1.454720235,-9.258973643E-09));
#5197=DIRECTION('',(-0.247383107,0.968917746,0.0));
#5198=DIRECTION('',(0.968917746,0.247383107,0.0));
#5199=ADVANCED_FACE('',(#5200),#5211,.T.);
#5200=FACE_BOUND('',#5201,.T.);
#5201=EDGE_LOOP('',(#5202,#5208,#5209,#5210));
#5202=ORIENTED_EDGE('',*,*,#5203,.T.);
#5203=EDGE_CURVE('',#710,#4162,#5204,.T.);
#5204=LINE('',#5205,#5206);
#5205=CARTESIAN_POINT('',(-0.153308318,-1.435233004,-9.258973643E-09));
#5206=VECTOR('',#5207,1.0);
#5207=DIRECTION('',(0.0,0.0,-1.0));
#5208=ORIENTED_EDGE('',*,*,#4161,.F.);
#5209=ORIENTED_EDGE('',*,*,#5186,.F.);
#5210=ORIENTED_EDGE('',*,*,#717,.F.);
#5211=PLANE('',#5212);
#5212=AXIS2_PLACEMENT_3D('',#5213,#5214,#5215);
#5213=CARTESIAN_POINT('',(-0.172389568,-1.448224491,-9.258973643E-09));
#5214=DIRECTION('',(-0.562790931,0.826599279,0.0));
#5215=DIRECTION('',(0.826599279,0.562790931,0.0));
#5216=ADVANCED_FACE('',(#5217),#5228,.T.);
#5217=FACE_BOUND('',#5218,.T.);
#5218=EDGE_LOOP('',(#5219,#5225,#5226,#5227));
#5219=ORIENTED_EDGE('',*,*,#5220,.T.);
#5220=EDGE_CURVE('',#702,#4170,#5221,.T.);
#5221=LINE('',#5222,#5223);
#5222=CARTESIAN_POINT('',(-0.146947926,-1.415745754,-9.258973643E-09));
#5223=VECTOR('',#5224,1.0);
#5224=DIRECTION('',(0.0,0.0,-1.0));
#5225=ORIENTED_EDGE('',*,*,#4169,.F.);
#5226=ORIENTED_EDGE('',*,*,#5203,.F.);
#5227=ORIENTED_EDGE('',*,*,#709,.F.);
#5228=PLANE('',#5229);
#5229=AXIS2_PLACEMENT_3D('',#5230,#5231,#5232);
#5230=CARTESIAN_POINT('',(-0.153308318,-1.435233004,-9.258973643E-09));
#5231=DIRECTION('',(-0.950645627,0.310278733,0.0));
#5232=DIRECTION('',(0.310278733,0.950645627,0.0));
#5233=ADVANCED_FACE('',(#5234),#5245,.T.);
#5234=FACE_BOUND('',#5235,.T.);
#5235=EDGE_LOOP('',(#5236,#5242,#5243,#5244));
#5236=ORIENTED_EDGE('',*,*,#5237,.T.);
#5237=EDGE_CURVE('',#694,#4178,#5238,.T.);
#5238=LINE('',#5239,#5240);
#5239=CARTESIAN_POINT('',(-0.108785427,-1.415745754,-9.258973643E-09));
#5240=VECTOR('',#5241,1.0);
#5241=DIRECTION('',(0.0,0.0,-1.0));
#5242=ORIENTED_EDGE('',*,*,#4177,.F.);
#5243=ORIENTED_EDGE('',*,*,#5220,.F.);
#5244=ORIENTED_EDGE('',*,*,#701,.F.);
#5245=PLANE('',#5246);
#5246=AXIS2_PLACEMENT_3D('',#5247,#5248,#5249);
#5247=CARTESIAN_POINT('',(-0.146947926,-1.415745754,-9.258973643E-09));
#5248=DIRECTION('',(0.0,1.0,0.0));
#5249=DIRECTION('',(1.0,0.0,0.0));
#5250=ADVANCED_FACE('',(#5251),#5262,.T.);
#5251=FACE_BOUND('',#5252,.T.);
#5252=EDGE_LOOP('',(#5253,#5259,#5260,#5261));
#5253=ORIENTED_EDGE('',*,*,#5254,.T.);
#5254=EDGE_CURVE('',#686,#4186,#5255,.T.);
#5255=LINE('',#5256,#5257);
#5256=CARTESIAN_POINT('',(-0.115145819,-1.448224491,-9.258973643E-09));
#5257=VECTOR('',#5258,1.0);
#5258=DIRECTION('',(0.0,0.0,-1.0));
#5259=ORIENTED_EDGE('',*,*,#4185,.F.);
#5260=ORIENTED_EDGE('',*,*,#5237,.F.);
#5261=ORIENTED_EDGE('',*,*,#693,.F.);
#5262=PLANE('',#5263);
#5263=AXIS2_PLACEMENT_3D('',#5264,#5265,#5266);
#5264=CARTESIAN_POINT('',(-0.108785427,-1.415745754,-9.258973643E-09));
#5265=DIRECTION('',(0.981359293,-0.192182044,0.0));
#5266=DIRECTION('',(-0.192182044,-0.981359293,0.0));
#5267=ADVANCED_FACE('',(#5268),#5279,.T.);
#5268=FACE_BOUND('',#5269,.T.);
#5269=EDGE_LOOP('',(#5270,#5276,#5277,#5278));
#5270=ORIENTED_EDGE('',*,*,#5271,.T.);
#5271=EDGE_CURVE('',#678,#4194,#5272,.T.);
#5272=LINE('',#5273,#5274);
#5273=CARTESIAN_POINT('',(-0.140587497,-1.474207466,-9.258973643E-09));
#5274=VECTOR('',#5275,1.0);
#5275=DIRECTION('',(0.0,0.0,-1.0));
#5276=ORIENTED_EDGE('',*,*,#4193,.F.);
#5277=ORIENTED_EDGE('',*,*,#5254,.F.);
#5278=ORIENTED_EDGE('',*,*,#685,.F.);
#5279=PLANE('',#5280);
#5280=AXIS2_PLACEMENT_3D('',#5281,#5282,#5283);
#5281=CARTESIAN_POINT('',(-0.115145819,-1.448224491,-9.258973643E-09));
#5282=DIRECTION('',(0.714510218,-0.699625006,0.0));
#5283=DIRECTION('',(-0.699625006,-0.714510218,0.0));
#5284=ADVANCED_FACE('',(#5285),#5296,.T.);
#5285=FACE_BOUND('',#5286,.T.);
#5286=EDGE_LOOP('',(#5287,#5293,#5294,#5295));
#5287=ORIENTED_EDGE('',*,*,#5288,.T.);
#5288=EDGE_CURVE('',#670,#4202,#5289,.T.);
#5289=LINE('',#5290,#5291);
#5290=CARTESIAN_POINT('',(-0.166029176,-1.487198954,-9.258973643E-09));
#5291=VECTOR('',#5292,1.0);
#5292=DIRECTION('',(0.0,0.0,-1.0));
#5293=ORIENTED_EDGE('',*,*,#4201,.F.);
#5294=ORIENTED_EDGE('',*,*,#5271,.F.);
#5295=ORIENTED_EDGE('',*,*,#677,.F.);
#5296=PLANE('',#5297);
#5297=AXIS2_PLACEMENT_3D('',#5298,#5299,#5300);
#5298=CARTESIAN_POINT('',(-0.140587497,-1.474207466,-9.258973643E-09));
#5299=DIRECTION('',(0.454776942,-0.890605375,0.0));
#5300=DIRECTION('',(-0.890605375,-0.454776942,0.0));
#5301=ADVANCED_FACE('',(#5302),#5313,.T.);
#5302=FACE_BOUND('',#5303,.T.);
#5303=EDGE_LOOP('',(#5304,#5310,#5311,#5312));
#5304=ORIENTED_EDGE('',*,*,#5305,.T.);
#5305=EDGE_CURVE('',#662,#4210,#5306,.T.);
#5306=LINE('',#5307,#5308);
#5307=CARTESIAN_POINT('',(-0.197831246,-1.493694698,-9.258973643E-09));
#5308=VECTOR('',#5309,1.0);
#5309=DIRECTION('',(0.0,0.0,-1.0));
#5310=ORIENTED_EDGE('',*,*,#4209,.F.);
#5311=ORIENTED_EDGE('',*,*,#5288,.F.);
#5312=ORIENTED_EDGE('',*,*,#669,.F.);
#5313=PLANE('',#5314);
#5314=AXIS2_PLACEMENT_3D('',#5315,#5316,#5317);
#5315=CARTESIAN_POINT('',(-0.166029176,-1.487198954,-9.258973643E-09));
#5316=DIRECTION('',(0.200123428,-0.979770694,0.0));
#5317=DIRECTION('',(-0.979770694,-0.200123428,0.0));
#5318=ADVANCED_FACE('',(#5319),#5330,.T.);
#5319=FACE_BOUND('',#5320,.T.);
#5320=EDGE_LOOP('',(#5321,#5327,#5328,#5329));
#5321=ORIENTED_EDGE('',*,*,#5322,.T.);
#5322=EDGE_CURVE('',#654,#4218,#5323,.T.);
#5323=LINE('',#5324,#5325);
#5324=CARTESIAN_POINT('',(-0.255074995,-1.493694698,-9.258973643E-09));
#5325=VECTOR('',#5326,1.0);
#5326=DIRECTION('',(0.0,0.0,-1.0));
#5327=ORIENTED_EDGE('',*,*,#4217,.F.);
#5328=ORIENTED_EDGE('',*,*,#5305,.F.);
#5329=ORIENTED_EDGE('',*,*,#661,.F.);
#5330=PLANE('',#5331);
#5331=AXIS2_PLACEMENT_3D('',#5332,#5333,#5334);
#5332=CARTESIAN_POINT('',(-0.197831246,-1.493694698,-9.258973643E-09));
#5333=DIRECTION('',(0.0,-1.0,0.0));
#5334=DIRECTION('',(-1.0,0.0,0.0));
#5335=ADVANCED_FACE('',(#5336),#5347,.T.);
#5336=FACE_BOUND('',#5337,.T.);
#5337=EDGE_LOOP('',(#5338,#5344,#5345,#5346));
#5338=ORIENTED_EDGE('',*,*,#5339,.T.);
#5339=EDGE_CURVE('',#646,#4226,#5340,.T.);
#5340=LINE('',#5341,#5342);
#5341=CARTESIAN_POINT('',(-0.286877066,-1.487198954,-9.258973643E-09));
#5342=VECTOR('',#5343,1.0);
#5343=DIRECTION('',(0.0,0.0,-1.0));
#5344=ORIENTED_EDGE('',*,*,#4225,.F.);
#5345=ORIENTED_EDGE('',*,*,#5322,.F.);
#5346=ORIENTED_EDGE('',*,*,#653,.F.);
#5347=PLANE('',#5348);
#5348=AXIS2_PLACEMENT_3D('',#5349,#5350,#5351);
#5349=CARTESIAN_POINT('',(-0.255074995,-1.493694698,-9.258973643E-09));
#5350=DIRECTION('',(-0.200123428,-0.979770694,0.0));
#5351=DIRECTION('',(-0.979770694,0.200123428,0.0));
#5352=ADVANCED_FACE('',(#5353),#5364,.T.);
#5353=FACE_BOUND('',#5354,.T.);
#5354=EDGE_LOOP('',(#5355,#5361,#5362,#5363));
#5355=ORIENTED_EDGE('',*,*,#5356,.T.);
#5356=EDGE_CURVE('',#638,#4234,#5357,.T.);
#5357=LINE('',#5358,#5359);
#5358=CARTESIAN_POINT('',(-0.312318744,-1.474207466,-9.258973643E-09));
#5359=VECTOR('',#5360,1.0);
#5360=DIRECTION('',(1.110223025E-14,0.0,-1.0));
#5361=ORIENTED_EDGE('',*,*,#4233,.F.);
#5362=ORIENTED_EDGE('',*,*,#5339,.F.);
#5363=ORIENTED_EDGE('',*,*,#645,.F.);
#5364=PLANE('',#5365);
#5365=AXIS2_PLACEMENT_3D('',#5366,#5367,#5368);
#5366=CARTESIAN_POINT('',(-0.286877066,-1.487198954,-9.258973643E-09));
#5367=DIRECTION('',(-0.454776942,-0.890605375,0.0));
#5368=DIRECTION('',(-0.890605375,0.454776942,0.0));
#5369=ADVANCED_FACE('',(#5370),#5381,.T.);
#5370=FACE_BOUND('',#5371,.T.);
#5371=EDGE_LOOP('',(#5372,#5378,#5379,#5380));
#5372=ORIENTED_EDGE('',*,*,#5373,.T.);
#5373=EDGE_CURVE('',#630,#4242,#5374,.T.);
#5374=LINE('',#5375,#5376);
#5375=CARTESIAN_POINT('',(-0.337760404,-1.448224491,-9.258973643E-09));
#5376=VECTOR('',#5377,1.0);
#5377=DIRECTION('',(0.0,0.0,-1.0));
#5378=ORIENTED_EDGE('',*,*,#4241,.F.);
#5379=ORIENTED_EDGE('',*,*,#5356,.F.);
#5380=ORIENTED_EDGE('',*,*,#637,.F.);
#5381=PLANE('',#5382);
#5382=AXIS2_PLACEMENT_3D('',#5383,#5384,#5385);
#5383=CARTESIAN_POINT('',(-0.312318744,-1.474207466,-9.258973643E-09));
#5384=DIRECTION('',(-0.714510468,-0.69962475,0.0));
#5385=DIRECTION('',(-0.69962475,0.714510468,0.0));
#5386=ADVANCED_FACE('',(#5387),#5398,.T.);
#5387=FACE_BOUND('',#5388,.T.);
#5388=EDGE_LOOP('',(#5389,#5395,#5396,#5397));
#5389=ORIENTED_EDGE('',*,*,#5390,.T.);
#5390=EDGE_CURVE('',#622,#4250,#5391,.T.);
#5391=LINE('',#5392,#5393);
#5392=CARTESIAN_POINT('',(-0.350481244,-1.422241516,-9.258973643E-09));
#5393=VECTOR('',#5394,1.0);
#5394=DIRECTION('',(0.0,0.0,-1.0));
#5395=ORIENTED_EDGE('',*,*,#4249,.F.);
#5396=ORIENTED_EDGE('',*,*,#5373,.F.);
#5397=ORIENTED_EDGE('',*,*,#629,.F.);
#5398=PLANE('',#5399);
#5399=AXIS2_PLACEMENT_3D('',#5400,#5401,#5402);
#5400=CARTESIAN_POINT('',(-0.337760404,-1.448224491,-9.258973643E-09));
#5401=DIRECTION('',(-0.898138014,-0.439713665,0.0));
#5402=DIRECTION('',(-0.439713665,0.898138014,0.0));
#5403=ADVANCED_FACE('',(#5404),#5415,.T.);
#5404=FACE_BOUND('',#5405,.T.);
#5405=EDGE_LOOP('',(#5406,#5412,#5413,#5414));
#5406=ORIENTED_EDGE('',*,*,#5407,.T.);
#5407=EDGE_CURVE('',#614,#4258,#5408,.T.);
#5408=LINE('',#5409,#5410);
#5409=CARTESIAN_POINT('',(-0.356841654,-1.389762779,-9.258973643E-09));
#5410=VECTOR('',#5411,1.0);
#5411=DIRECTION('',(0.0,0.0,-1.0));
#5412=ORIENTED_EDGE('',*,*,#4257,.F.);
#5413=ORIENTED_EDGE('',*,*,#5390,.F.);
#5414=ORIENTED_EDGE('',*,*,#621,.F.);
#5415=PLANE('',#5416);
#5416=AXIS2_PLACEMENT_3D('',#5417,#5418,#5419);
#5417=CARTESIAN_POINT('',(-0.350481244,-1.422241516,-9.258973643E-09));
#5418=DIRECTION('',(-0.981359189,-0.192182573,0.0));
#5419=DIRECTION('',(-0.192182573,0.981359189,0.0));
#5420=ADVANCED_FACE('',(#5421),#5427,.T.);
#5421=FACE_BOUND('',#5422,.T.);
#5422=EDGE_LOOP('',(#5423,#5424,#5425,#5426));
#5423=ORIENTED_EDGE('',*,*,#74,.F.);
#5424=ORIENTED_EDGE('',*,*,#4265,.F.);
#5425=ORIENTED_EDGE('',*,*,#5407,.F.);
#5426=ORIENTED_EDGE('',*,*,#613,.F.);
#5427=PLANE('',#5428);
#5428=AXIS2_PLACEMENT_3D('',#5429,#5430,#5431);
#5429=CARTESIAN_POINT('',(-0.356841654,-1.389762779,-9.258973643E-09));
#5430=DIRECTION('',(-1.0,0.0,0.0));
#5431=DIRECTION('',(0.0,1.0,0.0));
#5432=ADVANCED_FACE('',(#5433),#5449,.T.);
#5433=FACE_BOUND('',#5434,.T.);
#5434=EDGE_LOOP('',(#5435,#5441,#5442,#5448));
#5435=ORIENTED_EDGE('',*,*,#5436,.T.);
#5436=EDGE_CURVE('',#936,#4359,#5437,.T.);
#5437=LINE('',#5438,#5439);
#5438=CARTESIAN_POINT('',(-0.019739607,-1.227369171,-9.258973643E-09));
#5439=VECTOR('',#5440,1.0);
#5440=DIRECTION('',(0.0,0.0,-1.0));
#5441=ORIENTED_EDGE('',*,*,#4448,.F.);
#5442=ORIENTED_EDGE('',*,*,#5443,.T.);
#5443=EDGE_CURVE('',#4441,#854,#5444,.F.);
#5444=LINE('',#5445,#5446);
#5445=CARTESIAN_POINT('',(0.171072889,-1.227369171,-9.258973643E-09));
#5446=VECTOR('',#5447,1.0);
#5447=DIRECTION('',(0.0,0.0,-1.0));
#5448=ORIENTED_EDGE('',*,*,#943,.F.);
#5449=PLANE('',#5450);
#5450=AXIS2_PLACEMENT_3D('',#5451,#5452,#5453);
#5451=CARTESIAN_POINT('',(0.171072889,-1.227369171,-9.258973643E-09));
#5452=DIRECTION('',(0.0,-1.0,0.0));
#5453=DIRECTION('',(-1.0,0.0,0.0));
#5454=ADVANCED_FACE('',(#5455),#5466,.T.);
#5455=FACE_BOUND('',#5456,.T.);
#5456=EDGE_LOOP('',(#5457,#5458,#5459,#5465));
#5457=ORIENTED_EDGE('',*,*,#5443,.F.);
#5458=ORIENTED_EDGE('',*,*,#4440,.F.);
#5459=ORIENTED_EDGE('',*,*,#5460,.T.);
#5460=EDGE_CURVE('',#4433,#856,#5461,.F.);
#5461=LINE('',#5462,#5463);
#5462=CARTESIAN_POINT('',(0.171072889,-1.188394703,-9.258973643E-09));
#5463=VECTOR('',#5464,1.0);
#5464=DIRECTION('',(0.0,0.0,-1.0));
#5465=ORIENTED_EDGE('',*,*,#853,.F.);
#5466=PLANE('',#5467);
#5467=AXIS2_PLACEMENT_3D('',#5468,#5469,#5470);
#5468=CARTESIAN_POINT('',(0.171072889,-1.188394703,-9.258973643E-09));
#5469=DIRECTION('',(1.0,0.0,0.0));
#5470=DIRECTION('',(0.0,-1.0,0.0));
#5471=ADVANCED_FACE('',(#5472),#5483,.T.);
#5472=FACE_BOUND('',#5473,.T.);
#5473=EDGE_LOOP('',(#5474,#5475,#5476,#5482));
#5474=ORIENTED_EDGE('',*,*,#5460,.F.);
#5475=ORIENTED_EDGE('',*,*,#4432,.F.);
#5476=ORIENTED_EDGE('',*,*,#5477,.T.);
#5477=EDGE_CURVE('',#4425,#864,#5478,.F.);
#5478=LINE('',#5479,#5480);
#5479=CARTESIAN_POINT('',(-0.05790207,-1.188394703,-9.258973643E-09));
#5480=VECTOR('',#5481,1.0);
#5481=DIRECTION('',(0.0,0.0,-1.0));
#5482=ORIENTED_EDGE('',*,*,#863,.F.);
#5483=PLANE('',#5484);
#5484=AXIS2_PLACEMENT_3D('',#5485,#5486,#5487);
#5485=CARTESIAN_POINT('',(-0.05790207,-1.188394703,-9.258973643E-09));
#5486=DIRECTION('',(0.0,1.0,0.0));
#5487=DIRECTION('',(1.0,0.0,0.0));
#5488=ADVANCED_FACE('',(#5489),#5500,.T.);
#5489=FACE_BOUND('',#5490,.T.);
#5490=EDGE_LOOP('',(#5491,#5492,#5493,#5499));
#5491=ORIENTED_EDGE('',*,*,#5477,.F.);
#5492=ORIENTED_EDGE('',*,*,#4424,.F.);
#5493=ORIENTED_EDGE('',*,*,#5494,.T.);
#5494=EDGE_CURVE('',#4417,#872,#5495,.F.);
#5495=LINE('',#5496,#5497);
#5496=CARTESIAN_POINT('',(-0.05790207,-1.493694698,-9.258973643E-09));
#5497=VECTOR('',#5498,1.0);
#5498=DIRECTION('',(0.0,0.0,-1.0));
#5499=ORIENTED_EDGE('',*,*,#871,.F.);
#5500=PLANE('',#5501);
#5501=AXIS2_PLACEMENT_3D('',#5502,#5503,#5504);
#5502=CARTESIAN_POINT('',(-0.05790207,-1.493694698,-9.258973643E-09));
#5503=DIRECTION('',(-1.0,0.0,0.0));
#5504=DIRECTION('',(0.0,1.0,0.0));
#5505=ADVANCED_FACE('',(#5506),#5517,.T.);
#5506=FACE_BOUND('',#5507,.T.);
#5507=EDGE_LOOP('',(#5508,#5509,#5510,#5516));
#5508=ORIENTED_EDGE('',*,*,#5494,.F.);
#5509=ORIENTED_EDGE('',*,*,#4416,.F.);
#5510=ORIENTED_EDGE('',*,*,#5511,.T.);
#5511=EDGE_CURVE('',#4409,#880,#5512,.F.);
#5512=LINE('',#5513,#5514);
#5513=CARTESIAN_POINT('',(0.171072889,-1.493694698,-9.258973643E-09));
#5514=VECTOR('',#5515,1.0);
#5515=DIRECTION('',(0.0,0.0,-1.0));
#5516=ORIENTED_EDGE('',*,*,#879,.F.);
#5517=PLANE('',#5518);
#5518=AXIS2_PLACEMENT_3D('',#5519,#5520,#5521);
#5519=CARTESIAN_POINT('',(0.171072889,-1.493694698,-9.258973643E-09));
#5520=DIRECTION('',(0.0,-1.0,0.0));
#5521=DIRECTION('',(-1.0,0.0,0.0));
#5522=ADVANCED_FACE('',(#5523),#5534,.T.);
#5523=FACE_BOUND('',#5524,.T.);
#5524=EDGE_LOOP('',(#5525,#5526,#5527,#5533));
#5525=ORIENTED_EDGE('',*,*,#5511,.F.);
#5526=ORIENTED_EDGE('',*,*,#4408,.F.);
#5527=ORIENTED_EDGE('',*,*,#5528,.T.);
#5528=EDGE_CURVE('',#4401,#888,#5529,.F.);
#5529=LINE('',#5530,#5531);
#5530=CARTESIAN_POINT('',(0.171072889,-1.454720235,-9.258973643E-09));
#5531=VECTOR('',#5532,1.0);
#5532=DIRECTION('',(0.0,0.0,-1.0));
#5533=ORIENTED_EDGE('',*,*,#887,.F.);
#5534=PLANE('',#5535);
#5535=AXIS2_PLACEMENT_3D('',#5536,#5537,#5538);
#5536=CARTESIAN_POINT('',(0.171072889,-1.454720235,-9.258973643E-09));
#5537=DIRECTION('',(1.0,0.0,0.0));
#5538=DIRECTION('',(0.0,-1.0,0.0));
#5539=ADVANCED_FACE('',(#5540),#5551,.T.);
#5540=FACE_BOUND('',#5541,.T.);
#5541=EDGE_LOOP('',(#5542,#5543,#5544,#5550));
#5542=ORIENTED_EDGE('',*,*,#5528,.F.);
#5543=ORIENTED_EDGE('',*,*,#4400,.F.);
#5544=ORIENTED_EDGE('',*,*,#5545,.T.);
#5545=EDGE_CURVE('',#4393,#896,#5546,.F.);
#5546=LINE('',#5547,#5548);
#5547=CARTESIAN_POINT('',(-0.019739607,-1.454720235,-9.258973643E-09));
#5548=VECTOR('',#5549,1.0);
#5549=DIRECTION('',(0.0,0.0,-1.0));
#5550=ORIENTED_EDGE('',*,*,#895,.F.);
#5551=PLANE('',#5552);
#5552=AXIS2_PLACEMENT_3D('',#5553,#5554,#5555);
#5553=CARTESIAN_POINT('',(-0.019739607,-1.454720235,-9.258973643E-09));
#5554=DIRECTION('',(0.0,1.0,0.0));
#5555=DIRECTION('',(1.0,0.0,0.0));
#5556=ADVANCED_FACE('',(#5557),#5568,.T.);
#5557=FACE_BOUND('',#5558,.T.);
#5558=EDGE_LOOP('',(#5559,#5560,#5561,#5567));
#5559=ORIENTED_EDGE('',*,*,#5545,.F.);
#5560=ORIENTED_EDGE('',*,*,#4392,.F.);
#5561=ORIENTED_EDGE('',*,*,#5562,.T.);
#5562=EDGE_CURVE('',#4385,#904,#5563,.F.);
#5563=LINE('',#5564,#5565);
#5564=CARTESIAN_POINT('',(-0.019739607,-1.370275548,-9.258973643E-09));
#5565=VECTOR('',#5566,1.0);
#5566=DIRECTION('',(0.0,0.0,-1.0));
#5567=ORIENTED_EDGE('',*,*,#903,.F.);
#5568=PLANE('',#5569);
#5569=AXIS2_PLACEMENT_3D('',#5570,#5571,#5572);
#5570=CARTESIAN_POINT('',(-0.019739607,-1.370275548,-9.258973643E-09));
#5571=DIRECTION('',(1.0,0.0,0.0));
#5572=DIRECTION('',(0.0,-1.0,0.0));
#5573=ADVANCED_FACE('',(#5574),#5585,.T.);
#5574=FACE_BOUND('',#5575,.T.);
#5575=EDGE_LOOP('',(#5576,#5577,#5578,#5584));
#5576=ORIENTED_EDGE('',*,*,#5562,.F.);
#5577=ORIENTED_EDGE('',*,*,#4384,.F.);
#5578=ORIENTED_EDGE('',*,*,#5579,.T.);
#5579=EDGE_CURVE('',#4377,#912,#5580,.F.);
#5580=LINE('',#5581,#5582);
#5581=CARTESIAN_POINT('',(0.145631247,-1.370275548,-9.258973643E-09));
#5582=VECTOR('',#5583,1.0);
#5583=DIRECTION('',(0.0,0.0,-1.0));
#5584=ORIENTED_EDGE('',*,*,#911,.F.);
#5585=PLANE('',#5586);
#5586=AXIS2_PLACEMENT_3D('',#5587,#5588,#5589);
#5587=CARTESIAN_POINT('',(0.145631247,-1.370275548,-9.258973643E-09));
#5588=DIRECTION('',(0.0,-1.0,0.0));
#5589=DIRECTION('',(-1.0,0.0,0.0));
#5590=ADVANCED_FACE('',(#5591),#5602,.T.);
#5591=FACE_BOUND('',#5592,.T.);
#5592=EDGE_LOOP('',(#5593,#5594,#5595,#5601));
#5593=ORIENTED_EDGE('',*,*,#5579,.F.);
#5594=ORIENTED_EDGE('',*,*,#4376,.F.);
#5595=ORIENTED_EDGE('',*,*,#5596,.T.);
#5596=EDGE_CURVE('',#4369,#920,#5597,.F.);
#5597=LINE('',#5598,#5599);
#5598=CARTESIAN_POINT('',(0.145631247,-1.331301085,-9.258973643E-09));
#5599=VECTOR('',#5600,1.0);
#5600=DIRECTION('',(0.0,0.0,-1.0));
#5601=ORIENTED_EDGE('',*,*,#919,.F.);
#5602=PLANE('',#5603);
#5603=AXIS2_PLACEMENT_3D('',#5604,#5605,#5606);
#5604=CARTESIAN_POINT('',(0.145631247,-1.331301085,-9.258973643E-09));
#5605=DIRECTION('',(1.0,0.0,0.0));
#5606=DIRECTION('',(0.0,-1.0,0.0));
#5607=ADVANCED_FACE('',(#5608),#5619,.T.);
#5608=FACE_BOUND('',#5609,.T.);
#5609=EDGE_LOOP('',(#5610,#5611,#5612,#5618));
#5610=ORIENTED_EDGE('',*,*,#5596,.F.);
#5611=ORIENTED_EDGE('',*,*,#4368,.F.);
#5612=ORIENTED_EDGE('',*,*,#5613,.T.);
#5613=EDGE_CURVE('',#4361,#928,#5614,.F.);
#5614=LINE('',#5615,#5616);
#5615=CARTESIAN_POINT('',(-0.019739607,-1.331301085,-9.258973643E-09));
#5616=VECTOR('',#5617,1.0);
#5617=DIRECTION('',(0.0,0.0,-1.0));
#5618=ORIENTED_EDGE('',*,*,#927,.F.);
#5619=PLANE('',#5620);
#5620=AXIS2_PLACEMENT_3D('',#5621,#5622,#5623);
#5621=CARTESIAN_POINT('',(-0.019739607,-1.331301085,-9.258973643E-09));
#5622=DIRECTION('',(0.0,1.0,0.0));
#5623=DIRECTION('',(1.0,0.0,0.0));
#5624=ADVANCED_FACE('',(#5625),#5631,.T.);
#5625=FACE_BOUND('',#5626,.T.);
#5626=EDGE_LOOP('',(#5627,#5628,#5629,#5630));
#5627=ORIENTED_EDGE('',*,*,#5613,.F.);
#5628=ORIENTED_EDGE('',*,*,#4358,.F.);
#5629=ORIENTED_EDGE('',*,*,#5436,.F.);
#5630=ORIENTED_EDGE('',*,*,#935,.F.);
#5631=PLANE('',#5632);
#5632=AXIS2_PLACEMENT_3D('',#5633,#5634,#5635);
#5633=CARTESIAN_POINT('',(-0.019739607,-1.227369171,-9.258973643E-09));
#5634=DIRECTION('',(1.0,0.0,0.0));
#5635=DIRECTION('',(0.0,-1.0,0.0));
#5636=ADVANCED_FACE('',(#5637),#5653,.T.);
#5637=FACE_BOUND('',#5638,.T.);
#5638=EDGE_LOOP('',(#5639,#5645,#5646,#5652));
#5639=ORIENTED_EDGE('',*,*,#5640,.T.);
#5640=EDGE_CURVE('',#1050,#4463,#5641,.T.);
#5641=LINE('',#5642,#5643);
#5642=CARTESIAN_POINT('',(0.221956246,-1.493694698,-9.258973643E-09));
#5643=VECTOR('',#5644,1.0);
#5644=DIRECTION('',(0.0,0.0,-1.0));
#5645=ORIENTED_EDGE('',*,*,#4568,.F.);
#5646=ORIENTED_EDGE('',*,*,#5647,.T.);
#5647=EDGE_CURVE('',#4561,#952,#5648,.F.);
#5648=LINE('',#5649,#5650);
#5649=CARTESIAN_POINT('',(0.374606243,-1.493694698,-9.258973643E-09));
#5650=VECTOR('',#5651,1.0);
#5651=DIRECTION('',(0.0,0.0,-1.0));
#5652=ORIENTED_EDGE('',*,*,#1057,.F.);
#5653=PLANE('',#5654);
#5654=AXIS2_PLACEMENT_3D('',#5655,#5656,#5657);
#5655=CARTESIAN_POINT('',(0.374606243,-1.493694698,-9.258973643E-09));
#5656=DIRECTION('',(0.0,-1.0,0.0));
#5657=DIRECTION('',(-1.0,0.0,0.0));
#5658=ADVANCED_FACE('',(#5659),#5670,.T.);
#5659=FACE_BOUND('',#5660,.T.);
#5660=EDGE_LOOP('',(#5661,#5662,#5663,#5669));
#5661=ORIENTED_EDGE('',*,*,#5647,.F.);
#5662=ORIENTED_EDGE('',*,*,#4560,.F.);
#5663=ORIENTED_EDGE('',*,*,#5664,.T.);
#5664=EDGE_CURVE('',#4553,#954,#5665,.F.);
#5665=LINE('',#5666,#5667);
#5666=CARTESIAN_POINT('',(0.40640835,-1.487198954,-9.258973643E-09));
#5667=VECTOR('',#5668,1.0);
#5668=DIRECTION('',(1.665334537E-14,0.0,-1.0));
#5669=ORIENTED_EDGE('',*,*,#951,.F.);
#5670=PLANE('',#5671);
#5671=AXIS2_PLACEMENT_3D('',#5672,#5673,#5674);
#5672=CARTESIAN_POINT('',(0.40640835,-1.487198954,-9.258973643E-09));
#5673=DIRECTION('',(0.200123208,-0.979770739,0.0));
#5674=DIRECTION('',(-0.979770739,-0.200123208,0.0));
#5675=ADVANCED_FACE('',(#5676),#5687,.T.);
#5676=FACE_BOUND('',#5677,.T.);
#5677=EDGE_LOOP('',(#5678,#5679,#5680,#5686));
#5678=ORIENTED_EDGE('',*,*,#5664,.F.);
#5679=ORIENTED_EDGE('',*,*,#4552,.F.);
#5680=ORIENTED_EDGE('',*,*,#5681,.T.);
#5681=EDGE_CURVE('',#4545,#962,#5682,.F.);
#5682=LINE('',#5683,#5684);
#5683=CARTESIAN_POINT('',(0.431849992,-1.474207466,-9.258973643E-09));
#5684=VECTOR('',#5685,1.0);
#5685=DIRECTION('',(0.0,0.0,-1.0));
#5686=ORIENTED_EDGE('',*,*,#961,.F.);
#5687=PLANE('',#5688);
#5688=AXIS2_PLACEMENT_3D('',#5689,#5690,#5691);
#5689=CARTESIAN_POINT('',(0.431849992,-1.474207466,-9.258973643E-09));
#5690=DIRECTION('',(0.454777458,-0.890605111,0.0));
#5691=DIRECTION('',(-0.890605111,-0.454777458,0.0));
#5692=ADVANCED_FACE('',(#5693),#5704,.T.);
#5693=FACE_BOUND('',#5694,.T.);
#5694=EDGE_LOOP('',(#5695,#5696,#5697,#5703));
#5695=ORIENTED_EDGE('',*,*,#5681,.F.);
#5696=ORIENTED_EDGE('',*,*,#4544,.F.);
#5697=ORIENTED_EDGE('',*,*,#5698,.T.);
#5698=EDGE_CURVE('',#4537,#970,#5699,.F.);
#5699=LINE('',#5700,#5701);
#5700=CARTESIAN_POINT('',(0.457291634,-1.448224491,-9.258973643E-09));
#5701=VECTOR('',#5702,1.0);
#5702=DIRECTION('',(0.0,0.0,-1.0));
#5703=ORIENTED_EDGE('',*,*,#969,.F.);
#5704=PLANE('',#5705);
#5705=AXIS2_PLACEMENT_3D('',#5706,#5707,#5708);
#5706=CARTESIAN_POINT('',(0.457291634,-1.448224491,-9.258973643E-09));
#5707=DIRECTION('',(0.714510718,-0.699624495,0.0));
#5708=DIRECTION('',(-0.699624495,-0.714510718,0.0));
#5709=ADVANCED_FACE('',(#5710),#5721,.T.);
#5710=FACE_BOUND('',#5711,.T.);
#5711=EDGE_LOOP('',(#5712,#5713,#5714,#5720));
#5712=ORIENTED_EDGE('',*,*,#5698,.F.);
#5713=ORIENTED_EDGE('',*,*,#4536,.F.);
#5714=ORIENTED_EDGE('',*,*,#5715,.T.);
#5715=EDGE_CURVE('',#4529,#978,#5716,.F.);
#5716=LINE('',#5717,#5718);
#5717=CARTESIAN_POINT('',(0.470012491,-1.422241516,-9.258973643E-09));
#5718=VECTOR('',#5719,1.0);
#5719=DIRECTION('',(0.0,0.0,-1.0));
#5720=ORIENTED_EDGE('',*,*,#977,.F.);
#5721=PLANE('',#5722);
#5722=AXIS2_PLACEMENT_3D('',#5723,#5724,#5725);
#5723=CARTESIAN_POINT('',(0.470012491,-1.422241516,-9.258973643E-09));
#5724=DIRECTION('',(0.898137766,-0.439714172,0.0));
#5725=DIRECTION('',(-0.439714172,-0.898137766,0.0));
#5726=ADVANCED_FACE('',(#5727),#5738,.T.);
#5727=FACE_BOUND('',#5728,.T.);
#5728=EDGE_LOOP('',(#5729,#5730,#5731,#5737));
#5729=ORIENTED_EDGE('',*,*,#5715,.F.);
#5730=ORIENTED_EDGE('',*,*,#4528,.F.);
#5731=ORIENTED_EDGE('',*,*,#5732,.T.);
#5732=EDGE_CURVE('',#4521,#986,#5733,.F.);
#5733=LINE('',#5734,#5735);
#5734=CARTESIAN_POINT('',(0.476372884,-1.389762779,-9.258973643E-09));
#5735=VECTOR('',#5736,1.0);
#5736=DIRECTION('',(0.0,0.0,-1.0));
#5737=ORIENTED_EDGE('',*,*,#985,.F.);
#5738=PLANE('',#5739);
#5739=AXIS2_PLACEMENT_3D('',#5740,#5741,#5742);
#5740=CARTESIAN_POINT('',(0.476372884,-1.389762779,-9.258973643E-09));
#5741=DIRECTION('',(0.981359293,-0.192182044,0.0));
#5742=DIRECTION('',(-0.192182044,-0.981359293,0.0));
#5743=ADVANCED_FACE('',(#5744),#5755,.T.);
#5744=FACE_BOUND('',#5745,.T.);
#5745=EDGE_LOOP('',(#5746,#5747,#5748,#5754));
#5746=ORIENTED_EDGE('',*,*,#5732,.F.);
#5747=ORIENTED_EDGE('',*,*,#4520,.F.);
#5748=ORIENTED_EDGE('',*,*,#5749,.T.);
#5749=EDGE_CURVE('',#4513,#994,#5750,.F.);
#5750=LINE('',#5751,#5752);
#5751=CARTESIAN_POINT('',(0.476372884,-1.292326613,-9.258973643E-09));
#5752=VECTOR('',#5753,1.0);
#5753=DIRECTION('',(0.0,0.0,-1.0));
#5754=ORIENTED_EDGE('',*,*,#993,.F.);
#5755=PLANE('',#5756);
#5756=AXIS2_PLACEMENT_3D('',#5757,#5758,#5759);
#5757=CARTESIAN_POINT('',(0.476372884,-1.292326613,-9.258973643E-09));
#5758=DIRECTION('',(1.0,0.0,0.0));
#5759=DIRECTION('',(0.0,-1.0,0.0));
#5760=ADVANCED_FACE('',(#5761),#5772,.T.);
#5761=FACE_BOUND('',#5762,.T.);
#5762=EDGE_LOOP('',(#5763,#5764,#5765,#5771));
#5763=ORIENTED_EDGE('',*,*,#5749,.F.);
#5764=ORIENTED_EDGE('',*,*,#4512,.F.);
#5765=ORIENTED_EDGE('',*,*,#5766,.T.);
#5766=EDGE_CURVE('',#4505,#1002,#5767,.F.);
#5767=LINE('',#5768,#5769);
#5768=CARTESIAN_POINT('',(0.470012491,-1.259847894,-9.258973643E-09));
#5769=VECTOR('',#5770,1.0);
#5770=DIRECTION('',(0.0,0.0,-1.0));
#5771=ORIENTED_EDGE('',*,*,#1001,.F.);
#5772=PLANE('',#5773);
#5773=AXIS2_PLACEMENT_3D('',#5774,#5775,#5776);
#5774=CARTESIAN_POINT('',(0.470012491,-1.259847894,-9.258973643E-09));
#5775=DIRECTION('',(0.981359273,0.192182147,0.0));
#5776=DIRECTION('',(0.192182147,-0.981359273,0.0));
#5777=ADVANCED_FACE('',(#5778),#5789,.T.);
#5778=FACE_BOUND('',#5779,.T.);
#5779=EDGE_LOOP('',(#5780,#5781,#5782,#5788));
#5780=ORIENTED_EDGE('',*,*,#5766,.F.);
#5781=ORIENTED_EDGE('',*,*,#4504,.F.);
#5782=ORIENTED_EDGE('',*,*,#5783,.T.);
#5783=EDGE_CURVE('',#4497,#1010,#5784,.F.);
#5784=LINE('',#5785,#5786);
#5785=CARTESIAN_POINT('',(0.457291634,-1.233864914,-9.258973643E-09));
#5786=VECTOR('',#5787,1.0);
#5787=DIRECTION('',(0.0,0.0,-1.0));
#5788=ORIENTED_EDGE('',*,*,#1009,.F.);
#5789=PLANE('',#5790);
#5790=AXIS2_PLACEMENT_3D('',#5791,#5792,#5793);
#5791=CARTESIAN_POINT('',(0.457291634,-1.233864914,-9.258973643E-09));
#5792=DIRECTION('',(0.898137796,0.43971411,0.0));
#5793=DIRECTION('',(0.43971411,-0.898137796,0.0));
#5794=ADVANCED_FACE('',(#5795),#5806,.T.);
#5795=FACE_BOUND('',#5796,.T.);
#5796=EDGE_LOOP('',(#5797,#5798,#5799,#5805));
#5797=ORIENTED_EDGE('',*,*,#5783,.F.);
#5798=ORIENTED_EDGE('',*,*,#4496,.F.);
#5799=ORIENTED_EDGE('',*,*,#5800,.T.);
#5800=EDGE_CURVE('',#4489,#1018,#5801,.F.);
#5801=LINE('',#5802,#5803);
#5802=CARTESIAN_POINT('',(0.431849992,-1.207881937,-9.258973643E-09));
#5803=VECTOR('',#5804,1.0);
#5804=DIRECTION('',(0.0,0.0,-1.0));
#5805=ORIENTED_EDGE('',*,*,#1017,.F.);
#5806=PLANE('',#5807);
#5807=AXIS2_PLACEMENT_3D('',#5808,#5809,#5810);
#5808=CARTESIAN_POINT('',(0.431849992,-1.207881937,-9.258973643E-09));
#5809=DIRECTION('',(0.714510749,0.699624463,0.0));
#5810=DIRECTION('',(0.699624463,-0.714510749,0.0));
#5811=ADVANCED_FACE('',(#5812),#5823,.T.);
#5812=FACE_BOUND('',#5813,.T.);
#5813=EDGE_LOOP('',(#5814,#5815,#5816,#5822));
#5814=ORIENTED_EDGE('',*,*,#5800,.F.);
#5815=ORIENTED_EDGE('',*,*,#4488,.F.);
#5816=ORIENTED_EDGE('',*,*,#5817,.T.);
#5817=EDGE_CURVE('',#4481,#1026,#5818,.F.);
#5818=LINE('',#5819,#5820);
#5819=CARTESIAN_POINT('',(0.40640835,-1.194890448,-9.258973643E-09));
#5820=VECTOR('',#5821,1.0);
#5821=DIRECTION('',(0.0,0.0,-1.0));
#5822=ORIENTED_EDGE('',*,*,#1025,.F.);
#5823=PLANE('',#5824);
#5824=AXIS2_PLACEMENT_3D('',#5825,#5826,#5827);
#5825=CARTESIAN_POINT('',(0.40640835,-1.194890448,-9.258973643E-09));
#5826=DIRECTION('',(0.454777505,0.890605087,0.0));
#5827=DIRECTION('',(0.890605087,-0.454777505,0.0));
#5828=ADVANCED_FACE('',(#5829),#5840,.T.);
#5829=FACE_BOUND('',#5830,.T.);
#5830=EDGE_LOOP('',(#5831,#5832,#5833,#5839));
#5831=ORIENTED_EDGE('',*,*,#5817,.F.);
#5832=ORIENTED_EDGE('',*,*,#4480,.F.);
#5833=ORIENTED_EDGE('',*,*,#5834,.T.);
#5834=EDGE_CURVE('',#4473,#1034,#5835,.F.);
#5835=LINE('',#5836,#5837);
#5836=CARTESIAN_POINT('',(0.374606243,-1.188394703,-9.258973643E-09));
#5837=VECTOR('',#5838,1.0);
#5838=DIRECTION('',(0.0,0.0,-1.0));
#5839=ORIENTED_EDGE('',*,*,#1033,.F.);
#5840=PLANE('',#5841);
#5841=AXIS2_PLACEMENT_3D('',#5842,#5843,#5844);
#5842=CARTESIAN_POINT('',(0.374606243,-1.188394703,-9.258973643E-09));
#5843=DIRECTION('',(0.200123225,0.979770736,0.0));
#5844=DIRECTION('',(0.979770736,-0.200123225,0.0));
#5845=ADVANCED_FACE('',(#5846),#5857,.T.);
#5846=FACE_BOUND('',#5847,.T.);
#5847=EDGE_LOOP('',(#5848,#5849,#5850,#5856));
#5848=ORIENTED_EDGE('',*,*,#5834,.F.);
#5849=ORIENTED_EDGE('',*,*,#4472,.F.);
#5850=ORIENTED_EDGE('',*,*,#5851,.T.);
#5851=EDGE_CURVE('',#4465,#1042,#5852,.F.);
#5852=LINE('',#5853,#5854);
#5853=CARTESIAN_POINT('',(0.221956246,-1.188394703,-9.258973643E-09));
#5854=VECTOR('',#5855,1.0);
#5855=DIRECTION('',(0.0,0.0,-1.0));
#5856=ORIENTED_EDGE('',*,*,#1041,.F.);
#5857=PLANE('',#5858);
#5858=AXIS2_PLACEMENT_3D('',#5859,#5860,#5861);
#5859=CARTESIAN_POINT('',(0.221956246,-1.188394703,-9.258973643E-09));
#5860=DIRECTION('',(0.0,1.0,0.0));
#5861=DIRECTION('',(1.0,0.0,0.0));
#5862=ADVANCED_FACE('',(#5863),#5869,.T.);
#5863=FACE_BOUND('',#5864,.T.);
#5864=EDGE_LOOP('',(#5865,#5866,#5867,#5868));
#5865=ORIENTED_EDGE('',*,*,#5851,.F.);
#5866=ORIENTED_EDGE('',*,*,#4462,.F.);
#5867=ORIENTED_EDGE('',*,*,#5640,.F.);
#5868=ORIENTED_EDGE('',*,*,#1049,.F.);
#5869=PLANE('',#5870);
#5870=AXIS2_PLACEMENT_3D('',#5871,#5872,#5873);
#5871=CARTESIAN_POINT('',(0.221956246,-1.493694698,-9.258973643E-09));
#5872=DIRECTION('',(-1.0,0.0,0.0));
#5873=DIRECTION('',(0.0,1.0,0.0));
#5874=ADVANCED_FACE('',(#5875),#5891,.T.);
#5875=FACE_BOUND('',#5876,.T.);
#5876=EDGE_LOOP('',(#5877,#5883,#5884,#5890));
#5877=ORIENTED_EDGE('',*,*,#5878,.T.);
#5878=EDGE_CURVE('',#1220,#4577,#5879,.T.);
#5879=LINE('',#5880,#5881);
#5880=CARTESIAN_POINT('',(0.374606243,-1.454720235,-9.258973643E-09));
#5881=VECTOR('',#5882,1.0);
#5882=DIRECTION('',(0.0,0.0,-1.0));
#5883=ORIENTED_EDGE('',*,*,#4666,.F.);
#5884=ORIENTED_EDGE('',*,*,#5885,.T.);
#5885=EDGE_CURVE('',#4659,#1138,#5886,.F.);
#5886=LINE('',#5887,#5888);
#5887=CARTESIAN_POINT('',(0.260118745,-1.454720235,-9.258973643E-09));
#5888=VECTOR('',#5889,1.0);
#5889=DIRECTION('',(0.0,0.0,-1.0));
#5890=ORIENTED_EDGE('',*,*,#1227,.F.);
#5891=PLANE('',#5892);
#5892=AXIS2_PLACEMENT_3D('',#5893,#5894,#5895);
#5893=CARTESIAN_POINT('',(0.260118745,-1.454720235,-9.258973643E-09));
#5894=DIRECTION('',(0.0,1.0,0.0));
#5895=DIRECTION('',(1.0,0.0,0.0));
#5896=ADVANCED_FACE('',(#5897),#5908,.T.);
#5897=FACE_BOUND('',#5898,.T.);
#5898=EDGE_LOOP('',(#5899,#5900,#5901,#5907));
#5899=ORIENTED_EDGE('',*,*,#5885,.F.);
#5900=ORIENTED_EDGE('',*,*,#4658,.F.);
#5901=ORIENTED_EDGE('',*,*,#5902,.T.);
#5902=EDGE_CURVE('',#4651,#1140,#5903,.F.);
#5903=LINE('',#5904,#5905);
#5904=CARTESIAN_POINT('',(0.260118745,-1.227369171,-9.258973643E-09));
#5905=VECTOR('',#5906,1.0);
#5906=DIRECTION('',(0.0,0.0,-1.0));
#5907=ORIENTED_EDGE('',*,*,#1137,.F.);
#5908=PLANE('',#5909);
#5909=AXIS2_PLACEMENT_3D('',#5910,#5911,#5912);
#5910=CARTESIAN_POINT('',(0.260118745,-1.227369171,-9.258973643E-09));
#5911=DIRECTION('',(1.0,0.0,0.0));
#5912=DIRECTION('',(0.0,-1.0,0.0));
#5913=ADVANCED_FACE('',(#5914),#5925,.T.);
#5914=FACE_BOUND('',#5915,.T.);
#5915=EDGE_LOOP('',(#5916,#5917,#5918,#5924));
#5916=ORIENTED_EDGE('',*,*,#5902,.F.);
#5917=ORIENTED_EDGE('',*,*,#4650,.F.);
#5918=ORIENTED_EDGE('',*,*,#5919,.T.);
#5919=EDGE_CURVE('',#4643,#1148,#5920,.F.);
#5920=LINE('',#5921,#5922);
#5921=CARTESIAN_POINT('',(0.374606243,-1.227369171,-9.258973643E-09));
#5922=VECTOR('',#5923,1.0);
#5923=DIRECTION('',(0.0,0.0,-1.0));
#5924=ORIENTED_EDGE('',*,*,#1147,.F.);
#5925=PLANE('',#5926);
#5926=AXIS2_PLACEMENT_3D('',#5927,#5928,#5929);
#5927=CARTESIAN_POINT('',(0.374606243,-1.227369171,-9.258973643E-09));
#5928=DIRECTION('',(0.0,-1.0,0.0));
#5929=DIRECTION('',(-1.0,0.0,0.0));
#5930=ADVANCED_FACE('',(#5931),#5942,.T.);
#5931=FACE_BOUND('',#5932,.T.);
#5932=EDGE_LOOP('',(#5933,#5934,#5935,#5941));
#5933=ORIENTED_EDGE('',*,*,#5919,.F.);
#5934=ORIENTED_EDGE('',*,*,#4642,.F.);
#5935=ORIENTED_EDGE('',*,*,#5936,.T.);
#5936=EDGE_CURVE('',#4635,#1156,#5937,.F.);
#5937=LINE('',#5938,#5939);
#5938=CARTESIAN_POINT('',(0.400047885,-1.233864914,-9.258973643E-09));
#5939=VECTOR('',#5940,1.0);
#5940=DIRECTION('',(0.0,0.0,-1.0));
#5941=ORIENTED_EDGE('',*,*,#1155,.F.);
#5942=PLANE('',#5943);
#5943=AXIS2_PLACEMENT_3D('',#5944,#5945,#5946);
#5944=CARTESIAN_POINT('',(0.400047885,-1.233864914,-9.258973643E-09));
#5945=DIRECTION('',(-0.247383439,-0.968917661,0.0));
#5946=DIRECTION('',(-0.968917661,0.247383439,0.0));
#5947=ADVANCED_FACE('',(#5948),#5959,.T.);
#5948=FACE_BOUND('',#5949,.T.);
#5949=EDGE_LOOP('',(#5950,#5951,#5952,#5958));
#5950=ORIENTED_EDGE('',*,*,#5936,.F.);
#5951=ORIENTED_EDGE('',*,*,#4634,.F.);
#5952=ORIENTED_EDGE('',*,*,#5953,.T.);
#5953=EDGE_CURVE('',#4627,#1164,#5954,.F.);
#5954=LINE('',#5955,#5956);
#5955=CARTESIAN_POINT('',(0.419129135,-1.246856407,-9.258973643E-09));
#5956=VECTOR('',#5957,1.0);
#5957=DIRECTION('',(0.0,0.0,-1.0));
#5958=ORIENTED_EDGE('',*,*,#1163,.F.);
#5959=PLANE('',#5960);
#5960=AXIS2_PLACEMENT_3D('',#5961,#5962,#5963);
#5961=CARTESIAN_POINT('',(0.419129135,-1.246856407,-9.258973643E-09));
#5962=DIRECTION('',(-0.562791066,-0.826599187,0.0));
#5963=DIRECTION('',(-0.826599187,0.562791066,0.0));
#5964=ADVANCED_FACE('',(#5965),#5976,.T.);
#5965=FACE_BOUND('',#5966,.T.);
#5966=EDGE_LOOP('',(#5967,#5968,#5969,#5975));
#5967=ORIENTED_EDGE('',*,*,#5953,.F.);
#5968=ORIENTED_EDGE('',*,*,#4626,.F.);
#5969=ORIENTED_EDGE('',*,*,#5970,.T.);
#5970=EDGE_CURVE('',#4619,#1172,#5971,.F.);
#5971=LINE('',#5972,#5973);
#5972=CARTESIAN_POINT('',(0.431849992,-1.266343638,-9.258973643E-09));
#5973=VECTOR('',#5974,1.0);
#5974=DIRECTION('',(0.0,0.0,-1.0));
#5975=ORIENTED_EDGE('',*,*,#1171,.F.);
#5976=PLANE('',#5977);
#5977=AXIS2_PLACEMENT_3D('',#5978,#5979,#5980);
#5978=CARTESIAN_POINT('',(0.431849992,-1.266343638,-9.258973643E-09));
#5979=DIRECTION('',(-0.837378643,-0.546623278,0.0));
#5980=DIRECTION('',(-0.546623278,0.837378643,0.0));
#5981=ADVANCED_FACE('',(#5982),#5993,.T.);
#5982=FACE_BOUND('',#5983,.T.);
#5983=EDGE_LOOP('',(#5984,#5985,#5986,#5992));
#5984=ORIENTED_EDGE('',*,*,#5970,.F.);
#5985=ORIENTED_EDGE('',*,*,#4618,.F.);
#5986=ORIENTED_EDGE('',*,*,#5987,.T.);
#5987=EDGE_CURVE('',#4611,#1180,#5988,.F.);
#5988=LINE('',#5989,#5990);
#5989=CARTESIAN_POINT('',(0.438210384,-1.292326613,-9.258973643E-09));
#5990=VECTOR('',#5991,1.0);
#5991=DIRECTION('',(0.0,-1.110223025E-14,-1.0));
#5992=ORIENTED_EDGE('',*,*,#1179,.F.);
#5993=PLANE('',#5994);
#5994=AXIS2_PLACEMENT_3D('',#5995,#5996,#5997);
#5995=CARTESIAN_POINT('',(0.438210384,-1.292326613,-9.258973643E-09));
#5996=DIRECTION('',(-0.971321363,-0.237770497,0.0));
#5997=DIRECTION('',(-0.237770497,0.971321363,0.0));
#5998=ADVANCED_FACE('',(#5999),#6010,.T.);
#5999=FACE_BOUND('',#6000,.T.);
#6000=EDGE_LOOP('',(#6001,#6002,#6003,#6009));
#6001=ORIENTED_EDGE('',*,*,#5987,.F.);
#6002=ORIENTED_EDGE('',*,*,#4610,.F.);
#6003=ORIENTED_EDGE('',*,*,#6004,.T.);
#6004=EDGE_CURVE('',#4603,#1188,#6005,.F.);
#6005=LINE('',#6006,#6007);
#6006=CARTESIAN_POINT('',(0.438210384,-1.389762779,-9.258973643E-09));
#6007=VECTOR('',#6008,1.0);
#6008=DIRECTION('',(0.0,0.0,-1.0));
#6009=ORIENTED_EDGE('',*,*,#1187,.F.);
#6010=PLANE('',#6011);
#6011=AXIS2_PLACEMENT_3D('',#6012,#6013,#6014);
#6012=CARTESIAN_POINT('',(0.438210384,-1.389762779,-9.258973643E-09));
#6013=DIRECTION('',(-1.0,0.0,0.0));
#6014=DIRECTION('',(0.0,1.0,0.0));
#6015=ADVANCED_FACE('',(#6016),#6027,.T.);
#6016=FACE_BOUND('',#6017,.T.);
#6017=EDGE_LOOP('',(#6018,#6019,#6020,#6026));
#6018=ORIENTED_EDGE('',*,*,#6004,.F.);
#6019=ORIENTED_EDGE('',*,*,#4602,.F.);
#6020=ORIENTED_EDGE('',*,*,#6021,.T.);
#6021=EDGE_CURVE('',#4595,#1196,#6022,.F.);
#6022=LINE('',#6023,#6024);
#6023=CARTESIAN_POINT('',(0.431849992,-1.415745754,-9.258973643E-09));
#6024=VECTOR('',#6025,1.0);
#6025=DIRECTION('',(0.0,0.0,-1.0));
#6026=ORIENTED_EDGE('',*,*,#1195,.F.);
#6027=PLANE('',#6028);
#6028=AXIS2_PLACEMENT_3D('',#6029,#6030,#6031);
#6029=CARTESIAN_POINT('',(0.431849992,-1.415745754,-9.258973643E-09));
#6030=DIRECTION('',(-0.971321363,0.237770497,0.0));
#6031=DIRECTION('',(0.237770497,0.971321363,0.0));
#6032=ADVANCED_FACE('',(#6033),#6044,.T.);
#6033=FACE_BOUND('',#6034,.T.);
#6034=EDGE_LOOP('',(#6035,#6036,#6037,#6043));
#6035=ORIENTED_EDGE('',*,*,#6021,.F.);
#6036=ORIENTED_EDGE('',*,*,#4594,.F.);
#6037=ORIENTED_EDGE('',*,*,#6038,.T.);
#6038=EDGE_CURVE('',#4587,#1204,#6039,.F.);
#6039=LINE('',#6040,#6041);
#6040=CARTESIAN_POINT('',(0.419129135,-1.435233004,-9.258973643E-09));
#6041=VECTOR('',#6042,1.0);
#6042=DIRECTION('',(0.0,0.0,-1.0));
#6043=ORIENTED_EDGE('',*,*,#1203,.F.);
#6044=PLANE('',#6045);
#6045=AXIS2_PLACEMENT_3D('',#6046,#6047,#6048);
#6046=CARTESIAN_POINT('',(0.419129135,-1.435233004,-9.258973643E-09));
#6047=DIRECTION('',(-0.837378877,0.54662292,0.0));
#6048=DIRECTION('',(0.54662292,0.837378877,0.0));
#6049=ADVANCED_FACE('',(#6050),#6061,.T.);
#6050=FACE_BOUND('',#6051,.T.);
#6051=EDGE_LOOP('',(#6052,#6053,#6054,#6060));
#6052=ORIENTED_EDGE('',*,*,#6038,.F.);
#6053=ORIENTED_EDGE('',*,*,#4586,.F.);
#6054=ORIENTED_EDGE('',*,*,#6055,.T.);
#6055=EDGE_CURVE('',#4579,#1212,#6056,.F.);
#6056=LINE('',#6057,#6058);
#6057=CARTESIAN_POINT('',(0.400047885,-1.448224491,-9.258973643E-09));
#6058=VECTOR('',#6059,1.0);
#6059=DIRECTION('',(0.0,0.0,-1.0));
#6060=ORIENTED_EDGE('',*,*,#1211,.F.);
#6061=PLANE('',#6062);
#6062=AXIS2_PLACEMENT_3D('',#6063,#6064,#6065);
#6063=CARTESIAN_POINT('',(0.400047885,-1.448224491,-9.258973643E-09));
#6064=DIRECTION('',(-0.562790931,0.826599279,0.0));
#6065=DIRECTION('',(0.826599279,0.562790931,0.0));
#6066=ADVANCED_FACE('',(#6067),#6073,.T.);
#6067=FACE_BOUND('',#6068,.T.);
#6068=EDGE_LOOP('',(#6069,#6070,#6071,#6072));
#6069=ORIENTED_EDGE('',*,*,#6055,.F.);
#6070=ORIENTED_EDGE('',*,*,#4576,.F.);
#6071=ORIENTED_EDGE('',*,*,#5878,.F.);
#6072=ORIENTED_EDGE('',*,*,#1219,.F.);
#6073=PLANE('',#6074);
#6074=AXIS2_PLACEMENT_3D('',#6075,#6076,#6077);
#6075=CARTESIAN_POINT('',(0.374606243,-1.454720235,-9.258973643E-09));
#6076=DIRECTION('',(-0.247383439,0.968917661,0.0));
#6077=DIRECTION('',(0.968917661,0.247383439,0.0));
#6078=ADVANCED_FACE('',(#6079),#6095,.T.);
#6079=FACE_BOUND('',#6080,.T.);
#6080=EDGE_LOOP('',(#6081,#6087,#6088,#6094));
#6081=ORIENTED_EDGE('',*,*,#6082,.T.);
#6082=EDGE_CURVE('',#1116,#4681,#6083,.T.);
#6083=LINE('',#6084,#6085);
#6084=CARTESIAN_POINT('',(0.629022954,-1.493694698,-9.258973643E-09));
#6085=VECTOR('',#6086,1.0);
#6086=DIRECTION('',(0.0,0.0,-1.0));
#6087=ORIENTED_EDGE('',*,*,#4738,.F.);
#6088=ORIENTED_EDGE('',*,*,#6089,.T.);
#6089=EDGE_CURVE('',#4731,#1066,#6090,.F.);
#6090=LINE('',#6091,#6092);
#6091=CARTESIAN_POINT('',(0.679906237,-1.493694698,-9.258973643E-09));
#6092=VECTOR('',#6093,1.0);
#6093=DIRECTION('',(1.110223025E-14,-2.220446049E-14,-1.0));
#6094=ORIENTED_EDGE('',*,*,#1123,.F.);
#6095=PLANE('',#6096);
#6096=AXIS2_PLACEMENT_3D('',#6097,#6098,#6099);
#6097=CARTESIAN_POINT('',(0.679906237,-1.493694698,-9.258973643E-09));
#6098=DIRECTION('',(0.0,-1.0,0.0));
#6099=DIRECTION('',(-1.0,0.0,0.0));
#6100=ADVANCED_FACE('',(#6101),#6112,.T.);
#6101=FACE_BOUND('',#6102,.T.);
#6102=EDGE_LOOP('',(#6103,#6104,#6105,#6111));
#6103=ORIENTED_EDGE('',*,*,#6089,.F.);
#6104=ORIENTED_EDGE('',*,*,#4730,.F.);
#6105=ORIENTED_EDGE('',*,*,#6106,.T.);
#6106=EDGE_CURVE('',#4723,#1068,#6107,.F.);
#6107=LINE('',#6108,#6109);
#6108=CARTESIAN_POINT('',(0.781672951,-1.188394703,-9.258973643E-09));
#6109=VECTOR('',#6110,1.0);
#6110=DIRECTION('',(-1.110223025E-14,0.0,-1.0));
#6111=ORIENTED_EDGE('',*,*,#1065,.F.);
#6112=PLANE('',#6113);
#6113=AXIS2_PLACEMENT_3D('',#6114,#6115,#6116);
#6114=CARTESIAN_POINT('',(0.781672951,-1.188394703,-9.258973643E-09));
#6115=DIRECTION('',(0.948683253,-0.316227902,0.0));
#6116=DIRECTION('',(-0.316227902,-0.948683253,0.0));
#6117=ADVANCED_FACE('',(#6118),#6129,.T.);
#6118=FACE_BOUND('',#6119,.T.);
#6119=EDGE_LOOP('',(#6120,#6121,#6122,#6128));
#6120=ORIENTED_EDGE('',*,*,#6106,.F.);
#6121=ORIENTED_EDGE('',*,*,#4722,.F.);
#6122=ORIENTED_EDGE('',*,*,#6123,.T.);
#6123=EDGE_CURVE('',#4715,#1076,#6124,.F.);
#6124=LINE('',#6125,#6126);
#6125=CARTESIAN_POINT('',(0.743510451,-1.188394703,-9.258973643E-09));
#6126=VECTOR('',#6127,1.0);
#6127=DIRECTION('',(0.0,1.110223025E-14,-1.0));
#6128=ORIENTED_EDGE('',*,*,#1075,.F.);
#6129=PLANE('',#6130);
#6130=AXIS2_PLACEMENT_3D('',#6131,#6132,#6133);
#6131=CARTESIAN_POINT('',(0.743510451,-1.188394703,-9.258973643E-09));
#6132=DIRECTION('',(0.0,1.0,0.0));
#6133=DIRECTION('',(1.0,0.0,0.0));
#6134=ADVANCED_FACE('',(#6135),#6146,.T.);
#6135=FACE_BOUND('',#6136,.T.);
#6136=EDGE_LOOP('',(#6137,#6138,#6139,#6145));
#6137=ORIENTED_EDGE('',*,*,#6123,.F.);
#6138=ORIENTED_EDGE('',*,*,#4714,.F.);
#6139=ORIENTED_EDGE('',*,*,#6140,.T.);
#6140=EDGE_CURVE('',#4707,#1084,#6141,.F.);
#6141=LINE('',#6142,#6143);
#6142=CARTESIAN_POINT('',(0.718068737,-1.266343638,-9.258973643E-09));
#6143=VECTOR('',#6144,1.0);
#6144=DIRECTION('',(0.0,0.0,-1.0));
#6145=ORIENTED_EDGE('',*,*,#1083,.F.);
#6146=PLANE('',#6147);
#6147=AXIS2_PLACEMENT_3D('',#6148,#6149,#6150);
#6148=CARTESIAN_POINT('',(0.718068737,-1.266343638,-9.258973643E-09));
#6149=DIRECTION('',(-0.950645028,0.310280567,0.0));
#6150=DIRECTION('',(0.310280567,0.950645028,0.0));
#6151=ADVANCED_FACE('',(#6152),#6163,.T.);
#6152=FACE_BOUND('',#6153,.T.);
#6153=EDGE_LOOP('',(#6154,#6155,#6156,#6162));
#6154=ORIENTED_EDGE('',*,*,#6140,.F.);
#6155=ORIENTED_EDGE('',*,*,#4706,.F.);
#6156=ORIENTED_EDGE('',*,*,#6157,.T.);
#6157=EDGE_CURVE('',#4699,#1092,#6158,.F.);
#6158=LINE('',#6159,#6160);
#6159=CARTESIAN_POINT('',(0.590860454,-1.266343638,-9.258973643E-09));
#6160=VECTOR('',#6161,1.0);
#6161=DIRECTION('',(0.0,0.0,-1.0));
#6162=ORIENTED_EDGE('',*,*,#1091,.F.);
#6163=PLANE('',#6164);
#6164=AXIS2_PLACEMENT_3D('',#6165,#6166,#6167);
#6165=CARTESIAN_POINT('',(0.590860454,-1.266343638,-9.258973643E-09));
#6166=DIRECTION('',(0.0,1.0,0.0));
#6167=DIRECTION('',(1.0,0.0,0.0));
#6168=ADVANCED_FACE('',(#6169),#6180,.T.);
#6169=FACE_BOUND('',#6170,.T.);
#6170=EDGE_LOOP('',(#6171,#6172,#6173,#6179));
#6171=ORIENTED_EDGE('',*,*,#6157,.F.);
#6172=ORIENTED_EDGE('',*,*,#4698,.F.);
#6173=ORIENTED_EDGE('',*,*,#6174,.T.);
#6174=EDGE_CURVE('',#4691,#1100,#6175,.F.);
#6175=LINE('',#6176,#6177);
#6176=CARTESIAN_POINT('',(0.56541874,-1.188394703,-9.258973643E-09));
#6177=VECTOR('',#6178,1.0);
#6178=DIRECTION('',(0.0,0.0,-1.0));
#6179=ORIENTED_EDGE('',*,*,#1099,.F.);
#6180=PLANE('',#6181);
#6181=AXIS2_PLACEMENT_3D('',#6182,#6183,#6184);
#6182=CARTESIAN_POINT('',(0.56541874,-1.188394703,-9.258973643E-09));
#6183=DIRECTION('',(0.950645028,0.310280567,0.0));
#6184=DIRECTION('',(0.310280567,-0.950645028,0.0));
#6185=ADVANCED_FACE('',(#6186),#6197,.T.);
#6186=FACE_BOUND('',#6187,.T.);
#6187=EDGE_LOOP('',(#6188,#6189,#6190,#6196));
#6188=ORIENTED_EDGE('',*,*,#6174,.F.);
#6189=ORIENTED_EDGE('',*,*,#4690,.F.);
#6190=ORIENTED_EDGE('',*,*,#6191,.T.);
#6191=EDGE_CURVE('',#4683,#1108,#6192,.F.);
#6192=LINE('',#6193,#6194);
#6193=CARTESIAN_POINT('',(0.52725624,-1.188394703,-9.258973643E-09));
#6194=VECTOR('',#6195,1.0);
#6195=DIRECTION('',(0.0,1.110223025E-14,-1.0));
#6196=ORIENTED_EDGE('',*,*,#1107,.F.);
#6197=PLANE('',#6198);
#6198=AXIS2_PLACEMENT_3D('',#6199,#6200,#6201);
#6199=CARTESIAN_POINT('',(0.52725624,-1.188394703,-9.258973643E-09));
#6200=DIRECTION('',(0.0,1.0,0.0));
#6201=DIRECTION('',(1.0,0.0,0.0));
#6202=ADVANCED_FACE('',(#6203),#6209,.T.);
#6203=FACE_BOUND('',#6204,.T.);
#6204=EDGE_LOOP('',(#6205,#6206,#6207,#6208));
#6205=ORIENTED_EDGE('',*,*,#6191,.F.);
#6206=ORIENTED_EDGE('',*,*,#4680,.F.);
#6207=ORIENTED_EDGE('',*,*,#6082,.F.);
#6208=ORIENTED_EDGE('',*,*,#1115,.F.);
#6209=PLANE('',#6210);
#6210=AXIS2_PLACEMENT_3D('',#6211,#6212,#6213);
#6211=CARTESIAN_POINT('',(0.629022954,-1.493694698,-9.258973643E-09));
#6212=DIRECTION('',(-0.948683253,-0.316227902,0.0));
#6213=DIRECTION('',(-0.316227902,0.948683253,0.0));
#6214=ADVANCED_FACE('',(#6215),#6231,.T.);
#6215=FACE_BOUND('',#6216,.T.);
#6216=EDGE_LOOP('',(#6217,#6223,#6224,#6230));
#6217=ORIENTED_EDGE('',*,*,#6218,.T.);
#6218=EDGE_CURVE('',#1252,#4747,#6219,.T.);
#6219=LINE('',#6220,#6221);
#6220=CARTESIAN_POINT('',(0.711708272,-1.292326613,-9.258973643E-09));
#6221=VECTOR('',#6222,1.0);
#6222=DIRECTION('',(0.0,-1.110223025E-14,-1.0));
#6223=ORIENTED_EDGE('',*,*,#4764,.F.);
#6224=ORIENTED_EDGE('',*,*,#6225,.T.);
#6225=EDGE_CURVE('',#4757,#1242,#6226,.F.);
#6226=LINE('',#6227,#6228);
#6227=CARTESIAN_POINT('',(0.654464523,-1.467711723,-9.258973643E-09));
#6228=VECTOR('',#6229,1.0);
#6229=DIRECTION('',(0.0,0.0,-1.0));
#6230=ORIENTED_EDGE('',*,*,#1259,.F.);
#6231=PLANE('',#6232);
#6232=AXIS2_PLACEMENT_3D('',#6233,#6234,#6235);
#6233=CARTESIAN_POINT('',(0.654464523,-1.467711723,-9.258973643E-09));
#6234=DIRECTION('',(-0.950645206,0.310280021,0.0));
#6235=DIRECTION('',(0.310280021,0.950645206,0.0));
#6236=ADVANCED_FACE('',(#6237),#6248,.T.);
#6237=FACE_BOUND('',#6238,.T.);
#6238=EDGE_LOOP('',(#6239,#6240,#6241,#6247));
#6239=ORIENTED_EDGE('',*,*,#6225,.F.);
#6240=ORIENTED_EDGE('',*,*,#4756,.F.);
#6241=ORIENTED_EDGE('',*,*,#6242,.T.);
#6242=EDGE_CURVE('',#4749,#1244,#6243,.F.);
#6243=LINE('',#6244,#6245);
#6244=CARTESIAN_POINT('',(0.597220774,-1.292326613,-9.258973643E-09));
#6245=VECTOR('',#6246,1.0);
#6246=DIRECTION('',(0.0,0.0,-1.0));
#6247=ORIENTED_EDGE('',*,*,#1241,.F.);
#6248=PLANE('',#6249);
#6249=AXIS2_PLACEMENT_3D('',#6250,#6251,#6252);
#6250=CARTESIAN_POINT('',(0.597220774,-1.292326613,-9.258973643E-09));
#6251=DIRECTION('',(0.950645206,0.310280021,0.0));
#6252=DIRECTION('',(0.310280021,-0.950645206,0.0));
#6253=ADVANCED_FACE('',(#6254),#6260,.T.);
#6254=FACE_BOUND('',#6255,.T.);
#6255=EDGE_LOOP('',(#6256,#6257,#6258,#6259));
#6256=ORIENTED_EDGE('',*,*,#6242,.F.);
#6257=ORIENTED_EDGE('',*,*,#4746,.F.);
#6258=ORIENTED_EDGE('',*,*,#6218,.F.);
#6259=ORIENTED_EDGE('',*,*,#1251,.F.);
#6260=PLANE('',#6261);
#6261=AXIS2_PLACEMENT_3D('',#6262,#6263,#6264);
#6262=CARTESIAN_POINT('',(0.711708272,-1.292326613,-9.258973643E-09));
#6263=DIRECTION('',(0.0,-1.0,0.0));
#6264=DIRECTION('',(-1.0,0.0,0.0));
#6265=(GEOMETRIC_REPRESENTATION_CONTEXT(3)GLOBAL_UNCERTAINTY_ASSIGNED_CONTEXT((#6266))GLOBAL_UNIT_ASSIGNED_CONTEXT((#18,#19,#20))REPRESENTATION_CONTEXT('',''));
#6266=UNCERTAINTY_MEASURE_WITH_UNIT(LENGTH_MEASURE(1.0E-07),#18,'','maximum tolerance');
#6267=ADVANCED_BREP_SHAPE_REPRESENTATION('',(#50,#9),#6265);
#6268=(REPRESENTATION_RELATIONSHIP('',$,#6267,#38)REPRESENTATION_RELATIONSHIP_WITH_TRANSFORMATION(#6269)SHAPE_REPRESENTATION_RELATIONSHIP());
#6269=ITEM_DEFINED_TRANSFORMATION('',$,#9,#9);
#6270=PRODUCT('SOLID','SOLID',$,(#3));
#6271=PRODUCT_DEFINITION_FORMATION('',$,#6270);
#6272=PRODUCT_DEFINITION('design',$,#6271,#6);
#6273=NEXT_ASSEMBLY_USAGE_OCCURRENCE('instance_3','','',#43,#6272,$);
#6274=PRODUCT_DEFINITION_SHAPE('',$,#6273);
#6275=CONTEXT_DEPENDENT_SHAPE_REPRESENTATION(#6268,#6274);
#6276=PRODUCT_DEFINITION_SHAPE('',$,#6272);
#6277=SHAPE_DEFINITION_REPRESENTATION(#6276,#6267);
#6278=PRODUCT_RELATED_PRODUCT_CATEGORY('part',$,(#6270));
#6279=STYLED_ITEM('',(#6280),#52);
#6280=PRESENTATION_STYLE_ASSIGNMENT((#6281));
#6281=SURFACE_STYLE_USAGE(.BOTH.,#6282);
#6282=SURFACE_SIDE_STYLE('',(#6283));
#6283=SURFACE_STYLE_FILL_AREA(#6284);
#6284=FILL_AREA_STYLE('',(#6286));
#6285=COLOUR_RGB('',0.882353008,0.882353008,0.882353008);
#6286=FILL_AREA_STYLE_COLOUR('',#6285);
#6287=STYLED_ITEM('',(#6288),#92);
#6288=PRESENTATION_STYLE_ASSIGNMENT((#6289));
#6289=SURFACE_STYLE_USAGE(.BOTH.,#6290);
#6290=SURFACE_SIDE_STYLE('',(#6291));
#6291=SURFACE_STYLE_FILL_AREA(#6292);
#6292=FILL_AREA_STYLE('',(#6294));
#6293=COLOUR_RGB('',0.257282019,0.257282019,0.257282019);
#6294=FILL_AREA_STYLE_COLOUR('',#6293);
#6295=STYLED_ITEM('',(#6296),#1133);
#6296=PRESENTATION_STYLE_ASSIGNMENT((#6297));
#6297=SURFACE_STYLE_USAGE(.BOTH.,#6298);
#6298=SURFACE_SIDE_STYLE('',(#6299));
#6299=SURFACE_STYLE_FILL_AREA(#6300);
#6300=FILL_AREA_STYLE('',(#6302));
#6301=COLOUR_RGB('',0.257282019,0.257282019,0.257282019);
#6302=FILL_AREA_STYLE_COLOUR('',#6301);
#6303=STYLED_ITEM('',(#6304),#1237);
#6304=PRESENTATION_STYLE_ASSIGNMENT((#6305));
#6305=SURFACE_STYLE_USAGE(.BOTH.,#6306);
#6306=SURFACE_SIDE_STYLE('',(#6307));
#6307=SURFACE_STYLE_FILL_AREA(#6308);
#6308=FILL_AREA_STYLE('',(#6310));
#6309=COLOUR_RGB('',0.257282019,0.257282019,0.257282019);
#6310=FILL_AREA_STYLE_COLOUR('',#6309);
#6311=STYLED_ITEM('',(#6312),#1269);
#6312=PRESENTATION_STYLE_ASSIGNMENT((#6313));
#6313=SURFACE_STYLE_USAGE(.BOTH.,#6314);
#6314=SURFACE_SIDE_STYLE('',(#6315));
#6315=SURFACE_STYLE_FILL_AREA(#6316);
#6316=FILL_AREA_STYLE('',(#6318));
#6317=COLOUR_RGB('',0.257282019,0.257282019,0.257282019);
#6318=FILL_AREA_STYLE_COLOUR('',#6317);
#6319=STYLED_ITEM('',(#6320),#1301);
#6320=PRESENTATION_STYLE_ASSIGNMENT((#6321));
#6321=SURFACE_STYLE_USAGE(.BOTH.,#6322);
#6322=SURFACE_SIDE_STYLE('',(#6323));
#6323=SURFACE_STYLE_FILL_AREA(#6324);
#6324=FILL_AREA_STYLE('',(#6326));
#6325=COLOUR_RGB('',0.257282019,0.257282019,0.257282019);
#6326=FILL_AREA_STYLE_COLOUR('',#6325);
#6327=STYLED_ITEM('',(#6328),#1333);
#6328=PRESENTATION_STYLE_ASSIGNMENT((#6329));
#6329=SURFACE_STYLE_USAGE(.BOTH.,#6330);
#6330=SURFACE_SIDE_STYLE('',(#6331));
#6331=SURFACE_STYLE_FILL_AREA(#6332);
#6332=FILL_AREA_STYLE('',(#6334));
#6333=COLOUR_RGB('',0.257282019,0.257282019,0.257282019);
#6334=FILL_AREA_STYLE_COLOUR('',#6333);
#6335=STYLED_ITEM('',(#6336),#1349);
#6336=PRESENTATION_STYLE_ASSIGNMENT((#6337));
#6337=SURFACE_STYLE_USAGE(.BOTH.,#6338);
#6338=SURFACE_SIDE_STYLE('',(#6339));
#6339=SURFACE_STYLE_FILL_AREA(#6340);
#6340=FILL_AREA_STYLE('',(#6342));
#6341=COLOUR_RGB('',0.257282019,0.257282019,0.257282019);
#6342=FILL_AREA_STYLE_COLOUR('',#6341);
#6343=STYLED_ITEM('',(#6344),#1375);
#6344=PRESENTATION_STYLE_ASSIGNMENT((#6345));
#6345=SURFACE_STYLE_USAGE(.BOTH.,#6346);
#6346=SURFACE_SIDE_STYLE('',(#6347));
#6347=SURFACE_STYLE_FILL_AREA(#6348);
#6348=FILL_AREA_STYLE('',(#6350));
#6349=COLOUR_RGB('',0.257282019,0.257282019,0.257282019);
#6350=FILL_AREA_STYLE_COLOUR('',#6349);
#6351=STYLED_ITEM('',(#6352),#1393);
#6352=PRESENTATION_STYLE_ASSIGNMENT((#6353));
#6353=SURFACE_STYLE_USAGE(.BOTH.,#6354);
#6354=SURFACE_SIDE_STYLE('',(#6355));
#6355=SURFACE_STYLE_FILL_AREA(#6356);
#6356=FILL_AREA_STYLE('',(#6358));
#6357=COLOUR_RGB('',0.257282019,0.257282019,0.257282019);
#6358=FILL_AREA_STYLE_COLOUR('',#6357);
#6359=STYLED_ITEM('',(#6360),#1405);
#6360=PRESENTATION_STYLE_ASSIGNMENT((#6361));
#6361=SURFACE_STYLE_USAGE(.BOTH.,#6362);
#6362=SURFACE_SIDE_STYLE('',(#6363));
#6363=SURFACE_STYLE_FILL_AREA(#6364);
#6364=FILL_AREA_STYLE('',(#6366));
#6365=COLOUR_RGB('',0.257282019,0.257282019,0.257282019);
#6366=FILL_AREA_STYLE_COLOUR('',#6365);
#6367=STYLED_ITEM('',(#6368),#1437);
#6368=PRESENTATION_STYLE_ASSIGNMENT((#6369));
#6369=SURFACE_STYLE_USAGE(.BOTH.,#6370);
#6370=SURFACE_SIDE_STYLE('',(#6371));
#6371=SURFACE_STYLE_FILL_AREA(#6372);
#6372=FILL_AREA_STYLE('',(#6374));
#6373=COLOUR_RGB('',0.257282019,0.257282019,0.257282019);
#6374=FILL_AREA_STYLE_COLOUR('',#6373);
#6375=STYLED_ITEM('',(#6376),#1455);
#6376=PRESENTATION_STYLE_ASSIGNMENT((#6377));
#6377=SURFACE_STYLE_USAGE(.BOTH.,#6378);
#6378=SURFACE_SIDE_STYLE('',(#6379));
#6379=SURFACE_STYLE_FILL_AREA(#6380);
#6380=FILL_AREA_STYLE('',(#6382));
#6381=COLOUR_RGB('',0.257282019,0.257282019,0.257282019);
#6382=FILL_AREA_STYLE_COLOUR('',#6381);
#6383=STYLED_ITEM('',(#6384),#1477);
#6384=PRESENTATION_STYLE_ASSIGNMENT((#6385));
#6385=SURFACE_STYLE_USAGE(.BOTH.,#6386);
#6386=SURFACE_SIDE_STYLE('',(#6387));
#6387=SURFACE_STYLE_FILL_AREA(#6388);
#6388=FILL_AREA_STYLE('',(#6390));
#6389=COLOUR_RGB('',0.257282019,0.257282019,0.257282019);
#6390=FILL_AREA_STYLE_COLOUR('',#6389);
#6391=STYLED_ITEM('',(#6392),#1489);
#6392=PRESENTATION_STYLE_ASSIGNMENT((#6393));
#6393=SURFACE_STYLE_USAGE(.BOTH.,#6394);
#6394=SURFACE_SIDE_STYLE('',(#6395));
#6395=SURFACE_STYLE_FILL_AREA(#6396);
#6396=FILL_AREA_STYLE('',(#6398));
#6397=COLOUR_RGB('',0.257282019,0.257282019,0.257282019);
#6398=FILL_AREA_STYLE_COLOUR('',#6397);
#6399=STYLED_ITEM('',(#6400),#1520);
#6400=PRESENTATION_STYLE_ASSIGNMENT((#6401));
#6401=SURFACE_STYLE_USAGE(.BOTH.,#6402);
#6402=SURFACE_SIDE_STYLE('',(#6403));
#6403=SURFACE_STYLE_FILL_AREA(#6404);
#6404=FILL_AREA_STYLE('',(#6406));
#6405=COLOUR_RGB('',0.257282019,0.257282019,0.257282019);
#6406=FILL_AREA_STYLE_COLOUR('',#6405);
#6407=STYLED_ITEM('',(#6408),#1544);
#6408=PRESENTATION_STYLE_ASSIGNMENT((#6409));
#6409=SURFACE_STYLE_USAGE(.BOTH.,#6410);
#6410=SURFACE_SIDE_STYLE('',(#6411));
#6411=SURFACE_STYLE_FILL_AREA(#6412);
#6412=FILL_AREA_STYLE('',(#6414));
#6413=COLOUR_RGB('',0.257282019,0.257282019,0.257282019);
#6414=FILL_AREA_STYLE_COLOUR('',#6413);
#6415=STYLED_ITEM('',(#6416),#1568);
#6416=PRESENTATION_STYLE_ASSIGNMENT((#6417));
#6417=SURFACE_STYLE_USAGE(.BOTH.,#6418);
#6418=SURFACE_SIDE_STYLE('',(#6419));
#6419=SURFACE_STYLE_FILL_AREA(#6420);
#6420=FILL_AREA_STYLE('',(#6422));
#6421=COLOUR_RGB('',0.257282019,0.257282019,0.257282019);
#6422=FILL_AREA_STYLE_COLOUR('',#6421);
#6423=STYLED_ITEM('',(#6424),#1585);
#6424=PRESENTATION_STYLE_ASSIGNMENT((#6425));
#6425=SURFACE_STYLE_USAGE(.BOTH.,#6426);
#6426=SURFACE_SIDE_STYLE('',(#6427));
#6427=SURFACE_STYLE_FILL_AREA(#6428);
#6428=FILL_AREA_STYLE('',(#6430));
#6429=COLOUR_RGB('',0.882353008,0.882353008,0.882353008);
#6430=FILL_AREA_STYLE_COLOUR('',#6429);
#6431=STYLED_ITEM('',(#6432),#1597);
#6432=PRESENTATION_STYLE_ASSIGNMENT((#6433));
#6433=SURFACE_STYLE_USAGE(.BOTH.,#6434);
#6434=SURFACE_SIDE_STYLE('',(#6435));
#6435=SURFACE_STYLE_FILL_AREA(#6436);
#6436=FILL_AREA_STYLE('',(#6438));
#6437=COLOUR_RGB('',0.882353008,0.882353008,0.882353008);
#6438=FILL_AREA_STYLE_COLOUR('',#6437);
#6439=STYLED_ITEM('',(#6440),#1637);
#6440=PRESENTATION_STYLE_ASSIGNMENT((#6441));
#6441=SURFACE_STYLE_USAGE(.BOTH.,#6442);
#6442=SURFACE_SIDE_STYLE('',(#6443));
#6443=SURFACE_STYLE_FILL_AREA(#6444);
#6444=FILL_AREA_STYLE('',(#6446));
#6445=COLOUR_RGB('',0.882353008,0.882353008,0.882353008);
#6446=FILL_AREA_STYLE_COLOUR('',#6445);
#6447=STYLED_ITEM('',(#6448),#1677);
#6448=PRESENTATION_STYLE_ASSIGNMENT((#6449));
#6449=SURFACE_STYLE_USAGE(.BOTH.,#6450);
#6450=SURFACE_SIDE_STYLE('',(#6451));
#6451=SURFACE_STYLE_FILL_AREA(#6452);
#6452=FILL_AREA_STYLE('',(#6454));
#6453=COLOUR_RGB('',0.882353008,0.882353008,0.882353008);
#6454=FILL_AREA_STYLE_COLOUR('',#6453);
#6455=STYLED_ITEM('',(#6456),#1717);
#6456=PRESENTATION_STYLE_ASSIGNMENT((#6457));
#6457=SURFACE_STYLE_USAGE(.BOTH.,#6458);
#6458=SURFACE_SIDE_STYLE('',(#6459));
#6459=SURFACE_STYLE_FILL_AREA(#6460);
#6460=FILL_AREA_STYLE('',(#6462));
#6461=COLOUR_RGB('',0.882353008,0.882353008,0.882353008);
#6462=FILL_AREA_STYLE_COLOUR('',#6461);
#6463=STYLED_ITEM('',(#6464),#1757);
#6464=PRESENTATION_STYLE_ASSIGNMENT((#6465));
#6465=SURFACE_STYLE_USAGE(.BOTH.,#6466);
#6466=SURFACE_SIDE_STYLE('',(#6467));
#6467=SURFACE_STYLE_FILL_AREA(#6468);
#6468=FILL_AREA_STYLE('',(#6470));
#6469=COLOUR_RGB('',0.882353008,0.882353008,0.882353008);
#6470=FILL_AREA_STYLE_COLOUR('',#6469);
#6471=STYLED_ITEM('',(#6472),#1797);
#6472=PRESENTATION_STYLE_ASSIGNMENT((#6473));
#6473=SURFACE_STYLE_USAGE(.BOTH.,#6474);
#6474=SURFACE_SIDE_STYLE('',(#6475));
#6475=SURFACE_STYLE_FILL_AREA(#6476);
#6476=FILL_AREA_STYLE('',(#6478));
#6477=COLOUR_RGB('',0.882353008,0.882353008,0.882353008);
#6478=FILL_AREA_STYLE_COLOUR('',#6477);
#6479=STYLED_ITEM('',(#6480),#1837);
#6480=PRESENTATION_STYLE_ASSIGNMENT((#6481));
#6481=SURFACE_STYLE_USAGE(.BOTH.,#6482);
#6482=SURFACE_SIDE_STYLE('',(#6483));
#6483=SURFACE_STYLE_FILL_AREA(#6484);
#6484=FILL_AREA_STYLE('',(#6486));
#6485=COLOUR_RGB('',0.882353008,0.882353008,0.882353008);
#6486=FILL_AREA_STYLE_COLOUR('',#6485);
#6487=STYLED_ITEM('',(#6488),#1877);
#6488=PRESENTATION_STYLE_ASSIGNMENT((#6489));
#6489=SURFACE_STYLE_USAGE(.BOTH.,#6490);
#6490=SURFACE_SIDE_STYLE('',(#6491));
#6491=SURFACE_STYLE_FILL_AREA(#6492);
#6492=FILL_AREA_STYLE('',(#6494));
#6493=COLOUR_RGB('',0.257282019,0.257282019,0.257282019);
#6494=FILL_AREA_STYLE_COLOUR('',#6493);
#6495=STYLED_ITEM('',(#6496),#1899);
#6496=PRESENTATION_STYLE_ASSIGNMENT((#6497));
#6497=SURFACE_STYLE_USAGE(.BOTH.,#6498);
#6498=SURFACE_SIDE_STYLE('',(#6499));
#6499=SURFACE_STYLE_FILL_AREA(#6500);
#6500=FILL_AREA_STYLE('',(#6502));
#6501=COLOUR_RGB('',0.257282019,0.257282019,0.257282019);
#6502=FILL_AREA_STYLE_COLOUR('',#6501);
#6503=STYLED_ITEM('',(#6504),#1916);
#6504=PRESENTATION_STYLE_ASSIGNMENT((#6505));
#6505=SURFACE_STYLE_USAGE(.BOTH.,#6506);
#6506=SURFACE_SIDE_STYLE('',(#6507));
#6507=SURFACE_STYLE_FILL_AREA(#6508);
#6508=FILL_AREA_STYLE('',(#6510));
#6509=COLOUR_RGB('',0.257282019,0.257282019,0.257282019);
#6510=FILL_AREA_STYLE_COLOUR('',#6509);
#6511=STYLED_ITEM('',(#6512),#1933);
#6512=PRESENTATION_STYLE_ASSIGNMENT((#6513));
#6513=SURFACE_STYLE_USAGE(.BOTH.,#6514);
#6514=SURFACE_SIDE_STYLE('',(#6515));
#6515=SURFACE_STYLE_FILL_AREA(#6516);
#6516=FILL_AREA_STYLE('',(#6518));
#6517=COLOUR_RGB('',0.257282019,0.257282019,0.257282019);
#6518=FILL_AREA_STYLE_COLOUR('',#6517);
#6519=STYLED_ITEM('',(#6520),#1945);
#6520=PRESENTATION_STYLE_ASSIGNMENT((#6521));
#6521=SURFACE_STYLE_USAGE(.BOTH.,#6522);
#6522=SURFACE_SIDE_STYLE('',(#6523));
#6523=SURFACE_STYLE_FILL_AREA(#6524);
#6524=FILL_AREA_STYLE('',(#6526));
#6525=COLOUR_RGB('',0.257282019,0.257282019,0.257282019);
#6526=FILL_AREA_STYLE_COLOUR('',#6525);
#6527=STYLED_ITEM('',(#6528),#1967);
#6528=PRESENTATION_STYLE_ASSIGNMENT((#6529));
#6529=SURFACE_STYLE_USAGE(.BOTH.,#6530);
#6530=SURFACE_SIDE_STYLE('',(#6531));
#6531=SURFACE_STYLE_FILL_AREA(#6532);
#6532=FILL_AREA_STYLE('',(#6534));
#6533=COLOUR_RGB('',0.257282019,0.257282019,0.257282019);
#6534=FILL_AREA_STYLE_COLOUR('',#6533);
#6535=STYLED_ITEM('',(#6536),#1984);
#6536=PRESENTATION_STYLE_ASSIGNMENT((#6537));
#6537=SURFACE_STYLE_USAGE(.BOTH.,#6538);
#6538=SURFACE_SIDE_STYLE('',(#6539));
#6539=SURFACE_STYLE_FILL_AREA(#6540);
#6540=FILL_AREA_STYLE('',(#6542));
#6541=COLOUR_RGB('',0.257282019,0.257282019,0.257282019);
#6542=FILL_AREA_STYLE_COLOUR('',#6541);
#6543=STYLED_ITEM('',(#6544),#2001);
#6544=PRESENTATION_STYLE_ASSIGNMENT((#6545));
#6545=SURFACE_STYLE_USAGE(.BOTH.,#6546);
#6546=SURFACE_SIDE_STYLE('',(#6547));
#6547=SURFACE_STYLE_FILL_AREA(#6548);
#6548=FILL_AREA_STYLE('',(#6550));
#6549=COLOUR_RGB('',0.257282019,0.257282019,0.257282019);
#6550=FILL_AREA_STYLE_COLOUR('',#6549);
#6551=STYLED_ITEM('',(#6552),#2013);
#6552=PRESENTATION_STYLE_ASSIGNMENT((#6553));
#6553=SURFACE_STYLE_USAGE(.BOTH.,#6554);
#6554=SURFACE_SIDE_STYLE('',(#6555));
#6555=SURFACE_STYLE_FILL_AREA(#6556);
#6556=FILL_AREA_STYLE('',(#6558));
#6557=COLOUR_RGB('',0.257282019,0.257282019,0.257282019);
#6558=FILL_AREA_STYLE_COLOUR('',#6557);
#6559=STYLED_ITEM('',(#6560),#2035);
#6560=PRESENTATION_STYLE_ASSIGNMENT((#6561));
#6561=SURFACE_STYLE_USAGE(.BOTH.,#6562);
#6562=SURFACE_SIDE_STYLE('',(#6563));
#6563=SURFACE_STYLE_FILL_AREA(#6564);
#6564=FILL_AREA_STYLE('',(#6566));
#6565=COLOUR_RGB('',0.257282019,0.257282019,0.257282019);
#6566=FILL_AREA_STYLE_COLOUR('',#6565);
#6567=STYLED_ITEM('',(#6568),#2052);
#6568=PRESENTATION_STYLE_ASSIGNMENT((#6569));
#6569=SURFACE_STYLE_USAGE(.BOTH.,#6570);
#6570=SURFACE_SIDE_STYLE('',(#6571));
#6571=SURFACE_STYLE_FILL_AREA(#6572);
#6572=FILL_AREA_STYLE('',(#6574));
#6573=COLOUR_RGB('',0.257282019,0.257282019,0.257282019);
#6574=FILL_AREA_STYLE_COLOUR('',#6573);
#6575=STYLED_ITEM('',(#6576),#2069);
#6576=PRESENTATION_STYLE_ASSIGNMENT((#6577));
#6577=SURFACE_STYLE_USAGE(.BOTH.,#6578);
#6578=SURFACE_SIDE_STYLE('',(#6579));
#6579=SURFACE_STYLE_FILL_AREA(#6580);
#6580=FILL_AREA_STYLE('',(#6582));
#6581=COLOUR_RGB('',0.257282019,0.257282019,0.257282019);
#6582=FILL_AREA_STYLE_COLOUR('',#6581);
#6583=STYLED_ITEM('',(#6584),#2081);
#6584=PRESENTATION_STYLE_ASSIGNMENT((#6585));
#6585=SURFACE_STYLE_USAGE(.BOTH.,#6586);
#6586=SURFACE_SIDE_STYLE('',(#6587));
#6587=SURFACE_STYLE_FILL_AREA(#6588);
#6588=FILL_AREA_STYLE('',(#6590));
#6589=COLOUR_RGB('',0.257282019,0.257282019,0.257282019);
#6590=FILL_AREA_STYLE_COLOUR('',#6589);
#6591=STYLED_ITEM('',(#6592),#2103);
#6592=PRESENTATION_STYLE_ASSIGNMENT((#6593));
#6593=SURFACE_STYLE_USAGE(.BOTH.,#6594);
#6594=SURFACE_SIDE_STYLE('',(#6595));
#6595=SURFACE_STYLE_FILL_AREA(#6596);
#6596=FILL_AREA_STYLE('',(#6598));
#6597=COLOUR_RGB('',0.257282019,0.257282019,0.257282019);
#6598=FILL_AREA_STYLE_COLOUR('',#6597);
#6599=STYLED_ITEM('',(#6600),#2120);
#6600=PRESENTATION_STYLE_ASSIGNMENT((#6601));
#6601=SURFACE_STYLE_USAGE(.BOTH.,#6602);
#6602=SURFACE_SIDE_STYLE('',(#6603));
#6603=SURFACE_STYLE_FILL_AREA(#6604);
#6604=FILL_AREA_STYLE('',(#6606));
#6605=COLOUR_RGB('',0.257282019,0.257282019,0.257282019);
#6606=FILL_AREA_STYLE_COLOUR('',#6605);
#6607=STYLED_ITEM('',(#6608),#2137);
#6608=PRESENTATION_STYLE_ASSIGNMENT((#6609));
#6609=SURFACE_STYLE_USAGE(.BOTH.,#6610);
#6610=SURFACE_SIDE_STYLE('',(#6611));
#6611=SURFACE_STYLE_FILL_AREA(#6612);
#6612=FILL_AREA_STYLE('',(#6614));
#6613=COLOUR_RGB('',0.257282019,0.257282019,0.257282019);
#6614=FILL_AREA_STYLE_COLOUR('',#6613);
#6615=STYLED_ITEM('',(#6616),#2149);
#6616=PRESENTATION_STYLE_ASSIGNMENT((#6617));
#6617=SURFACE_STYLE_USAGE(.BOTH.,#6618);
#6618=SURFACE_SIDE_STYLE('',(#6619));
#6619=SURFACE_STYLE_FILL_AREA(#6620);
#6620=FILL_AREA_STYLE('',(#6622));
#6621=COLOUR_RGB('',0.257282019,0.257282019,0.257282019);
#6622=FILL_AREA_STYLE_COLOUR('',#6621);
#6623=STYLED_ITEM('',(#6624),#2171);
#6624=PRESENTATION_STYLE_ASSIGNMENT((#6625));
#6625=SURFACE_STYLE_USAGE(.BOTH.,#6626);
#6626=SURFACE_SIDE_STYLE('',(#6627));
#6627=SURFACE_STYLE_FILL_AREA(#6628);
#6628=FILL_AREA_STYLE('',(#6630));
#6629=COLOUR_RGB('',0.257282019,0.257282019,0.257282019);
#6630=FILL_AREA_STYLE_COLOUR('',#6629);
#6631=STYLED_ITEM('',(#6632),#2188);
#6632=PRESENTATION_STYLE_ASSIGNMENT((#6633));
#6633=SURFACE_STYLE_USAGE(.BOTH.,#6634);
#6634=SURFACE_SIDE_STYLE('',(#6635));
#6635=SURFACE_STYLE_FILL_AREA(#6636);
#6636=FILL_AREA_STYLE('',(#6638));
#6637=COLOUR_RGB('',0.257282019,0.257282019,0.257282019);
#6638=FILL_AREA_STYLE_COLOUR('',#6637);
#6639=STYLED_ITEM('',(#6640),#2205);
#6640=PRESENTATION_STYLE_ASSIGNMENT((#6641));
#6641=SURFACE_STYLE_USAGE(.BOTH.,#6642);
#6642=SURFACE_SIDE_STYLE('',(#6643));
#6643=SURFACE_STYLE_FILL_AREA(#6644);
#6644=FILL_AREA_STYLE('',(#6646));
#6645=COLOUR_RGB('',0.257282019,0.257282019,0.257282019);
#6646=FILL_AREA_STYLE_COLOUR('',#6645);
#6647=STYLED_ITEM('',(#6648),#2217);
#6648=PRESENTATION_STYLE_ASSIGNMENT((#6649));
#6649=SURFACE_STYLE_USAGE(.BOTH.,#6650);
#6650=SURFACE_SIDE_STYLE('',(#6651));
#6651=SURFACE_STYLE_FILL_AREA(#6652);
#6652=FILL_AREA_STYLE('',(#6654));
#6653=COLOUR_RGB('',0.257282019,0.257282019,0.257282019);
#6654=FILL_AREA_STYLE_COLOUR('',#6653);
#6655=STYLED_ITEM('',(#6656),#2239);
#6656=PRESENTATION_STYLE_ASSIGNMENT((#6657));
#6657=SURFACE_STYLE_USAGE(.BOTH.,#6658);
#6658=SURFACE_SIDE_STYLE('',(#6659));
#6659=SURFACE_STYLE_FILL_AREA(#6660);
#6660=FILL_AREA_STYLE('',(#6662));
#6661=COLOUR_RGB('',0.257282019,0.257282019,0.257282019);
#6662=FILL_AREA_STYLE_COLOUR('',#6661);
#6663=STYLED_ITEM('',(#6664),#2256);
#6664=PRESENTATION_STYLE_ASSIGNMENT((#6665));
#6665=SURFACE_STYLE_USAGE(.BOTH.,#6666);
#6666=SURFACE_SIDE_STYLE('',(#6667));
#6667=SURFACE_STYLE_FILL_AREA(#6668);
#6668=FILL_AREA_STYLE('',(#6670));
#6669=COLOUR_RGB('',0.257282019,0.257282019,0.257282019);
#6670=FILL_AREA_STYLE_COLOUR('',#6669);
#6671=STYLED_ITEM('',(#6672),#2273);
#6672=PRESENTATION_STYLE_ASSIGNMENT((#6673));
#6673=SURFACE_STYLE_USAGE(.BOTH.,#6674);
#6674=SURFACE_SIDE_STYLE('',(#6675));
#6675=SURFACE_STYLE_FILL_AREA(#6676);
#6676=FILL_AREA_STYLE('',(#6678));
#6677=COLOUR_RGB('',0.257282019,0.257282019,0.257282019);
#6678=FILL_AREA_STYLE_COLOUR('',#6677);
#6679=STYLED_ITEM('',(#6680),#2285);
#6680=PRESENTATION_STYLE_ASSIGNMENT((#6681));
#6681=SURFACE_STYLE_USAGE(.BOTH.,#6682);
#6682=SURFACE_SIDE_STYLE('',(#6683));
#6683=SURFACE_STYLE_FILL_AREA(#6684);
#6684=FILL_AREA_STYLE('',(#6686));
#6685=COLOUR_RGB('',0.257282019,0.257282019,0.257282019);
#6686=FILL_AREA_STYLE_COLOUR('',#6685);
#6687=STYLED_ITEM('',(#6688),#2307);
#6688=PRESENTATION_STYLE_ASSIGNMENT((#6689));
#6689=SURFACE_STYLE_USAGE(.BOTH.,#6690);
#6690=SURFACE_SIDE_STYLE('',(#6691));
#6691=SURFACE_STYLE_FILL_AREA(#6692);
#6692=FILL_AREA_STYLE('',(#6694));
#6693=COLOUR_RGB('',0.257282019,0.257282019,0.257282019);
#6694=FILL_AREA_STYLE_COLOUR('',#6693);
#6695=STYLED_ITEM('',(#6696),#2324);
#6696=PRESENTATION_STYLE_ASSIGNMENT((#6697));
#6697=SURFACE_STYLE_USAGE(.BOTH.,#6698);
#6698=SURFACE_SIDE_STYLE('',(#6699));
#6699=SURFACE_STYLE_FILL_AREA(#6700);
#6700=FILL_AREA_STYLE('',(#6702));
#6701=COLOUR_RGB('',0.257282019,0.257282019,0.257282019);
#6702=FILL_AREA_STYLE_COLOUR('',#6701);
#6703=STYLED_ITEM('',(#6704),#2341);
#6704=PRESENTATION_STYLE_ASSIGNMENT((#6705));
#6705=SURFACE_STYLE_USAGE(.BOTH.,#6706);
#6706=SURFACE_SIDE_STYLE('',(#6707));
#6707=SURFACE_STYLE_FILL_AREA(#6708);
#6708=FILL_AREA_STYLE('',(#6710));
#6709=COLOUR_RGB('',0.257282019,0.257282019,0.257282019);
#6710=FILL_AREA_STYLE_COLOUR('',#6709);
#6711=STYLED_ITEM('',(#6712),#2353);
#6712=PRESENTATION_STYLE_ASSIGNMENT((#6713));
#6713=SURFACE_STYLE_USAGE(.BOTH.,#6714);
#6714=SURFACE_SIDE_STYLE('',(#6715));
#6715=SURFACE_STYLE_FILL_AREA(#6716);
#6716=FILL_AREA_STYLE('',(#6718));
#6717=COLOUR_RGB('',0.257282019,0.257282019,0.257282019);
#6718=FILL_AREA_STYLE_COLOUR('',#6717);
#6719=STYLED_ITEM('',(#6720),#2533);
#6720=PRESENTATION_STYLE_ASSIGNMENT((#6721));
#6721=SURFACE_STYLE_USAGE(.BOTH.,#6722);
#6722=SURFACE_SIDE_STYLE('',(#6723));
#6723=SURFACE_STYLE_FILL_AREA(#6724);
#6724=FILL_AREA_STYLE('',(#6726));
#6725=COLOUR_RGB('',0.882353008,0.882353008,0.882353008);
#6726=FILL_AREA_STYLE_COLOUR('',#6725);
#6727=STYLED_ITEM('',(#6728),#2572);
#6728=PRESENTATION_STYLE_ASSIGNMENT((#6729));
#6729=SURFACE_STYLE_USAGE(.BOTH.,#6730);
#6730=SURFACE_SIDE_STYLE('',(#6731));
#6731=SURFACE_STYLE_FILL_AREA(#6732);
#6732=FILL_AREA_STYLE('',(#6734));
#6733=COLOUR_RGB('',0.882353008,0.882353008,0.882353008);
#6734=FILL_AREA_STYLE_COLOUR('',#6733);
#6735=STYLED_ITEM('',(#6736),#2596);
#6736=PRESENTATION_STYLE_ASSIGNMENT((#6737));
#6737=SURFACE_STYLE_USAGE(.BOTH.,#6738);
#6738=SURFACE_SIDE_STYLE('',(#6739));
#6739=SURFACE_STYLE_FILL_AREA(#6740);
#6740=FILL_AREA_STYLE('',(#6742));
#6741=COLOUR_RGB('',0.882353008,0.882353008,0.882353008);
#6742=FILL_AREA_STYLE_COLOUR('',#6741);
#6743=STYLED_ITEM('',(#6744),#2628);
#6744=PRESENTATION_STYLE_ASSIGNMENT((#6745));
#6745=SURFACE_STYLE_USAGE(.BOTH.,#6746);
#6746=SURFACE_SIDE_STYLE('',(#6747));
#6747=SURFACE_STYLE_FILL_AREA(#6748);
#6748=FILL_AREA_STYLE('',(#6750));
#6749=COLOUR_RGB('',0.882353008,0.882353008,0.882353008);
#6750=FILL_AREA_STYLE_COLOUR('',#6749);
#6751=STYLED_ITEM('',(#6752),#2645);
#6752=PRESENTATION_STYLE_ASSIGNMENT((#6753));
#6753=SURFACE_STYLE_USAGE(.BOTH.,#6754);
#6754=SURFACE_SIDE_STYLE('',(#6755));
#6755=SURFACE_STYLE_FILL_AREA(#6756);
#6756=FILL_AREA_STYLE('',(#6758));
#6757=COLOUR_RGB('',0.882353008,0.882353008,0.882353008);
#6758=FILL_AREA_STYLE_COLOUR('',#6757);
#6759=STYLED_ITEM('',(#6760),#2662);
#6760=PRESENTATION_STYLE_ASSIGNMENT((#6761));
#6761=SURFACE_STYLE_USAGE(.BOTH.,#6762);
#6762=SURFACE_SIDE_STYLE('',(#6763));
#6763=SURFACE_STYLE_FILL_AREA(#6764);
#6764=FILL_AREA_STYLE('',(#6766));
#6765=COLOUR_RGB('',0.882353008,0.882353008,0.882353008);
#6766=FILL_AREA_STYLE_COLOUR('',#6765);
#6767=STYLED_ITEM('',(#6768),#2674);
#6768=PRESENTATION_STYLE_ASSIGNMENT((#6769));
#6769=SURFACE_STYLE_USAGE(.BOTH.,#6770);
#6770=SURFACE_SIDE_STYLE('',(#6771));
#6771=SURFACE_STYLE_FILL_AREA(#6772);
#6772=FILL_AREA_STYLE('',(#6774));
#6773=COLOUR_RGB('',0.882353008,0.882353008,0.882353008);
#6774=FILL_AREA_STYLE_COLOUR('',#6773);
#6775=STYLED_ITEM('',(#6776),#2713);
#6776=PRESENTATION_STYLE_ASSIGNMENT((#6777));
#6777=SURFACE_STYLE_USAGE(.BOTH.,#6778);
#6778=SURFACE_SIDE_STYLE('',(#6779));
#6779=SURFACE_STYLE_FILL_AREA(#6780);
#6780=FILL_AREA_STYLE('',(#6782));
#6781=COLOUR_RGB('',0.882353008,0.882353008,0.882353008);
#6782=FILL_AREA_STYLE_COLOUR('',#6781);
#6783=STYLED_ITEM('',(#6784),#2737);
#6784=PRESENTATION_STYLE_ASSIGNMENT((#6785));
#6785=SURFACE_STYLE_USAGE(.BOTH.,#6786);
#6786=SURFACE_SIDE_STYLE('',(#6787));
#6787=SURFACE_STYLE_FILL_AREA(#6788);
#6788=FILL_AREA_STYLE('',(#6790));
#6789=COLOUR_RGB('',0.882353008,0.882353008,0.882353008);
#6790=FILL_AREA_STYLE_COLOUR('',#6789);
#6791=STYLED_ITEM('',(#6792),#2769);
#6792=PRESENTATION_STYLE_ASSIGNMENT((#6793));
#6793=SURFACE_STYLE_USAGE(.BOTH.,#6794);
#6794=SURFACE_SIDE_STYLE('',(#6795));
#6795=SURFACE_STYLE_FILL_AREA(#6796);
#6796=FILL_AREA_STYLE('',(#6798));
#6797=COLOUR_RGB('',0.882353008,0.882353008,0.882353008);
#6798=FILL_AREA_STYLE_COLOUR('',#6797);
#6799=STYLED_ITEM('',(#6800),#2786);
#6800=PRESENTATION_STYLE_ASSIGNMENT((#6801));
#6801=SURFACE_STYLE_USAGE(.BOTH.,#6802);
#6802=SURFACE_SIDE_STYLE('',(#6803));
#6803=SURFACE_STYLE_FILL_AREA(#6804);
#6804=FILL_AREA_STYLE('',(#6806));
#6805=COLOUR_RGB('',0.882353008,0.882353008,0.882353008);
#6806=FILL_AREA_STYLE_COLOUR('',#6805);
#6807=STYLED_ITEM('',(#6808),#2803);
#6808=PRESENTATION_STYLE_ASSIGNMENT((#6809));
#6809=SURFACE_STYLE_USAGE(.BOTH.,#6810);
#6810=SURFACE_SIDE_STYLE('',(#6811));
#6811=SURFACE_STYLE_FILL_AREA(#6812);
#6812=FILL_AREA_STYLE('',(#6814));
#6813=COLOUR_RGB('',0.882353008,0.882353008,0.882353008);
#6814=FILL_AREA_STYLE_COLOUR('',#6813);
#6815=STYLED_ITEM('',(#6816),#2815);
#6816=PRESENTATION_STYLE_ASSIGNMENT((#6817));
#6817=SURFACE_STYLE_USAGE(.BOTH.,#6818);
#6818=SURFACE_SIDE_STYLE('',(#6819));
#6819=SURFACE_STYLE_FILL_AREA(#6820);
#6820=FILL_AREA_STYLE('',(#6822));
#6821=COLOUR_RGB('',0.882353008,0.882353008,0.882353008);
#6822=FILL_AREA_STYLE_COLOUR('',#6821);
#6823=STYLED_ITEM('',(#6824),#2854);
#6824=PRESENTATION_STYLE_ASSIGNMENT((#6825));
#6825=SURFACE_STYLE_USAGE(.BOTH.,#6826);
#6826=SURFACE_SIDE_STYLE('',(#6827));
#6827=SURFACE_STYLE_FILL_AREA(#6828);
#6828=FILL_AREA_STYLE('',(#6830));
#6829=COLOUR_RGB('',0.882353008,0.882353008,0.882353008);
#6830=FILL_AREA_STYLE_COLOUR('',#6829);
#6831=STYLED_ITEM('',(#6832),#2878);
#6832=PRESENTATION_STYLE_ASSIGNMENT((#6833));
#6833=SURFACE_STYLE_USAGE(.BOTH.,#6834);
#6834=SURFACE_SIDE_STYLE('',(#6835));
#6835=SURFACE_STYLE_FILL_AREA(#6836);
#6836=FILL_AREA_STYLE('',(#6838));
#6837=COLOUR_RGB('',0.882353008,0.882353008,0.882353008);
#6838=FILL_AREA_STYLE_COLOUR('',#6837);
#6839=STYLED_ITEM('',(#6840),#2910);
#6840=PRESENTATION_STYLE_ASSIGNMENT((#6841));
#6841=SURFACE_STYLE_USAGE(.BOTH.,#6842);
#6842=SURFACE_SIDE_STYLE('',(#6843));
#6843=SURFACE_STYLE_FILL_AREA(#6844);
#6844=FILL_AREA_STYLE('',(#6846));
#6845=COLOUR_RGB('',0.882353008,0.882353008,0.882353008);
#6846=FILL_AREA_STYLE_COLOUR('',#6845);
#6847=STYLED_ITEM('',(#6848),#2927);
#6848=PRESENTATION_STYLE_ASSIGNMENT((#6849));
#6849=SURFACE_STYLE_USAGE(.BOTH.,#6850);
#6850=SURFACE_SIDE_STYLE('',(#6851));
#6851=SURFACE_STYLE_FILL_AREA(#6852);
#6852=FILL_AREA_STYLE('',(#6854));
#6853=COLOUR_RGB('',0.882353008,0.882353008,0.882353008);
#6854=FILL_AREA_STYLE_COLOUR('',#6853);
#6855=STYLED_ITEM('',(#6856),#2944);
#6856=PRESENTATION_STYLE_ASSIGNMENT((#6857));
#6857=SURFACE_STYLE_USAGE(.BOTH.,#6858);
#6858=SURFACE_SIDE_STYLE('',(#6859));
#6859=SURFACE_STYLE_FILL_AREA(#6860);
#6860=FILL_AREA_STYLE('',(#6862));
#6861=COLOUR_RGB('',0.882353008,0.882353008,0.882353008);
#6862=FILL_AREA_STYLE_COLOUR('',#6861);
#6863=STYLED_ITEM('',(#6864),#2956);
#6864=PRESENTATION_STYLE_ASSIGNMENT((#6865));
#6865=SURFACE_STYLE_USAGE(.BOTH.,#6866);
#6866=SURFACE_SIDE_STYLE('',(#6867));
#6867=SURFACE_STYLE_FILL_AREA(#6868);
#6868=FILL_AREA_STYLE('',(#6870));
#6869=COLOUR_RGB('',0.257282019,0.257282019,0.257282019);
#6870=FILL_AREA_STYLE_COLOUR('',#6869);
#6871=STYLED_ITEM('',(#6872),#3012);
#6872=PRESENTATION_STYLE_ASSIGNMENT((#6873));
#6873=SURFACE_STYLE_USAGE(.BOTH.,#6874);
#6874=SURFACE_SIDE_STYLE('',(#6875));
#6875=SURFACE_STYLE_FILL_AREA(#6876);
#6876=FILL_AREA_STYLE('',(#6878));
#6877=COLOUR_RGB('',0.257282019,0.257282019,0.257282019);
#6878=FILL_AREA_STYLE_COLOUR('',#6877);
#6879=STYLED_ITEM('',(#6880),#3067);
#6880=PRESENTATION_STYLE_ASSIGNMENT((#6881));
#6881=SURFACE_STYLE_USAGE(.BOTH.,#6882);
#6882=SURFACE_SIDE_STYLE('',(#6883));
#6883=SURFACE_STYLE_FILL_AREA(#6884);
#6884=FILL_AREA_STYLE('',(#6886));
#6885=COLOUR_RGB('',0.257282019,0.257282019,0.257282019);
#6886=FILL_AREA_STYLE_COLOUR('',#6885);
#6887=STYLED_ITEM('',(#6888),#3089);
#6888=PRESENTATION_STYLE_ASSIGNMENT((#6889));
#6889=SURFACE_STYLE_USAGE(.BOTH.,#6890);
#6890=SURFACE_SIDE_STYLE('',(#6891));
#6891=SURFACE_STYLE_FILL_AREA(#6892);
#6892=FILL_AREA_STYLE('',(#6894));
#6893=COLOUR_RGB('',0.257282019,0.257282019,0.257282019);
#6894=FILL_AREA_STYLE_COLOUR('',#6893);
#6895=STYLED_ITEM('',(#6896),#3129);
#6896=PRESENTATION_STYLE_ASSIGNMENT((#6897));
#6897=SURFACE_STYLE_USAGE(.BOTH.,#6898);
#6898=SURFACE_SIDE_STYLE('',(#6899));
#6899=SURFACE_STYLE_FILL_AREA(#6900);
#6900=FILL_AREA_STYLE('',(#6902));
#6901=COLOUR_RGB('',0.257282019,0.257282019,0.257282019);
#6902=FILL_AREA_STYLE_COLOUR('',#6901);
#6903=STYLED_ITEM('',(#6904),#3146);
#6904=PRESENTATION_STYLE_ASSIGNMENT((#6905));
#6905=SURFACE_STYLE_USAGE(.BOTH.,#6906);
#6906=SURFACE_SIDE_STYLE('',(#6907));
#6907=SURFACE_STYLE_FILL_AREA(#6908);
#6908=FILL_AREA_STYLE('',(#6910));
#6909=COLOUR_RGB('',0.257282019,0.257282019,0.257282019);
#6910=FILL_AREA_STYLE_COLOUR('',#6909);
#6911=STYLED_ITEM('',(#6912),#3177);
#6912=PRESENTATION_STYLE_ASSIGNMENT((#6913));
#6913=SURFACE_STYLE_USAGE(.BOTH.,#6914);
#6914=SURFACE_SIDE_STYLE('',(#6915));
#6915=SURFACE_STYLE_FILL_AREA(#6916);
#6916=FILL_AREA_STYLE('',(#6918));
#6917=COLOUR_RGB('',0.257282019,0.257282019,0.257282019);
#6918=FILL_AREA_STYLE_COLOUR('',#6917);
#6919=STYLED_ITEM('',(#6920),#3216);
#6920=PRESENTATION_STYLE_ASSIGNMENT((#6921));
#6921=SURFACE_STYLE_USAGE(.BOTH.,#6922);
#6922=SURFACE_SIDE_STYLE('',(#6923));
#6923=SURFACE_STYLE_FILL_AREA(#6924);
#6924=FILL_AREA_STYLE('',(#6926));
#6925=COLOUR_RGB('',0.257282019,0.257282019,0.257282019);
#6926=FILL_AREA_STYLE_COLOUR('',#6925);
#6927=STYLED_ITEM('',(#6928),#3247);
#6928=PRESENTATION_STYLE_ASSIGNMENT((#6929));
#6929=SURFACE_STYLE_USAGE(.BOTH.,#6930);
#6930=SURFACE_SIDE_STYLE('',(#6931));
#6931=SURFACE_STYLE_FILL_AREA(#6932);
#6932=FILL_AREA_STYLE('',(#6934));
#6933=COLOUR_RGB('',0.257282019,0.257282019,0.257282019);
#6934=FILL_AREA_STYLE_COLOUR('',#6933);
#6935=STYLED_ITEM('',(#6936),#3287);
#6936=PRESENTATION_STYLE_ASSIGNMENT((#6937));
#6937=SURFACE_STYLE_USAGE(.BOTH.,#6938);
#6938=SURFACE_SIDE_STYLE('',(#6939));
#6939=SURFACE_STYLE_FILL_AREA(#6940);
#6940=FILL_AREA_STYLE('',(#6942));
#6941=COLOUR_RGB('',0.257282019,0.257282019,0.257282019);
#6942=FILL_AREA_STYLE_COLOUR('',#6941);
#6943=STYLED_ITEM('',(#6944),#3311);
#6944=PRESENTATION_STYLE_ASSIGNMENT((#6945));
#6945=SURFACE_STYLE_USAGE(.BOTH.,#6946);
#6946=SURFACE_SIDE_STYLE('',(#6947));
#6947=SURFACE_STYLE_FILL_AREA(#6948);
#6948=FILL_AREA_STYLE('',(#6950));
#6949=COLOUR_RGB('',0.257282019,0.257282019,0.257282019);
#6950=FILL_AREA_STYLE_COLOUR('',#6949);
#6951=STYLED_ITEM('',(#6952),#3328);
#6952=PRESENTATION_STYLE_ASSIGNMENT((#6953));
#6953=SURFACE_STYLE_USAGE(.BOTH.,#6954);
#6954=SURFACE_SIDE_STYLE('',(#6955));
#6955=SURFACE_STYLE_FILL_AREA(#6956);
#6956=FILL_AREA_STYLE('',(#6958));
#6957=COLOUR_RGB('',0.257282019,0.257282019,0.257282019);
#6958=FILL_AREA_STYLE_COLOUR('',#6957);
#6959=STYLED_ITEM('',(#6960),#3352);
#6960=PRESENTATION_STYLE_ASSIGNMENT((#6961));
#6961=SURFACE_STYLE_USAGE(.BOTH.,#6962);
#6962=SURFACE_SIDE_STYLE('',(#6963));
#6963=SURFACE_STYLE_FILL_AREA(#6964);
#6964=FILL_AREA_STYLE('',(#6966));
#6965=COLOUR_RGB('',0.257282019,0.257282019,0.257282019);
#6966=FILL_AREA_STYLE_COLOUR('',#6965);
#6967=STYLED_ITEM('',(#6968),#3400);
#6968=PRESENTATION_STYLE_ASSIGNMENT((#6969));
#6969=SURFACE_STYLE_USAGE(.BOTH.,#6970);
#6970=SURFACE_SIDE_STYLE('',(#6971));
#6971=SURFACE_STYLE_FILL_AREA(#6972);
#6972=FILL_AREA_STYLE('',(#6974));
#6973=COLOUR_RGB('',0.257282019,0.257282019,0.257282019);
#6974=FILL_AREA_STYLE_COLOUR('',#6973);
#6975=STYLED_ITEM('',(#6976),#3417);
#6976=PRESENTATION_STYLE_ASSIGNMENT((#6977));
#6977=SURFACE_STYLE_USAGE(.BOTH.,#6978);
#6978=SURFACE_SIDE_STYLE('',(#6979));
#6979=SURFACE_STYLE_FILL_AREA(#6980);
#6980=FILL_AREA_STYLE('',(#6982));
#6981=COLOUR_RGB('',0.257282019,0.257282019,0.257282019);
#6982=FILL_AREA_STYLE_COLOUR('',#6981);
#6983=STYLED_ITEM('',(#6984),#3507);
#6984=PRESENTATION_STYLE_ASSIGNMENT((#6985));
#6985=SURFACE_STYLE_USAGE(.BOTH.,#6986);
#6986=SURFACE_SIDE_STYLE('',(#6987));
#6987=SURFACE_STYLE_FILL_AREA(#6988);
#6988=FILL_AREA_STYLE('',(#6990));
#6989=COLOUR_RGB('',0.257282019,0.257282019,0.257282019);
#6990=FILL_AREA_STYLE_COLOUR('',#6989);
#6991=STYLED_ITEM('',(#6992),#3538);
#6992=PRESENTATION_STYLE_ASSIGNMENT((#6993));
#6993=SURFACE_STYLE_USAGE(.BOTH.,#6994);
#6994=SURFACE_SIDE_STYLE('',(#6995));
#6995=SURFACE_STYLE_FILL_AREA(#6996);
#6996=FILL_AREA_STYLE('',(#6998));
#6997=COLOUR_RGB('',0.257282019,0.257282019,0.257282019);
#6998=FILL_AREA_STYLE_COLOUR('',#6997);
#6999=STYLED_ITEM('',(#7000),#3562);
#7000=PRESENTATION_STYLE_ASSIGNMENT((#7001));
#7001=SURFACE_STYLE_USAGE(.BOTH.,#7002);
#7002=SURFACE_SIDE_STYLE('',(#7003));
#7003=SURFACE_STYLE_FILL_AREA(#7004);
#7004=FILL_AREA_STYLE('',(#7006));
#7005=COLOUR_RGB('',0.257282019,0.257282019,0.257282019);
#7006=FILL_AREA_STYLE_COLOUR('',#7005);
#7007=STYLED_ITEM('',(#7008),#3641);
#7008=PRESENTATION_STYLE_ASSIGNMENT((#7009));
#7009=SURFACE_STYLE_USAGE(.BOTH.,#7010);
#7010=SURFACE_SIDE_STYLE('',(#7011));
#7011=SURFACE_STYLE_FILL_AREA(#7012);
#7012=FILL_AREA_STYLE('',(#7014));
#7013=COLOUR_RGB('',0.257282019,0.257282019,0.257282019);
#7014=FILL_AREA_STYLE_COLOUR('',#7013);
#7015=STYLED_ITEM('',(#7016),#3658);
#7016=PRESENTATION_STYLE_ASSIGNMENT((#7017));
#7017=SURFACE_STYLE_USAGE(.BOTH.,#7018);
#7018=SURFACE_SIDE_STYLE('',(#7019));
#7019=SURFACE_STYLE_FILL_AREA(#7020);
#7020=FILL_AREA_STYLE('',(#7022));
#7021=COLOUR_RGB('',0.257282019,0.257282019,0.257282019);
#7022=FILL_AREA_STYLE_COLOUR('',#7021);
#7023=STYLED_ITEM('',(#7024),#3670);
#7024=PRESENTATION_STYLE_ASSIGNMENT((#7025));
#7025=SURFACE_STYLE_USAGE(.BOTH.,#7026);
#7026=SURFACE_SIDE_STYLE('',(#7027));
#7027=SURFACE_STYLE_FILL_AREA(#7028);
#7028=FILL_AREA_STYLE('',(#7030));
#7029=COLOUR_RGB('',0.257282019,0.257282019,0.257282019);
#7030=FILL_AREA_STYLE_COLOUR('',#7029);
#7031=STYLED_ITEM('',(#7032),#3682);
#7032=PRESENTATION_STYLE_ASSIGNMENT((#7033));
#7033=SURFACE_STYLE_USAGE(.BOTH.,#7034);
#7034=SURFACE_SIDE_STYLE('',(#7035));
#7035=SURFACE_STYLE_FILL_AREA(#7036);
#7036=FILL_AREA_STYLE('',(#7038));
#7037=COLOUR_RGB('',0.257282019,0.257282019,0.257282019);
#7038=FILL_AREA_STYLE_COLOUR('',#7037);
#7039=STYLED_ITEM('',(#7040),#3694);
#7040=PRESENTATION_STYLE_ASSIGNMENT((#7041));
#7041=SURFACE_STYLE_USAGE(.BOTH.,#7042);
#7042=SURFACE_SIDE_STYLE('',(#7043));
#7043=SURFACE_STYLE_FILL_AREA(#7044);
#7044=FILL_AREA_STYLE('',(#7046));
#7045=COLOUR_RGB('',0.257282019,0.257282019,0.257282019);
#7046=FILL_AREA_STYLE_COLOUR('',#7045);
#7047=STYLED_ITEM('',(#7048),#3727);
#7048=PRESENTATION_STYLE_ASSIGNMENT((#7049));
#7049=SURFACE_STYLE_USAGE(.BOTH.,#7050);
#7050=SURFACE_SIDE_STYLE('',(#7051));
#7051=SURFACE_STYLE_FILL_AREA(#7052);
#7052=FILL_AREA_STYLE('',(#7054));
#7053=COLOUR_RGB('',0.257282019,0.257282019,0.257282019);
#7054=FILL_AREA_STYLE_COLOUR('',#7053);
#7055=STYLED_ITEM('',(#7056),#3744);
#7056=PRESENTATION_STYLE_ASSIGNMENT((#7057));
#7057=SURFACE_STYLE_USAGE(.BOTH.,#7058);
#7058=SURFACE_SIDE_STYLE('',(#7059));
#7059=SURFACE_STYLE_FILL_AREA(#7060);
#7060=FILL_AREA_STYLE('',(#7062));
#7061=COLOUR_RGB('',0.257282019,0.257282019,0.257282019);
#7062=FILL_AREA_STYLE_COLOUR('',#7061);
#7063=STYLED_ITEM('',(#7064),#3756);
#7064=PRESENTATION_STYLE_ASSIGNMENT((#7065));
#7065=SURFACE_STYLE_USAGE(.BOTH.,#7066);
#7066=SURFACE_SIDE_STYLE('',(#7067));
#7067=SURFACE_STYLE_FILL_AREA(#7068);
#7068=FILL_AREA_STYLE('',(#7070));
#7069=COLOUR_RGB('',0.257282019,0.257282019,0.257282019);
#7070=FILL_AREA_STYLE_COLOUR('',#7069);
#7071=STYLED_ITEM('',(#7072),#3787);
#7072=PRESENTATION_STYLE_ASSIGNMENT((#7073));
#7073=SURFACE_STYLE_USAGE(.BOTH.,#7074);
#7074=SURFACE_SIDE_STYLE('',(#7075));
#7075=SURFACE_STYLE_FILL_AREA(#7076);
#7076=FILL_AREA_STYLE('',(#7078));
#7077=COLOUR_RGB('',0.257282019,0.257282019,0.257282019);
#7078=FILL_AREA_STYLE_COLOUR('',#7077);
#7079=STYLED_ITEM('',(#7080),#3804);
#7080=PRESENTATION_STYLE_ASSIGNMENT((#7081));
#7081=SURFACE_STYLE_USAGE(.BOTH.,#7082);
#7082=SURFACE_SIDE_STYLE('',(#7083));
#7083=SURFACE_STYLE_FILL_AREA(#7084);
#7084=FILL_AREA_STYLE('',(#7086));
#7085=COLOUR_RGB('',0.257282019,0.257282019,0.257282019);
#7086=FILL_AREA_STYLE_COLOUR('',#7085);
#7087=STYLED_ITEM('',(#7088),#3829);
#7088=PRESENTATION_STYLE_ASSIGNMENT((#7089));
#7089=SURFACE_STYLE_USAGE(.BOTH.,#7090);
#7090=SURFACE_SIDE_STYLE('',(#7091));
#7091=SURFACE_STYLE_FILL_AREA(#7092);
#7092=FILL_AREA_STYLE('',(#7094));
#7093=COLOUR_RGB('',0.257282019,0.257282019,0.257282019);
#7094=FILL_AREA_STYLE_COLOUR('',#7093);
#7095=STYLED_ITEM('',(#7096),#3841);
#7096=PRESENTATION_STYLE_ASSIGNMENT((#7097));
#7097=SURFACE_STYLE_USAGE(.BOTH.,#7098);
#7098=SURFACE_SIDE_STYLE('',(#7099));
#7099=SURFACE_STYLE_FILL_AREA(#7100);
#7100=FILL_AREA_STYLE('',(#7102));
#7101=COLOUR_RGB('',0.257282019,0.257282019,0.257282019);
#7102=FILL_AREA_STYLE_COLOUR('',#7101);
#7103=STYLED_ITEM('',(#7104),#3853);
#7104=PRESENTATION_STYLE_ASSIGNMENT((#7105));
#7105=SURFACE_STYLE_USAGE(.BOTH.,#7106);
#7106=SURFACE_SIDE_STYLE('',(#7107));
#7107=SURFACE_STYLE_FILL_AREA(#7108);
#7108=FILL_AREA_STYLE('',(#7110));
#7109=COLOUR_RGB('',0.257282019,0.257282019,0.257282019);
#7110=FILL_AREA_STYLE_COLOUR('',#7109);
#7111=STYLED_ITEM('',(#7112),#3865);
#7112=PRESENTATION_STYLE_ASSIGNMENT((#7113));
#7113=SURFACE_STYLE_USAGE(.BOTH.,#7114);
#7114=SURFACE_SIDE_STYLE('',(#7115));
#7115=SURFACE_STYLE_FILL_AREA(#7116);
#7116=FILL_AREA_STYLE('',(#7118));
#7117=COLOUR_RGB('',0.257282019,0.257282019,0.257282019);
#7118=FILL_AREA_STYLE_COLOUR('',#7117);
#7119=STYLED_ITEM('',(#7120),#3877);
#7120=PRESENTATION_STYLE_ASSIGNMENT((#7121));
#7121=SURFACE_STYLE_USAGE(.BOTH.,#7122);
#7122=SURFACE_SIDE_STYLE('',(#7123));
#7123=SURFACE_STYLE_FILL_AREA(#7124);
#7124=FILL_AREA_STYLE('',(#7126));
#7125=COLOUR_RGB('',0.882353008,0.882353008,0.882353008);
#7126=FILL_AREA_STYLE_COLOUR('',#7125);
#7127=STYLED_ITEM('',(#7128),#3908);
#7128=PRESENTATION_STYLE_ASSIGNMENT((#7129));
#7129=SURFACE_STYLE_USAGE(.BOTH.,#7130);
#7130=SURFACE_SIDE_STYLE('',(#7131));
#7131=SURFACE_STYLE_FILL_AREA(#7132);
#7132=FILL_AREA_STYLE('',(#7134));
#7133=COLOUR_RGB('',0.882353008,0.882353008,0.882353008);
#7134=FILL_AREA_STYLE_COLOUR('',#7133);
#7135=STYLED_ITEM('',(#7136),#3932);
#7136=PRESENTATION_STYLE_ASSIGNMENT((#7137));
#7137=SURFACE_STYLE_USAGE(.BOTH.,#7138);
#7138=SURFACE_SIDE_STYLE('',(#7139));
#7139=SURFACE_STYLE_FILL_AREA(#7140);
#7140=FILL_AREA_STYLE('',(#7142));
#7141=COLOUR_RGB('',0.882353008,0.882353008,0.882353008);
#7142=FILL_AREA_STYLE_COLOUR('',#7141);
#7143=STYLED_ITEM('',(#7144),#3956);
#7144=PRESENTATION_STYLE_ASSIGNMENT((#7145));
#7145=SURFACE_STYLE_USAGE(.BOTH.,#7146);
#7146=SURFACE_SIDE_STYLE('',(#7147));
#7147=SURFACE_STYLE_FILL_AREA(#7148);
#7148=FILL_AREA_STYLE('',(#7150));
#7149=COLOUR_RGB('',0.882353008,0.882353008,0.882353008);
#7150=FILL_AREA_STYLE_COLOUR('',#7149);
#7151=STYLED_ITEM('',(#7152),#3980);
#7152=PRESENTATION_STYLE_ASSIGNMENT((#7153));
#7153=SURFACE_STYLE_USAGE(.BOTH.,#7154);
#7154=SURFACE_SIDE_STYLE('',(#7155));
#7155=SURFACE_STYLE_FILL_AREA(#7156);
#7156=FILL_AREA_STYLE('',(#7158));
#7157=COLOUR_RGB('',0.882353008,0.882353008,0.882353008);
#7158=FILL_AREA_STYLE_COLOUR('',#7157);
#7159=STYLED_ITEM('',(#7160),#4004);
#7160=PRESENTATION_STYLE_ASSIGNMENT((#7161));
#7161=SURFACE_STYLE_USAGE(.BOTH.,#7162);
#7162=SURFACE_SIDE_STYLE('',(#7163));
#7163=SURFACE_STYLE_FILL_AREA(#7164);
#7164=FILL_AREA_STYLE('',(#7166));
#7165=COLOUR_RGB('',0.882353008,0.882353008,0.882353008);
#7166=FILL_AREA_STYLE_COLOUR('',#7165);
#7167=STYLED_ITEM('',(#7168),#4021);
#7168=PRESENTATION_STYLE_ASSIGNMENT((#7169));
#7169=SURFACE_STYLE_USAGE(.BOTH.,#7170);
#7170=SURFACE_SIDE_STYLE('',(#7171));
#7171=SURFACE_STYLE_FILL_AREA(#7172);
#7172=FILL_AREA_STYLE('',(#7174));
#7173=COLOUR_RGB('',0.882353008,0.882353008,0.882353008);
#7174=FILL_AREA_STYLE_COLOUR('',#7173);
#7175=STYLED_ITEM('',(#7176),#4035);
#7176=PRESENTATION_STYLE_ASSIGNMENT((#7177));
#7177=SURFACE_STYLE_USAGE(.BOTH.,#7178);
#7178=SURFACE_SIDE_STYLE('',(#7179));
#7179=SURFACE_STYLE_FILL_AREA(#7180);
#7180=FILL_AREA_STYLE('',(#7182));
#7181=COLOUR_RGB('',0.882353008,0.882353008,0.882353008);
#7182=FILL_AREA_STYLE_COLOUR('',#7181);
#7183=STYLED_ITEM('',(#7184),#4354);
#7184=PRESENTATION_STYLE_ASSIGNMENT((#7185));
#7185=SURFACE_STYLE_USAGE(.BOTH.,#7186);
#7186=SURFACE_SIDE_STYLE('',(#7187));
#7187=SURFACE_STYLE_FILL_AREA(#7188);
#7188=FILL_AREA_STYLE('',(#7190));
#7189=COLOUR_RGB('',0.882353008,0.882353008,0.882353008);
#7190=FILL_AREA_STYLE_COLOUR('',#7189);
#7191=STYLED_ITEM('',(#7192),#4458);
#7192=PRESENTATION_STYLE_ASSIGNMENT((#7193));
#7193=SURFACE_STYLE_USAGE(.BOTH.,#7194);
#7194=SURFACE_SIDE_STYLE('',(#7195));
#7195=SURFACE_STYLE_FILL_AREA(#7196);
#7196=FILL_AREA_STYLE('',(#7198));
#7197=COLOUR_RGB('',0.882353008,0.882353008,0.882353008);
#7198=FILL_AREA_STYLE_COLOUR('',#7197);
#7199=STYLED_ITEM('',(#7200),#4676);
#7200=PRESENTATION_STYLE_ASSIGNMENT((#7201));
#7201=SURFACE_STYLE_USAGE(.BOTH.,#7202);
#7202=SURFACE_SIDE_STYLE('',(#7203));
#7203=SURFACE_STYLE_FILL_AREA(#7204);
#7204=FILL_AREA_STYLE('',(#7206));
#7205=COLOUR_RGB('',0.882353008,0.882353008,0.882353008);
#7206=FILL_AREA_STYLE_COLOUR('',#7205);
#7207=STYLED_ITEM('',(#7208),#4774);
#7208=PRESENTATION_STYLE_ASSIGNMENT((#7209));
#7209=SURFACE_STYLE_USAGE(.BOTH.,#7210);
#7210=SURFACE_SIDE_STYLE('',(#7211));
#7211=SURFACE_STYLE_FILL_AREA(#7212);
#7212=FILL_AREA_STYLE('',(#7214));
#7213=COLOUR_RGB('',0.882353008,0.882353008,0.882353008);
#7214=FILL_AREA_STYLE_COLOUR('',#7213);
#7215=STYLED_ITEM('',(#7216),#4796);
#7216=PRESENTATION_STYLE_ASSIGNMENT((#7217));
#7217=SURFACE_STYLE_USAGE(.BOTH.,#7218);
#7218=SURFACE_SIDE_STYLE('',(#7219));
#7219=SURFACE_STYLE_FILL_AREA(#7220);
#7220=FILL_AREA_STYLE('',(#7222));
#7221=COLOUR_RGB('',0.882353008,0.882353008,0.882353008);
#7222=FILL_AREA_STYLE_COLOUR('',#7221);
#7223=STYLED_ITEM('',(#7224),#4813);
#7224=PRESENTATION_STYLE_ASSIGNMENT((#7225));
#7225=SURFACE_STYLE_USAGE(.BOTH.,#7226);
#7226=SURFACE_SIDE_STYLE('',(#7227));
#7227=SURFACE_STYLE_FILL_AREA(#7228);
#7228=FILL_AREA_STYLE('',(#7230));
#7229=COLOUR_RGB('',0.882353008,0.882353008,0.882353008);
#7230=FILL_AREA_STYLE_COLOUR('',#7229);
#7231=STYLED_ITEM('',(#7232),#4830);
#7232=PRESENTATION_STYLE_ASSIGNMENT((#7233));
#7233=SURFACE_STYLE_USAGE(.BOTH.,#7234);
#7234=SURFACE_SIDE_STYLE('',(#7235));
#7235=SURFACE_STYLE_FILL_AREA(#7236);
#7236=FILL_AREA_STYLE('',(#7238));
#7237=COLOUR_RGB('',0.882353008,0.882353008,0.882353008);
#7238=FILL_AREA_STYLE_COLOUR('',#7237);
#7239=STYLED_ITEM('',(#7240),#4847);
#7240=PRESENTATION_STYLE_ASSIGNMENT((#7241));
#7241=SURFACE_STYLE_USAGE(.BOTH.,#7242);
#7242=SURFACE_SIDE_STYLE('',(#7243));
#7243=SURFACE_STYLE_FILL_AREA(#7244);
#7244=FILL_AREA_STYLE('',(#7246));
#7245=COLOUR_RGB('',0.882353008,0.882353008,0.882353008);
#7246=FILL_AREA_STYLE_COLOUR('',#7245);
#7247=STYLED_ITEM('',(#7248),#4864);
#7248=PRESENTATION_STYLE_ASSIGNMENT((#7249));
#7249=SURFACE_STYLE_USAGE(.BOTH.,#7250);
#7250=SURFACE_SIDE_STYLE('',(#7251));
#7251=SURFACE_STYLE_FILL_AREA(#7252);
#7252=FILL_AREA_STYLE('',(#7254));
#7253=COLOUR_RGB('',0.882353008,0.882353008,0.882353008);
#7254=FILL_AREA_STYLE_COLOUR('',#7253);
#7255=STYLED_ITEM('',(#7256),#4881);
#7256=PRESENTATION_STYLE_ASSIGNMENT((#7257));
#7257=SURFACE_STYLE_USAGE(.BOTH.,#7258);
#7258=SURFACE_SIDE_STYLE('',(#7259));
#7259=SURFACE_STYLE_FILL_AREA(#7260);
#7260=FILL_AREA_STYLE('',(#7262));
#7261=COLOUR_RGB('',0.882353008,0.882353008,0.882353008);
#7262=FILL_AREA_STYLE_COLOUR('',#7261);
#7263=STYLED_ITEM('',(#7264),#4898);
#7264=PRESENTATION_STYLE_ASSIGNMENT((#7265));
#7265=SURFACE_STYLE_USAGE(.BOTH.,#7266);
#7266=SURFACE_SIDE_STYLE('',(#7267));
#7267=SURFACE_STYLE_FILL_AREA(#7268);
#7268=FILL_AREA_STYLE('',(#7270));
#7269=COLOUR_RGB('',0.882353008,0.882353008,0.882353008);
#7270=FILL_AREA_STYLE_COLOUR('',#7269);
#7271=STYLED_ITEM('',(#7272),#4915);
#7272=PRESENTATION_STYLE_ASSIGNMENT((#7273));
#7273=SURFACE_STYLE_USAGE(.BOTH.,#7274);
#7274=SURFACE_SIDE_STYLE('',(#7275));
#7275=SURFACE_STYLE_FILL_AREA(#7276);
#7276=FILL_AREA_STYLE('',(#7278));
#7277=COLOUR_RGB('',0.882353008,0.882353008,0.882353008);
#7278=FILL_AREA_STYLE_COLOUR('',#7277);
#7279=STYLED_ITEM('',(#7280),#4932);
#7280=PRESENTATION_STYLE_ASSIGNMENT((#7281));
#7281=SURFACE_STYLE_USAGE(.BOTH.,#7282);
#7282=SURFACE_SIDE_STYLE('',(#7283));
#7283=SURFACE_STYLE_FILL_AREA(#7284);
#7284=FILL_AREA_STYLE('',(#7286));
#7285=COLOUR_RGB('',0.882353008,0.882353008,0.882353008);
#7286=FILL_AREA_STYLE_COLOUR('',#7285);
#7287=STYLED_ITEM('',(#7288),#4944);
#7288=PRESENTATION_STYLE_ASSIGNMENT((#7289));
#7289=SURFACE_STYLE_USAGE(.BOTH.,#7290);
#7290=SURFACE_SIDE_STYLE('',(#7291));
#7291=SURFACE_STYLE_FILL_AREA(#7292);
#7292=FILL_AREA_STYLE('',(#7294));
#7293=COLOUR_RGB('',0.882353008,0.882353008,0.882353008);
#7294=FILL_AREA_STYLE_COLOUR('',#7293);
#7295=STYLED_ITEM('',(#7296),#4961);
#7296=PRESENTATION_STYLE_ASSIGNMENT((#7297));
#7297=SURFACE_STYLE_USAGE(.BOTH.,#7298);
#7298=SURFACE_SIDE_STYLE('',(#7299));
#7299=SURFACE_STYLE_FILL_AREA(#7300);
#7300=FILL_AREA_STYLE('',(#7302));
#7301=COLOUR_RGB('',0.882353008,0.882353008,0.882353008);
#7302=FILL_AREA_STYLE_COLOUR('',#7301);
#7303=STYLED_ITEM('',(#7304),#4978);
#7304=PRESENTATION_STYLE_ASSIGNMENT((#7305));
#7305=SURFACE_STYLE_USAGE(.BOTH.,#7306);
#7306=SURFACE_SIDE_STYLE('',(#7307));
#7307=SURFACE_STYLE_FILL_AREA(#7308);
#7308=FILL_AREA_STYLE('',(#7310));
#7309=COLOUR_RGB('',0.882353008,0.882353008,0.882353008);
#7310=FILL_AREA_STYLE_COLOUR('',#7309);
#7311=STYLED_ITEM('',(#7312),#4995);
#7312=PRESENTATION_STYLE_ASSIGNMENT((#7313));
#7313=SURFACE_STYLE_USAGE(.BOTH.,#7314);
#7314=SURFACE_SIDE_STYLE('',(#7315));
#7315=SURFACE_STYLE_FILL_AREA(#7316);
#7316=FILL_AREA_STYLE('',(#7318));
#7317=COLOUR_RGB('',0.882353008,0.882353008,0.882353008);
#7318=FILL_AREA_STYLE_COLOUR('',#7317);
#7319=STYLED_ITEM('',(#7320),#5012);
#7320=PRESENTATION_STYLE_ASSIGNMENT((#7321));
#7321=SURFACE_STYLE_USAGE(.BOTH.,#7322);
#7322=SURFACE_SIDE_STYLE('',(#7323));
#7323=SURFACE_STYLE_FILL_AREA(#7324);
#7324=FILL_AREA_STYLE('',(#7326));
#7325=COLOUR_RGB('',0.882353008,0.882353008,0.882353008);
#7326=FILL_AREA_STYLE_COLOUR('',#7325);
#7327=STYLED_ITEM('',(#7328),#5029);
#7328=PRESENTATION_STYLE_ASSIGNMENT((#7329));
#7329=SURFACE_STYLE_USAGE(.BOTH.,#7330);
#7330=SURFACE_SIDE_STYLE('',(#7331));
#7331=SURFACE_STYLE_FILL_AREA(#7332);
#7332=FILL_AREA_STYLE('',(#7334));
#7333=COLOUR_RGB('',0.882353008,0.882353008,0.882353008);
#7334=FILL_AREA_STYLE_COLOUR('',#7333);
#7335=STYLED_ITEM('',(#7336),#5046);
#7336=PRESENTATION_STYLE_ASSIGNMENT((#7337));
#7337=SURFACE_STYLE_USAGE(.BOTH.,#7338);
#7338=SURFACE_SIDE_STYLE('',(#7339));
#7339=SURFACE_STYLE_FILL_AREA(#7340);
#7340=FILL_AREA_STYLE('',(#7342));
#7341=COLOUR_RGB('',0.882353008,0.882353008,0.882353008);
#7342=FILL_AREA_STYLE_COLOUR('',#7341);
#7343=STYLED_ITEM('',(#7344),#5063);
#7344=PRESENTATION_STYLE_ASSIGNMENT((#7345));
#7345=SURFACE_STYLE_USAGE(.BOTH.,#7346);
#7346=SURFACE_SIDE_STYLE('',(#7347));
#7347=SURFACE_STYLE_FILL_AREA(#7348);
#7348=FILL_AREA_STYLE('',(#7350));
#7349=COLOUR_RGB('',0.882353008,0.882353008,0.882353008);
#7350=FILL_AREA_STYLE_COLOUR('',#7349);
#7351=STYLED_ITEM('',(#7352),#5080);
#7352=PRESENTATION_STYLE_ASSIGNMENT((#7353));
#7353=SURFACE_STYLE_USAGE(.BOTH.,#7354);
#7354=SURFACE_SIDE_STYLE('',(#7355));
#7355=SURFACE_STYLE_FILL_AREA(#7356);
#7356=FILL_AREA_STYLE('',(#7358));
#7357=COLOUR_RGB('',0.882353008,0.882353008,0.882353008);
#7358=FILL_AREA_STYLE_COLOUR('',#7357);
#7359=STYLED_ITEM('',(#7360),#5097);
#7360=PRESENTATION_STYLE_ASSIGNMENT((#7361));
#7361=SURFACE_STYLE_USAGE(.BOTH.,#7362);
#7362=SURFACE_SIDE_STYLE('',(#7363));
#7363=SURFACE_STYLE_FILL_AREA(#7364);
#7364=FILL_AREA_STYLE('',(#7366));
#7365=COLOUR_RGB('',0.882353008,0.882353008,0.882353008);
#7366=FILL_AREA_STYLE_COLOUR('',#7365);
#7367=STYLED_ITEM('',(#7368),#5114);
#7368=PRESENTATION_STYLE_ASSIGNMENT((#7369));
#7369=SURFACE_STYLE_USAGE(.BOTH.,#7370);
#7370=SURFACE_SIDE_STYLE('',(#7371));
#7371=SURFACE_STYLE_FILL_AREA(#7372);
#7372=FILL_AREA_STYLE('',(#7374));
#7373=COLOUR_RGB('',0.882353008,0.882353008,0.882353008);
#7374=FILL_AREA_STYLE_COLOUR('',#7373);
#7375=STYLED_ITEM('',(#7376),#5131);
#7376=PRESENTATION_STYLE_ASSIGNMENT((#7377));
#7377=SURFACE_STYLE_USAGE(.BOTH.,#7378);
#7378=SURFACE_SIDE_STYLE('',(#7379));
#7379=SURFACE_STYLE_FILL_AREA(#7380);
#7380=FILL_AREA_STYLE('',(#7382));
#7381=COLOUR_RGB('',0.882353008,0.882353008,0.882353008);
#7382=FILL_AREA_STYLE_COLOUR('',#7381);
#7383=STYLED_ITEM('',(#7384),#5148);
#7384=PRESENTATION_STYLE_ASSIGNMENT((#7385));
#7385=SURFACE_STYLE_USAGE(.BOTH.,#7386);
#7386=SURFACE_SIDE_STYLE('',(#7387));
#7387=SURFACE_STYLE_FILL_AREA(#7388);
#7388=FILL_AREA_STYLE('',(#7390));
#7389=COLOUR_RGB('',0.882353008,0.882353008,0.882353008);
#7390=FILL_AREA_STYLE_COLOUR('',#7389);
#7391=STYLED_ITEM('',(#7392),#5165);
#7392=PRESENTATION_STYLE_ASSIGNMENT((#7393));
#7393=SURFACE_STYLE_USAGE(.BOTH.,#7394);
#7394=SURFACE_SIDE_STYLE('',(#7395));
#7395=SURFACE_STYLE_FILL_AREA(#7396);
#7396=FILL_AREA_STYLE('',(#7398));
#7397=COLOUR_RGB('',0.882353008,0.882353008,0.882353008);
#7398=FILL_AREA_STYLE_COLOUR('',#7397);
#7399=STYLED_ITEM('',(#7400),#5182);
#7400=PRESENTATION_STYLE_ASSIGNMENT((#7401));
#7401=SURFACE_STYLE_USAGE(.BOTH.,#7402);
#7402=SURFACE_SIDE_STYLE('',(#7403));
#7403=SURFACE_STYLE_FILL_AREA(#7404);
#7404=FILL_AREA_STYLE('',(#7406));
#7405=COLOUR_RGB('',0.882353008,0.882353008,0.882353008);
#7406=FILL_AREA_STYLE_COLOUR('',#7405);
#7407=STYLED_ITEM('',(#7408),#5199);
#7408=PRESENTATION_STYLE_ASSIGNMENT((#7409));
#7409=SURFACE_STYLE_USAGE(.BOTH.,#7410);
#7410=SURFACE_SIDE_STYLE('',(#7411));
#7411=SURFACE_STYLE_FILL_AREA(#7412);
#7412=FILL_AREA_STYLE('',(#7414));
#7413=COLOUR_RGB('',0.882353008,0.882353008,0.882353008);
#7414=FILL_AREA_STYLE_COLOUR('',#7413);
#7415=STYLED_ITEM('',(#7416),#5216);
#7416=PRESENTATION_STYLE_ASSIGNMENT((#7417));
#7417=SURFACE_STYLE_USAGE(.BOTH.,#7418);
#7418=SURFACE_SIDE_STYLE('',(#7419));
#7419=SURFACE_STYLE_FILL_AREA(#7420);
#7420=FILL_AREA_STYLE('',(#7422));
#7421=COLOUR_RGB('',0.882353008,0.882353008,0.882353008);
#7422=FILL_AREA_STYLE_COLOUR('',#7421);
#7423=STYLED_ITEM('',(#7424),#5233);
#7424=PRESENTATION_STYLE_ASSIGNMENT((#7425));
#7425=SURFACE_STYLE_USAGE(.BOTH.,#7426);
#7426=SURFACE_SIDE_STYLE('',(#7427));
#7427=SURFACE_STYLE_FILL_AREA(#7428);
#7428=FILL_AREA_STYLE('',(#7430));
#7429=COLOUR_RGB('',0.882353008,0.882353008,0.882353008);
#7430=FILL_AREA_STYLE_COLOUR('',#7429);
#7431=STYLED_ITEM('',(#7432),#5250);
#7432=PRESENTATION_STYLE_ASSIGNMENT((#7433));
#7433=SURFACE_STYLE_USAGE(.BOTH.,#7434);
#7434=SURFACE_SIDE_STYLE('',(#7435));
#7435=SURFACE_STYLE_FILL_AREA(#7436);
#7436=FILL_AREA_STYLE('',(#7438));
#7437=COLOUR_RGB('',0.882353008,0.882353008,0.882353008);
#7438=FILL_AREA_STYLE_COLOUR('',#7437);
#7439=STYLED_ITEM('',(#7440),#5267);
#7440=PRESENTATION_STYLE_ASSIGNMENT((#7441));
#7441=SURFACE_STYLE_USAGE(.BOTH.,#7442);
#7442=SURFACE_SIDE_STYLE('',(#7443));
#7443=SURFACE_STYLE_FILL_AREA(#7444);
#7444=FILL_AREA_STYLE('',(#7446));
#7445=COLOUR_RGB('',0.882353008,0.882353008,0.882353008);
#7446=FILL_AREA_STYLE_COLOUR('',#7445);
#7447=STYLED_ITEM('',(#7448),#5284);
#7448=PRESENTATION_STYLE_ASSIGNMENT((#7449));
#7449=SURFACE_STYLE_USAGE(.BOTH.,#7450);
#7450=SURFACE_SIDE_STYLE('',(#7451));
#7451=SURFACE_STYLE_FILL_AREA(#7452);
#7452=FILL_AREA_STYLE('',(#7454));
#7453=COLOUR_RGB('',0.882353008,0.882353008,0.882353008);
#7454=FILL_AREA_STYLE_COLOUR('',#7453);
#7455=STYLED_ITEM('',(#7456),#5301);
#7456=PRESENTATION_STYLE_ASSIGNMENT((#7457));
#7457=SURFACE_STYLE_USAGE(.BOTH.,#7458);
#7458=SURFACE_SIDE_STYLE('',(#7459));
#7459=SURFACE_STYLE_FILL_AREA(#7460);
#7460=FILL_AREA_STYLE('',(#7462));
#7461=COLOUR_RGB('',0.882353008,0.882353008,0.882353008);
#7462=FILL_AREA_STYLE_COLOUR('',#7461);
#7463=STYLED_ITEM('',(#7464),#5318);
#7464=PRESENTATION_STYLE_ASSIGNMENT((#7465));
#7465=SURFACE_STYLE_USAGE(.BOTH.,#7466);
#7466=SURFACE_SIDE_STYLE('',(#7467));
#7467=SURFACE_STYLE_FILL_AREA(#7468);
#7468=FILL_AREA_STYLE('',(#7470));
#7469=COLOUR_RGB('',0.882353008,0.882353008,0.882353008);
#7470=FILL_AREA_STYLE_COLOUR('',#7469);
#7471=STYLED_ITEM('',(#7472),#5335);
#7472=PRESENTATION_STYLE_ASSIGNMENT((#7473));
#7473=SURFACE_STYLE_USAGE(.BOTH.,#7474);
#7474=SURFACE_SIDE_STYLE('',(#7475));
#7475=SURFACE_STYLE_FILL_AREA(#7476);
#7476=FILL_AREA_STYLE('',(#7478));
#7477=COLOUR_RGB('',0.882353008,0.882353008,0.882353008);
#7478=FILL_AREA_STYLE_COLOUR('',#7477);
#7479=STYLED_ITEM('',(#7480),#5352);
#7480=PRESENTATION_STYLE_ASSIGNMENT((#7481));
#7481=SURFACE_STYLE_USAGE(.BOTH.,#7482);
#7482=SURFACE_SIDE_STYLE('',(#7483));
#7483=SURFACE_STYLE_FILL_AREA(#7484);
#7484=FILL_AREA_STYLE('',(#7486));
#7485=COLOUR_RGB('',0.882353008,0.882353008,0.882353008);
#7486=FILL_AREA_STYLE_COLOUR('',#7485);
#7487=STYLED_ITEM('',(#7488),#5369);
#7488=PRESENTATION_STYLE_ASSIGNMENT((#7489));
#7489=SURFACE_STYLE_USAGE(.BOTH.,#7490);
#7490=SURFACE_SIDE_STYLE('',(#7491));
#7491=SURFACE_STYLE_FILL_AREA(#7492);
#7492=FILL_AREA_STYLE('',(#7494));
#7493=COLOUR_RGB('',0.882353008,0.882353008,0.882353008);
#7494=FILL_AREA_STYLE_COLOUR('',#7493);
#7495=STYLED_ITEM('',(#7496),#5386);
#7496=PRESENTATION_STYLE_ASSIGNMENT((#7497));
#7497=SURFACE_STYLE_USAGE(.BOTH.,#7498);
#7498=SURFACE_SIDE_STYLE('',(#7499));
#7499=SURFACE_STYLE_FILL_AREA(#7500);
#7500=FILL_AREA_STYLE('',(#7502));
#7501=COLOUR_RGB('',0.882353008,0.882353008,0.882353008);
#7502=FILL_AREA_STYLE_COLOUR('',#7501);
#7503=STYLED_ITEM('',(#7504),#5403);
#7504=PRESENTATION_STYLE_ASSIGNMENT((#7505));
#7505=SURFACE_STYLE_USAGE(.BOTH.,#7506);
#7506=SURFACE_SIDE_STYLE('',(#7507));
#7507=SURFACE_STYLE_FILL_AREA(#7508);
#7508=FILL_AREA_STYLE('',(#7510));
#7509=COLOUR_RGB('',0.882353008,0.882353008,0.882353008);
#7510=FILL_AREA_STYLE_COLOUR('',#7509);
#7511=STYLED_ITEM('',(#7512),#5420);
#7512=PRESENTATION_STYLE_ASSIGNMENT((#7513));
#7513=SURFACE_STYLE_USAGE(.BOTH.,#7514);
#7514=SURFACE_SIDE_STYLE('',(#7515));
#7515=SURFACE_STYLE_FILL_AREA(#7516);
#7516=FILL_AREA_STYLE('',(#7518));
#7517=COLOUR_RGB('',0.882353008,0.882353008,0.882353008);
#7518=FILL_AREA_STYLE_COLOUR('',#7517);
#7519=STYLED_ITEM('',(#7520),#5432);
#7520=PRESENTATION_STYLE_ASSIGNMENT((#7521));
#7521=SURFACE_STYLE_USAGE(.BOTH.,#7522);
#7522=SURFACE_SIDE_STYLE('',(#7523));
#7523=SURFACE_STYLE_FILL_AREA(#7524);
#7524=FILL_AREA_STYLE('',(#7526));
#7525=COLOUR_RGB('',0.882353008,0.882353008,0.882353008);
#7526=FILL_AREA_STYLE_COLOUR('',#7525);
#7527=STYLED_ITEM('',(#7528),#5454);
#7528=PRESENTATION_STYLE_ASSIGNMENT((#7529));
#7529=SURFACE_STYLE_USAGE(.BOTH.,#7530);
#7530=SURFACE_SIDE_STYLE('',(#7531));
#7531=SURFACE_STYLE_FILL_AREA(#7532);
#7532=FILL_AREA_STYLE('',(#7534));
#7533=COLOUR_RGB('',0.882353008,0.882353008,0.882353008);
#7534=FILL_AREA_STYLE_COLOUR('',#7533);
#7535=STYLED_ITEM('',(#7536),#5471);
#7536=PRESENTATION_STYLE_ASSIGNMENT((#7537));
#7537=SURFACE_STYLE_USAGE(.BOTH.,#7538);
#7538=SURFACE_SIDE_STYLE('',(#7539));
#7539=SURFACE_STYLE_FILL_AREA(#7540);
#7540=FILL_AREA_STYLE('',(#7542));
#7541=COLOUR_RGB('',0.882353008,0.882353008,0.882353008);
#7542=FILL_AREA_STYLE_COLOUR('',#7541);
#7543=STYLED_ITEM('',(#7544),#5488);
#7544=PRESENTATION_STYLE_ASSIGNMENT((#7545));
#7545=SURFACE_STYLE_USAGE(.BOTH.,#7546);
#7546=SURFACE_SIDE_STYLE('',(#7547));
#7547=SURFACE_STYLE_FILL_AREA(#7548);
#7548=FILL_AREA_STYLE('',(#7550));
#7549=COLOUR_RGB('',0.882353008,0.882353008,0.882353008);
#7550=FILL_AREA_STYLE_COLOUR('',#7549);
#7551=STYLED_ITEM('',(#7552),#5505);
#7552=PRESENTATION_STYLE_ASSIGNMENT((#7553));
#7553=SURFACE_STYLE_USAGE(.BOTH.,#7554);
#7554=SURFACE_SIDE_STYLE('',(#7555));
#7555=SURFACE_STYLE_FILL_AREA(#7556);
#7556=FILL_AREA_STYLE('',(#7558));
#7557=COLOUR_RGB('',0.882353008,0.882353008,0.882353008);
#7558=FILL_AREA_STYLE_COLOUR('',#7557);
#7559=STYLED_ITEM('',(#7560),#5522);
#7560=PRESENTATION_STYLE_ASSIGNMENT((#7561));
#7561=SURFACE_STYLE_USAGE(.BOTH.,#7562);
#7562=SURFACE_SIDE_STYLE('',(#7563));
#7563=SURFACE_STYLE_FILL_AREA(#7564);
#7564=FILL_AREA_STYLE('',(#7566));
#7565=COLOUR_RGB('',0.882353008,0.882353008,0.882353008);
#7566=FILL_AREA_STYLE_COLOUR('',#7565);
#7567=STYLED_ITEM('',(#7568),#5539);
#7568=PRESENTATION_STYLE_ASSIGNMENT((#7569));
#7569=SURFACE_STYLE_USAGE(.BOTH.,#7570);
#7570=SURFACE_SIDE_STYLE('',(#7571));
#7571=SURFACE_STYLE_FILL_AREA(#7572);
#7572=FILL_AREA_STYLE('',(#7574));
#7573=COLOUR_RGB('',0.882353008,0.882353008,0.882353008);
#7574=FILL_AREA_STYLE_COLOUR('',#7573);
#7575=STYLED_ITEM('',(#7576),#5556);
#7576=PRESENTATION_STYLE_ASSIGNMENT((#7577));
#7577=SURFACE_STYLE_USAGE(.BOTH.,#7578);
#7578=SURFACE_SIDE_STYLE('',(#7579));
#7579=SURFACE_STYLE_FILL_AREA(#7580);
#7580=FILL_AREA_STYLE('',(#7582));
#7581=COLOUR_RGB('',0.882353008,0.882353008,0.882353008);
#7582=FILL_AREA_STYLE_COLOUR('',#7581);
#7583=STYLED_ITEM('',(#7584),#5573);
#7584=PRESENTATION_STYLE_ASSIGNMENT((#7585));
#7585=SURFACE_STYLE_USAGE(.BOTH.,#7586);
#7586=SURFACE_SIDE_STYLE('',(#7587));
#7587=SURFACE_STYLE_FILL_AREA(#7588);
#7588=FILL_AREA_STYLE('',(#7590));
#7589=COLOUR_RGB('',0.882353008,0.882353008,0.882353008);
#7590=FILL_AREA_STYLE_COLOUR('',#7589);
#7591=STYLED_ITEM('',(#7592),#5590);
#7592=PRESENTATION_STYLE_ASSIGNMENT((#7593));
#7593=SURFACE_STYLE_USAGE(.BOTH.,#7594);
#7594=SURFACE_SIDE_STYLE('',(#7595));
#7595=SURFACE_STYLE_FILL_AREA(#7596);
#7596=FILL_AREA_STYLE('',(#7598));
#7597=COLOUR_RGB('',0.882353008,0.882353008,0.882353008);
#7598=FILL_AREA_STYLE_COLOUR('',#7597);
#7599=STYLED_ITEM('',(#7600),#5607);
#7600=PRESENTATION_STYLE_ASSIGNMENT((#7601));
#7601=SURFACE_STYLE_USAGE(.BOTH.,#7602);
#7602=SURFACE_SIDE_STYLE('',(#7603));
#7603=SURFACE_STYLE_FILL_AREA(#7604);
#7604=FILL_AREA_STYLE('',(#7606));
#7605=COLOUR_RGB('',0.882353008,0.882353008,0.882353008);
#7606=FILL_AREA_STYLE_COLOUR('',#7605);
#7607=STYLED_ITEM('',(#7608),#5624);
#7608=PRESENTATION_STYLE_ASSIGNMENT((#7609));
#7609=SURFACE_STYLE_USAGE(.BOTH.,#7610);
#7610=SURFACE_SIDE_STYLE('',(#7611));
#7611=SURFACE_STYLE_FILL_AREA(#7612);
#7612=FILL_AREA_STYLE('',(#7614));
#7613=COLOUR_RGB('',0.882353008,0.882353008,0.882353008);
#7614=FILL_AREA_STYLE_COLOUR('',#7613);
#7615=STYLED_ITEM('',(#7616),#5636);
#7616=PRESENTATION_STYLE_ASSIGNMENT((#7617));
#7617=SURFACE_STYLE_USAGE(.BOTH.,#7618);
#7618=SURFACE_SIDE_STYLE('',(#7619));
#7619=SURFACE_STYLE_FILL_AREA(#7620);
#7620=FILL_AREA_STYLE('',(#7622));
#7621=COLOUR_RGB('',0.882353008,0.882353008,0.882353008);
#7622=FILL_AREA_STYLE_COLOUR('',#7621);
#7623=STYLED_ITEM('',(#7624),#5658);
#7624=PRESENTATION_STYLE_ASSIGNMENT((#7625));
#7625=SURFACE_STYLE_USAGE(.BOTH.,#7626);
#7626=SURFACE_SIDE_STYLE('',(#7627));
#7627=SURFACE_STYLE_FILL_AREA(#7628);
#7628=FILL_AREA_STYLE('',(#7630));
#7629=COLOUR_RGB('',0.882353008,0.882353008,0.882353008);
#7630=FILL_AREA_STYLE_COLOUR('',#7629);
#7631=STYLED_ITEM('',(#7632),#5675);
#7632=PRESENTATION_STYLE_ASSIGNMENT((#7633));
#7633=SURFACE_STYLE_USAGE(.BOTH.,#7634);
#7634=SURFACE_SIDE_STYLE('',(#7635));
#7635=SURFACE_STYLE_FILL_AREA(#7636);
#7636=FILL_AREA_STYLE('',(#7638));
#7637=COLOUR_RGB('',0.882353008,0.882353008,0.882353008);
#7638=FILL_AREA_STYLE_COLOUR('',#7637);
#7639=STYLED_ITEM('',(#7640),#5692);
#7640=PRESENTATION_STYLE_ASSIGNMENT((#7641));
#7641=SURFACE_STYLE_USAGE(.BOTH.,#7642);
#7642=SURFACE_SIDE_STYLE('',(#7643));
#7643=SURFACE_STYLE_FILL_AREA(#7644);
#7644=FILL_AREA_STYLE('',(#7646));
#7645=COLOUR_RGB('',0.882353008,0.882353008,0.882353008);
#7646=FILL_AREA_STYLE_COLOUR('',#7645);
#7647=STYLED_ITEM('',(#7648),#5709);
#7648=PRESENTATION_STYLE_ASSIGNMENT((#7649));
#7649=SURFACE_STYLE_USAGE(.BOTH.,#7650);
#7650=SURFACE_SIDE_STYLE('',(#7651));
#7651=SURFACE_STYLE_FILL_AREA(#7652);
#7652=FILL_AREA_STYLE('',(#7654));
#7653=COLOUR_RGB('',0.882353008,0.882353008,0.882353008);
#7654=FILL_AREA_STYLE_COLOUR('',#7653);
#7655=STYLED_ITEM('',(#7656),#5726);
#7656=PRESENTATION_STYLE_ASSIGNMENT((#7657));
#7657=SURFACE_STYLE_USAGE(.BOTH.,#7658);
#7658=SURFACE_SIDE_STYLE('',(#7659));
#7659=SURFACE_STYLE_FILL_AREA(#7660);
#7660=FILL_AREA_STYLE('',(#7662));
#7661=COLOUR_RGB('',0.882353008,0.882353008,0.882353008);
#7662=FILL_AREA_STYLE_COLOUR('',#7661);
#7663=STYLED_ITEM('',(#7664),#5743);
#7664=PRESENTATION_STYLE_ASSIGNMENT((#7665));
#7665=SURFACE_STYLE_USAGE(.BOTH.,#7666);
#7666=SURFACE_SIDE_STYLE('',(#7667));
#7667=SURFACE_STYLE_FILL_AREA(#7668);
#7668=FILL_AREA_STYLE('',(#7670));
#7669=COLOUR_RGB('',0.882353008,0.882353008,0.882353008);
#7670=FILL_AREA_STYLE_COLOUR('',#7669);
#7671=STYLED_ITEM('',(#7672),#5760);
#7672=PRESENTATION_STYLE_ASSIGNMENT((#7673));
#7673=SURFACE_STYLE_USAGE(.BOTH.,#7674);
#7674=SURFACE_SIDE_STYLE('',(#7675));
#7675=SURFACE_STYLE_FILL_AREA(#7676);
#7676=FILL_AREA_STYLE('',(#7678));
#7677=COLOUR_RGB('',0.882353008,0.882353008,0.882353008);
#7678=FILL_AREA_STYLE_COLOUR('',#7677);
#7679=STYLED_ITEM('',(#7680),#5777);
#7680=PRESENTATION_STYLE_ASSIGNMENT((#7681));
#7681=SURFACE_STYLE_USAGE(.BOTH.,#7682);
#7682=SURFACE_SIDE_STYLE('',(#7683));
#7683=SURFACE_STYLE_FILL_AREA(#7684);
#7684=FILL_AREA_STYLE('',(#7686));
#7685=COLOUR_RGB('',0.882353008,0.882353008,0.882353008);
#7686=FILL_AREA_STYLE_COLOUR('',#7685);
#7687=STYLED_ITEM('',(#7688),#5794);
#7688=PRESENTATION_STYLE_ASSIGNMENT((#7689));
#7689=SURFACE_STYLE_USAGE(.BOTH.,#7690);
#7690=SURFACE_SIDE_STYLE('',(#7691));
#7691=SURFACE_STYLE_FILL_AREA(#7692);
#7692=FILL_AREA_STYLE('',(#7694));
#7693=COLOUR_RGB('',0.882353008,0.882353008,0.882353008);
#7694=FILL_AREA_STYLE_COLOUR('',#7693);
#7695=STYLED_ITEM('',(#7696),#5811);
#7696=PRESENTATION_STYLE_ASSIGNMENT((#7697));
#7697=SURFACE_STYLE_USAGE(.BOTH.,#7698);
#7698=SURFACE_SIDE_STYLE('',(#7699));
#7699=SURFACE_STYLE_FILL_AREA(#7700);
#7700=FILL_AREA_STYLE('',(#7702));
#7701=COLOUR_RGB('',0.882353008,0.882353008,0.882353008);
#7702=FILL_AREA_STYLE_COLOUR('',#7701);
#7703=STYLED_ITEM('',(#7704),#5828);
#7704=PRESENTATION_STYLE_ASSIGNMENT((#7705));
#7705=SURFACE_STYLE_USAGE(.BOTH.,#7706);
#7706=SURFACE_SIDE_STYLE('',(#7707));
#7707=SURFACE_STYLE_FILL_AREA(#7708);
#7708=FILL_AREA_STYLE('',(#7710));
#7709=COLOUR_RGB('',0.882353008,0.882353008,0.882353008);
#7710=FILL_AREA_STYLE_COLOUR('',#7709);
#7711=STYLED_ITEM('',(#7712),#5845);
#7712=PRESENTATION_STYLE_ASSIGNMENT((#7713));
#7713=SURFACE_STYLE_USAGE(.BOTH.,#7714);
#7714=SURFACE_SIDE_STYLE('',(#7715));
#7715=SURFACE_STYLE_FILL_AREA(#7716);
#7716=FILL_AREA_STYLE('',(#7718));
#7717=COLOUR_RGB('',0.882353008,0.882353008,0.882353008);
#7718=FILL_AREA_STYLE_COLOUR('',#7717);
#7719=STYLED_ITEM('',(#7720),#5862);
#7720=PRESENTATION_STYLE_ASSIGNMENT((#7721));
#7721=SURFACE_STYLE_USAGE(.BOTH.,#7722);
#7722=SURFACE_SIDE_STYLE('',(#7723));
#7723=SURFACE_STYLE_FILL_AREA(#7724);
#7724=FILL_AREA_STYLE('',(#7726));
#7725=COLOUR_RGB('',0.882353008,0.882353008,0.882353008);
#7726=FILL_AREA_STYLE_COLOUR('',#7725);
#7727=STYLED_ITEM('',(#7728),#5874);
#7728=PRESENTATION_STYLE_ASSIGNMENT((#7729));
#7729=SURFACE_STYLE_USAGE(.BOTH.,#7730);
#7730=SURFACE_SIDE_STYLE('',(#7731));
#7731=SURFACE_STYLE_FILL_AREA(#7732);
#7732=FILL_AREA_STYLE('',(#7734));
#7733=COLOUR_RGB('',0.882353008,0.882353008,0.882353008);
#7734=FILL_AREA_STYLE_COLOUR('',#7733);
#7735=STYLED_ITEM('',(#7736),#5896);
#7736=PRESENTATION_STYLE_ASSIGNMENT((#7737));
#7737=SURFACE_STYLE_USAGE(.BOTH.,#7738);
#7738=SURFACE_SIDE_STYLE('',(#7739));
#7739=SURFACE_STYLE_FILL_AREA(#7740);
#7740=FILL_AREA_STYLE('',(#7742));
#7741=COLOUR_RGB('',0.882353008,0.882353008,0.882353008);
#7742=FILL_AREA_STYLE_COLOUR('',#7741);
#7743=STYLED_ITEM('',(#7744),#5913);
#7744=PRESENTATION_STYLE_ASSIGNMENT((#7745));
#7745=SURFACE_STYLE_USAGE(.BOTH.,#7746);
#7746=SURFACE_SIDE_STYLE('',(#7747));
#7747=SURFACE_STYLE_FILL_AREA(#7748);
#7748=FILL_AREA_STYLE('',(#7750));
#7749=COLOUR_RGB('',0.882353008,0.882353008,0.882353008);
#7750=FILL_AREA_STYLE_COLOUR('',#7749);
#7751=STYLED_ITEM('',(#7752),#5930);
#7752=PRESENTATION_STYLE_ASSIGNMENT((#7753));
#7753=SURFACE_STYLE_USAGE(.BOTH.,#7754);
#7754=SURFACE_SIDE_STYLE('',(#7755));
#7755=SURFACE_STYLE_FILL_AREA(#7756);
#7756=FILL_AREA_STYLE('',(#7758));
#7757=COLOUR_RGB('',0.882353008,0.882353008,0.882353008);
#7758=FILL_AREA_STYLE_COLOUR('',#7757);
#7759=STYLED_ITEM('',(#7760),#5947);
#7760=PRESENTATION_STYLE_ASSIGNMENT((#7761));
#7761=SURFACE_STYLE_USAGE(.BOTH.,#7762);
#7762=SURFACE_SIDE_STYLE('',(#7763));
#7763=SURFACE_STYLE_FILL_AREA(#7764);
#7764=FILL_AREA_STYLE('',(#7766));
#7765=COLOUR_RGB('',0.882353008,0.882353008,0.882353008);
#7766=FILL_AREA_STYLE_COLOUR('',#7765);
#7767=STYLED_ITEM('',(#7768),#5964);
#7768=PRESENTATION_STYLE_ASSIGNMENT((#7769));
#7769=SURFACE_STYLE_USAGE(.BOTH.,#7770);
#7770=SURFACE_SIDE_STYLE('',(#7771));
#7771=SURFACE_STYLE_FILL_AREA(#7772);
#7772=FILL_AREA_STYLE('',(#7774));
#7773=COLOUR_RGB('',0.882353008,0.882353008,0.882353008);
#7774=FILL_AREA_STYLE_COLOUR('',#7773);
#7775=STYLED_ITEM('',(#7776),#5981);
#7776=PRESENTATION_STYLE_ASSIGNMENT((#7777));
#7777=SURFACE_STYLE_USAGE(.BOTH.,#7778);
#7778=SURFACE_SIDE_STYLE('',(#7779));
#7779=SURFACE_STYLE_FILL_AREA(#7780);
#7780=FILL_AREA_STYLE('',(#7782));
#7781=COLOUR_RGB('',0.882353008,0.882353008,0.882353008);
#7782=FILL_AREA_STYLE_COLOUR('',#7781);
#7783=STYLED_ITEM('',(#7784),#5998);
#7784=PRESENTATION_STYLE_ASSIGNMENT((#7785));
#7785=SURFACE_STYLE_USAGE(.BOTH.,#7786);
#7786=SURFACE_SIDE_STYLE('',(#7787));
#7787=SURFACE_STYLE_FILL_AREA(#7788);
#7788=FILL_AREA_STYLE('',(#7790));
#7789=COLOUR_RGB('',0.882353008,0.882353008,0.882353008);
#7790=FILL_AREA_STYLE_COLOUR('',#7789);
#7791=STYLED_ITEM('',(#7792),#6015);
#7792=PRESENTATION_STYLE_ASSIGNMENT((#7793));
#7793=SURFACE_STYLE_USAGE(.BOTH.,#7794);
#7794=SURFACE_SIDE_STYLE('',(#7795));
#7795=SURFACE_STYLE_FILL_AREA(#7796);
#7796=FILL_AREA_STYLE('',(#7798));
#7797=COLOUR_RGB('',0.882353008,0.882353008,0.882353008);
#7798=FILL_AREA_STYLE_COLOUR('',#7797);
#7799=STYLED_ITEM('',(#7800),#6032);
#7800=PRESENTATION_STYLE_ASSIGNMENT((#7801));
#7801=SURFACE_STYLE_USAGE(.BOTH.,#7802);
#7802=SURFACE_SIDE_STYLE('',(#7803));
#7803=SURFACE_STYLE_FILL_AREA(#7804);
#7804=FILL_AREA_STYLE('',(#7806));
#7805=COLOUR_RGB('',0.882353008,0.882353008,0.882353008);
#7806=FILL_AREA_STYLE_COLOUR('',#7805);
#7807=STYLED_ITEM('',(#7808),#6049);
#7808=PRESENTATION_STYLE_ASSIGNMENT((#7809));
#7809=SURFACE_STYLE_USAGE(.BOTH.,#7810);
#7810=SURFACE_SIDE_STYLE('',(#7811));
#7811=SURFACE_STYLE_FILL_AREA(#7812);
#7812=FILL_AREA_STYLE('',(#7814));
#7813=COLOUR_RGB('',0.882353008,0.882353008,0.882353008);
#7814=FILL_AREA_STYLE_COLOUR('',#7813);
#7815=STYLED_ITEM('',(#7816),#6066);
#7816=PRESENTATION_STYLE_ASSIGNMENT((#7817));
#7817=SURFACE_STYLE_USAGE(.BOTH.,#7818);
#7818=SURFACE_SIDE_STYLE('',(#7819));
#7819=SURFACE_STYLE_FILL_AREA(#7820);
#7820=FILL_AREA_STYLE('',(#7822));
#7821=COLOUR_RGB('',0.882353008,0.882353008,0.882353008);
#7822=FILL_AREA_STYLE_COLOUR('',#7821);
#7823=STYLED_ITEM('',(#7824),#6078);
#7824=PRESENTATION_STYLE_ASSIGNMENT((#7825));
#7825=SURFACE_STYLE_USAGE(.BOTH.,#7826);
#7826=SURFACE_SIDE_STYLE('',(#7827));
#7827=SURFACE_STYLE_FILL_AREA(#7828);
#7828=FILL_AREA_STYLE('',(#7830));
#7829=COLOUR_RGB('',0.882353008,0.882353008,0.882353008);
#7830=FILL_AREA_STYLE_COLOUR('',#7829);
#7831=STYLED_ITEM('',(#7832),#6100);
#7832=PRESENTATION_STYLE_ASSIGNMENT((#7833));
#7833=SURFACE_STYLE_USAGE(.BOTH.,#7834);
#7834=SURFACE_SIDE_STYLE('',(#7835));
#7835=SURFACE_STYLE_FILL_AREA(#7836);
#7836=FILL_AREA_STYLE('',(#7838));
#7837=COLOUR_RGB('',0.882353008,0.882353008,0.882353008);
#7838=FILL_AREA_STYLE_COLOUR('',#7837);
#7839=STYLED_ITEM('',(#7840),#6117);
#7840=PRESENTATION_STYLE_ASSIGNMENT((#7841));
#7841=SURFACE_STYLE_USAGE(.BOTH.,#7842);
#7842=SURFACE_SIDE_STYLE('',(#7843));
#7843=SURFACE_STYLE_FILL_AREA(#7844);
#7844=FILL_AREA_STYLE('',(#7846));
#7845=COLOUR_RGB('',0.882353008,0.882353008,0.882353008);
#7846=FILL_AREA_STYLE_COLOUR('',#7845);
#7847=STYLED_ITEM('',(#7848),#6134);
#7848=PRESENTATION_STYLE_ASSIGNMENT((#7849));
#7849=SURFACE_STYLE_USAGE(.BOTH.,#7850);
#7850=SURFACE_SIDE_STYLE('',(#7851));
#7851=SURFACE_STYLE_FILL_AREA(#7852);
#7852=FILL_AREA_STYLE('',(#7854));
#7853=COLOUR_RGB('',0.882353008,0.882353008,0.882353008);
#7854=FILL_AREA_STYLE_COLOUR('',#7853);
#7855=STYLED_ITEM('',(#7856),#6151);
#7856=PRESENTATION_STYLE_ASSIGNMENT((#7857));
#7857=SURFACE_STYLE_USAGE(.BOTH.,#7858);
#7858=SURFACE_SIDE_STYLE('',(#7859));
#7859=SURFACE_STYLE_FILL_AREA(#7860);
#7860=FILL_AREA_STYLE('',(#7862));
#7861=COLOUR_RGB('',0.882353008,0.882353008,0.882353008);
#7862=FILL_AREA_STYLE_COLOUR('',#7861);
#7863=STYLED_ITEM('',(#7864),#6168);
#7864=PRESENTATION_STYLE_ASSIGNMENT((#7865));
#7865=SURFACE_STYLE_USAGE(.BOTH.,#7866);
#7866=SURFACE_SIDE_STYLE('',(#7867));
#7867=SURFACE_STYLE_FILL_AREA(#7868);
#7868=FILL_AREA_STYLE('',(#7870));
#7869=COLOUR_RGB('',0.882353008,0.882353008,0.882353008);
#7870=FILL_AREA_STYLE_COLOUR('',#7869);
#7871=STYLED_ITEM('',(#7872),#6185);
#7872=PRESENTATION_STYLE_ASSIGNMENT((#7873));
#7873=SURFACE_STYLE_USAGE(.BOTH.,#7874);
#7874=SURFACE_SIDE_STYLE('',(#7875));
#7875=SURFACE_STYLE_FILL_AREA(#7876);
#7876=FILL_AREA_STYLE('',(#7878));
#7877=COLOUR_RGB('',0.882353008,0.882353008,0.882353008);
#7878=FILL_AREA_STYLE_COLOUR('',#7877);
#7879=STYLED_ITEM('',(#7880),#6202);
#7880=PRESENTATION_STYLE_ASSIGNMENT((#7881));
#7881=SURFACE_STYLE_USAGE(.BOTH.,#7882);
#7882=SURFACE_SIDE_STYLE('',(#7883));
#7883=SURFACE_STYLE_FILL_AREA(#7884);
#7884=FILL_AREA_STYLE('',(#7886));
#7885=COLOUR_RGB('',0.882353008,0.882353008,0.882353008);
#7886=FILL_AREA_STYLE_COLOUR('',#7885);
#7887=STYLED_ITEM('',(#7888),#6214);
#7888=PRESENTATION_STYLE_ASSIGNMENT((#7889));
#7889=SURFACE_STYLE_USAGE(.BOTH.,#7890);
#7890=SURFACE_SIDE_STYLE('',(#7891));
#7891=SURFACE_STYLE_FILL_AREA(#7892);
#7892=FILL_AREA_STYLE('',(#7894));
#7893=COLOUR_RGB('',0.882353008,0.882353008,0.882353008);
#7894=FILL_AREA_STYLE_COLOUR('',#7893);
#7895=STYLED_ITEM('',(#7896),#6236);
#7896=PRESENTATION_STYLE_ASSIGNMENT((#7897));
#7897=SURFACE_STYLE_USAGE(.BOTH.,#7898);
#7898=SURFACE_SIDE_STYLE('',(#7899));
#7899=SURFACE_STYLE_FILL_AREA(#7900);
#7900=FILL_AREA_STYLE('',(#7902));
#7901=COLOUR_RGB('',0.882353008,0.882353008,0.882353008);
#7902=FILL_AREA_STYLE_COLOUR('',#7901);
#7903=STYLED_ITEM('',(#7904),#6253);
#7904=PRESENTATION_STYLE_ASSIGNMENT((#7905));
#7905=SURFACE_STYLE_USAGE(.BOTH.,#7906);
#7906=SURFACE_SIDE_STYLE('',(#7907));
#7907=SURFACE_STYLE_FILL_AREA(#7908);
#7908=FILL_AREA_STYLE('',(#7910));
#7909=COLOUR_RGB('',0.882353008,0.882353008,0.882353008);
#7910=FILL_AREA_STYLE_COLOUR('',#7909);
#7911=MECHANICAL_DESIGN_GEOMETRIC_PRESENTATION_REPRESENTATION('',(#6279,#6287,#6295,#6303,#6311,#6319,#6327,#6335,#6343,#6351,#6359,#6367,#6375,#6383,#6391,#6399,#6407,#6415,#6423,#6431,#6439,#6447,#6455,#6463,#6471,#6479,#6487,#6495,#6503,#6511,#6519,#6527,#6535,#6543,#6551,#6559,#6567,#6575,#6583,#6591,#6599,#6607,#6615,#6623,#6631,#6639,#6647,#6655,#6663,#6671,#6679,#6687,#6695,#6703,#6711,#6719,#6727,#6735,#6743,#6751,#6759,#6767,#6775,#6783,#6791,#6799,#6807,#6815,#6823,#6831,#6839,#6847,#6855,#6863,#6871,#6879,#6887,#6895,#6903,#6911,#6919,#6927,#6935,#6943,#6951,#6959,#6967,#6975,#6983,#6991,#6999,#7007,#7015,#7023,#7031,#7039,#7047,#7055,#7063,#7071,#7079,#7087,#7095,#7103,#7111,#7119,#7127,#7135,#7143,#7151,#7159,#7167,#7175,#7183,#7191,#7199,#7207,#7215,#7223,#7231,#7239,#7247,#7255,#7263,#7271,#7279,#7287,#7295,#7303,#7311,#7319,#7327,#7335,#7343,#7351,#7359,#7367,#7375,#7383,#7391,#7399,#7407,#7415,#7423,#7431,#7439,#7447,#7455,#7463,#7471,#7479,#7487,#7495,#7503,#7511,#7519,#7527,#7535,#7543,#7551,#7559,#7567,#7575,#7583,#7591,#7599,#7607,#7615,#7623,#7631,#7639,#7647,#7655,#7663,#7671,#7679,#7687,#7695,#7703,#7711,#7719,#7727,#7735,#7743,#7751,#7759,#7767,#7775,#7783,#7791,#7799,#7807,#7815,#7823,#7831,#7839,#7847,#7855,#7863,#7871,#7879,#7887,#7895,#7903),#6265);
#7912=MANIFOLD_SOLID_BREP('',#7913);
#7913=CLOSED_SHELL('',(#7914,#7954,#8017,#8041,#8065,#8089,#8113,#8137,#8161,#8178));
#7914=ADVANCED_FACE('',(#7915),#7949,.T.);
#7915=FACE_BOUND('',#7916,.T.);
#7916=EDGE_LOOP('',(#7917,#7927,#7935,#7943));
#7917=ORIENTED_EDGE('',*,*,#7918,.T.);
#7918=EDGE_CURVE('',#7919,#7921,#7923,.T.);
#7919=VERTEX_POINT('',#7920);
#7920=CARTESIAN_POINT('',(0.0,-3.207994666,1.229999968));
#7921=VERTEX_POINT('',#7922);
#7922=CARTESIAN_POINT('',(1.299999976,-3.207994666,1.229999968));
#7923=LINE('',#7924,#7925);
#7924=CARTESIAN_POINT('',(0.0,-3.207994666,1.229999968));
#7925=VECTOR('',#7926,1.0);
#7926=DIRECTION('',(1.0,0.0,0.0));
#7927=ORIENTED_EDGE('',*,*,#7928,.T.);
#7928=EDGE_CURVE('',#7921,#7929,#7931,.T.);
#7929=VERTEX_POINT('',#7930);
#7930=CARTESIAN_POINT('',(1.299999976,-1.707994694,1.229999968));
#7931=LINE('',#7932,#7933);
#7932=CARTESIAN_POINT('',(1.299999976,-3.207994666,1.229999968));
#7933=VECTOR('',#7934,1.0);
#7934=DIRECTION('',(0.0,1.0,0.0));
#7935=ORIENTED_EDGE('',*,*,#7936,.T.);
#7936=EDGE_CURVE('',#7929,#7937,#7939,.F.);
#7937=VERTEX_POINT('',#7938);
#7938=CARTESIAN_POINT('',(0.0,-1.707994694,1.229999968));
#7939=LINE('',#7940,#7941);
#7940=CARTESIAN_POINT('',(0.0,-1.707994694,1.229999968));
#7941=VECTOR('',#7942,1.0);
#7942=DIRECTION('',(1.0,0.0,0.0));
#7943=ORIENTED_EDGE('',*,*,#7944,.T.);
#7944=EDGE_CURVE('',#7937,#7919,#7945,.F.);
#7945=LINE('',#7946,#7947);
#7946=CARTESIAN_POINT('',(0.0,-3.207994666,1.229999968));
#7947=VECTOR('',#7948,1.0);
#7948=DIRECTION('',(0.0,1.0,0.0));
#7949=PLANE('',#7950);
#7950=AXIS2_PLACEMENT_3D('',#7951,#7952,#7953);
#7951=CARTESIAN_POINT('',(0.0,-3.207994666,1.229999968));
#7952=DIRECTION('',(0.0,0.0,1.0));
#7953=DIRECTION('',(0.0,1.0,0.0));
#7954=ADVANCED_FACE('',(#7955),#8012,.T.);
#7955=FACE_BOUND('',#7956,.T.);
#7956=EDGE_LOOP('',(#7957,#7967,#7975,#7983,#7991,#7999,#8005,#8006));
#7957=ORIENTED_EDGE('',*,*,#7958,.T.);
#7958=EDGE_CURVE('',#7959,#7961,#7963,.T.);
#7959=VERTEX_POINT('',#7960);
#7960=CARTESIAN_POINT('',(0.0,-0.967994707,1.229999968));
#7961=VERTEX_POINT('',#7962);
#7962=CARTESIAN_POINT('',(0.0,-0.967994707,0.869999975));
#7963=LINE('',#7964,#7965);
#7964=CARTESIAN_POINT('',(0.0,-0.967994707,1.229999968));
#7965=VECTOR('',#7966,1.0);
#7966=DIRECTION('',(0.0,0.0,-1.0));
#7967=ORIENTED_EDGE('',*,*,#7968,.T.);
#7968=EDGE_CURVE('',#7961,#7969,#7971,.T.);
#7969=VERTEX_POINT('',#7970);
#7970=CARTESIAN_POINT('',(0.0,-1.707994694,0.869999975));
#7971=LINE('',#7972,#7973);
#7972=CARTESIAN_POINT('',(0.0,-0.967994707,0.869999975));
#7973=VECTOR('',#7974,1.0);
#7974=DIRECTION('',(0.0,-1.0,0.0));
#7975=ORIENTED_EDGE('',*,*,#7976,.T.);
#7976=EDGE_CURVE('',#7969,#7977,#7979,.T.);
#7977=VERTEX_POINT('',#7978);
#7978=CARTESIAN_POINT('',(0.0,-1.807994692,0.869999975));
#7979=LINE('',#7980,#7981);
#7980=CARTESIAN_POINT('',(0.0,-1.707994694,0.869999975));
#7981=VECTOR('',#7982,1.0);
#7982=DIRECTION('',(0.0,-1.0,0.0));
#7983=ORIENTED_EDGE('',*,*,#7984,.T.);
#7984=EDGE_CURVE('',#7977,#7985,#7987,.T.);
#7985=VERTEX_POINT('',#7986);
#7986=CARTESIAN_POINT('',(0.0,-1.807994692,0.129999988));
#7987=LINE('',#7988,#7989);
#7988=CARTESIAN_POINT('',(0.0,-1.807994692,0.869999975));
#7989=VECTOR('',#7990,1.0);
#7990=DIRECTION('',(0.0,0.0,-1.0));
#7991=ORIENTED_EDGE('',*,*,#7992,.T.);
#7992=EDGE_CURVE('',#7985,#7993,#7995,.T.);
#7993=VERTEX_POINT('',#7994);
#7994=CARTESIAN_POINT('',(0.0,-3.207994666,0.129999988));
#7995=LINE('',#7996,#7997);
#7996=CARTESIAN_POINT('',(0.0,-1.807994692,0.129999988));
#7997=VECTOR('',#7998,1.0);
#7998=DIRECTION('',(0.0,-1.0,0.0));
#7999=ORIENTED_EDGE('',*,*,#8000,.T.);
#8000=EDGE_CURVE('',#7993,#7919,#8001,.T.);
#8001=LINE('',#8002,#8003);
#8002=CARTESIAN_POINT('',(0.0,-3.207994666,0.129999988));
#8003=VECTOR('',#8004,1.0);
#8004=DIRECTION('',(0.0,0.0,1.0));
#8005=ORIENTED_EDGE('',*,*,#7944,.F.);
#8006=ORIENTED_EDGE('',*,*,#8007,.T.);
#8007=EDGE_CURVE('',#7937,#7959,#8008,.T.);
#8008=LINE('',#8009,#8010);
#8009=CARTESIAN_POINT('',(0.0,-1.707994694,1.229999968));
#8010=VECTOR('',#8011,1.0);
#8011=DIRECTION('',(0.0,1.0,0.0));
#8012=PLANE('',#8013);
#8013=AXIS2_PLACEMENT_3D('',#8014,#8015,#8016);
#8014=CARTESIAN_POINT('',(0.0,-0.332994719,-9.258973643E-09));
#8015=DIRECTION('',(-1.0,0.0,0.0));
#8016=DIRECTION('',(0.0,-1.0,0.0));
#8017=ADVANCED_FACE('',(#8018),#8036,.T.);
#8018=FACE_BOUND('',#8019,.T.);
#8019=EDGE_LOOP('',(#8020,#8021,#8029,#8035));
#8020=ORIENTED_EDGE('',*,*,#7936,.F.);
#8021=ORIENTED_EDGE('',*,*,#8022,.T.);
#8022=EDGE_CURVE('',#7929,#8023,#8025,.T.);
#8023=VERTEX_POINT('',#8024);
#8024=CARTESIAN_POINT('',(1.299999976,-0.967994707,1.229999968));
#8025=LINE('',#8026,#8027);
#8026=CARTESIAN_POINT('',(1.299999976,-1.707994694,1.229999968));
#8027=VECTOR('',#8028,1.0);
#8028=DIRECTION('',(0.0,1.0,0.0));
#8029=ORIENTED_EDGE('',*,*,#8030,.T.);
#8030=EDGE_CURVE('',#8023,#7959,#8031,.F.);
#8031=LINE('',#8032,#8033);
#8032=CARTESIAN_POINT('',(0.0,-0.967994707,1.229999968));
#8033=VECTOR('',#8034,1.0);
#8034=DIRECTION('',(1.0,0.0,0.0));
#8035=ORIENTED_EDGE('',*,*,#8007,.F.);
#8036=PLANE('',#8037);
#8037=AXIS2_PLACEMENT_3D('',#8038,#8039,#8040);
#8038=CARTESIAN_POINT('',(0.0,-1.707994694,1.229999968));
#8039=DIRECTION('',(0.0,0.0,1.0));
#8040=DIRECTION('',(0.0,1.0,0.0));
#8041=ADVANCED_FACE('',(#8042),#8060,.T.);
#8042=FACE_BOUND('',#8043,.T.);
#8043=EDGE_LOOP('',(#8044,#8045,#8053,#8059));
#8044=ORIENTED_EDGE('',*,*,#8030,.F.);
#8045=ORIENTED_EDGE('',*,*,#8046,.T.);
#8046=EDGE_CURVE('',#8023,#8047,#8049,.T.);
#8047=VERTEX_POINT('',#8048);
#8048=CARTESIAN_POINT('',(1.299999976,-0.967994707,0.869999975));
#8049=LINE('',#8050,#8051);
#8050=CARTESIAN_POINT('',(1.299999976,-0.967994707,1.229999968));
#8051=VECTOR('',#8052,1.0);
#8052=DIRECTION('',(0.0,0.0,-1.0));
#8053=ORIENTED_EDGE('',*,*,#8054,.T.);
#8054=EDGE_CURVE('',#8047,#7961,#8055,.F.);
#8055=LINE('',#8056,#8057);
#8056=CARTESIAN_POINT('',(0.0,-0.967994707,0.869999975));
#8057=VECTOR('',#8058,1.0);
#8058=DIRECTION('',(1.0,0.0,0.0));
#8059=ORIENTED_EDGE('',*,*,#7958,.F.);
#8060=PLANE('',#8061);
#8061=AXIS2_PLACEMENT_3D('',#8062,#8063,#8064);
#8062=CARTESIAN_POINT('',(0.0,-0.967994707,1.229999968));
#8063=DIRECTION('',(0.0,1.0,0.0));
#8064=DIRECTION('',(0.0,0.0,-1.0));
#8065=ADVANCED_FACE('',(#8066),#8084,.T.);
#8066=FACE_BOUND('',#8067,.T.);
#8067=EDGE_LOOP('',(#8068,#8069,#8077,#8083));
#8068=ORIENTED_EDGE('',*,*,#8054,.F.);
#8069=ORIENTED_EDGE('',*,*,#8070,.T.);
#8070=EDGE_CURVE('',#8047,#8071,#8073,.T.);
#8071=VERTEX_POINT('',#8072);
#8072=CARTESIAN_POINT('',(1.299999976,-1.707994694,0.869999975));
#8073=LINE('',#8074,#8075);
#8074=CARTESIAN_POINT('',(1.299999976,-0.967994707,0.869999975));
#8075=VECTOR('',#8076,1.0);
#8076=DIRECTION('',(0.0,-1.0,0.0));
#8077=ORIENTED_EDGE('',*,*,#8078,.T.);
#8078=EDGE_CURVE('',#8071,#7969,#8079,.F.);
#8079=LINE('',#8080,#8081);
#8080=CARTESIAN_POINT('',(0.0,-1.707994694,0.869999975));
#8081=VECTOR('',#8082,1.0);
#8082=DIRECTION('',(1.0,0.0,0.0));
#8083=ORIENTED_EDGE('',*,*,#7968,.F.);
#8084=PLANE('',#8085);
#8085=AXIS2_PLACEMENT_3D('',#8086,#8087,#8088);
#8086=CARTESIAN_POINT('',(0.0,-0.967994707,0.869999975));
#8087=DIRECTION('',(0.0,0.0,-1.0));
#8088=DIRECTION('',(0.0,-1.0,0.0));
#8089=ADVANCED_FACE('',(#8090),#8108,.T.);
#8090=FACE_BOUND('',#8091,.T.);
#8091=EDGE_LOOP('',(#8092,#8093,#8101,#8107));
#8092=ORIENTED_EDGE('',*,*,#8078,.F.);
#8093=ORIENTED_EDGE('',*,*,#8094,.T.);
#8094=EDGE_CURVE('',#8071,#8095,#8097,.T.);
#8095=VERTEX_POINT('',#8096);
#8096=CARTESIAN_POINT('',(1.299999976,-1.807994692,0.869999975));
#8097=LINE('',#8098,#8099);
#8098=CARTESIAN_POINT('',(1.299999976,-1.707994694,0.869999975));
#8099=VECTOR('',#8100,1.0);
#8100=DIRECTION('',(0.0,-1.0,0.0));
#8101=ORIENTED_EDGE('',*,*,#8102,.T.);
#8102=EDGE_CURVE('',#8095,#7977,#8103,.F.);
#8103=LINE('',#8104,#8105);
#8104=CARTESIAN_POINT('',(0.0,-1.807994692,0.869999975));
#8105=VECTOR('',#8106,1.0);
#8106=DIRECTION('',(1.0,0.0,0.0));
#8107=ORIENTED_EDGE('',*,*,#7976,.F.);
#8108=PLANE('',#8109);
#8109=AXIS2_PLACEMENT_3D('',#8110,#8111,#8112);
#8110=CARTESIAN_POINT('',(0.0,-1.707994694,0.869999975));
#8111=DIRECTION('',(0.0,0.0,-1.0));
#8112=DIRECTION('',(0.0,-1.0,0.0));
#8113=ADVANCED_FACE('',(#8114),#8132,.T.);
#8114=FACE_BOUND('',#8115,.T.);
#8115=EDGE_LOOP('',(#8116,#8117,#8125,#8131));
#8116=ORIENTED_EDGE('',*,*,#8102,.F.);
#8117=ORIENTED_EDGE('',*,*,#8118,.T.);
#8118=EDGE_CURVE('',#8095,#8119,#8121,.T.);
#8119=VERTEX_POINT('',#8120);
#8120=CARTESIAN_POINT('',(1.299999976,-1.807994692,0.129999988));
#8121=LINE('',#8122,#8123);
#8122=CARTESIAN_POINT('',(1.299999976,-1.807994692,0.869999975));
#8123=VECTOR('',#8124,1.0);
#8124=DIRECTION('',(0.0,0.0,-1.0));
#8125=ORIENTED_EDGE('',*,*,#8126,.T.);
#8126=EDGE_CURVE('',#8119,#7985,#8127,.F.);
#8127=LINE('',#8128,#8129);
#8128=CARTESIAN_POINT('',(0.0,-1.807994692,0.129999988));
#8129=VECTOR('',#8130,1.0);
#8130=DIRECTION('',(1.0,0.0,0.0));
#8131=ORIENTED_EDGE('',*,*,#7984,.F.);
#8132=PLANE('',#8133);
#8133=AXIS2_PLACEMENT_3D('',#8134,#8135,#8136);
#8134=CARTESIAN_POINT('',(0.0,-1.807994692,0.869999975));
#8135=DIRECTION('',(0.0,1.0,0.0));
#8136=DIRECTION('',(0.0,0.0,-1.0));
#8137=ADVANCED_FACE('',(#8138),#8156,.T.);
#8138=FACE_BOUND('',#8139,.T.);
#8139=EDGE_LOOP('',(#8140,#8141,#8149,#8155));
#8140=ORIENTED_EDGE('',*,*,#8126,.F.);
#8141=ORIENTED_EDGE('',*,*,#8142,.T.);
#8142=EDGE_CURVE('',#8119,#8143,#8145,.T.);
#8143=VERTEX_POINT('',#8144);
#8144=CARTESIAN_POINT('',(1.299999976,-3.207994666,0.129999988));
#8145=LINE('',#8146,#8147);
#8146=CARTESIAN_POINT('',(1.299999976,-1.807994692,0.129999988));
#8147=VECTOR('',#8148,1.0);
#8148=DIRECTION('',(0.0,-1.0,0.0));
#8149=ORIENTED_EDGE('',*,*,#8150,.T.);
#8150=EDGE_CURVE('',#8143,#7993,#8151,.F.);
#8151=LINE('',#8152,#8153);
#8152=CARTESIAN_POINT('',(0.0,-3.207994666,0.129999988));
#8153=VECTOR('',#8154,1.0);
#8154=DIRECTION('',(1.0,0.0,0.0));
#8155=ORIENTED_EDGE('',*,*,#7992,.F.);
#8156=PLANE('',#8157);
#8157=AXIS2_PLACEMENT_3D('',#8158,#8159,#8160);
#8158=CARTESIAN_POINT('',(0.0,-1.807994692,0.129999988));
#8159=DIRECTION('',(0.0,0.0,-1.0));
#8160=DIRECTION('',(0.0,-1.0,0.0));
#8161=ADVANCED_FACE('',(#8162),#8173,.T.);
#8162=FACE_BOUND('',#8163,.T.);
#8163=EDGE_LOOP('',(#8164,#8165,#8171,#8172));
#8164=ORIENTED_EDGE('',*,*,#8150,.F.);
#8165=ORIENTED_EDGE('',*,*,#8166,.T.);
#8166=EDGE_CURVE('',#8143,#7921,#8167,.T.);
#8167=LINE('',#8168,#8169);
#8168=CARTESIAN_POINT('',(1.299999976,-3.207994666,0.129999988));
#8169=VECTOR('',#8170,1.0);
#8170=DIRECTION('',(0.0,0.0,1.0));
#8171=ORIENTED_EDGE('',*,*,#7918,.F.);
#8172=ORIENTED_EDGE('',*,*,#8000,.F.);
#8173=PLANE('',#8174);
#8174=AXIS2_PLACEMENT_3D('',#8175,#8176,#8177);
#8175=CARTESIAN_POINT('',(0.0,-3.207994666,0.129999988));
#8176=DIRECTION('',(0.0,-1.0,0.0));
#8177=DIRECTION('',(0.0,0.0,1.0));
#8178=ADVANCED_FACE('',(#8179),#8189,.F.);
#8179=FACE_BOUND('',#8180,.T.);
#8180=EDGE_LOOP('',(#8181,#8182,#8183,#8184,#8185,#8186,#8187,#8188));
#8181=ORIENTED_EDGE('',*,*,#7928,.F.);
#8182=ORIENTED_EDGE('',*,*,#8166,.F.);
#8183=ORIENTED_EDGE('',*,*,#8142,.F.);
#8184=ORIENTED_EDGE('',*,*,#8118,.F.);
#8185=ORIENTED_EDGE('',*,*,#8094,.F.);
#8186=ORIENTED_EDGE('',*,*,#8070,.F.);
#8187=ORIENTED_EDGE('',*,*,#8046,.F.);
#8188=ORIENTED_EDGE('',*,*,#8022,.F.);
#8189=PLANE('',#8190);
#8190=AXIS2_PLACEMENT_3D('',#8191,#8192,#8193);
#8191=CARTESIAN_POINT('',(1.299999976,-0.332994719,-9.258973643E-09));
#8192=DIRECTION('',(-1.0,0.0,0.0));
#8193=DIRECTION('',(0.0,-1.0,0.0));
#8194=(GEOMETRIC_REPRESENTATION_CONTEXT(3)GLOBAL_UNCERTAINTY_ASSIGNED_CONTEXT((#8195))GLOBAL_UNIT_ASSIGNED_CONTEXT((#18,#19,#20))REPRESENTATION_CONTEXT('',''));
#8195=UNCERTAINTY_MEASURE_WITH_UNIT(LENGTH_MEASURE(1.0E-07),#18,'','maximum tolerance');
#8196=ADVANCED_BREP_SHAPE_REPRESENTATION('',(#7912,#9),#8194);
#8197=(REPRESENTATION_RELATIONSHIP('',$,#8196,#38)REPRESENTATION_RELATIONSHIP_WITH_TRANSFORMATION(#8198)SHAPE_REPRESENTATION_RELATIONSHIP());
#8198=ITEM_DEFINED_TRANSFORMATION('',$,#9,#9);
#8199=PRODUCT('SOLID','SOLID',$,(#3));
#8200=PRODUCT_DEFINITION_FORMATION('',$,#8199);
#8201=PRODUCT_DEFINITION('design',$,#8200,#6);
#8202=NEXT_ASSEMBLY_USAGE_OCCURRENCE('instance_4','','',#43,#8201,$);
#8203=PRODUCT_DEFINITION_SHAPE('',$,#8202);
#8204=CONTEXT_DEPENDENT_SHAPE_REPRESENTATION(#8197,#8203);
#8205=PRODUCT_DEFINITION_SHAPE('',$,#8201);
#8206=SHAPE_DEFINITION_REPRESENTATION(#8205,#8196);
#8207=PRODUCT_RELATED_PRODUCT_CATEGORY('part',$,(#8199));
#8208=STYLED_ITEM('',(#8209),#7914);
#8209=PRESENTATION_STYLE_ASSIGNMENT((#8210));
#8210=SURFACE_STYLE_USAGE(.BOTH.,#8211);
#8211=SURFACE_SIDE_STYLE('',(#8212));
#8212=SURFACE_STYLE_FILL_AREA(#8213);
#8213=FILL_AREA_STYLE('',(#8215));
#8214=COLOUR_RGB('',0.766990304,0.766990304,0.766990304);
#8215=FILL_AREA_STYLE_COLOUR('',#8214);
#8216=STYLED_ITEM('',(#8217),#7954);
#8217=PRESENTATION_STYLE_ASSIGNMENT((#8218));
#8218=SURFACE_STYLE_USAGE(.BOTH.,#8219);
#8219=SURFACE_SIDE_STYLE('',(#8220));
#8220=SURFACE_STYLE_FILL_AREA(#8221);
#8221=FILL_AREA_STYLE('',(#8223));
#8222=COLOUR_RGB('',0.766990304,0.766990304,0.766990304);
#8223=FILL_AREA_STYLE_COLOUR('',#8222);
#8224=STYLED_ITEM('',(#8225),#8017);
#8225=PRESENTATION_STYLE_ASSIGNMENT((#8226));
#8226=SURFACE_STYLE_USAGE(.BOTH.,#8227);
#8227=SURFACE_SIDE_STYLE('',(#8228));
#8228=SURFACE_STYLE_FILL_AREA(#8229);
#8229=FILL_AREA_STYLE('',(#8231));
#8230=COLOUR_RGB('',0.766990304,0.766990304,0.766990304);
#8231=FILL_AREA_STYLE_COLOUR('',#8230);
#8232=STYLED_ITEM('',(#8233),#8041);
#8233=PRESENTATION_STYLE_ASSIGNMENT((#8234));
#8234=SURFACE_STYLE_USAGE(.BOTH.,#8235);
#8235=SURFACE_SIDE_STYLE('',(#8236));
#8236=SURFACE_STYLE_FILL_AREA(#8237);
#8237=FILL_AREA_STYLE('',(#8239));
#8238=COLOUR_RGB('',0.766990304,0.766990304,0.766990304);
#8239=FILL_AREA_STYLE_COLOUR('',#8238);
#8240=STYLED_ITEM('',(#8241),#8065);
#8241=PRESENTATION_STYLE_ASSIGNMENT((#8242));
#8242=SURFACE_STYLE_USAGE(.BOTH.,#8243);
#8243=SURFACE_SIDE_STYLE('',(#8244));
#8244=SURFACE_STYLE_FILL_AREA(#8245);
#8245=FILL_AREA_STYLE('',(#8247));
#8246=COLOUR_RGB('',0.766990304,0.766990304,0.766990304);
#8247=FILL_AREA_STYLE_COLOUR('',#8246);
#8248=STYLED_ITEM('',(#8249),#8089);
#8249=PRESENTATION_STYLE_ASSIGNMENT((#8250));
#8250=SURFACE_STYLE_USAGE(.BOTH.,#8251);
#8251=SURFACE_SIDE_STYLE('',(#8252));
#8252=SURFACE_STYLE_FILL_AREA(#8253);
#8253=FILL_AREA_STYLE('',(#8255));
#8254=COLOUR_RGB('',0.766990304,0.766990304,0.766990304);
#8255=FILL_AREA_STYLE_COLOUR('',#8254);
#8256=STYLED_ITEM('',(#8257),#8113);
#8257=PRESENTATION_STYLE_ASSIGNMENT((#8258));
#8258=SURFACE_STYLE_USAGE(.BOTH.,#8259);
#8259=SURFACE_SIDE_STYLE('',(#8260));
#8260=SURFACE_STYLE_FILL_AREA(#8261);
#8261=FILL_AREA_STYLE('',(#8263));
#8262=COLOUR_RGB('',0.766990304,0.766990304,0.766990304);
#8263=FILL_AREA_STYLE_COLOUR('',#8262);
#8264=STYLED_ITEM('',(#8265),#8137);
#8265=PRESENTATION_STYLE_ASSIGNMENT((#8266));
#8266=SURFACE_STYLE_USAGE(.BOTH.,#8267);
#8267=SURFACE_SIDE_STYLE('',(#8268));
#8268=SURFACE_STYLE_FILL_AREA(#8269);
#8269=FILL_AREA_STYLE('',(#8271));
#8270=COLOUR_RGB('',0.766990304,0.766990304,0.766990304);
#8271=FILL_AREA_STYLE_COLOUR('',#8270);
#8272=STYLED_ITEM('',(#8273),#8161);
#8273=PRESENTATION_STYLE_ASSIGNMENT((#8274));
#8274=SURFACE_STYLE_USAGE(.BOTH.,#8275);
#8275=SURFACE_SIDE_STYLE('',(#8276));
#8276=SURFACE_STYLE_FILL_AREA(#8277);
#8277=FILL_AREA_STYLE('',(#8279));
#8278=COLOUR_RGB('',0.766990304,0.766990304,0.766990304);
#8279=FILL_AREA_STYLE_COLOUR('',#8278);
#8280=STYLED_ITEM('',(#8281),#8178);
#8281=PRESENTATION_STYLE_ASSIGNMENT((#8282));
#8282=SURFACE_STYLE_USAGE(.BOTH.,#8283);
#8283=SURFACE_SIDE_STYLE('',(#8284));
#8284=SURFACE_STYLE_FILL_AREA(#8285);
#8285=FILL_AREA_STYLE('',(#8287));
#8286=COLOUR_RGB('',0.766990304,0.766990304,0.766990304);
#8287=FILL_AREA_STYLE_COLOUR('',#8286);
#8288=MECHANICAL_DESIGN_GEOMETRIC_PRESENTATION_REPRESENTATION('',(#8208,#8216,#8224,#8232,#8240,#8248,#8256,#8264,#8272,#8280),#8194);
#8289=MANIFOLD_SOLID_BREP('',#8290);
#8290=CLOSED_SHELL('',(#8291,#8331,#8394,#8461,#8492,#8533,#8557,#8588,#8612,#8652,#8676,#8707,#8726,#8743,#8764,#8822,#8864,#8889,#8928,#8945,#8967,#8979,#9132,#9157,#9302,#9319,#9336,#9353,#9370,#9387,#9404,#9421,#9463,#9488,#9576,#9609,#9640,#9680,#9730,#9747,#9805,#9830,#9862,#9879,#9920,#9938,#9979,#9996,#10013,#10030,#10042,#10054,#10071,#10091,#10108,#10125,#10142,#10159,#10176));
#8291=ADVANCED_FACE('',(#8292),#8326,.F.);
#8292=FACE_BOUND('',#8293,.T.);
#8293=EDGE_LOOP('',(#8294,#8304,#8312,#8320));
#8294=ORIENTED_EDGE('',*,*,#8295,.T.);
#8295=EDGE_CURVE('',#8296,#8298,#8300,.T.);
#8296=VERTEX_POINT('',#8297);
#8297=CARTESIAN_POINT('',(2.499999954,0.967005257,0.749999977));
#8298=VERTEX_POINT('',#8299);
#8299=CARTESIAN_POINT('',(2.349999956,0.967005257,0.749999977));
#8300=LINE('',#8301,#8302);
#8301=CARTESIAN_POINT('',(2.499999954,0.967005257,0.749999977));
#8302=VECTOR('',#8303,1.0);
#8303=DIRECTION('',(-1.0,0.0,0.0));
#8304=ORIENTED_EDGE('',*,*,#8305,.T.);
#8305=EDGE_CURVE('',#8298,#8306,#8308,.F.);
#8306=VERTEX_POINT('',#8307);
#8307=CARTESIAN_POINT('',(2.349999956,0.538816161,0.749999977));
#8308=LINE('',#8309,#8310);
#8309=CARTESIAN_POINT('',(2.349999956,0.538816161,0.749999977));
#8310=VECTOR('',#8311,1.0);
#8311=DIRECTION('',(0.0,1.0,0.0));
#8312=ORIENTED_EDGE('',*,*,#8313,.T.);
#8313=EDGE_CURVE('',#8306,#8314,#8316,.F.);
#8314=VERTEX_POINT('',#8315);
#8315=CARTESIAN_POINT('',(2.499999954,0.538816161,0.749999977));
#8316=LINE('',#8317,#8318);
#8317=CARTESIAN_POINT('',(2.499999954,0.538816161,0.749999977));
#8318=VECTOR('',#8319,1.0);
#8319=DIRECTION('',(-1.0,0.0,0.0));
#8320=ORIENTED_EDGE('',*,*,#8321,.T.);
#8321=EDGE_CURVE('',#8314,#8296,#8322,.T.);
#8322=LINE('',#8323,#8324);
#8323=CARTESIAN_POINT('',(2.499999954,0.538816161,0.749999977));
#8324=VECTOR('',#8325,1.0);
#8325=DIRECTION('',(0.0,1.0,0.0));
#8326=PLANE('',#8327);
#8327=AXIS2_PLACEMENT_3D('',#8328,#8329,#8330);
#8328=CARTESIAN_POINT('',(2.499999954,0.538816161,0.749999977));
#8329=DIRECTION('',(0.0,0.0,-1.0));
#8330=DIRECTION('',(0.0,1.0,0.0));
#8331=ADVANCED_FACE('',(#8332),#8389,.T.);
#8332=FACE_BOUND('',#8333,.T.);
#8333=EDGE_LOOP('',(#8334,#8342,#8343,#8351,#8359,#8367,#8375,#8383));
#8334=ORIENTED_EDGE('',*,*,#8335,.T.);
#8335=EDGE_CURVE('',#8336,#8296,#8338,.F.);
#8336=VERTEX_POINT('',#8337);
#8337=CARTESIAN_POINT('',(2.499999954,0.967005257,0.249999986));
#8338=LINE('',#8339,#8340);
#8339=CARTESIAN_POINT('',(2.499999954,0.967005257,0.749999977));
#8340=VECTOR('',#8341,1.0);
#8341=DIRECTION('',(0.0,0.0,-1.0));
#8342=ORIENTED_EDGE('',*,*,#8321,.F.);
#8343=ORIENTED_EDGE('',*,*,#8344,.T.);
#8344=EDGE_CURVE('',#8314,#8345,#8347,.T.);
#8345=VERTEX_POINT('',#8346);
#8346=CARTESIAN_POINT('',(2.499999954,0.538816161,1.199999969));
#8347=LINE('',#8348,#8349);
#8348=CARTESIAN_POINT('',(2.499999954,0.538816161,0.749999977));
#8349=VECTOR('',#8350,1.0);
#8350=DIRECTION('',(0.0,0.0,1.0));
#8351=ORIENTED_EDGE('',*,*,#8352,.T.);
#8352=EDGE_CURVE('',#8345,#8353,#8355,.F.);
#8353=VERTEX_POINT('',#8354);
#8354=CARTESIAN_POINT('',(2.499999954,-1.2048056,1.199999969));
#8355=LINE('',#8356,#8357);
#8356=CARTESIAN_POINT('',(2.499999954,-1.2048056,1.199999969));
#8357=VECTOR('',#8358,1.0);
#8358=DIRECTION('',(0.0,1.0,0.0));
#8359=ORIENTED_EDGE('',*,*,#8360,.T.);
#8360=EDGE_CURVE('',#8353,#8361,#8363,.T.);
#8361=VERTEX_POINT('',#8362);
#8362=CARTESIAN_POINT('',(2.499999954,-1.2048056,0.749999977));
#8363=LINE('',#8364,#8365);
#8364=CARTESIAN_POINT('',(2.499999954,-1.2048056,1.199999969));
#8365=VECTOR('',#8366,1.0);
#8366=DIRECTION('',(0.0,0.0,-1.0));
#8367=ORIENTED_EDGE('',*,*,#8368,.T.);
#8368=EDGE_CURVE('',#8361,#8369,#8371,.F.);
#8369=VERTEX_POINT('',#8370);
#8370=CARTESIAN_POINT('',(2.499999954,-1.632994695,0.749999977));
#8371=LINE('',#8372,#8373);
#8372=CARTESIAN_POINT('',(2.499999954,-1.632994695,0.749999977));
#8373=VECTOR('',#8374,1.0);
#8374=DIRECTION('',(0.0,1.0,0.0));
#8375=ORIENTED_EDGE('',*,*,#8376,.T.);
#8376=EDGE_CURVE('',#8369,#8377,#8379,.F.);
#8377=VERTEX_POINT('',#8378);
#8378=CARTESIAN_POINT('',(2.499999954,-1.632994695,0.249999986));
#8379=LINE('',#8380,#8381);
#8380=CARTESIAN_POINT('',(2.499999954,-1.632994695,0.249999986));
#8381=VECTOR('',#8382,1.0);
#8382=DIRECTION('',(0.0,0.0,1.0));
#8383=ORIENTED_EDGE('',*,*,#8384,.T.);
#8384=EDGE_CURVE('',#8377,#8336,#8385,.T.);
#8385=LINE('',#8386,#8387);
#8386=CARTESIAN_POINT('',(2.499999954,-1.632994695,0.249999986));
#8387=VECTOR('',#8388,1.0);
#8388=DIRECTION('',(0.0,1.0,0.0));
#8389=PLANE('',#8390);
#8390=AXIS2_PLACEMENT_3D('',#8391,#8392,#8393);
#8391=CARTESIAN_POINT('',(2.499999954,-1.2048056,1.249999968));
#8392=DIRECTION('',(1.0,0.0,0.0));
#8393=DIRECTION('',(0.0,1.0,0.0));
#8394=ADVANCED_FACE('',(#8395),#8456,.F.);
#8395=FACE_BOUND('',#8396,.T.);
#8396=EDGE_LOOP('',(#8397,#8408,#8416,#8423,#8424,#8433,#8441,#8450));
#8397=ORIENTED_EDGE('',*,*,#8398,.T.);
#8398=EDGE_CURVE('',#8399,#8401,#8403,.T.);
#8399=VERTEX_POINT('',#8400);
#8400=CARTESIAN_POINT('',(2.513397413,0.567005264,0.199999987));
#8401=VERTEX_POINT('',#8402);
#8402=CARTESIAN_POINT('',(2.599999952,0.567005264,0.149999988));
#8403=CIRCLE('',#8404,0.099999998);
#8404=AXIS2_PLACEMENT_3D('',#8405,#8406,#8407);
#8405=CARTESIAN_POINT('',(2.599999952,0.567005264,0.249999986));
#8406=DIRECTION('',(0.0,-1.0,0.0));
#8407=DIRECTION('',(-0.866025404,0.0,-0.5));
#8408=ORIENTED_EDGE('',*,*,#8409,.T.);
#8409=EDGE_CURVE('',#8401,#8410,#8412,.F.);
#8410=VERTEX_POINT('',#8411);
#8411=CARTESIAN_POINT('',(2.599999952,0.967005257,0.149999988));
#8412=LINE('',#8413,#8414);
#8413=CARTESIAN_POINT('',(2.599999952,0.967005257,0.149999988));
#8414=VECTOR('',#8415,1.0);
#8415=DIRECTION('',(0.0,-1.0,0.0));
#8416=ORIENTED_EDGE('',*,*,#8417,.T.);
#8417=EDGE_CURVE('',#8410,#8336,#8418,.F.);
#8418=CIRCLE('',#8419,0.099999998);
#8419=AXIS2_PLACEMENT_3D('',#8420,#8421,#8422);
#8420=CARTESIAN_POINT('',(2.599999952,0.967005257,0.249999986));
#8421=DIRECTION('',(0.0,-1.0,0.0));
#8422=DIRECTION('',(-1.0,0.0,0.0));
#8423=ORIENTED_EDGE('',*,*,#8384,.F.);
#8424=ORIENTED_EDGE('',*,*,#8425,.T.);
#8425=EDGE_CURVE('',#8377,#8426,#8428,.F.);
#8426=VERTEX_POINT('',#8427);
#8427=CARTESIAN_POINT('',(2.599999952,-1.632994695,0.149999988));
#8428=CIRCLE('',#8429,0.099999998);
#8429=AXIS2_PLACEMENT_3D('',#8430,#8431,#8432);
#8430=CARTESIAN_POINT('',(2.599999952,-1.632994695,0.249999986));
#8431=DIRECTION('',(0.0,1.0,0.0));
#8432=DIRECTION('',(0.0,0.0,-1.0));
#8433=ORIENTED_EDGE('',*,*,#8434,.T.);
#8434=EDGE_CURVE('',#8426,#8435,#8437,.F.);
#8435=VERTEX_POINT('',#8436);
#8436=CARTESIAN_POINT('',(2.599999952,-1.232994703,0.149999988));
#8437=LINE('',#8438,#8439);
#8438=CARTESIAN_POINT('',(2.599999952,-1.232994703,0.149999988));
#8439=VECTOR('',#8440,1.0);
#8440=DIRECTION('',(0.0,-1.0,0.0));
#8441=ORIENTED_EDGE('',*,*,#8442,.T.);
#8442=EDGE_CURVE('',#8435,#8443,#8445,.T.);
#8443=VERTEX_POINT('',#8444);
#8444=CARTESIAN_POINT('',(2.513397413,-1.232994703,0.199999987));
#8445=CIRCLE('',#8446,0.099999998);
#8446=AXIS2_PLACEMENT_3D('',#8447,#8448,#8449);
#8447=CARTESIAN_POINT('',(2.599999952,-1.232994703,0.249999986));
#8448=DIRECTION('',(0.0,1.0,0.0));
#8449=DIRECTION('',(0.0,0.0,-1.0));
#8450=ORIENTED_EDGE('',*,*,#8451,.T.);
#8451=EDGE_CURVE('',#8443,#8399,#8452,.F.);
#8452=LINE('',#8453,#8454);
#8453=CARTESIAN_POINT('',(2.513397413,0.567005264,0.199999987));
#8454=VECTOR('',#8455,1.0);
#8455=DIRECTION('',(0.0,-1.0,0.0));
#8456=CYLINDRICAL_SURFACE('',#8457,0.099999998);
#8457=AXIS2_PLACEMENT_3D('',#8458,#8459,#8460);
#8458=CARTESIAN_POINT('',(2.599999952,6.582305153,0.249999986));
#8459=DIRECTION('',(0.0,-1.0,0.0));
#8460=DIRECTION('',(-1.0,0.0,0.0));
#8461=ADVANCED_FACE('',(#8462),#8487,.F.);
#8462=FACE_BOUND('',#8463,.T.);
#8463=EDGE_LOOP('',(#8464,#8474,#8480,#8481));
#8464=ORIENTED_EDGE('',*,*,#8465,.T.);
#8465=EDGE_CURVE('',#8466,#8468,#8470,.F.);
#8466=VERTEX_POINT('',#8467);
#8467=CARTESIAN_POINT('',(2.349999956,-1.232994703,0.199999987));
#8468=VERTEX_POINT('',#8469);
#8469=CARTESIAN_POINT('',(2.349999956,0.567005264,0.199999987));
#8470=LINE('',#8471,#8472);
#8471=CARTESIAN_POINT('',(2.349999956,0.567005264,0.199999987));
#8472=VECTOR('',#8473,1.0);
#8473=DIRECTION('',(0.0,-1.0,0.0));
#8474=ORIENTED_EDGE('',*,*,#8475,.T.);
#8475=EDGE_CURVE('',#8468,#8399,#8476,.F.);
#8476=LINE('',#8477,#8478);
#8477=CARTESIAN_POINT('',(2.513397413,0.567005264,0.199999987));
#8478=VECTOR('',#8479,1.0);
#8479=DIRECTION('',(-1.0,0.0,0.0));
#8480=ORIENTED_EDGE('',*,*,#8451,.F.);
#8481=ORIENTED_EDGE('',*,*,#8482,.T.);
#8482=EDGE_CURVE('',#8443,#8466,#8483,.T.);
#8483=LINE('',#8484,#8485);
#8484=CARTESIAN_POINT('',(2.513397413,-1.232994703,0.199999987));
#8485=VECTOR('',#8486,1.0);
#8486=DIRECTION('',(-1.0,0.0,0.0));
#8487=PLANE('',#8488);
#8488=AXIS2_PLACEMENT_3D('',#8489,#8490,#8491);
#8489=CARTESIAN_POINT('',(2.499999954,0.567005264,0.199999987));
#8490=DIRECTION('',(0.0,0.0,1.0));
#8491=DIRECTION('',(0.0,-1.0,0.0));
#8492=ADVANCED_FACE('',(#8493),#8528,.F.);
#8493=FACE_BOUND('',#8494,.T.);
#8494=EDGE_LOOP('',(#8495,#8505,#8513,#8520,#8521,#8522));
#8495=ORIENTED_EDGE('',*,*,#8496,.T.);
#8496=EDGE_CURVE('',#8497,#8499,#8501,.F.);
#8497=VERTEX_POINT('',#8498);
#8498=CARTESIAN_POINT('',(2.999999944,-1.232994703,0.149999988));
#8499=VERTEX_POINT('',#8500);
#8500=CARTESIAN_POINT('',(2.999999944,-1.232994703,-9.258973643E-09));
#8501=LINE('',#8502,#8503);
#8502=CARTESIAN_POINT('',(2.999999944,-1.232994703,-9.258973643E-09));
#8503=VECTOR('',#8504,1.0);
#8504=DIRECTION('',(0.0,0.0,1.0));
#8505=ORIENTED_EDGE('',*,*,#8506,.T.);
#8506=EDGE_CURVE('',#8499,#8507,#8509,.F.);
#8507=VERTEX_POINT('',#8508);
#8508=CARTESIAN_POINT('',(2.549999953,-1.232994703,-9.258973643E-09));
#8509=LINE('',#8510,#8511);
#8510=CARTESIAN_POINT('',(2.549999953,-1.232994703,-9.258973643E-09));
#8511=VECTOR('',#8512,1.0);
#8512=DIRECTION('',(1.0,3.552713679E-14,0.0));
#8513=ORIENTED_EDGE('',*,*,#8514,.T.);
#8514=EDGE_CURVE('',#8507,#8466,#8515,.T.);
#8515=CIRCLE('',#8516,0.199999996);
#8516=AXIS2_PLACEMENT_3D('',#8517,#8518,#8519);
#8517=CARTESIAN_POINT('',(2.549999953,-1.232994703,0.199999987));
#8518=DIRECTION('',(0.0,1.0,0.0));
#8519=DIRECTION('',(0.0,0.0,-1.0));
#8520=ORIENTED_EDGE('',*,*,#8482,.F.);
#8521=ORIENTED_EDGE('',*,*,#8442,.F.);
#8522=ORIENTED_EDGE('',*,*,#8523,.T.);
#8523=EDGE_CURVE('',#8435,#8497,#8524,.F.);
#8524=LINE('',#8525,#8526);
#8525=CARTESIAN_POINT('',(2.999999944,-1.232994703,0.149999988));
#8526=VECTOR('',#8527,1.0);
#8527=DIRECTION('',(-1.0,-1.942890293E-14,0.0));
#8528=PLANE('',#8529);
#8529=AXIS2_PLACEMENT_3D('',#8530,#8531,#8532);
#8530=CARTESIAN_POINT('',(2.499999954,-1.232994703,0.199999987));
#8531=DIRECTION('',(0.0,-1.0,0.0));
#8532=DIRECTION('',(0.0,0.0,-1.0));
#8533=ADVANCED_FACE('',(#8534),#8552,.T.);
#8534=FACE_BOUND('',#8535,.T.);
#8535=EDGE_LOOP('',(#8536,#8544,#8550,#8551));
#8536=ORIENTED_EDGE('',*,*,#8537,.T.);
#8537=EDGE_CURVE('',#8426,#8538,#8540,.T.);
#8538=VERTEX_POINT('',#8539);
#8539=CARTESIAN_POINT('',(2.999999944,-1.632994695,0.149999988));
#8540=LINE('',#8541,#8542);
#8541=CARTESIAN_POINT('',(2.599999952,-1.632994695,0.149999988));
#8542=VECTOR('',#8543,1.0);
#8543=DIRECTION('',(1.0,4.05231404E-14,0.0));
#8544=ORIENTED_EDGE('',*,*,#8545,.T.);
#8545=EDGE_CURVE('',#8538,#8497,#8546,.T.);
#8546=LINE('',#8547,#8548);
#8547=CARTESIAN_POINT('',(2.999999944,-1.632994695,0.149999988));
#8548=VECTOR('',#8549,1.0);
#8549=DIRECTION('',(0.0,1.0,0.0));
#8550=ORIENTED_EDGE('',*,*,#8523,.F.);
#8551=ORIENTED_EDGE('',*,*,#8434,.F.);
#8552=PLANE('',#8553);
#8553=AXIS2_PLACEMENT_3D('',#8554,#8555,#8556);
#8554=CARTESIAN_POINT('',(2.349999956,-0.332994719,0.149999988));
#8555=DIRECTION('',(0.0,0.0,1.0));
#8556=DIRECTION('',(1.0,0.0,0.0));
#8557=ADVANCED_FACE('',(#8558),#8583,.T.);
#8558=FACE_BOUND('',#8559,.T.);
#8559=EDGE_LOOP('',(#8560,#8568,#8576,#8582));
#8560=ORIENTED_EDGE('',*,*,#8561,.T.);
#8561=EDGE_CURVE('',#8401,#8562,#8564,.T.);
#8562=VERTEX_POINT('',#8563);
#8563=CARTESIAN_POINT('',(2.999999944,0.567005264,0.149999988));
#8564=LINE('',#8565,#8566);
#8565=CARTESIAN_POINT('',(2.599999952,0.567005264,0.149999988));
#8566=VECTOR('',#8567,1.0);
#8567=DIRECTION('',(1.0,0.0,0.0));
#8568=ORIENTED_EDGE('',*,*,#8569,.T.);
#8569=EDGE_CURVE('',#8562,#8570,#8572,.T.);
#8570=VERTEX_POINT('',#8571);
#8571=CARTESIAN_POINT('',(2.999999944,0.967005257,0.149999988));
#8572=LINE('',#8573,#8574);
#8573=CARTESIAN_POINT('',(2.999999944,0.567005264,0.149999988));
#8574=VECTOR('',#8575,1.0);
#8575=DIRECTION('',(0.0,1.0,0.0));
#8576=ORIENTED_EDGE('',*,*,#8577,.T.);
#8577=EDGE_CURVE('',#8570,#8410,#8578,.T.);
#8578=LINE('',#8579,#8580);
#8579=CARTESIAN_POINT('',(2.999999944,0.967005257,0.149999988));
#8580=VECTOR('',#8581,1.0);
#8581=DIRECTION('',(-1.0,0.0,0.0));
#8582=ORIENTED_EDGE('',*,*,#8409,.F.);
#8583=PLANE('',#8584);
#8584=AXIS2_PLACEMENT_3D('',#8585,#8586,#8587);
#8585=CARTESIAN_POINT('',(2.349999956,-0.332994719,0.149999988));
#8586=DIRECTION('',(0.0,0.0,1.0));
#8587=DIRECTION('',(1.0,0.0,0.0));
#8588=ADVANCED_FACE('',(#8589),#8607,.F.);
#8589=FACE_BOUND('',#8590,.T.);
#8590=EDGE_LOOP('',(#8591,#8592,#8593,#8601));
#8591=ORIENTED_EDGE('',*,*,#8496,.F.);
#8592=ORIENTED_EDGE('',*,*,#8545,.F.);
#8593=ORIENTED_EDGE('',*,*,#8594,.T.);
#8594=EDGE_CURVE('',#8538,#8595,#8597,.F.);
#8595=VERTEX_POINT('',#8596);
#8596=CARTESIAN_POINT('',(2.999999944,-1.632994695,-9.258973643E-09));
#8597=LINE('',#8598,#8599);
#8598=CARTESIAN_POINT('',(2.999999944,-1.632994695,-9.258973643E-09));
#8599=VECTOR('',#8600,1.0);
#8600=DIRECTION('',(0.0,0.0,1.0));
#8601=ORIENTED_EDGE('',*,*,#8602,.T.);
#8602=EDGE_CURVE('',#8595,#8499,#8603,.T.);
#8603=LINE('',#8604,#8605);
#8604=CARTESIAN_POINT('',(2.999999944,-1.632994695,-9.258973643E-09));
#8605=VECTOR('',#8606,1.0);
#8606=DIRECTION('',(0.0,1.0,0.0));
#8607=PLANE('',#8608);
#8608=AXIS2_PLACEMENT_3D('',#8609,#8610,#8611);
#8609=CARTESIAN_POINT('',(2.999999944,-1.632994695,-9.258973643E-09));
#8610=DIRECTION('',(-1.0,0.0,0.0));
#8611=DIRECTION('',(0.0,1.0,0.0));
#8612=ADVANCED_FACE('',(#8613),#8647,.F.);
#8613=FACE_BOUND('',#8614,.T.);
#8614=EDGE_LOOP('',(#8615,#8625,#8633,#8641));
#8615=ORIENTED_EDGE('',*,*,#8616,.T.);
#8616=EDGE_CURVE('',#8617,#8619,#8621,.T.);
#8617=VERTEX_POINT('',#8618);
#8618=CARTESIAN_POINT('',(2.549999953,0.967005257,-9.258973643E-09));
#8619=VERTEX_POINT('',#8620);
#8620=CARTESIAN_POINT('',(2.999999944,0.967005257,-9.258973643E-09));
#8621=LINE('',#8622,#8623);
#8622=CARTESIAN_POINT('',(2.549999953,0.967005257,-9.258973643E-09));
#8623=VECTOR('',#8624,1.0);
#8624=DIRECTION('',(1.0,0.0,0.0));
#8625=ORIENTED_EDGE('',*,*,#8626,.T.);
#8626=EDGE_CURVE('',#8619,#8627,#8629,.F.);
#8627=VERTEX_POINT('',#8628);
#8628=CARTESIAN_POINT('',(2.999999944,0.567005264,-9.258973643E-09));
#8629=LINE('',#8630,#8631);
#8630=CARTESIAN_POINT('',(2.999999944,0.567005264,-9.258973643E-09));
#8631=VECTOR('',#8632,1.0);
#8632=DIRECTION('',(0.0,1.0,0.0));
#8633=ORIENTED_EDGE('',*,*,#8634,.T.);
#8634=EDGE_CURVE('',#8627,#8635,#8637,.T.);
#8635=VERTEX_POINT('',#8636);
#8636=CARTESIAN_POINT('',(2.549999953,0.567005264,-9.258973643E-09));
#8637=LINE('',#8638,#8639);
#8638=CARTESIAN_POINT('',(2.999999944,0.567005264,-9.258973643E-09));
#8639=VECTOR('',#8640,1.0);
#8640=DIRECTION('',(-1.0,0.0,0.0));
#8641=ORIENTED_EDGE('',*,*,#8642,.T.);
#8642=EDGE_CURVE('',#8635,#8617,#8643,.F.);
#8643=LINE('',#8644,#8645);
#8644=CARTESIAN_POINT('',(2.549999953,0.967005257,-9.258973643E-09));
#8645=VECTOR('',#8646,1.0);
#8646=DIRECTION('',(0.0,-1.0,0.0));
#8647=PLANE('',#8648);
#8648=AXIS2_PLACEMENT_3D('',#8649,#8650,#8651);
#8649=CARTESIAN_POINT('',(2.499999954,0.967005257,-9.258973643E-09));
#8650=DIRECTION('',(0.0,0.0,1.0));
#8651=DIRECTION('',(0.0,-1.0,0.0));
#8652=ADVANCED_FACE('',(#8653),#8671,.F.);
#8653=FACE_BOUND('',#8654,.T.);
#8654=EDGE_LOOP('',(#8655,#8656,#8657,#8665));
#8655=ORIENTED_EDGE('',*,*,#8506,.F.);
#8656=ORIENTED_EDGE('',*,*,#8602,.F.);
#8657=ORIENTED_EDGE('',*,*,#8658,.T.);
#8658=EDGE_CURVE('',#8595,#8659,#8661,.T.);
#8659=VERTEX_POINT('',#8660);
#8660=CARTESIAN_POINT('',(2.549999953,-1.632994695,-9.258973643E-09));
#8661=LINE('',#8662,#8663);
#8662=CARTESIAN_POINT('',(2.999999944,-1.632994695,-9.258973643E-09));
#8663=VECTOR('',#8664,1.0);
#8664=DIRECTION('',(-1.0,-3.454027188E-14,0.0));
#8665=ORIENTED_EDGE('',*,*,#8666,.T.);
#8666=EDGE_CURVE('',#8659,#8507,#8667,.F.);
#8667=LINE('',#8668,#8669);
#8668=CARTESIAN_POINT('',(2.549999953,-1.232994703,-9.258973643E-09));
#8669=VECTOR('',#8670,1.0);
#8670=DIRECTION('',(0.0,-1.0,0.0));
#8671=PLANE('',#8672);
#8672=AXIS2_PLACEMENT_3D('',#8673,#8674,#8675);
#8673=CARTESIAN_POINT('',(2.499999954,0.967005257,-9.258973643E-09));
#8674=DIRECTION('',(0.0,0.0,1.0));
#8675=DIRECTION('',(0.0,-1.0,0.0));
#8676=ADVANCED_FACE('',(#8677),#8702,.T.);
#8677=FACE_BOUND('',#8678,.T.);
#8678=EDGE_LOOP('',(#8679,#8687,#8694,#8695));
#8679=ORIENTED_EDGE('',*,*,#8680,.T.);
#8680=EDGE_CURVE('',#8468,#8681,#8683,.F.);
#8681=VERTEX_POINT('',#8682);
#8682=CARTESIAN_POINT('',(2.349999956,0.967005257,0.199999987));
#8683=LINE('',#8684,#8685);
#8684=CARTESIAN_POINT('',(2.349999956,0.967005257,0.199999987));
#8685=VECTOR('',#8686,1.0);
#8686=DIRECTION('',(0.0,-1.0,0.0));
#8687=ORIENTED_EDGE('',*,*,#8688,.T.);
#8688=EDGE_CURVE('',#8681,#8617,#8689,.F.);
#8689=CIRCLE('',#8690,0.199999996);
#8690=AXIS2_PLACEMENT_3D('',#8691,#8692,#8693);
#8691=CARTESIAN_POINT('',(2.549999953,0.967005257,0.199999987));
#8692=DIRECTION('',(0.0,1.0,0.0));
#8693=DIRECTION('',(0.0,0.0,-1.0));
#8694=ORIENTED_EDGE('',*,*,#8642,.F.);
#8695=ORIENTED_EDGE('',*,*,#8696,.T.);
#8696=EDGE_CURVE('',#8635,#8468,#8697,.F.);
#8697=CIRCLE('',#8698,0.199999996);
#8698=AXIS2_PLACEMENT_3D('',#8699,#8700,#8701);
#8699=CARTESIAN_POINT('',(2.549999953,0.567005264,0.199999987));
#8700=DIRECTION('',(0.0,-1.0,0.0));
#8701=DIRECTION('',(-1.0,0.0,0.0));
#8702=CYLINDRICAL_SURFACE('',#8703,0.199999996);
#8703=AXIS2_PLACEMENT_3D('',#8704,#8705,#8706);
#8704=CARTESIAN_POINT('',(2.549999953,6.582305153,0.199999987));
#8705=DIRECTION('',(0.0,-1.0,0.0));
#8706=DIRECTION('',(-1.0,0.0,0.0));
#8707=ADVANCED_FACE('',(#8708),#8721,.F.);
#8708=FACE_BOUND('',#8709,.T.);
#8709=EDGE_LOOP('',(#8710,#8711,#8712,#8718,#8719,#8720));
#8710=ORIENTED_EDGE('',*,*,#8696,.F.);
#8711=ORIENTED_EDGE('',*,*,#8634,.F.);
#8712=ORIENTED_EDGE('',*,*,#8713,.T.);
#8713=EDGE_CURVE('',#8627,#8562,#8714,.T.);
#8714=LINE('',#8715,#8716);
#8715=CARTESIAN_POINT('',(2.999999944,0.567005264,-9.258973643E-09));
#8716=VECTOR('',#8717,1.0);
#8717=DIRECTION('',(0.0,0.0,1.0));
#8718=ORIENTED_EDGE('',*,*,#8561,.F.);
#8719=ORIENTED_EDGE('',*,*,#8398,.F.);
#8720=ORIENTED_EDGE('',*,*,#8475,.F.);
#8721=PLANE('',#8722);
#8722=AXIS2_PLACEMENT_3D('',#8723,#8724,#8725);
#8723=CARTESIAN_POINT('',(2.499999954,0.567005264,-9.258973643E-09));
#8724=DIRECTION('',(0.0,1.0,0.0));
#8725=DIRECTION('',(0.0,0.0,1.0));
#8726=ADVANCED_FACE('',(#8727),#8738,.F.);
#8727=FACE_BOUND('',#8728,.T.);
#8728=EDGE_LOOP('',(#8729,#8735,#8736,#8737));
#8729=ORIENTED_EDGE('',*,*,#8730,.T.);
#8730=EDGE_CURVE('',#8619,#8570,#8731,.T.);
#8731=LINE('',#8732,#8733);
#8732=CARTESIAN_POINT('',(2.999999944,0.967005257,-9.258973643E-09));
#8733=VECTOR('',#8734,1.0);
#8734=DIRECTION('',(0.0,0.0,1.0));
#8735=ORIENTED_EDGE('',*,*,#8569,.F.);
#8736=ORIENTED_EDGE('',*,*,#8713,.F.);
#8737=ORIENTED_EDGE('',*,*,#8626,.F.);
#8738=PLANE('',#8739);
#8739=AXIS2_PLACEMENT_3D('',#8740,#8741,#8742);
#8740=CARTESIAN_POINT('',(2.999999944,0.567005264,-9.258973643E-09));
#8741=DIRECTION('',(-1.0,0.0,0.0));
#8742=DIRECTION('',(0.0,1.0,0.0));
#8743=ADVANCED_FACE('',(#8744),#8759,.F.);
#8744=FACE_BOUND('',#8745,.T.);
#8745=EDGE_LOOP('',(#8746,#8747,#8748,#8749,#8755,#8756,#8757,#8758));
#8746=ORIENTED_EDGE('',*,*,#8730,.F.);
#8747=ORIENTED_EDGE('',*,*,#8616,.F.);
#8748=ORIENTED_EDGE('',*,*,#8688,.F.);
#8749=ORIENTED_EDGE('',*,*,#8750,.T.);
#8750=EDGE_CURVE('',#8681,#8298,#8751,.F.);
#8751=LINE('',#8752,#8753);
#8752=CARTESIAN_POINT('',(2.349999956,0.967005257,0.749999977));
#8753=VECTOR('',#8754,1.0);
#8754=DIRECTION('',(0.0,0.0,-1.0));
#8755=ORIENTED_EDGE('',*,*,#8295,.F.);
#8756=ORIENTED_EDGE('',*,*,#8335,.F.);
#8757=ORIENTED_EDGE('',*,*,#8417,.F.);
#8758=ORIENTED_EDGE('',*,*,#8577,.F.);
#8759=PLANE('',#8760);
#8760=AXIS2_PLACEMENT_3D('',#8761,#8762,#8763);
#8761=CARTESIAN_POINT('',(2.499999954,0.967005257,0.749999977));
#8762=DIRECTION('',(0.0,-1.0,0.0));
#8763=DIRECTION('',(0.0,0.0,-1.0));
#8764=ADVANCED_FACE('',(#8765),#8817,.T.);
#8765=FACE_BOUND('',#8766,.T.);
#8766=EDGE_LOOP('',(#8767,#8768,#8776,#8784,#8792,#8800,#8808,#8814,#8815,#8816));
#8767=ORIENTED_EDGE('',*,*,#8465,.F.);
#8768=ORIENTED_EDGE('',*,*,#8769,.T.);
#8769=EDGE_CURVE('',#8466,#8770,#8772,.T.);
#8770=VERTEX_POINT('',#8771);
#8771=CARTESIAN_POINT('',(2.349999956,-1.632994695,0.199999987));
#8772=LINE('',#8773,#8774);
#8773=CARTESIAN_POINT('',(2.349999956,-1.232994703,0.199999987));
#8774=VECTOR('',#8775,1.0);
#8775=DIRECTION('',(0.0,-1.0,0.0));
#8776=ORIENTED_EDGE('',*,*,#8777,.T.);
#8777=EDGE_CURVE('',#8770,#8778,#8780,.T.);
#8778=VERTEX_POINT('',#8779);
#8779=CARTESIAN_POINT('',(2.349999956,-1.632994695,0.749999977));
#8780=LINE('',#8781,#8782);
#8781=CARTESIAN_POINT('',(2.349999956,-1.632994695,0.199999987));
#8782=VECTOR('',#8783,1.0);
#8783=DIRECTION('',(0.0,0.0,1.0));
#8784=ORIENTED_EDGE('',*,*,#8785,.T.);
#8785=EDGE_CURVE('',#8778,#8786,#8788,.T.);
#8786=VERTEX_POINT('',#8787);
#8787=CARTESIAN_POINT('',(2.349999956,-1.2048056,0.749999977));
#8788=LINE('',#8789,#8790);
#8789=CARTESIAN_POINT('',(2.349999956,-1.632994695,0.749999977));
#8790=VECTOR('',#8791,1.0);
#8791=DIRECTION('',(0.0,1.0,0.0));
#8792=ORIENTED_EDGE('',*,*,#8793,.T.);
#8793=EDGE_CURVE('',#8786,#8794,#8796,.T.);
#8794=VERTEX_POINT('',#8795);
#8795=CARTESIAN_POINT('',(2.349999956,-1.2048056,1.249999968));
#8796=LINE('',#8797,#8798);
#8797=CARTESIAN_POINT('',(2.349999956,-1.2048056,0.749999977));
#8798=VECTOR('',#8799,1.0);
#8799=DIRECTION('',(0.0,0.0,1.0));
#8800=ORIENTED_EDGE('',*,*,#8801,.T.);
#8801=EDGE_CURVE('',#8794,#8802,#8804,.F.);
#8802=VERTEX_POINT('',#8803);
#8803=CARTESIAN_POINT('',(2.349999956,0.538816161,1.249999968));
#8804=LINE('',#8805,#8806);
#8805=CARTESIAN_POINT('',(2.349999956,0.538816161,1.249999968));
#8806=VECTOR('',#8807,1.0);
#8807=DIRECTION('',(0.0,-1.0,0.0));
#8808=ORIENTED_EDGE('',*,*,#8809,.T.);
#8809=EDGE_CURVE('',#8802,#8306,#8810,.T.);
#8810=LINE('',#8811,#8812);
#8811=CARTESIAN_POINT('',(2.349999956,0.538816161,1.249999968));
#8812=VECTOR('',#8813,1.0);
#8813=DIRECTION('',(0.0,0.0,-1.0));
#8814=ORIENTED_EDGE('',*,*,#8305,.F.);
#8815=ORIENTED_EDGE('',*,*,#8750,.F.);
#8816=ORIENTED_EDGE('',*,*,#8680,.F.);
#8817=PLANE('',#8818);
#8818=AXIS2_PLACEMENT_3D('',#8819,#8820,#8821);
#8819=CARTESIAN_POINT('',(2.349999956,-0.332994719,1.249999968));
#8820=DIRECTION('',(-1.0,0.0,0.0));
#8821=DIRECTION('',(0.0,-1.0,0.0));
#8822=ADVANCED_FACE('',(#8823),#8859,.T.);
#8823=FACE_BOUND('',#8824,.T.);
#8824=EDGE_LOOP('',(#8825,#8826,#8827,#8828,#8836,#8844,#8852));
#8825=ORIENTED_EDGE('',*,*,#8344,.F.);
#8826=ORIENTED_EDGE('',*,*,#8313,.F.);
#8827=ORIENTED_EDGE('',*,*,#8809,.F.);
#8828=ORIENTED_EDGE('',*,*,#8829,.T.);
#8829=EDGE_CURVE('',#8802,#8830,#8832,.T.);
#8830=VERTEX_POINT('',#8831);
#8831=CARTESIAN_POINT('',(2.152361079,0.538816161,1.249999968));
#8832=LINE('',#8833,#8834);
#8833=CARTESIAN_POINT('',(2.349999956,0.538816161,1.249999968));
#8834=VECTOR('',#8835,1.0);
#8835=DIRECTION('',(-1.0,0.0,0.0));
#8836=ORIENTED_EDGE('',*,*,#8837,.T.);
#8837=EDGE_CURVE('',#8830,#8838,#8840,.T.);
#8838=VERTEX_POINT('',#8839);
#8839=CARTESIAN_POINT('',(2.152361079,0.538816161,1.399999965));
#8840=LINE('',#8841,#8842);
#8841=CARTESIAN_POINT('',(2.152361079,0.538816161,1.249999968));
#8842=VECTOR('',#8843,1.0);
#8843=DIRECTION('',(0.0,0.0,1.0));
#8844=ORIENTED_EDGE('',*,*,#8845,.T.);
#8845=EDGE_CURVE('',#8838,#8846,#8848,.F.);
#8846=VERTEX_POINT('',#8847);
#8847=CARTESIAN_POINT('',(2.299999957,0.538816161,1.399999965));
#8848=LINE('',#8849,#8850);
#8849=CARTESIAN_POINT('',(2.299999957,0.538816161,1.399999965));
#8850=VECTOR('',#8851,1.0);
#8851=DIRECTION('',(-1.0,0.0,0.0));
#8852=ORIENTED_EDGE('',*,*,#8853,.T.);
#8853=EDGE_CURVE('',#8846,#8345,#8854,.T.);
#8854=CIRCLE('',#8855,0.199999996);
#8855=AXIS2_PLACEMENT_3D('',#8856,#8857,#8858);
#8856=CARTESIAN_POINT('',(2.299999957,0.538816161,1.199999969));
#8857=DIRECTION('',(0.0,1.0,0.0));
#8858=DIRECTION('',(0.0,0.0,1.0));
#8859=PLANE('',#8860);
#8860=AXIS2_PLACEMENT_3D('',#8861,#8862,#8863);
#8861=CARTESIAN_POINT('',(2.499999954,0.538816161,1.249999968));
#8862=DIRECTION('',(0.0,1.0,0.0));
#8863=DIRECTION('',(-1.0,0.0,0.0));
#8864=ADVANCED_FACE('',(#8865),#8884,.T.);
#8865=FACE_BOUND('',#8866,.T.);
#8866=EDGE_LOOP('',(#8867,#8875,#8882,#8883));
#8867=ORIENTED_EDGE('',*,*,#8868,.T.);
#8868=EDGE_CURVE('',#8846,#8869,#8871,.F.);
#8869=VERTEX_POINT('',#8870);
#8870=CARTESIAN_POINT('',(2.299999957,-1.2048056,1.399999965));
#8871=LINE('',#8872,#8873);
#8872=CARTESIAN_POINT('',(2.299999957,-1.2048056,1.399999965));
#8873=VECTOR('',#8874,1.0);
#8874=DIRECTION('',(0.0,1.0,0.0));
#8875=ORIENTED_EDGE('',*,*,#8876,.T.);
#8876=EDGE_CURVE('',#8869,#8353,#8877,.F.);
#8877=CIRCLE('',#8878,0.199999996);
#8878=AXIS2_PLACEMENT_3D('',#8879,#8880,#8881);
#8879=CARTESIAN_POINT('',(2.299999957,-1.2048056,1.199999969));
#8880=DIRECTION('',(0.0,-1.0,0.0));
#8881=DIRECTION('',(1.0,0.0,0.0));
#8882=ORIENTED_EDGE('',*,*,#8352,.F.);
#8883=ORIENTED_EDGE('',*,*,#8853,.F.);
#8884=CYLINDRICAL_SURFACE('',#8885,0.199999996);
#8885=AXIS2_PLACEMENT_3D('',#8886,#8887,#8888);
#8886=CARTESIAN_POINT('',(2.299999957,-8.748294563,1.199999969));
#8887=DIRECTION('',(0.0,1.0,0.0));
#8888=DIRECTION('',(0.0,0.0,1.0));
#8889=ADVANCED_FACE('',(#8890),#8923,.T.);
#8890=FACE_BOUND('',#8891,.T.);
#8891=EDGE_LOOP('',(#8892,#8900,#8908,#8914,#8915,#8921,#8922));
#8892=ORIENTED_EDGE('',*,*,#8893,.T.);
#8893=EDGE_CURVE('',#8869,#8894,#8896,.F.);
#8894=VERTEX_POINT('',#8895);
#8895=CARTESIAN_POINT('',(2.152361079,-1.2048056,1.399999965));
#8896=LINE('',#8897,#8898);
#8897=CARTESIAN_POINT('',(2.152361079,-1.2048056,1.399999965));
#8898=VECTOR('',#8899,1.0);
#8899=DIRECTION('',(1.0,0.0,0.0));
#8900=ORIENTED_EDGE('',*,*,#8901,.T.);
#8901=EDGE_CURVE('',#8894,#8902,#8904,.F.);
#8902=VERTEX_POINT('',#8903);
#8903=CARTESIAN_POINT('',(2.152361079,-1.2048056,1.249999968));
#8904=LINE('',#8905,#8906);
#8905=CARTESIAN_POINT('',(2.152361079,-1.2048056,1.249999968));
#8906=VECTOR('',#8907,1.0);
#8907=DIRECTION('',(0.0,0.0,1.0));
#8908=ORIENTED_EDGE('',*,*,#8909,.T.);
#8909=EDGE_CURVE('',#8902,#8794,#8910,.T.);
#8910=LINE('',#8911,#8912);
#8911=CARTESIAN_POINT('',(2.152361079,-1.2048056,1.249999968));
#8912=VECTOR('',#8913,1.0);
#8913=DIRECTION('',(1.0,0.0,0.0));
#8914=ORIENTED_EDGE('',*,*,#8793,.F.);
#8915=ORIENTED_EDGE('',*,*,#8916,.T.);
#8916=EDGE_CURVE('',#8786,#8361,#8917,.F.);
#8917=LINE('',#8918,#8919);
#8918=CARTESIAN_POINT('',(2.499999954,-1.2048056,0.749999977));
#8919=VECTOR('',#8920,1.0);
#8920=DIRECTION('',(-1.0,0.0,0.0));
#8921=ORIENTED_EDGE('',*,*,#8360,.F.);
#8922=ORIENTED_EDGE('',*,*,#8876,.F.);
#8923=PLANE('',#8924);
#8924=AXIS2_PLACEMENT_3D('',#8925,#8926,#8927);
#8925=CARTESIAN_POINT('',(2.152361079,-1.2048056,1.249999968));
#8926=DIRECTION('',(0.0,-1.0,0.0));
#8927=DIRECTION('',(1.0,0.0,0.0));
#8928=ADVANCED_FACE('',(#8929),#8940,.F.);
#8929=FACE_BOUND('',#8930,.T.);
#8930=EDGE_LOOP('',(#8931,#8932,#8933,#8939));
#8931=ORIENTED_EDGE('',*,*,#8916,.F.);
#8932=ORIENTED_EDGE('',*,*,#8785,.F.);
#8933=ORIENTED_EDGE('',*,*,#8934,.T.);
#8934=EDGE_CURVE('',#8778,#8369,#8935,.F.);
#8935=LINE('',#8936,#8937);
#8936=CARTESIAN_POINT('',(2.499999954,-1.632994695,0.749999977));
#8937=VECTOR('',#8938,1.0);
#8938=DIRECTION('',(-1.0,0.0,0.0));
#8939=ORIENTED_EDGE('',*,*,#8368,.F.);
#8940=PLANE('',#8941);
#8941=AXIS2_PLACEMENT_3D('',#8942,#8943,#8944);
#8942=CARTESIAN_POINT('',(2.499999954,-1.632994695,0.749999977));
#8943=DIRECTION('',(0.0,0.0,-1.0));
#8944=DIRECTION('',(0.0,1.0,0.0));
#8945=ADVANCED_FACE('',(#8946),#8962,.F.);
#8946=FACE_BOUND('',#8947,.T.);
#8947=EDGE_LOOP('',(#8948,#8949,#8950,#8957,#8958,#8959,#8960,#8961));
#8948=ORIENTED_EDGE('',*,*,#8934,.F.);
#8949=ORIENTED_EDGE('',*,*,#8777,.F.);
#8950=ORIENTED_EDGE('',*,*,#8951,.T.);
#8951=EDGE_CURVE('',#8770,#8659,#8952,.T.);
#8952=CIRCLE('',#8953,0.199999996);
#8953=AXIS2_PLACEMENT_3D('',#8954,#8955,#8956);
#8954=CARTESIAN_POINT('',(2.549999953,-1.632994695,0.199999987));
#8955=DIRECTION('',(0.0,-1.0,0.0));
#8956=DIRECTION('',(-1.0,0.0,0.0));
#8957=ORIENTED_EDGE('',*,*,#8658,.F.);
#8958=ORIENTED_EDGE('',*,*,#8594,.F.);
#8959=ORIENTED_EDGE('',*,*,#8537,.F.);
#8960=ORIENTED_EDGE('',*,*,#8425,.F.);
#8961=ORIENTED_EDGE('',*,*,#8376,.F.);
#8962=PLANE('',#8963);
#8963=AXIS2_PLACEMENT_3D('',#8964,#8965,#8966);
#8964=CARTESIAN_POINT('',(2.499999954,-1.632994695,-9.258973643E-09));
#8965=DIRECTION('',(0.0,1.0,0.0));
#8966=DIRECTION('',(0.0,0.0,1.0));
#8967=ADVANCED_FACE('',(#8968),#8974,.T.);
#8968=FACE_BOUND('',#8969,.T.);
#8969=EDGE_LOOP('',(#8970,#8971,#8972,#8973));
#8970=ORIENTED_EDGE('',*,*,#8769,.F.);
#8971=ORIENTED_EDGE('',*,*,#8514,.F.);
#8972=ORIENTED_EDGE('',*,*,#8666,.F.);
#8973=ORIENTED_EDGE('',*,*,#8951,.F.);
#8974=CYLINDRICAL_SURFACE('',#8975,0.199999996);
#8975=AXIS2_PLACEMENT_3D('',#8976,#8977,#8978);
#8976=CARTESIAN_POINT('',(2.549999953,6.582305153,0.199999987));
#8977=DIRECTION('',(0.0,-1.0,0.0));
#8978=DIRECTION('',(-1.0,0.0,0.0));
#8979=ADVANCED_FACE('',(#8980),#9127,.F.);
#8980=FACE_BOUND('',#8981,.T.);
#8981=EDGE_LOOP('',(#8982,#8983,#8992,#9000,#9009,#9017,#9026,#9034,#9043,#9051,#9059,#9067,#9076,#9084,#9093,#9101,#9110,#9118,#9125,#9126));
#8982=ORIENTED_EDGE('',*,*,#8909,.F.);
#8983=ORIENTED_EDGE('',*,*,#8984,.T.);
#8984=EDGE_CURVE('',#8902,#8985,#8987,.F.);
#8985=VERTEX_POINT('',#8986);
#8986=CARTESIAN_POINT('',(2.062114067,-1.295052612,1.249999968));
#8987=CIRCLE('',#8988,0.090247012);
#8988=AXIS2_PLACEMENT_3D('',#8989,#8990,#8991);
#8989=CARTESIAN_POINT('',(2.152361079,-1.295052612,1.249999968));
#8990=DIRECTION('',(0.0,0.0,-1.0));
#8991=DIRECTION('',(-1.0,3.07551181E-14,0.0));
#8992=ORIENTED_EDGE('',*,*,#8993,.T.);
#8993=EDGE_CURVE('',#8985,#8994,#8996,.F.);
#8994=VERTEX_POINT('',#8995);
#8995=CARTESIAN_POINT('',(2.062114067,-1.631466079,1.249999968));
#8996=LINE('',#8997,#8998);
#8997=CARTESIAN_POINT('',(2.062114067,-1.631466079,1.249999968));
#8998=VECTOR('',#8999,1.0);
#8999=DIRECTION('',(0.0,1.0,0.0));
#9000=ORIENTED_EDGE('',*,*,#9001,.T.);
#9001=EDGE_CURVE('',#8994,#9002,#9004,.F.);
#9002=VERTEX_POINT('',#9003);
#9003=CARTESIAN_POINT('',(1.985585452,-1.707994694,1.249999968));
#9004=CIRCLE('',#9005,0.076528615);
#9005=AXIS2_PLACEMENT_3D('',#9006,#9007,#9008);
#9006=CARTESIAN_POINT('',(1.985585452,-1.631466079,1.249999968));
#9007=DIRECTION('',(0.0,0.0,1.0));
#9008=DIRECTION('',(1.45072925E-14,-1.0,0.0));
#9009=ORIENTED_EDGE('',*,*,#9010,.T.);
#9010=EDGE_CURVE('',#9002,#9011,#9013,.F.);
#9011=VERTEX_POINT('',#9012);
#9012=CARTESIAN_POINT('',(-1.985585452,-1.707994694,1.249999968));
#9013=LINE('',#9014,#9015);
#9014=CARTESIAN_POINT('',(-1.985585452,-1.707994694,1.249999968));
#9015=VECTOR('',#9016,1.0);
#9016=DIRECTION('',(1.0,0.0,0.0));
#9017=ORIENTED_EDGE('',*,*,#9018,.T.);
#9018=EDGE_CURVE('',#9011,#9019,#9021,.F.);
#9019=VERTEX_POINT('',#9020);
#9020=CARTESIAN_POINT('',(-2.062114067,-1.631466079,1.249999968));
#9021=CIRCLE('',#9022,0.076528615);
#9022=AXIS2_PLACEMENT_3D('',#9023,#9024,#9025);
#9023=CARTESIAN_POINT('',(-1.985585452,-1.631466079,1.249999968));
#9024=DIRECTION('',(0.0,0.0,1.0));
#9025=DIRECTION('',(-1.0,0.0,0.0));
#9026=ORIENTED_EDGE('',*,*,#9027,.T.);
#9027=EDGE_CURVE('',#9019,#9028,#9030,.F.);
#9028=VERTEX_POINT('',#9029);
#9029=CARTESIAN_POINT('',(-2.062114067,-1.295052612,1.249999968));
#9030=LINE('',#9031,#9032);
#9031=CARTESIAN_POINT('',(-2.062114067,-1.295052612,1.249999968));
#9032=VECTOR('',#9033,1.0);
#9033=DIRECTION('',(0.0,-1.0,0.0));
#9034=ORIENTED_EDGE('',*,*,#9035,.T.);
#9035=EDGE_CURVE('',#9028,#9036,#9038,.F.);
#9036=VERTEX_POINT('',#9037);
#9037=CARTESIAN_POINT('',(-2.152361079,-1.2048056,1.249999968));
#9038=CIRCLE('',#9039,0.090247012);
#9039=AXIS2_PLACEMENT_3D('',#9040,#9041,#9042);
#9040=CARTESIAN_POINT('',(-2.152361079,-1.295052612,1.249999968));
#9041=DIRECTION('',(0.0,0.0,-1.0));
#9042=DIRECTION('',(-1.476245669E-14,1.0,0.0));
#9043=ORIENTED_EDGE('',*,*,#9044,.T.);
#9044=EDGE_CURVE('',#9036,#9045,#9047,.F.);
#9045=VERTEX_POINT('',#9046);
#9046=CARTESIAN_POINT('',(-2.349999956,-1.2048056,1.249999968));
#9047=LINE('',#9048,#9049);
#9048=CARTESIAN_POINT('',(-2.349999956,-1.2048056,1.249999968));
#9049=VECTOR('',#9050,1.0);
#9050=DIRECTION('',(1.0,0.0,0.0));
#9051=ORIENTED_EDGE('',*,*,#9052,.T.);
#9052=EDGE_CURVE('',#9045,#9053,#9055,.F.);
#9053=VERTEX_POINT('',#9054);
#9054=CARTESIAN_POINT('',(-2.349999956,0.538816161,1.249999968));
#9055=LINE('',#9056,#9057);
#9056=CARTESIAN_POINT('',(-2.349999956,0.538816161,1.249999968));
#9057=VECTOR('',#9058,1.0);
#9058=DIRECTION('',(0.0,-1.0,0.0));
#9059=ORIENTED_EDGE('',*,*,#9060,.T.);
#9060=EDGE_CURVE('',#9053,#9061,#9063,.F.);
#9061=VERTEX_POINT('',#9062);
#9062=CARTESIAN_POINT('',(-2.152361079,0.538816161,1.249999968));
#9063=LINE('',#9064,#9065);
#9064=CARTESIAN_POINT('',(-2.152361079,0.538816161,1.249999968));
#9065=VECTOR('',#9066,1.0);
#9066=DIRECTION('',(-1.0,0.0,0.0));
#9067=ORIENTED_EDGE('',*,*,#9068,.T.);
#9068=EDGE_CURVE('',#9061,#9069,#9071,.F.);
#9069=VERTEX_POINT('',#9070);
#9070=CARTESIAN_POINT('',(-2.062114067,0.629063173,1.249999968));
#9071=CIRCLE('',#9072,0.090247012);
#9072=AXIS2_PLACEMENT_3D('',#9073,#9074,#9075);
#9073=CARTESIAN_POINT('',(-2.152361079,0.629063173,1.249999968));
#9074=DIRECTION('',(0.0,0.0,-1.0));
#9075=DIRECTION('',(1.0,0.0,0.0));
#9076=ORIENTED_EDGE('',*,*,#9077,.T.);
#9077=EDGE_CURVE('',#9069,#9078,#9080,.F.);
#9078=VERTEX_POINT('',#9079);
#9079=CARTESIAN_POINT('',(-2.062114067,0.96547664,1.249999968));
#9080=LINE('',#9081,#9082);
#9081=CARTESIAN_POINT('',(-2.062114067,0.96547664,1.249999968));
#9082=VECTOR('',#9083,1.0);
#9083=DIRECTION('',(0.0,-1.0,0.0));
#9084=ORIENTED_EDGE('',*,*,#9085,.T.);
#9085=EDGE_CURVE('',#9078,#9086,#9088,.F.);
#9086=VERTEX_POINT('',#9087);
#9087=CARTESIAN_POINT('',(-1.985585452,1.042005255,1.249999968));
#9088=CIRCLE('',#9089,0.076528615);
#9089=AXIS2_PLACEMENT_3D('',#9090,#9091,#9092);
#9090=CARTESIAN_POINT('',(-1.985585452,0.96547664,1.249999968));
#9091=DIRECTION('',(0.0,0.0,1.0));
#9092=DIRECTION('',(1.45072925E-14,1.0,0.0));
#9093=ORIENTED_EDGE('',*,*,#9094,.T.);
#9094=EDGE_CURVE('',#9086,#9095,#9097,.F.);
#9095=VERTEX_POINT('',#9096);
#9096=CARTESIAN_POINT('',(1.985585452,1.042005255,1.249999968));
#9097=LINE('',#9098,#9099);
#9098=CARTESIAN_POINT('',(1.985585452,1.042005255,1.249999968));
#9099=VECTOR('',#9100,1.0);
#9100=DIRECTION('',(-1.0,0.0,0.0));
#9101=ORIENTED_EDGE('',*,*,#9102,.T.);
#9102=EDGE_CURVE('',#9095,#9103,#9105,.F.);
#9103=VERTEX_POINT('',#9104);
#9104=CARTESIAN_POINT('',(2.062114067,0.96547664,1.249999968));
#9105=CIRCLE('',#9106,0.076528615);
#9106=AXIS2_PLACEMENT_3D('',#9107,#9108,#9109);
#9107=CARTESIAN_POINT('',(1.985585452,0.96547664,1.249999968));
#9108=DIRECTION('',(0.0,0.0,1.0));
#9109=DIRECTION('',(1.0,0.0,0.0));
#9110=ORIENTED_EDGE('',*,*,#9111,.T.);
#9111=EDGE_CURVE('',#9103,#9112,#9114,.F.);
#9112=VERTEX_POINT('',#9113);
#9113=CARTESIAN_POINT('',(2.062114067,0.629063173,1.249999968));
#9114=LINE('',#9115,#9116);
#9115=CARTESIAN_POINT('',(2.062114067,0.629063173,1.249999968));
#9116=VECTOR('',#9117,1.0);
#9117=DIRECTION('',(0.0,1.0,0.0));
#9118=ORIENTED_EDGE('',*,*,#9119,.T.);
#9119=EDGE_CURVE('',#9112,#8830,#9120,.F.);
#9120=CIRCLE('',#9121,0.090247012);
#9121=AXIS2_PLACEMENT_3D('',#9122,#9123,#9124);
#9122=CARTESIAN_POINT('',(2.152361079,0.629063173,1.249999968));
#9123=DIRECTION('',(0.0,0.0,-1.0));
#9124=DIRECTION('',(0.0,-1.0,0.0));
#9125=ORIENTED_EDGE('',*,*,#8829,.F.);
#9126=ORIENTED_EDGE('',*,*,#8801,.F.);
#9127=PLANE('',#9128);
#9128=AXIS2_PLACEMENT_3D('',#9129,#9130,#9131);
#9129=CARTESIAN_POINT('',(0.0,-0.332994719,1.249999968));
#9130=DIRECTION('',(0.0,0.0,1.0));
#9131=DIRECTION('',(1.0,0.0,0.0));
#9132=ADVANCED_FACE('',(#9133),#9152,.F.);
#9133=FACE_BOUND('',#9134,.T.);
#9134=EDGE_LOOP('',(#9135,#9143,#9150,#9151));
#9135=ORIENTED_EDGE('',*,*,#9136,.T.);
#9136=EDGE_CURVE('',#9112,#9137,#9139,.T.);
#9137=VERTEX_POINT('',#9138);
#9138=CARTESIAN_POINT('',(2.062114067,0.629063173,1.399999965));
#9139=LINE('',#9140,#9141);
#9140=CARTESIAN_POINT('',(2.062114067,0.629063173,1.249999968));
#9141=VECTOR('',#9142,1.0);
#9142=DIRECTION('',(0.0,0.0,1.0));
#9143=ORIENTED_EDGE('',*,*,#9144,.T.);
#9144=EDGE_CURVE('',#9137,#8838,#9145,.F.);
#9145=CIRCLE('',#9146,0.090247012);
#9146=AXIS2_PLACEMENT_3D('',#9147,#9148,#9149);
#9147=CARTESIAN_POINT('',(2.152361079,0.629063173,1.399999965));
#9148=DIRECTION('',(0.0,0.0,-1.0));
#9149=DIRECTION('',(0.0,-1.0,0.0));
#9150=ORIENTED_EDGE('',*,*,#8837,.F.);
#9151=ORIENTED_EDGE('',*,*,#9119,.F.);
#9152=CYLINDRICAL_SURFACE('',#9153,0.090247012);
#9153=AXIS2_PLACEMENT_3D('',#9154,#9155,#9156);
#9154=CARTESIAN_POINT('',(2.152361079,0.629063173,1.249999968));
#9155=DIRECTION('',(0.0,0.0,1.0));
#9156=DIRECTION('',(1.0,0.0,0.0));
#9157=ADVANCED_FACE('',(#9158),#9297,.T.);
#9158=FACE_BOUND('',#9159,.T.);
#9159=EDGE_LOOP('',(#9160,#9161,#9162,#9170,#9179,#9187,#9196,#9204,#9213,#9221,#9229,#9237,#9246,#9254,#9263,#9271,#9280,#9288,#9295,#9296));
#9160=ORIENTED_EDGE('',*,*,#8845,.F.);
#9161=ORIENTED_EDGE('',*,*,#9144,.F.);
#9162=ORIENTED_EDGE('',*,*,#9163,.T.);
#9163=EDGE_CURVE('',#9137,#9164,#9166,.T.);
#9164=VERTEX_POINT('',#9165);
#9165=CARTESIAN_POINT('',(2.062114067,0.96547664,1.399999965));
#9166=LINE('',#9167,#9168);
#9167=CARTESIAN_POINT('',(2.062114067,0.629063173,1.399999965));
#9168=VECTOR('',#9169,1.0);
#9169=DIRECTION('',(0.0,1.0,0.0));
#9170=ORIENTED_EDGE('',*,*,#9171,.T.);
#9171=EDGE_CURVE('',#9164,#9172,#9174,.T.);
#9172=VERTEX_POINT('',#9173);
#9173=CARTESIAN_POINT('',(1.985585452,1.042005255,1.399999965));
#9174=CIRCLE('',#9175,0.076528615);
#9175=AXIS2_PLACEMENT_3D('',#9176,#9177,#9178);
#9176=CARTESIAN_POINT('',(1.985585452,0.96547664,1.399999965));
#9177=DIRECTION('',(0.0,0.0,1.0));
#9178=DIRECTION('',(1.0,0.0,0.0));
#9179=ORIENTED_EDGE('',*,*,#9180,.T.);
#9180=EDGE_CURVE('',#9172,#9181,#9183,.T.);
#9181=VERTEX_POINT('',#9182);
#9182=CARTESIAN_POINT('',(-1.985585452,1.042005255,1.399999965));
#9183=LINE('',#9184,#9185);
#9184=CARTESIAN_POINT('',(1.985585452,1.042005255,1.399999965));
#9185=VECTOR('',#9186,1.0);
#9186=DIRECTION('',(-1.0,0.0,0.0));
#9187=ORIENTED_EDGE('',*,*,#9188,.T.);
#9188=EDGE_CURVE('',#9181,#9189,#9191,.T.);
#9189=VERTEX_POINT('',#9190);
#9190=CARTESIAN_POINT('',(-2.062114067,0.96547664,1.399999965));
#9191=CIRCLE('',#9192,0.076528615);
#9192=AXIS2_PLACEMENT_3D('',#9193,#9194,#9195);
#9193=CARTESIAN_POINT('',(-1.985585452,0.96547664,1.399999965));
#9194=DIRECTION('',(0.0,0.0,1.0));
#9195=DIRECTION('',(1.45072925E-14,1.0,0.0));
#9196=ORIENTED_EDGE('',*,*,#9197,.T.);
#9197=EDGE_CURVE('',#9189,#9198,#9200,.T.);
#9198=VERTEX_POINT('',#9199);
#9199=CARTESIAN_POINT('',(-2.062114067,0.629063173,1.399999965));
#9200=LINE('',#9201,#9202);
#9201=CARTESIAN_POINT('',(-2.062114067,0.96547664,1.399999965));
#9202=VECTOR('',#9203,1.0);
#9203=DIRECTION('',(0.0,-1.0,0.0));
#9204=ORIENTED_EDGE('',*,*,#9205,.T.);
#9205=EDGE_CURVE('',#9198,#9206,#9208,.T.);
#9206=VERTEX_POINT('',#9207);
#9207=CARTESIAN_POINT('',(-2.152361079,0.538816161,1.399999965));
#9208=CIRCLE('',#9209,0.090247012);
#9209=AXIS2_PLACEMENT_3D('',#9210,#9211,#9212);
#9210=CARTESIAN_POINT('',(-2.152361079,0.629063173,1.399999965));
#9211=DIRECTION('',(0.0,0.0,-1.0));
#9212=DIRECTION('',(1.0,0.0,0.0));
#9213=ORIENTED_EDGE('',*,*,#9214,.T.);
#9214=EDGE_CURVE('',#9206,#9215,#9217,.T.);
#9215=VERTEX_POINT('',#9216);
#9216=CARTESIAN_POINT('',(-2.299999957,0.538816161,1.399999965));
#9217=LINE('',#9218,#9219);
#9218=CARTESIAN_POINT('',(-2.152361079,0.538816161,1.399999965));
#9219=VECTOR('',#9220,1.0);
#9220=DIRECTION('',(-1.0,0.0,0.0));
#9221=ORIENTED_EDGE('',*,*,#9222,.T.);
#9222=EDGE_CURVE('',#9215,#9223,#9225,.T.);
#9223=VERTEX_POINT('',#9224);
#9224=CARTESIAN_POINT('',(-2.299999957,-1.2048056,1.399999965));
#9225=LINE('',#9226,#9227);
#9226=CARTESIAN_POINT('',(-2.299999957,0.538816161,1.399999965));
#9227=VECTOR('',#9228,1.0);
#9228=DIRECTION('',(0.0,-1.0,0.0));
#9229=ORIENTED_EDGE('',*,*,#9230,.T.);
#9230=EDGE_CURVE('',#9223,#9231,#9233,.T.);
#9231=VERTEX_POINT('',#9232);
#9232=CARTESIAN_POINT('',(-2.152361079,-1.2048056,1.399999965));
#9233=LINE('',#9234,#9235);
#9234=CARTESIAN_POINT('',(-2.299999957,-1.2048056,1.399999965));
#9235=VECTOR('',#9236,1.0);
#9236=DIRECTION('',(1.0,0.0,0.0));
#9237=ORIENTED_EDGE('',*,*,#9238,.T.);
#9238=EDGE_CURVE('',#9231,#9239,#9241,.T.);
#9239=VERTEX_POINT('',#9240);
#9240=CARTESIAN_POINT('',(-2.062114067,-1.295052612,1.399999965));
#9241=CIRCLE('',#9242,0.090247012);
#9242=AXIS2_PLACEMENT_3D('',#9243,#9244,#9245);
#9243=CARTESIAN_POINT('',(-2.152361079,-1.295052612,1.399999965));
#9244=DIRECTION('',(0.0,0.0,-1.0));
#9245=DIRECTION('',(-1.476245669E-14,1.0,0.0));
#9246=ORIENTED_EDGE('',*,*,#9247,.T.);
#9247=EDGE_CURVE('',#9239,#9248,#9250,.T.);
#9248=VERTEX_POINT('',#9249);
#9249=CARTESIAN_POINT('',(-2.062114067,-1.631466079,1.399999965));
#9250=LINE('',#9251,#9252);
#9251=CARTESIAN_POINT('',(-2.062114067,-1.295052612,1.399999965));
#9252=VECTOR('',#9253,1.0);
#9253=DIRECTION('',(0.0,-1.0,0.0));
#9254=ORIENTED_EDGE('',*,*,#9255,.T.);
#9255=EDGE_CURVE('',#9248,#9256,#9258,.T.);
#9256=VERTEX_POINT('',#9257);
#9257=CARTESIAN_POINT('',(-1.985585452,-1.707994694,1.399999965));
#9258=CIRCLE('',#9259,0.076528615);
#9259=AXIS2_PLACEMENT_3D('',#9260,#9261,#9262);
#9260=CARTESIAN_POINT('',(-1.985585452,-1.631466079,1.399999965));
#9261=DIRECTION('',(0.0,0.0,1.0));
#9262=DIRECTION('',(-1.0,0.0,0.0));
#9263=ORIENTED_EDGE('',*,*,#9264,.T.);
#9264=EDGE_CURVE('',#9256,#9265,#9267,.T.);
#9265=VERTEX_POINT('',#9266);
#9266=CARTESIAN_POINT('',(1.985585452,-1.707994694,1.399999965));
#9267=LINE('',#9268,#9269);
#9268=CARTESIAN_POINT('',(-1.985585452,-1.707994694,1.399999965));
#9269=VECTOR('',#9270,1.0);
#9270=DIRECTION('',(1.0,0.0,0.0));
#9271=ORIENTED_EDGE('',*,*,#9272,.T.);
#9272=EDGE_CURVE('',#9265,#9273,#9275,.T.);
#9273=VERTEX_POINT('',#9274);
#9274=CARTESIAN_POINT('',(2.062114067,-1.631466079,1.399999965));
#9275=CIRCLE('',#9276,0.076528615);
#9276=AXIS2_PLACEMENT_3D('',#9277,#9278,#9279);
#9277=CARTESIAN_POINT('',(1.985585452,-1.631466079,1.399999965));
#9278=DIRECTION('',(0.0,0.0,1.0));
#9279=DIRECTION('',(1.45072925E-14,-1.0,0.0));
#9280=ORIENTED_EDGE('',*,*,#9281,.T.);
#9281=EDGE_CURVE('',#9273,#9282,#9284,.T.);
#9282=VERTEX_POINT('',#9283);
#9283=CARTESIAN_POINT('',(2.062114067,-1.295052612,1.399999965));
#9284=LINE('',#9285,#9286);
#9285=CARTESIAN_POINT('',(2.062114067,-1.631466079,1.399999965));
#9286=VECTOR('',#9287,1.0);
#9287=DIRECTION('',(0.0,1.0,0.0));
#9288=ORIENTED_EDGE('',*,*,#9289,.T.);
#9289=EDGE_CURVE('',#9282,#8894,#9290,.T.);
#9290=CIRCLE('',#9291,0.090247012);
#9291=AXIS2_PLACEMENT_3D('',#9292,#9293,#9294);
#9292=CARTESIAN_POINT('',(2.152361079,-1.295052612,1.399999965));
#9293=DIRECTION('',(0.0,0.0,-1.0));
#9294=DIRECTION('',(-1.0,3.07551181E-14,0.0));
#9295=ORIENTED_EDGE('',*,*,#8893,.F.);
#9296=ORIENTED_EDGE('',*,*,#8868,.F.);
#9297=PLANE('',#9298);
#9298=AXIS2_PLACEMENT_3D('',#9299,#9300,#9301);
#9299=CARTESIAN_POINT('',(0.0,-0.332994719,1.399999965));
#9300=DIRECTION('',(0.0,0.0,1.0));
#9301=DIRECTION('',(1.0,0.0,0.0));
#9302=ADVANCED_FACE('',(#9303),#9314,.F.);
#9303=FACE_BOUND('',#9304,.T.);
#9304=EDGE_LOOP('',(#9305,#9306,#9307,#9313));
#9305=ORIENTED_EDGE('',*,*,#8901,.F.);
#9306=ORIENTED_EDGE('',*,*,#9289,.F.);
#9307=ORIENTED_EDGE('',*,*,#9308,.T.);
#9308=EDGE_CURVE('',#9282,#8985,#9309,.F.);
#9309=LINE('',#9310,#9311);
#9310=CARTESIAN_POINT('',(2.062114067,-1.295052612,1.249999968));
#9311=VECTOR('',#9312,1.0);
#9312=DIRECTION('',(0.0,0.0,1.0));
#9313=ORIENTED_EDGE('',*,*,#8984,.F.);
#9314=CYLINDRICAL_SURFACE('',#9315,0.090247012);
#9315=AXIS2_PLACEMENT_3D('',#9316,#9317,#9318);
#9316=CARTESIAN_POINT('',(2.152361079,-1.295052612,1.249999968));
#9317=DIRECTION('',(0.0,0.0,1.0));
#9318=DIRECTION('',(1.0,0.0,0.0));
#9319=ADVANCED_FACE('',(#9320),#9331,.T.);
#9320=FACE_BOUND('',#9321,.T.);
#9321=EDGE_LOOP('',(#9322,#9323,#9324,#9330));
#9322=ORIENTED_EDGE('',*,*,#9308,.F.);
#9323=ORIENTED_EDGE('',*,*,#9281,.F.);
#9324=ORIENTED_EDGE('',*,*,#9325,.T.);
#9325=EDGE_CURVE('',#9273,#8994,#9326,.F.);
#9326=LINE('',#9327,#9328);
#9327=CARTESIAN_POINT('',(2.062114067,-1.631466079,1.249999968));
#9328=VECTOR('',#9329,1.0);
#9329=DIRECTION('',(0.0,0.0,1.0));
#9330=ORIENTED_EDGE('',*,*,#8993,.F.);
#9331=PLANE('',#9332);
#9332=AXIS2_PLACEMENT_3D('',#9333,#9334,#9335);
#9333=CARTESIAN_POINT('',(2.062114067,-1.631466079,1.249999968));
#9334=DIRECTION('',(1.0,0.0,0.0));
#9335=DIRECTION('',(0.0,1.0,0.0));
#9336=ADVANCED_FACE('',(#9337),#9348,.T.);
#9337=FACE_BOUND('',#9338,.T.);
#9338=EDGE_LOOP('',(#9339,#9340,#9341,#9347));
#9339=ORIENTED_EDGE('',*,*,#9325,.F.);
#9340=ORIENTED_EDGE('',*,*,#9272,.F.);
#9341=ORIENTED_EDGE('',*,*,#9342,.T.);
#9342=EDGE_CURVE('',#9265,#9002,#9343,.F.);
#9343=LINE('',#9344,#9345);
#9344=CARTESIAN_POINT('',(1.985585452,-1.707994694,1.249999968));
#9345=VECTOR('',#9346,1.0);
#9346=DIRECTION('',(0.0,0.0,1.0));
#9347=ORIENTED_EDGE('',*,*,#9001,.F.);
#9348=CYLINDRICAL_SURFACE('',#9349,0.076528615);
#9349=AXIS2_PLACEMENT_3D('',#9350,#9351,#9352);
#9350=CARTESIAN_POINT('',(1.985585452,-1.631466079,1.249999968));
#9351=DIRECTION('',(0.0,0.0,1.0));
#9352=DIRECTION('',(1.0,0.0,0.0));
#9353=ADVANCED_FACE('',(#9354),#9365,.T.);
#9354=FACE_BOUND('',#9355,.T.);
#9355=EDGE_LOOP('',(#9356,#9357,#9358,#9364));
#9356=ORIENTED_EDGE('',*,*,#9342,.F.);
#9357=ORIENTED_EDGE('',*,*,#9264,.F.);
#9358=ORIENTED_EDGE('',*,*,#9359,.T.);
#9359=EDGE_CURVE('',#9256,#9011,#9360,.F.);
#9360=LINE('',#9361,#9362);
#9361=CARTESIAN_POINT('',(-1.985585452,-1.707994694,1.249999968));
#9362=VECTOR('',#9363,1.0);
#9363=DIRECTION('',(0.0,0.0,1.0));
#9364=ORIENTED_EDGE('',*,*,#9010,.F.);
#9365=PLANE('',#9366);
#9366=AXIS2_PLACEMENT_3D('',#9367,#9368,#9369);
#9367=CARTESIAN_POINT('',(-1.985585452,-1.707994694,1.249999968));
#9368=DIRECTION('',(0.0,-1.0,0.0));
#9369=DIRECTION('',(1.0,0.0,0.0));
#9370=ADVANCED_FACE('',(#9371),#9382,.T.);
#9371=FACE_BOUND('',#9372,.T.);
#9372=EDGE_LOOP('',(#9373,#9374,#9375,#9381));
#9373=ORIENTED_EDGE('',*,*,#9359,.F.);
#9374=ORIENTED_EDGE('',*,*,#9255,.F.);
#9375=ORIENTED_EDGE('',*,*,#9376,.T.);
#9376=EDGE_CURVE('',#9248,#9019,#9377,.F.);
#9377=LINE('',#9378,#9379);
#9378=CARTESIAN_POINT('',(-2.062114067,-1.631466079,1.249999968));
#9379=VECTOR('',#9380,1.0);
#9380=DIRECTION('',(0.0,0.0,1.0));
#9381=ORIENTED_EDGE('',*,*,#9018,.F.);
#9382=CYLINDRICAL_SURFACE('',#9383,0.076528615);
#9383=AXIS2_PLACEMENT_3D('',#9384,#9385,#9386);
#9384=CARTESIAN_POINT('',(-1.985585452,-1.631466079,1.249999968));
#9385=DIRECTION('',(0.0,0.0,1.0));
#9386=DIRECTION('',(1.0,0.0,0.0));
#9387=ADVANCED_FACE('',(#9388),#9399,.T.);
#9388=FACE_BOUND('',#9389,.T.);
#9389=EDGE_LOOP('',(#9390,#9391,#9392,#9398));
#9390=ORIENTED_EDGE('',*,*,#9376,.F.);
#9391=ORIENTED_EDGE('',*,*,#9247,.F.);
#9392=ORIENTED_EDGE('',*,*,#9393,.T.);
#9393=EDGE_CURVE('',#9239,#9028,#9394,.F.);
#9394=LINE('',#9395,#9396);
#9395=CARTESIAN_POINT('',(-2.062114067,-1.295052612,1.249999968));
#9396=VECTOR('',#9397,1.0);
#9397=DIRECTION('',(0.0,0.0,1.0));
#9398=ORIENTED_EDGE('',*,*,#9027,.F.);
#9399=PLANE('',#9400);
#9400=AXIS2_PLACEMENT_3D('',#9401,#9402,#9403);
#9401=CARTESIAN_POINT('',(-2.062114067,-1.295052612,1.249999968));
#9402=DIRECTION('',(-1.0,0.0,0.0));
#9403=DIRECTION('',(0.0,-1.0,0.0));
#9404=ADVANCED_FACE('',(#9405),#9416,.F.);
#9405=FACE_BOUND('',#9406,.T.);
#9406=EDGE_LOOP('',(#9407,#9408,#9409,#9415));
#9407=ORIENTED_EDGE('',*,*,#9393,.F.);
#9408=ORIENTED_EDGE('',*,*,#9238,.F.);
#9409=ORIENTED_EDGE('',*,*,#9410,.T.);
#9410=EDGE_CURVE('',#9231,#9036,#9411,.F.);
#9411=LINE('',#9412,#9413);
#9412=CARTESIAN_POINT('',(-2.152361079,-1.2048056,1.249999968));
#9413=VECTOR('',#9414,1.0);
#9414=DIRECTION('',(0.0,0.0,1.0));
#9415=ORIENTED_EDGE('',*,*,#9035,.F.);
#9416=CYLINDRICAL_SURFACE('',#9417,0.090247012);
#9417=AXIS2_PLACEMENT_3D('',#9418,#9419,#9420);
#9418=CARTESIAN_POINT('',(-2.152361079,-1.295052612,1.249999968));
#9419=DIRECTION('',(0.0,0.0,1.0));
#9420=DIRECTION('',(1.0,0.0,0.0));
#9421=ADVANCED_FACE('',(#9422),#9458,.T.);
#9422=FACE_BOUND('',#9423,.T.);
#9423=EDGE_LOOP('',(#9424,#9434,#9442,#9448,#9449,#9450,#9451));
#9424=ORIENTED_EDGE('',*,*,#9425,.T.);
#9425=EDGE_CURVE('',#9426,#9428,#9430,.F.);
#9426=VERTEX_POINT('',#9427);
#9427=CARTESIAN_POINT('',(-2.499999954,-1.2048056,1.199999969));
#9428=VERTEX_POINT('',#9429);
#9429=CARTESIAN_POINT('',(-2.499999954,-1.2048056,0.749999977));
#9430=LINE('',#9431,#9432);
#9431=CARTESIAN_POINT('',(-2.499999954,-1.2048056,0.749999977));
#9432=VECTOR('',#9433,1.0);
#9433=DIRECTION('',(0.0,0.0,1.0));
#9434=ORIENTED_EDGE('',*,*,#9435,.T.);
#9435=EDGE_CURVE('',#9428,#9436,#9438,.T.);
#9436=VERTEX_POINT('',#9437);
#9437=CARTESIAN_POINT('',(-2.349999956,-1.2048056,0.749999977));
#9438=LINE('',#9439,#9440);
#9439=CARTESIAN_POINT('',(-2.499999954,-1.2048056,0.749999977));
#9440=VECTOR('',#9441,1.0);
#9441=DIRECTION('',(1.0,0.0,0.0));
#9442=ORIENTED_EDGE('',*,*,#9443,.T.);
#9443=EDGE_CURVE('',#9436,#9045,#9444,.T.);
#9444=LINE('',#9445,#9446);
#9445=CARTESIAN_POINT('',(-2.349999956,-1.2048056,0.749999977));
#9446=VECTOR('',#9447,1.0);
#9447=DIRECTION('',(0.0,0.0,1.0));
#9448=ORIENTED_EDGE('',*,*,#9044,.F.);
#9449=ORIENTED_EDGE('',*,*,#9410,.F.);
#9450=ORIENTED_EDGE('',*,*,#9230,.F.);
#9451=ORIENTED_EDGE('',*,*,#9452,.T.);
#9452=EDGE_CURVE('',#9223,#9426,#9453,.T.);
#9453=CIRCLE('',#9454,0.199999996);
#9454=AXIS2_PLACEMENT_3D('',#9455,#9456,#9457);
#9455=CARTESIAN_POINT('',(-2.299999957,-1.2048056,1.199999969));
#9456=DIRECTION('',(0.0,-1.0,0.0));
#9457=DIRECTION('',(0.0,0.0,1.0));
#9458=PLANE('',#9459);
#9459=AXIS2_PLACEMENT_3D('',#9460,#9461,#9462);
#9460=CARTESIAN_POINT('',(-2.499999954,-1.2048056,1.249999968));
#9461=DIRECTION('',(0.0,-1.0,0.0));
#9462=DIRECTION('',(1.0,0.0,0.0));
#9463=ADVANCED_FACE('',(#9464),#9483,.T.);
#9464=FACE_BOUND('',#9465,.T.);
#9465=EDGE_LOOP('',(#9466,#9467,#9476,#9482));
#9466=ORIENTED_EDGE('',*,*,#9222,.F.);
#9467=ORIENTED_EDGE('',*,*,#9468,.T.);
#9468=EDGE_CURVE('',#9215,#9469,#9471,.F.);
#9469=VERTEX_POINT('',#9470);
#9470=CARTESIAN_POINT('',(-2.499999954,0.538816161,1.199999969));
#9471=CIRCLE('',#9472,0.199999996);
#9472=AXIS2_PLACEMENT_3D('',#9473,#9474,#9475);
#9473=CARTESIAN_POINT('',(-2.299999957,0.538816161,1.199999969));
#9474=DIRECTION('',(0.0,1.0,0.0));
#9475=DIRECTION('',(-1.0,0.0,0.0));
#9476=ORIENTED_EDGE('',*,*,#9477,.T.);
#9477=EDGE_CURVE('',#9469,#9426,#9478,.T.);
#9478=LINE('',#9479,#9480);
#9479=CARTESIAN_POINT('',(-2.499999954,0.538816161,1.199999969));
#9480=VECTOR('',#9481,1.0);
#9481=DIRECTION('',(0.0,-1.0,0.0));
#9482=ORIENTED_EDGE('',*,*,#9452,.F.);
#9483=CYLINDRICAL_SURFACE('',#9484,0.199999996);
#9484=AXIS2_PLACEMENT_3D('',#9485,#9486,#9487);
#9485=CARTESIAN_POINT('',(-2.299999957,6.582305153,1.199999969));
#9486=DIRECTION('',(0.0,-1.0,0.0));
#9487=DIRECTION('',(0.0,0.0,1.0));
#9488=ADVANCED_FACE('',(#9489),#9571,.T.);
#9489=FACE_BOUND('',#9490,.T.);
#9490=EDGE_LOOP('',(#9491,#9501,#9507,#9508,#9509,#9517,#9525,#9533,#9541,#9549,#9557,#9565));
#9491=ORIENTED_EDGE('',*,*,#9492,.T.);
#9492=EDGE_CURVE('',#9493,#9495,#9497,.T.);
#9493=VERTEX_POINT('',#9494);
#9494=CARTESIAN_POINT('',(-2.499999954,-1.632994695,0.249999986));
#9495=VERTEX_POINT('',#9496);
#9496=CARTESIAN_POINT('',(-2.499999954,-1.632994695,0.749999977));
#9497=LINE('',#9498,#9499);
#9498=CARTESIAN_POINT('',(-2.499999954,-1.632994695,0.249999986));
#9499=VECTOR('',#9500,1.0);
#9500=DIRECTION('',(0.0,0.0,1.0));
#9501=ORIENTED_EDGE('',*,*,#9502,.T.);
#9502=EDGE_CURVE('',#9495,#9428,#9503,.T.);
#9503=LINE('',#9504,#9505);
#9504=CARTESIAN_POINT('',(-2.499999954,-1.632994695,0.749999977));
#9505=VECTOR('',#9506,1.0);
#9506=DIRECTION('',(0.0,1.0,0.0));
#9507=ORIENTED_EDGE('',*,*,#9425,.F.);
#9508=ORIENTED_EDGE('',*,*,#9477,.F.);
#9509=ORIENTED_EDGE('',*,*,#9510,.T.);
#9510=EDGE_CURVE('',#9469,#9511,#9513,.T.);
#9511=VERTEX_POINT('',#9512);
#9512=CARTESIAN_POINT('',(-2.499999954,0.538816161,0.749999977));
#9513=LINE('',#9514,#9515);
#9514=CARTESIAN_POINT('',(-2.499999954,0.538816161,1.199999969));
#9515=VECTOR('',#9516,1.0);
#9516=DIRECTION('',(0.0,0.0,-1.0));
#9517=ORIENTED_EDGE('',*,*,#9518,.T.);
#9518=EDGE_CURVE('',#9511,#9519,#9521,.T.);
#9519=VERTEX_POINT('',#9520);
#9520=CARTESIAN_POINT('',(-2.499999954,0.967005257,0.749999977));
#9521=LINE('',#9522,#9523);
#9522=CARTESIAN_POINT('',(-2.499999954,0.538816161,0.749999977));
#9523=VECTOR('',#9524,1.0);
#9524=DIRECTION('',(0.0,1.0,0.0));
#9525=ORIENTED_EDGE('',*,*,#9526,.T.);
#9526=EDGE_CURVE('',#9519,#9527,#9529,.T.);
#9527=VERTEX_POINT('',#9528);
#9528=CARTESIAN_POINT('',(-2.499999954,0.967005257,0.249999986));
#9529=LINE('',#9530,#9531);
#9530=CARTESIAN_POINT('',(-2.499999954,0.967005257,0.749999977));
#9531=VECTOR('',#9532,1.0);
#9532=DIRECTION('',(0.0,0.0,-1.0));
#9533=ORIENTED_EDGE('',*,*,#9534,.T.);
#9534=EDGE_CURVE('',#9527,#9535,#9537,.F.);
#9535=VERTEX_POINT('',#9536);
#9536=CARTESIAN_POINT('',(-2.499999954,0.567005264,0.249999986));
#9537=LINE('',#9538,#9539);
#9538=CARTESIAN_POINT('',(-2.499999954,0.567005264,0.249999986));
#9539=VECTOR('',#9540,1.0);
#9540=DIRECTION('',(0.0,1.0,0.0));
#9541=ORIENTED_EDGE('',*,*,#9542,.T.);
#9542=EDGE_CURVE('',#9535,#9543,#9545,.T.);
#9543=VERTEX_POINT('',#9544);
#9544=CARTESIAN_POINT('',(-2.499999954,0.567005264,0.199999987));
#9545=LINE('',#9546,#9547);
#9546=CARTESIAN_POINT('',(-2.499999954,0.567005264,0.249999986));
#9547=VECTOR('',#9548,1.0);
#9548=DIRECTION('',(0.0,0.0,-1.0));
#9549=ORIENTED_EDGE('',*,*,#9550,.T.);
#9550=EDGE_CURVE('',#9543,#9551,#9553,.T.);
#9551=VERTEX_POINT('',#9552);
#9552=CARTESIAN_POINT('',(-2.499999954,-1.232994703,0.199999987));
#9553=LINE('',#9554,#9555);
#9554=CARTESIAN_POINT('',(-2.499999954,0.567005264,0.199999987));
#9555=VECTOR('',#9556,1.0);
#9556=DIRECTION('',(0.0,-1.0,0.0));
#9557=ORIENTED_EDGE('',*,*,#9558,.T.);
#9558=EDGE_CURVE('',#9551,#9559,#9561,.F.);
#9559=VERTEX_POINT('',#9560);
#9560=CARTESIAN_POINT('',(-2.499999954,-1.232994703,0.249999986));
#9561=LINE('',#9562,#9563);
#9562=CARTESIAN_POINT('',(-2.499999954,-1.232994703,0.249999986));
#9563=VECTOR('',#9564,1.0);
#9564=DIRECTION('',(0.0,-1.776356839E-14,-1.0));
#9565=ORIENTED_EDGE('',*,*,#9566,.T.);
#9566=EDGE_CURVE('',#9559,#9493,#9567,.F.);
#9567=LINE('',#9568,#9569);
#9568=CARTESIAN_POINT('',(-2.499999954,-1.632994695,0.249999986));
#9569=VECTOR('',#9570,1.0);
#9570=DIRECTION('',(0.0,1.0,0.0));
#9571=PLANE('',#9572);
#9572=AXIS2_PLACEMENT_3D('',#9573,#9574,#9575);
#9573=CARTESIAN_POINT('',(-2.499999954,0.538816161,1.249999968));
#9574=DIRECTION('',(-1.0,0.0,0.0));
#9575=DIRECTION('',(0.0,-1.0,0.0));
#9576=ADVANCED_FACE('',(#9577),#9604,.F.);
#9577=FACE_BOUND('',#9578,.T.);
#9578=EDGE_LOOP('',(#9579,#9588,#9589,#9598));
#9579=ORIENTED_EDGE('',*,*,#9580,.T.);
#9580=EDGE_CURVE('',#9581,#9493,#9583,.F.);
#9581=VERTEX_POINT('',#9582);
#9582=CARTESIAN_POINT('',(-2.599999952,-1.632994695,0.149999988));
#9583=CIRCLE('',#9584,0.099999998);
#9584=AXIS2_PLACEMENT_3D('',#9585,#9586,#9587);
#9585=CARTESIAN_POINT('',(-2.599999952,-1.632994695,0.249999986));
#9586=DIRECTION('',(0.0,1.0,0.0));
#9587=DIRECTION('',(1.0,0.0,0.0));
#9588=ORIENTED_EDGE('',*,*,#9566,.F.);
#9589=ORIENTED_EDGE('',*,*,#9590,.T.);
#9590=EDGE_CURVE('',#9559,#9591,#9593,.T.);
#9591=VERTEX_POINT('',#9592);
#9592=CARTESIAN_POINT('',(-2.599999952,-1.232994703,0.149999988));
#9593=CIRCLE('',#9594,0.099999998);
#9594=AXIS2_PLACEMENT_3D('',#9595,#9596,#9597);
#9595=CARTESIAN_POINT('',(-2.599999952,-1.232994703,0.249999986));
#9596=DIRECTION('',(0.0,1.0,0.0));
#9597=DIRECTION('',(1.0,0.0,0.0));
#9598=ORIENTED_EDGE('',*,*,#9599,.T.);
#9599=EDGE_CURVE('',#9591,#9581,#9600,.F.);
#9600=LINE('',#9601,#9602);
#9601=CARTESIAN_POINT('',(-2.599999952,-1.632994695,0.149999988));
#9602=VECTOR('',#9603,1.0);
#9603=DIRECTION('',(0.0,1.0,0.0));
#9604=CYLINDRICAL_SURFACE('',#9605,0.099999998);
#9605=AXIS2_PLACEMENT_3D('',#9606,#9607,#9608);
#9606=CARTESIAN_POINT('',(-2.599999952,-8.748294563,0.249999986));
#9607=DIRECTION('',(0.0,1.0,0.0));
#9608=DIRECTION('',(1.0,0.0,0.0));
#9609=ADVANCED_FACE('',(#9610),#9635,.F.);
#9610=FACE_BOUND('',#9611,.T.);
#9611=EDGE_LOOP('',(#9612,#9620,#9628,#9634));
#9612=ORIENTED_EDGE('',*,*,#9613,.T.);
#9613=EDGE_CURVE('',#9591,#9614,#9616,.F.);
#9614=VERTEX_POINT('',#9615);
#9615=CARTESIAN_POINT('',(-2.999999944,-1.232994703,0.149999988));
#9616=LINE('',#9617,#9618);
#9617=CARTESIAN_POINT('',(-2.999999944,-1.232994703,0.149999988));
#9618=VECTOR('',#9619,1.0);
#9619=DIRECTION('',(1.0,-3.996802889E-14,0.0));
#9620=ORIENTED_EDGE('',*,*,#9621,.T.);
#9621=EDGE_CURVE('',#9614,#9622,#9624,.F.);
#9622=VERTEX_POINT('',#9623);
#9623=CARTESIAN_POINT('',(-2.999999944,-1.632994695,0.149999988));
#9624=LINE('',#9625,#9626);
#9625=CARTESIAN_POINT('',(-2.999999944,-1.632994695,0.149999988));
#9626=VECTOR('',#9627,1.0);
#9627=DIRECTION('',(0.0,1.0,0.0));
#9628=ORIENTED_EDGE('',*,*,#9629,.T.);
#9629=EDGE_CURVE('',#9622,#9581,#9630,.F.);
#9630=LINE('',#9631,#9632);
#9631=CARTESIAN_POINT('',(-2.599999952,-1.632994695,0.149999988));
#9632=VECTOR('',#9633,1.0);
#9633=DIRECTION('',(-1.0,3.885780586E-14,0.0));
#9634=ORIENTED_EDGE('',*,*,#9599,.F.);
#9635=PLANE('',#9636);
#9636=AXIS2_PLACEMENT_3D('',#9637,#9638,#9639);
#9637=CARTESIAN_POINT('',(-2.349999956,-0.332994719,0.149999988));
#9638=DIRECTION('',(0.0,0.0,-1.0));
#9639=DIRECTION('',(-1.0,0.0,0.0));
#9640=ADVANCED_FACE('',(#9641),#9675,.F.);
#9641=FACE_BOUND('',#9642,.T.);
#9642=EDGE_LOOP('',(#9643,#9653,#9661,#9669));
#9643=ORIENTED_EDGE('',*,*,#9644,.T.);
#9644=EDGE_CURVE('',#9645,#9647,#9649,.F.);
#9645=VERTEX_POINT('',#9646);
#9646=CARTESIAN_POINT('',(-2.599999952,0.967005257,0.149999988));
#9647=VERTEX_POINT('',#9648);
#9648=CARTESIAN_POINT('',(-2.999999944,0.967005257,0.149999988));
#9649=LINE('',#9650,#9651);
#9650=CARTESIAN_POINT('',(-2.999999944,0.967005257,0.149999988));
#9651=VECTOR('',#9652,1.0);
#9652=DIRECTION('',(1.0,0.0,0.0));
#9653=ORIENTED_EDGE('',*,*,#9654,.T.);
#9654=EDGE_CURVE('',#9647,#9655,#9657,.F.);
#9655=VERTEX_POINT('',#9656);
#9656=CARTESIAN_POINT('',(-2.999999944,0.567005264,0.149999988));
#9657=LINE('',#9658,#9659);
#9658=CARTESIAN_POINT('',(-2.999999944,0.567005264,0.149999988));
#9659=VECTOR('',#9660,1.0);
#9660=DIRECTION('',(0.0,1.0,0.0));
#9661=ORIENTED_EDGE('',*,*,#9662,.T.);
#9662=EDGE_CURVE('',#9655,#9663,#9665,.F.);
#9663=VERTEX_POINT('',#9664);
#9664=CARTESIAN_POINT('',(-2.599999952,0.567005264,0.149999988));
#9665=LINE('',#9666,#9667);
#9666=CARTESIAN_POINT('',(-2.599999952,0.567005264,0.149999988));
#9667=VECTOR('',#9668,1.0);
#9668=DIRECTION('',(-1.0,0.0,0.0));
#9669=ORIENTED_EDGE('',*,*,#9670,.T.);
#9670=EDGE_CURVE('',#9663,#9645,#9671,.T.);
#9671=LINE('',#9672,#9673);
#9672=CARTESIAN_POINT('',(-2.599999952,0.567005264,0.149999988));
#9673=VECTOR('',#9674,1.0);
#9674=DIRECTION('',(0.0,1.0,0.0));
#9675=PLANE('',#9676);
#9676=AXIS2_PLACEMENT_3D('',#9677,#9678,#9679);
#9677=CARTESIAN_POINT('',(-2.349999956,-0.332994719,0.149999988));
#9678=DIRECTION('',(0.0,0.0,-1.0));
#9679=DIRECTION('',(-1.0,0.0,0.0));
#9680=ADVANCED_FACE('',(#9681),#9725,.T.);
#9681=FACE_BOUND('',#9682,.T.);
#9682=EDGE_LOOP('',(#9683,#9691,#9699,#9708,#9716,#9722,#9723,#9724));
#9683=ORIENTED_EDGE('',*,*,#9684,.T.);
#9684=EDGE_CURVE('',#9622,#9685,#9687,.F.);
#9685=VERTEX_POINT('',#9686);
#9686=CARTESIAN_POINT('',(-2.999999944,-1.632994695,-9.258973643E-09));
#9687=LINE('',#9688,#9689);
#9688=CARTESIAN_POINT('',(-2.999999944,-1.632994695,-9.258973643E-09));
#9689=VECTOR('',#9690,1.0);
#9690=DIRECTION('',(0.0,0.0,1.0));
#9691=ORIENTED_EDGE('',*,*,#9692,.T.);
#9692=EDGE_CURVE('',#9685,#9693,#9695,.F.);
#9693=VERTEX_POINT('',#9694);
#9694=CARTESIAN_POINT('',(-2.549999953,-1.632994695,-9.258973643E-09));
#9695=LINE('',#9696,#9697);
#9696=CARTESIAN_POINT('',(-2.549999953,-1.632994695,-9.258973643E-09));
#9697=VECTOR('',#9698,1.0);
#9698=DIRECTION('',(-1.0,3.454027188E-14,0.0));
#9699=ORIENTED_EDGE('',*,*,#9700,.T.);
#9700=EDGE_CURVE('',#9693,#9701,#9703,.T.);
#9701=VERTEX_POINT('',#9702);
#9702=CARTESIAN_POINT('',(-2.349999956,-1.632994695,0.199999987));
#9703=CIRCLE('',#9704,0.199999996);
#9704=AXIS2_PLACEMENT_3D('',#9705,#9706,#9707);
#9705=CARTESIAN_POINT('',(-2.549999953,-1.632994695,0.199999987));
#9706=DIRECTION('',(0.0,-1.0,0.0));
#9707=DIRECTION('',(0.0,0.0,-1.0));
#9708=ORIENTED_EDGE('',*,*,#9709,.T.);
#9709=EDGE_CURVE('',#9701,#9710,#9712,.T.);
#9710=VERTEX_POINT('',#9711);
#9711=CARTESIAN_POINT('',(-2.349999956,-1.632994695,0.749999977));
#9712=LINE('',#9713,#9714);
#9713=CARTESIAN_POINT('',(-2.349999956,-1.632994695,0.199999987));
#9714=VECTOR('',#9715,1.0);
#9715=DIRECTION('',(0.0,0.0,1.0));
#9716=ORIENTED_EDGE('',*,*,#9717,.T.);
#9717=EDGE_CURVE('',#9710,#9495,#9718,.F.);
#9718=LINE('',#9719,#9720);
#9719=CARTESIAN_POINT('',(-2.499999954,-1.632994695,0.749999977));
#9720=VECTOR('',#9721,1.0);
#9721=DIRECTION('',(1.0,0.0,0.0));
#9722=ORIENTED_EDGE('',*,*,#9492,.F.);
#9723=ORIENTED_EDGE('',*,*,#9580,.F.);
#9724=ORIENTED_EDGE('',*,*,#9629,.F.);
#9725=PLANE('',#9726);
#9726=AXIS2_PLACEMENT_3D('',#9727,#9728,#9729);
#9727=CARTESIAN_POINT('',(-2.499999954,-1.632994695,-9.258973643E-09));
#9728=DIRECTION('',(0.0,-1.0,0.0));
#9729=DIRECTION('',(0.0,0.0,1.0));
#9730=ADVANCED_FACE('',(#9731),#9742,.T.);
#9731=FACE_BOUND('',#9732,.T.);
#9732=EDGE_LOOP('',(#9733,#9734,#9740,#9741));
#9733=ORIENTED_EDGE('',*,*,#9717,.F.);
#9734=ORIENTED_EDGE('',*,*,#9735,.T.);
#9735=EDGE_CURVE('',#9710,#9436,#9736,.T.);
#9736=LINE('',#9737,#9738);
#9737=CARTESIAN_POINT('',(-2.349999956,-1.632994695,0.749999977));
#9738=VECTOR('',#9739,1.0);
#9739=DIRECTION('',(0.0,1.0,0.0));
#9740=ORIENTED_EDGE('',*,*,#9435,.F.);
#9741=ORIENTED_EDGE('',*,*,#9502,.F.);
#9742=PLANE('',#9743);
#9743=AXIS2_PLACEMENT_3D('',#9744,#9745,#9746);
#9744=CARTESIAN_POINT('',(-2.499999954,-1.632994695,0.749999977));
#9745=DIRECTION('',(0.0,0.0,1.0));
#9746=DIRECTION('',(0.0,1.0,0.0));
#9747=ADVANCED_FACE('',(#9748),#9800,.F.);
#9748=FACE_BOUND('',#9749,.T.);
#9749=EDGE_LOOP('',(#9750,#9760,#9768,#9776,#9784,#9790,#9791,#9792,#9793,#9794));
#9750=ORIENTED_EDGE('',*,*,#9751,.T.);
#9751=EDGE_CURVE('',#9752,#9754,#9756,.F.);
#9752=VERTEX_POINT('',#9753);
#9753=CARTESIAN_POINT('',(-2.349999956,-1.232994703,0.199999987));
#9754=VERTEX_POINT('',#9755);
#9755=CARTESIAN_POINT('',(-2.349999956,0.567005264,0.199999987));
#9756=LINE('',#9757,#9758);
#9757=CARTESIAN_POINT('',(-2.349999956,0.567005264,0.199999987));
#9758=VECTOR('',#9759,1.0);
#9759=DIRECTION('',(0.0,-1.0,0.0));
#9760=ORIENTED_EDGE('',*,*,#9761,.T.);
#9761=EDGE_CURVE('',#9754,#9762,#9764,.T.);
#9762=VERTEX_POINT('',#9763);
#9763=CARTESIAN_POINT('',(-2.349999956,0.967005257,0.199999987));
#9764=LINE('',#9765,#9766);
#9765=CARTESIAN_POINT('',(-2.349999956,0.567005264,0.199999987));
#9766=VECTOR('',#9767,1.0);
#9767=DIRECTION('',(0.0,1.0,0.0));
#9768=ORIENTED_EDGE('',*,*,#9769,.T.);
#9769=EDGE_CURVE('',#9762,#9770,#9772,.F.);
#9770=VERTEX_POINT('',#9771);
#9771=CARTESIAN_POINT('',(-2.349999956,0.967005257,0.749999977));
#9772=LINE('',#9773,#9774);
#9773=CARTESIAN_POINT('',(-2.349999956,0.967005257,0.749999977));
#9774=VECTOR('',#9775,1.0);
#9775=DIRECTION('',(0.0,0.0,-1.0));
#9776=ORIENTED_EDGE('',*,*,#9777,.T.);
#9777=EDGE_CURVE('',#9770,#9778,#9780,.F.);
#9778=VERTEX_POINT('',#9779);
#9779=CARTESIAN_POINT('',(-2.349999956,0.538816161,0.749999977));
#9780=LINE('',#9781,#9782);
#9781=CARTESIAN_POINT('',(-2.349999956,0.538816161,0.749999977));
#9782=VECTOR('',#9783,1.0);
#9783=DIRECTION('',(0.0,1.0,0.0));
#9784=ORIENTED_EDGE('',*,*,#9785,.T.);
#9785=EDGE_CURVE('',#9778,#9053,#9786,.F.);
#9786=LINE('',#9787,#9788);
#9787=CARTESIAN_POINT('',(-2.349999956,0.538816161,1.249999968));
#9788=VECTOR('',#9789,1.0);
#9789=DIRECTION('',(0.0,0.0,-1.0));
#9790=ORIENTED_EDGE('',*,*,#9052,.F.);
#9791=ORIENTED_EDGE('',*,*,#9443,.F.);
#9792=ORIENTED_EDGE('',*,*,#9735,.F.);
#9793=ORIENTED_EDGE('',*,*,#9709,.F.);
#9794=ORIENTED_EDGE('',*,*,#9795,.T.);
#9795=EDGE_CURVE('',#9701,#9752,#9796,.T.);
#9796=LINE('',#9797,#9798);
#9797=CARTESIAN_POINT('',(-2.349999956,-1.632994695,0.199999987));
#9798=VECTOR('',#9799,1.0);
#9799=DIRECTION('',(0.0,1.0,0.0));
#9800=PLANE('',#9801);
#9801=AXIS2_PLACEMENT_3D('',#9802,#9803,#9804);
#9802=CARTESIAN_POINT('',(-2.349999956,-0.332994719,1.249999968));
#9803=DIRECTION('',(-1.0,0.0,0.0));
#9804=DIRECTION('',(0.0,-1.0,0.0));
#9805=ADVANCED_FACE('',(#9806),#9825,.T.);
#9806=FACE_BOUND('',#9807,.T.);
#9807=EDGE_LOOP('',(#9808,#9816,#9823,#9824));
#9808=ORIENTED_EDGE('',*,*,#9809,.T.);
#9809=EDGE_CURVE('',#9693,#9810,#9812,.T.);
#9810=VERTEX_POINT('',#9811);
#9811=CARTESIAN_POINT('',(-2.549999953,-1.232994703,-9.258973643E-09));
#9812=LINE('',#9813,#9814);
#9813=CARTESIAN_POINT('',(-2.549999953,-1.632994695,-9.258973643E-09));
#9814=VECTOR('',#9815,1.0);
#9815=DIRECTION('',(0.0,1.0,0.0));
#9816=ORIENTED_EDGE('',*,*,#9817,.T.);
#9817=EDGE_CURVE('',#9810,#9752,#9818,.T.);
#9818=CIRCLE('',#9819,0.199999996);
#9819=AXIS2_PLACEMENT_3D('',#9820,#9821,#9822);
#9820=CARTESIAN_POINT('',(-2.549999953,-1.232994703,0.199999987));
#9821=DIRECTION('',(0.0,-1.0,0.0));
#9822=DIRECTION('',(0.0,0.0,-1.0));
#9823=ORIENTED_EDGE('',*,*,#9795,.F.);
#9824=ORIENTED_EDGE('',*,*,#9700,.F.);
#9825=CYLINDRICAL_SURFACE('',#9826,0.199999996);
#9826=AXIS2_PLACEMENT_3D('',#9827,#9828,#9829);
#9827=CARTESIAN_POINT('',(-2.549999953,-8.748294563,0.199999987));
#9828=DIRECTION('',(0.0,1.0,0.0));
#9829=DIRECTION('',(1.0,0.0,0.0));
#9830=ADVANCED_FACE('',(#9831),#9857,.T.);
#9831=FACE_BOUND('',#9832,.T.);
#9832=EDGE_LOOP('',(#9833,#9834,#9842,#9848,#9849,#9850,#9851));
#9833=ORIENTED_EDGE('',*,*,#9817,.F.);
#9834=ORIENTED_EDGE('',*,*,#9835,.T.);
#9835=EDGE_CURVE('',#9810,#9836,#9838,.F.);
#9836=VERTEX_POINT('',#9837);
#9837=CARTESIAN_POINT('',(-2.999999944,-1.232994703,-9.258973643E-09));
#9838=LINE('',#9839,#9840);
#9839=CARTESIAN_POINT('',(-2.999999944,-1.232994703,-9.258973643E-09));
#9840=VECTOR('',#9841,1.0);
#9841=DIRECTION('',(1.0,-3.552713679E-14,0.0));
#9842=ORIENTED_EDGE('',*,*,#9843,.T.);
#9843=EDGE_CURVE('',#9836,#9614,#9844,.T.);
#9844=LINE('',#9845,#9846);
#9845=CARTESIAN_POINT('',(-2.999999944,-1.232994703,-9.258973643E-09));
#9846=VECTOR('',#9847,1.0);
#9847=DIRECTION('',(0.0,0.0,1.0));
#9848=ORIENTED_EDGE('',*,*,#9613,.F.);
#9849=ORIENTED_EDGE('',*,*,#9590,.F.);
#9850=ORIENTED_EDGE('',*,*,#9558,.F.);
#9851=ORIENTED_EDGE('',*,*,#9852,.T.);
#9852=EDGE_CURVE('',#9551,#9752,#9853,.T.);
#9853=LINE('',#9854,#9855);
#9854=CARTESIAN_POINT('',(-2.499999954,-1.232994703,0.199999987));
#9855=VECTOR('',#9856,1.0);
#9856=DIRECTION('',(1.0,0.0,0.0));
#9857=PLANE('',#9858);
#9858=AXIS2_PLACEMENT_3D('',#9859,#9860,#9861);
#9859=CARTESIAN_POINT('',(-2.499999954,-1.232994703,0.199999987));
#9860=DIRECTION('',(0.0,1.0,0.0));
#9861=DIRECTION('',(0.0,0.0,-1.0));
#9862=ADVANCED_FACE('',(#9863),#9874,.T.);
#9863=FACE_BOUND('',#9864,.T.);
#9864=EDGE_LOOP('',(#9865,#9866,#9867,#9868));
#9865=ORIENTED_EDGE('',*,*,#9751,.F.);
#9866=ORIENTED_EDGE('',*,*,#9852,.F.);
#9867=ORIENTED_EDGE('',*,*,#9550,.F.);
#9868=ORIENTED_EDGE('',*,*,#9869,.T.);
#9869=EDGE_CURVE('',#9543,#9754,#9870,.T.);
#9870=LINE('',#9871,#9872);
#9871=CARTESIAN_POINT('',(-2.499999954,0.567005264,0.199999987));
#9872=VECTOR('',#9873,1.0);
#9873=DIRECTION('',(1.0,0.0,0.0));
#9874=PLANE('',#9875);
#9875=AXIS2_PLACEMENT_3D('',#9876,#9877,#9878);
#9876=CARTESIAN_POINT('',(-2.499999954,0.567005264,0.199999987));
#9877=DIRECTION('',(0.0,0.0,-1.0));
#9878=DIRECTION('',(0.0,-1.0,0.0));
#9879=ADVANCED_FACE('',(#9880),#9915,.T.);
#9880=FACE_BOUND('',#9881,.T.);
#9881=EDGE_LOOP('',(#9882,#9890,#9898,#9905,#9906,#9907,#9914));
#9882=ORIENTED_EDGE('',*,*,#9883,.T.);
#9883=EDGE_CURVE('',#9655,#9884,#9886,.F.);
#9884=VERTEX_POINT('',#9885);
#9885=CARTESIAN_POINT('',(-2.999999944,0.567005264,-9.258973643E-09));
#9886=LINE('',#9887,#9888);
#9887=CARTESIAN_POINT('',(-2.999999944,0.567005264,-9.258973643E-09));
#9888=VECTOR('',#9889,1.0);
#9889=DIRECTION('',(0.0,0.0,1.0));
#9890=ORIENTED_EDGE('',*,*,#9891,.T.);
#9891=EDGE_CURVE('',#9884,#9892,#9894,.F.);
#9892=VERTEX_POINT('',#9893);
#9893=CARTESIAN_POINT('',(-2.549999953,0.567005264,-9.258973643E-09));
#9894=LINE('',#9895,#9896);
#9895=CARTESIAN_POINT('',(-2.549999953,0.567005264,-9.258973643E-09));
#9896=VECTOR('',#9897,1.0);
#9897=DIRECTION('',(-1.0,0.0,0.0));
#9898=ORIENTED_EDGE('',*,*,#9899,.T.);
#9899=EDGE_CURVE('',#9892,#9754,#9900,.F.);
#9900=CIRCLE('',#9901,0.199999996);
#9901=AXIS2_PLACEMENT_3D('',#9902,#9903,#9904);
#9902=CARTESIAN_POINT('',(-2.549999953,0.567005264,0.199999987));
#9903=DIRECTION('',(0.0,1.0,0.0));
#9904=DIRECTION('',(1.0,0.0,0.0));
#9905=ORIENTED_EDGE('',*,*,#9869,.F.);
#9906=ORIENTED_EDGE('',*,*,#9542,.F.);
#9907=ORIENTED_EDGE('',*,*,#9908,.T.);
#9908=EDGE_CURVE('',#9535,#9663,#9909,.F.);
#9909=CIRCLE('',#9910,0.099999998);
#9910=AXIS2_PLACEMENT_3D('',#9911,#9912,#9913);
#9911=CARTESIAN_POINT('',(-2.599999952,0.567005264,0.249999986));
#9912=DIRECTION('',(0.0,-1.0,0.0));
#9913=DIRECTION('',(0.0,0.0,-1.0));
#9914=ORIENTED_EDGE('',*,*,#9662,.F.);
#9915=PLANE('',#9916);
#9916=AXIS2_PLACEMENT_3D('',#9917,#9918,#9919);
#9917=CARTESIAN_POINT('',(-2.499999954,0.567005264,-9.258973643E-09));
#9918=DIRECTION('',(0.0,-1.0,0.0));
#9919=DIRECTION('',(0.0,0.0,1.0));
#9920=ADVANCED_FACE('',(#9921),#9933,.F.);
#9921=FACE_BOUND('',#9922,.T.);
#9922=EDGE_LOOP('',(#9923,#9930,#9931,#9932));
#9923=ORIENTED_EDGE('',*,*,#9924,.T.);
#9924=EDGE_CURVE('',#9527,#9645,#9925,.F.);
#9925=CIRCLE('',#9926,0.099999998);
#9926=AXIS2_PLACEMENT_3D('',#9927,#9928,#9929);
#9927=CARTESIAN_POINT('',(-2.599999952,0.967005257,0.249999986));
#9928=DIRECTION('',(0.0,-1.0,0.0));
#9929=DIRECTION('',(0.0,0.0,-1.0));
#9930=ORIENTED_EDGE('',*,*,#9670,.F.);
#9931=ORIENTED_EDGE('',*,*,#9908,.F.);
#9932=ORIENTED_EDGE('',*,*,#9534,.F.);
#9933=CYLINDRICAL_SURFACE('',#9934,0.099999998);
#9934=AXIS2_PLACEMENT_3D('',#9935,#9936,#9937);
#9935=CARTESIAN_POINT('',(-2.599999952,-8.748294563,0.249999986));
#9936=DIRECTION('',(0.0,1.0,0.0));
#9937=DIRECTION('',(1.0,0.0,0.0));
#9938=ADVANCED_FACE('',(#9939),#9974,.T.);
#9939=FACE_BOUND('',#9940,.T.);
#9940=EDGE_LOOP('',(#9941,#9947,#9948,#9957,#9965,#9971,#9972,#9973));
#9941=ORIENTED_EDGE('',*,*,#9942,.T.);
#9942=EDGE_CURVE('',#9519,#9770,#9943,.T.);
#9943=LINE('',#9944,#9945);
#9944=CARTESIAN_POINT('',(-2.499999954,0.967005257,0.749999977));
#9945=VECTOR('',#9946,1.0);
#9946=DIRECTION('',(1.0,0.0,0.0));
#9947=ORIENTED_EDGE('',*,*,#9769,.F.);
#9948=ORIENTED_EDGE('',*,*,#9949,.T.);
#9949=EDGE_CURVE('',#9762,#9950,#9952,.T.);
#9950=VERTEX_POINT('',#9951);
#9951=CARTESIAN_POINT('',(-2.549999953,0.967005257,-9.258973643E-09));
#9952=CIRCLE('',#9953,0.199999996);
#9953=AXIS2_PLACEMENT_3D('',#9954,#9955,#9956);
#9954=CARTESIAN_POINT('',(-2.549999953,0.967005257,0.199999987));
#9955=DIRECTION('',(0.0,1.0,0.0));
#9956=DIRECTION('',(1.0,0.0,0.0));
#9957=ORIENTED_EDGE('',*,*,#9958,.T.);
#9958=EDGE_CURVE('',#9950,#9959,#9961,.F.);
#9959=VERTEX_POINT('',#9960);
#9960=CARTESIAN_POINT('',(-2.999999944,0.967005257,-9.258973643E-09));
#9961=LINE('',#9962,#9963);
#9962=CARTESIAN_POINT('',(-2.999999944,0.967005257,-9.258973643E-09));
#9963=VECTOR('',#9964,1.0);
#9964=DIRECTION('',(1.0,0.0,0.0));
#9965=ORIENTED_EDGE('',*,*,#9966,.T.);
#9966=EDGE_CURVE('',#9959,#9647,#9967,.T.);
#9967=LINE('',#9968,#9969);
#9968=CARTESIAN_POINT('',(-2.999999944,0.967005257,-9.258973643E-09));
#9969=VECTOR('',#9970,1.0);
#9970=DIRECTION('',(0.0,0.0,1.0));
#9971=ORIENTED_EDGE('',*,*,#9644,.F.);
#9972=ORIENTED_EDGE('',*,*,#9924,.F.);
#9973=ORIENTED_EDGE('',*,*,#9526,.F.);
#9974=PLANE('',#9975);
#9975=AXIS2_PLACEMENT_3D('',#9976,#9977,#9978);
#9976=CARTESIAN_POINT('',(-2.499999954,0.967005257,0.749999977));
#9977=DIRECTION('',(0.0,1.0,0.0));
#9978=DIRECTION('',(0.0,0.0,-1.0));
#9979=ADVANCED_FACE('',(#9980),#9991,.T.);
#9980=FACE_BOUND('',#9981,.T.);
#9981=EDGE_LOOP('',(#9982,#9983,#9984,#9985));
#9982=ORIENTED_EDGE('',*,*,#9883,.F.);
#9983=ORIENTED_EDGE('',*,*,#9654,.F.);
#9984=ORIENTED_EDGE('',*,*,#9966,.F.);
#9985=ORIENTED_EDGE('',*,*,#9986,.T.);
#9986=EDGE_CURVE('',#9959,#9884,#9987,.F.);
#9987=LINE('',#9988,#9989);
#9988=CARTESIAN_POINT('',(-2.999999944,0.567005264,-9.258973643E-09));
#9989=VECTOR('',#9990,1.0);
#9990=DIRECTION('',(0.0,1.0,0.0));
#9991=PLANE('',#9992);
#9992=AXIS2_PLACEMENT_3D('',#9993,#9994,#9995);
#9993=CARTESIAN_POINT('',(-2.999999944,0.567005264,-9.258973643E-09));
#9994=DIRECTION('',(-1.0,0.0,0.0));
#9995=DIRECTION('',(0.0,1.0,0.0));
#9996=ADVANCED_FACE('',(#9997),#10008,.T.);
#9997=FACE_BOUND('',#9998,.T.);
#9998=EDGE_LOOP('',(#9999,#10000,#10006,#10007));
#9999=ORIENTED_EDGE('',*,*,#9692,.F.);
#10000=ORIENTED_EDGE('',*,*,#10001,.T.);
#10001=EDGE_CURVE('',#9685,#9836,#10002,.T.);
#10002=LINE('',#10003,#10004);
#10003=CARTESIAN_POINT('',(-2.999999944,-1.632994695,-9.258973643E-09));
#10004=VECTOR('',#10005,1.0);
#10005=DIRECTION('',(0.0,1.0,0.0));
#10006=ORIENTED_EDGE('',*,*,#9835,.F.);
#10007=ORIENTED_EDGE('',*,*,#9809,.F.);
#10008=PLANE('',#10009);
#10009=AXIS2_PLACEMENT_3D('',#10010,#10011,#10012);
#10010=CARTESIAN_POINT('',(-2.499999954,0.967005257,-9.258973643E-09));
#10011=DIRECTION('',(0.0,0.0,-1.0));
#10012=DIRECTION('',(0.0,-1.0,0.0));
#10013=ADVANCED_FACE('',(#10014),#10025,.T.);
#10014=FACE_BOUND('',#10015,.T.);
#10015=EDGE_LOOP('',(#10016,#10017,#10018,#10019));
#10016=ORIENTED_EDGE('',*,*,#9891,.F.);
#10017=ORIENTED_EDGE('',*,*,#9986,.F.);
#10018=ORIENTED_EDGE('',*,*,#9958,.F.);
#10019=ORIENTED_EDGE('',*,*,#10020,.T.);
#10020=EDGE_CURVE('',#9950,#9892,#10021,.F.);
#10021=LINE('',#10022,#10023);
#10022=CARTESIAN_POINT('',(-2.549999953,0.567005264,-9.258973643E-09));
#10023=VECTOR('',#10024,1.0);
#10024=DIRECTION('',(0.0,1.0,0.0));
#10025=PLANE('',#10026);
#10026=AXIS2_PLACEMENT_3D('',#10027,#10028,#10029);
#10027=CARTESIAN_POINT('',(-2.499999954,0.967005257,-9.258973643E-09));
#10028=DIRECTION('',(0.0,0.0,-1.0));
#10029=DIRECTION('',(0.0,-1.0,0.0));
#10030=ADVANCED_FACE('',(#10031),#10037,.T.);
#10031=FACE_BOUND('',#10032,.T.);
#10032=EDGE_LOOP('',(#10033,#10034,#10035,#10036));
#10033=ORIENTED_EDGE('',*,*,#9684,.F.);
#10034=ORIENTED_EDGE('',*,*,#9621,.F.);
#10035=ORIENTED_EDGE('',*,*,#9843,.F.);
#10036=ORIENTED_EDGE('',*,*,#10001,.F.);
#10037=PLANE('',#10038);
#10038=AXIS2_PLACEMENT_3D('',#10039,#10040,#10041);
#10039=CARTESIAN_POINT('',(-2.999999944,-1.632994695,-9.258973643E-09));
#10040=DIRECTION('',(-1.0,0.0,0.0));
#10041=DIRECTION('',(0.0,1.0,0.0));
#10042=ADVANCED_FACE('',(#10043),#10049,.T.);
#10043=FACE_BOUND('',#10044,.T.);
#10044=EDGE_LOOP('',(#10045,#10046,#10047,#10048));
#10045=ORIENTED_EDGE('',*,*,#9761,.F.);
#10046=ORIENTED_EDGE('',*,*,#9899,.F.);
#10047=ORIENTED_EDGE('',*,*,#10020,.F.);
#10048=ORIENTED_EDGE('',*,*,#9949,.F.);
#10049=CYLINDRICAL_SURFACE('',#10050,0.199999996);
#10050=AXIS2_PLACEMENT_3D('',#10051,#10052,#10053);
#10051=CARTESIAN_POINT('',(-2.549999953,-8.748294563,0.199999987));
#10052=DIRECTION('',(0.0,1.0,0.0));
#10053=DIRECTION('',(1.0,0.0,0.0));
#10054=ADVANCED_FACE('',(#10055),#10066,.T.);
#10055=FACE_BOUND('',#10056,.T.);
#10056=EDGE_LOOP('',(#10057,#10063,#10064,#10065));
#10057=ORIENTED_EDGE('',*,*,#10058,.T.);
#10058=EDGE_CURVE('',#9511,#9778,#10059,.T.);
#10059=LINE('',#10060,#10061);
#10060=CARTESIAN_POINT('',(-2.499999954,0.538816161,0.749999977));
#10061=VECTOR('',#10062,1.0);
#10062=DIRECTION('',(1.0,0.0,0.0));
#10063=ORIENTED_EDGE('',*,*,#9777,.F.);
#10064=ORIENTED_EDGE('',*,*,#9942,.F.);
#10065=ORIENTED_EDGE('',*,*,#9518,.F.);
#10066=PLANE('',#10067);
#10067=AXIS2_PLACEMENT_3D('',#10068,#10069,#10070);
#10068=CARTESIAN_POINT('',(-2.499999954,0.538816161,0.749999977));
#10069=DIRECTION('',(0.0,0.0,1.0));
#10070=DIRECTION('',(0.0,1.0,0.0));
#10071=ADVANCED_FACE('',(#10072),#10086,.T.);
#10072=FACE_BOUND('',#10073,.T.);
#10073=EDGE_LOOP('',(#10074,#10075,#10081,#10082,#10083,#10084,#10085));
#10074=ORIENTED_EDGE('',*,*,#9214,.F.);
#10075=ORIENTED_EDGE('',*,*,#10076,.T.);
#10076=EDGE_CURVE('',#9206,#9061,#10077,.F.);
#10077=LINE('',#10078,#10079);
#10078=CARTESIAN_POINT('',(-2.152361079,0.538816161,1.249999968));
#10079=VECTOR('',#10080,1.0);
#10080=DIRECTION('',(0.0,0.0,1.0));
#10081=ORIENTED_EDGE('',*,*,#9060,.F.);
#10082=ORIENTED_EDGE('',*,*,#9785,.F.);
#10083=ORIENTED_EDGE('',*,*,#10058,.F.);
#10084=ORIENTED_EDGE('',*,*,#9510,.F.);
#10085=ORIENTED_EDGE('',*,*,#9468,.F.);
#10086=PLANE('',#10087);
#10087=AXIS2_PLACEMENT_3D('',#10088,#10089,#10090);
#10088=CARTESIAN_POINT('',(-2.152361079,0.538816161,1.249999968));
#10089=DIRECTION('',(0.0,1.0,0.0));
#10090=DIRECTION('',(-1.0,0.0,0.0));
#10091=ADVANCED_FACE('',(#10092),#10103,.F.);
#10092=FACE_BOUND('',#10093,.T.);
#10093=EDGE_LOOP('',(#10094,#10095,#10096,#10102));
#10094=ORIENTED_EDGE('',*,*,#10076,.F.);
#10095=ORIENTED_EDGE('',*,*,#9205,.F.);
#10096=ORIENTED_EDGE('',*,*,#10097,.T.);
#10097=EDGE_CURVE('',#9198,#9069,#10098,.F.);
#10098=LINE('',#10099,#10100);
#10099=CARTESIAN_POINT('',(-2.062114067,0.629063173,1.249999968));
#10100=VECTOR('',#10101,1.0);
#10101=DIRECTION('',(0.0,0.0,1.0));
#10102=ORIENTED_EDGE('',*,*,#9068,.F.);
#10103=CYLINDRICAL_SURFACE('',#10104,0.090247012);
#10104=AXIS2_PLACEMENT_3D('',#10105,#10106,#10107);
#10105=CARTESIAN_POINT('',(-2.152361079,0.629063173,1.249999968));
#10106=DIRECTION('',(0.0,0.0,1.0));
#10107=DIRECTION('',(1.0,0.0,0.0));
#10108=ADVANCED_FACE('',(#10109),#10120,.T.);
#10109=FACE_BOUND('',#10110,.T.);
#10110=EDGE_LOOP('',(#10111,#10112,#10113,#10119));
#10111=ORIENTED_EDGE('',*,*,#10097,.F.);
#10112=ORIENTED_EDGE('',*,*,#9197,.F.);
#10113=ORIENTED_EDGE('',*,*,#10114,.T.);
#10114=EDGE_CURVE('',#9189,#9078,#10115,.F.);
#10115=LINE('',#10116,#10117);
#10116=CARTESIAN_POINT('',(-2.062114067,0.96547664,1.249999968));
#10117=VECTOR('',#10118,1.0);
#10118=DIRECTION('',(0.0,0.0,1.0));
#10119=ORIENTED_EDGE('',*,*,#9077,.F.);
#10120=PLANE('',#10121);
#10121=AXIS2_PLACEMENT_3D('',#10122,#10123,#10124);
#10122=CARTESIAN_POINT('',(-2.062114067,0.96547664,1.249999968));
#10123=DIRECTION('',(-1.0,0.0,0.0));
#10124=DIRECTION('',(0.0,-1.0,0.0));
#10125=ADVANCED_FACE('',(#10126),#10137,.T.);
#10126=FACE_BOUND('',#10127,.T.);
#10127=EDGE_LOOP('',(#10128,#10129,#10130,#10136));
#10128=ORIENTED_EDGE('',*,*,#10114,.F.);
#10129=ORIENTED_EDGE('',*,*,#9188,.F.);
#10130=ORIENTED_EDGE('',*,*,#10131,.T.);
#10131=EDGE_CURVE('',#9181,#9086,#10132,.F.);
#10132=LINE('',#10133,#10134);
#10133=CARTESIAN_POINT('',(-1.985585452,1.042005255,1.249999968));
#10134=VECTOR('',#10135,1.0);
#10135=DIRECTION('',(0.0,0.0,1.0));
#10136=ORIENTED_EDGE('',*,*,#9085,.F.);
#10137=CYLINDRICAL_SURFACE('',#10138,0.076528615);
#10138=AXIS2_PLACEMENT_3D('',#10139,#10140,#10141);
#10139=CARTESIAN_POINT('',(-1.985585452,0.96547664,1.249999968));
#10140=DIRECTION('',(0.0,0.0,1.0));
#10141=DIRECTION('',(1.0,0.0,0.0));
#10142=ADVANCED_FACE('',(#10143),#10154,.T.);
#10143=FACE_BOUND('',#10144,.T.);
#10144=EDGE_LOOP('',(#10145,#10146,#10147,#10153));
#10145=ORIENTED_EDGE('',*,*,#10131,.F.);
#10146=ORIENTED_EDGE('',*,*,#9180,.F.);
#10147=ORIENTED_EDGE('',*,*,#10148,.T.);
#10148=EDGE_CURVE('',#9172,#9095,#10149,.F.);
#10149=LINE('',#10150,#10151);
#10150=CARTESIAN_POINT('',(1.985585452,1.042005255,1.249999968));
#10151=VECTOR('',#10152,1.0);
#10152=DIRECTION('',(0.0,0.0,1.0));
#10153=ORIENTED_EDGE('',*,*,#9094,.F.);
#10154=PLANE('',#10155);
#10155=AXIS2_PLACEMENT_3D('',#10156,#10157,#10158);
#10156=CARTESIAN_POINT('',(1.985585452,1.042005255,1.249999968));
#10157=DIRECTION('',(0.0,1.0,0.0));
#10158=DIRECTION('',(-1.0,0.0,0.0));
#10159=ADVANCED_FACE('',(#10160),#10171,.T.);
#10160=FACE_BOUND('',#10161,.T.);
#10161=EDGE_LOOP('',(#10162,#10163,#10164,#10170));
#10162=ORIENTED_EDGE('',*,*,#10148,.F.);
#10163=ORIENTED_EDGE('',*,*,#9171,.F.);
#10164=ORIENTED_EDGE('',*,*,#10165,.T.);
#10165=EDGE_CURVE('',#9164,#9103,#10166,.F.);
#10166=LINE('',#10167,#10168);
#10167=CARTESIAN_POINT('',(2.062114067,0.96547664,1.249999968));
#10168=VECTOR('',#10169,1.0);
#10169=DIRECTION('',(0.0,0.0,1.0));
#10170=ORIENTED_EDGE('',*,*,#9102,.F.);
#10171=CYLINDRICAL_SURFACE('',#10172,0.076528615);
#10172=AXIS2_PLACEMENT_3D('',#10173,#10174,#10175);
#10173=CARTESIAN_POINT('',(1.985585452,0.96547664,1.249999968));
#10174=DIRECTION('',(0.0,0.0,1.0));
#10175=DIRECTION('',(1.0,0.0,0.0));
#10176=ADVANCED_FACE('',(#10177),#10183,.T.);
#10177=FACE_BOUND('',#10178,.T.);
#10178=EDGE_LOOP('',(#10179,#10180,#10181,#10182));
#10179=ORIENTED_EDGE('',*,*,#10165,.F.);
#10180=ORIENTED_EDGE('',*,*,#9163,.F.);
#10181=ORIENTED_EDGE('',*,*,#9136,.F.);
#10182=ORIENTED_EDGE('',*,*,#9111,.F.);
#10183=PLANE('',#10184);
#10184=AXIS2_PLACEMENT_3D('',#10185,#10186,#10187);
#10185=CARTESIAN_POINT('',(2.062114067,0.629063173,1.249999968));
#10186=DIRECTION('',(1.0,0.0,0.0));
#10187=DIRECTION('',(0.0,1.0,0.0));
#10188=(GEOMETRIC_REPRESENTATION_CONTEXT(3)GLOBAL_UNCERTAINTY_ASSIGNED_CONTEXT((#10189))GLOBAL_UNIT_ASSIGNED_CONTEXT((#18,#19,#20))REPRESENTATION_CONTEXT('',''));
#10189=UNCERTAINTY_MEASURE_WITH_UNIT(LENGTH_MEASURE(1.0E-07),#18,'','maximum tolerance');
#10190=ADVANCED_BREP_SHAPE_REPRESENTATION('',(#8289,#9),#10188);
#10191=(REPRESENTATION_RELATIONSHIP('',$,#10190,#38)REPRESENTATION_RELATIONSHIP_WITH_TRANSFORMATION(#10192)SHAPE_REPRESENTATION_RELATIONSHIP());
#10192=ITEM_DEFINED_TRANSFORMATION('',$,#9,#9);
#10193=PRODUCT('SOLID','SOLID',$,(#3));
#10194=PRODUCT_DEFINITION_FORMATION('',$,#10193);
#10195=PRODUCT_DEFINITION('design',$,#10194,#6);
#10196=NEXT_ASSEMBLY_USAGE_OCCURRENCE('instance_5','','',#43,#10195,$);
#10197=PRODUCT_DEFINITION_SHAPE('',$,#10196);
#10198=CONTEXT_DEPENDENT_SHAPE_REPRESENTATION(#10191,#10197);
#10199=PRODUCT_DEFINITION_SHAPE('',$,#10195);
#10200=SHAPE_DEFINITION_REPRESENTATION(#10199,#10190);
#10201=PRODUCT_RELATED_PRODUCT_CATEGORY('part',$,(#10193));
#10202=STYLED_ITEM('',(#10203),#8291);
#10203=PRESENTATION_STYLE_ASSIGNMENT((#10204));
#10204=SURFACE_STYLE_USAGE(.BOTH.,#10205);
#10205=SURFACE_SIDE_STYLE('',(#10206));
#10206=SURFACE_STYLE_FILL_AREA(#10207);
#10207=FILL_AREA_STYLE('',(#10209));
#10208=COLOUR_RGB('',0.882353008,0.882353008,0.882353008);
#10209=FILL_AREA_STYLE_COLOUR('',#10208);
#10210=STYLED_ITEM('',(#10211),#8331);
#10211=PRESENTATION_STYLE_ASSIGNMENT((#10212));
#10212=SURFACE_STYLE_USAGE(.BOTH.,#10213);
#10213=SURFACE_SIDE_STYLE('',(#10214));
#10214=SURFACE_STYLE_FILL_AREA(#10215);
#10215=FILL_AREA_STYLE('',(#10217));
#10216=COLOUR_RGB('',0.882353008,0.882353008,0.882353008);
#10217=FILL_AREA_STYLE_COLOUR('',#10216);
#10218=STYLED_ITEM('',(#10219),#8394);
#10219=PRESENTATION_STYLE_ASSIGNMENT((#10220));
#10220=SURFACE_STYLE_USAGE(.BOTH.,#10221);
#10221=SURFACE_SIDE_STYLE('',(#10222));
#10222=SURFACE_STYLE_FILL_AREA(#10223);
#10223=FILL_AREA_STYLE('',(#10225));
#10224=COLOUR_RGB('',0.882353008,0.882353008,0.882353008);
#10225=FILL_AREA_STYLE_COLOUR('',#10224);
#10226=STYLED_ITEM('',(#10227),#8461);
#10227=PRESENTATION_STYLE_ASSIGNMENT((#10228));
#10228=SURFACE_STYLE_USAGE(.BOTH.,#10229);
#10229=SURFACE_SIDE_STYLE('',(#10230));
#10230=SURFACE_STYLE_FILL_AREA(#10231);
#10231=FILL_AREA_STYLE('',(#10233));
#10232=COLOUR_RGB('',0.882353008,0.882353008,0.882353008);
#10233=FILL_AREA_STYLE_COLOUR('',#10232);
#10234=STYLED_ITEM('',(#10235),#8492);
#10235=PRESENTATION_STYLE_ASSIGNMENT((#10236));
#10236=SURFACE_STYLE_USAGE(.BOTH.,#10237);
#10237=SURFACE_SIDE_STYLE('',(#10238));
#10238=SURFACE_STYLE_FILL_AREA(#10239);
#10239=FILL_AREA_STYLE('',(#10241));
#10240=COLOUR_RGB('',0.882353008,0.882353008,0.882353008);
#10241=FILL_AREA_STYLE_COLOUR('',#10240);
#10242=STYLED_ITEM('',(#10243),#8533);
#10243=PRESENTATION_STYLE_ASSIGNMENT((#10244));
#10244=SURFACE_STYLE_USAGE(.BOTH.,#10245);
#10245=SURFACE_SIDE_STYLE('',(#10246));
#10246=SURFACE_STYLE_FILL_AREA(#10247);
#10247=FILL_AREA_STYLE('',(#10249));
#10248=COLOUR_RGB('',0.882353008,0.882353008,0.882353008);
#10249=FILL_AREA_STYLE_COLOUR('',#10248);
#10250=STYLED_ITEM('',(#10251),#8557);
#10251=PRESENTATION_STYLE_ASSIGNMENT((#10252));
#10252=SURFACE_STYLE_USAGE(.BOTH.,#10253);
#10253=SURFACE_SIDE_STYLE('',(#10254));
#10254=SURFACE_STYLE_FILL_AREA(#10255);
#10255=FILL_AREA_STYLE('',(#10257));
#10256=COLOUR_RGB('',0.882353008,0.882353008,0.882353008);
#10257=FILL_AREA_STYLE_COLOUR('',#10256);
#10258=STYLED_ITEM('',(#10259),#8588);
#10259=PRESENTATION_STYLE_ASSIGNMENT((#10260));
#10260=SURFACE_STYLE_USAGE(.BOTH.,#10261);
#10261=SURFACE_SIDE_STYLE('',(#10262));
#10262=SURFACE_STYLE_FILL_AREA(#10263);
#10263=FILL_AREA_STYLE('',(#10265));
#10264=COLOUR_RGB('',0.882353008,0.882353008,0.882353008);
#10265=FILL_AREA_STYLE_COLOUR('',#10264);
#10266=STYLED_ITEM('',(#10267),#8612);
#10267=PRESENTATION_STYLE_ASSIGNMENT((#10268));
#10268=SURFACE_STYLE_USAGE(.BOTH.,#10269);
#10269=SURFACE_SIDE_STYLE('',(#10270));
#10270=SURFACE_STYLE_FILL_AREA(#10271);
#10271=FILL_AREA_STYLE('',(#10273));
#10272=COLOUR_RGB('',0.882353008,0.882353008,0.882353008);
#10273=FILL_AREA_STYLE_COLOUR('',#10272);
#10274=STYLED_ITEM('',(#10275),#8652);
#10275=PRESENTATION_STYLE_ASSIGNMENT((#10276));
#10276=SURFACE_STYLE_USAGE(.BOTH.,#10277);
#10277=SURFACE_SIDE_STYLE('',(#10278));
#10278=SURFACE_STYLE_FILL_AREA(#10279);
#10279=FILL_AREA_STYLE('',(#10281));
#10280=COLOUR_RGB('',0.882353008,0.882353008,0.882353008);
#10281=FILL_AREA_STYLE_COLOUR('',#10280);
#10282=STYLED_ITEM('',(#10283),#8676);
#10283=PRESENTATION_STYLE_ASSIGNMENT((#10284));
#10284=SURFACE_STYLE_USAGE(.BOTH.,#10285);
#10285=SURFACE_SIDE_STYLE('',(#10286));
#10286=SURFACE_STYLE_FILL_AREA(#10287);
#10287=FILL_AREA_STYLE('',(#10289));
#10288=COLOUR_RGB('',0.882353008,0.882353008,0.882353008);
#10289=FILL_AREA_STYLE_COLOUR('',#10288);
#10290=STYLED_ITEM('',(#10291),#8707);
#10291=PRESENTATION_STYLE_ASSIGNMENT((#10292));
#10292=SURFACE_STYLE_USAGE(.BOTH.,#10293);
#10293=SURFACE_SIDE_STYLE('',(#10294));
#10294=SURFACE_STYLE_FILL_AREA(#10295);
#10295=FILL_AREA_STYLE('',(#10297));
#10296=COLOUR_RGB('',0.882353008,0.882353008,0.882353008);
#10297=FILL_AREA_STYLE_COLOUR('',#10296);
#10298=STYLED_ITEM('',(#10299),#8726);
#10299=PRESENTATION_STYLE_ASSIGNMENT((#10300));
#10300=SURFACE_STYLE_USAGE(.BOTH.,#10301);
#10301=SURFACE_SIDE_STYLE('',(#10302));
#10302=SURFACE_STYLE_FILL_AREA(#10303);
#10303=FILL_AREA_STYLE('',(#10305));
#10304=COLOUR_RGB('',0.882353008,0.882353008,0.882353008);
#10305=FILL_AREA_STYLE_COLOUR('',#10304);
#10306=STYLED_ITEM('',(#10307),#8743);
#10307=PRESENTATION_STYLE_ASSIGNMENT((#10308));
#10308=SURFACE_STYLE_USAGE(.BOTH.,#10309);
#10309=SURFACE_SIDE_STYLE('',(#10310));
#10310=SURFACE_STYLE_FILL_AREA(#10311);
#10311=FILL_AREA_STYLE('',(#10313));
#10312=COLOUR_RGB('',0.882353008,0.882353008,0.882353008);
#10313=FILL_AREA_STYLE_COLOUR('',#10312);
#10314=STYLED_ITEM('',(#10315),#8764);
#10315=PRESENTATION_STYLE_ASSIGNMENT((#10316));
#10316=SURFACE_STYLE_USAGE(.BOTH.,#10317);
#10317=SURFACE_SIDE_STYLE('',(#10318));
#10318=SURFACE_STYLE_FILL_AREA(#10319);
#10319=FILL_AREA_STYLE('',(#10321));
#10320=COLOUR_RGB('',0.882353008,0.882353008,0.882353008);
#10321=FILL_AREA_STYLE_COLOUR('',#10320);
#10322=STYLED_ITEM('',(#10323),#8822);
#10323=PRESENTATION_STYLE_ASSIGNMENT((#10324));
#10324=SURFACE_STYLE_USAGE(.BOTH.,#10325);
#10325=SURFACE_SIDE_STYLE('',(#10326));
#10326=SURFACE_STYLE_FILL_AREA(#10327);
#10327=FILL_AREA_STYLE('',(#10329));
#10328=COLOUR_RGB('',0.882353008,0.882353008,0.882353008);
#10329=FILL_AREA_STYLE_COLOUR('',#10328);
#10330=STYLED_ITEM('',(#10331),#8864);
#10331=PRESENTATION_STYLE_ASSIGNMENT((#10332));
#10332=SURFACE_STYLE_USAGE(.BOTH.,#10333);
#10333=SURFACE_SIDE_STYLE('',(#10334));
#10334=SURFACE_STYLE_FILL_AREA(#10335);
#10335=FILL_AREA_STYLE('',(#10337));
#10336=COLOUR_RGB('',0.882353008,0.882353008,0.882353008);
#10337=FILL_AREA_STYLE_COLOUR('',#10336);
#10338=STYLED_ITEM('',(#10339),#8889);
#10339=PRESENTATION_STYLE_ASSIGNMENT((#10340));
#10340=SURFACE_STYLE_USAGE(.BOTH.,#10341);
#10341=SURFACE_SIDE_STYLE('',(#10342));
#10342=SURFACE_STYLE_FILL_AREA(#10343);
#10343=FILL_AREA_STYLE('',(#10345));
#10344=COLOUR_RGB('',0.882353008,0.882353008,0.882353008);
#10345=FILL_AREA_STYLE_COLOUR('',#10344);
#10346=STYLED_ITEM('',(#10347),#8928);
#10347=PRESENTATION_STYLE_ASSIGNMENT((#10348));
#10348=SURFACE_STYLE_USAGE(.BOTH.,#10349);
#10349=SURFACE_SIDE_STYLE('',(#10350));
#10350=SURFACE_STYLE_FILL_AREA(#10351);
#10351=FILL_AREA_STYLE('',(#10353));
#10352=COLOUR_RGB('',0.882353008,0.882353008,0.882353008);
#10353=FILL_AREA_STYLE_COLOUR('',#10352);
#10354=STYLED_ITEM('',(#10355),#8945);
#10355=PRESENTATION_STYLE_ASSIGNMENT((#10356));
#10356=SURFACE_STYLE_USAGE(.BOTH.,#10357);
#10357=SURFACE_SIDE_STYLE('',(#10358));
#10358=SURFACE_STYLE_FILL_AREA(#10359);
#10359=FILL_AREA_STYLE('',(#10361));
#10360=COLOUR_RGB('',0.882353008,0.882353008,0.882353008);
#10361=FILL_AREA_STYLE_COLOUR('',#10360);
#10362=STYLED_ITEM('',(#10363),#8967);
#10363=PRESENTATION_STYLE_ASSIGNMENT((#10364));
#10364=SURFACE_STYLE_USAGE(.BOTH.,#10365);
#10365=SURFACE_SIDE_STYLE('',(#10366));
#10366=SURFACE_STYLE_FILL_AREA(#10367);
#10367=FILL_AREA_STYLE('',(#10369));
#10368=COLOUR_RGB('',0.882353008,0.882353008,0.882353008);
#10369=FILL_AREA_STYLE_COLOUR('',#10368);
#10370=STYLED_ITEM('',(#10371),#8979);
#10371=PRESENTATION_STYLE_ASSIGNMENT((#10372));
#10372=SURFACE_STYLE_USAGE(.BOTH.,#10373);
#10373=SURFACE_SIDE_STYLE('',(#10374));
#10374=SURFACE_STYLE_FILL_AREA(#10375);
#10375=FILL_AREA_STYLE('',(#10377));
#10376=COLOUR_RGB('',0.882353008,0.882353008,0.882353008);
#10377=FILL_AREA_STYLE_COLOUR('',#10376);
#10378=STYLED_ITEM('',(#10379),#9132);
#10379=PRESENTATION_STYLE_ASSIGNMENT((#10380));
#10380=SURFACE_STYLE_USAGE(.BOTH.,#10381);
#10381=SURFACE_SIDE_STYLE('',(#10382));
#10382=SURFACE_STYLE_FILL_AREA(#10383);
#10383=FILL_AREA_STYLE('',(#10385));
#10384=COLOUR_RGB('',0.882353008,0.882353008,0.882353008);
#10385=FILL_AREA_STYLE_COLOUR('',#10384);
#10386=STYLED_ITEM('',(#10387),#9157);
#10387=PRESENTATION_STYLE_ASSIGNMENT((#10388));
#10388=SURFACE_STYLE_USAGE(.BOTH.,#10389);
#10389=SURFACE_SIDE_STYLE('',(#10390));
#10390=SURFACE_STYLE_FILL_AREA(#10391);
#10391=FILL_AREA_STYLE('',(#10393));
#10392=COLOUR_RGB('',0.882353008,0.882353008,0.882353008);
#10393=FILL_AREA_STYLE_COLOUR('',#10392);
#10394=STYLED_ITEM('',(#10395),#9302);
#10395=PRESENTATION_STYLE_ASSIGNMENT((#10396));
#10396=SURFACE_STYLE_USAGE(.BOTH.,#10397);
#10397=SURFACE_SIDE_STYLE('',(#10398));
#10398=SURFACE_STYLE_FILL_AREA(#10399);
#10399=FILL_AREA_STYLE('',(#10401));
#10400=COLOUR_RGB('',0.882353008,0.882353008,0.882353008);
#10401=FILL_AREA_STYLE_COLOUR('',#10400);
#10402=STYLED_ITEM('',(#10403),#9319);
#10403=PRESENTATION_STYLE_ASSIGNMENT((#10404));
#10404=SURFACE_STYLE_USAGE(.BOTH.,#10405);
#10405=SURFACE_SIDE_STYLE('',(#10406));
#10406=SURFACE_STYLE_FILL_AREA(#10407);
#10407=FILL_AREA_STYLE('',(#10409));
#10408=COLOUR_RGB('',0.882353008,0.882353008,0.882353008);
#10409=FILL_AREA_STYLE_COLOUR('',#10408);
#10410=STYLED_ITEM('',(#10411),#9336);
#10411=PRESENTATION_STYLE_ASSIGNMENT((#10412));
#10412=SURFACE_STYLE_USAGE(.BOTH.,#10413);
#10413=SURFACE_SIDE_STYLE('',(#10414));
#10414=SURFACE_STYLE_FILL_AREA(#10415);
#10415=FILL_AREA_STYLE('',(#10417));
#10416=COLOUR_RGB('',0.882353008,0.882353008,0.882353008);
#10417=FILL_AREA_STYLE_COLOUR('',#10416);
#10418=STYLED_ITEM('',(#10419),#9353);
#10419=PRESENTATION_STYLE_ASSIGNMENT((#10420));
#10420=SURFACE_STYLE_USAGE(.BOTH.,#10421);
#10421=SURFACE_SIDE_STYLE('',(#10422));
#10422=SURFACE_STYLE_FILL_AREA(#10423);
#10423=FILL_AREA_STYLE('',(#10425));
#10424=COLOUR_RGB('',0.882353008,0.882353008,0.882353008);
#10425=FILL_AREA_STYLE_COLOUR('',#10424);
#10426=STYLED_ITEM('',(#10427),#9370);
#10427=PRESENTATION_STYLE_ASSIGNMENT((#10428));
#10428=SURFACE_STYLE_USAGE(.BOTH.,#10429);
#10429=SURFACE_SIDE_STYLE('',(#10430));
#10430=SURFACE_STYLE_FILL_AREA(#10431);
#10431=FILL_AREA_STYLE('',(#10433));
#10432=COLOUR_RGB('',0.882353008,0.882353008,0.882353008);
#10433=FILL_AREA_STYLE_COLOUR('',#10432);
#10434=STYLED_ITEM('',(#10435),#9387);
#10435=PRESENTATION_STYLE_ASSIGNMENT((#10436));
#10436=SURFACE_STYLE_USAGE(.BOTH.,#10437);
#10437=SURFACE_SIDE_STYLE('',(#10438));
#10438=SURFACE_STYLE_FILL_AREA(#10439);
#10439=FILL_AREA_STYLE('',(#10441));
#10440=COLOUR_RGB('',0.882353008,0.882353008,0.882353008);
#10441=FILL_AREA_STYLE_COLOUR('',#10440);
#10442=STYLED_ITEM('',(#10443),#9404);
#10443=PRESENTATION_STYLE_ASSIGNMENT((#10444));
#10444=SURFACE_STYLE_USAGE(.BOTH.,#10445);
#10445=SURFACE_SIDE_STYLE('',(#10446));
#10446=SURFACE_STYLE_FILL_AREA(#10447);
#10447=FILL_AREA_STYLE('',(#10449));
#10448=COLOUR_RGB('',0.882353008,0.882353008,0.882353008);
#10449=FILL_AREA_STYLE_COLOUR('',#10448);
#10450=STYLED_ITEM('',(#10451),#9421);
#10451=PRESENTATION_STYLE_ASSIGNMENT((#10452));
#10452=SURFACE_STYLE_USAGE(.BOTH.,#10453);
#10453=SURFACE_SIDE_STYLE('',(#10454));
#10454=SURFACE_STYLE_FILL_AREA(#10455);
#10455=FILL_AREA_STYLE('',(#10457));
#10456=COLOUR_RGB('',0.882353008,0.882353008,0.882353008);
#10457=FILL_AREA_STYLE_COLOUR('',#10456);
#10458=STYLED_ITEM('',(#10459),#9463);
#10459=PRESENTATION_STYLE_ASSIGNMENT((#10460));
#10460=SURFACE_STYLE_USAGE(.BOTH.,#10461);
#10461=SURFACE_SIDE_STYLE('',(#10462));
#10462=SURFACE_STYLE_FILL_AREA(#10463);
#10463=FILL_AREA_STYLE('',(#10465));
#10464=COLOUR_RGB('',0.882353008,0.882353008,0.882353008);
#10465=FILL_AREA_STYLE_COLOUR('',#10464);
#10466=STYLED_ITEM('',(#10467),#9488);
#10467=PRESENTATION_STYLE_ASSIGNMENT((#10468));
#10468=SURFACE_STYLE_USAGE(.BOTH.,#10469);
#10469=SURFACE_SIDE_STYLE('',(#10470));
#10470=SURFACE_STYLE_FILL_AREA(#10471);
#10471=FILL_AREA_STYLE('',(#10473));
#10472=COLOUR_RGB('',0.882353008,0.882353008,0.882353008);
#10473=FILL_AREA_STYLE_COLOUR('',#10472);
#10474=STYLED_ITEM('',(#10475),#9576);
#10475=PRESENTATION_STYLE_ASSIGNMENT((#10476));
#10476=SURFACE_STYLE_USAGE(.BOTH.,#10477);
#10477=SURFACE_SIDE_STYLE('',(#10478));
#10478=SURFACE_STYLE_FILL_AREA(#10479);
#10479=FILL_AREA_STYLE('',(#10481));
#10480=COLOUR_RGB('',0.882353008,0.882353008,0.882353008);
#10481=FILL_AREA_STYLE_COLOUR('',#10480);
#10482=STYLED_ITEM('',(#10483),#9609);
#10483=PRESENTATION_STYLE_ASSIGNMENT((#10484));
#10484=SURFACE_STYLE_USAGE(.BOTH.,#10485);
#10485=SURFACE_SIDE_STYLE('',(#10486));
#10486=SURFACE_STYLE_FILL_AREA(#10487);
#10487=FILL_AREA_STYLE('',(#10489));
#10488=COLOUR_RGB('',0.882353008,0.882353008,0.882353008);
#10489=FILL_AREA_STYLE_COLOUR('',#10488);
#10490=STYLED_ITEM('',(#10491),#9640);
#10491=PRESENTATION_STYLE_ASSIGNMENT((#10492));
#10492=SURFACE_STYLE_USAGE(.BOTH.,#10493);
#10493=SURFACE_SIDE_STYLE('',(#10494));
#10494=SURFACE_STYLE_FILL_AREA(#10495);
#10495=FILL_AREA_STYLE('',(#10497));
#10496=COLOUR_RGB('',0.882353008,0.882353008,0.882353008);
#10497=FILL_AREA_STYLE_COLOUR('',#10496);
#10498=STYLED_ITEM('',(#10499),#9680);
#10499=PRESENTATION_STYLE_ASSIGNMENT((#10500));
#10500=SURFACE_STYLE_USAGE(.BOTH.,#10501);
#10501=SURFACE_SIDE_STYLE('',(#10502));
#10502=SURFACE_STYLE_FILL_AREA(#10503);
#10503=FILL_AREA_STYLE('',(#10505));
#10504=COLOUR_RGB('',0.882353008,0.882353008,0.882353008);
#10505=FILL_AREA_STYLE_COLOUR('',#10504);
#10506=STYLED_ITEM('',(#10507),#9730);
#10507=PRESENTATION_STYLE_ASSIGNMENT((#10508));
#10508=SURFACE_STYLE_USAGE(.BOTH.,#10509);
#10509=SURFACE_SIDE_STYLE('',(#10510));
#10510=SURFACE_STYLE_FILL_AREA(#10511);
#10511=FILL_AREA_STYLE('',(#10513));
#10512=COLOUR_RGB('',0.882353008,0.882353008,0.882353008);
#10513=FILL_AREA_STYLE_COLOUR('',#10512);
#10514=STYLED_ITEM('',(#10515),#9747);
#10515=PRESENTATION_STYLE_ASSIGNMENT((#10516));
#10516=SURFACE_STYLE_USAGE(.BOTH.,#10517);
#10517=SURFACE_SIDE_STYLE('',(#10518));
#10518=SURFACE_STYLE_FILL_AREA(#10519);
#10519=FILL_AREA_STYLE('',(#10521));
#10520=COLOUR_RGB('',0.882353008,0.882353008,0.882353008);
#10521=FILL_AREA_STYLE_COLOUR('',#10520);
#10522=STYLED_ITEM('',(#10523),#9805);
#10523=PRESENTATION_STYLE_ASSIGNMENT((#10524));
#10524=SURFACE_STYLE_USAGE(.BOTH.,#10525);
#10525=SURFACE_SIDE_STYLE('',(#10526));
#10526=SURFACE_STYLE_FILL_AREA(#10527);
#10527=FILL_AREA_STYLE('',(#10529));
#10528=COLOUR_RGB('',0.882353008,0.882353008,0.882353008);
#10529=FILL_AREA_STYLE_COLOUR('',#10528);
#10530=STYLED_ITEM('',(#10531),#9830);
#10531=PRESENTATION_STYLE_ASSIGNMENT((#10532));
#10532=SURFACE_STYLE_USAGE(.BOTH.,#10533);
#10533=SURFACE_SIDE_STYLE('',(#10534));
#10534=SURFACE_STYLE_FILL_AREA(#10535);
#10535=FILL_AREA_STYLE('',(#10537));
#10536=COLOUR_RGB('',0.882353008,0.882353008,0.882353008);
#10537=FILL_AREA_STYLE_COLOUR('',#10536);
#10538=STYLED_ITEM('',(#10539),#9862);
#10539=PRESENTATION_STYLE_ASSIGNMENT((#10540));
#10540=SURFACE_STYLE_USAGE(.BOTH.,#10541);
#10541=SURFACE_SIDE_STYLE('',(#10542));
#10542=SURFACE_STYLE_FILL_AREA(#10543);
#10543=FILL_AREA_STYLE('',(#10545));
#10544=COLOUR_RGB('',0.882353008,0.882353008,0.882353008);
#10545=FILL_AREA_STYLE_COLOUR('',#10544);
#10546=STYLED_ITEM('',(#10547),#9879);
#10547=PRESENTATION_STYLE_ASSIGNMENT((#10548));
#10548=SURFACE_STYLE_USAGE(.BOTH.,#10549);
#10549=SURFACE_SIDE_STYLE('',(#10550));
#10550=SURFACE_STYLE_FILL_AREA(#10551);
#10551=FILL_AREA_STYLE('',(#10553));
#10552=COLOUR_RGB('',0.882353008,0.882353008,0.882353008);
#10553=FILL_AREA_STYLE_COLOUR('',#10552);
#10554=STYLED_ITEM('',(#10555),#9920);
#10555=PRESENTATION_STYLE_ASSIGNMENT((#10556));
#10556=SURFACE_STYLE_USAGE(.BOTH.,#10557);
#10557=SURFACE_SIDE_STYLE('',(#10558));
#10558=SURFACE_STYLE_FILL_AREA(#10559);
#10559=FILL_AREA_STYLE('',(#10561));
#10560=COLOUR_RGB('',0.882353008,0.882353008,0.882353008);
#10561=FILL_AREA_STYLE_COLOUR('',#10560);
#10562=STYLED_ITEM('',(#10563),#9938);
#10563=PRESENTATION_STYLE_ASSIGNMENT((#10564));
#10564=SURFACE_STYLE_USAGE(.BOTH.,#10565);
#10565=SURFACE_SIDE_STYLE('',(#10566));
#10566=SURFACE_STYLE_FILL_AREA(#10567);
#10567=FILL_AREA_STYLE('',(#10569));
#10568=COLOUR_RGB('',0.882353008,0.882353008,0.882353008);
#10569=FILL_AREA_STYLE_COLOUR('',#10568);
#10570=STYLED_ITEM('',(#10571),#9979);
#10571=PRESENTATION_STYLE_ASSIGNMENT((#10572));
#10572=SURFACE_STYLE_USAGE(.BOTH.,#10573);
#10573=SURFACE_SIDE_STYLE('',(#10574));
#10574=SURFACE_STYLE_FILL_AREA(#10575);
#10575=FILL_AREA_STYLE('',(#10577));
#10576=COLOUR_RGB('',0.882353008,0.882353008,0.882353008);
#10577=FILL_AREA_STYLE_COLOUR('',#10576);
#10578=STYLED_ITEM('',(#10579),#9996);
#10579=PRESENTATION_STYLE_ASSIGNMENT((#10580));
#10580=SURFACE_STYLE_USAGE(.BOTH.,#10581);
#10581=SURFACE_SIDE_STYLE('',(#10582));
#10582=SURFACE_STYLE_FILL_AREA(#10583);
#10583=FILL_AREA_STYLE('',(#10585));
#10584=COLOUR_RGB('',0.882353008,0.882353008,0.882353008);
#10585=FILL_AREA_STYLE_COLOUR('',#10584);
#10586=STYLED_ITEM('',(#10587),#10013);
#10587=PRESENTATION_STYLE_ASSIGNMENT((#10588));
#10588=SURFACE_STYLE_USAGE(.BOTH.,#10589);
#10589=SURFACE_SIDE_STYLE('',(#10590));
#10590=SURFACE_STYLE_FILL_AREA(#10591);
#10591=FILL_AREA_STYLE('',(#10593));
#10592=COLOUR_RGB('',0.882353008,0.882353008,0.882353008);
#10593=FILL_AREA_STYLE_COLOUR('',#10592);
#10594=STYLED_ITEM('',(#10595),#10030);
#10595=PRESENTATION_STYLE_ASSIGNMENT((#10596));
#10596=SURFACE_STYLE_USAGE(.BOTH.,#10597);
#10597=SURFACE_SIDE_STYLE('',(#10598));
#10598=SURFACE_STYLE_FILL_AREA(#10599);
#10599=FILL_AREA_STYLE('',(#10601));
#10600=COLOUR_RGB('',0.882353008,0.882353008,0.882353008);
#10601=FILL_AREA_STYLE_COLOUR('',#10600);
#10602=STYLED_ITEM('',(#10603),#10042);
#10603=PRESENTATION_STYLE_ASSIGNMENT((#10604));
#10604=SURFACE_STYLE_USAGE(.BOTH.,#10605);
#10605=SURFACE_SIDE_STYLE('',(#10606));
#10606=SURFACE_STYLE_FILL_AREA(#10607);
#10607=FILL_AREA_STYLE('',(#10609));
#10608=COLOUR_RGB('',0.882353008,0.882353008,0.882353008);
#10609=FILL_AREA_STYLE_COLOUR('',#10608);
#10610=STYLED_ITEM('',(#10611),#10054);
#10611=PRESENTATION_STYLE_ASSIGNMENT((#10612));
#10612=SURFACE_STYLE_USAGE(.BOTH.,#10613);
#10613=SURFACE_SIDE_STYLE('',(#10614));
#10614=SURFACE_STYLE_FILL_AREA(#10615);
#10615=FILL_AREA_STYLE('',(#10617));
#10616=COLOUR_RGB('',0.882353008,0.882353008,0.882353008);
#10617=FILL_AREA_STYLE_COLOUR('',#10616);
#10618=STYLED_ITEM('',(#10619),#10071);
#10619=PRESENTATION_STYLE_ASSIGNMENT((#10620));
#10620=SURFACE_STYLE_USAGE(.BOTH.,#10621);
#10621=SURFACE_SIDE_STYLE('',(#10622));
#10622=SURFACE_STYLE_FILL_AREA(#10623);
#10623=FILL_AREA_STYLE('',(#10625));
#10624=COLOUR_RGB('',0.882353008,0.882353008,0.882353008);
#10625=FILL_AREA_STYLE_COLOUR('',#10624);
#10626=STYLED_ITEM('',(#10627),#10091);
#10627=PRESENTATION_STYLE_ASSIGNMENT((#10628));
#10628=SURFACE_STYLE_USAGE(.BOTH.,#10629);
#10629=SURFACE_SIDE_STYLE('',(#10630));
#10630=SURFACE_STYLE_FILL_AREA(#10631);
#10631=FILL_AREA_STYLE('',(#10633));
#10632=COLOUR_RGB('',0.882353008,0.882353008,0.882353008);
#10633=FILL_AREA_STYLE_COLOUR('',#10632);
#10634=STYLED_ITEM('',(#10635),#10108);
#10635=PRESENTATION_STYLE_ASSIGNMENT((#10636));
#10636=SURFACE_STYLE_USAGE(.BOTH.,#10637);
#10637=SURFACE_SIDE_STYLE('',(#10638));
#10638=SURFACE_STYLE_FILL_AREA(#10639);
#10639=FILL_AREA_STYLE('',(#10641));
#10640=COLOUR_RGB('',0.882353008,0.882353008,0.882353008);
#10641=FILL_AREA_STYLE_COLOUR('',#10640);
#10642=STYLED_ITEM('',(#10643),#10125);
#10643=PRESENTATION_STYLE_ASSIGNMENT((#10644));
#10644=SURFACE_STYLE_USAGE(.BOTH.,#10645);
#10645=SURFACE_SIDE_STYLE('',(#10646));
#10646=SURFACE_STYLE_FILL_AREA(#10647);
#10647=FILL_AREA_STYLE('',(#10649));
#10648=COLOUR_RGB('',0.882353008,0.882353008,0.882353008);
#10649=FILL_AREA_STYLE_COLOUR('',#10648);
#10650=STYLED_ITEM('',(#10651),#10142);
#10651=PRESENTATION_STYLE_ASSIGNMENT((#10652));
#10652=SURFACE_STYLE_USAGE(.BOTH.,#10653);
#10653=SURFACE_SIDE_STYLE('',(#10654));
#10654=SURFACE_STYLE_FILL_AREA(#10655);
#10655=FILL_AREA_STYLE('',(#10657));
#10656=COLOUR_RGB('',0.882353008,0.882353008,0.882353008);
#10657=FILL_AREA_STYLE_COLOUR('',#10656);
#10658=STYLED_ITEM('',(#10659),#10159);
#10659=PRESENTATION_STYLE_ASSIGNMENT((#10660));
#10660=SURFACE_STYLE_USAGE(.BOTH.,#10661);
#10661=SURFACE_SIDE_STYLE('',(#10662));
#10662=SURFACE_STYLE_FILL_AREA(#10663);
#10663=FILL_AREA_STYLE('',(#10665));
#10664=COLOUR_RGB('',0.882353008,0.882353008,0.882353008);
#10665=FILL_AREA_STYLE_COLOUR('',#10664);
#10666=STYLED_ITEM('',(#10667),#10176);
#10667=PRESENTATION_STYLE_ASSIGNMENT((#10668));
#10668=SURFACE_STYLE_USAGE(.BOTH.,#10669);
#10669=SURFACE_SIDE_STYLE('',(#10670));
#10670=SURFACE_STYLE_FILL_AREA(#10671);
#10671=FILL_AREA_STYLE('',(#10673));
#10672=COLOUR_RGB('',0.882353008,0.882353008,0.882353008);
#10673=FILL_AREA_STYLE_COLOUR('',#10672);
#10674=MECHANICAL_DESIGN_GEOMETRIC_PRESENTATION_REPRESENTATION('',(#10202,#10210,#10218,#10226,#10234,#10242,#10250,#10258,#10266,#10274,#10282,#10290,#10298,#10306,#10314,#10322,#10330,#10338,#10346,#10354,#10362,#10370,#10378,#10386,#10394,#10402,#10410,#10418,#10426,#10434,#10442,#10450,#10458,#10466,#10474,#10482,#10490,#10498,#10506,#10514,#10522,#10530,#10538,#10546,#10554,#10562,#10570,#10578,#10586,#10594,#10602,#10610,#10618,#10626,#10634,#10642,#10650,#10658,#10666),#10188);
ENDSEC;
END-ISO-10303-21;
