ISO-10303-21;
HEADER;
/* Generated by software containing ST-Developer
 * from STEP Tools, Inc. (www.steptools.com) 
 */
/* OPTION: using custom schema-name function */

FILE_DESCRIPTION(
/* description */ (''),
/* implementation_level */ '2;1');

FILE_NAME(
/* name */ '525590853wbm000_02_214.stp',
/* time_stamp */ '2024-08-30T17:12:57+06:00',
/* author */ (''),
/* organization */ (''),
/* preprocessor_version */ 'ST-DEVELOPER v16.7',
/* originating_system */ 'SIEMENS PLM Software NX 1919',
/* authorisation */ '');

FILE_SCHEMA (('AUTOMOTIVE_DESIGN { 1 0 10303 214 3 1 1 1 }'));
ENDSEC;

DATA;
#10=SHAPE_REPRESENTATION_RELATIONSHIP('None',
'relationship between 525590853wbm000_02-None and 525590853wbm000_02-N
one',#22,#11);
#11=ADVANCED_BREP_SHAPE_REPRESENTATION('525590853wbm000_02-None',(#32),
#9818);
#12=SHAPE_DEFINITION_REPRESENTATION(#13,#22);
#13=PRODUCT_DEFINITION_SHAPE('','',#14);
#14=PRODUCT_DEFINITION(' ','',#16,#15);
#15=PRODUCT_DEFINITION_CONTEXT('part definition',#21,'design');
#16=PRODUCT_DEFINITION_FORMATION_WITH_SPECIFIED_SOURCE(' ',' ',#18,
 .NOT_KNOWN.);
#17=PRODUCT_RELATED_PRODUCT_CATEGORY('part','',(#18));
#18=PRODUCT('525590853wbm000_02','525590853wbm000_02',' ',(#19));
#19=PRODUCT_CONTEXT(' ',#21,'mechanical');
#20=APPLICATION_PROTOCOL_DEFINITION('international standard',
'automotive_design',2010,#21);
#21=APPLICATION_CONTEXT(
'core data for automotive mechanical design processes');
#22=SHAPE_REPRESENTATION('525590853wbm000_02-None',(#6161),#9818);
#23=PRESENTATION_LAYER_ASSIGNMENT('1','Layer 1',(#32));
#24=STYLED_ITEM('',(#25),#32);
#25=PRESENTATION_STYLE_ASSIGNMENT((#26));
#26=SURFACE_STYLE_USAGE(.BOTH.,#27);
#27=SURFACE_SIDE_STYLE('',(#28));
#28=SURFACE_STYLE_FILL_AREA(#29);
#29=FILL_AREA_STYLE('',(#30));
#30=FILL_AREA_STYLE_COLOUR('',#31);
#31=COLOUR_RGB('Medium Steel',0.596063172350652,0.666666666666667,0.686259250782025);
#32=MANIFOLD_SOLID_BREP('',#33);
#33=CLOSED_SHELL('',(#422,#423,#424,#425,#426,#427,#428,#429,#430,#431,
#432,#433,#434,#435,#436,#437,#438,#439,#440,#441,#442,#443,#444,#445,#446,
#447,#448,#449,#450,#451,#452,#453,#454,#455,#456,#457,#458,#459,#460,#461,
#462,#463,#464,#465,#466,#467,#468,#469,#470,#471,#472,#473,#474,#475,#476,
#477,#478,#479,#480,#481,#482,#483,#484,#485,#486,#487,#488,#489,#490,#491,
#492,#493,#494,#495,#496,#497,#498,#499,#500,#501,#502,#503,#504,#505,#506,
#507,#508,#509,#510,#511,#512,#513,#514,#515,#516,#517,#518,#519,#520,#521,
#522,#523,#524,#525,#526,#527,#528,#529,#530,#531,#532,#533,#534,#535,#536,
#537,#538,#539,#540,#541,#542,#543,#544,#545,#546,#547,#548,#549,#550,#551,
#552,#553,#554,#555,#556,#557,#558,#559,#560,#561,#562,#563,#564,#565,#566,
#567,#568,#569,#570,#571,#572,#573,#574,#575,#576,#577,#578,#579,#580,#581,
#582,#583,#584,#585,#586,#587,#588,#589,#590,#591,#592,#593,#594,#595,#596,
#597,#598,#599,#600,#601,#602,#603,#604,#605,#606,#607,#608,#609,#610,#611,
#612,#613,#614,#615,#616,#617,#618,#619,#620,#621,#622,#623,#624,#625,#626,
#627,#628,#629,#630,#631,#632,#633,#634,#635,#636,#637,#638,#639,#640,#641,
#642,#643,#644,#645,#646,#647,#648,#649,#650,#651,#652,#653,#654,#655,#656,
#657,#658,#659,#660,#661,#662,#663,#664,#665,#666,#667,#668,#669,#670,#671,
#672,#673,#674,#675,#676,#677,#678,#679,#680,#681,#682,#683,#684,#685,#686,
#687,#688,#689,#690,#691,#692,#693,#694,#695,#696,#697,#698,#699,#700,#701));
#34=CYLINDRICAL_SURFACE('',#6257,0.15);
#35=CYLINDRICAL_SURFACE('',#6258,0.15);
#36=CYLINDRICAL_SURFACE('',#6262,0.15);
#37=CYLINDRICAL_SURFACE('',#6276,0.15);
#38=CYLINDRICAL_SURFACE('',#6291,0.2);
#39=CYLINDRICAL_SURFACE('',#6292,0.2);
#40=CYLINDRICAL_SURFACE('',#6293,0.2);
#41=CYLINDRICAL_SURFACE('',#6294,0.2);
#42=CYLINDRICAL_SURFACE('',#6302,0.3);
#43=CYLINDRICAL_SURFACE('',#6325,0.0999999999999995);
#44=CYLINDRICAL_SURFACE('',#6327,0.0999999999999998);
#45=CYLINDRICAL_SURFACE('',#6331,0.25);
#46=CYLINDRICAL_SURFACE('',#6339,0.25);
#47=CYLINDRICAL_SURFACE('',#6354,0.0999999999999995);
#48=CYLINDRICAL_SURFACE('',#6356,0.0999999999999998);
#49=CYLINDRICAL_SURFACE('',#6367,0.0999999999999995);
#50=CYLINDRICAL_SURFACE('',#6369,0.0999999999999998);
#51=CYLINDRICAL_SURFACE('',#6380,0.0999999999999995);
#52=CYLINDRICAL_SURFACE('',#6382,0.0999999999999998);
#53=CYLINDRICAL_SURFACE('',#6393,0.0999999999999995);
#54=CYLINDRICAL_SURFACE('',#6395,0.0999999999999998);
#55=CYLINDRICAL_SURFACE('',#6406,0.0999999999999995);
#56=CYLINDRICAL_SURFACE('',#6408,0.0999999999999998);
#57=CYLINDRICAL_SURFACE('',#6419,0.0999999999999995);
#58=CYLINDRICAL_SURFACE('',#6421,0.0999999999999998);
#59=CYLINDRICAL_SURFACE('',#6432,0.0999999999999995);
#60=CYLINDRICAL_SURFACE('',#6434,0.0999999999999998);
#61=CYLINDRICAL_SURFACE('',#6438,0.25);
#62=CYLINDRICAL_SURFACE('',#6446,0.25);
#63=CYLINDRICAL_SURFACE('',#6454,0.25);
#64=CYLINDRICAL_SURFACE('',#6462,0.25);
#65=CYLINDRICAL_SURFACE('',#6470,0.25);
#66=CYLINDRICAL_SURFACE('',#6478,0.25);
#67=CYLINDRICAL_SURFACE('',#6486,0.25);
#68=CYLINDRICAL_SURFACE('',#6494,0.25);
#69=CYLINDRICAL_SURFACE('',#6502,0.25);
#70=CYLINDRICAL_SURFACE('',#6510,0.25);
#71=CIRCLE('',#6180,0.15);
#72=CIRCLE('',#6181,0.15);
#73=CIRCLE('',#6241,0.2);
#74=CIRCLE('',#6242,0.2);
#75=CIRCLE('',#6246,0.15);
#76=CIRCLE('',#6247,0.15);
#77=CIRCLE('',#6249,0.15);
#78=CIRCLE('',#6256,0.15);
#79=CIRCLE('',#6261,0.15);
#80=CIRCLE('',#6263,0.2);
#81=CIRCLE('',#6264,0.2);
#82=CIRCLE('',#6266,0.2);
#83=CIRCLE('',#6267,0.2);
#84=CIRCLE('',#6275,0.15);
#85=CIRCLE('',#6280,0.2);
#86=CIRCLE('',#6281,0.2);
#87=CIRCLE('',#6300,0.3);
#88=CIRCLE('',#6301,0.3);
#89=CIRCLE('',#6319,0.0999999999999995);
#90=CIRCLE('',#6320,0.0999999999999998);
#91=CIRCLE('',#6322,0.0999999999999995);
#92=CIRCLE('',#6323,0.0999999999999998);
#93=CIRCLE('',#6329,0.25);
#94=CIRCLE('',#6330,0.25);
#95=CIRCLE('',#6337,0.25);
#96=CIRCLE('',#6338,0.25);
#97=CIRCLE('',#6348,0.0999999999999995);
#98=CIRCLE('',#6349,0.0999999999999998);
#99=CIRCLE('',#6351,0.0999999999999995);
#100=CIRCLE('',#6352,0.0999999999999998);
#101=CIRCLE('',#6361,0.0999999999999995);
#102=CIRCLE('',#6362,0.0999999999999998);
#103=CIRCLE('',#6364,0.0999999999999995);
#104=CIRCLE('',#6365,0.0999999999999998);
#105=CIRCLE('',#6374,0.0999999999999995);
#106=CIRCLE('',#6375,0.0999999999999998);
#107=CIRCLE('',#6377,0.0999999999999995);
#108=CIRCLE('',#6378,0.0999999999999998);
#109=CIRCLE('',#6387,0.0999999999999995);
#110=CIRCLE('',#6388,0.0999999999999998);
#111=CIRCLE('',#6390,0.0999999999999995);
#112=CIRCLE('',#6391,0.0999999999999998);
#113=CIRCLE('',#6400,0.0999999999999995);
#114=CIRCLE('',#6401,0.0999999999999998);
#115=CIRCLE('',#6403,0.0999999999999995);
#116=CIRCLE('',#6404,0.0999999999999998);
#117=CIRCLE('',#6413,0.0999999999999995);
#118=CIRCLE('',#6414,0.0999999999999998);
#119=CIRCLE('',#6416,0.0999999999999995);
#120=CIRCLE('',#6417,0.0999999999999998);
#121=CIRCLE('',#6426,0.0999999999999995);
#122=CIRCLE('',#6427,0.0999999999999998);
#123=CIRCLE('',#6429,0.0999999999999995);
#124=CIRCLE('',#6430,0.0999999999999998);
#125=CIRCLE('',#6436,0.25);
#126=CIRCLE('',#6437,0.25);
#127=CIRCLE('',#6444,0.25);
#128=CIRCLE('',#6445,0.25);
#129=CIRCLE('',#6452,0.25);
#130=CIRCLE('',#6453,0.25);
#131=CIRCLE('',#6460,0.25);
#132=CIRCLE('',#6461,0.25);
#133=CIRCLE('',#6468,0.25);
#134=CIRCLE('',#6469,0.25);
#135=CIRCLE('',#6476,0.25);
#136=CIRCLE('',#6477,0.25);
#137=CIRCLE('',#6484,0.25);
#138=CIRCLE('',#6485,0.25);
#139=CIRCLE('',#6492,0.25);
#140=CIRCLE('',#6493,0.25);
#141=CIRCLE('',#6500,0.25);
#142=CIRCLE('',#6501,0.25);
#143=CIRCLE('',#6508,0.25);
#144=CIRCLE('',#6509,0.25);
#145=FACE_OUTER_BOUND('',#953,.T.);
#146=FACE_OUTER_BOUND('',#954,.T.);
#147=FACE_OUTER_BOUND('',#955,.T.);
#148=FACE_OUTER_BOUND('',#956,.T.);
#149=FACE_OUTER_BOUND('',#957,.T.);
#150=FACE_OUTER_BOUND('',#958,.T.);
#151=FACE_OUTER_BOUND('',#959,.T.);
#152=FACE_OUTER_BOUND('',#960,.T.);
#153=FACE_OUTER_BOUND('',#961,.T.);
#154=FACE_OUTER_BOUND('',#962,.T.);
#155=FACE_OUTER_BOUND('',#963,.T.);
#156=FACE_OUTER_BOUND('',#966,.T.);
#157=FACE_OUTER_BOUND('',#967,.T.);
#158=FACE_OUTER_BOUND('',#968,.T.);
#159=FACE_OUTER_BOUND('',#969,.T.);
#160=FACE_OUTER_BOUND('',#970,.T.);
#161=FACE_OUTER_BOUND('',#971,.T.);
#162=FACE_OUTER_BOUND('',#972,.T.);
#163=FACE_OUTER_BOUND('',#973,.T.);
#164=FACE_OUTER_BOUND('',#974,.T.);
#165=FACE_OUTER_BOUND('',#975,.T.);
#166=FACE_OUTER_BOUND('',#976,.T.);
#167=FACE_OUTER_BOUND('',#977,.T.);
#168=FACE_OUTER_BOUND('',#978,.T.);
#169=FACE_OUTER_BOUND('',#979,.T.);
#170=FACE_OUTER_BOUND('',#980,.T.);
#171=FACE_OUTER_BOUND('',#981,.T.);
#172=FACE_OUTER_BOUND('',#982,.T.);
#173=FACE_OUTER_BOUND('',#983,.T.);
#174=FACE_OUTER_BOUND('',#984,.T.);
#175=FACE_OUTER_BOUND('',#987,.T.);
#176=FACE_OUTER_BOUND('',#988,.T.);
#177=FACE_OUTER_BOUND('',#989,.T.);
#178=FACE_OUTER_BOUND('',#990,.T.);
#179=FACE_OUTER_BOUND('',#991,.T.);
#180=FACE_OUTER_BOUND('',#992,.T.);
#181=FACE_OUTER_BOUND('',#993,.T.);
#182=FACE_OUTER_BOUND('',#994,.T.);
#183=FACE_OUTER_BOUND('',#995,.T.);
#184=FACE_OUTER_BOUND('',#996,.T.);
#185=FACE_OUTER_BOUND('',#997,.T.);
#186=FACE_OUTER_BOUND('',#998,.T.);
#187=FACE_OUTER_BOUND('',#999,.T.);
#188=FACE_OUTER_BOUND('',#1000,.T.);
#189=FACE_OUTER_BOUND('',#1001,.T.);
#190=FACE_OUTER_BOUND('',#1002,.T.);
#191=FACE_OUTER_BOUND('',#1003,.T.);
#192=FACE_OUTER_BOUND('',#1004,.T.);
#193=FACE_OUTER_BOUND('',#1005,.T.);
#194=FACE_OUTER_BOUND('',#1006,.T.);
#195=FACE_OUTER_BOUND('',#1007,.T.);
#196=FACE_OUTER_BOUND('',#1008,.T.);
#197=FACE_OUTER_BOUND('',#1009,.T.);
#198=FACE_OUTER_BOUND('',#1010,.T.);
#199=FACE_OUTER_BOUND('',#1011,.T.);
#200=FACE_OUTER_BOUND('',#1012,.T.);
#201=FACE_OUTER_BOUND('',#1013,.T.);
#202=FACE_OUTER_BOUND('',#1014,.T.);
#203=FACE_OUTER_BOUND('',#1015,.T.);
#204=FACE_OUTER_BOUND('',#1016,.T.);
#205=FACE_OUTER_BOUND('',#1017,.T.);
#206=FACE_OUTER_BOUND('',#1018,.T.);
#207=FACE_OUTER_BOUND('',#1019,.T.);
#208=FACE_OUTER_BOUND('',#1020,.T.);
#209=FACE_OUTER_BOUND('',#1021,.T.);
#210=FACE_OUTER_BOUND('',#1022,.T.);
#211=FACE_OUTER_BOUND('',#1023,.T.);
#212=FACE_OUTER_BOUND('',#1024,.T.);
#213=FACE_OUTER_BOUND('',#1025,.T.);
#214=FACE_OUTER_BOUND('',#1026,.T.);
#215=FACE_OUTER_BOUND('',#1027,.T.);
#216=FACE_OUTER_BOUND('',#1028,.T.);
#217=FACE_OUTER_BOUND('',#1029,.T.);
#218=FACE_OUTER_BOUND('',#1030,.T.);
#219=FACE_OUTER_BOUND('',#1031,.T.);
#220=FACE_OUTER_BOUND('',#1032,.T.);
#221=FACE_OUTER_BOUND('',#1033,.T.);
#222=FACE_OUTER_BOUND('',#1034,.T.);
#223=FACE_OUTER_BOUND('',#1035,.T.);
#224=FACE_OUTER_BOUND('',#1036,.T.);
#225=FACE_OUTER_BOUND('',#1037,.T.);
#226=FACE_OUTER_BOUND('',#1038,.T.);
#227=FACE_OUTER_BOUND('',#1039,.T.);
#228=FACE_OUTER_BOUND('',#1040,.T.);
#229=FACE_OUTER_BOUND('',#1041,.T.);
#230=FACE_OUTER_BOUND('',#1042,.T.);
#231=FACE_OUTER_BOUND('',#1043,.T.);
#232=FACE_OUTER_BOUND('',#1044,.T.);
#233=FACE_OUTER_BOUND('',#1045,.T.);
#234=FACE_OUTER_BOUND('',#1046,.T.);
#235=FACE_OUTER_BOUND('',#1047,.T.);
#236=FACE_OUTER_BOUND('',#1048,.T.);
#237=FACE_OUTER_BOUND('',#1049,.T.);
#238=FACE_OUTER_BOUND('',#1050,.T.);
#239=FACE_OUTER_BOUND('',#1051,.T.);
#240=FACE_OUTER_BOUND('',#1052,.T.);
#241=FACE_OUTER_BOUND('',#1053,.T.);
#242=FACE_OUTER_BOUND('',#1054,.T.);
#243=FACE_OUTER_BOUND('',#1055,.T.);
#244=FACE_OUTER_BOUND('',#1056,.T.);
#245=FACE_OUTER_BOUND('',#1057,.T.);
#246=FACE_OUTER_BOUND('',#1058,.T.);
#247=FACE_OUTER_BOUND('',#1059,.T.);
#248=FACE_OUTER_BOUND('',#1060,.T.);
#249=FACE_OUTER_BOUND('',#1061,.T.);
#250=FACE_OUTER_BOUND('',#1062,.T.);
#251=FACE_OUTER_BOUND('',#1063,.T.);
#252=FACE_OUTER_BOUND('',#1064,.T.);
#253=FACE_OUTER_BOUND('',#1065,.T.);
#254=FACE_OUTER_BOUND('',#1066,.T.);
#255=FACE_OUTER_BOUND('',#1067,.T.);
#256=FACE_OUTER_BOUND('',#1068,.T.);
#257=FACE_OUTER_BOUND('',#1069,.T.);
#258=FACE_OUTER_BOUND('',#1070,.T.);
#259=FACE_OUTER_BOUND('',#1071,.T.);
#260=FACE_OUTER_BOUND('',#1072,.T.);
#261=FACE_OUTER_BOUND('',#1073,.T.);
#262=FACE_OUTER_BOUND('',#1074,.T.);
#263=FACE_OUTER_BOUND('',#1075,.T.);
#264=FACE_OUTER_BOUND('',#1076,.T.);
#265=FACE_OUTER_BOUND('',#1077,.T.);
#266=FACE_OUTER_BOUND('',#1078,.T.);
#267=FACE_OUTER_BOUND('',#1079,.T.);
#268=FACE_OUTER_BOUND('',#1080,.T.);
#269=FACE_OUTER_BOUND('',#1081,.T.);
#270=FACE_OUTER_BOUND('',#1082,.T.);
#271=FACE_OUTER_BOUND('',#1083,.T.);
#272=FACE_OUTER_BOUND('',#1084,.T.);
#273=FACE_OUTER_BOUND('',#1085,.T.);
#274=FACE_OUTER_BOUND('',#1086,.T.);
#275=FACE_OUTER_BOUND('',#1087,.T.);
#276=FACE_OUTER_BOUND('',#1088,.T.);
#277=FACE_OUTER_BOUND('',#1089,.T.);
#278=FACE_OUTER_BOUND('',#1090,.T.);
#279=FACE_OUTER_BOUND('',#1091,.T.);
#280=FACE_OUTER_BOUND('',#1092,.T.);
#281=FACE_OUTER_BOUND('',#1093,.T.);
#282=FACE_OUTER_BOUND('',#1094,.T.);
#283=FACE_OUTER_BOUND('',#1095,.T.);
#284=FACE_OUTER_BOUND('',#1096,.T.);
#285=FACE_OUTER_BOUND('',#1097,.T.);
#286=FACE_OUTER_BOUND('',#1098,.T.);
#287=FACE_OUTER_BOUND('',#1099,.T.);
#288=FACE_OUTER_BOUND('',#1100,.T.);
#289=FACE_OUTER_BOUND('',#1101,.T.);
#290=FACE_OUTER_BOUND('',#1102,.T.);
#291=FACE_OUTER_BOUND('',#1103,.T.);
#292=FACE_OUTER_BOUND('',#1104,.T.);
#293=FACE_OUTER_BOUND('',#1105,.T.);
#294=FACE_OUTER_BOUND('',#1106,.T.);
#295=FACE_OUTER_BOUND('',#1107,.T.);
#296=FACE_OUTER_BOUND('',#1108,.T.);
#297=FACE_OUTER_BOUND('',#1109,.T.);
#298=FACE_OUTER_BOUND('',#1110,.T.);
#299=FACE_OUTER_BOUND('',#1111,.T.);
#300=FACE_OUTER_BOUND('',#1112,.T.);
#301=FACE_OUTER_BOUND('',#1113,.T.);
#302=FACE_OUTER_BOUND('',#1114,.T.);
#303=FACE_OUTER_BOUND('',#1115,.T.);
#304=FACE_OUTER_BOUND('',#1116,.T.);
#305=FACE_OUTER_BOUND('',#1117,.T.);
#306=FACE_OUTER_BOUND('',#1118,.T.);
#307=FACE_OUTER_BOUND('',#1119,.T.);
#308=FACE_OUTER_BOUND('',#1120,.T.);
#309=FACE_OUTER_BOUND('',#1121,.T.);
#310=FACE_OUTER_BOUND('',#1122,.T.);
#311=FACE_OUTER_BOUND('',#1123,.T.);
#312=FACE_OUTER_BOUND('',#1124,.T.);
#313=FACE_OUTER_BOUND('',#1125,.T.);
#314=FACE_OUTER_BOUND('',#1126,.T.);
#315=FACE_OUTER_BOUND('',#1127,.T.);
#316=FACE_OUTER_BOUND('',#1128,.T.);
#317=FACE_OUTER_BOUND('',#1129,.T.);
#318=FACE_OUTER_BOUND('',#1130,.T.);
#319=FACE_OUTER_BOUND('',#1131,.T.);
#320=FACE_OUTER_BOUND('',#1132,.T.);
#321=FACE_OUTER_BOUND('',#1133,.T.);
#322=FACE_OUTER_BOUND('',#1134,.T.);
#323=FACE_OUTER_BOUND('',#1135,.T.);
#324=FACE_OUTER_BOUND('',#1136,.T.);
#325=FACE_OUTER_BOUND('',#1137,.T.);
#326=FACE_OUTER_BOUND('',#1138,.T.);
#327=FACE_OUTER_BOUND('',#1139,.T.);
#328=FACE_OUTER_BOUND('',#1140,.T.);
#329=FACE_OUTER_BOUND('',#1141,.T.);
#330=FACE_OUTER_BOUND('',#1142,.T.);
#331=FACE_OUTER_BOUND('',#1143,.T.);
#332=FACE_OUTER_BOUND('',#1144,.T.);
#333=FACE_OUTER_BOUND('',#1145,.T.);
#334=FACE_OUTER_BOUND('',#1146,.T.);
#335=FACE_OUTER_BOUND('',#1147,.T.);
#336=FACE_OUTER_BOUND('',#1148,.T.);
#337=FACE_OUTER_BOUND('',#1149,.T.);
#338=FACE_OUTER_BOUND('',#1150,.T.);
#339=FACE_OUTER_BOUND('',#1151,.T.);
#340=FACE_OUTER_BOUND('',#1152,.T.);
#341=FACE_OUTER_BOUND('',#1153,.T.);
#342=FACE_OUTER_BOUND('',#1154,.T.);
#343=FACE_OUTER_BOUND('',#1155,.T.);
#344=FACE_OUTER_BOUND('',#1156,.T.);
#345=FACE_OUTER_BOUND('',#1157,.T.);
#346=FACE_OUTER_BOUND('',#1158,.T.);
#347=FACE_OUTER_BOUND('',#1159,.T.);
#348=FACE_OUTER_BOUND('',#1160,.T.);
#349=FACE_OUTER_BOUND('',#1161,.T.);
#350=FACE_OUTER_BOUND('',#1162,.T.);
#351=FACE_OUTER_BOUND('',#1163,.T.);
#352=FACE_OUTER_BOUND('',#1164,.T.);
#353=FACE_OUTER_BOUND('',#1165,.T.);
#354=FACE_OUTER_BOUND('',#1166,.T.);
#355=FACE_OUTER_BOUND('',#1167,.T.);
#356=FACE_OUTER_BOUND('',#1168,.T.);
#357=FACE_OUTER_BOUND('',#1169,.T.);
#358=FACE_OUTER_BOUND('',#1170,.T.);
#359=FACE_OUTER_BOUND('',#1171,.T.);
#360=FACE_OUTER_BOUND('',#1172,.T.);
#361=FACE_OUTER_BOUND('',#1173,.T.);
#362=FACE_OUTER_BOUND('',#1174,.T.);
#363=FACE_OUTER_BOUND('',#1175,.T.);
#364=FACE_OUTER_BOUND('',#1176,.T.);
#365=FACE_OUTER_BOUND('',#1177,.T.);
#366=FACE_OUTER_BOUND('',#1178,.T.);
#367=FACE_OUTER_BOUND('',#1179,.T.);
#368=FACE_OUTER_BOUND('',#1180,.T.);
#369=FACE_OUTER_BOUND('',#1181,.T.);
#370=FACE_OUTER_BOUND('',#1182,.T.);
#371=FACE_OUTER_BOUND('',#1183,.T.);
#372=FACE_OUTER_BOUND('',#1184,.T.);
#373=FACE_OUTER_BOUND('',#1185,.T.);
#374=FACE_OUTER_BOUND('',#1186,.T.);
#375=FACE_OUTER_BOUND('',#1187,.T.);
#376=FACE_OUTER_BOUND('',#1188,.T.);
#377=FACE_OUTER_BOUND('',#1189,.T.);
#378=FACE_OUTER_BOUND('',#1190,.T.);
#379=FACE_OUTER_BOUND('',#1191,.T.);
#380=FACE_OUTER_BOUND('',#1192,.T.);
#381=FACE_OUTER_BOUND('',#1193,.T.);
#382=FACE_OUTER_BOUND('',#1194,.T.);
#383=FACE_OUTER_BOUND('',#1195,.T.);
#384=FACE_OUTER_BOUND('',#1196,.T.);
#385=FACE_OUTER_BOUND('',#1197,.T.);
#386=FACE_OUTER_BOUND('',#1198,.T.);
#387=FACE_OUTER_BOUND('',#1199,.T.);
#388=FACE_OUTER_BOUND('',#1200,.T.);
#389=FACE_OUTER_BOUND('',#1201,.T.);
#390=FACE_OUTER_BOUND('',#1202,.T.);
#391=FACE_OUTER_BOUND('',#1203,.T.);
#392=FACE_OUTER_BOUND('',#1204,.T.);
#393=FACE_OUTER_BOUND('',#1205,.T.);
#394=FACE_OUTER_BOUND('',#1206,.T.);
#395=FACE_OUTER_BOUND('',#1207,.T.);
#396=FACE_OUTER_BOUND('',#1208,.T.);
#397=FACE_OUTER_BOUND('',#1209,.T.);
#398=FACE_OUTER_BOUND('',#1210,.T.);
#399=FACE_OUTER_BOUND('',#1211,.T.);
#400=FACE_OUTER_BOUND('',#1212,.T.);
#401=FACE_OUTER_BOUND('',#1213,.T.);
#402=FACE_OUTER_BOUND('',#1214,.T.);
#403=FACE_OUTER_BOUND('',#1215,.T.);
#404=FACE_OUTER_BOUND('',#1216,.T.);
#405=FACE_OUTER_BOUND('',#1217,.T.);
#406=FACE_OUTER_BOUND('',#1218,.T.);
#407=FACE_OUTER_BOUND('',#1219,.T.);
#408=FACE_OUTER_BOUND('',#1220,.T.);
#409=FACE_OUTER_BOUND('',#1221,.T.);
#410=FACE_OUTER_BOUND('',#1222,.T.);
#411=FACE_OUTER_BOUND('',#1223,.T.);
#412=FACE_OUTER_BOUND('',#1224,.T.);
#413=FACE_OUTER_BOUND('',#1225,.T.);
#414=FACE_OUTER_BOUND('',#1226,.T.);
#415=FACE_OUTER_BOUND('',#1227,.T.);
#416=FACE_OUTER_BOUND('',#1228,.T.);
#417=FACE_OUTER_BOUND('',#1229,.T.);
#418=FACE_OUTER_BOUND('',#1230,.T.);
#419=FACE_OUTER_BOUND('',#1231,.T.);
#420=FACE_OUTER_BOUND('',#1232,.T.);
#421=FACE_OUTER_BOUND('',#1233,.T.);
#422=ADVANCED_FACE('',(#945,#946),#702,.F.);
#423=ADVANCED_FACE('',(#145),#703,.F.);
#424=ADVANCED_FACE('',(#146),#704,.T.);
#425=ADVANCED_FACE('',(#147),#705,.T.);
#426=ADVANCED_FACE('',(#148),#706,.T.);
#427=ADVANCED_FACE('',(#149),#707,.F.);
#428=ADVANCED_FACE('',(#150),#708,.F.);
#429=ADVANCED_FACE('',(#151),#709,.F.);
#430=ADVANCED_FACE('',(#152),#710,.F.);
#431=ADVANCED_FACE('',(#153),#711,.T.);
#432=ADVANCED_FACE('',(#154),#712,.T.);
#433=ADVANCED_FACE('',(#155),#713,.T.);
#434=ADVANCED_FACE('',(#947,#948),#714,.F.);
#435=ADVANCED_FACE('',(#156),#715,.F.);
#436=ADVANCED_FACE('',(#157),#716,.T.);
#437=ADVANCED_FACE('',(#158),#717,.T.);
#438=ADVANCED_FACE('',(#159),#718,.T.);
#439=ADVANCED_FACE('',(#160),#719,.T.);
#440=ADVANCED_FACE('',(#161),#720,.T.);
#441=ADVANCED_FACE('',(#162),#721,.T.);
#442=ADVANCED_FACE('',(#163),#722,.T.);
#443=ADVANCED_FACE('',(#164),#723,.T.);
#444=ADVANCED_FACE('',(#165),#724,.T.);
#445=ADVANCED_FACE('',(#166),#725,.T.);
#446=ADVANCED_FACE('',(#167),#726,.F.);
#447=ADVANCED_FACE('',(#168),#727,.T.);
#448=ADVANCED_FACE('',(#169),#728,.F.);
#449=ADVANCED_FACE('',(#170),#729,.F.);
#450=ADVANCED_FACE('',(#171),#730,.F.);
#451=ADVANCED_FACE('',(#172),#731,.F.);
#452=ADVANCED_FACE('',(#173),#732,.F.);
#453=ADVANCED_FACE('',(#174),#733,.F.);
#454=ADVANCED_FACE('',(#949,#950),#734,.T.);
#455=ADVANCED_FACE('',(#175),#735,.T.);
#456=ADVANCED_FACE('',(#176),#736,.T.);
#457=ADVANCED_FACE('',(#177),#737,.T.);
#458=ADVANCED_FACE('',(#178),#738,.F.);
#459=ADVANCED_FACE('',(#179),#739,.T.);
#460=ADVANCED_FACE('',(#180),#740,.T.);
#461=ADVANCED_FACE('',(#181),#741,.T.);
#462=ADVANCED_FACE('',(#182),#742,.F.);
#463=ADVANCED_FACE('',(#183),#743,.F.);
#464=ADVANCED_FACE('',(#184),#744,.T.);
#465=ADVANCED_FACE('',(#185),#745,.F.);
#466=ADVANCED_FACE('',(#186),#746,.F.);
#467=ADVANCED_FACE('',(#187),#747,.F.);
#468=ADVANCED_FACE('',(#188),#748,.T.);
#469=ADVANCED_FACE('',(#189),#749,.T.);
#470=ADVANCED_FACE('',(#190),#750,.T.);
#471=ADVANCED_FACE('',(#191),#751,.T.);
#472=ADVANCED_FACE('',(#192),#752,.T.);
#473=ADVANCED_FACE('',(#193),#753,.F.);
#474=ADVANCED_FACE('',(#194),#754,.F.);
#475=ADVANCED_FACE('',(#195),#755,.F.);
#476=ADVANCED_FACE('',(#196),#756,.T.);
#477=ADVANCED_FACE('',(#197),#757,.F.);
#478=ADVANCED_FACE('',(#198),#758,.F.);
#479=ADVANCED_FACE('',(#199),#759,.F.);
#480=ADVANCED_FACE('',(#200),#760,.F.);
#481=ADVANCED_FACE('',(#201),#761,.T.);
#482=ADVANCED_FACE('',(#202),#762,.T.);
#483=ADVANCED_FACE('',(#203),#763,.F.);
#484=ADVANCED_FACE('',(#204),#764,.F.);
#485=ADVANCED_FACE('',(#205),#765,.T.);
#486=ADVANCED_FACE('',(#206),#766,.T.);
#487=ADVANCED_FACE('',(#207),#767,.F.);
#488=ADVANCED_FACE('',(#208),#768,.F.);
#489=ADVANCED_FACE('',(#209),#769,.F.);
#490=ADVANCED_FACE('',(#210),#770,.F.);
#491=ADVANCED_FACE('',(#211),#771,.F.);
#492=ADVANCED_FACE('',(#212),#772,.F.);
#493=ADVANCED_FACE('',(#213),#773,.F.);
#494=ADVANCED_FACE('',(#214),#774,.F.);
#495=ADVANCED_FACE('',(#215),#775,.T.);
#496=ADVANCED_FACE('',(#216),#776,.T.);
#497=ADVANCED_FACE('',(#217),#777,.F.);
#498=ADVANCED_FACE('',(#218),#778,.T.);
#499=ADVANCED_FACE('',(#219),#779,.F.);
#500=ADVANCED_FACE('',(#220),#780,.T.);
#501=ADVANCED_FACE('',(#221),#781,.F.);
#502=ADVANCED_FACE('',(#222),#782,.T.);
#503=ADVANCED_FACE('',(#223),#783,.T.);
#504=ADVANCED_FACE('',(#224),#784,.F.);
#505=ADVANCED_FACE('',(#225),#785,.T.);
#506=ADVANCED_FACE('',(#226),#786,.F.);
#507=ADVANCED_FACE('',(#227),#787,.F.);
#508=ADVANCED_FACE('',(#228),#788,.F.);
#509=ADVANCED_FACE('',(#229),#34,.F.);
#510=ADVANCED_FACE('',(#230),#35,.F.);
#511=ADVANCED_FACE('',(#231),#789,.F.);
#512=ADVANCED_FACE('',(#232),#790,.F.);
#513=ADVANCED_FACE('',(#233),#36,.F.);
#514=ADVANCED_FACE('',(#234),#791,.T.);
#515=ADVANCED_FACE('',(#235),#792,.T.);
#516=ADVANCED_FACE('',(#236),#793,.F.);
#517=ADVANCED_FACE('',(#237),#794,.F.);
#518=ADVANCED_FACE('',(#238),#795,.F.);
#519=ADVANCED_FACE('',(#239),#796,.F.);
#520=ADVANCED_FACE('',(#240),#797,.F.);
#521=ADVANCED_FACE('',(#241),#798,.F.);
#522=ADVANCED_FACE('',(#242),#37,.F.);
#523=ADVANCED_FACE('',(#243),#799,.T.);
#524=ADVANCED_FACE('',(#244),#800,.T.);
#525=ADVANCED_FACE('',(#245),#801,.T.);
#526=ADVANCED_FACE('',(#246),#802,.F.);
#527=ADVANCED_FACE('',(#247),#803,.F.);
#528=ADVANCED_FACE('',(#248),#804,.F.);
#529=ADVANCED_FACE('',(#249),#805,.F.);
#530=ADVANCED_FACE('',(#250),#806,.T.);
#531=ADVANCED_FACE('',(#251),#807,.F.);
#532=ADVANCED_FACE('',(#252),#808,.F.);
#533=ADVANCED_FACE('',(#253),#809,.F.);
#534=ADVANCED_FACE('',(#254),#810,.F.);
#535=ADVANCED_FACE('',(#255),#38,.F.);
#536=ADVANCED_FACE('',(#256),#39,.F.);
#537=ADVANCED_FACE('',(#257),#40,.F.);
#538=ADVANCED_FACE('',(#258),#41,.F.);
#539=ADVANCED_FACE('',(#259),#811,.F.);
#540=ADVANCED_FACE('',(#260),#812,.T.);
#541=ADVANCED_FACE('',(#261),#813,.F.);
#542=ADVANCED_FACE('',(#262),#814,.T.);
#543=ADVANCED_FACE('',(#263),#815,.F.);
#544=ADVANCED_FACE('',(#264),#42,.T.);
#545=ADVANCED_FACE('',(#265),#816,.T.);
#546=ADVANCED_FACE('',(#266),#817,.F.);
#547=ADVANCED_FACE('',(#267),#818,.F.);
#548=ADVANCED_FACE('',(#268),#819,.F.);
#549=ADVANCED_FACE('',(#269),#820,.F.);
#550=ADVANCED_FACE('',(#270),#821,.F.);
#551=ADVANCED_FACE('',(#271),#822,.T.);
#552=ADVANCED_FACE('',(#272),#823,.T.);
#553=ADVANCED_FACE('',(#273),#824,.T.);
#554=ADVANCED_FACE('',(#274),#825,.F.);
#555=ADVANCED_FACE('',(#275),#826,.T.);
#556=ADVANCED_FACE('',(#276),#827,.T.);
#557=ADVANCED_FACE('',(#277),#828,.F.);
#558=ADVANCED_FACE('',(#278),#829,.T.);
#559=ADVANCED_FACE('',(#279),#830,.F.);
#560=ADVANCED_FACE('',(#280),#831,.F.);
#561=ADVANCED_FACE('',(#281),#832,.T.);
#562=ADVANCED_FACE('',(#282),#833,.F.);
#563=ADVANCED_FACE('',(#283),#43,.T.);
#564=ADVANCED_FACE('',(#284),#834,.F.);
#565=ADVANCED_FACE('',(#285),#44,.T.);
#566=ADVANCED_FACE('',(#286),#835,.F.);
#567=ADVANCED_FACE('',(#287),#45,.T.);
#568=ADVANCED_FACE('',(#288),#836,.F.);
#569=ADVANCED_FACE('',(#289),#837,.F.);
#570=ADVANCED_FACE('',(#290),#838,.F.);
#571=ADVANCED_FACE('',(#291),#839,.T.);
#572=ADVANCED_FACE('',(#292),#840,.F.);
#573=ADVANCED_FACE('',(#293),#46,.T.);
#574=ADVANCED_FACE('',(#294),#841,.T.);
#575=ADVANCED_FACE('',(#295),#842,.T.);
#576=ADVANCED_FACE('',(#296),#843,.T.);
#577=ADVANCED_FACE('',(#297),#844,.F.);
#578=ADVANCED_FACE('',(#298),#845,.T.);
#579=ADVANCED_FACE('',(#299),#846,.T.);
#580=ADVANCED_FACE('',(#300),#847,.F.);
#581=ADVANCED_FACE('',(#301),#848,.F.);
#582=ADVANCED_FACE('',(#302),#849,.T.);
#583=ADVANCED_FACE('',(#303),#850,.F.);
#584=ADVANCED_FACE('',(#304),#47,.T.);
#585=ADVANCED_FACE('',(#305),#851,.F.);
#586=ADVANCED_FACE('',(#306),#48,.T.);
#587=ADVANCED_FACE('',(#307),#852,.F.);
#588=ADVANCED_FACE('',(#308),#853,.T.);
#589=ADVANCED_FACE('',(#309),#854,.F.);
#590=ADVANCED_FACE('',(#310),#855,.F.);
#591=ADVANCED_FACE('',(#311),#856,.T.);
#592=ADVANCED_FACE('',(#312),#857,.F.);
#593=ADVANCED_FACE('',(#313),#49,.T.);
#594=ADVANCED_FACE('',(#314),#858,.F.);
#595=ADVANCED_FACE('',(#315),#50,.T.);
#596=ADVANCED_FACE('',(#316),#859,.F.);
#597=ADVANCED_FACE('',(#317),#860,.T.);
#598=ADVANCED_FACE('',(#318),#861,.F.);
#599=ADVANCED_FACE('',(#319),#862,.F.);
#600=ADVANCED_FACE('',(#320),#863,.T.);
#601=ADVANCED_FACE('',(#321),#864,.F.);
#602=ADVANCED_FACE('',(#322),#51,.T.);
#603=ADVANCED_FACE('',(#323),#865,.F.);
#604=ADVANCED_FACE('',(#324),#52,.T.);
#605=ADVANCED_FACE('',(#325),#866,.F.);
#606=ADVANCED_FACE('',(#326),#867,.T.);
#607=ADVANCED_FACE('',(#327),#868,.F.);
#608=ADVANCED_FACE('',(#328),#869,.F.);
#609=ADVANCED_FACE('',(#329),#870,.T.);
#610=ADVANCED_FACE('',(#330),#871,.F.);
#611=ADVANCED_FACE('',(#331),#53,.T.);
#612=ADVANCED_FACE('',(#332),#872,.F.);
#613=ADVANCED_FACE('',(#333),#54,.T.);
#614=ADVANCED_FACE('',(#334),#873,.F.);
#615=ADVANCED_FACE('',(#335),#874,.T.);
#616=ADVANCED_FACE('',(#336),#875,.F.);
#617=ADVANCED_FACE('',(#337),#876,.F.);
#618=ADVANCED_FACE('',(#338),#877,.T.);
#619=ADVANCED_FACE('',(#339),#878,.F.);
#620=ADVANCED_FACE('',(#340),#55,.T.);
#621=ADVANCED_FACE('',(#341),#879,.F.);
#622=ADVANCED_FACE('',(#342),#56,.T.);
#623=ADVANCED_FACE('',(#343),#880,.F.);
#624=ADVANCED_FACE('',(#344),#881,.T.);
#625=ADVANCED_FACE('',(#345),#882,.F.);
#626=ADVANCED_FACE('',(#346),#883,.F.);
#627=ADVANCED_FACE('',(#347),#884,.T.);
#628=ADVANCED_FACE('',(#348),#885,.F.);
#629=ADVANCED_FACE('',(#349),#57,.T.);
#630=ADVANCED_FACE('',(#350),#886,.F.);
#631=ADVANCED_FACE('',(#351),#58,.T.);
#632=ADVANCED_FACE('',(#352),#887,.F.);
#633=ADVANCED_FACE('',(#353),#888,.T.);
#634=ADVANCED_FACE('',(#354),#889,.F.);
#635=ADVANCED_FACE('',(#355),#890,.F.);
#636=ADVANCED_FACE('',(#356),#891,.T.);
#637=ADVANCED_FACE('',(#357),#892,.F.);
#638=ADVANCED_FACE('',(#358),#59,.T.);
#639=ADVANCED_FACE('',(#359),#893,.F.);
#640=ADVANCED_FACE('',(#360),#60,.T.);
#641=ADVANCED_FACE('',(#361),#894,.F.);
#642=ADVANCED_FACE('',(#362),#61,.T.);
#643=ADVANCED_FACE('',(#363),#895,.T.);
#644=ADVANCED_FACE('',(#364),#896,.F.);
#645=ADVANCED_FACE('',(#365),#897,.F.);
#646=ADVANCED_FACE('',(#366),#898,.F.);
#647=ADVANCED_FACE('',(#367),#899,.F.);
#648=ADVANCED_FACE('',(#368),#62,.T.);
#649=ADVANCED_FACE('',(#369),#900,.T.);
#650=ADVANCED_FACE('',(#370),#901,.F.);
#651=ADVANCED_FACE('',(#371),#902,.F.);
#652=ADVANCED_FACE('',(#372),#903,.F.);
#653=ADVANCED_FACE('',(#373),#904,.F.);
#654=ADVANCED_FACE('',(#374),#63,.T.);
#655=ADVANCED_FACE('',(#375),#905,.T.);
#656=ADVANCED_FACE('',(#376),#906,.F.);
#657=ADVANCED_FACE('',(#377),#907,.F.);
#658=ADVANCED_FACE('',(#378),#908,.F.);
#659=ADVANCED_FACE('',(#379),#909,.F.);
#660=ADVANCED_FACE('',(#380),#64,.T.);
#661=ADVANCED_FACE('',(#381),#910,.T.);
#662=ADVANCED_FACE('',(#382),#911,.T.);
#663=ADVANCED_FACE('',(#383),#912,.T.);
#664=ADVANCED_FACE('',(#384),#913,.F.);
#665=ADVANCED_FACE('',(#385),#914,.T.);
#666=ADVANCED_FACE('',(#386),#65,.T.);
#667=ADVANCED_FACE('',(#387),#915,.T.);
#668=ADVANCED_FACE('',(#388),#916,.T.);
#669=ADVANCED_FACE('',(#389),#917,.T.);
#670=ADVANCED_FACE('',(#390),#918,.F.);
#671=ADVANCED_FACE('',(#391),#919,.T.);
#672=ADVANCED_FACE('',(#392),#66,.T.);
#673=ADVANCED_FACE('',(#393),#920,.T.);
#674=ADVANCED_FACE('',(#394),#921,.T.);
#675=ADVANCED_FACE('',(#395),#922,.T.);
#676=ADVANCED_FACE('',(#396),#923,.F.);
#677=ADVANCED_FACE('',(#397),#924,.T.);
#678=ADVANCED_FACE('',(#398),#67,.T.);
#679=ADVANCED_FACE('',(#399),#925,.F.);
#680=ADVANCED_FACE('',(#400),#926,.T.);
#681=ADVANCED_FACE('',(#401),#927,.T.);
#682=ADVANCED_FACE('',(#402),#928,.T.);
#683=ADVANCED_FACE('',(#403),#929,.T.);
#684=ADVANCED_FACE('',(#404),#68,.T.);
#685=ADVANCED_FACE('',(#405),#930,.F.);
#686=ADVANCED_FACE('',(#406),#931,.T.);
#687=ADVANCED_FACE('',(#407),#932,.T.);
#688=ADVANCED_FACE('',(#408),#933,.T.);
#689=ADVANCED_FACE('',(#409),#934,.T.);
#690=ADVANCED_FACE('',(#410),#69,.T.);
#691=ADVANCED_FACE('',(#411),#935,.T.);
#692=ADVANCED_FACE('',(#412),#936,.F.);
#693=ADVANCED_FACE('',(#413),#937,.F.);
#694=ADVANCED_FACE('',(#414),#938,.F.);
#695=ADVANCED_FACE('',(#415),#939,.F.);
#696=ADVANCED_FACE('',(#416),#70,.T.);
#697=ADVANCED_FACE('',(#417),#940,.T.);
#698=ADVANCED_FACE('',(#418),#941,.F.);
#699=ADVANCED_FACE('',(#419),#942,.F.);
#700=ADVANCED_FACE('',(#420),#943,.F.);
#701=ADVANCED_FACE('',(#421),#944,.F.);
#702=PLANE('',#6162);
#703=PLANE('',#6163);
#704=PLANE('',#6164);
#705=PLANE('',#6165);
#706=PLANE('',#6166);
#707=PLANE('',#6167);
#708=PLANE('',#6168);
#709=PLANE('',#6169);
#710=PLANE('',#6170);
#711=PLANE('',#6171);
#712=PLANE('',#6172);
#713=PLANE('',#6173);
#714=PLANE('',#6174);
#715=PLANE('',#6175);
#716=PLANE('',#6176);
#717=PLANE('',#6177);
#718=PLANE('',#6178);
#719=PLANE('',#6179);
#720=PLANE('',#6182);
#721=PLANE('',#6183);
#722=PLANE('',#6184);
#723=PLANE('',#6185);
#724=PLANE('',#6186);
#725=PLANE('',#6187);
#726=PLANE('',#6188);
#727=PLANE('',#6189);
#728=PLANE('',#6190);
#729=PLANE('',#6191);
#730=PLANE('',#6192);
#731=PLANE('',#6193);
#732=PLANE('',#6194);
#733=PLANE('',#6195);
#734=PLANE('',#6196);
#735=PLANE('',#6197);
#736=PLANE('',#6198);
#737=PLANE('',#6199);
#738=PLANE('',#6200);
#739=PLANE('',#6201);
#740=PLANE('',#6202);
#741=PLANE('',#6203);
#742=PLANE('',#6204);
#743=PLANE('',#6205);
#744=PLANE('',#6206);
#745=PLANE('',#6207);
#746=PLANE('',#6208);
#747=PLANE('',#6209);
#748=PLANE('',#6210);
#749=PLANE('',#6211);
#750=PLANE('',#6212);
#751=PLANE('',#6213);
#752=PLANE('',#6214);
#753=PLANE('',#6215);
#754=PLANE('',#6216);
#755=PLANE('',#6217);
#756=PLANE('',#6218);
#757=PLANE('',#6219);
#758=PLANE('',#6220);
#759=PLANE('',#6221);
#760=PLANE('',#6222);
#761=PLANE('',#6223);
#762=PLANE('',#6224);
#763=PLANE('',#6225);
#764=PLANE('',#6226);
#765=PLANE('',#6227);
#766=PLANE('',#6228);
#767=PLANE('',#6229);
#768=PLANE('',#6230);
#769=PLANE('',#6231);
#770=PLANE('',#6232);
#771=PLANE('',#6233);
#772=PLANE('',#6234);
#773=PLANE('',#6235);
#774=PLANE('',#6236);
#775=PLANE('',#6237);
#776=PLANE('',#6238);
#777=PLANE('',#6239);
#778=PLANE('',#6240);
#779=PLANE('',#6243);
#780=PLANE('',#6244);
#781=PLANE('',#6245);
#782=PLANE('',#6248);
#783=PLANE('',#6250);
#784=PLANE('',#6251);
#785=PLANE('',#6252);
#786=PLANE('',#6253);
#787=PLANE('',#6254);
#788=PLANE('',#6255);
#789=PLANE('',#6259);
#790=PLANE('',#6260);
#791=PLANE('',#6265);
#792=PLANE('',#6268);
#793=PLANE('',#6269);
#794=PLANE('',#6270);
#795=PLANE('',#6271);
#796=PLANE('',#6272);
#797=PLANE('',#6273);
#798=PLANE('',#6274);
#799=PLANE('',#6277);
#800=PLANE('',#6278);
#801=PLANE('',#6279);
#802=PLANE('',#6282);
#803=PLANE('',#6283);
#804=PLANE('',#6284);
#805=PLANE('',#6285);
#806=PLANE('',#6286);
#807=PLANE('',#6287);
#808=PLANE('',#6288);
#809=PLANE('',#6289);
#810=PLANE('',#6290);
#811=PLANE('',#6295);
#812=PLANE('',#6296);
#813=PLANE('',#6297);
#814=PLANE('',#6298);
#815=PLANE('',#6299);
#816=PLANE('',#6303);
#817=PLANE('',#6304);
#818=PLANE('',#6305);
#819=PLANE('',#6306);
#820=PLANE('',#6307);
#821=PLANE('',#6308);
#822=PLANE('',#6309);
#823=PLANE('',#6310);
#824=PLANE('',#6311);
#825=PLANE('',#6312);
#826=PLANE('',#6313);
#827=PLANE('',#6314);
#828=PLANE('',#6315);
#829=PLANE('',#6316);
#830=PLANE('',#6317);
#831=PLANE('',#6318);
#832=PLANE('',#6321);
#833=PLANE('',#6324);
#834=PLANE('',#6326);
#835=PLANE('',#6328);
#836=PLANE('',#6332);
#837=PLANE('',#6333);
#838=PLANE('',#6334);
#839=PLANE('',#6335);
#840=PLANE('',#6336);
#841=PLANE('',#6340);
#842=PLANE('',#6341);
#843=PLANE('',#6342);
#844=PLANE('',#6343);
#845=PLANE('',#6344);
#846=PLANE('',#6345);
#847=PLANE('',#6346);
#848=PLANE('',#6347);
#849=PLANE('',#6350);
#850=PLANE('',#6353);
#851=PLANE('',#6355);
#852=PLANE('',#6357);
#853=PLANE('',#6358);
#854=PLANE('',#6359);
#855=PLANE('',#6360);
#856=PLANE('',#6363);
#857=PLANE('',#6366);
#858=PLANE('',#6368);
#859=PLANE('',#6370);
#860=PLANE('',#6371);
#861=PLANE('',#6372);
#862=PLANE('',#6373);
#863=PLANE('',#6376);
#864=PLANE('',#6379);
#865=PLANE('',#6381);
#866=PLANE('',#6383);
#867=PLANE('',#6384);
#868=PLANE('',#6385);
#869=PLANE('',#6386);
#870=PLANE('',#6389);
#871=PLANE('',#6392);
#872=PLANE('',#6394);
#873=PLANE('',#6396);
#874=PLANE('',#6397);
#875=PLANE('',#6398);
#876=PLANE('',#6399);
#877=PLANE('',#6402);
#878=PLANE('',#6405);
#879=PLANE('',#6407);
#880=PLANE('',#6409);
#881=PLANE('',#6410);
#882=PLANE('',#6411);
#883=PLANE('',#6412);
#884=PLANE('',#6415);
#885=PLANE('',#6418);
#886=PLANE('',#6420);
#887=PLANE('',#6422);
#888=PLANE('',#6423);
#889=PLANE('',#6424);
#890=PLANE('',#6425);
#891=PLANE('',#6428);
#892=PLANE('',#6431);
#893=PLANE('',#6433);
#894=PLANE('',#6435);
#895=PLANE('',#6439);
#896=PLANE('',#6440);
#897=PLANE('',#6441);
#898=PLANE('',#6442);
#899=PLANE('',#6443);
#900=PLANE('',#6447);
#901=PLANE('',#6448);
#902=PLANE('',#6449);
#903=PLANE('',#6450);
#904=PLANE('',#6451);
#905=PLANE('',#6455);
#906=PLANE('',#6456);
#907=PLANE('',#6457);
#908=PLANE('',#6458);
#909=PLANE('',#6459);
#910=PLANE('',#6463);
#911=PLANE('',#6464);
#912=PLANE('',#6465);
#913=PLANE('',#6466);
#914=PLANE('',#6467);
#915=PLANE('',#6471);
#916=PLANE('',#6472);
#917=PLANE('',#6473);
#918=PLANE('',#6474);
#919=PLANE('',#6475);
#920=PLANE('',#6479);
#921=PLANE('',#6480);
#922=PLANE('',#6481);
#923=PLANE('',#6482);
#924=PLANE('',#6483);
#925=PLANE('',#6487);
#926=PLANE('',#6488);
#927=PLANE('',#6489);
#928=PLANE('',#6490);
#929=PLANE('',#6491);
#930=PLANE('',#6495);
#931=PLANE('',#6496);
#932=PLANE('',#6497);
#933=PLANE('',#6498);
#934=PLANE('',#6499);
#935=PLANE('',#6503);
#936=PLANE('',#6504);
#937=PLANE('',#6505);
#938=PLANE('',#6506);
#939=PLANE('',#6507);
#940=PLANE('',#6511);
#941=PLANE('',#6512);
#942=PLANE('',#6513);
#943=PLANE('',#6514);
#944=PLANE('',#6515);
#945=FACE_BOUND('',#951,.T.);
#946=FACE_BOUND('',#952,.T.);
#947=FACE_BOUND('',#964,.T.);
#948=FACE_BOUND('',#965,.T.);
#949=FACE_BOUND('',#985,.T.);
#950=FACE_BOUND('',#986,.T.);
#951=EDGE_LOOP('',(#1234,#1235,#1236,#1237,#1238,#1239,#1240,#1241));
#952=EDGE_LOOP('',(#1242,#1243,#1244,#1245,#1246,#1247,#1248,#1249,#1250,
#1251,#1252,#1253,#1254,#1255,#1256,#1257,#1258,#1259,#1260,#1261,#1262,
#1263,#1264,#1265,#1266,#1267,#1268,#1269,#1270,#1271,#1272,#1273,#1274,
#1275,#1276,#1277,#1278,#1279,#1280,#1281,#1282,#1283,#1284,#1285,#1286,
#1287,#1288,#1289,#1290,#1291));
#953=EDGE_LOOP('',(#1292,#1293,#1294,#1295,#1296,#1297,#1298,#1299,#1300,
#1301,#1302,#1303,#1304,#1305,#1306,#1307,#1308,#1309,#1310,#1311,#1312,
#1313,#1314,#1315,#1316,#1317,#1318,#1319,#1320,#1321,#1322,#1323,#1324,
#1325,#1326,#1327,#1328,#1329));
#954=EDGE_LOOP('',(#1330,#1331,#1332,#1333));
#955=EDGE_LOOP('',(#1334,#1335,#1336,#1337));
#956=EDGE_LOOP('',(#1338,#1339,#1340,#1341,#1342,#1343,#1344));
#957=EDGE_LOOP('',(#1345,#1346,#1347,#1348,#1349,#1350,#1351));
#958=EDGE_LOOP('',(#1352,#1353,#1354,#1355));
#959=EDGE_LOOP('',(#1356,#1357,#1358,#1359));
#960=EDGE_LOOP('',(#1360,#1361,#1362,#1363,#1364,#1365,#1366));
#961=EDGE_LOOP('',(#1367,#1368,#1369,#1370,#1371,#1372,#1373));
#962=EDGE_LOOP('',(#1374,#1375,#1376,#1377));
#963=EDGE_LOOP('',(#1378,#1379,#1380,#1381,#1382,#1383,#1384,#1385,#1386,
#1387));
#964=EDGE_LOOP('',(#1388,#1389,#1390,#1391,#1392,#1393,#1394,#1395,#1396,
#1397));
#965=EDGE_LOOP('',(#1398,#1399,#1400,#1401));
#966=EDGE_LOOP('',(#1402,#1403,#1404,#1405,#1406,#1407,#1408,#1409,#1410,
#1411));
#967=EDGE_LOOP('',(#1412,#1413,#1414,#1415));
#968=EDGE_LOOP('',(#1416,#1417,#1418,#1419));
#969=EDGE_LOOP('',(#1420,#1421,#1422,#1423,#1424,#1425,#1426,#1427,#1428,
#1429));
#970=EDGE_LOOP('',(#1430,#1431,#1432,#1433));
#971=EDGE_LOOP('',(#1434,#1435,#1436,#1437,#1438,#1439,#1440,#1441,#1442,
#1443,#1444,#1445,#1446,#1447,#1448,#1449,#1450,#1451,#1452,#1453,#1454,
#1455,#1456,#1457,#1458,#1459,#1460,#1461,#1462,#1463,#1464,#1465,#1466,
#1467,#1468,#1469,#1470,#1471,#1472,#1473,#1474,#1475,#1476,#1477,#1478,
#1479,#1480,#1481,#1482,#1483,#1484,#1485));
#972=EDGE_LOOP('',(#1486,#1487,#1488,#1489));
#973=EDGE_LOOP('',(#1490,#1491,#1492,#1493));
#974=EDGE_LOOP('',(#1494,#1495,#1496,#1497));
#975=EDGE_LOOP('',(#1498,#1499,#1500,#1501));
#976=EDGE_LOOP('',(#1502,#1503,#1504,#1505,#1506,#1507,#1508,#1509,#1510,
#1511));
#977=EDGE_LOOP('',(#1512,#1513,#1514,#1515,#1516,#1517,#1518,#1519,#1520,
#1521,#1522,#1523,#1524,#1525,#1526,#1527,#1528,#1529,#1530,#1531));
#978=EDGE_LOOP('',(#1532,#1533,#1534,#1535,#1536,#1537));
#979=EDGE_LOOP('',(#1538,#1539,#1540,#1541,#1542,#1543));
#980=EDGE_LOOP('',(#1544,#1545,#1546,#1547));
#981=EDGE_LOOP('',(#1548,#1549,#1550,#1551));
#982=EDGE_LOOP('',(#1552,#1553,#1554,#1555,#1556,#1557));
#983=EDGE_LOOP('',(#1558,#1559,#1560,#1561));
#984=EDGE_LOOP('',(#1562,#1563,#1564,#1565));
#985=EDGE_LOOP('',(#1566,#1567,#1568,#1569));
#986=EDGE_LOOP('',(#1570,#1571,#1572,#1573,#1574,#1575,#1576,#1577,#1578,
#1579));
#987=EDGE_LOOP('',(#1580,#1581,#1582,#1583));
#988=EDGE_LOOP('',(#1584,#1585,#1586,#1587));
#989=EDGE_LOOP('',(#1588,#1589,#1590,#1591));
#990=EDGE_LOOP('',(#1592,#1593,#1594,#1595));
#991=EDGE_LOOP('',(#1596,#1597,#1598,#1599));
#992=EDGE_LOOP('',(#1600,#1601,#1602,#1603));
#993=EDGE_LOOP('',(#1604,#1605,#1606,#1607));
#994=EDGE_LOOP('',(#1608,#1609,#1610,#1611,#1612,#1613,#1614,#1615));
#995=EDGE_LOOP('',(#1616,#1617,#1618,#1619,#1620,#1621));
#996=EDGE_LOOP('',(#1622,#1623,#1624,#1625,#1626,#1627));
#997=EDGE_LOOP('',(#1628,#1629,#1630,#1631));
#998=EDGE_LOOP('',(#1632,#1633,#1634,#1635,#1636));
#999=EDGE_LOOP('',(#1637,#1638,#1639,#1640));
#1000=EDGE_LOOP('',(#1641,#1642,#1643,#1644));
#1001=EDGE_LOOP('',(#1645,#1646,#1647,#1648));
#1002=EDGE_LOOP('',(#1649,#1650,#1651,#1652,#1653,#1654));
#1003=EDGE_LOOP('',(#1655,#1656,#1657,#1658));
#1004=EDGE_LOOP('',(#1659,#1660,#1661,#1662));
#1005=EDGE_LOOP('',(#1663,#1664,#1665,#1666));
#1006=EDGE_LOOP('',(#1667,#1668,#1669,#1670));
#1007=EDGE_LOOP('',(#1671,#1672,#1673,#1674));
#1008=EDGE_LOOP('',(#1675,#1676,#1677,#1678));
#1009=EDGE_LOOP('',(#1679,#1680,#1681,#1682));
#1010=EDGE_LOOP('',(#1683,#1684,#1685,#1686));
#1011=EDGE_LOOP('',(#1687,#1688,#1689,#1690));
#1012=EDGE_LOOP('',(#1691,#1692,#1693,#1694));
#1013=EDGE_LOOP('',(#1695,#1696,#1697,#1698,#1699,#1700,#1701,#1702));
#1014=EDGE_LOOP('',(#1703,#1704,#1705,#1706,#1707,#1708));
#1015=EDGE_LOOP('',(#1709,#1710,#1711,#1712,#1713,#1714));
#1016=EDGE_LOOP('',(#1715,#1716,#1717,#1718));
#1017=EDGE_LOOP('',(#1719,#1720,#1721,#1722,#1723));
#1018=EDGE_LOOP('',(#1724,#1725,#1726,#1727));
#1019=EDGE_LOOP('',(#1728,#1729,#1730,#1731));
#1020=EDGE_LOOP('',(#1732,#1733,#1734,#1735));
#1021=EDGE_LOOP('',(#1736,#1737,#1738,#1739));
#1022=EDGE_LOOP('',(#1740,#1741,#1742,#1743));
#1023=EDGE_LOOP('',(#1744,#1745,#1746,#1747));
#1024=EDGE_LOOP('',(#1748,#1749,#1750,#1751));
#1025=EDGE_LOOP('',(#1752,#1753,#1754,#1755));
#1026=EDGE_LOOP('',(#1756,#1757,#1758,#1759));
#1027=EDGE_LOOP('',(#1760,#1761,#1762,#1763,#1764,#1765));
#1028=EDGE_LOOP('',(#1766,#1767,#1768,#1769,#1770,#1771));
#1029=EDGE_LOOP('',(#1772,#1773,#1774,#1775,#1776,#1777,#1778,#1779,#1780,
#1781));
#1030=EDGE_LOOP('',(#1782,#1783,#1784,#1785,#1786,#1787,#1788,#1789));
#1031=EDGE_LOOP('',(#1790,#1791,#1792,#1793,#1794,#1795,#1796,#1797,#1798,
#1799));
#1032=EDGE_LOOP('',(#1800,#1801,#1802,#1803,#1804,#1805,#1806,#1807));
#1033=EDGE_LOOP('',(#1808,#1809,#1810,#1811,#1812,#1813,#1814,#1815,#1816,
#1817,#1818,#1819,#1820,#1821,#1822,#1823,#1824,#1825,#1826,#1827,#1828,
#1829,#1830,#1831,#1832,#1833,#1834,#1835,#1836,#1837,#1838,#1839,#1840,
#1841,#1842,#1843,#1844,#1845,#1846,#1847,#1848,#1849,#1850,#1851,#1852,
#1853,#1854,#1855,#1856,#1857,#1858,#1859,#1860,#1861,#1862,#1863,#1864,
#1865,#1866,#1867));
#1034=EDGE_LOOP('',(#1868,#1869,#1870,#1871,#1872,#1873,#1874,#1875,#1876,
#1877,#1878,#1879,#1880,#1881,#1882,#1883,#1884,#1885,#1886,#1887,#1888,
#1889,#1890,#1891,#1892,#1893,#1894,#1895,#1896,#1897,#1898,#1899,#1900,
#1901,#1902,#1903));
#1035=EDGE_LOOP('',(#1904,#1905,#1906,#1907,#1908,#1909,#1910,#1911,#1912,
#1913,#1914,#1915,#1916,#1917,#1918,#1919));
#1036=EDGE_LOOP('',(#1920,#1921,#1922,#1923,#1924,#1925,#1926,#1927,#1928));
#1037=EDGE_LOOP('',(#1929,#1930,#1931,#1932,#1933,#1934,#1935,#1936,#1937));
#1038=EDGE_LOOP('',(#1938,#1939,#1940,#1941,#1942,#1943));
#1039=EDGE_LOOP('',(#1944,#1945,#1946,#1947));
#1040=EDGE_LOOP('',(#1948,#1949,#1950,#1951,#1952,#1953));
#1041=EDGE_LOOP('',(#1954,#1955,#1956,#1957));
#1042=EDGE_LOOP('',(#1958,#1959,#1960,#1961));
#1043=EDGE_LOOP('',(#1962,#1963,#1964,#1965,#1966,#1967));
#1044=EDGE_LOOP('',(#1968,#1969,#1970,#1971));
#1045=EDGE_LOOP('',(#1972,#1973,#1974,#1975));
#1046=EDGE_LOOP('',(#1976,#1977,#1978,#1979,#1980,#1981,#1982,#1983,#1984,
#1985));
#1047=EDGE_LOOP('',(#1986,#1987,#1988,#1989,#1990,#1991,#1992,#1993,#1994,
#1995));
#1048=EDGE_LOOP('',(#1996,#1997,#1998,#1999));
#1049=EDGE_LOOP('',(#2000,#2001,#2002,#2003,#2004,#2005,#2006,#2007));
#1050=EDGE_LOOP('',(#2008,#2009,#2010,#2011));
#1051=EDGE_LOOP('',(#2012,#2013,#2014,#2015));
#1052=EDGE_LOOP('',(#2016,#2017,#2018,#2019,#2020,#2021,#2022,#2023));
#1053=EDGE_LOOP('',(#2024,#2025,#2026,#2027));
#1054=EDGE_LOOP('',(#2028,#2029,#2030,#2031));
#1055=EDGE_LOOP('',(#2032,#2033,#2034,#2035,#2036,#2037,#2038,#2039,#2040,
#2041,#2042,#2043,#2044,#2045,#2046,#2047,#2048,#2049,#2050,#2051,#2052,
#2053,#2054,#2055,#2056,#2057,#2058,#2059,#2060,#2061,#2062,#2063,#2064,
#2065,#2066,#2067,#2068,#2069,#2070,#2071));
#1056=EDGE_LOOP('',(#2072,#2073,#2074,#2075,#2076,#2077,#2078,#2079,#2080,
#2081,#2082,#2083,#2084,#2085,#2086,#2087,#2088,#2089,#2090,#2091,#2092,
#2093,#2094,#2095,#2096,#2097,#2098,#2099,#2100,#2101,#2102,#2103,#2104,
#2105,#2106,#2107,#2108,#2109,#2110,#2111,#2112,#2113,#2114,#2115,#2116,
#2117,#2118,#2119,#2120,#2121,#2122,#2123,#2124,#2125,#2126,#2127,#2128,
#2129,#2130,#2131,#2132,#2133,#2134,#2135,#2136,#2137,#2138,#2139));
#1057=EDGE_LOOP('',(#2140,#2141,#2142,#2143,#2144,#2145,#2146,#2147,#2148,
#2149,#2150,#2151,#2152,#2153,#2154,#2155));
#1058=EDGE_LOOP('',(#2156,#2157,#2158,#2159,#2160,#2161,#2162,#2163,#2164,
#2165));
#1059=EDGE_LOOP('',(#2166,#2167,#2168,#2169,#2170,#2171,#2172,#2173,#2174,
#2175));
#1060=EDGE_LOOP('',(#2176,#2177,#2178,#2179,#2180,#2181));
#1061=EDGE_LOOP('',(#2182,#2183,#2184,#2185));
#1062=EDGE_LOOP('',(#2186,#2187,#2188,#2189,#2190,#2191,#2192,#2193));
#1063=EDGE_LOOP('',(#2194,#2195,#2196,#2197));
#1064=EDGE_LOOP('',(#2198,#2199,#2200,#2201,#2202,#2203,#2204,#2205,#2206,
#2207));
#1065=EDGE_LOOP('',(#2208,#2209,#2210,#2211,#2212,#2213,#2214,#2215,#2216,
#2217));
#1066=EDGE_LOOP('',(#2218,#2219,#2220,#2221,#2222,#2223,#2224,#2225));
#1067=EDGE_LOOP('',(#2226,#2227,#2228,#2229));
#1068=EDGE_LOOP('',(#2230,#2231,#2232,#2233));
#1069=EDGE_LOOP('',(#2234,#2235,#2236,#2237));
#1070=EDGE_LOOP('',(#2238,#2239,#2240,#2241));
#1071=EDGE_LOOP('',(#2242,#2243,#2244,#2245));
#1072=EDGE_LOOP('',(#2246,#2247,#2248,#2249));
#1073=EDGE_LOOP('',(#2250,#2251,#2252,#2253));
#1074=EDGE_LOOP('',(#2254,#2255,#2256,#2257));
#1075=EDGE_LOOP('',(#2258,#2259,#2260,#2261));
#1076=EDGE_LOOP('',(#2262,#2263,#2264,#2265));
#1077=EDGE_LOOP('',(#2266,#2267,#2268,#2269,#2270));
#1078=EDGE_LOOP('',(#2271,#2272,#2273,#2274,#2275));
#1079=EDGE_LOOP('',(#2276,#2277,#2278,#2279));
#1080=EDGE_LOOP('',(#2280,#2281,#2282,#2283));
#1081=EDGE_LOOP('',(#2284,#2285,#2286,#2287));
#1082=EDGE_LOOP('',(#2288,#2289,#2290,#2291));
#1083=EDGE_LOOP('',(#2292,#2293,#2294,#2295,#2296,#2297,#2298,#2299,#2300,
#2301,#2302,#2303,#2304,#2305,#2306,#2307,#2308,#2309,#2310,#2311,#2312,
#2313,#2314,#2315,#2316,#2317,#2318,#2319,#2320,#2321,#2322,#2323,#2324,
#2325,#2326,#2327,#2328,#2329,#2330,#2331));
#1084=EDGE_LOOP('',(#2332,#2333,#2334,#2335));
#1085=EDGE_LOOP('',(#2336,#2337,#2338,#2339));
#1086=EDGE_LOOP('',(#2340,#2341,#2342,#2343));
#1087=EDGE_LOOP('',(#2344,#2345,#2346,#2347));
#1088=EDGE_LOOP('',(#2348,#2349,#2350,#2351));
#1089=EDGE_LOOP('',(#2352,#2353,#2354,#2355));
#1090=EDGE_LOOP('',(#2356,#2357,#2358,#2359,#2360));
#1091=EDGE_LOOP('',(#2361,#2362,#2363,#2364,#2365));
#1092=EDGE_LOOP('',(#2366,#2367,#2368,#2369));
#1093=EDGE_LOOP('',(#2370,#2371,#2372,#2373,#2374,#2375));
#1094=EDGE_LOOP('',(#2376,#2377,#2378,#2379,#2380,#2381));
#1095=EDGE_LOOP('',(#2382,#2383,#2384,#2385));
#1096=EDGE_LOOP('',(#2386,#2387,#2388,#2389));
#1097=EDGE_LOOP('',(#2390,#2391,#2392,#2393));
#1098=EDGE_LOOP('',(#2394,#2395,#2396,#2397));
#1099=EDGE_LOOP('',(#2398,#2399,#2400,#2401));
#1100=EDGE_LOOP('',(#2402,#2403,#2404,#2405));
#1101=EDGE_LOOP('',(#2406,#2407,#2408,#2409));
#1102=EDGE_LOOP('',(#2410,#2411,#2412,#2413));
#1103=EDGE_LOOP('',(#2414,#2415,#2416,#2417,#2418,#2419));
#1104=EDGE_LOOP('',(#2420,#2421,#2422,#2423,#2424,#2425));
#1105=EDGE_LOOP('',(#2426,#2427,#2428,#2429));
#1106=EDGE_LOOP('',(#2430,#2431,#2432,#2433));
#1107=EDGE_LOOP('',(#2434,#2435,#2436,#2437));
#1108=EDGE_LOOP('',(#2438,#2439,#2440,#2441));
#1109=EDGE_LOOP('',(#2442,#2443,#2444,#2445,#2446,#2447));
#1110=EDGE_LOOP('',(#2448,#2449,#2450,#2451,#2452,#2453));
#1111=EDGE_LOOP('',(#2454,#2455,#2456,#2457,#2458));
#1112=EDGE_LOOP('',(#2459,#2460,#2461,#2462,#2463));
#1113=EDGE_LOOP('',(#2464,#2465,#2466,#2467));
#1114=EDGE_LOOP('',(#2468,#2469,#2470,#2471,#2472,#2473));
#1115=EDGE_LOOP('',(#2474,#2475,#2476,#2477,#2478,#2479));
#1116=EDGE_LOOP('',(#2480,#2481,#2482,#2483));
#1117=EDGE_LOOP('',(#2484,#2485,#2486,#2487));
#1118=EDGE_LOOP('',(#2488,#2489,#2490,#2491));
#1119=EDGE_LOOP('',(#2492,#2493,#2494,#2495));
#1120=EDGE_LOOP('',(#2496,#2497,#2498,#2499,#2500));
#1121=EDGE_LOOP('',(#2501,#2502,#2503,#2504,#2505));
#1122=EDGE_LOOP('',(#2506,#2507,#2508,#2509));
#1123=EDGE_LOOP('',(#2510,#2511,#2512,#2513,#2514,#2515));
#1124=EDGE_LOOP('',(#2516,#2517,#2518,#2519,#2520,#2521));
#1125=EDGE_LOOP('',(#2522,#2523,#2524,#2525));
#1126=EDGE_LOOP('',(#2526,#2527,#2528,#2529));
#1127=EDGE_LOOP('',(#2530,#2531,#2532,#2533));
#1128=EDGE_LOOP('',(#2534,#2535,#2536,#2537));
#1129=EDGE_LOOP('',(#2538,#2539,#2540,#2541,#2542));
#1130=EDGE_LOOP('',(#2543,#2544,#2545,#2546,#2547));
#1131=EDGE_LOOP('',(#2548,#2549,#2550,#2551));
#1132=EDGE_LOOP('',(#2552,#2553,#2554,#2555,#2556,#2557));
#1133=EDGE_LOOP('',(#2558,#2559,#2560,#2561,#2562,#2563));
#1134=EDGE_LOOP('',(#2564,#2565,#2566,#2567));
#1135=EDGE_LOOP('',(#2568,#2569,#2570,#2571));
#1136=EDGE_LOOP('',(#2572,#2573,#2574,#2575));
#1137=EDGE_LOOP('',(#2576,#2577,#2578,#2579));
#1138=EDGE_LOOP('',(#2580,#2581,#2582,#2583,#2584));
#1139=EDGE_LOOP('',(#2585,#2586,#2587,#2588,#2589));
#1140=EDGE_LOOP('',(#2590,#2591,#2592,#2593));
#1141=EDGE_LOOP('',(#2594,#2595,#2596,#2597,#2598,#2599));
#1142=EDGE_LOOP('',(#2600,#2601,#2602,#2603,#2604,#2605));
#1143=EDGE_LOOP('',(#2606,#2607,#2608,#2609));
#1144=EDGE_LOOP('',(#2610,#2611,#2612,#2613));
#1145=EDGE_LOOP('',(#2614,#2615,#2616,#2617));
#1146=EDGE_LOOP('',(#2618,#2619,#2620,#2621));
#1147=EDGE_LOOP('',(#2622,#2623,#2624,#2625,#2626));
#1148=EDGE_LOOP('',(#2627,#2628,#2629,#2630,#2631));
#1149=EDGE_LOOP('',(#2632,#2633,#2634,#2635));
#1150=EDGE_LOOP('',(#2636,#2637,#2638,#2639,#2640,#2641));
#1151=EDGE_LOOP('',(#2642,#2643,#2644,#2645,#2646,#2647));
#1152=EDGE_LOOP('',(#2648,#2649,#2650,#2651));
#1153=EDGE_LOOP('',(#2652,#2653,#2654,#2655));
#1154=EDGE_LOOP('',(#2656,#2657,#2658,#2659));
#1155=EDGE_LOOP('',(#2660,#2661,#2662,#2663));
#1156=EDGE_LOOP('',(#2664,#2665,#2666,#2667,#2668));
#1157=EDGE_LOOP('',(#2669,#2670,#2671,#2672,#2673));
#1158=EDGE_LOOP('',(#2674,#2675,#2676,#2677));
#1159=EDGE_LOOP('',(#2678,#2679,#2680,#2681,#2682,#2683));
#1160=EDGE_LOOP('',(#2684,#2685,#2686,#2687,#2688,#2689));
#1161=EDGE_LOOP('',(#2690,#2691,#2692,#2693));
#1162=EDGE_LOOP('',(#2694,#2695,#2696,#2697));
#1163=EDGE_LOOP('',(#2698,#2699,#2700,#2701));
#1164=EDGE_LOOP('',(#2702,#2703,#2704,#2705));
#1165=EDGE_LOOP('',(#2706,#2707,#2708,#2709,#2710));
#1166=EDGE_LOOP('',(#2711,#2712,#2713,#2714,#2715));
#1167=EDGE_LOOP('',(#2716,#2717,#2718,#2719));
#1168=EDGE_LOOP('',(#2720,#2721,#2722,#2723,#2724,#2725));
#1169=EDGE_LOOP('',(#2726,#2727,#2728,#2729,#2730,#2731));
#1170=EDGE_LOOP('',(#2732,#2733,#2734,#2735));
#1171=EDGE_LOOP('',(#2736,#2737,#2738,#2739));
#1172=EDGE_LOOP('',(#2740,#2741,#2742,#2743));
#1173=EDGE_LOOP('',(#2744,#2745,#2746,#2747));
#1174=EDGE_LOOP('',(#2748,#2749,#2750,#2751));
#1175=EDGE_LOOP('',(#2752,#2753,#2754,#2755,#2756,#2757));
#1176=EDGE_LOOP('',(#2758,#2759,#2760,#2761,#2762,#2763));
#1177=EDGE_LOOP('',(#2764,#2765,#2766,#2767));
#1178=EDGE_LOOP('',(#2768,#2769,#2770,#2771));
#1179=EDGE_LOOP('',(#2772,#2773,#2774,#2775));
#1180=EDGE_LOOP('',(#2776,#2777,#2778,#2779));
#1181=EDGE_LOOP('',(#2780,#2781,#2782,#2783,#2784,#2785));
#1182=EDGE_LOOP('',(#2786,#2787,#2788,#2789,#2790,#2791));
#1183=EDGE_LOOP('',(#2792,#2793,#2794,#2795));
#1184=EDGE_LOOP('',(#2796,#2797,#2798,#2799));
#1185=EDGE_LOOP('',(#2800,#2801,#2802,#2803));
#1186=EDGE_LOOP('',(#2804,#2805,#2806,#2807));
#1187=EDGE_LOOP('',(#2808,#2809,#2810,#2811,#2812,#2813));
#1188=EDGE_LOOP('',(#2814,#2815,#2816,#2817,#2818,#2819));
#1189=EDGE_LOOP('',(#2820,#2821,#2822,#2823));
#1190=EDGE_LOOP('',(#2824,#2825,#2826,#2827));
#1191=EDGE_LOOP('',(#2828,#2829,#2830,#2831));
#1192=EDGE_LOOP('',(#2832,#2833,#2834,#2835));
#1193=EDGE_LOOP('',(#2836,#2837,#2838,#2839));
#1194=EDGE_LOOP('',(#2840,#2841,#2842,#2843));
#1195=EDGE_LOOP('',(#2844,#2845,#2846,#2847));
#1196=EDGE_LOOP('',(#2848,#2849,#2850,#2851,#2852,#2853));
#1197=EDGE_LOOP('',(#2854,#2855,#2856,#2857,#2858,#2859));
#1198=EDGE_LOOP('',(#2860,#2861,#2862,#2863));
#1199=EDGE_LOOP('',(#2864,#2865,#2866,#2867));
#1200=EDGE_LOOP('',(#2868,#2869,#2870,#2871));
#1201=EDGE_LOOP('',(#2872,#2873,#2874,#2875));
#1202=EDGE_LOOP('',(#2876,#2877,#2878,#2879,#2880,#2881));
#1203=EDGE_LOOP('',(#2882,#2883,#2884,#2885,#2886,#2887));
#1204=EDGE_LOOP('',(#2888,#2889,#2890,#2891));
#1205=EDGE_LOOP('',(#2892,#2893,#2894,#2895));
#1206=EDGE_LOOP('',(#2896,#2897,#2898,#2899));
#1207=EDGE_LOOP('',(#2900,#2901,#2902,#2903));
#1208=EDGE_LOOP('',(#2904,#2905,#2906,#2907,#2908,#2909));
#1209=EDGE_LOOP('',(#2910,#2911,#2912,#2913,#2914,#2915));
#1210=EDGE_LOOP('',(#2916,#2917,#2918,#2919));
#1211=EDGE_LOOP('',(#2920,#2921,#2922,#2923,#2924,#2925));
#1212=EDGE_LOOP('',(#2926,#2927,#2928,#2929,#2930,#2931));
#1213=EDGE_LOOP('',(#2932,#2933,#2934,#2935));
#1214=EDGE_LOOP('',(#2936,#2937,#2938,#2939));
#1215=EDGE_LOOP('',(#2940,#2941,#2942,#2943));
#1216=EDGE_LOOP('',(#2944,#2945,#2946,#2947));
#1217=EDGE_LOOP('',(#2948,#2949,#2950,#2951,#2952,#2953));
#1218=EDGE_LOOP('',(#2954,#2955,#2956,#2957,#2958,#2959));
#1219=EDGE_LOOP('',(#2960,#2961,#2962,#2963));
#1220=EDGE_LOOP('',(#2964,#2965,#2966,#2967));
#1221=EDGE_LOOP('',(#2968,#2969,#2970,#2971));
#1222=EDGE_LOOP('',(#2972,#2973,#2974,#2975));
#1223=EDGE_LOOP('',(#2976,#2977,#2978,#2979,#2980,#2981));
#1224=EDGE_LOOP('',(#2982,#2983,#2984,#2985,#2986,#2987));
#1225=EDGE_LOOP('',(#2988,#2989,#2990,#2991));
#1226=EDGE_LOOP('',(#2992,#2993,#2994,#2995));
#1227=EDGE_LOOP('',(#2996,#2997,#2998,#2999));
#1228=EDGE_LOOP('',(#3000,#3001,#3002,#3003));
#1229=EDGE_LOOP('',(#3004,#3005,#3006,#3007,#3008,#3009));
#1230=EDGE_LOOP('',(#3010,#3011,#3012,#3013,#3014,#3015));
#1231=EDGE_LOOP('',(#3016,#3017,#3018,#3019));
#1232=EDGE_LOOP('',(#3020,#3021,#3022,#3023));
#1233=EDGE_LOOP('',(#3024,#3025,#3026,#3027));
#1234=ORIENTED_EDGE('',*,*,#3618,.F.);
#1235=ORIENTED_EDGE('',*,*,#3619,.F.);
#1236=ORIENTED_EDGE('',*,*,#3620,.F.);
#1237=ORIENTED_EDGE('',*,*,#3621,.F.);
#1238=ORIENTED_EDGE('',*,*,#3622,.T.);
#1239=ORIENTED_EDGE('',*,*,#3623,.F.);
#1240=ORIENTED_EDGE('',*,*,#3624,.T.);
#1241=ORIENTED_EDGE('',*,*,#3625,.T.);
#1242=ORIENTED_EDGE('',*,*,#3626,.F.);
#1243=ORIENTED_EDGE('',*,*,#3627,.F.);
#1244=ORIENTED_EDGE('',*,*,#3628,.F.);
#1245=ORIENTED_EDGE('',*,*,#3629,.F.);
#1246=ORIENTED_EDGE('',*,*,#3630,.F.);
#1247=ORIENTED_EDGE('',*,*,#3631,.F.);
#1248=ORIENTED_EDGE('',*,*,#3632,.F.);
#1249=ORIENTED_EDGE('',*,*,#3633,.T.);
#1250=ORIENTED_EDGE('',*,*,#3634,.T.);
#1251=ORIENTED_EDGE('',*,*,#3635,.F.);
#1252=ORIENTED_EDGE('',*,*,#3636,.F.);
#1253=ORIENTED_EDGE('',*,*,#3637,.F.);
#1254=ORIENTED_EDGE('',*,*,#3638,.F.);
#1255=ORIENTED_EDGE('',*,*,#3639,.F.);
#1256=ORIENTED_EDGE('',*,*,#3640,.F.);
#1257=ORIENTED_EDGE('',*,*,#3641,.F.);
#1258=ORIENTED_EDGE('',*,*,#3642,.F.);
#1259=ORIENTED_EDGE('',*,*,#3643,.T.);
#1260=ORIENTED_EDGE('',*,*,#3644,.T.);
#1261=ORIENTED_EDGE('',*,*,#3645,.F.);
#1262=ORIENTED_EDGE('',*,*,#3646,.F.);
#1263=ORIENTED_EDGE('',*,*,#3647,.F.);
#1264=ORIENTED_EDGE('',*,*,#3648,.F.);
#1265=ORIENTED_EDGE('',*,*,#3649,.F.);
#1266=ORIENTED_EDGE('',*,*,#3650,.T.);
#1267=ORIENTED_EDGE('',*,*,#3651,.F.);
#1268=ORIENTED_EDGE('',*,*,#3652,.F.);
#1269=ORIENTED_EDGE('',*,*,#3653,.T.);
#1270=ORIENTED_EDGE('',*,*,#3654,.F.);
#1271=ORIENTED_EDGE('',*,*,#3655,.T.);
#1272=ORIENTED_EDGE('',*,*,#3656,.T.);
#1273=ORIENTED_EDGE('',*,*,#3657,.F.);
#1274=ORIENTED_EDGE('',*,*,#3658,.F.);
#1275=ORIENTED_EDGE('',*,*,#3659,.T.);
#1276=ORIENTED_EDGE('',*,*,#3660,.T.);
#1277=ORIENTED_EDGE('',*,*,#3661,.F.);
#1278=ORIENTED_EDGE('',*,*,#3662,.T.);
#1279=ORIENTED_EDGE('',*,*,#3663,.T.);
#1280=ORIENTED_EDGE('',*,*,#3664,.F.);
#1281=ORIENTED_EDGE('',*,*,#3665,.T.);
#1282=ORIENTED_EDGE('',*,*,#3666,.F.);
#1283=ORIENTED_EDGE('',*,*,#3667,.F.);
#1284=ORIENTED_EDGE('',*,*,#3668,.T.);
#1285=ORIENTED_EDGE('',*,*,#3669,.T.);
#1286=ORIENTED_EDGE('',*,*,#3670,.F.);
#1287=ORIENTED_EDGE('',*,*,#3671,.F.);
#1288=ORIENTED_EDGE('',*,*,#3672,.T.);
#1289=ORIENTED_EDGE('',*,*,#3673,.F.);
#1290=ORIENTED_EDGE('',*,*,#3674,.T.);
#1291=ORIENTED_EDGE('',*,*,#3675,.F.);
#1292=ORIENTED_EDGE('',*,*,#3676,.F.);
#1293=ORIENTED_EDGE('',*,*,#3677,.T.);
#1294=ORIENTED_EDGE('',*,*,#3678,.T.);
#1295=ORIENTED_EDGE('',*,*,#3679,.T.);
#1296=ORIENTED_EDGE('',*,*,#3680,.T.);
#1297=ORIENTED_EDGE('',*,*,#3681,.T.);
#1298=ORIENTED_EDGE('',*,*,#3663,.F.);
#1299=ORIENTED_EDGE('',*,*,#3682,.F.);
#1300=ORIENTED_EDGE('',*,*,#3683,.F.);
#1301=ORIENTED_EDGE('',*,*,#3684,.T.);
#1302=ORIENTED_EDGE('',*,*,#3685,.F.);
#1303=ORIENTED_EDGE('',*,*,#3686,.T.);
#1304=ORIENTED_EDGE('',*,*,#3687,.T.);
#1305=ORIENTED_EDGE('',*,*,#3688,.T.);
#1306=ORIENTED_EDGE('',*,*,#3689,.F.);
#1307=ORIENTED_EDGE('',*,*,#3690,.T.);
#1308=ORIENTED_EDGE('',*,*,#3691,.T.);
#1309=ORIENTED_EDGE('',*,*,#3692,.T.);
#1310=ORIENTED_EDGE('',*,*,#3693,.F.);
#1311=ORIENTED_EDGE('',*,*,#3694,.T.);
#1312=ORIENTED_EDGE('',*,*,#3695,.T.);
#1313=ORIENTED_EDGE('',*,*,#3696,.T.);
#1314=ORIENTED_EDGE('',*,*,#3697,.F.);
#1315=ORIENTED_EDGE('',*,*,#3698,.T.);
#1316=ORIENTED_EDGE('',*,*,#3699,.T.);
#1317=ORIENTED_EDGE('',*,*,#3700,.T.);
#1318=ORIENTED_EDGE('',*,*,#3701,.F.);
#1319=ORIENTED_EDGE('',*,*,#3702,.T.);
#1320=ORIENTED_EDGE('',*,*,#3703,.T.);
#1321=ORIENTED_EDGE('',*,*,#3704,.T.);
#1322=ORIENTED_EDGE('',*,*,#3705,.F.);
#1323=ORIENTED_EDGE('',*,*,#3706,.T.);
#1324=ORIENTED_EDGE('',*,*,#3707,.T.);
#1325=ORIENTED_EDGE('',*,*,#3708,.T.);
#1326=ORIENTED_EDGE('',*,*,#3709,.F.);
#1327=ORIENTED_EDGE('',*,*,#3710,.T.);
#1328=ORIENTED_EDGE('',*,*,#3711,.T.);
#1329=ORIENTED_EDGE('',*,*,#3712,.T.);
#1330=ORIENTED_EDGE('',*,*,#3713,.T.);
#1331=ORIENTED_EDGE('',*,*,#3714,.T.);
#1332=ORIENTED_EDGE('',*,*,#3715,.F.);
#1333=ORIENTED_EDGE('',*,*,#3716,.F.);
#1334=ORIENTED_EDGE('',*,*,#3717,.F.);
#1335=ORIENTED_EDGE('',*,*,#3718,.T.);
#1336=ORIENTED_EDGE('',*,*,#3719,.T.);
#1337=ORIENTED_EDGE('',*,*,#3720,.T.);
#1338=ORIENTED_EDGE('',*,*,#3721,.T.);
#1339=ORIENTED_EDGE('',*,*,#3722,.T.);
#1340=ORIENTED_EDGE('',*,*,#3713,.F.);
#1341=ORIENTED_EDGE('',*,*,#3723,.F.);
#1342=ORIENTED_EDGE('',*,*,#3724,.F.);
#1343=ORIENTED_EDGE('',*,*,#3725,.F.);
#1344=ORIENTED_EDGE('',*,*,#3719,.F.);
#1345=ORIENTED_EDGE('',*,*,#3726,.F.);
#1346=ORIENTED_EDGE('',*,*,#3727,.F.);
#1347=ORIENTED_EDGE('',*,*,#3717,.T.);
#1348=ORIENTED_EDGE('',*,*,#3728,.T.);
#1349=ORIENTED_EDGE('',*,*,#3729,.T.);
#1350=ORIENTED_EDGE('',*,*,#3730,.T.);
#1351=ORIENTED_EDGE('',*,*,#3715,.T.);
#1352=ORIENTED_EDGE('',*,*,#3731,.F.);
#1353=ORIENTED_EDGE('',*,*,#3732,.T.);
#1354=ORIENTED_EDGE('',*,*,#3733,.T.);
#1355=ORIENTED_EDGE('',*,*,#3734,.F.);
#1356=ORIENTED_EDGE('',*,*,#3735,.F.);
#1357=ORIENTED_EDGE('',*,*,#3736,.F.);
#1358=ORIENTED_EDGE('',*,*,#3737,.T.);
#1359=ORIENTED_EDGE('',*,*,#3738,.T.);
#1360=ORIENTED_EDGE('',*,*,#3739,.F.);
#1361=ORIENTED_EDGE('',*,*,#3740,.T.);
#1362=ORIENTED_EDGE('',*,*,#3741,.T.);
#1363=ORIENTED_EDGE('',*,*,#3742,.T.);
#1364=ORIENTED_EDGE('',*,*,#3743,.T.);
#1365=ORIENTED_EDGE('',*,*,#3744,.T.);
#1366=ORIENTED_EDGE('',*,*,#3736,.T.);
#1367=ORIENTED_EDGE('',*,*,#3745,.F.);
#1368=ORIENTED_EDGE('',*,*,#3746,.T.);
#1369=ORIENTED_EDGE('',*,*,#3738,.F.);
#1370=ORIENTED_EDGE('',*,*,#3747,.F.);
#1371=ORIENTED_EDGE('',*,*,#3748,.F.);
#1372=ORIENTED_EDGE('',*,*,#3749,.F.);
#1373=ORIENTED_EDGE('',*,*,#3750,.F.);
#1374=ORIENTED_EDGE('',*,*,#3751,.F.);
#1375=ORIENTED_EDGE('',*,*,#3752,.T.);
#1376=ORIENTED_EDGE('',*,*,#3753,.T.);
#1377=ORIENTED_EDGE('',*,*,#3754,.F.);
#1378=ORIENTED_EDGE('',*,*,#3666,.T.);
#1379=ORIENTED_EDGE('',*,*,#3755,.T.);
#1380=ORIENTED_EDGE('',*,*,#3754,.T.);
#1381=ORIENTED_EDGE('',*,*,#3756,.T.);
#1382=ORIENTED_EDGE('',*,*,#3670,.T.);
#1383=ORIENTED_EDGE('',*,*,#3757,.T.);
#1384=ORIENTED_EDGE('',*,*,#3758,.T.);
#1385=ORIENTED_EDGE('',*,*,#3759,.T.);
#1386=ORIENTED_EDGE('',*,*,#3760,.T.);
#1387=ORIENTED_EDGE('',*,*,#3761,.T.);
#1388=ORIENTED_EDGE('',*,*,#3762,.F.);
#1389=ORIENTED_EDGE('',*,*,#3763,.T.);
#1390=ORIENTED_EDGE('',*,*,#3764,.F.);
#1391=ORIENTED_EDGE('',*,*,#3765,.F.);
#1392=ORIENTED_EDGE('',*,*,#3766,.F.);
#1393=ORIENTED_EDGE('',*,*,#3767,.F.);
#1394=ORIENTED_EDGE('',*,*,#3768,.F.);
#1395=ORIENTED_EDGE('',*,*,#3668,.F.);
#1396=ORIENTED_EDGE('',*,*,#3769,.F.);
#1397=ORIENTED_EDGE('',*,*,#3770,.F.);
#1398=ORIENTED_EDGE('',*,*,#3737,.F.);
#1399=ORIENTED_EDGE('',*,*,#3744,.F.);
#1400=ORIENTED_EDGE('',*,*,#3771,.T.);
#1401=ORIENTED_EDGE('',*,*,#3747,.T.);
#1402=ORIENTED_EDGE('',*,*,#3772,.F.);
#1403=ORIENTED_EDGE('',*,*,#3733,.F.);
#1404=ORIENTED_EDGE('',*,*,#3773,.F.);
#1405=ORIENTED_EDGE('',*,*,#3660,.F.);
#1406=ORIENTED_EDGE('',*,*,#3774,.F.);
#1407=ORIENTED_EDGE('',*,*,#3775,.F.);
#1408=ORIENTED_EDGE('',*,*,#3776,.F.);
#1409=ORIENTED_EDGE('',*,*,#3777,.F.);
#1410=ORIENTED_EDGE('',*,*,#3778,.F.);
#1411=ORIENTED_EDGE('',*,*,#3656,.F.);
#1412=ORIENTED_EDGE('',*,*,#3779,.F.);
#1413=ORIENTED_EDGE('',*,*,#3780,.F.);
#1414=ORIENTED_EDGE('',*,*,#3636,.T.);
#1415=ORIENTED_EDGE('',*,*,#3781,.T.);
#1416=ORIENTED_EDGE('',*,*,#3782,.F.);
#1417=ORIENTED_EDGE('',*,*,#3783,.F.);
#1418=ORIENTED_EDGE('',*,*,#3784,.T.);
#1419=ORIENTED_EDGE('',*,*,#3785,.T.);
#1420=ORIENTED_EDGE('',*,*,#3786,.F.);
#1421=ORIENTED_EDGE('',*,*,#3785,.F.);
#1422=ORIENTED_EDGE('',*,*,#3787,.T.);
#1423=ORIENTED_EDGE('',*,*,#3675,.T.);
#1424=ORIENTED_EDGE('',*,*,#3788,.T.);
#1425=ORIENTED_EDGE('',*,*,#3789,.F.);
#1426=ORIENTED_EDGE('',*,*,#3790,.F.);
#1427=ORIENTED_EDGE('',*,*,#3651,.T.);
#1428=ORIENTED_EDGE('',*,*,#3791,.T.);
#1429=ORIENTED_EDGE('',*,*,#3792,.T.);
#1430=ORIENTED_EDGE('',*,*,#3793,.F.);
#1431=ORIENTED_EDGE('',*,*,#3792,.F.);
#1432=ORIENTED_EDGE('',*,*,#3794,.T.);
#1433=ORIENTED_EDGE('',*,*,#3795,.T.);
#1434=ORIENTED_EDGE('',*,*,#3796,.F.);
#1435=ORIENTED_EDGE('',*,*,#3795,.F.);
#1436=ORIENTED_EDGE('',*,*,#3797,.F.);
#1437=ORIENTED_EDGE('',*,*,#3798,.F.);
#1438=ORIENTED_EDGE('',*,*,#3799,.T.);
#1439=ORIENTED_EDGE('',*,*,#3800,.T.);
#1440=ORIENTED_EDGE('',*,*,#3801,.F.);
#1441=ORIENTED_EDGE('',*,*,#3783,.T.);
#1442=ORIENTED_EDGE('',*,*,#3802,.F.);
#1443=ORIENTED_EDGE('',*,*,#3781,.F.);
#1444=ORIENTED_EDGE('',*,*,#3635,.T.);
#1445=ORIENTED_EDGE('',*,*,#3803,.T.);
#1446=ORIENTED_EDGE('',*,*,#3804,.T.);
#1447=ORIENTED_EDGE('',*,*,#3805,.T.);
#1448=ORIENTED_EDGE('',*,*,#3806,.T.);
#1449=ORIENTED_EDGE('',*,*,#3807,.T.);
#1450=ORIENTED_EDGE('',*,*,#3808,.T.);
#1451=ORIENTED_EDGE('',*,*,#3809,.F.);
#1452=ORIENTED_EDGE('',*,*,#3810,.T.);
#1453=ORIENTED_EDGE('',*,*,#3811,.F.);
#1454=ORIENTED_EDGE('',*,*,#3812,.T.);
#1455=ORIENTED_EDGE('',*,*,#3813,.T.);
#1456=ORIENTED_EDGE('',*,*,#3814,.T.);
#1457=ORIENTED_EDGE('',*,*,#3815,.T.);
#1458=ORIENTED_EDGE('',*,*,#3816,.F.);
#1459=ORIENTED_EDGE('',*,*,#3817,.F.);
#1460=ORIENTED_EDGE('',*,*,#3818,.T.);
#1461=ORIENTED_EDGE('',*,*,#3819,.T.);
#1462=ORIENTED_EDGE('',*,*,#3820,.F.);
#1463=ORIENTED_EDGE('',*,*,#3821,.F.);
#1464=ORIENTED_EDGE('',*,*,#3822,.T.);
#1465=ORIENTED_EDGE('',*,*,#3823,.T.);
#1466=ORIENTED_EDGE('',*,*,#3824,.F.);
#1467=ORIENTED_EDGE('',*,*,#3825,.F.);
#1468=ORIENTED_EDGE('',*,*,#3826,.T.);
#1469=ORIENTED_EDGE('',*,*,#3827,.T.);
#1470=ORIENTED_EDGE('',*,*,#3828,.F.);
#1471=ORIENTED_EDGE('',*,*,#3829,.F.);
#1472=ORIENTED_EDGE('',*,*,#3830,.T.);
#1473=ORIENTED_EDGE('',*,*,#3831,.F.);
#1474=ORIENTED_EDGE('',*,*,#3832,.F.);
#1475=ORIENTED_EDGE('',*,*,#3833,.T.);
#1476=ORIENTED_EDGE('',*,*,#3834,.T.);
#1477=ORIENTED_EDGE('',*,*,#3835,.T.);
#1478=ORIENTED_EDGE('',*,*,#3836,.T.);
#1479=ORIENTED_EDGE('',*,*,#3837,.T.);
#1480=ORIENTED_EDGE('',*,*,#3838,.T.);
#1481=ORIENTED_EDGE('',*,*,#3839,.T.);
#1482=ORIENTED_EDGE('',*,*,#3840,.T.);
#1483=ORIENTED_EDGE('',*,*,#3841,.T.);
#1484=ORIENTED_EDGE('',*,*,#3641,.T.);
#1485=ORIENTED_EDGE('',*,*,#3842,.T.);
#1486=ORIENTED_EDGE('',*,*,#3843,.F.);
#1487=ORIENTED_EDGE('',*,*,#3842,.F.);
#1488=ORIENTED_EDGE('',*,*,#3640,.T.);
#1489=ORIENTED_EDGE('',*,*,#3844,.T.);
#1490=ORIENTED_EDGE('',*,*,#3845,.F.);
#1491=ORIENTED_EDGE('',*,*,#3844,.F.);
#1492=ORIENTED_EDGE('',*,*,#3639,.T.);
#1493=ORIENTED_EDGE('',*,*,#3846,.T.);
#1494=ORIENTED_EDGE('',*,*,#3847,.F.);
#1495=ORIENTED_EDGE('',*,*,#3846,.F.);
#1496=ORIENTED_EDGE('',*,*,#3638,.T.);
#1497=ORIENTED_EDGE('',*,*,#3848,.T.);
#1498=ORIENTED_EDGE('',*,*,#3849,.F.);
#1499=ORIENTED_EDGE('',*,*,#3848,.F.);
#1500=ORIENTED_EDGE('',*,*,#3637,.T.);
#1501=ORIENTED_EDGE('',*,*,#3780,.T.);
#1502=ORIENTED_EDGE('',*,*,#3779,.T.);
#1503=ORIENTED_EDGE('',*,*,#3802,.T.);
#1504=ORIENTED_EDGE('',*,*,#3782,.T.);
#1505=ORIENTED_EDGE('',*,*,#3786,.T.);
#1506=ORIENTED_EDGE('',*,*,#3793,.T.);
#1507=ORIENTED_EDGE('',*,*,#3796,.T.);
#1508=ORIENTED_EDGE('',*,*,#3843,.T.);
#1509=ORIENTED_EDGE('',*,*,#3845,.T.);
#1510=ORIENTED_EDGE('',*,*,#3847,.T.);
#1511=ORIENTED_EDGE('',*,*,#3849,.T.);
#1512=ORIENTED_EDGE('',*,*,#3850,.T.);
#1513=ORIENTED_EDGE('',*,*,#3679,.F.);
#1514=ORIENTED_EDGE('',*,*,#3851,.F.);
#1515=ORIENTED_EDGE('',*,*,#3712,.F.);
#1516=ORIENTED_EDGE('',*,*,#3852,.F.);
#1517=ORIENTED_EDGE('',*,*,#3708,.F.);
#1518=ORIENTED_EDGE('',*,*,#3853,.F.);
#1519=ORIENTED_EDGE('',*,*,#3704,.F.);
#1520=ORIENTED_EDGE('',*,*,#3854,.F.);
#1521=ORIENTED_EDGE('',*,*,#3700,.F.);
#1522=ORIENTED_EDGE('',*,*,#3855,.F.);
#1523=ORIENTED_EDGE('',*,*,#3696,.F.);
#1524=ORIENTED_EDGE('',*,*,#3856,.F.);
#1525=ORIENTED_EDGE('',*,*,#3692,.F.);
#1526=ORIENTED_EDGE('',*,*,#3857,.F.);
#1527=ORIENTED_EDGE('',*,*,#3688,.F.);
#1528=ORIENTED_EDGE('',*,*,#3858,.F.);
#1529=ORIENTED_EDGE('',*,*,#3684,.F.);
#1530=ORIENTED_EDGE('',*,*,#3859,.F.);
#1531=ORIENTED_EDGE('',*,*,#3789,.T.);
#1532=ORIENTED_EDGE('',*,*,#3860,.F.);
#1533=ORIENTED_EDGE('',*,*,#3861,.F.);
#1534=ORIENTED_EDGE('',*,*,#3652,.T.);
#1535=ORIENTED_EDGE('',*,*,#3790,.T.);
#1536=ORIENTED_EDGE('',*,*,#3859,.T.);
#1537=ORIENTED_EDGE('',*,*,#3683,.T.);
#1538=ORIENTED_EDGE('',*,*,#3674,.F.);
#1539=ORIENTED_EDGE('',*,*,#3862,.T.);
#1540=ORIENTED_EDGE('',*,*,#3863,.T.);
#1541=ORIENTED_EDGE('',*,*,#3680,.F.);
#1542=ORIENTED_EDGE('',*,*,#3850,.F.);
#1543=ORIENTED_EDGE('',*,*,#3788,.F.);
#1544=ORIENTED_EDGE('',*,*,#3778,.T.);
#1545=ORIENTED_EDGE('',*,*,#3864,.F.);
#1546=ORIENTED_EDGE('',*,*,#3865,.F.);
#1547=ORIENTED_EDGE('',*,*,#3657,.T.);
#1548=ORIENTED_EDGE('',*,*,#3777,.T.);
#1549=ORIENTED_EDGE('',*,*,#3866,.F.);
#1550=ORIENTED_EDGE('',*,*,#3867,.F.);
#1551=ORIENTED_EDGE('',*,*,#3864,.T.);
#1552=ORIENTED_EDGE('',*,*,#3776,.T.);
#1553=ORIENTED_EDGE('',*,*,#3868,.F.);
#1554=ORIENTED_EDGE('',*,*,#3869,.F.);
#1555=ORIENTED_EDGE('',*,*,#3870,.F.);
#1556=ORIENTED_EDGE('',*,*,#3871,.F.);
#1557=ORIENTED_EDGE('',*,*,#3866,.T.);
#1558=ORIENTED_EDGE('',*,*,#3775,.T.);
#1559=ORIENTED_EDGE('',*,*,#3872,.F.);
#1560=ORIENTED_EDGE('',*,*,#3873,.F.);
#1561=ORIENTED_EDGE('',*,*,#3868,.T.);
#1562=ORIENTED_EDGE('',*,*,#3774,.T.);
#1563=ORIENTED_EDGE('',*,*,#3659,.F.);
#1564=ORIENTED_EDGE('',*,*,#3874,.F.);
#1565=ORIENTED_EDGE('',*,*,#3872,.T.);
#1566=ORIENTED_EDGE('',*,*,#3875,.F.);
#1567=ORIENTED_EDGE('',*,*,#3723,.T.);
#1568=ORIENTED_EDGE('',*,*,#3716,.T.);
#1569=ORIENTED_EDGE('',*,*,#3730,.F.);
#1570=ORIENTED_EDGE('',*,*,#3876,.F.);
#1571=ORIENTED_EDGE('',*,*,#3869,.T.);
#1572=ORIENTED_EDGE('',*,*,#3873,.T.);
#1573=ORIENTED_EDGE('',*,*,#3874,.T.);
#1574=ORIENTED_EDGE('',*,*,#3658,.T.);
#1575=ORIENTED_EDGE('',*,*,#3865,.T.);
#1576=ORIENTED_EDGE('',*,*,#3867,.T.);
#1577=ORIENTED_EDGE('',*,*,#3871,.T.);
#1578=ORIENTED_EDGE('',*,*,#3877,.T.);
#1579=ORIENTED_EDGE('',*,*,#3878,.T.);
#1580=ORIENTED_EDGE('',*,*,#3879,.F.);
#1581=ORIENTED_EDGE('',*,*,#3878,.F.);
#1582=ORIENTED_EDGE('',*,*,#3880,.T.);
#1583=ORIENTED_EDGE('',*,*,#3881,.T.);
#1584=ORIENTED_EDGE('',*,*,#3882,.F.);
#1585=ORIENTED_EDGE('',*,*,#3881,.F.);
#1586=ORIENTED_EDGE('',*,*,#3883,.T.);
#1587=ORIENTED_EDGE('',*,*,#3884,.T.);
#1588=ORIENTED_EDGE('',*,*,#3885,.F.);
#1589=ORIENTED_EDGE('',*,*,#3884,.F.);
#1590=ORIENTED_EDGE('',*,*,#3886,.T.);
#1591=ORIENTED_EDGE('',*,*,#3870,.T.);
#1592=ORIENTED_EDGE('',*,*,#3877,.F.);
#1593=ORIENTED_EDGE('',*,*,#3886,.F.);
#1594=ORIENTED_EDGE('',*,*,#3883,.F.);
#1595=ORIENTED_EDGE('',*,*,#3880,.F.);
#1596=ORIENTED_EDGE('',*,*,#3885,.T.);
#1597=ORIENTED_EDGE('',*,*,#3876,.T.);
#1598=ORIENTED_EDGE('',*,*,#3879,.T.);
#1599=ORIENTED_EDGE('',*,*,#3882,.T.);
#1600=ORIENTED_EDGE('',*,*,#3728,.F.);
#1601=ORIENTED_EDGE('',*,*,#3720,.F.);
#1602=ORIENTED_EDGE('',*,*,#3725,.T.);
#1603=ORIENTED_EDGE('',*,*,#3887,.T.);
#1604=ORIENTED_EDGE('',*,*,#3729,.F.);
#1605=ORIENTED_EDGE('',*,*,#3887,.F.);
#1606=ORIENTED_EDGE('',*,*,#3724,.T.);
#1607=ORIENTED_EDGE('',*,*,#3875,.T.);
#1608=ORIENTED_EDGE('',*,*,#3888,.F.);
#1609=ORIENTED_EDGE('',*,*,#3889,.T.);
#1610=ORIENTED_EDGE('',*,*,#3890,.F.);
#1611=ORIENTED_EDGE('',*,*,#3891,.F.);
#1612=ORIENTED_EDGE('',*,*,#3892,.T.);
#1613=ORIENTED_EDGE('',*,*,#3661,.T.);
#1614=ORIENTED_EDGE('',*,*,#3773,.T.);
#1615=ORIENTED_EDGE('',*,*,#3732,.F.);
#1616=ORIENTED_EDGE('',*,*,#3893,.F.);
#1617=ORIENTED_EDGE('',*,*,#3894,.T.);
#1618=ORIENTED_EDGE('',*,*,#3895,.F.);
#1619=ORIENTED_EDGE('',*,*,#3734,.T.);
#1620=ORIENTED_EDGE('',*,*,#3772,.T.);
#1621=ORIENTED_EDGE('',*,*,#3655,.F.);
#1622=ORIENTED_EDGE('',*,*,#3896,.F.);
#1623=ORIENTED_EDGE('',*,*,#3893,.T.);
#1624=ORIENTED_EDGE('',*,*,#3654,.T.);
#1625=ORIENTED_EDGE('',*,*,#3897,.F.);
#1626=ORIENTED_EDGE('',*,*,#3898,.F.);
#1627=ORIENTED_EDGE('',*,*,#3890,.T.);
#1628=ORIENTED_EDGE('',*,*,#3899,.F.);
#1629=ORIENTED_EDGE('',*,*,#3682,.T.);
#1630=ORIENTED_EDGE('',*,*,#3662,.F.);
#1631=ORIENTED_EDGE('',*,*,#3892,.F.);
#1632=ORIENTED_EDGE('',*,*,#3900,.F.);
#1633=ORIENTED_EDGE('',*,*,#3860,.T.);
#1634=ORIENTED_EDGE('',*,*,#3899,.T.);
#1635=ORIENTED_EDGE('',*,*,#3891,.T.);
#1636=ORIENTED_EDGE('',*,*,#3898,.T.);
#1637=ORIENTED_EDGE('',*,*,#3653,.F.);
#1638=ORIENTED_EDGE('',*,*,#3861,.T.);
#1639=ORIENTED_EDGE('',*,*,#3900,.T.);
#1640=ORIENTED_EDGE('',*,*,#3897,.T.);
#1641=ORIENTED_EDGE('',*,*,#3757,.F.);
#1642=ORIENTED_EDGE('',*,*,#3669,.F.);
#1643=ORIENTED_EDGE('',*,*,#3768,.T.);
#1644=ORIENTED_EDGE('',*,*,#3901,.T.);
#1645=ORIENTED_EDGE('',*,*,#3758,.F.);
#1646=ORIENTED_EDGE('',*,*,#3901,.F.);
#1647=ORIENTED_EDGE('',*,*,#3767,.T.);
#1648=ORIENTED_EDGE('',*,*,#3902,.T.);
#1649=ORIENTED_EDGE('',*,*,#3759,.F.);
#1650=ORIENTED_EDGE('',*,*,#3902,.F.);
#1651=ORIENTED_EDGE('',*,*,#3766,.T.);
#1652=ORIENTED_EDGE('',*,*,#3903,.T.);
#1653=ORIENTED_EDGE('',*,*,#3762,.T.);
#1654=ORIENTED_EDGE('',*,*,#3904,.T.);
#1655=ORIENTED_EDGE('',*,*,#3760,.F.);
#1656=ORIENTED_EDGE('',*,*,#3904,.F.);
#1657=ORIENTED_EDGE('',*,*,#3770,.T.);
#1658=ORIENTED_EDGE('',*,*,#3905,.T.);
#1659=ORIENTED_EDGE('',*,*,#3761,.F.);
#1660=ORIENTED_EDGE('',*,*,#3905,.F.);
#1661=ORIENTED_EDGE('',*,*,#3769,.T.);
#1662=ORIENTED_EDGE('',*,*,#3667,.T.);
#1663=ORIENTED_EDGE('',*,*,#3906,.T.);
#1664=ORIENTED_EDGE('',*,*,#3907,.F.);
#1665=ORIENTED_EDGE('',*,*,#3908,.F.);
#1666=ORIENTED_EDGE('',*,*,#3764,.T.);
#1667=ORIENTED_EDGE('',*,*,#3909,.T.);
#1668=ORIENTED_EDGE('',*,*,#3910,.F.);
#1669=ORIENTED_EDGE('',*,*,#3911,.F.);
#1670=ORIENTED_EDGE('',*,*,#3907,.T.);
#1671=ORIENTED_EDGE('',*,*,#3912,.T.);
#1672=ORIENTED_EDGE('',*,*,#3903,.F.);
#1673=ORIENTED_EDGE('',*,*,#3913,.F.);
#1674=ORIENTED_EDGE('',*,*,#3910,.T.);
#1675=ORIENTED_EDGE('',*,*,#3765,.T.);
#1676=ORIENTED_EDGE('',*,*,#3908,.T.);
#1677=ORIENTED_EDGE('',*,*,#3911,.T.);
#1678=ORIENTED_EDGE('',*,*,#3913,.T.);
#1679=ORIENTED_EDGE('',*,*,#3763,.F.);
#1680=ORIENTED_EDGE('',*,*,#3912,.F.);
#1681=ORIENTED_EDGE('',*,*,#3909,.F.);
#1682=ORIENTED_EDGE('',*,*,#3906,.F.);
#1683=ORIENTED_EDGE('',*,*,#3741,.F.);
#1684=ORIENTED_EDGE('',*,*,#3914,.T.);
#1685=ORIENTED_EDGE('',*,*,#3750,.T.);
#1686=ORIENTED_EDGE('',*,*,#3915,.F.);
#1687=ORIENTED_EDGE('',*,*,#3749,.T.);
#1688=ORIENTED_EDGE('',*,*,#3916,.F.);
#1689=ORIENTED_EDGE('',*,*,#3742,.F.);
#1690=ORIENTED_EDGE('',*,*,#3915,.T.);
#1691=ORIENTED_EDGE('',*,*,#3748,.T.);
#1692=ORIENTED_EDGE('',*,*,#3771,.F.);
#1693=ORIENTED_EDGE('',*,*,#3743,.F.);
#1694=ORIENTED_EDGE('',*,*,#3916,.T.);
#1695=ORIENTED_EDGE('',*,*,#3917,.F.);
#1696=ORIENTED_EDGE('',*,*,#3918,.T.);
#1697=ORIENTED_EDGE('',*,*,#3751,.T.);
#1698=ORIENTED_EDGE('',*,*,#3755,.F.);
#1699=ORIENTED_EDGE('',*,*,#3665,.F.);
#1700=ORIENTED_EDGE('',*,*,#3919,.F.);
#1701=ORIENTED_EDGE('',*,*,#3920,.T.);
#1702=ORIENTED_EDGE('',*,*,#3921,.T.);
#1703=ORIENTED_EDGE('',*,*,#3922,.F.);
#1704=ORIENTED_EDGE('',*,*,#3923,.T.);
#1705=ORIENTED_EDGE('',*,*,#3671,.T.);
#1706=ORIENTED_EDGE('',*,*,#3756,.F.);
#1707=ORIENTED_EDGE('',*,*,#3753,.F.);
#1708=ORIENTED_EDGE('',*,*,#3924,.T.);
#1709=ORIENTED_EDGE('',*,*,#3923,.F.);
#1710=ORIENTED_EDGE('',*,*,#3925,.T.);
#1711=ORIENTED_EDGE('',*,*,#3921,.F.);
#1712=ORIENTED_EDGE('',*,*,#3926,.T.);
#1713=ORIENTED_EDGE('',*,*,#3927,.T.);
#1714=ORIENTED_EDGE('',*,*,#3672,.F.);
#1715=ORIENTED_EDGE('',*,*,#3681,.F.);
#1716=ORIENTED_EDGE('',*,*,#3928,.T.);
#1717=ORIENTED_EDGE('',*,*,#3919,.T.);
#1718=ORIENTED_EDGE('',*,*,#3664,.T.);
#1719=ORIENTED_EDGE('',*,*,#3863,.F.);
#1720=ORIENTED_EDGE('',*,*,#3929,.T.);
#1721=ORIENTED_EDGE('',*,*,#3926,.F.);
#1722=ORIENTED_EDGE('',*,*,#3920,.F.);
#1723=ORIENTED_EDGE('',*,*,#3928,.F.);
#1724=ORIENTED_EDGE('',*,*,#3862,.F.);
#1725=ORIENTED_EDGE('',*,*,#3673,.T.);
#1726=ORIENTED_EDGE('',*,*,#3927,.F.);
#1727=ORIENTED_EDGE('',*,*,#3929,.F.);
#1728=ORIENTED_EDGE('',*,*,#3930,.F.);
#1729=ORIENTED_EDGE('',*,*,#3851,.T.);
#1730=ORIENTED_EDGE('',*,*,#3931,.T.);
#1731=ORIENTED_EDGE('',*,*,#3932,.F.);
#1732=ORIENTED_EDGE('',*,*,#3933,.F.);
#1733=ORIENTED_EDGE('',*,*,#3852,.T.);
#1734=ORIENTED_EDGE('',*,*,#3934,.T.);
#1735=ORIENTED_EDGE('',*,*,#3935,.F.);
#1736=ORIENTED_EDGE('',*,*,#3936,.F.);
#1737=ORIENTED_EDGE('',*,*,#3853,.T.);
#1738=ORIENTED_EDGE('',*,*,#3937,.T.);
#1739=ORIENTED_EDGE('',*,*,#3938,.F.);
#1740=ORIENTED_EDGE('',*,*,#3939,.F.);
#1741=ORIENTED_EDGE('',*,*,#3854,.T.);
#1742=ORIENTED_EDGE('',*,*,#3940,.T.);
#1743=ORIENTED_EDGE('',*,*,#3941,.F.);
#1744=ORIENTED_EDGE('',*,*,#3942,.F.);
#1745=ORIENTED_EDGE('',*,*,#3855,.T.);
#1746=ORIENTED_EDGE('',*,*,#3943,.T.);
#1747=ORIENTED_EDGE('',*,*,#3944,.F.);
#1748=ORIENTED_EDGE('',*,*,#3945,.F.);
#1749=ORIENTED_EDGE('',*,*,#3856,.T.);
#1750=ORIENTED_EDGE('',*,*,#3946,.T.);
#1751=ORIENTED_EDGE('',*,*,#3947,.F.);
#1752=ORIENTED_EDGE('',*,*,#3948,.F.);
#1753=ORIENTED_EDGE('',*,*,#3857,.T.);
#1754=ORIENTED_EDGE('',*,*,#3949,.T.);
#1755=ORIENTED_EDGE('',*,*,#3950,.F.);
#1756=ORIENTED_EDGE('',*,*,#3951,.F.);
#1757=ORIENTED_EDGE('',*,*,#3858,.T.);
#1758=ORIENTED_EDGE('',*,*,#3952,.T.);
#1759=ORIENTED_EDGE('',*,*,#3953,.F.);
#1760=ORIENTED_EDGE('',*,*,#3784,.F.);
#1761=ORIENTED_EDGE('',*,*,#3801,.T.);
#1762=ORIENTED_EDGE('',*,*,#3954,.T.);
#1763=ORIENTED_EDGE('',*,*,#3955,.T.);
#1764=ORIENTED_EDGE('',*,*,#3956,.F.);
#1765=ORIENTED_EDGE('',*,*,#3787,.F.);
#1766=ORIENTED_EDGE('',*,*,#3794,.F.);
#1767=ORIENTED_EDGE('',*,*,#3791,.F.);
#1768=ORIENTED_EDGE('',*,*,#3957,.T.);
#1769=ORIENTED_EDGE('',*,*,#3958,.T.);
#1770=ORIENTED_EDGE('',*,*,#3959,.F.);
#1771=ORIENTED_EDGE('',*,*,#3797,.T.);
#1772=ORIENTED_EDGE('',*,*,#3960,.T.);
#1773=ORIENTED_EDGE('',*,*,#3888,.T.);
#1774=ORIENTED_EDGE('',*,*,#3731,.T.);
#1775=ORIENTED_EDGE('',*,*,#3895,.T.);
#1776=ORIENTED_EDGE('',*,*,#3961,.T.);
#1777=ORIENTED_EDGE('',*,*,#3962,.F.);
#1778=ORIENTED_EDGE('',*,*,#3646,.T.);
#1779=ORIENTED_EDGE('',*,*,#3963,.T.);
#1780=ORIENTED_EDGE('',*,*,#3964,.T.);
#1781=ORIENTED_EDGE('',*,*,#3965,.T.);
#1782=ORIENTED_EDGE('',*,*,#3889,.F.);
#1783=ORIENTED_EDGE('',*,*,#3960,.F.);
#1784=ORIENTED_EDGE('',*,*,#3966,.F.);
#1785=ORIENTED_EDGE('',*,*,#3967,.F.);
#1786=ORIENTED_EDGE('',*,*,#3968,.F.);
#1787=ORIENTED_EDGE('',*,*,#3961,.F.);
#1788=ORIENTED_EDGE('',*,*,#3894,.F.);
#1789=ORIENTED_EDGE('',*,*,#3896,.T.);
#1790=ORIENTED_EDGE('',*,*,#3969,.F.);
#1791=ORIENTED_EDGE('',*,*,#3739,.T.);
#1792=ORIENTED_EDGE('',*,*,#3735,.T.);
#1793=ORIENTED_EDGE('',*,*,#3746,.F.);
#1794=ORIENTED_EDGE('',*,*,#3970,.F.);
#1795=ORIENTED_EDGE('',*,*,#3971,.F.);
#1796=ORIENTED_EDGE('',*,*,#3972,.F.);
#1797=ORIENTED_EDGE('',*,*,#3973,.F.);
#1798=ORIENTED_EDGE('',*,*,#3974,.T.);
#1799=ORIENTED_EDGE('',*,*,#3975,.F.);
#1800=ORIENTED_EDGE('',*,*,#3740,.F.);
#1801=ORIENTED_EDGE('',*,*,#3969,.T.);
#1802=ORIENTED_EDGE('',*,*,#3976,.F.);
#1803=ORIENTED_EDGE('',*,*,#3977,.F.);
#1804=ORIENTED_EDGE('',*,*,#3978,.T.);
#1805=ORIENTED_EDGE('',*,*,#3970,.T.);
#1806=ORIENTED_EDGE('',*,*,#3745,.T.);
#1807=ORIENTED_EDGE('',*,*,#3914,.F.);
#1808=ORIENTED_EDGE('',*,*,#3834,.F.);
#1809=ORIENTED_EDGE('',*,*,#3979,.F.);
#1810=ORIENTED_EDGE('',*,*,#3980,.T.);
#1811=ORIENTED_EDGE('',*,*,#3981,.T.);
#1812=ORIENTED_EDGE('',*,*,#3830,.F.);
#1813=ORIENTED_EDGE('',*,*,#3982,.T.);
#1814=ORIENTED_EDGE('',*,*,#3983,.T.);
#1815=ORIENTED_EDGE('',*,*,#3984,.F.);
#1816=ORIENTED_EDGE('',*,*,#3826,.F.);
#1817=ORIENTED_EDGE('',*,*,#3985,.T.);
#1818=ORIENTED_EDGE('',*,*,#3986,.T.);
#1819=ORIENTED_EDGE('',*,*,#3987,.F.);
#1820=ORIENTED_EDGE('',*,*,#3822,.F.);
#1821=ORIENTED_EDGE('',*,*,#3988,.T.);
#1822=ORIENTED_EDGE('',*,*,#3989,.T.);
#1823=ORIENTED_EDGE('',*,*,#3990,.F.);
#1824=ORIENTED_EDGE('',*,*,#3818,.F.);
#1825=ORIENTED_EDGE('',*,*,#3991,.T.);
#1826=ORIENTED_EDGE('',*,*,#3992,.T.);
#1827=ORIENTED_EDGE('',*,*,#3993,.F.);
#1828=ORIENTED_EDGE('',*,*,#3814,.F.);
#1829=ORIENTED_EDGE('',*,*,#3994,.F.);
#1830=ORIENTED_EDGE('',*,*,#3995,.F.);
#1831=ORIENTED_EDGE('',*,*,#3996,.T.);
#1832=ORIENTED_EDGE('',*,*,#3810,.F.);
#1833=ORIENTED_EDGE('',*,*,#3997,.F.);
#1834=ORIENTED_EDGE('',*,*,#3998,.F.);
#1835=ORIENTED_EDGE('',*,*,#3999,.T.);
#1836=ORIENTED_EDGE('',*,*,#4000,.T.);
#1837=ORIENTED_EDGE('',*,*,#4001,.F.);
#1838=ORIENTED_EDGE('',*,*,#4002,.F.);
#1839=ORIENTED_EDGE('',*,*,#4003,.T.);
#1840=ORIENTED_EDGE('',*,*,#4004,.F.);
#1841=ORIENTED_EDGE('',*,*,#4005,.F.);
#1842=ORIENTED_EDGE('',*,*,#4006,.F.);
#1843=ORIENTED_EDGE('',*,*,#4007,.F.);
#1844=ORIENTED_EDGE('',*,*,#4008,.F.);
#1845=ORIENTED_EDGE('',*,*,#4009,.T.);
#1846=ORIENTED_EDGE('',*,*,#4010,.F.);
#1847=ORIENTED_EDGE('',*,*,#4011,.F.);
#1848=ORIENTED_EDGE('',*,*,#4012,.F.);
#1849=ORIENTED_EDGE('',*,*,#4013,.T.);
#1850=ORIENTED_EDGE('',*,*,#4014,.F.);
#1851=ORIENTED_EDGE('',*,*,#4015,.F.);
#1852=ORIENTED_EDGE('',*,*,#4016,.F.);
#1853=ORIENTED_EDGE('',*,*,#4017,.T.);
#1854=ORIENTED_EDGE('',*,*,#4018,.F.);
#1855=ORIENTED_EDGE('',*,*,#4019,.F.);
#1856=ORIENTED_EDGE('',*,*,#4020,.F.);
#1857=ORIENTED_EDGE('',*,*,#4021,.T.);
#1858=ORIENTED_EDGE('',*,*,#4022,.F.);
#1859=ORIENTED_EDGE('',*,*,#4023,.T.);
#1860=ORIENTED_EDGE('',*,*,#4024,.T.);
#1861=ORIENTED_EDGE('',*,*,#4025,.F.);
#1862=ORIENTED_EDGE('',*,*,#4026,.F.);
#1863=ORIENTED_EDGE('',*,*,#4027,.F.);
#1864=ORIENTED_EDGE('',*,*,#4028,.T.);
#1865=ORIENTED_EDGE('',*,*,#3964,.F.);
#1866=ORIENTED_EDGE('',*,*,#4029,.T.);
#1867=ORIENTED_EDGE('',*,*,#4030,.F.);
#1868=ORIENTED_EDGE('',*,*,#4031,.T.);
#1869=ORIENTED_EDGE('',*,*,#4032,.F.);
#1870=ORIENTED_EDGE('',*,*,#4033,.F.);
#1871=ORIENTED_EDGE('',*,*,#4022,.T.);
#1872=ORIENTED_EDGE('',*,*,#4034,.F.);
#1873=ORIENTED_EDGE('',*,*,#4035,.T.);
#1874=ORIENTED_EDGE('',*,*,#4036,.T.);
#1875=ORIENTED_EDGE('',*,*,#4018,.T.);
#1876=ORIENTED_EDGE('',*,*,#4037,.F.);
#1877=ORIENTED_EDGE('',*,*,#4038,.T.);
#1878=ORIENTED_EDGE('',*,*,#4039,.T.);
#1879=ORIENTED_EDGE('',*,*,#4014,.T.);
#1880=ORIENTED_EDGE('',*,*,#4040,.F.);
#1881=ORIENTED_EDGE('',*,*,#4041,.T.);
#1882=ORIENTED_EDGE('',*,*,#4042,.T.);
#1883=ORIENTED_EDGE('',*,*,#4010,.T.);
#1884=ORIENTED_EDGE('',*,*,#4043,.F.);
#1885=ORIENTED_EDGE('',*,*,#4044,.T.);
#1886=ORIENTED_EDGE('',*,*,#4045,.T.);
#1887=ORIENTED_EDGE('',*,*,#4006,.T.);
#1888=ORIENTED_EDGE('',*,*,#4046,.T.);
#1889=ORIENTED_EDGE('',*,*,#4047,.F.);
#1890=ORIENTED_EDGE('',*,*,#4048,.F.);
#1891=ORIENTED_EDGE('',*,*,#4002,.T.);
#1892=ORIENTED_EDGE('',*,*,#4049,.T.);
#1893=ORIENTED_EDGE('',*,*,#4050,.F.);
#1894=ORIENTED_EDGE('',*,*,#4051,.F.);
#1895=ORIENTED_EDGE('',*,*,#4052,.F.);
#1896=ORIENTED_EDGE('',*,*,#4053,.F.);
#1897=ORIENTED_EDGE('',*,*,#3625,.F.);
#1898=ORIENTED_EDGE('',*,*,#4054,.F.);
#1899=ORIENTED_EDGE('',*,*,#4055,.F.);
#1900=ORIENTED_EDGE('',*,*,#4056,.F.);
#1901=ORIENTED_EDGE('',*,*,#4057,.F.);
#1902=ORIENTED_EDGE('',*,*,#4058,.F.);
#1903=ORIENTED_EDGE('',*,*,#4026,.T.);
#1904=ORIENTED_EDGE('',*,*,#4059,.F.);
#1905=ORIENTED_EDGE('',*,*,#4060,.F.);
#1906=ORIENTED_EDGE('',*,*,#3619,.T.);
#1907=ORIENTED_EDGE('',*,*,#4061,.F.);
#1908=ORIENTED_EDGE('',*,*,#4062,.T.);
#1909=ORIENTED_EDGE('',*,*,#4063,.F.);
#1910=ORIENTED_EDGE('',*,*,#4064,.F.);
#1911=ORIENTED_EDGE('',*,*,#3972,.T.);
#1912=ORIENTED_EDGE('',*,*,#4065,.T.);
#1913=ORIENTED_EDGE('',*,*,#4066,.F.);
#1914=ORIENTED_EDGE('',*,*,#4000,.F.);
#1915=ORIENTED_EDGE('',*,*,#4067,.T.);
#1916=ORIENTED_EDGE('',*,*,#4068,.T.);
#1917=ORIENTED_EDGE('',*,*,#4069,.F.);
#1918=ORIENTED_EDGE('',*,*,#4070,.F.);
#1919=ORIENTED_EDGE('',*,*,#4071,.T.);
#1920=ORIENTED_EDGE('',*,*,#4072,.F.);
#1921=ORIENTED_EDGE('',*,*,#4073,.F.);
#1922=ORIENTED_EDGE('',*,*,#4074,.T.);
#1923=ORIENTED_EDGE('',*,*,#4075,.T.);
#1924=ORIENTED_EDGE('',*,*,#3957,.F.);
#1925=ORIENTED_EDGE('',*,*,#3650,.F.);
#1926=ORIENTED_EDGE('',*,*,#4076,.F.);
#1927=ORIENTED_EDGE('',*,*,#4077,.F.);
#1928=ORIENTED_EDGE('',*,*,#4078,.T.);
#1929=ORIENTED_EDGE('',*,*,#4079,.F.);
#1930=ORIENTED_EDGE('',*,*,#4080,.T.);
#1931=ORIENTED_EDGE('',*,*,#4071,.F.);
#1932=ORIENTED_EDGE('',*,*,#4081,.F.);
#1933=ORIENTED_EDGE('',*,*,#4082,.T.);
#1934=ORIENTED_EDGE('',*,*,#3626,.T.);
#1935=ORIENTED_EDGE('',*,*,#3956,.T.);
#1936=ORIENTED_EDGE('',*,*,#4083,.F.);
#1937=ORIENTED_EDGE('',*,*,#4084,.F.);
#1938=ORIENTED_EDGE('',*,*,#4085,.F.);
#1939=ORIENTED_EDGE('',*,*,#4069,.T.);
#1940=ORIENTED_EDGE('',*,*,#4086,.T.);
#1941=ORIENTED_EDGE('',*,*,#4087,.F.);
#1942=ORIENTED_EDGE('',*,*,#3628,.T.);
#1943=ORIENTED_EDGE('',*,*,#4088,.F.);
#1944=ORIENTED_EDGE('',*,*,#4089,.F.);
#1945=ORIENTED_EDGE('',*,*,#4090,.T.);
#1946=ORIENTED_EDGE('',*,*,#4091,.T.);
#1947=ORIENTED_EDGE('',*,*,#3807,.F.);
#1948=ORIENTED_EDGE('',*,*,#4092,.F.);
#1949=ORIENTED_EDGE('',*,*,#4093,.T.);
#1950=ORIENTED_EDGE('',*,*,#3632,.T.);
#1951=ORIENTED_EDGE('',*,*,#4094,.T.);
#1952=ORIENTED_EDGE('',*,*,#4095,.T.);
#1953=ORIENTED_EDGE('',*,*,#3805,.F.);
#1954=ORIENTED_EDGE('',*,*,#4096,.F.);
#1955=ORIENTED_EDGE('',*,*,#4089,.T.);
#1956=ORIENTED_EDGE('',*,*,#3806,.F.);
#1957=ORIENTED_EDGE('',*,*,#4095,.F.);
#1958=ORIENTED_EDGE('',*,*,#4062,.F.);
#1959=ORIENTED_EDGE('',*,*,#4097,.F.);
#1960=ORIENTED_EDGE('',*,*,#4052,.T.);
#1961=ORIENTED_EDGE('',*,*,#4098,.T.);
#1962=ORIENTED_EDGE('',*,*,#4099,.T.);
#1963=ORIENTED_EDGE('',*,*,#4100,.T.);
#1964=ORIENTED_EDGE('',*,*,#3839,.F.);
#1965=ORIENTED_EDGE('',*,*,#4101,.F.);
#1966=ORIENTED_EDGE('',*,*,#4102,.T.);
#1967=ORIENTED_EDGE('',*,*,#3644,.F.);
#1968=ORIENTED_EDGE('',*,*,#4103,.T.);
#1969=ORIENTED_EDGE('',*,*,#4104,.T.);
#1970=ORIENTED_EDGE('',*,*,#3837,.F.);
#1971=ORIENTED_EDGE('',*,*,#4105,.F.);
#1972=ORIENTED_EDGE('',*,*,#4104,.F.);
#1973=ORIENTED_EDGE('',*,*,#4106,.T.);
#1974=ORIENTED_EDGE('',*,*,#4101,.T.);
#1975=ORIENTED_EDGE('',*,*,#3838,.F.);
#1976=ORIENTED_EDGE('',*,*,#4001,.T.);
#1977=ORIENTED_EDGE('',*,*,#4066,.T.);
#1978=ORIENTED_EDGE('',*,*,#4107,.T.);
#1979=ORIENTED_EDGE('',*,*,#3977,.T.);
#1980=ORIENTED_EDGE('',*,*,#4108,.T.);
#1981=ORIENTED_EDGE('',*,*,#4109,.T.);
#1982=ORIENTED_EDGE('',*,*,#3997,.T.);
#1983=ORIENTED_EDGE('',*,*,#3809,.T.);
#1984=ORIENTED_EDGE('',*,*,#4110,.T.);
#1985=ORIENTED_EDGE('',*,*,#4049,.F.);
#1986=ORIENTED_EDGE('',*,*,#4111,.F.);
#1987=ORIENTED_EDGE('',*,*,#4027,.T.);
#1988=ORIENTED_EDGE('',*,*,#4058,.T.);
#1989=ORIENTED_EDGE('',*,*,#4112,.F.);
#1990=ORIENTED_EDGE('',*,*,#3835,.F.);
#1991=ORIENTED_EDGE('',*,*,#4030,.T.);
#1992=ORIENTED_EDGE('',*,*,#4113,.F.);
#1993=ORIENTED_EDGE('',*,*,#4114,.F.);
#1994=ORIENTED_EDGE('',*,*,#4115,.F.);
#1995=ORIENTED_EDGE('',*,*,#4116,.F.);
#1996=ORIENTED_EDGE('',*,*,#4063,.T.);
#1997=ORIENTED_EDGE('',*,*,#4098,.F.);
#1998=ORIENTED_EDGE('',*,*,#4051,.T.);
#1999=ORIENTED_EDGE('',*,*,#4117,.T.);
#2000=ORIENTED_EDGE('',*,*,#4091,.F.);
#2001=ORIENTED_EDGE('',*,*,#4118,.T.);
#2002=ORIENTED_EDGE('',*,*,#3973,.T.);
#2003=ORIENTED_EDGE('',*,*,#4064,.T.);
#2004=ORIENTED_EDGE('',*,*,#4117,.F.);
#2005=ORIENTED_EDGE('',*,*,#4050,.T.);
#2006=ORIENTED_EDGE('',*,*,#4110,.F.);
#2007=ORIENTED_EDGE('',*,*,#3808,.F.);
#2008=ORIENTED_EDGE('',*,*,#4097,.T.);
#2009=ORIENTED_EDGE('',*,*,#4061,.T.);
#2010=ORIENTED_EDGE('',*,*,#3618,.T.);
#2011=ORIENTED_EDGE('',*,*,#4053,.T.);
#2012=ORIENTED_EDGE('',*,*,#4119,.T.);
#2013=ORIENTED_EDGE('',*,*,#4120,.F.);
#2014=ORIENTED_EDGE('',*,*,#4054,.T.);
#2015=ORIENTED_EDGE('',*,*,#3624,.F.);
#2016=ORIENTED_EDGE('',*,*,#4121,.T.);
#2017=ORIENTED_EDGE('',*,*,#4122,.T.);
#2018=ORIENTED_EDGE('',*,*,#4105,.T.);
#2019=ORIENTED_EDGE('',*,*,#3836,.F.);
#2020=ORIENTED_EDGE('',*,*,#4112,.T.);
#2021=ORIENTED_EDGE('',*,*,#4057,.T.);
#2022=ORIENTED_EDGE('',*,*,#4123,.T.);
#2023=ORIENTED_EDGE('',*,*,#4124,.T.);
#2024=ORIENTED_EDGE('',*,*,#4125,.T.);
#2025=ORIENTED_EDGE('',*,*,#4126,.T.);
#2026=ORIENTED_EDGE('',*,*,#4123,.F.);
#2027=ORIENTED_EDGE('',*,*,#4056,.T.);
#2028=ORIENTED_EDGE('',*,*,#4120,.T.);
#2029=ORIENTED_EDGE('',*,*,#4127,.T.);
#2030=ORIENTED_EDGE('',*,*,#4125,.F.);
#2031=ORIENTED_EDGE('',*,*,#4055,.T.);
#2032=ORIENTED_EDGE('',*,*,#4128,.F.);
#2033=ORIENTED_EDGE('',*,*,#4129,.T.);
#2034=ORIENTED_EDGE('',*,*,#4130,.T.);
#2035=ORIENTED_EDGE('',*,*,#4131,.F.);
#2036=ORIENTED_EDGE('',*,*,#4132,.F.);
#2037=ORIENTED_EDGE('',*,*,#4133,.T.);
#2038=ORIENTED_EDGE('',*,*,#4134,.T.);
#2039=ORIENTED_EDGE('',*,*,#4135,.F.);
#2040=ORIENTED_EDGE('',*,*,#4136,.F.);
#2041=ORIENTED_EDGE('',*,*,#4137,.T.);
#2042=ORIENTED_EDGE('',*,*,#4138,.T.);
#2043=ORIENTED_EDGE('',*,*,#4139,.F.);
#2044=ORIENTED_EDGE('',*,*,#4140,.F.);
#2045=ORIENTED_EDGE('',*,*,#4141,.T.);
#2046=ORIENTED_EDGE('',*,*,#4142,.T.);
#2047=ORIENTED_EDGE('',*,*,#4143,.F.);
#2048=ORIENTED_EDGE('',*,*,#4144,.F.);
#2049=ORIENTED_EDGE('',*,*,#4145,.T.);
#2050=ORIENTED_EDGE('',*,*,#4146,.T.);
#2051=ORIENTED_EDGE('',*,*,#4147,.F.);
#2052=ORIENTED_EDGE('',*,*,#4148,.F.);
#2053=ORIENTED_EDGE('',*,*,#4149,.T.);
#2054=ORIENTED_EDGE('',*,*,#4150,.T.);
#2055=ORIENTED_EDGE('',*,*,#4151,.F.);
#2056=ORIENTED_EDGE('',*,*,#4152,.F.);
#2057=ORIENTED_EDGE('',*,*,#4153,.T.);
#2058=ORIENTED_EDGE('',*,*,#4154,.T.);
#2059=ORIENTED_EDGE('',*,*,#4155,.F.);
#2060=ORIENTED_EDGE('',*,*,#4156,.F.);
#2061=ORIENTED_EDGE('',*,*,#4157,.T.);
#2062=ORIENTED_EDGE('',*,*,#4158,.T.);
#2063=ORIENTED_EDGE('',*,*,#4159,.F.);
#2064=ORIENTED_EDGE('',*,*,#4083,.T.);
#2065=ORIENTED_EDGE('',*,*,#3955,.F.);
#2066=ORIENTED_EDGE('',*,*,#4160,.T.);
#2067=ORIENTED_EDGE('',*,*,#4161,.F.);
#2068=ORIENTED_EDGE('',*,*,#4162,.F.);
#2069=ORIENTED_EDGE('',*,*,#3958,.F.);
#2070=ORIENTED_EDGE('',*,*,#4075,.F.);
#2071=ORIENTED_EDGE('',*,*,#4163,.F.);
#2072=ORIENTED_EDGE('',*,*,#4164,.F.);
#2073=ORIENTED_EDGE('',*,*,#4163,.T.);
#2074=ORIENTED_EDGE('',*,*,#4074,.F.);
#2075=ORIENTED_EDGE('',*,*,#4165,.F.);
#2076=ORIENTED_EDGE('',*,*,#4166,.F.);
#2077=ORIENTED_EDGE('',*,*,#3953,.T.);
#2078=ORIENTED_EDGE('',*,*,#4167,.T.);
#2079=ORIENTED_EDGE('',*,*,#4168,.F.);
#2080=ORIENTED_EDGE('',*,*,#4169,.F.);
#2081=ORIENTED_EDGE('',*,*,#3950,.T.);
#2082=ORIENTED_EDGE('',*,*,#4170,.T.);
#2083=ORIENTED_EDGE('',*,*,#4171,.F.);
#2084=ORIENTED_EDGE('',*,*,#4172,.F.);
#2085=ORIENTED_EDGE('',*,*,#3947,.T.);
#2086=ORIENTED_EDGE('',*,*,#4173,.T.);
#2087=ORIENTED_EDGE('',*,*,#4174,.F.);
#2088=ORIENTED_EDGE('',*,*,#4175,.F.);
#2089=ORIENTED_EDGE('',*,*,#3944,.T.);
#2090=ORIENTED_EDGE('',*,*,#4176,.T.);
#2091=ORIENTED_EDGE('',*,*,#4177,.F.);
#2092=ORIENTED_EDGE('',*,*,#4178,.F.);
#2093=ORIENTED_EDGE('',*,*,#3941,.T.);
#2094=ORIENTED_EDGE('',*,*,#4179,.T.);
#2095=ORIENTED_EDGE('',*,*,#4180,.F.);
#2096=ORIENTED_EDGE('',*,*,#4181,.F.);
#2097=ORIENTED_EDGE('',*,*,#3938,.T.);
#2098=ORIENTED_EDGE('',*,*,#4182,.T.);
#2099=ORIENTED_EDGE('',*,*,#4183,.F.);
#2100=ORIENTED_EDGE('',*,*,#4184,.F.);
#2101=ORIENTED_EDGE('',*,*,#3935,.T.);
#2102=ORIENTED_EDGE('',*,*,#4185,.T.);
#2103=ORIENTED_EDGE('',*,*,#4186,.F.);
#2104=ORIENTED_EDGE('',*,*,#4187,.F.);
#2105=ORIENTED_EDGE('',*,*,#3932,.T.);
#2106=ORIENTED_EDGE('',*,*,#4188,.T.);
#2107=ORIENTED_EDGE('',*,*,#4189,.F.);
#2108=ORIENTED_EDGE('',*,*,#4084,.T.);
#2109=ORIENTED_EDGE('',*,*,#4159,.T.);
#2110=ORIENTED_EDGE('',*,*,#4190,.T.);
#2111=ORIENTED_EDGE('',*,*,#4191,.T.);
#2112=ORIENTED_EDGE('',*,*,#4192,.F.);
#2113=ORIENTED_EDGE('',*,*,#4155,.T.);
#2114=ORIENTED_EDGE('',*,*,#4193,.T.);
#2115=ORIENTED_EDGE('',*,*,#4194,.T.);
#2116=ORIENTED_EDGE('',*,*,#4195,.F.);
#2117=ORIENTED_EDGE('',*,*,#4151,.T.);
#2118=ORIENTED_EDGE('',*,*,#4196,.T.);
#2119=ORIENTED_EDGE('',*,*,#4197,.T.);
#2120=ORIENTED_EDGE('',*,*,#4198,.F.);
#2121=ORIENTED_EDGE('',*,*,#4147,.T.);
#2122=ORIENTED_EDGE('',*,*,#4199,.T.);
#2123=ORIENTED_EDGE('',*,*,#4200,.T.);
#2124=ORIENTED_EDGE('',*,*,#4201,.F.);
#2125=ORIENTED_EDGE('',*,*,#4143,.T.);
#2126=ORIENTED_EDGE('',*,*,#4202,.T.);
#2127=ORIENTED_EDGE('',*,*,#4203,.T.);
#2128=ORIENTED_EDGE('',*,*,#4204,.F.);
#2129=ORIENTED_EDGE('',*,*,#4139,.T.);
#2130=ORIENTED_EDGE('',*,*,#4205,.T.);
#2131=ORIENTED_EDGE('',*,*,#4206,.T.);
#2132=ORIENTED_EDGE('',*,*,#4207,.F.);
#2133=ORIENTED_EDGE('',*,*,#4135,.T.);
#2134=ORIENTED_EDGE('',*,*,#4208,.T.);
#2135=ORIENTED_EDGE('',*,*,#4209,.T.);
#2136=ORIENTED_EDGE('',*,*,#4210,.F.);
#2137=ORIENTED_EDGE('',*,*,#4131,.T.);
#2138=ORIENTED_EDGE('',*,*,#4211,.T.);
#2139=ORIENTED_EDGE('',*,*,#4212,.T.);
#2140=ORIENTED_EDGE('',*,*,#4213,.F.);
#2141=ORIENTED_EDGE('',*,*,#4214,.F.);
#2142=ORIENTED_EDGE('',*,*,#4078,.F.);
#2143=ORIENTED_EDGE('',*,*,#4215,.F.);
#2144=ORIENTED_EDGE('',*,*,#4216,.T.);
#2145=ORIENTED_EDGE('',*,*,#3966,.T.);
#2146=ORIENTED_EDGE('',*,*,#3965,.F.);
#2147=ORIENTED_EDGE('',*,*,#4028,.F.);
#2148=ORIENTED_EDGE('',*,*,#4111,.T.);
#2149=ORIENTED_EDGE('',*,*,#4217,.F.);
#2150=ORIENTED_EDGE('',*,*,#4218,.F.);
#2151=ORIENTED_EDGE('',*,*,#4124,.F.);
#2152=ORIENTED_EDGE('',*,*,#4126,.F.);
#2153=ORIENTED_EDGE('',*,*,#4127,.F.);
#2154=ORIENTED_EDGE('',*,*,#4119,.F.);
#2155=ORIENTED_EDGE('',*,*,#3623,.T.);
#2156=ORIENTED_EDGE('',*,*,#3722,.F.);
#2157=ORIENTED_EDGE('',*,*,#4219,.T.);
#2158=ORIENTED_EDGE('',*,*,#4220,.T.);
#2159=ORIENTED_EDGE('',*,*,#4221,.F.);
#2160=ORIENTED_EDGE('',*,*,#4121,.F.);
#2161=ORIENTED_EDGE('',*,*,#4218,.T.);
#2162=ORIENTED_EDGE('',*,*,#4222,.T.);
#2163=ORIENTED_EDGE('',*,*,#4223,.T.);
#2164=ORIENTED_EDGE('',*,*,#3726,.T.);
#2165=ORIENTED_EDGE('',*,*,#3714,.F.);
#2166=ORIENTED_EDGE('',*,*,#4029,.F.);
#2167=ORIENTED_EDGE('',*,*,#3963,.F.);
#2168=ORIENTED_EDGE('',*,*,#3645,.T.);
#2169=ORIENTED_EDGE('',*,*,#4102,.F.);
#2170=ORIENTED_EDGE('',*,*,#4106,.F.);
#2171=ORIENTED_EDGE('',*,*,#4103,.F.);
#2172=ORIENTED_EDGE('',*,*,#4122,.F.);
#2173=ORIENTED_EDGE('',*,*,#4221,.T.);
#2174=ORIENTED_EDGE('',*,*,#4224,.T.);
#2175=ORIENTED_EDGE('',*,*,#4113,.T.);
#2176=ORIENTED_EDGE('',*,*,#4225,.F.);
#2177=ORIENTED_EDGE('',*,*,#4226,.T.);
#2178=ORIENTED_EDGE('',*,*,#3648,.T.);
#2179=ORIENTED_EDGE('',*,*,#4227,.T.);
#2180=ORIENTED_EDGE('',*,*,#3967,.T.);
#2181=ORIENTED_EDGE('',*,*,#4216,.F.);
#2182=ORIENTED_EDGE('',*,*,#3647,.T.);
#2183=ORIENTED_EDGE('',*,*,#3962,.T.);
#2184=ORIENTED_EDGE('',*,*,#3968,.T.);
#2185=ORIENTED_EDGE('',*,*,#4227,.F.);
#2186=ORIENTED_EDGE('',*,*,#4228,.F.);
#2187=ORIENTED_EDGE('',*,*,#3917,.T.);
#2188=ORIENTED_EDGE('',*,*,#3925,.F.);
#2189=ORIENTED_EDGE('',*,*,#3922,.T.);
#2190=ORIENTED_EDGE('',*,*,#4229,.F.);
#2191=ORIENTED_EDGE('',*,*,#4230,.F.);
#2192=ORIENTED_EDGE('',*,*,#4086,.F.);
#2193=ORIENTED_EDGE('',*,*,#4068,.F.);
#2194=ORIENTED_EDGE('',*,*,#3629,.T.);
#2195=ORIENTED_EDGE('',*,*,#4087,.T.);
#2196=ORIENTED_EDGE('',*,*,#4230,.T.);
#2197=ORIENTED_EDGE('',*,*,#4231,.F.);
#2198=ORIENTED_EDGE('',*,*,#3918,.F.);
#2199=ORIENTED_EDGE('',*,*,#4228,.T.);
#2200=ORIENTED_EDGE('',*,*,#4067,.F.);
#2201=ORIENTED_EDGE('',*,*,#3999,.F.);
#2202=ORIENTED_EDGE('',*,*,#4232,.F.);
#2203=ORIENTED_EDGE('',*,*,#3630,.T.);
#2204=ORIENTED_EDGE('',*,*,#4231,.T.);
#2205=ORIENTED_EDGE('',*,*,#4229,.T.);
#2206=ORIENTED_EDGE('',*,*,#3924,.F.);
#2207=ORIENTED_EDGE('',*,*,#3752,.F.);
#2208=ORIENTED_EDGE('',*,*,#4118,.F.);
#2209=ORIENTED_EDGE('',*,*,#4090,.F.);
#2210=ORIENTED_EDGE('',*,*,#4096,.T.);
#2211=ORIENTED_EDGE('',*,*,#4094,.F.);
#2212=ORIENTED_EDGE('',*,*,#3631,.T.);
#2213=ORIENTED_EDGE('',*,*,#4232,.T.);
#2214=ORIENTED_EDGE('',*,*,#3998,.T.);
#2215=ORIENTED_EDGE('',*,*,#4109,.F.);
#2216=ORIENTED_EDGE('',*,*,#4233,.F.);
#2217=ORIENTED_EDGE('',*,*,#3974,.F.);
#2218=ORIENTED_EDGE('',*,*,#3721,.F.);
#2219=ORIENTED_EDGE('',*,*,#3718,.F.);
#2220=ORIENTED_EDGE('',*,*,#3727,.T.);
#2221=ORIENTED_EDGE('',*,*,#4223,.F.);
#2222=ORIENTED_EDGE('',*,*,#4234,.F.);
#2223=ORIENTED_EDGE('',*,*,#4115,.T.);
#2224=ORIENTED_EDGE('',*,*,#4235,.T.);
#2225=ORIENTED_EDGE('',*,*,#4219,.F.);
#2226=ORIENTED_EDGE('',*,*,#4217,.T.);
#2227=ORIENTED_EDGE('',*,*,#4116,.T.);
#2228=ORIENTED_EDGE('',*,*,#4234,.T.);
#2229=ORIENTED_EDGE('',*,*,#4222,.F.);
#2230=ORIENTED_EDGE('',*,*,#4235,.F.);
#2231=ORIENTED_EDGE('',*,*,#4114,.T.);
#2232=ORIENTED_EDGE('',*,*,#4224,.F.);
#2233=ORIENTED_EDGE('',*,*,#4220,.F.);
#2234=ORIENTED_EDGE('',*,*,#3975,.T.);
#2235=ORIENTED_EDGE('',*,*,#4233,.T.);
#2236=ORIENTED_EDGE('',*,*,#4108,.F.);
#2237=ORIENTED_EDGE('',*,*,#3976,.T.);
#2238=ORIENTED_EDGE('',*,*,#3971,.T.);
#2239=ORIENTED_EDGE('',*,*,#3978,.F.);
#2240=ORIENTED_EDGE('',*,*,#4107,.F.);
#2241=ORIENTED_EDGE('',*,*,#4065,.F.);
#2242=ORIENTED_EDGE('',*,*,#3627,.T.);
#2243=ORIENTED_EDGE('',*,*,#4082,.F.);
#2244=ORIENTED_EDGE('',*,*,#4236,.T.);
#2245=ORIENTED_EDGE('',*,*,#4088,.T.);
#2246=ORIENTED_EDGE('',*,*,#4085,.T.);
#2247=ORIENTED_EDGE('',*,*,#4236,.F.);
#2248=ORIENTED_EDGE('',*,*,#4081,.T.);
#2249=ORIENTED_EDGE('',*,*,#4070,.T.);
#2250=ORIENTED_EDGE('',*,*,#3649,.T.);
#2251=ORIENTED_EDGE('',*,*,#4226,.F.);
#2252=ORIENTED_EDGE('',*,*,#4237,.T.);
#2253=ORIENTED_EDGE('',*,*,#4076,.T.);
#2254=ORIENTED_EDGE('',*,*,#4077,.T.);
#2255=ORIENTED_EDGE('',*,*,#4237,.F.);
#2256=ORIENTED_EDGE('',*,*,#4225,.T.);
#2257=ORIENTED_EDGE('',*,*,#4215,.T.);
#2258=ORIENTED_EDGE('',*,*,#4238,.T.);
#2259=ORIENTED_EDGE('',*,*,#3799,.F.);
#2260=ORIENTED_EDGE('',*,*,#4239,.F.);
#2261=ORIENTED_EDGE('',*,*,#4240,.T.);
#2262=ORIENTED_EDGE('',*,*,#4241,.T.);
#2263=ORIENTED_EDGE('',*,*,#4240,.F.);
#2264=ORIENTED_EDGE('',*,*,#4242,.F.);
#2265=ORIENTED_EDGE('',*,*,#4161,.T.);
#2266=ORIENTED_EDGE('',*,*,#4239,.T.);
#2267=ORIENTED_EDGE('',*,*,#3798,.T.);
#2268=ORIENTED_EDGE('',*,*,#3959,.T.);
#2269=ORIENTED_EDGE('',*,*,#4162,.T.);
#2270=ORIENTED_EDGE('',*,*,#4242,.T.);
#2271=ORIENTED_EDGE('',*,*,#4238,.F.);
#2272=ORIENTED_EDGE('',*,*,#4241,.F.);
#2273=ORIENTED_EDGE('',*,*,#4160,.F.);
#2274=ORIENTED_EDGE('',*,*,#3954,.F.);
#2275=ORIENTED_EDGE('',*,*,#3800,.F.);
#2276=ORIENTED_EDGE('',*,*,#4214,.T.);
#2277=ORIENTED_EDGE('',*,*,#4243,.F.);
#2278=ORIENTED_EDGE('',*,*,#4244,.F.);
#2279=ORIENTED_EDGE('',*,*,#4072,.T.);
#2280=ORIENTED_EDGE('',*,*,#4213,.T.);
#2281=ORIENTED_EDGE('',*,*,#3622,.F.);
#2282=ORIENTED_EDGE('',*,*,#4245,.F.);
#2283=ORIENTED_EDGE('',*,*,#4243,.T.);
#2284=ORIENTED_EDGE('',*,*,#4060,.T.);
#2285=ORIENTED_EDGE('',*,*,#4246,.F.);
#2286=ORIENTED_EDGE('',*,*,#4247,.F.);
#2287=ORIENTED_EDGE('',*,*,#3620,.T.);
#2288=ORIENTED_EDGE('',*,*,#4059,.T.);
#2289=ORIENTED_EDGE('',*,*,#4080,.F.);
#2290=ORIENTED_EDGE('',*,*,#4248,.F.);
#2291=ORIENTED_EDGE('',*,*,#4246,.T.);
#2292=ORIENTED_EDGE('',*,*,#4249,.F.);
#2293=ORIENTED_EDGE('',*,*,#4165,.T.);
#2294=ORIENTED_EDGE('',*,*,#4073,.T.);
#2295=ORIENTED_EDGE('',*,*,#4244,.T.);
#2296=ORIENTED_EDGE('',*,*,#4245,.T.);
#2297=ORIENTED_EDGE('',*,*,#3621,.T.);
#2298=ORIENTED_EDGE('',*,*,#4247,.T.);
#2299=ORIENTED_EDGE('',*,*,#4248,.T.);
#2300=ORIENTED_EDGE('',*,*,#4079,.T.);
#2301=ORIENTED_EDGE('',*,*,#4189,.T.);
#2302=ORIENTED_EDGE('',*,*,#4250,.T.);
#2303=ORIENTED_EDGE('',*,*,#4251,.T.);
#2304=ORIENTED_EDGE('',*,*,#4252,.F.);
#2305=ORIENTED_EDGE('',*,*,#4186,.T.);
#2306=ORIENTED_EDGE('',*,*,#4253,.T.);
#2307=ORIENTED_EDGE('',*,*,#4254,.T.);
#2308=ORIENTED_EDGE('',*,*,#4255,.F.);
#2309=ORIENTED_EDGE('',*,*,#4183,.T.);
#2310=ORIENTED_EDGE('',*,*,#4256,.T.);
#2311=ORIENTED_EDGE('',*,*,#4257,.T.);
#2312=ORIENTED_EDGE('',*,*,#4258,.F.);
#2313=ORIENTED_EDGE('',*,*,#4180,.T.);
#2314=ORIENTED_EDGE('',*,*,#4259,.T.);
#2315=ORIENTED_EDGE('',*,*,#4260,.T.);
#2316=ORIENTED_EDGE('',*,*,#4261,.F.);
#2317=ORIENTED_EDGE('',*,*,#4177,.T.);
#2318=ORIENTED_EDGE('',*,*,#4262,.T.);
#2319=ORIENTED_EDGE('',*,*,#4263,.T.);
#2320=ORIENTED_EDGE('',*,*,#4264,.F.);
#2321=ORIENTED_EDGE('',*,*,#4174,.T.);
#2322=ORIENTED_EDGE('',*,*,#4265,.T.);
#2323=ORIENTED_EDGE('',*,*,#4266,.T.);
#2324=ORIENTED_EDGE('',*,*,#4267,.F.);
#2325=ORIENTED_EDGE('',*,*,#4171,.T.);
#2326=ORIENTED_EDGE('',*,*,#4268,.T.);
#2327=ORIENTED_EDGE('',*,*,#4269,.T.);
#2328=ORIENTED_EDGE('',*,*,#4270,.F.);
#2329=ORIENTED_EDGE('',*,*,#4168,.T.);
#2330=ORIENTED_EDGE('',*,*,#4271,.T.);
#2331=ORIENTED_EDGE('',*,*,#4272,.T.);
#2332=ORIENTED_EDGE('',*,*,#3803,.F.);
#2333=ORIENTED_EDGE('',*,*,#3634,.F.);
#2334=ORIENTED_EDGE('',*,*,#4273,.F.);
#2335=ORIENTED_EDGE('',*,*,#4274,.F.);
#2336=ORIENTED_EDGE('',*,*,#3804,.F.);
#2337=ORIENTED_EDGE('',*,*,#4274,.T.);
#2338=ORIENTED_EDGE('',*,*,#4275,.F.);
#2339=ORIENTED_EDGE('',*,*,#4092,.T.);
#2340=ORIENTED_EDGE('',*,*,#4093,.F.);
#2341=ORIENTED_EDGE('',*,*,#4275,.T.);
#2342=ORIENTED_EDGE('',*,*,#4273,.T.);
#2343=ORIENTED_EDGE('',*,*,#3633,.F.);
#2344=ORIENTED_EDGE('',*,*,#3841,.F.);
#2345=ORIENTED_EDGE('',*,*,#4276,.T.);
#2346=ORIENTED_EDGE('',*,*,#4277,.F.);
#2347=ORIENTED_EDGE('',*,*,#3642,.T.);
#2348=ORIENTED_EDGE('',*,*,#3840,.F.);
#2349=ORIENTED_EDGE('',*,*,#4100,.F.);
#2350=ORIENTED_EDGE('',*,*,#4278,.F.);
#2351=ORIENTED_EDGE('',*,*,#4276,.F.);
#2352=ORIENTED_EDGE('',*,*,#4277,.T.);
#2353=ORIENTED_EDGE('',*,*,#4278,.T.);
#2354=ORIENTED_EDGE('',*,*,#4099,.F.);
#2355=ORIENTED_EDGE('',*,*,#3643,.F.);
#2356=ORIENTED_EDGE('',*,*,#3676,.T.);
#2357=ORIENTED_EDGE('',*,*,#3930,.T.);
#2358=ORIENTED_EDGE('',*,*,#4187,.T.);
#2359=ORIENTED_EDGE('',*,*,#4252,.T.);
#2360=ORIENTED_EDGE('',*,*,#4279,.T.);
#2361=ORIENTED_EDGE('',*,*,#4188,.F.);
#2362=ORIENTED_EDGE('',*,*,#3931,.F.);
#2363=ORIENTED_EDGE('',*,*,#3678,.F.);
#2364=ORIENTED_EDGE('',*,*,#4280,.F.);
#2365=ORIENTED_EDGE('',*,*,#4250,.F.);
#2366=ORIENTED_EDGE('',*,*,#4251,.F.);
#2367=ORIENTED_EDGE('',*,*,#4280,.T.);
#2368=ORIENTED_EDGE('',*,*,#3677,.F.);
#2369=ORIENTED_EDGE('',*,*,#4279,.F.);
#2370=ORIENTED_EDGE('',*,*,#4281,.T.);
#2371=ORIENTED_EDGE('',*,*,#4156,.T.);
#2372=ORIENTED_EDGE('',*,*,#4192,.T.);
#2373=ORIENTED_EDGE('',*,*,#4282,.T.);
#2374=ORIENTED_EDGE('',*,*,#4283,.T.);
#2375=ORIENTED_EDGE('',*,*,#4284,.T.);
#2376=ORIENTED_EDGE('',*,*,#4158,.F.);
#2377=ORIENTED_EDGE('',*,*,#4285,.F.);
#2378=ORIENTED_EDGE('',*,*,#4286,.F.);
#2379=ORIENTED_EDGE('',*,*,#4287,.F.);
#2380=ORIENTED_EDGE('',*,*,#4288,.F.);
#2381=ORIENTED_EDGE('',*,*,#4190,.F.);
#2382=ORIENTED_EDGE('',*,*,#4157,.F.);
#2383=ORIENTED_EDGE('',*,*,#4281,.F.);
#2384=ORIENTED_EDGE('',*,*,#4289,.T.);
#2385=ORIENTED_EDGE('',*,*,#4285,.T.);
#2386=ORIENTED_EDGE('',*,*,#4191,.F.);
#2387=ORIENTED_EDGE('',*,*,#4288,.T.);
#2388=ORIENTED_EDGE('',*,*,#4290,.F.);
#2389=ORIENTED_EDGE('',*,*,#4282,.F.);
#2390=ORIENTED_EDGE('',*,*,#4287,.T.);
#2391=ORIENTED_EDGE('',*,*,#4291,.F.);
#2392=ORIENTED_EDGE('',*,*,#4283,.F.);
#2393=ORIENTED_EDGE('',*,*,#4290,.T.);
#2394=ORIENTED_EDGE('',*,*,#4286,.T.);
#2395=ORIENTED_EDGE('',*,*,#4289,.F.);
#2396=ORIENTED_EDGE('',*,*,#4284,.F.);
#2397=ORIENTED_EDGE('',*,*,#4291,.T.);
#2398=ORIENTED_EDGE('',*,*,#4292,.F.);
#2399=ORIENTED_EDGE('',*,*,#4008,.T.);
#2400=ORIENTED_EDGE('',*,*,#4293,.T.);
#2401=ORIENTED_EDGE('',*,*,#4294,.F.);
#2402=ORIENTED_EDGE('',*,*,#4295,.T.);
#2403=ORIENTED_EDGE('',*,*,#4296,.F.);
#2404=ORIENTED_EDGE('',*,*,#4297,.F.);
#2405=ORIENTED_EDGE('',*,*,#4294,.T.);
#2406=ORIENTED_EDGE('',*,*,#4298,.T.);
#2407=ORIENTED_EDGE('',*,*,#4299,.F.);
#2408=ORIENTED_EDGE('',*,*,#4300,.F.);
#2409=ORIENTED_EDGE('',*,*,#4296,.T.);
#2410=ORIENTED_EDGE('',*,*,#4044,.F.);
#2411=ORIENTED_EDGE('',*,*,#4301,.F.);
#2412=ORIENTED_EDGE('',*,*,#4299,.T.);
#2413=ORIENTED_EDGE('',*,*,#4302,.T.);
#2414=ORIENTED_EDGE('',*,*,#4301,.T.);
#2415=ORIENTED_EDGE('',*,*,#4043,.T.);
#2416=ORIENTED_EDGE('',*,*,#4009,.F.);
#2417=ORIENTED_EDGE('',*,*,#4292,.T.);
#2418=ORIENTED_EDGE('',*,*,#4297,.T.);
#2419=ORIENTED_EDGE('',*,*,#4300,.T.);
#2420=ORIENTED_EDGE('',*,*,#4045,.F.);
#2421=ORIENTED_EDGE('',*,*,#4302,.F.);
#2422=ORIENTED_EDGE('',*,*,#4298,.F.);
#2423=ORIENTED_EDGE('',*,*,#4295,.F.);
#2424=ORIENTED_EDGE('',*,*,#4293,.F.);
#2425=ORIENTED_EDGE('',*,*,#4007,.T.);
#2426=ORIENTED_EDGE('',*,*,#3992,.F.);
#2427=ORIENTED_EDGE('',*,*,#4303,.F.);
#2428=ORIENTED_EDGE('',*,*,#4304,.F.);
#2429=ORIENTED_EDGE('',*,*,#4305,.T.);
#2430=ORIENTED_EDGE('',*,*,#4306,.F.);
#2431=ORIENTED_EDGE('',*,*,#3816,.T.);
#2432=ORIENTED_EDGE('',*,*,#4307,.T.);
#2433=ORIENTED_EDGE('',*,*,#4308,.T.);
#2434=ORIENTED_EDGE('',*,*,#4309,.F.);
#2435=ORIENTED_EDGE('',*,*,#4308,.F.);
#2436=ORIENTED_EDGE('',*,*,#4310,.T.);
#2437=ORIENTED_EDGE('',*,*,#4311,.T.);
#2438=ORIENTED_EDGE('',*,*,#4312,.F.);
#2439=ORIENTED_EDGE('',*,*,#4311,.F.);
#2440=ORIENTED_EDGE('',*,*,#4313,.T.);
#2441=ORIENTED_EDGE('',*,*,#4304,.T.);
#2442=ORIENTED_EDGE('',*,*,#3815,.F.);
#2443=ORIENTED_EDGE('',*,*,#3993,.T.);
#2444=ORIENTED_EDGE('',*,*,#4305,.F.);
#2445=ORIENTED_EDGE('',*,*,#4313,.F.);
#2446=ORIENTED_EDGE('',*,*,#4310,.F.);
#2447=ORIENTED_EDGE('',*,*,#4307,.F.);
#2448=ORIENTED_EDGE('',*,*,#3991,.F.);
#2449=ORIENTED_EDGE('',*,*,#3817,.T.);
#2450=ORIENTED_EDGE('',*,*,#4306,.T.);
#2451=ORIENTED_EDGE('',*,*,#4309,.T.);
#2452=ORIENTED_EDGE('',*,*,#4312,.T.);
#2453=ORIENTED_EDGE('',*,*,#4303,.T.);
#2454=ORIENTED_EDGE('',*,*,#3709,.T.);
#2455=ORIENTED_EDGE('',*,*,#3933,.T.);
#2456=ORIENTED_EDGE('',*,*,#4184,.T.);
#2457=ORIENTED_EDGE('',*,*,#4255,.T.);
#2458=ORIENTED_EDGE('',*,*,#4314,.T.);
#2459=ORIENTED_EDGE('',*,*,#4185,.F.);
#2460=ORIENTED_EDGE('',*,*,#3934,.F.);
#2461=ORIENTED_EDGE('',*,*,#3711,.F.);
#2462=ORIENTED_EDGE('',*,*,#4315,.F.);
#2463=ORIENTED_EDGE('',*,*,#4253,.F.);
#2464=ORIENTED_EDGE('',*,*,#4254,.F.);
#2465=ORIENTED_EDGE('',*,*,#4315,.T.);
#2466=ORIENTED_EDGE('',*,*,#3710,.F.);
#2467=ORIENTED_EDGE('',*,*,#4314,.F.);
#2468=ORIENTED_EDGE('',*,*,#4316,.T.);
#2469=ORIENTED_EDGE('',*,*,#4152,.T.);
#2470=ORIENTED_EDGE('',*,*,#4195,.T.);
#2471=ORIENTED_EDGE('',*,*,#4317,.T.);
#2472=ORIENTED_EDGE('',*,*,#4318,.T.);
#2473=ORIENTED_EDGE('',*,*,#4319,.T.);
#2474=ORIENTED_EDGE('',*,*,#4154,.F.);
#2475=ORIENTED_EDGE('',*,*,#4320,.F.);
#2476=ORIENTED_EDGE('',*,*,#4321,.F.);
#2477=ORIENTED_EDGE('',*,*,#4322,.F.);
#2478=ORIENTED_EDGE('',*,*,#4323,.F.);
#2479=ORIENTED_EDGE('',*,*,#4193,.F.);
#2480=ORIENTED_EDGE('',*,*,#4153,.F.);
#2481=ORIENTED_EDGE('',*,*,#4316,.F.);
#2482=ORIENTED_EDGE('',*,*,#4324,.T.);
#2483=ORIENTED_EDGE('',*,*,#4320,.T.);
#2484=ORIENTED_EDGE('',*,*,#4194,.F.);
#2485=ORIENTED_EDGE('',*,*,#4323,.T.);
#2486=ORIENTED_EDGE('',*,*,#4325,.F.);
#2487=ORIENTED_EDGE('',*,*,#4317,.F.);
#2488=ORIENTED_EDGE('',*,*,#4322,.T.);
#2489=ORIENTED_EDGE('',*,*,#4326,.F.);
#2490=ORIENTED_EDGE('',*,*,#4318,.F.);
#2491=ORIENTED_EDGE('',*,*,#4325,.T.);
#2492=ORIENTED_EDGE('',*,*,#4321,.T.);
#2493=ORIENTED_EDGE('',*,*,#4324,.F.);
#2494=ORIENTED_EDGE('',*,*,#4319,.F.);
#2495=ORIENTED_EDGE('',*,*,#4326,.T.);
#2496=ORIENTED_EDGE('',*,*,#3705,.T.);
#2497=ORIENTED_EDGE('',*,*,#3936,.T.);
#2498=ORIENTED_EDGE('',*,*,#4181,.T.);
#2499=ORIENTED_EDGE('',*,*,#4258,.T.);
#2500=ORIENTED_EDGE('',*,*,#4327,.T.);
#2501=ORIENTED_EDGE('',*,*,#4182,.F.);
#2502=ORIENTED_EDGE('',*,*,#3937,.F.);
#2503=ORIENTED_EDGE('',*,*,#3707,.F.);
#2504=ORIENTED_EDGE('',*,*,#4328,.F.);
#2505=ORIENTED_EDGE('',*,*,#4256,.F.);
#2506=ORIENTED_EDGE('',*,*,#4257,.F.);
#2507=ORIENTED_EDGE('',*,*,#4328,.T.);
#2508=ORIENTED_EDGE('',*,*,#3706,.F.);
#2509=ORIENTED_EDGE('',*,*,#4327,.F.);
#2510=ORIENTED_EDGE('',*,*,#4329,.T.);
#2511=ORIENTED_EDGE('',*,*,#4148,.T.);
#2512=ORIENTED_EDGE('',*,*,#4198,.T.);
#2513=ORIENTED_EDGE('',*,*,#4330,.T.);
#2514=ORIENTED_EDGE('',*,*,#4331,.T.);
#2515=ORIENTED_EDGE('',*,*,#4332,.T.);
#2516=ORIENTED_EDGE('',*,*,#4150,.F.);
#2517=ORIENTED_EDGE('',*,*,#4333,.F.);
#2518=ORIENTED_EDGE('',*,*,#4334,.F.);
#2519=ORIENTED_EDGE('',*,*,#4335,.F.);
#2520=ORIENTED_EDGE('',*,*,#4336,.F.);
#2521=ORIENTED_EDGE('',*,*,#4196,.F.);
#2522=ORIENTED_EDGE('',*,*,#4149,.F.);
#2523=ORIENTED_EDGE('',*,*,#4329,.F.);
#2524=ORIENTED_EDGE('',*,*,#4337,.T.);
#2525=ORIENTED_EDGE('',*,*,#4333,.T.);
#2526=ORIENTED_EDGE('',*,*,#4197,.F.);
#2527=ORIENTED_EDGE('',*,*,#4336,.T.);
#2528=ORIENTED_EDGE('',*,*,#4338,.F.);
#2529=ORIENTED_EDGE('',*,*,#4330,.F.);
#2530=ORIENTED_EDGE('',*,*,#4335,.T.);
#2531=ORIENTED_EDGE('',*,*,#4339,.F.);
#2532=ORIENTED_EDGE('',*,*,#4331,.F.);
#2533=ORIENTED_EDGE('',*,*,#4338,.T.);
#2534=ORIENTED_EDGE('',*,*,#4334,.T.);
#2535=ORIENTED_EDGE('',*,*,#4337,.F.);
#2536=ORIENTED_EDGE('',*,*,#4332,.F.);
#2537=ORIENTED_EDGE('',*,*,#4339,.T.);
#2538=ORIENTED_EDGE('',*,*,#3701,.T.);
#2539=ORIENTED_EDGE('',*,*,#3939,.T.);
#2540=ORIENTED_EDGE('',*,*,#4178,.T.);
#2541=ORIENTED_EDGE('',*,*,#4261,.T.);
#2542=ORIENTED_EDGE('',*,*,#4340,.T.);
#2543=ORIENTED_EDGE('',*,*,#4179,.F.);
#2544=ORIENTED_EDGE('',*,*,#3940,.F.);
#2545=ORIENTED_EDGE('',*,*,#3703,.F.);
#2546=ORIENTED_EDGE('',*,*,#4341,.F.);
#2547=ORIENTED_EDGE('',*,*,#4259,.F.);
#2548=ORIENTED_EDGE('',*,*,#4260,.F.);
#2549=ORIENTED_EDGE('',*,*,#4341,.T.);
#2550=ORIENTED_EDGE('',*,*,#3702,.F.);
#2551=ORIENTED_EDGE('',*,*,#4340,.F.);
#2552=ORIENTED_EDGE('',*,*,#4342,.T.);
#2553=ORIENTED_EDGE('',*,*,#4144,.T.);
#2554=ORIENTED_EDGE('',*,*,#4201,.T.);
#2555=ORIENTED_EDGE('',*,*,#4343,.T.);
#2556=ORIENTED_EDGE('',*,*,#4344,.T.);
#2557=ORIENTED_EDGE('',*,*,#4345,.T.);
#2558=ORIENTED_EDGE('',*,*,#4146,.F.);
#2559=ORIENTED_EDGE('',*,*,#4346,.F.);
#2560=ORIENTED_EDGE('',*,*,#4347,.F.);
#2561=ORIENTED_EDGE('',*,*,#4348,.F.);
#2562=ORIENTED_EDGE('',*,*,#4349,.F.);
#2563=ORIENTED_EDGE('',*,*,#4199,.F.);
#2564=ORIENTED_EDGE('',*,*,#4145,.F.);
#2565=ORIENTED_EDGE('',*,*,#4342,.F.);
#2566=ORIENTED_EDGE('',*,*,#4350,.T.);
#2567=ORIENTED_EDGE('',*,*,#4346,.T.);
#2568=ORIENTED_EDGE('',*,*,#4200,.F.);
#2569=ORIENTED_EDGE('',*,*,#4349,.T.);
#2570=ORIENTED_EDGE('',*,*,#4351,.F.);
#2571=ORIENTED_EDGE('',*,*,#4343,.F.);
#2572=ORIENTED_EDGE('',*,*,#4348,.T.);
#2573=ORIENTED_EDGE('',*,*,#4352,.F.);
#2574=ORIENTED_EDGE('',*,*,#4344,.F.);
#2575=ORIENTED_EDGE('',*,*,#4351,.T.);
#2576=ORIENTED_EDGE('',*,*,#4347,.T.);
#2577=ORIENTED_EDGE('',*,*,#4350,.F.);
#2578=ORIENTED_EDGE('',*,*,#4345,.F.);
#2579=ORIENTED_EDGE('',*,*,#4352,.T.);
#2580=ORIENTED_EDGE('',*,*,#3697,.T.);
#2581=ORIENTED_EDGE('',*,*,#3942,.T.);
#2582=ORIENTED_EDGE('',*,*,#4175,.T.);
#2583=ORIENTED_EDGE('',*,*,#4264,.T.);
#2584=ORIENTED_EDGE('',*,*,#4353,.T.);
#2585=ORIENTED_EDGE('',*,*,#4176,.F.);
#2586=ORIENTED_EDGE('',*,*,#3943,.F.);
#2587=ORIENTED_EDGE('',*,*,#3699,.F.);
#2588=ORIENTED_EDGE('',*,*,#4354,.F.);
#2589=ORIENTED_EDGE('',*,*,#4262,.F.);
#2590=ORIENTED_EDGE('',*,*,#4263,.F.);
#2591=ORIENTED_EDGE('',*,*,#4354,.T.);
#2592=ORIENTED_EDGE('',*,*,#3698,.F.);
#2593=ORIENTED_EDGE('',*,*,#4353,.F.);
#2594=ORIENTED_EDGE('',*,*,#4355,.T.);
#2595=ORIENTED_EDGE('',*,*,#4140,.T.);
#2596=ORIENTED_EDGE('',*,*,#4204,.T.);
#2597=ORIENTED_EDGE('',*,*,#4356,.T.);
#2598=ORIENTED_EDGE('',*,*,#4357,.T.);
#2599=ORIENTED_EDGE('',*,*,#4358,.T.);
#2600=ORIENTED_EDGE('',*,*,#4142,.F.);
#2601=ORIENTED_EDGE('',*,*,#4359,.F.);
#2602=ORIENTED_EDGE('',*,*,#4360,.F.);
#2603=ORIENTED_EDGE('',*,*,#4361,.F.);
#2604=ORIENTED_EDGE('',*,*,#4362,.F.);
#2605=ORIENTED_EDGE('',*,*,#4202,.F.);
#2606=ORIENTED_EDGE('',*,*,#4141,.F.);
#2607=ORIENTED_EDGE('',*,*,#4355,.F.);
#2608=ORIENTED_EDGE('',*,*,#4363,.T.);
#2609=ORIENTED_EDGE('',*,*,#4359,.T.);
#2610=ORIENTED_EDGE('',*,*,#4203,.F.);
#2611=ORIENTED_EDGE('',*,*,#4362,.T.);
#2612=ORIENTED_EDGE('',*,*,#4364,.F.);
#2613=ORIENTED_EDGE('',*,*,#4356,.F.);
#2614=ORIENTED_EDGE('',*,*,#4361,.T.);
#2615=ORIENTED_EDGE('',*,*,#4365,.F.);
#2616=ORIENTED_EDGE('',*,*,#4357,.F.);
#2617=ORIENTED_EDGE('',*,*,#4364,.T.);
#2618=ORIENTED_EDGE('',*,*,#4360,.T.);
#2619=ORIENTED_EDGE('',*,*,#4363,.F.);
#2620=ORIENTED_EDGE('',*,*,#4358,.F.);
#2621=ORIENTED_EDGE('',*,*,#4365,.T.);
#2622=ORIENTED_EDGE('',*,*,#3693,.T.);
#2623=ORIENTED_EDGE('',*,*,#3945,.T.);
#2624=ORIENTED_EDGE('',*,*,#4172,.T.);
#2625=ORIENTED_EDGE('',*,*,#4267,.T.);
#2626=ORIENTED_EDGE('',*,*,#4366,.T.);
#2627=ORIENTED_EDGE('',*,*,#4173,.F.);
#2628=ORIENTED_EDGE('',*,*,#3946,.F.);
#2629=ORIENTED_EDGE('',*,*,#3695,.F.);
#2630=ORIENTED_EDGE('',*,*,#4367,.F.);
#2631=ORIENTED_EDGE('',*,*,#4265,.F.);
#2632=ORIENTED_EDGE('',*,*,#4266,.F.);
#2633=ORIENTED_EDGE('',*,*,#4367,.T.);
#2634=ORIENTED_EDGE('',*,*,#3694,.F.);
#2635=ORIENTED_EDGE('',*,*,#4366,.F.);
#2636=ORIENTED_EDGE('',*,*,#4368,.T.);
#2637=ORIENTED_EDGE('',*,*,#4136,.T.);
#2638=ORIENTED_EDGE('',*,*,#4207,.T.);
#2639=ORIENTED_EDGE('',*,*,#4369,.T.);
#2640=ORIENTED_EDGE('',*,*,#4370,.T.);
#2641=ORIENTED_EDGE('',*,*,#4371,.T.);
#2642=ORIENTED_EDGE('',*,*,#4138,.F.);
#2643=ORIENTED_EDGE('',*,*,#4372,.F.);
#2644=ORIENTED_EDGE('',*,*,#4373,.F.);
#2645=ORIENTED_EDGE('',*,*,#4374,.F.);
#2646=ORIENTED_EDGE('',*,*,#4375,.F.);
#2647=ORIENTED_EDGE('',*,*,#4205,.F.);
#2648=ORIENTED_EDGE('',*,*,#4137,.F.);
#2649=ORIENTED_EDGE('',*,*,#4368,.F.);
#2650=ORIENTED_EDGE('',*,*,#4376,.T.);
#2651=ORIENTED_EDGE('',*,*,#4372,.T.);
#2652=ORIENTED_EDGE('',*,*,#4206,.F.);
#2653=ORIENTED_EDGE('',*,*,#4375,.T.);
#2654=ORIENTED_EDGE('',*,*,#4377,.F.);
#2655=ORIENTED_EDGE('',*,*,#4369,.F.);
#2656=ORIENTED_EDGE('',*,*,#4374,.T.);
#2657=ORIENTED_EDGE('',*,*,#4378,.F.);
#2658=ORIENTED_EDGE('',*,*,#4370,.F.);
#2659=ORIENTED_EDGE('',*,*,#4377,.T.);
#2660=ORIENTED_EDGE('',*,*,#4373,.T.);
#2661=ORIENTED_EDGE('',*,*,#4376,.F.);
#2662=ORIENTED_EDGE('',*,*,#4371,.F.);
#2663=ORIENTED_EDGE('',*,*,#4378,.T.);
#2664=ORIENTED_EDGE('',*,*,#3689,.T.);
#2665=ORIENTED_EDGE('',*,*,#3948,.T.);
#2666=ORIENTED_EDGE('',*,*,#4169,.T.);
#2667=ORIENTED_EDGE('',*,*,#4270,.T.);
#2668=ORIENTED_EDGE('',*,*,#4379,.T.);
#2669=ORIENTED_EDGE('',*,*,#4170,.F.);
#2670=ORIENTED_EDGE('',*,*,#3949,.F.);
#2671=ORIENTED_EDGE('',*,*,#3691,.F.);
#2672=ORIENTED_EDGE('',*,*,#4380,.F.);
#2673=ORIENTED_EDGE('',*,*,#4268,.F.);
#2674=ORIENTED_EDGE('',*,*,#4269,.F.);
#2675=ORIENTED_EDGE('',*,*,#4380,.T.);
#2676=ORIENTED_EDGE('',*,*,#3690,.F.);
#2677=ORIENTED_EDGE('',*,*,#4379,.F.);
#2678=ORIENTED_EDGE('',*,*,#4381,.T.);
#2679=ORIENTED_EDGE('',*,*,#4132,.T.);
#2680=ORIENTED_EDGE('',*,*,#4210,.T.);
#2681=ORIENTED_EDGE('',*,*,#4382,.T.);
#2682=ORIENTED_EDGE('',*,*,#4383,.T.);
#2683=ORIENTED_EDGE('',*,*,#4384,.T.);
#2684=ORIENTED_EDGE('',*,*,#4134,.F.);
#2685=ORIENTED_EDGE('',*,*,#4385,.F.);
#2686=ORIENTED_EDGE('',*,*,#4386,.F.);
#2687=ORIENTED_EDGE('',*,*,#4387,.F.);
#2688=ORIENTED_EDGE('',*,*,#4388,.F.);
#2689=ORIENTED_EDGE('',*,*,#4208,.F.);
#2690=ORIENTED_EDGE('',*,*,#4133,.F.);
#2691=ORIENTED_EDGE('',*,*,#4381,.F.);
#2692=ORIENTED_EDGE('',*,*,#4389,.T.);
#2693=ORIENTED_EDGE('',*,*,#4385,.T.);
#2694=ORIENTED_EDGE('',*,*,#4209,.F.);
#2695=ORIENTED_EDGE('',*,*,#4388,.T.);
#2696=ORIENTED_EDGE('',*,*,#4390,.F.);
#2697=ORIENTED_EDGE('',*,*,#4382,.F.);
#2698=ORIENTED_EDGE('',*,*,#4387,.T.);
#2699=ORIENTED_EDGE('',*,*,#4391,.F.);
#2700=ORIENTED_EDGE('',*,*,#4383,.F.);
#2701=ORIENTED_EDGE('',*,*,#4390,.T.);
#2702=ORIENTED_EDGE('',*,*,#4386,.T.);
#2703=ORIENTED_EDGE('',*,*,#4389,.F.);
#2704=ORIENTED_EDGE('',*,*,#4384,.F.);
#2705=ORIENTED_EDGE('',*,*,#4391,.T.);
#2706=ORIENTED_EDGE('',*,*,#3685,.T.);
#2707=ORIENTED_EDGE('',*,*,#3951,.T.);
#2708=ORIENTED_EDGE('',*,*,#4166,.T.);
#2709=ORIENTED_EDGE('',*,*,#4249,.T.);
#2710=ORIENTED_EDGE('',*,*,#4392,.T.);
#2711=ORIENTED_EDGE('',*,*,#4167,.F.);
#2712=ORIENTED_EDGE('',*,*,#3952,.F.);
#2713=ORIENTED_EDGE('',*,*,#3687,.F.);
#2714=ORIENTED_EDGE('',*,*,#4393,.F.);
#2715=ORIENTED_EDGE('',*,*,#4271,.F.);
#2716=ORIENTED_EDGE('',*,*,#4272,.F.);
#2717=ORIENTED_EDGE('',*,*,#4393,.T.);
#2718=ORIENTED_EDGE('',*,*,#3686,.F.);
#2719=ORIENTED_EDGE('',*,*,#4392,.F.);
#2720=ORIENTED_EDGE('',*,*,#4394,.T.);
#2721=ORIENTED_EDGE('',*,*,#4128,.T.);
#2722=ORIENTED_EDGE('',*,*,#4164,.T.);
#2723=ORIENTED_EDGE('',*,*,#4395,.T.);
#2724=ORIENTED_EDGE('',*,*,#4396,.T.);
#2725=ORIENTED_EDGE('',*,*,#4397,.T.);
#2726=ORIENTED_EDGE('',*,*,#4130,.F.);
#2727=ORIENTED_EDGE('',*,*,#4398,.F.);
#2728=ORIENTED_EDGE('',*,*,#4399,.F.);
#2729=ORIENTED_EDGE('',*,*,#4400,.F.);
#2730=ORIENTED_EDGE('',*,*,#4401,.F.);
#2731=ORIENTED_EDGE('',*,*,#4211,.F.);
#2732=ORIENTED_EDGE('',*,*,#4129,.F.);
#2733=ORIENTED_EDGE('',*,*,#4394,.F.);
#2734=ORIENTED_EDGE('',*,*,#4402,.T.);
#2735=ORIENTED_EDGE('',*,*,#4398,.T.);
#2736=ORIENTED_EDGE('',*,*,#4212,.F.);
#2737=ORIENTED_EDGE('',*,*,#4401,.T.);
#2738=ORIENTED_EDGE('',*,*,#4403,.F.);
#2739=ORIENTED_EDGE('',*,*,#4395,.F.);
#2740=ORIENTED_EDGE('',*,*,#4400,.T.);
#2741=ORIENTED_EDGE('',*,*,#4404,.F.);
#2742=ORIENTED_EDGE('',*,*,#4396,.F.);
#2743=ORIENTED_EDGE('',*,*,#4403,.T.);
#2744=ORIENTED_EDGE('',*,*,#4399,.T.);
#2745=ORIENTED_EDGE('',*,*,#4402,.F.);
#2746=ORIENTED_EDGE('',*,*,#4397,.F.);
#2747=ORIENTED_EDGE('',*,*,#4404,.T.);
#2748=ORIENTED_EDGE('',*,*,#4405,.F.);
#2749=ORIENTED_EDGE('',*,*,#4012,.T.);
#2750=ORIENTED_EDGE('',*,*,#4406,.T.);
#2751=ORIENTED_EDGE('',*,*,#4407,.F.);
#2752=ORIENTED_EDGE('',*,*,#4013,.F.);
#2753=ORIENTED_EDGE('',*,*,#4405,.T.);
#2754=ORIENTED_EDGE('',*,*,#4408,.T.);
#2755=ORIENTED_EDGE('',*,*,#4409,.T.);
#2756=ORIENTED_EDGE('',*,*,#4410,.T.);
#2757=ORIENTED_EDGE('',*,*,#4040,.T.);
#2758=ORIENTED_EDGE('',*,*,#4406,.F.);
#2759=ORIENTED_EDGE('',*,*,#4011,.T.);
#2760=ORIENTED_EDGE('',*,*,#4042,.F.);
#2761=ORIENTED_EDGE('',*,*,#4411,.F.);
#2762=ORIENTED_EDGE('',*,*,#4412,.F.);
#2763=ORIENTED_EDGE('',*,*,#4413,.F.);
#2764=ORIENTED_EDGE('',*,*,#4413,.T.);
#2765=ORIENTED_EDGE('',*,*,#4414,.F.);
#2766=ORIENTED_EDGE('',*,*,#4408,.F.);
#2767=ORIENTED_EDGE('',*,*,#4407,.T.);
#2768=ORIENTED_EDGE('',*,*,#4412,.T.);
#2769=ORIENTED_EDGE('',*,*,#4415,.F.);
#2770=ORIENTED_EDGE('',*,*,#4409,.F.);
#2771=ORIENTED_EDGE('',*,*,#4414,.T.);
#2772=ORIENTED_EDGE('',*,*,#4041,.F.);
#2773=ORIENTED_EDGE('',*,*,#4410,.F.);
#2774=ORIENTED_EDGE('',*,*,#4415,.T.);
#2775=ORIENTED_EDGE('',*,*,#4411,.T.);
#2776=ORIENTED_EDGE('',*,*,#4416,.F.);
#2777=ORIENTED_EDGE('',*,*,#4016,.T.);
#2778=ORIENTED_EDGE('',*,*,#4417,.T.);
#2779=ORIENTED_EDGE('',*,*,#4418,.F.);
#2780=ORIENTED_EDGE('',*,*,#4017,.F.);
#2781=ORIENTED_EDGE('',*,*,#4416,.T.);
#2782=ORIENTED_EDGE('',*,*,#4419,.T.);
#2783=ORIENTED_EDGE('',*,*,#4420,.T.);
#2784=ORIENTED_EDGE('',*,*,#4421,.T.);
#2785=ORIENTED_EDGE('',*,*,#4037,.T.);
#2786=ORIENTED_EDGE('',*,*,#4417,.F.);
#2787=ORIENTED_EDGE('',*,*,#4015,.T.);
#2788=ORIENTED_EDGE('',*,*,#4039,.F.);
#2789=ORIENTED_EDGE('',*,*,#4422,.F.);
#2790=ORIENTED_EDGE('',*,*,#4423,.F.);
#2791=ORIENTED_EDGE('',*,*,#4424,.F.);
#2792=ORIENTED_EDGE('',*,*,#4424,.T.);
#2793=ORIENTED_EDGE('',*,*,#4425,.F.);
#2794=ORIENTED_EDGE('',*,*,#4419,.F.);
#2795=ORIENTED_EDGE('',*,*,#4418,.T.);
#2796=ORIENTED_EDGE('',*,*,#4423,.T.);
#2797=ORIENTED_EDGE('',*,*,#4426,.F.);
#2798=ORIENTED_EDGE('',*,*,#4420,.F.);
#2799=ORIENTED_EDGE('',*,*,#4425,.T.);
#2800=ORIENTED_EDGE('',*,*,#4038,.F.);
#2801=ORIENTED_EDGE('',*,*,#4421,.F.);
#2802=ORIENTED_EDGE('',*,*,#4426,.T.);
#2803=ORIENTED_EDGE('',*,*,#4422,.T.);
#2804=ORIENTED_EDGE('',*,*,#4427,.F.);
#2805=ORIENTED_EDGE('',*,*,#4020,.T.);
#2806=ORIENTED_EDGE('',*,*,#4428,.T.);
#2807=ORIENTED_EDGE('',*,*,#4429,.F.);
#2808=ORIENTED_EDGE('',*,*,#4021,.F.);
#2809=ORIENTED_EDGE('',*,*,#4427,.T.);
#2810=ORIENTED_EDGE('',*,*,#4430,.T.);
#2811=ORIENTED_EDGE('',*,*,#4431,.T.);
#2812=ORIENTED_EDGE('',*,*,#4432,.T.);
#2813=ORIENTED_EDGE('',*,*,#4034,.T.);
#2814=ORIENTED_EDGE('',*,*,#4428,.F.);
#2815=ORIENTED_EDGE('',*,*,#4019,.T.);
#2816=ORIENTED_EDGE('',*,*,#4036,.F.);
#2817=ORIENTED_EDGE('',*,*,#4433,.F.);
#2818=ORIENTED_EDGE('',*,*,#4434,.F.);
#2819=ORIENTED_EDGE('',*,*,#4435,.F.);
#2820=ORIENTED_EDGE('',*,*,#4435,.T.);
#2821=ORIENTED_EDGE('',*,*,#4436,.F.);
#2822=ORIENTED_EDGE('',*,*,#4430,.F.);
#2823=ORIENTED_EDGE('',*,*,#4429,.T.);
#2824=ORIENTED_EDGE('',*,*,#4434,.T.);
#2825=ORIENTED_EDGE('',*,*,#4437,.F.);
#2826=ORIENTED_EDGE('',*,*,#4431,.F.);
#2827=ORIENTED_EDGE('',*,*,#4436,.T.);
#2828=ORIENTED_EDGE('',*,*,#4035,.F.);
#2829=ORIENTED_EDGE('',*,*,#4432,.F.);
#2830=ORIENTED_EDGE('',*,*,#4437,.T.);
#2831=ORIENTED_EDGE('',*,*,#4433,.T.);
#2832=ORIENTED_EDGE('',*,*,#3989,.F.);
#2833=ORIENTED_EDGE('',*,*,#4438,.F.);
#2834=ORIENTED_EDGE('',*,*,#4439,.F.);
#2835=ORIENTED_EDGE('',*,*,#4440,.T.);
#2836=ORIENTED_EDGE('',*,*,#4441,.F.);
#2837=ORIENTED_EDGE('',*,*,#3820,.T.);
#2838=ORIENTED_EDGE('',*,*,#4442,.T.);
#2839=ORIENTED_EDGE('',*,*,#4443,.T.);
#2840=ORIENTED_EDGE('',*,*,#4444,.F.);
#2841=ORIENTED_EDGE('',*,*,#4443,.F.);
#2842=ORIENTED_EDGE('',*,*,#4445,.T.);
#2843=ORIENTED_EDGE('',*,*,#4446,.T.);
#2844=ORIENTED_EDGE('',*,*,#4447,.F.);
#2845=ORIENTED_EDGE('',*,*,#4446,.F.);
#2846=ORIENTED_EDGE('',*,*,#4448,.T.);
#2847=ORIENTED_EDGE('',*,*,#4439,.T.);
#2848=ORIENTED_EDGE('',*,*,#3819,.F.);
#2849=ORIENTED_EDGE('',*,*,#3990,.T.);
#2850=ORIENTED_EDGE('',*,*,#4440,.F.);
#2851=ORIENTED_EDGE('',*,*,#4448,.F.);
#2852=ORIENTED_EDGE('',*,*,#4445,.F.);
#2853=ORIENTED_EDGE('',*,*,#4442,.F.);
#2854=ORIENTED_EDGE('',*,*,#3988,.F.);
#2855=ORIENTED_EDGE('',*,*,#3821,.T.);
#2856=ORIENTED_EDGE('',*,*,#4441,.T.);
#2857=ORIENTED_EDGE('',*,*,#4444,.T.);
#2858=ORIENTED_EDGE('',*,*,#4447,.T.);
#2859=ORIENTED_EDGE('',*,*,#4438,.T.);
#2860=ORIENTED_EDGE('',*,*,#3986,.F.);
#2861=ORIENTED_EDGE('',*,*,#4449,.F.);
#2862=ORIENTED_EDGE('',*,*,#4450,.F.);
#2863=ORIENTED_EDGE('',*,*,#4451,.T.);
#2864=ORIENTED_EDGE('',*,*,#4452,.F.);
#2865=ORIENTED_EDGE('',*,*,#3824,.T.);
#2866=ORIENTED_EDGE('',*,*,#4453,.T.);
#2867=ORIENTED_EDGE('',*,*,#4454,.T.);
#2868=ORIENTED_EDGE('',*,*,#4455,.F.);
#2869=ORIENTED_EDGE('',*,*,#4454,.F.);
#2870=ORIENTED_EDGE('',*,*,#4456,.T.);
#2871=ORIENTED_EDGE('',*,*,#4457,.T.);
#2872=ORIENTED_EDGE('',*,*,#4458,.F.);
#2873=ORIENTED_EDGE('',*,*,#4457,.F.);
#2874=ORIENTED_EDGE('',*,*,#4459,.T.);
#2875=ORIENTED_EDGE('',*,*,#4450,.T.);
#2876=ORIENTED_EDGE('',*,*,#3823,.F.);
#2877=ORIENTED_EDGE('',*,*,#3987,.T.);
#2878=ORIENTED_EDGE('',*,*,#4451,.F.);
#2879=ORIENTED_EDGE('',*,*,#4459,.F.);
#2880=ORIENTED_EDGE('',*,*,#4456,.F.);
#2881=ORIENTED_EDGE('',*,*,#4453,.F.);
#2882=ORIENTED_EDGE('',*,*,#3985,.F.);
#2883=ORIENTED_EDGE('',*,*,#3825,.T.);
#2884=ORIENTED_EDGE('',*,*,#4452,.T.);
#2885=ORIENTED_EDGE('',*,*,#4455,.T.);
#2886=ORIENTED_EDGE('',*,*,#4458,.T.);
#2887=ORIENTED_EDGE('',*,*,#4449,.T.);
#2888=ORIENTED_EDGE('',*,*,#3983,.F.);
#2889=ORIENTED_EDGE('',*,*,#4460,.F.);
#2890=ORIENTED_EDGE('',*,*,#4461,.F.);
#2891=ORIENTED_EDGE('',*,*,#4462,.T.);
#2892=ORIENTED_EDGE('',*,*,#4463,.F.);
#2893=ORIENTED_EDGE('',*,*,#3828,.T.);
#2894=ORIENTED_EDGE('',*,*,#4464,.T.);
#2895=ORIENTED_EDGE('',*,*,#4465,.T.);
#2896=ORIENTED_EDGE('',*,*,#4466,.F.);
#2897=ORIENTED_EDGE('',*,*,#4465,.F.);
#2898=ORIENTED_EDGE('',*,*,#4467,.T.);
#2899=ORIENTED_EDGE('',*,*,#4468,.T.);
#2900=ORIENTED_EDGE('',*,*,#4469,.F.);
#2901=ORIENTED_EDGE('',*,*,#4468,.F.);
#2902=ORIENTED_EDGE('',*,*,#4470,.T.);
#2903=ORIENTED_EDGE('',*,*,#4461,.T.);
#2904=ORIENTED_EDGE('',*,*,#3827,.F.);
#2905=ORIENTED_EDGE('',*,*,#3984,.T.);
#2906=ORIENTED_EDGE('',*,*,#4462,.F.);
#2907=ORIENTED_EDGE('',*,*,#4470,.F.);
#2908=ORIENTED_EDGE('',*,*,#4467,.F.);
#2909=ORIENTED_EDGE('',*,*,#4464,.F.);
#2910=ORIENTED_EDGE('',*,*,#3982,.F.);
#2911=ORIENTED_EDGE('',*,*,#3829,.T.);
#2912=ORIENTED_EDGE('',*,*,#4463,.T.);
#2913=ORIENTED_EDGE('',*,*,#4466,.T.);
#2914=ORIENTED_EDGE('',*,*,#4469,.T.);
#2915=ORIENTED_EDGE('',*,*,#4460,.T.);
#2916=ORIENTED_EDGE('',*,*,#4004,.T.);
#2917=ORIENTED_EDGE('',*,*,#4471,.F.);
#2918=ORIENTED_EDGE('',*,*,#4472,.F.);
#2919=ORIENTED_EDGE('',*,*,#4473,.T.);
#2920=ORIENTED_EDGE('',*,*,#4471,.T.);
#2921=ORIENTED_EDGE('',*,*,#4003,.F.);
#2922=ORIENTED_EDGE('',*,*,#4048,.T.);
#2923=ORIENTED_EDGE('',*,*,#4474,.T.);
#2924=ORIENTED_EDGE('',*,*,#4475,.T.);
#2925=ORIENTED_EDGE('',*,*,#4476,.T.);
#2926=ORIENTED_EDGE('',*,*,#4005,.T.);
#2927=ORIENTED_EDGE('',*,*,#4473,.F.);
#2928=ORIENTED_EDGE('',*,*,#4477,.F.);
#2929=ORIENTED_EDGE('',*,*,#4478,.F.);
#2930=ORIENTED_EDGE('',*,*,#4479,.F.);
#2931=ORIENTED_EDGE('',*,*,#4046,.F.);
#2932=ORIENTED_EDGE('',*,*,#4477,.T.);
#2933=ORIENTED_EDGE('',*,*,#4472,.T.);
#2934=ORIENTED_EDGE('',*,*,#4476,.F.);
#2935=ORIENTED_EDGE('',*,*,#4480,.F.);
#2936=ORIENTED_EDGE('',*,*,#4478,.T.);
#2937=ORIENTED_EDGE('',*,*,#4480,.T.);
#2938=ORIENTED_EDGE('',*,*,#4475,.F.);
#2939=ORIENTED_EDGE('',*,*,#4481,.F.);
#2940=ORIENTED_EDGE('',*,*,#4474,.F.);
#2941=ORIENTED_EDGE('',*,*,#4047,.T.);
#2942=ORIENTED_EDGE('',*,*,#4479,.T.);
#2943=ORIENTED_EDGE('',*,*,#4481,.T.);
#2944=ORIENTED_EDGE('',*,*,#3995,.T.);
#2945=ORIENTED_EDGE('',*,*,#4482,.T.);
#2946=ORIENTED_EDGE('',*,*,#4483,.T.);
#2947=ORIENTED_EDGE('',*,*,#4484,.F.);
#2948=ORIENTED_EDGE('',*,*,#3811,.T.);
#2949=ORIENTED_EDGE('',*,*,#3996,.F.);
#2950=ORIENTED_EDGE('',*,*,#4484,.T.);
#2951=ORIENTED_EDGE('',*,*,#4485,.T.);
#2952=ORIENTED_EDGE('',*,*,#4486,.T.);
#2953=ORIENTED_EDGE('',*,*,#4487,.T.);
#2954=ORIENTED_EDGE('',*,*,#3994,.T.);
#2955=ORIENTED_EDGE('',*,*,#3813,.F.);
#2956=ORIENTED_EDGE('',*,*,#4488,.F.);
#2957=ORIENTED_EDGE('',*,*,#4489,.F.);
#2958=ORIENTED_EDGE('',*,*,#4490,.F.);
#2959=ORIENTED_EDGE('',*,*,#4482,.F.);
#2960=ORIENTED_EDGE('',*,*,#4488,.T.);
#2961=ORIENTED_EDGE('',*,*,#3812,.F.);
#2962=ORIENTED_EDGE('',*,*,#4487,.F.);
#2963=ORIENTED_EDGE('',*,*,#4491,.F.);
#2964=ORIENTED_EDGE('',*,*,#4489,.T.);
#2965=ORIENTED_EDGE('',*,*,#4491,.T.);
#2966=ORIENTED_EDGE('',*,*,#4486,.F.);
#2967=ORIENTED_EDGE('',*,*,#4492,.F.);
#2968=ORIENTED_EDGE('',*,*,#4490,.T.);
#2969=ORIENTED_EDGE('',*,*,#4492,.T.);
#2970=ORIENTED_EDGE('',*,*,#4485,.F.);
#2971=ORIENTED_EDGE('',*,*,#4483,.F.);
#2972=ORIENTED_EDGE('',*,*,#4493,.T.);
#2973=ORIENTED_EDGE('',*,*,#4024,.F.);
#2974=ORIENTED_EDGE('',*,*,#4494,.F.);
#2975=ORIENTED_EDGE('',*,*,#4495,.T.);
#2976=ORIENTED_EDGE('',*,*,#4025,.T.);
#2977=ORIENTED_EDGE('',*,*,#4493,.F.);
#2978=ORIENTED_EDGE('',*,*,#4496,.F.);
#2979=ORIENTED_EDGE('',*,*,#4497,.F.);
#2980=ORIENTED_EDGE('',*,*,#4498,.F.);
#2981=ORIENTED_EDGE('',*,*,#4031,.F.);
#2982=ORIENTED_EDGE('',*,*,#4494,.T.);
#2983=ORIENTED_EDGE('',*,*,#4023,.F.);
#2984=ORIENTED_EDGE('',*,*,#4033,.T.);
#2985=ORIENTED_EDGE('',*,*,#4499,.T.);
#2986=ORIENTED_EDGE('',*,*,#4500,.T.);
#2987=ORIENTED_EDGE('',*,*,#4501,.T.);
#2988=ORIENTED_EDGE('',*,*,#4501,.F.);
#2989=ORIENTED_EDGE('',*,*,#4502,.T.);
#2990=ORIENTED_EDGE('',*,*,#4496,.T.);
#2991=ORIENTED_EDGE('',*,*,#4495,.F.);
#2992=ORIENTED_EDGE('',*,*,#4500,.F.);
#2993=ORIENTED_EDGE('',*,*,#4503,.T.);
#2994=ORIENTED_EDGE('',*,*,#4497,.T.);
#2995=ORIENTED_EDGE('',*,*,#4502,.F.);
#2996=ORIENTED_EDGE('',*,*,#4032,.T.);
#2997=ORIENTED_EDGE('',*,*,#4498,.T.);
#2998=ORIENTED_EDGE('',*,*,#4503,.F.);
#2999=ORIENTED_EDGE('',*,*,#4499,.F.);
#3000=ORIENTED_EDGE('',*,*,#4504,.F.);
#3001=ORIENTED_EDGE('',*,*,#3980,.F.);
#3002=ORIENTED_EDGE('',*,*,#4505,.T.);
#3003=ORIENTED_EDGE('',*,*,#4506,.F.);
#3004=ORIENTED_EDGE('',*,*,#3979,.T.);
#3005=ORIENTED_EDGE('',*,*,#3833,.F.);
#3006=ORIENTED_EDGE('',*,*,#4507,.F.);
#3007=ORIENTED_EDGE('',*,*,#4508,.F.);
#3008=ORIENTED_EDGE('',*,*,#4509,.F.);
#3009=ORIENTED_EDGE('',*,*,#4505,.F.);
#3010=ORIENTED_EDGE('',*,*,#3831,.T.);
#3011=ORIENTED_EDGE('',*,*,#3981,.F.);
#3012=ORIENTED_EDGE('',*,*,#4504,.T.);
#3013=ORIENTED_EDGE('',*,*,#4510,.T.);
#3014=ORIENTED_EDGE('',*,*,#4511,.T.);
#3015=ORIENTED_EDGE('',*,*,#4512,.T.);
#3016=ORIENTED_EDGE('',*,*,#3832,.T.);
#3017=ORIENTED_EDGE('',*,*,#4512,.F.);
#3018=ORIENTED_EDGE('',*,*,#4513,.T.);
#3019=ORIENTED_EDGE('',*,*,#4507,.T.);
#3020=ORIENTED_EDGE('',*,*,#4511,.F.);
#3021=ORIENTED_EDGE('',*,*,#4514,.T.);
#3022=ORIENTED_EDGE('',*,*,#4508,.T.);
#3023=ORIENTED_EDGE('',*,*,#4513,.F.);
#3024=ORIENTED_EDGE('',*,*,#4510,.F.);
#3025=ORIENTED_EDGE('',*,*,#4506,.T.);
#3026=ORIENTED_EDGE('',*,*,#4509,.T.);
#3027=ORIENTED_EDGE('',*,*,#4514,.F.);
#3028=VERTEX_POINT('',#8051);
#3029=VERTEX_POINT('',#8052);
#3030=VERTEX_POINT('',#8054);
#3031=VERTEX_POINT('',#8056);
#3032=VERTEX_POINT('',#8058);
#3033=VERTEX_POINT('',#8060);
#3034=VERTEX_POINT('',#8062);
#3035=VERTEX_POINT('',#8064);
#3036=VERTEX_POINT('',#8067);
#3037=VERTEX_POINT('',#8068);
#3038=VERTEX_POINT('',#8070);
#3039=VERTEX_POINT('',#8072);
#3040=VERTEX_POINT('',#8074);
#3041=VERTEX_POINT('',#8076);
#3042=VERTEX_POINT('',#8078);
#3043=VERTEX_POINT('',#8080);
#3044=VERTEX_POINT('',#8082);
#3045=VERTEX_POINT('',#8084);
#3046=VERTEX_POINT('',#8086);
#3047=VERTEX_POINT('',#8088);
#3048=VERTEX_POINT('',#8090);
#3049=VERTEX_POINT('',#8092);
#3050=VERTEX_POINT('',#8094);
#3051=VERTEX_POINT('',#8096);
#3052=VERTEX_POINT('',#8098);
#3053=VERTEX_POINT('',#8100);
#3054=VERTEX_POINT('',#8102);
#3055=VERTEX_POINT('',#8104);
#3056=VERTEX_POINT('',#8106);
#3057=VERTEX_POINT('',#8108);
#3058=VERTEX_POINT('',#8110);
#3059=VERTEX_POINT('',#8112);
#3060=VERTEX_POINT('',#8114);
#3061=VERTEX_POINT('',#8116);
#3062=VERTEX_POINT('',#8118);
#3063=VERTEX_POINT('',#8120);
#3064=VERTEX_POINT('',#8122);
#3065=VERTEX_POINT('',#8124);
#3066=VERTEX_POINT('',#8126);
#3067=VERTEX_POINT('',#8128);
#3068=VERTEX_POINT('',#8130);
#3069=VERTEX_POINT('',#8132);
#3070=VERTEX_POINT('',#8134);
#3071=VERTEX_POINT('',#8136);
#3072=VERTEX_POINT('',#8138);
#3073=VERTEX_POINT('',#8140);
#3074=VERTEX_POINT('',#8142);
#3075=VERTEX_POINT('',#8144);
#3076=VERTEX_POINT('',#8146);
#3077=VERTEX_POINT('',#8148);
#3078=VERTEX_POINT('',#8150);
#3079=VERTEX_POINT('',#8152);
#3080=VERTEX_POINT('',#8154);
#3081=VERTEX_POINT('',#8156);
#3082=VERTEX_POINT('',#8158);
#3083=VERTEX_POINT('',#8160);
#3084=VERTEX_POINT('',#8162);
#3085=VERTEX_POINT('',#8164);
#3086=VERTEX_POINT('',#8168);
#3087=VERTEX_POINT('',#8169);
#3088=VERTEX_POINT('',#8171);
#3089=VERTEX_POINT('',#8173);
#3090=VERTEX_POINT('',#8175);
#3091=VERTEX_POINT('',#8177);
#3092=VERTEX_POINT('',#8180);
#3093=VERTEX_POINT('',#8182);
#3094=VERTEX_POINT('',#8184);
#3095=VERTEX_POINT('',#8186);
#3096=VERTEX_POINT('',#8188);
#3097=VERTEX_POINT('',#8190);
#3098=VERTEX_POINT('',#8192);
#3099=VERTEX_POINT('',#8194);
#3100=VERTEX_POINT('',#8196);
#3101=VERTEX_POINT('',#8198);
#3102=VERTEX_POINT('',#8200);
#3103=VERTEX_POINT('',#8202);
#3104=VERTEX_POINT('',#8204);
#3105=VERTEX_POINT('',#8206);
#3106=VERTEX_POINT('',#8208);
#3107=VERTEX_POINT('',#8210);
#3108=VERTEX_POINT('',#8212);
#3109=VERTEX_POINT('',#8214);
#3110=VERTEX_POINT('',#8216);
#3111=VERTEX_POINT('',#8218);
#3112=VERTEX_POINT('',#8220);
#3113=VERTEX_POINT('',#8222);
#3114=VERTEX_POINT('',#8224);
#3115=VERTEX_POINT('',#8226);
#3116=VERTEX_POINT('',#8228);
#3117=VERTEX_POINT('',#8230);
#3118=VERTEX_POINT('',#8232);
#3119=VERTEX_POINT('',#8234);
#3120=VERTEX_POINT('',#8236);
#3121=VERTEX_POINT('',#8238);
#3122=VERTEX_POINT('',#8242);
#3123=VERTEX_POINT('',#8243);
#3124=VERTEX_POINT('',#8245);
#3125=VERTEX_POINT('',#8247);
#3126=VERTEX_POINT('',#8251);
#3127=VERTEX_POINT('',#8252);
#3128=VERTEX_POINT('',#8254);
#3129=VERTEX_POINT('',#8256);
#3130=VERTEX_POINT('',#8260);
#3131=VERTEX_POINT('',#8263);
#3132=VERTEX_POINT('',#8265);
#3133=VERTEX_POINT('',#8269);
#3134=VERTEX_POINT('',#8272);
#3135=VERTEX_POINT('',#8274);
#3136=VERTEX_POINT('',#8278);
#3137=VERTEX_POINT('',#8279);
#3138=VERTEX_POINT('',#8281);
#3139=VERTEX_POINT('',#8283);
#3140=VERTEX_POINT('',#8287);
#3141=VERTEX_POINT('',#8288);
#3142=VERTEX_POINT('',#8290);
#3143=VERTEX_POINT('',#8292);
#3144=VERTEX_POINT('',#8296);
#3145=VERTEX_POINT('',#8298);
#3146=VERTEX_POINT('',#8300);
#3147=VERTEX_POINT('',#8302);
#3148=VERTEX_POINT('',#8304);
#3149=VERTEX_POINT('',#8308);
#3150=VERTEX_POINT('',#8309);
#3151=VERTEX_POINT('',#8312);
#3152=VERTEX_POINT('',#8314);
#3153=VERTEX_POINT('',#8316);
#3154=VERTEX_POINT('',#8320);
#3155=VERTEX_POINT('',#8321);
#3156=VERTEX_POINT('',#8323);
#3157=VERTEX_POINT('',#8325);
#3158=VERTEX_POINT('',#8331);
#3159=VERTEX_POINT('',#8333);
#3160=VERTEX_POINT('',#8335);
#3161=VERTEX_POINT('',#8337);
#3162=VERTEX_POINT('',#8341);
#3163=VERTEX_POINT('',#8342);
#3164=VERTEX_POINT('',#8344);
#3165=VERTEX_POINT('',#8346);
#3166=VERTEX_POINT('',#8348);
#3167=VERTEX_POINT('',#8350);
#3168=VERTEX_POINT('',#8352);
#3169=VERTEX_POINT('',#8355);
#3170=VERTEX_POINT('',#8362);
#3171=VERTEX_POINT('',#8364);
#3172=VERTEX_POINT('',#8366);
#3173=VERTEX_POINT('',#8368);
#3174=VERTEX_POINT('',#8372);
#3175=VERTEX_POINT('',#8373);
#3176=VERTEX_POINT('',#8378);
#3177=VERTEX_POINT('',#8379);
#3178=VERTEX_POINT('',#8381);
#3179=VERTEX_POINT('',#8383);
#3180=VERTEX_POINT('',#8387);
#3181=VERTEX_POINT('',#8390);
#3182=VERTEX_POINT('',#8392);
#3183=VERTEX_POINT('',#8395);
#3184=VERTEX_POINT('',#8399);
#3185=VERTEX_POINT('',#8401);
#3186=VERTEX_POINT('',#8405);
#3187=VERTEX_POINT('',#8407);
#3188=VERTEX_POINT('',#8409);
#3189=VERTEX_POINT('',#8411);
#3190=VERTEX_POINT('',#8413);
#3191=VERTEX_POINT('',#8417);
#3192=VERTEX_POINT('',#8419);
#3193=VERTEX_POINT('',#8421);
#3194=VERTEX_POINT('',#8423);
#3195=VERTEX_POINT('',#8425);
#3196=VERTEX_POINT('',#8427);
#3197=VERTEX_POINT('',#8429);
#3198=VERTEX_POINT('',#8431);
#3199=VERTEX_POINT('',#8433);
#3200=VERTEX_POINT('',#8435);
#3201=VERTEX_POINT('',#8437);
#3202=VERTEX_POINT('',#8439);
#3203=VERTEX_POINT('',#8441);
#3204=VERTEX_POINT('',#8443);
#3205=VERTEX_POINT('',#8445);
#3206=VERTEX_POINT('',#8447);
#3207=VERTEX_POINT('',#8449);
#3208=VERTEX_POINT('',#8451);
#3209=VERTEX_POINT('',#8453);
#3210=VERTEX_POINT('',#8455);
#3211=VERTEX_POINT('',#8457);
#3212=VERTEX_POINT('',#8459);
#3213=VERTEX_POINT('',#8461);
#3214=VERTEX_POINT('',#8463);
#3215=VERTEX_POINT('',#8465);
#3216=VERTEX_POINT('',#8467);
#3217=VERTEX_POINT('',#8469);
#3218=VERTEX_POINT('',#8471);
#3219=VERTEX_POINT('',#8473);
#3220=VERTEX_POINT('',#8475);
#3221=VERTEX_POINT('',#8477);
#3222=VERTEX_POINT('',#8479);
#3223=VERTEX_POINT('',#8481);
#3224=VERTEX_POINT('',#8483);
#3225=VERTEX_POINT('',#8485);
#3226=VERTEX_POINT('',#8487);
#3227=VERTEX_POINT('',#8489);
#3228=VERTEX_POINT('',#8491);
#3229=VERTEX_POINT('',#8496);
#3230=VERTEX_POINT('',#8500);
#3231=VERTEX_POINT('',#8504);
#3232=VERTEX_POINT('',#8522);
#3233=VERTEX_POINT('',#8526);
#3234=VERTEX_POINT('',#8530);
#3235=VERTEX_POINT('',#8534);
#3236=VERTEX_POINT('',#8538);
#3237=VERTEX_POINT('',#8540);
#3238=VERTEX_POINT('',#8542);
#3239=VERTEX_POINT('',#8546);
#3240=VERTEX_POINT('',#8553);
#3241=VERTEX_POINT('',#8555);
#3242=VERTEX_POINT('',#8559);
#3243=VERTEX_POINT('',#8561);
#3244=VERTEX_POINT('',#8565);
#3245=VERTEX_POINT('',#8567);
#3246=VERTEX_POINT('',#8579);
#3247=VERTEX_POINT('',#8581);
#3248=VERTEX_POINT('',#8583);
#3249=VERTEX_POINT('',#8585);
#3250=VERTEX_POINT('',#8589);
#3251=VERTEX_POINT('',#8591);
#3252=VERTEX_POINT('',#8596);
#3253=VERTEX_POINT('',#8615);
#3254=VERTEX_POINT('',#8617);
#3255=VERTEX_POINT('',#8621);
#3256=VERTEX_POINT('',#8623);
#3257=VERTEX_POINT('',#8638);
#3258=VERTEX_POINT('',#8639);
#3259=VERTEX_POINT('',#8642);
#3260=VERTEX_POINT('',#8644);
#3261=VERTEX_POINT('',#8648);
#3262=VERTEX_POINT('',#8649);
#3263=VERTEX_POINT('',#8655);
#3264=VERTEX_POINT('',#8664);
#3265=VERTEX_POINT('',#8666);
#3266=VERTEX_POINT('',#8670);
#3267=VERTEX_POINT('',#8672);
#3268=VERTEX_POINT('',#8676);
#3269=VERTEX_POINT('',#8678);
#3270=VERTEX_POINT('',#8682);
#3271=VERTEX_POINT('',#8684);
#3272=VERTEX_POINT('',#8688);
#3273=VERTEX_POINT('',#8690);
#3274=VERTEX_POINT('',#8694);
#3275=VERTEX_POINT('',#8696);
#3276=VERTEX_POINT('',#8700);
#3277=VERTEX_POINT('',#8702);
#3278=VERTEX_POINT('',#8706);
#3279=VERTEX_POINT('',#8708);
#3280=VERTEX_POINT('',#8712);
#3281=VERTEX_POINT('',#8714);
#3282=VERTEX_POINT('',#8718);
#3283=VERTEX_POINT('',#8720);
#3284=VERTEX_POINT('',#8724);
#3285=VERTEX_POINT('',#8726);
#3286=VERTEX_POINT('',#8729);
#3287=VERTEX_POINT('',#8731);
#3288=VERTEX_POINT('',#8735);
#3289=VERTEX_POINT('',#8737);
#3290=VERTEX_POINT('',#8741);
#3291=VERTEX_POINT('',#8743);
#3292=VERTEX_POINT('',#8745);
#3293=VERTEX_POINT('',#8747);
#3294=VERTEX_POINT('',#8749);
#3295=VERTEX_POINT('',#8751);
#3296=VERTEX_POINT('',#8755);
#3297=VERTEX_POINT('',#8757);
#3298=VERTEX_POINT('',#8761);
#3299=VERTEX_POINT('',#8763);
#3300=VERTEX_POINT('',#8766);
#3301=VERTEX_POINT('',#8768);
#3302=VERTEX_POINT('',#8771);
#3303=VERTEX_POINT('',#8773);
#3304=VERTEX_POINT('',#8776);
#3305=VERTEX_POINT('',#8778);
#3306=VERTEX_POINT('',#8781);
#3307=VERTEX_POINT('',#8783);
#3308=VERTEX_POINT('',#8786);
#3309=VERTEX_POINT('',#8788);
#3310=VERTEX_POINT('',#8791);
#3311=VERTEX_POINT('',#8793);
#3312=VERTEX_POINT('',#8795);
#3313=VERTEX_POINT('',#8797);
#3314=VERTEX_POINT('',#8799);
#3315=VERTEX_POINT('',#8801);
#3316=VERTEX_POINT('',#8803);
#3317=VERTEX_POINT('',#8805);
#3318=VERTEX_POINT('',#8807);
#3319=VERTEX_POINT('',#8809);
#3320=VERTEX_POINT('',#8811);
#3321=VERTEX_POINT('',#8813);
#3322=VERTEX_POINT('',#8815);
#3323=VERTEX_POINT('',#8817);
#3324=VERTEX_POINT('',#8819);
#3325=VERTEX_POINT('',#8821);
#3326=VERTEX_POINT('',#8823);
#3327=VERTEX_POINT('',#8825);
#3328=VERTEX_POINT('',#8827);
#3329=VERTEX_POINT('',#8829);
#3330=VERTEX_POINT('',#8831);
#3331=VERTEX_POINT('',#8833);
#3332=VERTEX_POINT('',#8835);
#3333=VERTEX_POINT('',#8837);
#3334=VERTEX_POINT('',#8839);
#3335=VERTEX_POINT('',#8841);
#3336=VERTEX_POINT('',#8843);
#3337=VERTEX_POINT('',#8845);
#3338=VERTEX_POINT('',#8847);
#3339=VERTEX_POINT('',#8849);
#3340=VERTEX_POINT('',#8851);
#3341=VERTEX_POINT('',#8854);
#3342=VERTEX_POINT('',#8858);
#3343=VERTEX_POINT('',#8860);
#3344=VERTEX_POINT('',#8863);
#3345=VERTEX_POINT('',#8865);
#3346=VERTEX_POINT('',#8868);
#3347=VERTEX_POINT('',#8870);
#3348=VERTEX_POINT('',#8873);
#3349=VERTEX_POINT('',#8875);
#3350=VERTEX_POINT('',#8878);
#3351=VERTEX_POINT('',#8880);
#3352=VERTEX_POINT('',#8883);
#3353=VERTEX_POINT('',#8885);
#3354=VERTEX_POINT('',#8888);
#3355=VERTEX_POINT('',#8890);
#3356=VERTEX_POINT('',#8892);
#3357=VERTEX_POINT('',#8894);
#3358=VERTEX_POINT('',#8897);
#3359=VERTEX_POINT('',#8899);
#3360=VERTEX_POINT('',#8901);
#3361=VERTEX_POINT('',#8903);
#3362=VERTEX_POINT('',#8907);
#3363=VERTEX_POINT('',#8908);
#3364=VERTEX_POINT('',#8911);
#3365=VERTEX_POINT('',#8913);
#3366=VERTEX_POINT('',#8915);
#3367=VERTEX_POINT('',#8918);
#3368=VERTEX_POINT('',#8921);
#3369=VERTEX_POINT('',#8923);
#3370=VERTEX_POINT('',#8925);
#3371=VERTEX_POINT('',#8927);
#3372=VERTEX_POINT('',#8931);
#3373=VERTEX_POINT('',#8932);
#3374=VERTEX_POINT('',#8934);
#3375=VERTEX_POINT('',#8936);
#3376=VERTEX_POINT('',#8939);
#3377=VERTEX_POINT('',#8941);
#3378=VERTEX_POINT('',#8945);
#3379=VERTEX_POINT('',#8946);
#3380=VERTEX_POINT('',#8949);
#3381=VERTEX_POINT('',#8952);
#3382=VERTEX_POINT('',#8956);
#3383=VERTEX_POINT('',#8958);
#3384=VERTEX_POINT('',#8963);
#3385=VERTEX_POINT('',#8965);
#3386=VERTEX_POINT('',#8969);
#3387=VERTEX_POINT('',#8972);
#3388=VERTEX_POINT('',#8981);
#3389=VERTEX_POINT('',#8984);
#3390=VERTEX_POINT('',#8988);
#3391=VERTEX_POINT('',#8989);
#3392=VERTEX_POINT('',#8997);
#3393=VERTEX_POINT('',#9002);
#3394=VERTEX_POINT('',#9005);
#3395=VERTEX_POINT('',#9007);
#3396=VERTEX_POINT('',#9009);
#3397=VERTEX_POINT('',#9018);
#3398=VERTEX_POINT('',#9022);
#3399=VERTEX_POINT('',#9023);
#3400=VERTEX_POINT('',#9026);
#3401=VERTEX_POINT('',#9030);
#3402=VERTEX_POINT('',#9036);
#3403=VERTEX_POINT('',#9037);
#3404=VERTEX_POINT('',#9039);
#3405=VERTEX_POINT('',#9041);
#3406=VERTEX_POINT('',#9043);
#3407=VERTEX_POINT('',#9045);
#3408=VERTEX_POINT('',#9047);
#3409=VERTEX_POINT('',#9049);
#3410=VERTEX_POINT('',#9051);
#3411=VERTEX_POINT('',#9053);
#3412=VERTEX_POINT('',#9055);
#3413=VERTEX_POINT('',#9057);
#3414=VERTEX_POINT('',#9059);
#3415=VERTEX_POINT('',#9061);
#3416=VERTEX_POINT('',#9063);
#3417=VERTEX_POINT('',#9065);
#3418=VERTEX_POINT('',#9067);
#3419=VERTEX_POINT('',#9069);
#3420=VERTEX_POINT('',#9071);
#3421=VERTEX_POINT('',#9073);
#3422=VERTEX_POINT('',#9075);
#3423=VERTEX_POINT('',#9077);
#3424=VERTEX_POINT('',#9079);
#3425=VERTEX_POINT('',#9081);
#3426=VERTEX_POINT('',#9083);
#3427=VERTEX_POINT('',#9085);
#3428=VERTEX_POINT('',#9087);
#3429=VERTEX_POINT('',#9089);
#3430=VERTEX_POINT('',#9091);
#3431=VERTEX_POINT('',#9093);
#3432=VERTEX_POINT('',#9095);
#3433=VERTEX_POINT('',#9097);
#3434=VERTEX_POINT('',#9100);
#3435=VERTEX_POINT('',#9102);
#3436=VERTEX_POINT('',#9107);
#3437=VERTEX_POINT('',#9109);
#3438=VERTEX_POINT('',#9112);
#3439=VERTEX_POINT('',#9114);
#3440=VERTEX_POINT('',#9117);
#3441=VERTEX_POINT('',#9119);
#3442=VERTEX_POINT('',#9122);
#3443=VERTEX_POINT('',#9124);
#3444=VERTEX_POINT('',#9127);
#3445=VERTEX_POINT('',#9129);
#3446=VERTEX_POINT('',#9132);
#3447=VERTEX_POINT('',#9134);
#3448=VERTEX_POINT('',#9137);
#3449=VERTEX_POINT('',#9139);
#3450=VERTEX_POINT('',#9142);
#3451=VERTEX_POINT('',#9144);
#3452=VERTEX_POINT('',#9147);
#3453=VERTEX_POINT('',#9150);
#3454=VERTEX_POINT('',#9152);
#3455=VERTEX_POINT('',#9155);
#3456=VERTEX_POINT('',#9157);
#3457=VERTEX_POINT('',#9160);
#3458=VERTEX_POINT('',#9162);
#3459=VERTEX_POINT('',#9165);
#3460=VERTEX_POINT('',#9167);
#3461=VERTEX_POINT('',#9170);
#3462=VERTEX_POINT('',#9172);
#3463=VERTEX_POINT('',#9175);
#3464=VERTEX_POINT('',#9177);
#3465=VERTEX_POINT('',#9180);
#3466=VERTEX_POINT('',#9182);
#3467=VERTEX_POINT('',#9185);
#3468=VERTEX_POINT('',#9189);
#3469=VERTEX_POINT('',#9192);
#3470=VERTEX_POINT('',#9195);
#3471=VERTEX_POINT('',#9199);
#3472=VERTEX_POINT('',#9201);
#3473=VERTEX_POINT('',#9204);
#3474=VERTEX_POINT('',#9210);
#3475=VERTEX_POINT('',#9217);
#3476=VERTEX_POINT('',#9240);
#3477=VERTEX_POINT('',#9242);
#3478=VERTEX_POINT('',#9251);
#3479=VERTEX_POINT('',#9257);
#3480=VERTEX_POINT('',#9263);
#3481=VERTEX_POINT('',#9265);
#3482=VERTEX_POINT('',#9267);
#3483=VERTEX_POINT('',#9270);
#3484=VERTEX_POINT('',#9272);
#3485=VERTEX_POINT('',#9275);
#3486=VERTEX_POINT('',#9277);
#3487=VERTEX_POINT('',#9280);
#3488=VERTEX_POINT('',#9282);
#3489=VERTEX_POINT('',#9285);
#3490=VERTEX_POINT('',#9287);
#3491=VERTEX_POINT('',#9290);
#3492=VERTEX_POINT('',#9292);
#3493=VERTEX_POINT('',#9295);
#3494=VERTEX_POINT('',#9297);
#3495=VERTEX_POINT('',#9300);
#3496=VERTEX_POINT('',#9304);
#3497=VERTEX_POINT('',#9311);
#3498=VERTEX_POINT('',#9323);
#3499=VERTEX_POINT('',#9325);
#3500=VERTEX_POINT('',#9327);
#3501=VERTEX_POINT('',#9331);
#3502=VERTEX_POINT('',#9333);
#3503=VERTEX_POINT('',#9335);
#3504=VERTEX_POINT('',#9346);
#3505=VERTEX_POINT('',#9348);
#3506=VERTEX_POINT('',#9352);
#3507=VERTEX_POINT('',#9354);
#3508=VERTEX_POINT('',#9358);
#3509=VERTEX_POINT('',#9360);
#3510=VERTEX_POINT('',#9369);
#3511=VERTEX_POINT('',#9371);
#3512=VERTEX_POINT('',#9375);
#3513=VERTEX_POINT('',#9377);
#3514=VERTEX_POINT('',#9381);
#3515=VERTEX_POINT('',#9383);
#3516=VERTEX_POINT('',#9397);
#3517=VERTEX_POINT('',#9399);
#3518=VERTEX_POINT('',#9401);
#3519=VERTEX_POINT('',#9405);
#3520=VERTEX_POINT('',#9407);
#3521=VERTEX_POINT('',#9409);
#3522=VERTEX_POINT('',#9425);
#3523=VERTEX_POINT('',#9427);
#3524=VERTEX_POINT('',#9429);
#3525=VERTEX_POINT('',#9433);
#3526=VERTEX_POINT('',#9435);
#3527=VERTEX_POINT('',#9437);
#3528=VERTEX_POINT('',#9453);
#3529=VERTEX_POINT('',#9455);
#3530=VERTEX_POINT('',#9457);
#3531=VERTEX_POINT('',#9461);
#3532=VERTEX_POINT('',#9463);
#3533=VERTEX_POINT('',#9465);
#3534=VERTEX_POINT('',#9481);
#3535=VERTEX_POINT('',#9483);
#3536=VERTEX_POINT('',#9485);
#3537=VERTEX_POINT('',#9489);
#3538=VERTEX_POINT('',#9491);
#3539=VERTEX_POINT('',#9493);
#3540=VERTEX_POINT('',#9509);
#3541=VERTEX_POINT('',#9511);
#3542=VERTEX_POINT('',#9513);
#3543=VERTEX_POINT('',#9517);
#3544=VERTEX_POINT('',#9519);
#3545=VERTEX_POINT('',#9521);
#3546=VERTEX_POINT('',#9537);
#3547=VERTEX_POINT('',#9539);
#3548=VERTEX_POINT('',#9541);
#3549=VERTEX_POINT('',#9545);
#3550=VERTEX_POINT('',#9547);
#3551=VERTEX_POINT('',#9549);
#3552=VERTEX_POINT('',#9565);
#3553=VERTEX_POINT('',#9567);
#3554=VERTEX_POINT('',#9569);
#3555=VERTEX_POINT('',#9573);
#3556=VERTEX_POINT('',#9575);
#3557=VERTEX_POINT('',#9577);
#3558=VERTEX_POINT('',#9588);
#3559=VERTEX_POINT('',#9590);
#3560=VERTEX_POINT('',#9594);
#3561=VERTEX_POINT('',#9596);
#3562=VERTEX_POINT('',#9600);
#3563=VERTEX_POINT('',#9602);
#3564=VERTEX_POINT('',#9611);
#3565=VERTEX_POINT('',#9613);
#3566=VERTEX_POINT('',#9617);
#3567=VERTEX_POINT('',#9619);
#3568=VERTEX_POINT('',#9623);
#3569=VERTEX_POINT('',#9625);
#3570=VERTEX_POINT('',#9634);
#3571=VERTEX_POINT('',#9636);
#3572=VERTEX_POINT('',#9640);
#3573=VERTEX_POINT('',#9642);
#3574=VERTEX_POINT('',#9646);
#3575=VERTEX_POINT('',#9648);
#3576=VERTEX_POINT('',#9657);
#3577=VERTEX_POINT('',#9659);
#3578=VERTEX_POINT('',#9663);
#3579=VERTEX_POINT('',#9665);
#3580=VERTEX_POINT('',#9669);
#3581=VERTEX_POINT('',#9671);
#3582=VERTEX_POINT('',#9680);
#3583=VERTEX_POINT('',#9682);
#3584=VERTEX_POINT('',#9686);
#3585=VERTEX_POINT('',#9688);
#3586=VERTEX_POINT('',#9692);
#3587=VERTEX_POINT('',#9694);
#3588=VERTEX_POINT('',#9703);
#3589=VERTEX_POINT('',#9705);
#3590=VERTEX_POINT('',#9709);
#3591=VERTEX_POINT('',#9711);
#3592=VERTEX_POINT('',#9715);
#3593=VERTEX_POINT('',#9717);
#3594=VERTEX_POINT('',#9726);
#3595=VERTEX_POINT('',#9728);
#3596=VERTEX_POINT('',#9732);
#3597=VERTEX_POINT('',#9734);
#3598=VERTEX_POINT('',#9738);
#3599=VERTEX_POINT('',#9740);
#3600=VERTEX_POINT('',#9749);
#3601=VERTEX_POINT('',#9751);
#3602=VERTEX_POINT('',#9755);
#3603=VERTEX_POINT('',#9757);
#3604=VERTEX_POINT('',#9761);
#3605=VERTEX_POINT('',#9763);
#3606=VERTEX_POINT('',#9772);
#3607=VERTEX_POINT('',#9774);
#3608=VERTEX_POINT('',#9778);
#3609=VERTEX_POINT('',#9780);
#3610=VERTEX_POINT('',#9784);
#3611=VERTEX_POINT('',#9786);
#3612=VERTEX_POINT('',#9795);
#3613=VERTEX_POINT('',#9797);
#3614=VERTEX_POINT('',#9801);
#3615=VERTEX_POINT('',#9803);
#3616=VERTEX_POINT('',#9807);
#3617=VERTEX_POINT('',#9809);
#3618=EDGE_CURVE('',#3028,#3029,#4515,.T.);
#3619=EDGE_CURVE('',#3030,#3028,#4516,.T.);
#3620=EDGE_CURVE('',#3031,#3030,#4517,.T.);
#3621=EDGE_CURVE('',#3032,#3031,#4518,.T.);
#3622=EDGE_CURVE('',#3032,#3033,#4519,.T.);
#3623=EDGE_CURVE('',#3034,#3033,#4520,.T.);
#3624=EDGE_CURVE('',#3034,#3035,#4521,.T.);
#3625=EDGE_CURVE('',#3035,#3029,#4522,.T.);
#3626=EDGE_CURVE('',#3036,#3037,#4523,.T.);
#3627=EDGE_CURVE('',#3038,#3036,#4524,.T.);
#3628=EDGE_CURVE('',#3039,#3038,#4525,.T.);
#3629=EDGE_CURVE('',#3040,#3039,#4526,.T.);
#3630=EDGE_CURVE('',#3041,#3040,#4527,.T.);
#3631=EDGE_CURVE('',#3042,#3041,#4528,.T.);
#3632=EDGE_CURVE('',#3043,#3042,#4529,.T.);
#3633=EDGE_CURVE('',#3043,#3044,#4530,.T.);
#3634=EDGE_CURVE('',#3044,#3045,#4531,.T.);
#3635=EDGE_CURVE('',#3046,#3045,#4532,.T.);
#3636=EDGE_CURVE('',#3047,#3046,#4533,.T.);
#3637=EDGE_CURVE('',#3048,#3047,#4534,.T.);
#3638=EDGE_CURVE('',#3049,#3048,#4535,.T.);
#3639=EDGE_CURVE('',#3050,#3049,#4536,.T.);
#3640=EDGE_CURVE('',#3051,#3050,#4537,.T.);
#3641=EDGE_CURVE('',#3052,#3051,#4538,.T.);
#3642=EDGE_CURVE('',#3053,#3052,#4539,.T.);
#3643=EDGE_CURVE('',#3053,#3054,#4540,.T.);
#3644=EDGE_CURVE('',#3054,#3055,#4541,.T.);
#3645=EDGE_CURVE('',#3056,#3055,#4542,.T.);
#3646=EDGE_CURVE('',#3057,#3056,#4543,.T.);
#3647=EDGE_CURVE('',#3058,#3057,#4544,.T.);
#3648=EDGE_CURVE('',#3059,#3058,#4545,.T.);
#3649=EDGE_CURVE('',#3060,#3059,#4546,.T.);
#3650=EDGE_CURVE('',#3060,#3061,#4547,.T.);
#3651=EDGE_CURVE('',#3062,#3061,#4548,.T.);
#3652=EDGE_CURVE('',#3063,#3062,#4549,.T.);
#3653=EDGE_CURVE('',#3063,#3064,#4550,.T.);
#3654=EDGE_CURVE('',#3065,#3064,#4551,.T.);
#3655=EDGE_CURVE('',#3065,#3066,#4552,.T.);
#3656=EDGE_CURVE('',#3066,#3067,#4553,.T.);
#3657=EDGE_CURVE('',#3068,#3067,#4554,.T.);
#3658=EDGE_CURVE('',#3069,#3068,#4555,.T.);
#3659=EDGE_CURVE('',#3069,#3070,#4556,.T.);
#3660=EDGE_CURVE('',#3070,#3071,#4557,.T.);
#3661=EDGE_CURVE('',#3072,#3071,#4558,.T.);
#3662=EDGE_CURVE('',#3072,#3073,#4559,.T.);
#3663=EDGE_CURVE('',#3073,#3074,#4560,.T.);
#3664=EDGE_CURVE('',#3075,#3074,#4561,.T.);
#3665=EDGE_CURVE('',#3075,#3076,#4562,.T.);
#3666=EDGE_CURVE('',#3077,#3076,#4563,.T.);
#3667=EDGE_CURVE('',#3078,#3077,#4564,.T.);
#3668=EDGE_CURVE('',#3078,#3079,#4565,.T.);
#3669=EDGE_CURVE('',#3079,#3080,#4566,.T.);
#3670=EDGE_CURVE('',#3081,#3080,#4567,.T.);
#3671=EDGE_CURVE('',#3082,#3081,#4568,.T.);
#3672=EDGE_CURVE('',#3082,#3083,#4569,.T.);
#3673=EDGE_CURVE('',#3084,#3083,#4570,.T.);
#3674=EDGE_CURVE('',#3084,#3085,#4571,.T.);
#3675=EDGE_CURVE('',#3037,#3085,#4572,.T.);
#3676=EDGE_CURVE('',#3086,#3087,#4573,.T.);
#3677=EDGE_CURVE('',#3086,#3088,#4574,.T.);
#3678=EDGE_CURVE('',#3088,#3089,#4575,.T.);
#3679=EDGE_CURVE('',#3089,#3090,#4576,.T.);
#3680=EDGE_CURVE('',#3090,#3091,#4577,.T.);
#3681=EDGE_CURVE('',#3091,#3074,#4578,.T.);
#3682=EDGE_CURVE('',#3092,#3073,#4579,.T.);
#3683=EDGE_CURVE('',#3093,#3092,#4580,.T.);
#3684=EDGE_CURVE('',#3093,#3094,#4581,.T.);
#3685=EDGE_CURVE('',#3095,#3094,#4582,.T.);
#3686=EDGE_CURVE('',#3095,#3096,#4583,.T.);
#3687=EDGE_CURVE('',#3096,#3097,#4584,.T.);
#3688=EDGE_CURVE('',#3097,#3098,#4585,.T.);
#3689=EDGE_CURVE('',#3099,#3098,#4586,.T.);
#3690=EDGE_CURVE('',#3099,#3100,#4587,.T.);
#3691=EDGE_CURVE('',#3100,#3101,#4588,.T.);
#3692=EDGE_CURVE('',#3101,#3102,#4589,.T.);
#3693=EDGE_CURVE('',#3103,#3102,#4590,.T.);
#3694=EDGE_CURVE('',#3103,#3104,#4591,.T.);
#3695=EDGE_CURVE('',#3104,#3105,#4592,.T.);
#3696=EDGE_CURVE('',#3105,#3106,#4593,.T.);
#3697=EDGE_CURVE('',#3107,#3106,#4594,.T.);
#3698=EDGE_CURVE('',#3107,#3108,#4595,.T.);
#3699=EDGE_CURVE('',#3108,#3109,#4596,.T.);
#3700=EDGE_CURVE('',#3109,#3110,#4597,.T.);
#3701=EDGE_CURVE('',#3111,#3110,#4598,.T.);
#3702=EDGE_CURVE('',#3111,#3112,#4599,.T.);
#3703=EDGE_CURVE('',#3112,#3113,#4600,.T.);
#3704=EDGE_CURVE('',#3113,#3114,#4601,.T.);
#3705=EDGE_CURVE('',#3115,#3114,#4602,.T.);
#3706=EDGE_CURVE('',#3115,#3116,#4603,.T.);
#3707=EDGE_CURVE('',#3116,#3117,#4604,.T.);
#3708=EDGE_CURVE('',#3117,#3118,#4605,.T.);
#3709=EDGE_CURVE('',#3119,#3118,#4606,.T.);
#3710=EDGE_CURVE('',#3119,#3120,#4607,.T.);
#3711=EDGE_CURVE('',#3120,#3121,#4608,.T.);
#3712=EDGE_CURVE('',#3121,#3087,#4609,.T.);
#3713=EDGE_CURVE('',#3122,#3123,#4610,.T.);
#3714=EDGE_CURVE('',#3123,#3124,#4611,.T.);
#3715=EDGE_CURVE('',#3125,#3124,#4612,.T.);
#3716=EDGE_CURVE('',#3122,#3125,#4613,.T.);
#3717=EDGE_CURVE('',#3126,#3127,#4614,.T.);
#3718=EDGE_CURVE('',#3126,#3128,#4615,.T.);
#3719=EDGE_CURVE('',#3128,#3129,#4616,.T.);
#3720=EDGE_CURVE('',#3129,#3127,#4617,.T.);
#3721=EDGE_CURVE('',#3128,#3130,#4618,.T.);
#3722=EDGE_CURVE('',#3130,#3123,#4619,.T.);
#3723=EDGE_CURVE('',#3131,#3122,#4620,.T.);
#3724=EDGE_CURVE('',#3132,#3131,#4621,.T.);
#3725=EDGE_CURVE('',#3129,#3132,#4622,.T.);
#3726=EDGE_CURVE('',#3133,#3124,#4623,.T.);
#3727=EDGE_CURVE('',#3126,#3133,#4624,.T.);
#3728=EDGE_CURVE('',#3127,#3134,#4625,.T.);
#3729=EDGE_CURVE('',#3134,#3135,#4626,.T.);
#3730=EDGE_CURVE('',#3135,#3125,#4627,.T.);
#3731=EDGE_CURVE('',#3136,#3137,#4628,.T.);
#3732=EDGE_CURVE('',#3136,#3138,#4629,.T.);
#3733=EDGE_CURVE('',#3138,#3139,#4630,.T.);
#3734=EDGE_CURVE('',#3137,#3139,#4631,.T.);
#3735=EDGE_CURVE('',#3140,#3141,#4632,.T.);
#3736=EDGE_CURVE('',#3142,#3140,#4633,.T.);
#3737=EDGE_CURVE('',#3142,#3143,#4634,.T.);
#3738=EDGE_CURVE('',#3143,#3141,#4635,.T.);
#3739=EDGE_CURVE('',#3144,#3140,#4636,.T.);
#3740=EDGE_CURVE('',#3144,#3145,#4637,.T.);
#3741=EDGE_CURVE('',#3145,#3146,#4638,.T.);
#3742=EDGE_CURVE('',#3146,#3147,#4639,.T.);
#3743=EDGE_CURVE('',#3147,#3148,#4640,.T.);
#3744=EDGE_CURVE('',#3148,#3142,#4641,.T.);
#3745=EDGE_CURVE('',#3149,#3150,#4642,.T.);
#3746=EDGE_CURVE('',#3149,#3141,#4643,.T.);
#3747=EDGE_CURVE('',#3151,#3143,#4644,.T.);
#3748=EDGE_CURVE('',#3152,#3151,#4645,.T.);
#3749=EDGE_CURVE('',#3153,#3152,#4646,.T.);
#3750=EDGE_CURVE('',#3150,#3153,#4647,.T.);
#3751=EDGE_CURVE('',#3154,#3155,#4648,.T.);
#3752=EDGE_CURVE('',#3154,#3156,#4649,.T.);
#3753=EDGE_CURVE('',#3156,#3157,#4650,.T.);
#3754=EDGE_CURVE('',#3155,#3157,#4651,.T.);
#3755=EDGE_CURVE('',#3076,#3155,#4652,.T.);
#3756=EDGE_CURVE('',#3157,#3081,#4653,.T.);
#3757=EDGE_CURVE('',#3080,#3158,#4654,.T.);
#3758=EDGE_CURVE('',#3158,#3159,#4655,.T.);
#3759=EDGE_CURVE('',#3159,#3160,#4656,.T.);
#3760=EDGE_CURVE('',#3160,#3161,#4657,.T.);
#3761=EDGE_CURVE('',#3161,#3077,#4658,.T.);
#3762=EDGE_CURVE('',#3162,#3163,#4659,.T.);
#3763=EDGE_CURVE('',#3162,#3164,#4660,.T.);
#3764=EDGE_CURVE('',#3165,#3164,#4661,.T.);
#3765=EDGE_CURVE('',#3166,#3165,#4662,.T.);
#3766=EDGE_CURVE('',#3167,#3166,#4663,.T.);
#3767=EDGE_CURVE('',#3168,#3167,#4664,.T.);
#3768=EDGE_CURVE('',#3079,#3168,#4665,.T.);
#3769=EDGE_CURVE('',#3169,#3078,#4666,.T.);
#3770=EDGE_CURVE('',#3163,#3169,#4667,.T.);
#3771=EDGE_CURVE('',#3148,#3151,#4668,.T.);
#3772=EDGE_CURVE('',#3139,#3066,#4669,.T.);
#3773=EDGE_CURVE('',#3071,#3138,#4670,.T.);
#3774=EDGE_CURVE('',#3170,#3070,#4671,.T.);
#3775=EDGE_CURVE('',#3171,#3170,#4672,.T.);
#3776=EDGE_CURVE('',#3172,#3171,#4673,.T.);
#3777=EDGE_CURVE('',#3173,#3172,#4674,.T.);
#3778=EDGE_CURVE('',#3067,#3173,#4675,.T.);
#3779=EDGE_CURVE('',#3174,#3175,#4676,.T.);
#3780=EDGE_CURVE('',#3047,#3174,#4677,.T.);
#3781=EDGE_CURVE('',#3046,#3175,#4678,.T.);
#3782=EDGE_CURVE('',#3176,#3177,#4679,.T.);
#3783=EDGE_CURVE('',#3178,#3176,#4680,.T.);
#3784=EDGE_CURVE('',#3178,#3179,#4681,.T.);
#3785=EDGE_CURVE('',#3179,#3177,#4682,.T.);
#3786=EDGE_CURVE('',#3177,#3180,#4683,.T.);
#3787=EDGE_CURVE('',#3179,#3037,#4684,.T.);
#3788=EDGE_CURVE('',#3085,#3181,#4685,.T.);
#3789=EDGE_CURVE('',#3182,#3181,#4686,.T.);
#3790=EDGE_CURVE('',#3062,#3182,#4687,.T.);
#3791=EDGE_CURVE('',#3061,#3183,#4688,.T.);
#3792=EDGE_CURVE('',#3183,#3180,#4689,.T.);
#3793=EDGE_CURVE('',#3180,#3184,#4690,.T.);
#3794=EDGE_CURVE('',#3183,#3185,#4691,.T.);
#3795=EDGE_CURVE('',#3185,#3184,#4692,.T.);
#3796=EDGE_CURVE('',#3184,#3186,#4693,.T.);
#3797=EDGE_CURVE('',#3187,#3185,#4694,.T.);
#3798=EDGE_CURVE('',#3188,#3187,#4695,.T.);
#3799=EDGE_CURVE('',#3188,#3189,#4696,.T.);
#3800=EDGE_CURVE('',#3189,#3190,#4697,.T.);
#3801=EDGE_CURVE('',#3178,#3190,#4698,.T.);
#3802=EDGE_CURVE('',#3175,#3176,#4699,.T.);
#3803=EDGE_CURVE('',#3045,#3191,#4700,.T.);
#3804=EDGE_CURVE('',#3191,#3192,#4701,.T.);
#3805=EDGE_CURVE('',#3192,#3193,#4702,.T.);
#3806=EDGE_CURVE('',#3193,#3194,#71,.T.);
#3807=EDGE_CURVE('',#3194,#3195,#4703,.T.);
#3808=EDGE_CURVE('',#3195,#3196,#4704,.T.);
#3809=EDGE_CURVE('',#3197,#3196,#4705,.T.);
#3810=EDGE_CURVE('',#3197,#3198,#4706,.T.);
#3811=EDGE_CURVE('',#3199,#3198,#4707,.T.);
#3812=EDGE_CURVE('',#3199,#3200,#4708,.T.);
#3813=EDGE_CURVE('',#3200,#3201,#4709,.T.);
#3814=EDGE_CURVE('',#3201,#3202,#4710,.T.);
#3815=EDGE_CURVE('',#3202,#3203,#4711,.T.);
#3816=EDGE_CURVE('',#3204,#3203,#4712,.T.);
#3817=EDGE_CURVE('',#3205,#3204,#4713,.T.);
#3818=EDGE_CURVE('',#3205,#3206,#4714,.T.);
#3819=EDGE_CURVE('',#3206,#3207,#4715,.T.);
#3820=EDGE_CURVE('',#3208,#3207,#4716,.T.);
#3821=EDGE_CURVE('',#3209,#3208,#4717,.T.);
#3822=EDGE_CURVE('',#3209,#3210,#4718,.T.);
#3823=EDGE_CURVE('',#3210,#3211,#4719,.T.);
#3824=EDGE_CURVE('',#3212,#3211,#4720,.T.);
#3825=EDGE_CURVE('',#3213,#3212,#4721,.T.);
#3826=EDGE_CURVE('',#3213,#3214,#4722,.T.);
#3827=EDGE_CURVE('',#3214,#3215,#4723,.T.);
#3828=EDGE_CURVE('',#3216,#3215,#4724,.T.);
#3829=EDGE_CURVE('',#3217,#3216,#4725,.T.);
#3830=EDGE_CURVE('',#3217,#3218,#4726,.T.);
#3831=EDGE_CURVE('',#3219,#3218,#4727,.T.);
#3832=EDGE_CURVE('',#3220,#3219,#4728,.T.);
#3833=EDGE_CURVE('',#3220,#3221,#4729,.T.);
#3834=EDGE_CURVE('',#3221,#3222,#4730,.T.);
#3835=EDGE_CURVE('',#3222,#3223,#4731,.T.);
#3836=EDGE_CURVE('',#3223,#3224,#4732,.T.);
#3837=EDGE_CURVE('',#3224,#3225,#4733,.T.);
#3838=EDGE_CURVE('',#3225,#3226,#72,.T.);
#3839=EDGE_CURVE('',#3226,#3227,#4734,.T.);
#3840=EDGE_CURVE('',#3227,#3228,#4735,.T.);
#3841=EDGE_CURVE('',#3228,#3052,#4736,.T.);
#3842=EDGE_CURVE('',#3051,#3186,#4737,.T.);
#3843=EDGE_CURVE('',#3186,#3229,#4738,.T.);
#3844=EDGE_CURVE('',#3050,#3229,#4739,.T.);
#3845=EDGE_CURVE('',#3229,#3230,#4740,.T.);
#3846=EDGE_CURVE('',#3049,#3230,#4741,.T.);
#3847=EDGE_CURVE('',#3230,#3231,#4742,.T.);
#3848=EDGE_CURVE('',#3048,#3231,#4743,.T.);
#3849=EDGE_CURVE('',#3231,#3174,#4744,.T.);
#3850=EDGE_CURVE('',#3181,#3090,#4745,.T.);
#3851=EDGE_CURVE('',#3087,#3089,#4746,.T.);
#3852=EDGE_CURVE('',#3118,#3121,#4747,.T.);
#3853=EDGE_CURVE('',#3114,#3117,#4748,.T.);
#3854=EDGE_CURVE('',#3110,#3113,#4749,.T.);
#3855=EDGE_CURVE('',#3106,#3109,#4750,.T.);
#3856=EDGE_CURVE('',#3102,#3105,#4751,.T.);
#3857=EDGE_CURVE('',#3098,#3101,#4752,.T.);
#3858=EDGE_CURVE('',#3094,#3097,#4753,.T.);
#3859=EDGE_CURVE('',#3182,#3093,#4754,.T.);
#3860=EDGE_CURVE('',#3232,#3092,#4755,.T.);
#3861=EDGE_CURVE('',#3063,#3232,#4756,.T.);
#3862=EDGE_CURVE('',#3084,#3233,#4757,.T.);
#3863=EDGE_CURVE('',#3233,#3091,#4758,.T.);
#3864=EDGE_CURVE('',#3234,#3173,#4759,.T.);
#3865=EDGE_CURVE('',#3068,#3234,#4760,.T.);
#3866=EDGE_CURVE('',#3235,#3172,#4761,.T.);
#3867=EDGE_CURVE('',#3234,#3235,#4762,.T.);
#3868=EDGE_CURVE('',#3236,#3171,#4763,.T.);
#3869=EDGE_CURVE('',#3237,#3236,#4764,.T.);
#3870=EDGE_CURVE('',#3238,#3237,#4765,.T.);
#3871=EDGE_CURVE('',#3235,#3238,#4766,.T.);
#3872=EDGE_CURVE('',#3239,#3170,#4767,.T.);
#3873=EDGE_CURVE('',#3236,#3239,#4768,.T.);
#3874=EDGE_CURVE('',#3239,#3069,#4769,.T.);
#3875=EDGE_CURVE('',#3131,#3135,#4770,.T.);
#3876=EDGE_CURVE('',#3237,#3240,#4771,.T.);
#3877=EDGE_CURVE('',#3238,#3241,#4772,.T.);
#3878=EDGE_CURVE('',#3241,#3240,#4773,.T.);
#3879=EDGE_CURVE('',#3240,#3242,#4774,.T.);
#3880=EDGE_CURVE('',#3241,#3243,#4775,.T.);
#3881=EDGE_CURVE('',#3243,#3242,#4776,.T.);
#3882=EDGE_CURVE('',#3242,#3244,#4777,.T.);
#3883=EDGE_CURVE('',#3243,#3245,#4778,.T.);
#3884=EDGE_CURVE('',#3245,#3244,#4779,.T.);
#3885=EDGE_CURVE('',#3244,#3237,#4780,.T.);
#3886=EDGE_CURVE('',#3245,#3238,#4781,.T.);
#3887=EDGE_CURVE('',#3132,#3134,#4782,.T.);
#3888=EDGE_CURVE('',#3246,#3136,#4783,.T.);
#3889=EDGE_CURVE('',#3246,#3247,#4784,.T.);
#3890=EDGE_CURVE('',#3248,#3247,#4785,.T.);
#3891=EDGE_CURVE('',#3249,#3248,#4786,.T.);
#3892=EDGE_CURVE('',#3249,#3072,#4787,.T.);
#3893=EDGE_CURVE('',#3250,#3065,#4788,.T.);
#3894=EDGE_CURVE('',#3250,#3251,#4789,.T.);
#3895=EDGE_CURVE('',#3137,#3251,#4790,.T.);
#3896=EDGE_CURVE('',#3250,#3247,#4791,.T.);
#3897=EDGE_CURVE('',#3252,#3064,#4792,.T.);
#3898=EDGE_CURVE('',#3248,#3252,#4793,.T.);
#3899=EDGE_CURVE('',#3092,#3249,#4794,.T.);
#3900=EDGE_CURVE('',#3232,#3252,#4795,.T.);
#3901=EDGE_CURVE('',#3168,#3158,#4796,.T.);
#3902=EDGE_CURVE('',#3167,#3159,#4797,.T.);
#3903=EDGE_CURVE('',#3166,#3162,#4798,.T.);
#3904=EDGE_CURVE('',#3163,#3160,#4799,.T.);
#3905=EDGE_CURVE('',#3169,#3161,#4800,.T.);
#3906=EDGE_CURVE('',#3164,#3253,#4801,.T.);
#3907=EDGE_CURVE('',#3254,#3253,#4802,.T.);
#3908=EDGE_CURVE('',#3165,#3254,#4803,.T.);
#3909=EDGE_CURVE('',#3253,#3255,#4804,.T.);
#3910=EDGE_CURVE('',#3256,#3255,#4805,.T.);
#3911=EDGE_CURVE('',#3254,#3256,#4806,.T.);
#3912=EDGE_CURVE('',#3255,#3162,#4807,.T.);
#3913=EDGE_CURVE('',#3256,#3166,#4808,.T.);
#3914=EDGE_CURVE('',#3145,#3150,#4809,.T.);
#3915=EDGE_CURVE('',#3146,#3153,#4810,.T.);
#3916=EDGE_CURVE('',#3147,#3152,#4811,.T.);
#3917=EDGE_CURVE('',#3257,#3258,#4812,.T.);
#3918=EDGE_CURVE('',#3257,#3154,#4813,.T.);
#3919=EDGE_CURVE('',#3259,#3075,#4814,.T.);
#3920=EDGE_CURVE('',#3259,#3260,#4815,.T.);
#3921=EDGE_CURVE('',#3260,#3258,#4816,.T.);
#3922=EDGE_CURVE('',#3261,#3262,#4817,.T.);
#3923=EDGE_CURVE('',#3261,#3082,#4818,.T.);
#3924=EDGE_CURVE('',#3156,#3262,#4819,.T.);
#3925=EDGE_CURVE('',#3261,#3258,#4820,.T.);
#3926=EDGE_CURVE('',#3260,#3263,#4821,.T.);
#3927=EDGE_CURVE('',#3263,#3083,#4822,.T.);
#3928=EDGE_CURVE('',#3091,#3259,#4823,.T.);
#3929=EDGE_CURVE('',#3233,#3263,#4824,.T.);
#3930=EDGE_CURVE('',#3087,#3264,#4825,.T.);
#3931=EDGE_CURVE('',#3089,#3265,#4826,.T.);
#3932=EDGE_CURVE('',#3264,#3265,#4827,.T.);
#3933=EDGE_CURVE('',#3118,#3266,#4828,.T.);
#3934=EDGE_CURVE('',#3121,#3267,#4829,.T.);
#3935=EDGE_CURVE('',#3266,#3267,#4830,.T.);
#3936=EDGE_CURVE('',#3114,#3268,#4831,.T.);
#3937=EDGE_CURVE('',#3117,#3269,#4832,.T.);
#3938=EDGE_CURVE('',#3268,#3269,#4833,.T.);
#3939=EDGE_CURVE('',#3110,#3270,#4834,.T.);
#3940=EDGE_CURVE('',#3113,#3271,#4835,.T.);
#3941=EDGE_CURVE('',#3270,#3271,#4836,.T.);
#3942=EDGE_CURVE('',#3106,#3272,#4837,.T.);
#3943=EDGE_CURVE('',#3109,#3273,#4838,.T.);
#3944=EDGE_CURVE('',#3272,#3273,#4839,.T.);
#3945=EDGE_CURVE('',#3102,#3274,#4840,.T.);
#3946=EDGE_CURVE('',#3105,#3275,#4841,.T.);
#3947=EDGE_CURVE('',#3274,#3275,#4842,.T.);
#3948=EDGE_CURVE('',#3098,#3276,#4843,.T.);
#3949=EDGE_CURVE('',#3101,#3277,#4844,.T.);
#3950=EDGE_CURVE('',#3276,#3277,#4845,.T.);
#3951=EDGE_CURVE('',#3094,#3278,#4846,.T.);
#3952=EDGE_CURVE('',#3097,#3279,#4847,.T.);
#3953=EDGE_CURVE('',#3278,#3279,#4848,.T.);
#3954=EDGE_CURVE('',#3190,#3280,#4849,.T.);
#3955=EDGE_CURVE('',#3280,#3281,#4850,.T.);
#3956=EDGE_CURVE('',#3037,#3281,#4851,.T.);
#3957=EDGE_CURVE('',#3061,#3282,#4852,.T.);
#3958=EDGE_CURVE('',#3282,#3283,#4853,.T.);
#3959=EDGE_CURVE('',#3187,#3283,#4854,.T.);
#3960=EDGE_CURVE('',#3284,#3246,#4855,.T.);
#3961=EDGE_CURVE('',#3251,#3285,#4856,.T.);
#3962=EDGE_CURVE('',#3057,#3285,#4857,.T.);
#3963=EDGE_CURVE('',#3056,#3286,#4858,.T.);
#3964=EDGE_CURVE('',#3286,#3287,#4859,.T.);
#3965=EDGE_CURVE('',#3287,#3284,#4860,.T.);
#3966=EDGE_CURVE('',#3288,#3284,#4861,.T.);
#3967=EDGE_CURVE('',#3289,#3288,#4862,.T.);
#3968=EDGE_CURVE('',#3285,#3289,#4863,.T.);
#3969=EDGE_CURVE('',#3144,#3290,#4864,.T.);
#3970=EDGE_CURVE('',#3291,#3149,#4865,.T.);
#3971=EDGE_CURVE('',#3292,#3291,#73,.T.);
#3972=EDGE_CURVE('',#3293,#3292,#4866,.T.);
#3973=EDGE_CURVE('',#3294,#3293,#4867,.T.);
#3974=EDGE_CURVE('',#3294,#3295,#4868,.T.);
#3975=EDGE_CURVE('',#3290,#3295,#74,.T.);
#3976=EDGE_CURVE('',#3296,#3290,#4869,.T.);
#3977=EDGE_CURVE('',#3297,#3296,#4870,.T.);
#3978=EDGE_CURVE('',#3297,#3291,#4871,.T.);
#3979=EDGE_CURVE('',#3298,#3221,#4872,.T.);
#3980=EDGE_CURVE('',#3298,#3299,#4873,.T.);
#3981=EDGE_CURVE('',#3299,#3218,#4874,.T.);
#3982=EDGE_CURVE('',#3217,#3300,#4875,.T.);
#3983=EDGE_CURVE('',#3300,#3301,#4876,.T.);
#3984=EDGE_CURVE('',#3214,#3301,#4877,.T.);
#3985=EDGE_CURVE('',#3213,#3302,#4878,.T.);
#3986=EDGE_CURVE('',#3302,#3303,#4879,.T.);
#3987=EDGE_CURVE('',#3210,#3303,#4880,.T.);
#3988=EDGE_CURVE('',#3209,#3304,#4881,.T.);
#3989=EDGE_CURVE('',#3304,#3305,#4882,.T.);
#3990=EDGE_CURVE('',#3206,#3305,#4883,.T.);
#3991=EDGE_CURVE('',#3205,#3306,#4884,.T.);
#3992=EDGE_CURVE('',#3306,#3307,#4885,.T.);
#3993=EDGE_CURVE('',#3202,#3307,#4886,.T.);
#3994=EDGE_CURVE('',#3308,#3201,#4887,.T.);
#3995=EDGE_CURVE('',#3309,#3308,#4888,.T.);
#3996=EDGE_CURVE('',#3309,#3198,#4889,.T.);
#3997=EDGE_CURVE('',#3310,#3197,#4890,.T.);
#3998=EDGE_CURVE('',#3311,#3310,#4891,.T.);
#3999=EDGE_CURVE('',#3311,#3312,#4892,.T.);
#4000=EDGE_CURVE('',#3312,#3313,#4893,.T.);
#4001=EDGE_CURVE('',#3314,#3313,#4894,.T.);
#4002=EDGE_CURVE('',#3315,#3314,#4895,.T.);
#4003=EDGE_CURVE('',#3315,#3316,#4896,.T.);
#4004=EDGE_CURVE('',#3317,#3316,#4897,.T.);
#4005=EDGE_CURVE('',#3318,#3317,#4898,.T.);
#4006=EDGE_CURVE('',#3319,#3318,#4899,.T.);
#4007=EDGE_CURVE('',#3320,#3319,#4900,.T.);
#4008=EDGE_CURVE('',#3321,#3320,#4901,.T.);
#4009=EDGE_CURVE('',#3321,#3322,#4902,.T.);
#4010=EDGE_CURVE('',#3323,#3322,#4903,.T.);
#4011=EDGE_CURVE('',#3324,#3323,#4904,.T.);
#4012=EDGE_CURVE('',#3325,#3324,#4905,.T.);
#4013=EDGE_CURVE('',#3325,#3326,#4906,.T.);
#4014=EDGE_CURVE('',#3327,#3326,#4907,.T.);
#4015=EDGE_CURVE('',#3328,#3327,#4908,.T.);
#4016=EDGE_CURVE('',#3329,#3328,#4909,.T.);
#4017=EDGE_CURVE('',#3329,#3330,#4910,.T.);
#4018=EDGE_CURVE('',#3331,#3330,#4911,.T.);
#4019=EDGE_CURVE('',#3332,#3331,#4912,.T.);
#4020=EDGE_CURVE('',#3333,#3332,#4913,.T.);
#4021=EDGE_CURVE('',#3333,#3334,#4914,.T.);
#4022=EDGE_CURVE('',#3335,#3334,#4915,.T.);
#4023=EDGE_CURVE('',#3335,#3336,#4916,.T.);
#4024=EDGE_CURVE('',#3336,#3337,#4917,.T.);
#4025=EDGE_CURVE('',#3338,#3337,#4918,.T.);
#4026=EDGE_CURVE('',#3339,#3338,#4919,.T.);
#4027=EDGE_CURVE('',#3340,#3339,#4920,.T.);
#4028=EDGE_CURVE('',#3340,#3287,#4921,.T.);
#4029=EDGE_CURVE('',#3286,#3341,#4922,.T.);
#4030=EDGE_CURVE('',#3222,#3341,#4923,.T.);
#4031=EDGE_CURVE('',#3338,#3342,#4924,.T.);
#4032=EDGE_CURVE('',#3343,#3342,#4925,.T.);
#4033=EDGE_CURVE('',#3335,#3343,#4926,.T.);
#4034=EDGE_CURVE('',#3344,#3334,#4927,.T.);
#4035=EDGE_CURVE('',#3344,#3345,#4928,.T.);
#4036=EDGE_CURVE('',#3345,#3331,#4929,.T.);
#4037=EDGE_CURVE('',#3346,#3330,#4930,.T.);
#4038=EDGE_CURVE('',#3346,#3347,#4931,.T.);
#4039=EDGE_CURVE('',#3347,#3327,#4932,.T.);
#4040=EDGE_CURVE('',#3348,#3326,#4933,.T.);
#4041=EDGE_CURVE('',#3348,#3349,#4934,.T.);
#4042=EDGE_CURVE('',#3349,#3323,#4935,.T.);
#4043=EDGE_CURVE('',#3350,#3322,#4936,.T.);
#4044=EDGE_CURVE('',#3350,#3351,#4937,.T.);
#4045=EDGE_CURVE('',#3351,#3319,#4938,.T.);
#4046=EDGE_CURVE('',#3318,#3352,#4939,.T.);
#4047=EDGE_CURVE('',#3353,#3352,#4940,.T.);
#4048=EDGE_CURVE('',#3315,#3353,#4941,.T.);
#4049=EDGE_CURVE('',#3314,#3354,#4942,.T.);
#4050=EDGE_CURVE('',#3355,#3354,#4943,.T.);
#4051=EDGE_CURVE('',#3356,#3355,#4944,.T.);
#4052=EDGE_CURVE('',#3357,#3356,#75,.T.);
#4053=EDGE_CURVE('',#3029,#3357,#4945,.T.);
#4054=EDGE_CURVE('',#3358,#3035,#4946,.T.);
#4055=EDGE_CURVE('',#3359,#3358,#76,.T.);
#4056=EDGE_CURVE('',#3360,#3359,#4947,.T.);
#4057=EDGE_CURVE('',#3361,#3360,#4948,.T.);
#4058=EDGE_CURVE('',#3339,#3361,#4949,.T.);
#4059=EDGE_CURVE('',#3362,#3363,#4950,.T.);
#4060=EDGE_CURVE('',#3030,#3362,#4951,.T.);
#4061=EDGE_CURVE('',#3364,#3028,#4952,.T.);
#4062=EDGE_CURVE('',#3364,#3365,#77,.T.);
#4063=EDGE_CURVE('',#3366,#3365,#4953,.T.);
#4064=EDGE_CURVE('',#3293,#3366,#4954,.T.);
#4065=EDGE_CURVE('',#3292,#3367,#4955,.T.);
#4066=EDGE_CURVE('',#3313,#3367,#4956,.T.);
#4067=EDGE_CURVE('',#3312,#3368,#4957,.T.);
#4068=EDGE_CURVE('',#3368,#3369,#4958,.T.);
#4069=EDGE_CURVE('',#3370,#3369,#4959,.T.);
#4070=EDGE_CURVE('',#3371,#3370,#4960,.T.);
#4071=EDGE_CURVE('',#3371,#3363,#4961,.T.);
#4072=EDGE_CURVE('',#3372,#3373,#4962,.T.);
#4073=EDGE_CURVE('',#3374,#3372,#4963,.T.);
#4074=EDGE_CURVE('',#3374,#3375,#4964,.T.);
#4075=EDGE_CURVE('',#3375,#3282,#4965,.T.);
#4076=EDGE_CURVE('',#3376,#3060,#4966,.T.);
#4077=EDGE_CURVE('',#3377,#3376,#4967,.T.);
#4078=EDGE_CURVE('',#3377,#3373,#4968,.T.);
#4079=EDGE_CURVE('',#3378,#3379,#4969,.T.);
#4080=EDGE_CURVE('',#3378,#3363,#4970,.T.);
#4081=EDGE_CURVE('',#3380,#3371,#4971,.T.);
#4082=EDGE_CURVE('',#3380,#3036,#4972,.T.);
#4083=EDGE_CURVE('',#3381,#3281,#4973,.T.);
#4084=EDGE_CURVE('',#3379,#3381,#4974,.T.);
#4085=EDGE_CURVE('',#3370,#3382,#4975,.T.);
#4086=EDGE_CURVE('',#3369,#3383,#4976,.T.);
#4087=EDGE_CURVE('',#3039,#3383,#4977,.T.);
#4088=EDGE_CURVE('',#3382,#3038,#4978,.T.);
#4089=EDGE_CURVE('',#3384,#3194,#4979,.T.);
#4090=EDGE_CURVE('',#3384,#3385,#4980,.T.);
#4091=EDGE_CURVE('',#3385,#3195,#4981,.T.);
#4092=EDGE_CURVE('',#3386,#3192,#4982,.T.);
#4093=EDGE_CURVE('',#3386,#3043,#4983,.T.);
#4094=EDGE_CURVE('',#3042,#3387,#4984,.T.);
#4095=EDGE_CURVE('',#3387,#3193,#4985,.T.);
#4096=EDGE_CURVE('',#3384,#3387,#78,.T.);
#4097=EDGE_CURVE('',#3357,#3364,#4986,.T.);
#4098=EDGE_CURVE('',#3356,#3365,#4987,.T.);
#4099=EDGE_CURVE('',#3054,#3388,#4988,.T.);
#4100=EDGE_CURVE('',#3388,#3227,#4989,.T.);
#4101=EDGE_CURVE('',#3389,#3226,#4990,.T.);
#4102=EDGE_CURVE('',#3389,#3055,#4991,.T.);
#4103=EDGE_CURVE('',#3390,#3391,#4992,.T.);
#4104=EDGE_CURVE('',#3391,#3225,#4993,.T.);
#4105=EDGE_CURVE('',#3390,#3224,#4994,.T.);
#4106=EDGE_CURVE('',#3391,#3389,#79,.T.);
#4107=EDGE_CURVE('',#3367,#3297,#80,.T.);
#4108=EDGE_CURVE('',#3296,#3392,#81,.T.);
#4109=EDGE_CURVE('',#3392,#3310,#4995,.T.);
#4110=EDGE_CURVE('',#3196,#3354,#4996,.T.);
#4111=EDGE_CURVE('',#3340,#3393,#4997,.T.);
#4112=EDGE_CURVE('',#3223,#3361,#4998,.T.);
#4113=EDGE_CURVE('',#3394,#3341,#4999,.T.);
#4114=EDGE_CURVE('',#3395,#3394,#82,.T.);
#4115=EDGE_CURVE('',#3396,#3395,#5000,.T.);
#4116=EDGE_CURVE('',#3393,#3396,#83,.T.);
#4117=EDGE_CURVE('',#3355,#3366,#5001,.T.);
#4118=EDGE_CURVE('',#3385,#3294,#5002,.T.);
#4119=EDGE_CURVE('',#3034,#3397,#5003,.T.);
#4120=EDGE_CURVE('',#3358,#3397,#5004,.T.);
#4121=EDGE_CURVE('',#3398,#3399,#5005,.T.);
#4122=EDGE_CURVE('',#3399,#3390,#5006,.T.);
#4123=EDGE_CURVE('',#3360,#3400,#5007,.T.);
#4124=EDGE_CURVE('',#3400,#3398,#5008,.T.);
#4125=EDGE_CURVE('',#3359,#3401,#5009,.T.);
#4126=EDGE_CURVE('',#3401,#3400,#5010,.T.);
#4127=EDGE_CURVE('',#3397,#3401,#84,.T.);
#4128=EDGE_CURVE('',#3402,#3403,#5011,.T.);
#4129=EDGE_CURVE('',#3402,#3404,#5012,.T.);
#4130=EDGE_CURVE('',#3404,#3405,#5013,.T.);
#4131=EDGE_CURVE('',#3406,#3405,#5014,.T.);
#4132=EDGE_CURVE('',#3407,#3406,#5015,.T.);
#4133=EDGE_CURVE('',#3407,#3408,#5016,.T.);
#4134=EDGE_CURVE('',#3408,#3409,#5017,.T.);
#4135=EDGE_CURVE('',#3410,#3409,#5018,.T.);
#4136=EDGE_CURVE('',#3411,#3410,#5019,.T.);
#4137=EDGE_CURVE('',#3411,#3412,#5020,.T.);
#4138=EDGE_CURVE('',#3412,#3413,#5021,.T.);
#4139=EDGE_CURVE('',#3414,#3413,#5022,.T.);
#4140=EDGE_CURVE('',#3415,#3414,#5023,.T.);
#4141=EDGE_CURVE('',#3415,#3416,#5024,.T.);
#4142=EDGE_CURVE('',#3416,#3417,#5025,.T.);
#4143=EDGE_CURVE('',#3418,#3417,#5026,.T.);
#4144=EDGE_CURVE('',#3419,#3418,#5027,.T.);
#4145=EDGE_CURVE('',#3419,#3420,#5028,.T.);
#4146=EDGE_CURVE('',#3420,#3421,#5029,.T.);
#4147=EDGE_CURVE('',#3422,#3421,#5030,.T.);
#4148=EDGE_CURVE('',#3423,#3422,#5031,.T.);
#4149=EDGE_CURVE('',#3423,#3424,#5032,.T.);
#4150=EDGE_CURVE('',#3424,#3425,#5033,.T.);
#4151=EDGE_CURVE('',#3426,#3425,#5034,.T.);
#4152=EDGE_CURVE('',#3427,#3426,#5035,.T.);
#4153=EDGE_CURVE('',#3427,#3428,#5036,.T.);
#4154=EDGE_CURVE('',#3428,#3429,#5037,.T.);
#4155=EDGE_CURVE('',#3430,#3429,#5038,.T.);
#4156=EDGE_CURVE('',#3431,#3430,#5039,.T.);
#4157=EDGE_CURVE('',#3431,#3432,#5040,.T.);
#4158=EDGE_CURVE('',#3432,#3433,#5041,.T.);
#4159=EDGE_CURVE('',#3381,#3433,#5042,.T.);
#4160=EDGE_CURVE('',#3280,#3434,#5043,.T.);
#4161=EDGE_CURVE('',#3435,#3434,#5044,.T.);
#4162=EDGE_CURVE('',#3283,#3435,#5045,.T.);
#4163=EDGE_CURVE('',#3403,#3375,#5046,.T.);
#4164=EDGE_CURVE('',#3403,#3436,#5047,.T.);
#4165=EDGE_CURVE('',#3437,#3374,#5048,.T.);
#4166=EDGE_CURVE('',#3278,#3437,#5049,.T.);
#4167=EDGE_CURVE('',#3279,#3438,#5050,.T.);
#4168=EDGE_CURVE('',#3439,#3438,#5051,.T.);
#4169=EDGE_CURVE('',#3276,#3439,#5052,.T.);
#4170=EDGE_CURVE('',#3277,#3440,#5053,.T.);
#4171=EDGE_CURVE('',#3441,#3440,#5054,.T.);
#4172=EDGE_CURVE('',#3274,#3441,#5055,.T.);
#4173=EDGE_CURVE('',#3275,#3442,#5056,.T.);
#4174=EDGE_CURVE('',#3443,#3442,#5057,.T.);
#4175=EDGE_CURVE('',#3272,#3443,#5058,.T.);
#4176=EDGE_CURVE('',#3273,#3444,#5059,.T.);
#4177=EDGE_CURVE('',#3445,#3444,#5060,.T.);
#4178=EDGE_CURVE('',#3270,#3445,#5061,.T.);
#4179=EDGE_CURVE('',#3271,#3446,#5062,.T.);
#4180=EDGE_CURVE('',#3447,#3446,#5063,.T.);
#4181=EDGE_CURVE('',#3268,#3447,#5064,.T.);
#4182=EDGE_CURVE('',#3269,#3448,#5065,.T.);
#4183=EDGE_CURVE('',#3449,#3448,#5066,.T.);
#4184=EDGE_CURVE('',#3266,#3449,#5067,.T.);
#4185=EDGE_CURVE('',#3267,#3450,#5068,.T.);
#4186=EDGE_CURVE('',#3451,#3450,#5069,.T.);
#4187=EDGE_CURVE('',#3264,#3451,#5070,.T.);
#4188=EDGE_CURVE('',#3265,#3452,#5071,.T.);
#4189=EDGE_CURVE('',#3379,#3452,#5072,.T.);
#4190=EDGE_CURVE('',#3433,#3453,#5073,.T.);
#4191=EDGE_CURVE('',#3453,#3454,#5074,.T.);
#4192=EDGE_CURVE('',#3430,#3454,#5075,.T.);
#4193=EDGE_CURVE('',#3429,#3455,#5076,.T.);
#4194=EDGE_CURVE('',#3455,#3456,#5077,.T.);
#4195=EDGE_CURVE('',#3426,#3456,#5078,.T.);
#4196=EDGE_CURVE('',#3425,#3457,#5079,.T.);
#4197=EDGE_CURVE('',#3457,#3458,#5080,.T.);
#4198=EDGE_CURVE('',#3422,#3458,#5081,.T.);
#4199=EDGE_CURVE('',#3421,#3459,#5082,.T.);
#4200=EDGE_CURVE('',#3459,#3460,#5083,.T.);
#4201=EDGE_CURVE('',#3418,#3460,#5084,.T.);
#4202=EDGE_CURVE('',#3417,#3461,#5085,.T.);
#4203=EDGE_CURVE('',#3461,#3462,#5086,.T.);
#4204=EDGE_CURVE('',#3414,#3462,#5087,.T.);
#4205=EDGE_CURVE('',#3413,#3463,#5088,.T.);
#4206=EDGE_CURVE('',#3463,#3464,#5089,.T.);
#4207=EDGE_CURVE('',#3410,#3464,#5090,.T.);
#4208=EDGE_CURVE('',#3409,#3465,#5091,.T.);
#4209=EDGE_CURVE('',#3465,#3466,#5092,.T.);
#4210=EDGE_CURVE('',#3406,#3466,#5093,.T.);
#4211=EDGE_CURVE('',#3405,#3467,#5094,.T.);
#4212=EDGE_CURVE('',#3467,#3436,#5095,.T.);
#4213=EDGE_CURVE('',#3468,#3033,#5096,.T.);
#4214=EDGE_CURVE('',#3373,#3468,#5097,.T.);
#4215=EDGE_CURVE('',#3469,#3377,#5098,.T.);
#4216=EDGE_CURVE('',#3469,#3288,#5099,.T.);
#4217=EDGE_CURVE('',#3470,#3393,#5100,.T.);
#4218=EDGE_CURVE('',#3398,#3470,#5101,.T.);
#4219=EDGE_CURVE('',#3130,#3471,#5102,.T.);
#4220=EDGE_CURVE('',#3471,#3472,#85,.T.);
#4221=EDGE_CURVE('',#3399,#3472,#5103,.T.);
#4222=EDGE_CURVE('',#3470,#3473,#86,.T.);
#4223=EDGE_CURVE('',#3473,#3133,#5104,.T.);
#4224=EDGE_CURVE('',#3472,#3394,#5105,.T.);
#4225=EDGE_CURVE('',#3474,#3469,#5106,.T.);
#4226=EDGE_CURVE('',#3474,#3059,#5107,.T.);
#4227=EDGE_CURVE('',#3058,#3289,#5108,.T.);
#4228=EDGE_CURVE('',#3257,#3368,#5109,.T.);
#4229=EDGE_CURVE('',#3475,#3262,#5110,.T.);
#4230=EDGE_CURVE('',#3383,#3475,#5111,.T.);
#4231=EDGE_CURVE('',#3040,#3475,#5112,.T.);
#4232=EDGE_CURVE('',#3041,#3311,#5113,.T.);
#4233=EDGE_CURVE('',#3295,#3392,#5114,.T.);
#4234=EDGE_CURVE('',#3396,#3473,#5115,.T.);
#4235=EDGE_CURVE('',#3395,#3471,#5116,.T.);
#4236=EDGE_CURVE('',#3380,#3382,#5117,.T.);
#4237=EDGE_CURVE('',#3474,#3376,#5118,.T.);
#4238=EDGE_CURVE('',#3476,#3189,#5119,.T.);
#4239=EDGE_CURVE('',#3477,#3188,#5120,.T.);
#4240=EDGE_CURVE('',#3477,#3476,#5121,.T.);
#4241=EDGE_CURVE('',#3434,#3476,#87,.T.);
#4242=EDGE_CURVE('',#3435,#3477,#88,.T.);
#4243=EDGE_CURVE('',#3478,#3468,#5122,.T.);
#4244=EDGE_CURVE('',#3372,#3478,#5123,.T.);
#4245=EDGE_CURVE('',#3478,#3032,#5124,.T.);
#4246=EDGE_CURVE('',#3479,#3362,#5125,.T.);
#4247=EDGE_CURVE('',#3031,#3479,#5126,.T.);
#4248=EDGE_CURVE('',#3479,#3378,#5127,.T.);
#4249=EDGE_CURVE('',#3437,#3480,#5128,.T.);
#4250=EDGE_CURVE('',#3452,#3481,#5129,.T.);
#4251=EDGE_CURVE('',#3481,#3482,#5130,.T.);
#4252=EDGE_CURVE('',#3451,#3482,#5131,.T.);
#4253=EDGE_CURVE('',#3450,#3483,#5132,.T.);
#4254=EDGE_CURVE('',#3483,#3484,#5133,.T.);
#4255=EDGE_CURVE('',#3449,#3484,#5134,.T.);
#4256=EDGE_CURVE('',#3448,#3485,#5135,.T.);
#4257=EDGE_CURVE('',#3485,#3486,#5136,.T.);
#4258=EDGE_CURVE('',#3447,#3486,#5137,.T.);
#4259=EDGE_CURVE('',#3446,#3487,#5138,.T.);
#4260=EDGE_CURVE('',#3487,#3488,#5139,.T.);
#4261=EDGE_CURVE('',#3445,#3488,#5140,.T.);
#4262=EDGE_CURVE('',#3444,#3489,#5141,.T.);
#4263=EDGE_CURVE('',#3489,#3490,#5142,.T.);
#4264=EDGE_CURVE('',#3443,#3490,#5143,.T.);
#4265=EDGE_CURVE('',#3442,#3491,#5144,.T.);
#4266=EDGE_CURVE('',#3491,#3492,#5145,.T.);
#4267=EDGE_CURVE('',#3441,#3492,#5146,.T.);
#4268=EDGE_CURVE('',#3440,#3493,#5147,.T.);
#4269=EDGE_CURVE('',#3493,#3494,#5148,.T.);
#4270=EDGE_CURVE('',#3439,#3494,#5149,.T.);
#4271=EDGE_CURVE('',#3438,#3495,#5150,.T.);
#4272=EDGE_CURVE('',#3495,#3480,#5151,.T.);
#4273=EDGE_CURVE('',#3496,#3044,#5152,.T.);
#4274=EDGE_CURVE('',#3191,#3496,#5153,.T.);
#4275=EDGE_CURVE('',#3386,#3496,#5154,.T.);
#4276=EDGE_CURVE('',#3228,#3497,#5155,.T.);
#4277=EDGE_CURVE('',#3053,#3497,#5156,.T.);
#4278=EDGE_CURVE('',#3497,#3388,#5157,.T.);
#4279=EDGE_CURVE('',#3482,#3086,#5158,.T.);
#4280=EDGE_CURVE('',#3481,#3088,#5159,.T.);
#4281=EDGE_CURVE('',#3498,#3431,#89,.T.);
#4282=EDGE_CURVE('',#3454,#3499,#5160,.T.);
#4283=EDGE_CURVE('',#3499,#3500,#90,.T.);
#4284=EDGE_CURVE('',#3500,#3498,#5161,.T.);
#4285=EDGE_CURVE('',#3501,#3432,#91,.T.);
#4286=EDGE_CURVE('',#3502,#3501,#5162,.T.);
#4287=EDGE_CURVE('',#3503,#3502,#92,.T.);
#4288=EDGE_CURVE('',#3453,#3503,#5163,.T.);
#4289=EDGE_CURVE('',#3498,#3501,#5164,.T.);
#4290=EDGE_CURVE('',#3499,#3503,#5165,.T.);
#4291=EDGE_CURVE('',#3500,#3502,#5166,.T.);
#4292=EDGE_CURVE('',#3321,#3504,#93,.T.);
#4293=EDGE_CURVE('',#3320,#3505,#94,.T.);
#4294=EDGE_CURVE('',#3504,#3505,#5167,.T.);
#4295=EDGE_CURVE('',#3505,#3506,#5168,.T.);
#4296=EDGE_CURVE('',#3507,#3506,#5169,.T.);
#4297=EDGE_CURVE('',#3504,#3507,#5170,.T.);
#4298=EDGE_CURVE('',#3506,#3508,#5171,.T.);
#4299=EDGE_CURVE('',#3509,#3508,#5172,.T.);
#4300=EDGE_CURVE('',#3507,#3509,#5173,.T.);
#4301=EDGE_CURVE('',#3509,#3350,#5174,.T.);
#4302=EDGE_CURVE('',#3508,#3351,#5175,.T.);
#4303=EDGE_CURVE('',#3510,#3306,#95,.T.);
#4304=EDGE_CURVE('',#3511,#3510,#5176,.T.);
#4305=EDGE_CURVE('',#3511,#3307,#96,.T.);
#4306=EDGE_CURVE('',#3204,#3512,#5177,.T.);
#4307=EDGE_CURVE('',#3203,#3513,#5178,.T.);
#4308=EDGE_CURVE('',#3513,#3512,#5179,.T.);
#4309=EDGE_CURVE('',#3512,#3514,#5180,.T.);
#4310=EDGE_CURVE('',#3513,#3515,#5181,.T.);
#4311=EDGE_CURVE('',#3515,#3514,#5182,.T.);
#4312=EDGE_CURVE('',#3514,#3510,#5183,.T.);
#4313=EDGE_CURVE('',#3515,#3511,#5184,.T.);
#4314=EDGE_CURVE('',#3484,#3119,#5185,.T.);
#4315=EDGE_CURVE('',#3483,#3120,#5186,.T.);
#4316=EDGE_CURVE('',#3516,#3427,#97,.T.);
#4317=EDGE_CURVE('',#3456,#3517,#5187,.T.);
#4318=EDGE_CURVE('',#3517,#3518,#98,.T.);
#4319=EDGE_CURVE('',#3518,#3516,#5188,.T.);
#4320=EDGE_CURVE('',#3519,#3428,#99,.T.);
#4321=EDGE_CURVE('',#3520,#3519,#5189,.T.);
#4322=EDGE_CURVE('',#3521,#3520,#100,.T.);
#4323=EDGE_CURVE('',#3455,#3521,#5190,.T.);
#4324=EDGE_CURVE('',#3516,#3519,#5191,.T.);
#4325=EDGE_CURVE('',#3517,#3521,#5192,.T.);
#4326=EDGE_CURVE('',#3518,#3520,#5193,.T.);
#4327=EDGE_CURVE('',#3486,#3115,#5194,.T.);
#4328=EDGE_CURVE('',#3485,#3116,#5195,.T.);
#4329=EDGE_CURVE('',#3522,#3423,#101,.T.);
#4330=EDGE_CURVE('',#3458,#3523,#5196,.T.);
#4331=EDGE_CURVE('',#3523,#3524,#102,.T.);
#4332=EDGE_CURVE('',#3524,#3522,#5197,.T.);
#4333=EDGE_CURVE('',#3525,#3424,#103,.T.);
#4334=EDGE_CURVE('',#3526,#3525,#5198,.T.);
#4335=EDGE_CURVE('',#3527,#3526,#104,.T.);
#4336=EDGE_CURVE('',#3457,#3527,#5199,.T.);
#4337=EDGE_CURVE('',#3522,#3525,#5200,.T.);
#4338=EDGE_CURVE('',#3523,#3527,#5201,.T.);
#4339=EDGE_CURVE('',#3524,#3526,#5202,.T.);
#4340=EDGE_CURVE('',#3488,#3111,#5203,.T.);
#4341=EDGE_CURVE('',#3487,#3112,#5204,.T.);
#4342=EDGE_CURVE('',#3528,#3419,#105,.T.);
#4343=EDGE_CURVE('',#3460,#3529,#5205,.T.);
#4344=EDGE_CURVE('',#3529,#3530,#106,.T.);
#4345=EDGE_CURVE('',#3530,#3528,#5206,.T.);
#4346=EDGE_CURVE('',#3531,#3420,#107,.T.);
#4347=EDGE_CURVE('',#3532,#3531,#5207,.T.);
#4348=EDGE_CURVE('',#3533,#3532,#108,.T.);
#4349=EDGE_CURVE('',#3459,#3533,#5208,.T.);
#4350=EDGE_CURVE('',#3528,#3531,#5209,.T.);
#4351=EDGE_CURVE('',#3529,#3533,#5210,.T.);
#4352=EDGE_CURVE('',#3530,#3532,#5211,.T.);
#4353=EDGE_CURVE('',#3490,#3107,#5212,.T.);
#4354=EDGE_CURVE('',#3489,#3108,#5213,.T.);
#4355=EDGE_CURVE('',#3534,#3415,#109,.T.);
#4356=EDGE_CURVE('',#3462,#3535,#5214,.T.);
#4357=EDGE_CURVE('',#3535,#3536,#110,.T.);
#4358=EDGE_CURVE('',#3536,#3534,#5215,.T.);
#4359=EDGE_CURVE('',#3537,#3416,#111,.T.);
#4360=EDGE_CURVE('',#3538,#3537,#5216,.T.);
#4361=EDGE_CURVE('',#3539,#3538,#112,.T.);
#4362=EDGE_CURVE('',#3461,#3539,#5217,.T.);
#4363=EDGE_CURVE('',#3534,#3537,#5218,.T.);
#4364=EDGE_CURVE('',#3535,#3539,#5219,.T.);
#4365=EDGE_CURVE('',#3536,#3538,#5220,.T.);
#4366=EDGE_CURVE('',#3492,#3103,#5221,.T.);
#4367=EDGE_CURVE('',#3491,#3104,#5222,.T.);
#4368=EDGE_CURVE('',#3540,#3411,#113,.T.);
#4369=EDGE_CURVE('',#3464,#3541,#5223,.T.);
#4370=EDGE_CURVE('',#3541,#3542,#114,.T.);
#4371=EDGE_CURVE('',#3542,#3540,#5224,.T.);
#4372=EDGE_CURVE('',#3543,#3412,#115,.T.);
#4373=EDGE_CURVE('',#3544,#3543,#5225,.T.);
#4374=EDGE_CURVE('',#3545,#3544,#116,.T.);
#4375=EDGE_CURVE('',#3463,#3545,#5226,.T.);
#4376=EDGE_CURVE('',#3540,#3543,#5227,.T.);
#4377=EDGE_CURVE('',#3541,#3545,#5228,.T.);
#4378=EDGE_CURVE('',#3542,#3544,#5229,.T.);
#4379=EDGE_CURVE('',#3494,#3099,#5230,.T.);
#4380=EDGE_CURVE('',#3493,#3100,#5231,.T.);
#4381=EDGE_CURVE('',#3546,#3407,#117,.T.);
#4382=EDGE_CURVE('',#3466,#3547,#5232,.T.);
#4383=EDGE_CURVE('',#3547,#3548,#118,.T.);
#4384=EDGE_CURVE('',#3548,#3546,#5233,.T.);
#4385=EDGE_CURVE('',#3549,#3408,#119,.T.);
#4386=EDGE_CURVE('',#3550,#3549,#5234,.T.);
#4387=EDGE_CURVE('',#3551,#3550,#120,.T.);
#4388=EDGE_CURVE('',#3465,#3551,#5235,.T.);
#4389=EDGE_CURVE('',#3546,#3549,#5236,.T.);
#4390=EDGE_CURVE('',#3547,#3551,#5237,.T.);
#4391=EDGE_CURVE('',#3548,#3550,#5238,.T.);
#4392=EDGE_CURVE('',#3480,#3095,#5239,.T.);
#4393=EDGE_CURVE('',#3495,#3096,#5240,.T.);
#4394=EDGE_CURVE('',#3552,#3402,#121,.T.);
#4395=EDGE_CURVE('',#3436,#3553,#5241,.T.);
#4396=EDGE_CURVE('',#3553,#3554,#122,.T.);
#4397=EDGE_CURVE('',#3554,#3552,#5242,.T.);
#4398=EDGE_CURVE('',#3555,#3404,#123,.T.);
#4399=EDGE_CURVE('',#3556,#3555,#5243,.T.);
#4400=EDGE_CURVE('',#3557,#3556,#124,.T.);
#4401=EDGE_CURVE('',#3467,#3557,#5244,.T.);
#4402=EDGE_CURVE('',#3552,#3555,#5245,.T.);
#4403=EDGE_CURVE('',#3553,#3557,#5246,.T.);
#4404=EDGE_CURVE('',#3554,#3556,#5247,.T.);
#4405=EDGE_CURVE('',#3325,#3558,#125,.T.);
#4406=EDGE_CURVE('',#3324,#3559,#126,.T.);
#4407=EDGE_CURVE('',#3558,#3559,#5248,.T.);
#4408=EDGE_CURVE('',#3558,#3560,#5249,.T.);
#4409=EDGE_CURVE('',#3560,#3561,#5250,.T.);
#4410=EDGE_CURVE('',#3561,#3348,#5251,.T.);
#4411=EDGE_CURVE('',#3562,#3349,#5252,.T.);
#4412=EDGE_CURVE('',#3563,#3562,#5253,.T.);
#4413=EDGE_CURVE('',#3559,#3563,#5254,.T.);
#4414=EDGE_CURVE('',#3560,#3563,#5255,.T.);
#4415=EDGE_CURVE('',#3561,#3562,#5256,.T.);
#4416=EDGE_CURVE('',#3329,#3564,#127,.T.);
#4417=EDGE_CURVE('',#3328,#3565,#128,.T.);
#4418=EDGE_CURVE('',#3564,#3565,#5257,.T.);
#4419=EDGE_CURVE('',#3564,#3566,#5258,.T.);
#4420=EDGE_CURVE('',#3566,#3567,#5259,.T.);
#4421=EDGE_CURVE('',#3567,#3346,#5260,.T.);
#4422=EDGE_CURVE('',#3568,#3347,#5261,.T.);
#4423=EDGE_CURVE('',#3569,#3568,#5262,.T.);
#4424=EDGE_CURVE('',#3565,#3569,#5263,.T.);
#4425=EDGE_CURVE('',#3566,#3569,#5264,.T.);
#4426=EDGE_CURVE('',#3567,#3568,#5265,.T.);
#4427=EDGE_CURVE('',#3333,#3570,#129,.T.);
#4428=EDGE_CURVE('',#3332,#3571,#130,.T.);
#4429=EDGE_CURVE('',#3570,#3571,#5266,.T.);
#4430=EDGE_CURVE('',#3570,#3572,#5267,.T.);
#4431=EDGE_CURVE('',#3572,#3573,#5268,.T.);
#4432=EDGE_CURVE('',#3573,#3344,#5269,.T.);
#4433=EDGE_CURVE('',#3574,#3345,#5270,.T.);
#4434=EDGE_CURVE('',#3575,#3574,#5271,.T.);
#4435=EDGE_CURVE('',#3571,#3575,#5272,.T.);
#4436=EDGE_CURVE('',#3572,#3575,#5273,.T.);
#4437=EDGE_CURVE('',#3573,#3574,#5274,.T.);
#4438=EDGE_CURVE('',#3576,#3304,#131,.T.);
#4439=EDGE_CURVE('',#3577,#3576,#5275,.T.);
#4440=EDGE_CURVE('',#3577,#3305,#132,.T.);
#4441=EDGE_CURVE('',#3208,#3578,#5276,.T.);
#4442=EDGE_CURVE('',#3207,#3579,#5277,.T.);
#4443=EDGE_CURVE('',#3579,#3578,#5278,.T.);
#4444=EDGE_CURVE('',#3578,#3580,#5279,.T.);
#4445=EDGE_CURVE('',#3579,#3581,#5280,.T.);
#4446=EDGE_CURVE('',#3581,#3580,#5281,.T.);
#4447=EDGE_CURVE('',#3580,#3576,#5282,.T.);
#4448=EDGE_CURVE('',#3581,#3577,#5283,.T.);
#4449=EDGE_CURVE('',#3582,#3302,#133,.T.);
#4450=EDGE_CURVE('',#3583,#3582,#5284,.T.);
#4451=EDGE_CURVE('',#3583,#3303,#134,.T.);
#4452=EDGE_CURVE('',#3212,#3584,#5285,.T.);
#4453=EDGE_CURVE('',#3211,#3585,#5286,.T.);
#4454=EDGE_CURVE('',#3585,#3584,#5287,.T.);
#4455=EDGE_CURVE('',#3584,#3586,#5288,.T.);
#4456=EDGE_CURVE('',#3585,#3587,#5289,.T.);
#4457=EDGE_CURVE('',#3587,#3586,#5290,.T.);
#4458=EDGE_CURVE('',#3586,#3582,#5291,.T.);
#4459=EDGE_CURVE('',#3587,#3583,#5292,.T.);
#4460=EDGE_CURVE('',#3588,#3300,#135,.T.);
#4461=EDGE_CURVE('',#3589,#3588,#5293,.T.);
#4462=EDGE_CURVE('',#3589,#3301,#136,.T.);
#4463=EDGE_CURVE('',#3216,#3590,#5294,.T.);
#4464=EDGE_CURVE('',#3215,#3591,#5295,.T.);
#4465=EDGE_CURVE('',#3591,#3590,#5296,.T.);
#4466=EDGE_CURVE('',#3590,#3592,#5297,.T.);
#4467=EDGE_CURVE('',#3591,#3593,#5298,.T.);
#4468=EDGE_CURVE('',#3593,#3592,#5299,.T.);
#4469=EDGE_CURVE('',#3592,#3588,#5300,.T.);
#4470=EDGE_CURVE('',#3593,#3589,#5301,.T.);
#4471=EDGE_CURVE('',#3594,#3316,#137,.T.);
#4472=EDGE_CURVE('',#3595,#3594,#5302,.T.);
#4473=EDGE_CURVE('',#3595,#3317,#138,.T.);
#4474=EDGE_CURVE('',#3353,#3596,#5303,.T.);
#4475=EDGE_CURVE('',#3596,#3597,#5304,.T.);
#4476=EDGE_CURVE('',#3597,#3594,#5305,.T.);
#4477=EDGE_CURVE('',#3598,#3595,#5306,.T.);
#4478=EDGE_CURVE('',#3599,#3598,#5307,.T.);
#4479=EDGE_CURVE('',#3352,#3599,#5308,.T.);
#4480=EDGE_CURVE('',#3598,#3597,#5309,.T.);
#4481=EDGE_CURVE('',#3599,#3596,#5310,.T.);
#4482=EDGE_CURVE('',#3308,#3600,#139,.T.);
#4483=EDGE_CURVE('',#3600,#3601,#5311,.T.);
#4484=EDGE_CURVE('',#3309,#3601,#140,.T.);
#4485=EDGE_CURVE('',#3601,#3602,#5312,.T.);
#4486=EDGE_CURVE('',#3602,#3603,#5313,.T.);
#4487=EDGE_CURVE('',#3603,#3199,#5314,.T.);
#4488=EDGE_CURVE('',#3604,#3200,#5315,.T.);
#4489=EDGE_CURVE('',#3605,#3604,#5316,.T.);
#4490=EDGE_CURVE('',#3600,#3605,#5317,.T.);
#4491=EDGE_CURVE('',#3604,#3603,#5318,.T.);
#4492=EDGE_CURVE('',#3605,#3602,#5319,.T.);
#4493=EDGE_CURVE('',#3606,#3337,#141,.T.);
#4494=EDGE_CURVE('',#3607,#3336,#142,.T.);
#4495=EDGE_CURVE('',#3607,#3606,#5320,.T.);
#4496=EDGE_CURVE('',#3608,#3606,#5321,.T.);
#4497=EDGE_CURVE('',#3609,#3608,#5322,.T.);
#4498=EDGE_CURVE('',#3342,#3609,#5323,.T.);
#4499=EDGE_CURVE('',#3343,#3610,#5324,.T.);
#4500=EDGE_CURVE('',#3610,#3611,#5325,.T.);
#4501=EDGE_CURVE('',#3611,#3607,#5326,.T.);
#4502=EDGE_CURVE('',#3611,#3608,#5327,.T.);
#4503=EDGE_CURVE('',#3610,#3609,#5328,.T.);
#4504=EDGE_CURVE('',#3299,#3612,#143,.T.);
#4505=EDGE_CURVE('',#3298,#3613,#144,.T.);
#4506=EDGE_CURVE('',#3612,#3613,#5329,.T.);
#4507=EDGE_CURVE('',#3614,#3220,#5330,.T.);
#4508=EDGE_CURVE('',#3615,#3614,#5331,.T.);
#4509=EDGE_CURVE('',#3613,#3615,#5332,.T.);
#4510=EDGE_CURVE('',#3612,#3616,#5333,.T.);
#4511=EDGE_CURVE('',#3616,#3617,#5334,.T.);
#4512=EDGE_CURVE('',#3617,#3219,#5335,.T.);
#4513=EDGE_CURVE('',#3617,#3614,#5336,.T.);
#4514=EDGE_CURVE('',#3616,#3615,#5337,.T.);
#4515=LINE('',#8050,#5338);
#4516=LINE('',#8053,#5339);
#4517=LINE('',#8055,#5340);
#4518=LINE('',#8057,#5341);
#4519=LINE('',#8059,#5342);
#4520=LINE('',#8061,#5343);
#4521=LINE('',#8063,#5344);
#4522=LINE('',#8065,#5345);
#4523=LINE('',#8066,#5346);
#4524=LINE('',#8069,#5347);
#4525=LINE('',#8071,#5348);
#4526=LINE('',#8073,#5349);
#4527=LINE('',#8075,#5350);
#4528=LINE('',#8077,#5351);
#4529=LINE('',#8079,#5352);
#4530=LINE('',#8081,#5353);
#4531=LINE('',#8083,#5354);
#4532=LINE('',#8085,#5355);
#4533=LINE('',#8087,#5356);
#4534=LINE('',#8089,#5357);
#4535=LINE('',#8091,#5358);
#4536=LINE('',#8093,#5359);
#4537=LINE('',#8095,#5360);
#4538=LINE('',#8097,#5361);
#4539=LINE('',#8099,#5362);
#4540=LINE('',#8101,#5363);
#4541=LINE('',#8103,#5364);
#4542=LINE('',#8105,#5365);
#4543=LINE('',#8107,#5366);
#4544=LINE('',#8109,#5367);
#4545=LINE('',#8111,#5368);
#4546=LINE('',#8113,#5369);
#4547=LINE('',#8115,#5370);
#4548=LINE('',#8117,#5371);
#4549=LINE('',#8119,#5372);
#4550=LINE('',#8121,#5373);
#4551=LINE('',#8123,#5374);
#4552=LINE('',#8125,#5375);
#4553=LINE('',#8127,#5376);
#4554=LINE('',#8129,#5377);
#4555=LINE('',#8131,#5378);
#4556=LINE('',#8133,#5379);
#4557=LINE('',#8135,#5380);
#4558=LINE('',#8137,#5381);
#4559=LINE('',#8139,#5382);
#4560=LINE('',#8141,#5383);
#4561=LINE('',#8143,#5384);
#4562=LINE('',#8145,#5385);
#4563=LINE('',#8147,#5386);
#4564=LINE('',#8149,#5387);
#4565=LINE('',#8151,#5388);
#4566=LINE('',#8153,#5389);
#4567=LINE('',#8155,#5390);
#4568=LINE('',#8157,#5391);
#4569=LINE('',#8159,#5392);
#4570=LINE('',#8161,#5393);
#4571=LINE('',#8163,#5394);
#4572=LINE('',#8165,#5395);
#4573=LINE('',#8167,#5396);
#4574=LINE('',#8170,#5397);
#4575=LINE('',#8172,#5398);
#4576=LINE('',#8174,#5399);
#4577=LINE('',#8176,#5400);
#4578=LINE('',#8178,#5401);
#4579=LINE('',#8179,#5402);
#4580=LINE('',#8181,#5403);
#4581=LINE('',#8183,#5404);
#4582=LINE('',#8185,#5405);
#4583=LINE('',#8187,#5406);
#4584=LINE('',#8189,#5407);
#4585=LINE('',#8191,#5408);
#4586=LINE('',#8193,#5409);
#4587=LINE('',#8195,#5410);
#4588=LINE('',#8197,#5411);
#4589=LINE('',#8199,#5412);
#4590=LINE('',#8201,#5413);
#4591=LINE('',#8203,#5414);
#4592=LINE('',#8205,#5415);
#4593=LINE('',#8207,#5416);
#4594=LINE('',#8209,#5417);
#4595=LINE('',#8211,#5418);
#4596=LINE('',#8213,#5419);
#4597=LINE('',#8215,#5420);
#4598=LINE('',#8217,#5421);
#4599=LINE('',#8219,#5422);
#4600=LINE('',#8221,#5423);
#4601=LINE('',#8223,#5424);
#4602=LINE('',#8225,#5425);
#4603=LINE('',#8227,#5426);
#4604=LINE('',#8229,#5427);
#4605=LINE('',#8231,#5428);
#4606=LINE('',#8233,#5429);
#4607=LINE('',#8235,#5430);
#4608=LINE('',#8237,#5431);
#4609=LINE('',#8239,#5432);
#4610=LINE('',#8241,#5433);
#4611=LINE('',#8244,#5434);
#4612=LINE('',#8246,#5435);
#4613=LINE('',#8248,#5436);
#4614=LINE('',#8250,#5437);
#4615=LINE('',#8253,#5438);
#4616=LINE('',#8255,#5439);
#4617=LINE('',#8257,#5440);
#4618=LINE('',#8259,#5441);
#4619=LINE('',#8261,#5442);
#4620=LINE('',#8262,#5443);
#4621=LINE('',#8264,#5444);
#4622=LINE('',#8266,#5445);
#4623=LINE('',#8268,#5446);
#4624=LINE('',#8270,#5447);
#4625=LINE('',#8271,#5448);
#4626=LINE('',#8273,#5449);
#4627=LINE('',#8275,#5450);
#4628=LINE('',#8277,#5451);
#4629=LINE('',#8280,#5452);
#4630=LINE('',#8282,#5453);
#4631=LINE('',#8284,#5454);
#4632=LINE('',#8286,#5455);
#4633=LINE('',#8289,#5456);
#4634=LINE('',#8291,#5457);
#4635=LINE('',#8293,#5458);
#4636=LINE('',#8295,#5459);
#4637=LINE('',#8297,#5460);
#4638=LINE('',#8299,#5461);
#4639=LINE('',#8301,#5462);
#4640=LINE('',#8303,#5463);
#4641=LINE('',#8305,#5464);
#4642=LINE('',#8307,#5465);
#4643=LINE('',#8310,#5466);
#4644=LINE('',#8311,#5467);
#4645=LINE('',#8313,#5468);
#4646=LINE('',#8315,#5469);
#4647=LINE('',#8317,#5470);
#4648=LINE('',#8319,#5471);
#4649=LINE('',#8322,#5472);
#4650=LINE('',#8324,#5473);
#4651=LINE('',#8326,#5474);
#4652=LINE('',#8328,#5475);
#4653=LINE('',#8329,#5476);
#4654=LINE('',#8330,#5477);
#4655=LINE('',#8332,#5478);
#4656=LINE('',#8334,#5479);
#4657=LINE('',#8336,#5480);
#4658=LINE('',#8338,#5481);
#4659=LINE('',#8340,#5482);
#4660=LINE('',#8343,#5483);
#4661=LINE('',#8345,#5484);
#4662=LINE('',#8347,#5485);
#4663=LINE('',#8349,#5486);
#4664=LINE('',#8351,#5487);
#4665=LINE('',#8353,#5488);
#4666=LINE('',#8354,#5489);
#4667=LINE('',#8356,#5490);
#4668=LINE('',#8357,#5491);
#4669=LINE('',#8359,#5492);
#4670=LINE('',#8360,#5493);
#4671=LINE('',#8361,#5494);
#4672=LINE('',#8363,#5495);
#4673=LINE('',#8365,#5496);
#4674=LINE('',#8367,#5497);
#4675=LINE('',#8369,#5498);
#4676=LINE('',#8371,#5499);
#4677=LINE('',#8374,#5500);
#4678=LINE('',#8375,#5501);
#4679=LINE('',#8377,#5502);
#4680=LINE('',#8380,#5503);
#4681=LINE('',#8382,#5504);
#4682=LINE('',#8384,#5505);
#4683=LINE('',#8386,#5506);
#4684=LINE('',#8388,#5507);
#4685=LINE('',#8389,#5508);
#4686=LINE('',#8391,#5509);
#4687=LINE('',#8393,#5510);
#4688=LINE('',#8394,#5511);
#4689=LINE('',#8396,#5512);
#4690=LINE('',#8398,#5513);
#4691=LINE('',#8400,#5514);
#4692=LINE('',#8402,#5515);
#4693=LINE('',#8404,#5516);
#4694=LINE('',#8406,#5517);
#4695=LINE('',#8408,#5518);
#4696=LINE('',#8410,#5519);
#4697=LINE('',#8412,#5520);
#4698=LINE('',#8414,#5521);
#4699=LINE('',#8415,#5522);
#4700=LINE('',#8416,#5523);
#4701=LINE('',#8418,#5524);
#4702=LINE('',#8420,#5525);
#4703=LINE('',#8424,#5526);
#4704=LINE('',#8426,#5527);
#4705=LINE('',#8428,#5528);
#4706=LINE('',#8430,#5529);
#4707=LINE('',#8432,#5530);
#4708=LINE('',#8434,#5531);
#4709=LINE('',#8436,#5532);
#4710=LINE('',#8438,#5533);
#4711=LINE('',#8440,#5534);
#4712=LINE('',#8442,#5535);
#4713=LINE('',#8444,#5536);
#4714=LINE('',#8446,#5537);
#4715=LINE('',#8448,#5538);
#4716=LINE('',#8450,#5539);
#4717=LINE('',#8452,#5540);
#4718=LINE('',#8454,#5541);
#4719=LINE('',#8456,#5542);
#4720=LINE('',#8458,#5543);
#4721=LINE('',#8460,#5544);
#4722=LINE('',#8462,#5545);
#4723=LINE('',#8464,#5546);
#4724=LINE('',#8466,#5547);
#4725=LINE('',#8468,#5548);
#4726=LINE('',#8470,#5549);
#4727=LINE('',#8472,#5550);
#4728=LINE('',#8474,#5551);
#4729=LINE('',#8476,#5552);
#4730=LINE('',#8478,#5553);
#4731=LINE('',#8480,#5554);
#4732=LINE('',#8482,#5555);
#4733=LINE('',#8484,#5556);
#4734=LINE('',#8488,#5557);
#4735=LINE('',#8490,#5558);
#4736=LINE('',#8492,#5559);
#4737=LINE('',#8493,#5560);
#4738=LINE('',#8495,#5561);
#4739=LINE('',#8497,#5562);
#4740=LINE('',#8499,#5563);
#4741=LINE('',#8501,#5564);
#4742=LINE('',#8503,#5565);
#4743=LINE('',#8505,#5566);
#4744=LINE('',#8507,#5567);
#4745=LINE('',#8510,#5568);
#4746=LINE('',#8511,#5569);
#4747=LINE('',#8512,#5570);
#4748=LINE('',#8513,#5571);
#4749=LINE('',#8514,#5572);
#4750=LINE('',#8515,#5573);
#4751=LINE('',#8516,#5574);
#4752=LINE('',#8517,#5575);
#4753=LINE('',#8518,#5576);
#4754=LINE('',#8519,#5577);
#4755=LINE('',#8521,#5578);
#4756=LINE('',#8523,#5579);
#4757=LINE('',#8525,#5580);
#4758=LINE('',#8527,#5581);
#4759=LINE('',#8529,#5582);
#4760=LINE('',#8531,#5583);
#4761=LINE('',#8533,#5584);
#4762=LINE('',#8535,#5585);
#4763=LINE('',#8537,#5586);
#4764=LINE('',#8539,#5587);
#4765=LINE('',#8541,#5588);
#4766=LINE('',#8543,#5589);
#4767=LINE('',#8545,#5590);
#4768=LINE('',#8547,#5591);
#4769=LINE('',#8549,#5592);
#4770=LINE('',#8551,#5593);
#4771=LINE('',#8552,#5594);
#4772=LINE('',#8554,#5595);
#4773=LINE('',#8556,#5596);
#4774=LINE('',#8558,#5597);
#4775=LINE('',#8560,#5598);
#4776=LINE('',#8562,#5599);
#4777=LINE('',#8564,#5600);
#4778=LINE('',#8566,#5601);
#4779=LINE('',#8568,#5602);
#4780=LINE('',#8570,#5603);
#4781=LINE('',#8571,#5604);
#4782=LINE('',#8575,#5605);
#4783=LINE('',#8578,#5606);
#4784=LINE('',#8580,#5607);
#4785=LINE('',#8582,#5608);
#4786=LINE('',#8584,#5609);
#4787=LINE('',#8586,#5610);
#4788=LINE('',#8588,#5611);
#4789=LINE('',#8590,#5612);
#4790=LINE('',#8592,#5613);
#4791=LINE('',#8594,#5614);
#4792=LINE('',#8595,#5615);
#4793=LINE('',#8597,#5616);
#4794=LINE('',#8599,#5617);
#4795=LINE('',#8601,#5618);
#4796=LINE('',#8604,#5619);
#4797=LINE('',#8606,#5620);
#4798=LINE('',#8608,#5621);
#4799=LINE('',#8609,#5622);
#4800=LINE('',#8611,#5623);
#4801=LINE('',#8614,#5624);
#4802=LINE('',#8616,#5625);
#4803=LINE('',#8618,#5626);
#4804=LINE('',#8620,#5627);
#4805=LINE('',#8622,#5628);
#4806=LINE('',#8624,#5629);
#4807=LINE('',#8626,#5630);
#4808=LINE('',#8627,#5631);
#4809=LINE('',#8631,#5632);
#4810=LINE('',#8632,#5633);
#4811=LINE('',#8634,#5634);
#4812=LINE('',#8637,#5635);
#4813=LINE('',#8640,#5636);
#4814=LINE('',#8641,#5637);
#4815=LINE('',#8643,#5638);
#4816=LINE('',#8645,#5639);
#4817=LINE('',#8647,#5640);
#4818=LINE('',#8650,#5641);
#4819=LINE('',#8651,#5642);
#4820=LINE('',#8653,#5643);
#4821=LINE('',#8654,#5644);
#4822=LINE('',#8656,#5645);
#4823=LINE('',#8658,#5646);
#4824=LINE('',#8660,#5647);
#4825=LINE('',#8663,#5648);
#4826=LINE('',#8665,#5649);
#4827=LINE('',#8667,#5650);
#4828=LINE('',#8669,#5651);
#4829=LINE('',#8671,#5652);
#4830=LINE('',#8673,#5653);
#4831=LINE('',#8675,#5654);
#4832=LINE('',#8677,#5655);
#4833=LINE('',#8679,#5656);
#4834=LINE('',#8681,#5657);
#4835=LINE('',#8683,#5658);
#4836=LINE('',#8685,#5659);
#4837=LINE('',#8687,#5660);
#4838=LINE('',#8689,#5661);
#4839=LINE('',#8691,#5662);
#4840=LINE('',#8693,#5663);
#4841=LINE('',#8695,#5664);
#4842=LINE('',#8697,#5665);
#4843=LINE('',#8699,#5666);
#4844=LINE('',#8701,#5667);
#4845=LINE('',#8703,#5668);
#4846=LINE('',#8705,#5669);
#4847=LINE('',#8707,#5670);
#4848=LINE('',#8709,#5671);
#4849=LINE('',#8711,#5672);
#4850=LINE('',#8713,#5673);
#4851=LINE('',#8715,#5674);
#4852=LINE('',#8717,#5675);
#4853=LINE('',#8719,#5676);
#4854=LINE('',#8721,#5677);
#4855=LINE('',#8723,#5678);
#4856=LINE('',#8725,#5679);
#4857=LINE('',#8727,#5680);
#4858=LINE('',#8728,#5681);
#4859=LINE('',#8730,#5682);
#4860=LINE('',#8732,#5683);
#4861=LINE('',#8734,#5684);
#4862=LINE('',#8736,#5685);
#4863=LINE('',#8738,#5686);
#4864=LINE('',#8740,#5687);
#4865=LINE('',#8742,#5688);
#4866=LINE('',#8746,#5689);
#4867=LINE('',#8748,#5690);
#4868=LINE('',#8750,#5691);
#4869=LINE('',#8754,#5692);
#4870=LINE('',#8756,#5693);
#4871=LINE('',#8758,#5694);
#4872=LINE('',#8760,#5695);
#4873=LINE('',#8762,#5696);
#4874=LINE('',#8764,#5697);
#4875=LINE('',#8765,#5698);
#4876=LINE('',#8767,#5699);
#4877=LINE('',#8769,#5700);
#4878=LINE('',#8770,#5701);
#4879=LINE('',#8772,#5702);
#4880=LINE('',#8774,#5703);
#4881=LINE('',#8775,#5704);
#4882=LINE('',#8777,#5705);
#4883=LINE('',#8779,#5706);
#4884=LINE('',#8780,#5707);
#4885=LINE('',#8782,#5708);
#4886=LINE('',#8784,#5709);
#4887=LINE('',#8785,#5710);
#4888=LINE('',#8787,#5711);
#4889=LINE('',#8789,#5712);
#4890=LINE('',#8790,#5713);
#4891=LINE('',#8792,#5714);
#4892=LINE('',#8794,#5715);
#4893=LINE('',#8796,#5716);
#4894=LINE('',#8798,#5717);
#4895=LINE('',#8800,#5718);
#4896=LINE('',#8802,#5719);
#4897=LINE('',#8804,#5720);
#4898=LINE('',#8806,#5721);
#4899=LINE('',#8808,#5722);
#4900=LINE('',#8810,#5723);
#4901=LINE('',#8812,#5724);
#4902=LINE('',#8814,#5725);
#4903=LINE('',#8816,#5726);
#4904=LINE('',#8818,#5727);
#4905=LINE('',#8820,#5728);
#4906=LINE('',#8822,#5729);
#4907=LINE('',#8824,#5730);
#4908=LINE('',#8826,#5731);
#4909=LINE('',#8828,#5732);
#4910=LINE('',#8830,#5733);
#4911=LINE('',#8832,#5734);
#4912=LINE('',#8834,#5735);
#4913=LINE('',#8836,#5736);
#4914=LINE('',#8838,#5737);
#4915=LINE('',#8840,#5738);
#4916=LINE('',#8842,#5739);
#4917=LINE('',#8844,#5740);
#4918=LINE('',#8846,#5741);
#4919=LINE('',#8848,#5742);
#4920=LINE('',#8850,#5743);
#4921=LINE('',#8852,#5744);
#4922=LINE('',#8853,#5745);
#4923=LINE('',#8855,#5746);
#4924=LINE('',#8857,#5747);
#4925=LINE('',#8859,#5748);
#4926=LINE('',#8861,#5749);
#4927=LINE('',#8862,#5750);
#4928=LINE('',#8864,#5751);
#4929=LINE('',#8866,#5752);
#4930=LINE('',#8867,#5753);
#4931=LINE('',#8869,#5754);
#4932=LINE('',#8871,#5755);
#4933=LINE('',#8872,#5756);
#4934=LINE('',#8874,#5757);
#4935=LINE('',#8876,#5758);
#4936=LINE('',#8877,#5759);
#4937=LINE('',#8879,#5760);
#4938=LINE('',#8881,#5761);
#4939=LINE('',#8882,#5762);
#4940=LINE('',#8884,#5763);
#4941=LINE('',#8886,#5764);
#4942=LINE('',#8887,#5765);
#4943=LINE('',#8889,#5766);
#4944=LINE('',#8891,#5767);
#4945=LINE('',#8895,#5768);
#4946=LINE('',#8896,#5769);
#4947=LINE('',#8900,#5770);
#4948=LINE('',#8902,#5771);
#4949=LINE('',#8904,#5772);
#4950=LINE('',#8906,#5773);
#4951=LINE('',#8909,#5774);
#4952=LINE('',#8910,#5775);
#4953=LINE('',#8914,#5776);
#4954=LINE('',#8916,#5777);
#4955=LINE('',#8917,#5778);
#4956=LINE('',#8919,#5779);
#4957=LINE('',#8920,#5780);
#4958=LINE('',#8922,#5781);
#4959=LINE('',#8924,#5782);
#4960=LINE('',#8926,#5783);
#4961=LINE('',#8928,#5784);
#4962=LINE('',#8930,#5785);
#4963=LINE('',#8933,#5786);
#4964=LINE('',#8935,#5787);
#4965=LINE('',#8937,#5788);
#4966=LINE('',#8938,#5789);
#4967=LINE('',#8940,#5790);
#4968=LINE('',#8942,#5791);
#4969=LINE('',#8944,#5792);
#4970=LINE('',#8947,#5793);
#4971=LINE('',#8948,#5794);
#4972=LINE('',#8950,#5795);
#4973=LINE('',#8951,#5796);
#4974=LINE('',#8953,#5797);
#4975=LINE('',#8955,#5798);
#4976=LINE('',#8957,#5799);
#4977=LINE('',#8959,#5800);
#4978=LINE('',#8960,#5801);
#4979=LINE('',#8962,#5802);
#4980=LINE('',#8964,#5803);
#4981=LINE('',#8966,#5804);
#4982=LINE('',#8968,#5805);
#4983=LINE('',#8970,#5806);
#4984=LINE('',#8971,#5807);
#4985=LINE('',#8973,#5808);
#4986=LINE('',#8977,#5809);
#4987=LINE('',#8978,#5810);
#4988=LINE('',#8980,#5811);
#4989=LINE('',#8982,#5812);
#4990=LINE('',#8983,#5813);
#4991=LINE('',#8985,#5814);
#4992=LINE('',#8987,#5815);
#4993=LINE('',#8990,#5816);
#4994=LINE('',#8991,#5817);
#4995=LINE('',#8998,#5818);
#4996=LINE('',#8999,#5819);
#4997=LINE('',#9001,#5820);
#4998=LINE('',#9003,#5821);
#4999=LINE('',#9004,#5822);
#5000=LINE('',#9008,#5823);
#5001=LINE('',#9012,#5824);
#5002=LINE('',#9014,#5825);
#5003=LINE('',#9017,#5826);
#5004=LINE('',#9019,#5827);
#5005=LINE('',#9021,#5828);
#5006=LINE('',#9024,#5829);
#5007=LINE('',#9025,#5830);
#5008=LINE('',#9027,#5831);
#5009=LINE('',#9029,#5832);
#5010=LINE('',#9031,#5833);
#5011=LINE('',#9035,#5834);
#5012=LINE('',#9038,#5835);
#5013=LINE('',#9040,#5836);
#5014=LINE('',#9042,#5837);
#5015=LINE('',#9044,#5838);
#5016=LINE('',#9046,#5839);
#5017=LINE('',#9048,#5840);
#5018=LINE('',#9050,#5841);
#5019=LINE('',#9052,#5842);
#5020=LINE('',#9054,#5843);
#5021=LINE('',#9056,#5844);
#5022=LINE('',#9058,#5845);
#5023=LINE('',#9060,#5846);
#5024=LINE('',#9062,#5847);
#5025=LINE('',#9064,#5848);
#5026=LINE('',#9066,#5849);
#5027=LINE('',#9068,#5850);
#5028=LINE('',#9070,#5851);
#5029=LINE('',#9072,#5852);
#5030=LINE('',#9074,#5853);
#5031=LINE('',#9076,#5854);
#5032=LINE('',#9078,#5855);
#5033=LINE('',#9080,#5856);
#5034=LINE('',#9082,#5857);
#5035=LINE('',#9084,#5858);
#5036=LINE('',#9086,#5859);
#5037=LINE('',#9088,#5860);
#5038=LINE('',#9090,#5861);
#5039=LINE('',#9092,#5862);
#5040=LINE('',#9094,#5863);
#5041=LINE('',#9096,#5864);
#5042=LINE('',#9098,#5865);
#5043=LINE('',#9099,#5866);
#5044=LINE('',#9101,#5867);
#5045=LINE('',#9103,#5868);
#5046=LINE('',#9104,#5869);
#5047=LINE('',#9106,#5870);
#5048=LINE('',#9108,#5871);
#5049=LINE('',#9110,#5872);
#5050=LINE('',#9111,#5873);
#5051=LINE('',#9113,#5874);
#5052=LINE('',#9115,#5875);
#5053=LINE('',#9116,#5876);
#5054=LINE('',#9118,#5877);
#5055=LINE('',#9120,#5878);
#5056=LINE('',#9121,#5879);
#5057=LINE('',#9123,#5880);
#5058=LINE('',#9125,#5881);
#5059=LINE('',#9126,#5882);
#5060=LINE('',#9128,#5883);
#5061=LINE('',#9130,#5884);
#5062=LINE('',#9131,#5885);
#5063=LINE('',#9133,#5886);
#5064=LINE('',#9135,#5887);
#5065=LINE('',#9136,#5888);
#5066=LINE('',#9138,#5889);
#5067=LINE('',#9140,#5890);
#5068=LINE('',#9141,#5891);
#5069=LINE('',#9143,#5892);
#5070=LINE('',#9145,#5893);
#5071=LINE('',#9146,#5894);
#5072=LINE('',#9148,#5895);
#5073=LINE('',#9149,#5896);
#5074=LINE('',#9151,#5897);
#5075=LINE('',#9153,#5898);
#5076=LINE('',#9154,#5899);
#5077=LINE('',#9156,#5900);
#5078=LINE('',#9158,#5901);
#5079=LINE('',#9159,#5902);
#5080=LINE('',#9161,#5903);
#5081=LINE('',#9163,#5904);
#5082=LINE('',#9164,#5905);
#5083=LINE('',#9166,#5906);
#5084=LINE('',#9168,#5907);
#5085=LINE('',#9169,#5908);
#5086=LINE('',#9171,#5909);
#5087=LINE('',#9173,#5910);
#5088=LINE('',#9174,#5911);
#5089=LINE('',#9176,#5912);
#5090=LINE('',#9178,#5913);
#5091=LINE('',#9179,#5914);
#5092=LINE('',#9181,#5915);
#5093=LINE('',#9183,#5916);
#5094=LINE('',#9184,#5917);
#5095=LINE('',#9186,#5918);
#5096=LINE('',#9188,#5919);
#5097=LINE('',#9190,#5920);
#5098=LINE('',#9191,#5921);
#5099=LINE('',#9193,#5922);
#5100=LINE('',#9194,#5923);
#5101=LINE('',#9196,#5924);
#5102=LINE('',#9198,#5925);
#5103=LINE('',#9202,#5926);
#5104=LINE('',#9205,#5927);
#5105=LINE('',#9207,#5928);
#5106=LINE('',#9209,#5929);
#5107=LINE('',#9211,#5930);
#5108=LINE('',#9212,#5931);
#5109=LINE('',#9215,#5932);
#5110=LINE('',#9216,#5933);
#5111=LINE('',#9218,#5934);
#5112=LINE('',#9220,#5935);
#5113=LINE('',#9222,#5936);
#5114=LINE('',#9224,#5937);
#5115=LINE('',#9226,#5938);
#5116=LINE('',#9227,#5939);
#5117=LINE('',#9233,#5940);
#5118=LINE('',#9236,#5941);
#5119=LINE('',#9239,#5942);
#5120=LINE('',#9241,#5943);
#5121=LINE('',#9243,#5944);
#5122=LINE('',#9250,#5945);
#5123=LINE('',#9252,#5946);
#5124=LINE('',#9254,#5947);
#5125=LINE('',#9256,#5948);
#5126=LINE('',#9258,#5949);
#5127=LINE('',#9260,#5950);
#5128=LINE('',#9262,#5951);
#5129=LINE('',#9264,#5952);
#5130=LINE('',#9266,#5953);
#5131=LINE('',#9268,#5954);
#5132=LINE('',#9269,#5955);
#5133=LINE('',#9271,#5956);
#5134=LINE('',#9273,#5957);
#5135=LINE('',#9274,#5958);
#5136=LINE('',#9276,#5959);
#5137=LINE('',#9278,#5960);
#5138=LINE('',#9279,#5961);
#5139=LINE('',#9281,#5962);
#5140=LINE('',#9283,#5963);
#5141=LINE('',#9284,#5964);
#5142=LINE('',#9286,#5965);
#5143=LINE('',#9288,#5966);
#5144=LINE('',#9289,#5967);
#5145=LINE('',#9291,#5968);
#5146=LINE('',#9293,#5969);
#5147=LINE('',#9294,#5970);
#5148=LINE('',#9296,#5971);
#5149=LINE('',#9298,#5972);
#5150=LINE('',#9299,#5973);
#5151=LINE('',#9301,#5974);
#5152=LINE('',#9303,#5975);
#5153=LINE('',#9305,#5976);
#5154=LINE('',#9307,#5977);
#5155=LINE('',#9310,#5978);
#5156=LINE('',#9312,#5979);
#5157=LINE('',#9314,#5980);
#5158=LINE('',#9317,#5981);
#5159=LINE('',#9319,#5982);
#5160=LINE('',#9324,#5983);
#5161=LINE('',#9328,#5984);
#5162=LINE('',#9332,#5985);
#5163=LINE('',#9336,#5986);
#5164=LINE('',#9338,#5987);
#5165=LINE('',#9340,#5988);
#5166=LINE('',#9342,#5989);
#5167=LINE('',#9349,#5990);
#5168=LINE('',#9351,#5991);
#5169=LINE('',#9353,#5992);
#5170=LINE('',#9355,#5993);
#5171=LINE('',#9357,#5994);
#5172=LINE('',#9359,#5995);
#5173=LINE('',#9361,#5996);
#5174=LINE('',#9363,#5997);
#5175=LINE('',#9364,#5998);
#5176=LINE('',#9370,#5999);
#5177=LINE('',#9374,#6000);
#5178=LINE('',#9376,#6001);
#5179=LINE('',#9378,#6002);
#5180=LINE('',#9380,#6003);
#5181=LINE('',#9382,#6004);
#5182=LINE('',#9384,#6005);
#5183=LINE('',#9386,#6006);
#5184=LINE('',#9387,#6007);
#5185=LINE('',#9391,#6008);
#5186=LINE('',#9393,#6009);
#5187=LINE('',#9398,#6010);
#5188=LINE('',#9402,#6011);
#5189=LINE('',#9406,#6012);
#5190=LINE('',#9410,#6013);
#5191=LINE('',#9412,#6014);
#5192=LINE('',#9414,#6015);
#5193=LINE('',#9416,#6016);
#5194=LINE('',#9419,#6017);
#5195=LINE('',#9421,#6018);
#5196=LINE('',#9426,#6019);
#5197=LINE('',#9430,#6020);
#5198=LINE('',#9434,#6021);
#5199=LINE('',#9438,#6022);
#5200=LINE('',#9440,#6023);
#5201=LINE('',#9442,#6024);
#5202=LINE('',#9444,#6025);
#5203=LINE('',#9447,#6026);
#5204=LINE('',#9449,#6027);
#5205=LINE('',#9454,#6028);
#5206=LINE('',#9458,#6029);
#5207=LINE('',#9462,#6030);
#5208=LINE('',#9466,#6031);
#5209=LINE('',#9468,#6032);
#5210=LINE('',#9470,#6033);
#5211=LINE('',#9472,#6034);
#5212=LINE('',#9475,#6035);
#5213=LINE('',#9477,#6036);
#5214=LINE('',#9482,#6037);
#5215=LINE('',#9486,#6038);
#5216=LINE('',#9490,#6039);
#5217=LINE('',#9494,#6040);
#5218=LINE('',#9496,#6041);
#5219=LINE('',#9498,#6042);
#5220=LINE('',#9500,#6043);
#5221=LINE('',#9503,#6044);
#5222=LINE('',#9505,#6045);
#5223=LINE('',#9510,#6046);
#5224=LINE('',#9514,#6047);
#5225=LINE('',#9518,#6048);
#5226=LINE('',#9522,#6049);
#5227=LINE('',#9524,#6050);
#5228=LINE('',#9526,#6051);
#5229=LINE('',#9528,#6052);
#5230=LINE('',#9531,#6053);
#5231=LINE('',#9533,#6054);
#5232=LINE('',#9538,#6055);
#5233=LINE('',#9542,#6056);
#5234=LINE('',#9546,#6057);
#5235=LINE('',#9550,#6058);
#5236=LINE('',#9552,#6059);
#5237=LINE('',#9554,#6060);
#5238=LINE('',#9556,#6061);
#5239=LINE('',#9559,#6062);
#5240=LINE('',#9561,#6063);
#5241=LINE('',#9566,#6064);
#5242=LINE('',#9570,#6065);
#5243=LINE('',#9574,#6066);
#5244=LINE('',#9578,#6067);
#5245=LINE('',#9580,#6068);
#5246=LINE('',#9582,#6069);
#5247=LINE('',#9584,#6070);
#5248=LINE('',#9591,#6071);
#5249=LINE('',#9593,#6072);
#5250=LINE('',#9595,#6073);
#5251=LINE('',#9597,#6074);
#5252=LINE('',#9599,#6075);
#5253=LINE('',#9601,#6076);
#5254=LINE('',#9603,#6077);
#5255=LINE('',#9605,#6078);
#5256=LINE('',#9607,#6079);
#5257=LINE('',#9614,#6080);
#5258=LINE('',#9616,#6081);
#5259=LINE('',#9618,#6082);
#5260=LINE('',#9620,#6083);
#5261=LINE('',#9622,#6084);
#5262=LINE('',#9624,#6085);
#5263=LINE('',#9626,#6086);
#5264=LINE('',#9628,#6087);
#5265=LINE('',#9630,#6088);
#5266=LINE('',#9637,#6089);
#5267=LINE('',#9639,#6090);
#5268=LINE('',#9641,#6091);
#5269=LINE('',#9643,#6092);
#5270=LINE('',#9645,#6093);
#5271=LINE('',#9647,#6094);
#5272=LINE('',#9649,#6095);
#5273=LINE('',#9651,#6096);
#5274=LINE('',#9653,#6097);
#5275=LINE('',#9658,#6098);
#5276=LINE('',#9662,#6099);
#5277=LINE('',#9664,#6100);
#5278=LINE('',#9666,#6101);
#5279=LINE('',#9668,#6102);
#5280=LINE('',#9670,#6103);
#5281=LINE('',#9672,#6104);
#5282=LINE('',#9674,#6105);
#5283=LINE('',#9675,#6106);
#5284=LINE('',#9681,#6107);
#5285=LINE('',#9685,#6108);
#5286=LINE('',#9687,#6109);
#5287=LINE('',#9689,#6110);
#5288=LINE('',#9691,#6111);
#5289=LINE('',#9693,#6112);
#5290=LINE('',#9695,#6113);
#5291=LINE('',#9697,#6114);
#5292=LINE('',#9698,#6115);
#5293=LINE('',#9704,#6116);
#5294=LINE('',#9708,#6117);
#5295=LINE('',#9710,#6118);
#5296=LINE('',#9712,#6119);
#5297=LINE('',#9714,#6120);
#5298=LINE('',#9716,#6121);
#5299=LINE('',#9718,#6122);
#5300=LINE('',#9720,#6123);
#5301=LINE('',#9721,#6124);
#5302=LINE('',#9727,#6125);
#5303=LINE('',#9731,#6126);
#5304=LINE('',#9733,#6127);
#5305=LINE('',#9735,#6128);
#5306=LINE('',#9737,#6129);
#5307=LINE('',#9739,#6130);
#5308=LINE('',#9741,#6131);
#5309=LINE('',#9743,#6132);
#5310=LINE('',#9745,#6133);
#5311=LINE('',#9750,#6134);
#5312=LINE('',#9754,#6135);
#5313=LINE('',#9756,#6136);
#5314=LINE('',#9758,#6137);
#5315=LINE('',#9760,#6138);
#5316=LINE('',#9762,#6139);
#5317=LINE('',#9764,#6140);
#5318=LINE('',#9766,#6141);
#5319=LINE('',#9768,#6142);
#5320=LINE('',#9775,#6143);
#5321=LINE('',#9777,#6144);
#5322=LINE('',#9779,#6145);
#5323=LINE('',#9781,#6146);
#5324=LINE('',#9783,#6147);
#5325=LINE('',#9785,#6148);
#5326=LINE('',#9787,#6149);
#5327=LINE('',#9789,#6150);
#5328=LINE('',#9791,#6151);
#5329=LINE('',#9798,#6152);
#5330=LINE('',#9800,#6153);
#5331=LINE('',#9802,#6154);
#5332=LINE('',#9804,#6155);
#5333=LINE('',#9806,#6156);
#5334=LINE('',#9808,#6157);
#5335=LINE('',#9810,#6158);
#5336=LINE('',#9812,#6159);
#5337=LINE('',#9814,#6160);
#5338=VECTOR('',#6518,1.);
#5339=VECTOR('',#6519,1.);
#5340=VECTOR('',#6520,1.);
#5341=VECTOR('',#6521,1.);
#5342=VECTOR('',#6522,1.);
#5343=VECTOR('',#6523,1.);
#5344=VECTOR('',#6524,1.);
#5345=VECTOR('',#6525,1.);
#5346=VECTOR('',#6526,1.);
#5347=VECTOR('',#6527,1.);
#5348=VECTOR('',#6528,1.);
#5349=VECTOR('',#6529,1.);
#5350=VECTOR('',#6530,1.);
#5351=VECTOR('',#6531,1.);
#5352=VECTOR('',#6532,1.);
#5353=VECTOR('',#6533,1.);
#5354=VECTOR('',#6534,1.);
#5355=VECTOR('',#6535,1.);
#5356=VECTOR('',#6536,1.);
#5357=VECTOR('',#6537,1.);
#5358=VECTOR('',#6538,1.);
#5359=VECTOR('',#6539,1.);
#5360=VECTOR('',#6540,1.);
#5361=VECTOR('',#6541,1.);
#5362=VECTOR('',#6542,1.);
#5363=VECTOR('',#6543,1.);
#5364=VECTOR('',#6544,1.);
#5365=VECTOR('',#6545,1.);
#5366=VECTOR('',#6546,1.);
#5367=VECTOR('',#6547,1.);
#5368=VECTOR('',#6548,1.);
#5369=VECTOR('',#6549,1.);
#5370=VECTOR('',#6550,1.);
#5371=VECTOR('',#6551,1.);
#5372=VECTOR('',#6552,1.);
#5373=VECTOR('',#6553,1.);
#5374=VECTOR('',#6554,1.);
#5375=VECTOR('',#6555,1.);
#5376=VECTOR('',#6556,1.);
#5377=VECTOR('',#6557,1.);
#5378=VECTOR('',#6558,1.);
#5379=VECTOR('',#6559,1.);
#5380=VECTOR('',#6560,1.);
#5381=VECTOR('',#6561,1.);
#5382=VECTOR('',#6562,1.);
#5383=VECTOR('',#6563,1.);
#5384=VECTOR('',#6564,1.);
#5385=VECTOR('',#6565,1.);
#5386=VECTOR('',#6566,1.);
#5387=VECTOR('',#6567,1.);
#5388=VECTOR('',#6568,1.);
#5389=VECTOR('',#6569,1.);
#5390=VECTOR('',#6570,1.);
#5391=VECTOR('',#6571,1.);
#5392=VECTOR('',#6572,1.);
#5393=VECTOR('',#6573,1.);
#5394=VECTOR('',#6574,1.);
#5395=VECTOR('',#6575,1.);
#5396=VECTOR('',#6578,1.);
#5397=VECTOR('',#6579,1.);
#5398=VECTOR('',#6580,1.);
#5399=VECTOR('',#6581,1.);
#5400=VECTOR('',#6582,1.);
#5401=VECTOR('',#6583,1.);
#5402=VECTOR('',#6584,1.);
#5403=VECTOR('',#6585,1.);
#5404=VECTOR('',#6586,1.);
#5405=VECTOR('',#6587,1.);
#5406=VECTOR('',#6588,1.);
#5407=VECTOR('',#6589,1.);
#5408=VECTOR('',#6590,1.);
#5409=VECTOR('',#6591,1.);
#5410=VECTOR('',#6592,1.);
#5411=VECTOR('',#6593,1.);
#5412=VECTOR('',#6594,1.);
#5413=VECTOR('',#6595,1.);
#5414=VECTOR('',#6596,1.);
#5415=VECTOR('',#6597,1.);
#5416=VECTOR('',#6598,1.);
#5417=VECTOR('',#6599,1.);
#5418=VECTOR('',#6600,1.);
#5419=VECTOR('',#6601,1.);
#5420=VECTOR('',#6602,1.);
#5421=VECTOR('',#6603,1.);
#5422=VECTOR('',#6604,1.);
#5423=VECTOR('',#6605,1.);
#5424=VECTOR('',#6606,1.);
#5425=VECTOR('',#6607,1.);
#5426=VECTOR('',#6608,1.);
#5427=VECTOR('',#6609,1.);
#5428=VECTOR('',#6610,1.);
#5429=VECTOR('',#6611,1.);
#5430=VECTOR('',#6612,1.);
#5431=VECTOR('',#6613,1.);
#5432=VECTOR('',#6614,1.);
#5433=VECTOR('',#6617,1.);
#5434=VECTOR('',#6618,1.);
#5435=VECTOR('',#6619,1.);
#5436=VECTOR('',#6620,1.);
#5437=VECTOR('',#6623,1.);
#5438=VECTOR('',#6624,1.);
#5439=VECTOR('',#6625,1.);
#5440=VECTOR('',#6626,1.);
#5441=VECTOR('',#6629,1.);
#5442=VECTOR('',#6630,1.);
#5443=VECTOR('',#6631,1.);
#5444=VECTOR('',#6632,1.);
#5445=VECTOR('',#6633,1.);
#5446=VECTOR('',#6636,1.);
#5447=VECTOR('',#6637,1.);
#5448=VECTOR('',#6638,1.);
#5449=VECTOR('',#6639,1.);
#5450=VECTOR('',#6640,1.);
#5451=VECTOR('',#6643,1.);
#5452=VECTOR('',#6644,1.);
#5453=VECTOR('',#6645,1.);
#5454=VECTOR('',#6646,1.);
#5455=VECTOR('',#6649,1.);
#5456=VECTOR('',#6650,1.);
#5457=VECTOR('',#6651,1.);
#5458=VECTOR('',#6652,1.);
#5459=VECTOR('',#6655,1.);
#5460=VECTOR('',#6656,1.);
#5461=VECTOR('',#6657,1.);
#5462=VECTOR('',#6658,1.);
#5463=VECTOR('',#6659,1.);
#5464=VECTOR('',#6660,1.);
#5465=VECTOR('',#6663,1.);
#5466=VECTOR('',#6664,1.);
#5467=VECTOR('',#6665,1.);
#5468=VECTOR('',#6666,1.);
#5469=VECTOR('',#6667,1.);
#5470=VECTOR('',#6668,1.);
#5471=VECTOR('',#6671,1.);
#5472=VECTOR('',#6672,1.);
#5473=VECTOR('',#6673,1.);
#5474=VECTOR('',#6674,1.);
#5475=VECTOR('',#6677,1.);
#5476=VECTOR('',#6678,1.);
#5477=VECTOR('',#6679,1.);
#5478=VECTOR('',#6680,1.);
#5479=VECTOR('',#6681,1.);
#5480=VECTOR('',#6682,1.);
#5481=VECTOR('',#6683,1.);
#5482=VECTOR('',#6686,1.);
#5483=VECTOR('',#6687,1.);
#5484=VECTOR('',#6688,1.);
#5485=VECTOR('',#6689,1.);
#5486=VECTOR('',#6690,1.);
#5487=VECTOR('',#6691,1.);
#5488=VECTOR('',#6692,1.);
#5489=VECTOR('',#6693,1.);
#5490=VECTOR('',#6694,1.);
#5491=VECTOR('',#6695,1.);
#5492=VECTOR('',#6698,1.);
#5493=VECTOR('',#6699,1.);
#5494=VECTOR('',#6700,1.);
#5495=VECTOR('',#6701,1.);
#5496=VECTOR('',#6702,1.);
#5497=VECTOR('',#6703,1.);
#5498=VECTOR('',#6704,1.);
#5499=VECTOR('',#6707,1.);
#5500=VECTOR('',#6708,1.);
#5501=VECTOR('',#6709,1.);
#5502=VECTOR('',#6712,1.);
#5503=VECTOR('',#6713,1.);
#5504=VECTOR('',#6714,1.);
#5505=VECTOR('',#6715,1.);
#5506=VECTOR('',#6718,1.);
#5507=VECTOR('',#6719,1.);
#5508=VECTOR('',#6720,1.);
#5509=VECTOR('',#6721,1.);
#5510=VECTOR('',#6722,1.);
#5511=VECTOR('',#6723,1.);
#5512=VECTOR('',#6724,1.);
#5513=VECTOR('',#6727,1.);
#5514=VECTOR('',#6728,1.);
#5515=VECTOR('',#6729,1.);
#5516=VECTOR('',#6732,1.);
#5517=VECTOR('',#6733,1.);
#5518=VECTOR('',#6734,1.);
#5519=VECTOR('',#6735,1.);
#5520=VECTOR('',#6736,1.);
#5521=VECTOR('',#6737,1.);
#5522=VECTOR('',#6738,1.);
#5523=VECTOR('',#6739,1.);
#5524=VECTOR('',#6740,1.);
#5525=VECTOR('',#6741,1.);
#5526=VECTOR('',#6744,1.);
#5527=VECTOR('',#6745,1.);
#5528=VECTOR('',#6746,1.);
#5529=VECTOR('',#6747,1.);
#5530=VECTOR('',#6748,1.);
#5531=VECTOR('',#6749,1.);
#5532=VECTOR('',#6750,1.);
#5533=VECTOR('',#6751,1.);
#5534=VECTOR('',#6752,1.);
#5535=VECTOR('',#6753,1.);
#5536=VECTOR('',#6754,1.);
#5537=VECTOR('',#6755,1.);
#5538=VECTOR('',#6756,1.);
#5539=VECTOR('',#6757,1.);
#5540=VECTOR('',#6758,1.);
#5541=VECTOR('',#6759,1.);
#5542=VECTOR('',#6760,1.);
#5543=VECTOR('',#6761,1.);
#5544=VECTOR('',#6762,1.);
#5545=VECTOR('',#6763,1.);
#5546=VECTOR('',#6764,1.);
#5547=VECTOR('',#6765,1.);
#5548=VECTOR('',#6766,1.);
#5549=VECTOR('',#6767,1.);
#5550=VECTOR('',#6768,1.);
#5551=VECTOR('',#6769,1.);
#5552=VECTOR('',#6770,1.);
#5553=VECTOR('',#6771,1.);
#5554=VECTOR('',#6772,1.);
#5555=VECTOR('',#6773,1.);
#5556=VECTOR('',#6774,1.);
#5557=VECTOR('',#6777,1.);
#5558=VECTOR('',#6778,1.);
#5559=VECTOR('',#6779,1.);
#5560=VECTOR('',#6780,1.);
#5561=VECTOR('',#6783,1.);
#5562=VECTOR('',#6784,1.);
#5563=VECTOR('',#6787,1.);
#5564=VECTOR('',#6788,1.);
#5565=VECTOR('',#6791,1.);
#5566=VECTOR('',#6792,1.);
#5567=VECTOR('',#6795,1.);
#5568=VECTOR('',#6800,1.);
#5569=VECTOR('',#6801,1.);
#5570=VECTOR('',#6802,1.);
#5571=VECTOR('',#6803,1.);
#5572=VECTOR('',#6804,1.);
#5573=VECTOR('',#6805,1.);
#5574=VECTOR('',#6806,1.);
#5575=VECTOR('',#6807,1.);
#5576=VECTOR('',#6808,1.);
#5577=VECTOR('',#6809,1.);
#5578=VECTOR('',#6812,1.);
#5579=VECTOR('',#6813,1.);
#5580=VECTOR('',#6816,1.);
#5581=VECTOR('',#6817,1.);
#5582=VECTOR('',#6820,1.);
#5583=VECTOR('',#6821,1.);
#5584=VECTOR('',#6824,1.);
#5585=VECTOR('',#6825,1.);
#5586=VECTOR('',#6828,1.);
#5587=VECTOR('',#6829,1.);
#5588=VECTOR('',#6830,1.);
#5589=VECTOR('',#6831,1.);
#5590=VECTOR('',#6834,1.);
#5591=VECTOR('',#6835,1.);
#5592=VECTOR('',#6838,1.);
#5593=VECTOR('',#6841,1.);
#5594=VECTOR('',#6842,1.);
#5595=VECTOR('',#6843,1.);
#5596=VECTOR('',#6844,1.);
#5597=VECTOR('',#6847,1.);
#5598=VECTOR('',#6848,1.);
#5599=VECTOR('',#6849,1.);
#5600=VECTOR('',#6852,1.);
#5601=VECTOR('',#6853,1.);
#5602=VECTOR('',#6854,1.);
#5603=VECTOR('',#6857,1.);
#5604=VECTOR('',#6858,1.);
#5605=VECTOR('',#6865,1.);
#5606=VECTOR('',#6870,1.);
#5607=VECTOR('',#6871,1.);
#5608=VECTOR('',#6872,1.);
#5609=VECTOR('',#6873,1.);
#5610=VECTOR('',#6874,1.);
#5611=VECTOR('',#6877,1.);
#5612=VECTOR('',#6878,1.);
#5613=VECTOR('',#6879,1.);
#5614=VECTOR('',#6882,1.);
#5615=VECTOR('',#6883,1.);
#5616=VECTOR('',#6884,1.);
#5617=VECTOR('',#6887,1.);
#5618=VECTOR('',#6890,1.);
#5619=VECTOR('',#6895,1.);
#5620=VECTOR('',#6898,1.);
#5621=VECTOR('',#6901,1.);
#5622=VECTOR('',#6902,1.);
#5623=VECTOR('',#6905,1.);
#5624=VECTOR('',#6910,1.);
#5625=VECTOR('',#6911,1.);
#5626=VECTOR('',#6912,1.);
#5627=VECTOR('',#6915,1.);
#5628=VECTOR('',#6916,1.);
#5629=VECTOR('',#6917,1.);
#5630=VECTOR('',#6920,1.);
#5631=VECTOR('',#6921,1.);
#5632=VECTOR('',#6928,1.);
#5633=VECTOR('',#6929,1.);
#5634=VECTOR('',#6932,1.);
#5635=VECTOR('',#6937,1.);
#5636=VECTOR('',#6938,1.);
#5637=VECTOR('',#6939,1.);
#5638=VECTOR('',#6940,1.);
#5639=VECTOR('',#6941,1.);
#5640=VECTOR('',#6944,1.);
#5641=VECTOR('',#6945,1.);
#5642=VECTOR('',#6946,1.);
#5643=VECTOR('',#6949,1.);
#5644=VECTOR('',#6950,1.);
#5645=VECTOR('',#6951,1.);
#5646=VECTOR('',#6954,1.);
#5647=VECTOR('',#6957,1.);
#5648=VECTOR('',#6962,1.);
#5649=VECTOR('',#6963,1.);
#5650=VECTOR('',#6964,1.);
#5651=VECTOR('',#6967,1.);
#5652=VECTOR('',#6968,1.);
#5653=VECTOR('',#6969,1.);
#5654=VECTOR('',#6972,1.);
#5655=VECTOR('',#6973,1.);
#5656=VECTOR('',#6974,1.);
#5657=VECTOR('',#6977,1.);
#5658=VECTOR('',#6978,1.);
#5659=VECTOR('',#6979,1.);
#5660=VECTOR('',#6982,1.);
#5661=VECTOR('',#6983,1.);
#5662=VECTOR('',#6984,1.);
#5663=VECTOR('',#6987,1.);
#5664=VECTOR('',#6988,1.);
#5665=VECTOR('',#6989,1.);
#5666=VECTOR('',#6992,1.);
#5667=VECTOR('',#6993,1.);
#5668=VECTOR('',#6994,1.);
#5669=VECTOR('',#6997,1.);
#5670=VECTOR('',#6998,1.);
#5671=VECTOR('',#6999,1.);
#5672=VECTOR('',#7002,1.);
#5673=VECTOR('',#7003,1.);
#5674=VECTOR('',#7004,1.);
#5675=VECTOR('',#7007,1.);
#5676=VECTOR('',#7008,1.);
#5677=VECTOR('',#7009,1.);
#5678=VECTOR('',#7012,1.);
#5679=VECTOR('',#7013,1.);
#5680=VECTOR('',#7014,1.);
#5681=VECTOR('',#7015,1.);
#5682=VECTOR('',#7016,1.);
#5683=VECTOR('',#7017,1.);
#5684=VECTOR('',#7020,1.);
#5685=VECTOR('',#7021,1.);
#5686=VECTOR('',#7022,1.);
#5687=VECTOR('',#7025,1.);
#5688=VECTOR('',#7026,1.);
#5689=VECTOR('',#7029,1.);
#5690=VECTOR('',#7030,1.);
#5691=VECTOR('',#7031,1.);
#5692=VECTOR('',#7036,1.);
#5693=VECTOR('',#7037,1.);
#5694=VECTOR('',#7038,1.);
#5695=VECTOR('',#7041,1.);
#5696=VECTOR('',#7042,1.);
#5697=VECTOR('',#7043,1.);
#5698=VECTOR('',#7044,1.);
#5699=VECTOR('',#7045,1.);
#5700=VECTOR('',#7046,1.);
#5701=VECTOR('',#7047,1.);
#5702=VECTOR('',#7048,1.);
#5703=VECTOR('',#7049,1.);
#5704=VECTOR('',#7050,1.);
#5705=VECTOR('',#7051,1.);
#5706=VECTOR('',#7052,1.);
#5707=VECTOR('',#7053,1.);
#5708=VECTOR('',#7054,1.);
#5709=VECTOR('',#7055,1.);
#5710=VECTOR('',#7056,1.);
#5711=VECTOR('',#7057,1.);
#5712=VECTOR('',#7058,1.);
#5713=VECTOR('',#7059,1.);
#5714=VECTOR('',#7060,1.);
#5715=VECTOR('',#7061,1.);
#5716=VECTOR('',#7062,1.);
#5717=VECTOR('',#7063,1.);
#5718=VECTOR('',#7064,1.);
#5719=VECTOR('',#7065,1.);
#5720=VECTOR('',#7066,1.);
#5721=VECTOR('',#7067,1.);
#5722=VECTOR('',#7068,1.);
#5723=VECTOR('',#7069,1.);
#5724=VECTOR('',#7070,1.);
#5725=VECTOR('',#7071,1.);
#5726=VECTOR('',#7072,1.);
#5727=VECTOR('',#7073,1.);
#5728=VECTOR('',#7074,1.);
#5729=VECTOR('',#7075,1.);
#5730=VECTOR('',#7076,1.);
#5731=VECTOR('',#7077,1.);
#5732=VECTOR('',#7078,1.);
#5733=VECTOR('',#7079,1.);
#5734=VECTOR('',#7080,1.);
#5735=VECTOR('',#7081,1.);
#5736=VECTOR('',#7082,1.);
#5737=VECTOR('',#7083,1.);
#5738=VECTOR('',#7084,1.);
#5739=VECTOR('',#7085,1.);
#5740=VECTOR('',#7086,1.);
#5741=VECTOR('',#7087,1.);
#5742=VECTOR('',#7088,1.);
#5743=VECTOR('',#7089,1.);
#5744=VECTOR('',#7090,1.);
#5745=VECTOR('',#7091,1.);
#5746=VECTOR('',#7092,1.);
#5747=VECTOR('',#7095,1.);
#5748=VECTOR('',#7096,1.);
#5749=VECTOR('',#7097,1.);
#5750=VECTOR('',#7098,1.);
#5751=VECTOR('',#7099,1.);
#5752=VECTOR('',#7100,1.);
#5753=VECTOR('',#7101,1.);
#5754=VECTOR('',#7102,1.);
#5755=VECTOR('',#7103,1.);
#5756=VECTOR('',#7104,1.);
#5757=VECTOR('',#7105,1.);
#5758=VECTOR('',#7106,1.);
#5759=VECTOR('',#7107,1.);
#5760=VECTOR('',#7108,1.);
#5761=VECTOR('',#7109,1.);
#5762=VECTOR('',#7110,1.);
#5763=VECTOR('',#7111,1.);
#5764=VECTOR('',#7112,1.);
#5765=VECTOR('',#7113,1.);
#5766=VECTOR('',#7114,1.);
#5767=VECTOR('',#7115,1.);
#5768=VECTOR('',#7118,1.);
#5769=VECTOR('',#7119,1.);
#5770=VECTOR('',#7122,1.);
#5771=VECTOR('',#7123,1.);
#5772=VECTOR('',#7124,1.);
#5773=VECTOR('',#7127,1.);
#5774=VECTOR('',#7128,1.);
#5775=VECTOR('',#7129,1.);
#5776=VECTOR('',#7132,1.);
#5777=VECTOR('',#7133,1.);
#5778=VECTOR('',#7134,1.);
#5779=VECTOR('',#7135,1.);
#5780=VECTOR('',#7136,1.);
#5781=VECTOR('',#7137,1.);
#5782=VECTOR('',#7138,1.);
#5783=VECTOR('',#7139,1.);
#5784=VECTOR('',#7140,1.);
#5785=VECTOR('',#7143,1.);
#5786=VECTOR('',#7144,1.);
#5787=VECTOR('',#7145,1.);
#5788=VECTOR('',#7146,1.);
#5789=VECTOR('',#7147,1.);
#5790=VECTOR('',#7148,1.);
#5791=VECTOR('',#7149,1.);
#5792=VECTOR('',#7152,1.);
#5793=VECTOR('',#7153,1.);
#5794=VECTOR('',#7154,1.);
#5795=VECTOR('',#7155,1.);
#5796=VECTOR('',#7156,1.);
#5797=VECTOR('',#7157,1.);
#5798=VECTOR('',#7160,1.);
#5799=VECTOR('',#7161,1.);
#5800=VECTOR('',#7162,1.);
#5801=VECTOR('',#7163,1.);
#5802=VECTOR('',#7166,1.);
#5803=VECTOR('',#7167,1.);
#5804=VECTOR('',#7168,1.);
#5805=VECTOR('',#7171,1.);
#5806=VECTOR('',#7172,1.);
#5807=VECTOR('',#7173,1.);
#5808=VECTOR('',#7174,1.);
#5809=VECTOR('',#7181,1.);
#5810=VECTOR('',#7182,1.);
#5811=VECTOR('',#7185,1.);
#5812=VECTOR('',#7186,1.);
#5813=VECTOR('',#7187,1.);
#5814=VECTOR('',#7188,1.);
#5815=VECTOR('',#7191,1.);
#5816=VECTOR('',#7192,1.);
#5817=VECTOR('',#7193,1.);
#5818=VECTOR('',#7204,1.);
#5819=VECTOR('',#7205,1.);
#5820=VECTOR('',#7208,1.);
#5821=VECTOR('',#7209,1.);
#5822=VECTOR('',#7210,1.);
#5823=VECTOR('',#7213,1.);
#5824=VECTOR('',#7218,1.);
#5825=VECTOR('',#7221,1.);
#5826=VECTOR('',#7226,1.);
#5827=VECTOR('',#7227,1.);
#5828=VECTOR('',#7230,1.);
#5829=VECTOR('',#7231,1.);
#5830=VECTOR('',#7232,1.);
#5831=VECTOR('',#7233,1.);
#5832=VECTOR('',#7236,1.);
#5833=VECTOR('',#7237,1.);
#5834=VECTOR('',#7244,1.);
#5835=VECTOR('',#7245,1.);
#5836=VECTOR('',#7246,1.);
#5837=VECTOR('',#7247,1.);
#5838=VECTOR('',#7248,1.);
#5839=VECTOR('',#7249,1.);
#5840=VECTOR('',#7250,1.);
#5841=VECTOR('',#7251,1.);
#5842=VECTOR('',#7252,1.);
#5843=VECTOR('',#7253,1.);
#5844=VECTOR('',#7254,1.);
#5845=VECTOR('',#7255,1.);
#5846=VECTOR('',#7256,1.);
#5847=VECTOR('',#7257,1.);
#5848=VECTOR('',#7258,1.);
#5849=VECTOR('',#7259,1.);
#5850=VECTOR('',#7260,1.);
#5851=VECTOR('',#7261,1.);
#5852=VECTOR('',#7262,1.);
#5853=VECTOR('',#7263,1.);
#5854=VECTOR('',#7264,1.);
#5855=VECTOR('',#7265,1.);
#5856=VECTOR('',#7266,1.);
#5857=VECTOR('',#7267,1.);
#5858=VECTOR('',#7268,1.);
#5859=VECTOR('',#7269,1.);
#5860=VECTOR('',#7270,1.);
#5861=VECTOR('',#7271,1.);
#5862=VECTOR('',#7272,1.);
#5863=VECTOR('',#7273,1.);
#5864=VECTOR('',#7274,1.);
#5865=VECTOR('',#7275,1.);
#5866=VECTOR('',#7276,1.);
#5867=VECTOR('',#7277,1.);
#5868=VECTOR('',#7278,1.);
#5869=VECTOR('',#7279,1.);
#5870=VECTOR('',#7282,1.);
#5871=VECTOR('',#7283,1.);
#5872=VECTOR('',#7284,1.);
#5873=VECTOR('',#7285,1.);
#5874=VECTOR('',#7286,1.);
#5875=VECTOR('',#7287,1.);
#5876=VECTOR('',#7288,1.);
#5877=VECTOR('',#7289,1.);
#5878=VECTOR('',#7290,1.);
#5879=VECTOR('',#7291,1.);
#5880=VECTOR('',#7292,1.);
#5881=VECTOR('',#7293,1.);
#5882=VECTOR('',#7294,1.);
#5883=VECTOR('',#7295,1.);
#5884=VECTOR('',#7296,1.);
#5885=VECTOR('',#7297,1.);
#5886=VECTOR('',#7298,1.);
#5887=VECTOR('',#7299,1.);
#5888=VECTOR('',#7300,1.);
#5889=VECTOR('',#7301,1.);
#5890=VECTOR('',#7302,1.);
#5891=VECTOR('',#7303,1.);
#5892=VECTOR('',#7304,1.);
#5893=VECTOR('',#7305,1.);
#5894=VECTOR('',#7306,1.);
#5895=VECTOR('',#7307,1.);
#5896=VECTOR('',#7308,1.);
#5897=VECTOR('',#7309,1.);
#5898=VECTOR('',#7310,1.);
#5899=VECTOR('',#7311,1.);
#5900=VECTOR('',#7312,1.);
#5901=VECTOR('',#7313,1.);
#5902=VECTOR('',#7314,1.);
#5903=VECTOR('',#7315,1.);
#5904=VECTOR('',#7316,1.);
#5905=VECTOR('',#7317,1.);
#5906=VECTOR('',#7318,1.);
#5907=VECTOR('',#7319,1.);
#5908=VECTOR('',#7320,1.);
#5909=VECTOR('',#7321,1.);
#5910=VECTOR('',#7322,1.);
#5911=VECTOR('',#7323,1.);
#5912=VECTOR('',#7324,1.);
#5913=VECTOR('',#7325,1.);
#5914=VECTOR('',#7326,1.);
#5915=VECTOR('',#7327,1.);
#5916=VECTOR('',#7328,1.);
#5917=VECTOR('',#7329,1.);
#5918=VECTOR('',#7330,1.);
#5919=VECTOR('',#7333,1.);
#5920=VECTOR('',#7334,1.);
#5921=VECTOR('',#7335,1.);
#5922=VECTOR('',#7336,1.);
#5923=VECTOR('',#7337,1.);
#5924=VECTOR('',#7338,1.);
#5925=VECTOR('',#7341,1.);
#5926=VECTOR('',#7344,1.);
#5927=VECTOR('',#7347,1.);
#5928=VECTOR('',#7350,1.);
#5929=VECTOR('',#7353,1.);
#5930=VECTOR('',#7354,1.);
#5931=VECTOR('',#7355,1.);
#5932=VECTOR('',#7360,1.);
#5933=VECTOR('',#7361,1.);
#5934=VECTOR('',#7362,1.);
#5935=VECTOR('',#7365,1.);
#5936=VECTOR('',#7368,1.);
#5937=VECTOR('',#7371,1.);
#5938=VECTOR('',#7374,1.);
#5939=VECTOR('',#7375,1.);
#5940=VECTOR('',#7386,1.);
#5941=VECTOR('',#7391,1.);
#5942=VECTOR('',#7396,1.);
#5943=VECTOR('',#7397,1.);
#5944=VECTOR('',#7398,1.);
#5945=VECTOR('',#7411,1.);
#5946=VECTOR('',#7412,1.);
#5947=VECTOR('',#7415,1.);
#5948=VECTOR('',#7418,1.);
#5949=VECTOR('',#7419,1.);
#5950=VECTOR('',#7422,1.);
#5951=VECTOR('',#7425,1.);
#5952=VECTOR('',#7426,1.);
#5953=VECTOR('',#7427,1.);
#5954=VECTOR('',#7428,1.);
#5955=VECTOR('',#7429,1.);
#5956=VECTOR('',#7430,1.);
#5957=VECTOR('',#7431,1.);
#5958=VECTOR('',#7432,1.);
#5959=VECTOR('',#7433,1.);
#5960=VECTOR('',#7434,1.);
#5961=VECTOR('',#7435,1.);
#5962=VECTOR('',#7436,1.);
#5963=VECTOR('',#7437,1.);
#5964=VECTOR('',#7438,1.);
#5965=VECTOR('',#7439,1.);
#5966=VECTOR('',#7440,1.);
#5967=VECTOR('',#7441,1.);
#5968=VECTOR('',#7442,1.);
#5969=VECTOR('',#7443,1.);
#5970=VECTOR('',#7444,1.);
#5971=VECTOR('',#7445,1.);
#5972=VECTOR('',#7446,1.);
#5973=VECTOR('',#7447,1.);
#5974=VECTOR('',#7448,1.);
#5975=VECTOR('',#7451,1.);
#5976=VECTOR('',#7452,1.);
#5977=VECTOR('',#7455,1.);
#5978=VECTOR('',#7460,1.);
#5979=VECTOR('',#7461,1.);
#5980=VECTOR('',#7464,1.);
#5981=VECTOR('',#7469,1.);
#5982=VECTOR('',#7472,1.);
#5983=VECTOR('',#7479,1.);
#5984=VECTOR('',#7482,1.);
#5985=VECTOR('',#7487,1.);
#5986=VECTOR('',#7490,1.);
#5987=VECTOR('',#7493,1.);
#5988=VECTOR('',#7496,1.);
#5989=VECTOR('',#7499,1.);
#5990=VECTOR('',#7508,1.);
#5991=VECTOR('',#7511,1.);
#5992=VECTOR('',#7512,1.);
#5993=VECTOR('',#7513,1.);
#5994=VECTOR('',#7516,1.);
#5995=VECTOR('',#7517,1.);
#5996=VECTOR('',#7518,1.);
#5997=VECTOR('',#7521,1.);
#5998=VECTOR('',#7522,1.);
#5999=VECTOR('',#7531,1.);
#6000=VECTOR('',#7536,1.);
#6001=VECTOR('',#7537,1.);
#6002=VECTOR('',#7538,1.);
#6003=VECTOR('',#7541,1.);
#6004=VECTOR('',#7542,1.);
#6005=VECTOR('',#7543,1.);
#6006=VECTOR('',#7546,1.);
#6007=VECTOR('',#7547,1.);
#6008=VECTOR('',#7554,1.);
#6009=VECTOR('',#7557,1.);
#6010=VECTOR('',#7564,1.);
#6011=VECTOR('',#7567,1.);
#6012=VECTOR('',#7572,1.);
#6013=VECTOR('',#7575,1.);
#6014=VECTOR('',#7578,1.);
#6015=VECTOR('',#7581,1.);
#6016=VECTOR('',#7584,1.);
#6017=VECTOR('',#7589,1.);
#6018=VECTOR('',#7592,1.);
#6019=VECTOR('',#7599,1.);
#6020=VECTOR('',#7602,1.);
#6021=VECTOR('',#7607,1.);
#6022=VECTOR('',#7610,1.);
#6023=VECTOR('',#7613,1.);
#6024=VECTOR('',#7616,1.);
#6025=VECTOR('',#7619,1.);
#6026=VECTOR('',#7624,1.);
#6027=VECTOR('',#7627,1.);
#6028=VECTOR('',#7634,1.);
#6029=VECTOR('',#7637,1.);
#6030=VECTOR('',#7642,1.);
#6031=VECTOR('',#7645,1.);
#6032=VECTOR('',#7648,1.);
#6033=VECTOR('',#7651,1.);
#6034=VECTOR('',#7654,1.);
#6035=VECTOR('',#7659,1.);
#6036=VECTOR('',#7662,1.);
#6037=VECTOR('',#7669,1.);
#6038=VECTOR('',#7672,1.);
#6039=VECTOR('',#7677,1.);
#6040=VECTOR('',#7680,1.);
#6041=VECTOR('',#7683,1.);
#6042=VECTOR('',#7686,1.);
#6043=VECTOR('',#7689,1.);
#6044=VECTOR('',#7694,1.);
#6045=VECTOR('',#7697,1.);
#6046=VECTOR('',#7704,1.);
#6047=VECTOR('',#7707,1.);
#6048=VECTOR('',#7712,1.);
#6049=VECTOR('',#7715,1.);
#6050=VECTOR('',#7718,1.);
#6051=VECTOR('',#7721,1.);
#6052=VECTOR('',#7724,1.);
#6053=VECTOR('',#7729,1.);
#6054=VECTOR('',#7732,1.);
#6055=VECTOR('',#7739,1.);
#6056=VECTOR('',#7742,1.);
#6057=VECTOR('',#7747,1.);
#6058=VECTOR('',#7750,1.);
#6059=VECTOR('',#7753,1.);
#6060=VECTOR('',#7756,1.);
#6061=VECTOR('',#7759,1.);
#6062=VECTOR('',#7764,1.);
#6063=VECTOR('',#7767,1.);
#6064=VECTOR('',#7774,1.);
#6065=VECTOR('',#7777,1.);
#6066=VECTOR('',#7782,1.);
#6067=VECTOR('',#7785,1.);
#6068=VECTOR('',#7788,1.);
#6069=VECTOR('',#7791,1.);
#6070=VECTOR('',#7794,1.);
#6071=VECTOR('',#7803,1.);
#6072=VECTOR('',#7806,1.);
#6073=VECTOR('',#7807,1.);
#6074=VECTOR('',#7808,1.);
#6075=VECTOR('',#7811,1.);
#6076=VECTOR('',#7812,1.);
#6077=VECTOR('',#7813,1.);
#6078=VECTOR('',#7816,1.);
#6079=VECTOR('',#7819,1.);
#6080=VECTOR('',#7828,1.);
#6081=VECTOR('',#7831,1.);
#6082=VECTOR('',#7832,1.);
#6083=VECTOR('',#7833,1.);
#6084=VECTOR('',#7836,1.);
#6085=VECTOR('',#7837,1.);
#6086=VECTOR('',#7838,1.);
#6087=VECTOR('',#7841,1.);
#6088=VECTOR('',#7844,1.);
#6089=VECTOR('',#7853,1.);
#6090=VECTOR('',#7856,1.);
#6091=VECTOR('',#7857,1.);
#6092=VECTOR('',#7858,1.);
#6093=VECTOR('',#7861,1.);
#6094=VECTOR('',#7862,1.);
#6095=VECTOR('',#7863,1.);
#6096=VECTOR('',#7866,1.);
#6097=VECTOR('',#7869,1.);
#6098=VECTOR('',#7876,1.);
#6099=VECTOR('',#7881,1.);
#6100=VECTOR('',#7882,1.);
#6101=VECTOR('',#7883,1.);
#6102=VECTOR('',#7886,1.);
#6103=VECTOR('',#7887,1.);
#6104=VECTOR('',#7888,1.);
#6105=VECTOR('',#7891,1.);
#6106=VECTOR('',#7892,1.);
#6107=VECTOR('',#7901,1.);
#6108=VECTOR('',#7906,1.);
#6109=VECTOR('',#7907,1.);
#6110=VECTOR('',#7908,1.);
#6111=VECTOR('',#7911,1.);
#6112=VECTOR('',#7912,1.);
#6113=VECTOR('',#7913,1.);
#6114=VECTOR('',#7916,1.);
#6115=VECTOR('',#7917,1.);
#6116=VECTOR('',#7926,1.);
#6117=VECTOR('',#7931,1.);
#6118=VECTOR('',#7932,1.);
#6119=VECTOR('',#7933,1.);
#6120=VECTOR('',#7936,1.);
#6121=VECTOR('',#7937,1.);
#6122=VECTOR('',#7938,1.);
#6123=VECTOR('',#7941,1.);
#6124=VECTOR('',#7942,1.);
#6125=VECTOR('',#7951,1.);
#6126=VECTOR('',#7956,1.);
#6127=VECTOR('',#7957,1.);
#6128=VECTOR('',#7958,1.);
#6129=VECTOR('',#7961,1.);
#6130=VECTOR('',#7962,1.);
#6131=VECTOR('',#7963,1.);
#6132=VECTOR('',#7966,1.);
#6133=VECTOR('',#7969,1.);
#6134=VECTOR('',#7976,1.);
#6135=VECTOR('',#7981,1.);
#6136=VECTOR('',#7982,1.);
#6137=VECTOR('',#7983,1.);
#6138=VECTOR('',#7986,1.);
#6139=VECTOR('',#7987,1.);
#6140=VECTOR('',#7988,1.);
#6141=VECTOR('',#7991,1.);
#6142=VECTOR('',#7994,1.);
#6143=VECTOR('',#8003,1.);
#6144=VECTOR('',#8006,1.);
#6145=VECTOR('',#8007,1.);
#6146=VECTOR('',#8008,1.);
#6147=VECTOR('',#8011,1.);
#6148=VECTOR('',#8012,1.);
#6149=VECTOR('',#8013,1.);
#6150=VECTOR('',#8016,1.);
#6151=VECTOR('',#8019,1.);
#6152=VECTOR('',#8028,1.);
#6153=VECTOR('',#8031,1.);
#6154=VECTOR('',#8032,1.);
#6155=VECTOR('',#8033,1.);
#6156=VECTOR('',#8036,1.);
#6157=VECTOR('',#8037,1.);
#6158=VECTOR('',#8038,1.);
#6159=VECTOR('',#8041,1.);
#6160=VECTOR('',#8044,1.);
#6161=AXIS2_PLACEMENT_3D('',#8049,#6516,#6517);
#6162=AXIS2_PLACEMENT_3D('',#8166,#6576,#6577);
#6163=AXIS2_PLACEMENT_3D('',#8240,#6615,#6616);
#6164=AXIS2_PLACEMENT_3D('',#8249,#6621,#6622);
#6165=AXIS2_PLACEMENT_3D('',#8258,#6627,#6628);
#6166=AXIS2_PLACEMENT_3D('',#8267,#6634,#6635);
#6167=AXIS2_PLACEMENT_3D('',#8276,#6641,#6642);
#6168=AXIS2_PLACEMENT_3D('',#8285,#6647,#6648);
#6169=AXIS2_PLACEMENT_3D('',#8294,#6653,#6654);
#6170=AXIS2_PLACEMENT_3D('',#8306,#6661,#6662);
#6171=AXIS2_PLACEMENT_3D('',#8318,#6669,#6670);
#6172=AXIS2_PLACEMENT_3D('',#8327,#6675,#6676);
#6173=AXIS2_PLACEMENT_3D('',#8339,#6684,#6685);
#6174=AXIS2_PLACEMENT_3D('',#8358,#6696,#6697);
#6175=AXIS2_PLACEMENT_3D('',#8370,#6705,#6706);
#6176=AXIS2_PLACEMENT_3D('',#8376,#6710,#6711);
#6177=AXIS2_PLACEMENT_3D('',#8385,#6716,#6717);
#6178=AXIS2_PLACEMENT_3D('',#8397,#6725,#6726);
#6179=AXIS2_PLACEMENT_3D('',#8403,#6730,#6731);
#6180=AXIS2_PLACEMENT_3D('',#8422,#6742,#6743);
#6181=AXIS2_PLACEMENT_3D('',#8486,#6775,#6776);
#6182=AXIS2_PLACEMENT_3D('',#8494,#6781,#6782);
#6183=AXIS2_PLACEMENT_3D('',#8498,#6785,#6786);
#6184=AXIS2_PLACEMENT_3D('',#8502,#6789,#6790);
#6185=AXIS2_PLACEMENT_3D('',#8506,#6793,#6794);
#6186=AXIS2_PLACEMENT_3D('',#8508,#6796,#6797);
#6187=AXIS2_PLACEMENT_3D('',#8509,#6798,#6799);
#6188=AXIS2_PLACEMENT_3D('',#8520,#6810,#6811);
#6189=AXIS2_PLACEMENT_3D('',#8524,#6814,#6815);
#6190=AXIS2_PLACEMENT_3D('',#8528,#6818,#6819);
#6191=AXIS2_PLACEMENT_3D('',#8532,#6822,#6823);
#6192=AXIS2_PLACEMENT_3D('',#8536,#6826,#6827);
#6193=AXIS2_PLACEMENT_3D('',#8544,#6832,#6833);
#6194=AXIS2_PLACEMENT_3D('',#8548,#6836,#6837);
#6195=AXIS2_PLACEMENT_3D('',#8550,#6839,#6840);
#6196=AXIS2_PLACEMENT_3D('',#8557,#6845,#6846);
#6197=AXIS2_PLACEMENT_3D('',#8563,#6850,#6851);
#6198=AXIS2_PLACEMENT_3D('',#8569,#6855,#6856);
#6199=AXIS2_PLACEMENT_3D('',#8572,#6859,#6860);
#6200=AXIS2_PLACEMENT_3D('',#8573,#6861,#6862);
#6201=AXIS2_PLACEMENT_3D('',#8574,#6863,#6864);
#6202=AXIS2_PLACEMENT_3D('',#8576,#6866,#6867);
#6203=AXIS2_PLACEMENT_3D('',#8577,#6868,#6869);
#6204=AXIS2_PLACEMENT_3D('',#8587,#6875,#6876);
#6205=AXIS2_PLACEMENT_3D('',#8593,#6880,#6881);
#6206=AXIS2_PLACEMENT_3D('',#8598,#6885,#6886);
#6207=AXIS2_PLACEMENT_3D('',#8600,#6888,#6889);
#6208=AXIS2_PLACEMENT_3D('',#8602,#6891,#6892);
#6209=AXIS2_PLACEMENT_3D('',#8603,#6893,#6894);
#6210=AXIS2_PLACEMENT_3D('',#8605,#6896,#6897);
#6211=AXIS2_PLACEMENT_3D('',#8607,#6899,#6900);
#6212=AXIS2_PLACEMENT_3D('',#8610,#6903,#6904);
#6213=AXIS2_PLACEMENT_3D('',#8612,#6906,#6907);
#6214=AXIS2_PLACEMENT_3D('',#8613,#6908,#6909);
#6215=AXIS2_PLACEMENT_3D('',#8619,#6913,#6914);
#6216=AXIS2_PLACEMENT_3D('',#8625,#6918,#6919);
#6217=AXIS2_PLACEMENT_3D('',#8628,#6922,#6923);
#6218=AXIS2_PLACEMENT_3D('',#8629,#6924,#6925);
#6219=AXIS2_PLACEMENT_3D('',#8630,#6926,#6927);
#6220=AXIS2_PLACEMENT_3D('',#8633,#6930,#6931);
#6221=AXIS2_PLACEMENT_3D('',#8635,#6933,#6934);
#6222=AXIS2_PLACEMENT_3D('',#8636,#6935,#6936);
#6223=AXIS2_PLACEMENT_3D('',#8646,#6942,#6943);
#6224=AXIS2_PLACEMENT_3D('',#8652,#6947,#6948);
#6225=AXIS2_PLACEMENT_3D('',#8657,#6952,#6953);
#6226=AXIS2_PLACEMENT_3D('',#8659,#6955,#6956);
#6227=AXIS2_PLACEMENT_3D('',#8661,#6958,#6959);
#6228=AXIS2_PLACEMENT_3D('',#8662,#6960,#6961);
#6229=AXIS2_PLACEMENT_3D('',#8668,#6965,#6966);
#6230=AXIS2_PLACEMENT_3D('',#8674,#6970,#6971);
#6231=AXIS2_PLACEMENT_3D('',#8680,#6975,#6976);
#6232=AXIS2_PLACEMENT_3D('',#8686,#6980,#6981);
#6233=AXIS2_PLACEMENT_3D('',#8692,#6985,#6986);
#6234=AXIS2_PLACEMENT_3D('',#8698,#6990,#6991);
#6235=AXIS2_PLACEMENT_3D('',#8704,#6995,#6996);
#6236=AXIS2_PLACEMENT_3D('',#8710,#7000,#7001);
#6237=AXIS2_PLACEMENT_3D('',#8716,#7005,#7006);
#6238=AXIS2_PLACEMENT_3D('',#8722,#7010,#7011);
#6239=AXIS2_PLACEMENT_3D('',#8733,#7018,#7019);
#6240=AXIS2_PLACEMENT_3D('',#8739,#7023,#7024);
#6241=AXIS2_PLACEMENT_3D('',#8744,#7027,#7028);
#6242=AXIS2_PLACEMENT_3D('',#8752,#7032,#7033);
#6243=AXIS2_PLACEMENT_3D('',#8753,#7034,#7035);
#6244=AXIS2_PLACEMENT_3D('',#8759,#7039,#7040);
#6245=AXIS2_PLACEMENT_3D('',#8856,#7093,#7094);
#6246=AXIS2_PLACEMENT_3D('',#8893,#7116,#7117);
#6247=AXIS2_PLACEMENT_3D('',#8898,#7120,#7121);
#6248=AXIS2_PLACEMENT_3D('',#8905,#7125,#7126);
#6249=AXIS2_PLACEMENT_3D('',#8912,#7130,#7131);
#6250=AXIS2_PLACEMENT_3D('',#8929,#7141,#7142);
#6251=AXIS2_PLACEMENT_3D('',#8943,#7150,#7151);
#6252=AXIS2_PLACEMENT_3D('',#8954,#7158,#7159);
#6253=AXIS2_PLACEMENT_3D('',#8961,#7164,#7165);
#6254=AXIS2_PLACEMENT_3D('',#8967,#7169,#7170);
#6255=AXIS2_PLACEMENT_3D('',#8974,#7175,#7176);
#6256=AXIS2_PLACEMENT_3D('',#8975,#7177,#7178);
#6257=AXIS2_PLACEMENT_3D('',#8976,#7179,#7180);
#6258=AXIS2_PLACEMENT_3D('',#8979,#7183,#7184);
#6259=AXIS2_PLACEMENT_3D('',#8986,#7189,#7190);
#6260=AXIS2_PLACEMENT_3D('',#8992,#7194,#7195);
#6261=AXIS2_PLACEMENT_3D('',#8993,#7196,#7197);
#6262=AXIS2_PLACEMENT_3D('',#8994,#7198,#7199);
#6263=AXIS2_PLACEMENT_3D('',#8995,#7200,#7201);
#6264=AXIS2_PLACEMENT_3D('',#8996,#7202,#7203);
#6265=AXIS2_PLACEMENT_3D('',#9000,#7206,#7207);
#6266=AXIS2_PLACEMENT_3D('',#9006,#7211,#7212);
#6267=AXIS2_PLACEMENT_3D('',#9010,#7214,#7215);
#6268=AXIS2_PLACEMENT_3D('',#9011,#7216,#7217);
#6269=AXIS2_PLACEMENT_3D('',#9013,#7219,#7220);
#6270=AXIS2_PLACEMENT_3D('',#9015,#7222,#7223);
#6271=AXIS2_PLACEMENT_3D('',#9016,#7224,#7225);
#6272=AXIS2_PLACEMENT_3D('',#9020,#7228,#7229);
#6273=AXIS2_PLACEMENT_3D('',#9028,#7234,#7235);
#6274=AXIS2_PLACEMENT_3D('',#9032,#7238,#7239);
#6275=AXIS2_PLACEMENT_3D('',#9033,#7240,#7241);
#6276=AXIS2_PLACEMENT_3D('',#9034,#7242,#7243);
#6277=AXIS2_PLACEMENT_3D('',#9105,#7280,#7281);
#6278=AXIS2_PLACEMENT_3D('',#9187,#7331,#7332);
#6279=AXIS2_PLACEMENT_3D('',#9197,#7339,#7340);
#6280=AXIS2_PLACEMENT_3D('',#9200,#7342,#7343);
#6281=AXIS2_PLACEMENT_3D('',#9203,#7345,#7346);
#6282=AXIS2_PLACEMENT_3D('',#9206,#7348,#7349);
#6283=AXIS2_PLACEMENT_3D('',#9208,#7351,#7352);
#6284=AXIS2_PLACEMENT_3D('',#9213,#7356,#7357);
#6285=AXIS2_PLACEMENT_3D('',#9214,#7358,#7359);
#6286=AXIS2_PLACEMENT_3D('',#9219,#7363,#7364);
#6287=AXIS2_PLACEMENT_3D('',#9221,#7366,#7367);
#6288=AXIS2_PLACEMENT_3D('',#9223,#7369,#7370);
#6289=AXIS2_PLACEMENT_3D('',#9225,#7372,#7373);
#6290=AXIS2_PLACEMENT_3D('',#9228,#7376,#7377);
#6291=AXIS2_PLACEMENT_3D('',#9229,#7378,#7379);
#6292=AXIS2_PLACEMENT_3D('',#9230,#7380,#7381);
#6293=AXIS2_PLACEMENT_3D('',#9231,#7382,#7383);
#6294=AXIS2_PLACEMENT_3D('',#9232,#7384,#7385);
#6295=AXIS2_PLACEMENT_3D('',#9234,#7387,#7388);
#6296=AXIS2_PLACEMENT_3D('',#9235,#7389,#7390);
#6297=AXIS2_PLACEMENT_3D('',#9237,#7392,#7393);
#6298=AXIS2_PLACEMENT_3D('',#9238,#7394,#7395);
#6299=AXIS2_PLACEMENT_3D('',#9244,#7399,#7400);
#6300=AXIS2_PLACEMENT_3D('',#9245,#7401,#7402);
#6301=AXIS2_PLACEMENT_3D('',#9246,#7403,#7404);
#6302=AXIS2_PLACEMENT_3D('',#9247,#7405,#7406);
#6303=AXIS2_PLACEMENT_3D('',#9248,#7407,#7408);
#6304=AXIS2_PLACEMENT_3D('',#9249,#7409,#7410);
#6305=AXIS2_PLACEMENT_3D('',#9253,#7413,#7414);
#6306=AXIS2_PLACEMENT_3D('',#9255,#7416,#7417);
#6307=AXIS2_PLACEMENT_3D('',#9259,#7420,#7421);
#6308=AXIS2_PLACEMENT_3D('',#9261,#7423,#7424);
#6309=AXIS2_PLACEMENT_3D('',#9302,#7449,#7450);
#6310=AXIS2_PLACEMENT_3D('',#9306,#7453,#7454);
#6311=AXIS2_PLACEMENT_3D('',#9308,#7456,#7457);
#6312=AXIS2_PLACEMENT_3D('',#9309,#7458,#7459);
#6313=AXIS2_PLACEMENT_3D('',#9313,#7462,#7463);
#6314=AXIS2_PLACEMENT_3D('',#9315,#7465,#7466);
#6315=AXIS2_PLACEMENT_3D('',#9316,#7467,#7468);
#6316=AXIS2_PLACEMENT_3D('',#9318,#7470,#7471);
#6317=AXIS2_PLACEMENT_3D('',#9320,#7473,#7474);
#6318=AXIS2_PLACEMENT_3D('',#9321,#7475,#7476);
#6319=AXIS2_PLACEMENT_3D('',#9322,#7477,#7478);
#6320=AXIS2_PLACEMENT_3D('',#9326,#7480,#7481);
#6321=AXIS2_PLACEMENT_3D('',#9329,#7483,#7484);
#6322=AXIS2_PLACEMENT_3D('',#9330,#7485,#7486);
#6323=AXIS2_PLACEMENT_3D('',#9334,#7488,#7489);
#6324=AXIS2_PLACEMENT_3D('',#9337,#7491,#7492);
#6325=AXIS2_PLACEMENT_3D('',#9339,#7494,#7495);
#6326=AXIS2_PLACEMENT_3D('',#9341,#7497,#7498);
#6327=AXIS2_PLACEMENT_3D('',#9343,#7500,#7501);
#6328=AXIS2_PLACEMENT_3D('',#9344,#7502,#7503);
#6329=AXIS2_PLACEMENT_3D('',#9345,#7504,#7505);
#6330=AXIS2_PLACEMENT_3D('',#9347,#7506,#7507);
#6331=AXIS2_PLACEMENT_3D('',#9350,#7509,#7510);
#6332=AXIS2_PLACEMENT_3D('',#9356,#7514,#7515);
#6333=AXIS2_PLACEMENT_3D('',#9362,#7519,#7520);
#6334=AXIS2_PLACEMENT_3D('',#9365,#7523,#7524);
#6335=AXIS2_PLACEMENT_3D('',#9366,#7525,#7526);
#6336=AXIS2_PLACEMENT_3D('',#9367,#7527,#7528);
#6337=AXIS2_PLACEMENT_3D('',#9368,#7529,#7530);
#6338=AXIS2_PLACEMENT_3D('',#9372,#7532,#7533);
#6339=AXIS2_PLACEMENT_3D('',#9373,#7534,#7535);
#6340=AXIS2_PLACEMENT_3D('',#9379,#7539,#7540);
#6341=AXIS2_PLACEMENT_3D('',#9385,#7544,#7545);
#6342=AXIS2_PLACEMENT_3D('',#9388,#7548,#7549);
#6343=AXIS2_PLACEMENT_3D('',#9389,#7550,#7551);
#6344=AXIS2_PLACEMENT_3D('',#9390,#7552,#7553);
#6345=AXIS2_PLACEMENT_3D('',#9392,#7555,#7556);
#6346=AXIS2_PLACEMENT_3D('',#9394,#7558,#7559);
#6347=AXIS2_PLACEMENT_3D('',#9395,#7560,#7561);
#6348=AXIS2_PLACEMENT_3D('',#9396,#7562,#7563);
#6349=AXIS2_PLACEMENT_3D('',#9400,#7565,#7566);
#6350=AXIS2_PLACEMENT_3D('',#9403,#7568,#7569);
#6351=AXIS2_PLACEMENT_3D('',#9404,#7570,#7571);
#6352=AXIS2_PLACEMENT_3D('',#9408,#7573,#7574);
#6353=AXIS2_PLACEMENT_3D('',#9411,#7576,#7577);
#6354=AXIS2_PLACEMENT_3D('',#9413,#7579,#7580);
#6355=AXIS2_PLACEMENT_3D('',#9415,#7582,#7583);
#6356=AXIS2_PLACEMENT_3D('',#9417,#7585,#7586);
#6357=AXIS2_PLACEMENT_3D('',#9418,#7587,#7588);
#6358=AXIS2_PLACEMENT_3D('',#9420,#7590,#7591);
#6359=AXIS2_PLACEMENT_3D('',#9422,#7593,#7594);
#6360=AXIS2_PLACEMENT_3D('',#9423,#7595,#7596);
#6361=AXIS2_PLACEMENT_3D('',#9424,#7597,#7598);
#6362=AXIS2_PLACEMENT_3D('',#9428,#7600,#7601);
#6363=AXIS2_PLACEMENT_3D('',#9431,#7603,#7604);
#6364=AXIS2_PLACEMENT_3D('',#9432,#7605,#7606);
#6365=AXIS2_PLACEMENT_3D('',#9436,#7608,#7609);
#6366=AXIS2_PLACEMENT_3D('',#9439,#7611,#7612);
#6367=AXIS2_PLACEMENT_3D('',#9441,#7614,#7615);
#6368=AXIS2_PLACEMENT_3D('',#9443,#7617,#7618);
#6369=AXIS2_PLACEMENT_3D('',#9445,#7620,#7621);
#6370=AXIS2_PLACEMENT_3D('',#9446,#7622,#7623);
#6371=AXIS2_PLACEMENT_3D('',#9448,#7625,#7626);
#6372=AXIS2_PLACEMENT_3D('',#9450,#7628,#7629);
#6373=AXIS2_PLACEMENT_3D('',#9451,#7630,#7631);
#6374=AXIS2_PLACEMENT_3D('',#9452,#7632,#7633);
#6375=AXIS2_PLACEMENT_3D('',#9456,#7635,#7636);
#6376=AXIS2_PLACEMENT_3D('',#9459,#7638,#7639);
#6377=AXIS2_PLACEMENT_3D('',#9460,#7640,#7641);
#6378=AXIS2_PLACEMENT_3D('',#9464,#7643,#7644);
#6379=AXIS2_PLACEMENT_3D('',#9467,#7646,#7647);
#6380=AXIS2_PLACEMENT_3D('',#9469,#7649,#7650);
#6381=AXIS2_PLACEMENT_3D('',#9471,#7652,#7653);
#6382=AXIS2_PLACEMENT_3D('',#9473,#7655,#7656);
#6383=AXIS2_PLACEMENT_3D('',#9474,#7657,#7658);
#6384=AXIS2_PLACEMENT_3D('',#9476,#7660,#7661);
#6385=AXIS2_PLACEMENT_3D('',#9478,#7663,#7664);
#6386=AXIS2_PLACEMENT_3D('',#9479,#7665,#7666);
#6387=AXIS2_PLACEMENT_3D('',#9480,#7667,#7668);
#6388=AXIS2_PLACEMENT_3D('',#9484,#7670,#7671);
#6389=AXIS2_PLACEMENT_3D('',#9487,#7673,#7674);
#6390=AXIS2_PLACEMENT_3D('',#9488,#7675,#7676);
#6391=AXIS2_PLACEMENT_3D('',#9492,#7678,#7679);
#6392=AXIS2_PLACEMENT_3D('',#9495,#7681,#7682);
#6393=AXIS2_PLACEMENT_3D('',#9497,#7684,#7685);
#6394=AXIS2_PLACEMENT_3D('',#9499,#7687,#7688);
#6395=AXIS2_PLACEMENT_3D('',#9501,#7690,#7691);
#6396=AXIS2_PLACEMENT_3D('',#9502,#7692,#7693);
#6397=AXIS2_PLACEMENT_3D('',#9504,#7695,#7696);
#6398=AXIS2_PLACEMENT_3D('',#9506,#7698,#7699);
#6399=AXIS2_PLACEMENT_3D('',#9507,#7700,#7701);
#6400=AXIS2_PLACEMENT_3D('',#9508,#7702,#7703);
#6401=AXIS2_PLACEMENT_3D('',#9512,#7705,#7706);
#6402=AXIS2_PLACEMENT_3D('',#9515,#7708,#7709);
#6403=AXIS2_PLACEMENT_3D('',#9516,#7710,#7711);
#6404=AXIS2_PLACEMENT_3D('',#9520,#7713,#7714);
#6405=AXIS2_PLACEMENT_3D('',#9523,#7716,#7717);
#6406=AXIS2_PLACEMENT_3D('',#9525,#7719,#7720);
#6407=AXIS2_PLACEMENT_3D('',#9527,#7722,#7723);
#6408=AXIS2_PLACEMENT_3D('',#9529,#7725,#7726);
#6409=AXIS2_PLACEMENT_3D('',#9530,#7727,#7728);
#6410=AXIS2_PLACEMENT_3D('',#9532,#7730,#7731);
#6411=AXIS2_PLACEMENT_3D('',#9534,#7733,#7734);
#6412=AXIS2_PLACEMENT_3D('',#9535,#7735,#7736);
#6413=AXIS2_PLACEMENT_3D('',#9536,#7737,#7738);
#6414=AXIS2_PLACEMENT_3D('',#9540,#7740,#7741);
#6415=AXIS2_PLACEMENT_3D('',#9543,#7743,#7744);
#6416=AXIS2_PLACEMENT_3D('',#9544,#7745,#7746);
#6417=AXIS2_PLACEMENT_3D('',#9548,#7748,#7749);
#6418=AXIS2_PLACEMENT_3D('',#9551,#7751,#7752);
#6419=AXIS2_PLACEMENT_3D('',#9553,#7754,#7755);
#6420=AXIS2_PLACEMENT_3D('',#9555,#7757,#7758);
#6421=AXIS2_PLACEMENT_3D('',#9557,#7760,#7761);
#6422=AXIS2_PLACEMENT_3D('',#9558,#7762,#7763);
#6423=AXIS2_PLACEMENT_3D('',#9560,#7765,#7766);
#6424=AXIS2_PLACEMENT_3D('',#9562,#7768,#7769);
#6425=AXIS2_PLACEMENT_3D('',#9563,#7770,#7771);
#6426=AXIS2_PLACEMENT_3D('',#9564,#7772,#7773);
#6427=AXIS2_PLACEMENT_3D('',#9568,#7775,#7776);
#6428=AXIS2_PLACEMENT_3D('',#9571,#7778,#7779);
#6429=AXIS2_PLACEMENT_3D('',#9572,#7780,#7781);
#6430=AXIS2_PLACEMENT_3D('',#9576,#7783,#7784);
#6431=AXIS2_PLACEMENT_3D('',#9579,#7786,#7787);
#6432=AXIS2_PLACEMENT_3D('',#9581,#7789,#7790);
#6433=AXIS2_PLACEMENT_3D('',#9583,#7792,#7793);
#6434=AXIS2_PLACEMENT_3D('',#9585,#7795,#7796);
#6435=AXIS2_PLACEMENT_3D('',#9586,#7797,#7798);
#6436=AXIS2_PLACEMENT_3D('',#9587,#7799,#7800);
#6437=AXIS2_PLACEMENT_3D('',#9589,#7801,#7802);
#6438=AXIS2_PLACEMENT_3D('',#9592,#7804,#7805);
#6439=AXIS2_PLACEMENT_3D('',#9598,#7809,#7810);
#6440=AXIS2_PLACEMENT_3D('',#9604,#7814,#7815);
#6441=AXIS2_PLACEMENT_3D('',#9606,#7817,#7818);
#6442=AXIS2_PLACEMENT_3D('',#9608,#7820,#7821);
#6443=AXIS2_PLACEMENT_3D('',#9609,#7822,#7823);
#6444=AXIS2_PLACEMENT_3D('',#9610,#7824,#7825);
#6445=AXIS2_PLACEMENT_3D('',#9612,#7826,#7827);
#6446=AXIS2_PLACEMENT_3D('',#9615,#7829,#7830);
#6447=AXIS2_PLACEMENT_3D('',#9621,#7834,#7835);
#6448=AXIS2_PLACEMENT_3D('',#9627,#7839,#7840);
#6449=AXIS2_PLACEMENT_3D('',#9629,#7842,#7843);
#6450=AXIS2_PLACEMENT_3D('',#9631,#7845,#7846);
#6451=AXIS2_PLACEMENT_3D('',#9632,#7847,#7848);
#6452=AXIS2_PLACEMENT_3D('',#9633,#7849,#7850);
#6453=AXIS2_PLACEMENT_3D('',#9635,#7851,#7852);
#6454=AXIS2_PLACEMENT_3D('',#9638,#7854,#7855);
#6455=AXIS2_PLACEMENT_3D('',#9644,#7859,#7860);
#6456=AXIS2_PLACEMENT_3D('',#9650,#7864,#7865);
#6457=AXIS2_PLACEMENT_3D('',#9652,#7867,#7868);
#6458=AXIS2_PLACEMENT_3D('',#9654,#7870,#7871);
#6459=AXIS2_PLACEMENT_3D('',#9655,#7872,#7873);
#6460=AXIS2_PLACEMENT_3D('',#9656,#7874,#7875);
#6461=AXIS2_PLACEMENT_3D('',#9660,#7877,#7878);
#6462=AXIS2_PLACEMENT_3D('',#9661,#7879,#7880);
#6463=AXIS2_PLACEMENT_3D('',#9667,#7884,#7885);
#6464=AXIS2_PLACEMENT_3D('',#9673,#7889,#7890);
#6465=AXIS2_PLACEMENT_3D('',#9676,#7893,#7894);
#6466=AXIS2_PLACEMENT_3D('',#9677,#7895,#7896);
#6467=AXIS2_PLACEMENT_3D('',#9678,#7897,#7898);
#6468=AXIS2_PLACEMENT_3D('',#9679,#7899,#7900);
#6469=AXIS2_PLACEMENT_3D('',#9683,#7902,#7903);
#6470=AXIS2_PLACEMENT_3D('',#9684,#7904,#7905);
#6471=AXIS2_PLACEMENT_3D('',#9690,#7909,#7910);
#6472=AXIS2_PLACEMENT_3D('',#9696,#7914,#7915);
#6473=AXIS2_PLACEMENT_3D('',#9699,#7918,#7919);
#6474=AXIS2_PLACEMENT_3D('',#9700,#7920,#7921);
#6475=AXIS2_PLACEMENT_3D('',#9701,#7922,#7923);
#6476=AXIS2_PLACEMENT_3D('',#9702,#7924,#7925);
#6477=AXIS2_PLACEMENT_3D('',#9706,#7927,#7928);
#6478=AXIS2_PLACEMENT_3D('',#9707,#7929,#7930);
#6479=AXIS2_PLACEMENT_3D('',#9713,#7934,#7935);
#6480=AXIS2_PLACEMENT_3D('',#9719,#7939,#7940);
#6481=AXIS2_PLACEMENT_3D('',#9722,#7943,#7944);
#6482=AXIS2_PLACEMENT_3D('',#9723,#7945,#7946);
#6483=AXIS2_PLACEMENT_3D('',#9724,#7947,#7948);
#6484=AXIS2_PLACEMENT_3D('',#9725,#7949,#7950);
#6485=AXIS2_PLACEMENT_3D('',#9729,#7952,#7953);
#6486=AXIS2_PLACEMENT_3D('',#9730,#7954,#7955);
#6487=AXIS2_PLACEMENT_3D('',#9736,#7959,#7960);
#6488=AXIS2_PLACEMENT_3D('',#9742,#7964,#7965);
#6489=AXIS2_PLACEMENT_3D('',#9744,#7967,#7968);
#6490=AXIS2_PLACEMENT_3D('',#9746,#7970,#7971);
#6491=AXIS2_PLACEMENT_3D('',#9747,#7972,#7973);
#6492=AXIS2_PLACEMENT_3D('',#9748,#7974,#7975);
#6493=AXIS2_PLACEMENT_3D('',#9752,#7977,#7978);
#6494=AXIS2_PLACEMENT_3D('',#9753,#7979,#7980);
#6495=AXIS2_PLACEMENT_3D('',#9759,#7984,#7985);
#6496=AXIS2_PLACEMENT_3D('',#9765,#7989,#7990);
#6497=AXIS2_PLACEMENT_3D('',#9767,#7992,#7993);
#6498=AXIS2_PLACEMENT_3D('',#9769,#7995,#7996);
#6499=AXIS2_PLACEMENT_3D('',#9770,#7997,#7998);
#6500=AXIS2_PLACEMENT_3D('',#9771,#7999,#8000);
#6501=AXIS2_PLACEMENT_3D('',#9773,#8001,#8002);
#6502=AXIS2_PLACEMENT_3D('',#9776,#8004,#8005);
#6503=AXIS2_PLACEMENT_3D('',#9782,#8009,#8010);
#6504=AXIS2_PLACEMENT_3D('',#9788,#8014,#8015);
#6505=AXIS2_PLACEMENT_3D('',#9790,#8017,#8018);
#6506=AXIS2_PLACEMENT_3D('',#9792,#8020,#8021);
#6507=AXIS2_PLACEMENT_3D('',#9793,#8022,#8023);
#6508=AXIS2_PLACEMENT_3D('',#9794,#8024,#8025);
#6509=AXIS2_PLACEMENT_3D('',#9796,#8026,#8027);
#6510=AXIS2_PLACEMENT_3D('',#9799,#8029,#8030);
#6511=AXIS2_PLACEMENT_3D('',#9805,#8034,#8035);
#6512=AXIS2_PLACEMENT_3D('',#9811,#8039,#8040);
#6513=AXIS2_PLACEMENT_3D('',#9813,#8042,#8043);
#6514=AXIS2_PLACEMENT_3D('',#9815,#8045,#8046);
#6515=AXIS2_PLACEMENT_3D('',#9816,#8047,#8048);
#6516=DIRECTION('',(0.,0.,1.));
#6517=DIRECTION('',(1.,0.,0.));
#6518=DIRECTION('',(0.,0.,1.));
#6519=DIRECTION('',(-1.,0.,0.));
#6520=DIRECTION('',(0.,0.,1.));
#6521=DIRECTION('',(-1.,4.85632223092471E-16,0.));
#6522=DIRECTION('',(0.,0.,1.));
#6523=DIRECTION('',(-1.,0.,0.));
#6524=DIRECTION('',(0.,0.,1.));
#6525=DIRECTION('',(-1.,0.,-3.89825500219507E-16));
#6526=DIRECTION('',(0.,6.58220494561303E-17,-1.));
#6527=DIRECTION('',(1.,0.,4.73968162835193E-16));
#6528=DIRECTION('',(-5.04280080225814E-16,0.,1.));
#6529=DIRECTION('',(1.,0.,-1.24958894455956E-14));
#6530=DIRECTION('',(0.,0.,1.));
#6531=DIRECTION('',(1.,0.,-5.25999073780096E-15));
#6532=DIRECTION('',(0.,0.,1.));
#6533=DIRECTION('',(1.,0.,0.));
#6534=DIRECTION('',(0.,0.,-1.));
#6535=DIRECTION('',(1.,5.15264398804992E-16,-3.06161699786838E-16));
#6536=DIRECTION('',(0.,0.,-1.));
#6537=DIRECTION('',(-0.975441002067706,-4.09383969125127E-16,-0.220260871434645));
#6538=DIRECTION('',(-1.,-4.95635278850517E-16,-1.23908819712629E-16));
#6539=DIRECTION('',(-0.975441002067707,-4.43499299885554E-16,0.220260871434643));
#6540=DIRECTION('',(-3.77113799125393E-16,0.,1.));
#6541=DIRECTION('',(1.,5.58203098705408E-16,3.06161699786838E-16));
#6542=DIRECTION('',(0.,0.,-1.));
#6543=DIRECTION('',(1.,4.52313084106541E-15,0.));
#6544=DIRECTION('',(0.,0.,1.));
#6545=DIRECTION('',(1.,0.,2.1469349950208E-16));
#6546=DIRECTION('',(0.,0.,-1.));
#6547=DIRECTION('',(1.,0.,0.));
#6548=DIRECTION('',(5.04280080225816E-16,0.,-1.));
#6549=DIRECTION('',(1.,0.,-7.1095224425279E-16));
#6550=DIRECTION('',(0.,6.58220494561303E-17,-1.));
#6551=DIRECTION('',(1.,3.73058812038023E-16,6.06220569561787E-16));
#6552=DIRECTION('',(0.,3.82835525732812E-16,-1.));
#6553=DIRECTION('',(1.,0.,0.));
#6554=DIRECTION('',(0.,0.,1.));
#6555=DIRECTION('',(1.,0.,0.));
#6556=DIRECTION('',(0.,0.,-1.));
#6557=DIRECTION('',(-1.,0.,0.));
#6558=DIRECTION('',(0.,0.,-1.));
#6559=DIRECTION('',(-1.,0.,0.));
#6560=DIRECTION('',(0.,0.,-1.));
#6561=DIRECTION('',(1.,0.,0.));
#6562=DIRECTION('',(0.,0.,-1.));
#6563=DIRECTION('',(-1.,0.,0.));
#6564=DIRECTION('',(0.,0.,-1.));
#6565=DIRECTION('',(-1.,0.,0.));
#6566=DIRECTION('',(0.,0.,-1.));
#6567=DIRECTION('',(1.,0.,0.));
#6568=DIRECTION('',(0.,0.,-1.));
#6569=DIRECTION('',(1.,0.,0.));
#6570=DIRECTION('',(0.,0.,-1.));
#6571=DIRECTION('',(-1.,0.,0.));
#6572=DIRECTION('',(0.,0.,1.));
#6573=DIRECTION('',(-1.,0.,0.));
#6574=DIRECTION('',(0.,3.82835525732812E-16,-1.));
#6575=DIRECTION('',(1.,3.73058812038023E-16,6.06220569561787E-16));
#6576=DIRECTION('',(5.15264398804992E-16,-1.,0.));
#6577=DIRECTION('',(1.,5.15264398804992E-16,0.));
#6578=DIRECTION('',(0.,1.,1.05775821705903E-16));
#6579=DIRECTION('',(-1.,0.,0.));
#6580=DIRECTION('',(0.,1.,1.05775821705903E-16));
#6581=DIRECTION('',(-1.,0.,0.));
#6582=DIRECTION('',(0.,-1.,-2.55106393526001E-16));
#6583=DIRECTION('',(0.,-1.,-2.55106393526001E-16));
#6584=DIRECTION('',(0.,-1.,-2.55106393526001E-16));
#6585=DIRECTION('',(0.,-1.,-2.55106393526001E-16));
#6586=DIRECTION('',(-1.,0.,0.));
#6587=DIRECTION('',(0.,1.,1.05775821705903E-16));
#6588=DIRECTION('',(-1.,0.,0.));
#6589=DIRECTION('',(0.,1.,1.05775821705903E-16));
#6590=DIRECTION('',(-1.,0.,0.));
#6591=DIRECTION('',(0.,1.,1.05775821705903E-16));
#6592=DIRECTION('',(-1.,0.,0.));
#6593=DIRECTION('',(0.,1.,1.05775821705903E-16));
#6594=DIRECTION('',(-1.,0.,0.));
#6595=DIRECTION('',(0.,1.,1.05775821705903E-16));
#6596=DIRECTION('',(-1.,0.,0.));
#6597=DIRECTION('',(0.,1.,1.05775821705903E-16));
#6598=DIRECTION('',(-1.,0.,0.));
#6599=DIRECTION('',(0.,1.,1.05775821705903E-16));
#6600=DIRECTION('',(-1.,0.,0.));
#6601=DIRECTION('',(0.,1.,1.05775821705903E-16));
#6602=DIRECTION('',(-1.,0.,0.));
#6603=DIRECTION('',(0.,1.,1.05775821705903E-16));
#6604=DIRECTION('',(-1.,0.,0.));
#6605=DIRECTION('',(0.,1.,1.05775821705903E-16));
#6606=DIRECTION('',(-1.,0.,0.));
#6607=DIRECTION('',(0.,1.,1.05775821705903E-16));
#6608=DIRECTION('',(-1.,0.,0.));
#6609=DIRECTION('',(0.,1.,1.05775821705903E-16));
#6610=DIRECTION('',(-1.,0.,0.));
#6611=DIRECTION('',(0.,1.,1.05775821705903E-16));
#6612=DIRECTION('',(-1.,0.,0.));
#6613=DIRECTION('',(0.,1.,1.05775821705903E-16));
#6614=DIRECTION('',(-1.,0.,0.));
#6615=DIRECTION('',(0.,2.55106393526001E-16,-1.));
#6616=DIRECTION('',(0.,1.,2.55004350968591E-16));
#6617=DIRECTION('',(0.422618261740698,0.906307787036651,7.04928673094332E-16));
#6618=DIRECTION('',(0.,0.,1.));
#6619=DIRECTION('',(0.422618261740698,0.906307787036651,7.04928673094332E-16));
#6620=DIRECTION('',(0.,0.,1.));
#6621=DIRECTION('',(0.90630778703665,-0.422618261740698,0.));
#6622=DIRECTION('',(0.422618261740698,0.90630778703665,0.));
#6623=DIRECTION('',(0.422618261740698,0.906307787036651,7.04928673094332E-16));
#6624=DIRECTION('',(2.02228710407308E-16,4.33680868994196E-16,-1.));
#6625=DIRECTION('',(0.422618261740698,0.906307787036651,7.04928673094332E-16));
#6626=DIRECTION('',(0.,0.,1.));
#6627=DIRECTION('',(0.90630778703665,-0.422618261740698,0.));
#6628=DIRECTION('',(0.422618261740698,0.90630778703665,0.));
#6629=DIRECTION('',(-1.,2.85756623106577E-31,-6.58909911726821E-16));
#6630=DIRECTION('',(0.,-1.,-3.80421814907195E-16));
#6631=DIRECTION('',(0.,-1.,-3.80421814907195E-16));
#6632=DIRECTION('',(-0.500000000000002,0.866025403784438,0.));
#6633=DIRECTION('',(0.,1.,3.40918620201224E-16));
#6634=DIRECTION('',(6.58909911726821E-16,3.80421814907195E-16,-1.));
#6635=DIRECTION('',(-1.,0.,-6.58869660219441E-16));
#6636=DIRECTION('',(0.,-1.,-3.80421814907195E-16));
#6637=DIRECTION('',(-1.,2.85756623106577E-31,-6.58909911726821E-16));
#6638=DIRECTION('',(0.,1.,3.40918620201224E-16));
#6639=DIRECTION('',(-0.500000000000002,0.866025403784438,0.));
#6640=DIRECTION('',(0.,-1.,-3.80421814907195E-16));
#6641=DIRECTION('',(6.58909911726821E-16,3.80421814907195E-16,-1.));
#6642=DIRECTION('',(-1.,0.,-6.5897808043669E-16));
#6643=DIRECTION('',(0.,5.94083382183836E-16,-1.));
#6644=DIRECTION('',(1.,0.,0.));
#6645=DIRECTION('',(0.,5.94083382183836E-16,-1.));
#6646=DIRECTION('',(1.,0.,0.));
#6647=DIRECTION('',(0.,-1.,-5.94083382183836E-16));
#6648=DIRECTION('',(0.,5.94142790522056E-16,-1.));
#6649=DIRECTION('',(0.,0.,1.));
#6650=DIRECTION('',(-0.422618261740698,0.906307787036651,-7.04928673094332E-16));
#6651=DIRECTION('',(0.,0.,1.));
#6652=DIRECTION('',(-0.422618261740698,0.906307787036651,-7.04928673094332E-16));
#6653=DIRECTION('',(0.90630778703665,0.422618261740698,0.));
#6654=DIRECTION('',(-0.422618261740698,0.90630778703665,0.));
#6655=DIRECTION('',(0.,-1.,3.80421814907195E-16));
#6656=DIRECTION('',(-1.,2.85756623106577E-31,-6.58909911726821E-16));
#6657=DIRECTION('',(-0.422618261740698,0.906307787036651,-7.04928673094332E-16));
#6658=DIRECTION('',(0.,1.,-3.40918620201224E-16));
#6659=DIRECTION('',(0.500000000000002,0.866025403784438,0.));
#6660=DIRECTION('',(0.,-1.,3.80421814907195E-16));
#6661=DIRECTION('',(-6.58909911726821E-16,3.80421814907195E-16,1.));
#6662=DIRECTION('',(1.,0.,6.58869660219441E-16));
#6663=DIRECTION('',(-1.,2.85756623106577E-31,-6.58909911726821E-16));
#6664=DIRECTION('',(0.,-1.,3.80421814907195E-16));
#6665=DIRECTION('',(0.,-1.,3.80421814907195E-16));
#6666=DIRECTION('',(0.500000000000002,0.866025403784438,0.));
#6667=DIRECTION('',(0.,1.,-3.40918620201224E-16));
#6668=DIRECTION('',(-0.422618261740698,0.906307787036651,-7.04928673094332E-16));
#6669=DIRECTION('',(-6.58909911726821E-16,3.80421814907195E-16,1.));
#6670=DIRECTION('',(1.,0.,6.5897808043669E-16));
#6671=DIRECTION('',(-1.,0.,0.));
#6672=DIRECTION('',(0.,5.94083382183836E-16,-1.));
#6673=DIRECTION('',(-1.,0.,0.));
#6674=DIRECTION('',(0.,5.94083382183836E-16,-1.));
#6675=DIRECTION('',(0.,1.,5.94083382183836E-16));
#6676=DIRECTION('',(0.,-5.94142790522056E-16,1.));
#6677=DIRECTION('',(0.,1.,-3.3815272436195E-16));
#6678=DIRECTION('',(0.,-1.,0.));
#6679=DIRECTION('',(0.,1.,1.69076362180975E-16));
#6680=DIRECTION('',(0.,0.868243142124459,0.496138938356833));
#6681=DIRECTION('',(0.,0.,1.));
#6682=DIRECTION('',(0.,-0.868243142124459,0.496138938356834));
#6683=DIRECTION('',(0.,-1.,-1.69076362180975E-16));
#6684=DIRECTION('',(1.,0.,0.));
#6685=DIRECTION('',(0.,0.,-1.));
#6686=DIRECTION('',(0.,0.,1.));
#6687=DIRECTION('',(0.,-1.,0.));
#6688=DIRECTION('',(0.,0.,1.));
#6689=DIRECTION('',(0.,-1.,4.33680868994202E-16));
#6690=DIRECTION('',(0.,0.,1.));
#6691=DIRECTION('',(0.,0.868243142124459,0.496138938356833));
#6692=DIRECTION('',(0.,1.,1.69076362180975E-16));
#6693=DIRECTION('',(0.,-1.,-1.69076362180975E-16));
#6694=DIRECTION('',(0.,-0.868243142124459,0.496138938356834));
#6695=DIRECTION('',(0.,0.,1.));
#6696=DIRECTION('',(1.,0.,0.));
#6697=DIRECTION('',(0.,0.,-1.));
#6698=DIRECTION('',(0.,-1.,0.));
#6699=DIRECTION('',(0.,1.,-3.3815272436195E-16));
#6700=DIRECTION('',(0.,-1.,-1.69076362180975E-16));
#6701=DIRECTION('',(0.,-0.868243142124459,0.496138938356834));
#6702=DIRECTION('',(0.,0.,1.));
#6703=DIRECTION('',(0.,0.868243142124459,0.496138938356833));
#6704=DIRECTION('',(0.,1.,1.69076362180975E-16));
#6705=DIRECTION('',(1.,0.,0.));
#6706=DIRECTION('',(0.,0.,-1.));
#6707=DIRECTION('',(0.,0.,-1.));
#6708=DIRECTION('',(0.,-1.,0.));
#6709=DIRECTION('',(0.,-1.,0.));
#6710=DIRECTION('',(-1.,0.,0.));
#6711=DIRECTION('',(0.,0.,1.));
#6712=DIRECTION('',(-3.97872356875414E-16,0.,1.));
#6713=DIRECTION('',(0.,-1.,0.));
#6714=DIRECTION('',(-3.97872356875414E-16,0.,1.));
#6715=DIRECTION('',(0.,-1.,0.));
#6716=DIRECTION('',(1.,0.,3.97872356875414E-16));
#6717=DIRECTION('',(3.97685356867683E-16,0.,-1.));
#6718=DIRECTION('',(1.,3.73058812038023E-16,6.06220569561787E-16));
#6719=DIRECTION('',(1.,3.73058812038023E-16,6.06220569561787E-16));
#6720=DIRECTION('',(0.,1.,2.55106393526001E-16));
#6721=DIRECTION('',(-1.,0.,0.));
#6722=DIRECTION('',(0.,1.,2.55106393526001E-16));
#6723=DIRECTION('',(1.,0.,6.06220569561787E-16));
#6724=DIRECTION('',(0.,-1.,0.));
#6725=DIRECTION('',(6.06220569561787E-16,0.,-1.));
#6726=DIRECTION('',(-1.,0.,-6.06285854853894E-16));
#6727=DIRECTION('',(3.97872356875413E-16,0.,-1.));
#6728=DIRECTION('',(3.97872356875413E-16,0.,-1.));
#6729=DIRECTION('',(0.,-1.,0.));
#6730=DIRECTION('',(-1.,0.,-3.97872356875413E-16));
#6731=DIRECTION('',(-3.97685356867683E-16,0.,1.));
#6732=DIRECTION('',(1.,5.58203098705408E-16,3.06161699786838E-16));
#6733=DIRECTION('',(1.,0.,0.));
#6734=DIRECTION('',(0.,1.,4.54868811111875E-17));
#6735=DIRECTION('',(-1.,0.,0.));
#6736=DIRECTION('',(0.,1.,4.54868811111875E-17));
#6737=DIRECTION('',(1.,0.,0.));
#6738=DIRECTION('',(1.,5.15264398804992E-16,-3.06161699786838E-16));
#6739=DIRECTION('',(-3.46944695195361E-16,1.,0.));
#6740=DIRECTION('',(-1.,-4.01556360179814E-16,0.));
#6741=DIRECTION('',(-1.70070929017334E-16,1.,0.));
#6742=DIRECTION('',(0.,0.,1.));
#6743=DIRECTION('',(-1.,0.,0.));
#6744=DIRECTION('',(-3.46944695195361E-16,-1.,0.));
#6745=DIRECTION('',(-1.,2.25875452601149E-16,0.));
#6746=DIRECTION('',(0.,-1.,0.));
#6747=DIRECTION('',(1.,0.,0.));
#6748=DIRECTION('',(0.,1.,0.));
#6749=DIRECTION('',(1.,0.,0.));
#6750=DIRECTION('',(0.,1.,0.));
#6751=DIRECTION('',(1.,0.,0.));
#6752=DIRECTION('',(0.,-1.,0.));
#6753=DIRECTION('',(-1.,0.,0.));
#6754=DIRECTION('',(0.,-1.,0.));
#6755=DIRECTION('',(1.,0.,0.));
#6756=DIRECTION('',(0.,-1.,0.));
#6757=DIRECTION('',(-1.,0.,0.));
#6758=DIRECTION('',(0.,-1.,0.));
#6759=DIRECTION('',(1.,0.,0.));
#6760=DIRECTION('',(0.,-1.,0.));
#6761=DIRECTION('',(-1.,0.,0.));
#6762=DIRECTION('',(0.,-1.,0.));
#6763=DIRECTION('',(1.,0.,0.));
#6764=DIRECTION('',(0.,-1.,0.));
#6765=DIRECTION('',(-1.,0.,0.));
#6766=DIRECTION('',(0.,-1.,0.));
#6767=DIRECTION('',(1.,0.,0.));
#6768=DIRECTION('',(0.,1.,0.));
#6769=DIRECTION('',(-1.,0.,0.));
#6770=DIRECTION('',(0.,1.,0.));
#6771=DIRECTION('',(1.,0.,0.));
#6772=DIRECTION('',(0.,-1.,0.));
#6773=DIRECTION('',(-1.,-2.25875452601147E-16,0.));
#6774=DIRECTION('',(-3.46944695195361E-16,1.,0.));
#6775=DIRECTION('',(0.,0.,1.));
#6776=DIRECTION('',(1.,0.,0.));
#6777=DIRECTION('',(-1.70070929017334E-16,-1.,0.));
#6778=DIRECTION('',(-1.,4.01556360179813E-15,0.));
#6779=DIRECTION('',(3.46944695195361E-16,-1.,0.));
#6780=DIRECTION('',(0.,-1.,0.));
#6781=DIRECTION('',(3.06161699786838E-16,0.,-1.));
#6782=DIRECTION('',(-1.,0.,-3.06161699786838E-16));
#6783=DIRECTION('',(-3.77113799125393E-16,0.,1.));
#6784=DIRECTION('',(0.,-1.,0.));
#6785=DIRECTION('',(1.,0.,3.77113799125393E-16));
#6786=DIRECTION('',(3.77302356024956E-16,0.,-1.));
#6787=DIRECTION('',(-0.975441002067707,-4.43499299885554E-16,0.220260871434643));
#6788=DIRECTION('',(0.,-1.,0.));
#6789=DIRECTION('',(0.220260871434643,0.,0.975441002067707));
#6790=DIRECTION('',(0.975441002067707,0.,-0.220260871434643));
#6791=DIRECTION('',(-1.,-4.95635278850517E-16,-1.23908819712629E-16));
#6792=DIRECTION('',(0.,-1.,0.));
#6793=DIRECTION('',(-1.23908819712629E-16,0.,1.));
#6794=DIRECTION('',(1.,0.,1.24032728532342E-16));
#6795=DIRECTION('',(-0.975441002067706,-4.09383969125127E-16,-0.220260871434645));
#6796=DIRECTION('',(-0.220260871434645,0.,0.975441002067706));
#6797=DIRECTION('',(0.975441002067706,0.,0.220260871434645));
#6798=DIRECTION('',(5.15264398804992E-16,-1.,0.));
#6799=DIRECTION('',(1.,5.15212872365112E-16,0.));
#6800=DIRECTION('',(0.,-3.7386281809845E-16,1.));
#6801=DIRECTION('',(-1.,0.,0.));
#6802=DIRECTION('',(-1.,0.,0.));
#6803=DIRECTION('',(-1.,0.,0.));
#6804=DIRECTION('',(-1.,0.,0.));
#6805=DIRECTION('',(-1.,0.,0.));
#6806=DIRECTION('',(-1.,0.,0.));
#6807=DIRECTION('',(-1.,0.,0.));
#6808=DIRECTION('',(-1.,0.,0.));
#6809=DIRECTION('',(0.,-3.7386281809845E-16,1.));
#6810=DIRECTION('',(0.,-1.,-3.7386281809845E-16));
#6811=DIRECTION('',(0.,3.73832909073002E-16,-1.));
#6812=DIRECTION('',(0.,2.04566447638775E-16,1.));
#6813=DIRECTION('',(0.,1.,-2.71050543121376E-16));
#6814=DIRECTION('',(1.,0.,0.));
#6815=DIRECTION('',(0.,0.,-1.));
#6816=DIRECTION('',(0.,1.,-2.71050543121376E-16));
#6817=DIRECTION('',(0.,2.04566447638775E-16,1.));
#6818=DIRECTION('',(1.,0.,0.));
#6819=DIRECTION('',(0.,0.,-1.));
#6820=DIRECTION('',(-1.,0.,0.));
#6821=DIRECTION('',(0.,1.,1.69076362180975E-16));
#6822=DIRECTION('',(0.,-1.69076362180975E-16,1.));
#6823=DIRECTION('',(0.,-1.,-1.69081328799114E-16));
#6824=DIRECTION('',(-1.,0.,0.));
#6825=DIRECTION('',(0.,0.868243142124459,0.496138938356833));
#6826=DIRECTION('',(0.,-0.496138938356833,0.868243142124459));
#6827=DIRECTION('',(0.,-0.86824314212446,-0.496138938356833));
#6828=DIRECTION('',(-1.,0.,0.));
#6829=DIRECTION('',(0.,0.,1.));
#6830=DIRECTION('',(0.,0.,1.));
#6831=DIRECTION('',(0.,0.,1.));
#6832=DIRECTION('',(0.,-1.,0.));
#6833=DIRECTION('',(0.,0.,-1.));
#6834=DIRECTION('',(-1.,0.,0.));
#6835=DIRECTION('',(0.,-0.868243142124459,0.496138938356834));
#6836=DIRECTION('',(0.,-0.496138938356834,-0.868243142124459));
#6837=DIRECTION('',(0.,0.868243142124459,-0.496138938356834));
#6838=DIRECTION('',(0.,-1.,-1.69076362180975E-16));
#6839=DIRECTION('',(0.,1.69076362180975E-16,-1.));
#6840=DIRECTION('',(0.,1.,1.69135538907739E-16));
#6841=DIRECTION('',(0.,0.,1.));
#6842=DIRECTION('',(0.,-1.,0.));
#6843=DIRECTION('',(0.,-1.,-4.33680868994202E-16));
#6844=DIRECTION('',(0.,0.,1.));
#6845=DIRECTION('',(1.,0.,0.));
#6846=DIRECTION('',(0.,0.,-1.));
#6847=DIRECTION('',(1.,0.,0.));
#6848=DIRECTION('',(1.,0.,0.));
#6849=DIRECTION('',(0.,0.,1.));
#6850=DIRECTION('',(0.,-1.,0.));
#6851=DIRECTION('',(0.,0.,-1.));
#6852=DIRECTION('',(-0.202858533185741,0.979208055274123,2.93252883182936E-16));
#6853=DIRECTION('',(-0.202858533185741,0.979208055274123,2.93252883182936E-16));
#6854=DIRECTION('',(0.,0.,1.));
#6855=DIRECTION('',(0.979208055274123,0.202858533185741,0.));
#6856=DIRECTION('',(-0.202858533185741,0.979208055274123,0.));
#6857=DIRECTION('',(-0.61080345429182,0.791782255563473,4.90544023781366E-16));
#6858=DIRECTION('',(-0.61080345429182,0.791782255563473,4.90544023781366E-16));
#6859=DIRECTION('',(0.791782255563473,0.61080345429182,0.));
#6860=DIRECTION('',(-0.61080345429182,0.791782255563473,0.));
#6861=DIRECTION('',(0.,-4.33680868994202E-16,1.));
#6862=DIRECTION('',(0.,-1.,-4.33680868994202E-16));
#6863=DIRECTION('',(0.,-4.33680868994202E-16,1.));
#6864=DIRECTION('',(0.,-1.,-4.33680868994202E-16));
#6865=DIRECTION('',(0.,0.,1.));
#6866=DIRECTION('',(1.,0.,0.));
#6867=DIRECTION('',(0.,0.,-1.));
#6868=DIRECTION('',(0.866025403784438,0.500000000000002,0.));
#6869=DIRECTION('',(-0.500000000000002,0.866025403784438,0.));
#6870=DIRECTION('',(0.,1.,-3.3815272436195E-16));
#6871=DIRECTION('',(-1.,0.,0.));
#6872=DIRECTION('',(0.,1.,-3.3815272436195E-16));
#6873=DIRECTION('',(1.,0.,0.));
#6874=DIRECTION('',(0.,-1.,8.13151629364128E-16));
#6875=DIRECTION('',(0.,-3.3815272436195E-16,-1.));
#6876=DIRECTION('',(0.,1.,-3.3805423738098E-16));
#6877=DIRECTION('',(0.,-1.,0.));
#6878=DIRECTION('',(1.,0.,0.));
#6879=DIRECTION('',(0.,-1.,0.));
#6880=DIRECTION('',(0.,0.,1.));
#6881=DIRECTION('',(1.,0.,0.));
#6882=DIRECTION('',(0.,0.,1.));
#6883=DIRECTION('',(0.,-1.,2.71050543121376E-16));
#6884=DIRECTION('',(0.,-2.04566447638775E-16,-1.));
#6885=DIRECTION('',(-1.,0.,0.));
#6886=DIRECTION('',(0.,0.,1.));
#6887=DIRECTION('',(0.,2.04566447638775E-16,1.));
#6888=DIRECTION('',(1.,0.,0.));
#6889=DIRECTION('',(0.,0.,-1.));
#6890=DIRECTION('',(1.,0.,0.));
#6891=DIRECTION('',(0.,-1.,2.04566447638775E-16));
#6892=DIRECTION('',(0.,-2.04588949948015E-16,-1.));
#6893=DIRECTION('',(0.,2.71050543121376E-16,1.));
#6894=DIRECTION('',(0.,-1.,2.71050543121376E-16));
#6895=DIRECTION('',(1.,0.,0.));
#6896=DIRECTION('',(0.,1.69076362180975E-16,-1.));
#6897=DIRECTION('',(0.,1.,1.69081328799114E-16));
#6898=DIRECTION('',(1.,0.,0.));
#6899=DIRECTION('',(0.,0.496138938356833,-0.868243142124459));
#6900=DIRECTION('',(0.,0.86824314212446,0.496138938356833));
#6901=DIRECTION('',(0.,0.,1.));
#6902=DIRECTION('',(1.,0.,0.));
#6903=DIRECTION('',(0.,1.,0.));
#6904=DIRECTION('',(0.,0.,1.));
#6905=DIRECTION('',(1.,0.,0.));
#6906=DIRECTION('',(0.,0.496138938356834,0.868243142124459));
#6907=DIRECTION('',(0.,-0.868243142124459,0.496138938356834));
#6908=DIRECTION('',(0.,-1.69076362180975E-16,1.));
#6909=DIRECTION('',(0.,-1.,-1.69135538907739E-16));
#6910=DIRECTION('',(-1.,0.,0.));
#6911=DIRECTION('',(0.,0.,1.));
#6912=DIRECTION('',(-1.,0.,0.));
#6913=DIRECTION('',(0.,1.,0.));
#6914=DIRECTION('',(0.,0.,1.));
#6915=DIRECTION('',(0.202858533185741,0.979208055274123,-2.93252883182936E-16));
#6916=DIRECTION('',(0.,0.,1.));
#6917=DIRECTION('',(0.202858533185741,0.979208055274123,-2.93252883182936E-16));
#6918=DIRECTION('',(0.979208055274123,-0.202858533185741,0.));
#6919=DIRECTION('',(0.202858533185741,0.979208055274123,0.));
#6920=DIRECTION('',(0.61080345429182,0.791782255563473,-4.90544023781366E-16));
#6921=DIRECTION('',(0.61080345429182,0.791782255563473,-4.90544023781366E-16));
#6922=DIRECTION('',(0.791782255563473,-0.61080345429182,0.));
#6923=DIRECTION('',(0.61080345429182,0.791782255563473,0.));
#6924=DIRECTION('',(0.,-4.33680868994202E-16,-1.));
#6925=DIRECTION('',(0.,1.,-4.33680868994202E-16));
#6926=DIRECTION('',(0.,-4.33680868994202E-16,-1.));
#6927=DIRECTION('',(0.,1.,-4.33680868994202E-16));
#6928=DIRECTION('',(2.02228710407308E-16,-4.33680868994196E-16,1.));
#6929=DIRECTION('',(0.,0.,1.));
#6930=DIRECTION('',(0.90630778703665,0.422618261740698,0.));
#6931=DIRECTION('',(-0.422618261740698,0.90630778703665,0.));
#6932=DIRECTION('',(0.,0.,1.));
#6933=DIRECTION('',(1.,0.,0.));
#6934=DIRECTION('',(0.,0.,-1.));
#6935=DIRECTION('',(0.866025403784438,-0.500000000000002,0.));
#6936=DIRECTION('',(0.500000000000002,0.866025403784438,0.));
#6937=DIRECTION('',(1.,0.,0.));
#6938=DIRECTION('',(0.,1.,-3.3815272436195E-16));
#6939=DIRECTION('',(0.,-1.,8.13151629364128E-16));
#6940=DIRECTION('',(-1.,0.,0.));
#6941=DIRECTION('',(0.,1.,-3.3815272436195E-16));
#6942=DIRECTION('',(0.,3.3815272436195E-16,1.));
#6943=DIRECTION('',(0.,-1.,3.3805423738098E-16));
#6944=DIRECTION('',(-1.,0.,0.));
#6945=DIRECTION('',(0.,-1.,0.));
#6946=DIRECTION('',(0.,-1.,0.));
#6947=DIRECTION('',(0.,0.,-1.));
#6948=DIRECTION('',(-1.,0.,0.));
#6949=DIRECTION('',(0.,0.,1.));
#6950=DIRECTION('',(0.,-2.04566447638775E-16,-1.));
#6951=DIRECTION('',(0.,-1.,2.71050543121376E-16));
#6952=DIRECTION('',(-1.,0.,0.));
#6953=DIRECTION('',(0.,0.,1.));
#6954=DIRECTION('',(0.,2.04566447638775E-16,1.));
#6955=DIRECTION('',(-1.,0.,0.));
#6956=DIRECTION('',(0.,0.,-1.));
#6957=DIRECTION('',(-1.,0.,0.));
#6958=DIRECTION('',(0.,1.,-2.04566447638775E-16));
#6959=DIRECTION('',(0.,2.04588949948015E-16,1.));
#6960=DIRECTION('',(0.,-2.71050543121376E-16,-1.));
#6961=DIRECTION('',(0.,1.,-2.71050543121376E-16));
#6962=DIRECTION('',(0.,1.,1.05775821705903E-16));
#6963=DIRECTION('',(0.,1.,1.05775821705903E-16));
#6964=DIRECTION('',(-1.,0.,0.));
#6965=DIRECTION('',(0.,-1.05775821705903E-16,1.));
#6966=DIRECTION('',(0.,-1.,-1.05818132034585E-16));
#6967=DIRECTION('',(0.,1.,1.05775821705903E-16));
#6968=DIRECTION('',(0.,1.,1.05775821705903E-16));
#6969=DIRECTION('',(-1.,0.,0.));
#6970=DIRECTION('',(0.,-1.05775821705903E-16,1.));
#6971=DIRECTION('',(0.,-1.,-1.05818132034585E-16));
#6972=DIRECTION('',(0.,1.,1.05775821705903E-16));
#6973=DIRECTION('',(0.,1.,1.05775821705903E-16));
#6974=DIRECTION('',(-1.,0.,0.));
#6975=DIRECTION('',(0.,-1.05775821705903E-16,1.));
#6976=DIRECTION('',(0.,-1.,-1.05818132034585E-16));
#6977=DIRECTION('',(0.,1.,1.05775821705903E-16));
#6978=DIRECTION('',(0.,1.,1.05775821705903E-16));
#6979=DIRECTION('',(-1.,0.,0.));
#6980=DIRECTION('',(0.,-1.05775821705903E-16,1.));
#6981=DIRECTION('',(0.,-1.,-1.05818132034585E-16));
#6982=DIRECTION('',(0.,1.,1.05775821705903E-16));
#6983=DIRECTION('',(0.,1.,1.05775821705903E-16));
#6984=DIRECTION('',(-1.,0.,0.));
#6985=DIRECTION('',(0.,-1.05775821705903E-16,1.));
#6986=DIRECTION('',(0.,-1.,-1.05818132034585E-16));
#6987=DIRECTION('',(0.,1.,1.05775821705903E-16));
#6988=DIRECTION('',(0.,1.,1.05775821705903E-16));
#6989=DIRECTION('',(-1.,0.,0.));
#6990=DIRECTION('',(0.,-1.05775821705903E-16,1.));
#6991=DIRECTION('',(0.,-1.,-1.05818132034585E-16));
#6992=DIRECTION('',(0.,1.,1.05775821705903E-16));
#6993=DIRECTION('',(0.,1.,1.05775821705903E-16));
#6994=DIRECTION('',(-1.,0.,0.));
#6995=DIRECTION('',(0.,-1.05775821705903E-16,1.));
#6996=DIRECTION('',(0.,-1.,-1.05818132034585E-16));
#6997=DIRECTION('',(0.,1.,1.05775821705903E-16));
#6998=DIRECTION('',(0.,1.,1.05775821705903E-16));
#6999=DIRECTION('',(-1.,0.,0.));
#7000=DIRECTION('',(0.,-1.05775821705903E-16,1.));
#7001=DIRECTION('',(0.,-1.,-1.05818132034585E-16));
#7002=DIRECTION('',(0.,-1.72215956130099E-16,1.));
#7003=DIRECTION('',(-1.,0.,0.));
#7004=DIRECTION('',(0.,6.58220494561303E-17,-1.));
#7005=DIRECTION('',(0.,-1.,0.));
#7006=DIRECTION('',(0.,0.,-1.));
#7007=DIRECTION('',(0.,6.58220494561303E-17,-1.));
#7008=DIRECTION('',(-1.,0.,0.));
#7009=DIRECTION('',(0.,-1.72215956130099E-16,1.));
#7010=DIRECTION('',(0.,-1.,0.));
#7011=DIRECTION('',(0.,0.,-1.));
#7012=DIRECTION('',(0.,0.,-1.));
#7013=DIRECTION('',(0.,0.,-1.));
#7014=DIRECTION('',(0.,1.,0.));
#7015=DIRECTION('',(0.,1.,0.));
#7016=DIRECTION('',(-1.23908819712628E-15,0.,1.));
#7017=DIRECTION('',(0.,-1.,-9.03501810404587E-17));
#7018=DIRECTION('',(-1.,0.,0.));
#7019=DIRECTION('',(0.,0.,1.));
#7020=DIRECTION('',(1.,0.,-2.71050543121376E-16));
#7021=DIRECTION('',(-5.04280080225816E-16,0.,1.));
#7022=DIRECTION('',(-1.,0.,0.));
#7023=DIRECTION('',(0.,-1.,0.));
#7024=DIRECTION('',(0.,0.,-1.));
#7025=DIRECTION('',(0.,4.33680868994197E-16,-1.));
#7026=DIRECTION('',(0.,4.33680868994197E-16,-1.));
#7027=DIRECTION('',(1.,0.,0.));
#7028=DIRECTION('',(0.,0.,1.));
#7029=DIRECTION('',(0.,1.,0.));
#7030=DIRECTION('',(0.,0.,1.));
#7031=DIRECTION('',(0.,1.,0.));
#7032=DIRECTION('',(1.,0.,0.));
#7033=DIRECTION('',(0.,0.,1.));
#7034=DIRECTION('',(-1.,0.,0.));
#7035=DIRECTION('',(0.,0.,1.));
#7036=DIRECTION('',(1.,0.,0.));
#7037=DIRECTION('',(1.73472347597679E-15,4.33680868994196E-16,-1.));
#7038=DIRECTION('',(1.,0.,0.));
#7039=DIRECTION('',(0.,1.,4.33680868994197E-16));
#7040=DIRECTION('',(0.,-4.33680868994202E-16,1.));
#7041=DIRECTION('',(0.,0.,-1.));
#7042=DIRECTION('',(-1.,0.,0.));
#7043=DIRECTION('',(0.,0.,-1.));
#7044=DIRECTION('',(0.,0.,1.));
#7045=DIRECTION('',(-1.,0.,0.));
#7046=DIRECTION('',(0.,0.,1.));
#7047=DIRECTION('',(0.,0.,1.));
#7048=DIRECTION('',(-1.,0.,0.));
#7049=DIRECTION('',(0.,0.,1.));
#7050=DIRECTION('',(0.,0.,1.));
#7051=DIRECTION('',(-1.,0.,0.));
#7052=DIRECTION('',(0.,0.,1.));
#7053=DIRECTION('',(0.,0.,1.));
#7054=DIRECTION('',(-1.,0.,0.));
#7055=DIRECTION('',(0.,0.,1.));
#7056=DIRECTION('',(0.,0.,-1.));
#7057=DIRECTION('',(1.,0.,0.));
#7058=DIRECTION('',(0.,0.,-1.));
#7059=DIRECTION('',(0.,0.,-1.));
#7060=DIRECTION('',(-1.,0.,0.));
#7061=DIRECTION('',(-1.23908819712628E-15,0.,1.));
#7062=DIRECTION('',(-1.,0.,0.));
#7063=DIRECTION('',(0.,0.,-1.));
#7064=DIRECTION('',(-1.,0.,-3.89825500219507E-16));
#7065=DIRECTION('',(0.,0.,-1.));
#7066=DIRECTION('',(-1.,0.,0.));
#7067=DIRECTION('',(0.,0.,-1.));
#7068=DIRECTION('',(-1.,0.,-3.89825500219507E-16));
#7069=DIRECTION('',(0.,0.,1.));
#7070=DIRECTION('',(-1.,0.,0.));
#7071=DIRECTION('',(0.,0.,1.));
#7072=DIRECTION('',(-1.,0.,-3.89825500219507E-16));
#7073=DIRECTION('',(0.,0.,1.));
#7074=DIRECTION('',(-1.,0.,0.));
#7075=DIRECTION('',(0.,0.,1.));
#7076=DIRECTION('',(-1.,0.,-3.89825500219507E-16));
#7077=DIRECTION('',(0.,0.,1.));
#7078=DIRECTION('',(-1.,0.,0.));
#7079=DIRECTION('',(0.,0.,1.));
#7080=DIRECTION('',(-1.,0.,-3.89825500219507E-16));
#7081=DIRECTION('',(0.,0.,1.));
#7082=DIRECTION('',(-1.,0.,0.));
#7083=DIRECTION('',(0.,0.,1.));
#7084=DIRECTION('',(-1.,0.,-3.89825500219507E-16));
#7085=DIRECTION('',(0.,0.,-1.));
#7086=DIRECTION('',(1.,0.,0.));
#7087=DIRECTION('',(0.,0.,-1.));
#7088=DIRECTION('',(-1.,0.,-3.89825500219507E-16));
#7089=DIRECTION('',(0.,0.,1.));
#7090=DIRECTION('',(-1.,0.,0.));
#7091=DIRECTION('',(1.,0.,0.));
#7092=DIRECTION('',(0.,0.,1.));
#7093=DIRECTION('',(0.,-1.,0.));
#7094=DIRECTION('',(0.,0.,-1.));
#7095=DIRECTION('',(0.,-1.,0.));
#7096=DIRECTION('',(1.,0.,3.89825500219507E-16));
#7097=DIRECTION('',(0.,-1.,0.));
#7098=DIRECTION('',(0.,1.,0.));
#7099=DIRECTION('',(-1.,-3.07381566711446E-31,-3.89825500219507E-16));
#7100=DIRECTION('',(0.,1.,0.));
#7101=DIRECTION('',(0.,1.,0.));
#7102=DIRECTION('',(-1.,-3.07381566711446E-31,-3.89825500219507E-16));
#7103=DIRECTION('',(0.,1.,0.));
#7104=DIRECTION('',(0.,1.,0.));
#7105=DIRECTION('',(-1.,-3.07381566711446E-31,-3.89825500219507E-16));
#7106=DIRECTION('',(0.,1.,0.));
#7107=DIRECTION('',(0.,1.,0.));
#7108=DIRECTION('',(-1.,-3.07381566711446E-31,-3.89825500219507E-16));
#7109=DIRECTION('',(0.,1.,0.));
#7110=DIRECTION('',(0.,-1.,0.));
#7111=DIRECTION('',(1.,0.,3.89825500219507E-16));
#7112=DIRECTION('',(0.,-1.,0.));
#7113=DIRECTION('',(0.,-1.,0.));
#7114=DIRECTION('',(-1.,2.25875452601149E-16,0.));
#7115=DIRECTION('',(-3.46944695195361E-16,-1.,0.));
#7116=DIRECTION('',(0.,0.,1.));
#7117=DIRECTION('',(-1.,0.,0.));
#7118=DIRECTION('',(-1.70070929017334E-16,1.,0.));
#7119=DIRECTION('',(-1.70070929017334E-16,-1.,0.));
#7120=DIRECTION('',(0.,0.,1.));
#7121=DIRECTION('',(1.,0.,0.));
#7122=DIRECTION('',(-3.46944695195361E-16,1.,0.));
#7123=DIRECTION('',(-1.,-2.25875452601147E-16,0.));
#7124=DIRECTION('',(0.,-1.,0.));
#7125=DIRECTION('',(-3.89825500219507E-16,0.,1.));
#7126=DIRECTION('',(1.,0.,3.89879101225787E-16));
#7127=DIRECTION('',(-1.,0.,0.));
#7128=DIRECTION('',(7.88510670898549E-16,1.,0.));
#7129=DIRECTION('',(1.70070929017334E-16,-1.,4.60978176793054E-32));
#7130=DIRECTION('',(0.,-9.03501810404587E-17,1.));
#7131=DIRECTION('',(0.,1.,0.));
#7132=DIRECTION('',(3.46944695195361E-16,1.,9.4039548065783E-32));
#7133=DIRECTION('',(1.,-2.25875452601149E-16,2.71050543121376E-16));
#7134=DIRECTION('',(-1.,0.,0.));
#7135=DIRECTION('',(0.,-1.,-9.03501810404587E-17));
#7136=DIRECTION('',(0.,-1.,-9.03501810404587E-17));
#7137=DIRECTION('',(1.,0.,2.71050543121376E-16));
#7138=DIRECTION('',(0.,1.,0.));
#7139=DIRECTION('',(-1.,0.,-4.73968162835194E-16));
#7140=DIRECTION('',(0.,1.,-1.23908819712629E-16));
#7141=DIRECTION('',(0.,-1.23908819712629E-16,-1.));
#7142=DIRECTION('',(0.,1.,-1.23815888097845E-16));
#7143=DIRECTION('',(0.,0.,1.));
#7144=DIRECTION('',(-1.33440267382831E-15,-1.,0.));
#7145=DIRECTION('',(0.,3.83788379640887E-16,-1.));
#7146=DIRECTION('',(0.,-1.,-3.71726459137887E-16));
#7147=DIRECTION('',(0.,-1.,0.));
#7148=DIRECTION('',(-1.31418445149758E-15,0.,-1.));
#7149=DIRECTION('',(0.,1.,-1.23908819712629E-16));
#7150=DIRECTION('',(1.,0.,0.));
#7151=DIRECTION('',(0.,0.,-1.));
#7152=DIRECTION('',(0.,1.,0.));
#7153=DIRECTION('',(0.,0.,1.));
#7154=DIRECTION('',(-1.31418445149758E-15,0.,1.));
#7155=DIRECTION('',(0.,-1.,0.));
#7156=DIRECTION('',(0.,-1.,-3.71726459137887E-16));
#7157=DIRECTION('',(0.,3.83788379640887E-16,-1.));
#7158=DIRECTION('',(1.,0.,0.));
#7159=DIRECTION('',(0.,0.,-1.));
#7160=DIRECTION('',(-6.57092225748789E-16,0.,-1.));
#7161=DIRECTION('',(5.04280080225814E-16,0.,-1.));
#7162=DIRECTION('',(0.,1.,0.));
#7163=DIRECTION('',(0.,-1.,0.));
#7164=DIRECTION('',(1.,0.,5.04280080225814E-16));
#7165=DIRECTION('',(5.04370850640257E-16,0.,-1.));
#7166=DIRECTION('',(0.,0.,-1.));
#7167=DIRECTION('',(-3.46944695195361E-16,-1.,1.82492588325678E-30));
#7168=DIRECTION('',(0.,0.,-1.));
#7169=DIRECTION('',(-1.,3.46944695195361E-16,0.));
#7170=DIRECTION('',(-3.46944695195361E-16,-1.,0.));
#7171=DIRECTION('',(0.,0.,-1.));
#7172=DIRECTION('',(3.46944695195361E-16,-1.,0.));
#7173=DIRECTION('',(-1.70070929017334E-16,1.,8.94571511400381E-31));
#7174=DIRECTION('',(0.,0.,-1.));
#7175=DIRECTION('',(1.,1.70070929017334E-16,0.));
#7176=DIRECTION('',(-1.70002900645727E-16,1.,0.));
#7177=DIRECTION('',(0.,2.93638088381491E-16,-1.));
#7178=DIRECTION('',(0.,-1.,-3.61400724161835E-16));
#7179=DIRECTION('',(0.,0.,1.));
#7180=DIRECTION('',(1.,0.,0.));
#7181=DIRECTION('',(0.,0.,-1.));
#7182=DIRECTION('',(0.,0.,-1.));
#7183=DIRECTION('',(0.,0.,1.));
#7184=DIRECTION('',(1.,0.,0.));
#7185=DIRECTION('',(-3.46944695195362E-16,1.,0.));
#7186=DIRECTION('',(0.,0.,-1.));
#7187=DIRECTION('',(0.,0.,-1.));
#7188=DIRECTION('',(-1.70070929017334E-16,-1.,-3.65131229143013E-32));
#7189=DIRECTION('',(-1.,1.70070929017334E-16,0.));
#7190=DIRECTION('',(-1.70002900645727E-16,-1.,0.));
#7191=DIRECTION('',(-3.46944695195361E-16,1.,-7.44867707451746E-32));
#7192=DIRECTION('',(0.,0.,-1.));
#7193=DIRECTION('',(0.,0.,-1.));
#7194=DIRECTION('',(1.,3.46944695195361E-16,0.));
#7195=DIRECTION('',(-3.46944695195361E-16,1.,0.));
#7196=DIRECTION('',(0.,-2.93638088381491E-16,1.));
#7197=DIRECTION('',(0.,1.,3.61400724161835E-16));
#7198=DIRECTION('',(0.,0.,1.));
#7199=DIRECTION('',(1.,0.,0.));
#7200=DIRECTION('',(1.,0.,0.));
#7201=DIRECTION('',(0.,1.,0.));
#7202=DIRECTION('',(1.,0.,0.));
#7203=DIRECTION('',(0.,1.,0.));
#7204=DIRECTION('',(0.,1.,2.93638088381491E-16));
#7205=DIRECTION('',(0.,0.,1.));
#7206=DIRECTION('',(-1.,0.,0.));
#7207=DIRECTION('',(0.,0.,1.));
#7208=DIRECTION('',(0.,-1.,-9.03501810404587E-17));
#7209=DIRECTION('',(0.,0.,1.));
#7210=DIRECTION('',(0.,1.,2.93638088381491E-16));
#7211=DIRECTION('',(1.,0.,0.));
#7212=DIRECTION('',(0.,1.,0.));
#7213=DIRECTION('',(1.73472347597679E-15,4.33680868994196E-16,-1.));
#7214=DIRECTION('',(1.,0.,0.));
#7215=DIRECTION('',(0.,1.,0.));
#7216=DIRECTION('',(1.,0.,0.));
#7217=DIRECTION('',(0.,0.,-1.));
#7218=DIRECTION('',(0.,0.,-1.));
#7219=DIRECTION('',(-1.,3.46944695195361E-16,0.));
#7220=DIRECTION('',(-3.46944695195361E-16,-1.,0.));
#7221=DIRECTION('',(-1.,2.25875452601149E-16,5.25999073780096E-15));
#7222=DIRECTION('',(2.25875452601149E-16,1.,0.));
#7223=DIRECTION('',(-1.,2.25873193846621E-16,0.));
#7224=DIRECTION('',(1.,1.70070929017334E-16,0.));
#7225=DIRECTION('',(-1.70002900645727E-16,1.,0.));
#7226=DIRECTION('',(1.70070929017334E-16,1.,-4.60978176793054E-32));
#7227=DIRECTION('',(0.,0.,-1.));
#7228=DIRECTION('',(-1.,1.70070929017334E-16,0.));
#7229=DIRECTION('',(-1.70002900645727E-16,-1.,0.));
#7230=DIRECTION('',(0.,0.,-1.));
#7231=DIRECTION('',(-1.,-2.25875452601147E-16,-2.1469349950208E-16));
#7232=DIRECTION('',(0.,0.,-1.));
#7233=DIRECTION('',(1.,2.25875452601147E-16,-2.71050543121376E-16));
#7234=DIRECTION('',(-2.25875452601147E-16,1.,0.));
#7235=DIRECTION('',(-1.,-2.25873193846621E-16,0.));
#7236=DIRECTION('',(0.,0.,-1.));
#7237=DIRECTION('',(3.46944695195361E-16,-1.,-9.4039548065783E-32));
#7238=DIRECTION('',(1.,3.46944695195361E-16,0.));
#7239=DIRECTION('',(-3.46944695195361E-16,1.,0.));
#7240=DIRECTION('',(0.,9.03501810404587E-17,-1.));
#7241=DIRECTION('',(0.,-1.,0.));
#7242=DIRECTION('',(0.,0.,1.));
#7243=DIRECTION('',(1.,0.,0.));
#7244=DIRECTION('',(0.,1.,3.71726459137887E-16));
#7245=DIRECTION('',(-1.,0.,0.));
#7246=DIRECTION('',(0.,1.,3.71726459137887E-16));
#7247=DIRECTION('',(1.,0.,0.));
#7248=DIRECTION('',(0.,1.,3.71726459137887E-16));
#7249=DIRECTION('',(-1.,0.,0.));
#7250=DIRECTION('',(0.,1.,3.71726459137887E-16));
#7251=DIRECTION('',(1.,0.,0.));
#7252=DIRECTION('',(0.,1.,3.71726459137887E-16));
#7253=DIRECTION('',(-1.,0.,0.));
#7254=DIRECTION('',(0.,1.,3.71726459137887E-16));
#7255=DIRECTION('',(1.,0.,0.));
#7256=DIRECTION('',(0.,1.,3.71726459137887E-16));
#7257=DIRECTION('',(-1.,0.,0.));
#7258=DIRECTION('',(0.,1.,3.71726459137887E-16));
#7259=DIRECTION('',(1.,0.,0.));
#7260=DIRECTION('',(0.,1.,3.71726459137887E-16));
#7261=DIRECTION('',(-1.,0.,0.));
#7262=DIRECTION('',(0.,1.,3.71726459137887E-16));
#7263=DIRECTION('',(1.,0.,0.));
#7264=DIRECTION('',(0.,1.,3.71726459137887E-16));
#7265=DIRECTION('',(-1.,0.,0.));
#7266=DIRECTION('',(0.,1.,3.71726459137887E-16));
#7267=DIRECTION('',(1.,0.,0.));
#7268=DIRECTION('',(0.,1.,3.71726459137887E-16));
#7269=DIRECTION('',(-1.,0.,0.));
#7270=DIRECTION('',(0.,1.,3.71726459137887E-16));
#7271=DIRECTION('',(1.,0.,0.));
#7272=DIRECTION('',(0.,1.,3.71726459137887E-16));
#7273=DIRECTION('',(-1.,0.,0.));
#7274=DIRECTION('',(0.,1.,3.71726459137887E-16));
#7275=DIRECTION('',(1.,0.,0.));
#7276=DIRECTION('',(0.,-1.,-8.13151629364128E-16));
#7277=DIRECTION('',(-1.,0.,0.));
#7278=DIRECTION('',(0.,-1.,-8.13151629364128E-16));
#7279=DIRECTION('',(1.,0.,0.));
#7280=DIRECTION('',(0.,-3.71726459137887E-16,1.));
#7281=DIRECTION('',(0.,-1.,-3.71772924945279E-16));
#7282=DIRECTION('',(0.,-3.83788379640887E-16,1.));
#7283=DIRECTION('',(1.,-4.84018827002457E-16,0.));
#7284=DIRECTION('',(0.,-3.83788379640887E-16,1.));
#7285=DIRECTION('',(0.,-3.83788379640887E-16,1.));
#7286=DIRECTION('',(1.,-4.84018827002457E-16,0.));
#7287=DIRECTION('',(0.,-3.83788379640887E-16,1.));
#7288=DIRECTION('',(0.,-3.83788379640887E-16,1.));
#7289=DIRECTION('',(1.,-4.84018827002457E-16,0.));
#7290=DIRECTION('',(0.,-3.83788379640887E-16,1.));
#7291=DIRECTION('',(0.,-3.83788379640887E-16,1.));
#7292=DIRECTION('',(1.,-4.84018827002457E-16,0.));
#7293=DIRECTION('',(0.,-3.83788379640887E-16,1.));
#7294=DIRECTION('',(0.,-3.83788379640887E-16,1.));
#7295=DIRECTION('',(1.,-4.84018827002457E-16,0.));
#7296=DIRECTION('',(0.,-3.83788379640887E-16,1.));
#7297=DIRECTION('',(0.,-3.83788379640887E-16,1.));
#7298=DIRECTION('',(1.,-4.84018827002457E-16,0.));
#7299=DIRECTION('',(0.,-3.83788379640887E-16,1.));
#7300=DIRECTION('',(0.,-3.83788379640887E-16,1.));
#7301=DIRECTION('',(1.,-4.84018827002457E-16,0.));
#7302=DIRECTION('',(0.,-3.83788379640887E-16,1.));
#7303=DIRECTION('',(0.,-3.83788379640887E-16,1.));
#7304=DIRECTION('',(1.,-4.84018827002457E-16,0.));
#7305=DIRECTION('',(0.,-3.83788379640887E-16,1.));
#7306=DIRECTION('',(0.,-3.83788379640887E-16,1.));
#7307=DIRECTION('',(1.,-4.84018827002457E-16,0.));
#7308=DIRECTION('',(0.,-3.83788379640887E-16,1.));
#7309=DIRECTION('',(1.,0.,0.));
#7310=DIRECTION('',(0.,-3.83788379640887E-16,1.));
#7311=DIRECTION('',(0.,-3.83788379640887E-16,1.));
#7312=DIRECTION('',(1.,0.,0.));
#7313=DIRECTION('',(0.,-3.83788379640887E-16,1.));
#7314=DIRECTION('',(0.,-3.83788379640887E-16,1.));
#7315=DIRECTION('',(1.,0.,0.));
#7316=DIRECTION('',(0.,-3.83788379640887E-16,1.));
#7317=DIRECTION('',(0.,-3.83788379640887E-16,1.));
#7318=DIRECTION('',(1.,0.,0.));
#7319=DIRECTION('',(0.,-3.83788379640887E-16,1.));
#7320=DIRECTION('',(0.,-3.83788379640887E-16,1.));
#7321=DIRECTION('',(1.,0.,0.));
#7322=DIRECTION('',(0.,-3.83788379640887E-16,1.));
#7323=DIRECTION('',(0.,-3.83788379640887E-16,1.));
#7324=DIRECTION('',(1.,0.,0.));
#7325=DIRECTION('',(0.,-3.83788379640887E-16,1.));
#7326=DIRECTION('',(0.,-3.83788379640887E-16,1.));
#7327=DIRECTION('',(1.,0.,0.));
#7328=DIRECTION('',(0.,-3.83788379640887E-16,1.));
#7329=DIRECTION('',(0.,-3.83788379640887E-16,1.));
#7330=DIRECTION('',(1.,0.,0.));
#7331=DIRECTION('',(0.,-1.,-3.83788379640887E-16));
#7332=DIRECTION('',(0.,3.83807569059869E-16,-1.));
#7333=DIRECTION('',(0.,-1.,0.));
#7334=DIRECTION('',(-1.,1.54886024640786E-15,0.));
#7335=DIRECTION('',(-1.,0.,7.10952244252791E-16));
#7336=DIRECTION('',(0.,1.,0.));
#7337=DIRECTION('',(1.,0.,0.));
#7338=DIRECTION('',(0.,1.,0.));
#7339=DIRECTION('',(0.,-1.23908819712629E-16,-1.));
#7340=DIRECTION('',(0.,1.,-1.23815888097845E-16));
#7341=DIRECTION('',(0.,4.33680868994197E-16,-1.));
#7342=DIRECTION('',(1.,0.,0.));
#7343=DIRECTION('',(0.,0.,-1.));
#7344=DIRECTION('',(0.,1.,0.));
#7345=DIRECTION('',(1.,0.,0.));
#7346=DIRECTION('',(0.,0.,-1.));
#7347=DIRECTION('',(0.,4.33680868994197E-16,-1.));
#7348=DIRECTION('',(1.,0.,0.));
#7349=DIRECTION('',(0.,0.,-1.));
#7350=DIRECTION('',(1.,0.,0.));
#7351=DIRECTION('',(2.1469349950208E-16,0.,-1.));
#7352=DIRECTION('',(-1.,0.,-2.1467203015213E-16));
#7353=DIRECTION('',(-6.57092225748789E-16,0.,1.));
#7354=DIRECTION('',(0.,-1.,0.));
#7355=DIRECTION('',(0.,1.,0.));
#7356=DIRECTION('',(-1.,0.,-5.04280080225816E-16));
#7357=DIRECTION('',(-5.04370850640257E-16,0.,1.));
#7358=DIRECTION('',(0.,0.,-1.));
#7359=DIRECTION('',(-1.,0.,0.));
#7360=DIRECTION('',(0.,0.,1.));
#7361=DIRECTION('',(0.,0.,1.));
#7362=DIRECTION('',(-1.,0.,1.24958894455956E-14));
#7363=DIRECTION('',(0.,-1.,0.));
#7364=DIRECTION('',(0.,0.,-1.));
#7365=DIRECTION('',(0.,1.,0.));
#7366=DIRECTION('',(-1.24958894455956E-14,0.,-1.));
#7367=DIRECTION('',(-1.,0.,1.24958637187644E-14));
#7368=DIRECTION('',(0.,1.,0.));
#7369=DIRECTION('',(1.,0.,0.));
#7370=DIRECTION('',(0.,0.,-1.));
#7371=DIRECTION('',(-1.,0.,0.));
#7372=DIRECTION('',(-5.25999073780096E-15,0.,-1.));
#7373=DIRECTION('',(-1.,0.,5.26000683981342E-15));
#7374=DIRECTION('',(-1.,0.,0.));
#7375=DIRECTION('',(-1.,0.,0.));
#7376=DIRECTION('',(0.,-1.,-4.33680868994197E-16));
#7377=DIRECTION('',(0.,4.33680868994202E-16,-1.));
#7378=DIRECTION('',(1.,0.,0.));
#7379=DIRECTION('',(0.,0.,-1.));
#7380=DIRECTION('',(1.,0.,0.));
#7381=DIRECTION('',(0.,0.,-1.));
#7382=DIRECTION('',(-1.,0.,0.));
#7383=DIRECTION('',(0.,0.,1.));
#7384=DIRECTION('',(-1.,0.,0.));
#7385=DIRECTION('',(0.,0.,1.));
#7386=DIRECTION('',(-1.,0.,-4.73968162835193E-16));
#7387=DIRECTION('',(4.73968162835193E-16,0.,-1.));
#7388=DIRECTION('',(-1.,0.,-4.74013189810663E-16));
#7389=DIRECTION('',(0.,-1.,0.));
#7390=DIRECTION('',(0.,0.,-1.));
#7391=DIRECTION('',(-1.,0.,7.1095224425279E-16));
#7392=DIRECTION('',(-7.1095224425279E-16,0.,-1.));
#7393=DIRECTION('',(-1.,0.,7.11019784715994E-16));
#7394=DIRECTION('',(0.,-1.,0.));
#7395=DIRECTION('',(0.,0.,-1.));
#7396=DIRECTION('',(0.,1.03257349760522E-15,-1.));
#7397=DIRECTION('',(0.,1.03257349760522E-15,-1.));
#7398=DIRECTION('',(-1.,0.,0.));
#7399=DIRECTION('',(0.,1.,1.03257349760522E-15));
#7400=DIRECTION('',(0.,-1.03259414907519E-15,1.));
#7401=DIRECTION('',(1.,0.,0.));
#7402=DIRECTION('',(0.,1.,0.));
#7403=DIRECTION('',(1.,0.,0.));
#7404=DIRECTION('',(0.,1.,0.));
#7405=DIRECTION('',(-1.,0.,0.));
#7406=DIRECTION('',(0.,0.,1.));
#7407=DIRECTION('',(1.,0.,0.));
#7408=DIRECTION('',(0.,0.,-1.));
#7409=DIRECTION('',(1.,0.,0.));
#7410=DIRECTION('',(0.,0.,-1.));
#7411=DIRECTION('',(0.,0.,1.));
#7412=DIRECTION('',(-1.,1.54886024640786E-15,0.));
#7413=DIRECTION('',(1.54886024640786E-15,1.,0.));
#7414=DIRECTION('',(-1.,1.54889122361279E-15,0.));
#7415=DIRECTION('',(0.,-1.,0.));
#7416=DIRECTION('',(-1.,0.,0.));
#7417=DIRECTION('',(0.,0.,1.));
#7418=DIRECTION('',(0.,0.,1.));
#7419=DIRECTION('',(7.88510670898549E-16,1.,0.));
#7420=DIRECTION('',(1.,-7.88510670898549E-16,0.));
#7421=DIRECTION('',(7.88431819831459E-16,1.,0.));
#7422=DIRECTION('',(-1.,0.,0.));
#7423=DIRECTION('',(0.,1.,0.));
#7424=DIRECTION('',(0.,0.,1.));
#7425=DIRECTION('',(0.,-1.,0.));
#7426=DIRECTION('',(0.,-1.,0.));
#7427=DIRECTION('',(1.,0.,0.));
#7428=DIRECTION('',(0.,-1.,0.));
#7429=DIRECTION('',(0.,-1.,0.));
#7430=DIRECTION('',(1.,0.,0.));
#7431=DIRECTION('',(0.,-1.,0.));
#7432=DIRECTION('',(0.,-1.,0.));
#7433=DIRECTION('',(1.,0.,0.));
#7434=DIRECTION('',(0.,-1.,0.));
#7435=DIRECTION('',(0.,-1.,0.));
#7436=DIRECTION('',(1.,0.,0.));
#7437=DIRECTION('',(0.,-1.,0.));
#7438=DIRECTION('',(0.,-1.,0.));
#7439=DIRECTION('',(1.,0.,0.));
#7440=DIRECTION('',(0.,-1.,0.));
#7441=DIRECTION('',(0.,-1.,0.));
#7442=DIRECTION('',(1.,0.,0.));
#7443=DIRECTION('',(0.,-1.,0.));
#7444=DIRECTION('',(0.,-1.,0.));
#7445=DIRECTION('',(1.,0.,0.));
#7446=DIRECTION('',(0.,-1.,0.));
#7447=DIRECTION('',(0.,-1.,0.));
#7448=DIRECTION('',(1.,0.,0.));
#7449=DIRECTION('',(0.,0.,-1.));
#7450=DIRECTION('',(-1.,0.,0.));
#7451=DIRECTION('',(3.46944695195361E-16,-1.,0.));
#7452=DIRECTION('',(0.,0.,1.));
#7453=DIRECTION('',(-1.,-3.46944695195361E-16,0.));
#7454=DIRECTION('',(3.46944695195361E-16,-1.,0.));
#7455=DIRECTION('',(1.,4.01556360179814E-16,0.));
#7456=DIRECTION('',(4.01556360179814E-16,-1.,0.));
#7457=DIRECTION('',(1.,4.01588484688631E-16,0.));
#7458=DIRECTION('',(0.,0.,1.));
#7459=DIRECTION('',(1.,0.,0.));
#7460=DIRECTION('',(0.,0.,1.));
#7461=DIRECTION('',(-3.46944695195361E-16,1.,0.));
#7462=DIRECTION('',(1.,3.46944695195361E-16,0.));
#7463=DIRECTION('',(-3.46944695195361E-16,1.,0.));
#7464=DIRECTION('',(1.,-4.01556360179813E-15,0.));
#7465=DIRECTION('',(-4.01556360179813E-15,-1.,0.));
#7466=DIRECTION('',(1.,-4.01545116601731E-15,0.));
#7467=DIRECTION('',(0.,0.,1.));
#7468=DIRECTION('',(1.,0.,0.));
#7469=DIRECTION('',(0.,0.888534326409092,-0.458810146784857));
#7470=DIRECTION('',(1.,0.,0.));
#7471=DIRECTION('',(0.,0.,-1.));
#7472=DIRECTION('',(0.,0.888534326409092,-0.458810146784857));
#7473=DIRECTION('',(1.,0.,0.));
#7474=DIRECTION('',(0.,0.,-1.));
#7475=DIRECTION('',(0.,0.458810146784857,0.888534326409092));
#7476=DIRECTION('',(0.,-0.888534326409092,0.458810146784857));
#7477=DIRECTION('',(1.,0.,0.));
#7478=DIRECTION('',(0.,1.,0.));
#7479=DIRECTION('',(0.,-0.997766937321941,0.0667917568805803));
#7480=DIRECTION('',(1.,0.,0.));
#7481=DIRECTION('',(0.,1.,0.));
#7482=DIRECTION('',(0.,-0.875415385856245,-0.483371391588458));
#7483=DIRECTION('',(1.,0.,0.));
#7484=DIRECTION('',(0.,0.,-1.));
#7485=DIRECTION('',(1.,0.,0.));
#7486=DIRECTION('',(0.,1.,0.));
#7487=DIRECTION('',(0.,-0.875415385856245,-0.483371391588458));
#7488=DIRECTION('',(1.,0.,0.));
#7489=DIRECTION('',(0.,1.,0.));
#7490=DIRECTION('',(0.,-0.997766937321941,0.0667917568805803));
#7491=DIRECTION('',(1.,0.,0.));
#7492=DIRECTION('',(0.,0.,-1.));
#7493=DIRECTION('',(-1.,0.,0.));
#7494=DIRECTION('',(-1.,0.,0.));
#7495=DIRECTION('',(0.,0.,0.999999999999999));
#7496=DIRECTION('',(-1.,0.,0.));
#7497=DIRECTION('',(0.,-0.0667917568805803,-0.997766937321941));
#7498=DIRECTION('',(0.,0.997766937321941,-0.0667917568805803));
#7499=DIRECTION('',(-1.,0.,0.));
#7500=DIRECTION('',(-1.,0.,0.));
#7501=DIRECTION('',(0.,0.,1.));
#7502=DIRECTION('',(0.,0.483371391588458,-0.875415385856245));
#7503=DIRECTION('',(0.,0.875415385856245,0.483371391588458));
#7504=DIRECTION('',(1.,0.,0.));
#7505=DIRECTION('',(0.,1.,0.));
#7506=DIRECTION('',(1.,0.,0.));
#7507=DIRECTION('',(0.,1.,0.));
#7508=DIRECTION('',(-1.,0.,0.));
#7509=DIRECTION('',(-1.,0.,0.));
#7510=DIRECTION('',(0.,0.,0.999999999999999));
#7511=DIRECTION('',(0.,0.,1.));
#7512=DIRECTION('',(-1.,0.,0.));
#7513=DIRECTION('',(0.,0.,1.));
#7514=DIRECTION('',(0.,-1.,0.));
#7515=DIRECTION('',(0.,0.,-1.));
#7516=DIRECTION('',(0.,-1.,0.));
#7517=DIRECTION('',(-1.,0.,0.));
#7518=DIRECTION('',(0.,-1.,0.));
#7519=DIRECTION('',(0.,0.,-1.));
#7520=DIRECTION('',(-1.,0.,0.));
#7521=DIRECTION('',(0.,-7.88510670898549E-16,-1.));
#7522=DIRECTION('',(0.,-7.88510670898549E-16,-1.));
#7523=DIRECTION('',(0.,1.,-7.88510670898549E-16));
#7524=DIRECTION('',(0.,7.88431819831459E-16,1.));
#7525=DIRECTION('',(1.,0.,0.));
#7526=DIRECTION('',(0.,0.,-1.));
#7527=DIRECTION('',(1.,0.,0.));
#7528=DIRECTION('',(0.,0.,-1.));
#7529=DIRECTION('',(1.,0.,0.));
#7530=DIRECTION('',(0.,0.999999999999999,-1.0842021724855E-16));
#7531=DIRECTION('',(1.,0.,0.));
#7532=DIRECTION('',(1.,0.,0.));
#7533=DIRECTION('',(0.,0.999999999999999,-1.0842021724855E-16));
#7534=DIRECTION('',(1.,0.,0.));
#7535=DIRECTION('',(0.,0.,-1.));
#7536=DIRECTION('',(0.,0.,-1.));
#7537=DIRECTION('',(0.,0.,-1.));
#7538=DIRECTION('',(1.,0.,0.));
#7539=DIRECTION('',(0.,-1.,0.));
#7540=DIRECTION('',(0.,0.,-1.));
#7541=DIRECTION('',(0.,1.,0.));
#7542=DIRECTION('',(0.,1.,0.));
#7543=DIRECTION('',(1.,0.,0.));
#7544=DIRECTION('',(0.,0.,-1.));
#7545=DIRECTION('',(-1.,0.,0.));
#7546=DIRECTION('',(0.,0.,1.));
#7547=DIRECTION('',(0.,0.,1.));
#7548=DIRECTION('',(0.,1.,0.));
#7549=DIRECTION('',(0.,0.,1.));
#7550=DIRECTION('',(1.,0.,0.));
#7551=DIRECTION('',(0.,0.,-1.));
#7552=DIRECTION('',(1.,0.,0.));
#7553=DIRECTION('',(0.,0.,-1.));
#7554=DIRECTION('',(0.,0.888534326409092,-0.458810146784857));
#7555=DIRECTION('',(1.,0.,0.));
#7556=DIRECTION('',(0.,0.,-1.));
#7557=DIRECTION('',(0.,0.888534326409092,-0.458810146784857));
#7558=DIRECTION('',(1.,0.,0.));
#7559=DIRECTION('',(0.,0.,-1.));
#7560=DIRECTION('',(0.,0.458810146784857,0.888534326409092));
#7561=DIRECTION('',(0.,-0.888534326409092,0.458810146784857));
#7562=DIRECTION('',(1.,0.,0.));
#7563=DIRECTION('',(0.,1.,0.));
#7564=DIRECTION('',(0.,-0.997766937321941,0.0667917568805803));
#7565=DIRECTION('',(1.,0.,0.));
#7566=DIRECTION('',(0.,1.,0.));
#7567=DIRECTION('',(0.,-0.875415385856245,-0.483371391588458));
#7568=DIRECTION('',(1.,0.,0.));
#7569=DIRECTION('',(0.,0.,-1.));
#7570=DIRECTION('',(1.,0.,0.));
#7571=DIRECTION('',(0.,1.,0.));
#7572=DIRECTION('',(0.,-0.875415385856245,-0.483371391588458));
#7573=DIRECTION('',(1.,0.,0.));
#7574=DIRECTION('',(0.,1.,0.));
#7575=DIRECTION('',(0.,-0.997766937321941,0.0667917568805803));
#7576=DIRECTION('',(1.,0.,0.));
#7577=DIRECTION('',(0.,0.,-1.));
#7578=DIRECTION('',(-1.,0.,0.));
#7579=DIRECTION('',(-1.,0.,0.));
#7580=DIRECTION('',(0.,0.,0.999999999999999));
#7581=DIRECTION('',(-1.,0.,0.));
#7582=DIRECTION('',(0.,-0.0667917568805803,-0.997766937321941));
#7583=DIRECTION('',(0.,0.997766937321941,-0.0667917568805803));
#7584=DIRECTION('',(-1.,0.,0.));
#7585=DIRECTION('',(-1.,0.,0.));
#7586=DIRECTION('',(0.,0.,1.));
#7587=DIRECTION('',(0.,0.483371391588458,-0.875415385856245));
#7588=DIRECTION('',(0.,0.875415385856245,0.483371391588458));
#7589=DIRECTION('',(0.,0.888534326409092,-0.458810146784857));
#7590=DIRECTION('',(1.,0.,0.));
#7591=DIRECTION('',(0.,0.,-1.));
#7592=DIRECTION('',(0.,0.888534326409092,-0.458810146784857));
#7593=DIRECTION('',(1.,0.,0.));
#7594=DIRECTION('',(0.,0.,-1.));
#7595=DIRECTION('',(0.,0.458810146784857,0.888534326409092));
#7596=DIRECTION('',(0.,-0.888534326409092,0.458810146784857));
#7597=DIRECTION('',(1.,0.,0.));
#7598=DIRECTION('',(0.,1.,0.));
#7599=DIRECTION('',(0.,-0.997766937321941,0.0667917568805803));
#7600=DIRECTION('',(1.,0.,0.));
#7601=DIRECTION('',(0.,1.,0.));
#7602=DIRECTION('',(0.,-0.875415385856245,-0.483371391588458));
#7603=DIRECTION('',(1.,0.,0.));
#7604=DIRECTION('',(0.,0.,-1.));
#7605=DIRECTION('',(1.,0.,0.));
#7606=DIRECTION('',(0.,1.,0.));
#7607=DIRECTION('',(0.,-0.875415385856245,-0.483371391588458));
#7608=DIRECTION('',(1.,0.,0.));
#7609=DIRECTION('',(0.,1.,0.));
#7610=DIRECTION('',(0.,-0.997766937321941,0.0667917568805803));
#7611=DIRECTION('',(1.,0.,0.));
#7612=DIRECTION('',(0.,0.,-1.));
#7613=DIRECTION('',(-1.,0.,0.));
#7614=DIRECTION('',(-1.,0.,0.));
#7615=DIRECTION('',(0.,0.,0.999999999999999));
#7616=DIRECTION('',(-1.,0.,0.));
#7617=DIRECTION('',(0.,-0.0667917568805803,-0.997766937321941));
#7618=DIRECTION('',(0.,0.997766937321941,-0.0667917568805803));
#7619=DIRECTION('',(-1.,0.,0.));
#7620=DIRECTION('',(-1.,0.,0.));
#7621=DIRECTION('',(0.,0.,1.));
#7622=DIRECTION('',(0.,0.483371391588458,-0.875415385856245));
#7623=DIRECTION('',(0.,0.875415385856245,0.483371391588458));
#7624=DIRECTION('',(0.,0.888534326409092,-0.458810146784857));
#7625=DIRECTION('',(1.,0.,0.));
#7626=DIRECTION('',(0.,0.,-1.));
#7627=DIRECTION('',(0.,0.888534326409092,-0.458810146784857));
#7628=DIRECTION('',(1.,0.,0.));
#7629=DIRECTION('',(0.,0.,-1.));
#7630=DIRECTION('',(0.,0.458810146784857,0.888534326409092));
#7631=DIRECTION('',(0.,-0.888534326409092,0.458810146784857));
#7632=DIRECTION('',(1.,0.,0.));
#7633=DIRECTION('',(0.,1.,0.));
#7634=DIRECTION('',(0.,-0.997766937321941,0.0667917568805803));
#7635=DIRECTION('',(1.,0.,0.));
#7636=DIRECTION('',(0.,1.,0.));
#7637=DIRECTION('',(0.,-0.875415385856245,-0.483371391588458));
#7638=DIRECTION('',(1.,0.,0.));
#7639=DIRECTION('',(0.,0.,-1.));
#7640=DIRECTION('',(1.,0.,0.));
#7641=DIRECTION('',(0.,1.,0.));
#7642=DIRECTION('',(0.,-0.875415385856245,-0.483371391588458));
#7643=DIRECTION('',(1.,0.,0.));
#7644=DIRECTION('',(0.,1.,0.));
#7645=DIRECTION('',(0.,-0.997766937321941,0.0667917568805803));
#7646=DIRECTION('',(1.,0.,0.));
#7647=DIRECTION('',(0.,0.,-1.));
#7648=DIRECTION('',(-1.,0.,0.));
#7649=DIRECTION('',(-1.,0.,0.));
#7650=DIRECTION('',(0.,0.,0.999999999999999));
#7651=DIRECTION('',(-1.,0.,0.));
#7652=DIRECTION('',(0.,-0.0667917568805803,-0.997766937321941));
#7653=DIRECTION('',(0.,0.997766937321941,-0.0667917568805803));
#7654=DIRECTION('',(-1.,0.,0.));
#7655=DIRECTION('',(-1.,0.,0.));
#7656=DIRECTION('',(0.,0.,1.));
#7657=DIRECTION('',(0.,0.483371391588458,-0.875415385856245));
#7658=DIRECTION('',(0.,0.875415385856245,0.483371391588458));
#7659=DIRECTION('',(0.,0.888534326409092,-0.458810146784857));
#7660=DIRECTION('',(1.,0.,0.));
#7661=DIRECTION('',(0.,0.,-1.));
#7662=DIRECTION('',(0.,0.888534326409092,-0.458810146784857));
#7663=DIRECTION('',(1.,0.,0.));
#7664=DIRECTION('',(0.,0.,-1.));
#7665=DIRECTION('',(0.,0.458810146784857,0.888534326409092));
#7666=DIRECTION('',(0.,-0.888534326409092,0.458810146784857));
#7667=DIRECTION('',(1.,0.,0.));
#7668=DIRECTION('',(0.,1.,0.));
#7669=DIRECTION('',(0.,-0.997766937321941,0.0667917568805803));
#7670=DIRECTION('',(1.,0.,0.));
#7671=DIRECTION('',(0.,1.,0.));
#7672=DIRECTION('',(0.,-0.875415385856245,-0.483371391588458));
#7673=DIRECTION('',(1.,0.,0.));
#7674=DIRECTION('',(0.,0.,-1.));
#7675=DIRECTION('',(1.,0.,0.));
#7676=DIRECTION('',(0.,1.,0.));
#7677=DIRECTION('',(0.,-0.875415385856245,-0.483371391588458));
#7678=DIRECTION('',(1.,0.,0.));
#7679=DIRECTION('',(0.,1.,0.));
#7680=DIRECTION('',(0.,-0.997766937321941,0.0667917568805803));
#7681=DIRECTION('',(1.,0.,0.));
#7682=DIRECTION('',(0.,0.,-1.));
#7683=DIRECTION('',(-1.,0.,0.));
#7684=DIRECTION('',(-1.,0.,0.));
#7685=DIRECTION('',(0.,0.,0.999999999999999));
#7686=DIRECTION('',(-1.,0.,0.));
#7687=DIRECTION('',(0.,-0.0667917568805803,-0.997766937321941));
#7688=DIRECTION('',(0.,0.997766937321941,-0.0667917568805803));
#7689=DIRECTION('',(-1.,0.,0.));
#7690=DIRECTION('',(-1.,0.,0.));
#7691=DIRECTION('',(0.,0.,1.));
#7692=DIRECTION('',(0.,0.483371391588458,-0.875415385856245));
#7693=DIRECTION('',(0.,0.875415385856245,0.483371391588458));
#7694=DIRECTION('',(0.,0.888534326409092,-0.458810146784857));
#7695=DIRECTION('',(1.,0.,0.));
#7696=DIRECTION('',(0.,0.,-1.));
#7697=DIRECTION('',(0.,0.888534326409092,-0.458810146784857));
#7698=DIRECTION('',(1.,0.,0.));
#7699=DIRECTION('',(0.,0.,-1.));
#7700=DIRECTION('',(0.,0.458810146784857,0.888534326409092));
#7701=DIRECTION('',(0.,-0.888534326409092,0.458810146784857));
#7702=DIRECTION('',(1.,0.,0.));
#7703=DIRECTION('',(0.,1.,0.));
#7704=DIRECTION('',(0.,-0.997766937321941,0.0667917568805803));
#7705=DIRECTION('',(1.,0.,0.));
#7706=DIRECTION('',(0.,1.,0.));
#7707=DIRECTION('',(0.,-0.875415385856245,-0.483371391588458));
#7708=DIRECTION('',(1.,0.,0.));
#7709=DIRECTION('',(0.,0.,-1.));
#7710=DIRECTION('',(1.,0.,0.));
#7711=DIRECTION('',(0.,1.,0.));
#7712=DIRECTION('',(0.,-0.875415385856245,-0.483371391588458));
#7713=DIRECTION('',(1.,0.,0.));
#7714=DIRECTION('',(0.,1.,0.));
#7715=DIRECTION('',(0.,-0.997766937321941,0.0667917568805803));
#7716=DIRECTION('',(1.,0.,0.));
#7717=DIRECTION('',(0.,0.,-1.));
#7718=DIRECTION('',(-1.,0.,0.));
#7719=DIRECTION('',(-1.,0.,0.));
#7720=DIRECTION('',(0.,0.,0.999999999999999));
#7721=DIRECTION('',(-1.,0.,0.));
#7722=DIRECTION('',(0.,-0.0667917568805803,-0.997766937321941));
#7723=DIRECTION('',(0.,0.997766937321941,-0.0667917568805803));
#7724=DIRECTION('',(-1.,0.,0.));
#7725=DIRECTION('',(-1.,0.,0.));
#7726=DIRECTION('',(0.,0.,1.));
#7727=DIRECTION('',(0.,0.483371391588458,-0.875415385856245));
#7728=DIRECTION('',(0.,0.875415385856245,0.483371391588458));
#7729=DIRECTION('',(0.,0.888534326409092,-0.458810146784857));
#7730=DIRECTION('',(1.,0.,0.));
#7731=DIRECTION('',(0.,0.,-1.));
#7732=DIRECTION('',(0.,0.888534326409092,-0.458810146784857));
#7733=DIRECTION('',(1.,0.,0.));
#7734=DIRECTION('',(0.,0.,-1.));
#7735=DIRECTION('',(0.,0.458810146784857,0.888534326409092));
#7736=DIRECTION('',(0.,-0.888534326409092,0.458810146784857));
#7737=DIRECTION('',(1.,0.,0.));
#7738=DIRECTION('',(0.,1.,0.));
#7739=DIRECTION('',(0.,-0.997766937321941,0.0667917568805803));
#7740=DIRECTION('',(1.,0.,0.));
#7741=DIRECTION('',(0.,1.,0.));
#7742=DIRECTION('',(0.,-0.875415385856245,-0.483371391588458));
#7743=DIRECTION('',(1.,0.,0.));
#7744=DIRECTION('',(0.,0.,-1.));
#7745=DIRECTION('',(1.,0.,0.));
#7746=DIRECTION('',(0.,1.,0.));
#7747=DIRECTION('',(0.,-0.875415385856245,-0.483371391588458));
#7748=DIRECTION('',(1.,0.,0.));
#7749=DIRECTION('',(0.,1.,0.));
#7750=DIRECTION('',(0.,-0.997766937321941,0.0667917568805803));
#7751=DIRECTION('',(1.,0.,0.));
#7752=DIRECTION('',(0.,0.,-1.));
#7753=DIRECTION('',(-1.,0.,0.));
#7754=DIRECTION('',(-1.,0.,0.));
#7755=DIRECTION('',(0.,0.,0.999999999999999));
#7756=DIRECTION('',(-1.,0.,0.));
#7757=DIRECTION('',(0.,-0.0667917568805803,-0.997766937321941));
#7758=DIRECTION('',(0.,0.997766937321941,-0.0667917568805803));
#7759=DIRECTION('',(-1.,0.,0.));
#7760=DIRECTION('',(-1.,0.,0.));
#7761=DIRECTION('',(0.,0.,1.));
#7762=DIRECTION('',(0.,0.483371391588458,-0.875415385856245));
#7763=DIRECTION('',(0.,0.875415385856245,0.483371391588458));
#7764=DIRECTION('',(0.,0.888534326409092,-0.458810146784857));
#7765=DIRECTION('',(1.,0.,0.));
#7766=DIRECTION('',(0.,0.,-1.));
#7767=DIRECTION('',(0.,0.888534326409092,-0.458810146784857));
#7768=DIRECTION('',(1.,0.,0.));
#7769=DIRECTION('',(0.,0.,-1.));
#7770=DIRECTION('',(0.,0.458810146784857,0.888534326409092));
#7771=DIRECTION('',(0.,-0.888534326409092,0.458810146784857));
#7772=DIRECTION('',(1.,0.,0.));
#7773=DIRECTION('',(0.,1.,0.));
#7774=DIRECTION('',(0.,-0.997766937321941,0.0667917568805803));
#7775=DIRECTION('',(1.,0.,0.));
#7776=DIRECTION('',(0.,1.,0.));
#7777=DIRECTION('',(0.,-0.875415385856245,-0.483371391588458));
#7778=DIRECTION('',(1.,0.,0.));
#7779=DIRECTION('',(0.,0.,-1.));
#7780=DIRECTION('',(1.,0.,0.));
#7781=DIRECTION('',(0.,1.,0.));
#7782=DIRECTION('',(0.,-0.875415385856245,-0.483371391588458));
#7783=DIRECTION('',(1.,0.,0.));
#7784=DIRECTION('',(0.,1.,0.));
#7785=DIRECTION('',(0.,-0.997766937321941,0.0667917568805803));
#7786=DIRECTION('',(1.,0.,0.));
#7787=DIRECTION('',(0.,0.,-1.));
#7788=DIRECTION('',(-1.,0.,0.));
#7789=DIRECTION('',(-1.,0.,0.));
#7790=DIRECTION('',(0.,0.,0.999999999999999));
#7791=DIRECTION('',(-1.,0.,0.));
#7792=DIRECTION('',(0.,-0.0667917568805803,-0.997766937321941));
#7793=DIRECTION('',(0.,0.997766937321941,-0.0667917568805803));
#7794=DIRECTION('',(-1.,0.,0.));
#7795=DIRECTION('',(-1.,0.,0.));
#7796=DIRECTION('',(0.,0.,1.));
#7797=DIRECTION('',(0.,0.483371391588458,-0.875415385856245));
#7798=DIRECTION('',(0.,0.875415385856245,0.483371391588458));
#7799=DIRECTION('',(1.,0.,0.));
#7800=DIRECTION('',(0.,1.,0.));
#7801=DIRECTION('',(1.,0.,0.));
#7802=DIRECTION('',(0.,1.,0.));
#7803=DIRECTION('',(-1.,0.,0.));
#7804=DIRECTION('',(-1.,0.,0.));
#7805=DIRECTION('',(0.,0.,0.999999999999999));
#7806=DIRECTION('',(0.,0.,1.));
#7807=DIRECTION('',(0.,-1.,0.));
#7808=DIRECTION('',(0.,-7.88510670898549E-16,-1.));
#7809=DIRECTION('',(1.,0.,0.));
#7810=DIRECTION('',(0.,0.,-1.));
#7811=DIRECTION('',(0.,-7.88510670898549E-16,-1.));
#7812=DIRECTION('',(0.,-1.,0.));
#7813=DIRECTION('',(0.,0.,1.));
#7814=DIRECTION('',(1.,0.,0.));
#7815=DIRECTION('',(0.,0.,-1.));
#7816=DIRECTION('',(-1.,0.,0.));
#7817=DIRECTION('',(0.,-1.,0.));
#7818=DIRECTION('',(0.,0.,-1.));
#7819=DIRECTION('',(-1.,0.,0.));
#7820=DIRECTION('',(0.,0.,-1.));
#7821=DIRECTION('',(-1.,0.,0.));
#7822=DIRECTION('',(0.,1.,-7.88510670898549E-16));
#7823=DIRECTION('',(0.,7.88431819831459E-16,1.));
#7824=DIRECTION('',(1.,0.,0.));
#7825=DIRECTION('',(0.,1.,0.));
#7826=DIRECTION('',(1.,0.,0.));
#7827=DIRECTION('',(0.,1.,0.));
#7828=DIRECTION('',(-1.,0.,0.));
#7829=DIRECTION('',(-1.,0.,0.));
#7830=DIRECTION('',(0.,0.,0.999999999999999));
#7831=DIRECTION('',(0.,0.,1.));
#7832=DIRECTION('',(0.,-1.,0.));
#7833=DIRECTION('',(0.,-7.88510670898549E-16,-1.));
#7834=DIRECTION('',(1.,0.,0.));
#7835=DIRECTION('',(0.,0.,-1.));
#7836=DIRECTION('',(0.,-7.88510670898549E-16,-1.));
#7837=DIRECTION('',(0.,-1.,0.));
#7838=DIRECTION('',(0.,0.,1.));
#7839=DIRECTION('',(1.,0.,0.));
#7840=DIRECTION('',(0.,0.,-1.));
#7841=DIRECTION('',(-1.,0.,0.));
#7842=DIRECTION('',(0.,-1.,0.));
#7843=DIRECTION('',(0.,0.,-1.));
#7844=DIRECTION('',(-1.,0.,0.));
#7845=DIRECTION('',(0.,0.,-1.));
#7846=DIRECTION('',(-1.,0.,0.));
#7847=DIRECTION('',(0.,1.,-7.88510670898549E-16));
#7848=DIRECTION('',(0.,7.88431819831459E-16,1.));
#7849=DIRECTION('',(1.,0.,0.));
#7850=DIRECTION('',(0.,1.,0.));
#7851=DIRECTION('',(1.,0.,0.));
#7852=DIRECTION('',(0.,1.,0.));
#7853=DIRECTION('',(-1.,0.,0.));
#7854=DIRECTION('',(-1.,0.,0.));
#7855=DIRECTION('',(0.,0.,0.999999999999999));
#7856=DIRECTION('',(0.,0.,1.));
#7857=DIRECTION('',(0.,-1.,0.));
#7858=DIRECTION('',(0.,-7.88510670898549E-16,-1.));
#7859=DIRECTION('',(1.,0.,0.));
#7860=DIRECTION('',(0.,0.,-1.));
#7861=DIRECTION('',(0.,-7.88510670898549E-16,-1.));
#7862=DIRECTION('',(0.,-1.,0.));
#7863=DIRECTION('',(0.,0.,1.));
#7864=DIRECTION('',(1.,0.,0.));
#7865=DIRECTION('',(0.,0.,-1.));
#7866=DIRECTION('',(-1.,0.,0.));
#7867=DIRECTION('',(0.,-1.,0.));
#7868=DIRECTION('',(0.,0.,-1.));
#7869=DIRECTION('',(-1.,0.,0.));
#7870=DIRECTION('',(0.,0.,-1.));
#7871=DIRECTION('',(-1.,0.,0.));
#7872=DIRECTION('',(0.,1.,-7.88510670898549E-16));
#7873=DIRECTION('',(0.,7.88431819831459E-16,1.));
#7874=DIRECTION('',(1.,0.,0.));
#7875=DIRECTION('',(0.,0.999999999999999,-1.0842021724855E-16));
#7876=DIRECTION('',(1.,0.,0.));
#7877=DIRECTION('',(1.,0.,0.));
#7878=DIRECTION('',(0.,0.999999999999999,-1.0842021724855E-16));
#7879=DIRECTION('',(1.,0.,0.));
#7880=DIRECTION('',(0.,0.,-1.));
#7881=DIRECTION('',(0.,0.,-1.));
#7882=DIRECTION('',(0.,0.,-1.));
#7883=DIRECTION('',(1.,0.,0.));
#7884=DIRECTION('',(0.,-1.,0.));
#7885=DIRECTION('',(0.,0.,-1.));
#7886=DIRECTION('',(0.,1.,0.));
#7887=DIRECTION('',(0.,1.,0.));
#7888=DIRECTION('',(1.,0.,0.));
#7889=DIRECTION('',(0.,0.,-1.));
#7890=DIRECTION('',(-1.,0.,0.));
#7891=DIRECTION('',(0.,0.,1.));
#7892=DIRECTION('',(0.,0.,1.));
#7893=DIRECTION('',(0.,1.,0.));
#7894=DIRECTION('',(0.,0.,1.));
#7895=DIRECTION('',(1.,0.,0.));
#7896=DIRECTION('',(0.,0.,-1.));
#7897=DIRECTION('',(1.,0.,0.));
#7898=DIRECTION('',(0.,0.,-1.));
#7899=DIRECTION('',(1.,0.,0.));
#7900=DIRECTION('',(0.,0.999999999999999,-1.0842021724855E-16));
#7901=DIRECTION('',(1.,0.,0.));
#7902=DIRECTION('',(1.,0.,0.));
#7903=DIRECTION('',(0.,0.999999999999999,-1.0842021724855E-16));
#7904=DIRECTION('',(1.,0.,0.));
#7905=DIRECTION('',(0.,0.,-1.));
#7906=DIRECTION('',(0.,0.,-1.));
#7907=DIRECTION('',(0.,0.,-1.));
#7908=DIRECTION('',(1.,0.,0.));
#7909=DIRECTION('',(0.,-1.,0.));
#7910=DIRECTION('',(0.,0.,-1.));
#7911=DIRECTION('',(0.,1.,0.));
#7912=DIRECTION('',(0.,1.,0.));
#7913=DIRECTION('',(1.,0.,0.));
#7914=DIRECTION('',(0.,0.,-1.));
#7915=DIRECTION('',(-1.,0.,0.));
#7916=DIRECTION('',(0.,0.,1.));
#7917=DIRECTION('',(0.,0.,1.));
#7918=DIRECTION('',(0.,1.,0.));
#7919=DIRECTION('',(0.,0.,1.));
#7920=DIRECTION('',(1.,0.,0.));
#7921=DIRECTION('',(0.,0.,-1.));
#7922=DIRECTION('',(1.,0.,0.));
#7923=DIRECTION('',(0.,0.,-1.));
#7924=DIRECTION('',(1.,0.,0.));
#7925=DIRECTION('',(0.,0.999999999999999,-1.0842021724855E-16));
#7926=DIRECTION('',(1.,0.,0.));
#7927=DIRECTION('',(1.,0.,0.));
#7928=DIRECTION('',(0.,0.999999999999999,-1.0842021724855E-16));
#7929=DIRECTION('',(1.,0.,0.));
#7930=DIRECTION('',(0.,0.,-1.));
#7931=DIRECTION('',(0.,0.,-1.));
#7932=DIRECTION('',(0.,0.,-1.));
#7933=DIRECTION('',(1.,0.,0.));
#7934=DIRECTION('',(0.,-1.,0.));
#7935=DIRECTION('',(0.,0.,-1.));
#7936=DIRECTION('',(0.,1.,0.));
#7937=DIRECTION('',(0.,1.,0.));
#7938=DIRECTION('',(1.,0.,0.));
#7939=DIRECTION('',(0.,0.,-1.));
#7940=DIRECTION('',(-1.,0.,0.));
#7941=DIRECTION('',(0.,0.,1.));
#7942=DIRECTION('',(0.,0.,1.));
#7943=DIRECTION('',(0.,1.,0.));
#7944=DIRECTION('',(0.,0.,1.));
#7945=DIRECTION('',(1.,0.,0.));
#7946=DIRECTION('',(0.,0.,-1.));
#7947=DIRECTION('',(1.,0.,0.));
#7948=DIRECTION('',(0.,0.,-1.));
#7949=DIRECTION('',(-1.,0.,0.));
#7950=DIRECTION('',(0.,1.,0.));
#7951=DIRECTION('',(-1.,0.,0.));
#7952=DIRECTION('',(-1.,0.,0.));
#7953=DIRECTION('',(0.,1.,0.));
#7954=DIRECTION('',(1.,0.,0.));
#7955=DIRECTION('',(0.,0.,-1.));
#7956=DIRECTION('',(0.,0.,1.));
#7957=DIRECTION('',(0.,1.,0.));
#7958=DIRECTION('',(0.,-4.6704093583991E-15,-1.));
#7959=DIRECTION('',(1.,0.,0.));
#7960=DIRECTION('',(0.,0.,-1.));
#7961=DIRECTION('',(0.,-4.6704093583991E-15,-1.));
#7962=DIRECTION('',(0.,1.,0.));
#7963=DIRECTION('',(0.,0.,1.));
#7964=DIRECTION('',(1.,0.,0.));
#7965=DIRECTION('',(0.,0.,-1.));
#7966=DIRECTION('',(-1.,0.,0.));
#7967=DIRECTION('',(0.,1.,-4.6704093583991E-15));
#7968=DIRECTION('',(0.,4.67030927819856E-15,1.));
#7969=DIRECTION('',(-1.,0.,0.));
#7970=DIRECTION('',(0.,0.,1.));
#7971=DIRECTION('',(1.,0.,0.));
#7972=DIRECTION('',(0.,-1.,0.));
#7973=DIRECTION('',(0.,0.,-1.));
#7974=DIRECTION('',(-1.,0.,0.));
#7975=DIRECTION('',(0.,0.999999999999999,-1.0842021724855E-16));
#7976=DIRECTION('',(-1.,0.,0.));
#7977=DIRECTION('',(-1.,0.,0.));
#7978=DIRECTION('',(0.,0.999999999999999,-1.0842021724855E-16));
#7979=DIRECTION('',(1.,0.,0.));
#7980=DIRECTION('',(0.,0.,-1.));
#7981=DIRECTION('',(0.,5.33761069531325E-15,-1.));
#7982=DIRECTION('',(0.,-1.,0.));
#7983=DIRECTION('',(0.,-7.88510670898548E-16,1.));
#7984=DIRECTION('',(1.,0.,0.));
#7985=DIRECTION('',(0.,0.,-1.));
#7986=DIRECTION('',(0.,-7.88510670898548E-16,1.));
#7987=DIRECTION('',(0.,-1.,0.));
#7988=DIRECTION('',(0.,5.33761069531325E-15,-1.));
#7989=DIRECTION('',(1.,0.,0.));
#7990=DIRECTION('',(0.,0.,-1.));
#7991=DIRECTION('',(-1.,0.,0.));
#7992=DIRECTION('',(0.,-1.,-7.88510670898548E-16));
#7993=DIRECTION('',(0.,7.88431819831459E-16,-1.));
#7994=DIRECTION('',(-1.,0.,0.));
#7995=DIRECTION('',(0.,0.,-1.));
#7996=DIRECTION('',(-1.,0.,0.));
#7997=DIRECTION('',(0.,1.,5.33761069531325E-15));
#7998=DIRECTION('',(0.,-5.33774413558064E-15,1.));
#7999=DIRECTION('',(-1.,0.,0.));
#8000=DIRECTION('',(0.,1.,0.));
#8001=DIRECTION('',(-1.,0.,0.));
#8002=DIRECTION('',(0.,1.,0.));
#8003=DIRECTION('',(1.,0.,0.));
#8004=DIRECTION('',(-1.,0.,0.));
#8005=DIRECTION('',(0.,0.,0.999999999999999));
#8006=DIRECTION('',(0.,-4.6704093583991E-15,-1.));
#8007=DIRECTION('',(0.,1.,0.));
#8008=DIRECTION('',(0.,0.,1.));
#8009=DIRECTION('',(1.,0.,0.));
#8010=DIRECTION('',(0.,0.,-1.));
#8011=DIRECTION('',(0.,0.,1.));
#8012=DIRECTION('',(0.,1.,0.));
#8013=DIRECTION('',(0.,-4.6704093583991E-15,-1.));
#8014=DIRECTION('',(1.,0.,0.));
#8015=DIRECTION('',(0.,0.,-1.));
#8016=DIRECTION('',(1.,0.,0.));
#8017=DIRECTION('',(0.,-1.,4.6704093583991E-15));
#8018=DIRECTION('',(0.,-4.67030927819856E-15,-1.));
#8019=DIRECTION('',(1.,0.,0.));
#8020=DIRECTION('',(0.,0.,-1.));
#8021=DIRECTION('',(-1.,0.,0.));
#8022=DIRECTION('',(0.,1.,0.));
#8023=DIRECTION('',(0.,0.,1.));
#8024=DIRECTION('',(-1.,0.,0.));
#8025=DIRECTION('',(0.,0.999999999999999,-1.0842021724855E-16));
#8026=DIRECTION('',(-1.,0.,0.));
#8027=DIRECTION('',(0.,0.999999999999999,-1.0842021724855E-16));
#8028=DIRECTION('',(1.,0.,0.));
#8029=DIRECTION('',(-1.,0.,0.));
#8030=DIRECTION('',(0.,0.,1.));
#8031=DIRECTION('',(0.,-7.88510670898548E-16,1.));
#8032=DIRECTION('',(0.,-1.,0.));
#8033=DIRECTION('',(0.,5.33761069531325E-15,-1.));
#8034=DIRECTION('',(1.,0.,0.));
#8035=DIRECTION('',(0.,0.,-1.));
#8036=DIRECTION('',(0.,5.33761069531325E-15,-1.));
#8037=DIRECTION('',(0.,-1.,0.));
#8038=DIRECTION('',(0.,-7.88510670898548E-16,1.));
#8039=DIRECTION('',(1.,0.,0.));
#8040=DIRECTION('',(0.,0.,-1.));
#8041=DIRECTION('',(1.,0.,0.));
#8042=DIRECTION('',(0.,1.,7.88510670898548E-16));
#8043=DIRECTION('',(0.,-7.88431819831459E-16,1.));
#8044=DIRECTION('',(1.,0.,0.));
#8045=DIRECTION('',(0.,0.,1.));
#8046=DIRECTION('',(1.,0.,0.));
#8047=DIRECTION('',(0.,-1.,-5.33761069531325E-15));
#8048=DIRECTION('',(0.,5.33774413558064E-15,-1.));
#8049=CARTESIAN_POINT('',(0.,0.,0.));
#8050=CARTESIAN_POINT('',(-3.55000000000001,0.,4.33680868994202E-15));
#8051=CARTESIAN_POINT('',(-3.55000000000001,0.,1.85));
#8052=CARTESIAN_POINT('',(-3.55000000000001,0.,2.3));
#8053=CARTESIAN_POINT('',(2.24,0.,1.85000000000001));
#8054=CARTESIAN_POINT('',(-2.1,0.,1.85000000000001));
#8055=CARTESIAN_POINT('',(-2.1,0.,1.72000000000001));
#8056=CARTESIAN_POINT('',(-2.1,0.,1.72000000000001));
#8057=CARTESIAN_POINT('',(2.1,-2.03965533698838E-15,1.72000000000001));
#8058=CARTESIAN_POINT('',(2.1,1.19047545473903E-15,1.72000000000001));
#8059=CARTESIAN_POINT('',(2.1,-1.95156391047391E-15,1.72000000000001));
#8060=CARTESIAN_POINT('',(2.1,0.,1.85000000000001));
#8061=CARTESIAN_POINT('',(2.24,0.,1.85000000000001));
#8062=CARTESIAN_POINT('',(3.55,0.,1.85));
#8063=CARTESIAN_POINT('',(3.55,0.,4.33680868994202E-15));
#8064=CARTESIAN_POINT('',(3.55,0.,2.3));
#8065=CARTESIAN_POINT('',(4.45,0.,2.3));
#8066=CARTESIAN_POINT('',(-2.24,0.,1.85000000000001));
#8067=CARTESIAN_POINT('',(-2.24,0.,1.19));
#8068=CARTESIAN_POINT('',(-2.24,-1.05249217346227E-15,1.09));
#8069=CARTESIAN_POINT('',(-3.155,0.,1.19));
#8070=CARTESIAN_POINT('',(-3.155,0.,1.19));
#8071=CARTESIAN_POINT('',(-3.155,0.,0.989999999999995));
#8072=CARTESIAN_POINT('',(-3.155,0.,0.989999999999995));
#8073=CARTESIAN_POINT('',(-3.45,0.,0.989999999999999));
#8074=CARTESIAN_POINT('',(-3.45,0.,0.989999999999999));
#8075=CARTESIAN_POINT('',(-3.45,0.,0.449999999999998));
#8076=CARTESIAN_POINT('',(-3.45,0.,0.449999999999998));
#8077=CARTESIAN_POINT('',(-3.955,0.,0.45));
#8078=CARTESIAN_POINT('',(-3.55000000000001,0.,0.449999999999998));
#8079=CARTESIAN_POINT('',(-3.55000000000001,0.,4.33680868994202E-15));
#8080=CARTESIAN_POINT('',(-3.55000000000001,0.,0.08));
#8081=CARTESIAN_POINT('',(-3.55000000000001,0.,0.08));
#8082=CARTESIAN_POINT('',(-2.47,0.,0.08));
#8083=CARTESIAN_POINT('',(-2.47,0.,0.08));
#8084=CARTESIAN_POINT('',(-2.47,0.,0.));
#8085=CARTESIAN_POINT('',(-4.85,-2.38524477946811E-15,3.91871248679599E-15));
#8086=CARTESIAN_POINT('',(-4.85,-2.38524477946811E-15,3.90312782094782E-15));
#8087=CARTESIAN_POINT('',(-4.85,-2.38524477946811E-15,2.3));
#8088=CARTESIAN_POINT('',(-4.85,-2.38524477946811E-15,2.3));
#8089=CARTESIAN_POINT('',(-1.75,-1.0842021724855E-15,3.));
#8090=CARTESIAN_POINT('',(-1.75,-1.0842021724855E-15,3.));
#8091=CARTESIAN_POINT('',(1.75,6.50521303491303E-16,3.));
#8092=CARTESIAN_POINT('',(1.75,6.50521303491303E-16,3.));
#8093=CARTESIAN_POINT('',(4.85,2.05998412772246E-15,2.3));
#8094=CARTESIAN_POINT('',(4.85,2.05998412772246E-15,2.3));
#8095=CARTESIAN_POINT('',(4.85,2.05998412772246E-15,3.99680288865056E-15));
#8096=CARTESIAN_POINT('',(4.85,2.05998412772246E-15,3.91871248679599E-15));
#8097=CARTESIAN_POINT('',(2.325,6.50521303491303E-16,3.14565419483422E-15));
#8098=CARTESIAN_POINT('',(2.47,0.,0.));
#8099=CARTESIAN_POINT('',(2.47,0.,0.08));
#8100=CARTESIAN_POINT('',(2.47,0.,0.08));
#8101=CARTESIAN_POINT('',(2.47,0.,0.08));
#8102=CARTESIAN_POINT('',(3.55000000000001,4.88498130835069E-15,0.08));
#8103=CARTESIAN_POINT('',(3.55,0.,4.33680868994202E-15));
#8104=CARTESIAN_POINT('',(3.55,0.,0.45));
#8105=CARTESIAN_POINT('',(3.45,0.,0.45));
#8106=CARTESIAN_POINT('',(3.45,0.,0.45));
#8107=CARTESIAN_POINT('',(3.45,0.,0.989999999999999));
#8108=CARTESIAN_POINT('',(3.45,0.,0.989999999999999));
#8109=CARTESIAN_POINT('',(3.155,0.,0.989999999999999));
#8110=CARTESIAN_POINT('',(3.155,0.,0.989999999999999));
#8111=CARTESIAN_POINT('',(3.155,0.,1.85));
#8112=CARTESIAN_POINT('',(3.155,0.,1.19));
#8113=CARTESIAN_POINT('',(2.24,0.,1.19));
#8114=CARTESIAN_POINT('',(2.24,0.,1.19));
#8115=CARTESIAN_POINT('',(2.24,0.,1.85000000000001));
#8116=CARTESIAN_POINT('',(2.24,5.00247575866594E-17,1.09000000000001));
#8117=CARTESIAN_POINT('',(-2.325,-1.0842021724855E-15,1.09));
#8118=CARTESIAN_POINT('',(2.15,2.22044604925031E-15,1.09));
#8119=CARTESIAN_POINT('',(2.15,1.99840144432528E-15,1.67));
#8120=CARTESIAN_POINT('',(2.15,2.15919236513306E-15,1.25000000000001));
#8121=CARTESIAN_POINT('',(-7.64000000000001,-2.44249065417534E-15,1.25000000000001));
#8122=CARTESIAN_POINT('',(3.25,-1.11022302462516E-15,1.25000000000001));
#8123=CARTESIAN_POINT('',(3.25,-1.11022302462516E-15,1.05));
#8124=CARTESIAN_POINT('',(3.25,1.78302951336477E-15,1.05));
#8125=CARTESIAN_POINT('',(3.25,-1.11022302462516E-15,1.05));
#8126=CARTESIAN_POINT('',(3.55,8.88178419700125E-16,1.05));
#8127=CARTESIAN_POINT('',(3.55,8.88178419700125E-16,1.80000000000001));
#8128=CARTESIAN_POINT('',(3.55,1.93760883300627E-15,0.480000000000006));
#8129=CARTESIAN_POINT('',(3.95,8.88178419700125E-16,0.480000000000006));
#8130=CARTESIAN_POINT('',(3.95,2.14371459252827E-15,0.480000000000006));
#8131=CARTESIAN_POINT('',(3.95,8.88178419700125E-16,1.80000000000001));
#8132=CARTESIAN_POINT('',(3.95,2.14371459252827E-15,1.80000000000001));
#8133=CARTESIAN_POINT('',(3.95,8.88178419700125E-16,1.80000000000001));
#8134=CARTESIAN_POINT('',(3.55,8.88178419700125E-16,1.80000000000001));
#8135=CARTESIAN_POINT('',(3.55,8.88178419700125E-16,1.80000000000001));
#8136=CARTESIAN_POINT('',(3.55,8.88178419700125E-16,1.78000000000001));
#8137=CARTESIAN_POINT('',(3.25,-1.11022302462516E-15,1.78000000000001));
#8138=CARTESIAN_POINT('',(2.15,-2.44249065417534E-15,1.78000000000001));
#8139=CARTESIAN_POINT('',(2.15,-2.44249065417534E-15,1.25000000000001));
#8140=CARTESIAN_POINT('',(2.15,1.99840144432528E-15,1.67));
#8141=CARTESIAN_POINT('',(2.15,1.99840144432528E-15,1.67));
#8142=CARTESIAN_POINT('',(-2.15,-2.44249065417534E-15,1.67));
#8143=CARTESIAN_POINT('',(-2.15,-2.44249065417534E-15,1.25000000000001));
#8144=CARTESIAN_POINT('',(-2.15,-2.44249065417534E-15,1.78000000000001));
#8145=CARTESIAN_POINT('',(-3.25,-1.11022302462516E-15,1.78000000000001));
#8146=CARTESIAN_POINT('',(-3.55,8.88178419700125E-16,1.78000000000001));
#8147=CARTESIAN_POINT('',(-3.55,8.88178419700125E-16,1.80000000000001));
#8148=CARTESIAN_POINT('',(-3.55,-1.72076839850917E-15,1.80000000000001));
#8149=CARTESIAN_POINT('',(-3.95,8.88178419700125E-16,1.80000000000001));
#8150=CARTESIAN_POINT('',(-3.95,8.88178419700125E-16,1.80000000000001));
#8151=CARTESIAN_POINT('',(-3.95,8.88178419700125E-16,1.80000000000001));
#8152=CARTESIAN_POINT('',(-3.95,8.88178419700125E-16,0.480000000000006));
#8153=CARTESIAN_POINT('',(-3.95,8.88178419700125E-16,0.480000000000006));
#8154=CARTESIAN_POINT('',(-3.55,8.88178419700125E-16,0.480000000000006));
#8155=CARTESIAN_POINT('',(-3.55,8.88178419700125E-16,1.80000000000001));
#8156=CARTESIAN_POINT('',(-3.55,8.88178419700125E-16,1.05));
#8157=CARTESIAN_POINT('',(-3.25,-1.11022302462516E-15,1.05));
#8158=CARTESIAN_POINT('',(-3.25,-1.56618907886767E-15,1.05));
#8159=CARTESIAN_POINT('',(-3.25,-1.11022302462516E-15,1.05));
#8160=CARTESIAN_POINT('',(-3.25,-1.11022302462516E-15,1.25000000000001));
#8161=CARTESIAN_POINT('',(7.64000000000001,-2.44249065417534E-15,1.25000000000001));
#8162=CARTESIAN_POINT('',(-2.15,-2.44249065417534E-15,1.25000000000001));
#8163=CARTESIAN_POINT('',(-2.15,1.99840144432528E-15,1.67));
#8164=CARTESIAN_POINT('',(-2.15,2.22044604925031E-15,1.09));
#8165=CARTESIAN_POINT('',(-2.325,-1.0842021724855E-15,1.09));
#8166=CARTESIAN_POINT('',(3.60685079163494E-16,1.0842021724855E-16,0.));
#8167=CARTESIAN_POINT('',(-1.65,0.35,1.67000000000001));
#8168=CARTESIAN_POINT('',(-1.65,0.35,1.67000000000001));
#8169=CARTESIAN_POINT('',(-1.65,1.7,1.67000000000001));
#8170=CARTESIAN_POINT('',(-1.65,0.35,1.67000000000001));
#8171=CARTESIAN_POINT('',(-1.85,0.35,1.67000000000001));
#8172=CARTESIAN_POINT('',(-1.85,0.35,1.67000000000001));
#8173=CARTESIAN_POINT('',(-1.85,1.7,1.67));
#8174=CARTESIAN_POINT('',(2.15,1.7,1.67));
#8175=CARTESIAN_POINT('',(-2.15,1.7,1.67));
#8176=CARTESIAN_POINT('',(-2.15,1.7,1.67));
#8177=CARTESIAN_POINT('',(-2.15,0.799999999999998,1.67));
#8178=CARTESIAN_POINT('',(-2.15,1.7,1.67));
#8179=CARTESIAN_POINT('',(2.15,1.7,1.67));
#8180=CARTESIAN_POINT('',(2.15,0.799999999999997,1.67));
#8181=CARTESIAN_POINT('',(2.15,1.7,1.67));
#8182=CARTESIAN_POINT('',(2.15,1.7,1.67));
#8183=CARTESIAN_POINT('',(2.15,1.7,1.67));
#8184=CARTESIAN_POINT('',(1.85,1.7,1.67000000000001));
#8185=CARTESIAN_POINT('',(1.85,0.35,1.67000000000001));
#8186=CARTESIAN_POINT('',(1.85,0.35,1.67000000000001));
#8187=CARTESIAN_POINT('',(1.85,0.35,1.67000000000001));
#8188=CARTESIAN_POINT('',(1.65,0.35,1.67000000000001));
#8189=CARTESIAN_POINT('',(1.65,0.35,1.67000000000001));
#8190=CARTESIAN_POINT('',(1.65,1.7,1.67));
#8191=CARTESIAN_POINT('',(2.15,1.7,1.67));
#8192=CARTESIAN_POINT('',(1.35,1.7,1.67000000000001));
#8193=CARTESIAN_POINT('',(1.35,0.35,1.67000000000001));
#8194=CARTESIAN_POINT('',(1.35,0.35,1.67000000000001));
#8195=CARTESIAN_POINT('',(1.35,0.35,1.67000000000001));
#8196=CARTESIAN_POINT('',(1.15,0.35,1.67000000000001));
#8197=CARTESIAN_POINT('',(1.15,0.35,1.67000000000001));
#8198=CARTESIAN_POINT('',(1.15,1.7,1.67));
#8199=CARTESIAN_POINT('',(2.15,1.7,1.67));
#8200=CARTESIAN_POINT('',(0.85,1.7,1.67000000000001));
#8201=CARTESIAN_POINT('',(0.85,0.35,1.67000000000001));
#8202=CARTESIAN_POINT('',(0.85,0.35,1.67000000000001));
#8203=CARTESIAN_POINT('',(0.85,0.35,1.67000000000001));
#8204=CARTESIAN_POINT('',(0.65,0.35,1.67000000000001));
#8205=CARTESIAN_POINT('',(0.65,0.35,1.67000000000001));
#8206=CARTESIAN_POINT('',(0.65,1.7,1.67));
#8207=CARTESIAN_POINT('',(2.15,1.7,1.67));
#8208=CARTESIAN_POINT('',(0.35,1.7,1.67000000000001));
#8209=CARTESIAN_POINT('',(0.35,0.35,1.67000000000001));
#8210=CARTESIAN_POINT('',(0.35,0.35,1.67000000000001));
#8211=CARTESIAN_POINT('',(0.35,0.35,1.67000000000001));
#8212=CARTESIAN_POINT('',(0.15,0.35,1.67000000000001));
#8213=CARTESIAN_POINT('',(0.15,0.35,1.67000000000001));
#8214=CARTESIAN_POINT('',(0.150000000000001,1.7,1.67));
#8215=CARTESIAN_POINT('',(2.15,1.7,1.67));
#8216=CARTESIAN_POINT('',(-0.15,1.7,1.67000000000001));
#8217=CARTESIAN_POINT('',(-0.15,0.35,1.67000000000001));
#8218=CARTESIAN_POINT('',(-0.15,0.35,1.67000000000001));
#8219=CARTESIAN_POINT('',(-0.15,0.35,1.67000000000001));
#8220=CARTESIAN_POINT('',(-0.35,0.35,1.67000000000001));
#8221=CARTESIAN_POINT('',(-0.35,0.35,1.67000000000001));
#8222=CARTESIAN_POINT('',(-0.349999999999999,1.7,1.67));
#8223=CARTESIAN_POINT('',(2.15,1.7,1.67));
#8224=CARTESIAN_POINT('',(-0.65,1.7,1.67000000000001));
#8225=CARTESIAN_POINT('',(-0.65,0.35,1.67000000000001));
#8226=CARTESIAN_POINT('',(-0.65,0.35,1.67000000000001));
#8227=CARTESIAN_POINT('',(-0.65,0.35,1.67000000000001));
#8228=CARTESIAN_POINT('',(-0.85,0.35,1.67000000000001));
#8229=CARTESIAN_POINT('',(-0.85,0.35,1.67000000000001));
#8230=CARTESIAN_POINT('',(-0.849999999999999,1.7,1.67));
#8231=CARTESIAN_POINT('',(2.15,1.7,1.67));
#8232=CARTESIAN_POINT('',(-1.15,1.7,1.67000000000001));
#8233=CARTESIAN_POINT('',(-1.15,0.35,1.67000000000001));
#8234=CARTESIAN_POINT('',(-1.15,0.35,1.67000000000001));
#8235=CARTESIAN_POINT('',(-1.15,0.35,1.67000000000001));
#8236=CARTESIAN_POINT('',(-1.35,0.35,1.67000000000001));
#8237=CARTESIAN_POINT('',(-1.35,0.35,1.67000000000001));
#8238=CARTESIAN_POINT('',(-1.35,1.7,1.67));
#8239=CARTESIAN_POINT('',(2.15,1.7,1.67));
#8240=CARTESIAN_POINT('',(2.15,1.7,1.67));
#8241=CARTESIAN_POINT('',(3.95,0.480000000000002,0.840000000000004));
#8242=CARTESIAN_POINT('',(3.95,0.480000000000002,0.840000000000004));
#8243=CARTESIAN_POINT('',(3.955,0.490722534602549,0.840000000000004));
#8244=CARTESIAN_POINT('',(3.955,0.490722534602549,0.840000000000004));
#8245=CARTESIAN_POINT('',(3.955,0.490722534602549,1.44));
#8246=CARTESIAN_POINT('',(3.95,0.480000000000002,1.44));
#8247=CARTESIAN_POINT('',(3.95,0.480000000000002,1.44));
#8248=CARTESIAN_POINT('',(3.95,0.480000000000002,0.840000000000004));
#8249=CARTESIAN_POINT('',(3.95,0.480000000000002,0.840000000000004));
#8250=CARTESIAN_POINT('',(3.95,0.480000000000002,1.44));
#8251=CARTESIAN_POINT('',(3.98264153607085,0.55,1.44));
#8252=CARTESIAN_POINT('',(4.08,0.758785899666243,1.44));
#8253=CARTESIAN_POINT('',(3.98264153607085,0.55,0.840000000000004));
#8254=CARTESIAN_POINT('',(3.98264153607085,0.55,0.840000000000004));
#8255=CARTESIAN_POINT('',(3.95,0.480000000000002,0.840000000000004));
#8256=CARTESIAN_POINT('',(4.08,0.758785899666243,0.840000000000004));
#8257=CARTESIAN_POINT('',(4.08,0.758785899666243,0.840000000000004));
#8258=CARTESIAN_POINT('',(3.95,0.480000000000002,0.840000000000004));
#8259=CARTESIAN_POINT('',(-1.18603784110828E-15,0.55,0.840000000000001));
#8260=CARTESIAN_POINT('',(3.955,0.55,0.840000000000004));
#8261=CARTESIAN_POINT('',(3.955,-6.84759266832952E-16,0.840000000000003));
#8262=CARTESIAN_POINT('',(3.95,1.62,0.840000000000004));
#8263=CARTESIAN_POINT('',(3.95,1.62,0.840000000000004));
#8264=CARTESIAN_POINT('',(4.08,1.39483339501605,0.840000000000004));
#8265=CARTESIAN_POINT('',(4.08,1.39483339501605,0.840000000000004));
#8266=CARTESIAN_POINT('',(4.08,0.758785899666243,0.840000000000004));
#8267=CARTESIAN_POINT('',(-1.18603784110828E-15,-6.84759266832951E-16,0.840000000000001));
#8268=CARTESIAN_POINT('',(3.955,-6.84759266832952E-16,1.44));
#8269=CARTESIAN_POINT('',(3.955,0.55,1.44));
#8270=CARTESIAN_POINT('',(-1.18603784110828E-15,0.55,1.44));
#8271=CARTESIAN_POINT('',(4.08,0.758785899666243,1.44));
#8272=CARTESIAN_POINT('',(4.08,1.39483339501605,1.44));
#8273=CARTESIAN_POINT('',(4.08,1.39483339501605,1.44));
#8274=CARTESIAN_POINT('',(3.95,1.62,1.44));
#8275=CARTESIAN_POINT('',(3.95,1.62,1.44));
#8276=CARTESIAN_POINT('',(-1.18603784110828E-15,-6.84759266832951E-16,1.44));
#8277=CARTESIAN_POINT('',(3.45,2.565,1.78000000000001));
#8278=CARTESIAN_POINT('',(3.45,2.565,1.78000000000001));
#8279=CARTESIAN_POINT('',(3.45,2.565,1.05));
#8280=CARTESIAN_POINT('',(3.25,2.565,1.78000000000001));
#8281=CARTESIAN_POINT('',(3.55,2.565,1.78000000000001));
#8282=CARTESIAN_POINT('',(3.55,2.565,1.78000000000001));
#8283=CARTESIAN_POINT('',(3.55,2.565,1.05));
#8284=CARTESIAN_POINT('',(3.25,2.565,1.05));
#8285=CARTESIAN_POINT('',(3.25,2.565,1.78000000000001));
#8286=CARTESIAN_POINT('',(-3.955,0.490722534602549,0.840000000000005));
#8287=CARTESIAN_POINT('',(-3.955,0.490722534602549,0.840000000000005));
#8288=CARTESIAN_POINT('',(-3.955,0.490722534602549,1.44));
#8289=CARTESIAN_POINT('',(-3.95,0.480000000000002,0.840000000000005));
#8290=CARTESIAN_POINT('',(-3.95,0.480000000000002,0.840000000000005));
#8291=CARTESIAN_POINT('',(-3.95,0.480000000000002,0.840000000000005));
#8292=CARTESIAN_POINT('',(-3.95,0.480000000000002,1.44));
#8293=CARTESIAN_POINT('',(-3.95,0.480000000000002,1.44));
#8294=CARTESIAN_POINT('',(-3.95,0.480000000000002,0.840000000000005));
#8295=CARTESIAN_POINT('',(-3.955,6.84759266832952E-16,0.840000000000005));
#8296=CARTESIAN_POINT('',(-3.955,0.55,0.840000000000005));
#8297=CARTESIAN_POINT('',(-1.18603784110828E-15,0.55,0.840000000000007));
#8298=CARTESIAN_POINT('',(-3.98264153607085,0.55,0.840000000000005));
#8299=CARTESIAN_POINT('',(-3.95,0.480000000000002,0.840000000000005));
#8300=CARTESIAN_POINT('',(-4.08,0.758785899666243,0.840000000000004));
#8301=CARTESIAN_POINT('',(-4.08,0.758785899666243,0.840000000000004));
#8302=CARTESIAN_POINT('',(-4.08,1.39483339501605,0.840000000000004));
#8303=CARTESIAN_POINT('',(-4.08,1.39483339501605,0.840000000000004));
#8304=CARTESIAN_POINT('',(-3.95,1.62,0.840000000000004));
#8305=CARTESIAN_POINT('',(-3.95,1.62,0.840000000000004));
#8306=CARTESIAN_POINT('',(-1.18603784110828E-15,6.84759266832953E-16,0.840000000000007));
#8307=CARTESIAN_POINT('',(-1.18603784110828E-15,0.55,1.44000000000001));
#8308=CARTESIAN_POINT('',(-3.955,0.55,1.44));
#8309=CARTESIAN_POINT('',(-3.98264153607085,0.55,1.44));
#8310=CARTESIAN_POINT('',(-3.955,6.84759266832952E-16,1.44));
#8311=CARTESIAN_POINT('',(-3.95,1.62,1.44));
#8312=CARTESIAN_POINT('',(-3.95,1.62,1.44));
#8313=CARTESIAN_POINT('',(-4.08,1.39483339501605,1.44));
#8314=CARTESIAN_POINT('',(-4.08,1.39483339501605,1.44));
#8315=CARTESIAN_POINT('',(-4.08,0.758785899666243,1.44));
#8316=CARTESIAN_POINT('',(-4.08,0.758785899666243,1.44));
#8317=CARTESIAN_POINT('',(-3.95,0.480000000000002,1.44));
#8318=CARTESIAN_POINT('',(-1.18603784110828E-15,6.84759266832953E-16,1.44000000000001));
#8319=CARTESIAN_POINT('',(-3.25,2.565,1.78000000000001));
#8320=CARTESIAN_POINT('',(-3.45,2.565,1.78000000000001));
#8321=CARTESIAN_POINT('',(-3.55,2.565,1.78000000000001));
#8322=CARTESIAN_POINT('',(-3.45,2.565,1.78000000000001));
#8323=CARTESIAN_POINT('',(-3.45,2.565,1.05));
#8324=CARTESIAN_POINT('',(-3.25,2.565,1.05));
#8325=CARTESIAN_POINT('',(-3.55,2.565,1.05));
#8326=CARTESIAN_POINT('',(-3.55,2.565,1.78000000000001));
#8327=CARTESIAN_POINT('',(-3.25,2.565,1.78000000000001));
#8328=CARTESIAN_POINT('',(-3.55,-1.33226762955019E-15,1.78000000000001));
#8329=CARTESIAN_POINT('',(-3.55,2.565,1.05));
#8330=CARTESIAN_POINT('',(-3.55,8.88178419700125E-16,0.480000000000006));
#8331=CARTESIAN_POINT('',(-3.55,2.565,0.480000000000006));
#8332=CARTESIAN_POINT('',(-3.55,2.565,0.480000000000006));
#8333=CARTESIAN_POINT('',(-3.55,2.95,0.700000000000006));
#8334=CARTESIAN_POINT('',(-3.55,2.95,0.700000000000006));
#8335=CARTESIAN_POINT('',(-3.55,2.95,1.58000000000001));
#8336=CARTESIAN_POINT('',(-3.55,2.95,1.58000000000001));
#8337=CARTESIAN_POINT('',(-3.55,2.565,1.80000000000001));
#8338=CARTESIAN_POINT('',(-3.55,2.565,1.80000000000001));
#8339=CARTESIAN_POINT('',(-3.55,0.,0.));
#8340=CARTESIAN_POINT('',(-3.95,2.95,0.700000000000006));
#8341=CARTESIAN_POINT('',(-3.95,2.95,1.44));
#8342=CARTESIAN_POINT('',(-3.95,2.95,1.58000000000001));
#8343=CARTESIAN_POINT('',(-3.95,1.95,1.44));
#8344=CARTESIAN_POINT('',(-3.95,1.87594266810245,1.44));
#8345=CARTESIAN_POINT('',(-3.95,1.87594266810245,0.840000000000004));
#8346=CARTESIAN_POINT('',(-3.95,1.87594266810245,0.840000000000004));
#8347=CARTESIAN_POINT('',(-3.95,2.95,0.840000000000003));
#8348=CARTESIAN_POINT('',(-3.95,2.95,0.840000000000004));
#8349=CARTESIAN_POINT('',(-3.95,2.95,0.700000000000006));
#8350=CARTESIAN_POINT('',(-3.95,2.95,0.700000000000006));
#8351=CARTESIAN_POINT('',(-3.95,2.565,0.480000000000006));
#8352=CARTESIAN_POINT('',(-3.95,2.565,0.480000000000006));
#8353=CARTESIAN_POINT('',(-3.95,8.88178419700125E-16,0.480000000000006));
#8354=CARTESIAN_POINT('',(-3.95,2.565,1.80000000000001));
#8355=CARTESIAN_POINT('',(-3.95,2.565,1.80000000000001));
#8356=CARTESIAN_POINT('',(-3.95,2.95,1.58000000000001));
#8357=CARTESIAN_POINT('',(-3.95,1.62,0.840000000000004));
#8358=CARTESIAN_POINT('',(-3.95,0.,0.));
#8359=CARTESIAN_POINT('',(3.55,2.565,1.05));
#8360=CARTESIAN_POINT('',(3.55,-1.33226762955019E-15,1.78000000000001));
#8361=CARTESIAN_POINT('',(3.55,2.565,1.80000000000001));
#8362=CARTESIAN_POINT('',(3.55,2.565,1.80000000000001));
#8363=CARTESIAN_POINT('',(3.55,2.95,1.58000000000001));
#8364=CARTESIAN_POINT('',(3.55,2.95,1.58000000000001));
#8365=CARTESIAN_POINT('',(3.55,2.95,0.700000000000006));
#8366=CARTESIAN_POINT('',(3.55,2.95,0.700000000000006));
#8367=CARTESIAN_POINT('',(3.55,2.565,0.480000000000006));
#8368=CARTESIAN_POINT('',(3.55,2.565,0.480000000000006));
#8369=CARTESIAN_POINT('',(3.55,8.88178419700125E-16,0.480000000000006));
#8370=CARTESIAN_POINT('',(3.55,0.,0.));
#8371=CARTESIAN_POINT('',(-4.85,-0.700000000000002,2.3));
#8372=CARTESIAN_POINT('',(-4.85,-0.700000000000002,2.3));
#8373=CARTESIAN_POINT('',(-4.85,-0.700000000000002,3.90312782094782E-15));
#8374=CARTESIAN_POINT('',(-4.85,-2.38524477946811E-15,2.3));
#8375=CARTESIAN_POINT('',(-4.85,-2.38524477946811E-15,3.90312782094782E-15));
#8376=CARTESIAN_POINT('',(-4.85,-2.38524477946811E-15,2.3));
#8377=CARTESIAN_POINT('',(-2.325,-0.700000000000001,3.10862446895044E-15));
#8378=CARTESIAN_POINT('',(-2.325,-0.700000000000001,3.14565419483422E-15));
#8379=CARTESIAN_POINT('',(-2.325,-0.700000000000001,1.09));
#8380=CARTESIAN_POINT('',(-2.325,-1.0842021724855E-15,3.14565419483422E-15));
#8381=CARTESIAN_POINT('',(-2.325,0.,2.72483912810286E-16));
#8382=CARTESIAN_POINT('',(-2.325,-1.0842021724855E-15,3.10862446895044E-15));
#8383=CARTESIAN_POINT('',(-2.325,-1.0842021724855E-15,1.09));
#8384=CARTESIAN_POINT('',(-2.325,-1.0842021724855E-15,1.09));
#8385=CARTESIAN_POINT('',(-2.325,-1.0842021724855E-15,3.10862446895044E-15));
#8386=CARTESIAN_POINT('',(-2.325,-0.700000000000001,1.09));
#8387=CARTESIAN_POINT('',(2.325,-0.699999999999999,1.09000000000001));
#8388=CARTESIAN_POINT('',(-2.325,-1.0842021724855E-15,1.09));
#8389=CARTESIAN_POINT('',(-2.15,2.22044604925031E-15,1.09));
#8390=CARTESIAN_POINT('',(-2.15,1.7,1.09));
#8391=CARTESIAN_POINT('',(2.15,1.7,1.09));
#8392=CARTESIAN_POINT('',(2.15,1.7,1.09));
#8393=CARTESIAN_POINT('',(2.15,2.22044604925031E-15,1.09));
#8394=CARTESIAN_POINT('',(-2.325,-1.0842021724855E-15,1.09));
#8395=CARTESIAN_POINT('',(2.325,6.50521303491303E-16,1.09000000000001));
#8396=CARTESIAN_POINT('',(2.325,6.50521303491303E-16,1.09000000000001));
#8397=CARTESIAN_POINT('',(-2.325,-1.0842021724855E-15,1.09));
#8398=CARTESIAN_POINT('',(2.325,-0.699999999999999,1.09000000000001));
#8399=CARTESIAN_POINT('',(2.325,-0.699999999999999,3.03576608295941E-15));
#8400=CARTESIAN_POINT('',(2.325,6.50521303491303E-16,1.09000000000001));
#8401=CARTESIAN_POINT('',(2.325,0.,2.72483912810286E-16));
#8402=CARTESIAN_POINT('',(2.325,6.50521303491303E-16,3.03576608295941E-15));
#8403=CARTESIAN_POINT('',(2.325,6.50521303491303E-16,1.09000000000001));
#8404=CARTESIAN_POINT('',(2.325,-0.699999999999999,3.14565419483422E-15));
#8405=CARTESIAN_POINT('',(4.85,-0.699999999999998,3.91871248679599E-15));
#8406=CARTESIAN_POINT('',(-4.45,0.,2.72483912810286E-16));
#8407=CARTESIAN_POINT('',(2.2,0.,2.72483912810286E-16));
#8408=CARTESIAN_POINT('',(2.2,-0.7,-3.18408167778312E-17));
#8409=CARTESIAN_POINT('',(2.2,-0.7,-5.42101086242752E-17));
#8410=CARTESIAN_POINT('',(2.2,-0.7,-5.42101086242752E-17));
#8411=CARTESIAN_POINT('',(-2.2,-0.7,-5.42101086242752E-17));
#8412=CARTESIAN_POINT('',(-2.2,-0.7,-3.18408167778312E-17));
#8413=CARTESIAN_POINT('',(-2.2,0.,2.72483912810286E-16));
#8414=CARTESIAN_POINT('',(-4.45,0.,2.72483912810286E-16));
#8415=CARTESIAN_POINT('',(-4.85,-0.700000000000002,3.91871248679599E-15));
#8416=CARTESIAN_POINT('',(-2.47,0.,0.));
#8417=CARTESIAN_POINT('',(-2.47,2.5,0.));
#8418=CARTESIAN_POINT('',(-2.47,2.5,0.));
#8419=CARTESIAN_POINT('',(-3.55000000000001,2.5,0.));
#8420=CARTESIAN_POINT('',(-3.55000000000001,0.,4.33680868994202E-15));
#8421=CARTESIAN_POINT('',(-3.55000000000001,2.55,4.33680868994202E-15));
#8422=CARTESIAN_POINT('',(-3.70000000000001,2.55,4.33680868994202E-15));
#8423=CARTESIAN_POINT('',(-3.85000000000001,2.55,4.33680868994202E-15));
#8424=CARTESIAN_POINT('',(-3.85000000000001,2.55,4.33680868994202E-15));
#8425=CARTESIAN_POINT('',(-3.85000000000001,0.0499999999999997,4.33680868994202E-15));
#8426=CARTESIAN_POINT('',(-3.85000000000001,0.0499999999999998,4.33680868994202E-15));
#8427=CARTESIAN_POINT('',(-4.45,0.05,4.33680868994202E-15));
#8428=CARTESIAN_POINT('',(-4.45,3.15,4.33680868994202E-16));
#8429=CARTESIAN_POINT('',(-4.45,3.15,4.33680868994202E-16));
#8430=CARTESIAN_POINT('',(-4.45,3.15,2.72483912810286E-16));
#8431=CARTESIAN_POINT('',(-2.95,3.15,2.72483912810286E-16));
#8432=CARTESIAN_POINT('',(-2.95,3.15,2.72483912810286E-16));
#8433=CARTESIAN_POINT('',(-2.95,2.80000000000001,2.72483912810286E-16));
#8434=CARTESIAN_POINT('',(-4.45,2.80000000000001,2.72483912810286E-16));
#8435=CARTESIAN_POINT('',(-2.55,2.80000000000001,2.71050543121376E-16));
#8436=CARTESIAN_POINT('',(-2.55,3.15,2.72483912810286E-16));
#8437=CARTESIAN_POINT('',(-2.55,3.15,2.72483912810286E-16));
#8438=CARTESIAN_POINT('',(-4.45,3.15,2.72483912810286E-16));
#8439=CARTESIAN_POINT('',(-1.85,3.15,2.72486528664768E-16));
#8440=CARTESIAN_POINT('',(-1.85,3.15,2.72483912810286E-16));
#8441=CARTESIAN_POINT('',(-1.85,2.8,2.71050543121376E-16));
#8442=CARTESIAN_POINT('',(-4.45,2.8,2.72483912810286E-16));
#8443=CARTESIAN_POINT('',(-1.65,2.8,2.71050543121376E-16));
#8444=CARTESIAN_POINT('',(-1.65,3.15,2.72483912810286E-16));
#8445=CARTESIAN_POINT('',(-1.65,3.15,2.72486528664768E-16));
#8446=CARTESIAN_POINT('',(-4.45,3.15,2.72483912810286E-16));
#8447=CARTESIAN_POINT('',(-0.85,3.15,2.72486528664768E-16));
#8448=CARTESIAN_POINT('',(-0.85,3.15,2.72483912810286E-16));
#8449=CARTESIAN_POINT('',(-0.85,2.8,2.71050543121376E-16));
#8450=CARTESIAN_POINT('',(-4.45,2.8,2.72483912810286E-16));
#8451=CARTESIAN_POINT('',(-0.65,2.8,2.71050543121376E-16));
#8452=CARTESIAN_POINT('',(-0.65,3.15,2.72483912810286E-16));
#8453=CARTESIAN_POINT('',(-0.65,3.15,2.72486528664768E-16));
#8454=CARTESIAN_POINT('',(-4.45,3.15,2.72483912810286E-16));
#8455=CARTESIAN_POINT('',(0.15,3.15,2.72486528664768E-16));
#8456=CARTESIAN_POINT('',(0.15,3.15,2.72483912810286E-16));
#8457=CARTESIAN_POINT('',(0.15,2.8,2.71050543121376E-16));
#8458=CARTESIAN_POINT('',(-4.45,2.8,2.72483912810286E-16));
#8459=CARTESIAN_POINT('',(0.35,2.8,2.71050543121376E-16));
#8460=CARTESIAN_POINT('',(0.35,3.15,2.72483912810286E-16));
#8461=CARTESIAN_POINT('',(0.35,3.15,2.72486528664768E-16));
#8462=CARTESIAN_POINT('',(-4.45,3.15,2.72483912810286E-16));
#8463=CARTESIAN_POINT('',(1.15,3.15,2.72486528664768E-16));
#8464=CARTESIAN_POINT('',(1.15,3.15,2.72483912810286E-16));
#8465=CARTESIAN_POINT('',(1.15,2.8,2.71050543121376E-16));
#8466=CARTESIAN_POINT('',(-4.45,2.8,2.72483912810286E-16));
#8467=CARTESIAN_POINT('',(1.35,2.8,2.71050543121376E-16));
#8468=CARTESIAN_POINT('',(1.35,3.15,2.72483912810286E-16));
#8469=CARTESIAN_POINT('',(1.35,3.15,2.72486528664768E-16));
#8470=CARTESIAN_POINT('',(-4.45,3.15,2.72483912810286E-16));
#8471=CARTESIAN_POINT('',(2.55,3.15,2.72483912810286E-16));
#8472=CARTESIAN_POINT('',(2.55,3.15,2.72483912810286E-16));
#8473=CARTESIAN_POINT('',(2.55,2.80000000000001,2.72483912810286E-16));
#8474=CARTESIAN_POINT('',(-4.45,2.80000000000001,2.72483912810286E-16));
#8475=CARTESIAN_POINT('',(2.95,2.80000000000001,2.71050543121376E-16));
#8476=CARTESIAN_POINT('',(2.95,3.15,2.72483912810286E-16));
#8477=CARTESIAN_POINT('',(2.95,3.15,2.72483912810286E-16));
#8478=CARTESIAN_POINT('',(-4.45,3.15,2.72483912810286E-16));
#8479=CARTESIAN_POINT('',(4.45,3.15,2.72483912810286E-16));
#8480=CARTESIAN_POINT('',(4.45,3.15,2.72483912810286E-16));
#8481=CARTESIAN_POINT('',(4.45,0.0499999999999994,4.33680868994202E-16));
#8482=CARTESIAN_POINT('',(4.45,0.05,4.33680868994202E-15));
#8483=CARTESIAN_POINT('',(3.85,0.0499999999999998,4.33680868994202E-15));
#8484=CARTESIAN_POINT('',(3.85,0.0499999999999998,4.33680868994202E-15));
#8485=CARTESIAN_POINT('',(3.85,2.55,4.33680868994202E-15));
#8486=CARTESIAN_POINT('',(3.7,2.55,4.33680868994202E-15));
#8487=CARTESIAN_POINT('',(3.55,2.55,4.33680868994202E-15));
#8488=CARTESIAN_POINT('',(3.55,2.55,4.33680868994202E-15));
#8489=CARTESIAN_POINT('',(3.55000000000001,2.5,0.));
#8490=CARTESIAN_POINT('',(3.55000000000001,2.5,0.));
#8491=CARTESIAN_POINT('',(2.47,2.5,0.));
#8492=CARTESIAN_POINT('',(2.47,2.5,0.));
#8493=CARTESIAN_POINT('',(4.85,2.05998412772246E-15,3.91871248679599E-15));
#8494=CARTESIAN_POINT('',(2.325,6.50521303491303E-16,3.14565419483422E-15));
#8495=CARTESIAN_POINT('',(4.85,-0.699999999999998,3.99680288865056E-15));
#8496=CARTESIAN_POINT('',(4.85,-0.699999999999998,2.3));
#8497=CARTESIAN_POINT('',(4.85,2.05998412772246E-15,2.3));
#8498=CARTESIAN_POINT('',(4.85,2.05998412772246E-15,3.99680288865056E-15));
#8499=CARTESIAN_POINT('',(4.85,-0.699999999999998,2.3));
#8500=CARTESIAN_POINT('',(1.75,-0.699999999999999,3.));
#8501=CARTESIAN_POINT('',(1.75,6.50521303491303E-16,3.));
#8502=CARTESIAN_POINT('',(4.85,2.05998412772246E-15,2.3));
#8503=CARTESIAN_POINT('',(1.75,-0.699999999999999,3.));
#8504=CARTESIAN_POINT('',(-1.75,-0.700000000000001,3.));
#8505=CARTESIAN_POINT('',(-1.75,-1.0842021724855E-15,3.));
#8506=CARTESIAN_POINT('',(1.75,6.50521303491303E-16,3.));
#8507=CARTESIAN_POINT('',(-1.75,-0.700000000000001,3.));
#8508=CARTESIAN_POINT('',(-1.75,-1.0842021724855E-15,3.));
#8509=CARTESIAN_POINT('',(3.60685079163494E-16,-0.7,0.));
#8510=CARTESIAN_POINT('',(-2.15,1.7,1.09));
#8511=CARTESIAN_POINT('',(2.15,1.7,1.67));
#8512=CARTESIAN_POINT('',(2.15,1.7,1.67));
#8513=CARTESIAN_POINT('',(2.15,1.7,1.67));
#8514=CARTESIAN_POINT('',(2.15,1.7,1.67));
#8515=CARTESIAN_POINT('',(2.15,1.7,1.67));
#8516=CARTESIAN_POINT('',(2.15,1.7,1.67));
#8517=CARTESIAN_POINT('',(2.15,1.7,1.67));
#8518=CARTESIAN_POINT('',(2.15,1.7,1.67));
#8519=CARTESIAN_POINT('',(2.15,1.7,1.09));
#8520=CARTESIAN_POINT('',(2.15,1.7,1.09));
#8521=CARTESIAN_POINT('',(2.15,0.799999999999998,1.78000000000001));
#8522=CARTESIAN_POINT('',(2.15,0.799999999999997,1.25000000000001));
#8523=CARTESIAN_POINT('',(2.15,0.799999999999997,1.25000000000001));
#8524=CARTESIAN_POINT('',(2.15,0.,0.));
#8525=CARTESIAN_POINT('',(-2.15,0.799999999999997,1.25000000000001));
#8526=CARTESIAN_POINT('',(-2.15,0.799999999999997,1.25000000000001));
#8527=CARTESIAN_POINT('',(-2.15,0.799999999999998,1.78000000000001));
#8528=CARTESIAN_POINT('',(-2.15,0.,0.));
#8529=CARTESIAN_POINT('',(3.95,2.565,0.480000000000006));
#8530=CARTESIAN_POINT('',(3.95,2.565,0.480000000000006));
#8531=CARTESIAN_POINT('',(3.95,8.88178419700125E-16,0.480000000000006));
#8532=CARTESIAN_POINT('',(3.95,8.88178419700125E-16,0.480000000000006));
#8533=CARTESIAN_POINT('',(3.95,2.95,0.700000000000006));
#8534=CARTESIAN_POINT('',(3.95,2.95,0.700000000000006));
#8535=CARTESIAN_POINT('',(3.95,2.565,0.480000000000006));
#8536=CARTESIAN_POINT('',(3.95,2.565,0.480000000000006));
#8537=CARTESIAN_POINT('',(3.95,2.95,1.58000000000001));
#8538=CARTESIAN_POINT('',(3.95,2.95,1.58000000000001));
#8539=CARTESIAN_POINT('',(3.95,2.95,0.700000000000006));
#8540=CARTESIAN_POINT('',(3.95,2.95,1.44));
#8541=CARTESIAN_POINT('',(3.95,2.95,0.840000000000005));
#8542=CARTESIAN_POINT('',(3.95,2.95,0.840000000000005));
#8543=CARTESIAN_POINT('',(3.95,2.95,0.700000000000006));
#8544=CARTESIAN_POINT('',(3.95,2.95,0.700000000000006));
#8545=CARTESIAN_POINT('',(3.95,2.565,1.80000000000001));
#8546=CARTESIAN_POINT('',(3.95,2.565,1.80000000000001));
#8547=CARTESIAN_POINT('',(3.95,2.95,1.58000000000001));
#8548=CARTESIAN_POINT('',(3.95,2.95,1.58000000000001));
#8549=CARTESIAN_POINT('',(3.95,2.565,1.80000000000001));
#8550=CARTESIAN_POINT('',(3.95,2.565,1.80000000000001));
#8551=CARTESIAN_POINT('',(3.95,1.62,0.840000000000004));
#8552=CARTESIAN_POINT('',(3.95,1.95,1.44));
#8553=CARTESIAN_POINT('',(3.95,1.87594266810245,1.44));
#8554=CARTESIAN_POINT('',(3.95,2.95,0.840000000000005));
#8555=CARTESIAN_POINT('',(3.95,1.87594266810245,0.840000000000004));
#8556=CARTESIAN_POINT('',(3.95,1.87594266810245,0.840000000000004));
#8557=CARTESIAN_POINT('',(3.95,0.,0.));
#8558=CARTESIAN_POINT('',(3.95,1.87594266810245,1.44));
#8559=CARTESIAN_POINT('',(4.37,1.87594266810245,1.44));
#8560=CARTESIAN_POINT('',(3.95,1.87594266810245,0.840000000000004));
#8561=CARTESIAN_POINT('',(4.37,1.87594266810245,0.840000000000004));
#8562=CARTESIAN_POINT('',(4.37,1.87594266810245,0.840000000000004));
#8563=CARTESIAN_POINT('',(3.95,1.87594266810245,0.840000000000004));
#8564=CARTESIAN_POINT('',(4.37,1.87594266810245,1.44));
#8565=CARTESIAN_POINT('',(4.22,2.6,1.44));
#8566=CARTESIAN_POINT('',(4.37,1.87594266810245,0.840000000000004));
#8567=CARTESIAN_POINT('',(4.22,2.6,0.840000000000005));
#8568=CARTESIAN_POINT('',(4.22,2.6,0.840000000000005));
#8569=CARTESIAN_POINT('',(4.37,1.87594266810245,0.840000000000004));
#8570=CARTESIAN_POINT('',(4.22,2.6,1.44));
#8571=CARTESIAN_POINT('',(4.22,2.6,0.840000000000005));
#8572=CARTESIAN_POINT('',(4.22,2.6,0.840000000000005));
#8573=CARTESIAN_POINT('',(0.,-7.80625564189565E-16,0.840000000000003));
#8574=CARTESIAN_POINT('',(0.,-7.80625564189565E-16,1.44));
#8575=CARTESIAN_POINT('',(4.08,1.39483339501605,0.840000000000004));
#8576=CARTESIAN_POINT('',(4.08,0.758785899666243,0.840000000000004));
#8577=CARTESIAN_POINT('',(4.08,1.39483339501605,0.840000000000004));
#8578=CARTESIAN_POINT('',(3.45,-1.33226762955019E-15,1.78000000000001));
#8579=CARTESIAN_POINT('',(3.45,2.4,1.78000000000001));
#8580=CARTESIAN_POINT('',(3.25,2.4,1.78000000000001));
#8581=CARTESIAN_POINT('',(3.25,2.4,1.78000000000001));
#8582=CARTESIAN_POINT('',(3.25,-1.33226762955019E-15,1.78000000000001));
#8583=CARTESIAN_POINT('',(3.25,0.799999999999997,1.78000000000001));
#8584=CARTESIAN_POINT('',(-7.64000000000001,0.799999999999998,1.78000000000001));
#8585=CARTESIAN_POINT('',(2.15,0.799999999999998,1.78000000000001));
#8586=CARTESIAN_POINT('',(2.15,-2.44249065417534E-15,1.78000000000001));
#8587=CARTESIAN_POINT('',(3.25,-1.33226762955019E-15,1.78000000000001));
#8588=CARTESIAN_POINT('',(3.25,2.565,1.05));
#8589=CARTESIAN_POINT('',(3.25,2.4,1.05));
#8590=CARTESIAN_POINT('',(3.25,2.4,1.05));
#8591=CARTESIAN_POINT('',(3.45,2.4,1.05));
#8592=CARTESIAN_POINT('',(3.45,2.565,1.05));
#8593=CARTESIAN_POINT('',(3.25,2.565,1.05));
#8594=CARTESIAN_POINT('',(3.25,2.4,0.));
#8595=CARTESIAN_POINT('',(3.25,0.799999999999997,1.25000000000001));
#8596=CARTESIAN_POINT('',(3.25,0.799999999999997,1.25000000000001));
#8597=CARTESIAN_POINT('',(3.25,0.799999999999998,1.78000000000001));
#8598=CARTESIAN_POINT('',(3.25,0.,0.));
#8599=CARTESIAN_POINT('',(2.15,0.799999999999998,1.78000000000001));
#8600=CARTESIAN_POINT('',(2.15,0.,0.));
#8601=CARTESIAN_POINT('',(-7.64000000000001,0.799999999999997,1.25000000000001));
#8602=CARTESIAN_POINT('',(-7.64000000000001,0.799999999999998,1.78000000000001));
#8603=CARTESIAN_POINT('',(-7.64000000000001,0.799999999999997,1.25000000000001));
#8604=CARTESIAN_POINT('',(-3.95,2.565,0.480000000000006));
#8605=CARTESIAN_POINT('',(-3.95,8.88178419700125E-16,0.480000000000006));
#8606=CARTESIAN_POINT('',(-3.95,2.95,0.700000000000006));
#8607=CARTESIAN_POINT('',(-3.95,2.565,0.480000000000006));
#8608=CARTESIAN_POINT('',(-3.95,2.95,0.840000000000003));
#8609=CARTESIAN_POINT('',(-3.95,2.95,1.58000000000001));
#8610=CARTESIAN_POINT('',(-3.95,2.95,0.700000000000006));
#8611=CARTESIAN_POINT('',(-3.95,2.565,1.80000000000001));
#8612=CARTESIAN_POINT('',(-3.95,2.95,1.58000000000001));
#8613=CARTESIAN_POINT('',(-3.95,2.565,1.80000000000001));
#8614=CARTESIAN_POINT('',(-3.95,1.87594266810245,1.44));
#8615=CARTESIAN_POINT('',(-4.37,1.87594266810245,1.44));
#8616=CARTESIAN_POINT('',(-4.37,1.87594266810245,0.840000000000004));
#8617=CARTESIAN_POINT('',(-4.37,1.87594266810245,0.840000000000004));
#8618=CARTESIAN_POINT('',(-3.95,1.87594266810245,0.840000000000004));
#8619=CARTESIAN_POINT('',(-3.95,1.87594266810245,0.840000000000004));
#8620=CARTESIAN_POINT('',(-4.37,1.87594266810245,1.44));
#8621=CARTESIAN_POINT('',(-4.22,2.6,1.44));
#8622=CARTESIAN_POINT('',(-4.22,2.6,0.840000000000004));
#8623=CARTESIAN_POINT('',(-4.22,2.6,0.840000000000004));
#8624=CARTESIAN_POINT('',(-4.37,1.87594266810245,0.840000000000004));
#8625=CARTESIAN_POINT('',(-4.37,1.87594266810245,0.840000000000004));
#8626=CARTESIAN_POINT('',(-4.22,2.6,1.44));
#8627=CARTESIAN_POINT('',(-4.22,2.6,0.840000000000004));
#8628=CARTESIAN_POINT('',(-4.22,2.6,0.840000000000004));
#8629=CARTESIAN_POINT('',(0.,7.80625564189566E-16,0.840000000000005));
#8630=CARTESIAN_POINT('',(0.,7.80625564189566E-16,1.44000000000001));
#8631=CARTESIAN_POINT('',(-3.98264153607085,0.55,0.840000000000005));
#8632=CARTESIAN_POINT('',(-4.08,0.758785899666243,0.840000000000004));
#8633=CARTESIAN_POINT('',(-3.95,0.480000000000002,0.840000000000005));
#8634=CARTESIAN_POINT('',(-4.08,1.39483339501605,0.840000000000004));
#8635=CARTESIAN_POINT('',(-4.08,0.758785899666243,0.840000000000004));
#8636=CARTESIAN_POINT('',(-4.08,1.39483339501605,0.840000000000004));
#8637=CARTESIAN_POINT('',(-3.25,2.4,1.78000000000001));
#8638=CARTESIAN_POINT('',(-3.45,2.4,1.78000000000001));
#8639=CARTESIAN_POINT('',(-3.25,2.4,1.78000000000001));
#8640=CARTESIAN_POINT('',(-3.45,-1.33226762955019E-15,1.78000000000001));
#8641=CARTESIAN_POINT('',(-2.15,-2.44249065417534E-15,1.78000000000001));
#8642=CARTESIAN_POINT('',(-2.15,0.799999999999998,1.78000000000001));
#8643=CARTESIAN_POINT('',(7.64000000000001,0.799999999999998,1.78000000000001));
#8644=CARTESIAN_POINT('',(-3.25,0.799999999999998,1.78000000000001));
#8645=CARTESIAN_POINT('',(-3.25,-1.33226762955019E-15,1.78000000000001));
#8646=CARTESIAN_POINT('',(-3.25,-1.33226762955019E-15,1.78000000000001));
#8647=CARTESIAN_POINT('',(-3.25,2.4,1.05));
#8648=CARTESIAN_POINT('',(-3.25,2.4,1.05));
#8649=CARTESIAN_POINT('',(-3.45,2.4,1.05));
#8650=CARTESIAN_POINT('',(-3.25,2.565,1.05));
#8651=CARTESIAN_POINT('',(-3.45,2.565,1.05));
#8652=CARTESIAN_POINT('',(-3.25,2.565,1.05));
#8653=CARTESIAN_POINT('',(-3.25,2.4,0.));
#8654=CARTESIAN_POINT('',(-3.25,0.799999999999998,1.78000000000001));
#8655=CARTESIAN_POINT('',(-3.25,0.799999999999997,1.25000000000001));
#8656=CARTESIAN_POINT('',(-3.25,0.799999999999997,1.25000000000001));
#8657=CARTESIAN_POINT('',(-3.25,0.,0.));
#8658=CARTESIAN_POINT('',(-2.15,0.799999999999998,1.78000000000001));
#8659=CARTESIAN_POINT('',(-2.15,0.,0.));
#8660=CARTESIAN_POINT('',(7.64000000000001,0.799999999999997,1.25000000000001));
#8661=CARTESIAN_POINT('',(7.64000000000001,0.799999999999998,1.78000000000001));
#8662=CARTESIAN_POINT('',(7.64000000000001,0.799999999999997,1.25000000000001));
#8663=CARTESIAN_POINT('',(-1.65,0.35,1.67000000000001));
#8664=CARTESIAN_POINT('',(-1.65,1.75,1.67000000000001));
#8665=CARTESIAN_POINT('',(-1.85,0.35,1.67000000000001));
#8666=CARTESIAN_POINT('',(-1.85,1.75,1.67000000000001));
#8667=CARTESIAN_POINT('',(2.24,1.75,1.67000000000001));
#8668=CARTESIAN_POINT('',(-1.65,0.35,1.67000000000001));
#8669=CARTESIAN_POINT('',(-1.15,0.35,1.67000000000001));
#8670=CARTESIAN_POINT('',(-1.15,1.75,1.67000000000001));
#8671=CARTESIAN_POINT('',(-1.35,0.35,1.67000000000001));
#8672=CARTESIAN_POINT('',(-1.35,1.75,1.67000000000001));
#8673=CARTESIAN_POINT('',(2.24,1.75,1.67000000000001));
#8674=CARTESIAN_POINT('',(-1.15,0.35,1.67000000000001));
#8675=CARTESIAN_POINT('',(-0.65,0.35,1.67000000000001));
#8676=CARTESIAN_POINT('',(-0.65,1.75,1.67000000000001));
#8677=CARTESIAN_POINT('',(-0.85,0.35,1.67000000000001));
#8678=CARTESIAN_POINT('',(-0.85,1.75,1.67000000000001));
#8679=CARTESIAN_POINT('',(2.24,1.75,1.67000000000001));
#8680=CARTESIAN_POINT('',(-0.65,0.35,1.67000000000001));
#8681=CARTESIAN_POINT('',(-0.15,0.35,1.67000000000001));
#8682=CARTESIAN_POINT('',(-0.15,1.75,1.67000000000001));
#8683=CARTESIAN_POINT('',(-0.35,0.35,1.67000000000001));
#8684=CARTESIAN_POINT('',(-0.35,1.75,1.67000000000001));
#8685=CARTESIAN_POINT('',(2.24,1.75,1.67000000000001));
#8686=CARTESIAN_POINT('',(-0.15,0.35,1.67000000000001));
#8687=CARTESIAN_POINT('',(0.35,0.35,1.67000000000001));
#8688=CARTESIAN_POINT('',(0.35,1.75,1.67000000000001));
#8689=CARTESIAN_POINT('',(0.15,0.35,1.67000000000001));
#8690=CARTESIAN_POINT('',(0.15,1.75,1.67000000000001));
#8691=CARTESIAN_POINT('',(2.24,1.75,1.67000000000001));
#8692=CARTESIAN_POINT('',(0.35,0.35,1.67000000000001));
#8693=CARTESIAN_POINT('',(0.85,0.35,1.67000000000001));
#8694=CARTESIAN_POINT('',(0.85,1.75,1.67000000000001));
#8695=CARTESIAN_POINT('',(0.65,0.35,1.67000000000001));
#8696=CARTESIAN_POINT('',(0.65,1.75,1.67000000000001));
#8697=CARTESIAN_POINT('',(2.24,1.75,1.67000000000001));
#8698=CARTESIAN_POINT('',(0.85,0.35,1.67000000000001));
#8699=CARTESIAN_POINT('',(1.35,0.35,1.67000000000001));
#8700=CARTESIAN_POINT('',(1.35,1.75,1.67000000000001));
#8701=CARTESIAN_POINT('',(1.15,0.35,1.67000000000001));
#8702=CARTESIAN_POINT('',(1.15,1.75,1.67000000000001));
#8703=CARTESIAN_POINT('',(2.24,1.75,1.67000000000001));
#8704=CARTESIAN_POINT('',(1.35,0.35,1.67000000000001));
#8705=CARTESIAN_POINT('',(1.85,0.35,1.67000000000001));
#8706=CARTESIAN_POINT('',(1.85,1.75,1.67000000000001));
#8707=CARTESIAN_POINT('',(1.65,0.35,1.67000000000001));
#8708=CARTESIAN_POINT('',(1.65,1.75,1.67000000000001));
#8709=CARTESIAN_POINT('',(2.24,1.75,1.67000000000001));
#8710=CARTESIAN_POINT('',(1.85,0.35,1.67000000000001));
#8711=CARTESIAN_POINT('',(-2.2,0.,0.));
#8712=CARTESIAN_POINT('',(-2.2,7.43789158854273E-17,0.720000000000011));
#8713=CARTESIAN_POINT('',(2.24,7.43789158854273E-17,0.720000000000011));
#8714=CARTESIAN_POINT('',(-2.24,7.43789158854273E-17,0.720000000000011));
#8715=CARTESIAN_POINT('',(-2.24,0.,1.85000000000001));
#8716=CARTESIAN_POINT('',(0.,0.,0.));
#8717=CARTESIAN_POINT('',(2.24,0.,1.85000000000001));
#8718=CARTESIAN_POINT('',(2.24,7.43789158854273E-17,0.720000000000011));
#8719=CARTESIAN_POINT('',(2.24,7.43789158854273E-17,0.720000000000011));
#8720=CARTESIAN_POINT('',(2.2,-1.23995488413673E-16,0.720000000000011));
#8721=CARTESIAN_POINT('',(2.2,0.,0.));
#8722=CARTESIAN_POINT('',(0.,0.,0.));
#8723=CARTESIAN_POINT('',(3.45,2.4,0.));
#8724=CARTESIAN_POINT('',(3.45,2.4,1.85));
#8725=CARTESIAN_POINT('',(3.45,2.4,0.));
#8726=CARTESIAN_POINT('',(3.45,2.4,0.989999999999999));
#8727=CARTESIAN_POINT('',(3.45,2.4,0.989999999999999));
#8728=CARTESIAN_POINT('',(3.45,2.4,0.45));
#8729=CARTESIAN_POINT('',(3.45,3.15,0.449999999999996));
#8730=CARTESIAN_POINT('',(3.45,3.15,0.45));
#8731=CARTESIAN_POINT('',(3.45,3.15,1.85000000000001));
#8732=CARTESIAN_POINT('',(3.45,3.15,1.85000000000001));
#8733=CARTESIAN_POINT('',(3.45,2.4,0.989999999999999));
#8734=CARTESIAN_POINT('',(3.955,2.4,1.85));
#8735=CARTESIAN_POINT('',(3.155,2.4,1.85));
#8736=CARTESIAN_POINT('',(3.155,2.4,1.85));
#8737=CARTESIAN_POINT('',(3.155,2.4,0.989999999999999));
#8738=CARTESIAN_POINT('',(3.155,2.4,0.989999999999999));
#8739=CARTESIAN_POINT('',(0.,2.4,0.));
#8740=CARTESIAN_POINT('',(-3.955,0.55,1.85));
#8741=CARTESIAN_POINT('',(-3.955,0.55,0.649999999999999));
#8742=CARTESIAN_POINT('',(-3.955,0.55,1.85));
#8743=CARTESIAN_POINT('',(-3.955,0.55,1.65000000000001));
#8744=CARTESIAN_POINT('',(-3.955,0.749999999999999,1.65000000000001));
#8745=CARTESIAN_POINT('',(-3.955,0.75,1.85000000000001));
#8746=CARTESIAN_POINT('',(-3.955,2.4,1.85));
#8747=CARTESIAN_POINT('',(-3.955,0.0499999999999997,1.85));
#8748=CARTESIAN_POINT('',(-3.955,0.0499999999999999,4.33680868994202E-15));
#8749=CARTESIAN_POINT('',(-3.955,0.0499999999999997,0.45));
#8750=CARTESIAN_POINT('',(-3.955,2.4,0.45));
#8751=CARTESIAN_POINT('',(-3.955,0.75,0.449999999999996));
#8752=CARTESIAN_POINT('',(-3.955,0.75,0.649999999999996));
#8753=CARTESIAN_POINT('',(-3.955,2.4,1.85));
#8754=CARTESIAN_POINT('',(-3.45,0.55,0.649999999999999));
#8755=CARTESIAN_POINT('',(-4.45,0.55,0.649999999999999));
#8756=CARTESIAN_POINT('',(-4.45,0.55,1.65000000000001));
#8757=CARTESIAN_POINT('',(-4.45,0.55,1.65000000000001));
#8758=CARTESIAN_POINT('',(-3.45,0.55,1.65000000000001));
#8759=CARTESIAN_POINT('',(-3.45,0.55,1.65000000000001));
#8760=CARTESIAN_POINT('',(2.95,3.15,0.));
#8761=CARTESIAN_POINT('',(2.95,3.15,0.300000000000004));
#8762=CARTESIAN_POINT('',(2.95,3.15,0.300000000000004));
#8763=CARTESIAN_POINT('',(2.55,3.15,0.300000000000004));
#8764=CARTESIAN_POINT('',(2.55,3.15,0.));
#8765=CARTESIAN_POINT('',(1.35,3.15,0.));
#8766=CARTESIAN_POINT('',(1.35,3.15,0.299999999999998));
#8767=CARTESIAN_POINT('',(1.15,3.15,0.299999999999998));
#8768=CARTESIAN_POINT('',(1.15,3.15,0.299999999999998));
#8769=CARTESIAN_POINT('',(1.15,3.15,0.));
#8770=CARTESIAN_POINT('',(0.35,3.15,0.));
#8771=CARTESIAN_POINT('',(0.35,3.15,0.299999999999998));
#8772=CARTESIAN_POINT('',(0.15,3.15,0.299999999999998));
#8773=CARTESIAN_POINT('',(0.15,3.15,0.299999999999998));
#8774=CARTESIAN_POINT('',(0.15,3.15,0.));
#8775=CARTESIAN_POINT('',(-0.65,3.15,0.));
#8776=CARTESIAN_POINT('',(-0.65,3.15,0.299999999999998));
#8777=CARTESIAN_POINT('',(-0.85,3.15,0.299999999999998));
#8778=CARTESIAN_POINT('',(-0.85,3.15,0.299999999999998));
#8779=CARTESIAN_POINT('',(-0.85,3.15,0.));
#8780=CARTESIAN_POINT('',(-1.65,3.15,0.));
#8781=CARTESIAN_POINT('',(-1.65,3.15,0.299999999999998));
#8782=CARTESIAN_POINT('',(-1.85,3.15,0.299999999999998));
#8783=CARTESIAN_POINT('',(-1.85,3.15,0.299999999999998));
#8784=CARTESIAN_POINT('',(-1.85,3.15,0.));
#8785=CARTESIAN_POINT('',(-2.55,3.15,0.));
#8786=CARTESIAN_POINT('',(-2.55,3.15,0.300000000000004));
#8787=CARTESIAN_POINT('',(-2.95,3.15,0.300000000000004));
#8788=CARTESIAN_POINT('',(-2.95,3.15,0.300000000000004));
#8789=CARTESIAN_POINT('',(-2.95,3.15,0.));
#8790=CARTESIAN_POINT('',(-4.45,3.15,2.3));
#8791=CARTESIAN_POINT('',(-4.45,3.15,0.45));
#8792=CARTESIAN_POINT('',(-3.45,3.15,0.45));
#8793=CARTESIAN_POINT('',(-3.45,3.15,0.45));
#8794=CARTESIAN_POINT('',(-3.45,3.15,0.45));
#8795=CARTESIAN_POINT('',(-3.45,3.15,1.85000000000001));
#8796=CARTESIAN_POINT('',(-3.45,3.15,1.85000000000001));
#8797=CARTESIAN_POINT('',(-4.45,3.15,1.85000000000001));
#8798=CARTESIAN_POINT('',(-4.45,3.15,2.3));
#8799=CARTESIAN_POINT('',(-4.45,3.15,2.3));
#8800=CARTESIAN_POINT('',(4.45,3.15,2.3));
#8801=CARTESIAN_POINT('',(-2.95,3.15,2.3));
#8802=CARTESIAN_POINT('',(-2.95,3.15,0.));
#8803=CARTESIAN_POINT('',(-2.95,3.15,2.));
#8804=CARTESIAN_POINT('',(-2.95,3.15,2.));
#8805=CARTESIAN_POINT('',(-2.55,3.15,2.));
#8806=CARTESIAN_POINT('',(-2.55,3.15,0.));
#8807=CARTESIAN_POINT('',(-2.55,3.15,2.3));
#8808=CARTESIAN_POINT('',(4.45,3.15,2.3));
#8809=CARTESIAN_POINT('',(-1.35,3.15,2.3));
#8810=CARTESIAN_POINT('',(-1.35,3.15,0.));
#8811=CARTESIAN_POINT('',(-1.35,3.15,2.00000000000001));
#8812=CARTESIAN_POINT('',(-1.15,3.15,2.00000000000001));
#8813=CARTESIAN_POINT('',(-1.15,3.15,2.00000000000001));
#8814=CARTESIAN_POINT('',(-1.15,3.15,0.));
#8815=CARTESIAN_POINT('',(-1.15,3.15,2.3));
#8816=CARTESIAN_POINT('',(4.45,3.15,2.3));
#8817=CARTESIAN_POINT('',(-0.35,3.15,2.3));
#8818=CARTESIAN_POINT('',(-0.35,3.15,0.));
#8819=CARTESIAN_POINT('',(-0.35,3.15,2.00000000000001));
#8820=CARTESIAN_POINT('',(-0.15,3.15,2.00000000000001));
#8821=CARTESIAN_POINT('',(-0.15,3.15,2.00000000000001));
#8822=CARTESIAN_POINT('',(-0.15,3.15,0.));
#8823=CARTESIAN_POINT('',(-0.15,3.15,2.3));
#8824=CARTESIAN_POINT('',(4.45,3.15,2.3));
#8825=CARTESIAN_POINT('',(0.65,3.15,2.3));
#8826=CARTESIAN_POINT('',(0.65,3.15,0.));
#8827=CARTESIAN_POINT('',(0.65,3.15,2.00000000000001));
#8828=CARTESIAN_POINT('',(0.85,3.15,2.00000000000001));
#8829=CARTESIAN_POINT('',(0.85,3.15,2.00000000000001));
#8830=CARTESIAN_POINT('',(0.85,3.15,0.));
#8831=CARTESIAN_POINT('',(0.85,3.15,2.3));
#8832=CARTESIAN_POINT('',(4.45,3.15,2.3));
#8833=CARTESIAN_POINT('',(1.65,3.15,2.3));
#8834=CARTESIAN_POINT('',(1.65,3.15,0.));
#8835=CARTESIAN_POINT('',(1.65,3.15,2.00000000000001));
#8836=CARTESIAN_POINT('',(1.85,3.15,2.00000000000001));
#8837=CARTESIAN_POINT('',(1.85,3.15,2.00000000000001));
#8838=CARTESIAN_POINT('',(1.85,3.15,0.));
#8839=CARTESIAN_POINT('',(1.85,3.15,2.3));
#8840=CARTESIAN_POINT('',(4.45,3.15,2.3));
#8841=CARTESIAN_POINT('',(2.55,3.15,2.3));
#8842=CARTESIAN_POINT('',(2.55,3.15,0.));
#8843=CARTESIAN_POINT('',(2.55,3.15,2.));
#8844=CARTESIAN_POINT('',(2.95,3.15,2.));
#8845=CARTESIAN_POINT('',(2.95,3.15,2.));
#8846=CARTESIAN_POINT('',(2.95,3.15,0.));
#8847=CARTESIAN_POINT('',(2.95,3.15,2.3));
#8848=CARTESIAN_POINT('',(4.45,3.15,2.3));
#8849=CARTESIAN_POINT('',(4.45,3.15,2.3));
#8850=CARTESIAN_POINT('',(4.45,3.15,4.44089209850063E-16));
#8851=CARTESIAN_POINT('',(4.45,3.15,1.85000000000001));
#8852=CARTESIAN_POINT('',(3.45,3.15,1.85000000000001));
#8853=CARTESIAN_POINT('',(3.45,3.15,0.45));
#8854=CARTESIAN_POINT('',(4.45,3.15,0.45));
#8855=CARTESIAN_POINT('',(4.45,3.15,4.44089209850063E-16));
#8856=CARTESIAN_POINT('',(0.,3.15,0.));
#8857=CARTESIAN_POINT('',(2.95,3.15,2.3));
#8858=CARTESIAN_POINT('',(2.95,2.80000000000001,2.3));
#8859=CARTESIAN_POINT('',(4.45,2.80000000000001,2.3));
#8860=CARTESIAN_POINT('',(2.55,2.80000000000001,2.3));
#8861=CARTESIAN_POINT('',(2.55,3.15,2.3));
#8862=CARTESIAN_POINT('',(1.85,3.15,2.3));
#8863=CARTESIAN_POINT('',(1.85,2.8,2.3));
#8864=CARTESIAN_POINT('',(4.45,2.8,2.3));
#8865=CARTESIAN_POINT('',(1.65,2.8,2.3));
#8866=CARTESIAN_POINT('',(1.65,3.15,2.3));
#8867=CARTESIAN_POINT('',(0.85,3.15,2.3));
#8868=CARTESIAN_POINT('',(0.85,2.8,2.3));
#8869=CARTESIAN_POINT('',(4.45,2.8,2.3));
#8870=CARTESIAN_POINT('',(0.65,2.8,2.3));
#8871=CARTESIAN_POINT('',(0.65,3.15,2.3));
#8872=CARTESIAN_POINT('',(-0.15,3.15,2.3));
#8873=CARTESIAN_POINT('',(-0.15,2.8,2.3));
#8874=CARTESIAN_POINT('',(4.45,2.8,2.3));
#8875=CARTESIAN_POINT('',(-0.35,2.8,2.3));
#8876=CARTESIAN_POINT('',(-0.35,3.15,2.3));
#8877=CARTESIAN_POINT('',(-1.15,3.15,2.3));
#8878=CARTESIAN_POINT('',(-1.15,2.8,2.3));
#8879=CARTESIAN_POINT('',(4.45,2.8,2.3));
#8880=CARTESIAN_POINT('',(-1.35,2.8,2.3));
#8881=CARTESIAN_POINT('',(-1.35,3.15,2.3));
#8882=CARTESIAN_POINT('',(-2.55,3.15,2.3));
#8883=CARTESIAN_POINT('',(-2.55,2.80000000000001,2.3));
#8884=CARTESIAN_POINT('',(4.45,2.80000000000001,2.3));
#8885=CARTESIAN_POINT('',(-2.95,2.80000000000001,2.3));
#8886=CARTESIAN_POINT('',(-2.95,3.15,2.3));
#8887=CARTESIAN_POINT('',(-4.45,3.15,2.3));
#8888=CARTESIAN_POINT('',(-4.45,0.05,2.3));
#8889=CARTESIAN_POINT('',(-3.85000000000001,0.0499999999999998,2.3));
#8890=CARTESIAN_POINT('',(-3.85000000000001,0.0499999999999997,2.3));
#8891=CARTESIAN_POINT('',(-3.85000000000001,2.55,2.3));
#8892=CARTESIAN_POINT('',(-3.85000000000001,2.55,2.3));
#8893=CARTESIAN_POINT('',(-3.70000000000001,2.55,2.3));
#8894=CARTESIAN_POINT('',(-3.55000000000001,2.55,2.3));
#8895=CARTESIAN_POINT('',(-3.55000000000001,0.,2.3));
#8896=CARTESIAN_POINT('',(3.55,2.55,2.3));
#8897=CARTESIAN_POINT('',(3.55,2.55,2.3));
#8898=CARTESIAN_POINT('',(3.7,2.55,2.3));
#8899=CARTESIAN_POINT('',(3.85,2.55,2.3));
#8900=CARTESIAN_POINT('',(3.85,0.0499999999999998,2.3));
#8901=CARTESIAN_POINT('',(3.85,0.0499999999999998,2.3));
#8902=CARTESIAN_POINT('',(4.45,0.05,2.3));
#8903=CARTESIAN_POINT('',(4.45,0.0499999999999994,2.3));
#8904=CARTESIAN_POINT('',(4.45,3.15,2.3));
#8905=CARTESIAN_POINT('',(4.45,3.15,2.3));
#8906=CARTESIAN_POINT('',(-2.1,1.1,1.85000000000001));
#8907=CARTESIAN_POINT('',(-2.1,1.1,1.85000000000001));
#8908=CARTESIAN_POINT('',(-2.24,1.1,1.85000000000001));
#8909=CARTESIAN_POINT('',(-2.1,0.,1.85000000000001));
#8910=CARTESIAN_POINT('',(-3.55000000000001,8.52809627067147E-32,1.85));
#8911=CARTESIAN_POINT('',(-3.55000000000001,2.55,1.85000000000001));
#8912=CARTESIAN_POINT('',(-3.70000000000001,2.55,1.85000000000001));
#8913=CARTESIAN_POINT('',(-3.85000000000001,2.55,1.85000000000001));
#8914=CARTESIAN_POINT('',(-3.85000000000001,2.55,1.85));
#8915=CARTESIAN_POINT('',(-3.85000000000001,0.0499999999999997,1.85));
#8916=CARTESIAN_POINT('',(-3.85000000000001,0.0499999999999998,1.85));
#8917=CARTESIAN_POINT('',(-3.45,0.75,1.85000000000001));
#8918=CARTESIAN_POINT('',(-4.45,0.75,1.85000000000001));
#8919=CARTESIAN_POINT('',(-4.45,3.15,1.85000000000001));
#8920=CARTESIAN_POINT('',(-3.45,3.15,1.85000000000001));
#8921=CARTESIAN_POINT('',(-3.45,2.4,1.85000000000001));
#8922=CARTESIAN_POINT('',(-3.155,2.4,1.85));
#8923=CARTESIAN_POINT('',(-3.155,2.4,1.85));
#8924=CARTESIAN_POINT('',(-3.155,2.4,1.85));
#8925=CARTESIAN_POINT('',(-3.155,0.9,1.85));
#8926=CARTESIAN_POINT('',(-2.24,0.9,1.85));
#8927=CARTESIAN_POINT('',(-2.24,0.9,1.85));
#8928=CARTESIAN_POINT('',(-2.24,1.75,1.85000000000001));
#8929=CARTESIAN_POINT('',(2.24,1.75,1.85000000000001));
#8930=CARTESIAN_POINT('',(2.24,1.1,1.72000000000001));
#8931=CARTESIAN_POINT('',(2.24,1.1,1.72000000000001));
#8932=CARTESIAN_POINT('',(2.24,1.1,1.85000000000001));
#8933=CARTESIAN_POINT('',(2.24,1.75,1.72000000000001));
#8934=CARTESIAN_POINT('',(2.24,1.75,1.72000000000001));
#8935=CARTESIAN_POINT('',(2.24,1.75,0.720000000000011));
#8936=CARTESIAN_POINT('',(2.24,1.75,0.720000000000011));
#8937=CARTESIAN_POINT('',(2.24,0.,0.720000000000011));
#8938=CARTESIAN_POINT('',(2.24,0.9,1.19));
#8939=CARTESIAN_POINT('',(2.24,0.9,1.19));
#8940=CARTESIAN_POINT('',(2.24,0.9,1.85));
#8941=CARTESIAN_POINT('',(2.24,0.9,1.85));
#8942=CARTESIAN_POINT('',(2.24,1.75,1.85000000000001));
#8943=CARTESIAN_POINT('',(2.24,0.,0.));
#8944=CARTESIAN_POINT('',(-2.24,1.1,1.72000000000001));
#8945=CARTESIAN_POINT('',(-2.24,1.1,1.72000000000001));
#8946=CARTESIAN_POINT('',(-2.24,1.75,1.72000000000001));
#8947=CARTESIAN_POINT('',(-2.24,1.1,1.72000000000001));
#8948=CARTESIAN_POINT('',(-2.24,0.9,1.19));
#8949=CARTESIAN_POINT('',(-2.24,0.9,1.19));
#8950=CARTESIAN_POINT('',(-2.24,0.9,1.19));
#8951=CARTESIAN_POINT('',(-2.24,0.,0.720000000000011));
#8952=CARTESIAN_POINT('',(-2.24,1.75,0.720000000000011));
#8953=CARTESIAN_POINT('',(-2.24,1.75,0.720000000000011));
#8954=CARTESIAN_POINT('',(-2.24,0.,0.));
#8955=CARTESIAN_POINT('',(-3.155,0.9,1.85));
#8956=CARTESIAN_POINT('',(-3.155,0.9,1.19));
#8957=CARTESIAN_POINT('',(-3.155,2.4,0.989999999999995));
#8958=CARTESIAN_POINT('',(-3.155,2.4,0.989999999999995));
#8959=CARTESIAN_POINT('',(-3.155,2.4,0.989999999999995));
#8960=CARTESIAN_POINT('',(-3.155,0.9,1.19));
#8961=CARTESIAN_POINT('',(-3.155,2.4,0.989999999999995));
#8962=CARTESIAN_POINT('',(-3.85000000000001,2.55,4.33680868994202E-15));
#8963=CARTESIAN_POINT('',(-3.85000000000001,2.55,0.45));
#8964=CARTESIAN_POINT('',(-3.85000000000001,2.55,0.45));
#8965=CARTESIAN_POINT('',(-3.85000000000001,0.0499999999999998,0.45));
#8966=CARTESIAN_POINT('',(-3.85000000000001,0.0499999999999997,4.33680868994202E-15));
#8967=CARTESIAN_POINT('',(-3.85000000000001,2.55,4.33680868994202E-15));
#8968=CARTESIAN_POINT('',(-3.55000000000001,2.5,0.08));
#8969=CARTESIAN_POINT('',(-3.55000000000001,2.5,0.08));
#8970=CARTESIAN_POINT('',(-3.55000000000001,2.5,0.08));
#8971=CARTESIAN_POINT('',(-3.55000000000001,-4.02557180130166E-31,0.449999999999998));
#8972=CARTESIAN_POINT('',(-3.55000000000001,2.55,0.45));
#8973=CARTESIAN_POINT('',(-3.55000000000001,2.55,4.33680868994202E-15));
#8974=CARTESIAN_POINT('',(-3.55000000000001,0.,4.33680868994202E-15));
#8975=CARTESIAN_POINT('',(-3.70000000000001,2.55,0.45));
#8976=CARTESIAN_POINT('',(-3.70000000000001,2.55,4.33680868994202E-15));
#8977=CARTESIAN_POINT('',(-3.55000000000001,2.55,4.33680868994202E-15));
#8978=CARTESIAN_POINT('',(-3.85000000000001,2.55,4.33680868994202E-15));
#8979=CARTESIAN_POINT('',(-3.70000000000001,2.55,4.33680868994202E-15));
#8980=CARTESIAN_POINT('',(3.55000000000001,4.88498130835069E-15,0.08));
#8981=CARTESIAN_POINT('',(3.55000000000001,2.5,0.08));
#8982=CARTESIAN_POINT('',(3.55000000000001,2.5,0.08));
#8983=CARTESIAN_POINT('',(3.55,2.55,4.33680868994202E-15));
#8984=CARTESIAN_POINT('',(3.55,2.55,0.45));
#8985=CARTESIAN_POINT('',(3.55,2.55,0.45));
#8986=CARTESIAN_POINT('',(3.55,2.55,4.33680868994202E-15));
#8987=CARTESIAN_POINT('',(3.85,0.0499999999999998,0.45));
#8988=CARTESIAN_POINT('',(3.85,0.0499999999999998,0.45));
#8989=CARTESIAN_POINT('',(3.85,2.55,0.45));
#8990=CARTESIAN_POINT('',(3.85,2.55,4.33680868994202E-15));
#8991=CARTESIAN_POINT('',(3.85,0.0499999999999998,4.33680868994202E-15));
#8992=CARTESIAN_POINT('',(3.85,0.0499999999999998,4.33680868994202E-15));
#8993=CARTESIAN_POINT('',(3.7,2.55,0.45));
#8994=CARTESIAN_POINT('',(3.7,2.55,4.33680868994202E-15));
#8995=CARTESIAN_POINT('',(-4.45,0.749999999999999,1.65000000000001));
#8996=CARTESIAN_POINT('',(-4.45,0.75,0.649999999999996));
#8997=CARTESIAN_POINT('',(-4.45,0.75,0.449999999999996));
#8998=CARTESIAN_POINT('',(-4.45,0.75,0.449999999999999));
#8999=CARTESIAN_POINT('',(-4.45,0.05,4.33680868994202E-15));
#9000=CARTESIAN_POINT('',(-4.45,3.15,2.3));
#9001=CARTESIAN_POINT('',(4.45,3.15,1.85000000000001));
#9002=CARTESIAN_POINT('',(4.45,0.75,1.85000000000001));
#9003=CARTESIAN_POINT('',(4.45,0.0499999999999994,4.33680868994202E-16));
#9004=CARTESIAN_POINT('',(4.45,0.75,0.449999999999999));
#9005=CARTESIAN_POINT('',(4.45,0.75,0.449999999999996));
#9006=CARTESIAN_POINT('',(4.45,0.75,0.649999999999996));
#9007=CARTESIAN_POINT('',(4.45,0.55,0.649999999999999));
#9008=CARTESIAN_POINT('',(4.45,0.55,1.65000000000001));
#9009=CARTESIAN_POINT('',(4.45,0.55,1.65000000000001));
#9010=CARTESIAN_POINT('',(4.45,0.749999999999999,1.65000000000001));
#9011=CARTESIAN_POINT('',(4.45,3.15,4.44089209850063E-16));
#9012=CARTESIAN_POINT('',(-3.85000000000001,0.0499999999999997,4.33680868994202E-15));
#9013=CARTESIAN_POINT('',(-3.85000000000001,2.55,4.33680868994202E-15));
#9014=CARTESIAN_POINT('',(-3.85,0.0499999999999998,0.45));
#9015=CARTESIAN_POINT('',(-3.85000000000001,0.0499999999999998,4.33680868994202E-15));
#9016=CARTESIAN_POINT('',(-3.55000000000001,0.,4.33680868994202E-15));
#9017=CARTESIAN_POINT('',(3.55,2.55,1.85));
#9018=CARTESIAN_POINT('',(3.55,2.55,1.85000000000001));
#9019=CARTESIAN_POINT('',(3.55,2.55,4.33680868994202E-15));
#9020=CARTESIAN_POINT('',(3.55,2.55,4.33680868994202E-15));
#9021=CARTESIAN_POINT('',(3.955,0.0499999999999999,4.33680868994202E-15));
#9022=CARTESIAN_POINT('',(3.955,0.0499999999999997,1.85));
#9023=CARTESIAN_POINT('',(3.955,0.0499999999999997,0.45));
#9024=CARTESIAN_POINT('',(4.45,0.05,0.45));
#9025=CARTESIAN_POINT('',(3.85,0.0499999999999998,4.33680868994202E-15));
#9026=CARTESIAN_POINT('',(3.85,0.0499999999999998,1.85));
#9027=CARTESIAN_POINT('',(4.45,0.05,1.85));
#9028=CARTESIAN_POINT('',(4.45,0.05,4.33680868994202E-15));
#9029=CARTESIAN_POINT('',(3.85,2.55,4.33680868994202E-15));
#9030=CARTESIAN_POINT('',(3.85,2.55,1.85000000000001));
#9031=CARTESIAN_POINT('',(3.85,0.0499999999999998,1.85));
#9032=CARTESIAN_POINT('',(3.85,0.0499999999999998,4.33680868994202E-15));
#9033=CARTESIAN_POINT('',(3.7,2.55,1.85000000000001));
#9034=CARTESIAN_POINT('',(3.7,2.55,4.33680868994202E-15));
#9035=CARTESIAN_POINT('',(1.85,0.,0.720000000000011));
#9036=CARTESIAN_POINT('',(1.85,-0.193430029674103,0.720000000000011));
#9037=CARTESIAN_POINT('',(1.85,1.75,0.720000000000011));
#9038=CARTESIAN_POINT('',(1.85,-0.193430029674103,0.720000000000011));
#9039=CARTESIAN_POINT('',(1.65,-0.193430029674103,0.720000000000011));
#9040=CARTESIAN_POINT('',(1.65,0.,0.720000000000011));
#9041=CARTESIAN_POINT('',(1.65,1.75,0.720000000000011));
#9042=CARTESIAN_POINT('',(2.24,1.75,0.720000000000011));
#9043=CARTESIAN_POINT('',(1.35,1.75,0.720000000000011));
#9044=CARTESIAN_POINT('',(1.35,0.,0.720000000000011));
#9045=CARTESIAN_POINT('',(1.35,-0.193430029674103,0.720000000000011));
#9046=CARTESIAN_POINT('',(1.35,-0.193430029674103,0.720000000000011));
#9047=CARTESIAN_POINT('',(1.15,-0.193430029674103,0.720000000000011));
#9048=CARTESIAN_POINT('',(1.15,0.,0.720000000000011));
#9049=CARTESIAN_POINT('',(1.15,1.75,0.720000000000011));
#9050=CARTESIAN_POINT('',(2.24,1.75,0.720000000000011));
#9051=CARTESIAN_POINT('',(0.85,1.75,0.720000000000011));
#9052=CARTESIAN_POINT('',(0.85,0.,0.720000000000011));
#9053=CARTESIAN_POINT('',(0.85,-0.193430029674103,0.720000000000011));
#9054=CARTESIAN_POINT('',(0.85,-0.193430029674103,0.720000000000011));
#9055=CARTESIAN_POINT('',(0.65,-0.193430029674103,0.720000000000011));
#9056=CARTESIAN_POINT('',(0.65,0.,0.720000000000011));
#9057=CARTESIAN_POINT('',(0.65,1.75,0.720000000000011));
#9058=CARTESIAN_POINT('',(2.24,1.75,0.720000000000011));
#9059=CARTESIAN_POINT('',(0.35,1.75,0.720000000000011));
#9060=CARTESIAN_POINT('',(0.35,0.,0.720000000000011));
#9061=CARTESIAN_POINT('',(0.35,-0.193430029674103,0.720000000000011));
#9062=CARTESIAN_POINT('',(0.35,-0.193430029674103,0.720000000000011));
#9063=CARTESIAN_POINT('',(0.15,-0.193430029674103,0.720000000000011));
#9064=CARTESIAN_POINT('',(0.15,0.,0.720000000000011));
#9065=CARTESIAN_POINT('',(0.15,1.75,0.720000000000011));
#9066=CARTESIAN_POINT('',(2.24,1.75,0.720000000000011));
#9067=CARTESIAN_POINT('',(-0.15,1.75,0.720000000000011));
#9068=CARTESIAN_POINT('',(-0.15,0.,0.720000000000011));
#9069=CARTESIAN_POINT('',(-0.15,-0.193430029674103,0.720000000000011));
#9070=CARTESIAN_POINT('',(-0.15,-0.193430029674103,0.720000000000011));
#9071=CARTESIAN_POINT('',(-0.35,-0.193430029674103,0.720000000000011));
#9072=CARTESIAN_POINT('',(-0.35,0.,0.720000000000011));
#9073=CARTESIAN_POINT('',(-0.35,1.75,0.720000000000011));
#9074=CARTESIAN_POINT('',(2.24,1.75,0.720000000000011));
#9075=CARTESIAN_POINT('',(-0.65,1.75,0.720000000000011));
#9076=CARTESIAN_POINT('',(-0.65,0.,0.720000000000011));
#9077=CARTESIAN_POINT('',(-0.65,-0.193430029674103,0.720000000000011));
#9078=CARTESIAN_POINT('',(-0.65,-0.193430029674103,0.720000000000011));
#9079=CARTESIAN_POINT('',(-0.85,-0.193430029674103,0.720000000000011));
#9080=CARTESIAN_POINT('',(-0.85,0.,0.720000000000011));
#9081=CARTESIAN_POINT('',(-0.85,1.75,0.720000000000011));
#9082=CARTESIAN_POINT('',(2.24,1.75,0.720000000000011));
#9083=CARTESIAN_POINT('',(-1.15,1.75,0.720000000000011));
#9084=CARTESIAN_POINT('',(-1.15,0.,0.720000000000011));
#9085=CARTESIAN_POINT('',(-1.15,-0.193430029674103,0.720000000000011));
#9086=CARTESIAN_POINT('',(-1.15,-0.193430029674103,0.720000000000011));
#9087=CARTESIAN_POINT('',(-1.35,-0.193430029674103,0.720000000000011));
#9088=CARTESIAN_POINT('',(-1.35,0.,0.720000000000011));
#9089=CARTESIAN_POINT('',(-1.35,1.75,0.720000000000011));
#9090=CARTESIAN_POINT('',(2.24,1.75,0.720000000000011));
#9091=CARTESIAN_POINT('',(-1.65,1.75,0.720000000000011));
#9092=CARTESIAN_POINT('',(-1.65,0.,0.720000000000011));
#9093=CARTESIAN_POINT('',(-1.65,-0.193430029674103,0.720000000000011));
#9094=CARTESIAN_POINT('',(-1.65,-0.193430029674103,0.720000000000011));
#9095=CARTESIAN_POINT('',(-1.85,-0.193430029674103,0.720000000000011));
#9096=CARTESIAN_POINT('',(-1.85,0.,0.720000000000011));
#9097=CARTESIAN_POINT('',(-1.85,1.75,0.720000000000011));
#9098=CARTESIAN_POINT('',(2.24,1.75,0.720000000000011));
#9099=CARTESIAN_POINT('',(-2.2,-1.11022302462516E-16,0.720000000000011));
#9100=CARTESIAN_POINT('',(-2.2,-0.400000000000001,0.72000000000001));
#9101=CARTESIAN_POINT('',(2.2,-0.400000000000001,0.72000000000001));
#9102=CARTESIAN_POINT('',(2.2,-0.400000000000001,0.72000000000001));
#9103=CARTESIAN_POINT('',(2.2,-1.11022302462516E-16,0.720000000000011));
#9104=CARTESIAN_POINT('',(2.24,1.75,0.720000000000011));
#9105=CARTESIAN_POINT('',(2.24,0.,0.720000000000011));
#9106=CARTESIAN_POINT('',(1.85,1.75,0.720000000000011));
#9107=CARTESIAN_POINT('',(1.85,1.75,0.732799951970811));
#9108=CARTESIAN_POINT('',(-2.24,1.75,1.72000000000001));
#9109=CARTESIAN_POINT('',(1.85,1.75,1.72000000000001));
#9110=CARTESIAN_POINT('',(1.85,1.75,0.720000000000011));
#9111=CARTESIAN_POINT('',(1.65,1.75,0.720000000000011));
#9112=CARTESIAN_POINT('',(1.65,1.75,1.72000000000001));
#9113=CARTESIAN_POINT('',(-2.24,1.75,1.72000000000001));
#9114=CARTESIAN_POINT('',(1.35,1.75,1.72000000000001));
#9115=CARTESIAN_POINT('',(1.35,1.75,0.720000000000011));
#9116=CARTESIAN_POINT('',(1.15,1.75,0.720000000000011));
#9117=CARTESIAN_POINT('',(1.15,1.75,1.72000000000001));
#9118=CARTESIAN_POINT('',(-2.24,1.75,1.72000000000001));
#9119=CARTESIAN_POINT('',(0.85,1.75,1.72000000000001));
#9120=CARTESIAN_POINT('',(0.85,1.75,0.720000000000011));
#9121=CARTESIAN_POINT('',(0.65,1.75,0.720000000000011));
#9122=CARTESIAN_POINT('',(0.65,1.75,1.72000000000001));
#9123=CARTESIAN_POINT('',(-2.24,1.75,1.72000000000001));
#9124=CARTESIAN_POINT('',(0.35,1.75,1.72000000000001));
#9125=CARTESIAN_POINT('',(0.35,1.75,0.720000000000011));
#9126=CARTESIAN_POINT('',(0.15,1.75,0.720000000000011));
#9127=CARTESIAN_POINT('',(0.15,1.75,1.72000000000001));
#9128=CARTESIAN_POINT('',(-2.24,1.75,1.72000000000001));
#9129=CARTESIAN_POINT('',(-0.15,1.75,1.72000000000001));
#9130=CARTESIAN_POINT('',(-0.15,1.75,0.720000000000011));
#9131=CARTESIAN_POINT('',(-0.35,1.75,0.720000000000011));
#9132=CARTESIAN_POINT('',(-0.35,1.75,1.72000000000001));
#9133=CARTESIAN_POINT('',(-2.24,1.75,1.72000000000001));
#9134=CARTESIAN_POINT('',(-0.65,1.75,1.72000000000001));
#9135=CARTESIAN_POINT('',(-0.65,1.75,0.720000000000011));
#9136=CARTESIAN_POINT('',(-0.85,1.75,0.720000000000011));
#9137=CARTESIAN_POINT('',(-0.85,1.75,1.72000000000001));
#9138=CARTESIAN_POINT('',(-2.24,1.75,1.72000000000001));
#9139=CARTESIAN_POINT('',(-1.15,1.75,1.72000000000001));
#9140=CARTESIAN_POINT('',(-1.15,1.75,0.720000000000011));
#9141=CARTESIAN_POINT('',(-1.35,1.75,0.720000000000011));
#9142=CARTESIAN_POINT('',(-1.35,1.75,1.72000000000001));
#9143=CARTESIAN_POINT('',(-2.24,1.75,1.72000000000001));
#9144=CARTESIAN_POINT('',(-1.65,1.75,1.72000000000001));
#9145=CARTESIAN_POINT('',(-1.65,1.75,0.720000000000011));
#9146=CARTESIAN_POINT('',(-1.85,1.75,0.720000000000011));
#9147=CARTESIAN_POINT('',(-1.85,1.75,1.72000000000001));
#9148=CARTESIAN_POINT('',(-2.24,1.75,1.72000000000001));
#9149=CARTESIAN_POINT('',(-1.85,1.75,0.720000000000011));
#9150=CARTESIAN_POINT('',(-1.85,1.75,0.732799951970811));
#9151=CARTESIAN_POINT('',(2.24,1.75,0.732799951970811));
#9152=CARTESIAN_POINT('',(-1.65,1.75,0.732799951970811));
#9153=CARTESIAN_POINT('',(-1.65,1.75,0.720000000000011));
#9154=CARTESIAN_POINT('',(-1.35,1.75,0.720000000000011));
#9155=CARTESIAN_POINT('',(-1.35,1.75,0.732799951970811));
#9156=CARTESIAN_POINT('',(2.24,1.75,0.732799951970811));
#9157=CARTESIAN_POINT('',(-1.15,1.75,0.732799951970811));
#9158=CARTESIAN_POINT('',(-1.15,1.75,0.720000000000011));
#9159=CARTESIAN_POINT('',(-0.85,1.75,0.720000000000011));
#9160=CARTESIAN_POINT('',(-0.85,1.75,0.732799951970811));
#9161=CARTESIAN_POINT('',(2.24,1.75,0.732799951970811));
#9162=CARTESIAN_POINT('',(-0.65,1.75,0.732799951970811));
#9163=CARTESIAN_POINT('',(-0.65,1.75,0.720000000000011));
#9164=CARTESIAN_POINT('',(-0.35,1.75,0.720000000000011));
#9165=CARTESIAN_POINT('',(-0.35,1.75,0.732799951970811));
#9166=CARTESIAN_POINT('',(2.24,1.75,0.732799951970811));
#9167=CARTESIAN_POINT('',(-0.15,1.75,0.732799951970811));
#9168=CARTESIAN_POINT('',(-0.15,1.75,0.720000000000011));
#9169=CARTESIAN_POINT('',(0.15,1.75,0.720000000000011));
#9170=CARTESIAN_POINT('',(0.15,1.75,0.732799951970811));
#9171=CARTESIAN_POINT('',(2.24,1.75,0.732799951970811));
#9172=CARTESIAN_POINT('',(0.35,1.75,0.732799951970811));
#9173=CARTESIAN_POINT('',(0.35,1.75,0.720000000000011));
#9174=CARTESIAN_POINT('',(0.65,1.75,0.720000000000011));
#9175=CARTESIAN_POINT('',(0.65,1.75,0.732799951970811));
#9176=CARTESIAN_POINT('',(2.24,1.75,0.732799951970811));
#9177=CARTESIAN_POINT('',(0.85,1.75,0.732799951970811));
#9178=CARTESIAN_POINT('',(0.85,1.75,0.720000000000011));
#9179=CARTESIAN_POINT('',(1.15,1.75,0.720000000000011));
#9180=CARTESIAN_POINT('',(1.15,1.75,0.732799951970811));
#9181=CARTESIAN_POINT('',(2.24,1.75,0.732799951970811));
#9182=CARTESIAN_POINT('',(1.35,1.75,0.732799951970811));
#9183=CARTESIAN_POINT('',(1.35,1.75,0.720000000000011));
#9184=CARTESIAN_POINT('',(1.65,1.75,0.720000000000011));
#9185=CARTESIAN_POINT('',(1.65,1.75,0.732799951970811));
#9186=CARTESIAN_POINT('',(2.24,1.75,0.732799951970811));
#9187=CARTESIAN_POINT('',(2.24,1.75,0.720000000000011));
#9188=CARTESIAN_POINT('',(2.1,1.1,1.85000000000001));
#9189=CARTESIAN_POINT('',(2.1,1.1,1.85000000000001));
#9190=CARTESIAN_POINT('',(2.24,1.1,1.85000000000001));
#9191=CARTESIAN_POINT('',(3.155,0.9,1.85));
#9192=CARTESIAN_POINT('',(3.155,0.9,1.85));
#9193=CARTESIAN_POINT('',(3.155,2.4,1.85));
#9194=CARTESIAN_POINT('',(3.45,0.75,1.85000000000001));
#9195=CARTESIAN_POINT('',(3.955,0.75,1.85000000000001));
#9196=CARTESIAN_POINT('',(3.955,2.4,1.85));
#9197=CARTESIAN_POINT('',(2.24,1.75,1.85000000000001));
#9198=CARTESIAN_POINT('',(3.955,0.55,0.449999999999999));
#9199=CARTESIAN_POINT('',(3.955,0.55,0.649999999999999));
#9200=CARTESIAN_POINT('',(3.955,0.75,0.649999999999996));
#9201=CARTESIAN_POINT('',(3.955,0.75,0.449999999999996));
#9202=CARTESIAN_POINT('',(3.955,2.4,0.45));
#9203=CARTESIAN_POINT('',(3.955,0.749999999999999,1.65000000000001));
#9204=CARTESIAN_POINT('',(3.955,0.55,1.65000000000001));
#9205=CARTESIAN_POINT('',(3.955,0.55,0.449999999999999));
#9206=CARTESIAN_POINT('',(3.955,2.4,0.45));
#9207=CARTESIAN_POINT('',(3.45,0.75,0.449999999999996));
#9208=CARTESIAN_POINT('',(3.45,2.4,0.45));
#9209=CARTESIAN_POINT('',(3.155,0.9,1.19));
#9210=CARTESIAN_POINT('',(3.155,0.9,1.19));
#9211=CARTESIAN_POINT('',(3.155,0.9,1.19));
#9212=CARTESIAN_POINT('',(3.155,2.4,0.989999999999999));
#9213=CARTESIAN_POINT('',(3.155,2.4,1.85));
#9214=CARTESIAN_POINT('',(3.155,2.4,0.989999999999999));
#9215=CARTESIAN_POINT('',(-3.45,2.4,0.));
#9216=CARTESIAN_POINT('',(-3.45,2.4,0.));
#9217=CARTESIAN_POINT('',(-3.45,2.4,0.989999999999997));
#9218=CARTESIAN_POINT('',(-3.45,2.4,0.989999999999999));
#9219=CARTESIAN_POINT('',(0.,2.4,0.));
#9220=CARTESIAN_POINT('',(-3.45,2.4,0.989999999999999));
#9221=CARTESIAN_POINT('',(-3.45,2.4,0.989999999999999));
#9222=CARTESIAN_POINT('',(-3.45,2.4,0.449999999999998));
#9223=CARTESIAN_POINT('',(-3.45,2.4,0.449999999999998));
#9224=CARTESIAN_POINT('',(-3.45,0.75,0.449999999999996));
#9225=CARTESIAN_POINT('',(-3.955,2.4,0.45));
#9226=CARTESIAN_POINT('',(3.45,0.55,1.65000000000001));
#9227=CARTESIAN_POINT('',(3.45,0.55,0.649999999999999));
#9228=CARTESIAN_POINT('',(3.45,0.55,1.65000000000001));
#9229=CARTESIAN_POINT('',(3.45,0.749999999999999,1.65000000000001));
#9230=CARTESIAN_POINT('',(3.45,0.75,0.649999999999996));
#9231=CARTESIAN_POINT('',(-3.45,0.75,0.649999999999996));
#9232=CARTESIAN_POINT('',(-3.45,0.749999999999999,1.65000000000001));
#9233=CARTESIAN_POINT('',(-3.155,0.9,1.19));
#9234=CARTESIAN_POINT('',(-3.155,0.9,1.19));
#9235=CARTESIAN_POINT('',(0.,0.9,0.));
#9236=CARTESIAN_POINT('',(2.24,0.9,1.19));
#9237=CARTESIAN_POINT('',(2.24,0.9,1.19));
#9238=CARTESIAN_POINT('',(0.,0.9,0.));
#9239=CARTESIAN_POINT('',(-2.2,-0.7,0.42000000000001));
#9240=CARTESIAN_POINT('',(-2.2,-0.7,0.42000000000001));
#9241=CARTESIAN_POINT('',(2.2,-0.7,0.42000000000001));
#9242=CARTESIAN_POINT('',(2.2,-0.7,0.42000000000001));
#9243=CARTESIAN_POINT('',(2.2,-0.7,0.42000000000001));
#9244=CARTESIAN_POINT('',(2.2,-0.7,0.42000000000001));
#9245=CARTESIAN_POINT('',(-2.2,-0.4,0.42000000000001));
#9246=CARTESIAN_POINT('',(2.2,-0.4,0.42000000000001));
#9247=CARTESIAN_POINT('',(2.2,-0.4,0.42000000000001));
#9248=CARTESIAN_POINT('',(2.2,-0.4,0.42000000000001));
#9249=CARTESIAN_POINT('',(-2.2,-0.4,0.42000000000001));
#9250=CARTESIAN_POINT('',(2.1,1.1,1.72000000000001));
#9251=CARTESIAN_POINT('',(2.1,1.1,1.72000000000001));
#9252=CARTESIAN_POINT('',(2.24,1.1,1.72000000000001));
#9253=CARTESIAN_POINT('',(2.24,1.1,1.72000000000001));
#9254=CARTESIAN_POINT('',(2.1,1.1,1.72000000000001));
#9255=CARTESIAN_POINT('',(2.1,1.1,1.72000000000001));
#9256=CARTESIAN_POINT('',(-2.1,1.1,1.72000000000001));
#9257=CARTESIAN_POINT('',(-2.1,1.1,1.72000000000001));
#9258=CARTESIAN_POINT('',(-2.1,0.,1.72000000000001));
#9259=CARTESIAN_POINT('',(-2.1,0.,1.72000000000001));
#9260=CARTESIAN_POINT('',(-2.1,1.1,1.72000000000001));
#9261=CARTESIAN_POINT('',(-2.1,1.1,1.72000000000001));
#9262=CARTESIAN_POINT('',(1.85,0.,1.72000000000001));
#9263=CARTESIAN_POINT('',(1.85,0.253169717078452,1.72000000000001));
#9264=CARTESIAN_POINT('',(-1.85,0.,1.72000000000001));
#9265=CARTESIAN_POINT('',(-1.85,0.253169717078452,1.72000000000001));
#9266=CARTESIAN_POINT('',(0.,0.253169717078452,1.72000000000001));
#9267=CARTESIAN_POINT('',(-1.65,0.253169717078452,1.72000000000001));
#9268=CARTESIAN_POINT('',(-1.65,0.,1.72000000000001));
#9269=CARTESIAN_POINT('',(-1.35,0.,1.72000000000001));
#9270=CARTESIAN_POINT('',(-1.35,0.253169717078452,1.72000000000001));
#9271=CARTESIAN_POINT('',(0.,0.253169717078452,1.72000000000001));
#9272=CARTESIAN_POINT('',(-1.15,0.253169717078452,1.72000000000001));
#9273=CARTESIAN_POINT('',(-1.15,0.,1.72000000000001));
#9274=CARTESIAN_POINT('',(-0.85,0.,1.72000000000001));
#9275=CARTESIAN_POINT('',(-0.85,0.253169717078452,1.72000000000001));
#9276=CARTESIAN_POINT('',(0.,0.253169717078452,1.72000000000001));
#9277=CARTESIAN_POINT('',(-0.65,0.253169717078452,1.72000000000001));
#9278=CARTESIAN_POINT('',(-0.65,0.,1.72000000000001));
#9279=CARTESIAN_POINT('',(-0.35,0.,1.72000000000001));
#9280=CARTESIAN_POINT('',(-0.35,0.253169717078452,1.72000000000001));
#9281=CARTESIAN_POINT('',(0.,0.253169717078452,1.72000000000001));
#9282=CARTESIAN_POINT('',(-0.15,0.253169717078452,1.72000000000001));
#9283=CARTESIAN_POINT('',(-0.15,0.,1.72000000000001));
#9284=CARTESIAN_POINT('',(0.15,0.,1.72000000000001));
#9285=CARTESIAN_POINT('',(0.15,0.253169717078452,1.72000000000001));
#9286=CARTESIAN_POINT('',(0.,0.253169717078452,1.72000000000001));
#9287=CARTESIAN_POINT('',(0.35,0.253169717078452,1.72000000000001));
#9288=CARTESIAN_POINT('',(0.35,0.,1.72000000000001));
#9289=CARTESIAN_POINT('',(0.65,0.,1.72000000000001));
#9290=CARTESIAN_POINT('',(0.65,0.253169717078452,1.72000000000001));
#9291=CARTESIAN_POINT('',(0.,0.253169717078452,1.72000000000001));
#9292=CARTESIAN_POINT('',(0.85,0.253169717078452,1.72000000000001));
#9293=CARTESIAN_POINT('',(0.85,0.,1.72000000000001));
#9294=CARTESIAN_POINT('',(1.15,0.,1.72000000000001));
#9295=CARTESIAN_POINT('',(1.15,0.253169717078452,1.72000000000001));
#9296=CARTESIAN_POINT('',(0.,0.253169717078452,1.72000000000001));
#9297=CARTESIAN_POINT('',(1.35,0.253169717078452,1.72000000000001));
#9298=CARTESIAN_POINT('',(1.35,0.,1.72000000000001));
#9299=CARTESIAN_POINT('',(1.65,0.,1.72000000000001));
#9300=CARTESIAN_POINT('',(1.65,0.253169717078452,1.72000000000001));
#9301=CARTESIAN_POINT('',(0.,0.253169717078452,1.72000000000001));
#9302=CARTESIAN_POINT('',(0.,0.,1.72000000000001));
#9303=CARTESIAN_POINT('',(-2.47,0.,0.08));
#9304=CARTESIAN_POINT('',(-2.47,2.5,0.08));
#9305=CARTESIAN_POINT('',(-2.47,2.5,0.08));
#9306=CARTESIAN_POINT('',(-2.47,0.,0.08));
#9307=CARTESIAN_POINT('',(-2.47,2.5,0.08));
#9308=CARTESIAN_POINT('',(-2.47,2.5,0.08));
#9309=CARTESIAN_POINT('',(0.,0.,0.08));
#9310=CARTESIAN_POINT('',(2.47,2.5,0.08));
#9311=CARTESIAN_POINT('',(2.47,2.5,0.08));
#9312=CARTESIAN_POINT('',(2.47,2.5,0.08));
#9313=CARTESIAN_POINT('',(2.47,2.5,0.08));
#9314=CARTESIAN_POINT('',(3.55000000000001,2.5,0.08));
#9315=CARTESIAN_POINT('',(3.55000000000001,2.5,0.08));
#9316=CARTESIAN_POINT('',(0.,0.,0.08));
#9317=CARTESIAN_POINT('',(-1.65,0.154118985321513,1.7711465673591));
#9318=CARTESIAN_POINT('',(-1.65,-0.100000000000002,0.684351303598929));
#9319=CARTESIAN_POINT('',(-1.85,0.154118985321513,1.7711465673591));
#9320=CARTESIAN_POINT('',(-1.85,-0.100000000000002,0.684351303598929));
#9321=CARTESIAN_POINT('',(-1.65,0.154118985321513,1.7711465673591));
#9322=CARTESIAN_POINT('',(-1.65,-0.100000000000002,0.684351303598929));
#9323=CARTESIAN_POINT('',(-1.65,-0.148337139158848,0.771892842184553));
#9324=CARTESIAN_POINT('',(-1.65,2.23998123646791,0.700000000000012));
#9325=CARTESIAN_POINT('',(-1.65,0.297979589711325,0.830000000000012));
#9326=CARTESIAN_POINT('',(-1.65,0.199999999999999,0.850000000000012));
#9327=CARTESIAN_POINT('',(-1.65,0.151662860841153,0.937541538585636));
#9328=CARTESIAN_POINT('',(-1.65,0.151662860841153,0.937541538585636));
#9329=CARTESIAN_POINT('',(-1.65,-0.100000000000002,0.684351303598929));
#9330=CARTESIAN_POINT('',(-1.85,-0.100000000000002,0.684351303598929));
#9331=CARTESIAN_POINT('',(-1.85,-0.148337139158848,0.771892842184553));
#9332=CARTESIAN_POINT('',(-1.85,0.151662860841153,0.937541538585636));
#9333=CARTESIAN_POINT('',(-1.85,0.151662860841153,0.937541538585636));
#9334=CARTESIAN_POINT('',(-1.85,0.199999999999999,0.850000000000012));
#9335=CARTESIAN_POINT('',(-1.85,0.297979589711325,0.830000000000012));
#9336=CARTESIAN_POINT('',(-1.85,2.23998123646791,0.700000000000012));
#9337=CARTESIAN_POINT('',(-1.85,-0.100000000000002,0.684351303598929));
#9338=CARTESIAN_POINT('',(-1.65,-0.148337139158848,0.771892842184553));
#9339=CARTESIAN_POINT('',(-1.65,-0.100000000000002,0.684351303598929));
#9340=CARTESIAN_POINT('',(-1.65,0.297979589711325,0.830000000000012));
#9341=CARTESIAN_POINT('',(-1.65,2.23998123646791,0.700000000000012));
#9342=CARTESIAN_POINT('',(-1.65,0.151662860841153,0.937541538585636));
#9343=CARTESIAN_POINT('',(-1.65,0.199999999999999,0.850000000000012));
#9344=CARTESIAN_POINT('',(-1.65,0.151662860841153,0.937541538585636));
#9345=CARTESIAN_POINT('',(-1.15,2.95,2.15));
#9346=CARTESIAN_POINT('',(-1.15,3.2,2.15));
#9347=CARTESIAN_POINT('',(-1.35,2.95,2.15));
#9348=CARTESIAN_POINT('',(-1.35,3.2,2.15));
#9349=CARTESIAN_POINT('',(-1.15,3.2,2.15));
#9350=CARTESIAN_POINT('',(-1.15,2.95,2.15));
#9351=CARTESIAN_POINT('',(-1.35,3.2,2.15));
#9352=CARTESIAN_POINT('',(-1.35,3.2,2.8));
#9353=CARTESIAN_POINT('',(-1.15,3.2,2.8));
#9354=CARTESIAN_POINT('',(-1.15,3.2,2.8));
#9355=CARTESIAN_POINT('',(-1.15,3.2,2.15));
#9356=CARTESIAN_POINT('',(-1.15,3.2,2.15));
#9357=CARTESIAN_POINT('',(-1.35,3.2,2.8));
#9358=CARTESIAN_POINT('',(-1.35,2.8,2.8));
#9359=CARTESIAN_POINT('',(-1.15,2.8,2.8));
#9360=CARTESIAN_POINT('',(-1.15,2.8,2.8));
#9361=CARTESIAN_POINT('',(-1.15,3.2,2.8));
#9362=CARTESIAN_POINT('',(-1.15,3.2,2.8));
#9363=CARTESIAN_POINT('',(-1.15,2.8,2.8));
#9364=CARTESIAN_POINT('',(-1.35,2.8,2.8));
#9365=CARTESIAN_POINT('',(-1.15,2.8,2.8));
#9366=CARTESIAN_POINT('',(-1.15,2.95,2.15));
#9367=CARTESIAN_POINT('',(-1.35,2.95,2.15));
#9368=CARTESIAN_POINT('',(-1.65,2.95,0.150000000000004));
#9369=CARTESIAN_POINT('',(-1.65,3.2,0.150000000000004));
#9370=CARTESIAN_POINT('',(-1.85,3.2,0.150000000000004));
#9371=CARTESIAN_POINT('',(-1.85,3.2,0.150000000000004));
#9372=CARTESIAN_POINT('',(-1.85,2.95,0.150000000000004));
#9373=CARTESIAN_POINT('',(-1.85,2.95,0.150000000000004));
#9374=CARTESIAN_POINT('',(-1.65,2.8,0.0500000000000044));
#9375=CARTESIAN_POINT('',(-1.65,2.8,-0.499999999999996));
#9376=CARTESIAN_POINT('',(-1.85,2.8,0.0500000000000044));
#9377=CARTESIAN_POINT('',(-1.85,2.8,-0.499999999999996));
#9378=CARTESIAN_POINT('',(-1.85,2.8,-0.499999999999996));
#9379=CARTESIAN_POINT('',(-1.85,2.8,0.0500000000000044));
#9380=CARTESIAN_POINT('',(-1.65,2.8,-0.499999999999996));
#9381=CARTESIAN_POINT('',(-1.65,3.2,-0.499999999999996));
#9382=CARTESIAN_POINT('',(-1.85,2.8,-0.499999999999996));
#9383=CARTESIAN_POINT('',(-1.85,3.2,-0.499999999999996));
#9384=CARTESIAN_POINT('',(-1.85,3.2,-0.499999999999996));
#9385=CARTESIAN_POINT('',(-1.85,2.8,-0.499999999999996));
#9386=CARTESIAN_POINT('',(-1.65,3.2,-0.499999999999996));
#9387=CARTESIAN_POINT('',(-1.85,3.2,-0.499999999999996));
#9388=CARTESIAN_POINT('',(-1.85,3.2,-0.499999999999996));
#9389=CARTESIAN_POINT('',(-1.85,2.95,0.150000000000004));
#9390=CARTESIAN_POINT('',(-1.65,2.95,0.150000000000004));
#9391=CARTESIAN_POINT('',(-1.15,0.154118985321513,1.7711465673591));
#9392=CARTESIAN_POINT('',(-1.15,-0.100000000000002,0.684351303598929));
#9393=CARTESIAN_POINT('',(-1.35,0.154118985321513,1.7711465673591));
#9394=CARTESIAN_POINT('',(-1.35,-0.100000000000002,0.684351303598929));
#9395=CARTESIAN_POINT('',(-1.15,0.154118985321513,1.7711465673591));
#9396=CARTESIAN_POINT('',(-1.15,-0.100000000000002,0.684351303598929));
#9397=CARTESIAN_POINT('',(-1.15,-0.148337139158848,0.771892842184553));
#9398=CARTESIAN_POINT('',(-1.15,2.23998123646791,0.700000000000012));
#9399=CARTESIAN_POINT('',(-1.15,0.297979589711325,0.830000000000012));
#9400=CARTESIAN_POINT('',(-1.15,0.199999999999999,0.850000000000012));
#9401=CARTESIAN_POINT('',(-1.15,0.151662860841153,0.937541538585636));
#9402=CARTESIAN_POINT('',(-1.15,0.151662860841153,0.937541538585636));
#9403=CARTESIAN_POINT('',(-1.15,-0.100000000000002,0.684351303598929));
#9404=CARTESIAN_POINT('',(-1.35,-0.100000000000002,0.684351303598929));
#9405=CARTESIAN_POINT('',(-1.35,-0.148337139158848,0.771892842184553));
#9406=CARTESIAN_POINT('',(-1.35,0.151662860841153,0.937541538585636));
#9407=CARTESIAN_POINT('',(-1.35,0.151662860841153,0.937541538585636));
#9408=CARTESIAN_POINT('',(-1.35,0.199999999999999,0.850000000000012));
#9409=CARTESIAN_POINT('',(-1.35,0.297979589711325,0.830000000000012));
#9410=CARTESIAN_POINT('',(-1.35,2.23998123646791,0.700000000000012));
#9411=CARTESIAN_POINT('',(-1.35,-0.100000000000002,0.684351303598929));
#9412=CARTESIAN_POINT('',(-1.15,-0.148337139158848,0.771892842184553));
#9413=CARTESIAN_POINT('',(-1.15,-0.100000000000002,0.684351303598929));
#9414=CARTESIAN_POINT('',(-1.15,0.297979589711325,0.830000000000012));
#9415=CARTESIAN_POINT('',(-1.15,2.23998123646791,0.700000000000012));
#9416=CARTESIAN_POINT('',(-1.15,0.151662860841153,0.937541538585636));
#9417=CARTESIAN_POINT('',(-1.15,0.199999999999999,0.850000000000012));
#9418=CARTESIAN_POINT('',(-1.15,0.151662860841153,0.937541538585636));
#9419=CARTESIAN_POINT('',(-0.65,0.154118985321513,1.7711465673591));
#9420=CARTESIAN_POINT('',(-0.65,-0.100000000000002,0.684351303598929));
#9421=CARTESIAN_POINT('',(-0.85,0.154118985321513,1.7711465673591));
#9422=CARTESIAN_POINT('',(-0.85,-0.100000000000002,0.684351303598929));
#9423=CARTESIAN_POINT('',(-0.65,0.154118985321513,1.7711465673591));
#9424=CARTESIAN_POINT('',(-0.65,-0.100000000000002,0.684351303598929));
#9425=CARTESIAN_POINT('',(-0.65,-0.148337139158848,0.771892842184553));
#9426=CARTESIAN_POINT('',(-0.65,2.23998123646791,0.700000000000012));
#9427=CARTESIAN_POINT('',(-0.65,0.297979589711325,0.830000000000012));
#9428=CARTESIAN_POINT('',(-0.65,0.199999999999999,0.850000000000012));
#9429=CARTESIAN_POINT('',(-0.65,0.151662860841153,0.937541538585636));
#9430=CARTESIAN_POINT('',(-0.65,0.151662860841153,0.937541538585636));
#9431=CARTESIAN_POINT('',(-0.65,-0.100000000000002,0.684351303598929));
#9432=CARTESIAN_POINT('',(-0.85,-0.100000000000002,0.684351303598929));
#9433=CARTESIAN_POINT('',(-0.85,-0.148337139158848,0.771892842184553));
#9434=CARTESIAN_POINT('',(-0.85,0.151662860841153,0.937541538585636));
#9435=CARTESIAN_POINT('',(-0.85,0.151662860841153,0.937541538585636));
#9436=CARTESIAN_POINT('',(-0.85,0.199999999999999,0.850000000000012));
#9437=CARTESIAN_POINT('',(-0.85,0.297979589711325,0.830000000000012));
#9438=CARTESIAN_POINT('',(-0.85,2.23998123646791,0.700000000000012));
#9439=CARTESIAN_POINT('',(-0.85,-0.100000000000002,0.684351303598929));
#9440=CARTESIAN_POINT('',(-0.65,-0.148337139158848,0.771892842184553));
#9441=CARTESIAN_POINT('',(-0.65,-0.100000000000002,0.684351303598929));
#9442=CARTESIAN_POINT('',(-0.65,0.297979589711325,0.830000000000012));
#9443=CARTESIAN_POINT('',(-0.65,2.23998123646791,0.700000000000012));
#9444=CARTESIAN_POINT('',(-0.65,0.151662860841153,0.937541538585636));
#9445=CARTESIAN_POINT('',(-0.65,0.199999999999999,0.850000000000012));
#9446=CARTESIAN_POINT('',(-0.65,0.151662860841153,0.937541538585636));
#9447=CARTESIAN_POINT('',(-0.15,0.154118985321513,1.7711465673591));
#9448=CARTESIAN_POINT('',(-0.15,-0.100000000000002,0.684351303598929));
#9449=CARTESIAN_POINT('',(-0.35,0.154118985321513,1.7711465673591));
#9450=CARTESIAN_POINT('',(-0.35,-0.100000000000002,0.684351303598929));
#9451=CARTESIAN_POINT('',(-0.15,0.154118985321513,1.7711465673591));
#9452=CARTESIAN_POINT('',(-0.15,-0.100000000000002,0.684351303598929));
#9453=CARTESIAN_POINT('',(-0.15,-0.148337139158848,0.771892842184553));
#9454=CARTESIAN_POINT('',(-0.15,2.23998123646791,0.700000000000012));
#9455=CARTESIAN_POINT('',(-0.15,0.297979589711325,0.830000000000012));
#9456=CARTESIAN_POINT('',(-0.15,0.199999999999999,0.850000000000012));
#9457=CARTESIAN_POINT('',(-0.15,0.151662860841153,0.937541538585636));
#9458=CARTESIAN_POINT('',(-0.15,0.151662860841153,0.937541538585636));
#9459=CARTESIAN_POINT('',(-0.15,-0.100000000000002,0.684351303598929));
#9460=CARTESIAN_POINT('',(-0.35,-0.100000000000002,0.684351303598929));
#9461=CARTESIAN_POINT('',(-0.35,-0.148337139158848,0.771892842184553));
#9462=CARTESIAN_POINT('',(-0.35,0.151662860841153,0.937541538585636));
#9463=CARTESIAN_POINT('',(-0.35,0.151662860841153,0.937541538585636));
#9464=CARTESIAN_POINT('',(-0.35,0.199999999999999,0.850000000000012));
#9465=CARTESIAN_POINT('',(-0.35,0.297979589711325,0.830000000000012));
#9466=CARTESIAN_POINT('',(-0.35,2.23998123646791,0.700000000000012));
#9467=CARTESIAN_POINT('',(-0.35,-0.100000000000002,0.684351303598929));
#9468=CARTESIAN_POINT('',(-0.15,-0.148337139158848,0.771892842184553));
#9469=CARTESIAN_POINT('',(-0.15,-0.100000000000002,0.684351303598929));
#9470=CARTESIAN_POINT('',(-0.15,0.297979589711325,0.830000000000012));
#9471=CARTESIAN_POINT('',(-0.15,2.23998123646791,0.700000000000012));
#9472=CARTESIAN_POINT('',(-0.15,0.151662860841153,0.937541538585636));
#9473=CARTESIAN_POINT('',(-0.15,0.199999999999999,0.850000000000012));
#9474=CARTESIAN_POINT('',(-0.15,0.151662860841153,0.937541538585636));
#9475=CARTESIAN_POINT('',(0.35,0.154118985321513,1.7711465673591));
#9476=CARTESIAN_POINT('',(0.35,-0.100000000000002,0.684351303598929));
#9477=CARTESIAN_POINT('',(0.15,0.154118985321513,1.7711465673591));
#9478=CARTESIAN_POINT('',(0.15,-0.100000000000002,0.684351303598929));
#9479=CARTESIAN_POINT('',(0.35,0.154118985321513,1.7711465673591));
#9480=CARTESIAN_POINT('',(0.35,-0.100000000000002,0.684351303598929));
#9481=CARTESIAN_POINT('',(0.35,-0.148337139158848,0.771892842184553));
#9482=CARTESIAN_POINT('',(0.35,2.23998123646791,0.700000000000012));
#9483=CARTESIAN_POINT('',(0.35,0.297979589711325,0.830000000000012));
#9484=CARTESIAN_POINT('',(0.35,0.199999999999999,0.850000000000012));
#9485=CARTESIAN_POINT('',(0.35,0.151662860841153,0.937541538585636));
#9486=CARTESIAN_POINT('',(0.35,0.151662860841153,0.937541538585636));
#9487=CARTESIAN_POINT('',(0.35,-0.100000000000002,0.684351303598929));
#9488=CARTESIAN_POINT('',(0.15,-0.100000000000002,0.684351303598929));
#9489=CARTESIAN_POINT('',(0.15,-0.148337139158848,0.771892842184553));
#9490=CARTESIAN_POINT('',(0.15,0.151662860841153,0.937541538585636));
#9491=CARTESIAN_POINT('',(0.15,0.151662860841153,0.937541538585636));
#9492=CARTESIAN_POINT('',(0.15,0.199999999999999,0.850000000000012));
#9493=CARTESIAN_POINT('',(0.15,0.297979589711325,0.830000000000012));
#9494=CARTESIAN_POINT('',(0.15,2.23998123646791,0.700000000000012));
#9495=CARTESIAN_POINT('',(0.15,-0.100000000000002,0.684351303598929));
#9496=CARTESIAN_POINT('',(0.35,-0.148337139158848,0.771892842184553));
#9497=CARTESIAN_POINT('',(0.35,-0.100000000000002,0.684351303598929));
#9498=CARTESIAN_POINT('',(0.35,0.297979589711325,0.830000000000012));
#9499=CARTESIAN_POINT('',(0.35,2.23998123646791,0.700000000000012));
#9500=CARTESIAN_POINT('',(0.35,0.151662860841153,0.937541538585636));
#9501=CARTESIAN_POINT('',(0.35,0.199999999999999,0.850000000000012));
#9502=CARTESIAN_POINT('',(0.35,0.151662860841153,0.937541538585636));
#9503=CARTESIAN_POINT('',(0.85,0.154118985321513,1.7711465673591));
#9504=CARTESIAN_POINT('',(0.85,-0.100000000000002,0.684351303598929));
#9505=CARTESIAN_POINT('',(0.65,0.154118985321513,1.7711465673591));
#9506=CARTESIAN_POINT('',(0.65,-0.100000000000002,0.684351303598929));
#9507=CARTESIAN_POINT('',(0.85,0.154118985321513,1.7711465673591));
#9508=CARTESIAN_POINT('',(0.85,-0.100000000000002,0.684351303598929));
#9509=CARTESIAN_POINT('',(0.85,-0.148337139158848,0.771892842184553));
#9510=CARTESIAN_POINT('',(0.85,2.23998123646791,0.700000000000012));
#9511=CARTESIAN_POINT('',(0.85,0.297979589711325,0.830000000000012));
#9512=CARTESIAN_POINT('',(0.85,0.199999999999999,0.850000000000012));
#9513=CARTESIAN_POINT('',(0.85,0.151662860841153,0.937541538585636));
#9514=CARTESIAN_POINT('',(0.85,0.151662860841153,0.937541538585636));
#9515=CARTESIAN_POINT('',(0.85,-0.100000000000002,0.684351303598929));
#9516=CARTESIAN_POINT('',(0.65,-0.100000000000002,0.684351303598929));
#9517=CARTESIAN_POINT('',(0.65,-0.148337139158848,0.771892842184553));
#9518=CARTESIAN_POINT('',(0.65,0.151662860841153,0.937541538585636));
#9519=CARTESIAN_POINT('',(0.65,0.151662860841153,0.937541538585636));
#9520=CARTESIAN_POINT('',(0.65,0.199999999999999,0.850000000000012));
#9521=CARTESIAN_POINT('',(0.65,0.297979589711325,0.830000000000012));
#9522=CARTESIAN_POINT('',(0.65,2.23998123646791,0.700000000000012));
#9523=CARTESIAN_POINT('',(0.65,-0.100000000000002,0.684351303598929));
#9524=CARTESIAN_POINT('',(0.85,-0.148337139158848,0.771892842184553));
#9525=CARTESIAN_POINT('',(0.85,-0.100000000000002,0.684351303598929));
#9526=CARTESIAN_POINT('',(0.85,0.297979589711325,0.830000000000012));
#9527=CARTESIAN_POINT('',(0.85,2.23998123646791,0.700000000000012));
#9528=CARTESIAN_POINT('',(0.85,0.151662860841153,0.937541538585636));
#9529=CARTESIAN_POINT('',(0.85,0.199999999999999,0.850000000000012));
#9530=CARTESIAN_POINT('',(0.85,0.151662860841153,0.937541538585636));
#9531=CARTESIAN_POINT('',(1.35,0.154118985321513,1.7711465673591));
#9532=CARTESIAN_POINT('',(1.35,-0.100000000000002,0.684351303598929));
#9533=CARTESIAN_POINT('',(1.15,0.154118985321513,1.7711465673591));
#9534=CARTESIAN_POINT('',(1.15,-0.100000000000002,0.684351303598929));
#9535=CARTESIAN_POINT('',(1.35,0.154118985321513,1.7711465673591));
#9536=CARTESIAN_POINT('',(1.35,-0.100000000000002,0.684351303598929));
#9537=CARTESIAN_POINT('',(1.35,-0.148337139158848,0.771892842184553));
#9538=CARTESIAN_POINT('',(1.35,2.23998123646791,0.700000000000012));
#9539=CARTESIAN_POINT('',(1.35,0.297979589711325,0.830000000000012));
#9540=CARTESIAN_POINT('',(1.35,0.199999999999999,0.850000000000012));
#9541=CARTESIAN_POINT('',(1.35,0.151662860841153,0.937541538585636));
#9542=CARTESIAN_POINT('',(1.35,0.151662860841153,0.937541538585636));
#9543=CARTESIAN_POINT('',(1.35,-0.100000000000002,0.684351303598929));
#9544=CARTESIAN_POINT('',(1.15,-0.100000000000002,0.684351303598929));
#9545=CARTESIAN_POINT('',(1.15,-0.148337139158848,0.771892842184553));
#9546=CARTESIAN_POINT('',(1.15,0.151662860841153,0.937541538585636));
#9547=CARTESIAN_POINT('',(1.15,0.151662860841153,0.937541538585636));
#9548=CARTESIAN_POINT('',(1.15,0.199999999999999,0.850000000000012));
#9549=CARTESIAN_POINT('',(1.15,0.297979589711325,0.830000000000012));
#9550=CARTESIAN_POINT('',(1.15,2.23998123646791,0.700000000000012));
#9551=CARTESIAN_POINT('',(1.15,-0.100000000000002,0.684351303598929));
#9552=CARTESIAN_POINT('',(1.35,-0.148337139158848,0.771892842184553));
#9553=CARTESIAN_POINT('',(1.35,-0.100000000000002,0.684351303598929));
#9554=CARTESIAN_POINT('',(1.35,0.297979589711325,0.830000000000012));
#9555=CARTESIAN_POINT('',(1.35,2.23998123646791,0.700000000000012));
#9556=CARTESIAN_POINT('',(1.35,0.151662860841153,0.937541538585636));
#9557=CARTESIAN_POINT('',(1.35,0.199999999999999,0.850000000000012));
#9558=CARTESIAN_POINT('',(1.35,0.151662860841153,0.937541538585636));
#9559=CARTESIAN_POINT('',(1.85,0.154118985321513,1.7711465673591));
#9560=CARTESIAN_POINT('',(1.85,-0.100000000000002,0.684351303598929));
#9561=CARTESIAN_POINT('',(1.65,0.154118985321513,1.7711465673591));
#9562=CARTESIAN_POINT('',(1.65,-0.100000000000002,0.684351303598929));
#9563=CARTESIAN_POINT('',(1.85,0.154118985321513,1.7711465673591));
#9564=CARTESIAN_POINT('',(1.85,-0.100000000000002,0.684351303598929));
#9565=CARTESIAN_POINT('',(1.85,-0.148337139158848,0.771892842184553));
#9566=CARTESIAN_POINT('',(1.85,2.23998123646791,0.700000000000012));
#9567=CARTESIAN_POINT('',(1.85,0.297979589711325,0.830000000000012));
#9568=CARTESIAN_POINT('',(1.85,0.199999999999999,0.850000000000012));
#9569=CARTESIAN_POINT('',(1.85,0.151662860841153,0.937541538585636));
#9570=CARTESIAN_POINT('',(1.85,0.151662860841153,0.937541538585636));
#9571=CARTESIAN_POINT('',(1.85,-0.100000000000002,0.684351303598929));
#9572=CARTESIAN_POINT('',(1.65,-0.100000000000002,0.684351303598929));
#9573=CARTESIAN_POINT('',(1.65,-0.148337139158848,0.771892842184553));
#9574=CARTESIAN_POINT('',(1.65,0.151662860841153,0.937541538585636));
#9575=CARTESIAN_POINT('',(1.65,0.151662860841153,0.937541538585636));
#9576=CARTESIAN_POINT('',(1.65,0.199999999999999,0.850000000000012));
#9577=CARTESIAN_POINT('',(1.65,0.297979589711325,0.830000000000012));
#9578=CARTESIAN_POINT('',(1.65,2.23998123646791,0.700000000000012));
#9579=CARTESIAN_POINT('',(1.65,-0.100000000000002,0.684351303598929));
#9580=CARTESIAN_POINT('',(1.85,-0.148337139158848,0.771892842184553));
#9581=CARTESIAN_POINT('',(1.85,-0.100000000000002,0.684351303598929));
#9582=CARTESIAN_POINT('',(1.85,0.297979589711325,0.830000000000012));
#9583=CARTESIAN_POINT('',(1.85,2.23998123646791,0.700000000000012));
#9584=CARTESIAN_POINT('',(1.85,0.151662860841153,0.937541538585636));
#9585=CARTESIAN_POINT('',(1.85,0.199999999999999,0.850000000000012));
#9586=CARTESIAN_POINT('',(1.85,0.151662860841153,0.937541538585636));
#9587=CARTESIAN_POINT('',(-0.15,2.95,2.15));
#9588=CARTESIAN_POINT('',(-0.15,3.2,2.15));
#9589=CARTESIAN_POINT('',(-0.35,2.95,2.15));
#9590=CARTESIAN_POINT('',(-0.35,3.2,2.15));
#9591=CARTESIAN_POINT('',(-0.15,3.2,2.15));
#9592=CARTESIAN_POINT('',(-0.15,2.95,2.15));
#9593=CARTESIAN_POINT('',(-0.15,3.2,2.15));
#9594=CARTESIAN_POINT('',(-0.15,3.2,2.8));
#9595=CARTESIAN_POINT('',(-0.15,3.2,2.8));
#9596=CARTESIAN_POINT('',(-0.15,2.8,2.8));
#9597=CARTESIAN_POINT('',(-0.15,2.8,2.8));
#9598=CARTESIAN_POINT('',(-0.15,2.95,2.15));
#9599=CARTESIAN_POINT('',(-0.35,2.8,2.8));
#9600=CARTESIAN_POINT('',(-0.35,2.8,2.8));
#9601=CARTESIAN_POINT('',(-0.35,3.2,2.8));
#9602=CARTESIAN_POINT('',(-0.35,3.2,2.8));
#9603=CARTESIAN_POINT('',(-0.35,3.2,2.15));
#9604=CARTESIAN_POINT('',(-0.35,2.95,2.15));
#9605=CARTESIAN_POINT('',(-0.15,3.2,2.8));
#9606=CARTESIAN_POINT('',(-0.15,3.2,2.15));
#9607=CARTESIAN_POINT('',(-0.15,2.8,2.8));
#9608=CARTESIAN_POINT('',(-0.15,3.2,2.8));
#9609=CARTESIAN_POINT('',(-0.15,2.8,2.8));
#9610=CARTESIAN_POINT('',(0.85,2.95,2.15));
#9611=CARTESIAN_POINT('',(0.85,3.2,2.15));
#9612=CARTESIAN_POINT('',(0.65,2.95,2.15));
#9613=CARTESIAN_POINT('',(0.65,3.2,2.15));
#9614=CARTESIAN_POINT('',(0.85,3.2,2.15));
#9615=CARTESIAN_POINT('',(0.85,2.95,2.15));
#9616=CARTESIAN_POINT('',(0.85,3.2,2.15));
#9617=CARTESIAN_POINT('',(0.85,3.2,2.8));
#9618=CARTESIAN_POINT('',(0.85,3.2,2.8));
#9619=CARTESIAN_POINT('',(0.85,2.8,2.8));
#9620=CARTESIAN_POINT('',(0.85,2.8,2.8));
#9621=CARTESIAN_POINT('',(0.85,2.95,2.15));
#9622=CARTESIAN_POINT('',(0.65,2.8,2.8));
#9623=CARTESIAN_POINT('',(0.65,2.8,2.8));
#9624=CARTESIAN_POINT('',(0.65,3.2,2.8));
#9625=CARTESIAN_POINT('',(0.65,3.2,2.8));
#9626=CARTESIAN_POINT('',(0.65,3.2,2.15));
#9627=CARTESIAN_POINT('',(0.65,2.95,2.15));
#9628=CARTESIAN_POINT('',(0.85,3.2,2.8));
#9629=CARTESIAN_POINT('',(0.85,3.2,2.15));
#9630=CARTESIAN_POINT('',(0.85,2.8,2.8));
#9631=CARTESIAN_POINT('',(0.85,3.2,2.8));
#9632=CARTESIAN_POINT('',(0.85,2.8,2.8));
#9633=CARTESIAN_POINT('',(1.85,2.95,2.15));
#9634=CARTESIAN_POINT('',(1.85,3.2,2.15));
#9635=CARTESIAN_POINT('',(1.65,2.95,2.15));
#9636=CARTESIAN_POINT('',(1.65,3.2,2.15));
#9637=CARTESIAN_POINT('',(1.85,3.2,2.15));
#9638=CARTESIAN_POINT('',(1.85,2.95,2.15));
#9639=CARTESIAN_POINT('',(1.85,3.2,2.15));
#9640=CARTESIAN_POINT('',(1.85,3.2,2.8));
#9641=CARTESIAN_POINT('',(1.85,3.2,2.8));
#9642=CARTESIAN_POINT('',(1.85,2.8,2.8));
#9643=CARTESIAN_POINT('',(1.85,2.8,2.8));
#9644=CARTESIAN_POINT('',(1.85,2.95,2.15));
#9645=CARTESIAN_POINT('',(1.65,2.8,2.8));
#9646=CARTESIAN_POINT('',(1.65,2.8,2.8));
#9647=CARTESIAN_POINT('',(1.65,3.2,2.8));
#9648=CARTESIAN_POINT('',(1.65,3.2,2.8));
#9649=CARTESIAN_POINT('',(1.65,3.2,2.15));
#9650=CARTESIAN_POINT('',(1.65,2.95,2.15));
#9651=CARTESIAN_POINT('',(1.85,3.2,2.8));
#9652=CARTESIAN_POINT('',(1.85,3.2,2.15));
#9653=CARTESIAN_POINT('',(1.85,2.8,2.8));
#9654=CARTESIAN_POINT('',(1.85,3.2,2.8));
#9655=CARTESIAN_POINT('',(1.85,2.8,2.8));
#9656=CARTESIAN_POINT('',(-0.65,2.95,0.150000000000004));
#9657=CARTESIAN_POINT('',(-0.65,3.2,0.150000000000004));
#9658=CARTESIAN_POINT('',(-0.85,3.2,0.150000000000004));
#9659=CARTESIAN_POINT('',(-0.85,3.2,0.150000000000004));
#9660=CARTESIAN_POINT('',(-0.85,2.95,0.150000000000004));
#9661=CARTESIAN_POINT('',(-0.85,2.95,0.150000000000004));
#9662=CARTESIAN_POINT('',(-0.65,2.8,0.0500000000000044));
#9663=CARTESIAN_POINT('',(-0.65,2.8,-0.499999999999996));
#9664=CARTESIAN_POINT('',(-0.85,2.8,0.0500000000000044));
#9665=CARTESIAN_POINT('',(-0.85,2.8,-0.499999999999996));
#9666=CARTESIAN_POINT('',(-0.85,2.8,-0.499999999999996));
#9667=CARTESIAN_POINT('',(-0.85,2.8,0.0500000000000044));
#9668=CARTESIAN_POINT('',(-0.65,2.8,-0.499999999999996));
#9669=CARTESIAN_POINT('',(-0.65,3.2,-0.499999999999996));
#9670=CARTESIAN_POINT('',(-0.85,2.8,-0.499999999999996));
#9671=CARTESIAN_POINT('',(-0.85,3.2,-0.499999999999996));
#9672=CARTESIAN_POINT('',(-0.85,3.2,-0.499999999999996));
#9673=CARTESIAN_POINT('',(-0.85,2.8,-0.499999999999996));
#9674=CARTESIAN_POINT('',(-0.65,3.2,-0.499999999999996));
#9675=CARTESIAN_POINT('',(-0.85,3.2,-0.499999999999996));
#9676=CARTESIAN_POINT('',(-0.85,3.2,-0.499999999999996));
#9677=CARTESIAN_POINT('',(-0.85,2.95,0.150000000000004));
#9678=CARTESIAN_POINT('',(-0.65,2.95,0.150000000000004));
#9679=CARTESIAN_POINT('',(0.35,2.95,0.150000000000004));
#9680=CARTESIAN_POINT('',(0.35,3.2,0.150000000000004));
#9681=CARTESIAN_POINT('',(0.15,3.2,0.150000000000004));
#9682=CARTESIAN_POINT('',(0.15,3.2,0.150000000000004));
#9683=CARTESIAN_POINT('',(0.15,2.95,0.150000000000004));
#9684=CARTESIAN_POINT('',(0.15,2.95,0.150000000000004));
#9685=CARTESIAN_POINT('',(0.35,2.8,0.0500000000000044));
#9686=CARTESIAN_POINT('',(0.35,2.8,-0.499999999999996));
#9687=CARTESIAN_POINT('',(0.15,2.8,0.0500000000000044));
#9688=CARTESIAN_POINT('',(0.15,2.8,-0.499999999999996));
#9689=CARTESIAN_POINT('',(0.15,2.8,-0.499999999999996));
#9690=CARTESIAN_POINT('',(0.15,2.8,0.0500000000000044));
#9691=CARTESIAN_POINT('',(0.35,2.8,-0.499999999999996));
#9692=CARTESIAN_POINT('',(0.35,3.2,-0.499999999999996));
#9693=CARTESIAN_POINT('',(0.15,2.8,-0.499999999999996));
#9694=CARTESIAN_POINT('',(0.15,3.2,-0.499999999999996));
#9695=CARTESIAN_POINT('',(0.15,3.2,-0.499999999999996));
#9696=CARTESIAN_POINT('',(0.15,2.8,-0.499999999999996));
#9697=CARTESIAN_POINT('',(0.35,3.2,-0.499999999999996));
#9698=CARTESIAN_POINT('',(0.15,3.2,-0.499999999999996));
#9699=CARTESIAN_POINT('',(0.15,3.2,-0.499999999999996));
#9700=CARTESIAN_POINT('',(0.15,2.95,0.150000000000004));
#9701=CARTESIAN_POINT('',(0.35,2.95,0.150000000000004));
#9702=CARTESIAN_POINT('',(1.35,2.95,0.150000000000004));
#9703=CARTESIAN_POINT('',(1.35,3.2,0.150000000000004));
#9704=CARTESIAN_POINT('',(1.15,3.2,0.150000000000004));
#9705=CARTESIAN_POINT('',(1.15,3.2,0.150000000000004));
#9706=CARTESIAN_POINT('',(1.15,2.95,0.150000000000004));
#9707=CARTESIAN_POINT('',(1.15,2.95,0.150000000000004));
#9708=CARTESIAN_POINT('',(1.35,2.8,0.0500000000000044));
#9709=CARTESIAN_POINT('',(1.35,2.8,-0.499999999999996));
#9710=CARTESIAN_POINT('',(1.15,2.8,0.0500000000000044));
#9711=CARTESIAN_POINT('',(1.15,2.8,-0.499999999999996));
#9712=CARTESIAN_POINT('',(1.15,2.8,-0.499999999999996));
#9713=CARTESIAN_POINT('',(1.15,2.8,0.0500000000000044));
#9714=CARTESIAN_POINT('',(1.35,2.8,-0.499999999999996));
#9715=CARTESIAN_POINT('',(1.35,3.2,-0.499999999999996));
#9716=CARTESIAN_POINT('',(1.15,2.8,-0.499999999999996));
#9717=CARTESIAN_POINT('',(1.15,3.2,-0.499999999999996));
#9718=CARTESIAN_POINT('',(1.15,3.2,-0.499999999999996));
#9719=CARTESIAN_POINT('',(1.15,2.8,-0.499999999999996));
#9720=CARTESIAN_POINT('',(1.35,3.2,-0.499999999999996));
#9721=CARTESIAN_POINT('',(1.15,3.2,-0.499999999999996));
#9722=CARTESIAN_POINT('',(1.15,3.2,-0.499999999999996));
#9723=CARTESIAN_POINT('',(1.15,2.95,0.150000000000004));
#9724=CARTESIAN_POINT('',(1.35,2.95,0.150000000000004));
#9725=CARTESIAN_POINT('',(-2.95,2.95,2.15));
#9726=CARTESIAN_POINT('',(-2.95,3.2,2.15));
#9727=CARTESIAN_POINT('',(-2.95,3.2,2.15));
#9728=CARTESIAN_POINT('',(-2.55,3.2,2.15));
#9729=CARTESIAN_POINT('',(-2.55,2.95,2.15));
#9730=CARTESIAN_POINT('',(-2.95,2.95,2.15));
#9731=CARTESIAN_POINT('',(-2.95,2.80000000000001,2.8));
#9732=CARTESIAN_POINT('',(-2.95,2.80000000000001,2.8));
#9733=CARTESIAN_POINT('',(-2.95,3.20000000000001,2.8));
#9734=CARTESIAN_POINT('',(-2.95,3.20000000000001,2.8));
#9735=CARTESIAN_POINT('',(-2.95,3.2,2.15));
#9736=CARTESIAN_POINT('',(-2.95,2.95,2.15));
#9737=CARTESIAN_POINT('',(-2.55,3.2,2.15));
#9738=CARTESIAN_POINT('',(-2.55,3.20000000000001,2.8));
#9739=CARTESIAN_POINT('',(-2.55,3.20000000000001,2.8));
#9740=CARTESIAN_POINT('',(-2.55,2.80000000000001,2.8));
#9741=CARTESIAN_POINT('',(-2.55,2.80000000000001,2.8));
#9742=CARTESIAN_POINT('',(-2.55,2.95,2.15));
#9743=CARTESIAN_POINT('',(-2.95,3.20000000000001,2.8));
#9744=CARTESIAN_POINT('',(-2.95,3.2,2.15));
#9745=CARTESIAN_POINT('',(-2.95,2.80000000000001,2.8));
#9746=CARTESIAN_POINT('',(-2.95,3.20000000000001,2.8));
#9747=CARTESIAN_POINT('',(-2.95,2.80000000000001,2.8));
#9748=CARTESIAN_POINT('',(-2.55,2.95,0.149999999999999));
#9749=CARTESIAN_POINT('',(-2.55,3.2,0.15));
#9750=CARTESIAN_POINT('',(-2.95,3.2,0.15));
#9751=CARTESIAN_POINT('',(-2.95,3.2,0.15));
#9752=CARTESIAN_POINT('',(-2.95,2.95,0.149999999999999));
#9753=CARTESIAN_POINT('',(-2.95,2.95,0.149999999999999));
#9754=CARTESIAN_POINT('',(-2.95,3.20000000000001,-0.5));
#9755=CARTESIAN_POINT('',(-2.95,3.20000000000001,-0.5));
#9756=CARTESIAN_POINT('',(-2.95,2.80000000000001,-0.5));
#9757=CARTESIAN_POINT('',(-2.95,2.80000000000001,-0.5));
#9758=CARTESIAN_POINT('',(-2.95,2.80000000000001,0.0500000000000007));
#9759=CARTESIAN_POINT('',(-2.95,2.95,0.149999999999999));
#9760=CARTESIAN_POINT('',(-2.55,2.80000000000001,0.0500000000000007));
#9761=CARTESIAN_POINT('',(-2.55,2.80000000000001,-0.5));
#9762=CARTESIAN_POINT('',(-2.55,2.80000000000001,-0.5));
#9763=CARTESIAN_POINT('',(-2.55,3.20000000000001,-0.5));
#9764=CARTESIAN_POINT('',(-2.55,3.20000000000001,-0.5));
#9765=CARTESIAN_POINT('',(-2.55,2.95,0.149999999999999));
#9766=CARTESIAN_POINT('',(-2.95,2.80000000000001,-0.5));
#9767=CARTESIAN_POINT('',(-2.95,2.80000000000001,0.0500000000000007));
#9768=CARTESIAN_POINT('',(-2.95,3.20000000000001,-0.5));
#9769=CARTESIAN_POINT('',(-2.95,2.80000000000001,-0.5));
#9770=CARTESIAN_POINT('',(-2.95,3.20000000000001,-0.5));
#9771=CARTESIAN_POINT('',(2.95,2.95,2.15));
#9772=CARTESIAN_POINT('',(2.95,3.2,2.15));
#9773=CARTESIAN_POINT('',(2.55,2.95,2.15));
#9774=CARTESIAN_POINT('',(2.55,3.2,2.15));
#9775=CARTESIAN_POINT('',(2.95,3.2,2.15));
#9776=CARTESIAN_POINT('',(2.95,2.95,2.15));
#9777=CARTESIAN_POINT('',(2.95,3.2,2.15));
#9778=CARTESIAN_POINT('',(2.95,3.20000000000001,2.8));
#9779=CARTESIAN_POINT('',(2.95,3.20000000000001,2.8));
#9780=CARTESIAN_POINT('',(2.95,2.80000000000001,2.8));
#9781=CARTESIAN_POINT('',(2.95,2.80000000000001,2.8));
#9782=CARTESIAN_POINT('',(2.95,2.95,2.15));
#9783=CARTESIAN_POINT('',(2.55,2.80000000000001,2.8));
#9784=CARTESIAN_POINT('',(2.55,2.80000000000001,2.8));
#9785=CARTESIAN_POINT('',(2.55,3.20000000000001,2.8));
#9786=CARTESIAN_POINT('',(2.55,3.20000000000001,2.8));
#9787=CARTESIAN_POINT('',(2.55,3.2,2.15));
#9788=CARTESIAN_POINT('',(2.55,2.95,2.15));
#9789=CARTESIAN_POINT('',(2.95,3.20000000000001,2.8));
#9790=CARTESIAN_POINT('',(2.95,3.2,2.15));
#9791=CARTESIAN_POINT('',(2.95,2.80000000000001,2.8));
#9792=CARTESIAN_POINT('',(2.95,3.20000000000001,2.8));
#9793=CARTESIAN_POINT('',(2.95,2.80000000000001,2.8));
#9794=CARTESIAN_POINT('',(2.55,2.95,0.149999999999999));
#9795=CARTESIAN_POINT('',(2.55,3.2,0.15));
#9796=CARTESIAN_POINT('',(2.95,2.95,0.149999999999999));
#9797=CARTESIAN_POINT('',(2.95,3.2,0.15));
#9798=CARTESIAN_POINT('',(2.95,3.2,0.15));
#9799=CARTESIAN_POINT('',(2.95,2.95,0.149999999999999));
#9800=CARTESIAN_POINT('',(2.95,2.80000000000001,0.0500000000000007));
#9801=CARTESIAN_POINT('',(2.95,2.80000000000001,-0.5));
#9802=CARTESIAN_POINT('',(2.95,2.80000000000001,-0.5));
#9803=CARTESIAN_POINT('',(2.95,3.20000000000001,-0.5));
#9804=CARTESIAN_POINT('',(2.95,3.20000000000001,-0.5));
#9805=CARTESIAN_POINT('',(2.95,2.95,0.149999999999999));
#9806=CARTESIAN_POINT('',(2.55,3.20000000000001,-0.5));
#9807=CARTESIAN_POINT('',(2.55,3.20000000000001,-0.5));
#9808=CARTESIAN_POINT('',(2.55,2.80000000000001,-0.5));
#9809=CARTESIAN_POINT('',(2.55,2.80000000000001,-0.5));
#9810=CARTESIAN_POINT('',(2.55,2.80000000000001,0.0500000000000007));
#9811=CARTESIAN_POINT('',(2.55,2.95,0.149999999999999));
#9812=CARTESIAN_POINT('',(2.95,2.80000000000001,-0.5));
#9813=CARTESIAN_POINT('',(2.95,2.80000000000001,0.0500000000000007));
#9814=CARTESIAN_POINT('',(2.95,3.20000000000001,-0.5));
#9815=CARTESIAN_POINT('',(2.95,2.80000000000001,-0.5));
#9816=CARTESIAN_POINT('',(2.95,3.20000000000001,-0.5));
#9817=MECHANICAL_DESIGN_GEOMETRIC_PRESENTATION_REPRESENTATION('',(#24),
#9818);
#9818=(
GEOMETRIC_REPRESENTATION_CONTEXT(3)
GLOBAL_UNCERTAINTY_ASSIGNED_CONTEXT((#9819))
GLOBAL_UNIT_ASSIGNED_CONTEXT((#9825,#9821,#9820))
REPRESENTATION_CONTEXT('525590853wbm000_02_214',
'TOP_LEVEL_ASSEMBLY_PART')
);
#9819=UNCERTAINTY_MEASURE_WITH_UNIT(LENGTH_MEASURE(2.E-5),#9825,
'DISTANCE_ACCURACY_VALUE','Maximum Tolerance applied to model');
#9820=(
NAMED_UNIT(*)
SI_UNIT($,.STERADIAN.)
SOLID_ANGLE_UNIT()
);
#9821=(
CONVERSION_BASED_UNIT('DEGREE',#9823)
NAMED_UNIT(#9822)
PLANE_ANGLE_UNIT()
);
#9822=DIMENSIONAL_EXPONENTS(0.,0.,0.,0.,0.,0.,0.);
#9823=PLANE_ANGLE_MEASURE_WITH_UNIT(PLANE_ANGLE_MEASURE(0.0174532925),#9824);
#9824=(
NAMED_UNIT(*)
PLANE_ANGLE_UNIT()
SI_UNIT($,.RADIAN.)
);
#9825=(
LENGTH_UNIT()
NAMED_UNIT(*)
SI_UNIT(.MILLI.,.METRE.)
);
ENDSEC;
END-ISO-10303-21;
